compartment,anchor_gene,matched_gene,anchor_mean_expression,matched_mean_expression,anchor_detection_fraction,matched_detection_fraction
Hepatocyte,ACO1,NMT1,0.5500348634560452,0.55749415804065,0.40889887434866934,0.4163075191177293
Hepatocyte,ACO1,MFSD2A,0.5500348634560452,0.5622522052505926,0.40889887434866934,0.3992566354566381
Hepatocyte,ACO1,SNHG9,0.5500348634560452,0.5793741155795761,0.40889887434866934,0.40020838550196497
Hepatocyte,ACO1,HADHB,0.5500348634560452,0.5955225640726783,0.40889887434866934,0.4114105692484295
Hepatocyte,ACO1,PLIN2,0.5500348634560452,0.5485911382390778,0.40889887434866934,0.3824629602363186
Hepatocyte,ACO1,ESRRA,0.5500348634560452,0.5889145950637787,0.40889887434866934,0.38444977802428426
Hepatocyte,ACO1,SLC22A7,0.5500348634560452,0.6090478609938405,0.40889887434866934,0.42293827679630214
Hepatocyte,ACO1,SON,0.5500348634560452,0.6023991382507545,0.40889887434866934,0.4436362714511497
Hepatocyte,ACO1,METAP2,0.5500348634560452,0.623322796154479,0.40889887434866934,0.43313872422346494
Hepatocyte,ACO1,JUND,0.5500348634560452,0.6286435675613038,0.40889887434866934,0.438107275152302
Hepatocyte,ACO1,BCHE,0.5500348634560452,0.6595206995503295,0.40889887434866934,0.4047682509623082
Hepatocyte,ACO1,ZC3H13,0.5500348634560452,0.6417157230799981,0.40889887434866934,0.4462880646629051
Hepatocyte,ACO1,LINC00261,0.5500348634560452,0.6760501553864524,0.40889887434866934,0.4118877567890421
Hepatocyte,ACO1,GNAS,0.5500348634560452,0.6740576302362367,0.40889887434866934,0.4253504035798018
Hepatocyte,ACO1,FOS,0.5500348634560452,0.685041807187563,0.40889887434866934,0.4110353085779062
Hepatocyte,ACO1,KLF6,0.5500348634560452,0.46505401604244695,0.40889887434866934,0.352691702170825
Hepatocyte,ACO1,AFM,0.5500348634560452,0.6904314194096639,0.40889887434866934,0.45138251760077874
Hepatocyte,ACO1,ACAT2,0.5500348634560452,0.712138438728186,0.40889887434866934,0.4099353551462094
Hepatocyte,ACO1,KLKB1,0.5500348634560452,0.684210683484216,0.40889887434866934,0.45882868791839987
Hepatocyte,ACO1,EIF3J,0.5500348634560452,0.6787233057075424,0.40889887434866934,0.4693947034511884
Hepatocyte,ACO1,RP11-434D9.1,0.5500348634560452,0.6794534570163491,0.40889887434866934,0.4750197044029455
Hepatocyte,ACO1,EHHADH,0.5500348634560452,0.6848614803943914,0.40889887434866934,0.4728278370447064
Hepatocyte,ACO1,TM7SF2,0.5500348634560452,0.7228601133746217,0.40889887434866934,0.44107508704255627
Hepatocyte,ACO1,HIST1H4C,0.5500348634560452,0.7274151793360265,0.40889887434866934,0.4375464740174223
Hepatocyte,ACO1,GPX3,0.5500348634560452,0.7249320797074799,0.40889887434866934,0.45324158332262077
Hepatocyte,ACO1,C14orf1,0.5500348634560452,0.736817284807527,0.40889887434866934,0.444677351397565
Hepatocyte,ACO1,MGST2,0.5500348634560452,0.7177282828593528,0.40889887434866934,0.4665110343355018
Hepatocyte,ACO1,DEFB1,0.5500348634560452,0.46817194769313825,0.40889887434866934,0.31683203400765264
Hepatocyte,ACO1,FAM213A,0.5500348634560452,0.7092076609491952,0.40889887434866934,0.4824174636318645
Hepatocyte,ACO1,TMEM97,0.5500348634560452,0.7568600674766531,0.40889887434866934,0.4362302922190936
Hepatocyte,ACO1,VEGFA,0.5500348634560452,0.38540771775114835,0.40889887434866934,0.35379592720757436
Hepatocyte,ACO1,MLXIPL,0.5500348634560452,0.7260800611643954,0.40889887434866934,0.4840757821621045
Hepatocyte,ACO1,LAMTOR2,0.5500348634560452,0.7355409783323389,0.40889887434866934,0.4793495180205031
Hepatocyte,ACO1,CUTA,0.5500348634560452,0.7431031095955882,0.40889887434866934,0.47352665964593543
Hepatocyte,ACO1,NOP10,0.5500348634560452,0.7501174899366854,0.40889887434866934,0.47355315656752195
Hepatocyte,ACO1,CMTM6,0.5500348634560452,0.7033455993006097,0.40889887434866934,0.5031532601093226
Hepatocyte,ACO1,ACADVL,0.5500348634560452,0.738877607848217,0.40889887434866934,0.48331187125713315
Hepatocyte,ACO1,RDH16,0.5500348634560452,0.7329123518457601,0.40889887434866934,0.4917209598492908
Hepatocyte,ACO1,FDFT1,0.5500348634560452,0.7740897883690423,0.40889887434866934,0.4563841138674505
Hepatocyte,ACO1,GLYAT,0.5500348634560452,0.7321512026664709,0.40889887434866934,0.4925220098986808
Hepatocyte,ACO1,GJB1,0.5500348634560452,0.7389904780640435,0.40889887434866934,0.48826325418418265
Hepatocyte,ACO1,WDR83OS,0.5500348634560452,0.7717474368306801,0.40889887434866934,0.46329614211894343
Hepatocyte,ACO1,RDH11,0.5500348634560452,0.76588131285597,0.40889887434866934,0.4714563496200787
Hepatocyte,ACO1,AKR1A1,0.5500348634560452,0.7696341902419904,0.40889887434866934,0.4750317569181902
Hepatocyte,ACO1,MSRB1,0.5500348634560452,0.7486215676816953,0.40889887434866934,0.4919391294267368
Hepatocyte,ACO1,TIMM13,0.5500348634560452,0.7487640930073274,0.40889887434866934,0.4936567968086095
Hepatocyte,ACO1,SIGIRR,0.5500348634560452,0.7707605431696807,0.40889887434866934,0.48000454898073885
Hepatocyte,ACO1,SPCS2,0.5500348634560452,0.768526793476377,0.40889887434866934,0.48253963224671637
Hepatocyte,ACO1,TSKU,0.5500348634560452,0.7635698968483609,0.40889887434866934,0.4867429022483679
Hepatocyte,ACO1,RBP5,0.5500348634560452,0.768237062539004,0.40889887434866934,0.4832982121994308
Hepatocyte,ASS1,RPL18,2.3391262735191107,2.330782339523856,0.8387203185403335,0.8328138021281791
Hepatocyte,ASS1,ATF5,2.3391262735191107,2.326018352220952,0.8387203185403335,0.8272218351074458
Hepatocyte,ASS1,RPS21,2.3391262735191107,2.3977138840905647,0.8387203185403335,0.8300728741150429
Hepatocyte,ASS1,TMEM176B,2.3391262735191107,2.398947067747945,0.8387203185403335,0.8488248962524988
Hepatocyte,ASS1,RPS3,2.3391262735191107,2.350120914943399,0.8387203185403335,0.8234076260442084
Hepatocyte,ASS1,RPL7A,2.3391262735191107,2.432063931806056,0.8387203185403335,0.8455964722794225
Hepatocyte,ASS1,TDO2,2.3391262735191107,2.3806247952090844,0.8387203185403335,0.8211880477514031
Hepatocyte,ASS1,RPL22,2.3391262735191107,2.4677327943711664,0.8387203185403335,0.8467943334163948
Hepatocyte,ASS1,APOC2,2.3391262735191107,2.474415379498194,0.8387203185403335,0.8279503571690192
Hepatocyte,ASS1,RPL24,2.3391262735191107,2.4841827061057105,0.8387203185403335,0.846196470159309
Hepatocyte,ASS1,C4BPA,2.3391262735191107,2.4907390274036434,0.8387203185403335,0.8308525087566572
Hepatocyte,ASS1,TMSB4X,2.3391262735191107,2.279911058155631,0.8387203185403335,0.8152915354104214
Hepatocyte,ASS1,RPLP0,2.3391262735191107,2.47937899758715,0.8387203185403335,0.8519113263929838
Hepatocyte,ASS1,NDUFA4,2.3391262735191107,2.3815526229989326,0.8387203185403335,0.8127652956345404
Hepatocyte,ASS1,RPL23,2.3391262735191107,2.469221377364895,0.8387203185403335,0.8548897188748658
Hepatocyte,ASS1,CHCHD10,2.3391262735191107,2.2984203182040535,0.8387203185403335,0.8118467520876103
Hepatocyte,ASS1,RPS7,2.3391262735191107,2.4090098928539874,0.8387203185403335,0.8124564792130371
Hepatocyte,ASS1,ITIH3,2.3391262735191107,2.5106326050568963,0.8387203185403335,0.8276310905386328
Hepatocyte,ASS1,RPL8,2.3391262735191107,2.4860497630149023,0.8387203185403335,0.8550933487611049
Hepatocyte,ASS1,UBB,2.3391262735191107,2.515995972177483,0.8387203185403335,0.8483527815519866
Hepatocyte,ASS1,EIF1,2.3391262735191107,2.5258199970538513,0.8387203185403335,0.8502513340255602
Hepatocyte,ASS1,PTMA,2.3391262735191107,2.2380675652516744,0.8387203185403335,0.8088553815266556
Hepatocyte,ASS1,ECHS1,2.3391262735191107,2.1600038261143117,0.8387203185403335,0.8203611393225291
Hepatocyte,ASS1,CPB2,2.3391262735191107,2.2165412546457697,0.8387203185403335,0.8072508854350288
Hepatocyte,ASS1,NDUFB1,2.3391262735191107,2.2432067475263824,0.8387203185403335,0.803251542467668
Hepatocyte,ASS1,RPS5,2.3391262735191107,2.3549312730747065,0.8387203185403335,0.7989114342810105
Hepatocyte,ASS1,RPL27,2.3391262735191107,2.587333832471498,0.8387203185403335,0.8470596404283579
Hepatocyte,ASS1,PLG,2.3391262735191107,2.534557462217461,0.8387203185403335,0.8115991730229581
Hepatocyte,ASS1,RPL6,2.3391262735191107,2.6064975698388797,0.8387203185403335,0.8416163782864347
Hepatocyte,ASS1,ADI1,2.3391262735191107,2.208304875838079,0.8387203185403335,0.8028334122773646
Hepatocyte,ASS1,RPS11,2.3391262735191107,2.571059095691024,0.8387203185403335,0.8603738715829395
Hepatocyte,ASS1,POLR2L,2.3391262735191107,2.1643381699616318,0.8387203185403335,0.8059315553904989
Hepatocyte,ASS1,AHSG,2.3391262735191107,2.621621747052014,0.8387203185403335,0.8441985488213118
Hepatocyte,ASS1,RPL10A,2.3391262735191107,2.2378264857240207,0.8387203185403335,0.7958041843471226
Hepatocyte,ASS1,RPS4X,2.3391262735191107,2.6196630182351446,0.8387203185403335,0.8513370886688987
Hepatocyte,ASS1,MT-ND6,2.3391262735191107,2.1316178739889318,0.8387203185403335,0.8085892680317557
Hepatocyte,ASS1,HSD17B6,2.3391262735191107,2.615889651794695,0.8387203185403335,0.854957744522659
Hepatocyte,ASS1,RPL5,2.3391262735191107,2.1445950985951736,0.8387203185403335,0.8051183986886447
Hepatocyte,ASS1,USMG5,2.3391262735191107,2.276664062662297,0.8387203185403335,0.7921555757444827
Hepatocyte,ASS1,SCP2,2.3391262735191107,2.1927192041310897,0.8387203185403335,0.7978927755191279
Hepatocyte,ASS1,CFH,2.3391262735191107,2.3862440368535145,0.8387203185403335,0.7888171637244812
Hepatocyte,ASS1,RPL14,2.3391262735191107,2.2731144507478596,0.8387203185403335,0.7894756859916982
Hepatocyte,ASS1,TMEM176A,2.3391262735191107,2.153187760289717,0.8387203185403335,0.7992160549987251
Hepatocyte,ASS1,HRSP12,2.3391262735191107,2.1906872831822914,0.8387203185403335,0.793565273953388
Hepatocyte,ASS1,F2,2.3391262735191107,2.185550656027283,0.8387203185403335,0.7940295073369035
Hepatocyte,ASS1,COX4I1,2.3391262735191107,2.108042010611816,0.8387203185403335,0.804549493709495
Hepatocyte,ASS1,RPL15,2.3391262735191107,2.6786812152439152,0.8387203185403335,0.8377219319441747
Hepatocyte,ASS1,A1BG,2.3391262735191107,2.668199270238118,0.8387203185403335,0.8230907752310929
Hepatocyte,ASS1,CP,2.3391262735191107,2.6367857136470247,0.8387203185403335,0.8110240525536181
Hepatocyte,ASS1,RPL35A,2.3391262735191107,2.669705196787136,0.8387203185403335,0.8580094205036009
Hepatocyte,FAH,NMT1,0.55865922094284,0.55749415804065,0.417059145072169,0.4163075191177293
Hepatocyte,FAH,MFSD2A,0.55865922094284,0.5622522052505926,0.417059145072169,0.3992566354566381
Hepatocyte,FAH,SNHG9,0.55865922094284,0.5793741155795761,0.417059145072169,0.40020838550196497
Hepatocyte,FAH,HADHB,0.55865922094284,0.5955225640726783,0.417059145072169,0.4114105692484295
Hepatocyte,FAH,SLC22A7,0.55865922094284,0.6090478609938405,0.417059145072169,0.42293827679630214
Hepatocyte,FAH,PLIN2,0.55865922094284,0.5485911382390778,0.417059145072169,0.3824629602363186
Hepatocyte,FAH,SON,0.55865922094284,0.6023991382507545,0.417059145072169,0.4436362714511497
Hepatocyte,FAH,ESRRA,0.55865922094284,0.5889145950637787,0.417059145072169,0.38444977802428426
Hepatocyte,FAH,METAP2,0.55865922094284,0.623322796154479,0.417059145072169,0.43313872422346494
Hepatocyte,FAH,JUND,0.55865922094284,0.6286435675613038,0.417059145072169,0.438107275152302
Hepatocyte,FAH,ZC3H13,0.55865922094284,0.6417157230799981,0.417059145072169,0.4462880646629051
Hepatocyte,FAH,BCHE,0.55865922094284,0.6595206995503295,0.417059145072169,0.4047682509623082
Hepatocyte,FAH,GNAS,0.55865922094284,0.6740576302362367,0.417059145072169,0.4253504035798018
Hepatocyte,FAH,LINC00261,0.55865922094284,0.6760501553864524,0.417059145072169,0.4118877567890421
Hepatocyte,FAH,FOS,0.55865922094284,0.685041807187563,0.417059145072169,0.4110353085779062
Hepatocyte,FAH,AFM,0.55865922094284,0.6904314194096639,0.417059145072169,0.45138251760077874
Hepatocyte,FAH,KLKB1,0.55865922094284,0.684210683484216,0.417059145072169,0.45882868791839987
Hepatocyte,FAH,ACAT2,0.55865922094284,0.712138438728186,0.417059145072169,0.4099353551462094
Hepatocyte,FAH,EIF3J,0.55865922094284,0.6787233057075424,0.417059145072169,0.4693947034511884
Hepatocyte,FAH,KLF6,0.55865922094284,0.46505401604244695,0.417059145072169,0.352691702170825
Hepatocyte,FAH,RP11-434D9.1,0.55865922094284,0.6794534570163491,0.417059145072169,0.4750197044029455
Hepatocyte,FAH,EHHADH,0.55865922094284,0.6848614803943914,0.417059145072169,0.4728278370447064
Hepatocyte,FAH,TM7SF2,0.55865922094284,0.7228601133746217,0.417059145072169,0.44107508704255627
Hepatocyte,FAH,HIST1H4C,0.55865922094284,0.7274151793360265,0.417059145072169,0.4375464740174223
Hepatocyte,FAH,GPX3,0.55865922094284,0.7249320797074799,0.417059145072169,0.45324158332262077
Hepatocyte,FAH,MGST2,0.55865922094284,0.7177282828593528,0.417059145072169,0.4665110343355018
Hepatocyte,FAH,C14orf1,0.55865922094284,0.736817284807527,0.417059145072169,0.444677351397565
Hepatocyte,FAH,FAM213A,0.55865922094284,0.7092076609491952,0.417059145072169,0.4824174636318645
Hepatocyte,FAH,TMEM97,0.55865922094284,0.7568600674766531,0.417059145072169,0.4362302922190936
Hepatocyte,FAH,MLXIPL,0.55865922094284,0.7260800611643954,0.417059145072169,0.4840757821621045
Hepatocyte,FAH,LAMTOR2,0.55865922094284,0.7355409783323389,0.417059145072169,0.4793495180205031
Hepatocyte,FAH,CUTA,0.55865922094284,0.7431031095955882,0.417059145072169,0.47352665964593543
Hepatocyte,FAH,CMTM6,0.55865922094284,0.7033455993006097,0.417059145072169,0.5031532601093226
Hepatocyte,FAH,NOP10,0.55865922094284,0.7501174899366854,0.417059145072169,0.47355315656752195
Hepatocyte,FAH,ACADVL,0.55865922094284,0.738877607848217,0.417059145072169,0.48331187125713315
Hepatocyte,FAH,DEFB1,0.55865922094284,0.46817194769313825,0.417059145072169,0.31683203400765264
Hepatocyte,FAH,RDH16,0.55865922094284,0.7329123518457601,0.417059145072169,0.4917209598492908
Hepatocyte,FAH,GLYAT,0.55865922094284,0.7321512026664709,0.417059145072169,0.4925220098986808
Hepatocyte,FAH,GJB1,0.55865922094284,0.7389904780640435,0.417059145072169,0.48826325418418265
Hepatocyte,FAH,FDFT1,0.55865922094284,0.7740897883690423,0.417059145072169,0.4563841138674505
Hepatocyte,FAH,WDR83OS,0.55865922094284,0.7717474368306801,0.417059145072169,0.46329614211894343
Hepatocyte,FAH,RDH11,0.55865922094284,0.76588131285597,0.417059145072169,0.4714563496200787
Hepatocyte,FAH,VEGFA,0.55865922094284,0.38540771775114835,0.417059145072169,0.35379592720757436
Hepatocyte,FAH,MSRB1,0.55865922094284,0.7486215676816953,0.417059145072169,0.4919391294267368
Hepatocyte,FAH,AKR1A1,0.55865922094284,0.7696341902419904,0.417059145072169,0.4750317569181902
Hepatocyte,FAH,TIMM13,0.55865922094284,0.7487640930073274,0.417059145072169,0.4936567968086095
Hepatocyte,FAH,SIGIRR,0.55865922094284,0.7707605431696807,0.417059145072169,0.48000454898073885
Hepatocyte,FAH,SPCS2,0.55865922094284,0.768526793476377,0.417059145072169,0.48253963224671637
Hepatocyte,FAH,TSKU,0.55865922094284,0.7635698968483609,0.417059145072169,0.4867429022483679
Hepatocyte,FAH,RBP5,0.55865922094284,0.768237062539004,0.417059145072169,0.4832982121994308
Hepatocyte,CPS1,COX6C,2.117376582907002,2.053546162442234,0.7419217464924206,0.7571197382746158
Hepatocyte,CPS1,INSIG1,2.117376582907002,2.0138163298208434,0.7419217464924206,0.7449333161852819
Hepatocyte,CPS1,ATP5J,2.117376582907002,2.0095538805485136,0.7419217464924206,0.749557642667135
Hepatocyte,CPS1,ITIH1,2.117376582907002,2.0903059429581083,0.7419217464924206,0.770406834834559
Hepatocyte,CPS1,ETFB,2.117376582907002,1.9979551767245443,0.7419217464924206,0.7604367065608375
Hepatocyte,CPS1,SERPINF2,2.117376582907002,2.1030858049419843,0.7419217464924206,0.7743220040606104
Hepatocyte,CPS1,CYP2C9,2.117376582907002,2.2747755165850925,0.7419217464924206,0.7304554342250635
Hepatocyte,CPS1,GATM,2.117376582907002,2.0423790623408635,0.7419217464924206,0.7725907850852003
Hepatocyte,CPS1,DHCR24,2.117376582907002,2.250874945959346,0.7419217464924206,0.7641158269885923
Hepatocyte,CPS1,UQCRB,2.117376582907002,2.0295043637888477,0.7419217464924206,0.7739197313987229
Hepatocyte,CPS1,RPS10,2.117376582907002,1.9487190491579345,0.7419217464924206,0.7327246663443936
Hepatocyte,CPS1,NACA,2.117376582907002,1.9471182123049797,0.7419217464924206,0.7559756184816827
Hepatocyte,CPS1,C8G,2.117376582907002,1.9537342096871082,0.7419217464924206,0.7665856135928537
Hepatocyte,CPS1,SULT2A1,2.117376582907002,1.9474395725419182,0.7419217464924206,0.7656555760025949
Hepatocyte,CPS1,COX7A2,2.117376582907002,1.9111581672189613,0.7419217464924206,0.7386117149494156
Hepatocyte,CPS1,COX6B1,2.117376582907002,1.9474152380513978,0.7419217464924206,0.7703286644679783
Hepatocyte,CPS1,C14orf2,2.117376582907002,2.015497574629367,0.7419217464924206,0.7831221962121969
Hepatocyte,CPS1,GNB2L1,2.117376582907002,1.9055999578616902,0.7419217464924206,0.7515610601777178
Hepatocyte,CPS1,ARG1,2.117376582907002,2.0024442619755294,0.7419217464924206,0.7834190613943104
Hepatocyte,CPS1,ACSL1,2.117376582907002,2.0833966290162422,0.7419217464924206,0.789581263595428
Hepatocyte,CPS1,HSPE1,2.117376582907002,1.8920670880360444,0.7419217464924206,0.7387169343910409
Hepatocyte,CPS1,TBCA,2.117376582907002,1.9515110266353695,0.7419217464924206,0.7768632126118694
Hepatocyte,CPS1,OAZ1,2.117376582907002,1.9495609890689019,0.7419217464924206,0.7798259558855244
Hepatocyte,CPS1,TOMM7,2.117376582907002,1.8761287935933801,0.7419217464924206,0.7455372694744324
Hepatocyte,CPS1,A2M,2.117376582907002,2.37392258308489,0.7419217464924206,0.7280962452036992
Hepatocyte,CPS1,HLA-B,2.117376582907002,1.9347265039543609,0.7419217464924206,0.7788718906396467
Hepatocyte,CPS1,HRSP12,2.117376582907002,2.1906872831822914,0.7419217464924206,0.793565273953388
Hepatocyte,CPS1,F2,2.117376582907002,2.185550656027283,0.7419217464924206,0.7940295073369035
Hepatocyte,CPS1,MYL6,2.117376582907002,1.865081171430056,0.7419217464924206,0.7498515871137157
Hepatocyte,CPS1,PRDX6,2.117376582907002,2.0665091032041043,0.7419217464924206,0.7959354436150327
Hepatocyte,CPS1,RPL14,2.117376582907002,2.2731144507478596,0.7419217464924206,0.7894756859916982
Hepatocyte,CPS1,EEF1D,2.117376582907002,1.8666678444246987,0.7419217464924206,0.7607056887825941
Hepatocyte,CPS1,RPL36A,2.117376582907002,1.8615445218903788,0.7419217464924206,0.7266963799512094
Hepatocyte,CPS1,TMEM176A,2.117376582907002,2.153187760289717,0.7419217464924206,0.7992160549987251
Hepatocyte,CPS1,SCP2,2.117376582907002,2.1927192041310897,0.7419217464924206,0.7978927755191279
Hepatocyte,CPS1,RPL10A,2.117376582907002,2.2378264857240207,0.7419217464924206,0.7958041843471226
Hepatocyte,CPS1,USMG5,2.117376582907002,2.276664062662297,0.7419217464924206,0.7921555757444827
Hepatocyte,CPS1,SAT1,2.117376582907002,1.918128224207835,0.7419217464924206,0.7842612309647381
Hepatocyte,CPS1,ALDH2,2.117376582907002,1.8444503371174545,0.7419217464924206,0.7496972688370818
Hepatocyte,CPS1,SCD,2.117376582907002,1.973854739412112,0.7419217464924206,0.6812210131021782
Hepatocyte,CPS1,PFN1,2.117376582907002,1.8367263064621742,0.7419217464924206,0.7445052358553081
Hepatocyte,CPS1,GNMT,2.117376582907002,1.8701697150919447,0.7419217464924206,0.7080405204952851
Hepatocyte,CPS1,GPX1,2.117376582907002,2.0525108055464925,0.7419217464924206,0.8016656181376698
Hepatocyte,CPS1,ASGR2,2.117376582907002,1.868776730425666,0.7419217464924206,0.7741202024926042
Hepatocyte,CPS1,TCEB2,2.117376582907002,1.829620867639393,0.7419217464924206,0.7411436311439659
Hepatocyte,CPS1,COX4I1,2.117376582907002,2.108042010611816,0.7419217464924206,0.804549493709495
Hepatocyte,CPS1,ASGR1,2.117376582907002,2.009927979917438,0.7419217464924206,0.80126448201733
Hepatocyte,CPS1,ADI1,2.117376582907002,2.208304875838079,0.7419217464924206,0.8028334122773646
Hepatocyte,CPS1,RPL5,2.117376582907002,2.1445950985951736,0.7419217464924206,0.8051183986886447
Hepatocyte,CPS1,ATP5L,2.117376582907002,1.8244646472577664,0.7419217464924206,0.7532594763013366
Hepatocyte,ALDOB,RPS19,3.5057839672240627,3.54598040462916,0.9450903044365344,0.9431292300489111
Hepatocyte,ALDOB,RPLP2,3.5057839672240627,3.571398309700932,0.9450903044365344,0.9427337786892845
Hepatocyte,ALDOB,RPL35,3.5057839672240627,3.4612561407669866,0.9450903044365344,0.9400284987610485
Hepatocyte,ALDOB,IFITM3,3.5057839672240627,3.4128253343929167,0.9450903044365344,0.9373192024598754
Hepatocyte,ALDOB,RPL32,3.5057839672240627,3.692326048000413,0.9450903044365344,0.9414850224867614
Hepatocyte,ALDOB,DCXR,3.5057839672240627,3.669328805276976,0.9450903044365344,0.9391101563887819
Hepatocyte,ALDOB,RPS14,3.5057839672240627,3.619813895426328,0.9450903044365344,0.936036248596519
Hepatocyte,ALDOB,GC,3.5057839672240627,3.7470010830676146,0.9450903044365344,0.9386539100567246
Hepatocyte,ALDOB,RPL36,3.5057839672240627,3.3657652620692518,0.9450903044365344,0.9333207769955859
Hepatocyte,ALDOB,SOD1,3.5057839672240627,3.455038134725789,0.9450903044365344,0.930662351405562
Hepatocyte,ALDOB,ATP5E,3.5057839672240627,3.38009458308307,0.9450903044365344,0.9289363279029148
Hepatocyte,ALDOB,RPS17,3.5057839672240627,3.4589506303762834,0.9450903044365344,0.9277017227161698
Hepatocyte,ALDOB,MT1E,3.5057839672240627,3.854698147064758,0.9450903044365344,0.9404153678326921
Hepatocyte,ALDOB,CYB5A,3.5057839672240627,3.723000696328924,0.9450903044365344,0.9308912779834628
Hepatocyte,ALDOB,RPS27A,3.5057839672240627,3.468171582009836,0.9450903044365344,0.9267631804143177
Hepatocyte,ALDOB,RPL10,3.5057839672240627,3.8707811092902196,0.9450903044365344,0.9501803399662151
Hepatocyte,ALDOB,TAT,3.5057839672240627,3.4341228448398526,0.9450903044365344,0.9265516973733513
Hepatocyte,ALDOB,RPL11,3.5057839672240627,3.4143516971054475,0.9450903044365344,0.9264362251442165
Hepatocyte,ALDOB,AZGP1,3.5057839672240627,3.7540884438814013,0.9450903044365344,0.9306241078450708
Hepatocyte,ALDOB,SEPP1,3.5057839672240627,3.7952408789534573,0.9450903044365344,0.9563818543994772
Hepatocyte,ALDOB,NNMT,3.5057839672240627,3.901893702425401,0.9450903044365344,0.9516037501777219
Hepatocyte,ALDOB,CLU,3.5057839672240627,3.805808700562703,0.9450903044365344,0.9245689957227856
Hepatocyte,ALDOB,RPL34,3.5057839672240627,4.0199001816586115,0.9450903044365344,0.9398512185532345
Hepatocyte,ALDOB,RPL13,3.5057839672240627,3.997506997486513,0.9450903044365344,0.9533497804456685
Hepatocyte,ALDOB,MAT1A,3.5057839672240627,3.6174479030723554,0.9450903044365344,0.9181256592133259
Hepatocyte,ALDOB,RPL3,3.5057839672240627,3.2346794141631996,0.9450903044365344,0.9224021522541618
Hepatocyte,ALDOB,APCS,3.5057839672240627,3.521441674775398,0.9450903044365344,0.9154496895788036
Hepatocyte,ALDOB,RPL26,3.5057839672240627,3.335686086325322,0.9450903044365344,0.9168350905291561
Hepatocyte,ALDOB,SERPING1,3.5057839672240627,3.4698514964506857,0.9450903044365344,0.9147451820573256
Hepatocyte,ALDOB,UQCRQ,3.5057839672240627,3.584553883151628,0.9450903044365344,0.9144690071843089
Hepatocyte,ALDOB,RPS18,3.5057839672240627,3.9135607736704445,0.9450903044365344,0.961127216405646
Hepatocyte,ALDOB,RPL27A,3.5057839672240627,3.2253398095616532,0.9450903044365344,0.9183815934121494
Hepatocyte,ALDOB,MGST1,3.5057839672240627,3.903737557350225,0.9450903044365344,0.9619003983105185
Hepatocyte,ALDOB,SERF2,3.5057839672240627,3.3175458016633024,0.9450903044365344,0.914876405320521
Hepatocyte,ALDOB,ADH1B,3.5057839672240627,3.4164975495485193,0.9450903044365344,0.9126042741499341
Hepatocyte,ALDOB,RPL37,3.5057839672240627,3.3382522338253606,0.9450903044365344,0.9133501489431751
Hepatocyte,ALDOB,EEF1A1,3.5057839672240627,4.026171795921556,0.9450903044365344,0.9602915873250553
Hepatocyte,ALDOB,RPS23,3.5057839672240627,3.3152282404395095,0.9450903044365344,0.9100433856257009
Hepatocyte,ALDOB,RPL13A,3.5057839672240627,4.010957287024492,0.9450903044365344,0.9625963568282228
Hepatocyte,ALDOB,RPS15A,3.5057839672240627,3.433963244283992,0.9450903044365344,0.9064835154828975
Hepatocyte,ALDOB,RPL31,3.5057839672240627,3.1414481182944405,0.9450903044365344,0.9130467014392541
Hepatocyte,ALDOB,PEBP1,3.5057839672240627,3.0970016881998252,0.9450903044365344,0.9137823699538744
Hepatocyte,ALDOB,ACTB,3.5057839672240627,3.129073929030228,0.9450903044365344,0.9102188504796661
Hepatocyte,ALDOB,RPS25,3.5057839672240627,3.1818019140177514,0.9450903044365344,0.907673960622666
Hepatocyte,ALDOB,RPL28,3.5057839672240627,3.1930127623339617,0.9450903044365344,0.9059888121608157
Hepatocyte,ALDOB,RPS29,3.5057839672240627,4.209927450132224,0.9450903044365344,0.9609592038810675
Hepatocyte,ALDOB,DDT,3.5057839672240627,3.2449615742625624,0.9450903044365344,0.9032053487336823
Hepatocyte,ALDOB,RPS6,3.5057839672240627,3.1469325182127657,0.9450903044365344,0.9064276978641829
Hepatocyte,ALDOB,RPS24,3.5057839672240627,3.0860347771467005,0.9450903044365344,0.9077934682976643
Hepatocyte,ALDOB,RPL12,3.5057839672240627,3.236535491002171,0.9450903044365344,0.9005195605765375
Hepatocyte,HPD,GAPDH,2.884472718859874,2.8696884623423737,0.8934396148922088,0.8976440350673238
Hepatocyte,HPD,FAU,2.884472718859874,2.861082968868374,0.8934396148922088,0.8989081969340565
Hepatocyte,HPD,RPS8,2.884472718859874,2.898328828876895,0.8934396148922088,0.8865751242246454
Hepatocyte,HPD,RPS9,2.884472718859874,2.9409298792098597,0.8934396148922088,0.888232303219942
Hepatocyte,HPD,RPL7,2.884472718859874,2.952362679086029,0.8934396148922088,0.8888342611358688
Hepatocyte,HPD,UBA52,2.884472718859874,2.8618105167722487,0.8934396148922088,0.8853630566164055
Hepatocyte,HPD,RPL23A,2.884472718859874,2.9805537038302656,0.8934396148922088,0.8908282674733448
Hepatocyte,HPD,RPL30,2.884472718859874,2.9636114427057354,0.8934396148922088,0.8876055620321948
Hepatocyte,HPD,COX7C,2.884472718859874,2.920160893003496,0.8934396148922088,0.8838820688878245
Hepatocyte,HPD,DBI,2.884472718859874,2.9330674614647223,0.8934396148922088,0.8831310472760462
Hepatocyte,HPD,RPL9,2.884472718859874,2.8420602077637382,0.8934396148922088,0.8826260154415205
Hepatocyte,HPD,UQCR11,2.884472718859874,2.7623134320079914,0.8934396148922088,0.8917464549195412
Hepatocyte,HPD,HINT1,2.884472718859874,3.0133579849109973,0.8934396148922088,0.8910466502032355
Hepatocyte,HPD,CST3,2.884472718859874,3.006524933368346,0.8934396148922088,0.9001467781857553
Hepatocyte,HPD,RPS20,2.884472718859874,2.922516251826273,0.8934396148922088,0.878658926493357
Hepatocyte,HPD,RPL38,2.884472718859874,3.0336739545493985,0.8934396148922088,0.899220846262309
Hepatocyte,HPD,RPL19,2.884472718859874,3.011847075522332,0.8934396148922088,0.8832186983187713
Hepatocyte,HPD,AGXT,2.884472718859874,3.0500821682945105,0.8934396148922088,0.8900228753964348
Hepatocyte,HPD,RPL18A,2.884472718859874,3.0320499669140673,0.8934396148922088,0.9009347601694756
Hepatocyte,HPD,RPS2,2.884472718859874,2.943245353652636,0.8934396148922088,0.8772220607372707
Hepatocyte,HPD,RPS26,2.884472718859874,2.964379454180152,0.8934396148922088,0.9073639057330217
Hepatocyte,HPD,ATP5I,2.884472718859874,3.028619358917168,0.8934396148922088,0.9067564782324125
Hepatocyte,HPD,KNG1,2.884472718859874,2.765573758443022,0.8934396148922088,0.8745214955416083
Hepatocyte,HPD,RPS16,2.884472718859874,2.8844553394018972,0.8934396148922088,0.8706157733296443
Hepatocyte,HPD,RPS13,2.884472718859874,2.8946347689445764,0.8934396148922088,0.8688796842631641
Hepatocyte,HPD,RPS24,2.884472718859874,3.0860347771467005,0.8934396148922088,0.9077934682976643
Hepatocyte,HPD,C9,2.884472718859874,3.1168896908743067,0.8934396148922088,0.8812483992260216
Hepatocyte,HPD,SERPINC1,2.884472718859874,3.164511770288132,0.8934396148922088,0.902689204125436
Hepatocyte,HPD,ANG,2.884472718859874,3.111577054426506,0.8934396148922088,0.8748427500386384
Hepatocyte,HPD,RPS6,2.884472718859874,3.1469325182127657,0.8934396148922088,0.9064276978641829
Hepatocyte,HPD,ACTB,2.884472718859874,3.129073929030228,0.8934396148922088,0.9102188504796661
Hepatocyte,HPD,RPS15,2.884472718859874,3.2068745724639003,0.8934396148922088,0.9000985030005768
Hepatocyte,HPD,PEBP1,2.884472718859874,3.0970016881998252,0.8934396148922088,0.9137823699538744
Hepatocyte,HPD,RPL28,2.884472718859874,3.1930127623339617,0.8934396148922088,0.9059888121608157
Hepatocyte,HPD,RPS25,2.884472718859874,3.1818019140177514,0.8934396148922088,0.907673960622666
Hepatocyte,HPD,RPL31,2.884472718859874,3.1414481182944405,0.8934396148922088,0.9130467014392541
Hepatocyte,HPD,RPL12,2.884472718859874,3.236535491002171,0.8934396148922088,0.9005195605765375
Hepatocyte,HPD,RARRES2,2.884472718859874,3.251947429263095,0.8934396148922088,0.8959992782401537
Hepatocyte,HPD,DDT,2.884472718859874,3.2449615742625624,0.8934396148922088,0.9032053487336823
Hepatocyte,HPD,RPL35A,2.884472718859874,2.669705196787136,0.8934396148922088,0.8580094205036009
Hepatocyte,HPD,RPS3A,2.884472718859874,2.720688272117695,0.8934396148922088,0.8542387367027258
Hepatocyte,HPD,RPL29,2.884472718859874,2.6861649210885545,0.8934396148922088,0.8549101976058843
Hepatocyte,HPD,RPL27A,2.884472718859874,3.2253398095616532,0.8934396148922088,0.9183815934121494
Hepatocyte,HPD,RPS23,2.884472718859874,3.3152282404395095,0.8934396148922088,0.9100433856257009
Hepatocyte,HPD,RPS11,2.884472718859874,2.571059095691024,0.8934396148922088,0.8603738715829395
Hepatocyte,HPD,HSD17B6,2.884472718859874,2.615889651794695,0.8934396148922088,0.854957744522659
Hepatocyte,HPD,TMBIM6,2.884472718859874,2.8538485394326707,0.8934396148922088,0.843696636823017
Hepatocyte,HPD,SAA4,2.884472718859874,2.7074230139710247,0.8934396148922088,0.8477839183544275
Hepatocyte,HPD,C1R,2.884472718859874,2.7219021540222745,0.8934396148922088,0.8464114385036717
Hepatocyte,HPD,SERF2,2.884472718859874,3.3175458016633024,0.8934396148922088,0.914876405320521
Hepatocyte,OTC,SLC10A1,0.3271091982200375,0.2951844463832409,0.2648135242955485,0.25427901413495185
Hepatocyte,OTC,NFE2L2,0.3271091982200375,0.29481125123850854,0.2648135242955485,0.2777379453231289
Hepatocyte,OTC,GCLM,0.3271091982200375,0.295732687380753,0.2648135242955485,0.23350977696471786
Hepatocyte,OTC,GCLC,0.3271091982200375,0.23865195810238812,0.2648135242955485,0.2565321318186247
Hepatocyte,OTC,TXNIP,0.3271091982200375,0.2613257812379411,0.2648135242955485,0.21809140712139144
Hepatocyte,OTC,DEFB1,0.3271091982200375,0.46817194769313825,0.2648135242955485,0.31683203400765264
Hepatocyte,OTC,VEGFA,0.3271091982200375,0.38540771775114835,0.2648135242955485,0.35379592720757436
Hepatocyte,OTC,KLF6,0.3271091982200375,0.46505401604244695,0.2648135242955485,0.352691702170825
Hepatocyte,OTC,ABCC2,0.3271091982200375,0.15886053721396193,0.2648135242955485,0.18844405381926435
Hepatocyte,OTC,UGT1A1,0.3271091982200375,0.17110534434617017,0.2648135242955485,0.166439143705864
Hepatocyte,OTC,PLIN2,0.3271091982200375,0.5485911382390778,0.2648135242955485,0.3824629602363186
Hepatocyte,OTC,ABCB1,0.3271091982200375,0.1306168954449808,0.2648135242955485,0.17476546481454816
Hepatocyte,OTC,MFSD2A,0.3271091982200375,0.5622522052505926,0.2648135242955485,0.3992566354566381
Hepatocyte,OTC,ESRRA,0.3271091982200375,0.5889145950637787,0.2648135242955485,0.38444977802428426
Hepatocyte,OTC,SNHG9,0.3271091982200375,0.5793741155795761,0.2648135242955485,0.40020838550196497
Hepatocyte,OTC,NMT1,0.3271091982200375,0.55749415804065,0.2648135242955485,0.4163075191177293
Hepatocyte,OTC,TXNRD1,0.3271091982200375,0.1286991476454989,0.2648135242955485,0.15103975406944076
Hepatocyte,OTC,HADHB,0.3271091982200375,0.5955225640726783,0.2648135242955485,0.4114105692484295
Hepatocyte,OTC,XIST,0.3271091982200375,0.21672249294544083,0.2648135242955485,0.12796642502861505
Hepatocyte,OTC,VIM,0.3271091982200375,0.15521407323066852,0.2648135242955485,0.13771785890663474
Hepatocyte,OTC,SLC22A7,0.3271091982200375,0.6090478609938405,0.2648135242955485,0.42293827679630214
Hepatocyte,OTC,BCHE,0.3271091982200375,0.6595206995503295,0.2648135242955485,0.4047682509623082
Hepatocyte,OTC,SON,0.3271091982200375,0.6023991382507545,0.2648135242955485,0.4436362714511497
Hepatocyte,OTC,METAP2,0.3271091982200375,0.623322796154479,0.2648135242955485,0.43313872422346494
Hepatocyte,OTC,JUND,0.3271091982200375,0.6286435675613038,0.2648135242955485,0.438107275152302
Hepatocyte,OTC,LINC00261,0.3271091982200375,0.6760501553864524,0.2648135242955485,0.4118877567890421
Hepatocyte,OTC,FOS,0.3271091982200375,0.685041807187563,0.2648135242955485,0.4110353085779062
Hepatocyte,OTC,GNAS,0.3271091982200375,0.6740576302362367,0.2648135242955485,0.4253504035798018
Hepatocyte,OTC,ZC3H13,0.3271091982200375,0.6417157230799981,0.2648135242955485,0.4462880646629051
Hepatocyte,OTC,BAX,0.3271091982200375,0.10630693158722368,0.2648135242955485,0.12590787075199775
Hepatocyte,OTC,ACAT2,0.3271091982200375,0.712138438728186,0.2648135242955485,0.4099353551462094
Hepatocyte,OTC,HMOX1,0.3271091982200375,0.09357124022660228,0.2648135242955485,0.12071247736657824
Hepatocyte,OTC,AFM,0.3271091982200375,0.6904314194096639,0.2648135242955485,0.45138251760077874
Hepatocyte,OTC,KLKB1,0.3271091982200375,0.684210683484216,0.2648135242955485,0.45882868791839987
Hepatocyte,OTC,HIST1H4C,0.3271091982200375,0.7274151793360265,0.2648135242955485,0.4375464740174223
Hepatocyte,OTC,TM7SF2,0.3271091982200375,0.7228601133746217,0.2648135242955485,0.44107508704255627
Hepatocyte,OTC,EIF3J,0.3271091982200375,0.6787233057075424,0.2648135242955485,0.4693947034511884
Hepatocyte,OTC,RP11-434D9.1,0.3271091982200375,0.6794534570163491,0.2648135242955485,0.4750197044029455
Hepatocyte,OTC,EHHADH,0.3271091982200375,0.6848614803943914,0.2648135242955485,0.4728278370447064
Hepatocyte,OTC,C14orf1,0.3271091982200375,0.736817284807527,0.2648135242955485,0.444677351397565
Hepatocyte,OTC,GPX3,0.3271091982200375,0.7249320797074799,0.2648135242955485,0.45324158332262077
Hepatocyte,OTC,TMEM97,0.3271091982200375,0.7568600674766531,0.2648135242955485,0.4362302922190936
Hepatocyte,OTC,MGST2,0.3271091982200375,0.7177282828593528,0.2648135242955485,0.4665110343355018
Hepatocyte,OTC,KEAP1,0.3271091982200375,0.09213685364781889,0.2648135242955485,0.1044333160801562
Hepatocyte,OTC,FAM213A,0.3271091982200375,0.7092076609491952,0.2648135242955485,0.4824174636318645
Hepatocyte,OTC,CUTA,0.3271091982200375,0.7431031095955882,0.2648135242955485,0.47352665964593543
Hepatocyte,OTC,FDFT1,0.3271091982200375,0.7740897883690423,0.2648135242955485,0.4563841138674505
Hepatocyte,OTC,MLXIPL,0.3271091982200375,0.7260800611643954,0.2648135242955485,0.4840757821621045
Hepatocyte,OTC,LAMTOR2,0.3271091982200375,0.7355409783323389,0.2648135242955485,0.4793495180205031
Hepatocyte,OTC,NOP10,0.3271091982200375,0.7501174899366854,0.2648135242955485,0.47355315656752195
Hepatocyte,DMGDH,SLC10A1,0.27216749883554836,0.2951844463832409,0.2544273993627637,0.25427901413495185
Hepatocyte,DMGDH,GCLC,0.27216749883554836,0.23865195810238812,0.2544273993627637,0.2565321318186247
Hepatocyte,DMGDH,GCLM,0.27216749883554836,0.295732687380753,0.2544273993627637,0.23350977696471786
Hepatocyte,DMGDH,NFE2L2,0.27216749883554836,0.29481125123850854,0.2544273993627637,0.2777379453231289
Hepatocyte,DMGDH,TXNIP,0.27216749883554836,0.2613257812379411,0.2544273993627637,0.21809140712139144
Hepatocyte,DMGDH,ABCC2,0.27216749883554836,0.15886053721396193,0.2544273993627637,0.18844405381926435
Hepatocyte,DMGDH,VEGFA,0.27216749883554836,0.38540771775114835,0.2544273993627637,0.35379592720757436
Hepatocyte,DMGDH,DEFB1,0.27216749883554836,0.46817194769313825,0.2544273993627637,0.31683203400765264
Hepatocyte,DMGDH,UGT1A1,0.27216749883554836,0.17110534434617017,0.2544273993627637,0.166439143705864
Hepatocyte,DMGDH,ABCB1,0.27216749883554836,0.1306168954449808,0.2544273993627637,0.17476546481454816
Hepatocyte,DMGDH,KLF6,0.27216749883554836,0.46505401604244695,0.2544273993627637,0.352691702170825
Hepatocyte,DMGDH,TXNRD1,0.27216749883554836,0.1286991476454989,0.2544273993627637,0.15103975406944076
Hepatocyte,DMGDH,VIM,0.27216749883554836,0.15521407323066852,0.2544273993627637,0.13771785890663474
Hepatocyte,DMGDH,XIST,0.27216749883554836,0.21672249294544083,0.2544273993627637,0.12796642502861505
Hepatocyte,DMGDH,PLIN2,0.27216749883554836,0.5485911382390778,0.2544273993627637,0.3824629602363186
Hepatocyte,DMGDH,BAX,0.27216749883554836,0.10630693158722368,0.2544273993627637,0.12590787075199775
Hepatocyte,DMGDH,MFSD2A,0.27216749883554836,0.5622522052505926,0.2544273993627637,0.3992566354566381
Hepatocyte,DMGDH,ESRRA,0.27216749883554836,0.5889145950637787,0.2544273993627637,0.38444977802428426
Hepatocyte,DMGDH,SNHG9,0.27216749883554836,0.5793741155795761,0.2544273993627637,0.40020838550196497
Hepatocyte,DMGDH,NMT1,0.27216749883554836,0.55749415804065,0.2544273993627637,0.4163075191177293
Hepatocyte,DMGDH,HMOX1,0.27216749883554836,0.09357124022660228,0.2544273993627637,0.12071247736657824
Hepatocyte,DMGDH,HADHB,0.27216749883554836,0.5955225640726783,0.2544273993627637,0.4114105692484295
Hepatocyte,DMGDH,SLC22A7,0.27216749883554836,0.6090478609938405,0.2544273993627637,0.42293827679630214
Hepatocyte,DMGDH,BCHE,0.27216749883554836,0.6595206995503295,0.2544273993627637,0.4047682509623082
Hepatocyte,DMGDH,SON,0.27216749883554836,0.6023991382507545,0.2544273993627637,0.4436362714511497
Hepatocyte,DMGDH,KEAP1,0.27216749883554836,0.09213685364781889,0.2544273993627637,0.1044333160801562
Hepatocyte,DMGDH,METAP2,0.27216749883554836,0.623322796154479,0.2544273993627637,0.43313872422346494
Hepatocyte,DMGDH,JUND,0.27216749883554836,0.6286435675613038,0.2544273993627637,0.438107275152302
Hepatocyte,DMGDH,LINC00261,0.27216749883554836,0.6760501553864524,0.2544273993627637,0.4118877567890421
Hepatocyte,DMGDH,FOS,0.27216749883554836,0.685041807187563,0.2544273993627637,0.4110353085779062
Hepatocyte,DMGDH,GNAS,0.27216749883554836,0.6740576302362367,0.2544273993627637,0.4253504035798018
Hepatocyte,DMGDH,ZC3H13,0.27216749883554836,0.6417157230799981,0.2544273993627637,0.4462880646629051
Hepatocyte,DMGDH,SMAD2,0.27216749883554836,0.08052802023771467,0.2544273993627637,0.09759468313714025
Hepatocyte,DMGDH,ACAT2,0.27216749883554836,0.712138438728186,0.2544273993627637,0.4099353551462094
Hepatocyte,DMGDH,AFM,0.27216749883554836,0.6904314194096639,0.2544273993627637,0.45138251760077874
Hepatocyte,DMGDH,KLKB1,0.27216749883554836,0.684210683484216,0.2544273993627637,0.45882868791839987
Hepatocyte,DMGDH,ABCB11,0.27216749883554836,0.07287957885835475,0.2544273993627637,0.0895541406469041
Hepatocyte,DMGDH,HIST1H4C,0.27216749883554836,0.7274151793360265,0.2544273993627637,0.4375464740174223
Hepatocyte,DMGDH,TM7SF2,0.27216749883554836,0.7228601133746217,0.2544273993627637,0.44107508704255627
Hepatocyte,DMGDH,EIF3J,0.27216749883554836,0.6787233057075424,0.2544273993627637,0.4693947034511884
Hepatocyte,DMGDH,RP11-434D9.1,0.27216749883554836,0.6794534570163491,0.2544273993627637,0.4750197044029455
Hepatocyte,DMGDH,EHHADH,0.27216749883554836,0.6848614803943914,0.2544273993627637,0.4728278370447064
Hepatocyte,DMGDH,C14orf1,0.27216749883554836,0.736817284807527,0.2544273993627637,0.444677351397565
Hepatocyte,DMGDH,GPX3,0.27216749883554836,0.7249320797074799,0.2544273993627637,0.45324158332262077
Hepatocyte,DMGDH,TMEM97,0.27216749883554836,0.7568600674766531,0.2544273993627637,0.4362302922190936
Hepatocyte,DMGDH,MGST2,0.27216749883554836,0.7177282828593528,0.2544273993627637,0.4665110343355018
Hepatocyte,DMGDH,FAM213A,0.27216749883554836,0.7092076609491952,0.2544273993627637,0.4824174636318645
Hepatocyte,DMGDH,CUTA,0.27216749883554836,0.7431031095955882,0.2544273993627637,0.47352665964593543
Hepatocyte,DMGDH,MLXIPL,0.27216749883554836,0.7260800611643954,0.2544273993627637,0.4840757821621045
Hepatocyte,DMGDH,LAMTOR2,0.27216749883554836,0.7355409783323389,0.2544273993627637,0.4793495180205031
Hepatocyte,GSTA1,HULC,1.5909647783056484,1.5971966098695647,0.5856605131222181,0.5624635186973193
Hepatocyte,GSTA1,MIF,1.5909647783056484,1.5623661160962468,0.5856605131222181,0.6344031394918493
Hepatocyte,GSTA1,LEAP2,1.5909647783056484,1.502332546961949,0.5856605131222181,0.6426687635537053
Hepatocyte,GSTA1,ADH4,1.5909647783056484,1.442860726653943,0.5856605131222181,0.6300332436467311
Hepatocyte,GSTA1,SLPI,1.5909647783056484,1.411797662878876,0.5856605131222181,0.6182267082543825
Hepatocyte,GSTA1,SEC61B,1.5909647783056484,1.4919036774288363,0.5856605131222181,0.6466842614284407
Hepatocyte,GSTA1,CFB,1.5909647783056484,1.3871748112999756,0.5856605131222181,0.5857216224347841
Hepatocyte,GSTA1,HMGCS1,1.5909647783056484,1.3936344484345446,0.5856605131222181,0.564631972940298
Hepatocyte,GSTA1,ALDH1A1,1.5909647783056484,1.4245083127065903,0.5856605131222181,0.6343348147227983
Hepatocyte,GSTA1,IGFBP1,1.5909647783056484,1.4149987087689326,0.5856605131222181,0.6312210749600915
Hepatocyte,GSTA1,MPC2,1.5909647783056484,1.4099787889346653,0.5856605131222181,0.6288801275619768
Hepatocyte,GSTA1,CYP3A4,1.5909647783056484,1.7826371231864635,0.5856605131222181,0.5374401501639229
Hepatocyte,GSTA1,APOA5,1.5909647783056484,1.4801461142142365,0.5856605131222181,0.6562017463353633
Hepatocyte,GSTA1,EEF1B2,1.5909647783056484,1.3996782586496126,0.5856605131222181,0.6337643482490677
Hepatocyte,GSTA1,LDHA,1.5909647783056484,1.4386829407976365,0.5856605131222181,0.6493826637886527
Hepatocyte,GSTA1,FN1,1.5909647783056484,1.60739032688656,0.5856605131222181,0.6672645450754565
Hepatocyte,GSTA1,YBX1,1.5909647783056484,1.553265563017915,0.5856605131222181,0.6668188556187682
Hepatocyte,GSTA1,RPS27L,1.5909647783056484,1.565482733261424,0.5856605131222181,0.6677026334440067
Hepatocyte,GSTA1,NTHL1,1.5909647783056484,1.519651799946938,0.5856605131222181,0.6666285794050936
Hepatocyte,GSTA1,NDUFC2,1.5909647783056484,1.4801656007615835,0.5856605131222181,0.6669249007715943
Hepatocyte,GSTA1,UGT2B4,1.5909647783056484,1.5629301869586971,0.5856605131222181,0.6756562241202049
Hepatocyte,GSTA1,AC090498.1,1.5909647783056484,1.3449053399936617,0.5856605131222181,0.6229289574696437
Hepatocyte,GSTA1,MT1A,1.5909647783056484,1.3202191981205054,0.5856605131222181,0.586486540556533
Hepatocyte,GSTA1,SRP14,1.5909647783056484,1.440643952798546,0.5856605131222181,0.664371747568095
Hepatocyte,GSTA1,COX8A,1.5909647783056484,1.4807254718342255,0.5856605131222181,0.6713823504727376
Hepatocyte,GSTA1,CHCHD2,1.5909647783056484,1.4941426449657844,0.5856605131222181,0.6738403989396741
Hepatocyte,GSTA1,CFI,1.5909647783056484,1.552460726914276,0.5856605131222181,0.6784209322145639
Hepatocyte,GSTA1,ATP5G3,1.5909647783056484,1.4226096799421564,0.5856605131222181,0.6617724539113741
Hepatocyte,GSTA1,TAT-AS1,1.5909647783056484,1.3166946223872813,0.5856605131222181,0.5937707596022188
Hepatocyte,GSTA1,C4BPB,1.5909647783056484,1.5318984776904312,0.5856605131222181,0.6780827334899178
Hepatocyte,GSTA1,SHFM1,1.5909647783056484,1.450745523114776,0.5856605131222181,0.6683236002664905
Hepatocyte,GSTA1,PFDN5,1.5909647783056484,1.4821555796516594,0.5856605131222181,0.6733882987965263
Hepatocyte,GSTA1,SLC39A14,1.5909647783056484,1.382966745586296,0.5856605131222181,0.6504359367090035
Hepatocyte,GSTA1,MST1,1.5909647783056484,1.320050469483991,0.5856605131222181,0.6100648639745543
Hepatocyte,GSTA1,COX17,1.5909647783056484,1.4622644983368243,0.5856605131222181,0.6731391868277904
Hepatocyte,GSTA1,GSTO1,1.5909647783056484,1.3178450013902938,0.5856605131222181,0.6135218894167289
Hepatocyte,GSTA1,NDUFA11,1.5909647783056484,1.5485391348647053,0.5856605131222181,0.6817062667736333
Hepatocyte,GSTA1,PCK1,1.5909647783056484,1.6541242482476224,0.5856605131222181,0.6812545500664221
Hepatocyte,GSTA1,ATP5G2,1.5909647783056484,1.4602173478233111,0.5856605131222181,0.6752554917136436
Hepatocyte,GSTA1,COX6A1,1.5909647783056484,1.5155947166204302,0.5856605131222181,0.6819654787827317
Hepatocyte,GSTA1,FXYD1,1.5909647783056484,1.3984932265244816,0.5856605131222181,0.6635485501941932
Hepatocyte,GSTA1,OST4,1.5909647783056484,1.5489538614180405,0.5856605131222181,0.6852737540883043
Hepatocyte,GSTA1,EPHX1,1.5909647783056484,1.7787918201963908,0.5856605131222181,0.6684615039618215
Hepatocyte,GSTA1,LINC00844,1.5909647783056484,1.2996865881094166,0.5856605131222181,0.6023211587056807
Hepatocyte,GSTA1,CALR,1.5909647783056484,1.377021061441328,0.5856605131222181,0.65751468919138
Hepatocyte,GSTA1,XBP1,1.5909647783056484,1.4518975051153533,0.5856605131222181,0.6763895603849333
Hepatocyte,GSTA1,CFHR1,1.5909647783056484,1.8822429280521569,0.5856605131222181,0.6363573390697388
Hepatocyte,GSTA1,CALM2,1.5909647783056484,1.3615641262564933,0.5856605131222181,0.6530536436537098
Hepatocyte,GSTA1,AKR1C1,1.5909647783056484,1.2912413031064245,0.5856605131222181,0.5757033495307595
Hepatocyte,GSTA1,ATPIF1,1.5909647783056484,1.5031598701370898,0.5856605131222181,0.6846487270877072
Hepatocyte,FBP1,PON3,0.9863755259253442,0.9910074618393299,0.5470939304310402,0.5466713163145053
Hepatocyte,FBP1,MRPL57,0.9863755259253442,0.9957597659647975,0.5470939304310402,0.5496462602030217
Hepatocyte,FBP1,NDUFB10,0.9863755259253442,0.9868892793459972,0.5470939304310402,0.5540627505402929
Hepatocyte,FBP1,NDUFV2,0.9863755259253442,0.9843556797984861,0.5470939304310402,0.5393767991311554
Hepatocyte,FBP1,C6,0.9863755259253442,0.9749633374985824,0.5470939304310402,0.5544964832662006
Hepatocyte,FBP1,APOF,0.9863755259253442,0.9704556331042176,0.5470939304310402,0.5538730999211298
Hepatocyte,FBP1,NDUFC1,0.9863755259253442,0.9642837162686633,0.5470939304310402,0.5424933108580485
Hepatocyte,FBP1,PRDX2,0.9863755259253442,0.9722135776425403,0.5470939304310402,0.5369956833225531
Hepatocyte,FBP1,PPIB,0.9863755259253442,1.006397141893839,0.5470939304310402,0.5382109538473989
Hepatocyte,FBP1,KRT18,0.9863755259253442,0.9998003062253371,0.5470939304310402,0.5353287684357901
Hepatocyte,FBP1,PARK7,0.9863755259253442,0.9579509697802031,0.5470939304310402,0.5435050246606199
Hepatocyte,FBP1,UQCRH,0.9863755259253442,0.990726040410884,0.5470939304310402,0.5605010206792496
Hepatocyte,FBP1,STOM,0.9863755259253442,0.9893903101424014,0.5470939304310402,0.5609448218616263
Hepatocyte,FBP1,SC5D,0.9863755259253442,1.0150640760792053,0.5470939304310402,0.5412430755402013
Hepatocyte,FBP1,PDIA3,0.9863755259253442,1.0223428519090585,0.5470939304310402,0.5473259699389504
Hepatocyte,FBP1,SUB1,0.9863755259253442,0.9517003755411484,0.5470939304310402,0.5439061198642211
Hepatocyte,FBP1,PABPC1,0.9863755259253442,0.9496018142412744,0.5470939304310402,0.5485409517543494
Hepatocyte,FBP1,ATP6V0E1,0.9863755259253442,0.9478887273826038,0.5470939304310402,0.5459376519013972
Hepatocyte,FBP1,POR,0.9863755259253442,0.9487442115574594,0.5470939304310402,0.5410077000166333
Hepatocyte,FBP1,GNG5,0.9863755259253442,0.9474402059252327,0.5470939304310402,0.5420758600720079
Hepatocyte,FBP1,PRDX5,0.9863755259253442,0.9469037557236908,0.5470939304310402,0.5421554980295491
Hepatocyte,FBP1,ACADSB,0.9863755259253442,1.0014399876017932,0.5470939304310402,0.5651150078757927
Hepatocyte,FBP1,HSD17B10,0.9863755259253442,0.9484765567370322,0.5470939304310402,0.5375109375530152
Hepatocyte,FBP1,ERRFI1,0.9863755259253442,1.0255317998918794,0.5470939304310402,0.5571408090346499
Hepatocyte,FBP1,HSD11B1,0.9863755259253442,1.0151510430051947,0.5470939304310402,0.564571047253456
Hepatocyte,FBP1,TFPI,0.9863755259253442,0.9388064824490081,0.5470939304310402,0.5506857774331472
Hepatocyte,FBP1,ATP5G1,0.9863755259253442,0.9515340672619697,0.5470939304310402,0.5316454630351293
Hepatocyte,FBP1,TMEM258,0.9863755259253442,1.0360198138553183,0.5470939304310402,0.5463630476802166
Hepatocyte,FBP1,ERP29,0.9863755259253442,0.9438562690777745,0.5470939304310402,0.5595932515809545
Hepatocyte,FBP1,FIS1,0.9863755259253442,0.9364806148183751,0.5470939304310402,0.5416104837655121
Hepatocyte,FBP1,PRDX3,0.9863755259253442,0.9446940067146155,0.5470939304310402,0.5632168932146789
Hepatocyte,FBP1,CYP3A5,0.9863755259253442,0.9659839926727578,0.5470939304310402,0.5236083481131175
Hepatocyte,FBP1,CYP27A1,0.9863755259253442,1.0174918107398052,0.5470939304310402,0.5681644089641671
Hepatocyte,FBP1,ANAPC16,0.9863755259253442,1.0258010675039557,0.5470939304310402,0.566161468541243
Hepatocyte,FBP1,POMP,0.9863755259253442,1.0360329619342035,0.5470939304310402,0.5638641768092267
Hepatocyte,FBP1,HEBP2,0.9863755259253442,0.930814561592018,0.5470939304310402,0.5343982905896546
Hepatocyte,FBP1,NDUFA6,0.9863755259253442,1.048862250943212,0.5470939304310402,0.5533291760592036
Hepatocyte,FBP1,SERPINA4,0.9863755259253442,0.9241261305084525,0.5470939304310402,0.5470672585910267
Hepatocyte,FBP1,GCSH,0.9863755259253442,0.9244426750361405,0.5470939304310402,0.543320790832379
Hepatocyte,FBP1,TM4SF4,0.9863755259253442,1.0460641690797836,0.5470939304310402,0.5591088821535509
Hepatocyte,FBP1,CYP4A11,0.9863755259253442,0.9216625538562688,0.5470939304310402,0.5443804260494575
Hepatocyte,FBP1,NDUFA13,0.9863755259253442,1.0237273071596875,0.5470939304310402,0.5717117992498535
Hepatocyte,FBP1,NDUFB4,0.9863755259253442,0.9481643615640085,0.5470939304310402,0.5226701456183546
Hepatocyte,FBP1,CSTB,0.9863755259253442,1.0478851089338557,0.5470939304310402,0.5603937502997552
Hepatocyte,FBP1,APLP2,0.9863755259253442,0.9636176753026907,0.5470939304310402,0.5760951583644434
Hepatocyte,FBP1,HNRNPA2B1,0.9863755259253442,0.9242850611964715,0.5470939304310402,0.5594079851361549
Hepatocyte,FBP1,KHK,0.9863755259253442,0.9687528266409728,0.5470939304310402,0.5768605435566809
Hepatocyte,FBP1,C11orf54,0.9863755259253442,0.9293557568978053,0.5470939304310402,0.564162004168638
Hepatocyte,FBP1,CD63,0.9863755259253442,1.055786534544673,0.5470939304310402,0.5535755674300873
Hepatocyte,FBP1,CEBPB,0.9863755259253442,0.9659507671077927,0.5470939304310402,0.5769633276211048
Hepatocyte,PCK2,ZC3H13,0.662622289727002,0.6417157230799981,0.4506420661436271,0.4462880646629051
Hepatocyte,PCK2,KLKB1,0.662622289727002,0.684210683484216,0.4506420661436271,0.45882868791839987
Hepatocyte,PCK2,AFM,0.662622289727002,0.6904314194096639,0.4506420661436271,0.45138251760077874
Hepatocyte,PCK2,EIF3J,0.662622289727002,0.6787233057075424,0.4506420661436271,0.4693947034511884
Hepatocyte,PCK2,JUND,0.662622289727002,0.6286435675613038,0.4506420661436271,0.438107275152302
Hepatocyte,PCK2,EHHADH,0.662622289727002,0.6848614803943914,0.4506420661436271,0.4728278370447064
Hepatocyte,PCK2,RP11-434D9.1,0.662622289727002,0.6794534570163491,0.4506420661436271,0.4750197044029455
Hepatocyte,PCK2,GNAS,0.662622289727002,0.6740576302362367,0.4506420661436271,0.4253504035798018
Hepatocyte,PCK2,METAP2,0.662622289727002,0.623322796154479,0.4506420661436271,0.43313872422346494
Hepatocyte,PCK2,GPX3,0.662622289727002,0.7249320797074799,0.4506420661436271,0.45324158332262077
Hepatocyte,PCK2,MGST2,0.662622289727002,0.7177282828593528,0.4506420661436271,0.4665110343355018
Hepatocyte,PCK2,TM7SF2,0.662622289727002,0.7228601133746217,0.4506420661436271,0.44107508704255627
Hepatocyte,PCK2,SON,0.662622289727002,0.6023991382507545,0.4506420661436271,0.4436362714511497
Hepatocyte,PCK2,HIST1H4C,0.662622289727002,0.7274151793360265,0.4506420661436271,0.4375464740174223
Hepatocyte,PCK2,C14orf1,0.662622289727002,0.736817284807527,0.4506420661436271,0.444677351397565
Hepatocyte,PCK2,LINC00261,0.662622289727002,0.6760501553864524,0.4506420661436271,0.4118877567890421
Hepatocyte,PCK2,FAM213A,0.662622289727002,0.7092076609491952,0.4506420661436271,0.4824174636318645
Hepatocyte,PCK2,SLC22A7,0.662622289727002,0.6090478609938405,0.4506420661436271,0.42293827679630214
Hepatocyte,PCK2,FOS,0.662622289727002,0.685041807187563,0.4506420661436271,0.4110353085779062
Hepatocyte,PCK2,BCHE,0.662622289727002,0.6595206995503295,0.4506420661436271,0.4047682509623082
Hepatocyte,PCK2,MLXIPL,0.662622289727002,0.7260800611643954,0.4506420661436271,0.4840757821621045
Hepatocyte,PCK2,LAMTOR2,0.662622289727002,0.7355409783323389,0.4506420661436271,0.4793495180205031
Hepatocyte,PCK2,CUTA,0.662622289727002,0.7431031095955882,0.4506420661436271,0.47352665964593543
Hepatocyte,PCK2,ACAT2,0.662622289727002,0.712138438728186,0.4506420661436271,0.4099353551462094
Hepatocyte,PCK2,NOP10,0.662622289727002,0.7501174899366854,0.4506420661436271,0.47355315656752195
Hepatocyte,PCK2,TMEM97,0.662622289727002,0.7568600674766531,0.4506420661436271,0.4362302922190936
Hepatocyte,PCK2,ACADVL,0.662622289727002,0.738877607848217,0.4506420661436271,0.48331187125713315
Hepatocyte,PCK2,HADHB,0.662622289727002,0.5955225640726783,0.4506420661436271,0.4114105692484295
Hepatocyte,PCK2,GJB1,0.662622289727002,0.7389904780640435,0.4506420661436271,0.48826325418418265
Hepatocyte,PCK2,RDH16,0.662622289727002,0.7329123518457601,0.4506420661436271,0.4917209598492908
Hepatocyte,PCK2,GLYAT,0.662622289727002,0.7321512026664709,0.4506420661436271,0.4925220098986808
Hepatocyte,PCK2,CMTM6,0.662622289727002,0.7033455993006097,0.4506420661436271,0.5031532601093226
Hepatocyte,PCK2,RDH11,0.662622289727002,0.76588131285597,0.4506420661436271,0.4714563496200787
Hepatocyte,PCK2,WDR83OS,0.662622289727002,0.7717474368306801,0.4506420661436271,0.46329614211894343
Hepatocyte,PCK2,FDFT1,0.662622289727002,0.7740897883690423,0.4506420661436271,0.4563841138674505
Hepatocyte,PCK2,AKR1A1,0.662622289727002,0.7696341902419904,0.4506420661436271,0.4750317569181902
Hepatocyte,PCK2,MSRB1,0.662622289727002,0.7486215676816953,0.4506420661436271,0.4919391294267368
Hepatocyte,PCK2,TIMM13,0.662622289727002,0.7487640930073274,0.4506420661436271,0.4936567968086095
Hepatocyte,PCK2,SIGIRR,0.662622289727002,0.7707605431696807,0.4506420661436271,0.48000454898073885
Hepatocyte,PCK2,SPCS2,0.662622289727002,0.768526793476377,0.4506420661436271,0.48253963224671637
Hepatocyte,PCK2,TSKU,0.662622289727002,0.7635698968483609,0.4506420661436271,0.4867429022483679
Hepatocyte,PCK2,RBP5,0.662622289727002,0.768237062539004,0.4506420661436271,0.4832982121994308
Hepatocyte,PCK2,SERBP1,0.662622289727002,0.7630363652915705,0.4506420661436271,0.4885991893475025
Hepatocyte,PCK2,LMAN1,0.662622289727002,0.7491828277214848,0.4506420661436271,0.5010344063743198
Hepatocyte,PCK2,NMT1,0.662622289727002,0.55749415804065,0.4506420661436271,0.4163075191177293
Hepatocyte,PCK2,SNHG9,0.662622289727002,0.5793741155795761,0.4506420661436271,0.40020838550196497
Hepatocyte,PCK2,MRPS21,0.662622289727002,0.7721747857803111,0.4506420661436271,0.4943021235368417
Hepatocyte,PCK2,KRT8,0.662622289727002,0.798319669362149,0.4506420661436271,0.46801109699747573
Hepatocyte,PCK2,ABHD2,0.662622289727002,0.7543248749738565,0.4506420661436271,0.5086307329772226
Hepatocyte,PCK2,MFSD2A,0.662622289727002,0.5622522052505926,0.4506420661436271,0.3992566354566381
Hepatocyte,CES1,MT1M,2.9863574507270467,3.067112683682111,0.8482598926503513,0.8372196878300961
Hepatocyte,CES1,TMBIM6,2.9863574507270467,2.8538485394326707,0.8482598926503513,0.843696636823017
Hepatocyte,CES1,AGT,2.9863574507270467,3.1800960899128343,0.8482598926503513,0.8503249055203541
Hepatocyte,CES1,RPS13,2.9863574507270467,2.8946347689445764,0.8482598926503513,0.8688796842631641
Hepatocyte,CES1,C1S,2.9863574507270467,3.204444942291886,0.8482598926503513,0.8493756577984952
Hepatocyte,CES1,RPS16,2.9863574507270467,2.8844553394018972,0.8482598926503513,0.8706157733296443
Hepatocyte,CES1,RPS2,2.9863574507270467,2.943245353652636,0.8482598926503513,0.8772220607372707
Hepatocyte,CES1,ANG,2.9863574507270467,3.111577054426506,0.8482598926503513,0.8748427500386384
Hepatocyte,CES1,C1R,2.9863574507270467,2.7219021540222745,0.8482598926503513,0.8464114385036717
Hepatocyte,CES1,RPS3A,2.9863574507270467,2.720688272117695,0.8482598926503513,0.8542387367027258
Hepatocyte,CES1,RPS20,2.9863574507270467,2.922516251826273,0.8482598926503513,0.878658926493357
Hepatocyte,CES1,SAA4,2.9863574507270467,2.7074230139710247,0.8482598926503513,0.8477839183544275
Hepatocyte,CES1,RPL29,2.9863574507270467,2.6861649210885545,0.8482598926503513,0.8549101976058843
Hepatocyte,CES1,APOB,2.9863574507270467,3.325896423235439,0.8482598926503513,0.8469669697003471
Hepatocyte,CES1,RPL19,2.9863574507270467,3.011847075522332,0.8482598926503513,0.8832186983187713
Hepatocyte,CES1,KNG1,2.9863574507270467,2.765573758443022,0.8482598926503513,0.8745214955416083
Hepatocyte,CES1,DBI,2.9863574507270467,2.9330674614647223,0.8482598926503513,0.8831310472760462
Hepatocyte,CES1,C9,2.9863574507270467,3.1168896908743067,0.8482598926503513,0.8812483992260216
Hepatocyte,CES1,RPL15,2.9863574507270467,2.6786812152439152,0.8482598926503513,0.8377219319441747
Hepatocyte,CES1,COX7C,2.9863574507270467,2.920160893003496,0.8482598926503513,0.8838820688878245
Hepatocyte,CES1,RPL35A,2.9863574507270467,2.669705196787136,0.8482598926503513,0.8580094205036009
Hepatocyte,CES1,MT1H,2.9863574507270467,3.10392482804509,0.8482598926503513,0.8055747906852986
Hepatocyte,CES1,RPL9,2.9863574507270467,2.8420602077637382,0.8482598926503513,0.8826260154415205
Hepatocyte,CES1,UBA52,2.9863574507270467,2.8618105167722487,0.8482598926503513,0.8853630566164055
Hepatocyte,CES1,RPS8,2.9863574507270467,2.898328828876895,0.8482598926503513,0.8865751242246454
Hepatocyte,CES1,RPL30,2.9863574507270467,2.9636114427057354,0.8482598926503513,0.8876055620321948
Hepatocyte,CES1,RPS9,2.9863574507270467,2.9409298792098597,0.8482598926503513,0.888232303219942
Hepatocyte,CES1,AHSG,2.9863574507270467,2.621621747052014,0.8482598926503513,0.8441985488213118
Hepatocyte,CES1,RPS4X,2.9863574507270467,2.6196630182351446,0.8482598926503513,0.8513370886688987
Hepatocyte,CES1,A1BG,2.9863574507270467,2.668199270238118,0.8482598926503513,0.8230907752310929
Hepatocyte,CES1,RPL7,2.9863574507270467,2.952362679086029,0.8482598926503513,0.8888342611358688
Hepatocyte,CES1,HSD17B6,2.9863574507270467,2.615889651794695,0.8482598926503513,0.854957744522659
Hepatocyte,CES1,RPL6,2.9863574507270467,2.6064975698388797,0.8482598926503513,0.8416163782864347
Hepatocyte,CES1,AGXT,2.9863574507270467,3.0500821682945105,0.8482598926503513,0.8900228753964348
Hepatocyte,CES1,RPL23A,2.9863574507270467,2.9805537038302656,0.8482598926503513,0.8908282674733448
Hepatocyte,CES1,HINT1,2.9863574507270467,3.0133579849109973,0.8482598926503513,0.8910466502032355
Hepatocyte,CES1,MT1F,2.9863574507270467,2.7970855760952262,0.8482598926503513,0.7988287948082359
Hepatocyte,CES1,RPL27,2.9863574507270467,2.587333832471498,0.8482598926503513,0.8470596404283579
Hepatocyte,CES1,RPS11,2.9863574507270467,2.571059095691024,0.8482598926503513,0.8603738715829395
Hepatocyte,CES1,CP,2.9863574507270467,2.6367857136470247,0.8482598926503513,0.8110240525536181
Hepatocyte,CES1,UQCR11,2.9863574507270467,2.7623134320079914,0.8482598926503513,0.8917464549195412
Hepatocyte,CES1,EIF1,2.9863574507270467,2.5258199970538513,0.8482598926503513,0.8502513340255602
Hepatocyte,CES1,GAPDH,2.9863574507270467,2.8696884623423737,0.8482598926503513,0.8976440350673238
Hepatocyte,CES1,UBB,2.9863574507270467,2.515995972177483,0.8482598926503513,0.8483527815519866
Hepatocyte,CES1,RPL38,2.9863574507270467,3.0336739545493985,0.8482598926503513,0.899220846262309
Hepatocyte,CES1,CST3,2.9863574507270467,3.006524933368346,0.8482598926503513,0.9001467781857553
Hepatocyte,CES1,FAU,2.9863574507270467,2.861082968868374,0.8482598926503513,0.8989081969340565
Hepatocyte,CES1,RPL18A,2.9863574507270467,3.0320499669140673,0.8482598926503513,0.9009347601694756
Hepatocyte,CES1,RARRES2,2.9863574507270467,3.251947429263095,0.8482598926503513,0.8959992782401537
Hepatocyte,CES1,ITIH3,2.9863574507270467,2.5106326050568963,0.8482598926503513,0.8276310905386328
Hepatocyte,LECT2,DEFB1,0.47296187055063277,0.46817194769313825,0.2990432330402729,0.31683203400765264
Hepatocyte,LECT2,KLF6,0.47296187055063277,0.46505401604244695,0.2990432330402729,0.352691702170825
Hepatocyte,LECT2,VEGFA,0.47296187055063277,0.38540771775114835,0.2990432330402729,0.35379592720757436
Hepatocyte,LECT2,PLIN2,0.47296187055063277,0.5485911382390778,0.2990432330402729,0.3824629602363186
Hepatocyte,LECT2,ESRRA,0.47296187055063277,0.5889145950637787,0.2990432330402729,0.38444977802428426
Hepatocyte,LECT2,NFE2L2,0.47296187055063277,0.29481125123850854,0.2990432330402729,0.2777379453231289
Hepatocyte,LECT2,MFSD2A,0.47296187055063277,0.5622522052505926,0.2990432330402729,0.3992566354566381
Hepatocyte,LECT2,SNHG9,0.47296187055063277,0.5793741155795761,0.2990432330402729,0.40020838550196497
Hepatocyte,LECT2,SLC10A1,0.47296187055063277,0.2951844463832409,0.2990432330402729,0.25427901413495185
Hepatocyte,LECT2,NMT1,0.47296187055063277,0.55749415804065,0.2990432330402729,0.4163075191177293
Hepatocyte,LECT2,HADHB,0.47296187055063277,0.5955225640726783,0.2990432330402729,0.4114105692484295
Hepatocyte,LECT2,GCLM,0.47296187055063277,0.295732687380753,0.2990432330402729,0.23350977696471786
Hepatocyte,LECT2,SLC22A7,0.47296187055063277,0.6090478609938405,0.2990432330402729,0.42293827679630214
Hepatocyte,LECT2,BCHE,0.47296187055063277,0.6595206995503295,0.2990432330402729,0.4047682509623082
Hepatocyte,LECT2,GCLC,0.47296187055063277,0.23865195810238812,0.2990432330402729,0.2565321318186247
Hepatocyte,LECT2,METAP2,0.47296187055063277,0.623322796154479,0.2990432330402729,0.43313872422346494
Hepatocyte,LECT2,LINC00261,0.47296187055063277,0.6760501553864524,0.2990432330402729,0.4118877567890421
Hepatocyte,LECT2,FOS,0.47296187055063277,0.685041807187563,0.2990432330402729,0.4110353085779062
Hepatocyte,LECT2,SON,0.47296187055063277,0.6023991382507545,0.2990432330402729,0.4436362714511497
Hepatocyte,LECT2,TXNIP,0.47296187055063277,0.2613257812379411,0.2990432330402729,0.21809140712139144
Hepatocyte,LECT2,JUND,0.47296187055063277,0.6286435675613038,0.2990432330402729,0.438107275152302
Hepatocyte,LECT2,GNAS,0.47296187055063277,0.6740576302362367,0.2990432330402729,0.4253504035798018
Hepatocyte,LECT2,ACAT2,0.47296187055063277,0.712138438728186,0.2990432330402729,0.4099353551462094
Hepatocyte,LECT2,ZC3H13,0.47296187055063277,0.6417157230799981,0.2990432330402729,0.4462880646629051
Hepatocyte,LECT2,AFM,0.47296187055063277,0.6904314194096639,0.2990432330402729,0.45138251760077874
Hepatocyte,LECT2,HIST1H4C,0.47296187055063277,0.7274151793360265,0.2990432330402729,0.4375464740174223
Hepatocyte,LECT2,TM7SF2,0.47296187055063277,0.7228601133746217,0.2990432330402729,0.44107508704255627
Hepatocyte,LECT2,KLKB1,0.47296187055063277,0.684210683484216,0.2990432330402729,0.45882868791839987
Hepatocyte,LECT2,C14orf1,0.47296187055063277,0.736817284807527,0.2990432330402729,0.444677351397565
Hepatocyte,LECT2,EIF3J,0.47296187055063277,0.6787233057075424,0.2990432330402729,0.4693947034511884
Hepatocyte,LECT2,TMEM97,0.47296187055063277,0.7568600674766531,0.2990432330402729,0.4362302922190936
Hepatocyte,LECT2,GPX3,0.47296187055063277,0.7249320797074799,0.2990432330402729,0.45324158332262077
Hepatocyte,LECT2,EHHADH,0.47296187055063277,0.6848614803943914,0.2990432330402729,0.4728278370447064
Hepatocyte,LECT2,RP11-434D9.1,0.47296187055063277,0.6794534570163491,0.2990432330402729,0.4750197044029455
Hepatocyte,LECT2,MGST2,0.47296187055063277,0.7177282828593528,0.2990432330402729,0.4665110343355018
Hepatocyte,LECT2,FAM213A,0.47296187055063277,0.7092076609491952,0.2990432330402729,0.4824174636318645
Hepatocyte,LECT2,FDFT1,0.47296187055063277,0.7740897883690423,0.2990432330402729,0.4563841138674505
Hepatocyte,LECT2,CUTA,0.47296187055063277,0.7431031095955882,0.2990432330402729,0.47352665964593543
Hepatocyte,LECT2,WDR83OS,0.47296187055063277,0.7717474368306801,0.2990432330402729,0.46329614211894343
Hepatocyte,LECT2,LAMTOR2,0.47296187055063277,0.7355409783323389,0.2990432330402729,0.4793495180205031
Hepatocyte,LECT2,NOP10,0.47296187055063277,0.7501174899366854,0.2990432330402729,0.47355315656752195
Hepatocyte,LECT2,MLXIPL,0.47296187055063277,0.7260800611643954,0.2990432330402729,0.4840757821621045
Hepatocyte,LECT2,RDH11,0.47296187055063277,0.76588131285597,0.2990432330402729,0.4714563496200787
Hepatocyte,LECT2,ACADVL,0.47296187055063277,0.738877607848217,0.2990432330402729,0.48331187125713315
Hepatocyte,LECT2,TM4SF5,0.47296187055063277,0.836303551101898,0.2990432330402729,0.43871827878676506
Hepatocyte,LECT2,AKR1A1,0.47296187055063277,0.7696341902419904,0.2990432330402729,0.4750317569181902
Hepatocyte,LECT2,GJB1,0.47296187055063277,0.7389904780640435,0.2990432330402729,0.48826325418418265
Hepatocyte,LECT2,AKR1C2,0.47296187055063277,0.8390753857637849,0.2990432330402729,0.4383422292997975
Hepatocyte,LECT2,RDH16,0.47296187055063277,0.7329123518457601,0.2990432330402729,0.4917209598492908
Hepatocyte,LECT2,GLYAT,0.47296187055063277,0.7321512026664709,0.2990432330402729,0.4925220098986808
Endothelial,ACO1,CASP3,0.0535715338450107,0.053946370627574645,0.06948119521167495,0.06860187469291776
Endothelial,ACO1,KRT18,0.0535715338450107,0.0653670558336424,0.06948119521167495,0.07001559040171398
Endothelial,ACO1,PDGFB,0.0535715338450107,0.06953608595940444,0.06948119521167495,0.07298217542478885
Endothelial,ACO1,CYP3A4,0.0535715338450107,0.07845711767436098,0.06948119521167495,0.073732814937988
Endothelial,ACO1,FGF2,0.0535715338450107,0.04742328057096204,0.06948119521167495,0.061055906354121725
Endothelial,ACO1,VEGFA,0.0535715338450107,0.0528902388954003,0.06948119521167495,0.05920730517910987
Endothelial,ACO1,CYP2C9,0.0535715338450107,0.08544275487214135,0.06948119521167495,0.07694052654462721
Endothelial,ACO1,HMOX1,0.0535715338450107,0.05433463480362688,0.06948119521167495,0.05734498224553425
Endothelial,ACO1,SMAD3,0.0535715338450107,0.045870935854512566,0.06948119521167495,0.05162704775678954
Endothelial,ACO1,PDGFA,0.0535715338450107,0.03393330464369683,0.06948119521167495,0.048111629613254006
Endothelial,ACO1,GCLM,0.0535715338450107,0.08811970266245664,0.06948119521167495,0.0998860697788857
Endothelial,ACO1,GCLC,0.0535715338450107,0.04486590583576641,0.06948119521167495,0.04442999222199669
Endothelial,ACO1,KRT8,0.0535715338450107,0.038402228874316685,0.06948119521167495,0.04252870341419856
Endothelial,ACO1,KEAP1,0.0535715338450107,0.10583847105672921,0.06948119521167495,0.11978538543898225
Endothelial,ACO1,CES2,0.0535715338450107,0.11735669488418032,0.06948119521167495,0.1239692110179648
Endothelial,ACO1,JCHAIN,0.0535715338450107,0.20997618019703285,0.06948119521167495,0.10885833866221736
Endothelial,ACO1,COL1A2,0.0535715338450107,0.028443218438158967,0.06948119521167495,0.029275529500720793
Endothelial,ACO1,NQO1,0.0535715338450107,0.150759185485517,0.06948119521167495,0.1441225622593639
Endothelial,ACO1,TGFB2,0.0535715338450107,0.016116719340960418,0.06948119521167495,0.020756544632866747
Endothelial,ACO1,CASP8,0.0535715338450107,0.015318187796877866,0.06948119521167495,0.020582877197823063
Endothelial,ACO1,CYP2D6,0.0535715338450107,0.01891951021659672,0.06948119521167495,0.02002129951645207
Endothelial,ACO1,HBA1,0.0535715338450107,0.21302355982849627,0.06948119521167495,0.1698211638772715
Endothelial,ACO1,CAT,0.0535715338450107,0.1870112772667348,0.06948119521167495,0.1801348499780154
Endothelial,ACO1,IGHA1,0.0535715338450107,0.25118902869423176,0.06948119521167495,0.16489436842028887
Endothelial,ACO1,ACTA2,0.0535715338450107,0.017297639057382803,0.06948119521167495,0.01842153225345925
Endothelial,ACO1,LCK,0.0535715338450107,0.01470494613467729,0.06948119521167495,0.017942199371314187
Endothelial,ACO1,SMAD2,0.0535715338450107,0.1852444110575408,0.06948119521167495,0.19573277196767652
Endothelial,ACO1,IGLC2,0.0535715338450107,0.2303501085134642,0.06948119521167495,0.18629988019198682
Endothelial,ACO1,BAX,0.0535715338450107,0.1851077474736701,0.06948119521167495,0.20210638346592877
Endothelial,ACO1,TXNRD1,0.0535715338450107,0.2203299404086962,0.06948119521167495,0.19874116729228045
Endothelial,ACO1,SOD2,0.0535715338450107,0.20632476771614333,0.06948119521167495,0.21188205064126592
Endothelial,ACO1,HBA2,0.0535715338450107,0.2527998162919972,0.06948119521167495,0.20776246520676916
Endothelial,ACO1,TGFB1,0.0535715338450107,0.2143510139241583,0.06948119521167495,0.22510378272552015
Endothelial,ACO1,BCL2,0.0535715338450107,0.014420146278392849,0.06948119521167495,0.013006301935416752
Endothelial,ACO1,KIT,0.0535715338450107,0.017550432306454224,0.06948119521167495,0.012385503908884845
Endothelial,ACO1,PTGDS,0.0535715338450107,0.35826012055719153,0.06948119521167495,0.18710438195405232
Endothelial,ACO1,ABCB1,0.0535715338450107,0.004060108791342953,0.06948119521167495,0.010171155179552766
Endothelial,ACO1,SLC7A11,0.0535715338450107,0.004920542187269999,0.06948119521167495,0.008156869058718364
Endothelial,ACO1,SLC10A1,0.0535715338450107,0.008096831902813784,0.06948119521167495,0.008128339504661618
Endothelial,ACO1,SRC,0.0535715338450107,0.00662579365128445,0.06948119521167495,0.007950665747705091
Endothelial,ACO1,PDGFRB,0.0535715338450107,0.005054489246023243,0.06948119521167495,0.006863718997532788
Endothelial,ACO1,NR4A1,0.0535715338450107,0.3781712348544138,0.06948119521167495,0.2639810575370586
Endothelial,ACO1,COL1A1,0.0535715338450107,0.004245810571377645,0.06948119521167495,0.00650763316697415
Endothelial,ACO1,EHD3,0.0535715338450107,0.37674058407427646,0.06948119521167495,0.2668722687702519
Endothelial,ACO1,EMP1,0.0535715338450107,0.3613042139049889,0.06948119521167495,0.27785917620635847
Endothelial,ACO1,LTC4S,0.0535715338450107,0.3584767929492491,0.06948119521167495,0.28046288024720745
Endothelial,ACO1,APOH,0.0535715338450107,0.37611324938711316,0.06948119521167495,0.28668172370881284
Endothelial,ACO1,UGT1A1,0.0535715338450107,0.0029418825562913904,0.06948119521167495,0.005213109186619121
Endothelial,ACO1,STAB2,0.0535715338450107,0.425273503141816,0.06948119521167495,0.27245364718999604
Endothelial,ACO1,NFE2L2,0.0535715338450107,0.33309142447886475,0.06948119521167495,0.3245111740714125
Endothelial,ASS1,SMAD2,0.17679685518220703,0.1852444110575408,0.19214785688398525,0.19573277196767652
Endothelial,ASS1,BAX,0.17679685518220703,0.1851077474736701,0.19214785688398525,0.20210638346592877
Endothelial,ASS1,CAT,0.17679685518220703,0.1870112772667348,0.19214785688398525,0.1801348499780154
Endothelial,ASS1,SOD2,0.17679685518220703,0.20632476771614333,0.19214785688398525,0.21188205064126592
Endothelial,ASS1,TXNRD1,0.17679685518220703,0.2203299404086962,0.19214785688398525,0.19874116729228045
Endothelial,ASS1,HBA1,0.17679685518220703,0.21302355982849627,0.19214785688398525,0.1698211638772715
Endothelial,ASS1,IGLC2,0.17679685518220703,0.2303501085134642,0.19214785688398525,0.18629988019198682
Endothelial,ASS1,TGFB1,0.17679685518220703,0.2143510139241583,0.19214785688398525,0.22510378272552015
Endothelial,ASS1,HBA2,0.17679685518220703,0.2527998162919972,0.19214785688398525,0.20776246520676916
Endothelial,ASS1,IGHA1,0.17679685518220703,0.25118902869423176,0.19214785688398525,0.16489436842028887
Endothelial,ASS1,NQO1,0.17679685518220703,0.150759185485517,0.19214785688398525,0.1441225622593639
Endothelial,ASS1,CES2,0.17679685518220703,0.11735669488418032,0.19214785688398525,0.1239692110179648
Endothelial,ASS1,KEAP1,0.17679685518220703,0.10583847105672921,0.19214785688398525,0.11978538543898225
Endothelial,ASS1,PTGDS,0.17679685518220703,0.35826012055719153,0.19214785688398525,0.18710438195405232
Endothelial,ASS1,JCHAIN,0.17679685518220703,0.20997618019703285,0.19214785688398525,0.10885833866221736
Endothelial,ASS1,EMP1,0.17679685518220703,0.3613042139049889,0.19214785688398525,0.27785917620635847
Endothelial,ASS1,LTC4S,0.17679685518220703,0.3584767929492491,0.19214785688398525,0.28046288024720745
Endothelial,ASS1,NR4A1,0.17679685518220703,0.3781712348544138,0.19214785688398525,0.2639810575370586
Endothelial,ASS1,GCLM,0.17679685518220703,0.08811970266245664,0.19214785688398525,0.0998860697788857
Endothelial,ASS1,EHD3,0.17679685518220703,0.37674058407427646,0.19214785688398525,0.2668722687702519
Endothelial,ASS1,APOH,0.17679685518220703,0.37611324938711316,0.19214785688398525,0.28668172370881284
Endothelial,ASS1,NFE2L2,0.17679685518220703,0.33309142447886475,0.19214785688398525,0.3245111740714125
Endothelial,ASS1,TM4SF18,0.17679685518220703,0.38846179171563,0.19214785688398525,0.3060825842269933
Endothelial,ASS1,STAB2,0.17679685518220703,0.425273503141816,0.19214785688398525,0.27245364718999604
Endothelial,ASS1,PLAC9,0.17679685518220703,0.40555487803526385,0.19214785688398525,0.30159237231739455
Endothelial,ASS1,LGALS1,0.17679685518220703,0.4191526158557678,0.19214785688398525,0.2950529194463087
Endothelial,ASS1,FABP1,0.17679685518220703,0.4144913926265665,0.19214785688398525,0.30216472979872366
Endothelial,ASS1,CLEC2B,0.17679685518220703,0.3816569717314711,0.19214785688398525,0.33353057318814644
Endothelial,ASS1,HLA-DRA,0.17679685518220703,0.39971188138553704,0.19214785688398525,0.3197056034228491
Endothelial,ASS1,SLC27A3,0.17679685518220703,0.39719565943513985,0.19214785688398525,0.32585710835435205
Endothelial,ASS1,PTGIS,0.17679685518220703,0.41951923111701606,0.19214785688398525,0.3123270308325178
Endothelial,ASS1,NRP1,0.17679685518220703,0.41602431935823636,0.19214785688398525,0.3186089874102641
Endothelial,ASS1,GPM6A,0.17679685518220703,0.38735844092382943,0.19214785688398525,0.34144675054923784
Endothelial,ASS1,CYP2C9,0.17679685518220703,0.08544275487214135,0.19214785688398525,0.07694052654462721
Endothelial,ASS1,LYVE1,0.17679685518220703,0.45989141209308837,0.19214785688398525,0.28022712777957137
Endothelial,ASS1,NID1,0.17679685518220703,0.42237788803011816,0.19214785688398525,0.32727278599710635
Endothelial,ASS1,TMEM88,0.17679685518220703,0.4179844432391203,0.19214785688398525,0.334419417850282
Endothelial,ASS1,CYP3A4,0.17679685518220703,0.07845711767436098,0.19214785688398525,0.073732814937988
Endothelial,ASS1,SC5D,0.17679685518220703,0.43345676503980046,0.19214785688398525,0.325267660279733
Endothelial,ASS1,NPY1R,0.17679685518220703,0.42190255675455635,0.19214785688398525,0.33676858828768774
Endothelial,ASS1,PDGFB,0.17679685518220703,0.06953608595940444,0.19214785688398525,0.07298217542478885
Endothelial,ASS1,HPX,0.17679685518220703,0.4508467821921139,0.19214785688398525,0.32474989723876174
Endothelial,ASS1,CLEC4M,0.17679685518220703,0.5033644718493745,0.19214785688398525,0.27418487015333054
Endothelial,ASS1,KRT18,0.17679685518220703,0.0653670558336424,0.19214785688398525,0.07001559040171398
Endothelial,ASS1,CASP3,0.17679685518220703,0.053946370627574645,0.19214785688398525,0.06860187469291776
Endothelial,ASS1,RBP4,0.17679685518220703,0.4540549917279738,0.19214785688398525,0.34848501287884315
Endothelial,ASS1,C8orf4,0.17679685518220703,0.4700623100257383,0.19214785688398525,0.3352550754439936
Endothelial,ASS1,CCL23,0.17679685518220703,0.48590311795944796,0.19214785688398525,0.32447448958148983
Endothelial,ASS1,SLC25A5,0.17679685518220703,0.4317041786464807,0.19214785688398525,0.3748217848736588
Endothelial,ASS1,C3,0.17679685518220703,0.4814437117774065,0.19214785688398525,0.33844964718170356
Endothelial,FAH,COL1A2,0.030656661376634482,0.028443218438158967,0.029954400112778216,0.029275529500720793
Endothelial,FAH,TGFB2,0.030656661376634482,0.016116719340960418,0.029954400112778216,0.020756544632866747
Endothelial,FAH,KRT8,0.030656661376634482,0.038402228874316685,0.029954400112778216,0.04252870341419856
Endothelial,FAH,CASP8,0.030656661376634482,0.015318187796877866,0.029954400112778216,0.020582877197823063
Endothelial,FAH,CYP2D6,0.030656661376634482,0.01891951021659672,0.029954400112778216,0.02002129951645207
Endothelial,FAH,GCLC,0.030656661376634482,0.04486590583576641,0.029954400112778216,0.04442999222199669
Endothelial,FAH,ACTA2,0.030656661376634482,0.017297639057382803,0.029954400112778216,0.01842153225345925
Endothelial,FAH,PDGFA,0.030656661376634482,0.03393330464369683,0.029954400112778216,0.048111629613254006
Endothelial,FAH,LCK,0.030656661376634482,0.01470494613467729,0.029954400112778216,0.017942199371314187
Endothelial,FAH,SMAD3,0.030656661376634482,0.045870935854512566,0.029954400112778216,0.05162704775678954
Endothelial,FAH,HMOX1,0.030656661376634482,0.05433463480362688,0.029954400112778216,0.05734498224553425
Endothelial,FAH,VEGFA,0.030656661376634482,0.0528902388954003,0.029954400112778216,0.05920730517910987
Endothelial,FAH,FGF2,0.030656661376634482,0.04742328057096204,0.029954400112778216,0.061055906354121725
Endothelial,FAH,BCL2,0.030656661376634482,0.014420146278392849,0.029954400112778216,0.013006301935416752
Endothelial,FAH,KIT,0.030656661376634482,0.017550432306454224,0.029954400112778216,0.012385503908884845
Endothelial,FAH,CASP3,0.030656661376634482,0.053946370627574645,0.029954400112778216,0.06860187469291776
Endothelial,FAH,KRT18,0.030656661376634482,0.0653670558336424,0.029954400112778216,0.07001559040171398
Endothelial,FAH,ABCB1,0.030656661376634482,0.004060108791342953,0.029954400112778216,0.010171155179552766
Endothelial,FAH,PDGFB,0.030656661376634482,0.06953608595940444,0.029954400112778216,0.07298217542478885
Endothelial,FAH,CYP3A4,0.030656661376634482,0.07845711767436098,0.029954400112778216,0.073732814937988
Endothelial,FAH,CYP2C9,0.030656661376634482,0.08544275487214135,0.029954400112778216,0.07694052654462721
Endothelial,FAH,SLC7A11,0.030656661376634482,0.004920542187269999,0.029954400112778216,0.008156869058718364
Endothelial,FAH,SLC10A1,0.030656661376634482,0.008096831902813784,0.029954400112778216,0.008128339504661618
Endothelial,FAH,SRC,0.030656661376634482,0.00662579365128445,0.029954400112778216,0.007950665747705091
Endothelial,FAH,PDGFRB,0.030656661376634482,0.005054489246023243,0.029954400112778216,0.006863718997532788
Endothelial,FAH,COL1A1,0.030656661376634482,0.004245810571377645,0.029954400112778216,0.00650763316697415
Endothelial,FAH,GCLM,0.030656661376634482,0.08811970266245664,0.029954400112778216,0.0998860697788857
Endothelial,FAH,UGT1A1,0.030656661376634482,0.0029418825562913904,0.029954400112778216,0.005213109186619121
Endothelial,FAH,ABCC2,0.030656661376634482,0.0024680857283018868,0.029954400112778216,0.004276729559748427
Endothelial,FAH,KEAP1,0.030656661376634482,0.10583847105672921,0.029954400112778216,0.11978538543898225
Endothelial,FAH,CES2,0.030656661376634482,0.11735669488418032,0.029954400112778216,0.1239692110179648
Endothelial,FAH,JCHAIN,0.030656661376634482,0.20997618019703285,0.029954400112778216,0.10885833866221736
Endothelial,FAH,NQO1,0.030656661376634482,0.150759185485517,0.029954400112778216,0.1441225622593639
Endothelial,FAH,ABCB11,0.030656661376634482,0.0029306629139072846,0.029954400112778216,0.0013245033112582781
Endothelial,FAH,HBA1,0.030656661376634482,0.21302355982849627,0.029954400112778216,0.1698211638772715
Endothelial,FAH,IGHA1,0.030656661376634482,0.25118902869423176,0.029954400112778216,0.16489436842028887
Endothelial,FAH,CAT,0.030656661376634482,0.1870112772667348,0.029954400112778216,0.1801348499780154
Endothelial,FAH,SMAD2,0.030656661376634482,0.1852444110575408,0.029954400112778216,0.19573277196767652
Endothelial,FAH,IGLC2,0.030656661376634482,0.2303501085134642,0.029954400112778216,0.18629988019198682
Endothelial,FAH,BAX,0.030656661376634482,0.1851077474736701,0.029954400112778216,0.20210638346592877
Endothelial,FAH,TXNRD1,0.030656661376634482,0.2203299404086962,0.029954400112778216,0.19874116729228045
Endothelial,FAH,SOD2,0.030656661376634482,0.20632476771614333,0.029954400112778216,0.21188205064126592
Endothelial,FAH,HBA2,0.030656661376634482,0.2527998162919972,0.029954400112778216,0.20776246520676916
Endothelial,FAH,TGFB1,0.030656661376634482,0.2143510139241583,0.029954400112778216,0.22510378272552015
Endothelial,FAH,PTGDS,0.030656661376634482,0.35826012055719153,0.029954400112778216,0.18710438195405232
Endothelial,FAH,NR4A1,0.030656661376634482,0.3781712348544138,0.029954400112778216,0.2639810575370586
Endothelial,FAH,EHD3,0.030656661376634482,0.37674058407427646,0.029954400112778216,0.2668722687702519
Endothelial,FAH,EMP1,0.030656661376634482,0.3613042139049889,0.029954400112778216,0.27785917620635847
Endothelial,FAH,LTC4S,0.030656661376634482,0.3584767929492491,0.029954400112778216,0.28046288024720745
Endothelial,FAH,APOH,0.030656661376634482,0.37611324938711316,0.029954400112778216,0.28668172370881284
Endothelial,CPS1,HMOX1,0.06300179757537944,0.05433463480362688,0.05711600749643468,0.05734498224553425
Endothelial,CPS1,VEGFA,0.06300179757537944,0.0528902388954003,0.05711600749643468,0.05920730517910987
Endothelial,CPS1,FGF2,0.06300179757537944,0.04742328057096204,0.05711600749643468,0.061055906354121725
Endothelial,CPS1,SMAD3,0.06300179757537944,0.045870935854512566,0.05711600749643468,0.05162704775678954
Endothelial,CPS1,CASP3,0.06300179757537944,0.053946370627574645,0.05711600749643468,0.06860187469291776
Endothelial,CPS1,KRT18,0.06300179757537944,0.0653670558336424,0.05711600749643468,0.07001559040171398
Endothelial,CPS1,PDGFA,0.06300179757537944,0.03393330464369683,0.05711600749643468,0.048111629613254006
Endothelial,CPS1,PDGFB,0.06300179757537944,0.06953608595940444,0.05711600749643468,0.07298217542478885
Endothelial,CPS1,GCLC,0.06300179757537944,0.04486590583576641,0.05711600749643468,0.04442999222199669
Endothelial,CPS1,CYP3A4,0.06300179757537944,0.07845711767436098,0.05711600749643468,0.073732814937988
Endothelial,CPS1,KRT8,0.06300179757537944,0.038402228874316685,0.05711600749643468,0.04252870341419856
Endothelial,CPS1,CYP2C9,0.06300179757537944,0.08544275487214135,0.05711600749643468,0.07694052654462721
Endothelial,CPS1,GCLM,0.06300179757537944,0.08811970266245664,0.05711600749643468,0.0998860697788857
Endothelial,CPS1,COL1A2,0.06300179757537944,0.028443218438158967,0.05711600749643468,0.029275529500720793
Endothelial,CPS1,KEAP1,0.06300179757537944,0.10583847105672921,0.05711600749643468,0.11978538543898225
Endothelial,CPS1,CES2,0.06300179757537944,0.11735669488418032,0.05711600749643468,0.1239692110179648
Endothelial,CPS1,JCHAIN,0.06300179757537944,0.20997618019703285,0.05711600749643468,0.10885833866221736
Endothelial,CPS1,TGFB2,0.06300179757537944,0.016116719340960418,0.05711600749643468,0.020756544632866747
Endothelial,CPS1,CASP8,0.06300179757537944,0.015318187796877866,0.05711600749643468,0.020582877197823063
Endothelial,CPS1,CYP2D6,0.06300179757537944,0.01891951021659672,0.05711600749643468,0.02002129951645207
Endothelial,CPS1,ACTA2,0.06300179757537944,0.017297639057382803,0.05711600749643468,0.01842153225345925
Endothelial,CPS1,NQO1,0.06300179757537944,0.150759185485517,0.05711600749643468,0.1441225622593639
Endothelial,CPS1,LCK,0.06300179757537944,0.01470494613467729,0.05711600749643468,0.017942199371314187
Endothelial,CPS1,BCL2,0.06300179757537944,0.014420146278392849,0.05711600749643468,0.013006301935416752
Endothelial,CPS1,HBA1,0.06300179757537944,0.21302355982849627,0.05711600749643468,0.1698211638772715
Endothelial,CPS1,CAT,0.06300179757537944,0.1870112772667348,0.05711600749643468,0.1801348499780154
Endothelial,CPS1,KIT,0.06300179757537944,0.017550432306454224,0.05711600749643468,0.012385503908884845
Endothelial,CPS1,IGHA1,0.06300179757537944,0.25118902869423176,0.05711600749643468,0.16489436842028887
Endothelial,CPS1,SMAD2,0.06300179757537944,0.1852444110575408,0.05711600749643468,0.19573277196767652
Endothelial,CPS1,IGLC2,0.06300179757537944,0.2303501085134642,0.05711600749643468,0.18629988019198682
Endothelial,CPS1,BAX,0.06300179757537944,0.1851077474736701,0.05711600749643468,0.20210638346592877
Endothelial,CPS1,ABCB1,0.06300179757537944,0.004060108791342953,0.05711600749643468,0.010171155179552766
Endothelial,CPS1,TXNRD1,0.06300179757537944,0.2203299404086962,0.05711600749643468,0.19874116729228045
Endothelial,CPS1,SOD2,0.06300179757537944,0.20632476771614333,0.05711600749643468,0.21188205064126592
Endothelial,CPS1,HBA2,0.06300179757537944,0.2527998162919972,0.05711600749643468,0.20776246520676916
Endothelial,CPS1,TGFB1,0.06300179757537944,0.2143510139241583,0.05711600749643468,0.22510378272552015
Endothelial,CPS1,SLC7A11,0.06300179757537944,0.004920542187269999,0.05711600749643468,0.008156869058718364
Endothelial,CPS1,SLC10A1,0.06300179757537944,0.008096831902813784,0.05711600749643468,0.008128339504661618
Endothelial,CPS1,SRC,0.06300179757537944,0.00662579365128445,0.05711600749643468,0.007950665747705091
Endothelial,CPS1,PTGDS,0.06300179757537944,0.35826012055719153,0.05711600749643468,0.18710438195405232
Endothelial,CPS1,PDGFRB,0.06300179757537944,0.005054489246023243,0.05711600749643468,0.006863718997532788
Endothelial,CPS1,COL1A1,0.06300179757537944,0.004245810571377645,0.05711600749643468,0.00650763316697415
Endothelial,CPS1,UGT1A1,0.06300179757537944,0.0029418825562913904,0.05711600749643468,0.005213109186619121
Endothelial,CPS1,ABCC2,0.06300179757537944,0.0024680857283018868,0.05711600749643468,0.004276729559748427
Endothelial,CPS1,NR4A1,0.06300179757537944,0.3781712348544138,0.05711600749643468,0.2639810575370586
Endothelial,CPS1,EHD3,0.06300179757537944,0.37674058407427646,0.05711600749643468,0.2668722687702519
Endothelial,CPS1,EMP1,0.06300179757537944,0.3613042139049889,0.05711600749643468,0.27785917620635847
Endothelial,CPS1,LTC4S,0.06300179757537944,0.3584767929492491,0.05711600749643468,0.28046288024720745
Endothelial,CPS1,APOH,0.06300179757537944,0.37611324938711316,0.05711600749643468,0.28668172370881284
Endothelial,CPS1,STAB2,0.06300179757537944,0.425273503141816,0.05711600749643468,0.27245364718999604
Endothelial,ALDOB,HBA1,0.18903496701221265,0.21302355982849627,0.1645781988051615,0.1698211638772715
Endothelial,ALDOB,CAT,0.18903496701221265,0.1870112772667348,0.1645781988051615,0.1801348499780154
Endothelial,ALDOB,SMAD2,0.18903496701221265,0.1852444110575408,0.1645781988051615,0.19573277196767652
Endothelial,ALDOB,NQO1,0.18903496701221265,0.150759185485517,0.1645781988051615,0.1441225622593639
Endothelial,ALDOB,IGLC2,0.18903496701221265,0.2303501085134642,0.1645781988051615,0.18629988019198682
Endothelial,ALDOB,IGHA1,0.18903496701221265,0.25118902869423176,0.1645781988051615,0.16489436842028887
Endothelial,ALDOB,BAX,0.18903496701221265,0.1851077474736701,0.1645781988051615,0.20210638346592877
Endothelial,ALDOB,TXNRD1,0.18903496701221265,0.2203299404086962,0.1645781988051615,0.19874116729228045
Endothelial,ALDOB,SOD2,0.18903496701221265,0.20632476771614333,0.1645781988051615,0.21188205064126592
Endothelial,ALDOB,HBA2,0.18903496701221265,0.2527998162919972,0.1645781988051615,0.20776246520676916
Endothelial,ALDOB,TGFB1,0.18903496701221265,0.2143510139241583,0.1645781988051615,0.22510378272552015
Endothelial,ALDOB,CES2,0.18903496701221265,0.11735669488418032,0.1645781988051615,0.1239692110179648
Endothelial,ALDOB,JCHAIN,0.18903496701221265,0.20997618019703285,0.1645781988051615,0.10885833866221736
Endothelial,ALDOB,KEAP1,0.18903496701221265,0.10583847105672921,0.1645781988051615,0.11978538543898225
Endothelial,ALDOB,PTGDS,0.18903496701221265,0.35826012055719153,0.1645781988051615,0.18710438195405232
Endothelial,ALDOB,GCLM,0.18903496701221265,0.08811970266245664,0.1645781988051615,0.0998860697788857
Endothelial,ALDOB,NR4A1,0.18903496701221265,0.3781712348544138,0.1645781988051615,0.2639810575370586
Endothelial,ALDOB,EHD3,0.18903496701221265,0.37674058407427646,0.1645781988051615,0.2668722687702519
Endothelial,ALDOB,EMP1,0.18903496701221265,0.3613042139049889,0.1645781988051615,0.27785917620635847
Endothelial,ALDOB,LTC4S,0.18903496701221265,0.3584767929492491,0.1645781988051615,0.28046288024720745
Endothelial,ALDOB,CYP2C9,0.18903496701221265,0.08544275487214135,0.1645781988051615,0.07694052654462721
Endothelial,ALDOB,APOH,0.18903496701221265,0.37611324938711316,0.1645781988051615,0.28668172370881284
Endothelial,ALDOB,CYP3A4,0.18903496701221265,0.07845711767436098,0.1645781988051615,0.073732814937988
Endothelial,ALDOB,PDGFB,0.18903496701221265,0.06953608595940444,0.1645781988051615,0.07298217542478885
Endothelial,ALDOB,NFE2L2,0.18903496701221265,0.33309142447886475,0.1645781988051615,0.3245111740714125
Endothelial,ALDOB,STAB2,0.18903496701221265,0.425273503141816,0.1645781988051615,0.27245364718999604
Endothelial,ALDOB,KRT18,0.18903496701221265,0.0653670558336424,0.1645781988051615,0.07001559040171398
Endothelial,ALDOB,TM4SF18,0.18903496701221265,0.38846179171563,0.1645781988051615,0.3060825842269933
Endothelial,ALDOB,PLAC9,0.18903496701221265,0.40555487803526385,0.1645781988051615,0.30159237231739455
Endothelial,ALDOB,LGALS1,0.18903496701221265,0.4191526158557678,0.1645781988051615,0.2950529194463087
Endothelial,ALDOB,CASP3,0.18903496701221265,0.053946370627574645,0.1645781988051615,0.06860187469291776
Endothelial,ALDOB,FABP1,0.18903496701221265,0.4144913926265665,0.1645781988051615,0.30216472979872366
Endothelial,ALDOB,HLA-DRA,0.18903496701221265,0.39971188138553704,0.1645781988051615,0.3197056034228491
Endothelial,ALDOB,CLEC2B,0.18903496701221265,0.3816569717314711,0.1645781988051615,0.33353057318814644
Endothelial,ALDOB,LYVE1,0.18903496701221265,0.45989141209308837,0.1645781988051615,0.28022712777957137
Endothelial,ALDOB,SLC27A3,0.18903496701221265,0.39719565943513985,0.1645781988051615,0.32585710835435205
Endothelial,ALDOB,PTGIS,0.18903496701221265,0.41951923111701606,0.1645781988051615,0.3123270308325178
Endothelial,ALDOB,NRP1,0.18903496701221265,0.41602431935823636,0.1645781988051615,0.3186089874102641
Endothelial,ALDOB,GPM6A,0.18903496701221265,0.38735844092382943,0.1645781988051615,0.34144675054923784
Endothelial,ALDOB,NID1,0.18903496701221265,0.42237788803011816,0.1645781988051615,0.32727278599710635
Endothelial,ALDOB,FGF2,0.18903496701221265,0.04742328057096204,0.1645781988051615,0.061055906354121725
Endothelial,ALDOB,TMEM88,0.18903496701221265,0.4179844432391203,0.1645781988051615,0.334419417850282
Endothelial,ALDOB,SC5D,0.18903496701221265,0.43345676503980046,0.1645781988051615,0.325267660279733
Endothelial,ALDOB,VEGFA,0.18903496701221265,0.0528902388954003,0.1645781988051615,0.05920730517910987
Endothelial,ALDOB,NPY1R,0.18903496701221265,0.42190255675455635,0.1645781988051615,0.33676858828768774
Endothelial,ALDOB,CLEC4M,0.18903496701221265,0.5033644718493745,0.1645781988051615,0.27418487015333054
Endothelial,ALDOB,HMOX1,0.18903496701221265,0.05433463480362688,0.1645781988051615,0.05734498224553425
Endothelial,ALDOB,HPX,0.18903496701221265,0.4508467821921139,0.1645781988051615,0.32474989723876174
Endothelial,ALDOB,C8orf4,0.18903496701221265,0.4700623100257383,0.1645781988051615,0.3352550754439936
Endothelial,ALDOB,CCL23,0.18903496701221265,0.48590311795944796,0.1645781988051615,0.32447448958148983
Endothelial,HPD,KEAP1,0.11445230141252882,0.10583847105672921,0.11648435569693039,0.11978538543898225
Endothelial,HPD,CES2,0.11445230141252882,0.11735669488418032,0.11648435569693039,0.1239692110179648
Endothelial,HPD,GCLM,0.11445230141252882,0.08811970266245664,0.11648435569693039,0.0998860697788857
Endothelial,HPD,NQO1,0.11445230141252882,0.150759185485517,0.11648435569693039,0.1441225622593639
Endothelial,HPD,JCHAIN,0.11445230141252882,0.20997618019703285,0.11648435569693039,0.10885833866221736
Endothelial,HPD,CYP2C9,0.11445230141252882,0.08544275487214135,0.11648435569693039,0.07694052654462721
Endothelial,HPD,CYP3A4,0.11445230141252882,0.07845711767436098,0.11648435569693039,0.073732814937988
Endothelial,HPD,PDGFB,0.11445230141252882,0.06953608595940444,0.11648435569693039,0.07298217542478885
Endothelial,HPD,KRT18,0.11445230141252882,0.0653670558336424,0.11648435569693039,0.07001559040171398
Endothelial,HPD,CAT,0.11445230141252882,0.1870112772667348,0.11648435569693039,0.1801348499780154
Endothelial,HPD,HBA1,0.11445230141252882,0.21302355982849627,0.11648435569693039,0.1698211638772715
Endothelial,HPD,CASP3,0.11445230141252882,0.053946370627574645,0.11648435569693039,0.06860187469291776
Endothelial,HPD,IGHA1,0.11445230141252882,0.25118902869423176,0.11648435569693039,0.16489436842028887
Endothelial,HPD,SMAD2,0.11445230141252882,0.1852444110575408,0.11648435569693039,0.19573277196767652
Endothelial,HPD,BAX,0.11445230141252882,0.1851077474736701,0.11648435569693039,0.20210638346592877
Endothelial,HPD,IGLC2,0.11445230141252882,0.2303501085134642,0.11648435569693039,0.18629988019198682
Endothelial,HPD,FGF2,0.11445230141252882,0.04742328057096204,0.11648435569693039,0.061055906354121725
Endothelial,HPD,TXNRD1,0.11445230141252882,0.2203299404086962,0.11648435569693039,0.19874116729228045
Endothelial,HPD,VEGFA,0.11445230141252882,0.0528902388954003,0.11648435569693039,0.05920730517910987
Endothelial,HPD,HMOX1,0.11445230141252882,0.05433463480362688,0.11648435569693039,0.05734498224553425
Endothelial,HPD,SOD2,0.11445230141252882,0.20632476771614333,0.11648435569693039,0.21188205064126592
Endothelial,HPD,HBA2,0.11445230141252882,0.2527998162919972,0.11648435569693039,0.20776246520676916
Endothelial,HPD,TGFB1,0.11445230141252882,0.2143510139241583,0.11648435569693039,0.22510378272552015
Endothelial,HPD,SMAD3,0.11445230141252882,0.045870935854512566,0.11648435569693039,0.05162704775678954
Endothelial,HPD,PDGFA,0.11445230141252882,0.03393330464369683,0.11648435569693039,0.048111629613254006
Endothelial,HPD,GCLC,0.11445230141252882,0.04486590583576641,0.11648435569693039,0.04442999222199669
Endothelial,HPD,PTGDS,0.11445230141252882,0.35826012055719153,0.11648435569693039,0.18710438195405232
Endothelial,HPD,KRT8,0.11445230141252882,0.038402228874316685,0.11648435569693039,0.04252870341419856
Endothelial,HPD,NR4A1,0.11445230141252882,0.3781712348544138,0.11648435569693039,0.2639810575370586
Endothelial,HPD,EHD3,0.11445230141252882,0.37674058407427646,0.11648435569693039,0.2668722687702519
Endothelial,HPD,EMP1,0.11445230141252882,0.3613042139049889,0.11648435569693039,0.27785917620635847
Endothelial,HPD,LTC4S,0.11445230141252882,0.3584767929492491,0.11648435569693039,0.28046288024720745
Endothelial,HPD,COL1A2,0.11445230141252882,0.028443218438158967,0.11648435569693039,0.029275529500720793
Endothelial,HPD,APOH,0.11445230141252882,0.37611324938711316,0.11648435569693039,0.28668172370881284
Endothelial,HPD,NFE2L2,0.11445230141252882,0.33309142447886475,0.11648435569693039,0.3245111740714125
Endothelial,HPD,STAB2,0.11445230141252882,0.425273503141816,0.11648435569693039,0.27245364718999604
Endothelial,HPD,TM4SF18,0.11445230141252882,0.38846179171563,0.11648435569693039,0.3060825842269933
Endothelial,HPD,PLAC9,0.11445230141252882,0.40555487803526385,0.11648435569693039,0.30159237231739455
Endothelial,HPD,LGALS1,0.11445230141252882,0.4191526158557678,0.11648435569693039,0.2950529194463087
Endothelial,HPD,FABP1,0.11445230141252882,0.4144913926265665,0.11648435569693039,0.30216472979872366
Endothelial,HPD,LYVE1,0.11445230141252882,0.45989141209308837,0.11648435569693039,0.28022712777957137
Endothelial,HPD,HLA-DRA,0.11445230141252882,0.39971188138553704,0.11648435569693039,0.3197056034228491
Endothelial,HPD,CLEC2B,0.11445230141252882,0.3816569717314711,0.11648435569693039,0.33353057318814644
Endothelial,HPD,PTGIS,0.11445230141252882,0.41951923111701606,0.11648435569693039,0.3123270308325178
Endothelial,HPD,SLC27A3,0.11445230141252882,0.39719565943513985,0.11648435569693039,0.32585710835435205
Endothelial,HPD,NRP1,0.11445230141252882,0.41602431935823636,0.11648435569693039,0.3186089874102641
Endothelial,HPD,GPM6A,0.11445230141252882,0.38735844092382943,0.11648435569693039,0.34144675054923784
Endothelial,HPD,NID1,0.11445230141252882,0.42237788803011816,0.11648435569693039,0.32727278599710635
Endothelial,HPD,CLEC4M,0.11445230141252882,0.5033644718493745,0.11648435569693039,0.27418487015333054
Endothelial,HPD,TMEM88,0.11445230141252882,0.4179844432391203,0.11648435569693039,0.334419417850282
Endothelial,OTC,CYP2C9,0.08450588154045777,0.08544275487214135,0.08661079159794716,0.07694052654462721
Endothelial,OTC,GCLM,0.08450588154045777,0.08811970266245664,0.08661079159794716,0.0998860697788857
Endothelial,OTC,CYP3A4,0.08450588154045777,0.07845711767436098,0.08661079159794716,0.073732814937988
Endothelial,OTC,PDGFB,0.08450588154045777,0.06953608595940444,0.08661079159794716,0.07298217542478885
Endothelial,OTC,KRT18,0.08450588154045777,0.0653670558336424,0.08661079159794716,0.07001559040171398
Endothelial,OTC,CASP3,0.08450588154045777,0.053946370627574645,0.08661079159794716,0.06860187469291776
Endothelial,OTC,KEAP1,0.08450588154045777,0.10583847105672921,0.08661079159794716,0.11978538543898225
Endothelial,OTC,FGF2,0.08450588154045777,0.04742328057096204,0.08661079159794716,0.061055906354121725
Endothelial,OTC,CES2,0.08450588154045777,0.11735669488418032,0.08661079159794716,0.1239692110179648
Endothelial,OTC,VEGFA,0.08450588154045777,0.0528902388954003,0.08661079159794716,0.05920730517910987
Endothelial,OTC,HMOX1,0.08450588154045777,0.05433463480362688,0.08661079159794716,0.05734498224553425
Endothelial,OTC,SMAD3,0.08450588154045777,0.045870935854512566,0.08661079159794716,0.05162704775678954
Endothelial,OTC,JCHAIN,0.08450588154045777,0.20997618019703285,0.08661079159794716,0.10885833866221736
Endothelial,OTC,NQO1,0.08450588154045777,0.150759185485517,0.08661079159794716,0.1441225622593639
Endothelial,OTC,PDGFA,0.08450588154045777,0.03393330464369683,0.08661079159794716,0.048111629613254006
Endothelial,OTC,GCLC,0.08450588154045777,0.04486590583576641,0.08661079159794716,0.04442999222199669
Endothelial,OTC,KRT8,0.08450588154045777,0.038402228874316685,0.08661079159794716,0.04252870341419856
Endothelial,OTC,HBA1,0.08450588154045777,0.21302355982849627,0.08661079159794716,0.1698211638772715
Endothelial,OTC,CAT,0.08450588154045777,0.1870112772667348,0.08661079159794716,0.1801348499780154
Endothelial,OTC,IGHA1,0.08450588154045777,0.25118902869423176,0.08661079159794716,0.16489436842028887
Endothelial,OTC,SMAD2,0.08450588154045777,0.1852444110575408,0.08661079159794716,0.19573277196767652
Endothelial,OTC,IGLC2,0.08450588154045777,0.2303501085134642,0.08661079159794716,0.18629988019198682
Endothelial,OTC,BAX,0.08450588154045777,0.1851077474736701,0.08661079159794716,0.20210638346592877
Endothelial,OTC,TXNRD1,0.08450588154045777,0.2203299404086962,0.08661079159794716,0.19874116729228045
Endothelial,OTC,COL1A2,0.08450588154045777,0.028443218438158967,0.08661079159794716,0.029275529500720793
Endothelial,OTC,SOD2,0.08450588154045777,0.20632476771614333,0.08661079159794716,0.21188205064126592
Endothelial,OTC,HBA2,0.08450588154045777,0.2527998162919972,0.08661079159794716,0.20776246520676916
Endothelial,OTC,TGFB1,0.08450588154045777,0.2143510139241583,0.08661079159794716,0.22510378272552015
Endothelial,OTC,PTGDS,0.08450588154045777,0.35826012055719153,0.08661079159794716,0.18710438195405232
Endothelial,OTC,TGFB2,0.08450588154045777,0.016116719340960418,0.08661079159794716,0.020756544632866747
Endothelial,OTC,CASP8,0.08450588154045777,0.015318187796877866,0.08661079159794716,0.020582877197823063
Endothelial,OTC,CYP2D6,0.08450588154045777,0.01891951021659672,0.08661079159794716,0.02002129951645207
Endothelial,OTC,ACTA2,0.08450588154045777,0.017297639057382803,0.08661079159794716,0.01842153225345925
Endothelial,OTC,LCK,0.08450588154045777,0.01470494613467729,0.08661079159794716,0.017942199371314187
Endothelial,OTC,NR4A1,0.08450588154045777,0.3781712348544138,0.08661079159794716,0.2639810575370586
Endothelial,OTC,EHD3,0.08450588154045777,0.37674058407427646,0.08661079159794716,0.2668722687702519
Endothelial,OTC,EMP1,0.08450588154045777,0.3613042139049889,0.08661079159794716,0.27785917620635847
Endothelial,OTC,LTC4S,0.08450588154045777,0.3584767929492491,0.08661079159794716,0.28046288024720745
Endothelial,OTC,BCL2,0.08450588154045777,0.014420146278392849,0.08661079159794716,0.013006301935416752
Endothelial,OTC,KIT,0.08450588154045777,0.017550432306454224,0.08661079159794716,0.012385503908884845
Endothelial,OTC,APOH,0.08450588154045777,0.37611324938711316,0.08661079159794716,0.28668172370881284
Endothelial,OTC,STAB2,0.08450588154045777,0.425273503141816,0.08661079159794716,0.27245364718999604
Endothelial,OTC,NFE2L2,0.08450588154045777,0.33309142447886475,0.08661079159794716,0.3245111740714125
Endothelial,OTC,TM4SF18,0.08450588154045777,0.38846179171563,0.08661079159794716,0.3060825842269933
Endothelial,OTC,PLAC9,0.08450588154045777,0.40555487803526385,0.08661079159794716,0.30159237231739455
Endothelial,OTC,LGALS1,0.08450588154045777,0.4191526158557678,0.08661079159794716,0.2950529194463087
Endothelial,OTC,FABP1,0.08450588154045777,0.4144913926265665,0.08661079159794716,0.30216472979872366
Endothelial,OTC,ABCB1,0.08450588154045777,0.004060108791342953,0.08661079159794716,0.010171155179552766
Endothelial,OTC,LYVE1,0.08450588154045777,0.45989141209308837,0.08661079159794716,0.28022712777957137
Endothelial,OTC,HLA-DRA,0.08450588154045777,0.39971188138553704,0.08661079159794716,0.3197056034228491
Endothelial,DMGDH,UGT1A1,0.005694948258333334,0.0029418825562913904,0.005686274509803921,0.005213109186619121
Endothelial,DMGDH,COL1A1,0.005694948258333334,0.004245810571377645,0.005686274509803921,0.00650763316697415
Endothelial,DMGDH,PDGFRB,0.005694948258333334,0.005054489246023243,0.005686274509803921,0.006863718997532788
Endothelial,DMGDH,ABCC2,0.005694948258333334,0.0024680857283018868,0.005686274509803921,0.004276729559748427
Endothelial,DMGDH,SRC,0.005694948258333334,0.00662579365128445,0.005686274509803921,0.007950665747705091
Endothelial,DMGDH,SLC10A1,0.005694948258333334,0.008096831902813784,0.005686274509803921,0.008128339504661618
Endothelial,DMGDH,SLC7A11,0.005694948258333334,0.004920542187269999,0.005686274509803921,0.008156869058718364
Endothelial,DMGDH,ABCB1,0.005694948258333334,0.004060108791342953,0.005686274509803921,0.010171155179552766
Endothelial,DMGDH,KIT,0.005694948258333334,0.017550432306454224,0.005686274509803921,0.012385503908884845
Endothelial,DMGDH,ABCB11,0.005694948258333334,0.0029306629139072846,0.005686274509803921,0.0013245033112582781
Endothelial,DMGDH,BCL2,0.005694948258333334,0.014420146278392849,0.005686274509803921,0.013006301935416752
Endothelial,DMGDH,LCK,0.005694948258333334,0.01470494613467729,0.005686274509803921,0.017942199371314187
Endothelial,DMGDH,ACTA2,0.005694948258333334,0.017297639057382803,0.005686274509803921,0.01842153225345925
Endothelial,DMGDH,CYP2D6,0.005694948258333334,0.01891951021659672,0.005686274509803921,0.02002129951645207
Endothelial,DMGDH,CASP8,0.005694948258333334,0.015318187796877866,0.005686274509803921,0.020582877197823063
Endothelial,DMGDH,TGFB2,0.005694948258333334,0.016116719340960418,0.005686274509803921,0.020756544632866747
Endothelial,DMGDH,COL1A2,0.005694948258333334,0.028443218438158967,0.005686274509803921,0.029275529500720793
Endothelial,DMGDH,KRT8,0.005694948258333334,0.038402228874316685,0.005686274509803921,0.04252870341419856
Endothelial,DMGDH,GCLC,0.005694948258333334,0.04486590583576641,0.005686274509803921,0.04442999222199669
Endothelial,DMGDH,PDGFA,0.005694948258333334,0.03393330464369683,0.005686274509803921,0.048111629613254006
Endothelial,DMGDH,SMAD3,0.005694948258333334,0.045870935854512566,0.005686274509803921,0.05162704775678954
Endothelial,DMGDH,HMOX1,0.005694948258333334,0.05433463480362688,0.005686274509803921,0.05734498224553425
Endothelial,DMGDH,VEGFA,0.005694948258333334,0.0528902388954003,0.005686274509803921,0.05920730517910987
Endothelial,DMGDH,FGF2,0.005694948258333334,0.04742328057096204,0.005686274509803921,0.061055906354121725
Endothelial,DMGDH,CASP3,0.005694948258333334,0.053946370627574645,0.005686274509803921,0.06860187469291776
Endothelial,DMGDH,KRT18,0.005694948258333334,0.0653670558336424,0.005686274509803921,0.07001559040171398
Endothelial,DMGDH,PDGFB,0.005694948258333334,0.06953608595940444,0.005686274509803921,0.07298217542478885
Endothelial,DMGDH,CYP3A4,0.005694948258333334,0.07845711767436098,0.005686274509803921,0.073732814937988
Endothelial,DMGDH,CYP2C9,0.005694948258333334,0.08544275487214135,0.005686274509803921,0.07694052654462721
Endothelial,DMGDH,GCLM,0.005694948258333334,0.08811970266245664,0.005686274509803921,0.0998860697788857
Endothelial,DMGDH,JCHAIN,0.005694948258333334,0.20997618019703285,0.005686274509803921,0.10885833866221736
Endothelial,DMGDH,KEAP1,0.005694948258333334,0.10583847105672921,0.005686274509803921,0.11978538543898225
Endothelial,DMGDH,CES2,0.005694948258333334,0.11735669488418032,0.005686274509803921,0.1239692110179648
Endothelial,DMGDH,NQO1,0.005694948258333334,0.150759185485517,0.005686274509803921,0.1441225622593639
Endothelial,DMGDH,HBA1,0.005694948258333334,0.21302355982849627,0.005686274509803921,0.1698211638772715
Endothelial,DMGDH,IGHA1,0.005694948258333334,0.25118902869423176,0.005686274509803921,0.16489436842028887
Endothelial,DMGDH,CAT,0.005694948258333334,0.1870112772667348,0.005686274509803921,0.1801348499780154
Endothelial,DMGDH,IGLC2,0.005694948258333334,0.2303501085134642,0.005686274509803921,0.18629988019198682
Endothelial,DMGDH,SMAD2,0.005694948258333334,0.1852444110575408,0.005686274509803921,0.19573277196767652
Endothelial,DMGDH,BAX,0.005694948258333334,0.1851077474736701,0.005686274509803921,0.20210638346592877
Endothelial,DMGDH,TXNRD1,0.005694948258333334,0.2203299404086962,0.005686274509803921,0.19874116729228045
Endothelial,DMGDH,SOD2,0.005694948258333334,0.20632476771614333,0.005686274509803921,0.21188205064126592
Endothelial,DMGDH,HBA2,0.005694948258333334,0.2527998162919972,0.005686274509803921,0.20776246520676916
Endothelial,DMGDH,PTGDS,0.005694948258333334,0.35826012055719153,0.005686274509803921,0.18710438195405232
Endothelial,DMGDH,TGFB1,0.005694948258333334,0.2143510139241583,0.005686274509803921,0.22510378272552015
Endothelial,DMGDH,NR4A1,0.005694948258333334,0.3781712348544138,0.005686274509803921,0.2639810575370586
Endothelial,DMGDH,EHD3,0.005694948258333334,0.37674058407427646,0.005686274509803921,0.2668722687702519
Endothelial,DMGDH,EMP1,0.005694948258333334,0.3613042139049889,0.005686274509803921,0.27785917620635847
Endothelial,DMGDH,LTC4S,0.005694948258333334,0.3584767929492491,0.005686274509803921,0.28046288024720745
Endothelial,DMGDH,STAB2,0.005694948258333334,0.425273503141816,0.005686274509803921,0.27245364718999604
Endothelial,GSTA1,CYP3A4,0.07598841139963095,0.07845711767436098,0.07360303988568388,0.073732814937988
Endothelial,GSTA1,PDGFB,0.07598841139963095,0.06953608595940444,0.07360303988568388,0.07298217542478885
Endothelial,GSTA1,CYP2C9,0.07598841139963095,0.08544275487214135,0.07360303988568388,0.07694052654462721
Endothelial,GSTA1,KRT18,0.07598841139963095,0.0653670558336424,0.07360303988568388,0.07001559040171398
Endothelial,GSTA1,CASP3,0.07598841139963095,0.053946370627574645,0.07360303988568388,0.06860187469291776
Endothelial,GSTA1,FGF2,0.07598841139963095,0.04742328057096204,0.07360303988568388,0.061055906354121725
Endothelial,GSTA1,VEGFA,0.07598841139963095,0.0528902388954003,0.07360303988568388,0.05920730517910987
Endothelial,GSTA1,HMOX1,0.07598841139963095,0.05433463480362688,0.07360303988568388,0.05734498224553425
Endothelial,GSTA1,GCLM,0.07598841139963095,0.08811970266245664,0.07360303988568388,0.0998860697788857
Endothelial,GSTA1,SMAD3,0.07598841139963095,0.045870935854512566,0.07360303988568388,0.05162704775678954
Endothelial,GSTA1,PDGFA,0.07598841139963095,0.03393330464369683,0.07360303988568388,0.048111629613254006
Endothelial,GSTA1,GCLC,0.07598841139963095,0.04486590583576641,0.07360303988568388,0.04442999222199669
Endothelial,GSTA1,KEAP1,0.07598841139963095,0.10583847105672921,0.07360303988568388,0.11978538543898225
Endothelial,GSTA1,KRT8,0.07598841139963095,0.038402228874316685,0.07360303988568388,0.04252870341419856
Endothelial,GSTA1,CES2,0.07598841139963095,0.11735669488418032,0.07360303988568388,0.1239692110179648
Endothelial,GSTA1,JCHAIN,0.07598841139963095,0.20997618019703285,0.07360303988568388,0.10885833866221736
Endothelial,GSTA1,NQO1,0.07598841139963095,0.150759185485517,0.07360303988568388,0.1441225622593639
Endothelial,GSTA1,COL1A2,0.07598841139963095,0.028443218438158967,0.07360303988568388,0.029275529500720793
Endothelial,GSTA1,HBA1,0.07598841139963095,0.21302355982849627,0.07360303988568388,0.1698211638772715
Endothelial,GSTA1,CAT,0.07598841139963095,0.1870112772667348,0.07360303988568388,0.1801348499780154
Endothelial,GSTA1,IGHA1,0.07598841139963095,0.25118902869423176,0.07360303988568388,0.16489436842028887
Endothelial,GSTA1,SMAD2,0.07598841139963095,0.1852444110575408,0.07360303988568388,0.19573277196767652
Endothelial,GSTA1,IGLC2,0.07598841139963095,0.2303501085134642,0.07360303988568388,0.18629988019198682
Endothelial,GSTA1,BAX,0.07598841139963095,0.1851077474736701,0.07360303988568388,0.20210638346592877
Endothelial,GSTA1,TGFB2,0.07598841139963095,0.016116719340960418,0.07360303988568388,0.020756544632866747
Endothelial,GSTA1,CASP8,0.07598841139963095,0.015318187796877866,0.07360303988568388,0.020582877197823063
Endothelial,GSTA1,CYP2D6,0.07598841139963095,0.01891951021659672,0.07360303988568388,0.02002129951645207
Endothelial,GSTA1,TXNRD1,0.07598841139963095,0.2203299404086962,0.07360303988568388,0.19874116729228045
Endothelial,GSTA1,SOD2,0.07598841139963095,0.20632476771614333,0.07360303988568388,0.21188205064126592
Endothelial,GSTA1,ACTA2,0.07598841139963095,0.017297639057382803,0.07360303988568388,0.01842153225345925
Endothelial,GSTA1,LCK,0.07598841139963095,0.01470494613467729,0.07360303988568388,0.017942199371314187
Endothelial,GSTA1,HBA2,0.07598841139963095,0.2527998162919972,0.07360303988568388,0.20776246520676916
Endothelial,GSTA1,TGFB1,0.07598841139963095,0.2143510139241583,0.07360303988568388,0.22510378272552015
Endothelial,GSTA1,PTGDS,0.07598841139963095,0.35826012055719153,0.07360303988568388,0.18710438195405232
Endothelial,GSTA1,BCL2,0.07598841139963095,0.014420146278392849,0.07360303988568388,0.013006301935416752
Endothelial,GSTA1,KIT,0.07598841139963095,0.017550432306454224,0.07360303988568388,0.012385503908884845
Endothelial,GSTA1,ABCB1,0.07598841139963095,0.004060108791342953,0.07360303988568388,0.010171155179552766
Endothelial,GSTA1,NR4A1,0.07598841139963095,0.3781712348544138,0.07360303988568388,0.2639810575370586
Endothelial,GSTA1,EHD3,0.07598841139963095,0.37674058407427646,0.07360303988568388,0.2668722687702519
Endothelial,GSTA1,EMP1,0.07598841139963095,0.3613042139049889,0.07360303988568388,0.27785917620635847
Endothelial,GSTA1,LTC4S,0.07598841139963095,0.3584767929492491,0.07360303988568388,0.28046288024720745
Endothelial,GSTA1,SLC10A1,0.07598841139963095,0.008096831902813784,0.07360303988568388,0.008128339504661618
Endothelial,GSTA1,SLC7A11,0.07598841139963095,0.004920542187269999,0.07360303988568388,0.008156869058718364
Endothelial,GSTA1,SRC,0.07598841139963095,0.00662579365128445,0.07360303988568388,0.007950665747705091
Endothelial,GSTA1,APOH,0.07598841139963095,0.37611324938711316,0.07360303988568388,0.28668172370881284
Endothelial,GSTA1,STAB2,0.07598841139963095,0.425273503141816,0.07360303988568388,0.27245364718999604
Endothelial,GSTA1,PDGFRB,0.07598841139963095,0.005054489246023243,0.07360303988568388,0.006863718997532788
Endothelial,GSTA1,NFE2L2,0.07598841139963095,0.33309142447886475,0.07360303988568388,0.3245111740714125
Endothelial,GSTA1,COL1A1,0.07598841139963095,0.004245810571377645,0.07360303988568388,0.00650763316697415
Endothelial,GSTA1,TM4SF18,0.07598841139963095,0.38846179171563,0.07360303988568388,0.3060825842269933
Endothelial,FBP1,KRT8,0.03420597159915635,0.038402228874316685,0.038330323055701776,0.04252870341419856
Endothelial,FBP1,GCLC,0.03420597159915635,0.04486590583576641,0.038330323055701776,0.04442999222199669
Endothelial,FBP1,PDGFA,0.03420597159915635,0.03393330464369683,0.038330323055701776,0.048111629613254006
Endothelial,FBP1,COL1A2,0.03420597159915635,0.028443218438158967,0.038330323055701776,0.029275529500720793
Endothelial,FBP1,SMAD3,0.03420597159915635,0.045870935854512566,0.038330323055701776,0.05162704775678954
Endothelial,FBP1,HMOX1,0.03420597159915635,0.05433463480362688,0.038330323055701776,0.05734498224553425
Endothelial,FBP1,VEGFA,0.03420597159915635,0.0528902388954003,0.038330323055701776,0.05920730517910987
Endothelial,FBP1,FGF2,0.03420597159915635,0.04742328057096204,0.038330323055701776,0.061055906354121725
Endothelial,FBP1,TGFB2,0.03420597159915635,0.016116719340960418,0.038330323055701776,0.020756544632866747
Endothelial,FBP1,CASP8,0.03420597159915635,0.015318187796877866,0.038330323055701776,0.020582877197823063
Endothelial,FBP1,CASP3,0.03420597159915635,0.053946370627574645,0.038330323055701776,0.06860187469291776
Endothelial,FBP1,CYP2D6,0.03420597159915635,0.01891951021659672,0.038330323055701776,0.02002129951645207
Endothelial,FBP1,KRT18,0.03420597159915635,0.0653670558336424,0.038330323055701776,0.07001559040171398
Endothelial,FBP1,ACTA2,0.03420597159915635,0.017297639057382803,0.038330323055701776,0.01842153225345925
Endothelial,FBP1,PDGFB,0.03420597159915635,0.06953608595940444,0.038330323055701776,0.07298217542478885
Endothelial,FBP1,CYP3A4,0.03420597159915635,0.07845711767436098,0.038330323055701776,0.073732814937988
Endothelial,FBP1,LCK,0.03420597159915635,0.01470494613467729,0.038330323055701776,0.017942199371314187
Endothelial,FBP1,CYP2C9,0.03420597159915635,0.08544275487214135,0.038330323055701776,0.07694052654462721
Endothelial,FBP1,BCL2,0.03420597159915635,0.014420146278392849,0.038330323055701776,0.013006301935416752
Endothelial,FBP1,KIT,0.03420597159915635,0.017550432306454224,0.038330323055701776,0.012385503908884845
Endothelial,FBP1,GCLM,0.03420597159915635,0.08811970266245664,0.038330323055701776,0.0998860697788857
Endothelial,FBP1,ABCB1,0.03420597159915635,0.004060108791342953,0.038330323055701776,0.010171155179552766
Endothelial,FBP1,KEAP1,0.03420597159915635,0.10583847105672921,0.038330323055701776,0.11978538543898225
Endothelial,FBP1,SLC7A11,0.03420597159915635,0.004920542187269999,0.038330323055701776,0.008156869058718364
Endothelial,FBP1,SLC10A1,0.03420597159915635,0.008096831902813784,0.038330323055701776,0.008128339504661618
Endothelial,FBP1,CES2,0.03420597159915635,0.11735669488418032,0.038330323055701776,0.1239692110179648
Endothelial,FBP1,SRC,0.03420597159915635,0.00662579365128445,0.038330323055701776,0.007950665747705091
Endothelial,FBP1,JCHAIN,0.03420597159915635,0.20997618019703285,0.038330323055701776,0.10885833866221736
Endothelial,FBP1,PDGFRB,0.03420597159915635,0.005054489246023243,0.038330323055701776,0.006863718997532788
Endothelial,FBP1,COL1A1,0.03420597159915635,0.004245810571377645,0.038330323055701776,0.00650763316697415
Endothelial,FBP1,NQO1,0.03420597159915635,0.150759185485517,0.038330323055701776,0.1441225622593639
Endothelial,FBP1,UGT1A1,0.03420597159915635,0.0029418825562913904,0.038330323055701776,0.005213109186619121
Endothelial,FBP1,ABCC2,0.03420597159915635,0.0024680857283018868,0.038330323055701776,0.004276729559748427
Endothelial,FBP1,HBA1,0.03420597159915635,0.21302355982849627,0.038330323055701776,0.1698211638772715
Endothelial,FBP1,CAT,0.03420597159915635,0.1870112772667348,0.038330323055701776,0.1801348499780154
Endothelial,FBP1,IGHA1,0.03420597159915635,0.25118902869423176,0.038330323055701776,0.16489436842028887
Endothelial,FBP1,SMAD2,0.03420597159915635,0.1852444110575408,0.038330323055701776,0.19573277196767652
Endothelial,FBP1,IGLC2,0.03420597159915635,0.2303501085134642,0.038330323055701776,0.18629988019198682
Endothelial,FBP1,BAX,0.03420597159915635,0.1851077474736701,0.038330323055701776,0.20210638346592877
Endothelial,FBP1,TXNRD1,0.03420597159915635,0.2203299404086962,0.038330323055701776,0.19874116729228045
Endothelial,FBP1,SOD2,0.03420597159915635,0.20632476771614333,0.038330323055701776,0.21188205064126592
Endothelial,FBP1,ABCB11,0.03420597159915635,0.0029306629139072846,0.038330323055701776,0.0013245033112582781
Endothelial,FBP1,HBA2,0.03420597159915635,0.2527998162919972,0.038330323055701776,0.20776246520676916
Endothelial,FBP1,TGFB1,0.03420597159915635,0.2143510139241583,0.038330323055701776,0.22510378272552015
Endothelial,FBP1,PTGDS,0.03420597159915635,0.35826012055719153,0.038330323055701776,0.18710438195405232
Endothelial,FBP1,NR4A1,0.03420597159915635,0.3781712348544138,0.038330323055701776,0.2639810575370586
Endothelial,FBP1,EHD3,0.03420597159915635,0.37674058407427646,0.038330323055701776,0.2668722687702519
Endothelial,FBP1,EMP1,0.03420597159915635,0.3613042139049889,0.038330323055701776,0.27785917620635847
Endothelial,FBP1,LTC4S,0.03420597159915635,0.3584767929492491,0.038330323055701776,0.28046288024720745
Endothelial,FBP1,APOH,0.03420597159915635,0.37611324938711316,0.038330323055701776,0.28668172370881284
Endothelial,PCK2,PDGFA,0.0389764789742162,0.03393330464369683,0.04923488769011771,0.048111629613254006
Endothelial,PCK2,SMAD3,0.0389764789742162,0.045870935854512566,0.04923488769011771,0.05162704775678954
Endothelial,PCK2,GCLC,0.0389764789742162,0.04486590583576641,0.04923488769011771,0.04442999222199669
Endothelial,PCK2,KRT8,0.0389764789742162,0.038402228874316685,0.04923488769011771,0.04252870341419856
Endothelial,PCK2,HMOX1,0.0389764789742162,0.05433463480362688,0.04923488769011771,0.05734498224553425
Endothelial,PCK2,VEGFA,0.0389764789742162,0.0528902388954003,0.04923488769011771,0.05920730517910987
Endothelial,PCK2,FGF2,0.0389764789742162,0.04742328057096204,0.04923488769011771,0.061055906354121725
Endothelial,PCK2,CASP3,0.0389764789742162,0.053946370627574645,0.04923488769011771,0.06860187469291776
Endothelial,PCK2,KRT18,0.0389764789742162,0.0653670558336424,0.04923488769011771,0.07001559040171398
Endothelial,PCK2,PDGFB,0.0389764789742162,0.06953608595940444,0.04923488769011771,0.07298217542478885
Endothelial,PCK2,CYP3A4,0.0389764789742162,0.07845711767436098,0.04923488769011771,0.073732814937988
Endothelial,PCK2,COL1A2,0.0389764789742162,0.028443218438158967,0.04923488769011771,0.029275529500720793
Endothelial,PCK2,CYP2C9,0.0389764789742162,0.08544275487214135,0.04923488769011771,0.07694052654462721
Endothelial,PCK2,GCLM,0.0389764789742162,0.08811970266245664,0.04923488769011771,0.0998860697788857
Endothelial,PCK2,TGFB2,0.0389764789742162,0.016116719340960418,0.04923488769011771,0.020756544632866747
Endothelial,PCK2,CASP8,0.0389764789742162,0.015318187796877866,0.04923488769011771,0.020582877197823063
Endothelial,PCK2,CYP2D6,0.0389764789742162,0.01891951021659672,0.04923488769011771,0.02002129951645207
Endothelial,PCK2,ACTA2,0.0389764789742162,0.017297639057382803,0.04923488769011771,0.01842153225345925
Endothelial,PCK2,LCK,0.0389764789742162,0.01470494613467729,0.04923488769011771,0.017942199371314187
Endothelial,PCK2,KEAP1,0.0389764789742162,0.10583847105672921,0.04923488769011771,0.11978538543898225
Endothelial,PCK2,CES2,0.0389764789742162,0.11735669488418032,0.04923488769011771,0.1239692110179648
Endothelial,PCK2,JCHAIN,0.0389764789742162,0.20997618019703285,0.04923488769011771,0.10885833866221736
Endothelial,PCK2,BCL2,0.0389764789742162,0.014420146278392849,0.04923488769011771,0.013006301935416752
Endothelial,PCK2,KIT,0.0389764789742162,0.017550432306454224,0.04923488769011771,0.012385503908884845
Endothelial,PCK2,NQO1,0.0389764789742162,0.150759185485517,0.04923488769011771,0.1441225622593639
Endothelial,PCK2,ABCB1,0.0389764789742162,0.004060108791342953,0.04923488769011771,0.010171155179552766
Endothelial,PCK2,SLC7A11,0.0389764789742162,0.004920542187269999,0.04923488769011771,0.008156869058718364
Endothelial,PCK2,SLC10A1,0.0389764789742162,0.008096831902813784,0.04923488769011771,0.008128339504661618
Endothelial,PCK2,HBA1,0.0389764789742162,0.21302355982849627,0.04923488769011771,0.1698211638772715
Endothelial,PCK2,SRC,0.0389764789742162,0.00662579365128445,0.04923488769011771,0.007950665747705091
Endothelial,PCK2,CAT,0.0389764789742162,0.1870112772667348,0.04923488769011771,0.1801348499780154
Endothelial,PCK2,IGHA1,0.0389764789742162,0.25118902869423176,0.04923488769011771,0.16489436842028887
Endothelial,PCK2,PDGFRB,0.0389764789742162,0.005054489246023243,0.04923488769011771,0.006863718997532788
Endothelial,PCK2,SMAD2,0.0389764789742162,0.1852444110575408,0.04923488769011771,0.19573277196767652
Endothelial,PCK2,COL1A1,0.0389764789742162,0.004245810571377645,0.04923488769011771,0.00650763316697415
Endothelial,PCK2,IGLC2,0.0389764789742162,0.2303501085134642,0.04923488769011771,0.18629988019198682
Endothelial,PCK2,BAX,0.0389764789742162,0.1851077474736701,0.04923488769011771,0.20210638346592877
Endothelial,PCK2,TXNRD1,0.0389764789742162,0.2203299404086962,0.04923488769011771,0.19874116729228045
Endothelial,PCK2,SOD2,0.0389764789742162,0.20632476771614333,0.04923488769011771,0.21188205064126592
Endothelial,PCK2,UGT1A1,0.0389764789742162,0.0029418825562913904,0.04923488769011771,0.005213109186619121
Endothelial,PCK2,HBA2,0.0389764789742162,0.2527998162919972,0.04923488769011771,0.20776246520676916
Endothelial,PCK2,TGFB1,0.0389764789742162,0.2143510139241583,0.04923488769011771,0.22510378272552015
Endothelial,PCK2,ABCC2,0.0389764789742162,0.0024680857283018868,0.04923488769011771,0.004276729559748427
Endothelial,PCK2,PTGDS,0.0389764789742162,0.35826012055719153,0.04923488769011771,0.18710438195405232
Endothelial,PCK2,ABCB11,0.0389764789742162,0.0029306629139072846,0.04923488769011771,0.0013245033112582781
Endothelial,PCK2,NR4A1,0.0389764789742162,0.3781712348544138,0.04923488769011771,0.2639810575370586
Endothelial,PCK2,EHD3,0.0389764789742162,0.37674058407427646,0.04923488769011771,0.2668722687702519
Endothelial,PCK2,EMP1,0.0389764789742162,0.3613042139049889,0.04923488769011771,0.27785917620635847
Endothelial,PCK2,LTC4S,0.0389764789742162,0.3584767929492491,0.04923488769011771,0.28046288024720745
Endothelial,PCK2,APOH,0.0389764789742162,0.37611324938711316,0.04923488769011771,0.28668172370881284
Endothelial,CES1,HBA2,0.2360265529694101,0.2527998162919972,0.20697177990757237,0.20776246520676916
Endothelial,CES1,TXNRD1,0.2360265529694101,0.2203299404086962,0.20697177990757237,0.19874116729228045
Endothelial,CES1,SOD2,0.2360265529694101,0.20632476771614333,0.20697177990757237,0.21188205064126592
Endothelial,CES1,IGLC2,0.2360265529694101,0.2303501085134642,0.20697177990757237,0.18629988019198682
Endothelial,CES1,TGFB1,0.2360265529694101,0.2143510139241583,0.20697177990757237,0.22510378272552015
Endothelial,CES1,BAX,0.2360265529694101,0.1851077474736701,0.20697177990757237,0.20210638346592877
Endothelial,CES1,SMAD2,0.2360265529694101,0.1852444110575408,0.20697177990757237,0.19573277196767652
Endothelial,CES1,CAT,0.2360265529694101,0.1870112772667348,0.20697177990757237,0.1801348499780154
Endothelial,CES1,HBA1,0.2360265529694101,0.21302355982849627,0.20697177990757237,0.1698211638772715
Endothelial,CES1,IGHA1,0.2360265529694101,0.25118902869423176,0.20697177990757237,0.16489436842028887
Endothelial,CES1,PTGDS,0.2360265529694101,0.35826012055719153,0.20697177990757237,0.18710438195405232
Endothelial,CES1,NQO1,0.2360265529694101,0.150759185485517,0.20697177990757237,0.1441225622593639
Endothelial,CES1,EMP1,0.2360265529694101,0.3613042139049889,0.20697177990757237,0.27785917620635847
Endothelial,CES1,LTC4S,0.2360265529694101,0.3584767929492491,0.20697177990757237,0.28046288024720745
Endothelial,CES1,NR4A1,0.2360265529694101,0.3781712348544138,0.20697177990757237,0.2639810575370586
Endothelial,CES1,EHD3,0.2360265529694101,0.37674058407427646,0.20697177990757237,0.2668722687702519
Endothelial,CES1,APOH,0.2360265529694101,0.37611324938711316,0.20697177990757237,0.28668172370881284
Endothelial,CES1,NFE2L2,0.2360265529694101,0.33309142447886475,0.20697177990757237,0.3245111740714125
Endothelial,CES1,STAB2,0.2360265529694101,0.425273503141816,0.20697177990757237,0.27245364718999604
Endothelial,CES1,TM4SF18,0.2360265529694101,0.38846179171563,0.20697177990757237,0.3060825842269933
Endothelial,CES1,JCHAIN,0.2360265529694101,0.20997618019703285,0.20697177990757237,0.10885833866221736
Endothelial,CES1,CES2,0.2360265529694101,0.11735669488418032,0.20697177990757237,0.1239692110179648
Endothelial,CES1,PLAC9,0.2360265529694101,0.40555487803526385,0.20697177990757237,0.30159237231739455
Endothelial,CES1,LGALS1,0.2360265529694101,0.4191526158557678,0.20697177990757237,0.2950529194463087
Endothelial,CES1,FABP1,0.2360265529694101,0.4144913926265665,0.20697177990757237,0.30216472979872366
Endothelial,CES1,HLA-DRA,0.2360265529694101,0.39971188138553704,0.20697177990757237,0.3197056034228491
Endothelial,CES1,KEAP1,0.2360265529694101,0.10583847105672921,0.20697177990757237,0.11978538543898225
Endothelial,CES1,CLEC2B,0.2360265529694101,0.3816569717314711,0.20697177990757237,0.33353057318814644
Endothelial,CES1,SLC27A3,0.2360265529694101,0.39719565943513985,0.20697177990757237,0.32585710835435205
Endothelial,CES1,PTGIS,0.2360265529694101,0.41951923111701606,0.20697177990757237,0.3123270308325178
Endothelial,CES1,NRP1,0.2360265529694101,0.41602431935823636,0.20697177990757237,0.3186089874102641
Endothelial,CES1,LYVE1,0.2360265529694101,0.45989141209308837,0.20697177990757237,0.28022712777957137
Endothelial,CES1,GPM6A,0.2360265529694101,0.38735844092382943,0.20697177990757237,0.34144675054923784
Endothelial,CES1,NID1,0.2360265529694101,0.42237788803011816,0.20697177990757237,0.32727278599710635
Endothelial,CES1,TMEM88,0.2360265529694101,0.4179844432391203,0.20697177990757237,0.334419417850282
Endothelial,CES1,SC5D,0.2360265529694101,0.43345676503980046,0.20697177990757237,0.325267660279733
Endothelial,CES1,NPY1R,0.2360265529694101,0.42190255675455635,0.20697177990757237,0.33676858828768774
Endothelial,CES1,HPX,0.2360265529694101,0.4508467821921139,0.20697177990757237,0.32474989723876174
Endothelial,CES1,CLEC4M,0.2360265529694101,0.5033644718493745,0.20697177990757237,0.27418487015333054
Endothelial,CES1,GCLM,0.2360265529694101,0.08811970266245664,0.20697177990757237,0.0998860697788857
Endothelial,CES1,C8orf4,0.2360265529694101,0.4700623100257383,0.20697177990757237,0.3352550754439936
Endothelial,CES1,RBP4,0.2360265529694101,0.4540549917279738,0.20697177990757237,0.34848501287884315
Endothelial,CES1,CCL23,0.2360265529694101,0.48590311795944796,0.20697177990757237,0.32447448958148983
Endothelial,CES1,C3,0.2360265529694101,0.4814437117774065,0.20697177990757237,0.33844964718170356
Endothelial,CES1,SLC25A5,0.2360265529694101,0.4317041786464807,0.20697177990757237,0.3748217848736588
Endothelial,CES1,GLO1,0.2360265529694101,0.44492189148781414,0.20697177990757237,0.37551081523161844
Endothelial,CES1,NUAK1,0.2360265529694101,0.4559114939493208,0.20697177990757237,0.3702008937447854
Endothelial,CES1,ORM2,0.2360265529694101,0.4948326653859761,0.20697177990757237,0.34381146050246236
Endothelial,CES1,HBB,0.2360265529694101,0.5217255277092143,0.20697177990757237,0.3195948545125141
Endothelial,CES1,PPFIBP1,0.2360265529694101,0.44538457219547567,0.20697177990757237,0.382239054773766
Endothelial,LECT2,BCL2,0.011773984873370882,0.014420146278392849,0.012807689103765573,0.013006301935416752
Endothelial,LECT2,KIT,0.011773984873370882,0.017550432306454224,0.012807689103765573,0.012385503908884845
Endothelial,LECT2,ABCB1,0.011773984873370882,0.004060108791342953,0.012807689103765573,0.010171155179552766
Endothelial,LECT2,LCK,0.011773984873370882,0.01470494613467729,0.012807689103765573,0.017942199371314187
Endothelial,LECT2,ACTA2,0.011773984873370882,0.017297639057382803,0.012807689103765573,0.01842153225345925
Endothelial,LECT2,SLC7A11,0.011773984873370882,0.004920542187269999,0.012807689103765573,0.008156869058718364
Endothelial,LECT2,SLC10A1,0.011773984873370882,0.008096831902813784,0.012807689103765573,0.008128339504661618
Endothelial,LECT2,SRC,0.011773984873370882,0.00662579365128445,0.012807689103765573,0.007950665747705091
Endothelial,LECT2,CYP2D6,0.011773984873370882,0.01891951021659672,0.012807689103765573,0.02002129951645207
Endothelial,LECT2,CASP8,0.011773984873370882,0.015318187796877866,0.012807689103765573,0.020582877197823063
Endothelial,LECT2,TGFB2,0.011773984873370882,0.016116719340960418,0.012807689103765573,0.020756544632866747
Endothelial,LECT2,PDGFRB,0.011773984873370882,0.005054489246023243,0.012807689103765573,0.006863718997532788
Endothelial,LECT2,COL1A1,0.011773984873370882,0.004245810571377645,0.012807689103765573,0.00650763316697415
Endothelial,LECT2,UGT1A1,0.011773984873370882,0.0029418825562913904,0.012807689103765573,0.005213109186619121
Endothelial,LECT2,ABCC2,0.011773984873370882,0.0024680857283018868,0.012807689103765573,0.004276729559748427
Endothelial,LECT2,COL1A2,0.011773984873370882,0.028443218438158967,0.012807689103765573,0.029275529500720793
Endothelial,LECT2,KRT8,0.011773984873370882,0.038402228874316685,0.012807689103765573,0.04252870341419856
Endothelial,LECT2,ABCB11,0.011773984873370882,0.0029306629139072846,0.012807689103765573,0.0013245033112582781
Endothelial,LECT2,GCLC,0.011773984873370882,0.04486590583576641,0.012807689103765573,0.04442999222199669
Endothelial,LECT2,PDGFA,0.011773984873370882,0.03393330464369683,0.012807689103765573,0.048111629613254006
Endothelial,LECT2,SMAD3,0.011773984873370882,0.045870935854512566,0.012807689103765573,0.05162704775678954
Endothelial,LECT2,HMOX1,0.011773984873370882,0.05433463480362688,0.012807689103765573,0.05734498224553425
Endothelial,LECT2,VEGFA,0.011773984873370882,0.0528902388954003,0.012807689103765573,0.05920730517910987
Endothelial,LECT2,FGF2,0.011773984873370882,0.04742328057096204,0.012807689103765573,0.061055906354121725
Endothelial,LECT2,CASP3,0.011773984873370882,0.053946370627574645,0.012807689103765573,0.06860187469291776
Endothelial,LECT2,KRT18,0.011773984873370882,0.0653670558336424,0.012807689103765573,0.07001559040171398
Endothelial,LECT2,PDGFB,0.011773984873370882,0.06953608595940444,0.012807689103765573,0.07298217542478885
Endothelial,LECT2,CYP3A4,0.011773984873370882,0.07845711767436098,0.012807689103765573,0.073732814937988
Endothelial,LECT2,CYP2C9,0.011773984873370882,0.08544275487214135,0.012807689103765573,0.07694052654462721
Endothelial,LECT2,GCLM,0.011773984873370882,0.08811970266245664,0.012807689103765573,0.0998860697788857
Endothelial,LECT2,KEAP1,0.011773984873370882,0.10583847105672921,0.012807689103765573,0.11978538543898225
Endothelial,LECT2,JCHAIN,0.011773984873370882,0.20997618019703285,0.012807689103765573,0.10885833866221736
Endothelial,LECT2,CES2,0.011773984873370882,0.11735669488418032,0.012807689103765573,0.1239692110179648
Endothelial,LECT2,NQO1,0.011773984873370882,0.150759185485517,0.012807689103765573,0.1441225622593639
Endothelial,LECT2,HBA1,0.011773984873370882,0.21302355982849627,0.012807689103765573,0.1698211638772715
Endothelial,LECT2,IGHA1,0.011773984873370882,0.25118902869423176,0.012807689103765573,0.16489436842028887
Endothelial,LECT2,CAT,0.011773984873370882,0.1870112772667348,0.012807689103765573,0.1801348499780154
Endothelial,LECT2,IGLC2,0.011773984873370882,0.2303501085134642,0.012807689103765573,0.18629988019198682
Endothelial,LECT2,SMAD2,0.011773984873370882,0.1852444110575408,0.012807689103765573,0.19573277196767652
Endothelial,LECT2,BAX,0.011773984873370882,0.1851077474736701,0.012807689103765573,0.20210638346592877
Endothelial,LECT2,TXNRD1,0.011773984873370882,0.2203299404086962,0.012807689103765573,0.19874116729228045
Endothelial,LECT2,SOD2,0.011773984873370882,0.20632476771614333,0.012807689103765573,0.21188205064126592
Endothelial,LECT2,HBA2,0.011773984873370882,0.2527998162919972,0.012807689103765573,0.20776246520676916
Endothelial,LECT2,PTGDS,0.011773984873370882,0.35826012055719153,0.012807689103765573,0.18710438195405232
Endothelial,LECT2,TGFB1,0.011773984873370882,0.2143510139241583,0.012807689103765573,0.22510378272552015
Endothelial,LECT2,NR4A1,0.011773984873370882,0.3781712348544138,0.012807689103765573,0.2639810575370586
Endothelial,LECT2,EHD3,0.011773984873370882,0.37674058407427646,0.012807689103765573,0.2668722687702519
Endothelial,LECT2,EMP1,0.011773984873370882,0.3613042139049889,0.012807689103765573,0.27785917620635847
Endothelial,LECT2,LTC4S,0.011773984873370882,0.3584767929492491,0.012807689103765573,0.28046288024720745
Endothelial,LECT2,APOH,0.011773984873370882,0.37611324938711316,0.012807689103765573,0.28668172370881284
Macrophage,ACO1,VEGFA,0.07369759505559911,0.06633968685154179,0.04622085443922135,0.04447500934739326
Macrophage,ACO1,GCLM,0.07369759505559911,0.054857979886144624,0.04622085443922135,0.05145350076738288
Macrophage,ACO1,BCL2,0.07369759505559911,0.05143441988010975,0.04622085443922135,0.04118447807794691
Macrophage,ACO1,KEAP1,0.07369759505559911,0.051628489005649,0.04622085443922135,0.04035761364928475
Macrophage,ACO1,CASP8,0.07369759505559911,0.08791964154827751,0.04622085443922135,0.06928287774660777
Macrophage,ACO1,CASP3,0.07369759505559911,0.07273994448166805,0.04622085443922135,0.07102743315579475
Macrophage,ACO1,CYP2C9,0.07369759505559911,0.11683090817257828,0.04622085443922135,0.07890390309493112
Macrophage,ACO1,SRC,0.07369759505559911,0.020087671664628975,0.04622085443922135,0.02484412995340344
Macrophage,ACO1,CES2,0.07369759505559911,0.10977540274876411,0.04622085443922135,0.08442288615236712
Macrophage,ACO1,KRT18,0.07369759505559911,0.036454997863847136,0.04622085443922135,0.023577224866622476
Macrophage,ACO1,KRT8,0.07369759505559911,0.03315777231979635,0.04622085443922135,0.021257609766656978
Macrophage,ACO1,CYP3A4,0.07369759505559911,0.1491675005426281,0.04622085443922135,0.09498215787764226
Macrophage,ACO1,LCK,0.07369759505559911,0.019383034257795015,0.04622085443922135,0.019452316326094538
Macrophage,ACO1,TXNRD1,0.07369759505559911,0.152559130693241,0.04622085443922135,0.10793883429700021
Macrophage,ACO1,SMAD3,0.07369759505559911,0.018624657896920544,0.04622085443922135,0.016299913518279106
Macrophage,ACO1,ACTA2,0.07369759505559911,0.020365254865822486,0.04622085443922135,0.015858456176473013
Macrophage,ACO1,SMAD2,0.07369759505559911,0.1654801542256763,0.04622085443922135,0.14202790706277585
Macrophage,ACO1,CYP2D6,0.07369759505559911,0.01941201789368604,0.04622085443922135,0.009885334585187103
Macrophage,ACO1,NQO1,0.07369759505559911,0.010847246120677088,0.04622085443922135,0.009759155716713975
Macrophage,ACO1,PDGFB,0.07369759505559911,0.007968655181561257,0.04622085443922135,0.007539277177559853
Macrophage,ACO1,SLC10A1,0.07369759505559911,0.009906472728489237,0.04622085443922135,0.006680049704394411
Macrophage,ACO1,GCLC,0.07369759505559911,0.24475350906971052,0.04622085443922135,0.1810956048882114
Macrophage,ACO1,UGT1A1,0.07369759505559911,0.006544953679702562,0.04622085443922135,0.004539388061991136
Macrophage,ACO1,COL1A2,0.07369759505559911,0.008636558294872526,0.04622085443922135,0.0039456326313012215
Macrophage,ACO1,THBS1,0.07369759505559911,0.4542532114548477,0.04622085443922135,0.19016202762004275
Macrophage,ACO1,HBA2,0.07369759505559911,0.3891092212553402,0.04622085443922135,0.21531106902540084
Macrophage,ACO1,ABCC2,0.07369759505559911,0.005970040821004932,0.04622085443922135,0.002445688391310143
Macrophage,ACO1,NFE2L2,0.07369759505559911,0.3350170443365838,0.04622085443922135,0.2404202132516864
Macrophage,ACO1,TMIGD3,0.07369759505559911,0.4295975459283368,0.04622085443922135,0.20950348822476422
Macrophage,ACO1,BAX,0.07369759505559911,0.3325944013232178,0.04622085443922135,0.24933620965054723
Macrophage,ACO1,TGFB2,0.07369759505559911,0.002219272704918033,0.04622085443922135,0.001639344262295082
Macrophage,ACO1,CAT,0.07369759505559911,0.34656301905491405,0.04622085443922135,0.2608162303880686
Macrophage,ACO1,ABCB1,0.07369759505559911,0.0009629018869257951,0.04622085443922135,0.0014134275618374558
Macrophage,ACO1,PDGFA,0.07369759505559911,0.0009212719081272086,0.04622085443922135,0.0014134275618374558
Macrophage,ACO1,FABP5,0.07369759505559911,0.4254806519438743,0.04622085443922135,0.238787231427888
Macrophage,ACO1,AREG,0.07369759505559911,0.5155002722773017,0.04622085443922135,0.21185948812845395
Macrophage,ACO1,KIT,0.07369759505559911,0.0019217045901639344,0.04622085443922135,0.000819672131147541
Macrophage,ACO1,SLC7A11,0.07369759505559911,0.0013589892741935484,0.04622085443922135,0.0008064516129032258
Macrophage,ACO1,ABCB11,0.07369759505559911,0.0007732308870967742,0.04622085443922135,0.0008064516129032258
Macrophage,ACO1,COL1A1,0.07369759505559911,0.0006584809469964664,0.04622085443922135,0.0007067137809187279
Macrophage,ACO1,TGFB1,0.07369759505559911,0.35877457192280504,0.04622085443922135,0.28567920661463453
Macrophage,ACO1,GPNMB,0.07369759505559911,0.4737832080663712,0.04622085443922135,0.24441230032333952
Macrophage,ACO1,IL1R2,0.07369759505559911,0.5105890177661818,0.04622085443922135,0.24136901531071006
Macrophage,ACO1,TF,0.07369759505559911,0.5021312707270227,0.04622085443922135,0.25559010375182
Macrophage,ACO1,NNMT,0.07369759505559911,0.48098619511811336,0.04622085443922135,0.26744871474756776
Macrophage,ACO1,ITIH3,0.07369759505559911,0.5338310697015131,0.04622085443922135,0.2477484089391869
Macrophage,ACO1,MTRNR2L8,0.07369759505559911,0.47268308135040754,0.04622085443922135,0.2877044596896154
Macrophage,ACO1,MGST1,0.07369759505559911,0.49137664494092625,0.04622085443922135,0.2908933587225795
Macrophage,ACO1,AKR1B1,0.07369759505559911,0.49046733976226004,0.04622085443922135,0.2987333581468187
Macrophage,ACO1,APOH,0.07369759505559911,0.5194475473482868,0.04622085443922135,0.2888322078271964
Macrophage,ASS1,CYP3A4,0.16319163678724063,0.1491675005426281,0.09857421035707827,0.09498215787764226
Macrophage,ASS1,TXNRD1,0.16319163678724063,0.152559130693241,0.09857421035707827,0.10793883429700021
Macrophage,ASS1,CES2,0.16319163678724063,0.10977540274876411,0.09857421035707827,0.08442288615236712
Macrophage,ASS1,CYP2C9,0.16319163678724063,0.11683090817257828,0.09857421035707827,0.07890390309493112
Macrophage,ASS1,SMAD2,0.16319163678724063,0.1654801542256763,0.09857421035707827,0.14202790706277585
Macrophage,ASS1,CASP8,0.16319163678724063,0.08791964154827751,0.09857421035707827,0.06928287774660777
Macrophage,ASS1,CASP3,0.16319163678724063,0.07273994448166805,0.09857421035707827,0.07102743315579475
Macrophage,ASS1,GCLC,0.16319163678724063,0.24475350906971052,0.09857421035707827,0.1810956048882114
Macrophage,ASS1,GCLM,0.16319163678724063,0.054857979886144624,0.09857421035707827,0.05145350076738288
Macrophage,ASS1,VEGFA,0.16319163678724063,0.06633968685154179,0.09857421035707827,0.04447500934739326
Macrophage,ASS1,BCL2,0.16319163678724063,0.05143441988010975,0.09857421035707827,0.04118447807794691
Macrophage,ASS1,KEAP1,0.16319163678724063,0.051628489005649,0.09857421035707827,0.04035761364928475
Macrophage,ASS1,HBA2,0.16319163678724063,0.3891092212553402,0.09857421035707827,0.21531106902540084
Macrophage,ASS1,NFE2L2,0.16319163678724063,0.3350170443365838,0.09857421035707827,0.2404202132516864
Macrophage,ASS1,THBS1,0.16319163678724063,0.4542532114548477,0.09857421035707827,0.19016202762004275
Macrophage,ASS1,BAX,0.16319163678724063,0.3325944013232178,0.09857421035707827,0.24933620965054723
Macrophage,ASS1,TMIGD3,0.16319163678724063,0.4295975459283368,0.09857421035707827,0.20950348822476422
Macrophage,ASS1,CAT,0.16319163678724063,0.34656301905491405,0.09857421035707827,0.2608162303880686
Macrophage,ASS1,FABP5,0.16319163678724063,0.4254806519438743,0.09857421035707827,0.238787231427888
Macrophage,ASS1,TGFB1,0.16319163678724063,0.35877457192280504,0.09857421035707827,0.28567920661463453
Macrophage,ASS1,AREG,0.16319163678724063,0.5155002722773017,0.09857421035707827,0.21185948812845395
Macrophage,ASS1,SRC,0.16319163678724063,0.020087671664628975,0.09857421035707827,0.02484412995340344
Macrophage,ASS1,KRT18,0.16319163678724063,0.036454997863847136,0.09857421035707827,0.023577224866622476
Macrophage,ASS1,GPNMB,0.16319163678724063,0.4737832080663712,0.09857421035707827,0.24441230032333952
Macrophage,ASS1,IL1R2,0.16319163678724063,0.5105890177661818,0.09857421035707827,0.24136901531071006
Macrophage,ASS1,KRT8,0.16319163678724063,0.03315777231979635,0.09857421035707827,0.021257609766656978
Macrophage,ASS1,TF,0.16319163678724063,0.5021312707270227,0.09857421035707827,0.25559010375182
Macrophage,ASS1,NNMT,0.16319163678724063,0.48098619511811336,0.09857421035707827,0.26744871474756776
Macrophage,ASS1,ITIH3,0.16319163678724063,0.5338310697015131,0.09857421035707827,0.2477484089391869
Macrophage,ASS1,MTRNR2L8,0.16319163678724063,0.47268308135040754,0.09857421035707827,0.2877044596896154
Macrophage,ASS1,LCK,0.16319163678724063,0.019383034257795015,0.09857421035707827,0.019452316326094538
Macrophage,ASS1,MGST1,0.16319163678724063,0.49137664494092625,0.09857421035707827,0.2908933587225795
Macrophage,ASS1,AKR1B1,0.16319163678724063,0.49046733976226004,0.09857421035707827,0.2987333581468187
Macrophage,ASS1,APOH,0.16319163678724063,0.5194475473482868,0.09857421035707827,0.2888322078271964
Macrophage,ASS1,HPX,0.16319163678724063,0.5036924086317891,0.09857421035707827,0.2984079821098047
Macrophage,ASS1,RGS1,0.16319163678724063,0.5381359461082009,0.09857421035707827,0.28142215711691027
Macrophage,ASS1,RBP4,0.16319163678724063,0.5209125773751555,0.09857421035707827,0.29361757691794377
Macrophage,ASS1,SLC11A1,0.16319163678724063,0.5036196647959608,0.09857421035707827,0.30767850588603274
Macrophage,ASS1,SMAD3,0.16319163678724063,0.018624657896920544,0.09857421035707827,0.016299913518279106
Macrophage,ASS1,ACTA2,0.16319163678724063,0.020365254865822486,0.09857421035707827,0.015858456176473013
Macrophage,ASS1,RNASE1,0.16319163678724063,0.6117146915627464,0.09857421035707827,0.2541227525766585
Macrophage,ASS1,DCXR,0.16319163678724063,0.5201800042094384,0.09857421035707827,0.3071040975319594
Macrophage,ASS1,CLU,0.16319163678724063,0.5363755816452974,0.09857421035707827,0.3021601457111768
Macrophage,ASS1,CXCL2,0.16319163678724063,0.5715190624042059,0.09857421035707827,0.2868473220948192
Macrophage,ASS1,PLTP,0.16319163678724063,0.5732902216221545,0.09857421035707827,0.2991343109135814
Macrophage,ASS1,ORM2,0.16319163678724063,0.5602080785253738,0.09857421035707827,0.3105563932390058
Macrophage,ASS1,CD48,0.16319163678724063,0.5420456348693309,0.09857421035707827,0.344216210374719
Macrophage,ASS1,SNX10,0.16319163678724063,0.5447223292940631,0.09857421035707827,0.3527006412901899
Macrophage,ASS1,HNRNPH1,0.16319163678724063,0.5612083259571049,0.09857421035707827,0.34472349461820073
Macrophage,ASS1,CD52,0.16319163678724063,0.6222391995035548,0.09857421035707827,0.31548481850948706
Macrophage,FAH,GCLM,0.07968746945162548,0.054857979886144624,0.05374524832658499,0.05145350076738288
Macrophage,FAH,VEGFA,0.07968746945162548,0.06633968685154179,0.05374524832658499,0.04447500934739326
Macrophage,FAH,CASP8,0.07968746945162548,0.08791964154827751,0.05374524832658499,0.06928287774660777
Macrophage,FAH,CASP3,0.07968746945162548,0.07273994448166805,0.05374524832658499,0.07102743315579475
Macrophage,FAH,BCL2,0.07968746945162548,0.05143441988010975,0.05374524832658499,0.04118447807794691
Macrophage,FAH,KEAP1,0.07968746945162548,0.051628489005649,0.05374524832658499,0.04035761364928475
Macrophage,FAH,CYP2C9,0.07968746945162548,0.11683090817257828,0.05374524832658499,0.07890390309493112
Macrophage,FAH,CES2,0.07968746945162548,0.10977540274876411,0.05374524832658499,0.08442288615236712
Macrophage,FAH,CYP3A4,0.07968746945162548,0.1491675005426281,0.05374524832658499,0.09498215787764226
Macrophage,FAH,SRC,0.07968746945162548,0.020087671664628975,0.05374524832658499,0.02484412995340344
Macrophage,FAH,TXNRD1,0.07968746945162548,0.152559130693241,0.05374524832658499,0.10793883429700021
Macrophage,FAH,KRT18,0.07968746945162548,0.036454997863847136,0.05374524832658499,0.023577224866622476
Macrophage,FAH,KRT8,0.07968746945162548,0.03315777231979635,0.05374524832658499,0.021257609766656978
Macrophage,FAH,LCK,0.07968746945162548,0.019383034257795015,0.05374524832658499,0.019452316326094538
Macrophage,FAH,SMAD2,0.07968746945162548,0.1654801542256763,0.05374524832658499,0.14202790706277585
Macrophage,FAH,SMAD3,0.07968746945162548,0.018624657896920544,0.05374524832658499,0.016299913518279106
Macrophage,FAH,ACTA2,0.07968746945162548,0.020365254865822486,0.05374524832658499,0.015858456176473013
Macrophage,FAH,GCLC,0.07968746945162548,0.24475350906971052,0.05374524832658499,0.1810956048882114
Macrophage,FAH,CYP2D6,0.07968746945162548,0.01941201789368604,0.05374524832658499,0.009885334585187103
Macrophage,FAH,NQO1,0.07968746945162548,0.010847246120677088,0.05374524832658499,0.009759155716713975
Macrophage,FAH,PDGFB,0.07968746945162548,0.007968655181561257,0.05374524832658499,0.007539277177559853
Macrophage,FAH,SLC10A1,0.07968746945162548,0.009906472728489237,0.05374524832658499,0.006680049704394411
Macrophage,FAH,HBA2,0.07968746945162548,0.3891092212553402,0.05374524832658499,0.21531106902540084
Macrophage,FAH,THBS1,0.07968746945162548,0.4542532114548477,0.05374524832658499,0.19016202762004275
Macrophage,FAH,NFE2L2,0.07968746945162548,0.3350170443365838,0.05374524832658499,0.2404202132516864
Macrophage,FAH,UGT1A1,0.07968746945162548,0.006544953679702562,0.05374524832658499,0.004539388061991136
Macrophage,FAH,TMIGD3,0.07968746945162548,0.4295975459283368,0.05374524832658499,0.20950348822476422
Macrophage,FAH,BAX,0.07968746945162548,0.3325944013232178,0.05374524832658499,0.24933620965054723
Macrophage,FAH,COL1A2,0.07968746945162548,0.008636558294872526,0.05374524832658499,0.0039456326313012215
Macrophage,FAH,CAT,0.07968746945162548,0.34656301905491405,0.05374524832658499,0.2608162303880686
Macrophage,FAH,FABP5,0.07968746945162548,0.4254806519438743,0.05374524832658499,0.238787231427888
Macrophage,FAH,AREG,0.07968746945162548,0.5155002722773017,0.05374524832658499,0.21185948812845395
Macrophage,FAH,TGFB1,0.07968746945162548,0.35877457192280504,0.05374524832658499,0.28567920661463453
Macrophage,FAH,GPNMB,0.07968746945162548,0.4737832080663712,0.05374524832658499,0.24441230032333952
Macrophage,FAH,ABCC2,0.07968746945162548,0.005970040821004932,0.05374524832658499,0.002445688391310143
Macrophage,FAH,IL1R2,0.07968746945162548,0.5105890177661818,0.05374524832658499,0.24136901531071006
Macrophage,FAH,TF,0.07968746945162548,0.5021312707270227,0.05374524832658499,0.25559010375182
Macrophage,FAH,NNMT,0.07968746945162548,0.48098619511811336,0.05374524832658499,0.26744871474756776
Macrophage,FAH,TGFB2,0.07968746945162548,0.002219272704918033,0.05374524832658499,0.001639344262295082
Macrophage,FAH,ITIH3,0.07968746945162548,0.5338310697015131,0.05374524832658499,0.2477484089391869
Macrophage,FAH,ABCB1,0.07968746945162548,0.0009629018869257951,0.05374524832658499,0.0014134275618374558
Macrophage,FAH,PDGFA,0.07968746945162548,0.0009212719081272086,0.05374524832658499,0.0014134275618374558
Macrophage,FAH,MTRNR2L8,0.07968746945162548,0.47268308135040754,0.05374524832658499,0.2877044596896154
Macrophage,FAH,MGST1,0.07968746945162548,0.49137664494092625,0.05374524832658499,0.2908933587225795
Macrophage,FAH,AKR1B1,0.07968746945162548,0.49046733976226004,0.05374524832658499,0.2987333581468187
Macrophage,FAH,KIT,0.07968746945162548,0.0019217045901639344,0.05374524832658499,0.000819672131147541
Macrophage,FAH,SLC7A11,0.07968746945162548,0.0013589892741935484,0.05374524832658499,0.0008064516129032258
Macrophage,FAH,ABCB11,0.07968746945162548,0.0007732308870967742,0.05374524832658499,0.0008064516129032258
Macrophage,FAH,APOH,0.07968746945162548,0.5194475473482868,0.05374524832658499,0.2888322078271964
Macrophage,FAH,RGS1,0.07968746945162548,0.5381359461082009,0.05374524832658499,0.28142215711691027
Macrophage,CPS1,GCLM,0.10436282013218132,0.054857979886144624,0.05593026374925255,0.05145350076738288
Macrophage,CPS1,CASP8,0.10436282013218132,0.08791964154827751,0.05593026374925255,0.06928287774660777
Macrophage,CPS1,VEGFA,0.10436282013218132,0.06633968685154179,0.05593026374925255,0.04447500934739326
Macrophage,CPS1,CASP3,0.10436282013218132,0.07273994448166805,0.05593026374925255,0.07102743315579475
Macrophage,CPS1,CYP2C9,0.10436282013218132,0.11683090817257828,0.05593026374925255,0.07890390309493112
Macrophage,CPS1,BCL2,0.10436282013218132,0.05143441988010975,0.05593026374925255,0.04118447807794691
Macrophage,CPS1,KEAP1,0.10436282013218132,0.051628489005649,0.05593026374925255,0.04035761364928475
Macrophage,CPS1,CES2,0.10436282013218132,0.10977540274876411,0.05593026374925255,0.08442288615236712
Macrophage,CPS1,CYP3A4,0.10436282013218132,0.1491675005426281,0.05593026374925255,0.09498215787764226
Macrophage,CPS1,TXNRD1,0.10436282013218132,0.152559130693241,0.05593026374925255,0.10793883429700021
Macrophage,CPS1,SRC,0.10436282013218132,0.020087671664628975,0.05593026374925255,0.02484412995340344
Macrophage,CPS1,KRT18,0.10436282013218132,0.036454997863847136,0.05593026374925255,0.023577224866622476
Macrophage,CPS1,KRT8,0.10436282013218132,0.03315777231979635,0.05593026374925255,0.021257609766656978
Macrophage,CPS1,SMAD2,0.10436282013218132,0.1654801542256763,0.05593026374925255,0.14202790706277585
Macrophage,CPS1,LCK,0.10436282013218132,0.019383034257795015,0.05593026374925255,0.019452316326094538
Macrophage,CPS1,SMAD3,0.10436282013218132,0.018624657896920544,0.05593026374925255,0.016299913518279106
Macrophage,CPS1,ACTA2,0.10436282013218132,0.020365254865822486,0.05593026374925255,0.015858456176473013
Macrophage,CPS1,GCLC,0.10436282013218132,0.24475350906971052,0.05593026374925255,0.1810956048882114
Macrophage,CPS1,CYP2D6,0.10436282013218132,0.01941201789368604,0.05593026374925255,0.009885334585187103
Macrophage,CPS1,NQO1,0.10436282013218132,0.010847246120677088,0.05593026374925255,0.009759155716713975
Macrophage,CPS1,PDGFB,0.10436282013218132,0.007968655181561257,0.05593026374925255,0.007539277177559853
Macrophage,CPS1,SLC10A1,0.10436282013218132,0.009906472728489237,0.05593026374925255,0.006680049704394411
Macrophage,CPS1,HBA2,0.10436282013218132,0.3891092212553402,0.05593026374925255,0.21531106902540084
Macrophage,CPS1,THBS1,0.10436282013218132,0.4542532114548477,0.05593026374925255,0.19016202762004275
Macrophage,CPS1,NFE2L2,0.10436282013218132,0.3350170443365838,0.05593026374925255,0.2404202132516864
Macrophage,CPS1,TMIGD3,0.10436282013218132,0.4295975459283368,0.05593026374925255,0.20950348822476422
Macrophage,CPS1,BAX,0.10436282013218132,0.3325944013232178,0.05593026374925255,0.24933620965054723
Macrophage,CPS1,CAT,0.10436282013218132,0.34656301905491405,0.05593026374925255,0.2608162303880686
Macrophage,CPS1,FABP5,0.10436282013218132,0.4254806519438743,0.05593026374925255,0.238787231427888
Macrophage,CPS1,UGT1A1,0.10436282013218132,0.006544953679702562,0.05593026374925255,0.004539388061991136
Macrophage,CPS1,AREG,0.10436282013218132,0.5155002722773017,0.05593026374925255,0.21185948812845395
Macrophage,CPS1,COL1A2,0.10436282013218132,0.008636558294872526,0.05593026374925255,0.0039456326313012215
Macrophage,CPS1,TGFB1,0.10436282013218132,0.35877457192280504,0.05593026374925255,0.28567920661463453
Macrophage,CPS1,GPNMB,0.10436282013218132,0.4737832080663712,0.05593026374925255,0.24441230032333952
Macrophage,CPS1,IL1R2,0.10436282013218132,0.5105890177661818,0.05593026374925255,0.24136901531071006
Macrophage,CPS1,TF,0.10436282013218132,0.5021312707270227,0.05593026374925255,0.25559010375182
Macrophage,CPS1,NNMT,0.10436282013218132,0.48098619511811336,0.05593026374925255,0.26744871474756776
Macrophage,CPS1,ITIH3,0.10436282013218132,0.5338310697015131,0.05593026374925255,0.2477484089391869
Macrophage,CPS1,ABCC2,0.10436282013218132,0.005970040821004932,0.05593026374925255,0.002445688391310143
Macrophage,CPS1,MTRNR2L8,0.10436282013218132,0.47268308135040754,0.05593026374925255,0.2877044596896154
Macrophage,CPS1,MGST1,0.10436282013218132,0.49137664494092625,0.05593026374925255,0.2908933587225795
Macrophage,CPS1,AKR1B1,0.10436282013218132,0.49046733976226004,0.05593026374925255,0.2987333581468187
Macrophage,CPS1,APOH,0.10436282013218132,0.5194475473482868,0.05593026374925255,0.2888322078271964
Macrophage,CPS1,RGS1,0.10436282013218132,0.5381359461082009,0.05593026374925255,0.28142215711691027
Macrophage,CPS1,TGFB2,0.10436282013218132,0.002219272704918033,0.05593026374925255,0.001639344262295082
Macrophage,CPS1,HPX,0.10436282013218132,0.5036924086317891,0.05593026374925255,0.2984079821098047
Macrophage,CPS1,RBP4,0.10436282013218132,0.5209125773751555,0.05593026374925255,0.29361757691794377
Macrophage,CPS1,RNASE1,0.10436282013218132,0.6117146915627464,0.05593026374925255,0.2541227525766585
Macrophage,CPS1,ABCB1,0.10436282013218132,0.0009629018869257951,0.05593026374925255,0.0014134275618374558
Macrophage,CPS1,PDGFA,0.10436282013218132,0.0009212719081272086,0.05593026374925255,0.0014134275618374558
Macrophage,ALDOB,GCLC,0.284966073931518,0.24475350906971052,0.14848899572449945,0.1810956048882114
Macrophage,ALDOB,SMAD2,0.284966073931518,0.1654801542256763,0.14848899572449945,0.14202790706277585
Macrophage,ALDOB,HBA2,0.284966073931518,0.3891092212553402,0.14848899572449945,0.21531106902540084
Macrophage,ALDOB,TXNRD1,0.284966073931518,0.152559130693241,0.14848899572449945,0.10793883429700021
Macrophage,ALDOB,THBS1,0.284966073931518,0.4542532114548477,0.14848899572449945,0.19016202762004275
Macrophage,ALDOB,NFE2L2,0.284966073931518,0.3350170443365838,0.14848899572449945,0.2404202132516864
Macrophage,ALDOB,TMIGD3,0.284966073931518,0.4295975459283368,0.14848899572449945,0.20950348822476422
Macrophage,ALDOB,BAX,0.284966073931518,0.3325944013232178,0.14848899572449945,0.24933620965054723
Macrophage,ALDOB,CYP3A4,0.284966073931518,0.1491675005426281,0.14848899572449945,0.09498215787764226
Macrophage,ALDOB,CAT,0.284966073931518,0.34656301905491405,0.14848899572449945,0.2608162303880686
Macrophage,ALDOB,FABP5,0.284966073931518,0.4254806519438743,0.14848899572449945,0.238787231427888
Macrophage,ALDOB,AREG,0.284966073931518,0.5155002722773017,0.14848899572449945,0.21185948812845395
Macrophage,ALDOB,GPNMB,0.284966073931518,0.4737832080663712,0.14848899572449945,0.24441230032333952
Macrophage,ALDOB,TGFB1,0.284966073931518,0.35877457192280504,0.14848899572449945,0.28567920661463453
Macrophage,ALDOB,CES2,0.284966073931518,0.10977540274876411,0.14848899572449945,0.08442288615236712
Macrophage,ALDOB,CYP2C9,0.284966073931518,0.11683090817257828,0.14848899572449945,0.07890390309493112
Macrophage,ALDOB,IL1R2,0.284966073931518,0.5105890177661818,0.14848899572449945,0.24136901531071006
Macrophage,ALDOB,TF,0.284966073931518,0.5021312707270227,0.14848899572449945,0.25559010375182
Macrophage,ALDOB,NNMT,0.284966073931518,0.48098619511811336,0.14848899572449945,0.26744871474756776
Macrophage,ALDOB,ITIH3,0.284966073931518,0.5338310697015131,0.14848899572449945,0.2477484089391869
Macrophage,ALDOB,MTRNR2L8,0.284966073931518,0.47268308135040754,0.14848899572449945,0.2877044596896154
Macrophage,ALDOB,MGST1,0.284966073931518,0.49137664494092625,0.14848899572449945,0.2908933587225795
Macrophage,ALDOB,AKR1B1,0.284966073931518,0.49046733976226004,0.14848899572449945,0.2987333581468187
Macrophage,ALDOB,CASP8,0.284966073931518,0.08791964154827751,0.14848899572449945,0.06928287774660777
Macrophage,ALDOB,APOH,0.284966073931518,0.5194475473482868,0.14848899572449945,0.2888322078271964
Macrophage,ALDOB,HPX,0.284966073931518,0.5036924086317891,0.14848899572449945,0.2984079821098047
Macrophage,ALDOB,CASP3,0.284966073931518,0.07273994448166805,0.14848899572449945,0.07102743315579475
Macrophage,ALDOB,RGS1,0.284966073931518,0.5381359461082009,0.14848899572449945,0.28142215711691027
Macrophage,ALDOB,RBP4,0.284966073931518,0.5209125773751555,0.14848899572449945,0.29361757691794377
Macrophage,ALDOB,SLC11A1,0.284966073931518,0.5036196647959608,0.14848899572449945,0.30767850588603274
Macrophage,ALDOB,DCXR,0.284966073931518,0.5201800042094384,0.14848899572449945,0.3071040975319594
Macrophage,ALDOB,RNASE1,0.284966073931518,0.6117146915627464,0.14848899572449945,0.2541227525766585
Macrophage,ALDOB,CLU,0.284966073931518,0.5363755816452974,0.14848899572449945,0.3021601457111768
Macrophage,ALDOB,CXCL2,0.284966073931518,0.5715190624042059,0.14848899572449945,0.2868473220948192
Macrophage,ALDOB,PLTP,0.284966073931518,0.5732902216221545,0.14848899572449945,0.2991343109135814
Macrophage,ALDOB,ORM2,0.284966073931518,0.5602080785253738,0.14848899572449945,0.3105563932390058
Macrophage,ALDOB,CD48,0.284966073931518,0.5420456348693309,0.14848899572449945,0.344216210374719
Macrophage,ALDOB,HNRNPH1,0.284966073931518,0.5612083259571049,0.14848899572449945,0.34472349461820073
Macrophage,ALDOB,SNX10,0.284966073931518,0.5447223292940631,0.14848899572449945,0.3527006412901899
Macrophage,ALDOB,CD52,0.284966073931518,0.6222391995035548,0.14848899572449945,0.31548481850948706
Macrophage,ALDOB,GCLM,0.284966073931518,0.054857979886144624,0.14848899572449945,0.05145350076738288
Macrophage,ALDOB,VTN,0.284966073931518,0.6126074912237831,0.14848899572449945,0.3251864401866753
Macrophage,ALDOB,STOM,0.284966073931518,0.5724289034671095,0.14848899572449945,0.348095987999017
Macrophage,ALDOB,EVI2A,0.284966073931518,0.567012138910215,0.14848899572449945,0.35152582283663136
Macrophage,ALDOB,FPR1,0.284966073931518,0.5655481607305062,0.14848899572449945,0.35235846249156805
Macrophage,ALDOB,EGR1,0.284966073931518,0.6159501503018956,0.14848899572449945,0.32703204357327464
Macrophage,ALDOB,FABP1,0.284966073931518,0.6326240499171624,0.14848899572449945,0.31827191740703575
Macrophage,ALDOB,GCA,0.284966073931518,0.5684158493425744,0.14848899572449945,0.3555951709811729
Macrophage,ALDOB,ETS2,0.284966073931518,0.5892973609753599,0.14848899572449945,0.3468533995471537
Macrophage,ALDOB,PRNP,0.284966073931518,0.5629544592312886,0.14848899572449945,0.3599530270186783
Macrophage,HPD,CYP3A4,0.14106940043313793,0.1491675005426281,0.09529063276114846,0.09498215787764226
Macrophage,HPD,TXNRD1,0.14106940043313793,0.152559130693241,0.09529063276114846,0.10793883429700021
Macrophage,HPD,CES2,0.14106940043313793,0.10977540274876411,0.09529063276114846,0.08442288615236712
Macrophage,HPD,CYP2C9,0.14106940043313793,0.11683090817257828,0.09529063276114846,0.07890390309493112
Macrophage,HPD,CASP8,0.14106940043313793,0.08791964154827751,0.09529063276114846,0.06928287774660777
Macrophage,HPD,CASP3,0.14106940043313793,0.07273994448166805,0.09529063276114846,0.07102743315579475
Macrophage,HPD,SMAD2,0.14106940043313793,0.1654801542256763,0.09529063276114846,0.14202790706277585
Macrophage,HPD,GCLM,0.14106940043313793,0.054857979886144624,0.09529063276114846,0.05145350076738288
Macrophage,HPD,GCLC,0.14106940043313793,0.24475350906971052,0.09529063276114846,0.1810956048882114
Macrophage,HPD,VEGFA,0.14106940043313793,0.06633968685154179,0.09529063276114846,0.04447500934739326
Macrophage,HPD,BCL2,0.14106940043313793,0.05143441988010975,0.09529063276114846,0.04118447807794691
Macrophage,HPD,KEAP1,0.14106940043313793,0.051628489005649,0.09529063276114846,0.04035761364928475
Macrophage,HPD,HBA2,0.14106940043313793,0.3891092212553402,0.09529063276114846,0.21531106902540084
Macrophage,HPD,NFE2L2,0.14106940043313793,0.3350170443365838,0.09529063276114846,0.2404202132516864
Macrophage,HPD,THBS1,0.14106940043313793,0.4542532114548477,0.09529063276114846,0.19016202762004275
Macrophage,HPD,BAX,0.14106940043313793,0.3325944013232178,0.09529063276114846,0.24933620965054723
Macrophage,HPD,TMIGD3,0.14106940043313793,0.4295975459283368,0.09529063276114846,0.20950348822476422
Macrophage,HPD,SRC,0.14106940043313793,0.020087671664628975,0.09529063276114846,0.02484412995340344
Macrophage,HPD,CAT,0.14106940043313793,0.34656301905491405,0.09529063276114846,0.2608162303880686
Macrophage,HPD,KRT18,0.14106940043313793,0.036454997863847136,0.09529063276114846,0.023577224866622476
Macrophage,HPD,FABP5,0.14106940043313793,0.4254806519438743,0.09529063276114846,0.238787231427888
Macrophage,HPD,KRT8,0.14106940043313793,0.03315777231979635,0.09529063276114846,0.021257609766656978
Macrophage,HPD,TGFB1,0.14106940043313793,0.35877457192280504,0.09529063276114846,0.28567920661463453
Macrophage,HPD,AREG,0.14106940043313793,0.5155002722773017,0.09529063276114846,0.21185948812845395
Macrophage,HPD,GPNMB,0.14106940043313793,0.4737832080663712,0.09529063276114846,0.24441230032333952
Macrophage,HPD,LCK,0.14106940043313793,0.019383034257795015,0.09529063276114846,0.019452316326094538
Macrophage,HPD,IL1R2,0.14106940043313793,0.5105890177661818,0.09529063276114846,0.24136901531071006
Macrophage,HPD,TF,0.14106940043313793,0.5021312707270227,0.09529063276114846,0.25559010375182
Macrophage,HPD,NNMT,0.14106940043313793,0.48098619511811336,0.09529063276114846,0.26744871474756776
Macrophage,HPD,ITIH3,0.14106940043313793,0.5338310697015131,0.09529063276114846,0.2477484089391869
Macrophage,HPD,SMAD3,0.14106940043313793,0.018624657896920544,0.09529063276114846,0.016299913518279106
Macrophage,HPD,MTRNR2L8,0.14106940043313793,0.47268308135040754,0.09529063276114846,0.2877044596896154
Macrophage,HPD,ACTA2,0.14106940043313793,0.020365254865822486,0.09529063276114846,0.015858456176473013
Macrophage,HPD,MGST1,0.14106940043313793,0.49137664494092625,0.09529063276114846,0.2908933587225795
Macrophage,HPD,AKR1B1,0.14106940043313793,0.49046733976226004,0.09529063276114846,0.2987333581468187
Macrophage,HPD,APOH,0.14106940043313793,0.5194475473482868,0.09529063276114846,0.2888322078271964
Macrophage,HPD,HPX,0.14106940043313793,0.5036924086317891,0.09529063276114846,0.2984079821098047
Macrophage,HPD,RGS1,0.14106940043313793,0.5381359461082009,0.09529063276114846,0.28142215711691027
Macrophage,HPD,RBP4,0.14106940043313793,0.5209125773751555,0.09529063276114846,0.29361757691794377
Macrophage,HPD,SLC11A1,0.14106940043313793,0.5036196647959608,0.09529063276114846,0.30767850588603274
Macrophage,HPD,DCXR,0.14106940043313793,0.5201800042094384,0.09529063276114846,0.3071040975319594
Macrophage,HPD,RNASE1,0.14106940043313793,0.6117146915627464,0.09529063276114846,0.2541227525766585
Macrophage,HPD,CLU,0.14106940043313793,0.5363755816452974,0.09529063276114846,0.3021601457111768
Macrophage,HPD,CXCL2,0.14106940043313793,0.5715190624042059,0.09529063276114846,0.2868473220948192
Macrophage,HPD,PLTP,0.14106940043313793,0.5732902216221545,0.09529063276114846,0.2991343109135814
Macrophage,HPD,ORM2,0.14106940043313793,0.5602080785253738,0.09529063276114846,0.3105563932390058
Macrophage,HPD,CD48,0.14106940043313793,0.5420456348693309,0.09529063276114846,0.344216210374719
Macrophage,HPD,CYP2D6,0.14106940043313793,0.01941201789368604,0.09529063276114846,0.009885334585187103
Macrophage,HPD,SNX10,0.14106940043313793,0.5447223292940631,0.09529063276114846,0.3527006412901899
Macrophage,HPD,HNRNPH1,0.14106940043313793,0.5612083259571049,0.09529063276114846,0.34472349461820073
Macrophage,OTC,NQO1,0.013118754996978167,0.010847246120677088,0.009238803929821533,0.009759155716713975
Macrophage,OTC,CYP2D6,0.013118754996978167,0.01941201789368604,0.009238803929821533,0.009885334585187103
Macrophage,OTC,PDGFB,0.013118754996978167,0.007968655181561257,0.009238803929821533,0.007539277177559853
Macrophage,OTC,SLC10A1,0.013118754996978167,0.009906472728489237,0.009238803929821533,0.006680049704394411
Macrophage,OTC,ACTA2,0.013118754996978167,0.020365254865822486,0.009238803929821533,0.015858456176473013
Macrophage,OTC,UGT1A1,0.013118754996978167,0.006544953679702562,0.009238803929821533,0.004539388061991136
Macrophage,OTC,SMAD3,0.013118754996978167,0.018624657896920544,0.009238803929821533,0.016299913518279106
Macrophage,OTC,COL1A2,0.013118754996978167,0.008636558294872526,0.009238803929821533,0.0039456326313012215
Macrophage,OTC,LCK,0.013118754996978167,0.019383034257795015,0.009238803929821533,0.019452316326094538
Macrophage,OTC,KRT8,0.013118754996978167,0.03315777231979635,0.009238803929821533,0.021257609766656978
Macrophage,OTC,ABCC2,0.013118754996978167,0.005970040821004932,0.009238803929821533,0.002445688391310143
Macrophage,OTC,KRT18,0.013118754996978167,0.036454997863847136,0.009238803929821533,0.023577224866622476
Macrophage,OTC,SRC,0.013118754996978167,0.020087671664628975,0.009238803929821533,0.02484412995340344
Macrophage,OTC,TGFB2,0.013118754996978167,0.002219272704918033,0.009238803929821533,0.001639344262295082
Macrophage,OTC,ABCB1,0.013118754996978167,0.0009629018869257951,0.009238803929821533,0.0014134275618374558
Macrophage,OTC,PDGFA,0.013118754996978167,0.0009212719081272086,0.009238803929821533,0.0014134275618374558
Macrophage,OTC,KIT,0.013118754996978167,0.0019217045901639344,0.009238803929821533,0.000819672131147541
Macrophage,OTC,SLC7A11,0.013118754996978167,0.0013589892741935484,0.009238803929821533,0.0008064516129032258
Macrophage,OTC,ABCB11,0.013118754996978167,0.0007732308870967742,0.009238803929821533,0.0008064516129032258
Macrophage,OTC,COL1A1,0.013118754996978167,0.0006584809469964664,0.009238803929821533,0.0007067137809187279
Macrophage,OTC,KEAP1,0.013118754996978167,0.051628489005649,0.009238803929821533,0.04035761364928475
Macrophage,OTC,BCL2,0.013118754996978167,0.05143441988010975,0.009238803929821533,0.04118447807794691
Macrophage,OTC,VEGFA,0.013118754996978167,0.06633968685154179,0.009238803929821533,0.04447500934739326
Macrophage,OTC,GCLM,0.013118754996978167,0.054857979886144624,0.009238803929821533,0.05145350076738288
Macrophage,OTC,CASP8,0.013118754996978167,0.08791964154827751,0.009238803929821533,0.06928287774660777
Macrophage,OTC,CASP3,0.013118754996978167,0.07273994448166805,0.009238803929821533,0.07102743315579475
Macrophage,OTC,CYP2C9,0.013118754996978167,0.11683090817257828,0.009238803929821533,0.07890390309493112
Macrophage,OTC,CES2,0.013118754996978167,0.10977540274876411,0.009238803929821533,0.08442288615236712
Macrophage,OTC,CYP3A4,0.013118754996978167,0.1491675005426281,0.009238803929821533,0.09498215787764226
Macrophage,OTC,TXNRD1,0.013118754996978167,0.152559130693241,0.009238803929821533,0.10793883429700021
Macrophage,OTC,SMAD2,0.013118754996978167,0.1654801542256763,0.009238803929821533,0.14202790706277585
Macrophage,OTC,GCLC,0.013118754996978167,0.24475350906971052,0.009238803929821533,0.1810956048882114
Macrophage,OTC,THBS1,0.013118754996978167,0.4542532114548477,0.009238803929821533,0.19016202762004275
Macrophage,OTC,HBA2,0.013118754996978167,0.3891092212553402,0.009238803929821533,0.21531106902540084
Macrophage,OTC,TMIGD3,0.013118754996978167,0.4295975459283368,0.009238803929821533,0.20950348822476422
Macrophage,OTC,NFE2L2,0.013118754996978167,0.3350170443365838,0.009238803929821533,0.2404202132516864
Macrophage,OTC,BAX,0.013118754996978167,0.3325944013232178,0.009238803929821533,0.24933620965054723
Macrophage,OTC,AREG,0.013118754996978167,0.5155002722773017,0.009238803929821533,0.21185948812845395
Macrophage,OTC,FABP5,0.013118754996978167,0.4254806519438743,0.009238803929821533,0.238787231427888
Macrophage,OTC,CAT,0.013118754996978167,0.34656301905491405,0.009238803929821533,0.2608162303880686
Macrophage,OTC,GPNMB,0.013118754996978167,0.4737832080663712,0.009238803929821533,0.24441230032333952
Macrophage,OTC,IL1R2,0.013118754996978167,0.5105890177661818,0.009238803929821533,0.24136901531071006
Macrophage,OTC,TGFB1,0.013118754996978167,0.35877457192280504,0.009238803929821533,0.28567920661463453
Macrophage,OTC,TF,0.013118754996978167,0.5021312707270227,0.009238803929821533,0.25559010375182
Macrophage,OTC,ITIH3,0.013118754996978167,0.5338310697015131,0.009238803929821533,0.2477484089391869
Macrophage,OTC,NNMT,0.013118754996978167,0.48098619511811336,0.009238803929821533,0.26744871474756776
Macrophage,OTC,MTRNR2L8,0.013118754996978167,0.47268308135040754,0.009238803929821533,0.2877044596896154
Macrophage,OTC,MGST1,0.013118754996978167,0.49137664494092625,0.009238803929821533,0.2908933587225795
Macrophage,OTC,RNASE1,0.013118754996978167,0.6117146915627464,0.009238803929821533,0.2541227525766585
Macrophage,OTC,RGS1,0.013118754996978167,0.5381359461082009,0.009238803929821533,0.28142215711691027
Macrophage,DMGDH,SLC10A1,0.01141776318388415,0.009906472728489237,0.0063049118283459065,0.006680049704394411
Macrophage,DMGDH,PDGFB,0.01141776318388415,0.007968655181561257,0.0063049118283459065,0.007539277177559853
Macrophage,DMGDH,UGT1A1,0.01141776318388415,0.006544953679702562,0.0063049118283459065,0.004539388061991136
Macrophage,DMGDH,COL1A2,0.01141776318388415,0.008636558294872526,0.0063049118283459065,0.0039456326313012215
Macrophage,DMGDH,NQO1,0.01141776318388415,0.010847246120677088,0.0063049118283459065,0.009759155716713975
Macrophage,DMGDH,CYP2D6,0.01141776318388415,0.01941201789368604,0.0063049118283459065,0.009885334585187103
Macrophage,DMGDH,ABCC2,0.01141776318388415,0.005970040821004932,0.0063049118283459065,0.002445688391310143
Macrophage,DMGDH,TGFB2,0.01141776318388415,0.002219272704918033,0.0063049118283459065,0.001639344262295082
Macrophage,DMGDH,ABCB1,0.01141776318388415,0.0009629018869257951,0.0063049118283459065,0.0014134275618374558
Macrophage,DMGDH,PDGFA,0.01141776318388415,0.0009212719081272086,0.0063049118283459065,0.0014134275618374558
Macrophage,DMGDH,ACTA2,0.01141776318388415,0.020365254865822486,0.0063049118283459065,0.015858456176473013
Macrophage,DMGDH,SMAD3,0.01141776318388415,0.018624657896920544,0.0063049118283459065,0.016299913518279106
Macrophage,DMGDH,KIT,0.01141776318388415,0.0019217045901639344,0.0063049118283459065,0.000819672131147541
Macrophage,DMGDH,SLC7A11,0.01141776318388415,0.0013589892741935484,0.0063049118283459065,0.0008064516129032258
Macrophage,DMGDH,ABCB11,0.01141776318388415,0.0007732308870967742,0.0063049118283459065,0.0008064516129032258
Macrophage,DMGDH,COL1A1,0.01141776318388415,0.0006584809469964664,0.0063049118283459065,0.0007067137809187279
Macrophage,DMGDH,LCK,0.01141776318388415,0.019383034257795015,0.0063049118283459065,0.019452316326094538
Macrophage,DMGDH,KRT8,0.01141776318388415,0.03315777231979635,0.0063049118283459065,0.021257609766656978
Macrophage,DMGDH,KRT18,0.01141776318388415,0.036454997863847136,0.0063049118283459065,0.023577224866622476
Macrophage,DMGDH,SRC,0.01141776318388415,0.020087671664628975,0.0063049118283459065,0.02484412995340344
Macrophage,DMGDH,KEAP1,0.01141776318388415,0.051628489005649,0.0063049118283459065,0.04035761364928475
Macrophage,DMGDH,BCL2,0.01141776318388415,0.05143441988010975,0.0063049118283459065,0.04118447807794691
Macrophage,DMGDH,VEGFA,0.01141776318388415,0.06633968685154179,0.0063049118283459065,0.04447500934739326
Macrophage,DMGDH,GCLM,0.01141776318388415,0.054857979886144624,0.0063049118283459065,0.05145350076738288
Macrophage,DMGDH,CASP8,0.01141776318388415,0.08791964154827751,0.0063049118283459065,0.06928287774660777
Macrophage,DMGDH,CASP3,0.01141776318388415,0.07273994448166805,0.0063049118283459065,0.07102743315579475
Macrophage,DMGDH,CYP2C9,0.01141776318388415,0.11683090817257828,0.0063049118283459065,0.07890390309493112
Macrophage,DMGDH,CES2,0.01141776318388415,0.10977540274876411,0.0063049118283459065,0.08442288615236712
Macrophage,DMGDH,CYP3A4,0.01141776318388415,0.1491675005426281,0.0063049118283459065,0.09498215787764226
Macrophage,DMGDH,TXNRD1,0.01141776318388415,0.152559130693241,0.0063049118283459065,0.10793883429700021
Macrophage,DMGDH,SMAD2,0.01141776318388415,0.1654801542256763,0.0063049118283459065,0.14202790706277585
Macrophage,DMGDH,GCLC,0.01141776318388415,0.24475350906971052,0.0063049118283459065,0.1810956048882114
Macrophage,DMGDH,THBS1,0.01141776318388415,0.4542532114548477,0.0063049118283459065,0.19016202762004275
Macrophage,DMGDH,HBA2,0.01141776318388415,0.3891092212553402,0.0063049118283459065,0.21531106902540084
Macrophage,DMGDH,TMIGD3,0.01141776318388415,0.4295975459283368,0.0063049118283459065,0.20950348822476422
Macrophage,DMGDH,NFE2L2,0.01141776318388415,0.3350170443365838,0.0063049118283459065,0.2404202132516864
Macrophage,DMGDH,BAX,0.01141776318388415,0.3325944013232178,0.0063049118283459065,0.24933620965054723
Macrophage,DMGDH,AREG,0.01141776318388415,0.5155002722773017,0.0063049118283459065,0.21185948812845395
Macrophage,DMGDH,FABP5,0.01141776318388415,0.4254806519438743,0.0063049118283459065,0.238787231427888
Macrophage,DMGDH,CAT,0.01141776318388415,0.34656301905491405,0.0063049118283459065,0.2608162303880686
Macrophage,DMGDH,GPNMB,0.01141776318388415,0.4737832080663712,0.0063049118283459065,0.24441230032333952
Macrophage,DMGDH,IL1R2,0.01141776318388415,0.5105890177661818,0.0063049118283459065,0.24136901531071006
Macrophage,DMGDH,TGFB1,0.01141776318388415,0.35877457192280504,0.0063049118283459065,0.28567920661463453
Macrophage,DMGDH,TF,0.01141776318388415,0.5021312707270227,0.0063049118283459065,0.25559010375182
Macrophage,DMGDH,ITIH3,0.01141776318388415,0.5338310697015131,0.0063049118283459065,0.2477484089391869
Macrophage,DMGDH,NNMT,0.01141776318388415,0.48098619511811336,0.0063049118283459065,0.26744871474756776
Macrophage,DMGDH,MTRNR2L8,0.01141776318388415,0.47268308135040754,0.0063049118283459065,0.2877044596896154
Macrophage,DMGDH,RNASE1,0.01141776318388415,0.6117146915627464,0.0063049118283459065,0.2541227525766585
Macrophage,DMGDH,MGST1,0.01141776318388415,0.49137664494092625,0.0063049118283459065,0.2908933587225795
Macrophage,DMGDH,RGS1,0.01141776318388415,0.5381359461082009,0.0063049118283459065,0.28142215711691027
Macrophage,GSTA1,CASP8,0.099937118128581,0.08791964154827751,0.06794312945610533,0.06928287774660777
Macrophage,GSTA1,CASP3,0.099937118128581,0.07273994448166805,0.06794312945610533,0.07102743315579475
Macrophage,GSTA1,CYP2C9,0.099937118128581,0.11683090817257828,0.06794312945610533,0.07890390309493112
Macrophage,GSTA1,CES2,0.099937118128581,0.10977540274876411,0.06794312945610533,0.08442288615236712
Macrophage,GSTA1,GCLM,0.099937118128581,0.054857979886144624,0.06794312945610533,0.05145350076738288
Macrophage,GSTA1,CYP3A4,0.099937118128581,0.1491675005426281,0.06794312945610533,0.09498215787764226
Macrophage,GSTA1,VEGFA,0.099937118128581,0.06633968685154179,0.06794312945610533,0.04447500934739326
Macrophage,GSTA1,TXNRD1,0.099937118128581,0.152559130693241,0.06794312945610533,0.10793883429700021
Macrophage,GSTA1,BCL2,0.099937118128581,0.05143441988010975,0.06794312945610533,0.04118447807794691
Macrophage,GSTA1,KEAP1,0.099937118128581,0.051628489005649,0.06794312945610533,0.04035761364928475
Macrophage,GSTA1,SMAD2,0.099937118128581,0.1654801542256763,0.06794312945610533,0.14202790706277585
Macrophage,GSTA1,SRC,0.099937118128581,0.020087671664628975,0.06794312945610533,0.02484412995340344
Macrophage,GSTA1,KRT18,0.099937118128581,0.036454997863847136,0.06794312945610533,0.023577224866622476
Macrophage,GSTA1,KRT8,0.099937118128581,0.03315777231979635,0.06794312945610533,0.021257609766656978
Macrophage,GSTA1,LCK,0.099937118128581,0.019383034257795015,0.06794312945610533,0.019452316326094538
Macrophage,GSTA1,GCLC,0.099937118128581,0.24475350906971052,0.06794312945610533,0.1810956048882114
Macrophage,GSTA1,SMAD3,0.099937118128581,0.018624657896920544,0.06794312945610533,0.016299913518279106
Macrophage,GSTA1,ACTA2,0.099937118128581,0.020365254865822486,0.06794312945610533,0.015858456176473013
Macrophage,GSTA1,HBA2,0.099937118128581,0.3891092212553402,0.06794312945610533,0.21531106902540084
Macrophage,GSTA1,NFE2L2,0.099937118128581,0.3350170443365838,0.06794312945610533,0.2404202132516864
Macrophage,GSTA1,THBS1,0.099937118128581,0.4542532114548477,0.06794312945610533,0.19016202762004275
Macrophage,GSTA1,TMIGD3,0.099937118128581,0.4295975459283368,0.06794312945610533,0.20950348822476422
Macrophage,GSTA1,BAX,0.099937118128581,0.3325944013232178,0.06794312945610533,0.24933620965054723
Macrophage,GSTA1,CYP2D6,0.099937118128581,0.01941201789368604,0.06794312945610533,0.009885334585187103
Macrophage,GSTA1,NQO1,0.099937118128581,0.010847246120677088,0.06794312945610533,0.009759155716713975
Macrophage,GSTA1,CAT,0.099937118128581,0.34656301905491405,0.06794312945610533,0.2608162303880686
Macrophage,GSTA1,FABP5,0.099937118128581,0.4254806519438743,0.06794312945610533,0.238787231427888
Macrophage,GSTA1,PDGFB,0.099937118128581,0.007968655181561257,0.06794312945610533,0.007539277177559853
Macrophage,GSTA1,AREG,0.099937118128581,0.5155002722773017,0.06794312945610533,0.21185948812845395
Macrophage,GSTA1,TGFB1,0.099937118128581,0.35877457192280504,0.06794312945610533,0.28567920661463453
Macrophage,GSTA1,GPNMB,0.099937118128581,0.4737832080663712,0.06794312945610533,0.24441230032333952
Macrophage,GSTA1,SLC10A1,0.099937118128581,0.009906472728489237,0.06794312945610533,0.006680049704394411
Macrophage,GSTA1,IL1R2,0.099937118128581,0.5105890177661818,0.06794312945610533,0.24136901531071006
Macrophage,GSTA1,TF,0.099937118128581,0.5021312707270227,0.06794312945610533,0.25559010375182
Macrophage,GSTA1,NNMT,0.099937118128581,0.48098619511811336,0.06794312945610533,0.26744871474756776
Macrophage,GSTA1,ITIH3,0.099937118128581,0.5338310697015131,0.06794312945610533,0.2477484089391869
Macrophage,GSTA1,MTRNR2L8,0.099937118128581,0.47268308135040754,0.06794312945610533,0.2877044596896154
Macrophage,GSTA1,MGST1,0.099937118128581,0.49137664494092625,0.06794312945610533,0.2908933587225795
Macrophage,GSTA1,UGT1A1,0.099937118128581,0.006544953679702562,0.06794312945610533,0.004539388061991136
Macrophage,GSTA1,AKR1B1,0.099937118128581,0.49046733976226004,0.06794312945610533,0.2987333581468187
Macrophage,GSTA1,APOH,0.099937118128581,0.5194475473482868,0.06794312945610533,0.2888322078271964
Macrophage,GSTA1,RGS1,0.099937118128581,0.5381359461082009,0.06794312945610533,0.28142215711691027
Macrophage,GSTA1,HPX,0.099937118128581,0.5036924086317891,0.06794312945610533,0.2984079821098047
Macrophage,GSTA1,RBP4,0.099937118128581,0.5209125773751555,0.06794312945610533,0.29361757691794377
Macrophage,GSTA1,COL1A2,0.099937118128581,0.008636558294872526,0.06794312945610533,0.0039456326313012215
Macrophage,GSTA1,SLC11A1,0.099937118128581,0.5036196647959608,0.06794312945610533,0.30767850588603274
Macrophage,GSTA1,RNASE1,0.099937118128581,0.6117146915627464,0.06794312945610533,0.2541227525766585
Macrophage,GSTA1,DCXR,0.099937118128581,0.5201800042094384,0.06794312945610533,0.3071040975319594
Macrophage,GSTA1,CLU,0.099937118128581,0.5363755816452974,0.06794312945610533,0.3021601457111768
Macrophage,GSTA1,CXCL2,0.099937118128581,0.5715190624042059,0.06794312945610533,0.2868473220948192
Macrophage,FBP1,GCLC,0.24157161472889674,0.24475350906971052,0.17578548206982395,0.1810956048882114
Macrophage,FBP1,SMAD2,0.24157161472889674,0.1654801542256763,0.17578548206982395,0.14202790706277585
Macrophage,FBP1,NFE2L2,0.24157161472889674,0.3350170443365838,0.17578548206982395,0.2404202132516864
Macrophage,FBP1,BAX,0.24157161472889674,0.3325944013232178,0.17578548206982395,0.24933620965054723
Macrophage,FBP1,HBA2,0.24157161472889674,0.3891092212553402,0.17578548206982395,0.21531106902540084
Macrophage,FBP1,CAT,0.24157161472889674,0.34656301905491405,0.17578548206982395,0.2608162303880686
Macrophage,FBP1,TXNRD1,0.24157161472889674,0.152559130693241,0.17578548206982395,0.10793883429700021
Macrophage,FBP1,TMIGD3,0.24157161472889674,0.4295975459283368,0.17578548206982395,0.20950348822476422
Macrophage,FBP1,THBS1,0.24157161472889674,0.4542532114548477,0.17578548206982395,0.19016202762004275
Macrophage,FBP1,FABP5,0.24157161472889674,0.4254806519438743,0.17578548206982395,0.238787231427888
Macrophage,FBP1,TGFB1,0.24157161472889674,0.35877457192280504,0.17578548206982395,0.28567920661463453
Macrophage,FBP1,CYP3A4,0.24157161472889674,0.1491675005426281,0.17578548206982395,0.09498215787764226
Macrophage,FBP1,GPNMB,0.24157161472889674,0.4737832080663712,0.17578548206982395,0.24441230032333952
Macrophage,FBP1,AREG,0.24157161472889674,0.5155002722773017,0.17578548206982395,0.21185948812845395
Macrophage,FBP1,NNMT,0.24157161472889674,0.48098619511811336,0.17578548206982395,0.26744871474756776
Macrophage,FBP1,IL1R2,0.24157161472889674,0.5105890177661818,0.17578548206982395,0.24136901531071006
Macrophage,FBP1,CES2,0.24157161472889674,0.10977540274876411,0.17578548206982395,0.08442288615236712
Macrophage,FBP1,TF,0.24157161472889674,0.5021312707270227,0.17578548206982395,0.25559010375182
Macrophage,FBP1,MTRNR2L8,0.24157161472889674,0.47268308135040754,0.17578548206982395,0.2877044596896154
Macrophage,FBP1,CYP2C9,0.24157161472889674,0.11683090817257828,0.17578548206982395,0.07890390309493112
Macrophage,FBP1,ITIH3,0.24157161472889674,0.5338310697015131,0.17578548206982395,0.2477484089391869
Macrophage,FBP1,MGST1,0.24157161472889674,0.49137664494092625,0.17578548206982395,0.2908933587225795
Macrophage,FBP1,AKR1B1,0.24157161472889674,0.49046733976226004,0.17578548206982395,0.2987333581468187
Macrophage,FBP1,HPX,0.24157161472889674,0.5036924086317891,0.17578548206982395,0.2984079821098047
Macrophage,FBP1,APOH,0.24157161472889674,0.5194475473482868,0.17578548206982395,0.2888322078271964
Macrophage,FBP1,RBP4,0.24157161472889674,0.5209125773751555,0.17578548206982395,0.29361757691794377
Macrophage,FBP1,SLC11A1,0.24157161472889674,0.5036196647959608,0.17578548206982395,0.30767850588603274
Macrophage,FBP1,RGS1,0.24157161472889674,0.5381359461082009,0.17578548206982395,0.28142215711691027
Macrophage,FBP1,DCXR,0.24157161472889674,0.5201800042094384,0.17578548206982395,0.3071040975319594
Macrophage,FBP1,CLU,0.24157161472889674,0.5363755816452974,0.17578548206982395,0.3021601457111768
Macrophage,FBP1,CASP8,0.24157161472889674,0.08791964154827751,0.17578548206982395,0.06928287774660777
Macrophage,FBP1,CASP3,0.24157161472889674,0.07273994448166805,0.17578548206982395,0.07102743315579475
Macrophage,FBP1,CXCL2,0.24157161472889674,0.5715190624042059,0.17578548206982395,0.2868473220948192
Macrophage,FBP1,RNASE1,0.24157161472889674,0.6117146915627464,0.17578548206982395,0.2541227525766585
Macrophage,FBP1,PLTP,0.24157161472889674,0.5732902216221545,0.17578548206982395,0.2991343109135814
Macrophage,FBP1,ORM2,0.24157161472889674,0.5602080785253738,0.17578548206982395,0.3105563932390058
Macrophage,FBP1,CD48,0.24157161472889674,0.5420456348693309,0.17578548206982395,0.344216210374719
Macrophage,FBP1,SNX10,0.24157161472889674,0.5447223292940631,0.17578548206982395,0.3527006412901899
Macrophage,FBP1,HNRNPH1,0.24157161472889674,0.5612083259571049,0.17578548206982395,0.34472349461820073
Macrophage,FBP1,FPR1,0.24157161472889674,0.5655481607305062,0.17578548206982395,0.35235846249156805
Macrophage,FBP1,EVI2A,0.24157161472889674,0.567012138910215,0.17578548206982395,0.35152582283663136
Macrophage,FBP1,STOM,0.24157161472889674,0.5724289034671095,0.17578548206982395,0.348095987999017
Macrophage,FBP1,GCA,0.24157161472889674,0.5684158493425744,0.17578548206982395,0.3555951709811729
Macrophage,FBP1,PRNP,0.24157161472889674,0.5629544592312886,0.17578548206982395,0.3599530270186783
Macrophage,FBP1,CD52,0.24157161472889674,0.6222391995035548,0.17578548206982395,0.31548481850948706
Macrophage,FBP1,NDUFB10,0.24157161472889674,0.5555236443112055,0.17578548206982395,0.36555916056583637
Macrophage,FBP1,VTN,0.24157161472889674,0.6126074912237831,0.17578548206982395,0.3251864401866753
Macrophage,FBP1,RAB32,0.24157161472889674,0.565920997249701,0.17578548206982395,0.3626081622489258
Macrophage,FBP1,SAP18,0.24157161472889674,0.5585408806499617,0.17578548206982395,0.3674459396681314
Macrophage,FBP1,ETS2,0.24157161472889674,0.5892973609753599,0.17578548206982395,0.3468533995471537
Macrophage,PCK2,CASP8,0.07514201772958104,0.08791964154827751,0.06555599190329817,0.06928287774660777
Macrophage,PCK2,CASP3,0.07514201772958104,0.07273994448166805,0.06555599190329817,0.07102743315579475
Macrophage,PCK2,CYP2C9,0.07514201772958104,0.11683090817257828,0.06555599190329817,0.07890390309493112
Macrophage,PCK2,GCLM,0.07514201772958104,0.054857979886144624,0.06555599190329817,0.05145350076738288
Macrophage,PCK2,CES2,0.07514201772958104,0.10977540274876411,0.06555599190329817,0.08442288615236712
Macrophage,PCK2,VEGFA,0.07514201772958104,0.06633968685154179,0.06555599190329817,0.04447500934739326
Macrophage,PCK2,BCL2,0.07514201772958104,0.05143441988010975,0.06555599190329817,0.04118447807794691
Macrophage,PCK2,CYP3A4,0.07514201772958104,0.1491675005426281,0.06555599190329817,0.09498215787764226
Macrophage,PCK2,KEAP1,0.07514201772958104,0.051628489005649,0.06555599190329817,0.04035761364928475
Macrophage,PCK2,TXNRD1,0.07514201772958104,0.152559130693241,0.06555599190329817,0.10793883429700021
Macrophage,PCK2,SMAD2,0.07514201772958104,0.1654801542256763,0.06555599190329817,0.14202790706277585
Macrophage,PCK2,SRC,0.07514201772958104,0.020087671664628975,0.06555599190329817,0.02484412995340344
Macrophage,PCK2,KRT18,0.07514201772958104,0.036454997863847136,0.06555599190329817,0.023577224866622476
Macrophage,PCK2,KRT8,0.07514201772958104,0.03315777231979635,0.06555599190329817,0.021257609766656978
Macrophage,PCK2,LCK,0.07514201772958104,0.019383034257795015,0.06555599190329817,0.019452316326094538
Macrophage,PCK2,GCLC,0.07514201772958104,0.24475350906971052,0.06555599190329817,0.1810956048882114
Macrophage,PCK2,SMAD3,0.07514201772958104,0.018624657896920544,0.06555599190329817,0.016299913518279106
Macrophage,PCK2,ACTA2,0.07514201772958104,0.020365254865822486,0.06555599190329817,0.015858456176473013
Macrophage,PCK2,CYP2D6,0.07514201772958104,0.01941201789368604,0.06555599190329817,0.009885334585187103
Macrophage,PCK2,NQO1,0.07514201772958104,0.010847246120677088,0.06555599190329817,0.009759155716713975
Macrophage,PCK2,HBA2,0.07514201772958104,0.3891092212553402,0.06555599190329817,0.21531106902540084
Macrophage,PCK2,NFE2L2,0.07514201772958104,0.3350170443365838,0.06555599190329817,0.2404202132516864
Macrophage,PCK2,THBS1,0.07514201772958104,0.4542532114548477,0.06555599190329817,0.19016202762004275
Macrophage,PCK2,BAX,0.07514201772958104,0.3325944013232178,0.06555599190329817,0.24933620965054723
Macrophage,PCK2,TMIGD3,0.07514201772958104,0.4295975459283368,0.06555599190329817,0.20950348822476422
Macrophage,PCK2,PDGFB,0.07514201772958104,0.007968655181561257,0.06555599190329817,0.007539277177559853
Macrophage,PCK2,CAT,0.07514201772958104,0.34656301905491405,0.06555599190329817,0.2608162303880686
Macrophage,PCK2,SLC10A1,0.07514201772958104,0.009906472728489237,0.06555599190329817,0.006680049704394411
Macrophage,PCK2,FABP5,0.07514201772958104,0.4254806519438743,0.06555599190329817,0.238787231427888
Macrophage,PCK2,AREG,0.07514201772958104,0.5155002722773017,0.06555599190329817,0.21185948812845395
Macrophage,PCK2,TGFB1,0.07514201772958104,0.35877457192280504,0.06555599190329817,0.28567920661463453
Macrophage,PCK2,GPNMB,0.07514201772958104,0.4737832080663712,0.06555599190329817,0.24441230032333952
Macrophage,PCK2,IL1R2,0.07514201772958104,0.5105890177661818,0.06555599190329817,0.24136901531071006
Macrophage,PCK2,UGT1A1,0.07514201772958104,0.006544953679702562,0.06555599190329817,0.004539388061991136
Macrophage,PCK2,TF,0.07514201772958104,0.5021312707270227,0.06555599190329817,0.25559010375182
Macrophage,PCK2,NNMT,0.07514201772958104,0.48098619511811336,0.06555599190329817,0.26744871474756776
Macrophage,PCK2,ITIH3,0.07514201772958104,0.5338310697015131,0.06555599190329817,0.2477484089391869
Macrophage,PCK2,COL1A2,0.07514201772958104,0.008636558294872526,0.06555599190329817,0.0039456326313012215
Macrophage,PCK2,MTRNR2L8,0.07514201772958104,0.47268308135040754,0.06555599190329817,0.2877044596896154
Macrophage,PCK2,MGST1,0.07514201772958104,0.49137664494092625,0.06555599190329817,0.2908933587225795
Macrophage,PCK2,AKR1B1,0.07514201772958104,0.49046733976226004,0.06555599190329817,0.2987333581468187
Macrophage,PCK2,APOH,0.07514201772958104,0.5194475473482868,0.06555599190329817,0.2888322078271964
Macrophage,PCK2,HPX,0.07514201772958104,0.5036924086317891,0.06555599190329817,0.2984079821098047
Macrophage,PCK2,RGS1,0.07514201772958104,0.5381359461082009,0.06555599190329817,0.28142215711691027
Macrophage,PCK2,RBP4,0.07514201772958104,0.5209125773751555,0.06555599190329817,0.29361757691794377
Macrophage,PCK2,SLC11A1,0.07514201772958104,0.5036196647959608,0.06555599190329817,0.30767850588603274
Macrophage,PCK2,RNASE1,0.07514201772958104,0.6117146915627464,0.06555599190329817,0.2541227525766585
Macrophage,PCK2,DCXR,0.07514201772958104,0.5201800042094384,0.06555599190329817,0.3071040975319594
Macrophage,PCK2,ABCC2,0.07514201772958104,0.005970040821004932,0.06555599190329817,0.002445688391310143
Macrophage,PCK2,CLU,0.07514201772958104,0.5363755816452974,0.06555599190329817,0.3021601457111768
Macrophage,CES1,HBA2,0.37623597249100454,0.3891092212553402,0.22992558681841418,0.21531106902540084
Macrophage,CES1,NFE2L2,0.37623597249100454,0.3350170443365838,0.22992558681841418,0.2404202132516864
Macrophage,CES1,FABP5,0.37623597249100454,0.4254806519438743,0.22992558681841418,0.238787231427888
Macrophage,CES1,BAX,0.37623597249100454,0.3325944013232178,0.22992558681841418,0.24933620965054723
Macrophage,CES1,CAT,0.37623597249100454,0.34656301905491405,0.22992558681841418,0.2608162303880686
Macrophage,CES1,TMIGD3,0.37623597249100454,0.4295975459283368,0.22992558681841418,0.20950348822476422
Macrophage,CES1,TGFB1,0.37623597249100454,0.35877457192280504,0.22992558681841418,0.28567920661463453
Macrophage,CES1,GPNMB,0.37623597249100454,0.4737832080663712,0.22992558681841418,0.24441230032333952
Macrophage,CES1,THBS1,0.37623597249100454,0.4542532114548477,0.22992558681841418,0.19016202762004275
Macrophage,CES1,NNMT,0.37623597249100454,0.48098619511811336,0.22992558681841418,0.26744871474756776
Macrophage,CES1,TF,0.37623597249100454,0.5021312707270227,0.22992558681841418,0.25559010375182
Macrophage,CES1,IL1R2,0.37623597249100454,0.5105890177661818,0.22992558681841418,0.24136901531071006
Macrophage,CES1,MTRNR2L8,0.37623597249100454,0.47268308135040754,0.22992558681841418,0.2877044596896154
Macrophage,CES1,AREG,0.37623597249100454,0.5155002722773017,0.22992558681841418,0.21185948812845395
Macrophage,CES1,MGST1,0.37623597249100454,0.49137664494092625,0.22992558681841418,0.2908933587225795
Macrophage,CES1,ITIH3,0.37623597249100454,0.5338310697015131,0.22992558681841418,0.2477484089391869
Macrophage,CES1,AKR1B1,0.37623597249100454,0.49046733976226004,0.22992558681841418,0.2987333581468187
Macrophage,CES1,HPX,0.37623597249100454,0.5036924086317891,0.22992558681841418,0.2984079821098047
Macrophage,CES1,APOH,0.37623597249100454,0.5194475473482868,0.22992558681841418,0.2888322078271964
Macrophage,CES1,GCLC,0.37623597249100454,0.24475350906971052,0.22992558681841418,0.1810956048882114
Macrophage,CES1,RBP4,0.37623597249100454,0.5209125773751555,0.22992558681841418,0.29361757691794377
Macrophage,CES1,SLC11A1,0.37623597249100454,0.5036196647959608,0.22992558681841418,0.30767850588603274
Macrophage,CES1,RGS1,0.37623597249100454,0.5381359461082009,0.22992558681841418,0.28142215711691027
Macrophage,CES1,DCXR,0.37623597249100454,0.5201800042094384,0.22992558681841418,0.3071040975319594
Macrophage,CES1,CLU,0.37623597249100454,0.5363755816452974,0.22992558681841418,0.3021601457111768
Macrophage,CES1,CXCL2,0.37623597249100454,0.5715190624042059,0.22992558681841418,0.2868473220948192
Macrophage,CES1,PLTP,0.37623597249100454,0.5732902216221545,0.22992558681841418,0.2991343109135814
Macrophage,CES1,ORM2,0.37623597249100454,0.5602080785253738,0.22992558681841418,0.3105563932390058
Macrophage,CES1,RNASE1,0.37623597249100454,0.6117146915627464,0.22992558681841418,0.2541227525766585
Macrophage,CES1,CD48,0.37623597249100454,0.5420456348693309,0.22992558681841418,0.344216210374719
Macrophage,CES1,SNX10,0.37623597249100454,0.5447223292940631,0.22992558681841418,0.3527006412901899
Macrophage,CES1,HNRNPH1,0.37623597249100454,0.5612083259571049,0.22992558681841418,0.34472349461820073
Macrophage,CES1,STOM,0.37623597249100454,0.5724289034671095,0.22992558681841418,0.348095987999017
Macrophage,CES1,FPR1,0.37623597249100454,0.5655481607305062,0.22992558681841418,0.35235846249156805
Macrophage,CES1,EVI2A,0.37623597249100454,0.567012138910215,0.22992558681841418,0.35152582283663136
Macrophage,CES1,CD52,0.37623597249100454,0.6222391995035548,0.22992558681841418,0.31548481850948706
Macrophage,CES1,GCA,0.37623597249100454,0.5684158493425744,0.22992558681841418,0.3555951709811729
Macrophage,CES1,VTN,0.37623597249100454,0.6126074912237831,0.22992558681841418,0.3251864401866753
Macrophage,CES1,PRNP,0.37623597249100454,0.5629544592312886,0.22992558681841418,0.3599530270186783
Macrophage,CES1,NDUFB10,0.37623597249100454,0.5555236443112055,0.22992558681841418,0.36555916056583637
Macrophage,CES1,ETS2,0.37623597249100454,0.5892973609753599,0.22992558681841418,0.3468533995471537
Macrophage,CES1,EGR1,0.37623597249100454,0.6159501503018956,0.22992558681841418,0.32703204357327464
Macrophage,CES1,RAB32,0.37623597249100454,0.565920997249701,0.22992558681841418,0.3626081622489258
Macrophage,CES1,SAP18,0.37623597249100454,0.5585408806499617,0.22992558681841418,0.3674459396681314
Macrophage,CES1,LINC00936,0.37623597249100454,0.5878879990331386,0.22992558681841418,0.352500412580164
Macrophage,CES1,CD37,0.37623597249100454,0.5934778009694395,0.22992558681841418,0.3490757325045736
Macrophage,CES1,FABP1,0.37623597249100454,0.6326240499171624,0.22992558681841418,0.31827191740703575
Macrophage,CES1,TRAPPC1,0.37623597249100454,0.5546956902628623,0.22992558681841418,0.37610955893690484
Macrophage,CES1,LAMP1,0.37623597249100454,0.5818155251992778,0.22992558681841418,0.36275392661648603
Macrophage,CES1,IL18,0.37623597249100454,0.5907608616944664,0.22992558681841418,0.35914699994659305
Macrophage,LECT2,PDGFB,0.007347173246682509,0.007968655181561257,0.007174067303099829,0.007539277177559853
Macrophage,LECT2,SLC10A1,0.007347173246682509,0.009906472728489237,0.007174067303099829,0.006680049704394411
Macrophage,LECT2,NQO1,0.007347173246682509,0.010847246120677088,0.007174067303099829,0.009759155716713975
Macrophage,LECT2,CYP2D6,0.007347173246682509,0.01941201789368604,0.007174067303099829,0.009885334585187103
Macrophage,LECT2,UGT1A1,0.007347173246682509,0.006544953679702562,0.007174067303099829,0.004539388061991136
Macrophage,LECT2,COL1A2,0.007347173246682509,0.008636558294872526,0.007174067303099829,0.0039456326313012215
Macrophage,LECT2,ABCC2,0.007347173246682509,0.005970040821004932,0.007174067303099829,0.002445688391310143
Macrophage,LECT2,ACTA2,0.007347173246682509,0.020365254865822486,0.007174067303099829,0.015858456176473013
Macrophage,LECT2,SMAD3,0.007347173246682509,0.018624657896920544,0.007174067303099829,0.016299913518279106
Macrophage,LECT2,TGFB2,0.007347173246682509,0.002219272704918033,0.007174067303099829,0.001639344262295082
Macrophage,LECT2,ABCB1,0.007347173246682509,0.0009629018869257951,0.007174067303099829,0.0014134275618374558
Macrophage,LECT2,PDGFA,0.007347173246682509,0.0009212719081272086,0.007174067303099829,0.0014134275618374558
Macrophage,LECT2,LCK,0.007347173246682509,0.019383034257795015,0.007174067303099829,0.019452316326094538
Macrophage,LECT2,KIT,0.007347173246682509,0.0019217045901639344,0.007174067303099829,0.000819672131147541
Macrophage,LECT2,SLC7A11,0.007347173246682509,0.0013589892741935484,0.007174067303099829,0.0008064516129032258
Macrophage,LECT2,ABCB11,0.007347173246682509,0.0007732308870967742,0.007174067303099829,0.0008064516129032258
Macrophage,LECT2,COL1A1,0.007347173246682509,0.0006584809469964664,0.007174067303099829,0.0007067137809187279
Macrophage,LECT2,KRT8,0.007347173246682509,0.03315777231979635,0.007174067303099829,0.021257609766656978
Macrophage,LECT2,KRT18,0.007347173246682509,0.036454997863847136,0.007174067303099829,0.023577224866622476
Macrophage,LECT2,SRC,0.007347173246682509,0.020087671664628975,0.007174067303099829,0.02484412995340344
Macrophage,LECT2,KEAP1,0.007347173246682509,0.051628489005649,0.007174067303099829,0.04035761364928475
Macrophage,LECT2,BCL2,0.007347173246682509,0.05143441988010975,0.007174067303099829,0.04118447807794691
Macrophage,LECT2,VEGFA,0.007347173246682509,0.06633968685154179,0.007174067303099829,0.04447500934739326
Macrophage,LECT2,GCLM,0.007347173246682509,0.054857979886144624,0.007174067303099829,0.05145350076738288
Macrophage,LECT2,CASP8,0.007347173246682509,0.08791964154827751,0.007174067303099829,0.06928287774660777
Macrophage,LECT2,CASP3,0.007347173246682509,0.07273994448166805,0.007174067303099829,0.07102743315579475
Macrophage,LECT2,CYP2C9,0.007347173246682509,0.11683090817257828,0.007174067303099829,0.07890390309493112
Macrophage,LECT2,CES2,0.007347173246682509,0.10977540274876411,0.007174067303099829,0.08442288615236712
Macrophage,LECT2,CYP3A4,0.007347173246682509,0.1491675005426281,0.007174067303099829,0.09498215787764226
Macrophage,LECT2,TXNRD1,0.007347173246682509,0.152559130693241,0.007174067303099829,0.10793883429700021
Macrophage,LECT2,SMAD2,0.007347173246682509,0.1654801542256763,0.007174067303099829,0.14202790706277585
Macrophage,LECT2,GCLC,0.007347173246682509,0.24475350906971052,0.007174067303099829,0.1810956048882114
Macrophage,LECT2,THBS1,0.007347173246682509,0.4542532114548477,0.007174067303099829,0.19016202762004275
Macrophage,LECT2,HBA2,0.007347173246682509,0.3891092212553402,0.007174067303099829,0.21531106902540084
Macrophage,LECT2,TMIGD3,0.007347173246682509,0.4295975459283368,0.007174067303099829,0.20950348822476422
Macrophage,LECT2,NFE2L2,0.007347173246682509,0.3350170443365838,0.007174067303099829,0.2404202132516864
Macrophage,LECT2,BAX,0.007347173246682509,0.3325944013232178,0.007174067303099829,0.24933620965054723
Macrophage,LECT2,AREG,0.007347173246682509,0.5155002722773017,0.007174067303099829,0.21185948812845395
Macrophage,LECT2,FABP5,0.007347173246682509,0.4254806519438743,0.007174067303099829,0.238787231427888
Macrophage,LECT2,CAT,0.007347173246682509,0.34656301905491405,0.007174067303099829,0.2608162303880686
Macrophage,LECT2,GPNMB,0.007347173246682509,0.4737832080663712,0.007174067303099829,0.24441230032333952
Macrophage,LECT2,IL1R2,0.007347173246682509,0.5105890177661818,0.007174067303099829,0.24136901531071006
Macrophage,LECT2,TGFB1,0.007347173246682509,0.35877457192280504,0.007174067303099829,0.28567920661463453
Macrophage,LECT2,TF,0.007347173246682509,0.5021312707270227,0.007174067303099829,0.25559010375182
Macrophage,LECT2,ITIH3,0.007347173246682509,0.5338310697015131,0.007174067303099829,0.2477484089391869
Macrophage,LECT2,NNMT,0.007347173246682509,0.48098619511811336,0.007174067303099829,0.26744871474756776
Macrophage,LECT2,MTRNR2L8,0.007347173246682509,0.47268308135040754,0.007174067303099829,0.2877044596896154
Macrophage,LECT2,RNASE1,0.007347173246682509,0.6117146915627464,0.007174067303099829,0.2541227525766585
Macrophage,LECT2,MGST1,0.007347173246682509,0.49137664494092625,0.007174067303099829,0.2908933587225795
Macrophage,LECT2,RGS1,0.007347173246682509,0.5381359461082009,0.007174067303099829,0.28142215711691027
