figure,panel,dataset,metric,record_type,record_id,value
Figure S10,A,GSE278200,reversal_fraction,disjoint_reference_split,0,0.8422980528243686
Figure S10,A,GSE278200,reversal_fraction,disjoint_reference_split,1,0.8638518853014224
Figure S10,A,GSE278200,reversal_fraction,disjoint_reference_split,2,0.8385922330097088
Figure S10,A,GSE278200,reversal_fraction,disjoint_reference_split,3,0.6240913811007269
Figure S10,A,GSE278200,reversal_fraction,disjoint_reference_split,4,0.8517141676992979
Figure S10,A,GSE278200,reversal_fraction,disjoint_reference_split,5,0.8701201201201201
Figure S10,A,GSE278200,reversal_fraction,shared_reference_observed,-1,0.9225950782997764
Figure S10,B,GSE278200,rho,disjoint_reference_split,0,-0.6930709551578247
Figure S10,B,GSE278200,rho,disjoint_reference_split,1,-0.7288863374040864
Figure S10,B,GSE278200,rho,disjoint_reference_split,2,-0.6394465236100734
Figure S10,B,GSE278200,rho,disjoint_reference_split,3,-0.2874987314139926
Figure S10,B,GSE278200,rho,disjoint_reference_split,4,-0.7175495350802242
Figure S10,B,GSE278200,rho,disjoint_reference_split,5,-0.7243148939595472
Figure S10,B,GSE278200,rho,shared_reference_observed,-1,-0.826903535959217
Figure S10,C,GSE278200,median_restoration,disjoint_reference_split,0,0.2678634881257391
Figure S10,C,GSE278200,median_restoration,disjoint_reference_split,1,0.4032859381030609
Figure S10,C,GSE278200,median_restoration,disjoint_reference_split,2,0.278310178593308
Figure S10,C,GSE278200,median_restoration,disjoint_reference_split,3,0.0804146795506934
Figure S10,C,GSE278200,median_restoration,disjoint_reference_split,4,0.3256936176309917
Figure S10,C,GSE278200,median_restoration,disjoint_reference_split,5,0.4396806985388761
Figure S10,C,GSE278200,median_restoration,shared_reference_observed,-1,0.4259841778571627
Figure S10,D,GSE308578,reversal_fraction,disjoint_reference_split,0,0.7978631244585619
Figure S10,D,GSE308578,reversal_fraction,disjoint_reference_split,1,0.781491002570694
Figure S10,D,GSE308578,reversal_fraction,disjoint_reference_split,2,0.8078385492834163
Figure S10,D,GSE308578,reversal_fraction,disjoint_reference_split,3,0.7417701025364274
Figure S10,D,GSE308578,reversal_fraction,disjoint_reference_split,4,0.7633818281636015
Figure S10,D,GSE308578,reversal_fraction,disjoint_reference_split,5,0.7344477939161415
Figure S10,D,GSE308578,reversal_fraction,disjoint_reference_split,6,0.772180881511162
Figure S10,D,GSE308578,reversal_fraction,disjoint_reference_split,7,0.8356913183279743
Figure S10,D,GSE308578,reversal_fraction,disjoint_reference_split,8,0.7592281879194631
Figure S10,D,GSE308578,reversal_fraction,disjoint_reference_split,9,0.7505537098560354
Figure S10,D,GSE308578,reversal_fraction,disjoint_reference_split,10,0.7483552631578947
Figure S10,D,GSE308578,reversal_fraction,disjoint_reference_split,11,0.7784074808727685
Figure S10,D,GSE308578,reversal_fraction,disjoint_reference_split,12,0.7351465540005281
Figure S10,D,GSE308578,reversal_fraction,disjoint_reference_split,13,0.7701149425287356
Figure S10,D,GSE308578,reversal_fraction,disjoint_reference_split,14,0.7263406940063092
Figure S10,D,GSE308578,reversal_fraction,disjoint_reference_split,15,0.8282286075149984
Figure S10,D,GSE308578,reversal_fraction,disjoint_reference_split,16,0.8370208787784357
Figure S10,D,GSE308578,reversal_fraction,disjoint_reference_split,17,0.817650676506765
Figure S10,D,GSE308578,reversal_fraction,disjoint_reference_split,18,0.8572949946751863
Figure S10,D,GSE308578,reversal_fraction,disjoint_reference_split,19,0.7860780984719864
Figure S10,D,GSE308578,reversal_fraction,disjoint_reference_split,20,0.8004694835680751
Figure S10,D,GSE308578,reversal_fraction,disjoint_reference_split,21,0.7953337271116362
Figure S10,D,GSE308578,reversal_fraction,disjoint_reference_split,22,0.7963328631875881
Figure S10,D,GSE308578,reversal_fraction,disjoint_reference_split,23,0.7767730997456909
Figure S10,D,GSE308578,reversal_fraction,disjoint_reference_split,24,0.8334445927903872
Figure S10,D,GSE308578,reversal_fraction,disjoint_reference_split,25,0.8130032806441992
Figure S10,D,GSE308578,reversal_fraction,disjoint_reference_split,26,0.8054285714285714
Figure S10,D,GSE308578,reversal_fraction,disjoint_reference_split,27,0.8163723916532906
Figure S10,D,GSE308578,reversal_fraction,disjoint_reference_split,28,0.8331802877257423
Figure S10,D,GSE308578,reversal_fraction,disjoint_reference_split,29,0.8262639972853749
Figure S10,D,GSE308578,reversal_fraction,disjoint_reference_split,30,0.780630105017503
Figure S10,D,GSE308578,reversal_fraction,disjoint_reference_split,31,0.828400281888654
Figure S10,D,GSE308578,reversal_fraction,disjoint_reference_split,32,0.8362126245847176
Figure S10,D,GSE308578,reversal_fraction,disjoint_reference_split,33,0.7740398093636108
Figure S10,D,GSE308578,reversal_fraction,disjoint_reference_split,34,0.7832069643358607
Figure S10,D,GSE308578,reversal_fraction,disjoint_reference_split,35,0.7782055078472017
Figure S10,D,GSE308578,reversal_fraction,disjoint_reference_split,36,0.7767268558326168
Figure S10,D,GSE308578,reversal_fraction,disjoint_reference_split,37,0.8183284930622782
Figure S10,D,GSE308578,reversal_fraction,disjoint_reference_split,38,0.7650892604137149
Figure S10,D,GSE308578,reversal_fraction,disjoint_reference_split,39,0.8157653528872594
Figure S10,D,GSE308578,reversal_fraction,disjoint_reference_split,40,0.7873629544143105
Figure S10,D,GSE308578,reversal_fraction,disjoint_reference_split,41,0.7965342097400657
Figure S10,D,GSE308578,reversal_fraction,disjoint_reference_split,42,0.8282729350310153
Figure S10,D,GSE308578,reversal_fraction,disjoint_reference_split,43,0.7711370262390671
Figure S10,D,GSE308578,reversal_fraction,disjoint_reference_split,44,0.7714925791094931
Figure S10,D,GSE308578,reversal_fraction,disjoint_reference_split,45,0.70857596611964
Figure S10,D,GSE308578,reversal_fraction,disjoint_reference_split,46,0.6778747433264887
Figure S10,D,GSE308578,reversal_fraction,disjoint_reference_split,47,0.6659809719722294
Figure S10,D,GSE308578,reversal_fraction,disjoint_reference_split,48,0.7177398160315375
Figure S10,D,GSE308578,reversal_fraction,disjoint_reference_split,49,0.7359106997005173
Figure S10,D,GSE308578,reversal_fraction,disjoint_reference_split,50,0.7112750263435195
Figure S10,D,GSE308578,reversal_fraction,disjoint_reference_split,51,0.7295682867227803
Figure S10,D,GSE308578,reversal_fraction,disjoint_reference_split,52,0.7800298062593145
Figure S10,D,GSE308578,reversal_fraction,disjoint_reference_split,53,0.7839928592680749
Figure S10,D,GSE308578,reversal_fraction,disjoint_reference_split,54,0.8066625155666252
Figure S10,D,GSE308578,reversal_fraction,disjoint_reference_split,55,0.8079976477506615
Figure S10,D,GSE308578,reversal_fraction,disjoint_reference_split,56,0.7418319719953326
Figure S10,D,GSE308578,reversal_fraction,disjoint_reference_split,57,0.7435619409053944
Figure S10,D,GSE308578,reversal_fraction,disjoint_reference_split,58,0.7950509461426492
Figure S10,D,GSE308578,reversal_fraction,disjoint_reference_split,59,0.7837271911456776
Figure S10,D,GSE308578,reversal_fraction,disjoint_reference_split,60,0.8001170617500731
Figure S10,D,GSE308578,reversal_fraction,disjoint_reference_split,61,0.669897825517422
Figure S10,D,GSE308578,reversal_fraction,disjoint_reference_split,62,0.6952054794520548
Figure S10,D,GSE308578,reversal_fraction,disjoint_reference_split,63,0.7279038718291054
Figure S10,D,GSE308578,reversal_fraction,disjoint_reference_split,64,0.6606277111508038
Figure S10,D,GSE308578,reversal_fraction,disjoint_reference_split,65,0.6843870967741935
Figure S10,D,GSE308578,reversal_fraction,disjoint_reference_split,66,0.7657175077530307
Figure S10,D,GSE308578,reversal_fraction,disjoint_reference_split,67,0.7900345622119815
Figure S10,D,GSE308578,reversal_fraction,disjoint_reference_split,68,0.7886343867787765
Figure S10,D,GSE308578,reversal_fraction,disjoint_reference_split,69,0.7848211689444606
Figure S10,D,GSE308578,reversal_fraction,disjoint_reference_split,70,0.7586108738969541
Figure S10,D,GSE308578,reversal_fraction,disjoint_reference_split,71,0.786465737844754
Figure S10,D,GSE308578,reversal_fraction,disjoint_reference_split,72,0.8125
Figure S10,D,GSE308578,reversal_fraction,disjoint_reference_split,73,0.7688370770543076
Figure S10,D,GSE308578,reversal_fraction,disjoint_reference_split,74,0.7874469375379017
Figure S10,D,GSE308578,reversal_fraction,disjoint_reference_split,75,0.8200879269529929
Figure S10,D,GSE308578,reversal_fraction,disjoint_reference_split,76,0.8040682022135807
Figure S10,D,GSE308578,reversal_fraction,disjoint_reference_split,77,0.7631578947368421
Figure S10,D,GSE308578,reversal_fraction,disjoint_reference_split,78,0.8042438732815301
Figure S10,D,GSE308578,reversal_fraction,disjoint_reference_split,79,0.7873992236488504
Figure S10,D,GSE308578,reversal_fraction,disjoint_reference_split,80,0.7574585635359116
Figure S10,D,GSE308578,reversal_fraction,disjoint_reference_split,81,0.8323610684679152
Figure S10,D,GSE308578,reversal_fraction,disjoint_reference_split,82,0.6974986972381448
Figure S10,D,GSE308578,reversal_fraction,disjoint_reference_split,83,0.7541620421753608
Figure S10,D,GSE308578,reversal_fraction,disjoint_reference_split,84,0.7214587737843552
Figure S10,D,GSE308578,reversal_fraction,disjoint_reference_split,85,0.7555183012014529
Figure S10,D,GSE308578,reversal_fraction,disjoint_reference_split,86,0.8155852219807513
Figure S10,D,GSE308578,reversal_fraction,disjoint_reference_split,87,0.7760937946811552
Figure S10,D,GSE308578,reversal_fraction,disjoint_reference_split,88,0.813812858052196
Figure S10,D,GSE308578,reversal_fraction,disjoint_reference_split,89,0.7288273615635179
Figure S10,D,GSE308578,reversal_fraction,disjoint_reference_split,90,0.81839976026371
Figure S10,D,GSE308578,reversal_fraction,disjoint_reference_split,91,0.7679608682360135
Figure S10,D,GSE308578,reversal_fraction,disjoint_reference_split,92,0.7909496494582536
Figure S10,D,GSE308578,reversal_fraction,disjoint_reference_split,93,0.8070539419087137
Figure S10,D,GSE308578,reversal_fraction,disjoint_reference_split,94,0.7520891364902507
Figure S10,D,GSE308578,reversal_fraction,disjoint_reference_split,95,0.7441268044155109
Figure S10,D,GSE308578,reversal_fraction,disjoint_reference_split,96,0.7830246913580247
Figure S10,D,GSE308578,reversal_fraction,disjoint_reference_split,97,0.7898457583547558
Figure S10,D,GSE308578,reversal_fraction,disjoint_reference_split,98,0.8369181380417335
Figure S10,D,GSE308578,reversal_fraction,disjoint_reference_split,99,0.7764386863513106
Figure S10,D,GSE308578,reversal_fraction,disjoint_reference_split,100,0.8195583596214511
Figure S10,D,GSE308578,reversal_fraction,disjoint_reference_split,101,0.7895927601809954
Figure S10,D,GSE308578,reversal_fraction,disjoint_reference_split,102,0.8256139260180292
Figure S10,D,GSE308578,reversal_fraction,disjoint_reference_split,103,0.7816260639859114
Figure S10,D,GSE308578,reversal_fraction,disjoint_reference_split,104,0.8003457216940363
Figure S10,D,GSE308578,reversal_fraction,disjoint_reference_split,105,0.7557058326289096
Figure S10,D,GSE308578,reversal_fraction,disjoint_reference_split,106,0.7369010927430653
Figure S10,D,GSE308578,reversal_fraction,disjoint_reference_split,107,0.7393854748603352
Figure S10,D,GSE308578,reversal_fraction,disjoint_reference_split,108,0.7313109425785482
Figure S10,D,GSE308578,reversal_fraction,disjoint_reference_split,109,0.7721739130434783
Figure S10,D,GSE308578,reversal_fraction,disjoint_reference_split,110,0.763350501490919
Figure S10,D,GSE308578,reversal_fraction,disjoint_reference_split,111,0.7723043240284619
Figure S10,D,GSE308578,reversal_fraction,disjoint_reference_split,112,0.7939123149958113
Figure S10,D,GSE308578,reversal_fraction,disjoint_reference_split,113,0.8371109096403747
Figure S10,D,GSE308578,reversal_fraction,disjoint_reference_split,114,0.7512410369553226
Figure S10,D,GSE308578,reversal_fraction,disjoint_reference_split,115,0.8490447854682117
Figure S10,D,GSE308578,reversal_fraction,disjoint_reference_split,116,0.7884615384615384
Figure S10,D,GSE308578,reversal_fraction,disjoint_reference_split,117,0.819155264723379
Figure S10,D,GSE308578,reversal_fraction,disjoint_reference_split,118,0.839888510374729
Figure S10,D,GSE308578,reversal_fraction,disjoint_reference_split,119,0.8452758402029169
Figure S10,D,GSE308578,reversal_fraction,disjoint_reference_split,120,0.7506166072896684
Figure S10,D,GSE308578,reversal_fraction,disjoint_reference_split,121,0.7912790697674419
Figure S10,D,GSE308578,reversal_fraction,disjoint_reference_split,122,0.7321860715246034
Figure S10,D,GSE308578,reversal_fraction,disjoint_reference_split,123,0.6772527756261296
Figure S10,D,GSE308578,reversal_fraction,disjoint_reference_split,124,0.8025966361758631
Figure S10,D,GSE308578,reversal_fraction,disjoint_reference_split,125,0.8358827278521351
Figure S10,D,GSE308578,reversal_fraction,disjoint_reference_split,126,0.7610958904109589
Figure S10,D,GSE308578,reversal_fraction,disjoint_reference_split,127,0.7847645429362881
Figure S10,D,GSE308578,reversal_fraction,disjoint_reference_split,128,0.7856936832996827
Figure S10,D,GSE308578,reversal_fraction,disjoint_reference_split,129,0.7685792349726775
Figure S10,D,GSE308578,reversal_fraction,disjoint_reference_split,130,0.734704641350211
Figure S10,D,GSE308578,reversal_fraction,disjoint_reference_split,131,0.8204678362573099
Figure S10,D,GSE308578,reversal_fraction,disjoint_reference_split,132,0.8108815827756765
Figure S10,D,GSE308578,reversal_fraction,disjoint_reference_split,133,0.7873187375604208
Figure S10,D,GSE308578,reversal_fraction,disjoint_reference_split,134,0.7695035460992907
Figure S10,D,GSE308578,reversal_fraction,disjoint_reference_split,135,0.8125352907961604
Figure S10,D,GSE308578,reversal_fraction,disjoint_reference_split,136,0.7877079221877643
Figure S10,D,GSE308578,reversal_fraction,disjoint_reference_split,137,0.6827515400410678
Figure S10,D,GSE308578,reversal_fraction,disjoint_reference_split,138,0.8035450516986706
Figure S10,D,GSE308578,reversal_fraction,disjoint_reference_split,139,0.8132743362831858
Figure S10,D,GSE308578,reversal_fraction,disjoint_reference_split,140,0.7950602763892972
Figure S10,D,GSE308578,reversal_fraction,disjoint_reference_split,141,0.8141980718667835
Figure S10,D,GSE308578,reversal_fraction,disjoint_reference_split,142,0.7756015668718522
Figure S10,D,GSE308578,reversal_fraction,disjoint_reference_split,143,0.7428417071853053
Figure S10,D,GSE308578,reversal_fraction,disjoint_reference_split,144,0.7081589958158996
Figure S10,D,GSE308578,reversal_fraction,disjoint_reference_split,145,0.8101116990005879
Figure S10,D,GSE308578,reversal_fraction,disjoint_reference_split,146,0.8624511082138201
Figure S10,D,GSE308578,reversal_fraction,disjoint_reference_split,147,0.8312365756366984
Figure S10,D,GSE308578,reversal_fraction,disjoint_reference_split,148,0.8159034653465347
Figure S10,D,GSE308578,reversal_fraction,disjoint_reference_split,149,0.8519917582417582
Figure S10,D,GSE308578,reversal_fraction,disjoint_reference_split,150,0.8163510670273519
Figure S10,D,GSE308578,reversal_fraction,disjoint_reference_split,151,0.7694524495677233
Figure S10,D,GSE308578,reversal_fraction,disjoint_reference_split,152,0.8619737750172533
Figure S10,D,GSE308578,reversal_fraction,disjoint_reference_split,153,0.763681592039801
Figure S10,D,GSE308578,reversal_fraction,disjoint_reference_split,154,0.7297592997811816
Figure S10,D,GSE308578,reversal_fraction,disjoint_reference_split,155,0.6701137538779731
Figure S10,D,GSE308578,reversal_fraction,disjoint_reference_split,156,0.8365831012070566
Figure S10,D,GSE308578,reversal_fraction,disjoint_reference_split,157,0.7737796373779637
Figure S10,D,GSE308578,reversal_fraction,disjoint_reference_split,158,0.7947247706422018
Figure S10,D,GSE308578,reversal_fraction,disjoint_reference_split,159,0.8398001175778954
Figure S10,D,GSE308578,reversal_fraction,disjoint_reference_split,160,0.7870581527936146
Figure S10,D,GSE308578,reversal_fraction,disjoint_reference_split,161,0.8452605147520402
Figure S10,D,GSE308578,reversal_fraction,disjoint_reference_split,162,0.8148254975483127
Figure S10,D,GSE308578,reversal_fraction,disjoint_reference_split,163,0.8186143324412727
Figure S10,D,GSE308578,reversal_fraction,disjoint_reference_split,164,0.8471882640586798
Figure S10,D,GSE308578,reversal_fraction,disjoint_reference_split,165,0.7288046340179042
Figure S10,D,GSE308578,reversal_fraction,disjoint_reference_split,166,0.7979154603358425
Figure S10,D,GSE308578,reversal_fraction,disjoint_reference_split,167,0.7314715359828142
Figure S10,D,GSE308578,reversal_fraction,disjoint_reference_split,168,0.7742920599666852
Figure S10,D,GSE308578,reversal_fraction,disjoint_reference_split,169,0.7634968484516306
Figure S10,D,GSE308578,reversal_fraction,disjoint_reference_split,170,0.751940058870752
Figure S10,D,GSE308578,reversal_fraction,disjoint_reference_split,171,0.7206196581196581
Figure S10,D,GSE308578,reversal_fraction,disjoint_reference_split,172,0.7308411214953271
Figure S10,D,GSE308578,reversal_fraction,disjoint_reference_split,173,0.6971885478462729
Figure S10,D,GSE308578,reversal_fraction,disjoint_reference_split,174,0.8260105448154658
Figure S10,D,GSE308578,reversal_fraction,disjoint_reference_split,175,0.7417672886937431
Figure S10,D,GSE308578,reversal_fraction,disjoint_reference_split,176,0.7474440453163858
Figure S10,D,GSE308578,reversal_fraction,disjoint_reference_split,177,0.8105700712589073
Figure S10,D,GSE308578,reversal_fraction,disjoint_reference_split,178,0.738218469081994
Figure S10,D,GSE308578,reversal_fraction,disjoint_reference_split,179,0.8271341463414634
Figure S10,D,GSE308578,reversal_fraction,disjoint_reference_split,180,0.6990740740740741
Figure S10,D,GSE308578,reversal_fraction,disjoint_reference_split,181,0.6820749871597329
Figure S10,D,GSE308578,reversal_fraction,disjoint_reference_split,182,0.7258320126782885
Figure S10,D,GSE308578,reversal_fraction,disjoint_reference_split,183,0.791094931391767
Figure S10,D,GSE308578,reversal_fraction,disjoint_reference_split,184,0.7624649859943977
Figure S10,D,GSE308578,reversal_fraction,disjoint_reference_split,185,0.6983094928478544
Figure S10,D,GSE308578,reversal_fraction,disjoint_reference_split,186,0.7745969983324069
Figure S10,D,GSE308578,reversal_fraction,disjoint_reference_split,187,0.6992933786966763
Figure S10,D,GSE308578,reversal_fraction,disjoint_reference_split,188,0.7260383386581469
Figure S10,D,GSE308578,reversal_fraction,disjoint_reference_split,189,0.7896995708154506
Figure S10,D,GSE308578,reversal_fraction,disjoint_reference_split,190,0.7827321783584209
Figure S10,D,GSE308578,reversal_fraction,disjoint_reference_split,191,0.7746598639455783
Figure S10,D,GSE308578,reversal_fraction,disjoint_reference_split,192,0.6100073583517293
Figure S10,D,GSE308578,reversal_fraction,disjoint_reference_split,193,0.7394500408385516
Figure S10,D,GSE308578,reversal_fraction,disjoint_reference_split,194,0.7944492627927147
Figure S10,D,GSE308578,reversal_fraction,disjoint_reference_split,195,0.758515646635281
Figure S10,D,GSE308578,reversal_fraction,disjoint_reference_split,196,0.7632508833922261
Figure S10,D,GSE308578,reversal_fraction,disjoint_reference_split,197,0.6811594202898551
Figure S10,D,GSE308578,reversal_fraction,disjoint_reference_split,198,0.7720877884074282
Figure S10,D,GSE308578,reversal_fraction,disjoint_reference_split,199,0.7769138755980861
Figure S10,D,GSE308578,reversal_fraction,disjoint_reference_split,200,0.753452243958573
Figure S10,D,GSE308578,reversal_fraction,disjoint_reference_split,201,0.8212058212058212
Figure S10,D,GSE308578,reversal_fraction,disjoint_reference_split,202,0.6821382007822686
Figure S10,D,GSE308578,reversal_fraction,disjoint_reference_split,203,0.8112651135358301
Figure S10,D,GSE308578,reversal_fraction,disjoint_reference_split,204,0.7989464442493416
Figure S10,D,GSE308578,reversal_fraction,disjoint_reference_split,205,0.7774011299435029
Figure S10,D,GSE308578,reversal_fraction,disjoint_reference_split,206,0.7856287425149701
Figure S10,D,GSE308578,reversal_fraction,disjoint_reference_split,207,0.6678383128295254
Figure S10,D,GSE308578,reversal_fraction,disjoint_reference_split,208,0.6879030177972659
Figure S10,D,GSE308578,reversal_fraction,disjoint_reference_split,209,0.7576912605499592
Figure S10,D,GSE308578,reversal_fraction,disjoint_reference_split,210,0.7830613393359594
Figure S10,D,GSE308578,reversal_fraction,disjoint_reference_split,211,0.6707629288274449
Figure S10,D,GSE308578,reversal_fraction,disjoint_reference_split,212,0.7563141826255898
Figure S10,D,GSE308578,reversal_fraction,disjoint_reference_split,213,0.7649667405764967
Figure S10,D,GSE308578,reversal_fraction,disjoint_reference_split,214,0.7498636115657392
Figure S10,D,GSE308578,reversal_fraction,disjoint_reference_split,215,0.7354611847443874
Figure S10,D,GSE308578,reversal_fraction,disjoint_reference_split,216,0.803969465648855
Figure S10,D,GSE308578,reversal_fraction,disjoint_reference_split,217,0.7977266103176917
Figure S10,D,GSE308578,reversal_fraction,disjoint_reference_split,218,0.8226097414311485
Figure S10,D,GSE308578,reversal_fraction,disjoint_reference_split,219,0.699634655532359
Figure S10,D,GSE308578,reversal_fraction,disjoint_reference_split,220,0.8164917541229385
Figure S10,D,GSE308578,reversal_fraction,disjoint_reference_split,221,0.8178560764407286
Figure S10,D,GSE308578,reversal_fraction,disjoint_reference_split,222,0.7690140845070422
Figure S10,D,GSE308578,reversal_fraction,disjoint_reference_split,223,0.8068592057761733
Figure S10,D,GSE308578,reversal_fraction,disjoint_reference_split,224,0.6985944820406038
Figure S10,D,GSE308578,reversal_fraction,disjoint_reference_split,225,0.7990775439607957
Figure S10,D,GSE308578,reversal_fraction,disjoint_reference_split,226,0.7328548644338118
Figure S10,D,GSE308578,reversal_fraction,disjoint_reference_split,227,0.6898326898326899
Figure S10,D,GSE308578,reversal_fraction,disjoint_reference_split,228,0.7828834003446296
Figure S10,D,GSE308578,reversal_fraction,disjoint_reference_split,229,0.7141347424042273
Figure S10,D,GSE308578,reversal_fraction,disjoint_reference_split,230,0.7461748633879781
Figure S10,D,GSE308578,reversal_fraction,disjoint_reference_split,231,0.8187960687960688
Figure S10,D,GSE308578,reversal_fraction,disjoint_reference_split,232,0.7908800464711008
Figure S10,D,GSE308578,reversal_fraction,disjoint_reference_split,233,0.7911576497963932
Figure S10,D,GSE308578,reversal_fraction,disjoint_reference_split,234,0.7091289563170285
Figure S10,D,GSE308578,reversal_fraction,disjoint_reference_split,235,0.6826143790849674
Figure S10,D,GSE308578,reversal_fraction,disjoint_reference_split,236,0.7508687516706762
Figure S10,D,GSE308578,reversal_fraction,disjoint_reference_split,237,0.8464640198511166
Figure S10,D,GSE308578,reversal_fraction,disjoint_reference_split,238,0.8069913355243502
Figure S10,D,GSE308578,reversal_fraction,disjoint_reference_split,239,0.7818753573470555
Figure S10,D,GSE308578,reversal_fraction,disjoint_reference_split,240,0.7296791443850268
Figure S10,D,GSE308578,reversal_fraction,disjoint_reference_split,241,0.7925564368517388
Figure S10,D,GSE308578,reversal_fraction,disjoint_reference_split,242,0.7509126649817467
Figure S10,D,GSE308578,reversal_fraction,disjoint_reference_split,243,0.7923547400611621
Figure S10,D,GSE308578,reversal_fraction,disjoint_reference_split,244,0.7699386503067485
Figure S10,D,GSE308578,reversal_fraction,disjoint_reference_split,245,0.8139097744360902
Figure S10,D,GSE308578,reversal_fraction,disjoint_reference_split,246,0.727997799779978
Figure S10,D,GSE308578,reversal_fraction,disjoint_reference_split,247,0.8209914320685434
Figure S10,D,GSE308578,reversal_fraction,disjoint_reference_split,248,0.7050776111549593
Figure S10,D,GSE308578,reversal_fraction,disjoint_reference_split,249,0.7515101592531576
Figure S10,D,GSE308578,reversal_fraction,disjoint_reference_split,250,0.7465734265734266
Figure S10,D,GSE308578,reversal_fraction,disjoint_reference_split,251,0.7873772791023843
Figure S10,D,GSE308578,reversal_fraction,disjoint_reference_split,252,0.7750826901874311
Figure S10,D,GSE308578,reversal_fraction,disjoint_reference_split,253,0.7566749243049821
Figure S10,D,GSE308578,reversal_fraction,disjoint_reference_split,254,0.7470604320481269
Figure S10,D,GSE308578,reversal_fraction,disjoint_reference_split,255,0.776908023483366
Figure S10,D,GSE308578,reversal_fraction,disjoint_reference_split,256,0.677892030848329
Figure S10,D,GSE308578,reversal_fraction,disjoint_reference_split,257,0.7733524355300859
Figure S10,D,GSE308578,reversal_fraction,disjoint_reference_split,258,0.6535412937867553
Figure S10,D,GSE308578,reversal_fraction,disjoint_reference_split,259,0.7682548632647308
Figure S10,D,GSE308578,reversal_fraction,disjoint_reference_split,260,0.6379052369077307
Figure S10,D,GSE308578,reversal_fraction,disjoint_reference_split,261,0.5695832317816232
Figure S10,D,GSE308578,reversal_fraction,disjoint_reference_split,262,0.6704138988247317
Figure S10,D,GSE308578,reversal_fraction,disjoint_reference_split,263,0.6352326449365514
Figure S10,D,GSE308578,reversal_fraction,disjoint_reference_split,264,0.7529508646719737
Figure S10,D,GSE308578,reversal_fraction,disjoint_reference_split,265,0.7073299814765811
Figure S10,D,GSE308578,reversal_fraction,disjoint_reference_split,266,0.6290602529134639
Figure S10,D,GSE308578,reversal_fraction,disjoint_reference_split,267,0.7703560585150427
Figure S10,D,GSE308578,reversal_fraction,disjoint_reference_split,268,0.7548476454293629
Figure S10,D,GSE308578,reversal_fraction,disjoint_reference_split,269,0.680644336486832
Figure S10,D,GSE308578,reversal_fraction,disjoint_reference_split,270,0.6864850707176532
Figure S10,D,GSE308578,reversal_fraction,disjoint_reference_split,271,0.7492225049476958
Figure S10,D,GSE308578,reversal_fraction,disjoint_reference_split,272,0.7709611451942741
Figure S10,D,GSE308578,reversal_fraction,disjoint_reference_split,273,0.7230148048452221
Figure S10,D,GSE308578,reversal_fraction,disjoint_reference_split,274,0.6810207336523126
Figure S10,D,GSE308578,reversal_fraction,disjoint_reference_split,275,0.7793904208998549
Figure S10,D,GSE308578,reversal_fraction,disjoint_reference_split,276,0.6973309147447525
Figure S10,D,GSE308578,reversal_fraction,disjoint_reference_split,277,0.7652582159624414
Figure S10,D,GSE308578,reversal_fraction,disjoint_reference_split,278,0.6420497362471741
Figure S10,D,GSE308578,reversal_fraction,disjoint_reference_split,279,0.6487095965923327
Figure S10,D,GSE308578,reversal_fraction,disjoint_reference_split,280,0.5910194174757282
Figure S10,D,GSE308578,reversal_fraction,disjoint_reference_split,281,0.75192096597146
Figure S10,D,GSE308578,reversal_fraction,disjoint_reference_split,282,0.6755373592630501
Figure S10,D,GSE308578,reversal_fraction,disjoint_reference_split,283,0.6681968885488396
Figure S10,D,GSE308578,reversal_fraction,disjoint_reference_split,284,0.7362995116657624
Figure S10,D,GSE308578,reversal_fraction,disjoint_reference_split,285,0.7065302911093627
Figure S10,D,GSE308578,reversal_fraction,disjoint_reference_split,286,0.7756070332123919
Figure S10,D,GSE308578,reversal_fraction,disjoint_reference_split,287,0.7880306603773585
Figure S10,D,GSE308578,reversal_fraction,disjoint_reference_split,288,0.689501312335958
Figure S10,D,GSE308578,reversal_fraction,disjoint_reference_split,289,0.691164972634871
Figure S10,D,GSE308578,reversal_fraction,disjoint_reference_split,290,0.7012016021361815
Figure S10,D,GSE308578,reversal_fraction,disjoint_reference_split,291,0.7475055432372506
Figure S10,D,GSE308578,reversal_fraction,disjoint_reference_split,292,0.7107986203236933
Figure S10,D,GSE308578,reversal_fraction,disjoint_reference_split,293,0.6797435897435897
Figure S10,D,GSE308578,reversal_fraction,disjoint_reference_split,294,0.6124969128179798
Figure S10,D,GSE308578,reversal_fraction,disjoint_reference_split,295,0.6590452261306533
Figure S10,D,GSE308578,reversal_fraction,disjoint_reference_split,296,0.7649368863955119
Figure S10,D,GSE308578,reversal_fraction,disjoint_reference_split,297,0.7691654879773692
Figure S10,D,GSE308578,reversal_fraction,disjoint_reference_split,298,0.751953125
Figure S10,D,GSE308578,reversal_fraction,disjoint_reference_split,299,0.7804948216340621
Figure S10,D,GSE308578,reversal_fraction,disjoint_reference_split,300,0.7910404624277456
Figure S10,D,GSE308578,reversal_fraction,disjoint_reference_split,301,0.6654629868454991
Figure S10,D,GSE308578,reversal_fraction,disjoint_reference_split,302,0.7764806378132119
Figure S10,D,GSE308578,reversal_fraction,disjoint_reference_split,303,0.6841136244082062
Figure S10,D,GSE308578,reversal_fraction,disjoint_reference_split,304,0.7597273501846067
Figure S10,D,GSE308578,reversal_fraction,disjoint_reference_split,305,0.7527181488709228
Figure S10,D,GSE308578,reversal_fraction,disjoint_reference_split,306,0.7099256900212314
Figure S10,D,GSE308578,reversal_fraction,disjoint_reference_split,307,0.7008502963153826
Figure S10,D,GSE308578,reversal_fraction,disjoint_reference_split,308,0.730066225165563
Figure S10,D,GSE308578,reversal_fraction,disjoint_reference_split,309,0.782455107447748
Figure S10,D,GSE308578,reversal_fraction,disjoint_reference_split,310,0.7967032967032966
Figure S10,D,GSE308578,reversal_fraction,disjoint_reference_split,311,0.7916902204635388
Figure S10,D,GSE308578,reversal_fraction,disjoint_reference_split,312,0.7709111813739581
Figure S10,D,GSE308578,reversal_fraction,disjoint_reference_split,313,0.7061310782241015
Figure S10,D,GSE308578,reversal_fraction,disjoint_reference_split,314,0.7720756880733946
Figure S10,D,GSE308578,reversal_fraction,disjoint_reference_split,315,0.6969535008017104
Figure S10,D,GSE308578,reversal_fraction,disjoint_reference_split,316,0.7220889954702905
Figure S10,D,GSE308578,reversal_fraction,disjoint_reference_split,317,0.782559456398641
Figure S10,D,GSE308578,reversal_fraction,disjoint_reference_split,318,0.7214854111405835
Figure S10,D,GSE308578,reversal_fraction,disjoint_reference_split,319,0.7837837837837838
Figure S10,D,GSE308578,reversal_fraction,disjoint_reference_split,320,0.7835654596100279
Figure S10,D,GSE308578,reversal_fraction,disjoint_reference_split,321,0.6535393818544367
Figure S10,D,GSE308578,reversal_fraction,disjoint_reference_split,322,0.7766162310866574
Figure S10,D,GSE308578,reversal_fraction,disjoint_reference_split,323,0.6166502946954814
Figure S10,D,GSE308578,reversal_fraction,disjoint_reference_split,324,0.7305713512049824
Figure S10,D,GSE308578,reversal_fraction,disjoint_reference_split,325,0.7591280653950954
Figure S10,D,GSE308578,reversal_fraction,disjoint_reference_split,326,0.6201474201474202
Figure S10,D,GSE308578,reversal_fraction,disjoint_reference_split,327,0.7590945836701698
Figure S10,D,GSE308578,reversal_fraction,disjoint_reference_split,328,0.7661152310325157
Figure S10,D,GSE308578,reversal_fraction,disjoint_reference_split,329,0.7390714091773011
Figure S10,D,GSE308578,reversal_fraction,disjoint_reference_split,330,0.5759665107116474
Figure S10,D,GSE308578,reversal_fraction,disjoint_reference_split,331,0.6031357177853993
Figure S10,D,GSE308578,reversal_fraction,disjoint_reference_split,332,0.5894138016324512
Figure S10,D,GSE308578,reversal_fraction,disjoint_reference_split,333,0.7142857142857143
Figure S10,D,GSE308578,reversal_fraction,disjoint_reference_split,334,0.6408060453400504
Figure S10,D,GSE308578,reversal_fraction,disjoint_reference_split,335,0.6423707440100883
Figure S10,D,GSE308578,reversal_fraction,disjoint_reference_split,336,0.7182825484764543
Figure S10,D,GSE308578,reversal_fraction,disjoint_reference_split,337,0.7493576934056523
Figure S10,D,GSE308578,reversal_fraction,disjoint_reference_split,338,0.7252448313384113
Figure S10,D,GSE308578,reversal_fraction,disjoint_reference_split,339,0.5226796929518492
Figure S10,D,GSE308578,reversal_fraction,disjoint_reference_split,340,0.6611111111111111
Figure S10,D,GSE308578,reversal_fraction,disjoint_reference_split,341,0.7016401978651393
Figure S10,D,GSE308578,reversal_fraction,disjoint_reference_split,342,0.6881329524798754
Figure S10,D,GSE308578,reversal_fraction,disjoint_reference_split,343,0.6431618569636135
Figure S10,D,GSE308578,reversal_fraction,disjoint_reference_split,344,0.4824581518000458
Figure S10,D,GSE308578,reversal_fraction,disjoint_reference_split,345,0.6831657643722608
Figure S10,D,GSE308578,reversal_fraction,disjoint_reference_split,346,0.5821584832280019
Figure S10,D,GSE308578,reversal_fraction,disjoint_reference_split,347,0.7049180327868853
Figure S10,D,GSE308578,reversal_fraction,disjoint_reference_split,348,0.6196762141967621
Figure S10,D,GSE308578,reversal_fraction,disjoint_reference_split,349,0.6066420664206642
Figure S10,D,GSE308578,reversal_fraction,disjoint_reference_split,350,0.609786083107942
Figure S10,D,GSE308578,reversal_fraction,disjoint_reference_split,351,0.5519047619047619
Figure S10,D,GSE308578,reversal_fraction,disjoint_reference_split,352,0.6050379065786256
Figure S10,D,GSE308578,reversal_fraction,disjoint_reference_split,353,0.5747210092188259
Figure S10,D,GSE308578,reversal_fraction,disjoint_reference_split,354,0.7022502744237102
Figure S10,D,GSE308578,reversal_fraction,disjoint_reference_split,355,0.5485191427883458
Figure S10,D,GSE308578,reversal_fraction,disjoint_reference_split,356,0.6729708431836091
Figure S10,D,GSE308578,reversal_fraction,disjoint_reference_split,357,0.6306832613665228
Figure S10,D,GSE308578,reversal_fraction,disjoint_reference_split,358,0.6836495970886405
Figure S10,D,GSE308578,reversal_fraction,disjoint_reference_split,359,0.5800582241630277
Figure S10,D,GSE308578,reversal_fraction,disjoint_reference_split,360,0.5937801350048216
Figure S10,D,GSE308578,reversal_fraction,disjoint_reference_split,361,0.6499488229273286
Figure S10,D,GSE308578,reversal_fraction,disjoint_reference_split,362,0.6125745526838966
Figure S10,D,GSE308578,reversal_fraction,disjoint_reference_split,363,0.479926165205353
Figure S10,D,GSE308578,reversal_fraction,disjoint_reference_split,364,0.6142322097378277
Figure S10,D,GSE308578,reversal_fraction,disjoint_reference_split,365,0.6287004515805319
Figure S10,D,GSE308578,reversal_fraction,disjoint_reference_split,366,0.6311021640664318
Figure S10,D,GSE308578,reversal_fraction,disjoint_reference_split,367,0.6104054714215926
Figure S10,D,GSE308578,reversal_fraction,disjoint_reference_split,368,0.7216715778194481
Figure S10,D,GSE308578,reversal_fraction,disjoint_reference_split,369,0.659372528341682
Figure S10,D,GSE308578,reversal_fraction,disjoint_reference_split,370,0.6145491285678202
Figure S10,D,GSE308578,reversal_fraction,disjoint_reference_split,371,0.7210939615488763
Figure S10,D,GSE308578,reversal_fraction,disjoint_reference_split,372,0.7320733740967204
Figure S10,D,GSE308578,reversal_fraction,disjoint_reference_split,373,0.5364928909952607
Figure S10,D,GSE308578,reversal_fraction,disjoint_reference_split,374,0.5478281509613102
Figure S10,D,GSE308578,reversal_fraction,disjoint_reference_split,375,0.5951976715983507
Figure S10,D,GSE308578,reversal_fraction,disjoint_reference_split,376,0.5854131330264114
Figure S10,D,GSE308578,reversal_fraction,disjoint_reference_split,377,0.7106801275239107
Figure S10,D,GSE308578,reversal_fraction,disjoint_reference_split,378,0.6684615384615384
Figure S10,D,GSE308578,reversal_fraction,disjoint_reference_split,379,0.709592641261498
Figure S10,D,GSE308578,reversal_fraction,disjoint_reference_split,380,0.5525245273988992
Figure S10,D,GSE308578,reversal_fraction,disjoint_reference_split,381,0.7158198009429021
Figure S10,D,GSE308578,reversal_fraction,disjoint_reference_split,382,0.6537093495934959
Figure S10,D,GSE308578,reversal_fraction,disjoint_reference_split,383,0.646477445514445
Figure S10,D,GSE308578,reversal_fraction,disjoint_reference_split,384,0.5746016417189763
Figure S10,D,GSE308578,reversal_fraction,disjoint_reference_split,385,0.7047015319598521
Figure S10,D,GSE308578,reversal_fraction,disjoint_reference_split,386,0.6999732118939191
Figure S10,D,GSE308578,reversal_fraction,disjoint_reference_split,387,0.6875169975523525
Figure S10,D,GSE308578,reversal_fraction,disjoint_reference_split,388,0.631565592489216
Figure S10,D,GSE308578,reversal_fraction,disjoint_reference_split,389,0.7601031814273431
Figure S10,D,GSE308578,reversal_fraction,disjoint_reference_split,390,0.5666104553119731
Figure S10,D,GSE308578,reversal_fraction,disjoint_reference_split,391,0.5982673267326732
Figure S10,D,GSE308578,reversal_fraction,disjoint_reference_split,392,0.5287190579187695
Figure S10,D,GSE308578,reversal_fraction,disjoint_reference_split,393,0.630533199195171
Figure S10,D,GSE308578,reversal_fraction,disjoint_reference_split,394,0.6837002096436059
Figure S10,D,GSE308578,reversal_fraction,disjoint_reference_split,395,0.7056784857371368
Figure S10,D,GSE308578,reversal_fraction,disjoint_reference_split,396,0.7345494146474272
Figure S10,D,GSE308578,reversal_fraction,disjoint_reference_split,397,0.6829268292682927
Figure S10,D,GSE308578,reversal_fraction,disjoint_reference_split,398,0.7607811228641171
Figure S10,D,GSE308578,reversal_fraction,disjoint_reference_split,399,0.650665996481528
Figure S10,D,GSE308578,reversal_fraction,disjoint_reference_split,400,0.5754216867469879
Figure S10,D,GSE308578,reversal_fraction,disjoint_reference_split,401,0.6335326357747882
Figure S10,D,GSE308578,reversal_fraction,disjoint_reference_split,402,0.6449689440993789
Figure S10,D,GSE308578,reversal_fraction,disjoint_reference_split,403,0.7466702908399021
Figure S10,D,GSE308578,reversal_fraction,disjoint_reference_split,404,0.7523783636857841
Figure S10,D,GSE308578,reversal_fraction,disjoint_reference_split,405,0.772997452589867
Figure S10,D,GSE308578,reversal_fraction,disjoint_reference_split,406,0.7897612884670693
Figure S10,D,GSE308578,reversal_fraction,disjoint_reference_split,407,0.6205875092569736
Figure S10,D,GSE308578,reversal_fraction,disjoint_reference_split,408,0.6885919835560124
Figure S10,D,GSE308578,reversal_fraction,disjoint_reference_split,409,0.572962420693021
Figure S10,D,GSE308578,reversal_fraction,disjoint_reference_split,410,0.7093660318288547
Figure S10,D,GSE308578,reversal_fraction,disjoint_reference_split,411,0.6308306310800699
Figure S10,D,GSE308578,reversal_fraction,disjoint_reference_split,412,0.6762534996182235
Figure S10,D,GSE308578,reversal_fraction,disjoint_reference_split,413,0.6018244575936884
Figure S10,D,GSE308578,reversal_fraction,disjoint_reference_split,414,0.7160397074190178
Figure S10,D,GSE308578,reversal_fraction,disjoint_reference_split,415,0.5489078822412156
Figure S10,D,GSE308578,reversal_fraction,disjoint_reference_split,416,0.650497512437811
Figure S10,D,GSE308578,reversal_fraction,disjoint_reference_split,417,0.6984860148832435
Figure S10,D,GSE308578,reversal_fraction,disjoint_reference_split,418,0.7225569819229761
Figure S10,D,GSE308578,reversal_fraction,disjoint_reference_split,419,0.7504777504777504
Figure S10,D,GSE308578,reversal_fraction,disjoint_reference_split,420,0.550131610433118
Figure S10,D,GSE308578,reversal_fraction,disjoint_reference_split,421,0.7459170013386881
Figure S10,D,GSE308578,reversal_fraction,disjoint_reference_split,422,0.7114427860696517
Figure S10,D,GSE308578,reversal_fraction,disjoint_reference_split,423,0.6323639075316928
Figure S10,D,GSE308578,reversal_fraction,disjoint_reference_split,424,0.8026727324424225
Figure S10,D,GSE308578,reversal_fraction,disjoint_reference_split,425,0.6285359801488833
Figure S10,D,GSE308578,reversal_fraction,disjoint_reference_split,426,0.6690247599797877
Figure S10,D,GSE308578,reversal_fraction,disjoint_reference_split,427,0.6978209503806774
Figure S10,D,GSE308578,reversal_fraction,disjoint_reference_split,428,0.6809064860640792
Figure S10,D,GSE308578,reversal_fraction,disjoint_reference_split,429,0.7436182019977803
Figure S10,D,GSE308578,reversal_fraction,disjoint_reference_split,430,0.7493857493857494
Figure S10,D,GSE308578,reversal_fraction,disjoint_reference_split,431,0.6762608252674478
Figure S10,D,GSE308578,reversal_fraction,disjoint_reference_split,432,0.7247071352502662
Figure S10,D,GSE308578,reversal_fraction,disjoint_reference_split,433,0.5973645680819912
Figure S10,D,GSE308578,reversal_fraction,disjoint_reference_split,434,0.6346010439970171
Figure S10,D,GSE308578,reversal_fraction,disjoint_reference_split,435,0.7700823162077775
Figure S10,D,GSE308578,reversal_fraction,disjoint_reference_split,436,0.7563994374120956
Figure S10,D,GSE308578,reversal_fraction,disjoint_reference_split,437,0.6923489932885906
Figure S10,D,GSE308578,reversal_fraction,disjoint_reference_split,438,0.7653490328006728
Figure S10,D,GSE308578,reversal_fraction,disjoint_reference_split,439,0.7160883280757098
Figure S10,D,GSE308578,reversal_fraction,disjoint_reference_split,440,0.6669178598342125
Figure S10,D,GSE308578,reversal_fraction,disjoint_reference_split,441,0.7683309557774608
Figure S10,D,GSE308578,reversal_fraction,disjoint_reference_split,442,0.6874518860662048
Figure S10,D,GSE308578,reversal_fraction,disjoint_reference_split,443,0.686219262295082
Figure S10,D,GSE308578,reversal_fraction,disjoint_reference_split,444,0.5653212323859566
Figure S10,D,GSE308578,reversal_fraction,disjoint_reference_split,445,0.6880639340036092
Figure S10,D,GSE308578,reversal_fraction,disjoint_reference_split,446,0.7634467618002195
Figure S10,D,GSE308578,reversal_fraction,disjoint_reference_split,447,0.5732237796036733
Figure S10,D,GSE308578,reversal_fraction,disjoint_reference_split,448,0.6757862439273843
Figure S10,D,GSE308578,reversal_fraction,disjoint_reference_split,449,0.5088702147525677
Figure S10,D,GSE308578,reversal_fraction,disjoint_reference_split,450,0.6717184690470075
Figure S10,D,GSE308578,reversal_fraction,disjoint_reference_split,451,0.5241280458671763
Figure S10,D,GSE308578,reversal_fraction,disjoint_reference_split,452,0.6645800730307773
Figure S10,D,GSE308578,reversal_fraction,disjoint_reference_split,453,0.4599029350589322
Figure S10,D,GSE308578,reversal_fraction,disjoint_reference_split,454,0.5284765068818225
Figure S10,D,GSE308578,reversal_fraction,disjoint_reference_split,455,0.6874350986500519
Figure S10,D,GSE308578,reversal_fraction,disjoint_reference_split,456,0.6314865881173226
Figure S10,D,GSE308578,reversal_fraction,disjoint_reference_split,457,0.57555879494655
Figure S10,D,GSE308578,reversal_fraction,disjoint_reference_split,458,0.6942040388145817
Figure S10,D,GSE308578,reversal_fraction,disjoint_reference_split,459,0.4051860202931229
Figure S10,D,GSE308578,reversal_fraction,disjoint_reference_split,460,0.5465309022022259
Figure S10,D,GSE308578,reversal_fraction,disjoint_reference_split,461,0.4524137931034482
Figure S10,D,GSE308578,reversal_fraction,disjoint_reference_split,462,0.5547043332535312
Figure S10,D,GSE308578,reversal_fraction,disjoint_reference_split,463,0.4487237921604375
Figure S10,D,GSE308578,reversal_fraction,disjoint_reference_split,464,0.7073298429319371
Figure S10,D,GSE308578,reversal_fraction,disjoint_reference_split,465,0.5936274509803922
Figure S10,D,GSE308578,reversal_fraction,disjoint_reference_split,466,0.6784333934552951
Figure S10,D,GSE308578,reversal_fraction,disjoint_reference_split,467,0.6716610694910876
Figure S10,D,GSE308578,reversal_fraction,disjoint_reference_split,468,0.5810745401742498
Figure S10,D,GSE308578,reversal_fraction,disjoint_reference_split,469,0.5701775723668208
Figure S10,D,GSE308578,reversal_fraction,disjoint_reference_split,470,0.6198091307712149
Figure S10,D,GSE308578,reversal_fraction,disjoint_reference_split,471,0.6604016477857878
Figure S10,D,GSE308578,reversal_fraction,disjoint_reference_split,472,0.6389027431421447
Figure S10,D,GSE308578,reversal_fraction,disjoint_reference_split,473,0.6713304502671076
Figure S10,D,GSE308578,reversal_fraction,disjoint_reference_split,474,0.6063539339786548
Figure S10,D,GSE308578,reversal_fraction,disjoint_reference_split,475,0.4638526119402985
Figure S10,D,GSE308578,reversal_fraction,disjoint_reference_split,476,0.6462010744435918
Figure S10,D,GSE308578,reversal_fraction,disjoint_reference_split,477,0.6696103896103897
Figure S10,D,GSE308578,reversal_fraction,disjoint_reference_split,478,0.5957342485903407
Figure S10,D,GSE308578,reversal_fraction,disjoint_reference_split,479,0.6876654314452091
Figure S10,D,GSE308578,reversal_fraction,disjoint_reference_split,480,0.7190127474911853
Figure S10,D,GSE308578,reversal_fraction,disjoint_reference_split,481,0.599704942217851
Figure S10,D,GSE308578,reversal_fraction,disjoint_reference_split,482,0.6656258131667968
Figure S10,D,GSE308578,reversal_fraction,disjoint_reference_split,483,0.5769417475728156
Figure S10,D,GSE308578,reversal_fraction,disjoint_reference_split,484,0.5720328439910426
Figure S10,D,GSE308578,reversal_fraction,disjoint_reference_split,485,0.6095924453280318
Figure S10,D,GSE308578,reversal_fraction,disjoint_reference_split,486,0.6726174849041743
Figure S10,D,GSE308578,reversal_fraction,disjoint_reference_split,487,0.5999015748031497
Figure S10,D,GSE308578,reversal_fraction,disjoint_reference_split,488,0.6252215750822994
Figure S10,D,GSE308578,reversal_fraction,disjoint_reference_split,489,0.5493946731234867
Figure S10,D,GSE308578,reversal_fraction,disjoint_reference_split,490,0.707680250783699
Figure S10,D,GSE308578,reversal_fraction,disjoint_reference_split,491,0.6699923254029163
Figure S10,D,GSE308578,reversal_fraction,disjoint_reference_split,492,0.7440706012134584
Figure S10,D,GSE308578,reversal_fraction,disjoint_reference_split,493,0.719656283566058
Figure S10,D,GSE308578,reversal_fraction,disjoint_reference_split,494,0.6251881585549423
Figure S10,D,GSE308578,reversal_fraction,disjoint_reference_split,495,0.64375
Figure S10,D,GSE308578,reversal_fraction,disjoint_reference_split,496,0.6921052631578948
Figure S10,D,GSE308578,reversal_fraction,disjoint_reference_split,497,0.6662407360081779
Figure S10,D,GSE308578,reversal_fraction,disjoint_reference_split,498,0.7230071980805118
Figure S10,D,GSE308578,reversal_fraction,disjoint_reference_split,499,0.6698355601233299
Figure S10,D,GSE308578,reversal_fraction,shared_reference_observed,-1,0.7841845140032949
Figure S10,E,GSE308578,rho,disjoint_reference_split,0,-0.6578190208903558
Figure S10,E,GSE308578,rho,disjoint_reference_split,1,-0.6310337283090041
Figure S10,E,GSE308578,rho,disjoint_reference_split,2,-0.6619671504332436
Figure S10,E,GSE308578,rho,disjoint_reference_split,3,-0.5409798553003063
Figure S10,E,GSE308578,rho,disjoint_reference_split,4,-0.5951337367066095
Figure S10,E,GSE308578,rho,disjoint_reference_split,5,-0.5429825232362603
Figure S10,E,GSE308578,rho,disjoint_reference_split,6,-0.610758206831888
Figure S10,E,GSE308578,rho,disjoint_reference_split,7,-0.700127164428873
Figure S10,E,GSE308578,rho,disjoint_reference_split,8,-0.6039929219311666
Figure S10,E,GSE308578,rho,disjoint_reference_split,9,-0.5816284873140296
Figure S10,E,GSE308578,rho,disjoint_reference_split,10,-0.5761032486722957
Figure S10,E,GSE308578,rho,disjoint_reference_split,11,-0.623512746510154
Figure S10,E,GSE308578,rho,disjoint_reference_split,12,-0.541306752815741
Figure S10,E,GSE308578,rho,disjoint_reference_split,13,-0.6011942107740288
Figure S10,E,GSE308578,rho,disjoint_reference_split,14,-0.5062935200547569
Figure S10,E,GSE308578,rho,disjoint_reference_split,15,-0.6885049751115675
Figure S10,E,GSE308578,rho,disjoint_reference_split,16,-0.69316993198629
Figure S10,E,GSE308578,rho,disjoint_reference_split,17,-0.6746532904088786
Figure S10,E,GSE308578,rho,disjoint_reference_split,18,-0.7367713475760331
Figure S10,E,GSE308578,rho,disjoint_reference_split,19,-0.6296704652195634
Figure S10,E,GSE308578,rho,disjoint_reference_split,20,-0.6533837789445894
Figure S10,E,GSE308578,rho,disjoint_reference_split,21,-0.6435389405212109
Figure S10,E,GSE308578,rho,disjoint_reference_split,22,-0.6193351331299636
Figure S10,E,GSE308578,rho,disjoint_reference_split,23,-0.5862681190741824
Figure S10,E,GSE308578,rho,disjoint_reference_split,24,-0.7073788553482125
Figure S10,E,GSE308578,rho,disjoint_reference_split,25,-0.6845990453855353
Figure S10,E,GSE308578,rho,disjoint_reference_split,26,-0.661817661769372
Figure S10,E,GSE308578,rho,disjoint_reference_split,27,-0.6778560331797993
Figure S10,E,GSE308578,rho,disjoint_reference_split,28,-0.6991180386620736
Figure S10,E,GSE308578,rho,disjoint_reference_split,29,-0.695376016648733
Figure S10,E,GSE308578,rho,disjoint_reference_split,30,-0.6210113219762586
Figure S10,E,GSE308578,rho,disjoint_reference_split,31,-0.7107779709190241
Figure S10,E,GSE308578,rho,disjoint_reference_split,32,-0.7094612619318446
Figure S10,E,GSE308578,rho,disjoint_reference_split,33,-0.6044447365688538
Figure S10,E,GSE308578,rho,disjoint_reference_split,34,-0.6280537619780047
Figure S10,E,GSE308578,rho,disjoint_reference_split,35,-0.6356786031809074
Figure S10,E,GSE308578,rho,disjoint_reference_split,36,-0.6085654895859183
Figure S10,E,GSE308578,rho,disjoint_reference_split,37,-0.6799385428005094
Figure S10,E,GSE308578,rho,disjoint_reference_split,38,-0.5841979041786695
Figure S10,E,GSE308578,rho,disjoint_reference_split,39,-0.6678242615398468
Figure S10,E,GSE308578,rho,disjoint_reference_split,40,-0.5991411659630566
Figure S10,E,GSE308578,rho,disjoint_reference_split,41,-0.6602127649772851
Figure S10,E,GSE308578,rho,disjoint_reference_split,42,-0.6978645895825139
Figure S10,E,GSE308578,rho,disjoint_reference_split,43,-0.6196897579821271
Figure S10,E,GSE308578,rho,disjoint_reference_split,44,-0.6124684340949712
Figure S10,E,GSE308578,rho,disjoint_reference_split,45,-0.5088176531209171
Figure S10,E,GSE308578,rho,disjoint_reference_split,46,-0.4229704268312721
Figure S10,E,GSE308578,rho,disjoint_reference_split,47,-0.4079324542251418
Figure S10,E,GSE308578,rho,disjoint_reference_split,48,-0.5180123215469933
Figure S10,E,GSE308578,rho,disjoint_reference_split,49,-0.555954162046337
Figure S10,E,GSE308578,rho,disjoint_reference_split,50,-0.4829850972717594
Figure S10,E,GSE308578,rho,disjoint_reference_split,51,-0.530930639181339
Figure S10,E,GSE308578,rho,disjoint_reference_split,52,-0.6163442179130845
Figure S10,E,GSE308578,rho,disjoint_reference_split,53,-0.6097611564896883
Figure S10,E,GSE308578,rho,disjoint_reference_split,54,-0.6475338371712915
Figure S10,E,GSE308578,rho,disjoint_reference_split,55,-0.6351812086416673
Figure S10,E,GSE308578,rho,disjoint_reference_split,56,-0.542643480644244
Figure S10,E,GSE308578,rho,disjoint_reference_split,57,-0.5701343800259232
Figure S10,E,GSE308578,rho,disjoint_reference_split,58,-0.6430153087086148
Figure S10,E,GSE308578,rho,disjoint_reference_split,59,-0.6168979761677058
Figure S10,E,GSE308578,rho,disjoint_reference_split,60,-0.6448459015079643
Figure S10,E,GSE308578,rho,disjoint_reference_split,61,-0.4431663506192753
Figure S10,E,GSE308578,rho,disjoint_reference_split,62,-0.4789512825169952
Figure S10,E,GSE308578,rho,disjoint_reference_split,63,-0.5360693411029347
Figure S10,E,GSE308578,rho,disjoint_reference_split,64,-0.4093234575616433
Figure S10,E,GSE308578,rho,disjoint_reference_split,65,-0.412796818962401
Figure S10,E,GSE308578,rho,disjoint_reference_split,66,-0.5789305107126519
Figure S10,E,GSE308578,rho,disjoint_reference_split,67,-0.6093635314215877
Figure S10,E,GSE308578,rho,disjoint_reference_split,68,-0.6538124659311305
Figure S10,E,GSE308578,rho,disjoint_reference_split,69,-0.639764181403485
Figure S10,E,GSE308578,rho,disjoint_reference_split,70,-0.6060912027213219
Figure S10,E,GSE308578,rho,disjoint_reference_split,71,-0.6294321548385647
Figure S10,E,GSE308578,rho,disjoint_reference_split,72,-0.6779042987183876
Figure S10,E,GSE308578,rho,disjoint_reference_split,73,-0.6050604381734604
Figure S10,E,GSE308578,rho,disjoint_reference_split,74,-0.6567469837198773
Figure S10,E,GSE308578,rho,disjoint_reference_split,75,-0.6956214801918754
Figure S10,E,GSE308578,rho,disjoint_reference_split,76,-0.6704594517463442
Figure S10,E,GSE308578,rho,disjoint_reference_split,77,-0.6071682039120934
Figure S10,E,GSE308578,rho,disjoint_reference_split,78,-0.6682742266147813
Figure S10,E,GSE308578,rho,disjoint_reference_split,79,-0.6405826781994949
Figure S10,E,GSE308578,rho,disjoint_reference_split,80,-0.5655054284649543
Figure S10,E,GSE308578,rho,disjoint_reference_split,81,-0.7039392627641142
Figure S10,E,GSE308578,rho,disjoint_reference_split,82,-0.4663980555207543
Figure S10,E,GSE308578,rho,disjoint_reference_split,83,-0.5777739055255791
Figure S10,E,GSE308578,rho,disjoint_reference_split,84,-0.5112003381611392
Figure S10,E,GSE308578,rho,disjoint_reference_split,85,-0.5751264967902219
Figure S10,E,GSE308578,rho,disjoint_reference_split,86,-0.6632626508729161
Figure S10,E,GSE308578,rho,disjoint_reference_split,87,-0.5986051144763176
Figure S10,E,GSE308578,rho,disjoint_reference_split,88,-0.6578026146199724
Figure S10,E,GSE308578,rho,disjoint_reference_split,89,-0.5042039007394611
Figure S10,E,GSE308578,rho,disjoint_reference_split,90,-0.6486006865608426
Figure S10,E,GSE308578,rho,disjoint_reference_split,91,-0.608510453092671
Figure S10,E,GSE308578,rho,disjoint_reference_split,92,-0.6421843686249976
Figure S10,E,GSE308578,rho,disjoint_reference_split,93,-0.6671221287075035
Figure S10,E,GSE308578,rho,disjoint_reference_split,94,-0.5724513834002875
Figure S10,E,GSE308578,rho,disjoint_reference_split,95,-0.5698540845000941
Figure S10,E,GSE308578,rho,disjoint_reference_split,96,-0.6256493572165089
Figure S10,E,GSE308578,rho,disjoint_reference_split,97,-0.6393390738136039
Figure S10,E,GSE308578,rho,disjoint_reference_split,98,-0.711410565915674
Figure S10,E,GSE308578,rho,disjoint_reference_split,99,-0.5978538068385882
Figure S10,E,GSE308578,rho,disjoint_reference_split,100,-0.6810589865073038
Figure S10,E,GSE308578,rho,disjoint_reference_split,101,-0.6350595919003322
Figure S10,E,GSE308578,rho,disjoint_reference_split,102,-0.6814895626931787
Figure S10,E,GSE308578,rho,disjoint_reference_split,103,-0.6213307028609166
Figure S10,E,GSE308578,rho,disjoint_reference_split,104,-0.6355569733674714
Figure S10,E,GSE308578,rho,disjoint_reference_split,105,-0.5965274705946331
Figure S10,E,GSE308578,rho,disjoint_reference_split,106,-0.5515455563858866
Figure S10,E,GSE308578,rho,disjoint_reference_split,107,-0.5511005295619819
Figure S10,E,GSE308578,rho,disjoint_reference_split,108,-0.5206748386571542
Figure S10,E,GSE308578,rho,disjoint_reference_split,109,-0.5871189055413453
Figure S10,E,GSE308578,rho,disjoint_reference_split,110,-0.5936661178070953
Figure S10,E,GSE308578,rho,disjoint_reference_split,111,-0.6077645335509678
Figure S10,E,GSE308578,rho,disjoint_reference_split,112,-0.6479249918631643
Figure S10,E,GSE308578,rho,disjoint_reference_split,113,-0.7086675068273918
Figure S10,E,GSE308578,rho,disjoint_reference_split,114,-0.5501506186216182
Figure S10,E,GSE308578,rho,disjoint_reference_split,115,-0.7132869836717047
Figure S10,E,GSE308578,rho,disjoint_reference_split,116,-0.6282568473474409
Figure S10,E,GSE308578,rho,disjoint_reference_split,117,-0.6764898969603222
Figure S10,E,GSE308578,rho,disjoint_reference_split,118,-0.6983868561880847
Figure S10,E,GSE308578,rho,disjoint_reference_split,119,-0.7091818655004462
Figure S10,E,GSE308578,rho,disjoint_reference_split,120,-0.5715758176529783
Figure S10,E,GSE308578,rho,disjoint_reference_split,121,-0.6146519676137686
Figure S10,E,GSE308578,rho,disjoint_reference_split,122,-0.534021390527482
Figure S10,E,GSE308578,rho,disjoint_reference_split,123,-0.3949986430810342
Figure S10,E,GSE308578,rho,disjoint_reference_split,124,-0.6354689958301519
Figure S10,E,GSE308578,rho,disjoint_reference_split,125,-0.7152635921253062
Figure S10,E,GSE308578,rho,disjoint_reference_split,126,-0.5876210002301524
Figure S10,E,GSE308578,rho,disjoint_reference_split,127,-0.6272607500412481
Figure S10,E,GSE308578,rho,disjoint_reference_split,128,-0.6454873984273084
Figure S10,E,GSE308578,rho,disjoint_reference_split,129,-0.587796401039417
Figure S10,E,GSE308578,rho,disjoint_reference_split,130,-0.5308308899199872
Figure S10,E,GSE308578,rho,disjoint_reference_split,131,-0.6907805289234146
Figure S10,E,GSE308578,rho,disjoint_reference_split,132,-0.677505575717506
Figure S10,E,GSE308578,rho,disjoint_reference_split,133,-0.6414658073327175
Figure S10,E,GSE308578,rho,disjoint_reference_split,134,-0.5972213390051401
Figure S10,E,GSE308578,rho,disjoint_reference_split,135,-0.6600811947279464
Figure S10,E,GSE308578,rho,disjoint_reference_split,136,-0.6206252856076058
Figure S10,E,GSE308578,rho,disjoint_reference_split,137,-0.403902572505036
Figure S10,E,GSE308578,rho,disjoint_reference_split,138,-0.6407551366927948
Figure S10,E,GSE308578,rho,disjoint_reference_split,139,-0.6649965227706691
Figure S10,E,GSE308578,rho,disjoint_reference_split,140,-0.6506966595539737
Figure S10,E,GSE308578,rho,disjoint_reference_split,141,-0.6532309753030503
Figure S10,E,GSE308578,rho,disjoint_reference_split,142,-0.5965678888908088
Figure S10,E,GSE308578,rho,disjoint_reference_split,143,-0.5495842561708367
Figure S10,E,GSE308578,rho,disjoint_reference_split,144,-0.4593535382122535
Figure S10,E,GSE308578,rho,disjoint_reference_split,145,-0.6688740843579517
Figure S10,E,GSE308578,rho,disjoint_reference_split,146,-0.7313904957850285
Figure S10,E,GSE308578,rho,disjoint_reference_split,147,-0.6827320268666517
Figure S10,E,GSE308578,rho,disjoint_reference_split,148,-0.6694530638355316
Figure S10,E,GSE308578,rho,disjoint_reference_split,149,-0.7239247839828985
Figure S10,E,GSE308578,rho,disjoint_reference_split,150,-0.6555023338357983
Figure S10,E,GSE308578,rho,disjoint_reference_split,151,-0.5722490286458124
Figure S10,E,GSE308578,rho,disjoint_reference_split,152,-0.7303095361310765
Figure S10,E,GSE308578,rho,disjoint_reference_split,153,-0.579246997254285
Figure S10,E,GSE308578,rho,disjoint_reference_split,154,-0.5095980606406382
Figure S10,E,GSE308578,rho,disjoint_reference_split,155,-0.3817368438864618
Figure S10,E,GSE308578,rho,disjoint_reference_split,156,-0.7148779320893706
Figure S10,E,GSE308578,rho,disjoint_reference_split,157,-0.6017590925155073
Figure S10,E,GSE308578,rho,disjoint_reference_split,158,-0.653420217393391
Figure S10,E,GSE308578,rho,disjoint_reference_split,159,-0.7079154685735225
Figure S10,E,GSE308578,rho,disjoint_reference_split,160,-0.5971711749193934
Figure S10,E,GSE308578,rho,disjoint_reference_split,161,-0.7107370298978762
Figure S10,E,GSE308578,rho,disjoint_reference_split,162,-0.6553637370833552
Figure S10,E,GSE308578,rho,disjoint_reference_split,163,-0.6720499223778987
Figure S10,E,GSE308578,rho,disjoint_reference_split,164,-0.7168476240596137
Figure S10,E,GSE308578,rho,disjoint_reference_split,165,-0.5100530055628856
Figure S10,E,GSE308578,rho,disjoint_reference_split,166,-0.6497839431357679
Figure S10,E,GSE308578,rho,disjoint_reference_split,167,-0.5092928333854168
Figure S10,E,GSE308578,rho,disjoint_reference_split,168,-0.567837239465395
Figure S10,E,GSE308578,rho,disjoint_reference_split,169,-0.5695897832672057
Figure S10,E,GSE308578,rho,disjoint_reference_split,170,-0.5754871507672995
Figure S10,E,GSE308578,rho,disjoint_reference_split,171,-0.5370171476983321
Figure S10,E,GSE308578,rho,disjoint_reference_split,172,-0.5556796266730477
Figure S10,E,GSE308578,rho,disjoint_reference_split,173,-0.4601666913830477
Figure S10,E,GSE308578,rho,disjoint_reference_split,174,-0.6970787705195929
Figure S10,E,GSE308578,rho,disjoint_reference_split,175,-0.5795906295821643
Figure S10,E,GSE308578,rho,disjoint_reference_split,176,-0.5711658164482792
Figure S10,E,GSE308578,rho,disjoint_reference_split,177,-0.6658901999005176
Figure S10,E,GSE308578,rho,disjoint_reference_split,178,-0.5457471409555512
Figure S10,E,GSE308578,rho,disjoint_reference_split,179,-0.6928312345522424
Figure S10,E,GSE308578,rho,disjoint_reference_split,180,-0.4891762012152456
Figure S10,E,GSE308578,rho,disjoint_reference_split,181,-0.4378270644212977
Figure S10,E,GSE308578,rho,disjoint_reference_split,182,-0.5299789016285928
Figure S10,E,GSE308578,rho,disjoint_reference_split,183,-0.6330058823184201
Figure S10,E,GSE308578,rho,disjoint_reference_split,184,-0.5905765199990728
Figure S10,E,GSE308578,rho,disjoint_reference_split,185,-0.4674203343306432
Figure S10,E,GSE308578,rho,disjoint_reference_split,186,-0.6072614243494638
Figure S10,E,GSE308578,rho,disjoint_reference_split,187,-0.4745234121785819
Figure S10,E,GSE308578,rho,disjoint_reference_split,188,-0.5183590434645607
Figure S10,E,GSE308578,rho,disjoint_reference_split,189,-0.6193244250588315
Figure S10,E,GSE308578,rho,disjoint_reference_split,190,-0.6063178161280773
Figure S10,E,GSE308578,rho,disjoint_reference_split,191,-0.5891162155939339
Figure S10,E,GSE308578,rho,disjoint_reference_split,192,-0.2599690691341305
Figure S10,E,GSE308578,rho,disjoint_reference_split,193,-0.5187263483315075
Figure S10,E,GSE308578,rho,disjoint_reference_split,194,-0.6115788410131734
Figure S10,E,GSE308578,rho,disjoint_reference_split,195,-0.5540540912978089
Figure S10,E,GSE308578,rho,disjoint_reference_split,196,-0.6115522591951169
Figure S10,E,GSE308578,rho,disjoint_reference_split,197,-0.4538060571543425
Figure S10,E,GSE308578,rho,disjoint_reference_split,198,-0.614966857348225
Figure S10,E,GSE308578,rho,disjoint_reference_split,199,-0.6123129921960411
Figure S10,E,GSE308578,rho,disjoint_reference_split,200,-0.563210592095879
Figure S10,E,GSE308578,rho,disjoint_reference_split,201,-0.6971562563290941
Figure S10,E,GSE308578,rho,disjoint_reference_split,202,-0.4306676945243717
Figure S10,E,GSE308578,rho,disjoint_reference_split,203,-0.6802731849046558
Figure S10,E,GSE308578,rho,disjoint_reference_split,204,-0.6484291079218231
Figure S10,E,GSE308578,rho,disjoint_reference_split,205,-0.6078139513628504
Figure S10,E,GSE308578,rho,disjoint_reference_split,206,-0.6359290126406506
Figure S10,E,GSE308578,rho,disjoint_reference_split,207,-0.4019178617421621
Figure S10,E,GSE308578,rho,disjoint_reference_split,208,-0.4648203933192164
Figure S10,E,GSE308578,rho,disjoint_reference_split,209,-0.5722655590373351
Figure S10,E,GSE308578,rho,disjoint_reference_split,210,-0.6120489444368794
Figure S10,E,GSE308578,rho,disjoint_reference_split,211,-0.4004120824360176
Figure S10,E,GSE308578,rho,disjoint_reference_split,212,-0.5598342970179528
Figure S10,E,GSE308578,rho,disjoint_reference_split,213,-0.5809024397259783
Figure S10,E,GSE308578,rho,disjoint_reference_split,214,-0.5513882375575817
Figure S10,E,GSE308578,rho,disjoint_reference_split,215,-0.5116921098524186
Figure S10,E,GSE308578,rho,disjoint_reference_split,216,-0.6645761037534295
Figure S10,E,GSE308578,rho,disjoint_reference_split,217,-0.6448003599134643
Figure S10,E,GSE308578,rho,disjoint_reference_split,218,-0.684295484249094
Figure S10,E,GSE308578,rho,disjoint_reference_split,219,-0.4804225743558347
Figure S10,E,GSE308578,rho,disjoint_reference_split,220,-0.6737359626324172
Figure S10,E,GSE308578,rho,disjoint_reference_split,221,-0.666952573107007
Figure S10,E,GSE308578,rho,disjoint_reference_split,222,-0.577702891206926
Figure S10,E,GSE308578,rho,disjoint_reference_split,223,-0.648375950517585
Figure S10,E,GSE308578,rho,disjoint_reference_split,224,-0.4611125988820516
Figure S10,E,GSE308578,rho,disjoint_reference_split,225,-0.6494297474267742
Figure S10,E,GSE308578,rho,disjoint_reference_split,226,-0.5277984413982175
Figure S10,E,GSE308578,rho,disjoint_reference_split,227,-0.4551183837688562
Figure S10,E,GSE308578,rho,disjoint_reference_split,228,-0.608863928313798
Figure S10,E,GSE308578,rho,disjoint_reference_split,229,-0.4987644501392208
Figure S10,E,GSE308578,rho,disjoint_reference_split,230,-0.5526100105652635
Figure S10,E,GSE308578,rho,disjoint_reference_split,231,-0.6612015154974736
Figure S10,E,GSE308578,rho,disjoint_reference_split,232,-0.6052394086386199
Figure S10,E,GSE308578,rho,disjoint_reference_split,233,-0.6235133159228766
Figure S10,E,GSE308578,rho,disjoint_reference_split,234,-0.490477858588989
Figure S10,E,GSE308578,rho,disjoint_reference_split,235,-0.4540475027036494
Figure S10,E,GSE308578,rho,disjoint_reference_split,236,-0.571491889328622
Figure S10,E,GSE308578,rho,disjoint_reference_split,237,-0.7365129802463027
Figure S10,E,GSE308578,rho,disjoint_reference_split,238,-0.6785910361083372
Figure S10,E,GSE308578,rho,disjoint_reference_split,239,-0.6276605006094806
Figure S10,E,GSE308578,rho,disjoint_reference_split,240,-0.5458424232557594
Figure S10,E,GSE308578,rho,disjoint_reference_split,241,-0.6373167391684176
Figure S10,E,GSE308578,rho,disjoint_reference_split,242,-0.58517070217253
Figure S10,E,GSE308578,rho,disjoint_reference_split,243,-0.651220615293855
Figure S10,E,GSE308578,rho,disjoint_reference_split,244,-0.5908741081635052
Figure S10,E,GSE308578,rho,disjoint_reference_split,245,-0.6721803266368873
Figure S10,E,GSE308578,rho,disjoint_reference_split,246,-0.5305101604813138
Figure S10,E,GSE308578,rho,disjoint_reference_split,247,-0.6711537543576875
Figure S10,E,GSE308578,rho,disjoint_reference_split,248,-0.4940354235089731
Figure S10,E,GSE308578,rho,disjoint_reference_split,249,-0.5474277339305134
Figure S10,E,GSE308578,rho,disjoint_reference_split,250,-0.5489776788599756
Figure S10,E,GSE308578,rho,disjoint_reference_split,251,-0.6279683315190864
Figure S10,E,GSE308578,rho,disjoint_reference_split,252,-0.585477622442714
Figure S10,E,GSE308578,rho,disjoint_reference_split,253,-0.5522292485237212
Figure S10,E,GSE308578,rho,disjoint_reference_split,254,-0.5296548554314554
Figure S10,E,GSE308578,rho,disjoint_reference_split,255,-0.5987722812512793
Figure S10,E,GSE308578,rho,disjoint_reference_split,256,-0.4279402587466279
Figure S10,E,GSE308578,rho,disjoint_reference_split,257,-0.6082777344597036
Figure S10,E,GSE308578,rho,disjoint_reference_split,258,-0.378936710294473
Figure S10,E,GSE308578,rho,disjoint_reference_split,259,-0.5935902897984602
Figure S10,E,GSE308578,rho,disjoint_reference_split,260,-0.3540434346704271
Figure S10,E,GSE308578,rho,disjoint_reference_split,261,-0.1691693849224269
Figure S10,E,GSE308578,rho,disjoint_reference_split,262,-0.4280136373521049
Figure S10,E,GSE308578,rho,disjoint_reference_split,263,-0.348711527719392
Figure S10,E,GSE308578,rho,disjoint_reference_split,264,-0.5747679464203005
Figure S10,E,GSE308578,rho,disjoint_reference_split,265,-0.4794079875750882
Figure S10,E,GSE308578,rho,disjoint_reference_split,266,-0.3137707522759694
Figure S10,E,GSE308578,rho,disjoint_reference_split,267,-0.6010846576477136
Figure S10,E,GSE308578,rho,disjoint_reference_split,268,-0.5817903721319033
Figure S10,E,GSE308578,rho,disjoint_reference_split,269,-0.4584495946102621
Figure S10,E,GSE308578,rho,disjoint_reference_split,270,-0.4922526122867363
Figure S10,E,GSE308578,rho,disjoint_reference_split,271,-0.5858112709759071
Figure S10,E,GSE308578,rho,disjoint_reference_split,272,-0.6188020016476835
Figure S10,E,GSE308578,rho,disjoint_reference_split,273,-0.5309211343096907
Figure S10,E,GSE308578,rho,disjoint_reference_split,274,-0.4810043062677534
Figure S10,E,GSE308578,rho,disjoint_reference_split,275,-0.6215144399029409
Figure S10,E,GSE308578,rho,disjoint_reference_split,276,-0.4544683804626379
Figure S10,E,GSE308578,rho,disjoint_reference_split,277,-0.6152525643558552
Figure S10,E,GSE308578,rho,disjoint_reference_split,278,-0.3848604362236464
Figure S10,E,GSE308578,rho,disjoint_reference_split,279,-0.3727730127126897
Figure S10,E,GSE308578,rho,disjoint_reference_split,280,-0.2366796171859488
Figure S10,E,GSE308578,rho,disjoint_reference_split,281,-0.5616717700637538
Figure S10,E,GSE308578,rho,disjoint_reference_split,282,-0.4165104620169071
Figure S10,E,GSE308578,rho,disjoint_reference_split,283,-0.4321955364034919
Figure S10,E,GSE308578,rho,disjoint_reference_split,284,-0.5479731115400659
Figure S10,E,GSE308578,rho,disjoint_reference_split,285,-0.4528747100473627
Figure S10,E,GSE308578,rho,disjoint_reference_split,286,-0.5893055017760046
Figure S10,E,GSE308578,rho,disjoint_reference_split,287,-0.6445645293014602
Figure S10,E,GSE308578,rho,disjoint_reference_split,288,-0.4385232344474483
Figure S10,E,GSE308578,rho,disjoint_reference_split,289,-0.4380045678445416
Figure S10,E,GSE308578,rho,disjoint_reference_split,290,-0.4359500391073633
Figure S10,E,GSE308578,rho,disjoint_reference_split,291,-0.5532670743294252
Figure S10,E,GSE308578,rho,disjoint_reference_split,292,-0.4797292355864438
Figure S10,E,GSE308578,rho,disjoint_reference_split,293,-0.4339369536295978
Figure S10,E,GSE308578,rho,disjoint_reference_split,294,-0.264467516734958
Figure S10,E,GSE308578,rho,disjoint_reference_split,295,-0.3967602277933713
Figure S10,E,GSE308578,rho,disjoint_reference_split,296,-0.5802767211322691
Figure S10,E,GSE308578,rho,disjoint_reference_split,297,-0.5739171529954156
Figure S10,E,GSE308578,rho,disjoint_reference_split,298,-0.537509012118727
Figure S10,E,GSE308578,rho,disjoint_reference_split,299,-0.6001994691748921
Figure S10,E,GSE308578,rho,disjoint_reference_split,300,-0.6149803686603592
Figure S10,E,GSE308578,rho,disjoint_reference_split,301,-0.3634359558679113
Figure S10,E,GSE308578,rho,disjoint_reference_split,302,-0.5889929940289163
Figure S10,E,GSE308578,rho,disjoint_reference_split,303,-0.4161149643058453
Figure S10,E,GSE308578,rho,disjoint_reference_split,304,-0.55258079748901
Figure S10,E,GSE308578,rho,disjoint_reference_split,305,-0.5234800253792401
Figure S10,E,GSE308578,rho,disjoint_reference_split,306,-0.526078246280487
Figure S10,E,GSE308578,rho,disjoint_reference_split,307,-0.4597110251233292
Figure S10,E,GSE308578,rho,disjoint_reference_split,308,-0.5368365462499204
Figure S10,E,GSE308578,rho,disjoint_reference_split,309,-0.6390149886482374
Figure S10,E,GSE308578,rho,disjoint_reference_split,310,-0.668068554357587
Figure S10,E,GSE308578,rho,disjoint_reference_split,311,-0.625168638575495
Figure S10,E,GSE308578,rho,disjoint_reference_split,312,-0.6131589070992183
Figure S10,E,GSE308578,rho,disjoint_reference_split,313,-0.5189799523812414
Figure S10,E,GSE308578,rho,disjoint_reference_split,314,-0.6230461877733185
Figure S10,E,GSE308578,rho,disjoint_reference_split,315,-0.5026988283046352
Figure S10,E,GSE308578,rho,disjoint_reference_split,316,-0.5219420718393688
Figure S10,E,GSE308578,rho,disjoint_reference_split,317,-0.6021692002392747
Figure S10,E,GSE308578,rho,disjoint_reference_split,318,-0.4882392719047989
Figure S10,E,GSE308578,rho,disjoint_reference_split,319,-0.6134710958056842
Figure S10,E,GSE308578,rho,disjoint_reference_split,320,-0.6104783343598585
Figure S10,E,GSE308578,rho,disjoint_reference_split,321,-0.3605529319257391
Figure S10,E,GSE308578,rho,disjoint_reference_split,322,-0.5834381592908985
Figure S10,E,GSE308578,rho,disjoint_reference_split,323,-0.3167020963765339
Figure S10,E,GSE308578,rho,disjoint_reference_split,324,-0.5242359497180359
Figure S10,E,GSE308578,rho,disjoint_reference_split,325,-0.5659553078621342
Figure S10,E,GSE308578,rho,disjoint_reference_split,326,-0.2938010829026765
Figure S10,E,GSE308578,rho,disjoint_reference_split,327,-0.5562698093728077
Figure S10,E,GSE308578,rho,disjoint_reference_split,328,-0.5822842019766955
Figure S10,E,GSE308578,rho,disjoint_reference_split,329,-0.5077126575972103
Figure S10,E,GSE308578,rho,disjoint_reference_split,330,-0.29234091478658
Figure S10,E,GSE308578,rho,disjoint_reference_split,331,-0.3177107251586268
Figure S10,E,GSE308578,rho,disjoint_reference_split,332,-0.2843387313346319
Figure S10,E,GSE308578,rho,disjoint_reference_split,333,-0.5214481245225043
Figure S10,E,GSE308578,rho,disjoint_reference_split,334,-0.3697329719394693
Figure S10,E,GSE308578,rho,disjoint_reference_split,335,-0.3669892235588722
Figure S10,E,GSE308578,rho,disjoint_reference_split,336,-0.5420793192693392
Figure S10,E,GSE308578,rho,disjoint_reference_split,337,-0.5782968057440995
Figure S10,E,GSE308578,rho,disjoint_reference_split,338,-0.5332118810462344
Figure S10,E,GSE308578,rho,disjoint_reference_split,339,-0.1095491166234004
Figure S10,E,GSE308578,rho,disjoint_reference_split,340,-0.3773607197103104
Figure S10,E,GSE308578,rho,disjoint_reference_split,341,-0.4850213379173798
Figure S10,E,GSE308578,rho,disjoint_reference_split,342,-0.4648282216072594
Figure S10,E,GSE308578,rho,disjoint_reference_split,343,-0.3623214623694304
Figure S10,E,GSE308578,rho,disjoint_reference_split,344,-0.0266845260898773
Figure S10,E,GSE308578,rho,disjoint_reference_split,345,-0.4584753029362862
Figure S10,E,GSE308578,rho,disjoint_reference_split,346,-0.2276353966383492
Figure S10,E,GSE308578,rho,disjoint_reference_split,347,-0.4865712073392441
Figure S10,E,GSE308578,rho,disjoint_reference_split,348,-0.3390191810442439
Figure S10,E,GSE308578,rho,disjoint_reference_split,349,-0.3018307640782137
Figure S10,E,GSE308578,rho,disjoint_reference_split,350,-0.3037475154749396
Figure S10,E,GSE308578,rho,disjoint_reference_split,351,-0.1507464643280308
Figure S10,E,GSE308578,rho,disjoint_reference_split,352,-0.2828717666638044
Figure S10,E,GSE308578,rho,disjoint_reference_split,353,-0.2864393709513477
Figure S10,E,GSE308578,rho,disjoint_reference_split,354,-0.5161902213701645
Figure S10,E,GSE308578,rho,disjoint_reference_split,355,-0.2115610194226238
Figure S10,E,GSE308578,rho,disjoint_reference_split,356,-0.4401917814167229
Figure S10,E,GSE308578,rho,disjoint_reference_split,357,-0.3996005042527867
Figure S10,E,GSE308578,rho,disjoint_reference_split,358,-0.451015375849931
Figure S10,E,GSE308578,rho,disjoint_reference_split,359,-0.2583949014641269
Figure S10,E,GSE308578,rho,disjoint_reference_split,360,-0.2691867937476003
Figure S10,E,GSE308578,rho,disjoint_reference_split,361,-0.4130232221350653
Figure S10,E,GSE308578,rho,disjoint_reference_split,362,-0.3156998514975427
Figure S10,E,GSE308578,rho,disjoint_reference_split,363,-0.0748881753774589
Figure S10,E,GSE308578,rho,disjoint_reference_split,364,-0.3260756222055846
Figure S10,E,GSE308578,rho,disjoint_reference_split,365,-0.3679120039321395
Figure S10,E,GSE308578,rho,disjoint_reference_split,366,-0.3603054397127626
Figure S10,E,GSE308578,rho,disjoint_reference_split,367,-0.2997278594046748
Figure S10,E,GSE308578,rho,disjoint_reference_split,368,-0.5314912295943134
Figure S10,E,GSE308578,rho,disjoint_reference_split,369,-0.4182768057872152
Figure S10,E,GSE308578,rho,disjoint_reference_split,370,-0.3717432071941808
Figure S10,E,GSE308578,rho,disjoint_reference_split,371,-0.5315645532713559
Figure S10,E,GSE308578,rho,disjoint_reference_split,372,-0.5413704536491344
Figure S10,E,GSE308578,rho,disjoint_reference_split,373,-0.1176606690070432
Figure S10,E,GSE308578,rho,disjoint_reference_split,374,-0.1342304917810413
Figure S10,E,GSE308578,rho,disjoint_reference_split,375,-0.2822069532214094
Figure S10,E,GSE308578,rho,disjoint_reference_split,376,-0.2298045344764711
Figure S10,E,GSE308578,rho,disjoint_reference_split,377,-0.5064275172973356
Figure S10,E,GSE308578,rho,disjoint_reference_split,378,-0.4100376303569978
Figure S10,E,GSE308578,rho,disjoint_reference_split,379,-0.4911891869217575
Figure S10,E,GSE308578,rho,disjoint_reference_split,380,-0.204882935056921
Figure S10,E,GSE308578,rho,disjoint_reference_split,381,-0.4987119035823334
Figure S10,E,GSE308578,rho,disjoint_reference_split,382,-0.3916638534039457
Figure S10,E,GSE308578,rho,disjoint_reference_split,383,-0.3709501782899551
Figure S10,E,GSE308578,rho,disjoint_reference_split,384,-0.2081644363582764
Figure S10,E,GSE308578,rho,disjoint_reference_split,385,-0.4656477001871204
Figure S10,E,GSE308578,rho,disjoint_reference_split,386,-0.49573233170975
Figure S10,E,GSE308578,rho,disjoint_reference_split,387,-0.4833680033874273
Figure S10,E,GSE308578,rho,disjoint_reference_split,388,-0.3992077051709464
Figure S10,E,GSE308578,rho,disjoint_reference_split,389,-0.5988995982589541
Figure S10,E,GSE308578,rho,disjoint_reference_split,390,-0.2184114123551241
Figure S10,E,GSE308578,rho,disjoint_reference_split,391,-0.3054708133548789
Figure S10,E,GSE308578,rho,disjoint_reference_split,392,-0.1394271549750495
Figure S10,E,GSE308578,rho,disjoint_reference_split,393,-0.3630486257981801
Figure S10,E,GSE308578,rho,disjoint_reference_split,394,-0.4619633255697266
Figure S10,E,GSE308578,rho,disjoint_reference_split,395,-0.4965310313269695
Figure S10,E,GSE308578,rho,disjoint_reference_split,396,-0.5475133178233408
Figure S10,E,GSE308578,rho,disjoint_reference_split,397,-0.4227732701251076
Figure S10,E,GSE308578,rho,disjoint_reference_split,398,-0.5812442750238641
Figure S10,E,GSE308578,rho,disjoint_reference_split,399,-0.392635743810976
Figure S10,E,GSE308578,rho,disjoint_reference_split,400,-0.2001176196379158
Figure S10,E,GSE308578,rho,disjoint_reference_split,401,-0.3623062074766343
Figure S10,E,GSE308578,rho,disjoint_reference_split,402,-0.371700417410193
Figure S10,E,GSE308578,rho,disjoint_reference_split,403,-0.5666028466506823
Figure S10,E,GSE308578,rho,disjoint_reference_split,404,-0.5578497853325128
Figure S10,E,GSE308578,rho,disjoint_reference_split,405,-0.6033148413931754
Figure S10,E,GSE308578,rho,disjoint_reference_split,406,-0.6281458353349968
Figure S10,E,GSE308578,rho,disjoint_reference_split,407,-0.328617140886623
Figure S10,E,GSE308578,rho,disjoint_reference_split,408,-0.4274122632647726
Figure S10,E,GSE308578,rho,disjoint_reference_split,409,-0.16944942194026
Figure S10,E,GSE308578,rho,disjoint_reference_split,410,-0.4565206078681295
Figure S10,E,GSE308578,rho,disjoint_reference_split,411,-0.3643268209790473
Figure S10,E,GSE308578,rho,disjoint_reference_split,412,-0.4565798156626524
Figure S10,E,GSE308578,rho,disjoint_reference_split,413,-0.314833968677649
Figure S10,E,GSE308578,rho,disjoint_reference_split,414,-0.5073709545975429
Figure S10,E,GSE308578,rho,disjoint_reference_split,415,-0.1480124117801269
Figure S10,E,GSE308578,rho,disjoint_reference_split,416,-0.3349671147887915
Figure S10,E,GSE308578,rho,disjoint_reference_split,417,-0.4650137508575817
Figure S10,E,GSE308578,rho,disjoint_reference_split,418,-0.5179068863709576
Figure S10,E,GSE308578,rho,disjoint_reference_split,419,-0.5625210814350902
Figure S10,E,GSE308578,rho,disjoint_reference_split,420,-0.1229231559078749
Figure S10,E,GSE308578,rho,disjoint_reference_split,421,-0.5432937854488413
Figure S10,E,GSE308578,rho,disjoint_reference_split,422,-0.5041191663511486
Figure S10,E,GSE308578,rho,disjoint_reference_split,423,-0.2930298769953537
Figure S10,E,GSE308578,rho,disjoint_reference_split,424,-0.6375704220485401
Figure S10,E,GSE308578,rho,disjoint_reference_split,425,-0.3043898765204479
Figure S10,E,GSE308578,rho,disjoint_reference_split,426,-0.3910170875969503
Figure S10,E,GSE308578,rho,disjoint_reference_split,427,-0.4788344782163219
Figure S10,E,GSE308578,rho,disjoint_reference_split,428,-0.4123178069814596
Figure S10,E,GSE308578,rho,disjoint_reference_split,429,-0.5171525602834013
Figure S10,E,GSE308578,rho,disjoint_reference_split,430,-0.5510614048861814
Figure S10,E,GSE308578,rho,disjoint_reference_split,431,-0.4270508470188386
Figure S10,E,GSE308578,rho,disjoint_reference_split,432,-0.4897256139798068
Figure S10,E,GSE308578,rho,disjoint_reference_split,433,-0.2370249566710646
Figure S10,E,GSE308578,rho,disjoint_reference_split,434,-0.339898417251084
Figure S10,E,GSE308578,rho,disjoint_reference_split,435,-0.5915533791176464
Figure S10,E,GSE308578,rho,disjoint_reference_split,436,-0.5626339655229069
Figure S10,E,GSE308578,rho,disjoint_reference_split,437,-0.4093939600252362
Figure S10,E,GSE308578,rho,disjoint_reference_split,438,-0.616003828676494
Figure S10,E,GSE308578,rho,disjoint_reference_split,439,-0.5278024889837478
Figure S10,E,GSE308578,rho,disjoint_reference_split,440,-0.3811202959393545
Figure S10,E,GSE308578,rho,disjoint_reference_split,441,-0.6138457031916018
Figure S10,E,GSE308578,rho,disjoint_reference_split,442,-0.4727050994810396
Figure S10,E,GSE308578,rho,disjoint_reference_split,443,-0.4199922251099736
Figure S10,E,GSE308578,rho,disjoint_reference_split,444,-0.1816179923893266
Figure S10,E,GSE308578,rho,disjoint_reference_split,445,-0.4348349336022147
Figure S10,E,GSE308578,rho,disjoint_reference_split,446,-0.5664678444878034
Figure S10,E,GSE308578,rho,disjoint_reference_split,447,-0.2465370433228546
Figure S10,E,GSE308578,rho,disjoint_reference_split,448,-0.4366254857588066
Figure S10,E,GSE308578,rho,disjoint_reference_split,449,-0.0689162312006655
Figure S10,E,GSE308578,rho,disjoint_reference_split,450,-0.4455602615491958
Figure S10,E,GSE308578,rho,disjoint_reference_split,451,-0.1733899133853109
Figure S10,E,GSE308578,rho,disjoint_reference_split,452,-0.451238746872118
Figure S10,E,GSE308578,rho,disjoint_reference_split,453,0.0161571187635027
Figure S10,E,GSE308578,rho,disjoint_reference_split,454,-0.1690942846575174
Figure S10,E,GSE308578,rho,disjoint_reference_split,455,-0.4748914638837789
Figure S10,E,GSE308578,rho,disjoint_reference_split,456,-0.3537810146219083
Figure S10,E,GSE308578,rho,disjoint_reference_split,457,-0.2331917797929268
Figure S10,E,GSE308578,rho,disjoint_reference_split,458,-0.468903414735866
Figure S10,E,GSE308578,rho,disjoint_reference_split,459,0.1848967106424376
Figure S10,E,GSE308578,rho,disjoint_reference_split,460,-0.171131902275312
Figure S10,E,GSE308578,rho,disjoint_reference_split,461,0.0684514942257089
Figure S10,E,GSE308578,rho,disjoint_reference_split,462,-0.1647202937902493
Figure S10,E,GSE308578,rho,disjoint_reference_split,463,0.0634854551789699
Figure S10,E,GSE308578,rho,disjoint_reference_split,464,-0.4874672855260423
Figure S10,E,GSE308578,rho,disjoint_reference_split,465,-0.2104209331858924
Figure S10,E,GSE308578,rho,disjoint_reference_split,466,-0.4242010396215173
Figure S10,E,GSE308578,rho,disjoint_reference_split,467,-0.4285520922119678
Figure S10,E,GSE308578,rho,disjoint_reference_split,468,-0.1952681654081458
Figure S10,E,GSE308578,rho,disjoint_reference_split,469,-0.282538208318801
Figure S10,E,GSE308578,rho,disjoint_reference_split,470,-0.3722847711402214
Figure S10,E,GSE308578,rho,disjoint_reference_split,471,-0.4510118667545227
Figure S10,E,GSE308578,rho,disjoint_reference_split,472,-0.3703060328378064
Figure S10,E,GSE308578,rho,disjoint_reference_split,473,-0.4390235718805622
Figure S10,E,GSE308578,rho,disjoint_reference_split,474,-0.3375108328381826
Figure S10,E,GSE308578,rho,disjoint_reference_split,475,-0.0028647909117623
Figure S10,E,GSE308578,rho,disjoint_reference_split,476,-0.4009540138915015
Figure S10,E,GSE308578,rho,disjoint_reference_split,477,-0.4493496692330452
Figure S10,E,GSE308578,rho,disjoint_reference_split,478,-0.301176141923718
Figure S10,E,GSE308578,rho,disjoint_reference_split,479,-0.4805186680929906
Figure S10,E,GSE308578,rho,disjoint_reference_split,480,-0.5333243598579678
Figure S10,E,GSE308578,rho,disjoint_reference_split,481,-0.3001525361985714
Figure S10,E,GSE308578,rho,disjoint_reference_split,482,-0.4223192360272398
Figure S10,E,GSE308578,rho,disjoint_reference_split,483,-0.2648066348428538
Figure S10,E,GSE308578,rho,disjoint_reference_split,484,-0.2688787790472244
Figure S10,E,GSE308578,rho,disjoint_reference_split,485,-0.3227600342521322
Figure S10,E,GSE308578,rho,disjoint_reference_split,486,-0.4585798805209731
Figure S10,E,GSE308578,rho,disjoint_reference_split,487,-0.3244787807950057
Figure S10,E,GSE308578,rho,disjoint_reference_split,488,-0.3823513147250193
Figure S10,E,GSE308578,rho,disjoint_reference_split,489,-0.1932903789929789
Figure S10,E,GSE308578,rho,disjoint_reference_split,490,-0.4936566608087985
Figure S10,E,GSE308578,rho,disjoint_reference_split,491,-0.416700995829634
Figure S10,E,GSE308578,rho,disjoint_reference_split,492,-0.5679421083037801
Figure S10,E,GSE308578,rho,disjoint_reference_split,493,-0.5228957576072242
Figure S10,E,GSE308578,rho,disjoint_reference_split,494,-0.332493335828611
Figure S10,E,GSE308578,rho,disjoint_reference_split,495,-0.3709426163714135
Figure S10,E,GSE308578,rho,disjoint_reference_split,496,-0.4459840628870725
Figure S10,E,GSE308578,rho,disjoint_reference_split,497,-0.4278234907913859
Figure S10,E,GSE308578,rho,disjoint_reference_split,498,-0.5219610024675722
Figure S10,E,GSE308578,rho,disjoint_reference_split,499,-0.4316344169088318
Figure S10,E,GSE308578,rho,shared_reference_observed,-1,-0.6251340452576332
Figure S10,F,GSE308578,median_restoration,disjoint_reference_split,0,0.2067646452877616
Figure S10,F,GSE308578,median_restoration,disjoint_reference_split,1,0.1836881374721715
Figure S10,F,GSE308578,median_restoration,disjoint_reference_split,2,0.217303672821302
Figure S10,F,GSE308578,median_restoration,disjoint_reference_split,3,0.1345318899159484
Figure S10,F,GSE308578,median_restoration,disjoint_reference_split,4,0.1738912965677919
Figure S10,F,GSE308578,median_restoration,disjoint_reference_split,5,0.1493671394195308
Figure S10,F,GSE308578,median_restoration,disjoint_reference_split,6,0.1908066665118075
Figure S10,F,GSE308578,median_restoration,disjoint_reference_split,7,0.2640350445790649
Figure S10,F,GSE308578,median_restoration,disjoint_reference_split,8,0.1887140114923251
Figure S10,F,GSE308578,median_restoration,disjoint_reference_split,9,0.1793962131258799
Figure S10,F,GSE308578,median_restoration,disjoint_reference_split,10,0.1700138625655571
Figure S10,F,GSE308578,median_restoration,disjoint_reference_split,11,0.1873530859434069
Figure S10,F,GSE308578,median_restoration,disjoint_reference_split,12,0.143651112752088
Figure S10,F,GSE308578,median_restoration,disjoint_reference_split,13,0.1700060415627529
Figure S10,F,GSE308578,median_restoration,disjoint_reference_split,14,0.1278785341555801
Figure S10,F,GSE308578,median_restoration,disjoint_reference_split,15,0.2527149450941302
Figure S10,F,GSE308578,median_restoration,disjoint_reference_split,16,0.252656985706961
Figure S10,F,GSE308578,median_restoration,disjoint_reference_split,17,0.2564983073093811
Figure S10,F,GSE308578,median_restoration,disjoint_reference_split,18,0.2822549509043834
Figure S10,F,GSE308578,median_restoration,disjoint_reference_split,19,0.1922173254666741
Figure S10,F,GSE308578,median_restoration,disjoint_reference_split,20,0.2183303614718794
Figure S10,F,GSE308578,median_restoration,disjoint_reference_split,21,0.1995763567984924
Figure S10,F,GSE308578,median_restoration,disjoint_reference_split,22,0.1696542914964789
Figure S10,F,GSE308578,median_restoration,disjoint_reference_split,23,0.1736200234478864
Figure S10,F,GSE308578,median_restoration,disjoint_reference_split,24,0.2432133441521131
Figure S10,F,GSE308578,median_restoration,disjoint_reference_split,25,0.2239617558615703
Figure S10,F,GSE308578,median_restoration,disjoint_reference_split,26,0.195060798466037
Figure S10,F,GSE308578,median_restoration,disjoint_reference_split,27,0.288555113510846
Figure S10,F,GSE308578,median_restoration,disjoint_reference_split,28,0.24528779765477
Figure S10,F,GSE308578,median_restoration,disjoint_reference_split,29,0.2893965360404743
Figure S10,F,GSE308578,median_restoration,disjoint_reference_split,30,0.2232130229241949
Figure S10,F,GSE308578,median_restoration,disjoint_reference_split,31,0.3106535276404045
Figure S10,F,GSE308578,median_restoration,disjoint_reference_split,32,0.2908164764587623
Figure S10,F,GSE308578,median_restoration,disjoint_reference_split,33,0.1884073517731528
Figure S10,F,GSE308578,median_restoration,disjoint_reference_split,34,0.1767936350353718
Figure S10,F,GSE308578,median_restoration,disjoint_reference_split,35,0.2363055183153128
Figure S10,F,GSE308578,median_restoration,disjoint_reference_split,36,0.2038646563620456
Figure S10,F,GSE308578,median_restoration,disjoint_reference_split,37,0.298220937748205
Figure S10,F,GSE308578,median_restoration,disjoint_reference_split,38,0.1621568966829816
Figure S10,F,GSE308578,median_restoration,disjoint_reference_split,39,0.2200103143280936
Figure S10,F,GSE308578,median_restoration,disjoint_reference_split,40,0.17681315691055
Figure S10,F,GSE308578,median_restoration,disjoint_reference_split,41,0.2481486066785685
Figure S10,F,GSE308578,median_restoration,disjoint_reference_split,42,0.303383176337598
Figure S10,F,GSE308578,median_restoration,disjoint_reference_split,43,0.2140949202769415
Figure S10,F,GSE308578,median_restoration,disjoint_reference_split,44,0.1784895813495746
Figure S10,F,GSE308578,median_restoration,disjoint_reference_split,45,0.1453081325876861
Figure S10,F,GSE308578,median_restoration,disjoint_reference_split,46,0.1016424581723982
Figure S10,F,GSE308578,median_restoration,disjoint_reference_split,47,0.1051208730519022
Figure S10,F,GSE308578,median_restoration,disjoint_reference_split,48,0.1300406127208428
Figure S10,F,GSE308578,median_restoration,disjoint_reference_split,49,0.1633164572183378
Figure S10,F,GSE308578,median_restoration,disjoint_reference_split,50,0.1353834743559865
Figure S10,F,GSE308578,median_restoration,disjoint_reference_split,51,0.1560170684146182
Figure S10,F,GSE308578,median_restoration,disjoint_reference_split,52,0.2468488166024203
Figure S10,F,GSE308578,median_restoration,disjoint_reference_split,53,0.2523017685760518
Figure S10,F,GSE308578,median_restoration,disjoint_reference_split,54,0.260089909486725
Figure S10,F,GSE308578,median_restoration,disjoint_reference_split,55,0.2207889502228581
Figure S10,F,GSE308578,median_restoration,disjoint_reference_split,56,0.2059541384308294
Figure S10,F,GSE308578,median_restoration,disjoint_reference_split,57,0.1575996661310448
Figure S10,F,GSE308578,median_restoration,disjoint_reference_split,58,0.2176676878117156
Figure S10,F,GSE308578,median_restoration,disjoint_reference_split,59,0.2511940813148595
Figure S10,F,GSE308578,median_restoration,disjoint_reference_split,60,0.2339518039204451
Figure S10,F,GSE308578,median_restoration,disjoint_reference_split,61,0.1201207397479819
Figure S10,F,GSE308578,median_restoration,disjoint_reference_split,62,0.1301774543715737
Figure S10,F,GSE308578,median_restoration,disjoint_reference_split,63,0.1486522793362663
Figure S10,F,GSE308578,median_restoration,disjoint_reference_split,64,0.1021901829269502
Figure S10,F,GSE308578,median_restoration,disjoint_reference_split,65,0.1051684738486287
Figure S10,F,GSE308578,median_restoration,disjoint_reference_split,66,0.2009687491504959
Figure S10,F,GSE308578,median_restoration,disjoint_reference_split,67,0.2125204031113448
Figure S10,F,GSE308578,median_restoration,disjoint_reference_split,68,0.2012622688312584
Figure S10,F,GSE308578,median_restoration,disjoint_reference_split,69,0.2201810819679206
Figure S10,F,GSE308578,median_restoration,disjoint_reference_split,70,0.2095888371961433
Figure S10,F,GSE308578,median_restoration,disjoint_reference_split,71,0.1886148828323799
Figure S10,F,GSE308578,median_restoration,disjoint_reference_split,72,0.2948436036048991
Figure S10,F,GSE308578,median_restoration,disjoint_reference_split,73,0.1868986517654391
Figure S10,F,GSE308578,median_restoration,disjoint_reference_split,74,0.2484677733035338
Figure S10,F,GSE308578,median_restoration,disjoint_reference_split,75,0.3069768996249808
Figure S10,F,GSE308578,median_restoration,disjoint_reference_split,76,0.2327512244308049
Figure S10,F,GSE308578,median_restoration,disjoint_reference_split,77,0.2160188284353088
Figure S10,F,GSE308578,median_restoration,disjoint_reference_split,78,0.2291526592884718
Figure S10,F,GSE308578,median_restoration,disjoint_reference_split,79,0.2391205534758498
Figure S10,F,GSE308578,median_restoration,disjoint_reference_split,80,0.1618288696940943
Figure S10,F,GSE308578,median_restoration,disjoint_reference_split,81,0.2407329035663101
Figure S10,F,GSE308578,median_restoration,disjoint_reference_split,82,0.1252825970580322
Figure S10,F,GSE308578,median_restoration,disjoint_reference_split,83,0.1789154474545966
Figure S10,F,GSE308578,median_restoration,disjoint_reference_split,84,0.1406674638338081
Figure S10,F,GSE308578,median_restoration,disjoint_reference_split,85,0.1679900382969925
Figure S10,F,GSE308578,median_restoration,disjoint_reference_split,86,0.2785772359270022
Figure S10,F,GSE308578,median_restoration,disjoint_reference_split,87,0.1820550806233791
Figure S10,F,GSE308578,median_restoration,disjoint_reference_split,88,0.2942852043800992
Figure S10,F,GSE308578,median_restoration,disjoint_reference_split,89,0.1392504334235802
Figure S10,F,GSE308578,median_restoration,disjoint_reference_split,90,0.2356365660353514
Figure S10,F,GSE308578,median_restoration,disjoint_reference_split,91,0.247804855364321
Figure S10,F,GSE308578,median_restoration,disjoint_reference_split,92,0.2922119792979303
Figure S10,F,GSE308578,median_restoration,disjoint_reference_split,93,0.2401361692336747
Figure S10,F,GSE308578,median_restoration,disjoint_reference_split,94,0.1712495377068369
Figure S10,F,GSE308578,median_restoration,disjoint_reference_split,95,0.2025687059525804
Figure S10,F,GSE308578,median_restoration,disjoint_reference_split,96,0.2724544712090697
Figure S10,F,GSE308578,median_restoration,disjoint_reference_split,97,0.2930074079738358
Figure S10,F,GSE308578,median_restoration,disjoint_reference_split,98,0.2912491986277388
Figure S10,F,GSE308578,median_restoration,disjoint_reference_split,99,0.2527259645241548
Figure S10,F,GSE308578,median_restoration,disjoint_reference_split,100,0.2775186750533843
Figure S10,F,GSE308578,median_restoration,disjoint_reference_split,101,0.2945352158356228
Figure S10,F,GSE308578,median_restoration,disjoint_reference_split,102,0.2745092334467884
Figure S10,F,GSE308578,median_restoration,disjoint_reference_split,103,0.2329273634946107
Figure S10,F,GSE308578,median_restoration,disjoint_reference_split,104,0.2151773439330826
Figure S10,F,GSE308578,median_restoration,disjoint_reference_split,105,0.186390484483133
Figure S10,F,GSE308578,median_restoration,disjoint_reference_split,106,0.1811665198678826
Figure S10,F,GSE308578,median_restoration,disjoint_reference_split,107,0.1897566729378241
Figure S10,F,GSE308578,median_restoration,disjoint_reference_split,108,0.1418218583866797
Figure S10,F,GSE308578,median_restoration,disjoint_reference_split,109,0.2244909153716994
Figure S10,F,GSE308578,median_restoration,disjoint_reference_split,110,0.1652871322633058
Figure S10,F,GSE308578,median_restoration,disjoint_reference_split,111,0.1667458286141221
Figure S10,F,GSE308578,median_restoration,disjoint_reference_split,112,0.186660404477112
Figure S10,F,GSE308578,median_restoration,disjoint_reference_split,113,0.2506106253633984
Figure S10,F,GSE308578,median_restoration,disjoint_reference_split,114,0.1495401712712665
Figure S10,F,GSE308578,median_restoration,disjoint_reference_split,115,0.2659126080699456
Figure S10,F,GSE308578,median_restoration,disjoint_reference_split,116,0.1824876758401881
Figure S10,F,GSE308578,median_restoration,disjoint_reference_split,117,0.2348519582923208
Figure S10,F,GSE308578,median_restoration,disjoint_reference_split,118,0.2715976349466329
Figure S10,F,GSE308578,median_restoration,disjoint_reference_split,119,0.2802431953939666
Figure S10,F,GSE308578,median_restoration,disjoint_reference_split,120,0.1637162695747109
Figure S10,F,GSE308578,median_restoration,disjoint_reference_split,121,0.188706324443943
Figure S10,F,GSE308578,median_restoration,disjoint_reference_split,122,0.1483487027592973
Figure S10,F,GSE308578,median_restoration,disjoint_reference_split,123,0.0993272776022564
Figure S10,F,GSE308578,median_restoration,disjoint_reference_split,124,0.2112570989503519
Figure S10,F,GSE308578,median_restoration,disjoint_reference_split,125,0.2933762235045321
Figure S10,F,GSE308578,median_restoration,disjoint_reference_split,126,0.1649894409209793
Figure S10,F,GSE308578,median_restoration,disjoint_reference_split,127,0.1777469930520661
Figure S10,F,GSE308578,median_restoration,disjoint_reference_split,128,0.2158627052321344
Figure S10,F,GSE308578,median_restoration,disjoint_reference_split,129,0.1600500699824405
Figure S10,F,GSE308578,median_restoration,disjoint_reference_split,130,0.139295617161943
Figure S10,F,GSE308578,median_restoration,disjoint_reference_split,131,0.2282731627921541
Figure S10,F,GSE308578,median_restoration,disjoint_reference_split,132,0.2190059281442193
Figure S10,F,GSE308578,median_restoration,disjoint_reference_split,133,0.2076978850658282
Figure S10,F,GSE308578,median_restoration,disjoint_reference_split,134,0.1633090014413738
Figure S10,F,GSE308578,median_restoration,disjoint_reference_split,135,0.193106945970958
Figure S10,F,GSE308578,median_restoration,disjoint_reference_split,136,0.2011179249993366
Figure S10,F,GSE308578,median_restoration,disjoint_reference_split,137,0.09324816039705
Figure S10,F,GSE308578,median_restoration,disjoint_reference_split,138,0.1958813895958586
Figure S10,F,GSE308578,median_restoration,disjoint_reference_split,139,0.2360759580563835
Figure S10,F,GSE308578,median_restoration,disjoint_reference_split,140,0.225948648755609
Figure S10,F,GSE308578,median_restoration,disjoint_reference_split,141,0.2076779585453403
Figure S10,F,GSE308578,median_restoration,disjoint_reference_split,142,0.1928132861396772
Figure S10,F,GSE308578,median_restoration,disjoint_reference_split,143,0.1618673650810207
Figure S10,F,GSE308578,median_restoration,disjoint_reference_split,144,0.1169709152868323
Figure S10,F,GSE308578,median_restoration,disjoint_reference_split,145,0.205692038823273
Figure S10,F,GSE308578,median_restoration,disjoint_reference_split,146,0.3100848395774109
Figure S10,F,GSE308578,median_restoration,disjoint_reference_split,147,0.2407996701617989
Figure S10,F,GSE308578,median_restoration,disjoint_reference_split,148,0.2284241611305917
Figure S10,F,GSE308578,median_restoration,disjoint_reference_split,149,0.2733253821698898
Figure S10,F,GSE308578,median_restoration,disjoint_reference_split,150,0.2160875200767726
Figure S10,F,GSE308578,median_restoration,disjoint_reference_split,151,0.1710185008242777
Figure S10,F,GSE308578,median_restoration,disjoint_reference_split,152,0.3037689270026114
Figure S10,F,GSE308578,median_restoration,disjoint_reference_split,153,0.1479862308072177
Figure S10,F,GSE308578,median_restoration,disjoint_reference_split,154,0.1223980502055014
Figure S10,F,GSE308578,median_restoration,disjoint_reference_split,155,0.0843369058441805
Figure S10,F,GSE308578,median_restoration,disjoint_reference_split,156,0.2766496199471551
Figure S10,F,GSE308578,median_restoration,disjoint_reference_split,157,0.1833043857006817
Figure S10,F,GSE308578,median_restoration,disjoint_reference_split,158,0.2073985709981247
Figure S10,F,GSE308578,median_restoration,disjoint_reference_split,159,0.2354030748522067
Figure S10,F,GSE308578,median_restoration,disjoint_reference_split,160,0.1774432943595085
Figure S10,F,GSE308578,median_restoration,disjoint_reference_split,161,0.279046563626748
Figure S10,F,GSE308578,median_restoration,disjoint_reference_split,162,0.2086199902071945
Figure S10,F,GSE308578,median_restoration,disjoint_reference_split,163,0.2437897770831555
Figure S10,F,GSE308578,median_restoration,disjoint_reference_split,164,0.2576856135465615
Figure S10,F,GSE308578,median_restoration,disjoint_reference_split,165,0.1217377540935769
Figure S10,F,GSE308578,median_restoration,disjoint_reference_split,166,0.2247455406134588
Figure S10,F,GSE308578,median_restoration,disjoint_reference_split,167,0.1297481971265774
Figure S10,F,GSE308578,median_restoration,disjoint_reference_split,168,0.1576464160138493
Figure S10,F,GSE308578,median_restoration,disjoint_reference_split,169,0.1583503158992663
Figure S10,F,GSE308578,median_restoration,disjoint_reference_split,170,0.1422415912763925
Figure S10,F,GSE308578,median_restoration,disjoint_reference_split,171,0.1449266547344341
Figure S10,F,GSE308578,median_restoration,disjoint_reference_split,172,0.1540502563423746
Figure S10,F,GSE308578,median_restoration,disjoint_reference_split,173,0.1036023798767233
Figure S10,F,GSE308578,median_restoration,disjoint_reference_split,174,0.2234395266508554
Figure S10,F,GSE308578,median_restoration,disjoint_reference_split,175,0.1698072619992493
Figure S10,F,GSE308578,median_restoration,disjoint_reference_split,176,0.1652258410277705
Figure S10,F,GSE308578,median_restoration,disjoint_reference_split,177,0.2389650280162718
Figure S10,F,GSE308578,median_restoration,disjoint_reference_split,178,0.1450961380822919
Figure S10,F,GSE308578,median_restoration,disjoint_reference_split,179,0.2384856078294195
Figure S10,F,GSE308578,median_restoration,disjoint_reference_split,180,0.1211315523377211
Figure S10,F,GSE308578,median_restoration,disjoint_reference_split,181,0.0969259539849256
Figure S10,F,GSE308578,median_restoration,disjoint_reference_split,182,0.1339586013381783
Figure S10,F,GSE308578,median_restoration,disjoint_reference_split,183,0.1804767420042263
Figure S10,F,GSE308578,median_restoration,disjoint_reference_split,184,0.1970292563184703
Figure S10,F,GSE308578,median_restoration,disjoint_reference_split,185,0.10723001303345
Figure S10,F,GSE308578,median_restoration,disjoint_reference_split,186,0.1771035217481182
Figure S10,F,GSE308578,median_restoration,disjoint_reference_split,187,0.1199609492409155
Figure S10,F,GSE308578,median_restoration,disjoint_reference_split,188,0.140279816343507
Figure S10,F,GSE308578,median_restoration,disjoint_reference_split,189,0.2069531787965219
Figure S10,F,GSE308578,median_restoration,disjoint_reference_split,190,0.1846082470570591
Figure S10,F,GSE308578,median_restoration,disjoint_reference_split,191,0.1931790140879044
Figure S10,F,GSE308578,median_restoration,disjoint_reference_split,192,0.0601358691392093
Figure S10,F,GSE308578,median_restoration,disjoint_reference_split,193,0.153499047622466
Figure S10,F,GSE308578,median_restoration,disjoint_reference_split,194,0.2185781233912296
Figure S10,F,GSE308578,median_restoration,disjoint_reference_split,195,0.1707579339204639
Figure S10,F,GSE308578,median_restoration,disjoint_reference_split,196,0.1531335576244399
Figure S10,F,GSE308578,median_restoration,disjoint_reference_split,197,0.1036225346385855
Figure S10,F,GSE308578,median_restoration,disjoint_reference_split,198,0.1950819599910667
Figure S10,F,GSE308578,median_restoration,disjoint_reference_split,199,0.2340192045391298
Figure S10,F,GSE308578,median_restoration,disjoint_reference_split,200,0.1923902662228666
Figure S10,F,GSE308578,median_restoration,disjoint_reference_split,201,0.2424407783978046
Figure S10,F,GSE308578,median_restoration,disjoint_reference_split,202,0.103963396886944
Figure S10,F,GSE308578,median_restoration,disjoint_reference_split,203,0.2363839713784532
Figure S10,F,GSE308578,median_restoration,disjoint_reference_split,204,0.2279364544841904
Figure S10,F,GSE308578,median_restoration,disjoint_reference_split,205,0.1963241149100085
Figure S10,F,GSE308578,median_restoration,disjoint_reference_split,206,0.2473477071279473
Figure S10,F,GSE308578,median_restoration,disjoint_reference_split,207,0.0800961713089649
Figure S10,F,GSE308578,median_restoration,disjoint_reference_split,208,0.1102111510830374
Figure S10,F,GSE308578,median_restoration,disjoint_reference_split,209,0.1650880320671137
Figure S10,F,GSE308578,median_restoration,disjoint_reference_split,210,0.1928872934258771
Figure S10,F,GSE308578,median_restoration,disjoint_reference_split,211,0.095760920155671
Figure S10,F,GSE308578,median_restoration,disjoint_reference_split,212,0.184652693633037
Figure S10,F,GSE308578,median_restoration,disjoint_reference_split,213,0.1749770833547894
Figure S10,F,GSE308578,median_restoration,disjoint_reference_split,214,0.1642730018553992
Figure S10,F,GSE308578,median_restoration,disjoint_reference_split,215,0.147176606029781
Figure S10,F,GSE308578,median_restoration,disjoint_reference_split,216,0.2621898023728111
Figure S10,F,GSE308578,median_restoration,disjoint_reference_split,217,0.2311131751820871
Figure S10,F,GSE308578,median_restoration,disjoint_reference_split,218,0.257076006557924
Figure S10,F,GSE308578,median_restoration,disjoint_reference_split,219,0.1112544381701039
Figure S10,F,GSE308578,median_restoration,disjoint_reference_split,220,0.2533293029308598
Figure S10,F,GSE308578,median_restoration,disjoint_reference_split,221,0.2479137296584843
Figure S10,F,GSE308578,median_restoration,disjoint_reference_split,222,0.1760577428219383
Figure S10,F,GSE308578,median_restoration,disjoint_reference_split,223,0.2514663114755695
Figure S10,F,GSE308578,median_restoration,disjoint_reference_split,224,0.1076216563416218
Figure S10,F,GSE308578,median_restoration,disjoint_reference_split,225,0.2026697111034163
Figure S10,F,GSE308578,median_restoration,disjoint_reference_split,226,0.1336849004135445
Figure S10,F,GSE308578,median_restoration,disjoint_reference_split,227,0.1131308478409671
Figure S10,F,GSE308578,median_restoration,disjoint_reference_split,228,0.2120226846868564
Figure S10,F,GSE308578,median_restoration,disjoint_reference_split,229,0.1237561532825743
Figure S10,F,GSE308578,median_restoration,disjoint_reference_split,230,0.1537993801775841
Figure S10,F,GSE308578,median_restoration,disjoint_reference_split,231,0.2574198864758537
Figure S10,F,GSE308578,median_restoration,disjoint_reference_split,232,0.2008770670313913
Figure S10,F,GSE308578,median_restoration,disjoint_reference_split,233,0.2204627780342614
Figure S10,F,GSE308578,median_restoration,disjoint_reference_split,234,0.1151426859607278
Figure S10,F,GSE308578,median_restoration,disjoint_reference_split,235,0.1067519702674095
Figure S10,F,GSE308578,median_restoration,disjoint_reference_split,236,0.1416247207451482
Figure S10,F,GSE308578,median_restoration,disjoint_reference_split,237,0.2731927907983063
Figure S10,F,GSE308578,median_restoration,disjoint_reference_split,238,0.2533135322276818
Figure S10,F,GSE308578,median_restoration,disjoint_reference_split,239,0.2028528598323633
Figure S10,F,GSE308578,median_restoration,disjoint_reference_split,240,0.1380951386075255
Figure S10,F,GSE308578,median_restoration,disjoint_reference_split,241,0.2717060359329507
Figure S10,F,GSE308578,median_restoration,disjoint_reference_split,242,0.1930192482769328
Figure S10,F,GSE308578,median_restoration,disjoint_reference_split,243,0.2630532904116733
Figure S10,F,GSE308578,median_restoration,disjoint_reference_split,244,0.1734828450654646
Figure S10,F,GSE308578,median_restoration,disjoint_reference_split,245,0.2707850487546697
Figure S10,F,GSE308578,median_restoration,disjoint_reference_split,246,0.1633648394126003
Figure S10,F,GSE308578,median_restoration,disjoint_reference_split,247,0.2524823979301227
Figure S10,F,GSE308578,median_restoration,disjoint_reference_split,248,0.129137912617943
Figure S10,F,GSE308578,median_restoration,disjoint_reference_split,249,0.154929182598939
Figure S10,F,GSE308578,median_restoration,disjoint_reference_split,250,0.1737599926680131
Figure S10,F,GSE308578,median_restoration,disjoint_reference_split,251,0.1878013350247549
Figure S10,F,GSE308578,median_restoration,disjoint_reference_split,252,0.1666845974875968
Figure S10,F,GSE308578,median_restoration,disjoint_reference_split,253,0.1635652641455226
Figure S10,F,GSE308578,median_restoration,disjoint_reference_split,254,0.1619125879808556
Figure S10,F,GSE308578,median_restoration,disjoint_reference_split,255,0.163239060119122
Figure S10,F,GSE308578,median_restoration,disjoint_reference_split,256,0.1049619885801089
Figure S10,F,GSE308578,median_restoration,disjoint_reference_split,257,0.2022330484802073
Figure S10,F,GSE308578,median_restoration,disjoint_reference_split,258,0.0882974112564669
Figure S10,F,GSE308578,median_restoration,disjoint_reference_split,259,0.1822595716351931
Figure S10,F,GSE308578,median_restoration,disjoint_reference_split,260,0.080552568646246
Figure S10,F,GSE308578,median_restoration,disjoint_reference_split,261,0.0300728716888381
Figure S10,F,GSE308578,median_restoration,disjoint_reference_split,262,0.0994610654268886
Figure S10,F,GSE308578,median_restoration,disjoint_reference_split,263,0.0726835395531733
Figure S10,F,GSE308578,median_restoration,disjoint_reference_split,264,0.1657679903579803
Figure S10,F,GSE308578,median_restoration,disjoint_reference_split,265,0.1285005881804863
Figure S10,F,GSE308578,median_restoration,disjoint_reference_split,266,0.0686689124586186
Figure S10,F,GSE308578,median_restoration,disjoint_reference_split,267,0.1659038760942217
Figure S10,F,GSE308578,median_restoration,disjoint_reference_split,268,0.1699147462431853
Figure S10,F,GSE308578,median_restoration,disjoint_reference_split,269,0.0990747678329082
Figure S10,F,GSE308578,median_restoration,disjoint_reference_split,270,0.124137477220098
Figure S10,F,GSE308578,median_restoration,disjoint_reference_split,271,0.1858589528614418
Figure S10,F,GSE308578,median_restoration,disjoint_reference_split,272,0.2196905650294427
Figure S10,F,GSE308578,median_restoration,disjoint_reference_split,273,0.1551975211837648
Figure S10,F,GSE308578,median_restoration,disjoint_reference_split,274,0.1287257135934325
Figure S10,F,GSE308578,median_restoration,disjoint_reference_split,275,0.2086823717327681
Figure S10,F,GSE308578,median_restoration,disjoint_reference_split,276,0.1057903445739771
Figure S10,F,GSE308578,median_restoration,disjoint_reference_split,277,0.2256282891594727
Figure S10,F,GSE308578,median_restoration,disjoint_reference_split,278,0.0863966821243718
Figure S10,F,GSE308578,median_restoration,disjoint_reference_split,279,0.0747068426558268
Figure S10,F,GSE308578,median_restoration,disjoint_reference_split,280,0.0439241341539198
Figure S10,F,GSE308578,median_restoration,disjoint_reference_split,281,0.174751339727897
Figure S10,F,GSE308578,median_restoration,disjoint_reference_split,282,0.0964486577104644
Figure S10,F,GSE308578,median_restoration,disjoint_reference_split,283,0.1067071587796881
Figure S10,F,GSE308578,median_restoration,disjoint_reference_split,284,0.1602951417282545
Figure S10,F,GSE308578,median_restoration,disjoint_reference_split,285,0.1177701909663815
Figure S10,F,GSE308578,median_restoration,disjoint_reference_split,286,0.1719662706001088
Figure S10,F,GSE308578,median_restoration,disjoint_reference_split,287,0.2210713966414543
Figure S10,F,GSE308578,median_restoration,disjoint_reference_split,288,0.1023789351180499
Figure S10,F,GSE308578,median_restoration,disjoint_reference_split,289,0.0972186340475449
Figure S10,F,GSE308578,median_restoration,disjoint_reference_split,290,0.1058513029745602
Figure S10,F,GSE308578,median_restoration,disjoint_reference_split,291,0.1674054233277182
Figure S10,F,GSE308578,median_restoration,disjoint_reference_split,292,0.1117629276461551
Figure S10,F,GSE308578,median_restoration,disjoint_reference_split,293,0.1000569406805182
Figure S10,F,GSE308578,median_restoration,disjoint_reference_split,294,0.0568720551591699
Figure S10,F,GSE308578,median_restoration,disjoint_reference_split,295,0.0910074408219601
Figure S10,F,GSE308578,median_restoration,disjoint_reference_split,296,0.1792274828904947
Figure S10,F,GSE308578,median_restoration,disjoint_reference_split,297,0.15150618833355
Figure S10,F,GSE308578,median_restoration,disjoint_reference_split,298,0.1588297976109718
Figure S10,F,GSE308578,median_restoration,disjoint_reference_split,299,0.178264632360579
Figure S10,F,GSE308578,median_restoration,disjoint_reference_split,300,0.2070791164159984
Figure S10,F,GSE308578,median_restoration,disjoint_reference_split,301,0.0881479215641887
Figure S10,F,GSE308578,median_restoration,disjoint_reference_split,302,0.1806530970144095
Figure S10,F,GSE308578,median_restoration,disjoint_reference_split,303,0.0978284456642626
Figure S10,F,GSE308578,median_restoration,disjoint_reference_split,304,0.1542991906845321
Figure S10,F,GSE308578,median_restoration,disjoint_reference_split,305,0.1457517540925508
Figure S10,F,GSE308578,median_restoration,disjoint_reference_split,306,0.1394787426290049
Figure S10,F,GSE308578,median_restoration,disjoint_reference_split,307,0.1049358365527605
Figure S10,F,GSE308578,median_restoration,disjoint_reference_split,308,0.1297227651446331
Figure S10,F,GSE308578,median_restoration,disjoint_reference_split,309,0.2218520097628207
Figure S10,F,GSE308578,median_restoration,disjoint_reference_split,310,0.2532240011150062
Figure S10,F,GSE308578,median_restoration,disjoint_reference_split,311,0.177755698412068
Figure S10,F,GSE308578,median_restoration,disjoint_reference_split,312,0.2124030448297067
Figure S10,F,GSE308578,median_restoration,disjoint_reference_split,313,0.1377996450882994
Figure S10,F,GSE308578,median_restoration,disjoint_reference_split,314,0.2078745609263075
Figure S10,F,GSE308578,median_restoration,disjoint_reference_split,315,0.1442348748493771
Figure S10,F,GSE308578,median_restoration,disjoint_reference_split,316,0.1392497020528145
Figure S10,F,GSE308578,median_restoration,disjoint_reference_split,317,0.1795670719635572
Figure S10,F,GSE308578,median_restoration,disjoint_reference_split,318,0.1138366118972086
Figure S10,F,GSE308578,median_restoration,disjoint_reference_split,319,0.1938582081581103
Figure S10,F,GSE308578,median_restoration,disjoint_reference_split,320,0.1721900912529037
Figure S10,F,GSE308578,median_restoration,disjoint_reference_split,321,0.0700408652005557
Figure S10,F,GSE308578,median_restoration,disjoint_reference_split,322,0.1493584230857125
Figure S10,F,GSE308578,median_restoration,disjoint_reference_split,323,0.0651986670771378
Figure S10,F,GSE308578,median_restoration,disjoint_reference_split,324,0.161786222449024
Figure S10,F,GSE308578,median_restoration,disjoint_reference_split,325,0.1479986089628529
Figure S10,F,GSE308578,median_restoration,disjoint_reference_split,326,0.053216642905393
Figure S10,F,GSE308578,median_restoration,disjoint_reference_split,327,0.1417357330250113
Figure S10,F,GSE308578,median_restoration,disjoint_reference_split,328,0.1711530718346776
Figure S10,F,GSE308578,median_restoration,disjoint_reference_split,329,0.1395587002121319
Figure S10,F,GSE308578,median_restoration,disjoint_reference_split,330,0.0481586480032976
Figure S10,F,GSE308578,median_restoration,disjoint_reference_split,331,0.0635213166824435
Figure S10,F,GSE308578,median_restoration,disjoint_reference_split,332,0.0520880508198953
Figure S10,F,GSE308578,median_restoration,disjoint_reference_split,333,0.159364674686351
Figure S10,F,GSE308578,median_restoration,disjoint_reference_split,334,0.080921009476308
Figure S10,F,GSE308578,median_restoration,disjoint_reference_split,335,0.0800102546297267
Figure S10,F,GSE308578,median_restoration,disjoint_reference_split,336,0.1694552339331894
Figure S10,F,GSE308578,median_restoration,disjoint_reference_split,337,0.1997772223355781
Figure S10,F,GSE308578,median_restoration,disjoint_reference_split,338,0.1653092018423072
Figure S10,F,GSE308578,median_restoration,disjoint_reference_split,339,0.0121399119426701
Figure S10,F,GSE308578,median_restoration,disjoint_reference_split,340,0.0879616191799694
Figure S10,F,GSE308578,median_restoration,disjoint_reference_split,341,0.117804139940689
Figure S10,F,GSE308578,median_restoration,disjoint_reference_split,342,0.1205896572110738
Figure S10,F,GSE308578,median_restoration,disjoint_reference_split,343,0.0873177416021584
Figure S10,F,GSE308578,median_restoration,disjoint_reference_split,344,-0.0091575993783026
Figure S10,F,GSE308578,median_restoration,disjoint_reference_split,345,0.1119400858271166
Figure S10,F,GSE308578,median_restoration,disjoint_reference_split,346,0.0450344855168998
Figure S10,F,GSE308578,median_restoration,disjoint_reference_split,347,0.1318807823771086
Figure S10,F,GSE308578,median_restoration,disjoint_reference_split,348,0.0713037885527572
Figure S10,F,GSE308578,median_restoration,disjoint_reference_split,349,0.0620753840819308
Figure S10,F,GSE308578,median_restoration,disjoint_reference_split,350,0.0620425690581898
Figure S10,F,GSE308578,median_restoration,disjoint_reference_split,351,0.0259330104648025
Figure S10,F,GSE308578,median_restoration,disjoint_reference_split,352,0.0551445174985865
Figure S10,F,GSE308578,median_restoration,disjoint_reference_split,353,0.0422943883075324
Figure S10,F,GSE308578,median_restoration,disjoint_reference_split,354,0.1617725875624596
Figure S10,F,GSE308578,median_restoration,disjoint_reference_split,355,0.0259679712884857
Figure S10,F,GSE308578,median_restoration,disjoint_reference_split,356,0.1251198615131752
Figure S10,F,GSE308578,median_restoration,disjoint_reference_split,357,0.0914523678038481
Figure S10,F,GSE308578,median_restoration,disjoint_reference_split,358,0.1127854309401281
Figure S10,F,GSE308578,median_restoration,disjoint_reference_split,359,0.0432258500223912
Figure S10,F,GSE308578,median_restoration,disjoint_reference_split,360,0.0463853702468051
Figure S10,F,GSE308578,median_restoration,disjoint_reference_split,361,0.1030604337833112
Figure S10,F,GSE308578,median_restoration,disjoint_reference_split,362,0.0628443140705231
Figure S10,F,GSE308578,median_restoration,disjoint_reference_split,363,-0.0109142372363632
Figure S10,F,GSE308578,median_restoration,disjoint_reference_split,364,0.0742866552697476
Figure S10,F,GSE308578,median_restoration,disjoint_reference_split,365,0.0808137780567563
Figure S10,F,GSE308578,median_restoration,disjoint_reference_split,366,0.0728089424999465
Figure S10,F,GSE308578,median_restoration,disjoint_reference_split,367,0.0614266868785309
Figure S10,F,GSE308578,median_restoration,disjoint_reference_split,368,0.1501119135278648
Figure S10,F,GSE308578,median_restoration,disjoint_reference_split,369,0.1185357085774057
Figure S10,F,GSE308578,median_restoration,disjoint_reference_split,370,0.0751851352475582
Figure S10,F,GSE308578,median_restoration,disjoint_reference_split,371,0.1496372338154552
Figure S10,F,GSE308578,median_restoration,disjoint_reference_split,372,0.1739858234932199
Figure S10,F,GSE308578,median_restoration,disjoint_reference_split,373,0.0178639296922639
Figure S10,F,GSE308578,median_restoration,disjoint_reference_split,374,0.0257547977123449
Figure S10,F,GSE308578,median_restoration,disjoint_reference_split,375,0.0541069668878142
Figure S10,F,GSE308578,median_restoration,disjoint_reference_split,376,0.0393927521330113
Figure S10,F,GSE308578,median_restoration,disjoint_reference_split,377,0.1383542336904728
Figure S10,F,GSE308578,median_restoration,disjoint_reference_split,378,0.0979301390950102
Figure S10,F,GSE308578,median_restoration,disjoint_reference_split,379,0.1261913223947188
Figure S10,F,GSE308578,median_restoration,disjoint_reference_split,380,0.0274906358813451
Figure S10,F,GSE308578,median_restoration,disjoint_reference_split,381,0.1287385392471276
Figure S10,F,GSE308578,median_restoration,disjoint_reference_split,382,0.0904418953847034
Figure S10,F,GSE308578,median_restoration,disjoint_reference_split,383,0.0837630145621159
Figure S10,F,GSE308578,median_restoration,disjoint_reference_split,384,0.0390161235151076
Figure S10,F,GSE308578,median_restoration,disjoint_reference_split,385,0.1271784829622122
Figure S10,F,GSE308578,median_restoration,disjoint_reference_split,386,0.1314919351748514
Figure S10,F,GSE308578,median_restoration,disjoint_reference_split,387,0.143445582891589
Figure S10,F,GSE308578,median_restoration,disjoint_reference_split,388,0.0782071230110865
Figure S10,F,GSE308578,median_restoration,disjoint_reference_split,389,0.1998352191605077
Figure S10,F,GSE308578,median_restoration,disjoint_reference_split,390,0.0370236132184942
Figure S10,F,GSE308578,median_restoration,disjoint_reference_split,391,0.0561591568586465
Figure S10,F,GSE308578,median_restoration,disjoint_reference_split,392,0.0136014817952361
Figure S10,F,GSE308578,median_restoration,disjoint_reference_split,393,0.0804041280923587
Figure S10,F,GSE308578,median_restoration,disjoint_reference_split,394,0.1297558769358562
Figure S10,F,GSE308578,median_restoration,disjoint_reference_split,395,0.1314847425507723
Figure S10,F,GSE308578,median_restoration,disjoint_reference_split,396,0.1515715384897271
Figure S10,F,GSE308578,median_restoration,disjoint_reference_split,397,0.1093576369717088
Figure S10,F,GSE308578,median_restoration,disjoint_reference_split,398,0.1525714426466748
Figure S10,F,GSE308578,median_restoration,disjoint_reference_split,399,0.0794693826195528
Figure S10,F,GSE308578,median_restoration,disjoint_reference_split,400,0.0367824078461469
Figure S10,F,GSE308578,median_restoration,disjoint_reference_split,401,0.0683713249005364
Figure S10,F,GSE308578,median_restoration,disjoint_reference_split,402,0.0731776039752629
Figure S10,F,GSE308578,median_restoration,disjoint_reference_split,403,0.1602091591468166
Figure S10,F,GSE308578,median_restoration,disjoint_reference_split,404,0.1582960463966536
Figure S10,F,GSE308578,median_restoration,disjoint_reference_split,405,0.1872323027655769
Figure S10,F,GSE308578,median_restoration,disjoint_reference_split,406,0.1860232688849503
Figure S10,F,GSE308578,median_restoration,disjoint_reference_split,407,0.0648270380901401
Figure S10,F,GSE308578,median_restoration,disjoint_reference_split,408,0.0946121391240557
Figure S10,F,GSE308578,median_restoration,disjoint_reference_split,409,0.0362537966817047
Figure S10,F,GSE308578,median_restoration,disjoint_reference_split,410,0.1146419183453524
Figure S10,F,GSE308578,median_restoration,disjoint_reference_split,411,0.068875148182927
Figure S10,F,GSE308578,median_restoration,disjoint_reference_split,412,0.0978204430561257
Figure S10,F,GSE308578,median_restoration,disjoint_reference_split,413,0.0542092465962429
Figure S10,F,GSE308578,median_restoration,disjoint_reference_split,414,0.1307071969881315
Figure S10,F,GSE308578,median_restoration,disjoint_reference_split,415,0.0219877605236671
Figure S10,F,GSE308578,median_restoration,disjoint_reference_split,416,0.0708765734888745
Figure S10,F,GSE308578,median_restoration,disjoint_reference_split,417,0.1081772698961653
Figure S10,F,GSE308578,median_restoration,disjoint_reference_split,418,0.1221068925034618
Figure S10,F,GSE308578,median_restoration,disjoint_reference_split,419,0.1652830479882359
Figure S10,F,GSE308578,median_restoration,disjoint_reference_split,420,0.0219606579945823
Figure S10,F,GSE308578,median_restoration,disjoint_reference_split,421,0.1419667807958839
Figure S10,F,GSE308578,median_restoration,disjoint_reference_split,422,0.120090661739979
Figure S10,F,GSE308578,median_restoration,disjoint_reference_split,423,0.0580480701411643
Figure S10,F,GSE308578,median_restoration,disjoint_reference_split,424,0.1804860142348694
Figure S10,F,GSE308578,median_restoration,disjoint_reference_split,425,0.0578875696335523
Figure S10,F,GSE308578,median_restoration,disjoint_reference_split,426,0.0793774107188118
Figure S10,F,GSE308578,median_restoration,disjoint_reference_split,427,0.1152167498565051
Figure S10,F,GSE308578,median_restoration,disjoint_reference_split,428,0.1019905774766352
Figure S10,F,GSE308578,median_restoration,disjoint_reference_split,429,0.1411159465335196
Figure S10,F,GSE308578,median_restoration,disjoint_reference_split,430,0.1455420316874462
Figure S10,F,GSE308578,median_restoration,disjoint_reference_split,431,0.0964553797329148
Figure S10,F,GSE308578,median_restoration,disjoint_reference_split,432,0.1214532808596711
Figure S10,F,GSE308578,median_restoration,disjoint_reference_split,433,0.0432962705689794
Figure S10,F,GSE308578,median_restoration,disjoint_reference_split,434,0.0665753637025421
Figure S10,F,GSE308578,median_restoration,disjoint_reference_split,435,0.1858038473929975
Figure S10,F,GSE308578,median_restoration,disjoint_reference_split,436,0.1671272401405801
Figure S10,F,GSE308578,median_restoration,disjoint_reference_split,437,0.1119366383673519
Figure S10,F,GSE308578,median_restoration,disjoint_reference_split,438,0.1871058221591113
Figure S10,F,GSE308578,median_restoration,disjoint_reference_split,439,0.1294648858070196
Figure S10,F,GSE308578,median_restoration,disjoint_reference_split,440,0.0747987393648972
Figure S10,F,GSE308578,median_restoration,disjoint_reference_split,441,0.2020010144578492
Figure S10,F,GSE308578,median_restoration,disjoint_reference_split,442,0.1113455146796935
Figure S10,F,GSE308578,median_restoration,disjoint_reference_split,443,0.0963955818429609
Figure S10,F,GSE308578,median_restoration,disjoint_reference_split,444,0.0300245010260322
Figure S10,F,GSE308578,median_restoration,disjoint_reference_split,445,0.1107895314017399
Figure S10,F,GSE308578,median_restoration,disjoint_reference_split,446,0.1548414797116954
Figure S10,F,GSE308578,median_restoration,disjoint_reference_split,447,0.0363603618743677
Figure S10,F,GSE308578,median_restoration,disjoint_reference_split,448,0.0980489789479577
Figure S10,F,GSE308578,median_restoration,disjoint_reference_split,449,0.0043556035037948
Figure S10,F,GSE308578,median_restoration,disjoint_reference_split,450,0.0991733848646898
Figure S10,F,GSE308578,median_restoration,disjoint_reference_split,451,0.0141240562924347
Figure S10,F,GSE308578,median_restoration,disjoint_reference_split,452,0.1113382256099261
Figure S10,F,GSE308578,median_restoration,disjoint_reference_split,453,-0.0199695970593798
Figure S10,F,GSE308578,median_restoration,disjoint_reference_split,454,0.0163042702868579
Figure S10,F,GSE308578,median_restoration,disjoint_reference_split,455,0.1193364818152492
Figure S10,F,GSE308578,median_restoration,disjoint_reference_split,456,0.0697450354682744
Figure S10,F,GSE308578,median_restoration,disjoint_reference_split,457,0.0368317620631821
Figure S10,F,GSE308578,median_restoration,disjoint_reference_split,458,0.1202744272543183
Figure S10,F,GSE308578,median_restoration,disjoint_reference_split,459,-0.0416130574791173
Figure S10,F,GSE308578,median_restoration,disjoint_reference_split,460,0.0210070278997624
Figure S10,F,GSE308578,median_restoration,disjoint_reference_split,461,-0.0197668643281397
Figure S10,F,GSE308578,median_restoration,disjoint_reference_split,462,0.0261940896859043
Figure S10,F,GSE308578,median_restoration,disjoint_reference_split,463,-0.0217406960619317
Figure S10,F,GSE308578,median_restoration,disjoint_reference_split,464,0.134870971541654
Figure S10,F,GSE308578,median_restoration,disjoint_reference_split,465,0.0477347880665455
Figure S10,F,GSE308578,median_restoration,disjoint_reference_split,466,0.1054102115114981
Figure S10,F,GSE308578,median_restoration,disjoint_reference_split,467,0.1153116995706313
Figure S10,F,GSE308578,median_restoration,disjoint_reference_split,468,0.0386850734778947
Figure S10,F,GSE308578,median_restoration,disjoint_reference_split,469,0.0428569060574313
Figure S10,F,GSE308578,median_restoration,disjoint_reference_split,470,0.0779645189759685
Figure S10,F,GSE308578,median_restoration,disjoint_reference_split,471,0.1008059621193786
Figure S10,F,GSE308578,median_restoration,disjoint_reference_split,472,0.0696152419313733
Figure S10,F,GSE308578,median_restoration,disjoint_reference_split,473,0.0908304655352187
Figure S10,F,GSE308578,median_restoration,disjoint_reference_split,474,0.0580549508199847
Figure S10,F,GSE308578,median_restoration,disjoint_reference_split,475,-0.0216481573318452
Figure S10,F,GSE308578,median_restoration,disjoint_reference_split,476,0.0813141265654242
Figure S10,F,GSE308578,median_restoration,disjoint_reference_split,477,0.1110377290898818
Figure S10,F,GSE308578,median_restoration,disjoint_reference_split,478,0.0535890413781956
Figure S10,F,GSE308578,median_restoration,disjoint_reference_split,479,0.1243817763890671
Figure S10,F,GSE308578,median_restoration,disjoint_reference_split,480,0.1551494480740505
Figure S10,F,GSE308578,median_restoration,disjoint_reference_split,481,0.0498615923193952
Figure S10,F,GSE308578,median_restoration,disjoint_reference_split,482,0.1014116444879569
Figure S10,F,GSE308578,median_restoration,disjoint_reference_split,483,0.0413937750681168
Figure S10,F,GSE308578,median_restoration,disjoint_reference_split,484,0.0432186505292904
Figure S10,F,GSE308578,median_restoration,disjoint_reference_split,485,0.0622410353357432
Figure S10,F,GSE308578,median_restoration,disjoint_reference_split,486,0.106029606549046
Figure S10,F,GSE308578,median_restoration,disjoint_reference_split,487,0.051684031035954
Figure S10,F,GSE308578,median_restoration,disjoint_reference_split,488,0.0724521151456354
Figure S10,F,GSE308578,median_restoration,disjoint_reference_split,489,0.0241461959130018
Figure S10,F,GSE308578,median_restoration,disjoint_reference_split,490,0.1138570870522254
Figure S10,F,GSE308578,median_restoration,disjoint_reference_split,491,0.0948607827198213
Figure S10,F,GSE308578,median_restoration,disjoint_reference_split,492,0.1690766922584552
Figure S10,F,GSE308578,median_restoration,disjoint_reference_split,493,0.1422054078046456
Figure S10,F,GSE308578,median_restoration,disjoint_reference_split,494,0.0753193403448395
Figure S10,F,GSE308578,median_restoration,disjoint_reference_split,495,0.0807782141118427
Figure S10,F,GSE308578,median_restoration,disjoint_reference_split,496,0.1152595419509699
Figure S10,F,GSE308578,median_restoration,disjoint_reference_split,497,0.0892206849455892
Figure S10,F,GSE308578,median_restoration,disjoint_reference_split,498,0.1362891316691152
Figure S10,F,GSE308578,median_restoration,disjoint_reference_split,499,0.0951295152166702
Figure S10,F,GSE308578,median_restoration,shared_reference_observed,-1,0.1762486418609539
Figure S10,G,GSE278200,reversal_fraction,animal_label_allocation,0,0.9225950782997764
Figure S10,G,GSE278200,reversal_fraction,animal_label_allocation,1,0.923409090909091
Figure S10,G,GSE278200,reversal_fraction,animal_label_allocation,2,0.9337733272644516
Figure S10,G,GSE278200,reversal_fraction,animal_label_allocation,3,0.9219600725952812
Figure S10,G,GSE278200,reversal_fraction,animal_label_allocation,4,0.8935163274964505
Figure S10,G,GSE278200,reversal_fraction,animal_label_allocation,5,0.8095979247730221
Figure S10,G,GSE278200,reversal_fraction,animal_label_allocation,6,0.8441492079713848
Figure S10,G,GSE278200,reversal_fraction,animal_label_allocation,7,0.8274007682458386
Figure S10,G,GSE278200,reversal_fraction,animal_label_allocation,8,0.7089087462767398
Figure S10,G,GSE278200,reversal_fraction,animal_label_allocation,9,0.8640499090200155
Figure S10,G,GSE278200,reversal_fraction,animal_label_allocation,10,0.8493222106360793
Figure S10,G,GSE278200,reversal_fraction,animal_label_allocation,11,0.730374479889043
Figure S10,G,GSE278200,reversal_fraction,animal_label_allocation,12,0.8722264728385616
Figure S10,G,GSE278200,reversal_fraction,animal_label_allocation,13,0.7926502145922747
Figure S10,G,GSE278200,reversal_fraction,animal_label_allocation,14,0.7529538131041891
Figure S10,G,GSE278200,reversal_fraction,animal_label_allocation,15,0.4877274039849841
Figure S10,G,GSE278200,reversal_fraction,animal_label_allocation,16,0.5338935574229692
Figure S10,G,GSE278200,reversal_fraction,animal_label_allocation,17,0.5131203650884198
Figure S10,G,GSE278200,reversal_fraction,animal_label_allocation,18,0.3609933373712901
Figure S10,G,GSE278200,reversal_fraction,animal_label_allocation,19,0.5591428571428572
Figure S10,G,GSE278200,reversal_fraction,animal_label_allocation,20,0.5061516452074392
Figure S10,G,GSE278200,reversal_fraction,animal_label_allocation,21,0.3519484504449217
Figure S10,G,GSE278200,reversal_fraction,animal_label_allocation,22,0.5934407690132881
Figure S10,G,GSE278200,reversal_fraction,animal_label_allocation,23,0.3913829466706839
Figure S10,G,GSE278200,reversal_fraction,animal_label_allocation,24,0.3625414031918097
Figure S10,G,GSE278200,reversal_fraction,animal_label_allocation,25,0.3213806970509383
Figure S10,G,GSE278200,reversal_fraction,animal_label_allocation,26,0.2990813201769309
Figure S10,G,GSE278200,reversal_fraction,animal_label_allocation,27,0.2414050822122571
Figure S10,G,GSE278200,reversal_fraction,animal_label_allocation,28,0.3228684732319894
Figure S10,G,GSE278200,reversal_fraction,animal_label_allocation,29,0.2766714082503556
Figure S10,G,GSE278200,reversal_fraction,animal_label_allocation,30,0.2471622116440864
Figure S10,G,GSE278200,reversal_fraction,animal_label_allocation,31,0.3189766839378238
Figure S10,G,GSE278200,reversal_fraction,animal_label_allocation,32,0.2683784734435455
Figure S10,G,GSE278200,reversal_fraction,animal_label_allocation,33,0.2225063938618925
Figure S10,G,GSE278200,reversal_fraction,animal_label_allocation,34,0.2648891966759003
Figure S10,G,GSE278200,reversal_fraction,animal_label_allocation,35,0.910688836104513
Figure S10,G,GSE278200,reversal_fraction,animal_label_allocation,36,0.9288063909774436
Figure S10,G,GSE278200,reversal_fraction,animal_label_allocation,37,0.9141509433962264
Figure S10,G,GSE278200,reversal_fraction,animal_label_allocation,38,0.868247372280616
Figure S10,G,GSE278200,reversal_fraction,animal_label_allocation,39,0.91791221826809
Figure S10,G,GSE278200,reversal_fraction,animal_label_allocation,40,0.9083627797408717
Figure S10,G,GSE278200,reversal_fraction,animal_label_allocation,41,0.8686868686868687
Figure S10,G,GSE278200,reversal_fraction,animal_label_allocation,42,0.9254117647058824
Figure S10,G,GSE278200,reversal_fraction,animal_label_allocation,43,0.8905339805825243
Figure S10,G,GSE278200,reversal_fraction,animal_label_allocation,44,0.8815757279177882
Figure S10,G,GSE278200,reversal_fraction,animal_label_allocation,45,0.7989319092122831
Figure S10,G,GSE278200,reversal_fraction,animal_label_allocation,46,0.7668827660723933
Figure S10,G,GSE278200,reversal_fraction,animal_label_allocation,47,0.5779661016949152
Figure S10,G,GSE278200,reversal_fraction,animal_label_allocation,48,0.8148342977380326
Figure S10,G,GSE278200,reversal_fraction,animal_label_allocation,49,0.6883759274525969
Figure S10,G,GSE278200,reversal_fraction,animal_label_allocation,50,0.6302357836338419
Figure S10,G,GSE278200,reversal_fraction,animal_label_allocation,51,0.8101132473005004
Figure S10,G,GSE278200,reversal_fraction,animal_label_allocation,52,0.6950783612867748
Figure S10,G,GSE278200,reversal_fraction,animal_label_allocation,53,0.6650744591177297
Figure S10,G,GSE278200,reversal_fraction,animal_label_allocation,54,0.7234949387320192
Figure S10,G,GSE278200,reversal_fraction,animal_label_allocation,55,0.4239644970414201
Figure S10,G,GSE278200,reversal_fraction,animal_label_allocation,56,0.3785327720986169
Figure S10,G,GSE278200,reversal_fraction,animal_label_allocation,57,0.2747041893188359
Figure S10,G,GSE278200,reversal_fraction,animal_label_allocation,58,0.4289496910856134
Figure S10,G,GSE278200,reversal_fraction,animal_label_allocation,59,0.3056333644568939
Figure S10,G,GSE278200,reversal_fraction,animal_label_allocation,60,0.2880075542965061
Figure S10,G,GSE278200,reversal_fraction,animal_label_allocation,61,0.5002881844380404
Figure S10,G,GSE278200,reversal_fraction,animal_label_allocation,62,0.3757575757575757
Figure S10,G,GSE278200,reversal_fraction,animal_label_allocation,63,0.3453640323584319
Figure S10,G,GSE278200,reversal_fraction,animal_label_allocation,64,0.3919688342822894
Figure S10,G,GSE278200,reversal_fraction,animal_label_allocation,65,0.3163403106009453
Figure S10,G,GSE278200,reversal_fraction,animal_label_allocation,66,0.292267850536441
Figure S10,G,GSE278200,reversal_fraction,animal_label_allocation,67,0.2510540436949022
Figure S10,G,GSE278200,reversal_fraction,animal_label_allocation,68,0.2827735644637053
Figure S10,G,GSE278200,reversal_fraction,animal_label_allocation,69,0.3135153819564465
Figure S10,G,GSE278200,reversal_fraction,shared_reference_observed,-1,0.9225950782997764
Figure S10,H,GSE278200,rho,animal_label_allocation,0,-0.826903535959217
Figure S10,H,GSE278200,rho,animal_label_allocation,1,-0.840152982035793
Figure S10,H,GSE278200,rho,animal_label_allocation,2,-0.8683312136103939
Figure S10,H,GSE278200,rho,animal_label_allocation,3,-0.8570058477057844
Figure S10,H,GSE278200,rho,animal_label_allocation,4,-0.8298075866844724
Figure S10,H,GSE278200,rho,animal_label_allocation,5,-0.567583930130076
Figure S10,H,GSE278200,rho,animal_label_allocation,6,-0.6486416771653496
Figure S10,H,GSE278200,rho,animal_label_allocation,7,-0.616974540837734
Figure S10,H,GSE278200,rho,animal_label_allocation,8,-0.4716701615127153
Figure S10,H,GSE278200,rho,animal_label_allocation,9,-0.688459909198366
Figure S10,H,GSE278200,rho,animal_label_allocation,10,-0.6559162435657404
Figure S10,H,GSE278200,rho,animal_label_allocation,11,-0.4808272428966419
Figure S10,H,GSE278200,rho,animal_label_allocation,12,-0.7229086531430723
Figure S10,H,GSE278200,rho,animal_label_allocation,13,-0.6052735904229066
Figure S10,H,GSE278200,rho,animal_label_allocation,14,-0.5376270066497232
Figure S10,H,GSE278200,rho,animal_label_allocation,15,-0.0199461633238875
Figure S10,H,GSE278200,rho,animal_label_allocation,16,-0.1440350766987906
Figure S10,H,GSE278200,rho,animal_label_allocation,17,-0.0711002319581118
Figure S10,H,GSE278200,rho,animal_label_allocation,18,0.1955321443845155
Figure S10,H,GSE278200,rho,animal_label_allocation,19,-0.1146731976399683
Figure S10,H,GSE278200,rho,animal_label_allocation,20,-0.0132714264005776
Figure S10,H,GSE278200,rho,animal_label_allocation,21,0.2312642261654233
Figure S10,H,GSE278200,rho,animal_label_allocation,22,-0.1755996524289084
Figure S10,H,GSE278200,rho,animal_label_allocation,23,0.1195591149616879
Figure S10,H,GSE278200,rho,animal_label_allocation,24,0.1841439526825868
Figure S10,H,GSE278200,rho,animal_label_allocation,25,0.3537768520232191
Figure S10,H,GSE278200,rho,animal_label_allocation,26,0.4086895505200283
Figure S10,H,GSE278200,rho,animal_label_allocation,27,0.4686774272759698
Figure S10,H,GSE278200,rho,animal_label_allocation,28,0.3600478342866723
Figure S10,H,GSE278200,rho,animal_label_allocation,29,0.4361255788120181
Figure S10,H,GSE278200,rho,animal_label_allocation,30,0.4744754978211492
Figure S10,H,GSE278200,rho,animal_label_allocation,31,0.3914387959536624
Figure S10,H,GSE278200,rho,animal_label_allocation,32,0.4333622013441658
Figure S10,H,GSE278200,rho,animal_label_allocation,33,0.5017521811766101
Figure S10,H,GSE278200,rho,animal_label_allocation,34,0.4365796705017012
Figure S10,H,GSE278200,rho,animal_label_allocation,35,-0.8087977060945992
Figure S10,H,GSE278200,rho,animal_label_allocation,36,-0.8402865605600958
Figure S10,H,GSE278200,rho,animal_label_allocation,37,-0.8290415887459734
Figure S10,H,GSE278200,rho,animal_label_allocation,38,-0.7769913187621903
Figure S10,H,GSE278200,rho,animal_label_allocation,39,-0.8422207402852655
Figure S10,H,GSE278200,rho,animal_label_allocation,40,-0.8388218120829972
Figure S10,H,GSE278200,rho,animal_label_allocation,41,-0.7783754779209306
Figure S10,H,GSE278200,rho,animal_label_allocation,42,-0.8560470260824022
Figure S10,H,GSE278200,rho,animal_label_allocation,43,-0.8120552497192768
Figure S10,H,GSE278200,rho,animal_label_allocation,44,-0.7912474083108406
Figure S10,H,GSE278200,rho,animal_label_allocation,45,-0.5252228877482651
Figure S10,H,GSE278200,rho,animal_label_allocation,46,-0.4634138696284909
Figure S10,H,GSE278200,rho,animal_label_allocation,47,-0.1887542434572146
Figure S10,H,GSE278200,rho,animal_label_allocation,48,-0.5756391177620128
Figure S10,H,GSE278200,rho,animal_label_allocation,49,-0.3770473490177911
Figure S10,H,GSE278200,rho,animal_label_allocation,50,-0.2908108862968638
Figure S10,H,GSE278200,rho,animal_label_allocation,51,-0.5699939792308321
Figure S10,H,GSE278200,rho,animal_label_allocation,52,-0.3687882777287113
Figure S10,H,GSE278200,rho,animal_label_allocation,53,-0.2832440420255256
Figure S10,H,GSE278200,rho,animal_label_allocation,54,-0.4332356994865239
Figure S10,H,GSE278200,rho,animal_label_allocation,55,0.1560741829303699
Figure S10,H,GSE278200,rho,animal_label_allocation,56,0.23778203813585
Figure S10,H,GSE278200,rho,animal_label_allocation,57,0.3869380971602453
Figure S10,H,GSE278200,rho,animal_label_allocation,58,0.1231512192818585
Figure S10,H,GSE278200,rho,animal_label_allocation,59,0.3213114140607934
Figure S10,H,GSE278200,rho,animal_label_allocation,60,0.3661402368053938
Figure S10,H,GSE278200,rho,animal_label_allocation,61,0.0394928642180412
Figure S10,H,GSE278200,rho,animal_label_allocation,62,0.1866760195172784
Figure S10,H,GSE278200,rho,animal_label_allocation,63,0.2486392964419484
Figure S10,H,GSE278200,rho,animal_label_allocation,64,0.1617566353844927
Figure S10,H,GSE278200,rho,animal_label_allocation,65,0.3929615906983436
Figure S10,H,GSE278200,rho,animal_label_allocation,66,0.4044556078902582
Figure S10,H,GSE278200,rho,animal_label_allocation,67,0.4507762003765317
Figure S10,H,GSE278200,rho,animal_label_allocation,68,0.4024206208838745
Figure S10,H,GSE278200,rho,animal_label_allocation,69,0.3407328076058327
Figure S10,H,GSE278200,rho,shared_reference_observed,-1,-0.826903535959217
Figure S10,I,GSE278200,median_restoration,animal_label_allocation,0,0.4259841778571627
Figure S10,I,GSE278200,median_restoration,animal_label_allocation,1,0.4109368578329788
Figure S10,I,GSE278200,median_restoration,animal_label_allocation,2,0.4439059780442637
Figure S10,I,GSE278200,median_restoration,animal_label_allocation,3,0.4394700149343792
Figure S10,I,GSE278200,median_restoration,animal_label_allocation,4,0.3723520935027238
Figure S10,I,GSE278200,median_restoration,animal_label_allocation,5,0.1885384180999327
Figure S10,I,GSE278200,median_restoration,animal_label_allocation,6,0.2380397324663051
Figure S10,I,GSE278200,median_restoration,animal_label_allocation,7,0.2156180929688718
Figure S10,I,GSE278200,median_restoration,animal_label_allocation,8,0.1229727827732842
Figure S10,I,GSE278200,median_restoration,animal_label_allocation,9,0.2129697062952189
Figure S10,I,GSE278200,median_restoration,animal_label_allocation,10,0.1945360965476625
Figure S10,I,GSE278200,median_restoration,animal_label_allocation,11,0.1069162749308398
Figure S10,I,GSE278200,median_restoration,animal_label_allocation,12,0.2439648374621899
Figure S10,I,GSE278200,median_restoration,animal_label_allocation,13,0.1698575633606998
Figure S10,I,GSE278200,median_restoration,animal_label_allocation,14,0.1435223503143446
Figure S10,I,GSE278200,median_restoration,animal_label_allocation,15,-0.0120612107199584
Figure S10,I,GSE278200,median_restoration,animal_label_allocation,16,0.0233843703801666
Figure S10,I,GSE278200,median_restoration,animal_label_allocation,17,0.0059927339643612
Figure S10,I,GSE278200,median_restoration,animal_label_allocation,18,-0.0989101334188602
Figure S10,I,GSE278200,median_restoration,animal_label_allocation,19,0.032197061976521
Figure S10,I,GSE278200,median_restoration,animal_label_allocation,20,0.0033607216502149
Figure S10,I,GSE278200,median_restoration,animal_label_allocation,21,-0.095893774129501
Figure S10,I,GSE278200,median_restoration,animal_label_allocation,22,0.0417329863360165
Figure S10,I,GSE278200,median_restoration,animal_label_allocation,23,-0.0542884391773399
Figure S10,I,GSE278200,median_restoration,animal_label_allocation,24,-0.0799282070383499
Figure S10,I,GSE278200,median_restoration,animal_label_allocation,25,-0.2139452902209037
Figure S10,I,GSE278200,median_restoration,animal_label_allocation,26,-0.2429954045146403
Figure S10,I,GSE278200,median_restoration,animal_label_allocation,27,-0.3546237382158781
Figure S10,I,GSE278200,median_restoration,animal_label_allocation,28,-0.2083731521877958
Figure S10,I,GSE278200,median_restoration,animal_label_allocation,29,-0.3057010661767851
Figure S10,I,GSE278200,median_restoration,animal_label_allocation,30,-0.3248127677724388
Figure S10,I,GSE278200,median_restoration,animal_label_allocation,31,-0.1814818333156622
Figure S10,I,GSE278200,median_restoration,animal_label_allocation,32,-0.2879741729264653
Figure S10,I,GSE278200,median_restoration,animal_label_allocation,33,-0.324347284381191
Figure S10,I,GSE278200,median_restoration,animal_label_allocation,34,-0.2671713908818905
Figure S10,I,GSE278200,median_restoration,animal_label_allocation,35,0.3551151608526308
Figure S10,I,GSE278200,median_restoration,animal_label_allocation,36,0.3825160990389158
Figure S10,I,GSE278200,median_restoration,animal_label_allocation,37,0.3768969458346047
Figure S10,I,GSE278200,median_restoration,animal_label_allocation,38,0.3094598810505395
Figure S10,I,GSE278200,median_restoration,animal_label_allocation,39,0.3820870420074902
Figure S10,I,GSE278200,median_restoration,animal_label_allocation,40,0.3819920530717784
Figure S10,I,GSE278200,median_restoration,animal_label_allocation,41,0.3140875356965331
Figure S10,I,GSE278200,median_restoration,animal_label_allocation,42,0.411547965342361
Figure S10,I,GSE278200,median_restoration,animal_label_allocation,43,0.3470177241277972
Figure S10,I,GSE278200,median_restoration,animal_label_allocation,44,0.3424624776894136
Figure S10,I,GSE278200,median_restoration,animal_label_allocation,45,0.1507348164607318
Figure S10,I,GSE278200,median_restoration,animal_label_allocation,46,0.1220923354871144
Figure S10,I,GSE278200,median_restoration,animal_label_allocation,47,0.0382224358251185
Figure S10,I,GSE278200,median_restoration,animal_label_allocation,48,0.1811327203211553
Figure S10,I,GSE278200,median_restoration,animal_label_allocation,49,0.1008611863898214
Figure S10,I,GSE278200,median_restoration,animal_label_allocation,50,0.0700566786564343
Figure S10,I,GSE278200,median_restoration,animal_label_allocation,51,0.1831127028067936
Figure S10,I,GSE278200,median_restoration,animal_label_allocation,52,0.1207842113678547
Figure S10,I,GSE278200,median_restoration,animal_label_allocation,53,0.0828592965449797
Figure S10,I,GSE278200,median_restoration,animal_label_allocation,54,0.146206021144565
Figure S10,I,GSE278200,median_restoration,animal_label_allocation,55,-0.0467467317770342
Figure S10,I,GSE278200,median_restoration,animal_label_allocation,56,-0.0789601815194149
Figure S10,I,GSE278200,median_restoration,animal_label_allocation,57,-0.1801943250173265
Figure S10,I,GSE278200,median_restoration,animal_label_allocation,58,-0.0348229189041964
Figure S10,I,GSE278200,median_restoration,animal_label_allocation,59,-0.1224097145224352
Figure S10,I,GSE278200,median_restoration,animal_label_allocation,60,-0.1572527246632988
Figure S10,I,GSE278200,median_restoration,animal_label_allocation,61,-0.0011186053713969
Figure S10,I,GSE278200,median_restoration,animal_label_allocation,62,-0.0993357630394091
Figure S10,I,GSE278200,median_restoration,animal_label_allocation,63,-0.1279124123409065
Figure S10,I,GSE278200,median_restoration,animal_label_allocation,64,-0.0770341313875069
Figure S10,I,GSE278200,median_restoration,animal_label_allocation,65,-0.2409275429073989
Figure S10,I,GSE278200,median_restoration,animal_label_allocation,66,-0.3301260852915141
Figure S10,I,GSE278200,median_restoration,animal_label_allocation,67,-0.369989921215625
Figure S10,I,GSE278200,median_restoration,animal_label_allocation,68,-0.3056753903599682
Figure S10,I,GSE278200,median_restoration,animal_label_allocation,69,-0.2678226374238379
Figure S10,I,GSE278200,median_restoration,shared_reference_observed,-1,0.4259841778571627
Figure S10,J,GSE308578,reversal_fraction,animal_label_allocation,0,0.3513097072419106
Figure S10,J,GSE308578,reversal_fraction,animal_label_allocation,1,0.3248304811107523
Figure S10,J,GSE308578,reversal_fraction,animal_label_allocation,2,0.3500931098696462
Figure S10,J,GSE308578,reversal_fraction,animal_label_allocation,3,0.325384374019454
Figure S10,J,GSE308578,reversal_fraction,animal_label_allocation,4,0.7000861821315714
Figure S10,J,GSE308578,reversal_fraction,animal_label_allocation,5,0.607785314066647
Figure S10,J,GSE308578,reversal_fraction,animal_label_allocation,6,0.7527096406160867
Figure S10,J,GSE308578,reversal_fraction,animal_label_allocation,7,0.5963572267920094
Figure S10,J,GSE308578,reversal_fraction,animal_label_allocation,8,0.6038632986627043
Figure S10,J,GSE308578,reversal_fraction,animal_label_allocation,9,0.5193868349864743
Figure S10,J,GSE308578,reversal_fraction,animal_label_allocation,10,0.5243275914173466
Figure S10,J,GSE308578,reversal_fraction,animal_label_allocation,11,0.4679064187162567
Figure S10,J,GSE308578,reversal_fraction,animal_label_allocation,12,0.4470046082949309
Figure S10,J,GSE308578,reversal_fraction,animal_label_allocation,13,0.7019009216589862
Figure S10,J,GSE308578,reversal_fraction,animal_label_allocation,14,0.4571875
Figure S10,J,GSE308578,reversal_fraction,animal_label_allocation,15,0.3264925373134328
Figure S10,J,GSE308578,reversal_fraction,animal_label_allocation,16,0.3668695930791413
Figure S10,J,GSE308578,reversal_fraction,animal_label_allocation,17,0.2772119669000636
Figure S10,J,GSE308578,reversal_fraction,animal_label_allocation,18,0.323238566131026
Figure S10,J,GSE308578,reversal_fraction,animal_label_allocation,19,0.3336445689386866
Figure S10,J,GSE308578,reversal_fraction,animal_label_allocation,20,0.210353866317169
Figure S10,J,GSE308578,reversal_fraction,animal_label_allocation,21,0.4551166965888689
Figure S10,J,GSE308578,reversal_fraction,animal_label_allocation,22,0.4395099540581929
Figure S10,J,GSE308578,reversal_fraction,animal_label_allocation,23,0.5746991488112709
Figure S10,J,GSE308578,reversal_fraction,animal_label_allocation,24,0.7428734321550741
Figure S10,J,GSE308578,reversal_fraction,animal_label_allocation,25,0.1576086956521739
Figure S10,J,GSE308578,reversal_fraction,animal_label_allocation,26,0.2996231155778894
Figure S10,J,GSE308578,reversal_fraction,animal_label_allocation,27,0.7485730593607306
Figure S10,J,GSE308578,reversal_fraction,animal_label_allocation,28,0.4006172839506173
Figure S10,J,GSE308578,reversal_fraction,animal_label_allocation,29,0.3566131025957972
Figure S10,J,GSE308578,reversal_fraction,animal_label_allocation,30,0.2436918990703851
Figure S10,J,GSE308578,reversal_fraction,animal_label_allocation,31,0.2024619371558147
Figure S10,J,GSE308578,reversal_fraction,animal_label_allocation,32,0.8688346883468835
Figure S10,J,GSE308578,reversal_fraction,animal_label_allocation,33,0.7229018492176387
Figure S10,J,GSE308578,reversal_fraction,animal_label_allocation,34,0.7525743707093822
Figure S10,J,GSE308578,reversal_fraction,animal_label_allocation,35,0.7565900168255749
Figure S10,J,GSE308578,reversal_fraction,animal_label_allocation,36,0.4549343110296364
Figure S10,J,GSE308578,reversal_fraction,animal_label_allocation,37,0.7946554149085795
Figure S10,J,GSE308578,reversal_fraction,animal_label_allocation,38,0.4338544798556825
Figure S10,J,GSE308578,reversal_fraction,animal_label_allocation,39,0.8463029631680975
Figure S10,J,GSE308578,reversal_fraction,animal_label_allocation,40,0.3417243549402139
Figure S10,J,GSE308578,reversal_fraction,animal_label_allocation,41,0.3344584228290886
Figure S10,J,GSE308578,reversal_fraction,animal_label_allocation,42,0.6053386911595867
Figure S10,J,GSE308578,reversal_fraction,animal_label_allocation,43,0.2573385518590998
Figure S10,J,GSE308578,reversal_fraction,animal_label_allocation,44,0.2144936913620187
Figure S10,J,GSE308578,reversal_fraction,animal_label_allocation,45,0.1750853242320819
Figure S10,J,GSE308578,reversal_fraction,animal_label_allocation,46,0.161594963273872
Figure S10,J,GSE308578,reversal_fraction,animal_label_allocation,47,0.3113753213367609
Figure S10,J,GSE308578,reversal_fraction,animal_label_allocation,48,0.3658536585365853
Figure S10,J,GSE308578,reversal_fraction,animal_label_allocation,49,0.2552447552447552
Figure S10,J,GSE308578,reversal_fraction,animal_label_allocation,50,0.6531609195402299
Figure S10,J,GSE308578,reversal_fraction,animal_label_allocation,51,0.4589720468890892
Figure S10,J,GSE308578,reversal_fraction,animal_label_allocation,52,0.7156494070002892
Figure S10,J,GSE308578,reversal_fraction,animal_label_allocation,53,0.3947119924457035
Figure S10,J,GSE308578,reversal_fraction,animal_label_allocation,54,0.3295638126009693
Figure S10,J,GSE308578,reversal_fraction,animal_label_allocation,55,0.1273237460540161
Figure S10,J,GSE308578,reversal_fraction,animal_label_allocation,56,0.4823954258200421
Figure S10,J,GSE308578,reversal_fraction,animal_label_allocation,57,0.2837335136963138
Figure S10,J,GSE308578,reversal_fraction,animal_label_allocation,58,0.6419825072886297
Figure S10,J,GSE308578,reversal_fraction,animal_label_allocation,59,0.7976588628762542
Figure S10,J,GSE308578,reversal_fraction,animal_label_allocation,60,0.5886418269230769
Figure S10,J,GSE308578,reversal_fraction,animal_label_allocation,61,0.2384665367121507
Figure S10,J,GSE308578,reversal_fraction,animal_label_allocation,62,0.4802311435523114
Figure S10,J,GSE308578,reversal_fraction,animal_label_allocation,63,0.6495726495726496
Figure S10,J,GSE308578,reversal_fraction,animal_label_allocation,64,0.7088972070256263
Figure S10,J,GSE308578,reversal_fraction,animal_label_allocation,65,0.2195629552549427
Figure S10,J,GSE308578,reversal_fraction,animal_label_allocation,66,0.1767881241565452
Figure S10,J,GSE308578,reversal_fraction,animal_label_allocation,67,0.4190997566909976
Figure S10,J,GSE308578,reversal_fraction,animal_label_allocation,68,0.2359131025118805
Figure S10,J,GSE308578,reversal_fraction,animal_label_allocation,69,0.5142424242424243
Figure S10,J,GSE308578,reversal_fraction,animal_label_allocation,70,0.1821903787103377
Figure S10,J,GSE308578,reversal_fraction,animal_label_allocation,71,0.5403634197199881
Figure S10,J,GSE308578,reversal_fraction,animal_label_allocation,72,0.4380090497737556
Figure S10,J,GSE308578,reversal_fraction,animal_label_allocation,73,0.4359441408621736
Figure S10,J,GSE308578,reversal_fraction,animal_label_allocation,74,0.4027777777777778
Figure S10,J,GSE308578,reversal_fraction,animal_label_allocation,75,0.543235294117647
Figure S10,J,GSE308578,reversal_fraction,animal_label_allocation,76,0.1598474341192788
Figure S10,J,GSE308578,reversal_fraction,animal_label_allocation,77,0.122191011235955
Figure S10,J,GSE308578,reversal_fraction,animal_label_allocation,78,0.3024374599101988
Figure S10,J,GSE308578,reversal_fraction,animal_label_allocation,79,0.1243376898622394
Figure S10,J,GSE308578,reversal_fraction,animal_label_allocation,80,0.2071840923669018
Figure S10,J,GSE308578,reversal_fraction,animal_label_allocation,81,0.2484451718494271
Figure S10,J,GSE308578,reversal_fraction,animal_label_allocation,82,0.4544058949953945
Figure S10,J,GSE308578,reversal_fraction,animal_label_allocation,83,0.4904805077062557
Figure S10,J,GSE308578,reversal_fraction,animal_label_allocation,84,0.8154681139755766
Figure S10,J,GSE308578,reversal_fraction,animal_label_allocation,85,0.3568015291494106
Figure S10,J,GSE308578,reversal_fraction,animal_label_allocation,86,0.2516622340425531
Figure S10,J,GSE308578,reversal_fraction,animal_label_allocation,87,0.715601611974669
Figure S10,J,GSE308578,reversal_fraction,animal_label_allocation,88,0.1922165820642978
Figure S10,J,GSE308578,reversal_fraction,animal_label_allocation,89,0.2089895013123359
Figure S10,J,GSE308578,reversal_fraction,animal_label_allocation,90,0.5326648435126101
Figure S10,J,GSE308578,reversal_fraction,animal_label_allocation,91,0.6755891766075065
Figure S10,J,GSE308578,reversal_fraction,animal_label_allocation,92,0.2732441471571906
Figure S10,J,GSE308578,reversal_fraction,animal_label_allocation,93,0.2187704381948986
Figure S10,J,GSE308578,reversal_fraction,animal_label_allocation,94,0.2072856221792392
Figure S10,J,GSE308578,reversal_fraction,animal_label_allocation,95,0.6985272884781981
Figure S10,J,GSE308578,reversal_fraction,animal_label_allocation,96,0.1163575042158516
Figure S10,J,GSE308578,reversal_fraction,animal_label_allocation,97,0.1471461563840316
Figure S10,J,GSE308578,reversal_fraction,animal_label_allocation,98,0.6931124673060157
Figure S10,J,GSE308578,reversal_fraction,animal_label_allocation,99,0.5614910478426769
Figure S10,J,GSE308578,reversal_fraction,animal_label_allocation,100,0.752
Figure S10,J,GSE308578,reversal_fraction,animal_label_allocation,101,0.3043344604980018
Figure S10,J,GSE308578,reversal_fraction,animal_label_allocation,102,0.3829452485840151
Figure S10,J,GSE308578,reversal_fraction,animal_label_allocation,103,0.5387115839243499
Figure S10,J,GSE308578,reversal_fraction,animal_label_allocation,104,0.3091861898890259
Figure S10,J,GSE308578,reversal_fraction,animal_label_allocation,105,0.3568322981366459
Figure S10,J,GSE308578,reversal_fraction,animal_label_allocation,106,0.8088029156153631
Figure S10,J,GSE308578,reversal_fraction,animal_label_allocation,107,0.4769836462749848
Figure S10,J,GSE308578,reversal_fraction,animal_label_allocation,108,0.5434977578475336
Figure S10,J,GSE308578,reversal_fraction,animal_label_allocation,109,0.5051266586248492
Figure S10,J,GSE308578,reversal_fraction,animal_label_allocation,110,0.5807214665878179
Figure S10,J,GSE308578,reversal_fraction,animal_label_allocation,111,0.2402038865880854
Figure S10,J,GSE308578,reversal_fraction,animal_label_allocation,112,0.6487424111014745
Figure S10,J,GSE308578,reversal_fraction,animal_label_allocation,113,0.5681551116333725
Figure S10,J,GSE308578,reversal_fraction,animal_label_allocation,114,0.7110011641443539
Figure S10,J,GSE308578,reversal_fraction,animal_label_allocation,115,0.5134099616858238
Figure S10,J,GSE308578,reversal_fraction,animal_label_allocation,116,0.2305236270753512
Figure S10,J,GSE308578,reversal_fraction,animal_label_allocation,117,0.6968426934898017
Figure S10,J,GSE308578,reversal_fraction,animal_label_allocation,118,0.6573269823479967
Figure S10,J,GSE308578,reversal_fraction,animal_label_allocation,119,0.8210496929089894
Figure S10,J,GSE308578,reversal_fraction,animal_label_allocation,120,0.4802009456264775
Figure S10,J,GSE308578,reversal_fraction,animal_label_allocation,121,0.6313232352100601
Figure S10,J,GSE308578,reversal_fraction,animal_label_allocation,122,0.612400906002265
Figure S10,J,GSE308578,reversal_fraction,animal_label_allocation,123,0.462227530606151
Figure S10,J,GSE308578,reversal_fraction,animal_label_allocation,124,0.2873303167420814
Figure S10,J,GSE308578,reversal_fraction,animal_label_allocation,125,0.8156579677956691
Figure S10,J,GSE308578,reversal_fraction,animal_label_allocation,126,0.6022400919012062
Figure S10,J,GSE308578,reversal_fraction,animal_label_allocation,127,0.4001809408926417
Figure S10,J,GSE308578,reversal_fraction,animal_label_allocation,128,0.6480561239403683
Figure S10,J,GSE308578,reversal_fraction,animal_label_allocation,129,0.3647388059701492
Figure S10,J,GSE308578,reversal_fraction,animal_label_allocation,130,0.2813388064414272
Figure S10,J,GSE308578,reversal_fraction,animal_label_allocation,131,0.4305597579425113
Figure S10,J,GSE308578,reversal_fraction,animal_label_allocation,132,0.5874855156431055
Figure S10,J,GSE308578,reversal_fraction,animal_label_allocation,133,0.3776435045317221
Figure S10,J,GSE308578,reversal_fraction,animal_label_allocation,134,0.1862437185929648
Figure S10,J,GSE308578,reversal_fraction,animal_label_allocation,135,0.7524640946212334
Figure S10,J,GSE308578,reversal_fraction,animal_label_allocation,136,0.8203342618384402
Figure S10,J,GSE308578,reversal_fraction,animal_label_allocation,137,0.8500411974732216
Figure S10,J,GSE308578,reversal_fraction,animal_label_allocation,138,0.3711750305997552
Figure S10,J,GSE308578,reversal_fraction,animal_label_allocation,139,0.8418851087562744
Figure S10,J,GSE308578,reversal_fraction,animal_label_allocation,140,0.5727272727272728
Figure S10,J,GSE308578,reversal_fraction,animal_label_allocation,141,0.3515673017824216
Figure S10,J,GSE308578,reversal_fraction,animal_label_allocation,142,0.255092447508618
Figure S10,J,GSE308578,reversal_fraction,animal_label_allocation,143,0.5195035460992907
Figure S10,J,GSE308578,reversal_fraction,animal_label_allocation,144,0.6383647798742138
Figure S10,J,GSE308578,reversal_fraction,animal_label_allocation,145,0.3751895662723688
Figure S10,J,GSE308578,reversal_fraction,animal_label_allocation,146,0.4437443744374437
Figure S10,J,GSE308578,reversal_fraction,animal_label_allocation,147,0.2832244008714596
Figure S10,J,GSE308578,reversal_fraction,animal_label_allocation,148,0.1542390194075587
Figure S10,J,GSE308578,reversal_fraction,animal_label_allocation,149,0.5556861592712312
Figure S10,J,GSE308578,reversal_fraction,animal_label_allocation,150,0.1875
Figure S10,J,GSE308578,reversal_fraction,animal_label_allocation,151,0.0910087719298245
Figure S10,J,GSE308578,reversal_fraction,animal_label_allocation,152,0.2632563942607611
Figure S10,J,GSE308578,reversal_fraction,animal_label_allocation,153,0.3534297139341741
Figure S10,J,GSE308578,reversal_fraction,animal_label_allocation,154,0.7046632124352331
Figure S10,J,GSE308578,reversal_fraction,animal_label_allocation,155,0.3287715868361029
Figure S10,J,GSE308578,reversal_fraction,animal_label_allocation,156,0.3888383378829239
Figure S10,J,GSE308578,reversal_fraction,animal_label_allocation,157,0.3025447690857681
Figure S10,J,GSE308578,reversal_fraction,animal_label_allocation,158,0.2788371366051891
Figure S10,J,GSE308578,reversal_fraction,animal_label_allocation,159,0.4744958481613286
Figure S10,J,GSE308578,reversal_fraction,animal_label_allocation,160,0.282147315855181
Figure S10,J,GSE308578,reversal_fraction,animal_label_allocation,161,0.6950517836593786
Figure S10,J,GSE308578,reversal_fraction,animal_label_allocation,162,0.1910785619174434
Figure S10,J,GSE308578,reversal_fraction,animal_label_allocation,163,0.6075095335875623
Figure S10,J,GSE308578,reversal_fraction,animal_label_allocation,164,0.1384720327421555
Figure S10,J,GSE308578,reversal_fraction,animal_label_allocation,165,0.2809762202753442
Figure S10,J,GSE308578,reversal_fraction,animal_label_allocation,166,0.2065772669220945
Figure S10,J,GSE308578,reversal_fraction,animal_label_allocation,167,0.2814039408866995
Figure S10,J,GSE308578,reversal_fraction,animal_label_allocation,168,0.3896024464831804
Figure S10,J,GSE308578,reversal_fraction,animal_label_allocation,169,0.4214177978883861
Figure S10,J,GSE308578,reversal_fraction,animal_label_allocation,170,0.5492874109263658
Figure S10,J,GSE308578,reversal_fraction,animal_label_allocation,171,0.4129051802484095
Figure S10,J,GSE308578,reversal_fraction,animal_label_allocation,172,0.5469908093685146
Figure S10,J,GSE308578,reversal_fraction,animal_label_allocation,173,0.7934047350620068
Figure S10,J,GSE308578,reversal_fraction,animal_label_allocation,174,0.3743034055727554
Figure S10,J,GSE308578,reversal_fraction,animal_label_allocation,175,0.3991228070175439
Figure S10,J,GSE308578,reversal_fraction,animal_label_allocation,176,0.6411901983663943
Figure S10,J,GSE308578,reversal_fraction,animal_label_allocation,177,0.8269068392907403
Figure S10,J,GSE308578,reversal_fraction,animal_label_allocation,178,0.7673169352558665
Figure S10,J,GSE308578,reversal_fraction,animal_label_allocation,179,0.2383952254641909
Figure S10,J,GSE308578,reversal_fraction,animal_label_allocation,180,0.4621823617339312
Figure S10,J,GSE308578,reversal_fraction,animal_label_allocation,181,0.2077922077922078
Figure S10,J,GSE308578,reversal_fraction,animal_label_allocation,182,0.2516005121638924
Figure S10,J,GSE308578,reversal_fraction,animal_label_allocation,183,0.2108552631578947
Figure S10,J,GSE308578,reversal_fraction,animal_label_allocation,184,0.3971737823211064
Figure S10,J,GSE308578,reversal_fraction,animal_label_allocation,185,0.5600706713780919
Figure S10,J,GSE308578,reversal_fraction,animal_label_allocation,186,0.2512610340479193
Figure S10,J,GSE308578,reversal_fraction,animal_label_allocation,187,0.7174978379936581
Figure S10,J,GSE308578,reversal_fraction,animal_label_allocation,188,0.4697149643705463
Figure S10,J,GSE308578,reversal_fraction,animal_label_allocation,189,0.3791425965339008
Figure S10,J,GSE308578,reversal_fraction,animal_label_allocation,190,0.4378048780487805
Figure S10,J,GSE308578,reversal_fraction,animal_label_allocation,191,0.7803814713896458
Figure S10,J,GSE308578,reversal_fraction,animal_label_allocation,192,0.3687768899815611
Figure S10,J,GSE308578,reversal_fraction,animal_label_allocation,193,0.5487696412689
Figure S10,J,GSE308578,reversal_fraction,animal_label_allocation,194,0.4111721611721611
Figure S10,J,GSE308578,reversal_fraction,animal_label_allocation,195,0.7122857142857143
Figure S10,J,GSE308578,reversal_fraction,animal_label_allocation,196,0.3896341463414634
Figure S10,J,GSE308578,reversal_fraction,animal_label_allocation,197,0.2606755895474825
Figure S10,J,GSE308578,reversal_fraction,animal_label_allocation,198,0.2887480190174326
Figure S10,J,GSE308578,reversal_fraction,animal_label_allocation,199,0.6663815226689478
Figure S10,J,GSE308578,reversal_fraction,animal_label_allocation,200,0.3609593199757134
Figure S10,J,GSE308578,reversal_fraction,animal_label_allocation,201,0.3968253968253968
Figure S10,J,GSE308578,reversal_fraction,animal_label_allocation,202,0.3518123667377398
Figure S10,J,GSE308578,reversal_fraction,animal_label_allocation,203,0.2171008684034736
Figure S10,J,GSE308578,reversal_fraction,animal_label_allocation,204,0.4011592434411226
Figure S10,J,GSE308578,reversal_fraction,animal_label_allocation,205,0.4512635379061371
Figure S10,J,GSE308578,reversal_fraction,animal_label_allocation,206,0.2663168251885864
Figure S10,J,GSE308578,reversal_fraction,animal_label_allocation,207,0.7390216787103947
Figure S10,J,GSE308578,reversal_fraction,animal_label_allocation,208,0.5928634103539047
Figure S10,J,GSE308578,reversal_fraction,animal_label_allocation,209,0.3442724458204334
Figure S10,J,GSE308578,reversal_fraction,animal_label_allocation,210,0.5512555391432792
Figure S10,J,GSE308578,reversal_fraction,animal_label_allocation,211,0.3946723821187997
Figure S10,J,GSE308578,reversal_fraction,animal_label_allocation,212,0.4860451306413301
Figure S10,J,GSE308578,reversal_fraction,animal_label_allocation,213,0.203788144510698
Figure S10,J,GSE308578,reversal_fraction,animal_label_allocation,214,0.4709928229665072
Figure S10,J,GSE308578,reversal_fraction,animal_label_allocation,215,0.5276785714285714
Figure S10,J,GSE308578,reversal_fraction,animal_label_allocation,216,0.1566305818673883
Figure S10,J,GSE308578,reversal_fraction,animal_label_allocation,217,0.250080051232789
Figure S10,J,GSE308578,reversal_fraction,animal_label_allocation,218,0.4832680132649985
Figure S10,J,GSE308578,reversal_fraction,animal_label_allocation,219,0.3180952380952381
Figure S10,J,GSE308578,reversal_fraction,animal_label_allocation,220,0.535318155283129
Figure S10,J,GSE308578,reversal_fraction,animal_label_allocation,221,0.3611793611793611
Figure S10,J,GSE308578,reversal_fraction,animal_label_allocation,222,0.3283628456042249
Figure S10,J,GSE308578,reversal_fraction,animal_label_allocation,223,0.5976744186046512
Figure S10,J,GSE308578,reversal_fraction,animal_label_allocation,224,0.5702775290957923
Figure S10,J,GSE308578,reversal_fraction,animal_label_allocation,225,0.673671920607122
Figure S10,J,GSE308578,reversal_fraction,animal_label_allocation,226,0.3317261330761813
Figure S10,J,GSE308578,reversal_fraction,animal_label_allocation,227,0.5010494752623689
Figure S10,J,GSE308578,reversal_fraction,animal_label_allocation,228,0.6914302427610413
Figure S10,J,GSE308578,reversal_fraction,animal_label_allocation,229,0.6672499270924468
Figure S10,J,GSE308578,reversal_fraction,animal_label_allocation,230,0.5069301091123563
Figure S10,J,GSE308578,reversal_fraction,animal_label_allocation,231,0.440251572327044
Figure S10,J,GSE308578,reversal_fraction,animal_label_allocation,232,0.8434712084347121
Figure S10,J,GSE308578,reversal_fraction,animal_label_allocation,233,0.7819527469399373
Figure S10,J,GSE308578,reversal_fraction,animal_label_allocation,234,0.7215482380127094
Figure S10,J,GSE308578,reversal_fraction,animal_label_allocation,235,0.4362165525824518
Figure S10,J,GSE308578,reversal_fraction,animal_label_allocation,236,0.9030572249804024
Figure S10,J,GSE308578,reversal_fraction,animal_label_allocation,237,0.6031323877068558
Figure S10,J,GSE308578,reversal_fraction,animal_label_allocation,238,0.6163337250293772
Figure S10,J,GSE308578,reversal_fraction,animal_label_allocation,239,0.4597346497994446
Figure S10,J,GSE308578,reversal_fraction,animal_label_allocation,240,0.807628979143798
Figure S10,J,GSE308578,reversal_fraction,animal_label_allocation,241,0.4996969696969697
Figure S10,J,GSE308578,reversal_fraction,animal_label_allocation,242,0.707366007451992
Figure S10,J,GSE308578,reversal_fraction,animal_label_allocation,243,0.8778770647170322
Figure S10,J,GSE308578,reversal_fraction,animal_label_allocation,244,0.64063417498532
Figure S10,J,GSE308578,reversal_fraction,animal_label_allocation,245,0.3182393920202659
Figure S10,J,GSE308578,reversal_fraction,animal_label_allocation,246,0.3233082706766917
Figure S10,J,GSE308578,reversal_fraction,animal_label_allocation,247,0.8872895165670831
Figure S10,J,GSE308578,reversal_fraction,animal_label_allocation,248,0.7272466264714327
Figure S10,J,GSE308578,reversal_fraction,animal_label_allocation,249,0.8059284116331096
Figure S10,J,GSE308578,reversal_fraction,animal_label_allocation,250,0.59357334126748
Figure S10,J,GSE308578,reversal_fraction,animal_label_allocation,251,0.785234899328859
Figure S10,J,GSE308578,reversal_fraction,animal_label_allocation,252,0.296044499381953
Figure S10,J,GSE308578,reversal_fraction,animal_label_allocation,253,0.2737593253324684
Figure S10,J,GSE308578,reversal_fraction,animal_label_allocation,254,0.5837010885554574
Figure S10,J,GSE308578,reversal_fraction,animal_label_allocation,255,0.3238065326633166
Figure S10,J,GSE308578,reversal_fraction,animal_label_allocation,256,0.5508982035928144
Figure S10,J,GSE308578,reversal_fraction,animal_label_allocation,257,0.7629101283880171
Figure S10,J,GSE308578,reversal_fraction,animal_label_allocation,258,0.7662300683371298
Figure S10,J,GSE308578,reversal_fraction,animal_label_allocation,259,0.3146551724137931
Figure S10,J,GSE308578,reversal_fraction,animal_label_allocation,260,0.2626865671641791
Figure S10,J,GSE308578,reversal_fraction,animal_label_allocation,261,0.3106301718650541
Figure S10,J,GSE308578,reversal_fraction,animal_label_allocation,262,0.3999385182908085
Figure S10,J,GSE308578,reversal_fraction,animal_label_allocation,263,0.4535570052811432
Figure S10,J,GSE308578,reversal_fraction,animal_label_allocation,264,0.6794202898550724
Figure S10,J,GSE308578,reversal_fraction,animal_label_allocation,265,0.7110667427267542
Figure S10,J,GSE308578,reversal_fraction,animal_label_allocation,266,0.3183369531492398
Figure S10,J,GSE308578,reversal_fraction,animal_label_allocation,267,0.2455033133480593
Figure S10,J,GSE308578,reversal_fraction,animal_label_allocation,268,0.2269938650306748
Figure S10,J,GSE308578,reversal_fraction,animal_label_allocation,269,0.4127833753148615
Figure S10,J,GSE308578,reversal_fraction,animal_label_allocation,270,0.3930741190765492
Figure S10,J,GSE308578,reversal_fraction,animal_label_allocation,271,0.2318137730358875
Figure S10,J,GSE308578,reversal_fraction,animal_label_allocation,272,0.2878741129281086
Figure S10,J,GSE308578,reversal_fraction,animal_label_allocation,273,0.3216318785578748
Figure S10,J,GSE308578,reversal_fraction,animal_label_allocation,274,0.8394546466332777
Figure S10,J,GSE308578,reversal_fraction,animal_label_allocation,275,0.5833579226910593
Figure S10,J,GSE308578,reversal_fraction,animal_label_allocation,276,0.1726570372858582
Figure S10,J,GSE308578,reversal_fraction,animal_label_allocation,277,0.1281867145421903
Figure S10,J,GSE308578,reversal_fraction,animal_label_allocation,278,0.5943952802359882
Figure S10,J,GSE308578,reversal_fraction,animal_label_allocation,279,0.3219496021220159
Figure S10,J,GSE308578,reversal_fraction,animal_label_allocation,280,0.5677361853832442
Figure S10,J,GSE308578,reversal_fraction,animal_label_allocation,281,0.4549632352941176
Figure S10,J,GSE308578,reversal_fraction,animal_label_allocation,282,0.6284631087780694
Figure S10,J,GSE308578,reversal_fraction,animal_label_allocation,283,0.1405919661733615
Figure S10,J,GSE308578,reversal_fraction,animal_label_allocation,284,0.131411456383377
Figure S10,J,GSE308578,reversal_fraction,animal_label_allocation,285,0.2672212978369384
Figure S10,J,GSE308578,reversal_fraction,animal_label_allocation,286,0.7103606182026331
Figure S10,J,GSE308578,reversal_fraction,animal_label_allocation,287,0.7279517380063201
Figure S10,J,GSE308578,reversal_fraction,animal_label_allocation,288,0.3862219451371571
Figure S10,J,GSE308578,reversal_fraction,animal_label_allocation,289,0.3409232688708671
Figure S10,J,GSE308578,reversal_fraction,animal_label_allocation,290,0.7578500707213579
Figure S10,J,GSE308578,reversal_fraction,animal_label_allocation,291,0.4662389245340666
Figure S10,J,GSE308578,reversal_fraction,animal_label_allocation,292,0.8133673180402152
Figure S10,J,GSE308578,reversal_fraction,animal_label_allocation,293,0.4938195302843016
Figure S10,J,GSE308578,reversal_fraction,animal_label_allocation,294,0.2621457489878542
Figure S10,J,GSE308578,reversal_fraction,animal_label_allocation,295,0.6205673758865248
Figure S10,J,GSE308578,reversal_fraction,animal_label_allocation,296,0.5516819571865443
Figure S10,J,GSE308578,reversal_fraction,animal_label_allocation,297,0.3998015873015873
Figure S10,J,GSE308578,reversal_fraction,animal_label_allocation,298,0.2489354733049459
Figure S10,J,GSE308578,reversal_fraction,animal_label_allocation,299,0.5308827960228985
Figure S10,J,GSE308578,reversal_fraction,animal_label_allocation,300,0.6645255474452555
Figure S10,J,GSE308578,reversal_fraction,animal_label_allocation,301,0.5533115533115534
Figure S10,J,GSE308578,reversal_fraction,animal_label_allocation,302,0.3690773067331671
Figure S10,J,GSE308578,reversal_fraction,animal_label_allocation,303,0.5060382916053019
Figure S10,J,GSE308578,reversal_fraction,animal_label_allocation,304,0.332289383025368
Figure S10,J,GSE308578,reversal_fraction,animal_label_allocation,305,0.3512332188573213
Figure S10,J,GSE308578,reversal_fraction,animal_label_allocation,306,0.6673335238639612
Figure S10,J,GSE308578,reversal_fraction,animal_label_allocation,307,0.3415857098088373
Figure S10,J,GSE308578,reversal_fraction,animal_label_allocation,308,0.1727028839704896
Figure S10,J,GSE308578,reversal_fraction,animal_label_allocation,309,0.2274183215887252
Figure S10,J,GSE308578,reversal_fraction,animal_label_allocation,310,0.6086181277860326
Figure S10,J,GSE308578,reversal_fraction,animal_label_allocation,311,0.2049418604651162
Figure S10,J,GSE308578,reversal_fraction,animal_label_allocation,312,0.2854442344045368
Figure S10,J,GSE308578,reversal_fraction,animal_label_allocation,313,0.1346651868294487
Figure S10,J,GSE308578,reversal_fraction,animal_label_allocation,314,0.6499416569428238
Figure S10,J,GSE308578,reversal_fraction,animal_label_allocation,315,0.5771394729049453
Figure S10,J,GSE308578,reversal_fraction,animal_label_allocation,316,0.7391802808827744
Figure S10,J,GSE308578,reversal_fraction,animal_label_allocation,317,0.3833080424886191
Figure S10,J,GSE308578,reversal_fraction,animal_label_allocation,318,0.357716049382716
Figure S10,J,GSE308578,reversal_fraction,animal_label_allocation,319,0.4346070208139174
Figure S10,J,GSE308578,reversal_fraction,animal_label_allocation,320,0.3835830212234706
Figure S10,J,GSE308578,reversal_fraction,animal_label_allocation,321,0.2738976504666881
Figure S10,J,GSE308578,reversal_fraction,animal_label_allocation,322,0.8909287257019438
Figure S10,J,GSE308578,reversal_fraction,animal_label_allocation,323,0.3798691181053287
Figure S10,J,GSE308578,reversal_fraction,animal_label_allocation,324,0.229815638906548
Figure S10,J,GSE308578,reversal_fraction,animal_label_allocation,325,0.2332247557003257
Figure S10,J,GSE308578,reversal_fraction,animal_label_allocation,326,0.3596273291925466
Figure S10,J,GSE308578,reversal_fraction,animal_label_allocation,327,0.4556303549571603
Figure S10,J,GSE308578,reversal_fraction,animal_label_allocation,328,0.3379968203497615
Figure S10,J,GSE308578,reversal_fraction,animal_label_allocation,329,0.3954248366013072
Figure S10,J,GSE308578,reversal_fraction,animal_label_allocation,330,0.7907831495617755
Figure S10,J,GSE308578,reversal_fraction,animal_label_allocation,331,0.6894990093405038
Figure S10,J,GSE308578,reversal_fraction,animal_label_allocation,332,0.3996366939146231
Figure S10,J,GSE308578,reversal_fraction,animal_label_allocation,333,0.4394213381555154
Figure S10,J,GSE308578,reversal_fraction,animal_label_allocation,334,0.7475233512595528
Figure S10,J,GSE308578,reversal_fraction,animal_label_allocation,335,0.6990595611285266
Figure S10,J,GSE308578,reversal_fraction,animal_label_allocation,336,0.7778085991678225
Figure S10,J,GSE308578,reversal_fraction,animal_label_allocation,337,0.5831616131881071
Figure S10,J,GSE308578,reversal_fraction,animal_label_allocation,338,0.6804063860667634
Figure S10,J,GSE308578,reversal_fraction,animal_label_allocation,339,0.5727407407407408
Figure S10,J,GSE308578,reversal_fraction,animal_label_allocation,340,0.5932153392330384
Figure S10,J,GSE308578,reversal_fraction,animal_label_allocation,341,0.7824657534246575
Figure S10,J,GSE308578,reversal_fraction,animal_label_allocation,342,0.6853325753268903
Figure S10,J,GSE308578,reversal_fraction,animal_label_allocation,343,0.6859931113662457
Figure S10,J,GSE308578,reversal_fraction,animal_label_allocation,344,0.242761692650334
Figure S10,J,GSE308578,reversal_fraction,animal_label_allocation,345,0.154353562005277
Figure S10,J,GSE308578,reversal_fraction,animal_label_allocation,346,0.2927955665024631
Figure S10,J,GSE308578,reversal_fraction,animal_label_allocation,347,0.740403753198749
Figure S10,J,GSE308578,reversal_fraction,animal_label_allocation,348,0.4470169189670525
Figure S10,J,GSE308578,reversal_fraction,animal_label_allocation,349,0.7633501967397415
Figure S10,J,GSE308578,reversal_fraction,animal_label_allocation,350,0.7164739884393063
Figure S10,J,GSE308578,reversal_fraction,animal_label_allocation,351,0.3563681437867989
Figure S10,J,GSE308578,reversal_fraction,animal_label_allocation,352,0.8161683277962348
Figure S10,J,GSE308578,reversal_fraction,animal_label_allocation,353,0.6580551523947751
Figure S10,J,GSE308578,reversal_fraction,animal_label_allocation,354,0.6611208406304728
Figure S10,J,GSE308578,reversal_fraction,animal_label_allocation,355,0.429260935143288
Figure S10,J,GSE308578,reversal_fraction,animal_label_allocation,356,0.7273494653911086
Figure S10,J,GSE308578,reversal_fraction,animal_label_allocation,357,0.2670632435817157
Figure S10,J,GSE308578,reversal_fraction,animal_label_allocation,358,0.5379654060392847
Figure S10,J,GSE308578,reversal_fraction,animal_label_allocation,359,0.2312903225806451
Figure S10,J,GSE308578,reversal_fraction,animal_label_allocation,360,0.5775684427435973
Figure S10,J,GSE308578,reversal_fraction,animal_label_allocation,361,0.4052504526252263
Figure S10,J,GSE308578,reversal_fraction,animal_label_allocation,362,0.764066852367688
Figure S10,J,GSE308578,reversal_fraction,animal_label_allocation,363,0.8718017057569296
Figure S10,J,GSE308578,reversal_fraction,animal_label_allocation,364,0.6258156028368794
Figure S10,J,GSE308578,reversal_fraction,animal_label_allocation,365,0.8404139433551199
Figure S10,J,GSE308578,reversal_fraction,animal_label_allocation,366,0.2691588785046729
Figure S10,J,GSE308578,reversal_fraction,animal_label_allocation,367,0.5786052009456265
Figure S10,J,GSE308578,reversal_fraction,animal_label_allocation,368,0.837431693989071
Figure S10,J,GSE308578,reversal_fraction,animal_label_allocation,369,0.6410770552850186
Figure S10,J,GSE308578,reversal_fraction,animal_label_allocation,370,0.304590570719603
Figure S10,J,GSE308578,reversal_fraction,animal_label_allocation,371,0.3110357583230579
Figure S10,J,GSE308578,reversal_fraction,animal_label_allocation,372,0.5606902603100322
Figure S10,J,GSE308578,reversal_fraction,animal_label_allocation,373,0.723458904109589
Figure S10,J,GSE308578,reversal_fraction,animal_label_allocation,374,0.255859375
Figure S10,J,GSE308578,reversal_fraction,animal_label_allocation,375,0.4006775485063135
Figure S10,J,GSE308578,reversal_fraction,animal_label_allocation,376,0.2341711740375437
Figure S10,J,GSE308578,reversal_fraction,animal_label_allocation,377,0.3698714023270055
Figure S10,J,GSE308578,reversal_fraction,animal_label_allocation,378,0.3365384615384615
Figure S10,J,GSE308578,reversal_fraction,animal_label_allocation,379,0.6786427145708582
Figure S10,J,GSE308578,reversal_fraction,animal_label_allocation,380,0.7405592389737676
Figure S10,J,GSE308578,reversal_fraction,animal_label_allocation,381,0.4168433807936988
Figure S10,J,GSE308578,reversal_fraction,animal_label_allocation,382,0.6013533392174168
Figure S10,J,GSE308578,reversal_fraction,animal_label_allocation,383,0.5396541443053071
Figure S10,J,GSE308578,reversal_fraction,animal_label_allocation,384,0.6025301559282141
Figure S10,J,GSE308578,reversal_fraction,animal_label_allocation,385,0.4877828054298642
Figure S10,J,GSE308578,reversal_fraction,animal_label_allocation,386,0.5475419487783338
Figure S10,J,GSE308578,reversal_fraction,animal_label_allocation,387,0.5913884007029877
Figure S10,J,GSE308578,reversal_fraction,animal_label_allocation,388,0.6267914594910793
Figure S10,J,GSE308578,reversal_fraction,animal_label_allocation,389,0.6273094688221709
Figure S10,J,GSE308578,reversal_fraction,animal_label_allocation,390,0.4528133373027687
Figure S10,J,GSE308578,reversal_fraction,animal_label_allocation,391,0.8019283746556474
Figure S10,J,GSE308578,reversal_fraction,animal_label_allocation,392,0.7993962678375411
Figure S10,J,GSE308578,reversal_fraction,animal_label_allocation,393,0.3962725328444851
Figure S10,J,GSE308578,reversal_fraction,animal_label_allocation,394,0.536283185840708
Figure S10,J,GSE308578,reversal_fraction,animal_label_allocation,395,0.3382398037411837
Figure S10,J,GSE308578,reversal_fraction,animal_label_allocation,396,0.7569562748438388
Figure S10,J,GSE308578,reversal_fraction,animal_label_allocation,397,0.6102534226623945
Figure S10,J,GSE308578,reversal_fraction,animal_label_allocation,398,0.2289909403311465
Figure S10,J,GSE308578,reversal_fraction,animal_label_allocation,399,0.7450255827174531
Figure S10,J,GSE308578,reversal_fraction,animal_label_allocation,400,0.4247069431920649
Figure S10,J,GSE308578,reversal_fraction,animal_label_allocation,401,0.2199074074074074
Figure S10,J,GSE308578,reversal_fraction,animal_label_allocation,402,0.4902597402597403
Figure S10,J,GSE308578,reversal_fraction,animal_label_allocation,403,0.264771638454168
Figure S10,J,GSE308578,reversal_fraction,animal_label_allocation,404,0.218316672041277
Figure S10,J,GSE308578,reversal_fraction,animal_label_allocation,405,0.2355720553493081
Figure S10,J,GSE308578,reversal_fraction,animal_label_allocation,406,0.3893751886507697
Figure S10,J,GSE308578,reversal_fraction,animal_label_allocation,407,0.8460508701472557
Figure S10,J,GSE308578,reversal_fraction,animal_label_allocation,408,0.3058823529411765
Figure S10,J,GSE308578,reversal_fraction,animal_label_allocation,409,0.7481375358166189
Figure S10,J,GSE308578,reversal_fraction,animal_label_allocation,410,0.4925599757060431
Figure S10,J,GSE308578,reversal_fraction,animal_label_allocation,411,0.5816508313539193
Figure S10,J,GSE308578,reversal_fraction,animal_label_allocation,412,0.6176811594202899
Figure S10,J,GSE308578,reversal_fraction,animal_label_allocation,413,0.6730048977239989
Figure S10,J,GSE308578,reversal_fraction,animal_label_allocation,414,0.2847415660786134
Figure S10,J,GSE308578,reversal_fraction,animal_label_allocation,415,0.5618510827647583
Figure S10,J,GSE308578,reversal_fraction,animal_label_allocation,416,0.2699644358228257
Figure S10,J,GSE308578,reversal_fraction,animal_label_allocation,417,0.3825792551554324
Figure S10,J,GSE308578,reversal_fraction,animal_label_allocation,418,0.2385003150598613
Figure S10,J,GSE308578,reversal_fraction,animal_label_allocation,419,0.21875
Figure S10,J,GSE308578,reversal_fraction,animal_label_allocation,420,0.345346286430586
Figure S10,J,GSE308578,reversal_fraction,animal_label_allocation,421,0.3388198757763975
Figure S10,J,GSE308578,reversal_fraction,animal_label_allocation,422,0.7258388299397763
Figure S10,J,GSE308578,reversal_fraction,animal_label_allocation,423,0.5182675309369476
Figure S10,J,GSE308578,reversal_fraction,animal_label_allocation,424,0.3964318113093438
Figure S10,J,GSE308578,reversal_fraction,animal_label_allocation,425,0.8792629262926293
Figure S10,J,GSE308578,reversal_fraction,animal_label_allocation,426,0.5419778906483418
Figure S10,J,GSE308578,reversal_fraction,animal_label_allocation,427,0.7250215951626836
Figure S10,J,GSE308578,reversal_fraction,animal_label_allocation,428,0.5841381328650863
Figure S10,J,GSE308578,reversal_fraction,animal_label_allocation,429,0.2864663982657169
Figure S10,J,GSE308578,reversal_fraction,animal_label_allocation,430,0.7954105612385955
Figure S10,J,GSE308578,reversal_fraction,animal_label_allocation,431,0.1983974358974359
Figure S10,J,GSE308578,reversal_fraction,animal_label_allocation,432,0.3260273972602739
Figure S10,J,GSE308578,reversal_fraction,animal_label_allocation,433,0.3252442483454144
Figure S10,J,GSE308578,reversal_fraction,animal_label_allocation,434,0.2700167504187604
Figure S10,J,GSE308578,reversal_fraction,animal_label_allocation,435,0.4954046842573377
Figure S10,J,GSE308578,reversal_fraction,animal_label_allocation,436,0.5705899618432638
Figure S10,J,GSE308578,reversal_fraction,animal_label_allocation,437,0.7619182746878547
Figure S10,J,GSE308578,reversal_fraction,animal_label_allocation,438,0.6905034324942791
Figure S10,J,GSE308578,reversal_fraction,animal_label_allocation,439,0.4906738868832732
Figure S10,J,GSE308578,reversal_fraction,animal_label_allocation,440,0.679136690647482
Figure S10,J,GSE308578,reversal_fraction,animal_label_allocation,441,0.3549571603427172
Figure S10,J,GSE308578,reversal_fraction,animal_label_allocation,442,0.3400673400673401
Figure S10,J,GSE308578,reversal_fraction,animal_label_allocation,443,0.6490258796161675
Figure S10,J,GSE308578,reversal_fraction,animal_label_allocation,444,0.7434525485778654
Figure S10,J,GSE308578,reversal_fraction,animal_label_allocation,445,0.3614823815309842
Figure S10,J,GSE308578,reversal_fraction,animal_label_allocation,446,0.1400137268359643
Figure S10,J,GSE308578,reversal_fraction,animal_label_allocation,447,0.7876693392314073
Figure S10,J,GSE308578,reversal_fraction,animal_label_allocation,448,0.4881726788882318
Figure S10,J,GSE308578,reversal_fraction,animal_label_allocation,449,0.4444777911164466
Figure S10,J,GSE308578,reversal_fraction,animal_label_allocation,450,0.5301485581124381
Figure S10,J,GSE308578,reversal_fraction,animal_label_allocation,451,0.5587808417997098
Figure S10,J,GSE308578,reversal_fraction,animal_label_allocation,452,0.4730700179533214
Figure S10,J,GSE308578,reversal_fraction,animal_label_allocation,453,0.365113427345187
Figure S10,J,GSE308578,reversal_fraction,animal_label_allocation,454,0.2217613273771538
Figure S10,J,GSE308578,reversal_fraction,animal_label_allocation,455,0.3414785029384473
Figure S10,J,GSE308578,reversal_fraction,animal_label_allocation,456,0.3733786287831995
Figure S10,J,GSE308578,reversal_fraction,animal_label_allocation,457,0.1662739818243016
Figure S10,J,GSE308578,reversal_fraction,animal_label_allocation,458,0.1497568881685575
Figure S10,J,GSE308578,reversal_fraction,animal_label_allocation,459,0.1578772802653399
Figure S10,J,GSE308578,reversal_fraction,animal_label_allocation,460,0.6266006984866124
Figure S10,J,GSE308578,reversal_fraction,animal_label_allocation,461,0.3000612369871402
Figure S10,J,GSE308578,reversal_fraction,animal_label_allocation,462,0.2404701397712833
Figure S10,J,GSE308578,reversal_fraction,animal_label_allocation,463,0.5138316656856975
Figure S10,J,GSE308578,reversal_fraction,animal_label_allocation,464,0.6667629223216864
Figure S10,J,GSE308578,reversal_fraction,animal_label_allocation,465,0.2218252679441377
Figure S10,J,GSE308578,reversal_fraction,animal_label_allocation,466,0.7246579167830215
Figure S10,J,GSE308578,reversal_fraction,animal_label_allocation,467,0.8055478502080444
Figure S10,J,GSE308578,reversal_fraction,animal_label_allocation,468,0.8260626398210291
Figure S10,J,GSE308578,reversal_fraction,animal_label_allocation,469,0.2246638242046572
Figure S10,J,GSE308578,reversal_fraction,animal_label_allocation,470,0.5693084001187296
Figure S10,J,GSE308578,reversal_fraction,animal_label_allocation,471,0.6828066106117715
Figure S10,J,GSE308578,reversal_fraction,animal_label_allocation,472,0.4921020656136087
Figure S10,J,GSE308578,reversal_fraction,animal_label_allocation,473,0.2906208718626156
Figure S10,J,GSE308578,reversal_fraction,animal_label_allocation,474,0.8645313730637962
Figure S10,J,GSE308578,reversal_fraction,animal_label_allocation,475,0.7784970447509147
Figure S10,J,GSE308578,reversal_fraction,animal_label_allocation,476,0.6251817388775807
Figure S10,J,GSE308578,reversal_fraction,animal_label_allocation,477,0.6852748504699516
Figure S10,J,GSE308578,reversal_fraction,animal_label_allocation,478,0.5968356284793437
Figure S10,J,GSE308578,reversal_fraction,animal_label_allocation,479,0.8308884583448658
Figure S10,J,GSE308578,reversal_fraction,animal_label_allocation,480,0.4480174836091165
Figure S10,J,GSE308578,reversal_fraction,animal_label_allocation,481,0.5499555292024904
Figure S10,J,GSE308578,reversal_fraction,animal_label_allocation,482,0.4344040828580006
Figure S10,J,GSE308578,reversal_fraction,animal_label_allocation,483,0.3390212491951062
Figure S10,J,GSE308578,reversal_fraction,animal_label_allocation,484,0.8542673107890499
Figure S10,J,GSE308578,reversal_fraction,animal_label_allocation,485,0.5422749391727494
Figure S10,J,GSE308578,reversal_fraction,animal_label_allocation,486,0.5876106194690266
Figure S10,J,GSE308578,reversal_fraction,animal_label_allocation,487,0.8590163934426229
Figure S10,J,GSE308578,reversal_fraction,animal_label_allocation,488,0.8269230769230769
Figure S10,J,GSE308578,reversal_fraction,animal_label_allocation,489,0.8591510474090408
Figure S10,J,GSE308578,reversal_fraction,animal_label_allocation,490,0.6256229844620346
Figure S10,J,GSE308578,reversal_fraction,animal_label_allocation,491,0.5258805513016845
Figure S10,J,GSE308578,reversal_fraction,animal_label_allocation,492,0.8542897327707454
Figure S10,J,GSE308578,reversal_fraction,animal_label_allocation,493,0.55188246097337
Figure S10,J,GSE308578,reversal_fraction,animal_label_allocation,494,0.3493827160493827
Figure S10,J,GSE308578,reversal_fraction,animal_label_allocation,495,0.4590555887627017
Figure S10,J,GSE308578,reversal_fraction,animal_label_allocation,496,0.7268306636155606
Figure S10,J,GSE308578,reversal_fraction,animal_label_allocation,497,0.630333138515488
Figure S10,J,GSE308578,reversal_fraction,animal_label_allocation,498,0.7755044843049327
Figure S10,J,GSE308578,reversal_fraction,animal_label_allocation,499,0.376570351758794
Figure S10,J,GSE308578,reversal_fraction,animal_label_allocation,500,0.7812587412587413
Figure S10,J,GSE308578,reversal_fraction,animal_label_allocation,501,0.4456098291878933
Figure S10,J,GSE308578,reversal_fraction,animal_label_allocation,502,0.2773487773487773
Figure S10,J,GSE308578,reversal_fraction,animal_label_allocation,503,0.8931440814140332
Figure S10,J,GSE308578,reversal_fraction,animal_label_allocation,504,0.6663729809104258
Figure S10,J,GSE308578,reversal_fraction,animal_label_allocation,505,0.895619253650622
Figure S10,J,GSE308578,reversal_fraction,animal_label_allocation,506,0.5168374816983895
Figure S10,J,GSE308578,reversal_fraction,animal_label_allocation,507,0.6325942988770515
Figure S10,J,GSE308578,reversal_fraction,animal_label_allocation,508,0.2263972213451215
Figure S10,J,GSE308578,reversal_fraction,animal_label_allocation,509,0.7101857062464828
Figure S10,J,GSE308578,reversal_fraction,animal_label_allocation,510,0.7730337078651686
Figure S10,J,GSE308578,reversal_fraction,animal_label_allocation,511,0.4287435974691172
Figure S10,J,GSE308578,reversal_fraction,animal_label_allocation,512,0.7606548123059554
Figure S10,J,GSE308578,reversal_fraction,animal_label_allocation,513,0.6923959827833572
Figure S10,J,GSE308578,reversal_fraction,animal_label_allocation,514,0.7954929577464789
Figure S10,J,GSE308578,reversal_fraction,animal_label_allocation,515,0.7040845472722079
Figure S10,J,GSE308578,reversal_fraction,animal_label_allocation,516,0.6181551976573938
Figure S10,J,GSE308578,reversal_fraction,animal_label_allocation,517,0.9326331967213116
Figure S10,J,GSE308578,reversal_fraction,animal_label_allocation,518,0.8874528809908454
Figure S10,J,GSE308578,reversal_fraction,animal_label_allocation,519,0.7658157602663707
Figure S10,J,GSE308578,reversal_fraction,animal_label_allocation,520,0.756649688737974
Figure S10,J,GSE308578,reversal_fraction,animal_label_allocation,521,0.819939243302955
Figure S10,J,GSE308578,reversal_fraction,animal_label_allocation,522,0.8395604395604396
Figure S10,J,GSE308578,reversal_fraction,animal_label_allocation,523,0.603934233705226
Figure S10,J,GSE308578,reversal_fraction,animal_label_allocation,524,0.7640034119988627
Figure S10,J,GSE308578,reversal_fraction,animal_label_allocation,525,0.926880589163598
Figure S10,J,GSE308578,reversal_fraction,animal_label_allocation,526,0.5444776119402985
Figure S10,J,GSE308578,reversal_fraction,animal_label_allocation,527,0.6710069444444444
Figure S10,J,GSE308578,reversal_fraction,animal_label_allocation,528,0.9145594889539528
Figure S10,J,GSE308578,reversal_fraction,animal_label_allocation,529,0.683401044689495
Figure S10,J,GSE308578,reversal_fraction,animal_label_allocation,530,0.8429003021148036
Figure S10,J,GSE308578,reversal_fraction,animal_label_allocation,531,0.3885644020903781
Figure S10,J,GSE308578,reversal_fraction,animal_label_allocation,532,0.5759225650332729
Figure S10,J,GSE308578,reversal_fraction,animal_label_allocation,533,0.8766567487151745
Figure S10,J,GSE308578,reversal_fraction,animal_label_allocation,534,0.6887417218543046
Figure S10,J,GSE308578,reversal_fraction,animal_label_allocation,535,0.7950169875424689
Figure S10,J,GSE308578,reversal_fraction,animal_label_allocation,536,0.8457548457548457
Figure S10,J,GSE308578,reversal_fraction,animal_label_allocation,537,0.731665228645384
Figure S10,J,GSE308578,reversal_fraction,animal_label_allocation,538,0.615629522431259
Figure S10,J,GSE308578,reversal_fraction,animal_label_allocation,539,0.771880293619424
Figure S10,J,GSE308578,reversal_fraction,animal_label_allocation,540,0.6271735926908341
Figure S10,J,GSE308578,reversal_fraction,animal_label_allocation,541,0.5091017606684571
Figure S10,J,GSE308578,reversal_fraction,animal_label_allocation,542,0.3010954616588419
Figure S10,J,GSE308578,reversal_fraction,animal_label_allocation,543,0.3229870928088506
Figure S10,J,GSE308578,reversal_fraction,animal_label_allocation,544,0.8525179856115108
Figure S10,J,GSE308578,reversal_fraction,animal_label_allocation,545,0.2758182395932634
Figure S10,J,GSE308578,reversal_fraction,animal_label_allocation,546,0.6125146886016452
Figure S10,J,GSE308578,reversal_fraction,animal_label_allocation,547,0.4460843373493975
Figure S10,J,GSE308578,reversal_fraction,animal_label_allocation,548,0.3624055415617128
Figure S10,J,GSE308578,reversal_fraction,animal_label_allocation,549,0.5881284070260449
Figure S10,J,GSE308578,reversal_fraction,animal_label_allocation,550,0.3507326007326007
Figure S10,J,GSE308578,reversal_fraction,animal_label_allocation,551,0.1690094802222948
Figure S10,J,GSE308578,reversal_fraction,animal_label_allocation,552,0.525748502994012
Figure S10,J,GSE308578,reversal_fraction,animal_label_allocation,553,0.9051114736269712
Figure S10,J,GSE308578,reversal_fraction,animal_label_allocation,554,0.864397622906537
Figure S10,J,GSE308578,reversal_fraction,animal_label_allocation,555,0.3282937365010799
Figure S10,J,GSE308578,reversal_fraction,animal_label_allocation,556,0.6829337899543378
Figure S10,J,GSE308578,reversal_fraction,animal_label_allocation,557,0.7210587550901687
Figure S10,J,GSE308578,reversal_fraction,animal_label_allocation,558,0.5646678424456202
Figure S10,J,GSE308578,reversal_fraction,animal_label_allocation,559,0.2132030986864264
Figure S10,J,GSE308578,reversal_fraction,animal_label_allocation,560,0.2629901179470832
Figure S10,J,GSE308578,reversal_fraction,animal_label_allocation,561,0.8767633750332712
Figure S10,J,GSE308578,reversal_fraction,animal_label_allocation,562,0.6030674846625766
Figure S10,J,GSE308578,reversal_fraction,animal_label_allocation,563,0.6825072886297376
Figure S10,J,GSE308578,reversal_fraction,animal_label_allocation,564,0.4931207004377736
Figure S10,J,GSE308578,reversal_fraction,animal_label_allocation,565,0.4100966033032097
Figure S10,J,GSE308578,reversal_fraction,animal_label_allocation,566,0.5298461538461539
Figure S10,J,GSE308578,reversal_fraction,animal_label_allocation,567,0.4628964691801316
Figure S10,J,GSE308578,reversal_fraction,animal_label_allocation,568,0.7068571428571429
Figure S10,J,GSE308578,reversal_fraction,animal_label_allocation,569,0.5447716346153846
Figure S10,J,GSE308578,reversal_fraction,animal_label_allocation,570,0.7089002267573696
Figure S10,J,GSE308578,reversal_fraction,animal_label_allocation,571,0.4665064583959147
Figure S10,J,GSE308578,reversal_fraction,animal_label_allocation,572,0.4623720650210716
Figure S10,J,GSE308578,reversal_fraction,animal_label_allocation,573,0.8353624792473713
Figure S10,J,GSE308578,reversal_fraction,animal_label_allocation,574,0.5817238397232631
Figure S10,J,GSE308578,reversal_fraction,animal_label_allocation,575,0.6559293044469784
Figure S10,J,GSE308578,reversal_fraction,animal_label_allocation,576,0.4223564954682779
Figure S10,J,GSE308578,reversal_fraction,animal_label_allocation,577,0.3846623892453407
Figure S10,J,GSE308578,reversal_fraction,animal_label_allocation,578,0.6718346253229974
Figure S10,J,GSE308578,reversal_fraction,animal_label_allocation,579,0.5361726954492415
Figure S10,J,GSE308578,reversal_fraction,animal_label_allocation,580,0.2916798481493198
Figure S10,J,GSE308578,reversal_fraction,animal_label_allocation,581,0.3385705483672211
Figure S10,J,GSE308578,reversal_fraction,animal_label_allocation,582,0.4542168674698795
Figure S10,J,GSE308578,reversal_fraction,animal_label_allocation,583,0.6069045546852335
Figure S10,J,GSE308578,reversal_fraction,animal_label_allocation,584,0.5072981829014
Figure S10,J,GSE308578,reversal_fraction,animal_label_allocation,585,0.5175595238095239
Figure S10,J,GSE308578,reversal_fraction,animal_label_allocation,586,0.2211136144190537
Figure S10,J,GSE308578,reversal_fraction,animal_label_allocation,587,0.6314285714285715
Figure S10,J,GSE308578,reversal_fraction,animal_label_allocation,588,0.9177865612648222
Figure S10,J,GSE308578,reversal_fraction,animal_label_allocation,589,0.6733333333333333
Figure S10,J,GSE308578,reversal_fraction,animal_label_allocation,590,0.3280669144981412
Figure S10,J,GSE308578,reversal_fraction,animal_label_allocation,591,0.8577644819146043
Figure S10,J,GSE308578,reversal_fraction,animal_label_allocation,592,0.4819711538461538
Figure S10,J,GSE308578,reversal_fraction,animal_label_allocation,593,0.8225
Figure S10,J,GSE308578,reversal_fraction,animal_label_allocation,594,0.8182326621923938
Figure S10,J,GSE308578,reversal_fraction,animal_label_allocation,595,0.4375746714456391
Figure S10,J,GSE308578,reversal_fraction,animal_label_allocation,596,0.543465577596266
Figure S10,J,GSE308578,reversal_fraction,animal_label_allocation,597,0.1972027972027972
Figure S10,J,GSE308578,reversal_fraction,animal_label_allocation,598,0.6789336424224862
Figure S10,J,GSE308578,reversal_fraction,animal_label_allocation,599,0.4620522161505768
Figure S10,J,GSE308578,reversal_fraction,animal_label_allocation,600,0.7319440479588923
Figure S10,J,GSE308578,reversal_fraction,animal_label_allocation,601,0.6005797101449275
Figure S10,J,GSE308578,reversal_fraction,animal_label_allocation,602,0.6628721541155866
Figure S10,J,GSE308578,reversal_fraction,animal_label_allocation,603,0.4864306784660767
Figure S10,J,GSE308578,reversal_fraction,animal_label_allocation,604,0.806549257017061
Figure S10,J,GSE308578,reversal_fraction,animal_label_allocation,605,0.9090202177293936
Figure S10,J,GSE308578,reversal_fraction,animal_label_allocation,606,0.7978665207877462
Figure S10,J,GSE308578,reversal_fraction,animal_label_allocation,607,0.8098901098901099
Figure S10,J,GSE308578,reversal_fraction,animal_label_allocation,608,0.5243227497815321
Figure S10,J,GSE308578,reversal_fraction,animal_label_allocation,609,0.9195022854240732
Figure S10,J,GSE308578,reversal_fraction,animal_label_allocation,610,0.307644499689248
Figure S10,J,GSE308578,reversal_fraction,animal_label_allocation,611,0.6405397645707723
Figure S10,J,GSE308578,reversal_fraction,animal_label_allocation,612,0.4130762277794516
Figure S10,J,GSE308578,reversal_fraction,animal_label_allocation,613,0.9125295508274232
Figure S10,J,GSE308578,reversal_fraction,animal_label_allocation,614,0.3910906298003072
Figure S10,J,GSE308578,reversal_fraction,animal_label_allocation,615,0.34644943129419
Figure S10,J,GSE308578,reversal_fraction,animal_label_allocation,616,0.4113149847094801
Figure S10,J,GSE308578,reversal_fraction,animal_label_allocation,617,0.270278935556268
Figure S10,J,GSE308578,reversal_fraction,animal_label_allocation,618,0.8081734778982486
Figure S10,J,GSE308578,reversal_fraction,animal_label_allocation,619,0.6091015169194866
Figure S10,J,GSE308578,reversal_fraction,animal_label_allocation,620,0.8953427524856097
Figure S10,J,GSE308578,reversal_fraction,animal_label_allocation,621,0.92024216899184
Figure S10,J,GSE308578,reversal_fraction,animal_label_allocation,622,0.8974358974358975
Figure S10,J,GSE308578,reversal_fraction,animal_label_allocation,623,0.8069735006973501
Figure S10,J,GSE308578,reversal_fraction,animal_label_allocation,624,0.6778350515463918
Figure S10,J,GSE308578,reversal_fraction,animal_label_allocation,625,0.8355155482815058
Figure S10,J,GSE308578,reversal_fraction,animal_label_allocation,626,0.6947869955156951
Figure S10,J,GSE308578,reversal_fraction,animal_label_allocation,627,0.4586690540137272
Figure S10,J,GSE308578,reversal_fraction,animal_label_allocation,628,0.6475218658892128
Figure S10,J,GSE308578,reversal_fraction,animal_label_allocation,629,0.7393162393162394
Figure S10,J,GSE308578,reversal_fraction,animal_label_allocation,630,0.5380306603773585
Figure S10,J,GSE308578,reversal_fraction,animal_label_allocation,631,0.8249657064471879
Figure S10,J,GSE308578,reversal_fraction,animal_label_allocation,632,0.9061082955454788
Figure S10,J,GSE308578,reversal_fraction,animal_label_allocation,633,0.5985207100591716
Figure S10,J,GSE308578,reversal_fraction,animal_label_allocation,634,0.6682067571469824
Figure S10,J,GSE308578,reversal_fraction,animal_label_allocation,635,0.4789567279193835
Figure S10,J,GSE308578,reversal_fraction,animal_label_allocation,636,0.6386506575185821
Figure S10,J,GSE308578,reversal_fraction,animal_label_allocation,637,0.6697169002001716
Figure S10,J,GSE308578,reversal_fraction,animal_label_allocation,638,0.8319282023388632
Figure S10,J,GSE308578,reversal_fraction,animal_label_allocation,639,0.7824993010902991
Figure S10,J,GSE308578,reversal_fraction,animal_label_allocation,640,0.674732695554305
Figure S10,J,GSE308578,reversal_fraction,animal_label_allocation,641,0.9028023226457964
Figure S10,J,GSE308578,reversal_fraction,animal_label_allocation,642,0.8546778107306552
Figure S10,J,GSE308578,reversal_fraction,animal_label_allocation,643,0.7857335855174277
Figure S10,J,GSE308578,reversal_fraction,animal_label_allocation,644,0.7216178521617852
Figure S10,J,GSE308578,reversal_fraction,animal_label_allocation,645,0.7415393013100436
Figure S10,J,GSE308578,reversal_fraction,animal_label_allocation,646,0.679885877318117
Figure S10,J,GSE308578,reversal_fraction,animal_label_allocation,647,0.79149056072133
Figure S10,J,GSE308578,reversal_fraction,animal_label_allocation,648,0.8963041744216964
Figure S10,J,GSE308578,reversal_fraction,animal_label_allocation,649,0.8014725216934
Figure S10,J,GSE308578,reversal_fraction,animal_label_allocation,650,0.86119362678909
Figure S10,J,GSE308578,reversal_fraction,animal_label_allocation,651,0.5316529894490035
Figure S10,J,GSE308578,reversal_fraction,animal_label_allocation,652,0.7361690297470114
Figure S10,J,GSE308578,reversal_fraction,animal_label_allocation,653,0.5806636155606407
Figure S10,J,GSE308578,reversal_fraction,animal_label_allocation,654,0.7619313424504605
Figure S10,J,GSE308578,reversal_fraction,animal_label_allocation,655,0.8456756756756757
Figure S10,J,GSE308578,reversal_fraction,animal_label_allocation,656,0.7110473457675753
Figure S10,J,GSE308578,reversal_fraction,animal_label_allocation,657,0.39
Figure S10,J,GSE308578,reversal_fraction,animal_label_allocation,658,0.6966230936819172
Figure S10,J,GSE308578,reversal_fraction,animal_label_allocation,659,0.9152054436011516
Figure S10,J,GSE308578,reversal_fraction,animal_label_allocation,660,0.8415094339622642
Figure S10,J,GSE308578,reversal_fraction,animal_label_allocation,661,0.8679042238364272
Figure S10,J,GSE308578,reversal_fraction,animal_label_allocation,662,0.9364633835162032
Figure S10,J,GSE308578,reversal_fraction,animal_label_allocation,663,0.7807300053676866
Figure S10,J,GSE308578,reversal_fraction,animal_label_allocation,664,0.8955147808358818
Figure S10,J,GSE308578,reversal_fraction,animal_label_allocation,665,0.8366403914107094
Figure S10,J,GSE308578,reversal_fraction,animal_label_allocation,666,0.8768154922001076
Figure S10,J,GSE308578,reversal_fraction,animal_label_allocation,667,0.5338257016248154
Figure S10,J,GSE308578,reversal_fraction,animal_label_allocation,668,0.8116936590721933
Figure S10,J,GSE308578,reversal_fraction,animal_label_allocation,669,0.6568457538994801
Figure S10,J,GSE308578,reversal_fraction,animal_label_allocation,670,0.8809912854030502
Figure S10,J,GSE308578,reversal_fraction,animal_label_allocation,671,0.7847776510832383
Figure S10,J,GSE308578,reversal_fraction,animal_label_allocation,672,0.4381412190706095
Figure S10,J,GSE308578,reversal_fraction,animal_label_allocation,673,0.8743909041689226
Figure S10,J,GSE308578,reversal_fraction,animal_label_allocation,674,0.8814638027048528
Figure S10,J,GSE308578,reversal_fraction,animal_label_allocation,675,0.5057505160719552
Figure S10,J,GSE308578,reversal_fraction,animal_label_allocation,676,0.3113994439295644
Figure S10,J,GSE308578,reversal_fraction,animal_label_allocation,677,0.5835004296763106
Figure S10,J,GSE308578,reversal_fraction,animal_label_allocation,678,0.5629909805062554
Figure S10,J,GSE308578,reversal_fraction,animal_label_allocation,679,0.7065436725281061
Figure S10,J,GSE308578,reversal_fraction,animal_label_allocation,680,0.2846394984326019
Figure S10,J,GSE308578,reversal_fraction,animal_label_allocation,681,0.6686012768427162
Figure S10,J,GSE308578,reversal_fraction,animal_label_allocation,682,0.7454545454545455
Figure S10,J,GSE308578,reversal_fraction,animal_label_allocation,683,0.8512374218112592
Figure S10,J,GSE308578,reversal_fraction,animal_label_allocation,684,0.3804936785069235
Figure S10,J,GSE308578,reversal_fraction,animal_label_allocation,685,0.8734660485410417
Figure S10,J,GSE308578,reversal_fraction,animal_label_allocation,686,0.7267882187938289
Figure S10,J,GSE308578,reversal_fraction,animal_label_allocation,687,0.706051046745053
Figure S10,J,GSE308578,reversal_fraction,animal_label_allocation,688,0.4636688505062537
Figure S10,J,GSE308578,reversal_fraction,animal_label_allocation,689,0.6065385718382564
Figure S10,J,GSE308578,reversal_fraction,animal_label_allocation,690,0.2377179080824088
Figure S10,J,GSE308578,reversal_fraction,animal_label_allocation,691,0.2431462140992167
Figure S10,J,GSE308578,reversal_fraction,animal_label_allocation,692,0.5326855123674912
Figure S10,J,GSE308578,reversal_fraction,animal_label_allocation,693,0.551270815074496
Figure S10,J,GSE308578,reversal_fraction,animal_label_allocation,694,0.4330732292917167
Figure S10,J,GSE308578,reversal_fraction,animal_label_allocation,695,0.7896205357142857
Figure S10,J,GSE308578,reversal_fraction,animal_label_allocation,696,0.4170807453416149
Figure S10,J,GSE308578,reversal_fraction,animal_label_allocation,697,0.635966190614981
Figure S10,J,GSE308578,reversal_fraction,animal_label_allocation,698,0.6124890574846805
Figure S10,J,GSE308578,reversal_fraction,animal_label_allocation,699,0.315287603814211
Figure S10,J,GSE308578,reversal_fraction,animal_label_allocation,700,0.2794591113972955
Figure S10,J,GSE308578,reversal_fraction,animal_label_allocation,701,0.6329985652797705
Figure S10,J,GSE308578,reversal_fraction,animal_label_allocation,702,0.8517711171662126
Figure S10,J,GSE308578,reversal_fraction,animal_label_allocation,703,0.4192756292203806
Figure S10,J,GSE308578,reversal_fraction,animal_label_allocation,704,0.2476468679000324
Figure S10,J,GSE308578,reversal_fraction,animal_label_allocation,705,0.731052036199095
Figure S10,J,GSE308578,reversal_fraction,animal_label_allocation,706,0.5849654377880185
Figure S10,J,GSE308578,reversal_fraction,animal_label_allocation,707,0.878345498783455
Figure S10,J,GSE308578,reversal_fraction,animal_label_allocation,708,0.4502853709822769
Figure S10,J,GSE308578,reversal_fraction,animal_label_allocation,709,0.5571677307022634
Figure S10,J,GSE308578,reversal_fraction,animal_label_allocation,710,0.3045369794903667
Figure S10,J,GSE308578,reversal_fraction,animal_label_allocation,711,0.5625363583478766
Figure S10,J,GSE308578,reversal_fraction,animal_label_allocation,712,0.2845837290281734
Figure S10,J,GSE308578,reversal_fraction,animal_label_allocation,713,0.8226573426573427
Figure S10,J,GSE308578,reversal_fraction,animal_label_allocation,714,0.2972888750389529
Figure S10,J,GSE308578,reversal_fraction,animal_label_allocation,715,0.5950146627565982
Figure S10,J,GSE308578,reversal_fraction,animal_label_allocation,716,0.8247532675380101
Figure S10,J,GSE308578,reversal_fraction,animal_label_allocation,717,0.7485588800439198
Figure S10,J,GSE308578,reversal_fraction,animal_label_allocation,718,0.3000306466441924
Figure S10,J,GSE308578,reversal_fraction,animal_label_allocation,719,0.9239781306951316
Figure S10,J,GSE308578,reversal_fraction,animal_label_allocation,720,0.5360188179947074
Figure S10,J,GSE308578,reversal_fraction,animal_label_allocation,721,0.8043234138124649
Figure S10,J,GSE308578,reversal_fraction,animal_label_allocation,722,0.6237850200114351
Figure S10,J,GSE308578,reversal_fraction,animal_label_allocation,723,0.8182317408017573
Figure S10,J,GSE308578,reversal_fraction,animal_label_allocation,724,0.7041303737004777
Figure S10,J,GSE308578,reversal_fraction,animal_label_allocation,725,0.3064066852367688
Figure S10,J,GSE308578,reversal_fraction,animal_label_allocation,726,0.8192225772097976
Figure S10,J,GSE308578,reversal_fraction,animal_label_allocation,727,0.5967788323267185
Figure S10,J,GSE308578,reversal_fraction,animal_label_allocation,728,0.3305961070559611
Figure S10,J,GSE308578,reversal_fraction,animal_label_allocation,729,0.673398730525101
Figure S10,J,GSE308578,reversal_fraction,animal_label_allocation,730,0.8340237503452085
Figure S10,J,GSE308578,reversal_fraction,animal_label_allocation,731,0.7101947308132875
Figure S10,J,GSE308578,reversal_fraction,animal_label_allocation,732,0.6978639685216413
Figure S10,J,GSE308578,reversal_fraction,animal_label_allocation,733,0.42116434202547
Figure S10,J,GSE308578,reversal_fraction,animal_label_allocation,734,0.4849371161158233
Figure S10,J,GSE308578,reversal_fraction,animal_label_allocation,735,0.6611880046136102
Figure S10,J,GSE308578,reversal_fraction,animal_label_allocation,736,0.8243835616438356
Figure S10,J,GSE308578,reversal_fraction,animal_label_allocation,737,0.4807861542974479
Figure S10,J,GSE308578,reversal_fraction,animal_label_allocation,738,0.8207138994050839
Figure S10,J,GSE308578,reversal_fraction,animal_label_allocation,739,0.6349384098544233
Figure S10,J,GSE308578,reversal_fraction,animal_label_allocation,740,0.4009063444108761
Figure S10,J,GSE308578,reversal_fraction,animal_label_allocation,741,0.3968158606188045
Figure S10,J,GSE308578,reversal_fraction,animal_label_allocation,742,0.5093278057447439
Figure S10,J,GSE308578,reversal_fraction,animal_label_allocation,743,0.7633802816901408
Figure S10,J,GSE308578,reversal_fraction,animal_label_allocation,744,0.6787896421297643
Figure S10,J,GSE308578,reversal_fraction,animal_label_allocation,745,0.4225609756097561
Figure S10,J,GSE308578,reversal_fraction,animal_label_allocation,746,0.5783847980997625
Figure S10,J,GSE308578,reversal_fraction,animal_label_allocation,747,0.724822695035461
Figure S10,J,GSE308578,reversal_fraction,animal_label_allocation,748,0.7497159090909091
Figure S10,J,GSE308578,reversal_fraction,animal_label_allocation,749,0.9300052826201796
Figure S10,J,GSE308578,reversal_fraction,animal_label_allocation,750,0.5401503759398496
Figure S10,J,GSE308578,reversal_fraction,animal_label_allocation,751,0.5768433520876518
Figure S10,J,GSE308578,reversal_fraction,animal_label_allocation,752,0.7481972887222382
Figure S10,J,GSE308578,reversal_fraction,animal_label_allocation,753,0.6910873954427459
Figure S10,J,GSE308578,reversal_fraction,animal_label_allocation,754,0.7565882686313403
Figure S10,J,GSE308578,reversal_fraction,animal_label_allocation,755,0.9015069967707212
Figure S10,J,GSE308578,reversal_fraction,animal_label_allocation,756,0.4732572115384615
Figure S10,J,GSE308578,reversal_fraction,animal_label_allocation,757,0.8308762169680112
Figure S10,J,GSE308578,reversal_fraction,animal_label_allocation,758,0.7694271128757799
Figure S10,J,GSE308578,reversal_fraction,animal_label_allocation,759,0.6771014492753623
Figure S10,J,GSE308578,reversal_fraction,animal_label_allocation,760,0.7380410022779044
Figure S10,J,GSE308578,reversal_fraction,animal_label_allocation,761,0.5974676089517079
Figure S10,J,GSE308578,reversal_fraction,animal_label_allocation,762,0.8290948865190046
Figure S10,J,GSE308578,reversal_fraction,animal_label_allocation,763,0.9096465585968642
Figure S10,J,GSE308578,reversal_fraction,animal_label_allocation,764,0.7785272625070264
Figure S10,J,GSE308578,reversal_fraction,animal_label_allocation,765,0.7035334673944269
Figure S10,J,GSE308578,reversal_fraction,animal_label_allocation,766,0.840531561461794
Figure S10,J,GSE308578,reversal_fraction,animal_label_allocation,767,0.9482758620689656
Figure S10,J,GSE308578,reversal_fraction,animal_label_allocation,768,0.8921330089213301
Figure S10,J,GSE308578,reversal_fraction,animal_label_allocation,769,0.7850042601533656
Figure S10,J,GSE308578,reversal_fraction,animal_label_allocation,770,0.8493860845839017
Figure S10,J,GSE308578,reversal_fraction,animal_label_allocation,771,0.4876411351846201
Figure S10,J,GSE308578,reversal_fraction,animal_label_allocation,772,0.8266331658291457
Figure S10,J,GSE308578,reversal_fraction,animal_label_allocation,773,0.3260869565217391
Figure S10,J,GSE308578,reversal_fraction,animal_label_allocation,774,0.5128682170542636
Figure S10,J,GSE308578,reversal_fraction,animal_label_allocation,775,0.6368421052631579
Figure S10,J,GSE308578,reversal_fraction,animal_label_allocation,776,0.5521177530790027
Figure S10,J,GSE308578,reversal_fraction,animal_label_allocation,777,0.4358896635344044
Figure S10,J,GSE308578,reversal_fraction,animal_label_allocation,778,0.6078088578088578
Figure S10,J,GSE308578,reversal_fraction,animal_label_allocation,779,0.316236626809314
Figure S10,J,GSE308578,reversal_fraction,animal_label_allocation,780,0.6082011373840167
Figure S10,J,GSE308578,reversal_fraction,animal_label_allocation,781,0.7180141843971631
Figure S10,J,GSE308578,reversal_fraction,animal_label_allocation,782,0.4391155403301152
Figure S10,J,GSE308578,reversal_fraction,animal_label_allocation,783,0.9178262011026516
Figure S10,J,GSE308578,reversal_fraction,animal_label_allocation,784,0.7614184397163121
Figure S10,J,GSE308578,reversal_fraction,animal_label_allocation,785,0.504149377593361
Figure S10,J,GSE308578,reversal_fraction,animal_label_allocation,786,0.7127840909090909
Figure S10,J,GSE308578,reversal_fraction,animal_label_allocation,787,0.4951923076923077
Figure S10,J,GSE308578,reversal_fraction,animal_label_allocation,788,0.6898642795264222
Figure S10,J,GSE308578,reversal_fraction,animal_label_allocation,789,0.6712250712250712
Figure S10,J,GSE308578,reversal_fraction,animal_label_allocation,790,0.8423236514522822
Figure S10,J,GSE308578,reversal_fraction,animal_label_allocation,791,0.5283803863298663
Figure S10,J,GSE308578,reversal_fraction,animal_label_allocation,792,0.6191037735849056
Figure S10,J,GSE308578,reversal_fraction,animal_label_allocation,793,0.242663300725781
Figure S10,J,GSE308578,reversal_fraction,animal_label_allocation,794,0.5022381378692927
Figure S10,J,GSE308578,reversal_fraction,animal_label_allocation,795,0.7124033228301346
Figure S10,J,GSE308578,reversal_fraction,animal_label_allocation,796,0.5169439309919901
Figure S10,J,GSE308578,reversal_fraction,animal_label_allocation,797,0.5564304461942258
Figure S10,J,GSE308578,reversal_fraction,animal_label_allocation,798,0.7628424657534246
Figure S10,J,GSE308578,reversal_fraction,animal_label_allocation,799,0.3520268210911307
Figure S10,J,GSE308578,reversal_fraction,animal_label_allocation,800,0.8647450110864745
Figure S10,J,GSE308578,reversal_fraction,animal_label_allocation,801,0.6522988505747126
Figure S10,J,GSE308578,reversal_fraction,animal_label_allocation,802,0.8330592105263158
Figure S10,J,GSE308578,reversal_fraction,animal_label_allocation,803,0.9104880021569156
Figure S10,J,GSE308578,reversal_fraction,animal_label_allocation,804,0.6088355763604447
Figure S10,J,GSE308578,reversal_fraction,animal_label_allocation,805,0.8840084166228301
Figure S10,J,GSE308578,reversal_fraction,animal_label_allocation,806,0.8569455951394642
Figure S10,J,GSE308578,reversal_fraction,animal_label_allocation,807,0.8217931034482758
Figure S10,J,GSE308578,reversal_fraction,animal_label_allocation,808,0.5852305896088733
Figure S10,J,GSE308578,reversal_fraction,animal_label_allocation,809,0.6887682194912832
Figure S10,J,GSE308578,reversal_fraction,animal_label_allocation,810,0.3872064276885043
Figure S10,J,GSE308578,reversal_fraction,animal_label_allocation,811,0.6006954505940307
Figure S10,J,GSE308578,reversal_fraction,animal_label_allocation,812,0.8645144218047103
Figure S10,J,GSE308578,reversal_fraction,animal_label_allocation,813,0.8480243161094225
Figure S10,J,GSE308578,reversal_fraction,animal_label_allocation,814,0.6835699797160243
Figure S10,J,GSE308578,reversal_fraction,animal_label_allocation,815,0.3183925811437403
Figure S10,J,GSE308578,reversal_fraction,animal_label_allocation,816,0.7326249282021826
Figure S10,J,GSE308578,reversal_fraction,animal_label_allocation,817,0.8829613500272183
Figure S10,J,GSE308578,reversal_fraction,animal_label_allocation,818,0.4765080327371931
Figure S10,J,GSE308578,reversal_fraction,animal_label_allocation,819,0.7162201094785364
Figure S10,J,GSE308578,reversal_fraction,animal_label_allocation,820,0.8798283261802575
Figure S10,J,GSE308578,reversal_fraction,animal_label_allocation,821,0.3380585516178736
Figure S10,J,GSE308578,reversal_fraction,animal_label_allocation,822,0.8503307607497244
Figure S10,J,GSE308578,reversal_fraction,animal_label_allocation,823,0.5684057971014492
Figure S10,J,GSE308578,reversal_fraction,animal_label_allocation,824,0.4439434926360084
Figure S10,J,GSE308578,reversal_fraction,animal_label_allocation,825,0.6559646539027982
Figure S10,J,GSE308578,reversal_fraction,animal_label_allocation,826,0.2623586429725363
Figure S10,J,GSE308578,reversal_fraction,animal_label_allocation,827,0.3788479122218836
Figure S10,J,GSE308578,reversal_fraction,animal_label_allocation,828,0.4821976672805402
Figure S10,J,GSE308578,reversal_fraction,animal_label_allocation,829,0.675904317386231
Figure S10,J,GSE308578,reversal_fraction,animal_label_allocation,830,0.347452229299363
Figure S10,J,GSE308578,reversal_fraction,animal_label_allocation,831,0.6479080730701238
Figure S10,J,GSE308578,reversal_fraction,animal_label_allocation,832,0.4921946740128558
Figure S10,J,GSE308578,reversal_fraction,animal_label_allocation,833,0.7491408934707904
Figure S10,J,GSE308578,reversal_fraction,animal_label_allocation,834,0.7590430076901168
Figure S10,J,GSE308578,reversal_fraction,animal_label_allocation,835,0.7526152106304778
Figure S10,J,GSE308578,reversal_fraction,animal_label_allocation,836,0.5124378109452736
Figure S10,J,GSE308578,reversal_fraction,animal_label_allocation,837,0.3874695863746958
Figure S10,J,GSE308578,reversal_fraction,animal_label_allocation,838,0.7539954337899544
Figure S10,J,GSE308578,reversal_fraction,animal_label_allocation,839,0.8151071025930101
Figure S10,J,GSE308578,reversal_fraction,animal_label_allocation,840,0.8468846046381671
Figure S10,J,GSE308578,reversal_fraction,animal_label_allocation,841,0.7280298678920161
Figure S10,J,GSE308578,reversal_fraction,animal_label_allocation,842,0.2407815947053262
Figure S10,J,GSE308578,reversal_fraction,animal_label_allocation,843,0.4742022069788249
Figure S10,J,GSE308578,reversal_fraction,animal_label_allocation,844,0.5836027034969145
Figure S10,J,GSE308578,reversal_fraction,animal_label_allocation,845,0.7966149506346968
Figure S10,J,GSE308578,reversal_fraction,animal_label_allocation,846,0.7519159806982685
Figure S10,J,GSE308578,reversal_fraction,animal_label_allocation,847,0.7697276046054479
Figure S10,J,GSE308578,reversal_fraction,animal_label_allocation,848,0.648964108549752
Figure S10,J,GSE308578,reversal_fraction,animal_label_allocation,849,0.8041468198374895
Figure S10,J,GSE308578,reversal_fraction,animal_label_allocation,850,0.5591206179441474
Figure S10,J,GSE308578,reversal_fraction,animal_label_allocation,851,0.3038210624417521
Figure S10,J,GSE308578,reversal_fraction,animal_label_allocation,852,0.453763440860215
Figure S10,J,GSE308578,reversal_fraction,animal_label_allocation,853,0.8726981585268214
Figure S10,J,GSE308578,reversal_fraction,animal_label_allocation,854,0.5113468906572355
Figure S10,J,GSE308578,reversal_fraction,animal_label_allocation,855,0.471513353115727
Figure S10,J,GSE308578,reversal_fraction,animal_label_allocation,856,0.6231884057971014
Figure S10,J,GSE308578,reversal_fraction,animal_label_allocation,857,0.7969359331476323
Figure S10,J,GSE308578,reversal_fraction,animal_label_allocation,858,0.7714128339300468
Figure S10,J,GSE308578,reversal_fraction,animal_label_allocation,859,0.8323603002502085
Figure S10,J,GSE308578,reversal_fraction,animal_label_allocation,860,0.6738074835761211
Figure S10,J,GSE308578,reversal_fraction,animal_label_allocation,861,0.6547929336808572
Figure S10,J,GSE308578,reversal_fraction,animal_label_allocation,862,0.673120728929385
Figure S10,J,GSE308578,reversal_fraction,animal_label_allocation,863,0.4894187779433681
Figure S10,J,GSE308578,reversal_fraction,animal_label_allocation,864,0.6377434135166093
Figure S10,J,GSE308578,reversal_fraction,animal_label_allocation,865,0.6872106481481481
Figure S10,J,GSE308578,reversal_fraction,animal_label_allocation,866,0.3967292549969715
Figure S10,J,GSE308578,reversal_fraction,animal_label_allocation,867,0.3307012002526848
Figure S10,J,GSE308578,reversal_fraction,animal_label_allocation,868,0.6503296073373459
Figure S10,J,GSE308578,reversal_fraction,animal_label_allocation,869,0.307147258163894
Figure S10,J,GSE308578,reversal_fraction,animal_label_allocation,870,0.3320039880358923
Figure S10,J,GSE308578,reversal_fraction,animal_label_allocation,871,0.8198047419804741
Figure S10,J,GSE308578,reversal_fraction,animal_label_allocation,872,0.7490753911806544
Figure S10,J,GSE308578,reversal_fraction,animal_label_allocation,873,0.9071447685309072
Figure S10,J,GSE308578,reversal_fraction,animal_label_allocation,874,0.5985832349468713
Figure S10,J,GSE308578,reversal_fraction,animal_label_allocation,875,0.880360557224802
Figure S10,J,GSE308578,reversal_fraction,animal_label_allocation,876,0.4647887323943662
Figure S10,J,GSE308578,reversal_fraction,animal_label_allocation,877,0.5842928845586064
Figure S10,J,GSE308578,reversal_fraction,animal_label_allocation,878,0.8418604651162791
Figure S10,J,GSE308578,reversal_fraction,animal_label_allocation,879,0.7101490825688074
Figure S10,J,GSE308578,reversal_fraction,animal_label_allocation,880,0.4253822629969419
Figure S10,J,GSE308578,reversal_fraction,animal_label_allocation,881,0.5469265367316342
Figure S10,J,GSE308578,reversal_fraction,animal_label_allocation,882,0.7943242483843777
Figure S10,J,GSE308578,reversal_fraction,animal_label_allocation,883,0.5934769947582994
Figure S10,J,GSE308578,reversal_fraction,animal_label_allocation,884,0.5297281147296086
Figure S10,J,GSE308578,reversal_fraction,animal_label_allocation,885,0.5401352543369597
Figure S10,J,GSE308578,reversal_fraction,animal_label_allocation,886,0.6675112612612613
Figure S10,J,GSE308578,reversal_fraction,animal_label_allocation,887,0.8834666666666666
Figure S10,J,GSE308578,reversal_fraction,animal_label_allocation,888,0.6486019025655808
Figure S10,J,GSE308578,reversal_fraction,animal_label_allocation,889,0.6852010265183918
Figure S10,J,GSE308578,reversal_fraction,animal_label_allocation,890,0.8515603799185889
Figure S10,J,GSE308578,reversal_fraction,animal_label_allocation,891,0.3186846957590658
Figure S10,J,GSE308578,reversal_fraction,animal_label_allocation,892,0.618197523754679
Figure S10,J,GSE308578,reversal_fraction,animal_label_allocation,893,0.5245040840140023
Figure S10,J,GSE308578,reversal_fraction,animal_label_allocation,894,0.2981308411214953
Figure S10,J,GSE308578,reversal_fraction,animal_label_allocation,895,0.8769937821032712
Figure S10,J,GSE308578,reversal_fraction,animal_label_allocation,896,0.6653167486259762
Figure S10,J,GSE308578,reversal_fraction,animal_label_allocation,897,0.6537684088940225
Figure S10,J,GSE308578,reversal_fraction,animal_label_allocation,898,0.8307651434643996
Figure S10,J,GSE308578,reversal_fraction,animal_label_allocation,899,0.2380651280429971
Figure S10,J,GSE308578,reversal_fraction,animal_label_allocation,900,0.2640467684313088
Figure S10,J,GSE308578,reversal_fraction,animal_label_allocation,901,0.4452728899492991
Figure S10,J,GSE308578,reversal_fraction,animal_label_allocation,902,0.8840309250866436
Figure S10,J,GSE308578,reversal_fraction,animal_label_allocation,903,0.9137577002053388
Figure S10,J,GSE308578,reversal_fraction,animal_label_allocation,904,0.8918990005260389
Figure S10,J,GSE308578,reversal_fraction,animal_label_allocation,905,0.77650988032285
Figure S10,J,GSE308578,reversal_fraction,animal_label_allocation,906,0.9067055393586004
Figure S10,J,GSE308578,reversal_fraction,animal_label_allocation,907,0.851639344262295
Figure S10,J,GSE308578,reversal_fraction,animal_label_allocation,908,0.8105750885799945
Figure S10,J,GSE308578,reversal_fraction,animal_label_allocation,909,0.8798941798941798
Figure S10,J,GSE308578,reversal_fraction,animal_label_allocation,910,0.6163323782234957
Figure S10,J,GSE308578,reversal_fraction,animal_label_allocation,911,0.9172288531395952
Figure S10,J,GSE308578,reversal_fraction,animal_label_allocation,912,0.9017976925140864
Figure S10,J,GSE308578,reversal_fraction,animal_label_allocation,913,0.6368859523125538
Figure S10,J,GSE308578,reversal_fraction,animal_label_allocation,914,0.5935672514619883
Figure S10,J,GSE308578,reversal_fraction,animal_label_allocation,915,0.5830945558739254
Figure S10,J,GSE308578,reversal_fraction,animal_label_allocation,916,0.7135636057287279
Figure S10,J,GSE308578,reversal_fraction,animal_label_allocation,917,0.8668087373468301
Figure S10,J,GSE308578,reversal_fraction,animal_label_allocation,918,0.8005043429532082
Figure S10,J,GSE308578,reversal_fraction,animal_label_allocation,919,0.8324453915823122
Figure S10,J,GSE308578,reversal_fraction,animal_label_allocation,920,0.8666132050253943
Figure S10,J,GSE308578,reversal_fraction,animal_label_allocation,921,0.8617886178861789
Figure S10,J,GSE308578,reversal_fraction,animal_label_allocation,922,0.5949800342270394
Figure S10,J,GSE308578,reversal_fraction,animal_label_allocation,923,0.8197115384615384
Figure S10,J,GSE308578,reversal_fraction,animal_label_allocation,924,0.5765042979942694
Figure S10,J,GSE308578,reversal_fraction,animal_label_allocation,925,0.6180062482249361
Figure S10,J,GSE308578,reversal_fraction,animal_label_allocation,926,0.606312769010043
Figure S10,J,GSE308578,reversal_fraction,animal_label_allocation,927,0.583068477318694
Figure S10,J,GSE308578,reversal_fraction,animal_label_allocation,928,0.7592233009708738
Figure S10,J,GSE308578,reversal_fraction,animal_label_allocation,929,0.8740114535042269
Figure S10,J,GSE308578,reversal_fraction,animal_label_allocation,930,0.4027819776232235
Figure S10,J,GSE308578,reversal_fraction,animal_label_allocation,931,0.6713961407491487
Figure S10,J,GSE308578,reversal_fraction,animal_label_allocation,932,0.8696482137987456
Figure S10,J,GSE308578,reversal_fraction,animal_label_allocation,933,0.864095744680851
Figure S10,J,GSE308578,reversal_fraction,animal_label_allocation,934,0.8114157806379407
Figure S10,J,GSE308578,reversal_fraction,animal_label_allocation,935,0.6336459554513482
Figure S10,J,GSE308578,reversal_fraction,animal_label_allocation,936,0.7584554678692221
Figure S10,J,GSE308578,reversal_fraction,animal_label_allocation,937,0.8231347289318304
Figure S10,J,GSE308578,reversal_fraction,animal_label_allocation,938,0.7885730057963014
Figure S10,J,GSE308578,reversal_fraction,animal_label_allocation,939,0.7867851193781232
Figure S10,J,GSE308578,reversal_fraction,animal_label_allocation,940,0.6794614723574907
Figure S10,J,GSE308578,reversal_fraction,animal_label_allocation,941,0.8917094247907102
Figure S10,J,GSE308578,reversal_fraction,animal_label_allocation,942,0.7530521642619312
Figure S10,J,GSE308578,reversal_fraction,animal_label_allocation,943,0.9140036373083916
Figure S10,J,GSE308578,reversal_fraction,animal_label_allocation,944,0.77245670995671
Figure S10,J,GSE308578,reversal_fraction,animal_label_allocation,945,0.8573376977632297
Figure S10,J,GSE308578,reversal_fraction,animal_label_allocation,946,0.2911782850092535
Figure S10,J,GSE308578,reversal_fraction,animal_label_allocation,947,0.4976345357776464
Figure S10,J,GSE308578,reversal_fraction,animal_label_allocation,948,0.7743124468386731
Figure S10,J,GSE308578,reversal_fraction,animal_label_allocation,949,0.7869034406215316
Figure S10,J,GSE308578,reversal_fraction,animal_label_allocation,950,0.6640204139495322
Figure S10,J,GSE308578,reversal_fraction,animal_label_allocation,951,0.8204707170224411
Figure S10,J,GSE308578,reversal_fraction,animal_label_allocation,952,0.7694452188458322
Figure S10,J,GSE308578,reversal_fraction,animal_label_allocation,953,0.8583561643835617
Figure S10,J,GSE308578,reversal_fraction,animal_label_allocation,954,0.7040435904789217
Figure S10,J,GSE308578,reversal_fraction,animal_label_allocation,955,0.7619182746878547
Figure S10,J,GSE308578,reversal_fraction,animal_label_allocation,956,0.7883612407356574
Figure S10,J,GSE308578,reversal_fraction,animal_label_allocation,957,0.2776911076443057
Figure S10,J,GSE308578,reversal_fraction,animal_label_allocation,958,0.7193978983243396
Figure S10,J,GSE308578,reversal_fraction,animal_label_allocation,959,0.6584731058415269
Figure S10,J,GSE308578,reversal_fraction,animal_label_allocation,960,0.8973677213507046
Figure S10,J,GSE308578,reversal_fraction,animal_label_allocation,961,0.3094940662086196
Figure S10,J,GSE308578,reversal_fraction,animal_label_allocation,962,0.843944730425359
Figure S10,J,GSE308578,reversal_fraction,animal_label_allocation,963,0.7925905136121246
Figure S10,J,GSE308578,reversal_fraction,animal_label_allocation,964,0.5510744774801295
Figure S10,J,GSE308578,reversal_fraction,animal_label_allocation,965,0.5423234092235844
Figure S10,J,GSE308578,reversal_fraction,animal_label_allocation,966,0.5493990032248608
Figure S10,J,GSE308578,reversal_fraction,animal_label_allocation,967,0.7984344422700587
Figure S10,J,GSE308578,reversal_fraction,animal_label_allocation,968,0.8366896551724138
Figure S10,J,GSE308578,reversal_fraction,animal_label_allocation,969,0.6850733390854185
Figure S10,J,GSE308578,reversal_fraction,animal_label_allocation,970,0.7209302325581395
Figure S10,J,GSE308578,reversal_fraction,animal_label_allocation,971,0.4713471347134713
Figure S10,J,GSE308578,reversal_fraction,animal_label_allocation,972,0.4470979443772672
Figure S10,J,GSE308578,reversal_fraction,animal_label_allocation,973,0.7071369975389664
Figure S10,J,GSE308578,reversal_fraction,animal_label_allocation,974,0.6695997729208061
Figure S10,J,GSE308578,reversal_fraction,animal_label_allocation,975,0.398605638072143
Figure S10,J,GSE308578,reversal_fraction,animal_label_allocation,976,0.8367514356029533
Figure S10,J,GSE308578,reversal_fraction,animal_label_allocation,977,0.6964487034949267
Figure S10,J,GSE308578,reversal_fraction,animal_label_allocation,978,0.6426146010186757
Figure S10,J,GSE308578,reversal_fraction,animal_label_allocation,979,0.6951735817104149
Figure S10,J,GSE308578,reversal_fraction,animal_label_allocation,980,0.5781571975272299
Figure S10,J,GSE308578,reversal_fraction,animal_label_allocation,981,0.5506776664702416
Figure S10,J,GSE308578,reversal_fraction,animal_label_allocation,982,0.6567796610169492
Figure S10,J,GSE308578,reversal_fraction,animal_label_allocation,983,0.8302879291251384
Figure S10,J,GSE308578,reversal_fraction,animal_label_allocation,984,0.4102409638554217
Figure S10,J,GSE308578,reversal_fraction,animal_label_allocation,985,0.539408145326692
Figure S10,J,GSE308578,reversal_fraction,animal_label_allocation,986,0.6722237920316474
Figure S10,J,GSE308578,reversal_fraction,animal_label_allocation,987,0.6517106001121705
Figure S10,J,GSE308578,reversal_fraction,animal_label_allocation,988,0.7016921397379913
Figure S10,J,GSE308578,reversal_fraction,animal_label_allocation,989,0.29695665539502
Figure S10,J,GSE308578,reversal_fraction,animal_label_allocation,990,0.6767363071710898
Figure S10,J,GSE308578,reversal_fraction,animal_label_allocation,991,0.8659930869449615
Figure S10,J,GSE308578,reversal_fraction,animal_label_allocation,992,0.5861476817401259
Figure S10,J,GSE308578,reversal_fraction,animal_label_allocation,993,0.6711659965537048
Figure S10,J,GSE308578,reversal_fraction,animal_label_allocation,994,0.8057851239669421
Figure S10,J,GSE308578,reversal_fraction,animal_label_allocation,995,0.533235294117647
Figure S10,J,GSE308578,reversal_fraction,animal_label_allocation,996,0.8835820895522388
Figure S10,J,GSE308578,reversal_fraction,animal_label_allocation,997,0.4095469747643661
Figure S10,J,GSE308578,reversal_fraction,animal_label_allocation,998,0.6791808873720137
Figure S10,J,GSE308578,reversal_fraction,animal_label_allocation,999,0.6993537510536667
Figure S10,J,GSE308578,reversal_fraction,shared_reference_observed,-1,0.7841845140032949
Figure S10,K,GSE308578,rho,animal_label_allocation,0,0.3108338160179927
Figure S10,K,GSE308578,rho,animal_label_allocation,1,0.4157196009285268
Figure S10,K,GSE308578,rho,animal_label_allocation,2,0.2487245029709876
Figure S10,K,GSE308578,rho,animal_label_allocation,3,0.2604823373454304
Figure S10,K,GSE308578,rho,animal_label_allocation,4,-0.4992299391241221
Figure S10,K,GSE308578,rho,animal_label_allocation,5,-0.2934166862436633
Figure S10,K,GSE308578,rho,animal_label_allocation,6,-0.568215952333782
Figure S10,K,GSE308578,rho,animal_label_allocation,7,-0.2404411807064232
Figure S10,K,GSE308578,rho,animal_label_allocation,8,-0.2840330073682783
Figure S10,K,GSE308578,rho,animal_label_allocation,9,-0.1280105205623489
Figure S10,K,GSE308578,rho,animal_label_allocation,10,-0.0882730576961108
Figure S10,K,GSE308578,rho,animal_label_allocation,11,0.0304724851690287
Figure S10,K,GSE308578,rho,animal_label_allocation,12,0.1217071280685294
Figure S10,K,GSE308578,rho,animal_label_allocation,13,-0.474727053012479
Figure S10,K,GSE308578,rho,animal_label_allocation,14,0.0620585063045416
Figure S10,K,GSE308578,rho,animal_label_allocation,15,0.3206898334810059
Figure S10,K,GSE308578,rho,animal_label_allocation,16,0.2501174585813506
Figure S10,K,GSE308578,rho,animal_label_allocation,17,0.4755089245462973
Figure S10,K,GSE308578,rho,animal_label_allocation,18,0.3340028714559702
Figure S10,K,GSE308578,rho,animal_label_allocation,19,0.3019061734838351
Figure S10,K,GSE308578,rho,animal_label_allocation,20,0.5901008500844884
Figure S10,K,GSE308578,rho,animal_label_allocation,21,0.0948870237184563
Figure S10,K,GSE308578,rho,animal_label_allocation,22,0.1386892275583763
Figure S10,K,GSE308578,rho,animal_label_allocation,23,-0.2202877744506015
Figure S10,K,GSE308578,rho,animal_label_allocation,24,-0.5771874564452011
Figure S10,K,GSE308578,rho,animal_label_allocation,25,0.6965130731480622
Figure S10,K,GSE308578,rho,animal_label_allocation,26,0.3966004089072305
Figure S10,K,GSE308578,rho,animal_label_allocation,27,-0.5350633682760474
Figure S10,K,GSE308578,rho,animal_label_allocation,28,0.222106068324837
Figure S10,K,GSE308578,rho,animal_label_allocation,29,0.281707887465957
Figure S10,K,GSE308578,rho,animal_label_allocation,30,0.5737170390634627
Figure S10,K,GSE308578,rho,animal_label_allocation,31,0.6002817134198999
Figure S10,K,GSE308578,rho,animal_label_allocation,32,-0.745877043778743
Figure S10,K,GSE308578,rho,animal_label_allocation,33,-0.5301573083925264
Figure S10,K,GSE308578,rho,animal_label_allocation,34,-0.5581444995019308
Figure S10,K,GSE308578,rho,animal_label_allocation,35,-0.5348871436588256
Figure S10,K,GSE308578,rho,animal_label_allocation,36,0.0745459768548225
Figure S10,K,GSE308578,rho,animal_label_allocation,37,-0.6155527654311156
Figure S10,K,GSE308578,rho,animal_label_allocation,38,0.1507963322274487
Figure S10,K,GSE308578,rho,animal_label_allocation,39,-0.6885975302429599
Figure S10,K,GSE308578,rho,animal_label_allocation,40,0.3069213697688895
Figure S10,K,GSE308578,rho,animal_label_allocation,41,0.2828236580812623
Figure S10,K,GSE308578,rho,animal_label_allocation,42,-0.2162346065797014
Figure S10,K,GSE308578,rho,animal_label_allocation,43,0.5277084981554507
Figure S10,K,GSE308578,rho,animal_label_allocation,44,0.6160653136281372
Figure S10,K,GSE308578,rho,animal_label_allocation,45,0.6489675702709136
Figure S10,K,GSE308578,rho,animal_label_allocation,46,0.662813112713945
Figure S10,K,GSE308578,rho,animal_label_allocation,47,0.378883569129039
Figure S10,K,GSE308578,rho,animal_label_allocation,48,0.2878881939563591
Figure S10,K,GSE308578,rho,animal_label_allocation,49,0.4771013679717156
Figure S10,K,GSE308578,rho,animal_label_allocation,50,-0.365725736745067
Figure S10,K,GSE308578,rho,animal_label_allocation,51,0.0277974322694223
Figure S10,K,GSE308578,rho,animal_label_allocation,52,-0.5000865616726075
Figure S10,K,GSE308578,rho,animal_label_allocation,53,0.1828407760509749
Figure S10,K,GSE308578,rho,animal_label_allocation,54,0.3601513717812677
Figure S10,K,GSE308578,rho,animal_label_allocation,55,0.7179522085275843
Figure S10,K,GSE308578,rho,animal_label_allocation,56,-0.009216927212599
Figure S10,K,GSE308578,rho,animal_label_allocation,57,0.5009362336522839
Figure S10,K,GSE308578,rho,animal_label_allocation,58,-0.3731990690713919
Figure S10,K,GSE308578,rho,animal_label_allocation,59,-0.6690334706748629
Figure S10,K,GSE308578,rho,animal_label_allocation,60,-0.2611905237421119
Figure S10,K,GSE308578,rho,animal_label_allocation,61,0.5329477590700405
Figure S10,K,GSE308578,rho,animal_label_allocation,62,-0.0598750077232335
Figure S10,K,GSE308578,rho,animal_label_allocation,63,-0.3819129397515146
Figure S10,K,GSE308578,rho,animal_label_allocation,64,-0.5292166198715041
Figure S10,K,GSE308578,rho,animal_label_allocation,65,0.5544924037669303
Figure S10,K,GSE308578,rho,animal_label_allocation,66,0.6509077935124168
Figure S10,K,GSE308578,rho,animal_label_allocation,67,0.0424511142684163
Figure S10,K,GSE308578,rho,animal_label_allocation,68,0.5897077977286135
Figure S10,K,GSE308578,rho,animal_label_allocation,69,-0.1000978580939681
Figure S10,K,GSE308578,rho,animal_label_allocation,70,0.6098679463340758
Figure S10,K,GSE308578,rho,animal_label_allocation,71,-0.115502953406101
Figure S10,K,GSE308578,rho,animal_label_allocation,72,0.1547269611019977
Figure S10,K,GSE308578,rho,animal_label_allocation,73,0.1214634366144367
Figure S10,K,GSE308578,rho,animal_label_allocation,74,0.165631139576315
Figure S10,K,GSE308578,rho,animal_label_allocation,75,-0.1261106008746194
Figure S10,K,GSE308578,rho,animal_label_allocation,76,0.7055826265124236
Figure S10,K,GSE308578,rho,animal_label_allocation,77,0.7700472665456505
Figure S10,K,GSE308578,rho,animal_label_allocation,78,0.34103162751032
Figure S10,K,GSE308578,rho,animal_label_allocation,79,0.7359289425989313
Figure S10,K,GSE308578,rho,animal_label_allocation,80,0.5835458493782311
Figure S10,K,GSE308578,rho,animal_label_allocation,81,0.5125404436831827
Figure S10,K,GSE308578,rho,animal_label_allocation,82,-0.0037832505941992
Figure S10,K,GSE308578,rho,animal_label_allocation,83,-0.0471405210295906
Figure S10,K,GSE308578,rho,animal_label_allocation,84,-0.6587647022057707
Figure S10,K,GSE308578,rho,animal_label_allocation,85,0.2655713216496202
Figure S10,K,GSE308578,rho,animal_label_allocation,86,0.5570420598967695
Figure S10,K,GSE308578,rho,animal_label_allocation,87,-0.4707755204899931
Figure S10,K,GSE308578,rho,animal_label_allocation,88,0.6360876406389213
Figure S10,K,GSE308578,rho,animal_label_allocation,89,0.5791187996825554
Figure S10,K,GSE308578,rho,animal_label_allocation,90,-0.1112107767435051
Figure S10,K,GSE308578,rho,animal_label_allocation,91,-0.4004474300899557
Figure S10,K,GSE308578,rho,animal_label_allocation,92,0.4831310466049731
Figure S10,K,GSE308578,rho,animal_label_allocation,93,0.5754786534800085
Figure S10,K,GSE308578,rho,animal_label_allocation,94,0.6198217621279809
Figure S10,K,GSE308578,rho,animal_label_allocation,95,-0.4285001784380606
Figure S10,K,GSE308578,rho,animal_label_allocation,96,0.7801375363333943
Figure S10,K,GSE308578,rho,animal_label_allocation,97,0.7075561388351094
Figure S10,K,GSE308578,rho,animal_label_allocation,98,-0.4638351050142987
Figure S10,K,GSE308578,rho,animal_label_allocation,99,-0.1541391082747591
Figure S10,K,GSE308578,rho,animal_label_allocation,100,-0.5038295023067816
Figure S10,K,GSE308578,rho,animal_label_allocation,101,0.386739466565475
Figure S10,K,GSE308578,rho,animal_label_allocation,102,0.296177208737692
Figure S10,K,GSE308578,rho,animal_label_allocation,103,-0.1128295725783007
Figure S10,K,GSE308578,rho,animal_label_allocation,104,0.4201959958135688
Figure S10,K,GSE308578,rho,animal_label_allocation,105,0.2892880288766636
Figure S10,K,GSE308578,rho,animal_label_allocation,106,-0.6652322037252698
Figure S10,K,GSE308578,rho,animal_label_allocation,107,-0.0736149106235054
Figure S10,K,GSE308578,rho,animal_label_allocation,108,-0.1808508052176847
Figure S10,K,GSE308578,rho,animal_label_allocation,109,-0.0811253660915221
Figure S10,K,GSE308578,rho,animal_label_allocation,110,-0.1551284583674873
Figure S10,K,GSE308578,rho,animal_label_allocation,111,0.5540373725216576
Figure S10,K,GSE308578,rho,animal_label_allocation,112,-0.3936331927142793
Figure S10,K,GSE308578,rho,animal_label_allocation,113,-0.1682043726915634
Figure S10,K,GSE308578,rho,animal_label_allocation,114,-0.5128223767881431
Figure S10,K,GSE308578,rho,animal_label_allocation,115,-0.0137284107168555
Figure S10,K,GSE308578,rho,animal_label_allocation,116,0.5056462815771953
Figure S10,K,GSE308578,rho,animal_label_allocation,117,-0.4681298781009098
Figure S10,K,GSE308578,rho,animal_label_allocation,118,-0.3395128373392562
Figure S10,K,GSE308578,rho,animal_label_allocation,119,-0.6612399241400955
Figure S10,K,GSE308578,rho,animal_label_allocation,120,0.0222082175806759
Figure S10,K,GSE308578,rho,animal_label_allocation,121,-0.3353190644521321
Figure S10,K,GSE308578,rho,animal_label_allocation,122,-0.2697139197425432
Figure S10,K,GSE308578,rho,animal_label_allocation,123,0.0509182509034691
Figure S10,K,GSE308578,rho,animal_label_allocation,124,0.5103141659691338
Figure S10,K,GSE308578,rho,animal_label_allocation,125,-0.6584304180148327
Figure S10,K,GSE308578,rho,animal_label_allocation,126,-0.1951636447353287
Figure S10,K,GSE308578,rho,animal_label_allocation,127,0.2560894744964044
Figure S10,K,GSE308578,rho,animal_label_allocation,128,-0.4015676804594817
Figure S10,K,GSE308578,rho,animal_label_allocation,129,0.2893196478311233
Figure S10,K,GSE308578,rho,animal_label_allocation,130,0.4217842735944041
Figure S10,K,GSE308578,rho,animal_label_allocation,131,0.1326693222151917
Figure S10,K,GSE308578,rho,animal_label_allocation,132,-0.1704128874022839
Figure S10,K,GSE308578,rho,animal_label_allocation,133,0.2743226256638417
Figure S10,K,GSE308578,rho,animal_label_allocation,134,0.6287523992523679
Figure S10,K,GSE308578,rho,animal_label_allocation,135,-0.4887624877029766
Figure S10,K,GSE308578,rho,animal_label_allocation,136,-0.6112307613671656
Figure S10,K,GSE308578,rho,animal_label_allocation,137,-0.7217131683996112
Figure S10,K,GSE308578,rho,animal_label_allocation,138,0.2458760572262134
Figure S10,K,GSE308578,rho,animal_label_allocation,139,-0.6880033720637235
Figure S10,K,GSE308578,rho,animal_label_allocation,140,-0.1978729887020041
Figure S10,K,GSE308578,rho,animal_label_allocation,141,0.3804803095296064
Figure S10,K,GSE308578,rho,animal_label_allocation,142,0.4967587721249478
Figure S10,K,GSE308578,rho,animal_label_allocation,143,-0.1303417868194896
Figure S10,K,GSE308578,rho,animal_label_allocation,144,-0.2742329530898847
Figure S10,K,GSE308578,rho,animal_label_allocation,145,0.2374069191175339
Figure S10,K,GSE308578,rho,animal_label_allocation,146,0.0688898470269478
Figure S10,K,GSE308578,rho,animal_label_allocation,147,0.4217819489249831
Figure S10,K,GSE308578,rho,animal_label_allocation,148,0.6954200551151608
Figure S10,K,GSE308578,rho,animal_label_allocation,149,-0.0589401002506233
Figure S10,K,GSE308578,rho,animal_label_allocation,150,0.5938699411785423
Figure S10,K,GSE308578,rho,animal_label_allocation,151,0.7804558637531378
Figure S10,K,GSE308578,rho,animal_label_allocation,152,0.5142291806446533
Figure S10,K,GSE308578,rho,animal_label_allocation,153,0.2624868032046386
Figure S10,K,GSE308578,rho,animal_label_allocation,154,-0.4741714339739343
Figure S10,K,GSE308578,rho,animal_label_allocation,155,0.402821720742373
Figure S10,K,GSE308578,rho,animal_label_allocation,156,0.210702589631423
Figure S10,K,GSE308578,rho,animal_label_allocation,157,0.4630299720129499
Figure S10,K,GSE308578,rho,animal_label_allocation,158,0.4807526951286958
Figure S10,K,GSE308578,rho,animal_label_allocation,159,0.039688960007467
Figure S10,K,GSE308578,rho,animal_label_allocation,160,0.4551560081465444
Figure S10,K,GSE308578,rho,animal_label_allocation,161,-0.4676373475447851
Figure S10,K,GSE308578,rho,animal_label_allocation,162,0.6523702064578235
Figure S10,K,GSE308578,rho,animal_label_allocation,163,-0.2922526878469296
Figure S10,K,GSE308578,rho,animal_label_allocation,164,0.7102870307765236
Figure S10,K,GSE308578,rho,animal_label_allocation,165,0.4492902595457569
Figure S10,K,GSE308578,rho,animal_label_allocation,166,0.629992157478271
Figure S10,K,GSE308578,rho,animal_label_allocation,167,0.4576905472915775
Figure S10,K,GSE308578,rho,animal_label_allocation,168,0.1865511817659672
Figure S10,K,GSE308578,rho,animal_label_allocation,169,0.1166324026328014
Figure S10,K,GSE308578,rho,animal_label_allocation,170,-0.1232968379693198
Figure S10,K,GSE308578,rho,animal_label_allocation,171,0.0860176744541539
Figure S10,K,GSE308578,rho,animal_label_allocation,172,-0.1233915260413641
Figure S10,K,GSE308578,rho,animal_label_allocation,173,-0.601429126888659
Figure S10,K,GSE308578,rho,animal_label_allocation,174,0.3058720137141356
Figure S10,K,GSE308578,rho,animal_label_allocation,175,0.2547512047281576
Figure S10,K,GSE308578,rho,animal_label_allocation,176,-0.2724724834230898
Figure S10,K,GSE308578,rho,animal_label_allocation,177,-0.6840251834158319
Figure S10,K,GSE308578,rho,animal_label_allocation,178,-0.5608719560984062
Figure S10,K,GSE308578,rho,animal_label_allocation,179,0.5677542279485361
Figure S10,K,GSE308578,rho,animal_label_allocation,180,0.0697793273667002
Figure S10,K,GSE308578,rho,animal_label_allocation,181,0.6310402052469555
Figure S10,K,GSE308578,rho,animal_label_allocation,182,0.5388441916260466
Figure S10,K,GSE308578,rho,animal_label_allocation,183,0.5800708436870469
Figure S10,K,GSE308578,rho,animal_label_allocation,184,0.1715686455801657
Figure S10,K,GSE308578,rho,animal_label_allocation,185,-0.0636562611463225
Figure S10,K,GSE308578,rho,animal_label_allocation,186,0.5423154257484181
Figure S10,K,GSE308578,rho,animal_label_allocation,187,-0.4703292070296063
Figure S10,K,GSE308578,rho,animal_label_allocation,188,-0.0118012848113126
Figure S10,K,GSE308578,rho,animal_label_allocation,189,0.2965840037191921
Figure S10,K,GSE308578,rho,animal_label_allocation,190,0.1293518778597665
Figure S10,K,GSE308578,rho,animal_label_allocation,191,-0.5649785896611074
Figure S10,K,GSE308578,rho,animal_label_allocation,192,0.3629771187812022
Figure S10,K,GSE308578,rho,animal_label_allocation,193,-0.0611338135650328
Figure S10,K,GSE308578,rho,animal_label_allocation,194,0.2206409119419762
Figure S10,K,GSE308578,rho,animal_label_allocation,195,-0.4138335527094445
Figure S10,K,GSE308578,rho,animal_label_allocation,196,0.2173071778050102
Figure S10,K,GSE308578,rho,animal_label_allocation,197,0.4521528507647968
Figure S10,K,GSE308578,rho,animal_label_allocation,198,0.4659795957768654
Figure S10,K,GSE308578,rho,animal_label_allocation,199,-0.2998337416715768
Figure S10,K,GSE308578,rho,animal_label_allocation,200,0.3145644109189236
Figure S10,K,GSE308578,rho,animal_label_allocation,201,0.2349617202818906
Figure S10,K,GSE308578,rho,animal_label_allocation,202,0.2869826223885419
Figure S10,K,GSE308578,rho,animal_label_allocation,203,0.622503080007339
Figure S10,K,GSE308578,rho,animal_label_allocation,204,0.2422338151799462
Figure S10,K,GSE308578,rho,animal_label_allocation,205,0.1784231183442102
Figure S10,K,GSE308578,rho,animal_label_allocation,206,0.5394972465351541
Figure S10,K,GSE308578,rho,animal_label_allocation,207,-0.4839322033032666
Figure S10,K,GSE308578,rho,animal_label_allocation,208,-0.1811230760301314
Figure S10,K,GSE308578,rho,animal_label_allocation,209,0.273009589716319
Figure S10,K,GSE308578,rho,animal_label_allocation,210,-0.1190831442299632
Figure S10,K,GSE308578,rho,animal_label_allocation,211,0.2906614856608885
Figure S10,K,GSE308578,rho,animal_label_allocation,212,0.0231674582793383
Figure S10,K,GSE308578,rho,animal_label_allocation,213,0.6385438165740553
Figure S10,K,GSE308578,rho,animal_label_allocation,214,0.1084231424579663
Figure S10,K,GSE308578,rho,animal_label_allocation,215,-0.0951512946309506
Figure S10,K,GSE308578,rho,animal_label_allocation,216,0.6643804911211527
Figure S10,K,GSE308578,rho,animal_label_allocation,217,0.5314689632012132
Figure S10,K,GSE308578,rho,animal_label_allocation,218,0.0417449466288249
Figure S10,K,GSE308578,rho,animal_label_allocation,219,0.4316655976435352
Figure S10,K,GSE308578,rho,animal_label_allocation,220,-0.1082001941265192
Figure S10,K,GSE308578,rho,animal_label_allocation,221,0.3376600449852106
Figure S10,K,GSE308578,rho,animal_label_allocation,222,0.3592444922306094
Figure S10,K,GSE308578,rho,animal_label_allocation,223,-0.2535840379111934
Figure S10,K,GSE308578,rho,animal_label_allocation,224,-0.2733903423741039
Figure S10,K,GSE308578,rho,animal_label_allocation,225,-0.3961462198653467
Figure S10,K,GSE308578,rho,animal_label_allocation,226,0.3749900420646496
Figure S10,K,GSE308578,rho,animal_label_allocation,227,-0.0916530605628035
Figure S10,K,GSE308578,rho,animal_label_allocation,228,-0.4566459030419676
Figure S10,K,GSE308578,rho,animal_label_allocation,229,-0.4428585250576205
Figure S10,K,GSE308578,rho,animal_label_allocation,230,-0.0483804747906303
Figure S10,K,GSE308578,rho,animal_label_allocation,231,0.1470650738425548
Figure S10,K,GSE308578,rho,animal_label_allocation,232,-0.6993003876591377
Figure S10,K,GSE308578,rho,animal_label_allocation,233,-0.6508637911721704
Figure S10,K,GSE308578,rho,animal_label_allocation,234,-0.5753518082971898
Figure S10,K,GSE308578,rho,animal_label_allocation,235,0.0897801821613156
Figure S10,K,GSE308578,rho,animal_label_allocation,236,-0.8303044853476119
Figure S10,K,GSE308578,rho,animal_label_allocation,237,-0.3099197744796473
Figure S10,K,GSE308578,rho,animal_label_allocation,238,-0.2146670976879323
Figure S10,K,GSE308578,rho,animal_label_allocation,239,0.0919607414926678
Figure S10,K,GSE308578,rho,animal_label_allocation,240,-0.6908650037190415
Figure S10,K,GSE308578,rho,animal_label_allocation,241,-0.1224285304842961
Figure S10,K,GSE308578,rho,animal_label_allocation,242,-0.464411096205359
Figure S10,K,GSE308578,rho,animal_label_allocation,243,-0.7975563452060992
Figure S10,K,GSE308578,rho,animal_label_allocation,244,-0.3991958136026219
Figure S10,K,GSE308578,rho,animal_label_allocation,245,0.3692651436000371
Figure S10,K,GSE308578,rho,animal_label_allocation,246,0.3130218889837995
Figure S10,K,GSE308578,rho,animal_label_allocation,247,-0.8097275069698531
Figure S10,K,GSE308578,rho,animal_label_allocation,248,-0.5033302691998047
Figure S10,K,GSE308578,rho,animal_label_allocation,249,-0.6440386141656187
Figure S10,K,GSE308578,rho,animal_label_allocation,250,-0.2658753171739068
Figure S10,K,GSE308578,rho,animal_label_allocation,251,-0.5591409019145134
Figure S10,K,GSE308578,rho,animal_label_allocation,252,0.4730797168521832
Figure S10,K,GSE308578,rho,animal_label_allocation,253,0.4785746653277433
Figure S10,K,GSE308578,rho,animal_label_allocation,254,-0.1867223673414233
Figure S10,K,GSE308578,rho,animal_label_allocation,255,0.3781110055074465
Figure S10,K,GSE308578,rho,animal_label_allocation,256,-0.1410360892577283
Figure S10,K,GSE308578,rho,animal_label_allocation,257,-0.5598608704816382
Figure S10,K,GSE308578,rho,animal_label_allocation,258,-0.5721191871006034
Figure S10,K,GSE308578,rho,animal_label_allocation,259,0.362969003364564
Figure S10,K,GSE308578,rho,animal_label_allocation,260,0.4474460098795632
Figure S10,K,GSE308578,rho,animal_label_allocation,261,0.4022796225841121
Figure S10,K,GSE308578,rho,animal_label_allocation,262,0.2471692029179543
Figure S10,K,GSE308578,rho,animal_label_allocation,263,0.0930023857389882
Figure S10,K,GSE308578,rho,animal_label_allocation,264,-0.4099479936396403
Figure S10,K,GSE308578,rho,animal_label_allocation,265,-0.4963830239889799
Figure S10,K,GSE308578,rho,animal_label_allocation,266,0.3736413335381757
Figure S10,K,GSE308578,rho,animal_label_allocation,267,0.5431149912058217
Figure S10,K,GSE308578,rho,animal_label_allocation,268,0.5626408342925749
Figure S10,K,GSE308578,rho,animal_label_allocation,269,0.1816629393557343
Figure S10,K,GSE308578,rho,animal_label_allocation,270,0.1724801988320516
Figure S10,K,GSE308578,rho,animal_label_allocation,271,0.5312156205120385
Figure S10,K,GSE308578,rho,animal_label_allocation,272,0.4060335234871524
Figure S10,K,GSE308578,rho,animal_label_allocation,273,0.3553940664566415
Figure S10,K,GSE308578,rho,animal_label_allocation,274,-0.7136628635490158
Figure S10,K,GSE308578,rho,animal_label_allocation,275,-0.2233491946727019
Figure S10,K,GSE308578,rho,animal_label_allocation,276,0.6765987837144213
Figure S10,K,GSE308578,rho,animal_label_allocation,277,0.7439446360669281
Figure S10,K,GSE308578,rho,animal_label_allocation,278,-0.2796074553066523
Figure S10,K,GSE308578,rho,animal_label_allocation,279,0.3505038222750565
Figure S10,K,GSE308578,rho,animal_label_allocation,280,-0.1760940003576136
Figure S10,K,GSE308578,rho,animal_label_allocation,281,0.1109732406290521
Figure S10,K,GSE308578,rho,animal_label_allocation,282,-0.2883404826938722
Figure S10,K,GSE308578,rho,animal_label_allocation,283,0.7100886101597613
Figure S10,K,GSE308578,rho,animal_label_allocation,284,0.6972399569632267
Figure S10,K,GSE308578,rho,animal_label_allocation,285,0.4762848968342995
Figure S10,K,GSE308578,rho,animal_label_allocation,286,-0.4645867530934411
Figure S10,K,GSE308578,rho,animal_label_allocation,287,-0.5496139397030282
Figure S10,K,GSE308578,rho,animal_label_allocation,288,0.2164594051364049
Figure S10,K,GSE308578,rho,animal_label_allocation,289,0.2547348028700009
Figure S10,K,GSE308578,rho,animal_label_allocation,290,-0.6241167105111305
Figure S10,K,GSE308578,rho,animal_label_allocation,291,-0.0885899110687439
Figure S10,K,GSE308578,rho,animal_label_allocation,292,-0.6825384225015484
Figure S10,K,GSE308578,rho,animal_label_allocation,293,-0.0053727298570782
Figure S10,K,GSE308578,rho,animal_label_allocation,294,0.4829289423601671
Figure S10,K,GSE308578,rho,animal_label_allocation,295,-0.2951506899316838
Figure S10,K,GSE308578,rho,animal_label_allocation,296,-0.1495372722237303
Figure S10,K,GSE308578,rho,animal_label_allocation,297,0.2083368133652318
Figure S10,K,GSE308578,rho,animal_label_allocation,298,0.5046713377200222
Figure S10,K,GSE308578,rho,animal_label_allocation,299,-0.2478423868968729
Figure S10,K,GSE308578,rho,animal_label_allocation,300,-0.4289311393549255
Figure S10,K,GSE308578,rho,animal_label_allocation,301,-0.1980627082625126
Figure S10,K,GSE308578,rho,animal_label_allocation,302,0.2308581772912118
Figure S10,K,GSE308578,rho,animal_label_allocation,303,-0.0304645000789029
Figure S10,K,GSE308578,rho,animal_label_allocation,304,0.3376022117091973
Figure S10,K,GSE308578,rho,animal_label_allocation,305,0.2882253538854695
Figure S10,K,GSE308578,rho,animal_label_allocation,306,-0.3398591696202766
Figure S10,K,GSE308578,rho,animal_label_allocation,307,0.3159487296619806
Figure S10,K,GSE308578,rho,animal_label_allocation,308,0.6369832914344462
Figure S10,K,GSE308578,rho,animal_label_allocation,309,0.556713956867028
Figure S10,K,GSE308578,rho,animal_label_allocation,310,-0.2631247853436633
Figure S10,K,GSE308578,rho,animal_label_allocation,311,0.6354573371686265
Figure S10,K,GSE308578,rho,animal_label_allocation,312,0.441341035301508
Figure S10,K,GSE308578,rho,animal_label_allocation,313,0.7258556284981242
Figure S10,K,GSE308578,rho,animal_label_allocation,314,-0.4094180219287877
Figure S10,K,GSE308578,rho,animal_label_allocation,315,-0.2606692893457595
Figure S10,K,GSE308578,rho,animal_label_allocation,316,-0.5956208690116965
Figure S10,K,GSE308578,rho,animal_label_allocation,317,0.2303471757805349
Figure S10,K,GSE308578,rho,animal_label_allocation,318,0.3226860362175304
Figure S10,K,GSE308578,rho,animal_label_allocation,319,0.1409013746628345
Figure S10,K,GSE308578,rho,animal_label_allocation,320,0.2081177471263695
Figure S10,K,GSE308578,rho,animal_label_allocation,321,0.4791068808573058
Figure S10,K,GSE308578,rho,animal_label_allocation,322,-0.8190699381508328
Figure S10,K,GSE308578,rho,animal_label_allocation,323,0.1459488185667243
Figure S10,K,GSE308578,rho,animal_label_allocation,324,0.5666916918834967
Figure S10,K,GSE308578,rho,animal_label_allocation,325,0.5198308073834557
Figure S10,K,GSE308578,rho,animal_label_allocation,326,0.2563368099765067
Figure S10,K,GSE308578,rho,animal_label_allocation,327,0.033028098157625
Figure S10,K,GSE308578,rho,animal_label_allocation,328,0.2601858518317677
Figure S10,K,GSE308578,rho,animal_label_allocation,329,0.2187990544920962
Figure S10,K,GSE308578,rho,animal_label_allocation,330,-0.6276205979403707
Figure S10,K,GSE308578,rho,animal_label_allocation,331,-0.4104315325009381
Figure S10,K,GSE308578,rho,animal_label_allocation,332,0.2061582496209765
Figure S10,K,GSE308578,rho,animal_label_allocation,333,0.1200278497809183
Figure S10,K,GSE308578,rho,animal_label_allocation,334,-0.5154662207604446
Figure S10,K,GSE308578,rho,animal_label_allocation,335,-0.425047736528883
Figure S10,K,GSE308578,rho,animal_label_allocation,336,-0.5291962984862993
Figure S10,K,GSE308578,rho,animal_label_allocation,337,-0.2596054440134449
Figure S10,K,GSE308578,rho,animal_label_allocation,338,-0.363091610413769
Figure S10,K,GSE308578,rho,animal_label_allocation,339,-0.1220181729191384
Figure S10,K,GSE308578,rho,animal_label_allocation,340,-0.2637009584022886
Figure S10,K,GSE308578,rho,animal_label_allocation,341,-0.6009962872293283
Figure S10,K,GSE308578,rho,animal_label_allocation,342,-0.4763526140164499
Figure S10,K,GSE308578,rho,animal_label_allocation,343,-0.4165504827903356
Figure S10,K,GSE308578,rho,animal_label_allocation,344,0.4880345626796949
Figure S10,K,GSE308578,rho,animal_label_allocation,345,0.6965510881613676
Figure S10,K,GSE308578,rho,animal_label_allocation,346,0.4076381796855634
Figure S10,K,GSE308578,rho,animal_label_allocation,347,-0.5026768994583104
Figure S10,K,GSE308578,rho,animal_label_allocation,348,0.1335359693596859
Figure S10,K,GSE308578,rho,animal_label_allocation,349,-0.5465878300596898
Figure S10,K,GSE308578,rho,animal_label_allocation,350,-0.445246175692679
Figure S10,K,GSE308578,rho,animal_label_allocation,351,0.335730365046693
Figure S10,K,GSE308578,rho,animal_label_allocation,352,-0.6839559435711802
Figure S10,K,GSE308578,rho,animal_label_allocation,353,-0.421580086705048
Figure S10,K,GSE308578,rho,animal_label_allocation,354,-0.3692792737307278
Figure S10,K,GSE308578,rho,animal_label_allocation,355,0.1375091010177035
Figure S10,K,GSE308578,rho,animal_label_allocation,356,-0.504272001724215
Figure S10,K,GSE308578,rho,animal_label_allocation,357,0.4597142185410474
Figure S10,K,GSE308578,rho,animal_label_allocation,358,-0.0032303141568483
Figure S10,K,GSE308578,rho,animal_label_allocation,359,0.5456702197166151
Figure S10,K,GSE308578,rho,animal_label_allocation,360,-0.1992399522848996
Figure S10,K,GSE308578,rho,animal_label_allocation,361,0.1932305055799373
Figure S10,K,GSE308578,rho,animal_label_allocation,362,-0.5621588829822347
Figure S10,K,GSE308578,rho,animal_label_allocation,363,-0.7705028821040463
Figure S10,K,GSE308578,rho,animal_label_allocation,364,-0.2821030041407502
Figure S10,K,GSE308578,rho,animal_label_allocation,365,-0.7062886868215189
Figure S10,K,GSE308578,rho,animal_label_allocation,366,0.5609991473559239
Figure S10,K,GSE308578,rho,animal_label_allocation,367,-0.2457419971510882
Figure S10,K,GSE308578,rho,animal_label_allocation,368,-0.6879970579620475
Figure S10,K,GSE308578,rho,animal_label_allocation,369,-0.2973304512639358
Figure S10,K,GSE308578,rho,animal_label_allocation,370,0.4695198346711908
Figure S10,K,GSE308578,rho,animal_label_allocation,371,0.4070199193947276
Figure S10,K,GSE308578,rho,animal_label_allocation,372,-0.0978557970929051
Figure S10,K,GSE308578,rho,animal_label_allocation,373,-0.5039006617569406
Figure S10,K,GSE308578,rho,animal_label_allocation,374,0.4827461083659711
Figure S10,K,GSE308578,rho,animal_label_allocation,375,0.1598751046708326
Figure S10,K,GSE308578,rho,animal_label_allocation,376,0.5575554664849323
Figure S10,K,GSE308578,rho,animal_label_allocation,377,0.2617025593333964
Figure S10,K,GSE308578,rho,animal_label_allocation,378,0.3973817636370476
Figure S10,K,GSE308578,rho,animal_label_allocation,379,-0.3213181316178
Figure S10,K,GSE308578,rho,animal_label_allocation,380,-0.5086754608413221
Figure S10,K,GSE308578,rho,animal_label_allocation,381,0.2107873567036741
Figure S10,K,GSE308578,rho,animal_label_allocation,382,-0.176613306648282
Figure S10,K,GSE308578,rho,animal_label_allocation,383,-0.0968491916530664
Figure S10,K,GSE308578,rho,animal_label_allocation,384,-0.2063938080038591
Figure S10,K,GSE308578,rho,animal_label_allocation,385,-0.0112123912237144
Figure S10,K,GSE308578,rho,animal_label_allocation,386,-0.1182302661350164
Figure S10,K,GSE308578,rho,animal_label_allocation,387,-0.219637435133592
Figure S10,K,GSE308578,rho,animal_label_allocation,388,-0.268777234893546
Figure S10,K,GSE308578,rho,animal_label_allocation,389,-0.1975282061100535
Figure S10,K,GSE308578,rho,animal_label_allocation,390,0.1477639997257229
Figure S10,K,GSE308578,rho,animal_label_allocation,391,-0.6105959316119186
Figure S10,K,GSE308578,rho,animal_label_allocation,392,-0.5958623118433755
Figure S10,K,GSE308578,rho,animal_label_allocation,393,0.1730146386847147
Figure S10,K,GSE308578,rho,animal_label_allocation,394,-0.1041711430170915
Figure S10,K,GSE308578,rho,animal_label_allocation,395,0.3420036712917252
Figure S10,K,GSE308578,rho,animal_label_allocation,396,-0.5034592640784104
Figure S10,K,GSE308578,rho,animal_label_allocation,397,-0.1770226399331164
Figure S10,K,GSE308578,rho,animal_label_allocation,398,0.5713196140445258
Figure S10,K,GSE308578,rho,animal_label_allocation,399,-0.5267291472348458
Figure S10,K,GSE308578,rho,animal_label_allocation,400,0.1765918393610494
Figure S10,K,GSE308578,rho,animal_label_allocation,401,0.5725695063631491
Figure S10,K,GSE308578,rho,animal_label_allocation,402,-0.030416047908995
Figure S10,K,GSE308578,rho,animal_label_allocation,403,0.4937382930757547
Figure S10,K,GSE308578,rho,animal_label_allocation,404,0.5844783058868714
Figure S10,K,GSE308578,rho,animal_label_allocation,405,0.5622646322774599
Figure S10,K,GSE308578,rho,animal_label_allocation,406,0.2892177396653448
Figure S10,K,GSE308578,rho,animal_label_allocation,407,-0.7346562288765609
Figure S10,K,GSE308578,rho,animal_label_allocation,408,0.429144445681333
Figure S10,K,GSE308578,rho,animal_label_allocation,409,-0.5557990200450874
Figure S10,K,GSE308578,rho,animal_label_allocation,410,-0.0305582102127453
Figure S10,K,GSE308578,rho,animal_label_allocation,411,-0.1774839611701343
Figure S10,K,GSE308578,rho,animal_label_allocation,412,-0.2922364912064119
Figure S10,K,GSE308578,rho,animal_label_allocation,413,-0.4066837109419258
Figure S10,K,GSE308578,rho,animal_label_allocation,414,0.4083488858579107
Figure S10,K,GSE308578,rho,animal_label_allocation,415,-0.1724292754094013
Figure S10,K,GSE308578,rho,animal_label_allocation,416,0.5018006373826568
Figure S10,K,GSE308578,rho,animal_label_allocation,417,0.2564988955706311
Figure S10,K,GSE308578,rho,animal_label_allocation,418,0.5689193092971145
Figure S10,K,GSE308578,rho,animal_label_allocation,419,0.5479020231751761
Figure S10,K,GSE308578,rho,animal_label_allocation,420,0.2645649159970291
Figure S10,K,GSE308578,rho,animal_label_allocation,421,0.2917942528785353
Figure S10,K,GSE308578,rho,animal_label_allocation,422,-0.4830552300486518
Figure S10,K,GSE308578,rho,animal_label_allocation,423,-0.0031122734650697
Figure S10,K,GSE308578,rho,animal_label_allocation,424,0.1937122331236807
Figure S10,K,GSE308578,rho,animal_label_allocation,425,-0.7612139850412798
Figure S10,K,GSE308578,rho,animal_label_allocation,426,-0.1649076842264392
Figure S10,K,GSE308578,rho,animal_label_allocation,427,-0.4413684446596285
Figure S10,K,GSE308578,rho,animal_label_allocation,428,-0.2365853861041006
Figure S10,K,GSE308578,rho,animal_label_allocation,429,0.4556142635727571
Figure S10,K,GSE308578,rho,animal_label_allocation,430,-0.6177762674541218
Figure S10,K,GSE308578,rho,animal_label_allocation,431,0.6003687648149777
Figure S10,K,GSE308578,rho,animal_label_allocation,432,0.3976733825348902
Figure S10,K,GSE308578,rho,animal_label_allocation,433,0.3778906830775403
Figure S10,K,GSE308578,rho,animal_label_allocation,434,0.4475512559177573
Figure S10,K,GSE308578,rho,animal_label_allocation,435,0.0196728107981046
Figure S10,K,GSE308578,rho,animal_label_allocation,436,-0.1290733932337046
Figure S10,K,GSE308578,rho,animal_label_allocation,437,-0.5904690570494248
Figure S10,K,GSE308578,rho,animal_label_allocation,438,-0.408171701185299
Figure S10,K,GSE308578,rho,animal_label_allocation,439,-0.0619058038144136
Figure S10,K,GSE308578,rho,animal_label_allocation,440,-0.3783021567863497
Figure S10,K,GSE308578,rho,animal_label_allocation,441,0.3661986525358767
Figure S10,K,GSE308578,rho,animal_label_allocation,442,0.4083006406968466
Figure S10,K,GSE308578,rho,animal_label_allocation,443,-0.3889446099495854
Figure S10,K,GSE308578,rho,animal_label_allocation,444,-0.5011691586954655
Figure S10,K,GSE308578,rho,animal_label_allocation,445,0.2784682812639193
Figure S10,K,GSE308578,rho,animal_label_allocation,446,0.7135935420347497
Figure S10,K,GSE308578,rho,animal_label_allocation,447,-0.5726105473778589
Figure S10,K,GSE308578,rho,animal_label_allocation,448,0.0503244580995443
Figure S10,K,GSE308578,rho,animal_label_allocation,449,0.2102949780324858
Figure S10,K,GSE308578,rho,animal_label_allocation,450,-0.0696508012892411
Figure S10,K,GSE308578,rho,animal_label_allocation,451,-0.127228298334517
Figure S10,K,GSE308578,rho,animal_label_allocation,452,0.139911111758598
Figure S10,K,GSE308578,rho,animal_label_allocation,453,0.2661971267044481
Figure S10,K,GSE308578,rho,animal_label_allocation,454,0.5860524852580787
Figure S10,K,GSE308578,rho,animal_label_allocation,455,0.3144865366098147
Figure S10,K,GSE308578,rho,animal_label_allocation,456,0.2994135210025387
Figure S10,K,GSE308578,rho,animal_label_allocation,457,0.6798655415507959
Figure S10,K,GSE308578,rho,animal_label_allocation,458,0.6806224114755247
Figure S10,K,GSE308578,rho,animal_label_allocation,459,0.6837300646041363
Figure S10,K,GSE308578,rho,animal_label_allocation,460,-0.2438230775513561
Figure S10,K,GSE308578,rho,animal_label_allocation,461,0.3839825602125494
Figure S10,K,GSE308578,rho,animal_label_allocation,462,0.4725800790713186
Figure S10,K,GSE308578,rho,animal_label_allocation,463,-0.0667802709243298
Figure S10,K,GSE308578,rho,animal_label_allocation,464,-0.3777495025097585
Figure S10,K,GSE308578,rho,animal_label_allocation,465,0.5257252115562231
Figure S10,K,GSE308578,rho,animal_label_allocation,466,-0.4855215441648227
Figure S10,K,GSE308578,rho,animal_label_allocation,467,-0.6376876461137696
Figure S10,K,GSE308578,rho,animal_label_allocation,468,-0.6568068233792763
Figure S10,K,GSE308578,rho,animal_label_allocation,469,0.5291652228353357
Figure S10,K,GSE308578,rho,animal_label_allocation,470,-0.1938002476038859
Figure S10,K,GSE308578,rho,animal_label_allocation,471,-0.4326005295066791
Figure S10,K,GSE308578,rho,animal_label_allocation,472,0.0204845638901951
Figure S10,K,GSE308578,rho,animal_label_allocation,473,0.4798235491013365
Figure S10,K,GSE308578,rho,animal_label_allocation,474,-0.7439377441233509
Figure S10,K,GSE308578,rho,animal_label_allocation,475,-0.620661660732827
Figure S10,K,GSE308578,rho,animal_label_allocation,476,-0.2965881008886672
Figure S10,K,GSE308578,rho,animal_label_allocation,477,-0.3517688675406787
Figure S10,K,GSE308578,rho,animal_label_allocation,478,-0.2465062756694186
Figure S10,K,GSE308578,rho,animal_label_allocation,479,-0.7028493764938634
Figure S10,K,GSE308578,rho,animal_label_allocation,480,0.1377366468393733
Figure S10,K,GSE308578,rho,animal_label_allocation,481,-0.0984043332836962
Figure S10,K,GSE308578,rho,animal_label_allocation,482,0.0754845165893403
Figure S10,K,GSE308578,rho,animal_label_allocation,483,0.3985816144843354
Figure S10,K,GSE308578,rho,animal_label_allocation,484,-0.7238399372528065
Figure S10,K,GSE308578,rho,animal_label_allocation,485,-0.1223837678134279
Figure S10,K,GSE308578,rho,animal_label_allocation,486,-0.2476831496235974
Figure S10,K,GSE308578,rho,animal_label_allocation,487,-0.7307329942627511
Figure S10,K,GSE308578,rho,animal_label_allocation,488,-0.7196998061502187
Figure S10,K,GSE308578,rho,animal_label_allocation,489,-0.7637472010427895
Figure S10,K,GSE308578,rho,animal_label_allocation,490,-0.321235745542531
Figure S10,K,GSE308578,rho,animal_label_allocation,491,-0.0023150253809962
Figure S10,K,GSE308578,rho,animal_label_allocation,492,-0.7327206022841881
Figure S10,K,GSE308578,rho,animal_label_allocation,493,-0.1453707500875993
Figure S10,K,GSE308578,rho,animal_label_allocation,494,0.2943518283808763
Figure S10,K,GSE308578,rho,animal_label_allocation,495,0.1305175200479414
Figure S10,K,GSE308578,rho,animal_label_allocation,496,-0.4370809472572793
Figure S10,K,GSE308578,rho,animal_label_allocation,497,-0.2763344306977603
Figure S10,K,GSE308578,rho,animal_label_allocation,498,-0.5682940308999895
Figure S10,K,GSE308578,rho,animal_label_allocation,499,0.3336506953988802
Figure S10,K,GSE308578,rho,animal_label_allocation,500,-0.5493286111326545
Figure S10,K,GSE308578,rho,animal_label_allocation,501,0.1586851072094293
Figure S10,K,GSE308578,rho,animal_label_allocation,502,0.500914143540289
Figure S10,K,GSE308578,rho,animal_label_allocation,503,-0.764106084090108
Figure S10,K,GSE308578,rho,animal_label_allocation,504,-0.3609239964184982
Figure S10,K,GSE308578,rho,animal_label_allocation,505,-0.7882064977879512
Figure S10,K,GSE308578,rho,animal_label_allocation,506,-0.0513713937933743
Figure S10,K,GSE308578,rho,animal_label_allocation,507,-0.2410322232467858
Figure S10,K,GSE308578,rho,animal_label_allocation,508,0.589121589440213
Figure S10,K,GSE308578,rho,animal_label_allocation,509,-0.3900160881426927
Figure S10,K,GSE308578,rho,animal_label_allocation,510,-0.6207760944533309
Figure S10,K,GSE308578,rho,animal_label_allocation,511,0.1612675678427543
Figure S10,K,GSE308578,rho,animal_label_allocation,512,-0.5393723479379807
Figure S10,K,GSE308578,rho,animal_label_allocation,513,-0.4645224256450162
Figure S10,K,GSE308578,rho,animal_label_allocation,514,-0.5935522561331842
Figure S10,K,GSE308578,rho,animal_label_allocation,515,-0.4333256344642331
Figure S10,K,GSE308578,rho,animal_label_allocation,516,-0.2185258136509635
Figure S10,K,GSE308578,rho,animal_label_allocation,517,-0.8417936444769367
Figure S10,K,GSE308578,rho,animal_label_allocation,518,-0.7508291830037758
Figure S10,K,GSE308578,rho,animal_label_allocation,519,-0.5061144631720133
Figure S10,K,GSE308578,rho,animal_label_allocation,520,-0.5095465314671356
Figure S10,K,GSE308578,rho,animal_label_allocation,521,-0.6808608422379754
Figure S10,K,GSE308578,rho,animal_label_allocation,522,-0.7361198597966443
Figure S10,K,GSE308578,rho,animal_label_allocation,523,-0.244576566500271
Figure S10,K,GSE308578,rho,animal_label_allocation,524,-0.536311951969615
Figure S10,K,GSE308578,rho,animal_label_allocation,525,-0.8434185459837484
Figure S10,K,GSE308578,rho,animal_label_allocation,526,-0.1859737145064238
Figure S10,K,GSE308578,rho,animal_label_allocation,527,-0.404544964487555
Figure S10,K,GSE308578,rho,animal_label_allocation,528,-0.8158272315761387
Figure S10,K,GSE308578,rho,animal_label_allocation,529,-0.3993114244630685
Figure S10,K,GSE308578,rho,animal_label_allocation,530,-0.7075227233484127
Figure S10,K,GSE308578,rho,animal_label_allocation,531,0.3292924944525023
Figure S10,K,GSE308578,rho,animal_label_allocation,532,-0.0908056697018084
Figure S10,K,GSE308578,rho,animal_label_allocation,533,-0.7263333457780874
Figure S10,K,GSE308578,rho,animal_label_allocation,534,-0.3682120258905036
Figure S10,K,GSE308578,rho,animal_label_allocation,535,-0.5783012791861702
Figure S10,K,GSE308578,rho,animal_label_allocation,536,-0.6807167388202638
Figure S10,K,GSE308578,rho,animal_label_allocation,537,-0.5474386101361445
Figure S10,K,GSE308578,rho,animal_label_allocation,538,-0.3296530321372584
Figure S10,K,GSE308578,rho,animal_label_allocation,539,-0.6028107681048372
Figure S10,K,GSE308578,rho,animal_label_allocation,540,-0.298445236046332
Figure S10,K,GSE308578,rho,animal_label_allocation,541,-0.0064187048340301
Figure S10,K,GSE308578,rho,animal_label_allocation,542,0.423334374546833
Figure S10,K,GSE308578,rho,animal_label_allocation,543,0.3323606907284628
Figure S10,K,GSE308578,rho,animal_label_allocation,544,-0.7161878053101569
Figure S10,K,GSE308578,rho,animal_label_allocation,545,0.4857760651928886
Figure S10,K,GSE308578,rho,animal_label_allocation,546,-0.3023341175473691
Figure S10,K,GSE308578,rho,animal_label_allocation,547,0.1305152092614495
Figure S10,K,GSE308578,rho,animal_label_allocation,548,0.2597818829671001
Figure S10,K,GSE308578,rho,animal_label_allocation,549,-0.1605665587423073
Figure S10,K,GSE308578,rho,animal_label_allocation,550,0.3084915929813632
Figure S10,K,GSE308578,rho,animal_label_allocation,551,0.6606047023305465
Figure S10,K,GSE308578,rho,animal_label_allocation,552,-0.0674513319077212
Figure S10,K,GSE308578,rho,animal_label_allocation,553,-0.8087207144070883
Figure S10,K,GSE308578,rho,animal_label_allocation,554,-0.7439749276291853
Figure S10,K,GSE308578,rho,animal_label_allocation,555,0.3494365283772803
Figure S10,K,GSE308578,rho,animal_label_allocation,556,-0.3853052406250198
Figure S10,K,GSE308578,rho,animal_label_allocation,557,-0.4939806300427676
Figure S10,K,GSE308578,rho,animal_label_allocation,558,-0.1641708240553043
Figure S10,K,GSE308578,rho,animal_label_allocation,559,0.6474296977541193
Figure S10,K,GSE308578,rho,animal_label_allocation,560,0.498246725161325
Figure S10,K,GSE308578,rho,animal_label_allocation,561,-0.7769720439469558
Figure S10,K,GSE308578,rho,animal_label_allocation,562,-0.1862688293508136
Figure S10,K,GSE308578,rho,animal_label_allocation,563,-0.4171770418668461
Figure S10,K,GSE308578,rho,animal_label_allocation,564,0.0176964519408666
Figure S10,K,GSE308578,rho,animal_label_allocation,565,0.2660289010351572
Figure S10,K,GSE308578,rho,animal_label_allocation,566,-0.0223148935318606
Figure S10,K,GSE308578,rho,animal_label_allocation,567,0.0531808271907492
Figure S10,K,GSE308578,rho,animal_label_allocation,568,-0.5036045625333171
Figure S10,K,GSE308578,rho,animal_label_allocation,569,-0.1696388502406947
Figure S10,K,GSE308578,rho,animal_label_allocation,570,-0.3827518063800701
Figure S10,K,GSE308578,rho,animal_label_allocation,571,0.0430576719589936
Figure S10,K,GSE308578,rho,animal_label_allocation,572,0.119957491047168
Figure S10,K,GSE308578,rho,animal_label_allocation,573,-0.6780372688702465
Figure S10,K,GSE308578,rho,animal_label_allocation,574,-0.1164839166732088
Figure S10,K,GSE308578,rho,animal_label_allocation,575,-0.2794925359951689
Figure S10,K,GSE308578,rho,animal_label_allocation,576,0.2324494594317021
Figure S10,K,GSE308578,rho,animal_label_allocation,577,0.3488122676771204
Figure S10,K,GSE308578,rho,animal_label_allocation,578,-0.3584123662914353
Figure S10,K,GSE308578,rho,animal_label_allocation,579,0.0224093193711197
Figure S10,K,GSE308578,rho,animal_label_allocation,580,0.4246557954670462
Figure S10,K,GSE308578,rho,animal_label_allocation,581,0.3172978274059079
Figure S10,K,GSE308578,rho,animal_label_allocation,582,0.1249707309852386
Figure S10,K,GSE308578,rho,animal_label_allocation,583,-0.2456005584833401
Figure S10,K,GSE308578,rho,animal_label_allocation,584,0.1049348847422147
Figure S10,K,GSE308578,rho,animal_label_allocation,585,-0.0849526232065461
Figure S10,K,GSE308578,rho,animal_label_allocation,586,0.5984217112455884
Figure S10,K,GSE308578,rho,animal_label_allocation,587,-0.25193093527133
Figure S10,K,GSE308578,rho,animal_label_allocation,588,-0.8064296906937383
Figure S10,K,GSE308578,rho,animal_label_allocation,589,-0.3953954223504186
Figure S10,K,GSE308578,rho,animal_label_allocation,590,0.3737632117315026
Figure S10,K,GSE308578,rho,animal_label_allocation,591,-0.7573755854526479
Figure S10,K,GSE308578,rho,animal_label_allocation,592,-0.0680154608756521
Figure S10,K,GSE308578,rho,animal_label_allocation,593,-0.6408433377708337
Figure S10,K,GSE308578,rho,animal_label_allocation,594,-0.6789807224520054
Figure S10,K,GSE308578,rho,animal_label_allocation,595,0.1560976018129366
Figure S10,K,GSE308578,rho,animal_label_allocation,596,-0.0497401154873731
Figure S10,K,GSE308578,rho,animal_label_allocation,597,0.6656457873770115
Figure S10,K,GSE308578,rho,animal_label_allocation,598,-0.4324080619164404
Figure S10,K,GSE308578,rho,animal_label_allocation,599,0.0792557020388167
Figure S10,K,GSE308578,rho,animal_label_allocation,600,-0.5244674572062318
Figure S10,K,GSE308578,rho,animal_label_allocation,601,-0.1866656976824783
Figure S10,K,GSE308578,rho,animal_label_allocation,602,-0.3436669081345789
Figure S10,K,GSE308578,rho,animal_label_allocation,603,0.081984628504909
Figure S10,K,GSE308578,rho,animal_label_allocation,604,-0.6465641083122987
Figure S10,K,GSE308578,rho,animal_label_allocation,605,-0.7936015158405644
Figure S10,K,GSE308578,rho,animal_label_allocation,606,-0.596814519036873
Figure S10,K,GSE308578,rho,animal_label_allocation,607,-0.612017571995206
Figure S10,K,GSE308578,rho,animal_label_allocation,608,-0.0121154763424853
Figure S10,K,GSE308578,rho,animal_label_allocation,609,-0.8026768959010673
Figure S10,K,GSE308578,rho,animal_label_allocation,610,0.4807678196860646
Figure S10,K,GSE308578,rho,animal_label_allocation,611,-0.2915489327189425
Figure S10,K,GSE308578,rho,animal_label_allocation,612,0.2667839740689536
Figure S10,K,GSE308578,rho,animal_label_allocation,613,-0.8201164225810278
Figure S10,K,GSE308578,rho,animal_label_allocation,614,0.2737840119058272
Figure S10,K,GSE308578,rho,animal_label_allocation,615,0.3632646593061127
Figure S10,K,GSE308578,rho,animal_label_allocation,616,0.1779038602323197
Figure S10,K,GSE308578,rho,animal_label_allocation,617,0.537558110288881
Figure S10,K,GSE308578,rho,animal_label_allocation,618,-0.6543056459885754
Figure S10,K,GSE308578,rho,animal_label_allocation,619,-0.2191760483157735
Figure S10,K,GSE308578,rho,animal_label_allocation,620,-0.7878605120014803
Figure S10,K,GSE308578,rho,animal_label_allocation,621,-0.8097782376246407
Figure S10,K,GSE308578,rho,animal_label_allocation,622,-0.7646251026604656
Figure S10,K,GSE308578,rho,animal_label_allocation,623,-0.6213624710865858
Figure S10,K,GSE308578,rho,animal_label_allocation,624,-0.424000330510679
Figure S10,K,GSE308578,rho,animal_label_allocation,625,-0.6334376889394381
Figure S10,K,GSE308578,rho,animal_label_allocation,626,-0.3212410010282438
Figure S10,K,GSE308578,rho,animal_label_allocation,627,0.1465197915231937
Figure S10,K,GSE308578,rho,animal_label_allocation,628,-0.3092229018990682
Figure S10,K,GSE308578,rho,animal_label_allocation,629,-0.4856251060081565
Figure S10,K,GSE308578,rho,animal_label_allocation,630,-0.0884927233511175
Figure S10,K,GSE308578,rho,animal_label_allocation,631,-0.7075838552078884
Figure S10,K,GSE308578,rho,animal_label_allocation,632,-0.788215209861726
Figure S10,K,GSE308578,rho,animal_label_allocation,633,-0.1882303356166189
Figure S10,K,GSE308578,rho,animal_label_allocation,634,-0.375867089875167
Figure S10,K,GSE308578,rho,animal_label_allocation,635,0.1111998373670647
Figure S10,K,GSE308578,rho,animal_label_allocation,636,-0.2879812802927139
Figure S10,K,GSE308578,rho,animal_label_allocation,637,-0.3118651094595385
Figure S10,K,GSE308578,rho,animal_label_allocation,638,-0.6673927599470381
Figure S10,K,GSE308578,rho,animal_label_allocation,639,-0.6026980690050067
Figure S10,K,GSE308578,rho,animal_label_allocation,640,-0.2975679370528455
Figure S10,K,GSE308578,rho,animal_label_allocation,641,-0.7905679643422548
Figure S10,K,GSE308578,rho,animal_label_allocation,642,-0.715305182596816
Figure S10,K,GSE308578,rho,animal_label_allocation,643,-0.6221844109150313
Figure S10,K,GSE308578,rho,animal_label_allocation,644,-0.4162085440878203
Figure S10,K,GSE308578,rho,animal_label_allocation,645,-0.4824853434851827
Figure S10,K,GSE308578,rho,animal_label_allocation,646,-0.2814755329418504
Figure S10,K,GSE308578,rho,animal_label_allocation,647,-0.5758268192505601
Figure S10,K,GSE308578,rho,animal_label_allocation,648,-0.7799909652736804
Figure S10,K,GSE308578,rho,animal_label_allocation,649,-0.607750023084845
Figure S10,K,GSE308578,rho,animal_label_allocation,650,-0.7049132156659728
Figure S10,K,GSE308578,rho,animal_label_allocation,651,-0.0554725079505224
Figure S10,K,GSE308578,rho,animal_label_allocation,652,-0.5198520398717454
Figure S10,K,GSE308578,rho,animal_label_allocation,653,-0.1735585831311222
Figure S10,K,GSE308578,rho,animal_label_allocation,654,-0.5093657523764545
Figure S10,K,GSE308578,rho,animal_label_allocation,655,-0.6700170056475021
Figure S10,K,GSE308578,rho,animal_label_allocation,656,-0.4639957237511635
Figure S10,K,GSE308578,rho,animal_label_allocation,657,0.2663490505871906
Figure S10,K,GSE308578,rho,animal_label_allocation,658,-0.4204398907470435
Figure S10,K,GSE308578,rho,animal_label_allocation,659,-0.7832799946848455
Figure S10,K,GSE308578,rho,animal_label_allocation,660,-0.6895036547977933
Figure S10,K,GSE308578,rho,animal_label_allocation,661,-0.7021014995930194
Figure S10,K,GSE308578,rho,animal_label_allocation,662,-0.8143816888517147
Figure S10,K,GSE308578,rho,animal_label_allocation,663,-0.571448007788234
Figure S10,K,GSE308578,rho,animal_label_allocation,664,-0.7850302093718144
Figure S10,K,GSE308578,rho,animal_label_allocation,665,-0.600360632500486
Figure S10,K,GSE308578,rho,animal_label_allocation,666,-0.7021898817814153
Figure S10,K,GSE308578,rho,animal_label_allocation,667,0.002196331000767
Figure S10,K,GSE308578,rho,animal_label_allocation,668,-0.6019169856443009
Figure S10,K,GSE308578,rho,animal_label_allocation,669,-0.2124409823006767
Figure S10,K,GSE308578,rho,animal_label_allocation,670,-0.7597493721775769
Figure S10,K,GSE308578,rho,animal_label_allocation,671,-0.5943687264690986
Figure S10,K,GSE308578,rho,animal_label_allocation,672,0.1547132004637074
Figure S10,K,GSE308578,rho,animal_label_allocation,673,-0.72917202579348
Figure S10,K,GSE308578,rho,animal_label_allocation,674,-0.7574887002490507
Figure S10,K,GSE308578,rho,animal_label_allocation,675,0.0084293265782313
Figure S10,K,GSE308578,rho,animal_label_allocation,676,0.4990712594475858
Figure S10,K,GSE308578,rho,animal_label_allocation,677,-0.102783509695703
Figure S10,K,GSE308578,rho,animal_label_allocation,678,-0.1478245603712958
Figure S10,K,GSE308578,rho,animal_label_allocation,679,-0.4452593125134163
Figure S10,K,GSE308578,rho,animal_label_allocation,680,0.4977532530456182
Figure S10,K,GSE308578,rho,animal_label_allocation,681,-0.4096359829789113
Figure S10,K,GSE308578,rho,animal_label_allocation,682,-0.5168957947711258
Figure S10,K,GSE308578,rho,animal_label_allocation,683,-0.6990861346434013
Figure S10,K,GSE308578,rho,animal_label_allocation,684,0.2474768573455313
Figure S10,K,GSE308578,rho,animal_label_allocation,685,-0.7306977713755741
Figure S10,K,GSE308578,rho,animal_label_allocation,686,-0.4988147051874212
Figure S10,K,GSE308578,rho,animal_label_allocation,687,-0.4803428038838133
Figure S10,K,GSE308578,rho,animal_label_allocation,688,0.1055668586925787
Figure S10,K,GSE308578,rho,animal_label_allocation,689,-0.1400533778805076
Figure S10,K,GSE308578,rho,animal_label_allocation,690,0.583290512753034
Figure S10,K,GSE308578,rho,animal_label_allocation,691,0.5549570649012499
Figure S10,K,GSE308578,rho,animal_label_allocation,692,-0.0065044365055302
Figure S10,K,GSE308578,rho,animal_label_allocation,693,-0.1370775938867444
Figure S10,K,GSE308578,rho,animal_label_allocation,694,0.1902399357025949
Figure S10,K,GSE308578,rho,animal_label_allocation,695,-0.5915549740702051
Figure S10,K,GSE308578,rho,animal_label_allocation,696,0.2100111985101188
Figure S10,K,GSE308578,rho,animal_label_allocation,697,-0.2922452478374177
Figure S10,K,GSE308578,rho,animal_label_allocation,698,-0.289056301192543
Figure S10,K,GSE308578,rho,animal_label_allocation,699,0.358866904857677
Figure S10,K,GSE308578,rho,animal_label_allocation,700,0.4990715151716626
Figure S10,K,GSE308578,rho,animal_label_allocation,701,-0.1742811842587463
Figure S10,K,GSE308578,rho,animal_label_allocation,702,-0.7161438127076153
Figure S10,K,GSE308578,rho,animal_label_allocation,703,0.1501282842030392
Figure S10,K,GSE308578,rho,animal_label_allocation,704,0.5458676953370518
Figure S10,K,GSE308578,rho,animal_label_allocation,705,-0.4494402302702328
Figure S10,K,GSE308578,rho,animal_label_allocation,706,-0.1575848421358448
Figure S10,K,GSE308578,rho,animal_label_allocation,707,-0.750772644162798
Figure S10,K,GSE308578,rho,animal_label_allocation,708,0.1002562625201743
Figure S10,K,GSE308578,rho,animal_label_allocation,709,-0.1324020127408999
Figure S10,K,GSE308578,rho,animal_label_allocation,710,0.425268467394314
Figure S10,K,GSE308578,rho,animal_label_allocation,711,-0.1755221778023814
Figure S10,K,GSE308578,rho,animal_label_allocation,712,0.5328847415529687
Figure S10,K,GSE308578,rho,animal_label_allocation,713,-0.6734709004917031
Figure S10,K,GSE308578,rho,animal_label_allocation,714,0.4433247520347786
Figure S10,K,GSE308578,rho,animal_label_allocation,715,-0.250393779388916
Figure S10,K,GSE308578,rho,animal_label_allocation,716,-0.6356609869070742
Figure S10,K,GSE308578,rho,animal_label_allocation,717,-0.4999682776609985
Figure S10,K,GSE308578,rho,animal_label_allocation,718,0.4064624948994564
Figure S10,K,GSE308578,rho,animal_label_allocation,719,-0.824983181002366
Figure S10,K,GSE308578,rho,animal_label_allocation,720,-0.0129303465208706
Figure S10,K,GSE308578,rho,animal_label_allocation,721,-0.6019017907326484
Figure S10,K,GSE308578,rho,animal_label_allocation,722,-0.2322351448977332
Figure S10,K,GSE308578,rho,animal_label_allocation,723,-0.6523461874750182
Figure S10,K,GSE308578,rho,animal_label_allocation,724,-0.4272507671867395
Figure S10,K,GSE308578,rho,animal_label_allocation,725,0.4896790999201338
Figure S10,K,GSE308578,rho,animal_label_allocation,726,-0.6415805886870841
Figure S10,K,GSE308578,rho,animal_label_allocation,727,-0.1039314802133543
Figure S10,K,GSE308578,rho,animal_label_allocation,728,0.366502436702769
Figure S10,K,GSE308578,rho,animal_label_allocation,729,-0.3769602522743963
Figure S10,K,GSE308578,rho,animal_label_allocation,730,-0.6673779479036718
Figure S10,K,GSE308578,rho,animal_label_allocation,731,-0.3916038784005928
Figure S10,K,GSE308578,rho,animal_label_allocation,732,-0.3951583860846151
Figure S10,K,GSE308578,rho,animal_label_allocation,733,0.2694285647042727
Figure S10,K,GSE308578,rho,animal_label_allocation,734,0.0348142780133279
Figure S10,K,GSE308578,rho,animal_label_allocation,735,-0.3528904303084236
Figure S10,K,GSE308578,rho,animal_label_allocation,736,-0.6527965604527812
Figure S10,K,GSE308578,rho,animal_label_allocation,737,0.0796796104779362
Figure S10,K,GSE308578,rho,animal_label_allocation,738,-0.6682970255661235
Figure S10,K,GSE308578,rho,animal_label_allocation,739,-0.3438281791596412
Figure S10,K,GSE308578,rho,animal_label_allocation,740,0.1314873048614416
Figure S10,K,GSE308578,rho,animal_label_allocation,741,0.1985310161916312
Figure S10,K,GSE308578,rho,animal_label_allocation,742,-0.0073528155860441
Figure S10,K,GSE308578,rho,animal_label_allocation,743,-0.5674815376238105
Figure S10,K,GSE308578,rho,animal_label_allocation,744,-0.3787928076739292
Figure S10,K,GSE308578,rho,animal_label_allocation,745,0.1389680686213446
Figure S10,K,GSE308578,rho,animal_label_allocation,746,-0.1305858554511742
Figure S10,K,GSE308578,rho,animal_label_allocation,747,-0.5172526814561552
Figure S10,K,GSE308578,rho,animal_label_allocation,748,-0.4694812744639106
Figure S10,K,GSE308578,rho,animal_label_allocation,749,-0.8317635610405146
Figure S10,K,GSE308578,rho,animal_label_allocation,750,-0.1433615525775282
Figure S10,K,GSE308578,rho,animal_label_allocation,751,-0.2199352106058201
Figure S10,K,GSE308578,rho,animal_label_allocation,752,-0.5341892359239955
Figure S10,K,GSE308578,rho,animal_label_allocation,753,-0.4192723405823958
Figure S10,K,GSE308578,rho,animal_label_allocation,754,-0.4755768766317656
Figure S10,K,GSE308578,rho,animal_label_allocation,755,-0.7516620458400596
Figure S10,K,GSE308578,rho,animal_label_allocation,756,0.0022388424678793
Figure S10,K,GSE308578,rho,animal_label_allocation,757,-0.6897155654247645
Figure S10,K,GSE308578,rho,animal_label_allocation,758,-0.5594601357853844
Figure S10,K,GSE308578,rho,animal_label_allocation,759,-0.4144616009885276
Figure S10,K,GSE308578,rho,animal_label_allocation,760,-0.5609632835966779
Figure S10,K,GSE308578,rho,animal_label_allocation,761,-0.2759073922247758
Figure S10,K,GSE308578,rho,animal_label_allocation,762,-0.7130493361682606
Figure S10,K,GSE308578,rho,animal_label_allocation,763,-0.8229179718299519
Figure S10,K,GSE308578,rho,animal_label_allocation,764,-0.6013670926484265
Figure S10,K,GSE308578,rho,animal_label_allocation,765,-0.4188673600113897
Figure S10,K,GSE308578,rho,animal_label_allocation,766,-0.7182710072235494
Figure S10,K,GSE308578,rho,animal_label_allocation,767,-0.8595661318671802
Figure S10,K,GSE308578,rho,animal_label_allocation,768,-0.7697498245147203
Figure S10,K,GSE308578,rho,animal_label_allocation,769,-0.640268318681464
Figure S10,K,GSE308578,rho,animal_label_allocation,770,-0.7447517805736504
Figure S10,K,GSE308578,rho,animal_label_allocation,771,-0.0354087130521625
Figure S10,K,GSE308578,rho,animal_label_allocation,772,-0.6763650101500362
Figure S10,K,GSE308578,rho,animal_label_allocation,773,0.349417263014311
Figure S10,K,GSE308578,rho,animal_label_allocation,774,0.0290630823331279
Figure S10,K,GSE308578,rho,animal_label_allocation,775,-0.3024496354848263
Figure S10,K,GSE308578,rho,animal_label_allocation,776,-0.2184838734351538
Figure S10,K,GSE308578,rho,animal_label_allocation,777,0.0591977979618205
Figure S10,K,GSE308578,rho,animal_label_allocation,778,-0.2625257109954514
Figure S10,K,GSE308578,rho,animal_label_allocation,779,0.4391903172723542
Figure S10,K,GSE308578,rho,animal_label_allocation,780,-0.2415784394030669
Figure S10,K,GSE308578,rho,animal_label_allocation,781,-0.4891200989866637
Figure S10,K,GSE308578,rho,animal_label_allocation,782,0.1585252197532087
Figure S10,K,GSE308578,rho,animal_label_allocation,783,-0.8226603454900708
Figure S10,K,GSE308578,rho,animal_label_allocation,784,-0.5791618873071092
Figure S10,K,GSE308578,rho,animal_label_allocation,785,0.0026301807151291
Figure S10,K,GSE308578,rho,animal_label_allocation,786,-0.4982253559609119
Figure S10,K,GSE308578,rho,animal_label_allocation,787,0.0299174693254036
Figure S10,K,GSE308578,rho,animal_label_allocation,788,-0.3968050249407078
Figure S10,K,GSE308578,rho,animal_label_allocation,789,-0.3555956599896425
Figure S10,K,GSE308578,rho,animal_label_allocation,790,-0.7075589641977669
Figure S10,K,GSE308578,rho,animal_label_allocation,791,-0.1144709678183538
Figure S10,K,GSE308578,rho,animal_label_allocation,792,-0.272604221233213
Figure S10,K,GSE308578,rho,animal_label_allocation,793,0.5039079437459769
Figure S10,K,GSE308578,rho,animal_label_allocation,794,-0.0520323940579396
Figure S10,K,GSE308578,rho,animal_label_allocation,795,-0.4776978537372345
Figure S10,K,GSE308578,rho,animal_label_allocation,796,-0.0101056522718152
Figure S10,K,GSE308578,rho,animal_label_allocation,797,-0.1101585972960486
Figure S10,K,GSE308578,rho,animal_label_allocation,798,-0.5810838661345122
Figure S10,K,GSE308578,rho,animal_label_allocation,799,0.3383550969465265
Figure S10,K,GSE308578,rho,animal_label_allocation,800,-0.7482168730449436
Figure S10,K,GSE308578,rho,animal_label_allocation,801,-0.2863746745597558
Figure S10,K,GSE308578,rho,animal_label_allocation,802,-0.6939694979109704
Figure S10,K,GSE308578,rho,animal_label_allocation,803,-0.7784366351041206
Figure S10,K,GSE308578,rho,animal_label_allocation,804,-0.1861626562617569
Figure S10,K,GSE308578,rho,animal_label_allocation,805,-0.7691711232670974
Figure S10,K,GSE308578,rho,animal_label_allocation,806,-0.7167074923266131
Figure S10,K,GSE308578,rho,animal_label_allocation,807,-0.7245750536551434
Figure S10,K,GSE308578,rho,animal_label_allocation,808,-0.2534505183262962
Figure S10,K,GSE308578,rho,animal_label_allocation,809,-0.4359740398401364
Figure S10,K,GSE308578,rho,animal_label_allocation,810,0.1651690026338474
Figure S10,K,GSE308578,rho,animal_label_allocation,811,-0.2144447559660776
Figure S10,K,GSE308578,rho,animal_label_allocation,812,-0.7735764222959279
Figure S10,K,GSE308578,rho,animal_label_allocation,813,-0.7288433233110928
Figure S10,K,GSE308578,rho,animal_label_allocation,814,-0.3769477813066746
Figure S10,K,GSE308578,rho,animal_label_allocation,815,0.3362764576298781
Figure S10,K,GSE308578,rho,animal_label_allocation,816,-0.5062451860908141
Figure S10,K,GSE308578,rho,animal_label_allocation,817,-0.779923694780222
Figure S10,K,GSE308578,rho,animal_label_allocation,818,0.0327176247562251
Figure S10,K,GSE308578,rho,animal_label_allocation,819,-0.5141879183401401
Figure S10,K,GSE308578,rho,animal_label_allocation,820,-0.7423246156231459
Figure S10,K,GSE308578,rho,animal_label_allocation,821,0.4133614199480716
Figure S10,K,GSE308578,rho,animal_label_allocation,822,-0.7426167377081357
Figure S10,K,GSE308578,rho,animal_label_allocation,823,-0.1243161283225882
Figure S10,K,GSE308578,rho,animal_label_allocation,824,0.1242609696150495
Figure S10,K,GSE308578,rho,animal_label_allocation,825,-0.3529923155150316
Figure S10,K,GSE308578,rho,animal_label_allocation,826,0.4424966585106389
Figure S10,K,GSE308578,rho,animal_label_allocation,827,0.2353153368862289
Figure S10,K,GSE308578,rho,animal_label_allocation,828,-0.0068619886706333
Figure S10,K,GSE308578,rho,animal_label_allocation,829,-0.3946460937516945
Figure S10,K,GSE308578,rho,animal_label_allocation,830,0.3589485185733284
Figure S10,K,GSE308578,rho,animal_label_allocation,831,-0.3665949742002063
Figure S10,K,GSE308578,rho,animal_label_allocation,832,0.0053954073435911
Figure S10,K,GSE308578,rho,animal_label_allocation,833,-0.5131768908172576
Figure S10,K,GSE308578,rho,animal_label_allocation,834,-0.5387689865355568
Figure S10,K,GSE308578,rho,animal_label_allocation,835,-0.5806587842812735
Figure S10,K,GSE308578,rho,animal_label_allocation,836,-0.0353677074473292
Figure S10,K,GSE308578,rho,animal_label_allocation,837,0.1928862808351908
Figure S10,K,GSE308578,rho,animal_label_allocation,838,-0.5426177530292073
Figure S10,K,GSE308578,rho,animal_label_allocation,839,-0.6859177247479998
Figure S10,K,GSE308578,rho,animal_label_allocation,840,-0.6647337193195432
Figure S10,K,GSE308578,rho,animal_label_allocation,841,-0.4922415757257138
Figure S10,K,GSE308578,rho,animal_label_allocation,842,0.5349069775482116
Figure S10,K,GSE308578,rho,animal_label_allocation,843,0.0238235967472725
Figure S10,K,GSE308578,rho,animal_label_allocation,844,-0.2830375986393482
Figure S10,K,GSE308578,rho,animal_label_allocation,845,-0.5931822585481384
Figure S10,K,GSE308578,rho,animal_label_allocation,846,-0.5525725460251488
Figure S10,K,GSE308578,rho,animal_label_allocation,847,-0.640186404176923
Figure S10,K,GSE308578,rho,animal_label_allocation,848,-0.3409399546218156
Figure S10,K,GSE308578,rho,animal_label_allocation,849,-0.6360038490114192
Figure S10,K,GSE308578,rho,animal_label_allocation,850,-0.1894366486097978
Figure S10,K,GSE308578,rho,animal_label_allocation,851,0.3893243383371532
Figure S10,K,GSE308578,rho,animal_label_allocation,852,0.0688953307655847
Figure S10,K,GSE308578,rho,animal_label_allocation,853,-0.7804353993673281
Figure S10,K,GSE308578,rho,animal_label_allocation,854,-0.0482799582924343
Figure S10,K,GSE308578,rho,animal_label_allocation,855,0.1437683724110313
Figure S10,K,GSE308578,rho,animal_label_allocation,856,-0.2728298126447155
Figure S10,K,GSE308578,rho,animal_label_allocation,857,-0.5875252718004862
Figure S10,K,GSE308578,rho,animal_label_allocation,858,-0.5398257621722118
Figure S10,K,GSE308578,rho,animal_label_allocation,859,-0.6911979078454146
Figure S10,K,GSE308578,rho,animal_label_allocation,860,-0.3872069843236668
Figure S10,K,GSE308578,rho,animal_label_allocation,861,-0.2885451376994324
Figure S10,K,GSE308578,rho,animal_label_allocation,862,-0.4031586330081701
Figure S10,K,GSE308578,rho,animal_label_allocation,863,0.0578567166662211
Figure S10,K,GSE308578,rho,animal_label_allocation,864,-0.2962755835019216
Figure S10,K,GSE308578,rho,animal_label_allocation,865,-0.4257052669990622
Figure S10,K,GSE308578,rho,animal_label_allocation,866,0.2169390330131727
Figure S10,K,GSE308578,rho,animal_label_allocation,867,0.3939721691808892
Figure S10,K,GSE308578,rho,animal_label_allocation,868,-0.3554834391132905
Figure S10,K,GSE308578,rho,animal_label_allocation,869,0.4498852118380331
Figure S10,K,GSE308578,rho,animal_label_allocation,870,0.3842950767933705
Figure S10,K,GSE308578,rho,animal_label_allocation,871,-0.7090194053241852
Figure S10,K,GSE308578,rho,animal_label_allocation,872,-0.5788072043294731
Figure S10,K,GSE308578,rho,animal_label_allocation,873,-0.7876047737203283
Figure S10,K,GSE308578,rho,animal_label_allocation,874,-0.2347446160049379
Figure S10,K,GSE308578,rho,animal_label_allocation,875,-0.7413959914688443
Figure S10,K,GSE308578,rho,animal_label_allocation,876,0.0858462764939884
Figure S10,K,GSE308578,rho,animal_label_allocation,877,-0.2673232550687246
Figure S10,K,GSE308578,rho,animal_label_allocation,878,-0.7160243048891755
Figure S10,K,GSE308578,rho,animal_label_allocation,879,-0.5169666125036467
Figure S10,K,GSE308578,rho,animal_label_allocation,880,0.1002758691805097
Figure S10,K,GSE308578,rho,animal_label_allocation,881,-0.0760099322449964
Figure S10,K,GSE308578,rho,animal_label_allocation,882,-0.6523666998782
Figure S10,K,GSE308578,rho,animal_label_allocation,883,-0.2434332665989085
Figure S10,K,GSE308578,rho,animal_label_allocation,884,-0.1272769388855159
Figure S10,K,GSE308578,rho,animal_label_allocation,885,-0.0538030483518834
Figure S10,K,GSE308578,rho,animal_label_allocation,886,-0.3803987561868086
Figure S10,K,GSE308578,rho,animal_label_allocation,887,-0.758251633881005
Figure S10,K,GSE308578,rho,animal_label_allocation,888,-0.2514632233040512
Figure S10,K,GSE308578,rho,animal_label_allocation,889,-0.4166740606287067
Figure S10,K,GSE308578,rho,animal_label_allocation,890,-0.6967381016541198
Figure S10,K,GSE308578,rho,animal_label_allocation,891,0.4110386395883161
Figure S10,K,GSE308578,rho,animal_label_allocation,892,-0.239872018864761
Figure S10,K,GSE308578,rho,animal_label_allocation,893,0.0294653210004364
Figure S10,K,GSE308578,rho,animal_label_allocation,894,0.4846010891520783
Figure S10,K,GSE308578,rho,animal_label_allocation,895,-0.7659098659993208
Figure S10,K,GSE308578,rho,animal_label_allocation,896,-0.3201069039009411
Figure S10,K,GSE308578,rho,animal_label_allocation,897,-0.3138582156154866
Figure S10,K,GSE308578,rho,animal_label_allocation,898,-0.6555868668665196
Figure S10,K,GSE308578,rho,animal_label_allocation,899,0.5926840289289461
Figure S10,K,GSE308578,rho,animal_label_allocation,900,0.5192521192786146
Figure S10,K,GSE308578,rho,animal_label_allocation,901,0.1284717073684591
Figure S10,K,GSE308578,rho,animal_label_allocation,902,-0.7738150781682098
Figure S10,K,GSE308578,rho,animal_label_allocation,903,-0.8195649276879964
Figure S10,K,GSE308578,rho,animal_label_allocation,904,-0.7676519032047471
Figure S10,K,GSE308578,rho,animal_label_allocation,905,-0.5643110055515881
Figure S10,K,GSE308578,rho,animal_label_allocation,906,-0.7882923077520535
Figure S10,K,GSE308578,rho,animal_label_allocation,907,-0.6854916388192428
Figure S10,K,GSE308578,rho,animal_label_allocation,908,-0.6857387944941348
Figure S10,K,GSE308578,rho,animal_label_allocation,909,-0.7326498626668645
Figure S10,K,GSE308578,rho,animal_label_allocation,910,-0.2340445398598631
Figure S10,K,GSE308578,rho,animal_label_allocation,911,-0.8038288799811132
Figure S10,K,GSE308578,rho,animal_label_allocation,912,-0.8129370099079958
Figure S10,K,GSE308578,rho,animal_label_allocation,913,-0.2765954276000024
Figure S10,K,GSE308578,rho,animal_label_allocation,914,-0.2325089925000353
Figure S10,K,GSE308578,rho,animal_label_allocation,915,-0.2178826310540588
Figure S10,K,GSE308578,rho,animal_label_allocation,916,-0.4858979669448422
Figure S10,K,GSE308578,rho,animal_label_allocation,917,-0.7358279667632335
Figure S10,K,GSE308578,rho,animal_label_allocation,918,-0.6008492430088547
Figure S10,K,GSE308578,rho,animal_label_allocation,919,-0.6597137623886407
Figure S10,K,GSE308578,rho,animal_label_allocation,920,-0.7487505785599498
Figure S10,K,GSE308578,rho,animal_label_allocation,921,-0.7143669557558784
Figure S10,K,GSE308578,rho,animal_label_allocation,922,-0.1771519739505016
Figure S10,K,GSE308578,rho,animal_label_allocation,923,-0.6116474232781683
Figure S10,K,GSE308578,rho,animal_label_allocation,924,-0.0920554606386013
Figure S10,K,GSE308578,rho,animal_label_allocation,925,-0.272291892464765
Figure S10,K,GSE308578,rho,animal_label_allocation,926,-0.1758161680002838
Figure S10,K,GSE308578,rho,animal_label_allocation,927,-0.1858872970597722
Figure S10,K,GSE308578,rho,animal_label_allocation,928,-0.5380881330522423
Figure S10,K,GSE308578,rho,animal_label_allocation,929,-0.7121691478709121
Figure S10,K,GSE308578,rho,animal_label_allocation,930,0.2662126821659499
Figure S10,K,GSE308578,rho,animal_label_allocation,931,-0.3182089101848716
Figure S10,K,GSE308578,rho,animal_label_allocation,932,-0.7465371565151087
Figure S10,K,GSE308578,rho,animal_label_allocation,933,-0.7603355616887807
Figure S10,K,GSE308578,rho,animal_label_allocation,934,-0.6257276422927311
Figure S10,K,GSE308578,rho,animal_label_allocation,935,-0.2029001414384054
Figure S10,K,GSE308578,rho,animal_label_allocation,936,-0.5029319529189052
Figure S10,K,GSE308578,rho,animal_label_allocation,937,-0.669036604229777
Figure S10,K,GSE308578,rho,animal_label_allocation,938,-0.6296253773014643
Figure S10,K,GSE308578,rho,animal_label_allocation,939,-0.6018216432457392
Figure S10,K,GSE308578,rho,animal_label_allocation,940,-0.3559027547698383
Figure S10,K,GSE308578,rho,animal_label_allocation,941,-0.7679106595896914
Figure S10,K,GSE308578,rho,animal_label_allocation,942,-0.5425267717843516
Figure S10,K,GSE308578,rho,animal_label_allocation,943,-0.8263223730410012
Figure S10,K,GSE308578,rho,animal_label_allocation,944,-0.6093085773178032
Figure S10,K,GSE308578,rho,animal_label_allocation,945,-0.7090412375018598
Figure S10,K,GSE308578,rho,animal_label_allocation,946,0.4573178976556089
Figure S10,K,GSE308578,rho,animal_label_allocation,947,0.0650871866210905
Figure S10,K,GSE308578,rho,animal_label_allocation,948,-0.5624334295548269
Figure S10,K,GSE308578,rho,animal_label_allocation,949,-0.6018360157763724
Figure S10,K,GSE308578,rho,animal_label_allocation,950,-0.3477692642599316
Figure S10,K,GSE308578,rho,animal_label_allocation,951,-0.6139667143502516
Figure S10,K,GSE308578,rho,animal_label_allocation,952,-0.5020405705879456
Figure S10,K,GSE308578,rho,animal_label_allocation,953,-0.6921966899033805
Figure S10,K,GSE308578,rho,animal_label_allocation,954,-0.4336887534072127
Figure S10,K,GSE308578,rho,animal_label_allocation,955,-0.5624248690133249
Figure S10,K,GSE308578,rho,animal_label_allocation,956,-0.6260354994211996
Figure S10,K,GSE308578,rho,animal_label_allocation,957,0.4673373472260065
Figure S10,K,GSE308578,rho,animal_label_allocation,958,-0.3763147774891834
Figure S10,K,GSE308578,rho,animal_label_allocation,959,-0.3543107615609567
Figure S10,K,GSE308578,rho,animal_label_allocation,960,-0.7882724696867786
Figure S10,K,GSE308578,rho,animal_label_allocation,961,0.398611068373348
Figure S10,K,GSE308578,rho,animal_label_allocation,962,-0.6985246733451885
Figure S10,K,GSE308578,rho,animal_label_allocation,963,-0.6095068966234698
Figure S10,K,GSE308578,rho,animal_label_allocation,964,-0.1862857720469258
Figure S10,K,GSE308578,rho,animal_label_allocation,965,-0.0238684375593435
Figure S10,K,GSE308578,rho,animal_label_allocation,966,-0.0831705157640557
Figure S10,K,GSE308578,rho,animal_label_allocation,967,-0.6312610423634628
Figure S10,K,GSE308578,rho,animal_label_allocation,968,-0.6599081881420965
Figure S10,K,GSE308578,rho,animal_label_allocation,969,-0.4398799341035269
Figure S10,K,GSE308578,rho,animal_label_allocation,970,-0.5227016474315462
Figure S10,K,GSE308578,rho,animal_label_allocation,971,0.0562121987999222
Figure S10,K,GSE308578,rho,animal_label_allocation,972,0.1339663019407749
Figure S10,K,GSE308578,rho,animal_label_allocation,973,-0.4762238684285644
Figure S10,K,GSE308578,rho,animal_label_allocation,974,-0.3772322749877412
Figure S10,K,GSE308578,rho,animal_label_allocation,975,0.2125045933309348
Figure S10,K,GSE308578,rho,animal_label_allocation,976,-0.6751675011971946
Figure S10,K,GSE308578,rho,animal_label_allocation,977,-0.4558444565400967
Figure S10,K,GSE308578,rho,animal_label_allocation,978,-0.2366888200148119
Figure S10,K,GSE308578,rho,animal_label_allocation,979,-0.420644788048695
Figure S10,K,GSE308578,rho,animal_label_allocation,980,-0.1209290018861889
Figure S10,K,GSE308578,rho,animal_label_allocation,981,-0.0595417831119737
Figure S10,K,GSE308578,rho,animal_label_allocation,982,-0.3744263747228783
Figure S10,K,GSE308578,rho,animal_label_allocation,983,-0.6718732715815371
Figure S10,K,GSE308578,rho,animal_label_allocation,984,0.3156343019752625
Figure S10,K,GSE308578,rho,animal_label_allocation,985,-0.0054608593371544
Figure S10,K,GSE308578,rho,animal_label_allocation,986,-0.4186222129558479
Figure S10,K,GSE308578,rho,animal_label_allocation,987,-0.3499172176974058
Figure S10,K,GSE308578,rho,animal_label_allocation,988,-0.4239183695989191
Figure S10,K,GSE308578,rho,animal_label_allocation,989,0.4013619399796542
Figure S10,K,GSE308578,rho,animal_label_allocation,990,-0.324855530884624
Figure S10,K,GSE308578,rho,animal_label_allocation,991,-0.734444211195431
Figure S10,K,GSE308578,rho,animal_label_allocation,992,-0.2167137449088002
Figure S10,K,GSE308578,rho,animal_label_allocation,993,-0.3942642927749086
Figure S10,K,GSE308578,rho,animal_label_allocation,994,-0.5968120343924284
Figure S10,K,GSE308578,rho,animal_label_allocation,995,-0.0339502598064035
Figure S10,K,GSE308578,rho,animal_label_allocation,996,-0.7746770340983452
Figure S10,K,GSE308578,rho,animal_label_allocation,997,0.2759664823855861
Figure S10,K,GSE308578,rho,animal_label_allocation,998,-0.3511839677382606
Figure S10,K,GSE308578,rho,animal_label_allocation,999,-0.440623149107238
Figure S10,K,GSE308578,rho,shared_reference_observed,-1,-0.6251340452576332
Figure S10,L,GSE308578,median_restoration,animal_label_allocation,0,-0.0525933419251725
Figure S10,L,GSE308578,median_restoration,animal_label_allocation,1,-0.0624233303525789
Figure S10,L,GSE308578,median_restoration,animal_label_allocation,2,-0.0459353399337136
Figure S10,L,GSE308578,median_restoration,animal_label_allocation,3,-0.0443729088377649
Figure S10,L,GSE308578,median_restoration,animal_label_allocation,4,0.0737121057625076
Figure S10,L,GSE308578,median_restoration,animal_label_allocation,5,0.0402699274947231
Figure S10,L,GSE308578,median_restoration,animal_label_allocation,6,0.066102053764858
Figure S10,L,GSE308578,median_restoration,animal_label_allocation,7,0.0277667804904995
Figure S10,L,GSE308578,median_restoration,animal_label_allocation,8,0.0284113744227934
Figure S10,L,GSE308578,median_restoration,animal_label_allocation,9,0.0050268746451971
Figure S10,L,GSE308578,median_restoration,animal_label_allocation,10,0.0066596965137897
Figure S10,L,GSE308578,median_restoration,animal_label_allocation,11,-0.0080472115795036
Figure S10,L,GSE308578,median_restoration,animal_label_allocation,12,-0.0199971194532775
Figure S10,L,GSE308578,median_restoration,animal_label_allocation,13,0.058720681229458
Figure S10,L,GSE308578,median_restoration,animal_label_allocation,14,-0.0149065314681569
Figure S10,L,GSE308578,median_restoration,animal_label_allocation,15,-0.067065074365971
Figure S10,L,GSE308578,median_restoration,animal_label_allocation,16,-0.0527524980877922
Figure S10,L,GSE308578,median_restoration,animal_label_allocation,17,-0.0912112221788236
Figure S10,L,GSE308578,median_restoration,animal_label_allocation,18,-0.0486818806861651
Figure S10,L,GSE308578,median_restoration,animal_label_allocation,19,-0.0533382061838039
Figure S10,L,GSE308578,median_restoration,animal_label_allocation,20,-0.1136867470852767
Figure S10,L,GSE308578,median_restoration,animal_label_allocation,21,-0.014200188022869
Figure S10,L,GSE308578,median_restoration,animal_label_allocation,22,-0.0310561060262033
Figure S10,L,GSE308578,median_restoration,animal_label_allocation,23,0.0186398991336109
Figure S10,L,GSE308578,median_restoration,animal_label_allocation,24,0.0970108723735974
Figure S10,L,GSE308578,median_restoration,animal_label_allocation,25,-0.144146098378482
Figure S10,L,GSE308578,median_restoration,animal_label_allocation,26,-0.0801660428459132
Figure S10,L,GSE308578,median_restoration,animal_label_allocation,27,0.0784585696281252
Figure S10,L,GSE308578,median_restoration,animal_label_allocation,28,-0.0521843685326769
Figure S10,L,GSE308578,median_restoration,animal_label_allocation,29,-0.0543756398963326
Figure S10,L,GSE308578,median_restoration,animal_label_allocation,30,-0.1216086120808249
Figure S10,L,GSE308578,median_restoration,animal_label_allocation,31,-0.1137846079123798
Figure S10,L,GSE308578,median_restoration,animal_label_allocation,32,0.1508057702507
Figure S10,L,GSE308578,median_restoration,animal_label_allocation,33,0.0761451853566095
Figure S10,L,GSE308578,median_restoration,animal_label_allocation,34,0.099094627786799
Figure S10,L,GSE308578,median_restoration,animal_label_allocation,35,0.109609407210214
Figure S10,L,GSE308578,median_restoration,animal_label_allocation,36,-0.0132208345518067
Figure S10,L,GSE308578,median_restoration,animal_label_allocation,37,0.0853243764367461
Figure S10,L,GSE308578,median_restoration,animal_label_allocation,38,-0.0172450691958059
Figure S10,L,GSE308578,median_restoration,animal_label_allocation,39,0.114367079200969
Figure S10,L,GSE308578,median_restoration,animal_label_allocation,40,-0.052109224713845
Figure S10,L,GSE308578,median_restoration,animal_label_allocation,41,-0.0473699542451755
Figure S10,L,GSE308578,median_restoration,animal_label_allocation,42,0.0279246187524697
Figure S10,L,GSE308578,median_restoration,animal_label_allocation,43,-0.082188957332451
Figure S10,L,GSE308578,median_restoration,animal_label_allocation,44,-0.1132550500381088
Figure S10,L,GSE308578,median_restoration,animal_label_allocation,45,-0.1467392697045693
Figure S10,L,GSE308578,median_restoration,animal_label_allocation,46,-0.1572226134379302
Figure S10,L,GSE308578,median_restoration,animal_label_allocation,47,-0.0602040128503058
Figure S10,L,GSE308578,median_restoration,animal_label_allocation,48,-0.0447887384577447
Figure S10,L,GSE308578,median_restoration,animal_label_allocation,49,-0.0848962012949758
Figure S10,L,GSE308578,median_restoration,animal_label_allocation,50,0.0485543480834773
Figure S10,L,GSE308578,median_restoration,animal_label_allocation,51,-0.0155603688382095
Figure S10,L,GSE308578,median_restoration,animal_label_allocation,52,0.0622222434684154
Figure S10,L,GSE308578,median_restoration,animal_label_allocation,53,-0.0399657696908364
Figure S10,L,GSE308578,median_restoration,animal_label_allocation,54,-0.0757991980986352
Figure S10,L,GSE308578,median_restoration,animal_label_allocation,55,-0.1697846661499178
Figure S10,L,GSE308578,median_restoration,animal_label_allocation,56,-0.0053608500131474
Figure S10,L,GSE308578,median_restoration,animal_label_allocation,57,-0.1008627039976728
Figure S10,L,GSE308578,median_restoration,animal_label_allocation,58,0.0526900588821672
Figure S10,L,GSE308578,median_restoration,animal_label_allocation,59,0.1029070727104182
Figure S10,L,GSE308578,median_restoration,animal_label_allocation,60,0.0365856055905473
Figure S10,L,GSE308578,median_restoration,animal_label_allocation,61,-0.0892779945044744
Figure S10,L,GSE308578,median_restoration,animal_label_allocation,62,-0.0058255037031222
Figure S10,L,GSE308578,median_restoration,animal_label_allocation,63,0.0482786302497828
Figure S10,L,GSE308578,median_restoration,animal_label_allocation,64,0.0986624263873237
Figure S10,L,GSE308578,median_restoration,animal_label_allocation,65,-0.1316790425159641
Figure S10,L,GSE308578,median_restoration,animal_label_allocation,66,-0.1248464398089108
Figure S10,L,GSE308578,median_restoration,animal_label_allocation,67,-0.0232096251454947
Figure S10,L,GSE308578,median_restoration,animal_label_allocation,68,-0.0958372628933541
Figure S10,L,GSE308578,median_restoration,animal_label_allocation,69,0.0052177917307969
Figure S10,L,GSE308578,median_restoration,animal_label_allocation,70,-0.1295777410106033
Figure S10,L,GSE308578,median_restoration,animal_label_allocation,71,0.0110714964087339
Figure S10,L,GSE308578,median_restoration,animal_label_allocation,72,-0.0167418230294353
Figure S10,L,GSE308578,median_restoration,animal_label_allocation,73,-0.0213207098724049
Figure S10,L,GSE308578,median_restoration,animal_label_allocation,74,-0.0239111722303222
Figure S10,L,GSE308578,median_restoration,animal_label_allocation,75,0.0115002861032549
Figure S10,L,GSE308578,median_restoration,animal_label_allocation,76,-0.1604841045311031
Figure S10,L,GSE308578,median_restoration,animal_label_allocation,77,-0.2028317398576693
Figure S10,L,GSE308578,median_restoration,animal_label_allocation,78,-0.0739920832999407
Figure S10,L,GSE308578,median_restoration,animal_label_allocation,79,-0.2175442590275919
Figure S10,L,GSE308578,median_restoration,animal_label_allocation,80,-0.104489690222556
Figure S10,L,GSE308578,median_restoration,animal_label_allocation,81,-0.0863471409412555
Figure S10,L,GSE308578,median_restoration,animal_label_allocation,82,-0.0150766394975656
Figure S10,L,GSE308578,median_restoration,animal_label_allocation,83,-0.0030382815777967
Figure S10,L,GSE308578,median_restoration,animal_label_allocation,84,0.1364460362484179
Figure S10,L,GSE308578,median_restoration,animal_label_allocation,85,-0.0595299700659999
Figure S10,L,GSE308578,median_restoration,animal_label_allocation,86,-0.1352524317733262
Figure S10,L,GSE308578,median_restoration,animal_label_allocation,87,0.0516790328253631
Figure S10,L,GSE308578,median_restoration,animal_label_allocation,88,-0.130847358536573
Figure S10,L,GSE308578,median_restoration,animal_label_allocation,89,-0.1099882285331526
Figure S10,L,GSE308578,median_restoration,animal_label_allocation,90,0.0125129873331228
Figure S10,L,GSE308578,median_restoration,animal_label_allocation,91,0.0581692835079321
Figure S10,L,GSE308578,median_restoration,animal_label_allocation,92,-0.122178739311401
Figure S10,L,GSE308578,median_restoration,animal_label_allocation,93,-0.1035640357977059
Figure S10,L,GSE308578,median_restoration,animal_label_allocation,94,-0.1149136762937231
Figure S10,L,GSE308578,median_restoration,animal_label_allocation,95,0.074201834292042
Figure S10,L,GSE308578,median_restoration,animal_label_allocation,96,-0.1701373671967982
Figure S10,L,GSE308578,median_restoration,animal_label_allocation,97,-0.1489622466135012
Figure S10,L,GSE308578,median_restoration,animal_label_allocation,98,0.0627161894306009
Figure S10,L,GSE308578,median_restoration,animal_label_allocation,99,0.0166013546131331
Figure S10,L,GSE308578,median_restoration,animal_label_allocation,100,0.0751101895161943
Figure S10,L,GSE308578,median_restoration,animal_label_allocation,101,-0.0537441532728895
Figure S10,L,GSE308578,median_restoration,animal_label_allocation,102,-0.0471326615271177
Figure S10,L,GSE308578,median_restoration,animal_label_allocation,103,0.0103361201806464
Figure S10,L,GSE308578,median_restoration,animal_label_allocation,104,-0.0594435547914673
Figure S10,L,GSE308578,median_restoration,animal_label_allocation,105,-0.0607172804052504
Figure S10,L,GSE308578,median_restoration,animal_label_allocation,106,0.0935801115210575
Figure S10,L,GSE308578,median_restoration,animal_label_allocation,107,-0.005916351072022
Figure S10,L,GSE308578,median_restoration,animal_label_allocation,108,0.0153366093135969
Figure S10,L,GSE308578,median_restoration,animal_label_allocation,109,0.0013887983353548
Figure S10,L,GSE308578,median_restoration,animal_label_allocation,110,0.0181276705914017
Figure S10,L,GSE308578,median_restoration,animal_label_allocation,111,-0.0995115870032137
Figure S10,L,GSE308578,median_restoration,animal_label_allocation,112,0.0467303788424366
Figure S10,L,GSE308578,median_restoration,animal_label_allocation,113,0.0173649235736006
Figure S10,L,GSE308578,median_restoration,animal_label_allocation,114,0.0692862602849972
Figure S10,L,GSE308578,median_restoration,animal_label_allocation,115,0.0040828886709585
Figure S10,L,GSE308578,median_restoration,animal_label_allocation,116,-0.0975998827482942
Figure S10,L,GSE308578,median_restoration,animal_label_allocation,117,0.0751932923011331
Figure S10,L,GSE308578,median_restoration,animal_label_allocation,118,0.0893929804733053
Figure S10,L,GSE308578,median_restoration,animal_label_allocation,119,0.1175565045737232
Figure S10,L,GSE308578,median_restoration,animal_label_allocation,120,-0.0076056142231135
Figure S10,L,GSE308578,median_restoration,animal_label_allocation,121,0.0423906719814241
Figure S10,L,GSE308578,median_restoration,animal_label_allocation,122,0.0413409694546572
Figure S10,L,GSE308578,median_restoration,animal_label_allocation,123,-0.0168137091262561
Figure S10,L,GSE308578,median_restoration,animal_label_allocation,124,-0.088197975516302
Figure S10,L,GSE308578,median_restoration,animal_label_allocation,125,0.093855498404082
Figure S10,L,GSE308578,median_restoration,animal_label_allocation,126,0.036219999602007
Figure S10,L,GSE308578,median_restoration,animal_label_allocation,127,-0.0330653508482868
Figure S10,L,GSE308578,median_restoration,animal_label_allocation,128,0.0461990883366754
Figure S10,L,GSE308578,median_restoration,animal_label_allocation,129,-0.0653260462916625
Figure S10,L,GSE308578,median_restoration,animal_label_allocation,130,-0.0644710448767611
Figure S10,L,GSE308578,median_restoration,animal_label_allocation,131,-0.0280363335162245
Figure S10,L,GSE308578,median_restoration,animal_label_allocation,132,0.025047594877158
Figure S10,L,GSE308578,median_restoration,animal_label_allocation,133,-0.0378847532484482
Figure S10,L,GSE308578,median_restoration,animal_label_allocation,134,-0.0847304579023697
Figure S10,L,GSE308578,median_restoration,animal_label_allocation,135,0.0749154677000785
Figure S10,L,GSE308578,median_restoration,animal_label_allocation,136,0.10703151749108
Figure S10,L,GSE308578,median_restoration,animal_label_allocation,137,0.1154260238853659
Figure S10,L,GSE308578,median_restoration,animal_label_allocation,138,-0.0387938703362056
Figure S10,L,GSE308578,median_restoration,animal_label_allocation,139,0.1044689631819737
Figure S10,L,GSE308578,median_restoration,animal_label_allocation,140,0.0185886147559202
Figure S10,L,GSE308578,median_restoration,animal_label_allocation,141,-0.0540285132614895
Figure S10,L,GSE308578,median_restoration,animal_label_allocation,142,-0.0661689165166703
Figure S10,L,GSE308578,median_restoration,animal_label_allocation,143,0.0065092599681695
Figure S10,L,GSE308578,median_restoration,animal_label_allocation,144,0.0567862956497311
Figure S10,L,GSE308578,median_restoration,animal_label_allocation,145,-0.045566376585227
Figure S10,L,GSE308578,median_restoration,animal_label_allocation,146,-0.0141683680101571
Figure S10,L,GSE308578,median_restoration,animal_label_allocation,147,-0.0590838599392284
Figure S10,L,GSE308578,median_restoration,animal_label_allocation,148,-0.1332417870020568
Figure S10,L,GSE308578,median_restoration,animal_label_allocation,149,0.0152566477624604
Figure S10,L,GSE308578,median_restoration,animal_label_allocation,150,-0.0981153358674458
Figure S10,L,GSE308578,median_restoration,animal_label_allocation,151,-0.2283494039178695
Figure S10,L,GSE308578,median_restoration,animal_label_allocation,152,-0.0751725933658484
Figure S10,L,GSE308578,median_restoration,animal_label_allocation,153,-0.0408846837599727
Figure S10,L,GSE308578,median_restoration,animal_label_allocation,154,0.0725430591143292
Figure S10,L,GSE308578,median_restoration,animal_label_allocation,155,-0.0705247191018614
Figure S10,L,GSE308578,median_restoration,animal_label_allocation,156,-0.0476989036798278
Figure S10,L,GSE308578,median_restoration,animal_label_allocation,157,-0.0779882814804384
Figure S10,L,GSE308578,median_restoration,animal_label_allocation,158,-0.0631255493620015
Figure S10,L,GSE308578,median_restoration,animal_label_allocation,159,-0.008814958483385
Figure S10,L,GSE308578,median_restoration,animal_label_allocation,160,-0.0664087293204374
Figure S10,L,GSE308578,median_restoration,animal_label_allocation,161,0.0572405410166712
Figure S10,L,GSE308578,median_restoration,animal_label_allocation,162,-0.1264753651476469
Figure S10,L,GSE308578,median_restoration,animal_label_allocation,163,0.0287309541057227
Figure S10,L,GSE308578,median_restoration,animal_label_allocation,164,-0.1544059783446412
Figure S10,L,GSE308578,median_restoration,animal_label_allocation,165,-0.0583451465205666
Figure S10,L,GSE308578,median_restoration,animal_label_allocation,166,-0.1079952199970168
Figure S10,L,GSE308578,median_restoration,animal_label_allocation,167,-0.0516783131840625
Figure S10,L,GSE308578,median_restoration,animal_label_allocation,168,-0.026822647482092
Figure S10,L,GSE308578,median_restoration,animal_label_allocation,169,-0.025847887465848
Figure S10,L,GSE308578,median_restoration,animal_label_allocation,170,0.0139191626936994
Figure S10,L,GSE308578,median_restoration,animal_label_allocation,171,-0.0241431625957151
Figure S10,L,GSE308578,median_restoration,animal_label_allocation,172,0.0118043448079694
Figure S10,L,GSE308578,median_restoration,animal_label_allocation,173,0.0871912712458766
Figure S10,L,GSE308578,median_restoration,animal_label_allocation,174,-0.0553409319802045
Figure S10,L,GSE308578,median_restoration,animal_label_allocation,175,-0.029652701932783
Figure S10,L,GSE308578,median_restoration,animal_label_allocation,176,0.0334065477518242
Figure S10,L,GSE308578,median_restoration,animal_label_allocation,177,0.098649540416476
Figure S10,L,GSE308578,median_restoration,animal_label_allocation,178,0.060683960720427
Figure S10,L,GSE308578,median_restoration,animal_label_allocation,179,-0.1405827329765601
Figure S10,L,GSE308578,median_restoration,animal_label_allocation,180,-0.0100633944206276
Figure S10,L,GSE308578,median_restoration,animal_label_allocation,181,-0.1841597682326677
Figure S10,L,GSE308578,median_restoration,animal_label_allocation,182,-0.1018326711592278
Figure S10,L,GSE308578,median_restoration,animal_label_allocation,183,-0.1113069147750326
Figure S10,L,GSE308578,median_restoration,animal_label_allocation,184,-0.0307782335408266
Figure S10,L,GSE308578,median_restoration,animal_label_allocation,185,0.0149845945424698
Figure S10,L,GSE308578,median_restoration,animal_label_allocation,186,-0.0862838670642149
Figure S10,L,GSE308578,median_restoration,animal_label_allocation,187,0.0638166556682897
Figure S10,L,GSE308578,median_restoration,animal_label_allocation,188,-0.0102127245328527
Figure S10,L,GSE308578,median_restoration,animal_label_allocation,189,-0.0359258323333335
Figure S10,L,GSE308578,median_restoration,animal_label_allocation,190,-0.0312376589628438
Figure S10,L,GSE308578,median_restoration,animal_label_allocation,191,0.1111302828985266
Figure S10,L,GSE308578,median_restoration,animal_label_allocation,192,-0.054744981181984
Figure S10,L,GSE308578,median_restoration,animal_label_allocation,193,0.0124147509398889
Figure S10,L,GSE308578,median_restoration,animal_label_allocation,194,-0.0330746973193889
Figure S10,L,GSE308578,median_restoration,animal_label_allocation,195,0.056819969000564
Figure S10,L,GSE308578,median_restoration,animal_label_allocation,196,-0.033685623152263
Figure S10,L,GSE308578,median_restoration,animal_label_allocation,197,-0.0784460365636274
Figure S10,L,GSE308578,median_restoration,animal_label_allocation,198,-0.0867417104452457
Figure S10,L,GSE308578,median_restoration,animal_label_allocation,199,0.0441873541687565
Figure S10,L,GSE308578,median_restoration,animal_label_allocation,200,-0.0385379346315701
Figure S10,L,GSE308578,median_restoration,animal_label_allocation,201,-0.0393274652934054
Figure S10,L,GSE308578,median_restoration,animal_label_allocation,202,-0.0514021240905082
Figure S10,L,GSE308578,median_restoration,animal_label_allocation,203,-0.1457631734650748
Figure S10,L,GSE308578,median_restoration,animal_label_allocation,204,-0.0307781887455486
Figure S10,L,GSE308578,median_restoration,animal_label_allocation,205,-0.0182421537747532
Figure S10,L,GSE308578,median_restoration,animal_label_allocation,206,-0.1121344455901702
Figure S10,L,GSE308578,median_restoration,animal_label_allocation,207,0.082664094965598
Figure S10,L,GSE308578,median_restoration,animal_label_allocation,208,0.0240167500680135
Figure S10,L,GSE308578,median_restoration,animal_label_allocation,209,-0.0483532561184506
Figure S10,L,GSE308578,median_restoration,animal_label_allocation,210,0.0108954546252482
Figure S10,L,GSE308578,median_restoration,animal_label_allocation,211,-0.0393322128363653
Figure S10,L,GSE308578,median_restoration,animal_label_allocation,212,-0.0039316075144311
Figure S10,L,GSE308578,median_restoration,animal_label_allocation,213,-0.1767677521395918
Figure S10,L,GSE308578,median_restoration,animal_label_allocation,214,-0.0139834359161026
Figure S10,L,GSE308578,median_restoration,animal_label_allocation,215,0.0080283852860034
Figure S10,L,GSE308578,median_restoration,animal_label_allocation,216,-0.1320548309837974
Figure S10,L,GSE308578,median_restoration,animal_label_allocation,217,-0.1187306477520087
Figure S10,L,GSE308578,median_restoration,animal_label_allocation,218,-0.0044531518301829
Figure S10,L,GSE308578,median_restoration,animal_label_allocation,219,-0.0787019879259709
Figure S10,L,GSE308578,median_restoration,animal_label_allocation,220,0.0112393709298137
Figure S10,L,GSE308578,median_restoration,animal_label_allocation,221,-0.055128931191601
Figure S10,L,GSE308578,median_restoration,animal_label_allocation,222,-0.0560228491529626
Figure S10,L,GSE308578,median_restoration,animal_label_allocation,223,0.0332262830507745
Figure S10,L,GSE308578,median_restoration,animal_label_allocation,224,0.0304328639205415
Figure S10,L,GSE308578,median_restoration,animal_label_allocation,225,0.0669281345340793
Figure S10,L,GSE308578,median_restoration,animal_label_allocation,226,-0.0697111987099683
Figure S10,L,GSE308578,median_restoration,animal_label_allocation,227,0.0006832120089499
Figure S10,L,GSE308578,median_restoration,animal_label_allocation,228,0.0894521478693697
Figure S10,L,GSE308578,median_restoration,animal_label_allocation,229,0.0590406332587294
Figure S10,L,GSE308578,median_restoration,animal_label_allocation,230,0.0018463775716259
Figure S10,L,GSE308578,median_restoration,animal_label_allocation,231,-0.0178710279040315
Figure S10,L,GSE308578,median_restoration,animal_label_allocation,232,0.1469538533778607
Figure S10,L,GSE308578,median_restoration,animal_label_allocation,233,0.0786529203780506
Figure S10,L,GSE308578,median_restoration,animal_label_allocation,234,0.062390659823517
Figure S10,L,GSE308578,median_restoration,animal_label_allocation,235,-0.0240185415721952
Figure S10,L,GSE308578,median_restoration,animal_label_allocation,236,0.2390102217115505
Figure S10,L,GSE308578,median_restoration,animal_label_allocation,237,0.0375645003455322
Figure S10,L,GSE308578,median_restoration,animal_label_allocation,238,0.0312360177637907
Figure S10,L,GSE308578,median_restoration,animal_label_allocation,239,-0.0134488807845638
Figure S10,L,GSE308578,median_restoration,animal_label_allocation,240,0.1641128156103058
Figure S10,L,GSE308578,median_restoration,animal_label_allocation,241,-0.0002506437976088
Figure S10,L,GSE308578,median_restoration,animal_label_allocation,242,0.062616995532049
Figure S10,L,GSE308578,median_restoration,animal_label_allocation,243,0.1709903100470633
Figure S10,L,GSE308578,median_restoration,animal_label_allocation,244,0.0359824589097834
Figure S10,L,GSE308578,median_restoration,animal_label_allocation,245,-0.0562483281666774
Figure S10,L,GSE308578,median_restoration,animal_label_allocation,246,-0.0613038969939029
Figure S10,L,GSE308578,median_restoration,animal_label_allocation,247,0.1698624391095461
Figure S10,L,GSE308578,median_restoration,animal_label_allocation,248,0.0632911453797024
Figure S10,L,GSE308578,median_restoration,animal_label_allocation,249,0.1084598692485236
Figure S10,L,GSE308578,median_restoration,animal_label_allocation,250,0.031630070913506
Figure S10,L,GSE308578,median_restoration,animal_label_allocation,251,0.1260244949562539
Figure S10,L,GSE308578,median_restoration,animal_label_allocation,252,-0.0580951335421313
Figure S10,L,GSE308578,median_restoration,animal_label_allocation,253,-0.0773408033805829
Figure S10,L,GSE308578,median_restoration,animal_label_allocation,254,0.0249998804768276
Figure S10,L,GSE308578,median_restoration,animal_label_allocation,255,-0.067796372025104
Figure S10,L,GSE308578,median_restoration,animal_label_allocation,256,0.0222615947304358
Figure S10,L,GSE308578,median_restoration,animal_label_allocation,257,0.0827303845818931
Figure S10,L,GSE308578,median_restoration,animal_label_allocation,258,0.0621399798466844
Figure S10,L,GSE308578,median_restoration,animal_label_allocation,259,-0.0520172328890353
Figure S10,L,GSE308578,median_restoration,animal_label_allocation,260,-0.0890676318804963
Figure S10,L,GSE308578,median_restoration,animal_label_allocation,261,-0.0803342395335442
Figure S10,L,GSE308578,median_restoration,animal_label_allocation,262,-0.0325952836868355
Figure S10,L,GSE308578,median_restoration,animal_label_allocation,263,-0.0146697461689226
Figure S10,L,GSE308578,median_restoration,animal_label_allocation,264,0.0642735977953472
Figure S10,L,GSE308578,median_restoration,animal_label_allocation,265,0.0756977017903324
Figure S10,L,GSE308578,median_restoration,animal_label_allocation,266,-0.0615246610341353
Figure S10,L,GSE308578,median_restoration,animal_label_allocation,267,-0.0902148236371669
Figure S10,L,GSE308578,median_restoration,animal_label_allocation,268,-0.1083434722053389
Figure S10,L,GSE308578,median_restoration,animal_label_allocation,269,-0.0345587874497224
Figure S10,L,GSE308578,median_restoration,animal_label_allocation,270,-0.0396015589525289
Figure S10,L,GSE308578,median_restoration,animal_label_allocation,271,-0.1100808943598385
Figure S10,L,GSE308578,median_restoration,animal_label_allocation,272,-0.0591015890156607
Figure S10,L,GSE308578,median_restoration,animal_label_allocation,273,-0.0576024112666049
Figure S10,L,GSE308578,median_restoration,animal_label_allocation,274,0.1033555382614301
Figure S10,L,GSE308578,median_restoration,animal_label_allocation,275,0.0210736757842076
Figure S10,L,GSE308578,median_restoration,animal_label_allocation,276,-0.1390933333665174
Figure S10,L,GSE308578,median_restoration,animal_label_allocation,277,-0.2077080835357581
Figure S10,L,GSE308578,median_restoration,animal_label_allocation,278,0.0451621698780571
Figure S10,L,GSE308578,median_restoration,animal_label_allocation,279,-0.0762421325156463
Figure S10,L,GSE308578,median_restoration,animal_label_allocation,280,0.0231750916211153
Figure S10,L,GSE308578,median_restoration,animal_label_allocation,281,-0.0148167481813104
Figure S10,L,GSE308578,median_restoration,animal_label_allocation,282,0.0292317748883856
Figure S10,L,GSE308578,median_restoration,animal_label_allocation,283,-0.1586353960412085
Figure S10,L,GSE308578,median_restoration,animal_label_allocation,284,-0.2294938983959815
Figure S10,L,GSE308578,median_restoration,animal_label_allocation,285,-0.1128520285762428
Figure S10,L,GSE308578,median_restoration,animal_label_allocation,286,0.0588743069889854
Figure S10,L,GSE308578,median_restoration,animal_label_allocation,287,0.0795527010325454
Figure S10,L,GSE308578,median_restoration,animal_label_allocation,288,-0.0355577093911383
Figure S10,L,GSE308578,median_restoration,animal_label_allocation,289,-0.0447918706292007
Figure S10,L,GSE308578,median_restoration,animal_label_allocation,290,0.106142451714553
Figure S10,L,GSE308578,median_restoration,animal_label_allocation,291,-0.0104668468124309
Figure S10,L,GSE308578,median_restoration,animal_label_allocation,292,0.0843839969583224
Figure S10,L,GSE308578,median_restoration,animal_label_allocation,293,-0.002401992534835
Figure S10,L,GSE308578,median_restoration,animal_label_allocation,294,-0.1031394518449175
Figure S10,L,GSE308578,median_restoration,animal_label_allocation,295,0.0491741696262695
Figure S10,L,GSE308578,median_restoration,animal_label_allocation,296,0.0254250440362953
Figure S10,L,GSE308578,median_restoration,animal_label_allocation,297,-0.0531588033583125
Figure S10,L,GSE308578,median_restoration,animal_label_allocation,298,-0.101636304614721
Figure S10,L,GSE308578,median_restoration,animal_label_allocation,299,0.0101874473396548
Figure S10,L,GSE308578,median_restoration,animal_label_allocation,300,0.0705906176522743
Figure S10,L,GSE308578,median_restoration,animal_label_allocation,301,0.012089383219771
Figure S10,L,GSE308578,median_restoration,animal_label_allocation,302,-0.0529815672082691
Figure S10,L,GSE308578,median_restoration,animal_label_allocation,303,0.0016978287855744
Figure S10,L,GSE308578,median_restoration,animal_label_allocation,304,-0.0589306639862821
Figure S10,L,GSE308578,median_restoration,animal_label_allocation,305,-0.0471858149022883
Figure S10,L,GSE308578,median_restoration,animal_label_allocation,306,0.0512451697502855
Figure S10,L,GSE308578,median_restoration,animal_label_allocation,307,-0.0440087550337588
Figure S10,L,GSE308578,median_restoration,animal_label_allocation,308,-0.1634058583099253
Figure S10,L,GSE308578,median_restoration,animal_label_allocation,309,-0.099043597778057
Figure S10,L,GSE308578,median_restoration,animal_label_allocation,310,0.034737637348905
Figure S10,L,GSE308578,median_restoration,animal_label_allocation,311,-0.2378917437197181
Figure S10,L,GSE308578,median_restoration,animal_label_allocation,312,-0.079776739845671
Figure S10,L,GSE308578,median_restoration,animal_label_allocation,313,-0.2251235102024087
Figure S10,L,GSE308578,median_restoration,animal_label_allocation,314,0.0504460467613084
Figure S10,L,GSE308578,median_restoration,animal_label_allocation,315,0.0198342074843571
Figure S10,L,GSE308578,median_restoration,animal_label_allocation,316,0.0693911295138011
Figure S10,L,GSE308578,median_restoration,animal_label_allocation,317,-0.0296544286320816
Figure S10,L,GSE308578,median_restoration,animal_label_allocation,318,-0.0401576413936979
Figure S10,L,GSE308578,median_restoration,animal_label_allocation,319,-0.0247619609139144
Figure S10,L,GSE308578,median_restoration,animal_label_allocation,320,-0.0303143487707067
Figure S10,L,GSE308578,median_restoration,animal_label_allocation,321,-0.0894670269904942
Figure S10,L,GSE308578,median_restoration,animal_label_allocation,322,0.1697153479028337
Figure S10,L,GSE308578,median_restoration,animal_label_allocation,323,-0.0418751183233752
Figure S10,L,GSE308578,median_restoration,animal_label_allocation,324,-0.0928851153473482
Figure S10,L,GSE308578,median_restoration,animal_label_allocation,325,-0.0896921943321302
Figure S10,L,GSE308578,median_restoration,animal_label_allocation,326,-0.0382242905340612
Figure S10,L,GSE308578,median_restoration,animal_label_allocation,327,-0.0160529984162701
Figure S10,L,GSE308578,median_restoration,animal_label_allocation,328,-0.0571137791310816
Figure S10,L,GSE308578,median_restoration,animal_label_allocation,329,-0.048824581617989
Figure S10,L,GSE308578,median_restoration,animal_label_allocation,330,0.1112547887208661
Figure S10,L,GSE308578,median_restoration,animal_label_allocation,331,0.0651078488595082
Figure S10,L,GSE308578,median_restoration,animal_label_allocation,332,-0.020894510383342
Figure S10,L,GSE308578,median_restoration,animal_label_allocation,333,-0.0138324825391026
Figure S10,L,GSE308578,median_restoration,animal_label_allocation,334,0.0787961330074584
Figure S10,L,GSE308578,median_restoration,animal_label_allocation,335,0.0578253716834087
Figure S10,L,GSE308578,median_restoration,animal_label_allocation,336,0.0833434953977625
Figure S10,L,GSE308578,median_restoration,animal_label_allocation,337,0.029458354633979
Figure S10,L,GSE308578,median_restoration,animal_label_allocation,338,0.0627589708168585
Figure S10,L,GSE308578,median_restoration,animal_label_allocation,339,0.0211605931223655
Figure S10,L,GSE308578,median_restoration,animal_label_allocation,340,0.0251301356633799
Figure S10,L,GSE308578,median_restoration,animal_label_allocation,341,0.1090837489340468
Figure S10,L,GSE308578,median_restoration,animal_label_allocation,342,0.0661879391295148
Figure S10,L,GSE308578,median_restoration,animal_label_allocation,343,0.0755242985620168
Figure S10,L,GSE308578,median_restoration,animal_label_allocation,344,-0.1001294014765914
Figure S10,L,GSE308578,median_restoration,animal_label_allocation,345,-0.147084509772604
Figure S10,L,GSE308578,median_restoration,animal_label_allocation,346,-0.0583702452213978
Figure S10,L,GSE308578,median_restoration,animal_label_allocation,347,0.0633918606848888
Figure S10,L,GSE308578,median_restoration,animal_label_allocation,348,-0.0115176031471211
Figure S10,L,GSE308578,median_restoration,animal_label_allocation,349,0.0775339024480787
Figure S10,L,GSE308578,median_restoration,animal_label_allocation,350,0.0710490068406424
Figure S10,L,GSE308578,median_restoration,animal_label_allocation,351,-0.0646672252320131
Figure S10,L,GSE308578,median_restoration,animal_label_allocation,352,0.1245550799259105
Figure S10,L,GSE308578,median_restoration,animal_label_allocation,353,0.0482234710336131
Figure S10,L,GSE308578,median_restoration,animal_label_allocation,354,0.0544389794741606
Figure S10,L,GSE308578,median_restoration,animal_label_allocation,355,-0.0153219781061073
Figure S10,L,GSE308578,median_restoration,animal_label_allocation,356,0.0821336971080299
Figure S10,L,GSE308578,median_restoration,animal_label_allocation,357,-0.0660195837361414
Figure S10,L,GSE308578,median_restoration,animal_label_allocation,358,0.0092328206030689
Figure S10,L,GSE308578,median_restoration,animal_label_allocation,359,-0.0942602197714295
Figure S10,L,GSE308578,median_restoration,animal_label_allocation,360,0.027633527802318
Figure S10,L,GSE308578,median_restoration,animal_label_allocation,361,-0.0309116550518449
Figure S10,L,GSE308578,median_restoration,animal_label_allocation,362,0.0945449246365544
Figure S10,L,GSE308578,median_restoration,animal_label_allocation,363,0.1526333534055131
Figure S10,L,GSE308578,median_restoration,animal_label_allocation,364,0.0462033240884194
Figure S10,L,GSE308578,median_restoration,animal_label_allocation,365,0.1573546984347415
Figure S10,L,GSE308578,median_restoration,animal_label_allocation,366,-0.0739879138754832
Figure S10,L,GSE308578,median_restoration,animal_label_allocation,367,0.0223338533239223
Figure S10,L,GSE308578,median_restoration,animal_label_allocation,368,0.1274672801238234
Figure S10,L,GSE308578,median_restoration,animal_label_allocation,369,0.034641666567083
Figure S10,L,GSE308578,median_restoration,animal_label_allocation,370,-0.0651879130009303
Figure S10,L,GSE308578,median_restoration,animal_label_allocation,371,-0.0609292087354658
Figure S10,L,GSE308578,median_restoration,animal_label_allocation,372,0.0162044505341025
Figure S10,L,GSE308578,median_restoration,animal_label_allocation,373,0.0559265165454738
Figure S10,L,GSE308578,median_restoration,animal_label_allocation,374,-0.0961925181931699
Figure S10,L,GSE308578,median_restoration,animal_label_allocation,375,-0.0284955808023763
Figure S10,L,GSE308578,median_restoration,animal_label_allocation,376,-0.0919435062109208
Figure S10,L,GSE308578,median_restoration,animal_label_allocation,377,-0.0371325620365501
Figure S10,L,GSE308578,median_restoration,animal_label_allocation,378,-0.0724818513500611
Figure S10,L,GSE308578,median_restoration,animal_label_allocation,379,0.0481984544898068
Figure S10,L,GSE308578,median_restoration,animal_label_allocation,380,0.0655987577554508
Figure S10,L,GSE308578,median_restoration,animal_label_allocation,381,-0.0379749715732917
Figure S10,L,GSE308578,median_restoration,animal_label_allocation,382,0.0257562682567131
Figure S10,L,GSE308578,median_restoration,animal_label_allocation,383,0.0093423756093269
Figure S10,L,GSE308578,median_restoration,animal_label_allocation,384,0.0247855463415533
Figure S10,L,GSE308578,median_restoration,animal_label_allocation,385,-0.0033092315622269
Figure S10,L,GSE308578,median_restoration,animal_label_allocation,386,0.0114422270104652
Figure S10,L,GSE308578,median_restoration,animal_label_allocation,387,0.0223321796454198
Figure S10,L,GSE308578,median_restoration,animal_label_allocation,388,0.0424364839772204
Figure S10,L,GSE308578,median_restoration,animal_label_allocation,389,0.0306792564139928
Figure S10,L,GSE308578,median_restoration,animal_label_allocation,390,-0.0214726069558146
Figure S10,L,GSE308578,median_restoration,animal_label_allocation,391,0.1118489355294177
Figure S10,L,GSE308578,median_restoration,animal_label_allocation,392,0.1062980515980143
Figure S10,L,GSE308578,median_restoration,animal_label_allocation,393,-0.0283611559273548
Figure S10,L,GSE308578,median_restoration,animal_label_allocation,394,0.01283834832863
Figure S10,L,GSE308578,median_restoration,animal_label_allocation,395,-0.0678033499987873
Figure S10,L,GSE308578,median_restoration,animal_label_allocation,396,0.0687204611732653
Figure S10,L,GSE308578,median_restoration,animal_label_allocation,397,0.0256431706366675
Figure S10,L,GSE308578,median_restoration,animal_label_allocation,398,-0.0754650654434168
Figure S10,L,GSE308578,median_restoration,animal_label_allocation,399,0.0820115439347011
Figure S10,L,GSE308578,median_restoration,animal_label_allocation,400,-0.0230519159314157
Figure S10,L,GSE308578,median_restoration,animal_label_allocation,401,-0.1515658488181204
Figure S10,L,GSE308578,median_restoration,animal_label_allocation,402,-0.003178460276214
Figure S10,L,GSE308578,median_restoration,animal_label_allocation,403,-0.1000482835860676
Figure S10,L,GSE308578,median_restoration,animal_label_allocation,404,-0.1321463464855456
Figure S10,L,GSE308578,median_restoration,animal_label_allocation,405,-0.1280502134754968
Figure S10,L,GSE308578,median_restoration,animal_label_allocation,406,-0.0399816966948538
Figure S10,L,GSE308578,median_restoration,animal_label_allocation,407,0.1464052929207868
Figure S10,L,GSE308578,median_restoration,animal_label_allocation,408,-0.0648700296630018
Figure S10,L,GSE308578,median_restoration,animal_label_allocation,409,0.0756375676086948
Figure S10,L,GSE308578,median_restoration,animal_label_allocation,410,-0.0030670343237
Figure S10,L,GSE308578,median_restoration,animal_label_allocation,411,0.0194967502578491
Figure S10,L,GSE308578,median_restoration,animal_label_allocation,412,0.0350055855349685
Figure S10,L,GSE308578,median_restoration,animal_label_allocation,413,0.0494645433902629
Figure S10,L,GSE308578,median_restoration,animal_label_allocation,414,-0.0527472622712181
Figure S10,L,GSE308578,median_restoration,animal_label_allocation,415,0.0182637104441942
Figure S10,L,GSE308578,median_restoration,animal_label_allocation,416,-0.0990924889688376
Figure S10,L,GSE308578,median_restoration,animal_label_allocation,417,-0.0434270249868926
Figure S10,L,GSE308578,median_restoration,animal_label_allocation,418,-0.0975860712684419
Figure S10,L,GSE308578,median_restoration,animal_label_allocation,419,-0.1343084267382964
Figure S10,L,GSE308578,median_restoration,animal_label_allocation,420,-0.0442240543003844
Figure S10,L,GSE308578,median_restoration,animal_label_allocation,421,-0.0564444067124109
Figure S10,L,GSE308578,median_restoration,animal_label_allocation,422,0.077032566846634
Figure S10,L,GSE308578,median_restoration,animal_label_allocation,423,0.0049248954878033
Figure S10,L,GSE308578,median_restoration,animal_label_allocation,424,-0.0293337585518274
Figure S10,L,GSE308578,median_restoration,animal_label_allocation,425,0.1276498868801577
Figure S10,L,GSE308578,median_restoration,animal_label_allocation,426,0.0151673966525263
Figure S10,L,GSE308578,median_restoration,animal_label_allocation,427,0.0468954065599946
Figure S10,L,GSE308578,median_restoration,animal_label_allocation,428,0.0194017464826559
Figure S10,L,GSE308578,median_restoration,animal_label_allocation,429,-0.0739929522652769
Figure S10,L,GSE308578,median_restoration,animal_label_allocation,430,0.1285619944178191
Figure S10,L,GSE308578,median_restoration,animal_label_allocation,431,-0.1191935344778021
Figure S10,L,GSE308578,median_restoration,animal_label_allocation,432,-0.0415386063169229
Figure S10,L,GSE308578,median_restoration,animal_label_allocation,433,-0.0559911069336775
Figure S10,L,GSE308578,median_restoration,animal_label_allocation,434,-0.0878052987760775
Figure S10,L,GSE308578,median_restoration,animal_label_allocation,435,-0.0009165578936105
Figure S10,L,GSE308578,median_restoration,animal_label_allocation,436,0.0162686256244699
Figure S10,L,GSE308578,median_restoration,animal_label_allocation,437,0.09212244628361
Figure S10,L,GSE308578,median_restoration,animal_label_allocation,438,0.0556187597096791
Figure S10,L,GSE308578,median_restoration,animal_label_allocation,439,-0.003842994106973
Figure S10,L,GSE308578,median_restoration,animal_label_allocation,440,0.0518263225341382
Figure S10,L,GSE308578,median_restoration,animal_label_allocation,441,-0.0641501482507966
Figure S10,L,GSE308578,median_restoration,animal_label_allocation,442,-0.0589146129234112
Figure S10,L,GSE308578,median_restoration,animal_label_allocation,443,0.0432419178792331
Figure S10,L,GSE308578,median_restoration,animal_label_allocation,444,0.0689819992226743
Figure S10,L,GSE308578,median_restoration,animal_label_allocation,445,-0.0425716590486469
Figure S10,L,GSE308578,median_restoration,animal_label_allocation,446,-0.169460745047685
Figure S10,L,GSE308578,median_restoration,animal_label_allocation,447,0.0804322632238214
Figure S10,L,GSE308578,median_restoration,animal_label_allocation,448,-0.0034377592978551
Figure S10,L,GSE308578,median_restoration,animal_label_allocation,449,-0.0231796522027387
Figure S10,L,GSE308578,median_restoration,animal_label_allocation,450,0.0094225797592768
Figure S10,L,GSE308578,median_restoration,animal_label_allocation,451,0.0188718547839106
Figure S10,L,GSE308578,median_restoration,animal_label_allocation,452,-0.0083701046366906
Figure S10,L,GSE308578,median_restoration,animal_label_allocation,453,-0.0423121321527333
Figure S10,L,GSE308578,median_restoration,animal_label_allocation,454,-0.1117138946186266
Figure S10,L,GSE308578,median_restoration,animal_label_allocation,455,-0.0702719419922299
Figure S10,L,GSE308578,median_restoration,animal_label_allocation,456,-0.0395922359011716
Figure S10,L,GSE308578,median_restoration,animal_label_allocation,457,-0.1736488537964282
Figure S10,L,GSE308578,median_restoration,animal_label_allocation,458,-0.1112623999654207
Figure S10,L,GSE308578,median_restoration,animal_label_allocation,459,-0.1541947673233399
Figure S10,L,GSE308578,median_restoration,animal_label_allocation,460,0.0349629630365309
Figure S10,L,GSE308578,median_restoration,animal_label_allocation,461,-0.0567715555196184
Figure S10,L,GSE308578,median_restoration,animal_label_allocation,462,-0.0820249840150882
Figure S10,L,GSE308578,median_restoration,animal_label_allocation,463,0.004036372137022
Figure S10,L,GSE308578,median_restoration,animal_label_allocation,464,0.0501203234153191
Figure S10,L,GSE308578,median_restoration,animal_label_allocation,465,-0.1062642602440977
Figure S10,L,GSE308578,median_restoration,animal_label_allocation,466,0.0988723437174394
Figure S10,L,GSE308578,median_restoration,animal_label_allocation,467,0.0965082328256694
Figure S10,L,GSE308578,median_restoration,animal_label_allocation,468,0.1294804429798621
Figure S10,L,GSE308578,median_restoration,animal_label_allocation,469,-0.1136992017917091
Figure S10,L,GSE308578,median_restoration,animal_label_allocation,470,0.018931176940018
Figure S10,L,GSE308578,median_restoration,animal_label_allocation,471,0.0789965212724927
Figure S10,L,GSE308578,median_restoration,animal_label_allocation,472,-0.0022327488880686
Figure S10,L,GSE308578,median_restoration,animal_label_allocation,473,-0.0861304005302541
Figure S10,L,GSE308578,median_restoration,animal_label_allocation,474,0.2143552197282874
Figure S10,L,GSE308578,median_restoration,animal_label_allocation,475,0.0928041931670335
Figure S10,L,GSE308578,median_restoration,animal_label_allocation,476,0.0402244600522991
Figure S10,L,GSE308578,median_restoration,animal_label_allocation,477,0.062232777550339
Figure S10,L,GSE308578,median_restoration,animal_label_allocation,478,0.0264915038858548
Figure S10,L,GSE308578,median_restoration,animal_label_allocation,479,0.1185947142163428
Figure S10,L,GSE308578,median_restoration,animal_label_allocation,480,-0.0190402841196259
Figure S10,L,GSE308578,median_restoration,animal_label_allocation,481,0.0135160101006777
Figure S10,L,GSE308578,median_restoration,animal_label_allocation,482,-0.0182853073205668
Figure S10,L,GSE308578,median_restoration,animal_label_allocation,483,-0.047935472680187
Figure S10,L,GSE308578,median_restoration,animal_label_allocation,484,0.1881657113177686
Figure S10,L,GSE308578,median_restoration,animal_label_allocation,485,0.0137954748211506
Figure S10,L,GSE308578,median_restoration,animal_label_allocation,486,0.0254663787772537
Figure S10,L,GSE308578,median_restoration,animal_label_allocation,487,0.1396769950977323
Figure S10,L,GSE308578,median_restoration,animal_label_allocation,488,0.1287111300333325
Figure S10,L,GSE308578,median_restoration,animal_label_allocation,489,0.1413228945316855
Figure S10,L,GSE308578,median_restoration,animal_label_allocation,490,0.0284511291140869
Figure S10,L,GSE308578,median_restoration,animal_label_allocation,491,0.0080255939989362
Figure S10,L,GSE308578,median_restoration,animal_label_allocation,492,0.0949505574335747
Figure S10,L,GSE308578,median_restoration,animal_label_allocation,493,0.0148079464468953
Figure S10,L,GSE308578,median_restoration,animal_label_allocation,494,-0.0369327628241653
Figure S10,L,GSE308578,median_restoration,animal_label_allocation,495,-0.0129896701493448
Figure S10,L,GSE308578,median_restoration,animal_label_allocation,496,0.0582437250456684
Figure S10,L,GSE308578,median_restoration,animal_label_allocation,497,0.0316141380727206
Figure S10,L,GSE308578,median_restoration,animal_label_allocation,498,0.091328290775636
Figure S10,L,GSE308578,median_restoration,animal_label_allocation,499,-0.0550190169073222
Figure S10,L,GSE308578,median_restoration,animal_label_allocation,500,0.0956734836976465
Figure S10,L,GSE308578,median_restoration,animal_label_allocation,501,-0.019453606391302
Figure S10,L,GSE308578,median_restoration,animal_label_allocation,502,-0.0756309215162094
Figure S10,L,GSE308578,median_restoration,animal_label_allocation,503,0.1615319319016454
Figure S10,L,GSE308578,median_restoration,animal_label_allocation,504,0.0483268472877709
Figure S10,L,GSE308578,median_restoration,animal_label_allocation,505,0.160898357021384
Figure S10,L,GSE308578,median_restoration,animal_label_allocation,506,0.0057792081329743
Figure S10,L,GSE308578,median_restoration,animal_label_allocation,507,0.0456473284188168
Figure S10,L,GSE308578,median_restoration,animal_label_allocation,508,-0.0904874456037574
Figure S10,L,GSE308578,median_restoration,animal_label_allocation,509,0.0680707359699868
Figure S10,L,GSE308578,median_restoration,animal_label_allocation,510,0.1005965245701148
Figure S10,L,GSE308578,median_restoration,animal_label_allocation,511,-0.0209155390712165
Figure S10,L,GSE308578,median_restoration,animal_label_allocation,512,0.0866273379876494
Figure S10,L,GSE308578,median_restoration,animal_label_allocation,513,0.0523764594019053
Figure S10,L,GSE308578,median_restoration,animal_label_allocation,514,0.0864816868423794
Figure S10,L,GSE308578,median_restoration,animal_label_allocation,515,0.0621720874115656
Figure S10,L,GSE308578,median_restoration,animal_label_allocation,516,0.0322998653607422
Figure S10,L,GSE308578,median_restoration,animal_label_allocation,517,0.2466345244044085
Figure S10,L,GSE308578,median_restoration,animal_label_allocation,518,0.1428017708712159
Figure S10,L,GSE308578,median_restoration,animal_label_allocation,519,0.0871361004207829
Figure S10,L,GSE308578,median_restoration,animal_label_allocation,520,0.0767070759243215
Figure S10,L,GSE308578,median_restoration,animal_label_allocation,521,0.1338476066063251
Figure S10,L,GSE308578,median_restoration,animal_label_allocation,522,0.1379792988799173
Figure S10,L,GSE308578,median_restoration,animal_label_allocation,523,0.0290923466421229
Figure S10,L,GSE308578,median_restoration,animal_label_allocation,524,0.0750977269424035
Figure S10,L,GSE308578,median_restoration,animal_label_allocation,525,0.1950366777291401
Figure S10,L,GSE308578,median_restoration,animal_label_allocation,526,0.0130441634112181
Figure S10,L,GSE308578,median_restoration,animal_label_allocation,527,0.048544365457121
Figure S10,L,GSE308578,median_restoration,animal_label_allocation,528,0.1790491288567759
Figure S10,L,GSE308578,median_restoration,animal_label_allocation,529,0.0496145159915237
Figure S10,L,GSE308578,median_restoration,animal_label_allocation,530,0.1244739565633539
Figure S10,L,GSE308578,median_restoration,animal_label_allocation,531,-0.0506046227363263
Figure S10,L,GSE308578,median_restoration,animal_label_allocation,532,0.0242457943805218
Figure S10,L,GSE308578,median_restoration,animal_label_allocation,533,0.133550711858708
Figure S10,L,GSE308578,median_restoration,animal_label_allocation,534,0.0555852777076686
Figure S10,L,GSE308578,median_restoration,animal_label_allocation,535,0.0832175571861126
Figure S10,L,GSE308578,median_restoration,animal_label_allocation,536,0.1367770915746708
Figure S10,L,GSE308578,median_restoration,animal_label_allocation,537,0.0683422141850244
Figure S10,L,GSE308578,median_restoration,animal_label_allocation,538,0.0327561432103804
Figure S10,L,GSE308578,median_restoration,animal_label_allocation,539,0.0822581164545714
Figure S10,L,GSE308578,median_restoration,animal_label_allocation,540,0.0442953562066215
Figure S10,L,GSE308578,median_restoration,animal_label_allocation,541,0.0023982806437918
Figure S10,L,GSE308578,median_restoration,animal_label_allocation,542,-0.0685870822819019
Figure S10,L,GSE308578,median_restoration,animal_label_allocation,543,-0.0447859662331184
Figure S10,L,GSE308578,median_restoration,animal_label_allocation,544,0.1003560231320679
Figure S10,L,GSE308578,median_restoration,animal_label_allocation,545,-0.0827601430670785
Figure S10,L,GSE308578,median_restoration,animal_label_allocation,546,0.0448184623209108
Figure S10,L,GSE308578,median_restoration,animal_label_allocation,547,-0.0168495768896077
Figure S10,L,GSE308578,median_restoration,animal_label_allocation,548,-0.0466398891847362
Figure S10,L,GSE308578,median_restoration,animal_label_allocation,549,0.0372139370828328
Figure S10,L,GSE308578,median_restoration,animal_label_allocation,550,-0.0421766829879715
Figure S10,L,GSE308578,median_restoration,animal_label_allocation,551,-0.1141798793492574
Figure S10,L,GSE308578,median_restoration,animal_label_allocation,552,0.0072787568647232
Figure S10,L,GSE308578,median_restoration,animal_label_allocation,553,0.1433948332610666
Figure S10,L,GSE308578,median_restoration,animal_label_allocation,554,0.2019917578133967
Figure S10,L,GSE308578,median_restoration,animal_label_allocation,555,-0.0453496581406893
Figure S10,L,GSE308578,median_restoration,animal_label_allocation,556,0.0579203779474131
Figure S10,L,GSE308578,median_restoration,animal_label_allocation,557,0.0647901911800601
Figure S10,L,GSE308578,median_restoration,animal_label_allocation,558,0.0177963758659024
Figure S10,L,GSE308578,median_restoration,animal_label_allocation,559,-0.1343551551862978
Figure S10,L,GSE308578,median_restoration,animal_label_allocation,560,-0.083116869750087
Figure S10,L,GSE308578,median_restoration,animal_label_allocation,561,0.1811115874488198
Figure S10,L,GSE308578,median_restoration,animal_label_allocation,562,0.0420234350024619
Figure S10,L,GSE308578,median_restoration,animal_label_allocation,563,0.0610232262004022
Figure S10,L,GSE308578,median_restoration,animal_label_allocation,564,-0.0032552939413053
Figure S10,L,GSE308578,median_restoration,animal_label_allocation,565,-0.0285513740171072
Figure S10,L,GSE308578,median_restoration,animal_label_allocation,566,0.0088516730323942
Figure S10,L,GSE308578,median_restoration,animal_label_allocation,567,-0.0078159730412541
Figure S10,L,GSE308578,median_restoration,animal_label_allocation,568,0.0648875200862271
Figure S10,L,GSE308578,median_restoration,animal_label_allocation,569,0.0125550966850029
Figure S10,L,GSE308578,median_restoration,animal_label_allocation,570,0.0564725777975274
Figure S10,L,GSE308578,median_restoration,animal_label_allocation,571,-0.0103335816531657
Figure S10,L,GSE308578,median_restoration,animal_label_allocation,572,-0.0090030549234623
Figure S10,L,GSE308578,median_restoration,animal_label_allocation,573,0.1178472284662657
Figure S10,L,GSE308578,median_restoration,animal_label_allocation,574,0.0437139315573045
Figure S10,L,GSE308578,median_restoration,animal_label_allocation,575,0.0504802599266034
Figure S10,L,GSE308578,median_restoration,animal_label_allocation,576,-0.0322644071214225
Figure S10,L,GSE308578,median_restoration,animal_label_allocation,577,-0.0460346077546576
Figure S10,L,GSE308578,median_restoration,animal_label_allocation,578,0.0563401027437846
Figure S10,L,GSE308578,median_restoration,animal_label_allocation,579,0.0167102868045274
Figure S10,L,GSE308578,median_restoration,animal_label_allocation,580,-0.0731051150454682
Figure S10,L,GSE308578,median_restoration,animal_label_allocation,581,-0.0425008322874045
Figure S10,L,GSE308578,median_restoration,animal_label_allocation,582,-0.0145362771717548
Figure S10,L,GSE308578,median_restoration,animal_label_allocation,583,0.0225529632311518
Figure S10,L,GSE308578,median_restoration,animal_label_allocation,584,0.0024340355239331
Figure S10,L,GSE308578,median_restoration,animal_label_allocation,585,0.0044612921352862
Figure S10,L,GSE308578,median_restoration,animal_label_allocation,586,-0.0996208428508658
Figure S10,L,GSE308578,median_restoration,animal_label_allocation,587,0.0475183557478238
Figure S10,L,GSE308578,median_restoration,animal_label_allocation,588,0.1814790565190902
Figure S10,L,GSE308578,median_restoration,animal_label_allocation,589,0.0448470284176931
Figure S10,L,GSE308578,median_restoration,animal_label_allocation,590,-0.0527737553951654
Figure S10,L,GSE308578,median_restoration,animal_label_allocation,591,0.1645522583864025
Figure S10,L,GSE308578,median_restoration,animal_label_allocation,592,-0.0049679922270209
Figure S10,L,GSE308578,median_restoration,animal_label_allocation,593,0.1016321525812773
Figure S10,L,GSE308578,median_restoration,animal_label_allocation,594,0.0928153641466607
Figure S10,L,GSE308578,median_restoration,animal_label_allocation,595,-0.0188888881409883
Figure S10,L,GSE308578,median_restoration,animal_label_allocation,596,0.0132587791330647
Figure S10,L,GSE308578,median_restoration,animal_label_allocation,597,-0.1958044708999677
Figure S10,L,GSE308578,median_restoration,animal_label_allocation,598,0.057991290835119
Figure S10,L,GSE308578,median_restoration,animal_label_allocation,599,-0.0128720207165984
Figure S10,L,GSE308578,median_restoration,animal_label_allocation,600,0.0696183433309274
Figure S10,L,GSE308578,median_restoration,animal_label_allocation,601,0.0325953152101642
Figure S10,L,GSE308578,median_restoration,animal_label_allocation,602,0.0503597135622144
Figure S10,L,GSE308578,median_restoration,animal_label_allocation,603,-0.0046096759165228
Figure S10,L,GSE308578,median_restoration,animal_label_allocation,604,0.1193069298536605
Figure S10,L,GSE308578,median_restoration,animal_label_allocation,605,0.1948169510894306
Figure S10,L,GSE308578,median_restoration,animal_label_allocation,606,0.1153665430389287
Figure S10,L,GSE308578,median_restoration,animal_label_allocation,607,0.1138713429903146
Figure S10,L,GSE308578,median_restoration,animal_label_allocation,608,0.0130829225658066
Figure S10,L,GSE308578,median_restoration,animal_label_allocation,609,0.2355585512008979
Figure S10,L,GSE308578,median_restoration,animal_label_allocation,610,-0.04981755465956
Figure S10,L,GSE308578,median_restoration,animal_label_allocation,611,0.0458085401417771
Figure S10,L,GSE308578,median_restoration,animal_label_allocation,612,-0.0219849769960056
Figure S10,L,GSE308578,median_restoration,animal_label_allocation,613,0.2099377795459327
Figure S10,L,GSE308578,median_restoration,animal_label_allocation,614,-0.047148896644102
Figure S10,L,GSE308578,median_restoration,animal_label_allocation,615,-0.0392203404583684
Figure S10,L,GSE308578,median_restoration,animal_label_allocation,616,-0.0277348003473283
Figure S10,L,GSE308578,median_restoration,animal_label_allocation,617,-0.0971846487772998
Figure S10,L,GSE308578,median_restoration,animal_label_allocation,618,0.1217803065692995
Figure S10,L,GSE308578,median_restoration,animal_label_allocation,619,0.0243416463356451
Figure S10,L,GSE308578,median_restoration,animal_label_allocation,620,0.200018133483232
Figure S10,L,GSE308578,median_restoration,animal_label_allocation,621,0.1839312654773008
Figure S10,L,GSE308578,median_restoration,animal_label_allocation,622,0.1584440172066403
Figure S10,L,GSE308578,median_restoration,animal_label_allocation,623,0.1054676744309419
Figure S10,L,GSE308578,median_restoration,animal_label_allocation,624,0.057663112071792
Figure S10,L,GSE308578,median_restoration,animal_label_allocation,625,0.1111868033919067
Figure S10,L,GSE308578,median_restoration,animal_label_allocation,626,0.0723988370053008
Figure S10,L,GSE308578,median_restoration,animal_label_allocation,627,-0.0077068495108925
Figure S10,L,GSE308578,median_restoration,animal_label_allocation,628,0.0437465310065579
Figure S10,L,GSE308578,median_restoration,animal_label_allocation,629,0.0695469907451968
Figure S10,L,GSE308578,median_restoration,animal_label_allocation,630,0.0091911217615785
Figure S10,L,GSE308578,median_restoration,animal_label_allocation,631,0.1236280143978465
Figure S10,L,GSE308578,median_restoration,animal_label_allocation,632,0.159362819091561
Figure S10,L,GSE308578,median_restoration,animal_label_allocation,633,0.0243705775079181
Figure S10,L,GSE308578,median_restoration,animal_label_allocation,634,0.0568887737742612
Figure S10,L,GSE308578,median_restoration,animal_label_allocation,635,-0.0086560027980671
Figure S10,L,GSE308578,median_restoration,animal_label_allocation,636,0.044712359602388
Figure S10,L,GSE308578,median_restoration,animal_label_allocation,637,0.0529743947716809
Figure S10,L,GSE308578,median_restoration,animal_label_allocation,638,0.1261438609008074
Figure S10,L,GSE308578,median_restoration,animal_label_allocation,639,0.0968424495853765
Figure S10,L,GSE308578,median_restoration,animal_label_allocation,640,0.061230586417889
Figure S10,L,GSE308578,median_restoration,animal_label_allocation,641,0.2407128514063704
Figure S10,L,GSE308578,median_restoration,animal_label_allocation,642,0.1496233102765458
Figure S10,L,GSE308578,median_restoration,animal_label_allocation,643,0.1271325248670232
Figure S10,L,GSE308578,median_restoration,animal_label_allocation,644,0.0759506229739384
Figure S10,L,GSE308578,median_restoration,animal_label_allocation,645,0.105654486469517
Figure S10,L,GSE308578,median_restoration,animal_label_allocation,646,0.0498619602011496
Figure S10,L,GSE308578,median_restoration,animal_label_allocation,647,0.0885541103808649
Figure S10,L,GSE308578,median_restoration,animal_label_allocation,648,0.1671133082631
Figure S10,L,GSE308578,median_restoration,animal_label_allocation,649,0.1637245578963684
Figure S10,L,GSE308578,median_restoration,animal_label_allocation,650,0.144057928860215
Figure S10,L,GSE308578,median_restoration,animal_label_allocation,651,0.0079582282108067
Figure S10,L,GSE308578,median_restoration,animal_label_allocation,652,0.0806046413610523
Figure S10,L,GSE308578,median_restoration,animal_label_allocation,653,0.0400906393637962
Figure S10,L,GSE308578,median_restoration,animal_label_allocation,654,0.0903467287752883
Figure S10,L,GSE308578,median_restoration,animal_label_allocation,655,0.1265864914546992
Figure S10,L,GSE308578,median_restoration,animal_label_allocation,656,0.0530020504255142
Figure S10,L,GSE308578,median_restoration,animal_label_allocation,657,-0.0490806155000156
Figure S10,L,GSE308578,median_restoration,animal_label_allocation,658,0.111200042873637
Figure S10,L,GSE308578,median_restoration,animal_label_allocation,659,0.1897467688014185
Figure S10,L,GSE308578,median_restoration,animal_label_allocation,660,0.1381665533890863
Figure S10,L,GSE308578,median_restoration,animal_label_allocation,661,0.1350807697764897
Figure S10,L,GSE308578,median_restoration,animal_label_allocation,662,0.2191884185230845
Figure S10,L,GSE308578,median_restoration,animal_label_allocation,663,0.1489929180389974
Figure S10,L,GSE308578,median_restoration,animal_label_allocation,664,0.2274057305858483
Figure S10,L,GSE308578,median_restoration,animal_label_allocation,665,0.1228352372668082
Figure S10,L,GSE308578,median_restoration,animal_label_allocation,666,0.1511099546708247
Figure S10,L,GSE308578,median_restoration,animal_label_allocation,667,0.0090698677399574
Figure S10,L,GSE308578,median_restoration,animal_label_allocation,668,0.1009809974876132
Figure S10,L,GSE308578,median_restoration,animal_label_allocation,669,0.0394551812860153
Figure S10,L,GSE308578,median_restoration,animal_label_allocation,670,0.1379903107619564
Figure S10,L,GSE308578,median_restoration,animal_label_allocation,671,0.073878169538406
Figure S10,L,GSE308578,median_restoration,animal_label_allocation,672,-0.017595807091373
Figure S10,L,GSE308578,median_restoration,animal_label_allocation,673,0.1394981525160149
Figure S10,L,GSE308578,median_restoration,animal_label_allocation,674,0.1688445761970847
Figure S10,L,GSE308578,median_restoration,animal_label_allocation,675,0.0016329763714164
Figure S10,L,GSE308578,median_restoration,animal_label_allocation,676,-0.075026656137644
Figure S10,L,GSE308578,median_restoration,animal_label_allocation,677,0.0348106617486214
Figure S10,L,GSE308578,median_restoration,animal_label_allocation,678,0.0211741706031283
Figure S10,L,GSE308578,median_restoration,animal_label_allocation,679,0.0823161205885725
Figure S10,L,GSE308578,median_restoration,animal_label_allocation,680,-0.0816332368696849
Figure S10,L,GSE308578,median_restoration,animal_label_allocation,681,0.0510559451187699
Figure S10,L,GSE308578,median_restoration,animal_label_allocation,682,0.0674854624729441
Figure S10,L,GSE308578,median_restoration,animal_label_allocation,683,0.1333861376473599
Figure S10,L,GSE308578,median_restoration,animal_label_allocation,684,-0.0376658770464923
Figure S10,L,GSE308578,median_restoration,animal_label_allocation,685,0.144861865002702
Figure S10,L,GSE308578,median_restoration,animal_label_allocation,686,0.0670401926288617
Figure S10,L,GSE308578,median_restoration,animal_label_allocation,687,0.0614082019112327
Figure S10,L,GSE308578,median_restoration,animal_label_allocation,688,-0.0113133008215684
Figure S10,L,GSE308578,median_restoration,animal_label_allocation,689,0.0340240370027347
Figure S10,L,GSE308578,median_restoration,animal_label_allocation,690,-0.0985742999125118
Figure S10,L,GSE308578,median_restoration,animal_label_allocation,691,-0.0905033071827885
Figure S10,L,GSE308578,median_restoration,animal_label_allocation,692,0.014406981085682
Figure S10,L,GSE308578,median_restoration,animal_label_allocation,693,0.0187713510442741
Figure S10,L,GSE308578,median_restoration,animal_label_allocation,694,-0.0254557716477901
Figure S10,L,GSE308578,median_restoration,animal_label_allocation,695,0.0945930379007484
Figure S10,L,GSE308578,median_restoration,animal_label_allocation,696,-0.0514504123682824
Figure S10,L,GSE308578,median_restoration,animal_label_allocation,697,0.0459055331373252
Figure S10,L,GSE308578,median_restoration,animal_label_allocation,698,0.0262954616948745
Figure S10,L,GSE308578,median_restoration,animal_label_allocation,699,-0.0485098294307793
Figure S10,L,GSE308578,median_restoration,animal_label_allocation,700,-0.1112820627055882
Figure S10,L,GSE308578,median_restoration,animal_label_allocation,701,0.038824692543578
Figure S10,L,GSE308578,median_restoration,animal_label_allocation,702,0.1425848858712225
Figure S10,L,GSE308578,median_restoration,animal_label_allocation,703,-0.0207493249738837
Figure S10,L,GSE308578,median_restoration,animal_label_allocation,704,-0.0969524159167479
Figure S10,L,GSE308578,median_restoration,animal_label_allocation,705,0.060232349717904
Figure S10,L,GSE308578,median_restoration,animal_label_allocation,706,0.0287940288311456
Figure S10,L,GSE308578,median_restoration,animal_label_allocation,707,0.1441697810416977
Figure S10,L,GSE308578,median_restoration,animal_label_allocation,708,-0.015067931385897
Figure S10,L,GSE308578,median_restoration,animal_label_allocation,709,0.0228773308884856
Figure S10,L,GSE308578,median_restoration,animal_label_allocation,710,-0.0695335627575683
Figure S10,L,GSE308578,median_restoration,animal_label_allocation,711,0.023488005473284
Figure S10,L,GSE308578,median_restoration,animal_label_allocation,712,-0.078646557956489
Figure S10,L,GSE308578,median_restoration,animal_label_allocation,713,0.0959328450656467
Figure S10,L,GSE308578,median_restoration,animal_label_allocation,714,-0.0617313797609178
Figure S10,L,GSE308578,median_restoration,animal_label_allocation,715,0.028876999476934
Figure S10,L,GSE308578,median_restoration,animal_label_allocation,716,0.1281419483126784
Figure S10,L,GSE308578,median_restoration,animal_label_allocation,717,0.1077815105233037
Figure S10,L,GSE308578,median_restoration,animal_label_allocation,718,-0.0581766684988345
Figure S10,L,GSE308578,median_restoration,animal_label_allocation,719,0.204693901963723
Figure S10,L,GSE308578,median_restoration,animal_label_allocation,720,0.0091004130682277
Figure S10,L,GSE308578,median_restoration,animal_label_allocation,721,0.0858028557492538
Figure S10,L,GSE308578,median_restoration,animal_label_allocation,722,0.040474315110528
Figure S10,L,GSE308578,median_restoration,animal_label_allocation,723,0.1063538327361738
Figure S10,L,GSE308578,median_restoration,animal_label_allocation,724,0.0796293823718752
Figure S10,L,GSE308578,median_restoration,animal_label_allocation,725,-0.078438434939362
Figure S10,L,GSE308578,median_restoration,animal_label_allocation,726,0.1516539228654436
Figure S10,L,GSE308578,median_restoration,animal_label_allocation,727,0.033740430615178
Figure S10,L,GSE308578,median_restoration,animal_label_allocation,728,-0.0413026828671538
Figure S10,L,GSE308578,median_restoration,animal_label_allocation,729,0.0466774130713528
Figure S10,L,GSE308578,median_restoration,animal_label_allocation,730,0.1116776754477308
Figure S10,L,GSE308578,median_restoration,animal_label_allocation,731,0.0563098476545813
Figure S10,L,GSE308578,median_restoration,animal_label_allocation,732,0.0699368419284227
Figure S10,L,GSE308578,median_restoration,animal_label_allocation,733,-0.0390637808779958
Figure S10,L,GSE308578,median_restoration,animal_label_allocation,734,-0.0037130177186028
Figure S10,L,GSE308578,median_restoration,animal_label_allocation,735,0.0398249103048877
Figure S10,L,GSE308578,median_restoration,animal_label_allocation,736,0.1113031592796258
Figure S10,L,GSE308578,median_restoration,animal_label_allocation,737,-0.0067510873425122
Figure S10,L,GSE308578,median_restoration,animal_label_allocation,738,0.132939572060784
Figure S10,L,GSE308578,median_restoration,animal_label_allocation,739,0.0690546250741612
Figure S10,L,GSE308578,median_restoration,animal_label_allocation,740,-0.0389524546445083
Figure S10,L,GSE308578,median_restoration,animal_label_allocation,741,-0.029607815177544
Figure S10,L,GSE308578,median_restoration,animal_label_allocation,742,0.0031655101863652
Figure S10,L,GSE308578,median_restoration,animal_label_allocation,743,0.0982954580449497
Figure S10,L,GSE308578,median_restoration,animal_label_allocation,744,0.0527430718159402
Figure S10,L,GSE308578,median_restoration,animal_label_allocation,745,-0.0261110168726534
Figure S10,L,GSE308578,median_restoration,animal_label_allocation,746,0.0219794518528881
Figure S10,L,GSE308578,median_restoration,animal_label_allocation,747,0.0714664745152084
Figure S10,L,GSE308578,median_restoration,animal_label_allocation,748,0.0825931860988515
Figure S10,L,GSE308578,median_restoration,animal_label_allocation,749,0.1894492274394814
Figure S10,L,GSE308578,median_restoration,animal_label_allocation,750,0.0134035355754456
Figure S10,L,GSE308578,median_restoration,animal_label_allocation,751,0.022681053023823
Figure S10,L,GSE308578,median_restoration,animal_label_allocation,752,0.0726126269832025
Figure S10,L,GSE308578,median_restoration,animal_label_allocation,753,0.0529932926816174
Figure S10,L,GSE308578,median_restoration,animal_label_allocation,754,0.0789491505159345
Figure S10,L,GSE308578,median_restoration,animal_label_allocation,755,0.1469469992933838
Figure S10,L,GSE308578,median_restoration,animal_label_allocation,756,-0.0069689635265026
Figure S10,L,GSE308578,median_restoration,animal_label_allocation,757,0.1221398098654866
Figure S10,L,GSE308578,median_restoration,animal_label_allocation,758,0.0794791794346703
Figure S10,L,GSE308578,median_restoration,animal_label_allocation,759,0.0475613010553175
Figure S10,L,GSE308578,median_restoration,animal_label_allocation,760,0.08653230420146
Figure S10,L,GSE308578,median_restoration,animal_label_allocation,761,0.0451832915374772
Figure S10,L,GSE308578,median_restoration,animal_label_allocation,762,0.159278968017366
Figure S10,L,GSE308578,median_restoration,animal_label_allocation,763,0.1944510986406351
Figure S10,L,GSE308578,median_restoration,animal_label_allocation,764,0.1064770555182863
Figure S10,L,GSE308578,median_restoration,animal_label_allocation,765,0.059101072179148
Figure S10,L,GSE308578,median_restoration,animal_label_allocation,766,0.1083966668388058
Figure S10,L,GSE308578,median_restoration,animal_label_allocation,767,0.228823090050158
Figure S10,L,GSE308578,median_restoration,animal_label_allocation,768,0.1584880384197586
Figure S10,L,GSE308578,median_restoration,animal_label_allocation,769,0.0802077412402342
Figure S10,L,GSE308578,median_restoration,animal_label_allocation,770,0.1622580746412214
Figure S10,L,GSE308578,median_restoration,animal_label_allocation,771,-0.0041380158997297
Figure S10,L,GSE308578,median_restoration,animal_label_allocation,772,0.1020967242465458
Figure S10,L,GSE308578,median_restoration,animal_label_allocation,773,-0.0496563694771756
Figure S10,L,GSE308578,median_restoration,animal_label_allocation,774,0.0049387082374625
Figure S10,L,GSE308578,median_restoration,animal_label_allocation,775,0.0284744214096803
Figure S10,L,GSE308578,median_restoration,animal_label_allocation,776,0.0158966799131594
Figure S10,L,GSE308578,median_restoration,animal_label_allocation,777,-0.0173546754333688
Figure S10,L,GSE308578,median_restoration,animal_label_allocation,778,0.0348066768999704
Figure S10,L,GSE308578,median_restoration,animal_label_allocation,779,-0.0569962087792776
Figure S10,L,GSE308578,median_restoration,animal_label_allocation,780,0.0312361868263861
Figure S10,L,GSE308578,median_restoration,animal_label_allocation,781,0.0672351385166374
Figure S10,L,GSE308578,median_restoration,animal_label_allocation,782,-0.0228654598034678
Figure S10,L,GSE308578,median_restoration,animal_label_allocation,783,0.1987607589062801
Figure S10,L,GSE308578,median_restoration,animal_label_allocation,784,0.0794828994121248
Figure S10,L,GSE308578,median_restoration,animal_label_allocation,785,0.0007797055056011
Figure S10,L,GSE308578,median_restoration,animal_label_allocation,786,0.0683843669193161
Figure S10,L,GSE308578,median_restoration,animal_label_allocation,787,-0.0015421444410002
Figure S10,L,GSE308578,median_restoration,animal_label_allocation,788,0.0592795723103636
Figure S10,L,GSE308578,median_restoration,animal_label_allocation,789,0.0577504621769735
Figure S10,L,GSE308578,median_restoration,animal_label_allocation,790,0.1241716537059502
Figure S10,L,GSE308578,median_restoration,animal_label_allocation,791,0.0079439958008364
Figure S10,L,GSE308578,median_restoration,animal_label_allocation,792,0.041221101642614
Figure S10,L,GSE308578,median_restoration,animal_label_allocation,793,-0.075726481042583
Figure S10,L,GSE308578,median_restoration,animal_label_allocation,794,0.0006967956338028
Figure S10,L,GSE308578,median_restoration,animal_label_allocation,795,0.0586317461230905
Figure S10,L,GSE308578,median_restoration,animal_label_allocation,796,0.0042830709350646
Figure S10,L,GSE308578,median_restoration,animal_label_allocation,797,0.0195333227628724
Figure S10,L,GSE308578,median_restoration,animal_label_allocation,798,0.087057460914447
Figure S10,L,GSE308578,median_restoration,animal_label_allocation,799,-0.0465113726167949
Figure S10,L,GSE308578,median_restoration,animal_label_allocation,800,0.1162509511875515
Figure S10,L,GSE308578,median_restoration,animal_label_allocation,801,0.0416073301993799
Figure S10,L,GSE308578,median_restoration,animal_label_allocation,802,0.1168952861968424
Figure S10,L,GSE308578,median_restoration,animal_label_allocation,803,0.1552042545003401
Figure S10,L,GSE308578,median_restoration,animal_label_allocation,804,0.0225650274233055
Figure S10,L,GSE308578,median_restoration,animal_label_allocation,805,0.2208427179224643
Figure S10,L,GSE308578,median_restoration,animal_label_allocation,806,0.1078361648135626
Figure S10,L,GSE308578,median_restoration,animal_label_allocation,807,0.1522167715583142
Figure S10,L,GSE308578,median_restoration,animal_label_allocation,808,0.027474542781069
Figure S10,L,GSE308578,median_restoration,animal_label_allocation,809,0.0622016275068408
Figure S10,L,GSE308578,median_restoration,animal_label_allocation,810,-0.0373889286373281
Figure S10,L,GSE308578,median_restoration,animal_label_allocation,811,0.031011541693247
Figure S10,L,GSE308578,median_restoration,animal_label_allocation,812,0.2077065703986864
Figure S10,L,GSE308578,median_restoration,animal_label_allocation,813,0.1314260504079767
Figure S10,L,GSE308578,median_restoration,animal_label_allocation,814,0.0508969932144389
Figure S10,L,GSE308578,median_restoration,animal_label_allocation,815,-0.0577518128458391
Figure S10,L,GSE308578,median_restoration,animal_label_allocation,816,0.0516087412546792
Figure S10,L,GSE308578,median_restoration,animal_label_allocation,817,0.154290472851048
Figure S10,L,GSE308578,median_restoration,animal_label_allocation,818,-0.0073117749816109
Figure S10,L,GSE308578,median_restoration,animal_label_allocation,819,0.073633666267014
Figure S10,L,GSE308578,median_restoration,animal_label_allocation,820,0.1348737445600045
Figure S10,L,GSE308578,median_restoration,animal_label_allocation,821,-0.0568908240245935
Figure S10,L,GSE308578,median_restoration,animal_label_allocation,822,0.1424837275259287
Figure S10,L,GSE308578,median_restoration,animal_label_allocation,823,0.0229484071987823
Figure S10,L,GSE308578,median_restoration,animal_label_allocation,824,-0.0139562410552863
Figure S10,L,GSE308578,median_restoration,animal_label_allocation,825,0.0689429785794875
Figure S10,L,GSE308578,median_restoration,animal_label_allocation,826,-0.0805434816100199
Figure S10,L,GSE308578,median_restoration,animal_label_allocation,827,-0.0431538585268409
Figure S10,L,GSE308578,median_restoration,animal_label_allocation,828,-0.0075208476754169
Figure S10,L,GSE308578,median_restoration,animal_label_allocation,829,0.0582584106992664
Figure S10,L,GSE308578,median_restoration,animal_label_allocation,830,-0.0525726300691111
Figure S10,L,GSE308578,median_restoration,animal_label_allocation,831,0.0643611962654828
Figure S10,L,GSE308578,median_restoration,animal_label_allocation,832,-0.0027693078352024
Figure S10,L,GSE308578,median_restoration,animal_label_allocation,833,0.0830155550229085
Figure S10,L,GSE308578,median_restoration,animal_label_allocation,834,0.0745725863046375
Figure S10,L,GSE308578,median_restoration,animal_label_allocation,835,0.0753783638334701
Figure S10,L,GSE308578,median_restoration,animal_label_allocation,836,0.0043315607471327
Figure S10,L,GSE308578,median_restoration,animal_label_allocation,837,-0.0335473742808896
Figure S10,L,GSE308578,median_restoration,animal_label_allocation,838,0.0840593968943604
Figure S10,L,GSE308578,median_restoration,animal_label_allocation,839,0.09034633222927
Figure S10,L,GSE308578,median_restoration,animal_label_allocation,840,0.0916744226780519
Figure S10,L,GSE308578,median_restoration,animal_label_allocation,841,0.0633186452636259
Figure S10,L,GSE308578,median_restoration,animal_label_allocation,842,-0.0885677843953192
Figure S10,L,GSE308578,median_restoration,animal_label_allocation,843,-0.0070167111626489
Figure S10,L,GSE308578,median_restoration,animal_label_allocation,844,0.0234319069556678
Figure S10,L,GSE308578,median_restoration,animal_label_allocation,845,0.113139214722993
Figure S10,L,GSE308578,median_restoration,animal_label_allocation,846,0.0742984540157269
Figure S10,L,GSE308578,median_restoration,animal_label_allocation,847,0.1182246815745582
Figure S10,L,GSE308578,median_restoration,animal_label_allocation,848,0.0491766231475327
Figure S10,L,GSE308578,median_restoration,animal_label_allocation,849,0.0853597433085715
Figure S10,L,GSE308578,median_restoration,animal_label_allocation,850,0.0165915032155964
Figure S10,L,GSE308578,median_restoration,animal_label_allocation,851,-0.0629128192653176
Figure S10,L,GSE308578,median_restoration,animal_label_allocation,852,-0.0161591492315942
Figure S10,L,GSE308578,median_restoration,animal_label_allocation,853,0.1754505186462251
Figure S10,L,GSE308578,median_restoration,animal_label_allocation,854,0.0040924222031397
Figure S10,L,GSE308578,median_restoration,animal_label_allocation,855,-0.0096174983443503
Figure S10,L,GSE308578,median_restoration,animal_label_allocation,856,0.0331981338710097
Figure S10,L,GSE308578,median_restoration,animal_label_allocation,857,0.0894210266910471
Figure S10,L,GSE308578,median_restoration,animal_label_allocation,858,0.090463800614982
Figure S10,L,GSE308578,median_restoration,animal_label_allocation,859,0.1181575055315541
Figure S10,L,GSE308578,median_restoration,animal_label_allocation,860,0.0478793931143415
Figure S10,L,GSE308578,median_restoration,animal_label_allocation,861,0.0393211272729354
Figure S10,L,GSE308578,median_restoration,animal_label_allocation,862,0.0435909401413674
Figure S10,L,GSE308578,median_restoration,animal_label_allocation,863,-0.0027058404912034
Figure S10,L,GSE308578,median_restoration,animal_label_allocation,864,0.0405598196736658
Figure S10,L,GSE308578,median_restoration,animal_label_allocation,865,0.0441406352154105
Figure S10,L,GSE308578,median_restoration,animal_label_allocation,866,-0.0359446043657079
Figure S10,L,GSE308578,median_restoration,animal_label_allocation,867,-0.0672704579818597
Figure S10,L,GSE308578,median_restoration,animal_label_allocation,868,0.0434051228496024
Figure S10,L,GSE308578,median_restoration,animal_label_allocation,869,-0.0505969556095293
Figure S10,L,GSE308578,median_restoration,animal_label_allocation,870,-0.0718695908623203
Figure S10,L,GSE308578,median_restoration,animal_label_allocation,871,0.1226113421261363
Figure S10,L,GSE308578,median_restoration,animal_label_allocation,872,0.0822495325547092
Figure S10,L,GSE308578,median_restoration,animal_label_allocation,873,0.1553422555411892
Figure S10,L,GSE308578,median_restoration,animal_label_allocation,874,0.0278015568223628
Figure S10,L,GSE308578,median_restoration,animal_label_allocation,875,0.1334754569167371
Figure S10,L,GSE308578,median_restoration,animal_label_allocation,876,-0.0098354248367851
Figure S10,L,GSE308578,median_restoration,animal_label_allocation,877,0.0318441952165189
Figure S10,L,GSE308578,median_restoration,animal_label_allocation,878,0.1491907901893174
Figure S10,L,GSE308578,median_restoration,animal_label_allocation,879,0.0618282628709998
Figure S10,L,GSE308578,median_restoration,animal_label_allocation,880,-0.0224550440494728
Figure S10,L,GSE308578,median_restoration,animal_label_allocation,881,0.0141700907822279
Figure S10,L,GSE308578,median_restoration,animal_label_allocation,882,0.0853063888088552
Figure S10,L,GSE308578,median_restoration,animal_label_allocation,883,0.0278902271408396
Figure S10,L,GSE308578,median_restoration,animal_label_allocation,884,0.0071513597322043
Figure S10,L,GSE308578,median_restoration,animal_label_allocation,885,0.0117819299485728
Figure S10,L,GSE308578,median_restoration,animal_label_allocation,886,0.0640757192413992
Figure S10,L,GSE308578,median_restoration,animal_label_allocation,887,0.1783981595982311
Figure S10,L,GSE308578,median_restoration,animal_label_allocation,888,0.0364531758267427
Figure S10,L,GSE308578,median_restoration,animal_label_allocation,889,0.0610273158526943
Figure S10,L,GSE308578,median_restoration,animal_label_allocation,890,0.1391857137821515
Figure S10,L,GSE308578,median_restoration,animal_label_allocation,891,-0.047138479554615
Figure S10,L,GSE308578,median_restoration,animal_label_allocation,892,0.0318914569380028
Figure S10,L,GSE308578,median_restoration,animal_label_allocation,893,0.0049809187948741
Figure S10,L,GSE308578,median_restoration,animal_label_allocation,894,-0.0725404730922578
Figure S10,L,GSE308578,median_restoration,animal_label_allocation,895,0.1675773989253692
Figure S10,L,GSE308578,median_restoration,animal_label_allocation,896,0.0468542673826735
Figure S10,L,GSE308578,median_restoration,animal_label_allocation,897,0.0473792157982877
Figure S10,L,GSE308578,median_restoration,animal_label_allocation,898,0.1442719138168811
Figure S10,L,GSE308578,median_restoration,animal_label_allocation,899,-0.1020965019325186
Figure S10,L,GSE308578,median_restoration,animal_label_allocation,900,-0.1070747738825188
Figure S10,L,GSE308578,median_restoration,animal_label_allocation,901,-0.0166880719460622
Figure S10,L,GSE308578,median_restoration,animal_label_allocation,902,0.1652389058966887
Figure S10,L,GSE308578,median_restoration,animal_label_allocation,903,0.2348139528136652
Figure S10,L,GSE308578,median_restoration,animal_label_allocation,904,0.1955999704073869
Figure S10,L,GSE308578,median_restoration,animal_label_allocation,905,0.0835312464123934
Figure S10,L,GSE308578,median_restoration,animal_label_allocation,906,0.1593590003760079
Figure S10,L,GSE308578,median_restoration,animal_label_allocation,907,0.1479268855711235
Figure S10,L,GSE308578,median_restoration,animal_label_allocation,908,0.1640717909201794
Figure S10,L,GSE308578,median_restoration,animal_label_allocation,909,0.1855248088252375
Figure S10,L,GSE308578,median_restoration,animal_label_allocation,910,0.0356305199691696
Figure S10,L,GSE308578,median_restoration,animal_label_allocation,911,0.1985332982596034
Figure S10,L,GSE308578,median_restoration,animal_label_allocation,912,0.166474090917716
Figure S10,L,GSE308578,median_restoration,animal_label_allocation,913,0.0428107576906904
Figure S10,L,GSE308578,median_restoration,animal_label_allocation,914,0.0301283779313863
Figure S10,L,GSE308578,median_restoration,animal_label_allocation,915,0.0238923852653298
Figure S10,L,GSE308578,median_restoration,animal_label_allocation,916,0.0752164751258901
Figure S10,L,GSE308578,median_restoration,animal_label_allocation,917,0.1531195306344781
Figure S10,L,GSE308578,median_restoration,animal_label_allocation,918,0.0907055655442761
Figure S10,L,GSE308578,median_restoration,animal_label_allocation,919,0.1370561286052374
Figure S10,L,GSE308578,median_restoration,animal_label_allocation,920,0.1701845913158133
Figure S10,L,GSE308578,median_restoration,animal_label_allocation,921,0.1726181419154393
Figure S10,L,GSE308578,median_restoration,animal_label_allocation,922,0.0327811712540592
Figure S10,L,GSE308578,median_restoration,animal_label_allocation,923,0.136018009115876
Figure S10,L,GSE308578,median_restoration,animal_label_allocation,924,0.0321583200212458
Figure S10,L,GSE308578,median_restoration,animal_label_allocation,925,0.0448175456878772
Figure S10,L,GSE308578,median_restoration,animal_label_allocation,926,0.0408126740323417
Figure S10,L,GSE308578,median_restoration,animal_label_allocation,927,0.0233603234212909
Figure S10,L,GSE308578,median_restoration,animal_label_allocation,928,0.096708369790333
Figure S10,L,GSE308578,median_restoration,animal_label_allocation,929,0.1251785655807833
Figure S10,L,GSE308578,median_restoration,animal_label_allocation,930,-0.0268519377160485
Figure S10,L,GSE308578,median_restoration,animal_label_allocation,931,0.0514078390836614
Figure S10,L,GSE308578,median_restoration,animal_label_allocation,932,0.1437330415981552
Figure S10,L,GSE308578,median_restoration,animal_label_allocation,933,0.200873921075805
Figure S10,L,GSE308578,median_restoration,animal_label_allocation,934,0.0905737849579998
Figure S10,L,GSE308578,median_restoration,animal_label_allocation,935,0.0330643329922668
Figure S10,L,GSE308578,median_restoration,animal_label_allocation,936,0.077201378306148
Figure S10,L,GSE308578,median_restoration,animal_label_allocation,937,0.1330709188751588
Figure S10,L,GSE308578,median_restoration,animal_label_allocation,938,0.1137384399468439
Figure S10,L,GSE308578,median_restoration,animal_label_allocation,939,0.0949549700618276
Figure S10,L,GSE308578,median_restoration,animal_label_allocation,940,0.0600163989185986
Figure S10,L,GSE308578,median_restoration,animal_label_allocation,941,0.1577862860620582
Figure S10,L,GSE308578,median_restoration,animal_label_allocation,942,0.1007364893390752
Figure S10,L,GSE308578,median_restoration,animal_label_allocation,943,0.2090675446074756
Figure S10,L,GSE308578,median_restoration,animal_label_allocation,944,0.1253605292129819
Figure S10,L,GSE308578,median_restoration,animal_label_allocation,945,0.1344739772995726
Figure S10,L,GSE308578,median_restoration,animal_label_allocation,946,-0.0563811630375474
Figure S10,L,GSE308578,median_restoration,animal_label_allocation,947,-0.0006163403431285
Figure S10,L,GSE308578,median_restoration,animal_label_allocation,948,0.0799747940058086
Figure S10,L,GSE308578,median_restoration,animal_label_allocation,949,0.104952384287607
Figure S10,L,GSE308578,median_restoration,animal_label_allocation,950,0.0524072439311686
Figure S10,L,GSE308578,median_restoration,animal_label_allocation,951,0.1119176742734335
Figure S10,L,GSE308578,median_restoration,animal_label_allocation,952,0.0906335798756936
Figure S10,L,GSE308578,median_restoration,animal_label_allocation,953,0.1193503192497557
Figure S10,L,GSE308578,median_restoration,animal_label_allocation,954,0.0665558180565184
Figure S10,L,GSE308578,median_restoration,animal_label_allocation,955,0.1016438344408667
Figure S10,L,GSE308578,median_restoration,animal_label_allocation,956,0.1094899660881356
Figure S10,L,GSE308578,median_restoration,animal_label_allocation,957,-0.0757099334628108
Figure S10,L,GSE308578,median_restoration,animal_label_allocation,958,0.06074503368845
Figure S10,L,GSE308578,median_restoration,animal_label_allocation,959,0.0459954625964875
Figure S10,L,GSE308578,median_restoration,animal_label_allocation,960,0.1721275788543494
Figure S10,L,GSE308578,median_restoration,animal_label_allocation,961,-0.0636296914500018
Figure S10,L,GSE308578,median_restoration,animal_label_allocation,962,0.1228994062177974
Figure S10,L,GSE308578,median_restoration,animal_label_allocation,963,0.0861847735693475
Figure S10,L,GSE308578,median_restoration,animal_label_allocation,964,0.0167117942800771
Figure S10,L,GSE308578,median_restoration,animal_label_allocation,965,0.0121410559529628
Figure S10,L,GSE308578,median_restoration,animal_label_allocation,966,0.0110806653417476
Figure S10,L,GSE308578,median_restoration,animal_label_allocation,967,0.0950387001052472
Figure S10,L,GSE308578,median_restoration,animal_label_allocation,968,0.1128994280078838
Figure S10,L,GSE308578,median_restoration,animal_label_allocation,969,0.0694325631366896
Figure S10,L,GSE308578,median_restoration,animal_label_allocation,970,0.084001537625949
Figure S10,L,GSE308578,median_restoration,animal_label_allocation,971,-0.0097842931856484
Figure S10,L,GSE308578,median_restoration,animal_label_allocation,972,-0.0188159204150645
Figure S10,L,GSE308578,median_restoration,animal_label_allocation,973,0.0914074155462731
Figure S10,L,GSE308578,median_restoration,animal_label_allocation,974,0.0547998572237866
Figure S10,L,GSE308578,median_restoration,animal_label_allocation,975,-0.026216928411884
Figure S10,L,GSE308578,median_restoration,animal_label_allocation,976,0.1138760571760366
Figure S10,L,GSE308578,median_restoration,animal_label_allocation,977,0.0702369821825124
Figure S10,L,GSE308578,median_restoration,animal_label_allocation,978,0.0409842912077933
Figure S10,L,GSE308578,median_restoration,animal_label_allocation,979,0.0570766839175167
Figure S10,L,GSE308578,median_restoration,animal_label_allocation,980,0.0185419408118292
Figure S10,L,GSE308578,median_restoration,animal_label_allocation,981,0.0113748813098604
Figure S10,L,GSE308578,median_restoration,animal_label_allocation,982,0.057142193310596
Figure S10,L,GSE308578,median_restoration,animal_label_allocation,983,0.1144093173109689
Figure S10,L,GSE308578,median_restoration,animal_label_allocation,984,-0.0339576735991641
Figure S10,L,GSE308578,median_restoration,animal_label_allocation,985,0.0122738030396316
Figure S10,L,GSE308578,median_restoration,animal_label_allocation,986,0.0653177187181999
Figure S10,L,GSE308578,median_restoration,animal_label_allocation,987,0.0698640081601738
Figure S10,L,GSE308578,median_restoration,animal_label_allocation,988,0.1205047207932006
Figure S10,L,GSE308578,median_restoration,animal_label_allocation,989,-0.0564606325794763
Figure S10,L,GSE308578,median_restoration,animal_label_allocation,990,0.0614654433599335
Figure S10,L,GSE308578,median_restoration,animal_label_allocation,991,0.1520361777586965
Figure S10,L,GSE308578,median_restoration,animal_label_allocation,992,0.0474934571809199
Figure S10,L,GSE308578,median_restoration,animal_label_allocation,993,0.0682954797274315
Figure S10,L,GSE308578,median_restoration,animal_label_allocation,994,0.101883127592123
Figure S10,L,GSE308578,median_restoration,animal_label_allocation,995,0.0076386618612795
Figure S10,L,GSE308578,median_restoration,animal_label_allocation,996,0.1391185028094489
Figure S10,L,GSE308578,median_restoration,animal_label_allocation,997,-0.0366094608929947
Figure S10,L,GSE308578,median_restoration,animal_label_allocation,998,0.0527486178048617
Figure S10,L,GSE308578,median_restoration,animal_label_allocation,999,0.0707884051795799
Figure S10,L,GSE308578,median_restoration,shared_reference_observed,-1,0.1762486418609539
