label,retrieval_date,request_started_utc,url,status_code,from_cache,elapsed_seconds,meta_last_updated,meta_total,cache_file,response_sha256
dataset_latest_receivedate,2026-09-04,2026-09-04T19:06:16.237884+00:00,https://api.fda.gov/drug/event.json?sort=receivedate%3Adesc&limit=1,200,True,0.0,2026-07-30,20692690,af7f50dbe4f26b024bae637b053a8c78f525144496d8f85722efe7af3dda252c.json,e454c541ce08c6a240616ca70a014871f3bcbbdbce81d0528ddc68b5b2a1b25a
expanded__age_18-64_years__nintedanib,2026-09-04,2026-09-04T19:06:16.317390+00:00,https://api.fda.gov/drug/event.json?search=%28%28%28%28patient.drug.openfda.generic_name.exact%3A%22NINTEDANIB%22+OR+patient.drug.medicinalproduct.exact%3A%22OFEV%22+OR+patient.drug.medicinalproduct.exact%3A%22NINTEDANIB%22+OR+patient.drug.medicinalproduct.exact%3A%22NINTEDANIB+ESYLATE%22%29%29+AND+NOT+%28%28patient.drug.openfda.generic_name.exact%3A%22PIRFENIDONE%22+OR+patient.drug.medicinalproduct.exact%3A%22ESBRIET%22+OR+patient.drug.medicinalproduct.exact%3A%22PIRFENIDONE%22%29%29%29+AND+%28patient.patientonsetageunit%3A%22801%22+AND+patient.patientonsetage%3A%5B18+TO+64%5D%29%29+AND+receivedate%3A%5B20141015+TO+20260630%5D&limit=1,200,True,0.0,2026-07-30,4219,c7b9c3545bb159a65939723a0dd8747a1a3d96fb2be153b45d059a2fc1e3c000.json,5eaf2c9bd9504f62f11c2163a3f8196a9cd6dd5528ff82c8d1b444da2159d76d
expanded__age_18-64_years__pirfenidone,2026-09-04,2026-09-04T19:06:16.327601+00:00,https://api.fda.gov/drug/event.json?search=%28%28%28%28patient.drug.openfda.generic_name.exact%3A%22PIRFENIDONE%22+OR+patient.drug.medicinalproduct.exact%3A%22ESBRIET%22+OR+patient.drug.medicinalproduct.exact%3A%22PIRFENIDONE%22%29%29+AND+NOT+%28%28patient.drug.openfda.generic_name.exact%3A%22NINTEDANIB%22+OR+patient.drug.medicinalproduct.exact%3A%22OFEV%22+OR+patient.drug.medicinalproduct.exact%3A%22NINTEDANIB%22+OR+patient.drug.medicinalproduct.exact%3A%22NINTEDANIB+ESYLATE%22%29%29%29+AND+%28patient.patientonsetageunit%3A%22801%22+AND+patient.patientonsetage%3A%5B18+TO+64%5D%29%29+AND+receivedate%3A%5B20141015+TO+20260630%5D&limit=1,200,True,0.0,2026-07-30,2314,8a08ee94f0d5c85aae9843006ef7ac1f2ace34db0b227fc550d4316ca655c0ff.json,69f5d21251399440f81794e190feda21848df2183e56c3f96cf451e38b2eea86
expanded__age_65plus_years__nintedanib,2026-09-04,2026-09-04T19:06:16.317538+00:00,https://api.fda.gov/drug/event.json?search=%28%28%28%28patient.drug.openfda.generic_name.exact%3A%22NINTEDANIB%22+OR+patient.drug.medicinalproduct.exact%3A%22OFEV%22+OR+patient.drug.medicinalproduct.exact%3A%22NINTEDANIB%22+OR+patient.drug.medicinalproduct.exact%3A%22NINTEDANIB+ESYLATE%22%29%29+AND+NOT+%28%28patient.drug.openfda.generic_name.exact%3A%22PIRFENIDONE%22+OR+patient.drug.medicinalproduct.exact%3A%22ESBRIET%22+OR+patient.drug.medicinalproduct.exact%3A%22PIRFENIDONE%22%29%29%29+AND+%28patient.patientonsetageunit%3A%22801%22+AND+patient.patientonsetage%3A%5B65+TO+150%5D%29%29+AND+receivedate%3A%5B20141015+TO+20260630%5D&limit=1,200,True,0.0,2026-07-30,14803,76260ac7233bb4371af9b4b881988dc3e2872e40b34d8c91a40bd14cec665e4a.json,660f382b2ef7329231ba10b2218ebd96f94a7c728b105cb891b65a39256fec2b
expanded__age_65plus_years__pirfenidone,2026-09-04,2026-09-04T19:06:16.328302+00:00,https://api.fda.gov/drug/event.json?search=%28%28%28%28patient.drug.openfda.generic_name.exact%3A%22PIRFENIDONE%22+OR+patient.drug.medicinalproduct.exact%3A%22ESBRIET%22+OR+patient.drug.medicinalproduct.exact%3A%22PIRFENIDONE%22%29%29+AND+NOT+%28%28patient.drug.openfda.generic_name.exact%3A%22NINTEDANIB%22+OR+patient.drug.medicinalproduct.exact%3A%22OFEV%22+OR+patient.drug.medicinalproduct.exact%3A%22NINTEDANIB%22+OR+patient.drug.medicinalproduct.exact%3A%22NINTEDANIB+ESYLATE%22%29%29%29+AND+%28patient.patientonsetageunit%3A%22801%22+AND+patient.patientonsetage%3A%5B65+TO+150%5D%29%29+AND+receivedate%3A%5B20141015+TO+20260630%5D&limit=1,200,True,0.0,2026-07-30,15215,a0c614cfc4d78b001fb4a2f9b034a629b38faa24e13e83f81c0b959899360a0b.json,ddeb5b7dcaf86e4c30ae020fe42954359a8d2d6b2212d3280344cd940cd578a6
expanded__broad__nintedanib,2026-09-04,2026-09-04T19:06:17.435746+00:00,https://api.fda.gov/drug/event.json?search=%28%28%28%28patient.drug.openfda.generic_name.exact%3A%22NINTEDANIB%22+OR+patient.drug.medicinalproduct.exact%3A%22OFEV%22+OR+patient.drug.medicinalproduct.exact%3A%22NINTEDANIB%22+OR+patient.drug.medicinalproduct.exact%3A%22NINTEDANIB+ESYLATE%22%29%29+AND+NOT+%28%28patient.drug.openfda.generic_name.exact%3A%22PIRFENIDONE%22+OR+patient.drug.medicinalproduct.exact%3A%22ESBRIET%22+OR+patient.drug.medicinalproduct.exact%3A%22PIRFENIDONE%22%29%29%29+AND+%28patient.reaction.reactionmeddrapt.exact%3A%22DRUG-INDUCED+LIVER+INJURY%22+OR+patient.reaction.reactionmeddrapt.exact%3A%22HEPATOTOXICITY%22+OR+patient.reaction.reactionmeddrapt.exact%3A%22HEPATITIS+TOXIC%22+OR+patient.reaction.reactionmeddrapt.exact%3A%22HEPATOCELLULAR+INJURY%22+OR+patient.reaction.reactionmeddrapt.exact%3A%22CHOLESTATIC+LIVER+INJURY%22+OR+patient.reaction.reactionmeddrapt.exact%3A%22MIXED+LIVER+INJURY%22+OR+patient.reaction.reactionmeddrapt.exact%3A%22HEPATIC+FAILURE%22+OR+patient.reaction.reactionmeddrapt.exact%3A%22ACUTE+HEPATIC+FAILURE%22+OR+patient.reaction.reactionmeddrapt.exact%3A%22HEPATIC+NECROSIS%22+OR+patient.reaction.reactionmeddrapt.exact%3A%22FULMINANT+HEPATITIS%22+OR+patient.reaction.reactionmeddrapt.exact%3A%22ALANINE+AMINOTRANSFERASE+INCREASED%22+OR+patient.reaction.reactionmeddrapt.exact%3A%22ASPARTATE+AMINOTRANSFERASE+INCREASED%22+OR+patient.reaction.reactionmeddrapt.exact%3A%22TRANSAMINASES+INCREASED%22+OR+patient.reaction.reactionmeddrapt.exact%3A%22HEPATIC+ENZYME+INCREASED%22+OR+patient.reaction.reactionmeddrapt.exact%3A%22LIVER+FUNCTION+TEST+ABNORMAL%22+OR+patient.reaction.reactionmeddrapt.exact%3A%22LIVER+FUNCTION+TEST+INCREASED%22+OR+patient.reaction.reactionmeddrapt.exact%3A%22BLOOD+BILIRUBIN+INCREASED%22+OR+patient.reaction.reactionmeddrapt.exact%3A%22HYPERBILIRUBINAEMIA%22+OR+patient.reaction.reactionmeddrapt.exact%3A%22JAUNDICE%22+OR+patient.reaction.reactionmeddrapt.exact%3A%22CHOLESTASIS%22+OR+patient.reaction.reactionmeddrapt.exact%3A%22HEPATITIS%22+OR+patient.reaction.reactionmeddrapt.exact%3A%22HEPATITIS+ACUTE%22+OR+patient.reaction.reactionmeddrapt.exact%3A%22HEPATIC+FUNCTION+ABNORMAL%22+OR+patient.reaction.reactionmeddrapt.exact%3A%22LIVER+DISORDER%22+OR+patient.reaction.reactionmeddrapt.exact%3A%22GAMMA-GLUTAMYLTRANSFERASE+INCREASED%22+OR+patient.reaction.reactionmeddrapt.exact%3A%22BLOOD+ALKALINE+PHOSPHATASE+INCREASED%22%29%29+AND+receivedate%3A%5B20141015+TO+20260630%5D&limit=1,200,True,0.0,2026-07-30,1787,2d0a62ef7ca34ca47b0a0292f3d2dce3b678712c053fb4d4c8c75a4935bb3e2b.json,c4c73d4032fc7a5b81ab9fcfa6d5a786a5fffac73177f4db0e65b02f8c7395b2
expanded__broad__pirfenidone,2026-09-04,2026-09-04T19:06:17.436823+00:00,https://api.fda.gov/drug/event.json?search=%28%28%28%28patient.drug.openfda.generic_name.exact%3A%22PIRFENIDONE%22+OR+patient.drug.medicinalproduct.exact%3A%22ESBRIET%22+OR+patient.drug.medicinalproduct.exact%3A%22PIRFENIDONE%22%29%29+AND+NOT+%28%28patient.drug.openfda.generic_name.exact%3A%22NINTEDANIB%22+OR+patient.drug.medicinalproduct.exact%3A%22OFEV%22+OR+patient.drug.medicinalproduct.exact%3A%22NINTEDANIB%22+OR+patient.drug.medicinalproduct.exact%3A%22NINTEDANIB+ESYLATE%22%29%29%29+AND+%28patient.reaction.reactionmeddrapt.exact%3A%22DRUG-INDUCED+LIVER+INJURY%22+OR+patient.reaction.reactionmeddrapt.exact%3A%22HEPATOTOXICITY%22+OR+patient.reaction.reactionmeddrapt.exact%3A%22HEPATITIS+TOXIC%22+OR+patient.reaction.reactionmeddrapt.exact%3A%22HEPATOCELLULAR+INJURY%22+OR+patient.reaction.reactionmeddrapt.exact%3A%22CHOLESTATIC+LIVER+INJURY%22+OR+patient.reaction.reactionmeddrapt.exact%3A%22MIXED+LIVER+INJURY%22+OR+patient.reaction.reactionmeddrapt.exact%3A%22HEPATIC+FAILURE%22+OR+patient.reaction.reactionmeddrapt.exact%3A%22ACUTE+HEPATIC+FAILURE%22+OR+patient.reaction.reactionmeddrapt.exact%3A%22HEPATIC+NECROSIS%22+OR+patient.reaction.reactionmeddrapt.exact%3A%22FULMINANT+HEPATITIS%22+OR+patient.reaction.reactionmeddrapt.exact%3A%22ALANINE+AMINOTRANSFERASE+INCREASED%22+OR+patient.reaction.reactionmeddrapt.exact%3A%22ASPARTATE+AMINOTRANSFERASE+INCREASED%22+OR+patient.reaction.reactionmeddrapt.exact%3A%22TRANSAMINASES+INCREASED%22+OR+patient.reaction.reactionmeddrapt.exact%3A%22HEPATIC+ENZYME+INCREASED%22+OR+patient.reaction.reactionmeddrapt.exact%3A%22LIVER+FUNCTION+TEST+ABNORMAL%22+OR+patient.reaction.reactionmeddrapt.exact%3A%22LIVER+FUNCTION+TEST+INCREASED%22+OR+patient.reaction.reactionmeddrapt.exact%3A%22BLOOD+BILIRUBIN+INCREASED%22+OR+patient.reaction.reactionmeddrapt.exact%3A%22HYPERBILIRUBINAEMIA%22+OR+patient.reaction.reactionmeddrapt.exact%3A%22JAUNDICE%22+OR+patient.reaction.reactionmeddrapt.exact%3A%22CHOLESTASIS%22+OR+patient.reaction.reactionmeddrapt.exact%3A%22HEPATITIS%22+OR+patient.reaction.reactionmeddrapt.exact%3A%22HEPATITIS+ACUTE%22+OR+patient.reaction.reactionmeddrapt.exact%3A%22HEPATIC+FUNCTION+ABNORMAL%22+OR+patient.reaction.reactionmeddrapt.exact%3A%22LIVER+DISORDER%22+OR+patient.reaction.reactionmeddrapt.exact%3A%22GAMMA-GLUTAMYLTRANSFERASE+INCREASED%22+OR+patient.reaction.reactionmeddrapt.exact%3A%22BLOOD+ALKALINE+PHOSPHATASE+INCREASED%22%29%29+AND+receivedate%3A%5B20141015+TO+20260630%5D&limit=1,200,True,0.0,2026-07-30,715,3983e4854c2893ca83af68c0708ffdca534f6b66e0f805c31e7edb2ad005bdd0.json,56448b3c4db4bc12a0d72c6e12aa1a19b985036324a3a80f9ecae5c0eaaa3ec3
expanded__narrow__nintedanib,2026-09-04,2026-09-04T19:06:17.435464+00:00,https://api.fda.gov/drug/event.json?search=%28%28%28%28patient.drug.openfda.generic_name.exact%3A%22NINTEDANIB%22+OR+patient.drug.medicinalproduct.exact%3A%22OFEV%22+OR+patient.drug.medicinalproduct.exact%3A%22NINTEDANIB%22+OR+patient.drug.medicinalproduct.exact%3A%22NINTEDANIB+ESYLATE%22%29%29+AND+NOT+%28%28patient.drug.openfda.generic_name.exact%3A%22PIRFENIDONE%22+OR+patient.drug.medicinalproduct.exact%3A%22ESBRIET%22+OR+patient.drug.medicinalproduct.exact%3A%22PIRFENIDONE%22%29%29%29+AND+%28patient.reaction.reactionmeddrapt.exact%3A%22DRUG-INDUCED+LIVER+INJURY%22+OR+patient.reaction.reactionmeddrapt.exact%3A%22HEPATOTOXICITY%22+OR+patient.reaction.reactionmeddrapt.exact%3A%22HEPATITIS+TOXIC%22+OR+patient.reaction.reactionmeddrapt.exact%3A%22HEPATOCELLULAR+INJURY%22+OR+patient.reaction.reactionmeddrapt.exact%3A%22CHOLESTATIC+LIVER+INJURY%22+OR+patient.reaction.reactionmeddrapt.exact%3A%22MIXED+LIVER+INJURY%22+OR+patient.reaction.reactionmeddrapt.exact%3A%22HEPATIC+FAILURE%22+OR+patient.reaction.reactionmeddrapt.exact%3A%22ACUTE+HEPATIC+FAILURE%22+OR+patient.reaction.reactionmeddrapt.exact%3A%22HEPATIC+NECROSIS%22+OR+patient.reaction.reactionmeddrapt.exact%3A%22FULMINANT+HEPATITIS%22%29%29+AND+receivedate%3A%5B20141015+TO+20260630%5D&limit=1,200,True,0.0,2026-07-30,341,68cecb52d94d3979b70c87058821ef0c81d15bf540e3ba9461e3298b957e38b0.json,82bb0e39ce537bba08fed7fb133be6f2b344e9a42b4715cd0bb53ffa3336f175
expanded__narrow__pirfenidone,2026-09-04,2026-09-04T19:06:17.436465+00:00,https://api.fda.gov/drug/event.json?search=%28%28%28%28patient.drug.openfda.generic_name.exact%3A%22PIRFENIDONE%22+OR+patient.drug.medicinalproduct.exact%3A%22ESBRIET%22+OR+patient.drug.medicinalproduct.exact%3A%22PIRFENIDONE%22%29%29+AND+NOT+%28%28patient.drug.openfda.generic_name.exact%3A%22NINTEDANIB%22+OR+patient.drug.medicinalproduct.exact%3A%22OFEV%22+OR+patient.drug.medicinalproduct.exact%3A%22NINTEDANIB%22+OR+patient.drug.medicinalproduct.exact%3A%22NINTEDANIB+ESYLATE%22%29%29%29+AND+%28patient.reaction.reactionmeddrapt.exact%3A%22DRUG-INDUCED+LIVER+INJURY%22+OR+patient.reaction.reactionmeddrapt.exact%3A%22HEPATOTOXICITY%22+OR+patient.reaction.reactionmeddrapt.exact%3A%22HEPATITIS+TOXIC%22+OR+patient.reaction.reactionmeddrapt.exact%3A%22HEPATOCELLULAR+INJURY%22+OR+patient.reaction.reactionmeddrapt.exact%3A%22CHOLESTATIC+LIVER+INJURY%22+OR+patient.reaction.reactionmeddrapt.exact%3A%22MIXED+LIVER+INJURY%22+OR+patient.reaction.reactionmeddrapt.exact%3A%22HEPATIC+FAILURE%22+OR+patient.reaction.reactionmeddrapt.exact%3A%22ACUTE+HEPATIC+FAILURE%22+OR+patient.reaction.reactionmeddrapt.exact%3A%22HEPATIC+NECROSIS%22+OR+patient.reaction.reactionmeddrapt.exact%3A%22FULMINANT+HEPATITIS%22%29%29+AND+receivedate%3A%5B20141015+TO+20260630%5D&limit=1,200,True,0.0,2026-07-30,111,303d21ff647d8373a25cb25f736eb56cf3c18e8e58e2a18130e39fe58360d9ce.json,ff30cfccded713b587355ba894ea26957c7d0e175de72ec381d61b75e6966de2
expanded__sex_female__nintedanib,2026-09-04,2026-09-04T19:06:16.314795+00:00,https://api.fda.gov/drug/event.json?search=%28%28%28%28patient.drug.openfda.generic_name.exact%3A%22NINTEDANIB%22+OR+patient.drug.medicinalproduct.exact%3A%22OFEV%22+OR+patient.drug.medicinalproduct.exact%3A%22NINTEDANIB%22+OR+patient.drug.medicinalproduct.exact%3A%22NINTEDANIB+ESYLATE%22%29%29+AND+NOT+%28%28patient.drug.openfda.generic_name.exact%3A%22PIRFENIDONE%22+OR+patient.drug.medicinalproduct.exact%3A%22ESBRIET%22+OR+patient.drug.medicinalproduct.exact%3A%22PIRFENIDONE%22%29%29%29+AND+patient.patientsex%3A%222%22%29+AND+receivedate%3A%5B20141015+TO+20260630%5D&limit=1,200,True,0.0,2026-07-30,11231,afc20bcd555c6abf3f7a1841a6650b06eeabd73420ce958dd07113c24475a165.json,b6b089d15db88a506ba7b18858d62e95ce7388630d11dafaed5bfb3adb129033
expanded__sex_female__pirfenidone,2026-09-04,2026-09-04T19:06:16.327056+00:00,https://api.fda.gov/drug/event.json?search=%28%28%28%28patient.drug.openfda.generic_name.exact%3A%22PIRFENIDONE%22+OR+patient.drug.medicinalproduct.exact%3A%22ESBRIET%22+OR+patient.drug.medicinalproduct.exact%3A%22PIRFENIDONE%22%29%29+AND+NOT+%28%28patient.drug.openfda.generic_name.exact%3A%22NINTEDANIB%22+OR+patient.drug.medicinalproduct.exact%3A%22OFEV%22+OR+patient.drug.medicinalproduct.exact%3A%22NINTEDANIB%22+OR+patient.drug.medicinalproduct.exact%3A%22NINTEDANIB+ESYLATE%22%29%29%29+AND+patient.patientsex%3A%222%22%29+AND+receivedate%3A%5B20141015+TO+20260630%5D&limit=1,200,True,0.0,2026-07-30,13925,a7476a99f0a2932628a94b28fe6e2e50773ff36327352acdc24c8318f3d5919c.json,331f5da54ca3e611db7bb26ecaa0442d735c8c77f54f8a6649da7a503de1d938
expanded__sex_male__nintedanib,2026-09-04,2026-09-04T19:06:16.314729+00:00,https://api.fda.gov/drug/event.json?search=%28%28%28%28patient.drug.openfda.generic_name.exact%3A%22NINTEDANIB%22+OR+patient.drug.medicinalproduct.exact%3A%22OFEV%22+OR+patient.drug.medicinalproduct.exact%3A%22NINTEDANIB%22+OR+patient.drug.medicinalproduct.exact%3A%22NINTEDANIB+ESYLATE%22%29%29+AND+NOT+%28%28patient.drug.openfda.generic_name.exact%3A%22PIRFENIDONE%22+OR+patient.drug.medicinalproduct.exact%3A%22ESBRIET%22+OR+patient.drug.medicinalproduct.exact%3A%22PIRFENIDONE%22%29%29%29+AND+patient.patientsex%3A%221%22%29+AND+receivedate%3A%5B20141015+TO+20260630%5D&limit=1,200,True,0.0,2026-07-30,15596,e8b046d3bb7b6d627e2fa44b4e7d04b233897c3c56add36406f88b31503409ef.json,1eeb8b45a179a82d2f6a2e142bc79552a7dbb1320af15d769ce3c27983472233
expanded__sex_male__pirfenidone,2026-09-04,2026-09-04T19:06:16.326874+00:00,https://api.fda.gov/drug/event.json?search=%28%28%28%28patient.drug.openfda.generic_name.exact%3A%22PIRFENIDONE%22+OR+patient.drug.medicinalproduct.exact%3A%22ESBRIET%22+OR+patient.drug.medicinalproduct.exact%3A%22PIRFENIDONE%22%29%29+AND+NOT+%28%28patient.drug.openfda.generic_name.exact%3A%22NINTEDANIB%22+OR+patient.drug.medicinalproduct.exact%3A%22OFEV%22+OR+patient.drug.medicinalproduct.exact%3A%22NINTEDANIB%22+OR+patient.drug.medicinalproduct.exact%3A%22NINTEDANIB+ESYLATE%22%29%29%29+AND+patient.patientsex%3A%221%22%29+AND+receivedate%3A%5B20141015+TO+20260630%5D&limit=1,200,True,0.0,2026-07-30,23800,8caccc663dcd9e0b89396212e84ff9316960471593e3500a93bbc248b82e4a0f.json,1fcbabc54c2c8c503e99f6b179a23ae09af7c11d60f7aba675f31d10aa7ccc97
expanded__total__nintedanib,2026-09-04,2026-09-04T19:06:16.267553+00:00,https://api.fda.gov/drug/event.json?search=%28%28%28patient.drug.openfda.generic_name.exact%3A%22NINTEDANIB%22+OR+patient.drug.medicinalproduct.exact%3A%22OFEV%22+OR+patient.drug.medicinalproduct.exact%3A%22NINTEDANIB%22+OR+patient.drug.medicinalproduct.exact%3A%22NINTEDANIB+ESYLATE%22%29%29+AND+NOT+%28%28patient.drug.openfda.generic_name.exact%3A%22PIRFENIDONE%22+OR+patient.drug.medicinalproduct.exact%3A%22ESBRIET%22+OR+patient.drug.medicinalproduct.exact%3A%22PIRFENIDONE%22%29%29%29+AND+receivedate%3A%5B20141015+TO+20260630%5D&limit=1,200,True,0.0,2026-07-30,30383,52ee244976b7ded0407a53d7e5ead01ebab8084657c84c44042f3abf11855bcc.json,8a009a974d5f9e06681fd6f2aa5c7c47d06800eeae71cfd78f2bf1fc72842895
expanded__total__pirfenidone,2026-09-04,2026-09-04T19:06:16.317792+00:00,https://api.fda.gov/drug/event.json?search=%28%28%28patient.drug.openfda.generic_name.exact%3A%22PIRFENIDONE%22+OR+patient.drug.medicinalproduct.exact%3A%22ESBRIET%22+OR+patient.drug.medicinalproduct.exact%3A%22PIRFENIDONE%22%29%29+AND+NOT+%28%28patient.drug.openfda.generic_name.exact%3A%22NINTEDANIB%22+OR+patient.drug.medicinalproduct.exact%3A%22OFEV%22+OR+patient.drug.medicinalproduct.exact%3A%22NINTEDANIB%22+OR+patient.drug.medicinalproduct.exact%3A%22NINTEDANIB+ESYLATE%22%29%29%29+AND+receivedate%3A%5B20141015+TO+20260630%5D&limit=1,200,True,0.0,2026-07-30,39455,963021e7a200b8838d850ba0f806bcf371652b5a683b9a21c37dfce181556052.json,788a65cca2c561cad4f28b4891ef7f821c96888ea25ae0f385c0a56cfee279b7
expanded__year_2014__nintedanib,2026-09-04,2026-09-04T19:06:16.267803+00:00,https://api.fda.gov/drug/event.json?search=%28%28%28patient.drug.openfda.generic_name.exact%3A%22NINTEDANIB%22+OR+patient.drug.medicinalproduct.exact%3A%22OFEV%22+OR+patient.drug.medicinalproduct.exact%3A%22NINTEDANIB%22+OR+patient.drug.medicinalproduct.exact%3A%22NINTEDANIB+ESYLATE%22%29%29+AND+NOT+%28%28patient.drug.openfda.generic_name.exact%3A%22PIRFENIDONE%22+OR+patient.drug.medicinalproduct.exact%3A%22ESBRIET%22+OR+patient.drug.medicinalproduct.exact%3A%22PIRFENIDONE%22%29%29%29+AND+receivedate%3A%5B20141015+TO+20141231%5D&limit=1,200,True,0.0,2026-07-30,36,ef7be4cac14ee7a1f29a8f38cd6d25a2505be11a94dac2bdb87bbf96cba3fbbe.json,355dbd79ee38696f72f63ea8b523651cf8a18954be0149b0eabafd813390e43b
expanded__year_2014__pirfenidone,2026-09-04,2026-09-04T19:06:16.318075+00:00,https://api.fda.gov/drug/event.json?search=%28%28%28patient.drug.openfda.generic_name.exact%3A%22PIRFENIDONE%22+OR+patient.drug.medicinalproduct.exact%3A%22ESBRIET%22+OR+patient.drug.medicinalproduct.exact%3A%22PIRFENIDONE%22%29%29+AND+NOT+%28%28patient.drug.openfda.generic_name.exact%3A%22NINTEDANIB%22+OR+patient.drug.medicinalproduct.exact%3A%22OFEV%22+OR+patient.drug.medicinalproduct.exact%3A%22NINTEDANIB%22+OR+patient.drug.medicinalproduct.exact%3A%22NINTEDANIB+ESYLATE%22%29%29%29+AND+receivedate%3A%5B20141015+TO+20141231%5D&limit=1,200,True,0.0,2026-07-30,96,dc56dc62e9343ed5eeebe64213813f51a4053e0087d0191e8014cda2247fe060.json,04faf5d556a74590462da6f945fafb1916c29a86e53ca3c71a233a044c37cf8c
expanded__year_2015__nintedanib,2026-09-04,2026-09-04T19:06:16.268381+00:00,https://api.fda.gov/drug/event.json?search=%28%28%28patient.drug.openfda.generic_name.exact%3A%22NINTEDANIB%22+OR+patient.drug.medicinalproduct.exact%3A%22OFEV%22+OR+patient.drug.medicinalproduct.exact%3A%22NINTEDANIB%22+OR+patient.drug.medicinalproduct.exact%3A%22NINTEDANIB+ESYLATE%22%29%29+AND+NOT+%28%28patient.drug.openfda.generic_name.exact%3A%22PIRFENIDONE%22+OR+patient.drug.medicinalproduct.exact%3A%22ESBRIET%22+OR+patient.drug.medicinalproduct.exact%3A%22PIRFENIDONE%22%29%29%29+AND+receivedate%3A%5B20150101+TO+20151231%5D&limit=1,200,True,0.0,2026-07-30,926,f5bfefe2a9faa3c28c9992453a3a72e9a169e44f6c70ef6cbe2f3c3bb409c525.json,167d278c8c0e8ec96964e616ae17bb645b3fab9f160a401f4033a28bc46e9091
expanded__year_2015__pirfenidone,2026-09-04,2026-09-04T19:06:16.318885+00:00,https://api.fda.gov/drug/event.json?search=%28%28%28patient.drug.openfda.generic_name.exact%3A%22PIRFENIDONE%22+OR+patient.drug.medicinalproduct.exact%3A%22ESBRIET%22+OR+patient.drug.medicinalproduct.exact%3A%22PIRFENIDONE%22%29%29+AND+NOT+%28%28patient.drug.openfda.generic_name.exact%3A%22NINTEDANIB%22+OR+patient.drug.medicinalproduct.exact%3A%22OFEV%22+OR+patient.drug.medicinalproduct.exact%3A%22NINTEDANIB%22+OR+patient.drug.medicinalproduct.exact%3A%22NINTEDANIB+ESYLATE%22%29%29%29+AND+receivedate%3A%5B20150101+TO+20151231%5D&limit=1,200,True,0.0,2026-07-30,2849,c4e78c88d0afb6480c5f5f9ea55b002ee8230a0f4a4991df8216311cc965674d.json,7f6ea89fa6afcc4a47a756630fba10d6afb8dd2232dcdd232746cc8d9b230a86
expanded__year_2016__nintedanib,2026-09-04,2026-09-04T19:06:16.310524+00:00,https://api.fda.gov/drug/event.json?search=%28%28%28patient.drug.openfda.generic_name.exact%3A%22NINTEDANIB%22+OR+patient.drug.medicinalproduct.exact%3A%22OFEV%22+OR+patient.drug.medicinalproduct.exact%3A%22NINTEDANIB%22+OR+patient.drug.medicinalproduct.exact%3A%22NINTEDANIB+ESYLATE%22%29%29+AND+NOT+%28%28patient.drug.openfda.generic_name.exact%3A%22PIRFENIDONE%22+OR+patient.drug.medicinalproduct.exact%3A%22ESBRIET%22+OR+patient.drug.medicinalproduct.exact%3A%22PIRFENIDONE%22%29%29%29+AND+receivedate%3A%5B20160101+TO+20161231%5D&limit=1,200,True,0.0,2026-07-30,1256,9b57708c8bd6fd13f25e6f052ea7f728661f543a2e8779ea52159f5bc0e2989e.json,abda3df6c26e32fb70329f3062303af76d0c0e20060c2117385d56f3dccc81e8
expanded__year_2016__pirfenidone,2026-09-04,2026-09-04T19:06:16.319055+00:00,https://api.fda.gov/drug/event.json?search=%28%28%28patient.drug.openfda.generic_name.exact%3A%22PIRFENIDONE%22+OR+patient.drug.medicinalproduct.exact%3A%22ESBRIET%22+OR+patient.drug.medicinalproduct.exact%3A%22PIRFENIDONE%22%29%29+AND+NOT+%28%28patient.drug.openfda.generic_name.exact%3A%22NINTEDANIB%22+OR+patient.drug.medicinalproduct.exact%3A%22OFEV%22+OR+patient.drug.medicinalproduct.exact%3A%22NINTEDANIB%22+OR+patient.drug.medicinalproduct.exact%3A%22NINTEDANIB+ESYLATE%22%29%29%29+AND+receivedate%3A%5B20160101+TO+20161231%5D&limit=1,200,True,0.0,2026-07-30,4135,e8d24288ff27330ed701ea6524c4f8968e912b68ffa7c74aa4c7e9df105a2716.json,0c9bc5daaf37b3f57eefe5f7af52d94e43e5804948f884311618259d984801e1
expanded__year_2017__nintedanib,2026-09-04,2026-09-04T19:06:16.311023+00:00,https://api.fda.gov/drug/event.json?search=%28%28%28patient.drug.openfda.generic_name.exact%3A%22NINTEDANIB%22+OR+patient.drug.medicinalproduct.exact%3A%22OFEV%22+OR+patient.drug.medicinalproduct.exact%3A%22NINTEDANIB%22+OR+patient.drug.medicinalproduct.exact%3A%22NINTEDANIB+ESYLATE%22%29%29+AND+NOT+%28%28patient.drug.openfda.generic_name.exact%3A%22PIRFENIDONE%22+OR+patient.drug.medicinalproduct.exact%3A%22ESBRIET%22+OR+patient.drug.medicinalproduct.exact%3A%22PIRFENIDONE%22%29%29%29+AND+receivedate%3A%5B20170101+TO+20171231%5D&limit=1,200,True,0.0,2026-07-30,1423,5f93e1dee6ea01a49af06e69d1c87dffd06263c32a8a23504f7b249bb6b9a353.json,1af6250a359caf05f36d6cf595fc999711f2cad076788d71041ec1cde7416d47
expanded__year_2017__pirfenidone,2026-09-04,2026-09-04T19:06:16.319509+00:00,https://api.fda.gov/drug/event.json?search=%28%28%28patient.drug.openfda.generic_name.exact%3A%22PIRFENIDONE%22+OR+patient.drug.medicinalproduct.exact%3A%22ESBRIET%22+OR+patient.drug.medicinalproduct.exact%3A%22PIRFENIDONE%22%29%29+AND+NOT+%28%28patient.drug.openfda.generic_name.exact%3A%22NINTEDANIB%22+OR+patient.drug.medicinalproduct.exact%3A%22OFEV%22+OR+patient.drug.medicinalproduct.exact%3A%22NINTEDANIB%22+OR+patient.drug.medicinalproduct.exact%3A%22NINTEDANIB+ESYLATE%22%29%29%29+AND+receivedate%3A%5B20170101+TO+20171231%5D&limit=1,200,True,0.0,2026-07-30,2390,42e3e03c5932ab3e0d5b3b98d5a204ea26146027741e67fe52c6c377779a7e0a.json,e43ca4193e02272c951db7058ba4b30ca7fb3843da76f2b2d2ba12542e7eb9ed
expanded__year_2018__nintedanib,2026-09-04,2026-09-04T19:06:16.311419+00:00,https://api.fda.gov/drug/event.json?search=%28%28%28patient.drug.openfda.generic_name.exact%3A%22NINTEDANIB%22+OR+patient.drug.medicinalproduct.exact%3A%22OFEV%22+OR+patient.drug.medicinalproduct.exact%3A%22NINTEDANIB%22+OR+patient.drug.medicinalproduct.exact%3A%22NINTEDANIB+ESYLATE%22%29%29+AND+NOT+%28%28patient.drug.openfda.generic_name.exact%3A%22PIRFENIDONE%22+OR+patient.drug.medicinalproduct.exact%3A%22ESBRIET%22+OR+patient.drug.medicinalproduct.exact%3A%22PIRFENIDONE%22%29%29%29+AND+receivedate%3A%5B20180101+TO+20181231%5D&limit=1,200,True,0.0,2026-07-30,1848,bccaa752c36f3bcf1af4aeafd7725b3b7183b0a54a030ca8094468f73a486752.json,b3e31423aae5ea919c33dd7259667fdc6d13514c69ce298f8926ab5e2187d5d3
expanded__year_2018__pirfenidone,2026-09-04,2026-09-04T19:06:16.319912+00:00,https://api.fda.gov/drug/event.json?search=%28%28%28patient.drug.openfda.generic_name.exact%3A%22PIRFENIDONE%22+OR+patient.drug.medicinalproduct.exact%3A%22ESBRIET%22+OR+patient.drug.medicinalproduct.exact%3A%22PIRFENIDONE%22%29%29+AND+NOT+%28%28patient.drug.openfda.generic_name.exact%3A%22NINTEDANIB%22+OR+patient.drug.medicinalproduct.exact%3A%22OFEV%22+OR+patient.drug.medicinalproduct.exact%3A%22NINTEDANIB%22+OR+patient.drug.medicinalproduct.exact%3A%22NINTEDANIB+ESYLATE%22%29%29%29+AND+receivedate%3A%5B20180101+TO+20181231%5D&limit=1,200,True,0.0,2026-07-30,4233,ca4fe8528c9b24e12ba1c132250fc4fa7702c1027587478784709b8a8195dab5.json,bf117336caf72a575ef74d30006e93e08b37c87dede25f4a86dc6a35b41fd844
expanded__year_2019__nintedanib,2026-09-04,2026-09-04T19:06:16.311867+00:00,https://api.fda.gov/drug/event.json?search=%28%28%28patient.drug.openfda.generic_name.exact%3A%22NINTEDANIB%22+OR+patient.drug.medicinalproduct.exact%3A%22OFEV%22+OR+patient.drug.medicinalproduct.exact%3A%22NINTEDANIB%22+OR+patient.drug.medicinalproduct.exact%3A%22NINTEDANIB+ESYLATE%22%29%29+AND+NOT+%28%28patient.drug.openfda.generic_name.exact%3A%22PIRFENIDONE%22+OR+patient.drug.medicinalproduct.exact%3A%22ESBRIET%22+OR+patient.drug.medicinalproduct.exact%3A%22PIRFENIDONE%22%29%29%29+AND+receivedate%3A%5B20190101+TO+20191231%5D&limit=1,200,True,0.0,2026-07-30,1985,dea55ae91b27f9b1bf8767da7388948716db8fd4a2f6e9f645ff0951ef6e1915.json,a60c0b75c5ed05cc12ce416119f6690651a429374e2eb6e970ef23ea4d48e01a
expanded__year_2019__pirfenidone,2026-09-04,2026-09-04T19:06:16.320325+00:00,https://api.fda.gov/drug/event.json?search=%28%28%28patient.drug.openfda.generic_name.exact%3A%22PIRFENIDONE%22+OR+patient.drug.medicinalproduct.exact%3A%22ESBRIET%22+OR+patient.drug.medicinalproduct.exact%3A%22PIRFENIDONE%22%29%29+AND+NOT+%28%28patient.drug.openfda.generic_name.exact%3A%22NINTEDANIB%22+OR+patient.drug.medicinalproduct.exact%3A%22OFEV%22+OR+patient.drug.medicinalproduct.exact%3A%22NINTEDANIB%22+OR+patient.drug.medicinalproduct.exact%3A%22NINTEDANIB+ESYLATE%22%29%29%29+AND+receivedate%3A%5B20190101+TO+20191231%5D&limit=1,200,True,0.0,2026-07-30,4246,aa7925cce9fa7aa7a5759cbeaf58b9b3cc1afd0f465b1b0616e21451d9ff186b.json,8a0e3d3f5ba590dbbcfac6a9a34b03eb4cd98cc8a98d60195aa9baca8735a348
expanded__year_2020__nintedanib,2026-09-04,2026-09-04T19:06:16.312085+00:00,https://api.fda.gov/drug/event.json?search=%28%28%28patient.drug.openfda.generic_name.exact%3A%22NINTEDANIB%22+OR+patient.drug.medicinalproduct.exact%3A%22OFEV%22+OR+patient.drug.medicinalproduct.exact%3A%22NINTEDANIB%22+OR+patient.drug.medicinalproduct.exact%3A%22NINTEDANIB+ESYLATE%22%29%29+AND+NOT+%28%28patient.drug.openfda.generic_name.exact%3A%22PIRFENIDONE%22+OR+patient.drug.medicinalproduct.exact%3A%22ESBRIET%22+OR+patient.drug.medicinalproduct.exact%3A%22PIRFENIDONE%22%29%29%29+AND+receivedate%3A%5B20200101+TO+20201231%5D&limit=1,200,True,0.0,2026-07-30,2346,5375e545a805652696ef0ec6f70ed21c8e75a22b669f064a7f31a0ffb3b7d315.json,413046ef345f54303743da1d4d71f799f24d64c5be01620f56870ccd9f32a255
expanded__year_2020__pirfenidone,2026-09-04,2026-09-04T19:06:16.320470+00:00,https://api.fda.gov/drug/event.json?search=%28%28%28patient.drug.openfda.generic_name.exact%3A%22PIRFENIDONE%22+OR+patient.drug.medicinalproduct.exact%3A%22ESBRIET%22+OR+patient.drug.medicinalproduct.exact%3A%22PIRFENIDONE%22%29%29+AND+NOT+%28%28patient.drug.openfda.generic_name.exact%3A%22NINTEDANIB%22+OR+patient.drug.medicinalproduct.exact%3A%22OFEV%22+OR+patient.drug.medicinalproduct.exact%3A%22NINTEDANIB%22+OR+patient.drug.medicinalproduct.exact%3A%22NINTEDANIB+ESYLATE%22%29%29%29+AND+receivedate%3A%5B20200101+TO+20201231%5D&limit=1,200,True,0.0,2026-07-30,4981,aefd21303f2d936e7a3d65c7088b444a68e7d6e1625989dc0bfb038449b78a6f.json,5a6741bcb4ddcd106a161e9538ab82fea69f8f1ebe2642853a2900d803610b39
expanded__year_2021__nintedanib,2026-09-04,2026-09-04T19:06:16.312573+00:00,https://api.fda.gov/drug/event.json?search=%28%28%28patient.drug.openfda.generic_name.exact%3A%22NINTEDANIB%22+OR+patient.drug.medicinalproduct.exact%3A%22OFEV%22+OR+patient.drug.medicinalproduct.exact%3A%22NINTEDANIB%22+OR+patient.drug.medicinalproduct.exact%3A%22NINTEDANIB+ESYLATE%22%29%29+AND+NOT+%28%28patient.drug.openfda.generic_name.exact%3A%22PIRFENIDONE%22+OR+patient.drug.medicinalproduct.exact%3A%22ESBRIET%22+OR+patient.drug.medicinalproduct.exact%3A%22PIRFENIDONE%22%29%29%29+AND+receivedate%3A%5B20210101+TO+20211231%5D&limit=1,200,True,0.0,2026-07-30,2914,fc7bde39779729008e1a0490a9c5a5e70d2f48aafa69f5219c8899fd6c1fc1bc.json,dca72c6c7616c32f1cf2c99af5868a38b3cc008618306de3b63e58af0675b1c7
expanded__year_2021__pirfenidone,2026-09-04,2026-09-04T19:06:16.320554+00:00,https://api.fda.gov/drug/event.json?search=%28%28%28patient.drug.openfda.generic_name.exact%3A%22PIRFENIDONE%22+OR+patient.drug.medicinalproduct.exact%3A%22ESBRIET%22+OR+patient.drug.medicinalproduct.exact%3A%22PIRFENIDONE%22%29%29+AND+NOT+%28%28patient.drug.openfda.generic_name.exact%3A%22NINTEDANIB%22+OR+patient.drug.medicinalproduct.exact%3A%22OFEV%22+OR+patient.drug.medicinalproduct.exact%3A%22NINTEDANIB%22+OR+patient.drug.medicinalproduct.exact%3A%22NINTEDANIB+ESYLATE%22%29%29%29+AND+receivedate%3A%5B20210101+TO+20211231%5D&limit=1,200,True,0.0,2026-07-30,4847,44d9969665b391654d7bb3c2bdcffa399ce6532df874cf7a7353e1bc8db43407.json,d9ddf489290bfdc55d1e105fe13ab83d46cb62d5681698821bbf09f487d0392e
expanded__year_2022__nintedanib,2026-09-04,2026-09-04T19:06:16.312892+00:00,https://api.fda.gov/drug/event.json?search=%28%28%28patient.drug.openfda.generic_name.exact%3A%22NINTEDANIB%22+OR+patient.drug.medicinalproduct.exact%3A%22OFEV%22+OR+patient.drug.medicinalproduct.exact%3A%22NINTEDANIB%22+OR+patient.drug.medicinalproduct.exact%3A%22NINTEDANIB+ESYLATE%22%29%29+AND+NOT+%28%28patient.drug.openfda.generic_name.exact%3A%22PIRFENIDONE%22+OR+patient.drug.medicinalproduct.exact%3A%22ESBRIET%22+OR+patient.drug.medicinalproduct.exact%3A%22PIRFENIDONE%22%29%29%29+AND+receivedate%3A%5B20220101+TO+20221231%5D&limit=1,200,True,0.0,2026-07-30,3681,450981f10d59e6bfe2cc9b20cc1ac68fc866eedcde0dde3aeee5e5513f1a5d53.json,9b10fc3ac0d2290b8a6258fafca095cde04a4b8463697ca620df44b98d204c47
expanded__year_2022__pirfenidone,2026-09-04,2026-09-04T19:06:16.321463+00:00,https://api.fda.gov/drug/event.json?search=%28%28%28patient.drug.openfda.generic_name.exact%3A%22PIRFENIDONE%22+OR+patient.drug.medicinalproduct.exact%3A%22ESBRIET%22+OR+patient.drug.medicinalproduct.exact%3A%22PIRFENIDONE%22%29%29+AND+NOT+%28%28patient.drug.openfda.generic_name.exact%3A%22NINTEDANIB%22+OR+patient.drug.medicinalproduct.exact%3A%22OFEV%22+OR+patient.drug.medicinalproduct.exact%3A%22NINTEDANIB%22+OR+patient.drug.medicinalproduct.exact%3A%22NINTEDANIB+ESYLATE%22%29%29%29+AND+receivedate%3A%5B20220101+TO+20221231%5D&limit=1,200,True,0.0,2026-07-30,4658,89e0971393bae22a81de034a53e17d74ac533e658dafd6d54b6025d79d7efa71.json,26e6babae0ffcea1ddf0be6fba3b613a1ba0c64ed8ce649a195640eba449303d
expanded__year_2023__nintedanib,2026-09-04,2026-09-04T19:06:16.313083+00:00,https://api.fda.gov/drug/event.json?search=%28%28%28patient.drug.openfda.generic_name.exact%3A%22NINTEDANIB%22+OR+patient.drug.medicinalproduct.exact%3A%22OFEV%22+OR+patient.drug.medicinalproduct.exact%3A%22NINTEDANIB%22+OR+patient.drug.medicinalproduct.exact%3A%22NINTEDANIB+ESYLATE%22%29%29+AND+NOT+%28%28patient.drug.openfda.generic_name.exact%3A%22PIRFENIDONE%22+OR+patient.drug.medicinalproduct.exact%3A%22ESBRIET%22+OR+patient.drug.medicinalproduct.exact%3A%22PIRFENIDONE%22%29%29%29+AND+receivedate%3A%5B20230101+TO+20231231%5D&limit=1,200,True,0.0,2026-07-30,3733,2d3fc400c66de5a301a118dfff1195386054f3c70318e9e0e41d5c5cba25da44.json,1c4f9fad8a821872ed71843d9d4e68146fe2749749f2056faf7d190b4dfc52e3
expanded__year_2023__pirfenidone,2026-09-04,2026-09-04T19:06:16.321701+00:00,https://api.fda.gov/drug/event.json?search=%28%28%28patient.drug.openfda.generic_name.exact%3A%22PIRFENIDONE%22+OR+patient.drug.medicinalproduct.exact%3A%22ESBRIET%22+OR+patient.drug.medicinalproduct.exact%3A%22PIRFENIDONE%22%29%29+AND+NOT+%28%28patient.drug.openfda.generic_name.exact%3A%22NINTEDANIB%22+OR+patient.drug.medicinalproduct.exact%3A%22OFEV%22+OR+patient.drug.medicinalproduct.exact%3A%22NINTEDANIB%22+OR+patient.drug.medicinalproduct.exact%3A%22NINTEDANIB+ESYLATE%22%29%29%29+AND+receivedate%3A%5B20230101+TO+20231231%5D&limit=1,200,True,0.0,2026-07-30,3482,1a49d7566c990b883b3d42ca25dd483641b985e7d816b34a812794b3357b11f6.json,2332356f1927e572593933bd9ca584d91565cdbb72bedd8005773f4fd73a637d
expanded__year_2024__nintedanib,2026-09-04,2026-09-04T19:06:16.313806+00:00,https://api.fda.gov/drug/event.json?search=%28%28%28patient.drug.openfda.generic_name.exact%3A%22NINTEDANIB%22+OR+patient.drug.medicinalproduct.exact%3A%22OFEV%22+OR+patient.drug.medicinalproduct.exact%3A%22NINTEDANIB%22+OR+patient.drug.medicinalproduct.exact%3A%22NINTEDANIB+ESYLATE%22%29%29+AND+NOT+%28%28patient.drug.openfda.generic_name.exact%3A%22PIRFENIDONE%22+OR+patient.drug.medicinalproduct.exact%3A%22ESBRIET%22+OR+patient.drug.medicinalproduct.exact%3A%22PIRFENIDONE%22%29%29%29+AND+receivedate%3A%5B20240101+TO+20241231%5D&limit=1,200,True,0.0,2026-07-30,4213,2dd9aefcc2f4ae5f1f51d449ee12819951334223c85a7f9d4b5725bab9e57284.json,243e01988f52ce78eb6489fca37aa3ce3df212995305576fee9dbec108ec1a42
expanded__year_2024__pirfenidone,2026-09-04,2026-09-04T19:06:16.322409+00:00,https://api.fda.gov/drug/event.json?search=%28%28%28patient.drug.openfda.generic_name.exact%3A%22PIRFENIDONE%22+OR+patient.drug.medicinalproduct.exact%3A%22ESBRIET%22+OR+patient.drug.medicinalproduct.exact%3A%22PIRFENIDONE%22%29%29+AND+NOT+%28%28patient.drug.openfda.generic_name.exact%3A%22NINTEDANIB%22+OR+patient.drug.medicinalproduct.exact%3A%22OFEV%22+OR+patient.drug.medicinalproduct.exact%3A%22NINTEDANIB%22+OR+patient.drug.medicinalproduct.exact%3A%22NINTEDANIB+ESYLATE%22%29%29%29+AND+receivedate%3A%5B20240101+TO+20241231%5D&limit=1,200,True,0.0,2026-07-30,1845,9d9558f911dddef04fc3b98f5ec93a79ff9bdc8cdfacbadc7785391ce5e0f247.json,0c3c133307243b440be016f9f48f37f50bbc9ef7d22fc30b6c109faef2cc8d84
expanded__year_2025__nintedanib,2026-09-04,2026-09-04T19:06:16.313961+00:00,https://api.fda.gov/drug/event.json?search=%28%28%28patient.drug.openfda.generic_name.exact%3A%22NINTEDANIB%22+OR+patient.drug.medicinalproduct.exact%3A%22OFEV%22+OR+patient.drug.medicinalproduct.exact%3A%22NINTEDANIB%22+OR+patient.drug.medicinalproduct.exact%3A%22NINTEDANIB+ESYLATE%22%29%29+AND+NOT+%28%28patient.drug.openfda.generic_name.exact%3A%22PIRFENIDONE%22+OR+patient.drug.medicinalproduct.exact%3A%22ESBRIET%22+OR+patient.drug.medicinalproduct.exact%3A%22PIRFENIDONE%22%29%29%29+AND+receivedate%3A%5B20250101+TO+20251231%5D&limit=1,200,True,0.0,2026-07-30,3797,35895669a316ec1489965539e6be6fe961ec185d97fb02d74686e96fa169340f.json,a2eeaa9d48ece3f8e6b76e8b690e85631e764acee980637c7049a70aa94a5ba0
expanded__year_2025__pirfenidone,2026-09-04,2026-09-04T19:06:16.324711+00:00,https://api.fda.gov/drug/event.json?search=%28%28%28patient.drug.openfda.generic_name.exact%3A%22PIRFENIDONE%22+OR+patient.drug.medicinalproduct.exact%3A%22ESBRIET%22+OR+patient.drug.medicinalproduct.exact%3A%22PIRFENIDONE%22%29%29+AND+NOT+%28%28patient.drug.openfda.generic_name.exact%3A%22NINTEDANIB%22+OR+patient.drug.medicinalproduct.exact%3A%22OFEV%22+OR+patient.drug.medicinalproduct.exact%3A%22NINTEDANIB%22+OR+patient.drug.medicinalproduct.exact%3A%22NINTEDANIB+ESYLATE%22%29%29%29+AND+receivedate%3A%5B20250101+TO+20251231%5D&limit=1,200,True,0.0,2026-07-30,1168,6c59067b035ea73532a3037fb760b9bda317c9a2a58c93e1857d5ad2b3586363.json,dfbe0309127ff01c134c786816d85ac2d44d2b7b5c2f0080a5e90b22d0786b37
expanded__year_2026__nintedanib,2026-09-04,2026-09-04T19:06:16.314357+00:00,https://api.fda.gov/drug/event.json?search=%28%28%28patient.drug.openfda.generic_name.exact%3A%22NINTEDANIB%22+OR+patient.drug.medicinalproduct.exact%3A%22OFEV%22+OR+patient.drug.medicinalproduct.exact%3A%22NINTEDANIB%22+OR+patient.drug.medicinalproduct.exact%3A%22NINTEDANIB+ESYLATE%22%29%29+AND+NOT+%28%28patient.drug.openfda.generic_name.exact%3A%22PIRFENIDONE%22+OR+patient.drug.medicinalproduct.exact%3A%22ESBRIET%22+OR+patient.drug.medicinalproduct.exact%3A%22PIRFENIDONE%22%29%29%29+AND+receivedate%3A%5B20260101+TO+20260630%5D&limit=1,200,True,0.0,2026-07-30,2225,4f976490ed38348de9b68dcded9eb72668a4a6b2ed13d521875450d5b20374cb.json,199e0f6904bb17060d9232dc15e52b2d095d07b70a02168e36288df3feff270a
expanded__year_2026__pirfenidone,2026-09-04,2026-09-04T19:06:16.324950+00:00,https://api.fda.gov/drug/event.json?search=%28%28%28patient.drug.openfda.generic_name.exact%3A%22PIRFENIDONE%22+OR+patient.drug.medicinalproduct.exact%3A%22ESBRIET%22+OR+patient.drug.medicinalproduct.exact%3A%22PIRFENIDONE%22%29%29+AND+NOT+%28%28patient.drug.openfda.generic_name.exact%3A%22NINTEDANIB%22+OR+patient.drug.medicinalproduct.exact%3A%22OFEV%22+OR+patient.drug.medicinalproduct.exact%3A%22NINTEDANIB%22+OR+patient.drug.medicinalproduct.exact%3A%22NINTEDANIB+ESYLATE%22%29%29%29+AND+receivedate%3A%5B20260101+TO+20260630%5D&limit=1,200,True,0.0,2026-07-30,525,235eb571413bb3c749500ea2d671ef1db4c211f7eba83dd38af748a59fb38ea8.json,57fd6f8c1c981eb5ac75919bb9d0d569061efaacf4e823476857dee970843dd0
primary__age_18-64_years__nintedanib,2026-09-04,2026-09-04T19:06:16.250590+00:00,https://api.fda.gov/drug/event.json?search=%28%28%28patient.drug.openfda.generic_name.exact%3A%22NINTEDANIB%22%29+AND+NOT+%28patient.drug.openfda.generic_name.exact%3A%22PIRFENIDONE%22%29%29+AND+%28patient.patientonsetageunit%3A%22801%22+AND+patient.patientonsetage%3A%5B18+TO+64%5D%29%29+AND+receivedate%3A%5B20141015+TO+20260630%5D&limit=1,200,True,0.0,2026-07-30,4186,2b0f5fcf842a2c84b17974174e7745596debec6cee965c6ff19fe6534d521bf9.json,dd5cc4c6299d7913dd5ae985b9e79aaa6faf3f65a3b71348674c057a3137d951
primary__age_18-64_years__pirfenidone,2026-09-04,2026-09-04T19:06:16.265981+00:00,https://api.fda.gov/drug/event.json?search=%28%28%28patient.drug.openfda.generic_name.exact%3A%22PIRFENIDONE%22%29+AND+NOT+%28patient.drug.openfda.generic_name.exact%3A%22NINTEDANIB%22%29%29+AND+%28patient.patientonsetageunit%3A%22801%22+AND+patient.patientonsetage%3A%5B18+TO+64%5D%29%29+AND+receivedate%3A%5B20141015+TO+20260630%5D&limit=1,200,True,0.0,2026-07-30,2315,16fc483687bde442649054faa388b2d451d093e81bb1184f33eaf025e2650e36.json,64bc0883df13d39c3d4b4ef8cf8050ec016525e88214b5d66f87c64eee023d10
primary__age_65plus_years__nintedanib,2026-09-04,2026-09-04T19:06:16.253425+00:00,https://api.fda.gov/drug/event.json?search=%28%28%28patient.drug.openfda.generic_name.exact%3A%22NINTEDANIB%22%29+AND+NOT+%28patient.drug.openfda.generic_name.exact%3A%22PIRFENIDONE%22%29%29+AND+%28patient.patientonsetageunit%3A%22801%22+AND+patient.patientonsetage%3A%5B65+TO+150%5D%29%29+AND+receivedate%3A%5B20141015+TO+20260630%5D&limit=1,200,True,0.0,2026-07-30,14729,eecdfe70c9e677a37fb231214bd96f7bcf6c01156bc9e7ef9c04d0a404f7b907.json,c4388b44c0b3e2c748c7fade9f225c811c508f56965a5bc2cf4670f438dda876
primary__age_65plus_years__pirfenidone,2026-09-04,2026-09-04T19:06:16.266314+00:00,https://api.fda.gov/drug/event.json?search=%28%28%28patient.drug.openfda.generic_name.exact%3A%22PIRFENIDONE%22%29+AND+NOT+%28patient.drug.openfda.generic_name.exact%3A%22NINTEDANIB%22%29%29+AND+%28patient.patientonsetageunit%3A%22801%22+AND+patient.patientonsetage%3A%5B65+TO+150%5D%29%29+AND+receivedate%3A%5B20141015+TO+20260630%5D&limit=1,200,True,0.0,2026-07-30,15224,3bba2b802fd797039efca5116a883ef810ef1dff333399fa19a3123aaa2be482.json,6645a9ad29800ed3ad3ea4c84f36663eccded12e8fe0040ac0a2df8fd6e71344
primary__broad_cases__nintedanib__page_00000,2026-09-04,2026-09-04T19:06:16.329628+00:00,https://api.fda.gov/drug/event.json?search=%28%28%28patient.drug.openfda.generic_name.exact%3A%22NINTEDANIB%22%29+AND+NOT+%28patient.drug.openfda.generic_name.exact%3A%22PIRFENIDONE%22%29%29+AND+%28patient.reaction.reactionmeddrapt.exact%3A%22DRUG-INDUCED+LIVER+INJURY%22+OR+patient.reaction.reactionmeddrapt.exact%3A%22HEPATOTOXICITY%22+OR+patient.reaction.reactionmeddrapt.exact%3A%22HEPATITIS+TOXIC%22+OR+patient.reaction.reactionmeddrapt.exact%3A%22HEPATOCELLULAR+INJURY%22+OR+patient.reaction.reactionmeddrapt.exact%3A%22CHOLESTATIC+LIVER+INJURY%22+OR+patient.reaction.reactionmeddrapt.exact%3A%22MIXED+LIVER+INJURY%22+OR+patient.reaction.reactionmeddrapt.exact%3A%22HEPATIC+FAILURE%22+OR+patient.reaction.reactionmeddrapt.exact%3A%22ACUTE+HEPATIC+FAILURE%22+OR+patient.reaction.reactionmeddrapt.exact%3A%22HEPATIC+NECROSIS%22+OR+patient.reaction.reactionmeddrapt.exact%3A%22FULMINANT+HEPATITIS%22+OR+patient.reaction.reactionmeddrapt.exact%3A%22ALANINE+AMINOTRANSFERASE+INCREASED%22+OR+patient.reaction.reactionmeddrapt.exact%3A%22ASPARTATE+AMINOTRANSFERASE+INCREASED%22+OR+patient.reaction.reactionmeddrapt.exact%3A%22TRANSAMINASES+INCREASED%22+OR+patient.reaction.reactionmeddrapt.exact%3A%22HEPATIC+ENZYME+INCREASED%22+OR+patient.reaction.reactionmeddrapt.exact%3A%22LIVER+FUNCTION+TEST+ABNORMAL%22+OR+patient.reaction.reactionmeddrapt.exact%3A%22LIVER+FUNCTION+TEST+INCREASED%22+OR+patient.reaction.reactionmeddrapt.exact%3A%22BLOOD+BILIRUBIN+INCREASED%22+OR+patient.reaction.reactionmeddrapt.exact%3A%22HYPERBILIRUBINAEMIA%22+OR+patient.reaction.reactionmeddrapt.exact%3A%22JAUNDICE%22+OR+patient.reaction.reactionmeddrapt.exact%3A%22CHOLESTASIS%22+OR+patient.reaction.reactionmeddrapt.exact%3A%22HEPATITIS%22+OR+patient.reaction.reactionmeddrapt.exact%3A%22HEPATITIS+ACUTE%22+OR+patient.reaction.reactionmeddrapt.exact%3A%22HEPATIC+FUNCTION+ABNORMAL%22+OR+patient.reaction.reactionmeddrapt.exact%3A%22LIVER+DISORDER%22+OR+patient.reaction.reactionmeddrapt.exact%3A%22GAMMA-GLUTAMYLTRANSFERASE+INCREASED%22+OR+patient.reaction.reactionmeddrapt.exact%3A%22BLOOD+ALKALINE+PHOSPHATASE+INCREASED%22%29%29+AND+receivedate%3A%5B20141015+TO+20260630%5D&limit=100&skip=0,200,True,0.0,2026-07-30,1773,ca158fdbcdb04c0124b83f729f358cf9e17e818c483a819096ba1ec652c3847b.json,288d35e09e744b5ef3851e568daa6d6d1ff96f4e9a8746d878668adbacedd7ba
primary__broad_cases__nintedanib__page_00100,2026-09-04,2026-09-04T19:06:16.329795+00:00,https://api.fda.gov/drug/event.json?search=%28%28%28patient.drug.openfda.generic_name.exact%3A%22NINTEDANIB%22%29+AND+NOT+%28patient.drug.openfda.generic_name.exact%3A%22PIRFENIDONE%22%29%29+AND+%28patient.reaction.reactionmeddrapt.exact%3A%22DRUG-INDUCED+LIVER+INJURY%22+OR+patient.reaction.reactionmeddrapt.exact%3A%22HEPATOTOXICITY%22+OR+patient.reaction.reactionmeddrapt.exact%3A%22HEPATITIS+TOXIC%22+OR+patient.reaction.reactionmeddrapt.exact%3A%22HEPATOCELLULAR+INJURY%22+OR+patient.reaction.reactionmeddrapt.exact%3A%22CHOLESTATIC+LIVER+INJURY%22+OR+patient.reaction.reactionmeddrapt.exact%3A%22MIXED+LIVER+INJURY%22+OR+patient.reaction.reactionmeddrapt.exact%3A%22HEPATIC+FAILURE%22+OR+patient.reaction.reactionmeddrapt.exact%3A%22ACUTE+HEPATIC+FAILURE%22+OR+patient.reaction.reactionmeddrapt.exact%3A%22HEPATIC+NECROSIS%22+OR+patient.reaction.reactionmeddrapt.exact%3A%22FULMINANT+HEPATITIS%22+OR+patient.reaction.reactionmeddrapt.exact%3A%22ALANINE+AMINOTRANSFERASE+INCREASED%22+OR+patient.reaction.reactionmeddrapt.exact%3A%22ASPARTATE+AMINOTRANSFERASE+INCREASED%22+OR+patient.reaction.reactionmeddrapt.exact%3A%22TRANSAMINASES+INCREASED%22+OR+patient.reaction.reactionmeddrapt.exact%3A%22HEPATIC+ENZYME+INCREASED%22+OR+patient.reaction.reactionmeddrapt.exact%3A%22LIVER+FUNCTION+TEST+ABNORMAL%22+OR+patient.reaction.reactionmeddrapt.exact%3A%22LIVER+FUNCTION+TEST+INCREASED%22+OR+patient.reaction.reactionmeddrapt.exact%3A%22BLOOD+BILIRUBIN+INCREASED%22+OR+patient.reaction.reactionmeddrapt.exact%3A%22HYPERBILIRUBINAEMIA%22+OR+patient.reaction.reactionmeddrapt.exact%3A%22JAUNDICE%22+OR+patient.reaction.reactionmeddrapt.exact%3A%22CHOLESTASIS%22+OR+patient.reaction.reactionmeddrapt.exact%3A%22HEPATITIS%22+OR+patient.reaction.reactionmeddrapt.exact%3A%22HEPATITIS+ACUTE%22+OR+patient.reaction.reactionmeddrapt.exact%3A%22HEPATIC+FUNCTION+ABNORMAL%22+OR+patient.reaction.reactionmeddrapt.exact%3A%22LIVER+DISORDER%22+OR+patient.reaction.reactionmeddrapt.exact%3A%22GAMMA-GLUTAMYLTRANSFERASE+INCREASED%22+OR+patient.reaction.reactionmeddrapt.exact%3A%22BLOOD+ALKALINE+PHOSPHATASE+INCREASED%22%29%29+AND+receivedate%3A%5B20141015+TO+20260630%5D&limit=100&skip=100,200,True,0.0,2026-07-30,1773,240e26ba5f06c8a0033567bee56cab780f23fdf054224dbd20b015b8d4a96f43.json,97119851b90f9a0b847486c05197b6962fc09eba9c7fb19ea3e1ace61762b443
primary__broad_cases__nintedanib__page_00200,2026-09-04,2026-09-04T19:06:16.330481+00:00,https://api.fda.gov/drug/event.json?search=%28%28%28patient.drug.openfda.generic_name.exact%3A%22NINTEDANIB%22%29+AND+NOT+%28patient.drug.openfda.generic_name.exact%3A%22PIRFENIDONE%22%29%29+AND+%28patient.reaction.reactionmeddrapt.exact%3A%22DRUG-INDUCED+LIVER+INJURY%22+OR+patient.reaction.reactionmeddrapt.exact%3A%22HEPATOTOXICITY%22+OR+patient.reaction.reactionmeddrapt.exact%3A%22HEPATITIS+TOXIC%22+OR+patient.reaction.reactionmeddrapt.exact%3A%22HEPATOCELLULAR+INJURY%22+OR+patient.reaction.reactionmeddrapt.exact%3A%22CHOLESTATIC+LIVER+INJURY%22+OR+patient.reaction.reactionmeddrapt.exact%3A%22MIXED+LIVER+INJURY%22+OR+patient.reaction.reactionmeddrapt.exact%3A%22HEPATIC+FAILURE%22+OR+patient.reaction.reactionmeddrapt.exact%3A%22ACUTE+HEPATIC+FAILURE%22+OR+patient.reaction.reactionmeddrapt.exact%3A%22HEPATIC+NECROSIS%22+OR+patient.reaction.reactionmeddrapt.exact%3A%22FULMINANT+HEPATITIS%22+OR+patient.reaction.reactionmeddrapt.exact%3A%22ALANINE+AMINOTRANSFERASE+INCREASED%22+OR+patient.reaction.reactionmeddrapt.exact%3A%22ASPARTATE+AMINOTRANSFERASE+INCREASED%22+OR+patient.reaction.reactionmeddrapt.exact%3A%22TRANSAMINASES+INCREASED%22+OR+patient.reaction.reactionmeddrapt.exact%3A%22HEPATIC+ENZYME+INCREASED%22+OR+patient.reaction.reactionmeddrapt.exact%3A%22LIVER+FUNCTION+TEST+ABNORMAL%22+OR+patient.reaction.reactionmeddrapt.exact%3A%22LIVER+FUNCTION+TEST+INCREASED%22+OR+patient.reaction.reactionmeddrapt.exact%3A%22BLOOD+BILIRUBIN+INCREASED%22+OR+patient.reaction.reactionmeddrapt.exact%3A%22HYPERBILIRUBINAEMIA%22+OR+patient.reaction.reactionmeddrapt.exact%3A%22JAUNDICE%22+OR+patient.reaction.reactionmeddrapt.exact%3A%22CHOLESTASIS%22+OR+patient.reaction.reactionmeddrapt.exact%3A%22HEPATITIS%22+OR+patient.reaction.reactionmeddrapt.exact%3A%22HEPATITIS+ACUTE%22+OR+patient.reaction.reactionmeddrapt.exact%3A%22HEPATIC+FUNCTION+ABNORMAL%22+OR+patient.reaction.reactionmeddrapt.exact%3A%22LIVER+DISORDER%22+OR+patient.reaction.reactionmeddrapt.exact%3A%22GAMMA-GLUTAMYLTRANSFERASE+INCREASED%22+OR+patient.reaction.reactionmeddrapt.exact%3A%22BLOOD+ALKALINE+PHOSPHATASE+INCREASED%22%29%29+AND+receivedate%3A%5B20141015+TO+20260630%5D&limit=100&skip=200,200,True,0.0,2026-07-30,1773,f85b90ec1e07b55bd579d2c4736a12330a3df23da435033ecbbe3bd8647c95df.json,06710f2d6dfe4ed852fd0669c8bdcc6867f7cad2b3f20c26525e66613c19d089
primary__broad_cases__nintedanib__page_00300,2026-09-04,2026-09-04T19:06:16.376536+00:00,https://api.fda.gov/drug/event.json?search=%28%28%28patient.drug.openfda.generic_name.exact%3A%22NINTEDANIB%22%29+AND+NOT+%28patient.drug.openfda.generic_name.exact%3A%22PIRFENIDONE%22%29%29+AND+%28patient.reaction.reactionmeddrapt.exact%3A%22DRUG-INDUCED+LIVER+INJURY%22+OR+patient.reaction.reactionmeddrapt.exact%3A%22HEPATOTOXICITY%22+OR+patient.reaction.reactionmeddrapt.exact%3A%22HEPATITIS+TOXIC%22+OR+patient.reaction.reactionmeddrapt.exact%3A%22HEPATOCELLULAR+INJURY%22+OR+patient.reaction.reactionmeddrapt.exact%3A%22CHOLESTATIC+LIVER+INJURY%22+OR+patient.reaction.reactionmeddrapt.exact%3A%22MIXED+LIVER+INJURY%22+OR+patient.reaction.reactionmeddrapt.exact%3A%22HEPATIC+FAILURE%22+OR+patient.reaction.reactionmeddrapt.exact%3A%22ACUTE+HEPATIC+FAILURE%22+OR+patient.reaction.reactionmeddrapt.exact%3A%22HEPATIC+NECROSIS%22+OR+patient.reaction.reactionmeddrapt.exact%3A%22FULMINANT+HEPATITIS%22+OR+patient.reaction.reactionmeddrapt.exact%3A%22ALANINE+AMINOTRANSFERASE+INCREASED%22+OR+patient.reaction.reactionmeddrapt.exact%3A%22ASPARTATE+AMINOTRANSFERASE+INCREASED%22+OR+patient.reaction.reactionmeddrapt.exact%3A%22TRANSAMINASES+INCREASED%22+OR+patient.reaction.reactionmeddrapt.exact%3A%22HEPATIC+ENZYME+INCREASED%22+OR+patient.reaction.reactionmeddrapt.exact%3A%22LIVER+FUNCTION+TEST+ABNORMAL%22+OR+patient.reaction.reactionmeddrapt.exact%3A%22LIVER+FUNCTION+TEST+INCREASED%22+OR+patient.reaction.reactionmeddrapt.exact%3A%22BLOOD+BILIRUBIN+INCREASED%22+OR+patient.reaction.reactionmeddrapt.exact%3A%22HYPERBILIRUBINAEMIA%22+OR+patient.reaction.reactionmeddrapt.exact%3A%22JAUNDICE%22+OR+patient.reaction.reactionmeddrapt.exact%3A%22CHOLESTASIS%22+OR+patient.reaction.reactionmeddrapt.exact%3A%22HEPATITIS%22+OR+patient.reaction.reactionmeddrapt.exact%3A%22HEPATITIS+ACUTE%22+OR+patient.reaction.reactionmeddrapt.exact%3A%22HEPATIC+FUNCTION+ABNORMAL%22+OR+patient.reaction.reactionmeddrapt.exact%3A%22LIVER+DISORDER%22+OR+patient.reaction.reactionmeddrapt.exact%3A%22GAMMA-GLUTAMYLTRANSFERASE+INCREASED%22+OR+patient.reaction.reactionmeddrapt.exact%3A%22BLOOD+ALKALINE+PHOSPHATASE+INCREASED%22%29%29+AND+receivedate%3A%5B20141015+TO+20260630%5D&limit=100&skip=300,200,True,0.0,2026-07-30,1773,18bb50d14e6e8af6a2310438f3cf840051b1b4f9c9677f5208ce6f00ff20e2fb.json,5301d97fb63654b4cc5effbba8ab56d04339b3ff6c5caaa14bacb36e933a9074
primary__broad_cases__nintedanib__page_00400,2026-09-04,2026-09-04T19:06:16.376928+00:00,https://api.fda.gov/drug/event.json?search=%28%28%28patient.drug.openfda.generic_name.exact%3A%22NINTEDANIB%22%29+AND+NOT+%28patient.drug.openfda.generic_name.exact%3A%22PIRFENIDONE%22%29%29+AND+%28patient.reaction.reactionmeddrapt.exact%3A%22DRUG-INDUCED+LIVER+INJURY%22+OR+patient.reaction.reactionmeddrapt.exact%3A%22HEPATOTOXICITY%22+OR+patient.reaction.reactionmeddrapt.exact%3A%22HEPATITIS+TOXIC%22+OR+patient.reaction.reactionmeddrapt.exact%3A%22HEPATOCELLULAR+INJURY%22+OR+patient.reaction.reactionmeddrapt.exact%3A%22CHOLESTATIC+LIVER+INJURY%22+OR+patient.reaction.reactionmeddrapt.exact%3A%22MIXED+LIVER+INJURY%22+OR+patient.reaction.reactionmeddrapt.exact%3A%22HEPATIC+FAILURE%22+OR+patient.reaction.reactionmeddrapt.exact%3A%22ACUTE+HEPATIC+FAILURE%22+OR+patient.reaction.reactionmeddrapt.exact%3A%22HEPATIC+NECROSIS%22+OR+patient.reaction.reactionmeddrapt.exact%3A%22FULMINANT+HEPATITIS%22+OR+patient.reaction.reactionmeddrapt.exact%3A%22ALANINE+AMINOTRANSFERASE+INCREASED%22+OR+patient.reaction.reactionmeddrapt.exact%3A%22ASPARTATE+AMINOTRANSFERASE+INCREASED%22+OR+patient.reaction.reactionmeddrapt.exact%3A%22TRANSAMINASES+INCREASED%22+OR+patient.reaction.reactionmeddrapt.exact%3A%22HEPATIC+ENZYME+INCREASED%22+OR+patient.reaction.reactionmeddrapt.exact%3A%22LIVER+FUNCTION+TEST+ABNORMAL%22+OR+patient.reaction.reactionmeddrapt.exact%3A%22LIVER+FUNCTION+TEST+INCREASED%22+OR+patient.reaction.reactionmeddrapt.exact%3A%22BLOOD+BILIRUBIN+INCREASED%22+OR+patient.reaction.reactionmeddrapt.exact%3A%22HYPERBILIRUBINAEMIA%22+OR+patient.reaction.reactionmeddrapt.exact%3A%22JAUNDICE%22+OR+patient.reaction.reactionmeddrapt.exact%3A%22CHOLESTASIS%22+OR+patient.reaction.reactionmeddrapt.exact%3A%22HEPATITIS%22+OR+patient.reaction.reactionmeddrapt.exact%3A%22HEPATITIS+ACUTE%22+OR+patient.reaction.reactionmeddrapt.exact%3A%22HEPATIC+FUNCTION+ABNORMAL%22+OR+patient.reaction.reactionmeddrapt.exact%3A%22LIVER+DISORDER%22+OR+patient.reaction.reactionmeddrapt.exact%3A%22GAMMA-GLUTAMYLTRANSFERASE+INCREASED%22+OR+patient.reaction.reactionmeddrapt.exact%3A%22BLOOD+ALKALINE+PHOSPHATASE+INCREASED%22%29%29+AND+receivedate%3A%5B20141015+TO+20260630%5D&limit=100&skip=400,200,True,0.0,2026-07-30,1773,1cceb7f3d7b6104192fdc33babb9d159b287bfa2d5c96cc67ff56350d447f086.json,5ebbce50ef186483e960f12c4569a77e9f955019c9c7cf41814f7805aace3c52
primary__broad_cases__nintedanib__page_00500,2026-09-04,2026-09-04T19:06:16.377659+00:00,https://api.fda.gov/drug/event.json?search=%28%28%28patient.drug.openfda.generic_name.exact%3A%22NINTEDANIB%22%29+AND+NOT+%28patient.drug.openfda.generic_name.exact%3A%22PIRFENIDONE%22%29%29+AND+%28patient.reaction.reactionmeddrapt.exact%3A%22DRUG-INDUCED+LIVER+INJURY%22+OR+patient.reaction.reactionmeddrapt.exact%3A%22HEPATOTOXICITY%22+OR+patient.reaction.reactionmeddrapt.exact%3A%22HEPATITIS+TOXIC%22+OR+patient.reaction.reactionmeddrapt.exact%3A%22HEPATOCELLULAR+INJURY%22+OR+patient.reaction.reactionmeddrapt.exact%3A%22CHOLESTATIC+LIVER+INJURY%22+OR+patient.reaction.reactionmeddrapt.exact%3A%22MIXED+LIVER+INJURY%22+OR+patient.reaction.reactionmeddrapt.exact%3A%22HEPATIC+FAILURE%22+OR+patient.reaction.reactionmeddrapt.exact%3A%22ACUTE+HEPATIC+FAILURE%22+OR+patient.reaction.reactionmeddrapt.exact%3A%22HEPATIC+NECROSIS%22+OR+patient.reaction.reactionmeddrapt.exact%3A%22FULMINANT+HEPATITIS%22+OR+patient.reaction.reactionmeddrapt.exact%3A%22ALANINE+AMINOTRANSFERASE+INCREASED%22+OR+patient.reaction.reactionmeddrapt.exact%3A%22ASPARTATE+AMINOTRANSFERASE+INCREASED%22+OR+patient.reaction.reactionmeddrapt.exact%3A%22TRANSAMINASES+INCREASED%22+OR+patient.reaction.reactionmeddrapt.exact%3A%22HEPATIC+ENZYME+INCREASED%22+OR+patient.reaction.reactionmeddrapt.exact%3A%22LIVER+FUNCTION+TEST+ABNORMAL%22+OR+patient.reaction.reactionmeddrapt.exact%3A%22LIVER+FUNCTION+TEST+INCREASED%22+OR+patient.reaction.reactionmeddrapt.exact%3A%22BLOOD+BILIRUBIN+INCREASED%22+OR+patient.reaction.reactionmeddrapt.exact%3A%22HYPERBILIRUBINAEMIA%22+OR+patient.reaction.reactionmeddrapt.exact%3A%22JAUNDICE%22+OR+patient.reaction.reactionmeddrapt.exact%3A%22CHOLESTASIS%22+OR+patient.reaction.reactionmeddrapt.exact%3A%22HEPATITIS%22+OR+patient.reaction.reactionmeddrapt.exact%3A%22HEPATITIS+ACUTE%22+OR+patient.reaction.reactionmeddrapt.exact%3A%22HEPATIC+FUNCTION+ABNORMAL%22+OR+patient.reaction.reactionmeddrapt.exact%3A%22LIVER+DISORDER%22+OR+patient.reaction.reactionmeddrapt.exact%3A%22GAMMA-GLUTAMYLTRANSFERASE+INCREASED%22+OR+patient.reaction.reactionmeddrapt.exact%3A%22BLOOD+ALKALINE+PHOSPHATASE+INCREASED%22%29%29+AND+receivedate%3A%5B20141015+TO+20260630%5D&limit=100&skip=500,200,True,0.0,2026-07-30,1773,4a0d926779cadedf62cc353945ec0f03a5e02b1ad951917e4bcc3f91571d459a.json,a0e1784ce60f615afa123ed12a93c92176841cc08e12ac2141b5608e9e01390e
primary__broad_cases__nintedanib__page_00600,2026-09-04,2026-09-04T19:06:16.410678+00:00,https://api.fda.gov/drug/event.json?search=%28%28%28patient.drug.openfda.generic_name.exact%3A%22NINTEDANIB%22%29+AND+NOT+%28patient.drug.openfda.generic_name.exact%3A%22PIRFENIDONE%22%29%29+AND+%28patient.reaction.reactionmeddrapt.exact%3A%22DRUG-INDUCED+LIVER+INJURY%22+OR+patient.reaction.reactionmeddrapt.exact%3A%22HEPATOTOXICITY%22+OR+patient.reaction.reactionmeddrapt.exact%3A%22HEPATITIS+TOXIC%22+OR+patient.reaction.reactionmeddrapt.exact%3A%22HEPATOCELLULAR+INJURY%22+OR+patient.reaction.reactionmeddrapt.exact%3A%22CHOLESTATIC+LIVER+INJURY%22+OR+patient.reaction.reactionmeddrapt.exact%3A%22MIXED+LIVER+INJURY%22+OR+patient.reaction.reactionmeddrapt.exact%3A%22HEPATIC+FAILURE%22+OR+patient.reaction.reactionmeddrapt.exact%3A%22ACUTE+HEPATIC+FAILURE%22+OR+patient.reaction.reactionmeddrapt.exact%3A%22HEPATIC+NECROSIS%22+OR+patient.reaction.reactionmeddrapt.exact%3A%22FULMINANT+HEPATITIS%22+OR+patient.reaction.reactionmeddrapt.exact%3A%22ALANINE+AMINOTRANSFERASE+INCREASED%22+OR+patient.reaction.reactionmeddrapt.exact%3A%22ASPARTATE+AMINOTRANSFERASE+INCREASED%22+OR+patient.reaction.reactionmeddrapt.exact%3A%22TRANSAMINASES+INCREASED%22+OR+patient.reaction.reactionmeddrapt.exact%3A%22HEPATIC+ENZYME+INCREASED%22+OR+patient.reaction.reactionmeddrapt.exact%3A%22LIVER+FUNCTION+TEST+ABNORMAL%22+OR+patient.reaction.reactionmeddrapt.exact%3A%22LIVER+FUNCTION+TEST+INCREASED%22+OR+patient.reaction.reactionmeddrapt.exact%3A%22BLOOD+BILIRUBIN+INCREASED%22+OR+patient.reaction.reactionmeddrapt.exact%3A%22HYPERBILIRUBINAEMIA%22+OR+patient.reaction.reactionmeddrapt.exact%3A%22JAUNDICE%22+OR+patient.reaction.reactionmeddrapt.exact%3A%22CHOLESTASIS%22+OR+patient.reaction.reactionmeddrapt.exact%3A%22HEPATITIS%22+OR+patient.reaction.reactionmeddrapt.exact%3A%22HEPATITIS+ACUTE%22+OR+patient.reaction.reactionmeddrapt.exact%3A%22HEPATIC+FUNCTION+ABNORMAL%22+OR+patient.reaction.reactionmeddrapt.exact%3A%22LIVER+DISORDER%22+OR+patient.reaction.reactionmeddrapt.exact%3A%22GAMMA-GLUTAMYLTRANSFERASE+INCREASED%22+OR+patient.reaction.reactionmeddrapt.exact%3A%22BLOOD+ALKALINE+PHOSPHATASE+INCREASED%22%29%29+AND+receivedate%3A%5B20141015+TO+20260630%5D&limit=100&skip=600,200,True,0.0,2026-07-30,1773,fd198b30211adf62d9293cb7c968587373649d23b5d7c6e9daafdbf1247cc104.json,b6684b1a95242c675d2f49779185dd5691fb3054f445e358dc562ceaf223a35d
primary__broad_cases__nintedanib__page_00700,2026-09-04,2026-09-04T19:06:16.411148+00:00,https://api.fda.gov/drug/event.json?search=%28%28%28patient.drug.openfda.generic_name.exact%3A%22NINTEDANIB%22%29+AND+NOT+%28patient.drug.openfda.generic_name.exact%3A%22PIRFENIDONE%22%29%29+AND+%28patient.reaction.reactionmeddrapt.exact%3A%22DRUG-INDUCED+LIVER+INJURY%22+OR+patient.reaction.reactionmeddrapt.exact%3A%22HEPATOTOXICITY%22+OR+patient.reaction.reactionmeddrapt.exact%3A%22HEPATITIS+TOXIC%22+OR+patient.reaction.reactionmeddrapt.exact%3A%22HEPATOCELLULAR+INJURY%22+OR+patient.reaction.reactionmeddrapt.exact%3A%22CHOLESTATIC+LIVER+INJURY%22+OR+patient.reaction.reactionmeddrapt.exact%3A%22MIXED+LIVER+INJURY%22+OR+patient.reaction.reactionmeddrapt.exact%3A%22HEPATIC+FAILURE%22+OR+patient.reaction.reactionmeddrapt.exact%3A%22ACUTE+HEPATIC+FAILURE%22+OR+patient.reaction.reactionmeddrapt.exact%3A%22HEPATIC+NECROSIS%22+OR+patient.reaction.reactionmeddrapt.exact%3A%22FULMINANT+HEPATITIS%22+OR+patient.reaction.reactionmeddrapt.exact%3A%22ALANINE+AMINOTRANSFERASE+INCREASED%22+OR+patient.reaction.reactionmeddrapt.exact%3A%22ASPARTATE+AMINOTRANSFERASE+INCREASED%22+OR+patient.reaction.reactionmeddrapt.exact%3A%22TRANSAMINASES+INCREASED%22+OR+patient.reaction.reactionmeddrapt.exact%3A%22HEPATIC+ENZYME+INCREASED%22+OR+patient.reaction.reactionmeddrapt.exact%3A%22LIVER+FUNCTION+TEST+ABNORMAL%22+OR+patient.reaction.reactionmeddrapt.exact%3A%22LIVER+FUNCTION+TEST+INCREASED%22+OR+patient.reaction.reactionmeddrapt.exact%3A%22BLOOD+BILIRUBIN+INCREASED%22+OR+patient.reaction.reactionmeddrapt.exact%3A%22HYPERBILIRUBINAEMIA%22+OR+patient.reaction.reactionmeddrapt.exact%3A%22JAUNDICE%22+OR+patient.reaction.reactionmeddrapt.exact%3A%22CHOLESTASIS%22+OR+patient.reaction.reactionmeddrapt.exact%3A%22HEPATITIS%22+OR+patient.reaction.reactionmeddrapt.exact%3A%22HEPATITIS+ACUTE%22+OR+patient.reaction.reactionmeddrapt.exact%3A%22HEPATIC+FUNCTION+ABNORMAL%22+OR+patient.reaction.reactionmeddrapt.exact%3A%22LIVER+DISORDER%22+OR+patient.reaction.reactionmeddrapt.exact%3A%22GAMMA-GLUTAMYLTRANSFERASE+INCREASED%22+OR+patient.reaction.reactionmeddrapt.exact%3A%22BLOOD+ALKALINE+PHOSPHATASE+INCREASED%22%29%29+AND+receivedate%3A%5B20141015+TO+20260630%5D&limit=100&skip=700,200,True,0.0,2026-07-30,1773,388a1f4534b9bb5088491ed7c06d96abd6e6f391aff2558ce5987a71f2fcfada.json,ef8b06f94bb1f647871fba0369ae6947f53baf5a32111528815541388eb97cf4
primary__broad_cases__nintedanib__page_00800,2026-09-04,2026-09-04T19:06:16.460792+00:00,https://api.fda.gov/drug/event.json?search=%28%28%28patient.drug.openfda.generic_name.exact%3A%22NINTEDANIB%22%29+AND+NOT+%28patient.drug.openfda.generic_name.exact%3A%22PIRFENIDONE%22%29%29+AND+%28patient.reaction.reactionmeddrapt.exact%3A%22DRUG-INDUCED+LIVER+INJURY%22+OR+patient.reaction.reactionmeddrapt.exact%3A%22HEPATOTOXICITY%22+OR+patient.reaction.reactionmeddrapt.exact%3A%22HEPATITIS+TOXIC%22+OR+patient.reaction.reactionmeddrapt.exact%3A%22HEPATOCELLULAR+INJURY%22+OR+patient.reaction.reactionmeddrapt.exact%3A%22CHOLESTATIC+LIVER+INJURY%22+OR+patient.reaction.reactionmeddrapt.exact%3A%22MIXED+LIVER+INJURY%22+OR+patient.reaction.reactionmeddrapt.exact%3A%22HEPATIC+FAILURE%22+OR+patient.reaction.reactionmeddrapt.exact%3A%22ACUTE+HEPATIC+FAILURE%22+OR+patient.reaction.reactionmeddrapt.exact%3A%22HEPATIC+NECROSIS%22+OR+patient.reaction.reactionmeddrapt.exact%3A%22FULMINANT+HEPATITIS%22+OR+patient.reaction.reactionmeddrapt.exact%3A%22ALANINE+AMINOTRANSFERASE+INCREASED%22+OR+patient.reaction.reactionmeddrapt.exact%3A%22ASPARTATE+AMINOTRANSFERASE+INCREASED%22+OR+patient.reaction.reactionmeddrapt.exact%3A%22TRANSAMINASES+INCREASED%22+OR+patient.reaction.reactionmeddrapt.exact%3A%22HEPATIC+ENZYME+INCREASED%22+OR+patient.reaction.reactionmeddrapt.exact%3A%22LIVER+FUNCTION+TEST+ABNORMAL%22+OR+patient.reaction.reactionmeddrapt.exact%3A%22LIVER+FUNCTION+TEST+INCREASED%22+OR+patient.reaction.reactionmeddrapt.exact%3A%22BLOOD+BILIRUBIN+INCREASED%22+OR+patient.reaction.reactionmeddrapt.exact%3A%22HYPERBILIRUBINAEMIA%22+OR+patient.reaction.reactionmeddrapt.exact%3A%22JAUNDICE%22+OR+patient.reaction.reactionmeddrapt.exact%3A%22CHOLESTASIS%22+OR+patient.reaction.reactionmeddrapt.exact%3A%22HEPATITIS%22+OR+patient.reaction.reactionmeddrapt.exact%3A%22HEPATITIS+ACUTE%22+OR+patient.reaction.reactionmeddrapt.exact%3A%22HEPATIC+FUNCTION+ABNORMAL%22+OR+patient.reaction.reactionmeddrapt.exact%3A%22LIVER+DISORDER%22+OR+patient.reaction.reactionmeddrapt.exact%3A%22GAMMA-GLUTAMYLTRANSFERASE+INCREASED%22+OR+patient.reaction.reactionmeddrapt.exact%3A%22BLOOD+ALKALINE+PHOSPHATASE+INCREASED%22%29%29+AND+receivedate%3A%5B20141015+TO+20260630%5D&limit=100&skip=800,200,True,0.0,2026-07-30,1773,8bb894524bf8aa4ca7f5e10fd3c19394528b152cedbb219957b0e25da99ca845.json,107babd3288d44d1a2678b1f1e50f5d50ffb82d2bfbbf90d73507ce3bcd41394
primary__broad_cases__nintedanib__page_00900,2026-09-04,2026-09-04T19:06:16.461803+00:00,https://api.fda.gov/drug/event.json?search=%28%28%28patient.drug.openfda.generic_name.exact%3A%22NINTEDANIB%22%29+AND+NOT+%28patient.drug.openfda.generic_name.exact%3A%22PIRFENIDONE%22%29%29+AND+%28patient.reaction.reactionmeddrapt.exact%3A%22DRUG-INDUCED+LIVER+INJURY%22+OR+patient.reaction.reactionmeddrapt.exact%3A%22HEPATOTOXICITY%22+OR+patient.reaction.reactionmeddrapt.exact%3A%22HEPATITIS+TOXIC%22+OR+patient.reaction.reactionmeddrapt.exact%3A%22HEPATOCELLULAR+INJURY%22+OR+patient.reaction.reactionmeddrapt.exact%3A%22CHOLESTATIC+LIVER+INJURY%22+OR+patient.reaction.reactionmeddrapt.exact%3A%22MIXED+LIVER+INJURY%22+OR+patient.reaction.reactionmeddrapt.exact%3A%22HEPATIC+FAILURE%22+OR+patient.reaction.reactionmeddrapt.exact%3A%22ACUTE+HEPATIC+FAILURE%22+OR+patient.reaction.reactionmeddrapt.exact%3A%22HEPATIC+NECROSIS%22+OR+patient.reaction.reactionmeddrapt.exact%3A%22FULMINANT+HEPATITIS%22+OR+patient.reaction.reactionmeddrapt.exact%3A%22ALANINE+AMINOTRANSFERASE+INCREASED%22+OR+patient.reaction.reactionmeddrapt.exact%3A%22ASPARTATE+AMINOTRANSFERASE+INCREASED%22+OR+patient.reaction.reactionmeddrapt.exact%3A%22TRANSAMINASES+INCREASED%22+OR+patient.reaction.reactionmeddrapt.exact%3A%22HEPATIC+ENZYME+INCREASED%22+OR+patient.reaction.reactionmeddrapt.exact%3A%22LIVER+FUNCTION+TEST+ABNORMAL%22+OR+patient.reaction.reactionmeddrapt.exact%3A%22LIVER+FUNCTION+TEST+INCREASED%22+OR+patient.reaction.reactionmeddrapt.exact%3A%22BLOOD+BILIRUBIN+INCREASED%22+OR+patient.reaction.reactionmeddrapt.exact%3A%22HYPERBILIRUBINAEMIA%22+OR+patient.reaction.reactionmeddrapt.exact%3A%22JAUNDICE%22+OR+patient.reaction.reactionmeddrapt.exact%3A%22CHOLESTASIS%22+OR+patient.reaction.reactionmeddrapt.exact%3A%22HEPATITIS%22+OR+patient.reaction.reactionmeddrapt.exact%3A%22HEPATITIS+ACUTE%22+OR+patient.reaction.reactionmeddrapt.exact%3A%22HEPATIC+FUNCTION+ABNORMAL%22+OR+patient.reaction.reactionmeddrapt.exact%3A%22LIVER+DISORDER%22+OR+patient.reaction.reactionmeddrapt.exact%3A%22GAMMA-GLUTAMYLTRANSFERASE+INCREASED%22+OR+patient.reaction.reactionmeddrapt.exact%3A%22BLOOD+ALKALINE+PHOSPHATASE+INCREASED%22%29%29+AND+receivedate%3A%5B20141015+TO+20260630%5D&limit=100&skip=900,200,True,0.0,2026-07-30,1773,9ed850105268cbb4b1476e901b899441546c6a5d45db251d0914dbde3f51818c.json,da0f70acd06bd350bfcec2016613466e45c0f09bf57cb54880679781175b9595
primary__broad_cases__nintedanib__page_01000,2026-09-04,2026-09-04T19:06:16.508474+00:00,https://api.fda.gov/drug/event.json?search=%28%28%28patient.drug.openfda.generic_name.exact%3A%22NINTEDANIB%22%29+AND+NOT+%28patient.drug.openfda.generic_name.exact%3A%22PIRFENIDONE%22%29%29+AND+%28patient.reaction.reactionmeddrapt.exact%3A%22DRUG-INDUCED+LIVER+INJURY%22+OR+patient.reaction.reactionmeddrapt.exact%3A%22HEPATOTOXICITY%22+OR+patient.reaction.reactionmeddrapt.exact%3A%22HEPATITIS+TOXIC%22+OR+patient.reaction.reactionmeddrapt.exact%3A%22HEPATOCELLULAR+INJURY%22+OR+patient.reaction.reactionmeddrapt.exact%3A%22CHOLESTATIC+LIVER+INJURY%22+OR+patient.reaction.reactionmeddrapt.exact%3A%22MIXED+LIVER+INJURY%22+OR+patient.reaction.reactionmeddrapt.exact%3A%22HEPATIC+FAILURE%22+OR+patient.reaction.reactionmeddrapt.exact%3A%22ACUTE+HEPATIC+FAILURE%22+OR+patient.reaction.reactionmeddrapt.exact%3A%22HEPATIC+NECROSIS%22+OR+patient.reaction.reactionmeddrapt.exact%3A%22FULMINANT+HEPATITIS%22+OR+patient.reaction.reactionmeddrapt.exact%3A%22ALANINE+AMINOTRANSFERASE+INCREASED%22+OR+patient.reaction.reactionmeddrapt.exact%3A%22ASPARTATE+AMINOTRANSFERASE+INCREASED%22+OR+patient.reaction.reactionmeddrapt.exact%3A%22TRANSAMINASES+INCREASED%22+OR+patient.reaction.reactionmeddrapt.exact%3A%22HEPATIC+ENZYME+INCREASED%22+OR+patient.reaction.reactionmeddrapt.exact%3A%22LIVER+FUNCTION+TEST+ABNORMAL%22+OR+patient.reaction.reactionmeddrapt.exact%3A%22LIVER+FUNCTION+TEST+INCREASED%22+OR+patient.reaction.reactionmeddrapt.exact%3A%22BLOOD+BILIRUBIN+INCREASED%22+OR+patient.reaction.reactionmeddrapt.exact%3A%22HYPERBILIRUBINAEMIA%22+OR+patient.reaction.reactionmeddrapt.exact%3A%22JAUNDICE%22+OR+patient.reaction.reactionmeddrapt.exact%3A%22CHOLESTASIS%22+OR+patient.reaction.reactionmeddrapt.exact%3A%22HEPATITIS%22+OR+patient.reaction.reactionmeddrapt.exact%3A%22HEPATITIS+ACUTE%22+OR+patient.reaction.reactionmeddrapt.exact%3A%22HEPATIC+FUNCTION+ABNORMAL%22+OR+patient.reaction.reactionmeddrapt.exact%3A%22LIVER+DISORDER%22+OR+patient.reaction.reactionmeddrapt.exact%3A%22GAMMA-GLUTAMYLTRANSFERASE+INCREASED%22+OR+patient.reaction.reactionmeddrapt.exact%3A%22BLOOD+ALKALINE+PHOSPHATASE+INCREASED%22%29%29+AND+receivedate%3A%5B20141015+TO+20260630%5D&limit=100&skip=1000,200,True,0.0,2026-07-30,1773,65490c08e432fd63138dc195bd1a650f382b1b9c295c424b904c9dc516786eab.json,9cb751eca57b6181f6b7c88b4c0f6b17ef918e5126e74f5b731e4f2f8ccb42f0
primary__broad_cases__nintedanib__page_01100,2026-09-04,2026-09-04T19:06:16.508615+00:00,https://api.fda.gov/drug/event.json?search=%28%28%28patient.drug.openfda.generic_name.exact%3A%22NINTEDANIB%22%29+AND+NOT+%28patient.drug.openfda.generic_name.exact%3A%22PIRFENIDONE%22%29%29+AND+%28patient.reaction.reactionmeddrapt.exact%3A%22DRUG-INDUCED+LIVER+INJURY%22+OR+patient.reaction.reactionmeddrapt.exact%3A%22HEPATOTOXICITY%22+OR+patient.reaction.reactionmeddrapt.exact%3A%22HEPATITIS+TOXIC%22+OR+patient.reaction.reactionmeddrapt.exact%3A%22HEPATOCELLULAR+INJURY%22+OR+patient.reaction.reactionmeddrapt.exact%3A%22CHOLESTATIC+LIVER+INJURY%22+OR+patient.reaction.reactionmeddrapt.exact%3A%22MIXED+LIVER+INJURY%22+OR+patient.reaction.reactionmeddrapt.exact%3A%22HEPATIC+FAILURE%22+OR+patient.reaction.reactionmeddrapt.exact%3A%22ACUTE+HEPATIC+FAILURE%22+OR+patient.reaction.reactionmeddrapt.exact%3A%22HEPATIC+NECROSIS%22+OR+patient.reaction.reactionmeddrapt.exact%3A%22FULMINANT+HEPATITIS%22+OR+patient.reaction.reactionmeddrapt.exact%3A%22ALANINE+AMINOTRANSFERASE+INCREASED%22+OR+patient.reaction.reactionmeddrapt.exact%3A%22ASPARTATE+AMINOTRANSFERASE+INCREASED%22+OR+patient.reaction.reactionmeddrapt.exact%3A%22TRANSAMINASES+INCREASED%22+OR+patient.reaction.reactionmeddrapt.exact%3A%22HEPATIC+ENZYME+INCREASED%22+OR+patient.reaction.reactionmeddrapt.exact%3A%22LIVER+FUNCTION+TEST+ABNORMAL%22+OR+patient.reaction.reactionmeddrapt.exact%3A%22LIVER+FUNCTION+TEST+INCREASED%22+OR+patient.reaction.reactionmeddrapt.exact%3A%22BLOOD+BILIRUBIN+INCREASED%22+OR+patient.reaction.reactionmeddrapt.exact%3A%22HYPERBILIRUBINAEMIA%22+OR+patient.reaction.reactionmeddrapt.exact%3A%22JAUNDICE%22+OR+patient.reaction.reactionmeddrapt.exact%3A%22CHOLESTASIS%22+OR+patient.reaction.reactionmeddrapt.exact%3A%22HEPATITIS%22+OR+patient.reaction.reactionmeddrapt.exact%3A%22HEPATITIS+ACUTE%22+OR+patient.reaction.reactionmeddrapt.exact%3A%22HEPATIC+FUNCTION+ABNORMAL%22+OR+patient.reaction.reactionmeddrapt.exact%3A%22LIVER+DISORDER%22+OR+patient.reaction.reactionmeddrapt.exact%3A%22GAMMA-GLUTAMYLTRANSFERASE+INCREASED%22+OR+patient.reaction.reactionmeddrapt.exact%3A%22BLOOD+ALKALINE+PHOSPHATASE+INCREASED%22%29%29+AND+receivedate%3A%5B20141015+TO+20260630%5D&limit=100&skip=1100,200,True,0.0,2026-07-30,1773,2a9a8f48d626c472318cbb92a0ae0a744a04610f9d94c17c403efa8d2bdd5633.json,4dc1d008f6174c8ebfe3bb3f7b4c0acf211142675962e7065d468a46b540250b
primary__broad_cases__nintedanib__page_01200,2026-09-04,2026-09-04T19:06:16.550263+00:00,https://api.fda.gov/drug/event.json?search=%28%28%28patient.drug.openfda.generic_name.exact%3A%22NINTEDANIB%22%29+AND+NOT+%28patient.drug.openfda.generic_name.exact%3A%22PIRFENIDONE%22%29%29+AND+%28patient.reaction.reactionmeddrapt.exact%3A%22DRUG-INDUCED+LIVER+INJURY%22+OR+patient.reaction.reactionmeddrapt.exact%3A%22HEPATOTOXICITY%22+OR+patient.reaction.reactionmeddrapt.exact%3A%22HEPATITIS+TOXIC%22+OR+patient.reaction.reactionmeddrapt.exact%3A%22HEPATOCELLULAR+INJURY%22+OR+patient.reaction.reactionmeddrapt.exact%3A%22CHOLESTATIC+LIVER+INJURY%22+OR+patient.reaction.reactionmeddrapt.exact%3A%22MIXED+LIVER+INJURY%22+OR+patient.reaction.reactionmeddrapt.exact%3A%22HEPATIC+FAILURE%22+OR+patient.reaction.reactionmeddrapt.exact%3A%22ACUTE+HEPATIC+FAILURE%22+OR+patient.reaction.reactionmeddrapt.exact%3A%22HEPATIC+NECROSIS%22+OR+patient.reaction.reactionmeddrapt.exact%3A%22FULMINANT+HEPATITIS%22+OR+patient.reaction.reactionmeddrapt.exact%3A%22ALANINE+AMINOTRANSFERASE+INCREASED%22+OR+patient.reaction.reactionmeddrapt.exact%3A%22ASPARTATE+AMINOTRANSFERASE+INCREASED%22+OR+patient.reaction.reactionmeddrapt.exact%3A%22TRANSAMINASES+INCREASED%22+OR+patient.reaction.reactionmeddrapt.exact%3A%22HEPATIC+ENZYME+INCREASED%22+OR+patient.reaction.reactionmeddrapt.exact%3A%22LIVER+FUNCTION+TEST+ABNORMAL%22+OR+patient.reaction.reactionmeddrapt.exact%3A%22LIVER+FUNCTION+TEST+INCREASED%22+OR+patient.reaction.reactionmeddrapt.exact%3A%22BLOOD+BILIRUBIN+INCREASED%22+OR+patient.reaction.reactionmeddrapt.exact%3A%22HYPERBILIRUBINAEMIA%22+OR+patient.reaction.reactionmeddrapt.exact%3A%22JAUNDICE%22+OR+patient.reaction.reactionmeddrapt.exact%3A%22CHOLESTASIS%22+OR+patient.reaction.reactionmeddrapt.exact%3A%22HEPATITIS%22+OR+patient.reaction.reactionmeddrapt.exact%3A%22HEPATITIS+ACUTE%22+OR+patient.reaction.reactionmeddrapt.exact%3A%22HEPATIC+FUNCTION+ABNORMAL%22+OR+patient.reaction.reactionmeddrapt.exact%3A%22LIVER+DISORDER%22+OR+patient.reaction.reactionmeddrapt.exact%3A%22GAMMA-GLUTAMYLTRANSFERASE+INCREASED%22+OR+patient.reaction.reactionmeddrapt.exact%3A%22BLOOD+ALKALINE+PHOSPHATASE+INCREASED%22%29%29+AND+receivedate%3A%5B20141015+TO+20260630%5D&limit=100&skip=1200,200,True,0.0,2026-07-30,1773,d2053943a499ad65c92352f15c92f647b24acc3f892995077b5b87df4976a729.json,6cc072aa91861333857f9af6de8e0e13fb6421eeedbecc474c1c6c078a9e94e5
primary__broad_cases__nintedanib__page_01300,2026-09-04,2026-09-04T19:06:16.593929+00:00,https://api.fda.gov/drug/event.json?search=%28%28%28patient.drug.openfda.generic_name.exact%3A%22NINTEDANIB%22%29+AND+NOT+%28patient.drug.openfda.generic_name.exact%3A%22PIRFENIDONE%22%29%29+AND+%28patient.reaction.reactionmeddrapt.exact%3A%22DRUG-INDUCED+LIVER+INJURY%22+OR+patient.reaction.reactionmeddrapt.exact%3A%22HEPATOTOXICITY%22+OR+patient.reaction.reactionmeddrapt.exact%3A%22HEPATITIS+TOXIC%22+OR+patient.reaction.reactionmeddrapt.exact%3A%22HEPATOCELLULAR+INJURY%22+OR+patient.reaction.reactionmeddrapt.exact%3A%22CHOLESTATIC+LIVER+INJURY%22+OR+patient.reaction.reactionmeddrapt.exact%3A%22MIXED+LIVER+INJURY%22+OR+patient.reaction.reactionmeddrapt.exact%3A%22HEPATIC+FAILURE%22+OR+patient.reaction.reactionmeddrapt.exact%3A%22ACUTE+HEPATIC+FAILURE%22+OR+patient.reaction.reactionmeddrapt.exact%3A%22HEPATIC+NECROSIS%22+OR+patient.reaction.reactionmeddrapt.exact%3A%22FULMINANT+HEPATITIS%22+OR+patient.reaction.reactionmeddrapt.exact%3A%22ALANINE+AMINOTRANSFERASE+INCREASED%22+OR+patient.reaction.reactionmeddrapt.exact%3A%22ASPARTATE+AMINOTRANSFERASE+INCREASED%22+OR+patient.reaction.reactionmeddrapt.exact%3A%22TRANSAMINASES+INCREASED%22+OR+patient.reaction.reactionmeddrapt.exact%3A%22HEPATIC+ENZYME+INCREASED%22+OR+patient.reaction.reactionmeddrapt.exact%3A%22LIVER+FUNCTION+TEST+ABNORMAL%22+OR+patient.reaction.reactionmeddrapt.exact%3A%22LIVER+FUNCTION+TEST+INCREASED%22+OR+patient.reaction.reactionmeddrapt.exact%3A%22BLOOD+BILIRUBIN+INCREASED%22+OR+patient.reaction.reactionmeddrapt.exact%3A%22HYPERBILIRUBINAEMIA%22+OR+patient.reaction.reactionmeddrapt.exact%3A%22JAUNDICE%22+OR+patient.reaction.reactionmeddrapt.exact%3A%22CHOLESTASIS%22+OR+patient.reaction.reactionmeddrapt.exact%3A%22HEPATITIS%22+OR+patient.reaction.reactionmeddrapt.exact%3A%22HEPATITIS+ACUTE%22+OR+patient.reaction.reactionmeddrapt.exact%3A%22HEPATIC+FUNCTION+ABNORMAL%22+OR+patient.reaction.reactionmeddrapt.exact%3A%22LIVER+DISORDER%22+OR+patient.reaction.reactionmeddrapt.exact%3A%22GAMMA-GLUTAMYLTRANSFERASE+INCREASED%22+OR+patient.reaction.reactionmeddrapt.exact%3A%22BLOOD+ALKALINE+PHOSPHATASE+INCREASED%22%29%29+AND+receivedate%3A%5B20141015+TO+20260630%5D&limit=100&skip=1300,200,True,0.0,2026-07-30,1773,92798c614630cad789e7fc2517e56073829903abbd89e6b9329dce1a0821d17f.json,46bb99b3eaa2da358d3ce186643a9b3ca61071b86ee1547c20fca8e2be4e55f7
primary__broad_cases__nintedanib__page_01400,2026-09-04,2026-09-04T19:06:16.601332+00:00,https://api.fda.gov/drug/event.json?search=%28%28%28patient.drug.openfda.generic_name.exact%3A%22NINTEDANIB%22%29+AND+NOT+%28patient.drug.openfda.generic_name.exact%3A%22PIRFENIDONE%22%29%29+AND+%28patient.reaction.reactionmeddrapt.exact%3A%22DRUG-INDUCED+LIVER+INJURY%22+OR+patient.reaction.reactionmeddrapt.exact%3A%22HEPATOTOXICITY%22+OR+patient.reaction.reactionmeddrapt.exact%3A%22HEPATITIS+TOXIC%22+OR+patient.reaction.reactionmeddrapt.exact%3A%22HEPATOCELLULAR+INJURY%22+OR+patient.reaction.reactionmeddrapt.exact%3A%22CHOLESTATIC+LIVER+INJURY%22+OR+patient.reaction.reactionmeddrapt.exact%3A%22MIXED+LIVER+INJURY%22+OR+patient.reaction.reactionmeddrapt.exact%3A%22HEPATIC+FAILURE%22+OR+patient.reaction.reactionmeddrapt.exact%3A%22ACUTE+HEPATIC+FAILURE%22+OR+patient.reaction.reactionmeddrapt.exact%3A%22HEPATIC+NECROSIS%22+OR+patient.reaction.reactionmeddrapt.exact%3A%22FULMINANT+HEPATITIS%22+OR+patient.reaction.reactionmeddrapt.exact%3A%22ALANINE+AMINOTRANSFERASE+INCREASED%22+OR+patient.reaction.reactionmeddrapt.exact%3A%22ASPARTATE+AMINOTRANSFERASE+INCREASED%22+OR+patient.reaction.reactionmeddrapt.exact%3A%22TRANSAMINASES+INCREASED%22+OR+patient.reaction.reactionmeddrapt.exact%3A%22HEPATIC+ENZYME+INCREASED%22+OR+patient.reaction.reactionmeddrapt.exact%3A%22LIVER+FUNCTION+TEST+ABNORMAL%22+OR+patient.reaction.reactionmeddrapt.exact%3A%22LIVER+FUNCTION+TEST+INCREASED%22+OR+patient.reaction.reactionmeddrapt.exact%3A%22BLOOD+BILIRUBIN+INCREASED%22+OR+patient.reaction.reactionmeddrapt.exact%3A%22HYPERBILIRUBINAEMIA%22+OR+patient.reaction.reactionmeddrapt.exact%3A%22JAUNDICE%22+OR+patient.reaction.reactionmeddrapt.exact%3A%22CHOLESTASIS%22+OR+patient.reaction.reactionmeddrapt.exact%3A%22HEPATITIS%22+OR+patient.reaction.reactionmeddrapt.exact%3A%22HEPATITIS+ACUTE%22+OR+patient.reaction.reactionmeddrapt.exact%3A%22HEPATIC+FUNCTION+ABNORMAL%22+OR+patient.reaction.reactionmeddrapt.exact%3A%22LIVER+DISORDER%22+OR+patient.reaction.reactionmeddrapt.exact%3A%22GAMMA-GLUTAMYLTRANSFERASE+INCREASED%22+OR+patient.reaction.reactionmeddrapt.exact%3A%22BLOOD+ALKALINE+PHOSPHATASE+INCREASED%22%29%29+AND+receivedate%3A%5B20141015+TO+20260630%5D&limit=100&skip=1400,200,True,0.0,2026-07-30,1773,3e68ff312ad8d2b6fefd27c83122f5493cb42f56307106b8ba0ba7021aaa3ce3.json,7e6a286d6f10f5299af3d02911fc8c23cf8fe093693cdf5b59e7a75d46ff1dfb
primary__broad_cases__nintedanib__page_01500,2026-09-04,2026-09-04T19:06:16.603748+00:00,https://api.fda.gov/drug/event.json?search=%28%28%28patient.drug.openfda.generic_name.exact%3A%22NINTEDANIB%22%29+AND+NOT+%28patient.drug.openfda.generic_name.exact%3A%22PIRFENIDONE%22%29%29+AND+%28patient.reaction.reactionmeddrapt.exact%3A%22DRUG-INDUCED+LIVER+INJURY%22+OR+patient.reaction.reactionmeddrapt.exact%3A%22HEPATOTOXICITY%22+OR+patient.reaction.reactionmeddrapt.exact%3A%22HEPATITIS+TOXIC%22+OR+patient.reaction.reactionmeddrapt.exact%3A%22HEPATOCELLULAR+INJURY%22+OR+patient.reaction.reactionmeddrapt.exact%3A%22CHOLESTATIC+LIVER+INJURY%22+OR+patient.reaction.reactionmeddrapt.exact%3A%22MIXED+LIVER+INJURY%22+OR+patient.reaction.reactionmeddrapt.exact%3A%22HEPATIC+FAILURE%22+OR+patient.reaction.reactionmeddrapt.exact%3A%22ACUTE+HEPATIC+FAILURE%22+OR+patient.reaction.reactionmeddrapt.exact%3A%22HEPATIC+NECROSIS%22+OR+patient.reaction.reactionmeddrapt.exact%3A%22FULMINANT+HEPATITIS%22+OR+patient.reaction.reactionmeddrapt.exact%3A%22ALANINE+AMINOTRANSFERASE+INCREASED%22+OR+patient.reaction.reactionmeddrapt.exact%3A%22ASPARTATE+AMINOTRANSFERASE+INCREASED%22+OR+patient.reaction.reactionmeddrapt.exact%3A%22TRANSAMINASES+INCREASED%22+OR+patient.reaction.reactionmeddrapt.exact%3A%22HEPATIC+ENZYME+INCREASED%22+OR+patient.reaction.reactionmeddrapt.exact%3A%22LIVER+FUNCTION+TEST+ABNORMAL%22+OR+patient.reaction.reactionmeddrapt.exact%3A%22LIVER+FUNCTION+TEST+INCREASED%22+OR+patient.reaction.reactionmeddrapt.exact%3A%22BLOOD+BILIRUBIN+INCREASED%22+OR+patient.reaction.reactionmeddrapt.exact%3A%22HYPERBILIRUBINAEMIA%22+OR+patient.reaction.reactionmeddrapt.exact%3A%22JAUNDICE%22+OR+patient.reaction.reactionmeddrapt.exact%3A%22CHOLESTASIS%22+OR+patient.reaction.reactionmeddrapt.exact%3A%22HEPATITIS%22+OR+patient.reaction.reactionmeddrapt.exact%3A%22HEPATITIS+ACUTE%22+OR+patient.reaction.reactionmeddrapt.exact%3A%22HEPATIC+FUNCTION+ABNORMAL%22+OR+patient.reaction.reactionmeddrapt.exact%3A%22LIVER+DISORDER%22+OR+patient.reaction.reactionmeddrapt.exact%3A%22GAMMA-GLUTAMYLTRANSFERASE+INCREASED%22+OR+patient.reaction.reactionmeddrapt.exact%3A%22BLOOD+ALKALINE+PHOSPHATASE+INCREASED%22%29%29+AND+receivedate%3A%5B20141015+TO+20260630%5D&limit=100&skip=1500,200,True,0.0,2026-07-30,1773,495ee897e419d54ce23ea71398be95cedc7ac91005fb37356fa26134a08a2adc.json,b0007c2f9f1808e0f032d08745271e76b00b2cb6870415f7abe3caf907cd8715
primary__broad_cases__nintedanib__page_01600,2026-09-04,2026-09-04T19:06:16.665501+00:00,https://api.fda.gov/drug/event.json?search=%28%28%28patient.drug.openfda.generic_name.exact%3A%22NINTEDANIB%22%29+AND+NOT+%28patient.drug.openfda.generic_name.exact%3A%22PIRFENIDONE%22%29%29+AND+%28patient.reaction.reactionmeddrapt.exact%3A%22DRUG-INDUCED+LIVER+INJURY%22+OR+patient.reaction.reactionmeddrapt.exact%3A%22HEPATOTOXICITY%22+OR+patient.reaction.reactionmeddrapt.exact%3A%22HEPATITIS+TOXIC%22+OR+patient.reaction.reactionmeddrapt.exact%3A%22HEPATOCELLULAR+INJURY%22+OR+patient.reaction.reactionmeddrapt.exact%3A%22CHOLESTATIC+LIVER+INJURY%22+OR+patient.reaction.reactionmeddrapt.exact%3A%22MIXED+LIVER+INJURY%22+OR+patient.reaction.reactionmeddrapt.exact%3A%22HEPATIC+FAILURE%22+OR+patient.reaction.reactionmeddrapt.exact%3A%22ACUTE+HEPATIC+FAILURE%22+OR+patient.reaction.reactionmeddrapt.exact%3A%22HEPATIC+NECROSIS%22+OR+patient.reaction.reactionmeddrapt.exact%3A%22FULMINANT+HEPATITIS%22+OR+patient.reaction.reactionmeddrapt.exact%3A%22ALANINE+AMINOTRANSFERASE+INCREASED%22+OR+patient.reaction.reactionmeddrapt.exact%3A%22ASPARTATE+AMINOTRANSFERASE+INCREASED%22+OR+patient.reaction.reactionmeddrapt.exact%3A%22TRANSAMINASES+INCREASED%22+OR+patient.reaction.reactionmeddrapt.exact%3A%22HEPATIC+ENZYME+INCREASED%22+OR+patient.reaction.reactionmeddrapt.exact%3A%22LIVER+FUNCTION+TEST+ABNORMAL%22+OR+patient.reaction.reactionmeddrapt.exact%3A%22LIVER+FUNCTION+TEST+INCREASED%22+OR+patient.reaction.reactionmeddrapt.exact%3A%22BLOOD+BILIRUBIN+INCREASED%22+OR+patient.reaction.reactionmeddrapt.exact%3A%22HYPERBILIRUBINAEMIA%22+OR+patient.reaction.reactionmeddrapt.exact%3A%22JAUNDICE%22+OR+patient.reaction.reactionmeddrapt.exact%3A%22CHOLESTASIS%22+OR+patient.reaction.reactionmeddrapt.exact%3A%22HEPATITIS%22+OR+patient.reaction.reactionmeddrapt.exact%3A%22HEPATITIS+ACUTE%22+OR+patient.reaction.reactionmeddrapt.exact%3A%22HEPATIC+FUNCTION+ABNORMAL%22+OR+patient.reaction.reactionmeddrapt.exact%3A%22LIVER+DISORDER%22+OR+patient.reaction.reactionmeddrapt.exact%3A%22GAMMA-GLUTAMYLTRANSFERASE+INCREASED%22+OR+patient.reaction.reactionmeddrapt.exact%3A%22BLOOD+ALKALINE+PHOSPHATASE+INCREASED%22%29%29+AND+receivedate%3A%5B20141015+TO+20260630%5D&limit=100&skip=1600,200,True,0.0,2026-07-30,1773,b13fddcb9d896b2449c9c35573fc771b6cd644268c283632a585cc0e8f2db67e.json,4b654bacf3e9e14003ae826a8dd0c8b59760beb3c6cd2f7fd999fcf69709ac4a
primary__broad_cases__nintedanib__page_01700,2026-09-04,2026-09-04T19:06:16.666189+00:00,https://api.fda.gov/drug/event.json?search=%28%28%28patient.drug.openfda.generic_name.exact%3A%22NINTEDANIB%22%29+AND+NOT+%28patient.drug.openfda.generic_name.exact%3A%22PIRFENIDONE%22%29%29+AND+%28patient.reaction.reactionmeddrapt.exact%3A%22DRUG-INDUCED+LIVER+INJURY%22+OR+patient.reaction.reactionmeddrapt.exact%3A%22HEPATOTOXICITY%22+OR+patient.reaction.reactionmeddrapt.exact%3A%22HEPATITIS+TOXIC%22+OR+patient.reaction.reactionmeddrapt.exact%3A%22HEPATOCELLULAR+INJURY%22+OR+patient.reaction.reactionmeddrapt.exact%3A%22CHOLESTATIC+LIVER+INJURY%22+OR+patient.reaction.reactionmeddrapt.exact%3A%22MIXED+LIVER+INJURY%22+OR+patient.reaction.reactionmeddrapt.exact%3A%22HEPATIC+FAILURE%22+OR+patient.reaction.reactionmeddrapt.exact%3A%22ACUTE+HEPATIC+FAILURE%22+OR+patient.reaction.reactionmeddrapt.exact%3A%22HEPATIC+NECROSIS%22+OR+patient.reaction.reactionmeddrapt.exact%3A%22FULMINANT+HEPATITIS%22+OR+patient.reaction.reactionmeddrapt.exact%3A%22ALANINE+AMINOTRANSFERASE+INCREASED%22+OR+patient.reaction.reactionmeddrapt.exact%3A%22ASPARTATE+AMINOTRANSFERASE+INCREASED%22+OR+patient.reaction.reactionmeddrapt.exact%3A%22TRANSAMINASES+INCREASED%22+OR+patient.reaction.reactionmeddrapt.exact%3A%22HEPATIC+ENZYME+INCREASED%22+OR+patient.reaction.reactionmeddrapt.exact%3A%22LIVER+FUNCTION+TEST+ABNORMAL%22+OR+patient.reaction.reactionmeddrapt.exact%3A%22LIVER+FUNCTION+TEST+INCREASED%22+OR+patient.reaction.reactionmeddrapt.exact%3A%22BLOOD+BILIRUBIN+INCREASED%22+OR+patient.reaction.reactionmeddrapt.exact%3A%22HYPERBILIRUBINAEMIA%22+OR+patient.reaction.reactionmeddrapt.exact%3A%22JAUNDICE%22+OR+patient.reaction.reactionmeddrapt.exact%3A%22CHOLESTASIS%22+OR+patient.reaction.reactionmeddrapt.exact%3A%22HEPATITIS%22+OR+patient.reaction.reactionmeddrapt.exact%3A%22HEPATITIS+ACUTE%22+OR+patient.reaction.reactionmeddrapt.exact%3A%22HEPATIC+FUNCTION+ABNORMAL%22+OR+patient.reaction.reactionmeddrapt.exact%3A%22LIVER+DISORDER%22+OR+patient.reaction.reactionmeddrapt.exact%3A%22GAMMA-GLUTAMYLTRANSFERASE+INCREASED%22+OR+patient.reaction.reactionmeddrapt.exact%3A%22BLOOD+ALKALINE+PHOSPHATASE+INCREASED%22%29%29+AND+receivedate%3A%5B20141015+TO+20260630%5D&limit=100&skip=1700,200,True,0.0,2026-07-30,1773,1cb579ab179fdd9c0a610c86420a198d3912ad6d8cad0622db4a475582e9a249.json,47b46762db846245d1afbdff882cc860930147b8190969a68493c16052fa8561
primary__broad_cases__pirfenidone__page_00000,2026-09-04,2026-09-04T19:06:17.031223+00:00,https://api.fda.gov/drug/event.json?search=%28%28%28patient.drug.openfda.generic_name.exact%3A%22PIRFENIDONE%22%29+AND+NOT+%28patient.drug.openfda.generic_name.exact%3A%22NINTEDANIB%22%29%29+AND+%28patient.reaction.reactionmeddrapt.exact%3A%22DRUG-INDUCED+LIVER+INJURY%22+OR+patient.reaction.reactionmeddrapt.exact%3A%22HEPATOTOXICITY%22+OR+patient.reaction.reactionmeddrapt.exact%3A%22HEPATITIS+TOXIC%22+OR+patient.reaction.reactionmeddrapt.exact%3A%22HEPATOCELLULAR+INJURY%22+OR+patient.reaction.reactionmeddrapt.exact%3A%22CHOLESTATIC+LIVER+INJURY%22+OR+patient.reaction.reactionmeddrapt.exact%3A%22MIXED+LIVER+INJURY%22+OR+patient.reaction.reactionmeddrapt.exact%3A%22HEPATIC+FAILURE%22+OR+patient.reaction.reactionmeddrapt.exact%3A%22ACUTE+HEPATIC+FAILURE%22+OR+patient.reaction.reactionmeddrapt.exact%3A%22HEPATIC+NECROSIS%22+OR+patient.reaction.reactionmeddrapt.exact%3A%22FULMINANT+HEPATITIS%22+OR+patient.reaction.reactionmeddrapt.exact%3A%22ALANINE+AMINOTRANSFERASE+INCREASED%22+OR+patient.reaction.reactionmeddrapt.exact%3A%22ASPARTATE+AMINOTRANSFERASE+INCREASED%22+OR+patient.reaction.reactionmeddrapt.exact%3A%22TRANSAMINASES+INCREASED%22+OR+patient.reaction.reactionmeddrapt.exact%3A%22HEPATIC+ENZYME+INCREASED%22+OR+patient.reaction.reactionmeddrapt.exact%3A%22LIVER+FUNCTION+TEST+ABNORMAL%22+OR+patient.reaction.reactionmeddrapt.exact%3A%22LIVER+FUNCTION+TEST+INCREASED%22+OR+patient.reaction.reactionmeddrapt.exact%3A%22BLOOD+BILIRUBIN+INCREASED%22+OR+patient.reaction.reactionmeddrapt.exact%3A%22HYPERBILIRUBINAEMIA%22+OR+patient.reaction.reactionmeddrapt.exact%3A%22JAUNDICE%22+OR+patient.reaction.reactionmeddrapt.exact%3A%22CHOLESTASIS%22+OR+patient.reaction.reactionmeddrapt.exact%3A%22HEPATITIS%22+OR+patient.reaction.reactionmeddrapt.exact%3A%22HEPATITIS+ACUTE%22+OR+patient.reaction.reactionmeddrapt.exact%3A%22HEPATIC+FUNCTION+ABNORMAL%22+OR+patient.reaction.reactionmeddrapt.exact%3A%22LIVER+DISORDER%22+OR+patient.reaction.reactionmeddrapt.exact%3A%22GAMMA-GLUTAMYLTRANSFERASE+INCREASED%22+OR+patient.reaction.reactionmeddrapt.exact%3A%22BLOOD+ALKALINE+PHOSPHATASE+INCREASED%22%29%29+AND+receivedate%3A%5B20141015+TO+20260630%5D&limit=100&skip=0,200,True,0.0,2026-07-30,717,379f2179723eb5e65016938bdcddacc5c3dfe6444252b2574b19e43f2d569018.json,dc027a91f3c2a23daeaef69b059d5177ed96fdc775a9021b45c90bfa1e309fdc
primary__broad_cases__pirfenidone__page_00100,2026-09-04,2026-09-04T19:06:17.031755+00:00,https://api.fda.gov/drug/event.json?search=%28%28%28patient.drug.openfda.generic_name.exact%3A%22PIRFENIDONE%22%29+AND+NOT+%28patient.drug.openfda.generic_name.exact%3A%22NINTEDANIB%22%29%29+AND+%28patient.reaction.reactionmeddrapt.exact%3A%22DRUG-INDUCED+LIVER+INJURY%22+OR+patient.reaction.reactionmeddrapt.exact%3A%22HEPATOTOXICITY%22+OR+patient.reaction.reactionmeddrapt.exact%3A%22HEPATITIS+TOXIC%22+OR+patient.reaction.reactionmeddrapt.exact%3A%22HEPATOCELLULAR+INJURY%22+OR+patient.reaction.reactionmeddrapt.exact%3A%22CHOLESTATIC+LIVER+INJURY%22+OR+patient.reaction.reactionmeddrapt.exact%3A%22MIXED+LIVER+INJURY%22+OR+patient.reaction.reactionmeddrapt.exact%3A%22HEPATIC+FAILURE%22+OR+patient.reaction.reactionmeddrapt.exact%3A%22ACUTE+HEPATIC+FAILURE%22+OR+patient.reaction.reactionmeddrapt.exact%3A%22HEPATIC+NECROSIS%22+OR+patient.reaction.reactionmeddrapt.exact%3A%22FULMINANT+HEPATITIS%22+OR+patient.reaction.reactionmeddrapt.exact%3A%22ALANINE+AMINOTRANSFERASE+INCREASED%22+OR+patient.reaction.reactionmeddrapt.exact%3A%22ASPARTATE+AMINOTRANSFERASE+INCREASED%22+OR+patient.reaction.reactionmeddrapt.exact%3A%22TRANSAMINASES+INCREASED%22+OR+patient.reaction.reactionmeddrapt.exact%3A%22HEPATIC+ENZYME+INCREASED%22+OR+patient.reaction.reactionmeddrapt.exact%3A%22LIVER+FUNCTION+TEST+ABNORMAL%22+OR+patient.reaction.reactionmeddrapt.exact%3A%22LIVER+FUNCTION+TEST+INCREASED%22+OR+patient.reaction.reactionmeddrapt.exact%3A%22BLOOD+BILIRUBIN+INCREASED%22+OR+patient.reaction.reactionmeddrapt.exact%3A%22HYPERBILIRUBINAEMIA%22+OR+patient.reaction.reactionmeddrapt.exact%3A%22JAUNDICE%22+OR+patient.reaction.reactionmeddrapt.exact%3A%22CHOLESTASIS%22+OR+patient.reaction.reactionmeddrapt.exact%3A%22HEPATITIS%22+OR+patient.reaction.reactionmeddrapt.exact%3A%22HEPATITIS+ACUTE%22+OR+patient.reaction.reactionmeddrapt.exact%3A%22HEPATIC+FUNCTION+ABNORMAL%22+OR+patient.reaction.reactionmeddrapt.exact%3A%22LIVER+DISORDER%22+OR+patient.reaction.reactionmeddrapt.exact%3A%22GAMMA-GLUTAMYLTRANSFERASE+INCREASED%22+OR+patient.reaction.reactionmeddrapt.exact%3A%22BLOOD+ALKALINE+PHOSPHATASE+INCREASED%22%29%29+AND+receivedate%3A%5B20141015+TO+20260630%5D&limit=100&skip=100,200,True,0.0,2026-07-30,717,1f55693ab7b1b4c93f4c2ecf5e46f73fe67034ccb27ba3262741662da0ffdf6a.json,c8212fe4c3ecec6de96b58d136b91095d5c0f0df5160578de882789c86cafac9
primary__broad_cases__pirfenidone__page_00200,2026-09-04,2026-09-04T19:06:17.032148+00:00,https://api.fda.gov/drug/event.json?search=%28%28%28patient.drug.openfda.generic_name.exact%3A%22PIRFENIDONE%22%29+AND+NOT+%28patient.drug.openfda.generic_name.exact%3A%22NINTEDANIB%22%29%29+AND+%28patient.reaction.reactionmeddrapt.exact%3A%22DRUG-INDUCED+LIVER+INJURY%22+OR+patient.reaction.reactionmeddrapt.exact%3A%22HEPATOTOXICITY%22+OR+patient.reaction.reactionmeddrapt.exact%3A%22HEPATITIS+TOXIC%22+OR+patient.reaction.reactionmeddrapt.exact%3A%22HEPATOCELLULAR+INJURY%22+OR+patient.reaction.reactionmeddrapt.exact%3A%22CHOLESTATIC+LIVER+INJURY%22+OR+patient.reaction.reactionmeddrapt.exact%3A%22MIXED+LIVER+INJURY%22+OR+patient.reaction.reactionmeddrapt.exact%3A%22HEPATIC+FAILURE%22+OR+patient.reaction.reactionmeddrapt.exact%3A%22ACUTE+HEPATIC+FAILURE%22+OR+patient.reaction.reactionmeddrapt.exact%3A%22HEPATIC+NECROSIS%22+OR+patient.reaction.reactionmeddrapt.exact%3A%22FULMINANT+HEPATITIS%22+OR+patient.reaction.reactionmeddrapt.exact%3A%22ALANINE+AMINOTRANSFERASE+INCREASED%22+OR+patient.reaction.reactionmeddrapt.exact%3A%22ASPARTATE+AMINOTRANSFERASE+INCREASED%22+OR+patient.reaction.reactionmeddrapt.exact%3A%22TRANSAMINASES+INCREASED%22+OR+patient.reaction.reactionmeddrapt.exact%3A%22HEPATIC+ENZYME+INCREASED%22+OR+patient.reaction.reactionmeddrapt.exact%3A%22LIVER+FUNCTION+TEST+ABNORMAL%22+OR+patient.reaction.reactionmeddrapt.exact%3A%22LIVER+FUNCTION+TEST+INCREASED%22+OR+patient.reaction.reactionmeddrapt.exact%3A%22BLOOD+BILIRUBIN+INCREASED%22+OR+patient.reaction.reactionmeddrapt.exact%3A%22HYPERBILIRUBINAEMIA%22+OR+patient.reaction.reactionmeddrapt.exact%3A%22JAUNDICE%22+OR+patient.reaction.reactionmeddrapt.exact%3A%22CHOLESTASIS%22+OR+patient.reaction.reactionmeddrapt.exact%3A%22HEPATITIS%22+OR+patient.reaction.reactionmeddrapt.exact%3A%22HEPATITIS+ACUTE%22+OR+patient.reaction.reactionmeddrapt.exact%3A%22HEPATIC+FUNCTION+ABNORMAL%22+OR+patient.reaction.reactionmeddrapt.exact%3A%22LIVER+DISORDER%22+OR+patient.reaction.reactionmeddrapt.exact%3A%22GAMMA-GLUTAMYLTRANSFERASE+INCREASED%22+OR+patient.reaction.reactionmeddrapt.exact%3A%22BLOOD+ALKALINE+PHOSPHATASE+INCREASED%22%29%29+AND+receivedate%3A%5B20141015+TO+20260630%5D&limit=100&skip=200,200,True,0.0,2026-07-30,717,f821eef46a2b424ca1d1e423837709214078d595a88ba8e9368bd01df0855728.json,e56f53b3096dd0ab7a0a7e9f29b6ff4ff3defde632bbda62d392bcb19370c64e
primary__broad_cases__pirfenidone__page_00300,2026-09-04,2026-09-04T19:06:17.075918+00:00,https://api.fda.gov/drug/event.json?search=%28%28%28patient.drug.openfda.generic_name.exact%3A%22PIRFENIDONE%22%29+AND+NOT+%28patient.drug.openfda.generic_name.exact%3A%22NINTEDANIB%22%29%29+AND+%28patient.reaction.reactionmeddrapt.exact%3A%22DRUG-INDUCED+LIVER+INJURY%22+OR+patient.reaction.reactionmeddrapt.exact%3A%22HEPATOTOXICITY%22+OR+patient.reaction.reactionmeddrapt.exact%3A%22HEPATITIS+TOXIC%22+OR+patient.reaction.reactionmeddrapt.exact%3A%22HEPATOCELLULAR+INJURY%22+OR+patient.reaction.reactionmeddrapt.exact%3A%22CHOLESTATIC+LIVER+INJURY%22+OR+patient.reaction.reactionmeddrapt.exact%3A%22MIXED+LIVER+INJURY%22+OR+patient.reaction.reactionmeddrapt.exact%3A%22HEPATIC+FAILURE%22+OR+patient.reaction.reactionmeddrapt.exact%3A%22ACUTE+HEPATIC+FAILURE%22+OR+patient.reaction.reactionmeddrapt.exact%3A%22HEPATIC+NECROSIS%22+OR+patient.reaction.reactionmeddrapt.exact%3A%22FULMINANT+HEPATITIS%22+OR+patient.reaction.reactionmeddrapt.exact%3A%22ALANINE+AMINOTRANSFERASE+INCREASED%22+OR+patient.reaction.reactionmeddrapt.exact%3A%22ASPARTATE+AMINOTRANSFERASE+INCREASED%22+OR+patient.reaction.reactionmeddrapt.exact%3A%22TRANSAMINASES+INCREASED%22+OR+patient.reaction.reactionmeddrapt.exact%3A%22HEPATIC+ENZYME+INCREASED%22+OR+patient.reaction.reactionmeddrapt.exact%3A%22LIVER+FUNCTION+TEST+ABNORMAL%22+OR+patient.reaction.reactionmeddrapt.exact%3A%22LIVER+FUNCTION+TEST+INCREASED%22+OR+patient.reaction.reactionmeddrapt.exact%3A%22BLOOD+BILIRUBIN+INCREASED%22+OR+patient.reaction.reactionmeddrapt.exact%3A%22HYPERBILIRUBINAEMIA%22+OR+patient.reaction.reactionmeddrapt.exact%3A%22JAUNDICE%22+OR+patient.reaction.reactionmeddrapt.exact%3A%22CHOLESTASIS%22+OR+patient.reaction.reactionmeddrapt.exact%3A%22HEPATITIS%22+OR+patient.reaction.reactionmeddrapt.exact%3A%22HEPATITIS+ACUTE%22+OR+patient.reaction.reactionmeddrapt.exact%3A%22HEPATIC+FUNCTION+ABNORMAL%22+OR+patient.reaction.reactionmeddrapt.exact%3A%22LIVER+DISORDER%22+OR+patient.reaction.reactionmeddrapt.exact%3A%22GAMMA-GLUTAMYLTRANSFERASE+INCREASED%22+OR+patient.reaction.reactionmeddrapt.exact%3A%22BLOOD+ALKALINE+PHOSPHATASE+INCREASED%22%29%29+AND+receivedate%3A%5B20141015+TO+20260630%5D&limit=100&skip=300,200,True,0.0,2026-07-30,717,cf84ea780fa26d8695360056d5f88db550d3733db48c20b2de5d43ce08a359f4.json,bbf3c4707c8dffc01ca8c7cf996d510624601317474a98f01cd404d030108812
primary__broad_cases__pirfenidone__page_00400,2026-09-04,2026-09-04T19:06:17.087074+00:00,https://api.fda.gov/drug/event.json?search=%28%28%28patient.drug.openfda.generic_name.exact%3A%22PIRFENIDONE%22%29+AND+NOT+%28patient.drug.openfda.generic_name.exact%3A%22NINTEDANIB%22%29%29+AND+%28patient.reaction.reactionmeddrapt.exact%3A%22DRUG-INDUCED+LIVER+INJURY%22+OR+patient.reaction.reactionmeddrapt.exact%3A%22HEPATOTOXICITY%22+OR+patient.reaction.reactionmeddrapt.exact%3A%22HEPATITIS+TOXIC%22+OR+patient.reaction.reactionmeddrapt.exact%3A%22HEPATOCELLULAR+INJURY%22+OR+patient.reaction.reactionmeddrapt.exact%3A%22CHOLESTATIC+LIVER+INJURY%22+OR+patient.reaction.reactionmeddrapt.exact%3A%22MIXED+LIVER+INJURY%22+OR+patient.reaction.reactionmeddrapt.exact%3A%22HEPATIC+FAILURE%22+OR+patient.reaction.reactionmeddrapt.exact%3A%22ACUTE+HEPATIC+FAILURE%22+OR+patient.reaction.reactionmeddrapt.exact%3A%22HEPATIC+NECROSIS%22+OR+patient.reaction.reactionmeddrapt.exact%3A%22FULMINANT+HEPATITIS%22+OR+patient.reaction.reactionmeddrapt.exact%3A%22ALANINE+AMINOTRANSFERASE+INCREASED%22+OR+patient.reaction.reactionmeddrapt.exact%3A%22ASPARTATE+AMINOTRANSFERASE+INCREASED%22+OR+patient.reaction.reactionmeddrapt.exact%3A%22TRANSAMINASES+INCREASED%22+OR+patient.reaction.reactionmeddrapt.exact%3A%22HEPATIC+ENZYME+INCREASED%22+OR+patient.reaction.reactionmeddrapt.exact%3A%22LIVER+FUNCTION+TEST+ABNORMAL%22+OR+patient.reaction.reactionmeddrapt.exact%3A%22LIVER+FUNCTION+TEST+INCREASED%22+OR+patient.reaction.reactionmeddrapt.exact%3A%22BLOOD+BILIRUBIN+INCREASED%22+OR+patient.reaction.reactionmeddrapt.exact%3A%22HYPERBILIRUBINAEMIA%22+OR+patient.reaction.reactionmeddrapt.exact%3A%22JAUNDICE%22+OR+patient.reaction.reactionmeddrapt.exact%3A%22CHOLESTASIS%22+OR+patient.reaction.reactionmeddrapt.exact%3A%22HEPATITIS%22+OR+patient.reaction.reactionmeddrapt.exact%3A%22HEPATITIS+ACUTE%22+OR+patient.reaction.reactionmeddrapt.exact%3A%22HEPATIC+FUNCTION+ABNORMAL%22+OR+patient.reaction.reactionmeddrapt.exact%3A%22LIVER+DISORDER%22+OR+patient.reaction.reactionmeddrapt.exact%3A%22GAMMA-GLUTAMYLTRANSFERASE+INCREASED%22+OR+patient.reaction.reactionmeddrapt.exact%3A%22BLOOD+ALKALINE+PHOSPHATASE+INCREASED%22%29%29+AND+receivedate%3A%5B20141015+TO+20260630%5D&limit=100&skip=400,200,True,0.0,2026-07-30,717,eaaf24ccf11cf2e0bfe0cab26c5184da89b2acc89640fdbfa7732d7d80445c32.json,94d616c124a73802834666efd04fcc3a41fc608b4c0fa53d2cd97a70b3c0849a
primary__broad_cases__pirfenidone__page_00500,2026-09-04,2026-09-04T19:06:17.087474+00:00,https://api.fda.gov/drug/event.json?search=%28%28%28patient.drug.openfda.generic_name.exact%3A%22PIRFENIDONE%22%29+AND+NOT+%28patient.drug.openfda.generic_name.exact%3A%22NINTEDANIB%22%29%29+AND+%28patient.reaction.reactionmeddrapt.exact%3A%22DRUG-INDUCED+LIVER+INJURY%22+OR+patient.reaction.reactionmeddrapt.exact%3A%22HEPATOTOXICITY%22+OR+patient.reaction.reactionmeddrapt.exact%3A%22HEPATITIS+TOXIC%22+OR+patient.reaction.reactionmeddrapt.exact%3A%22HEPATOCELLULAR+INJURY%22+OR+patient.reaction.reactionmeddrapt.exact%3A%22CHOLESTATIC+LIVER+INJURY%22+OR+patient.reaction.reactionmeddrapt.exact%3A%22MIXED+LIVER+INJURY%22+OR+patient.reaction.reactionmeddrapt.exact%3A%22HEPATIC+FAILURE%22+OR+patient.reaction.reactionmeddrapt.exact%3A%22ACUTE+HEPATIC+FAILURE%22+OR+patient.reaction.reactionmeddrapt.exact%3A%22HEPATIC+NECROSIS%22+OR+patient.reaction.reactionmeddrapt.exact%3A%22FULMINANT+HEPATITIS%22+OR+patient.reaction.reactionmeddrapt.exact%3A%22ALANINE+AMINOTRANSFERASE+INCREASED%22+OR+patient.reaction.reactionmeddrapt.exact%3A%22ASPARTATE+AMINOTRANSFERASE+INCREASED%22+OR+patient.reaction.reactionmeddrapt.exact%3A%22TRANSAMINASES+INCREASED%22+OR+patient.reaction.reactionmeddrapt.exact%3A%22HEPATIC+ENZYME+INCREASED%22+OR+patient.reaction.reactionmeddrapt.exact%3A%22LIVER+FUNCTION+TEST+ABNORMAL%22+OR+patient.reaction.reactionmeddrapt.exact%3A%22LIVER+FUNCTION+TEST+INCREASED%22+OR+patient.reaction.reactionmeddrapt.exact%3A%22BLOOD+BILIRUBIN+INCREASED%22+OR+patient.reaction.reactionmeddrapt.exact%3A%22HYPERBILIRUBINAEMIA%22+OR+patient.reaction.reactionmeddrapt.exact%3A%22JAUNDICE%22+OR+patient.reaction.reactionmeddrapt.exact%3A%22CHOLESTASIS%22+OR+patient.reaction.reactionmeddrapt.exact%3A%22HEPATITIS%22+OR+patient.reaction.reactionmeddrapt.exact%3A%22HEPATITIS+ACUTE%22+OR+patient.reaction.reactionmeddrapt.exact%3A%22HEPATIC+FUNCTION+ABNORMAL%22+OR+patient.reaction.reactionmeddrapt.exact%3A%22LIVER+DISORDER%22+OR+patient.reaction.reactionmeddrapt.exact%3A%22GAMMA-GLUTAMYLTRANSFERASE+INCREASED%22+OR+patient.reaction.reactionmeddrapt.exact%3A%22BLOOD+ALKALINE+PHOSPHATASE+INCREASED%22%29%29+AND+receivedate%3A%5B20141015+TO+20260630%5D&limit=100&skip=500,200,True,0.0,2026-07-30,717,c92ad7a8cbf6c39b03c43f25288244fbe58b81f52a4ab68104db5b872ddd6904.json,6ac27971d2ce30aa207aa8e85e141d4a91192096b330336f30455d48c216a95b
primary__broad_cases__pirfenidone__page_00600,2026-09-04,2026-09-04T19:06:17.102194+00:00,https://api.fda.gov/drug/event.json?search=%28%28%28patient.drug.openfda.generic_name.exact%3A%22PIRFENIDONE%22%29+AND+NOT+%28patient.drug.openfda.generic_name.exact%3A%22NINTEDANIB%22%29%29+AND+%28patient.reaction.reactionmeddrapt.exact%3A%22DRUG-INDUCED+LIVER+INJURY%22+OR+patient.reaction.reactionmeddrapt.exact%3A%22HEPATOTOXICITY%22+OR+patient.reaction.reactionmeddrapt.exact%3A%22HEPATITIS+TOXIC%22+OR+patient.reaction.reactionmeddrapt.exact%3A%22HEPATOCELLULAR+INJURY%22+OR+patient.reaction.reactionmeddrapt.exact%3A%22CHOLESTATIC+LIVER+INJURY%22+OR+patient.reaction.reactionmeddrapt.exact%3A%22MIXED+LIVER+INJURY%22+OR+patient.reaction.reactionmeddrapt.exact%3A%22HEPATIC+FAILURE%22+OR+patient.reaction.reactionmeddrapt.exact%3A%22ACUTE+HEPATIC+FAILURE%22+OR+patient.reaction.reactionmeddrapt.exact%3A%22HEPATIC+NECROSIS%22+OR+patient.reaction.reactionmeddrapt.exact%3A%22FULMINANT+HEPATITIS%22+OR+patient.reaction.reactionmeddrapt.exact%3A%22ALANINE+AMINOTRANSFERASE+INCREASED%22+OR+patient.reaction.reactionmeddrapt.exact%3A%22ASPARTATE+AMINOTRANSFERASE+INCREASED%22+OR+patient.reaction.reactionmeddrapt.exact%3A%22TRANSAMINASES+INCREASED%22+OR+patient.reaction.reactionmeddrapt.exact%3A%22HEPATIC+ENZYME+INCREASED%22+OR+patient.reaction.reactionmeddrapt.exact%3A%22LIVER+FUNCTION+TEST+ABNORMAL%22+OR+patient.reaction.reactionmeddrapt.exact%3A%22LIVER+FUNCTION+TEST+INCREASED%22+OR+patient.reaction.reactionmeddrapt.exact%3A%22BLOOD+BILIRUBIN+INCREASED%22+OR+patient.reaction.reactionmeddrapt.exact%3A%22HYPERBILIRUBINAEMIA%22+OR+patient.reaction.reactionmeddrapt.exact%3A%22JAUNDICE%22+OR+patient.reaction.reactionmeddrapt.exact%3A%22CHOLESTASIS%22+OR+patient.reaction.reactionmeddrapt.exact%3A%22HEPATITIS%22+OR+patient.reaction.reactionmeddrapt.exact%3A%22HEPATITIS+ACUTE%22+OR+patient.reaction.reactionmeddrapt.exact%3A%22HEPATIC+FUNCTION+ABNORMAL%22+OR+patient.reaction.reactionmeddrapt.exact%3A%22LIVER+DISORDER%22+OR+patient.reaction.reactionmeddrapt.exact%3A%22GAMMA-GLUTAMYLTRANSFERASE+INCREASED%22+OR+patient.reaction.reactionmeddrapt.exact%3A%22BLOOD+ALKALINE+PHOSPHATASE+INCREASED%22%29%29+AND+receivedate%3A%5B20141015+TO+20260630%5D&limit=100&skip=600,200,True,0.0,2026-07-30,717,68a6a5ee570f91fb0618376aad8bb6887cf757e4e8b7a098689e74d9fa8580f5.json,c71dbcc51d369373ea505a0596944b32fd4b1d37cd46f032c22c67ba192cdcd7
primary__broad_cases__pirfenidone__page_00700,2026-09-04,2026-09-04T19:06:17.129100+00:00,https://api.fda.gov/drug/event.json?search=%28%28%28patient.drug.openfda.generic_name.exact%3A%22PIRFENIDONE%22%29+AND+NOT+%28patient.drug.openfda.generic_name.exact%3A%22NINTEDANIB%22%29%29+AND+%28patient.reaction.reactionmeddrapt.exact%3A%22DRUG-INDUCED+LIVER+INJURY%22+OR+patient.reaction.reactionmeddrapt.exact%3A%22HEPATOTOXICITY%22+OR+patient.reaction.reactionmeddrapt.exact%3A%22HEPATITIS+TOXIC%22+OR+patient.reaction.reactionmeddrapt.exact%3A%22HEPATOCELLULAR+INJURY%22+OR+patient.reaction.reactionmeddrapt.exact%3A%22CHOLESTATIC+LIVER+INJURY%22+OR+patient.reaction.reactionmeddrapt.exact%3A%22MIXED+LIVER+INJURY%22+OR+patient.reaction.reactionmeddrapt.exact%3A%22HEPATIC+FAILURE%22+OR+patient.reaction.reactionmeddrapt.exact%3A%22ACUTE+HEPATIC+FAILURE%22+OR+patient.reaction.reactionmeddrapt.exact%3A%22HEPATIC+NECROSIS%22+OR+patient.reaction.reactionmeddrapt.exact%3A%22FULMINANT+HEPATITIS%22+OR+patient.reaction.reactionmeddrapt.exact%3A%22ALANINE+AMINOTRANSFERASE+INCREASED%22+OR+patient.reaction.reactionmeddrapt.exact%3A%22ASPARTATE+AMINOTRANSFERASE+INCREASED%22+OR+patient.reaction.reactionmeddrapt.exact%3A%22TRANSAMINASES+INCREASED%22+OR+patient.reaction.reactionmeddrapt.exact%3A%22HEPATIC+ENZYME+INCREASED%22+OR+patient.reaction.reactionmeddrapt.exact%3A%22LIVER+FUNCTION+TEST+ABNORMAL%22+OR+patient.reaction.reactionmeddrapt.exact%3A%22LIVER+FUNCTION+TEST+INCREASED%22+OR+patient.reaction.reactionmeddrapt.exact%3A%22BLOOD+BILIRUBIN+INCREASED%22+OR+patient.reaction.reactionmeddrapt.exact%3A%22HYPERBILIRUBINAEMIA%22+OR+patient.reaction.reactionmeddrapt.exact%3A%22JAUNDICE%22+OR+patient.reaction.reactionmeddrapt.exact%3A%22CHOLESTASIS%22+OR+patient.reaction.reactionmeddrapt.exact%3A%22HEPATITIS%22+OR+patient.reaction.reactionmeddrapt.exact%3A%22HEPATITIS+ACUTE%22+OR+patient.reaction.reactionmeddrapt.exact%3A%22HEPATIC+FUNCTION+ABNORMAL%22+OR+patient.reaction.reactionmeddrapt.exact%3A%22LIVER+DISORDER%22+OR+patient.reaction.reactionmeddrapt.exact%3A%22GAMMA-GLUTAMYLTRANSFERASE+INCREASED%22+OR+patient.reaction.reactionmeddrapt.exact%3A%22BLOOD+ALKALINE+PHOSPHATASE+INCREASED%22%29%29+AND+receivedate%3A%5B20141015+TO+20260630%5D&limit=100&skip=700,200,True,0.0,2026-07-30,717,8468b94a19b92a31daa7095ef966db3722b968effc5f72eb7f68e756ed2f3683.json,9f1018b00472ae0d577fee0a8391b4f90f8f4d669b317e0d329c05fb6b92843c
primary__broad_count__nintedanib,2026-09-04,2026-09-04T19:06:16.329100+00:00,https://api.fda.gov/drug/event.json?search=%28%28%28patient.drug.openfda.generic_name.exact%3A%22NINTEDANIB%22%29+AND+NOT+%28patient.drug.openfda.generic_name.exact%3A%22PIRFENIDONE%22%29%29+AND+%28patient.reaction.reactionmeddrapt.exact%3A%22DRUG-INDUCED+LIVER+INJURY%22+OR+patient.reaction.reactionmeddrapt.exact%3A%22HEPATOTOXICITY%22+OR+patient.reaction.reactionmeddrapt.exact%3A%22HEPATITIS+TOXIC%22+OR+patient.reaction.reactionmeddrapt.exact%3A%22HEPATOCELLULAR+INJURY%22+OR+patient.reaction.reactionmeddrapt.exact%3A%22CHOLESTATIC+LIVER+INJURY%22+OR+patient.reaction.reactionmeddrapt.exact%3A%22MIXED+LIVER+INJURY%22+OR+patient.reaction.reactionmeddrapt.exact%3A%22HEPATIC+FAILURE%22+OR+patient.reaction.reactionmeddrapt.exact%3A%22ACUTE+HEPATIC+FAILURE%22+OR+patient.reaction.reactionmeddrapt.exact%3A%22HEPATIC+NECROSIS%22+OR+patient.reaction.reactionmeddrapt.exact%3A%22FULMINANT+HEPATITIS%22+OR+patient.reaction.reactionmeddrapt.exact%3A%22ALANINE+AMINOTRANSFERASE+INCREASED%22+OR+patient.reaction.reactionmeddrapt.exact%3A%22ASPARTATE+AMINOTRANSFERASE+INCREASED%22+OR+patient.reaction.reactionmeddrapt.exact%3A%22TRANSAMINASES+INCREASED%22+OR+patient.reaction.reactionmeddrapt.exact%3A%22HEPATIC+ENZYME+INCREASED%22+OR+patient.reaction.reactionmeddrapt.exact%3A%22LIVER+FUNCTION+TEST+ABNORMAL%22+OR+patient.reaction.reactionmeddrapt.exact%3A%22LIVER+FUNCTION+TEST+INCREASED%22+OR+patient.reaction.reactionmeddrapt.exact%3A%22BLOOD+BILIRUBIN+INCREASED%22+OR+patient.reaction.reactionmeddrapt.exact%3A%22HYPERBILIRUBINAEMIA%22+OR+patient.reaction.reactionmeddrapt.exact%3A%22JAUNDICE%22+OR+patient.reaction.reactionmeddrapt.exact%3A%22CHOLESTASIS%22+OR+patient.reaction.reactionmeddrapt.exact%3A%22HEPATITIS%22+OR+patient.reaction.reactionmeddrapt.exact%3A%22HEPATITIS+ACUTE%22+OR+patient.reaction.reactionmeddrapt.exact%3A%22HEPATIC+FUNCTION+ABNORMAL%22+OR+patient.reaction.reactionmeddrapt.exact%3A%22LIVER+DISORDER%22+OR+patient.reaction.reactionmeddrapt.exact%3A%22GAMMA-GLUTAMYLTRANSFERASE+INCREASED%22+OR+patient.reaction.reactionmeddrapt.exact%3A%22BLOOD+ALKALINE+PHOSPHATASE+INCREASED%22%29%29+AND+receivedate%3A%5B20141015+TO+20260630%5D&limit=1,200,True,0.0,2026-07-30,1773,93a9bc60f7e1fb1d7848c6e6890be82b660b4c667566727f07c5ab0cd321074c.json,5cf7c1160529bffd3d4af6e1ee03e1657e8ecfc919fb4cf11a85f8e9cd21949e
primary__broad_count__pirfenidone,2026-09-04,2026-09-04T19:06:17.029836+00:00,https://api.fda.gov/drug/event.json?search=%28%28%28patient.drug.openfda.generic_name.exact%3A%22PIRFENIDONE%22%29+AND+NOT+%28patient.drug.openfda.generic_name.exact%3A%22NINTEDANIB%22%29%29+AND+%28patient.reaction.reactionmeddrapt.exact%3A%22DRUG-INDUCED+LIVER+INJURY%22+OR+patient.reaction.reactionmeddrapt.exact%3A%22HEPATOTOXICITY%22+OR+patient.reaction.reactionmeddrapt.exact%3A%22HEPATITIS+TOXIC%22+OR+patient.reaction.reactionmeddrapt.exact%3A%22HEPATOCELLULAR+INJURY%22+OR+patient.reaction.reactionmeddrapt.exact%3A%22CHOLESTATIC+LIVER+INJURY%22+OR+patient.reaction.reactionmeddrapt.exact%3A%22MIXED+LIVER+INJURY%22+OR+patient.reaction.reactionmeddrapt.exact%3A%22HEPATIC+FAILURE%22+OR+patient.reaction.reactionmeddrapt.exact%3A%22ACUTE+HEPATIC+FAILURE%22+OR+patient.reaction.reactionmeddrapt.exact%3A%22HEPATIC+NECROSIS%22+OR+patient.reaction.reactionmeddrapt.exact%3A%22FULMINANT+HEPATITIS%22+OR+patient.reaction.reactionmeddrapt.exact%3A%22ALANINE+AMINOTRANSFERASE+INCREASED%22+OR+patient.reaction.reactionmeddrapt.exact%3A%22ASPARTATE+AMINOTRANSFERASE+INCREASED%22+OR+patient.reaction.reactionmeddrapt.exact%3A%22TRANSAMINASES+INCREASED%22+OR+patient.reaction.reactionmeddrapt.exact%3A%22HEPATIC+ENZYME+INCREASED%22+OR+patient.reaction.reactionmeddrapt.exact%3A%22LIVER+FUNCTION+TEST+ABNORMAL%22+OR+patient.reaction.reactionmeddrapt.exact%3A%22LIVER+FUNCTION+TEST+INCREASED%22+OR+patient.reaction.reactionmeddrapt.exact%3A%22BLOOD+BILIRUBIN+INCREASED%22+OR+patient.reaction.reactionmeddrapt.exact%3A%22HYPERBILIRUBINAEMIA%22+OR+patient.reaction.reactionmeddrapt.exact%3A%22JAUNDICE%22+OR+patient.reaction.reactionmeddrapt.exact%3A%22CHOLESTASIS%22+OR+patient.reaction.reactionmeddrapt.exact%3A%22HEPATITIS%22+OR+patient.reaction.reactionmeddrapt.exact%3A%22HEPATITIS+ACUTE%22+OR+patient.reaction.reactionmeddrapt.exact%3A%22HEPATIC+FUNCTION+ABNORMAL%22+OR+patient.reaction.reactionmeddrapt.exact%3A%22LIVER+DISORDER%22+OR+patient.reaction.reactionmeddrapt.exact%3A%22GAMMA-GLUTAMYLTRANSFERASE+INCREASED%22+OR+patient.reaction.reactionmeddrapt.exact%3A%22BLOOD+ALKALINE+PHOSPHATASE+INCREASED%22%29%29+AND+receivedate%3A%5B20141015+TO+20260630%5D&limit=1,200,True,0.0,2026-07-30,717,1077c9c958142af36172d9670508a4a3afdfee99804af72aaac39da5151ba2aa.json,706462a6abe47864b8a4ba18a1994279623ca5eecadbe03d6c64ac9b64afb197
primary__sex_female__nintedanib,2026-09-04,2026-09-04T19:06:16.250500+00:00,https://api.fda.gov/drug/event.json?search=%28%28%28patient.drug.openfda.generic_name.exact%3A%22NINTEDANIB%22%29+AND+NOT+%28patient.drug.openfda.generic_name.exact%3A%22PIRFENIDONE%22%29%29+AND+patient.patientsex%3A%222%22%29+AND+receivedate%3A%5B20141015+TO+20260630%5D&limit=1,200,True,0.0,2026-07-30,11175,51d445bcaa3785be3132d4f7cfda0a12eb6c45b9fce8d5bd58dc42c64b5e5563.json,80176ead9ba0d74129a153629d0c2437da5fa6372c943cbebed0b26484228959
primary__sex_female__pirfenidone,2026-09-04,2026-09-04T19:06:16.263642+00:00,https://api.fda.gov/drug/event.json?search=%28%28%28patient.drug.openfda.generic_name.exact%3A%22PIRFENIDONE%22%29+AND+NOT+%28patient.drug.openfda.generic_name.exact%3A%22NINTEDANIB%22%29%29+AND+patient.patientsex%3A%222%22%29+AND+receivedate%3A%5B20141015+TO+20260630%5D&limit=1,200,True,0.0,2026-07-30,13929,5ef0409c4f068bdb9e603321a1786d681e0abe4d0b6529af2440150b140d574d.json,47ae71afd8accfa5068186526142deb28bfb95cd6440eda2bd7fd63333d4cf65
primary__sex_male__nintedanib,2026-09-04,2026-09-04T19:06:16.250234+00:00,https://api.fda.gov/drug/event.json?search=%28%28%28patient.drug.openfda.generic_name.exact%3A%22NINTEDANIB%22%29+AND+NOT+%28patient.drug.openfda.generic_name.exact%3A%22PIRFENIDONE%22%29%29+AND+patient.patientsex%3A%221%22%29+AND+receivedate%3A%5B20141015+TO+20260630%5D&limit=1,200,True,0.0,2026-07-30,15534,fae159b215c2680520fee017cb389fb98fbb0bc3a78a4bbf139bb389ffa8f66e.json,ac08cee5a33397de86e14848cbe535ac6809d5714b707ffc8fb8b502e8cee2f6
primary__sex_male__pirfenidone,2026-09-04,2026-09-04T19:06:16.263560+00:00,https://api.fda.gov/drug/event.json?search=%28%28%28patient.drug.openfda.generic_name.exact%3A%22PIRFENIDONE%22%29+AND+NOT+%28patient.drug.openfda.generic_name.exact%3A%22NINTEDANIB%22%29%29+AND+patient.patientsex%3A%221%22%29+AND+receivedate%3A%5B20141015+TO+20260630%5D&limit=1,200,True,0.0,2026-07-30,23808,aeb0e8a6fe6182af2a2ccb9cc4a18cb8ad856121065a983573681e5f23d759ec.json,8ef06244dd9780bb4c9f09d01e942e6361e71d893e87a1b9b5a3b443b6debb5b
primary__total__nintedanib,2026-09-04,2026-09-04T19:06:16.244074+00:00,https://api.fda.gov/drug/event.json?search=%28%28patient.drug.openfda.generic_name.exact%3A%22NINTEDANIB%22%29+AND+NOT+%28patient.drug.openfda.generic_name.exact%3A%22PIRFENIDONE%22%29%29+AND+receivedate%3A%5B20141015+TO+20260630%5D&limit=1,200,True,0.0,2026-07-30,30233,4495406ab065f3bebfe8e3c0471b6132d2d8dae69ba264b801bbfe3296d41261.json,6745209b724f297273d2e20708794c3e5e729e5a99a68a7e169374169b7c34f9
primary__total__pirfenidone,2026-09-04,2026-09-04T19:06:16.253498+00:00,https://api.fda.gov/drug/event.json?search=%28%28patient.drug.openfda.generic_name.exact%3A%22PIRFENIDONE%22%29+AND+NOT+%28patient.drug.openfda.generic_name.exact%3A%22NINTEDANIB%22%29%29+AND+receivedate%3A%5B20141015+TO+20260630%5D&limit=1,200,True,0.0,2026-07-30,39467,a817c4776422a55c9a131d49bccdbaf11aa149f1b01b946ba0d6b695cd626cc1.json,781ce538ff8c033acf9014b3c8996df9505ea8116917e55a5b5ce6664ffdf6b9
primary__year_2014__nintedanib,2026-09-04,2026-09-04T19:06:16.244643+00:00,https://api.fda.gov/drug/event.json?search=%28%28patient.drug.openfda.generic_name.exact%3A%22NINTEDANIB%22%29+AND+NOT+%28patient.drug.openfda.generic_name.exact%3A%22PIRFENIDONE%22%29%29+AND+receivedate%3A%5B20141015+TO+20141231%5D&limit=1,200,True,0.0,2026-07-30,36,a4a04e0df34195139382a1ce6f153814570cb8606284257e40fb70c3c2e4f887.json,355dbd79ee38696f72f63ea8b523651cf8a18954be0149b0eabafd813390e43b
primary__year_2014__pirfenidone,2026-09-04,2026-09-04T19:06:16.253761+00:00,https://api.fda.gov/drug/event.json?search=%28%28patient.drug.openfda.generic_name.exact%3A%22PIRFENIDONE%22%29+AND+NOT+%28patient.drug.openfda.generic_name.exact%3A%22NINTEDANIB%22%29%29+AND+receivedate%3A%5B20141015+TO+20141231%5D&limit=1,200,True,0.0,2026-07-30,96,a2d822ef7b9ec31ecedfdba35fb812493ddbdb3e4cd72d124301302e041fab3b.json,04faf5d556a74590462da6f945fafb1916c29a86e53ca3c71a233a044c37cf8c
primary__year_2015__nintedanib,2026-09-04,2026-09-04T19:06:16.245195+00:00,https://api.fda.gov/drug/event.json?search=%28%28patient.drug.openfda.generic_name.exact%3A%22NINTEDANIB%22%29+AND+NOT+%28patient.drug.openfda.generic_name.exact%3A%22PIRFENIDONE%22%29%29+AND+receivedate%3A%5B20150101+TO+20151231%5D&limit=1,200,True,0.0,2026-07-30,926,c1692d51f48b02105d632d0168e1b4171c95867ae5ce913a4dccf519a0acdb31.json,167d278c8c0e8ec96964e616ae17bb645b3fab9f160a401f4033a28bc46e9091
primary__year_2015__pirfenidone,2026-09-04,2026-09-04T19:06:16.254275+00:00,https://api.fda.gov/drug/event.json?search=%28%28patient.drug.openfda.generic_name.exact%3A%22PIRFENIDONE%22%29+AND+NOT+%28patient.drug.openfda.generic_name.exact%3A%22NINTEDANIB%22%29%29+AND+receivedate%3A%5B20150101+TO+20151231%5D&limit=1,200,True,0.0,2026-07-30,2849,477977a388cba707c477d5ab131051bd6db6e605b5cc3a834fcadabf2b071c3a.json,7f6ea89fa6afcc4a47a756630fba10d6afb8dd2232dcdd232746cc8d9b230a86
primary__year_2016__nintedanib,2026-09-04,2026-09-04T19:06:16.246061+00:00,https://api.fda.gov/drug/event.json?search=%28%28patient.drug.openfda.generic_name.exact%3A%22NINTEDANIB%22%29+AND+NOT+%28patient.drug.openfda.generic_name.exact%3A%22PIRFENIDONE%22%29%29+AND+receivedate%3A%5B20160101+TO+20161231%5D&limit=1,200,True,0.0,2026-07-30,1256,640a723dba6205ccf6436e1538bceaf3f75a818deef28fb102ad2f7522593658.json,abda3df6c26e32fb70329f3062303af76d0c0e20060c2117385d56f3dccc81e8
primary__year_2016__pirfenidone,2026-09-04,2026-09-04T19:06:16.254367+00:00,https://api.fda.gov/drug/event.json?search=%28%28patient.drug.openfda.generic_name.exact%3A%22PIRFENIDONE%22%29+AND+NOT+%28patient.drug.openfda.generic_name.exact%3A%22NINTEDANIB%22%29%29+AND+receivedate%3A%5B20160101+TO+20161231%5D&limit=1,200,True,0.0,2026-07-30,4135,d34fadfef94d903a306076b9151c24e39e4620b4e78f1a33224f2c206c1c6d80.json,0c9bc5daaf37b3f57eefe5f7af52d94e43e5804948f884311618259d984801e1
primary__year_2017__nintedanib,2026-09-04,2026-09-04T19:06:16.246716+00:00,https://api.fda.gov/drug/event.json?search=%28%28patient.drug.openfda.generic_name.exact%3A%22NINTEDANIB%22%29+AND+NOT+%28patient.drug.openfda.generic_name.exact%3A%22PIRFENIDONE%22%29%29+AND+receivedate%3A%5B20170101+TO+20171231%5D&limit=1,200,True,0.0,2026-07-30,1423,17277d8e1bc644d4be62a50d852a5304cb1e4e18c8bcb5bd305e3c11edaf3447.json,1af6250a359caf05f36d6cf595fc999711f2cad076788d71041ec1cde7416d47
primary__year_2017__pirfenidone,2026-09-04,2026-09-04T19:06:16.254577+00:00,https://api.fda.gov/drug/event.json?search=%28%28patient.drug.openfda.generic_name.exact%3A%22PIRFENIDONE%22%29+AND+NOT+%28patient.drug.openfda.generic_name.exact%3A%22NINTEDANIB%22%29%29+AND+receivedate%3A%5B20170101+TO+20171231%5D&limit=1,200,True,0.0,2026-07-30,2390,f698871d432719d67423b0bf265937f28198e1645c0a04219abf81643484501a.json,e43ca4193e02272c951db7058ba4b30ca7fb3843da76f2b2d2ba12542e7eb9ed
primary__year_2018__nintedanib,2026-09-04,2026-09-04T19:06:16.247001+00:00,https://api.fda.gov/drug/event.json?search=%28%28patient.drug.openfda.generic_name.exact%3A%22NINTEDANIB%22%29+AND+NOT+%28patient.drug.openfda.generic_name.exact%3A%22PIRFENIDONE%22%29%29+AND+receivedate%3A%5B20180101+TO+20181231%5D&limit=1,200,True,0.0,2026-07-30,1846,ad3864b45d9c94bfef674a8de9c5d872c5592ea0f95e9c3f8cbcdfb1e16258f6.json,d68b18e6ae4b58ecddbd2964d8dc16b59f59d958352587853339f497f2a55183
primary__year_2018__pirfenidone,2026-09-04,2026-09-04T19:06:16.254717+00:00,https://api.fda.gov/drug/event.json?search=%28%28patient.drug.openfda.generic_name.exact%3A%22PIRFENIDONE%22%29+AND+NOT+%28patient.drug.openfda.generic_name.exact%3A%22NINTEDANIB%22%29%29+AND+receivedate%3A%5B20180101+TO+20181231%5D&limit=1,200,True,0.0,2026-07-30,4233,866f65690bc900d52497971b9574d70342100b95954eeb20eeb3f9820a1e1625.json,bf117336caf72a575ef74d30006e93e08b37c87dede25f4a86dc6a35b41fd844
primary__year_2019__nintedanib,2026-09-04,2026-09-04T19:06:16.247554+00:00,https://api.fda.gov/drug/event.json?search=%28%28patient.drug.openfda.generic_name.exact%3A%22NINTEDANIB%22%29+AND+NOT+%28patient.drug.openfda.generic_name.exact%3A%22PIRFENIDONE%22%29%29+AND+receivedate%3A%5B20190101+TO+20191231%5D&limit=1,200,True,0.0,2026-07-30,1984,d0206a005b8ca6d0efb32ed0f68597dd61ca7a206024240b11298054c51374aa.json,91e1bc00859859eac79f9d51e061071a67bed179260f2eff2c4ddfdd17494d51
primary__year_2019__pirfenidone,2026-09-04,2026-09-04T19:06:16.255377+00:00,https://api.fda.gov/drug/event.json?search=%28%28patient.drug.openfda.generic_name.exact%3A%22PIRFENIDONE%22%29+AND+NOT+%28patient.drug.openfda.generic_name.exact%3A%22NINTEDANIB%22%29%29+AND+receivedate%3A%5B20190101+TO+20191231%5D&limit=1,200,True,0.0,2026-07-30,4246,90a55e2500060fc2d2e8999e7e3bb76ee59125522d5dad10571cc6c1430756be.json,8a0e3d3f5ba590dbbcfac6a9a34b03eb4cd98cc8a98d60195aa9baca8735a348
primary__year_2020__nintedanib,2026-09-04,2026-09-04T19:06:16.247675+00:00,https://api.fda.gov/drug/event.json?search=%28%28patient.drug.openfda.generic_name.exact%3A%22NINTEDANIB%22%29+AND+NOT+%28patient.drug.openfda.generic_name.exact%3A%22PIRFENIDONE%22%29%29+AND+receivedate%3A%5B20200101+TO+20201231%5D&limit=1,200,True,0.0,2026-07-30,2346,0181c15f339176b61155c707c1d02e0ba1718d4853cf56ff138a8bc886ade3d1.json,413046ef345f54303743da1d4d71f799f24d64c5be01620f56870ccd9f32a255
primary__year_2020__pirfenidone,2026-09-04,2026-09-04T19:06:16.255537+00:00,https://api.fda.gov/drug/event.json?search=%28%28patient.drug.openfda.generic_name.exact%3A%22PIRFENIDONE%22%29+AND+NOT+%28patient.drug.openfda.generic_name.exact%3A%22NINTEDANIB%22%29%29+AND+receivedate%3A%5B20200101+TO+20201231%5D&limit=1,200,True,0.0,2026-07-30,4981,9be4afd62d7147a6279be137db79132832865becfde9a8027e1ca749416ccfd4.json,5a6741bcb4ddcd106a161e9538ab82fea69f8f1ebe2642853a2900d803610b39
primary__year_2021__nintedanib,2026-09-04,2026-09-04T19:06:16.248088+00:00,https://api.fda.gov/drug/event.json?search=%28%28patient.drug.openfda.generic_name.exact%3A%22NINTEDANIB%22%29+AND+NOT+%28patient.drug.openfda.generic_name.exact%3A%22PIRFENIDONE%22%29%29+AND+receivedate%3A%5B20210101+TO+20211231%5D&limit=1,200,True,0.0,2026-07-30,2903,903fbb53bbb6ed235d53b197f6b908e18cfb41b42e7b6f82f62b452125583fa2.json,1686f8e26f4457b9763732d8f4c9b3622222de481a7a2a52e2d690edfb57f77c
primary__year_2021__pirfenidone,2026-09-04,2026-09-04T19:06:16.255812+00:00,https://api.fda.gov/drug/event.json?search=%28%28patient.drug.openfda.generic_name.exact%3A%22PIRFENIDONE%22%29+AND+NOT+%28patient.drug.openfda.generic_name.exact%3A%22NINTEDANIB%22%29%29+AND+receivedate%3A%5B20210101+TO+20211231%5D&limit=1,200,True,0.0,2026-07-30,4849,a5bf1e5674d552bc34c4fbc854c3c4ec6cf1b0a17e730c2e84cbdd58d44f82a2.json,05649eac040917c9aae2706cc54ba09ed9c1f42e6a3be3e166c87fa1b8f90912
primary__year_2022__nintedanib,2026-09-04,2026-09-04T19:06:16.248372+00:00,https://api.fda.gov/drug/event.json?search=%28%28patient.drug.openfda.generic_name.exact%3A%22NINTEDANIB%22%29+AND+NOT+%28patient.drug.openfda.generic_name.exact%3A%22PIRFENIDONE%22%29%29+AND+receivedate%3A%5B20220101+TO+20221231%5D&limit=1,200,True,0.0,2026-07-30,3657,4753d0f574add56221c3fbdb460ac648615d69e16334001ebc9a15d70d46831a.json,380ea0a04132ea9839f96f81286eb4f892362ed4b8b5061b9a473c6115283239
primary__year_2022__pirfenidone,2026-09-04,2026-09-04T19:06:16.257209+00:00,https://api.fda.gov/drug/event.json?search=%28%28patient.drug.openfda.generic_name.exact%3A%22PIRFENIDONE%22%29+AND+NOT+%28patient.drug.openfda.generic_name.exact%3A%22NINTEDANIB%22%29%29+AND+receivedate%3A%5B20220101+TO+20221231%5D&limit=1,200,True,0.0,2026-07-30,4658,dbb709ec2b2f512b6a9f85e7fe22f13a41cf8aacb292c10a2c575c618d0bb6c8.json,26e6babae0ffcea1ddf0be6fba3b613a1ba0c64ed8ce649a195640eba449303d
primary__year_2023__nintedanib,2026-09-04,2026-09-04T19:06:16.248642+00:00,https://api.fda.gov/drug/event.json?search=%28%28patient.drug.openfda.generic_name.exact%3A%22NINTEDANIB%22%29+AND+NOT+%28patient.drug.openfda.generic_name.exact%3A%22PIRFENIDONE%22%29%29+AND+receivedate%3A%5B20230101+TO+20231231%5D&limit=1,200,True,0.0,2026-07-30,3708,b1bf31d94ebb1b8b8fe5188aff720e46145480dc59592414824a5530a7fea569.json,048d531b8eaa02de248e6cc329906017948e52e3893c9ae5a636b9d812ef2a8a
primary__year_2023__pirfenidone,2026-09-04,2026-09-04T19:06:16.257497+00:00,https://api.fda.gov/drug/event.json?search=%28%28patient.drug.openfda.generic_name.exact%3A%22PIRFENIDONE%22%29+AND+NOT+%28patient.drug.openfda.generic_name.exact%3A%22NINTEDANIB%22%29%29+AND+receivedate%3A%5B20230101+TO+20231231%5D&limit=1,200,True,0.0,2026-07-30,3484,5eac2c7c36a9099860273165064b47d42400ebfa3a6d09c6313b37a2cdab050b.json,0c9a7b40750a90c8509f2c7d3b4faa4dce7a448a66fd87ad9ff8864cb77dcf0f
primary__year_2024__nintedanib,2026-09-04,2026-09-04T19:06:16.249639+00:00,https://api.fda.gov/drug/event.json?search=%28%28patient.drug.openfda.generic_name.exact%3A%22NINTEDANIB%22%29+AND+NOT+%28patient.drug.openfda.generic_name.exact%3A%22PIRFENIDONE%22%29%29+AND+receivedate%3A%5B20240101+TO+20241231%5D&limit=1,200,True,0.0,2026-07-30,4192,635022c2f0afe53559ab059017f14ae9e6ee4088d3af12308717a51d0abe535d.json,0832fed5cf8273847b5453fa33d9dde087280dd977ce05fc020ffef6fac21e5a
primary__year_2024__pirfenidone,2026-09-04,2026-09-04T19:06:16.257765+00:00,https://api.fda.gov/drug/event.json?search=%28%28patient.drug.openfda.generic_name.exact%3A%22PIRFENIDONE%22%29+AND+NOT+%28patient.drug.openfda.generic_name.exact%3A%22NINTEDANIB%22%29%29+AND+receivedate%3A%5B20240101+TO+20241231%5D&limit=1,200,True,0.0,2026-07-30,1846,1c2d4a77d84d9de78b61230fe267f2e86619bf43a34a7aea045cf438e7219be0.json,e2d55e305005169e305ff2f39ea5f21b38d451dc3fe542517ef21fead0b3857e
primary__year_2025__nintedanib,2026-09-04,2026-09-04T19:06:16.249778+00:00,https://api.fda.gov/drug/event.json?search=%28%28patient.drug.openfda.generic_name.exact%3A%22NINTEDANIB%22%29+AND+NOT+%28patient.drug.openfda.generic_name.exact%3A%22PIRFENIDONE%22%29%29+AND+receivedate%3A%5B20250101+TO+20251231%5D&limit=1,200,True,0.0,2026-07-30,3779,d999c93cac035e8b0b67baecaaf6c80511546a482376b62a7306a0839f6e89fa.json,fc076c29ac38152cad40fa5a2773d8e65d3a8635d39719e95b24727138c556a0
primary__year_2025__pirfenidone,2026-09-04,2026-09-04T19:06:16.257954+00:00,https://api.fda.gov/drug/event.json?search=%28%28patient.drug.openfda.generic_name.exact%3A%22PIRFENIDONE%22%29+AND+NOT+%28patient.drug.openfda.generic_name.exact%3A%22NINTEDANIB%22%29%29+AND+receivedate%3A%5B20250101+TO+20251231%5D&limit=1,200,True,0.0,2026-07-30,1170,ac198dd6c947db013aff3ac70cc2c340b079f26500108c5ca36c463267046cc1.json,0dbd2ed68804077795b0edea302db9d73a76622ae247db2bac2a0d40b2e576dc
primary__year_2026__nintedanib,2026-09-04,2026-09-04T19:06:16.249869+00:00,https://api.fda.gov/drug/event.json?search=%28%28patient.drug.openfda.generic_name.exact%3A%22NINTEDANIB%22%29+AND+NOT+%28patient.drug.openfda.generic_name.exact%3A%22PIRFENIDONE%22%29%29+AND+receivedate%3A%5B20260101+TO+20260630%5D&limit=1,200,True,0.0,2026-07-30,2177,8e58b6f4492e8bb18031e4c14462360a7285b54d06b62ce7bb7022b80e09309c.json,c5bd5bbb8038e3e9460b300f738bfa936ad01d9925131c980fd6dad1ef0a076b
primary__year_2026__pirfenidone,2026-09-04,2026-09-04T19:06:16.263398+00:00,https://api.fda.gov/drug/event.json?search=%28%28patient.drug.openfda.generic_name.exact%3A%22PIRFENIDONE%22%29+AND+NOT+%28patient.drug.openfda.generic_name.exact%3A%22NINTEDANIB%22%29%29+AND+receivedate%3A%5B20260101+TO+20260630%5D&limit=1,200,True,0.0,2026-07-30,530,ecdafc7bfdbec427210e285e4f285483a100173501fac373b4ec3c4d78f6e241.json,02b499e19cb9d5305bf09364fd68d86917a94193cf51dd77f4585753a5e580b9
specification__ild_indication_exact_keyword_sensitivity__broad__nintedanib,2026-09-04,2026-09-04T19:06:17.470852+00:00,https://api.fda.gov/drug/event.json?search=%28%28%28patient.drug.openfda.generic_name.exact%3A%22NINTEDANIB%22%29+AND+NOT+%28patient.drug.openfda.generic_name.exact%3A%22PIRFENIDONE%22%29%29+AND+%28%28patient.drug.drugindication.exact%3A%22IDIOPATHIC+PULMONARY+FIBROSIS%22+OR+patient.drug.drugindication.exact%3A%22PULMONARY+FIBROSIS%22+OR+patient.drug.drugindication.exact%3A%22INTERSTITIAL+LUNG+DISEASE%22+OR+patient.drug.drugindication.exact%3A%22IDIOPATHIC+INTERSTITIAL+PNEUMONIA%22+OR+patient.drug.drugindication.exact%3A%22PROGRESSIVE+FIBROSING+INTERSTITIAL+LUNG+DISEASE%22+OR+patient.drug.drugindication.exact%3A%22FIBROSING+INTERSTITIAL+LUNG+DISEASE%22+OR+patient.drug.drugindication.exact%3A%22SYSTEMIC+SCLEROSIS+ASSOCIATED+INTERSTITIAL+LUNG+DISEASE%22+OR+patient.drug.drugindication.exact%3A%22SYSTEMIC+SCLEROSIS+PULMONARY%22%29%29+AND+%28patient.reaction.reactionmeddrapt.exact%3A%22DRUG-INDUCED+LIVER+INJURY%22+OR+patient.reaction.reactionmeddrapt.exact%3A%22HEPATOTOXICITY%22+OR+patient.reaction.reactionmeddrapt.exact%3A%22HEPATITIS+TOXIC%22+OR+patient.reaction.reactionmeddrapt.exact%3A%22HEPATOCELLULAR+INJURY%22+OR+patient.reaction.reactionmeddrapt.exact%3A%22CHOLESTATIC+LIVER+INJURY%22+OR+patient.reaction.reactionmeddrapt.exact%3A%22MIXED+LIVER+INJURY%22+OR+patient.reaction.reactionmeddrapt.exact%3A%22HEPATIC+FAILURE%22+OR+patient.reaction.reactionmeddrapt.exact%3A%22ACUTE+HEPATIC+FAILURE%22+OR+patient.reaction.reactionmeddrapt.exact%3A%22HEPATIC+NECROSIS%22+OR+patient.reaction.reactionmeddrapt.exact%3A%22FULMINANT+HEPATITIS%22+OR+patient.reaction.reactionmeddrapt.exact%3A%22ALANINE+AMINOTRANSFERASE+INCREASED%22+OR+patient.reaction.reactionmeddrapt.exact%3A%22ASPARTATE+AMINOTRANSFERASE+INCREASED%22+OR+patient.reaction.reactionmeddrapt.exact%3A%22TRANSAMINASES+INCREASED%22+OR+patient.reaction.reactionmeddrapt.exact%3A%22HEPATIC+ENZYME+INCREASED%22+OR+patient.reaction.reactionmeddrapt.exact%3A%22LIVER+FUNCTION+TEST+ABNORMAL%22+OR+patient.reaction.reactionmeddrapt.exact%3A%22LIVER+FUNCTION+TEST+INCREASED%22+OR+patient.reaction.reactionmeddrapt.exact%3A%22BLOOD+BILIRUBIN+INCREASED%22+OR+patient.reaction.reactionmeddrapt.exact%3A%22HYPERBILIRUBINAEMIA%22+OR+patient.reaction.reactionmeddrapt.exact%3A%22JAUNDICE%22+OR+patient.reaction.reactionmeddrapt.exact%3A%22CHOLESTASIS%22+OR+patient.reaction.reactionmeddrapt.exact%3A%22HEPATITIS%22+OR+patient.reaction.reactionmeddrapt.exact%3A%22HEPATITIS+ACUTE%22+OR+patient.reaction.reactionmeddrapt.exact%3A%22HEPATIC+FUNCTION+ABNORMAL%22+OR+patient.reaction.reactionmeddrapt.exact%3A%22LIVER+DISORDER%22+OR+patient.reaction.reactionmeddrapt.exact%3A%22GAMMA-GLUTAMYLTRANSFERASE+INCREASED%22+OR+patient.reaction.reactionmeddrapt.exact%3A%22BLOOD+ALKALINE+PHOSPHATASE+INCREASED%22%29%29+AND+receivedate%3A%5B20141015+TO+20260630%5D&limit=1,200,True,0.0,2026-07-30,698,c78e6f4681f19548192a44de23e0a995174eeb6c062999e1dd91dfc6c3767eda.json,f677d9b25e01557984da96afe9c9ab16b477a41ef34debfe193de9d8ff0676a6
specification__ild_indication_exact_keyword_sensitivity__broad__pirfenidone,2026-09-04,2026-09-04T19:06:17.472387+00:00,https://api.fda.gov/drug/event.json?search=%28%28%28patient.drug.openfda.generic_name.exact%3A%22PIRFENIDONE%22%29+AND+NOT+%28patient.drug.openfda.generic_name.exact%3A%22NINTEDANIB%22%29%29+AND+%28%28patient.drug.drugindication.exact%3A%22IDIOPATHIC+PULMONARY+FIBROSIS%22+OR+patient.drug.drugindication.exact%3A%22PULMONARY+FIBROSIS%22+OR+patient.drug.drugindication.exact%3A%22INTERSTITIAL+LUNG+DISEASE%22+OR+patient.drug.drugindication.exact%3A%22IDIOPATHIC+INTERSTITIAL+PNEUMONIA%22+OR+patient.drug.drugindication.exact%3A%22PROGRESSIVE+FIBROSING+INTERSTITIAL+LUNG+DISEASE%22+OR+patient.drug.drugindication.exact%3A%22FIBROSING+INTERSTITIAL+LUNG+DISEASE%22+OR+patient.drug.drugindication.exact%3A%22SYSTEMIC+SCLEROSIS+ASSOCIATED+INTERSTITIAL+LUNG+DISEASE%22+OR+patient.drug.drugindication.exact%3A%22SYSTEMIC+SCLEROSIS+PULMONARY%22%29%29+AND+%28patient.reaction.reactionmeddrapt.exact%3A%22DRUG-INDUCED+LIVER+INJURY%22+OR+patient.reaction.reactionmeddrapt.exact%3A%22HEPATOTOXICITY%22+OR+patient.reaction.reactionmeddrapt.exact%3A%22HEPATITIS+TOXIC%22+OR+patient.reaction.reactionmeddrapt.exact%3A%22HEPATOCELLULAR+INJURY%22+OR+patient.reaction.reactionmeddrapt.exact%3A%22CHOLESTATIC+LIVER+INJURY%22+OR+patient.reaction.reactionmeddrapt.exact%3A%22MIXED+LIVER+INJURY%22+OR+patient.reaction.reactionmeddrapt.exact%3A%22HEPATIC+FAILURE%22+OR+patient.reaction.reactionmeddrapt.exact%3A%22ACUTE+HEPATIC+FAILURE%22+OR+patient.reaction.reactionmeddrapt.exact%3A%22HEPATIC+NECROSIS%22+OR+patient.reaction.reactionmeddrapt.exact%3A%22FULMINANT+HEPATITIS%22+OR+patient.reaction.reactionmeddrapt.exact%3A%22ALANINE+AMINOTRANSFERASE+INCREASED%22+OR+patient.reaction.reactionmeddrapt.exact%3A%22ASPARTATE+AMINOTRANSFERASE+INCREASED%22+OR+patient.reaction.reactionmeddrapt.exact%3A%22TRANSAMINASES+INCREASED%22+OR+patient.reaction.reactionmeddrapt.exact%3A%22HEPATIC+ENZYME+INCREASED%22+OR+patient.reaction.reactionmeddrapt.exact%3A%22LIVER+FUNCTION+TEST+ABNORMAL%22+OR+patient.reaction.reactionmeddrapt.exact%3A%22LIVER+FUNCTION+TEST+INCREASED%22+OR+patient.reaction.reactionmeddrapt.exact%3A%22BLOOD+BILIRUBIN+INCREASED%22+OR+patient.reaction.reactionmeddrapt.exact%3A%22HYPERBILIRUBINAEMIA%22+OR+patient.reaction.reactionmeddrapt.exact%3A%22JAUNDICE%22+OR+patient.reaction.reactionmeddrapt.exact%3A%22CHOLESTASIS%22+OR+patient.reaction.reactionmeddrapt.exact%3A%22HEPATITIS%22+OR+patient.reaction.reactionmeddrapt.exact%3A%22HEPATITIS+ACUTE%22+OR+patient.reaction.reactionmeddrapt.exact%3A%22HEPATIC+FUNCTION+ABNORMAL%22+OR+patient.reaction.reactionmeddrapt.exact%3A%22LIVER+DISORDER%22+OR+patient.reaction.reactionmeddrapt.exact%3A%22GAMMA-GLUTAMYLTRANSFERASE+INCREASED%22+OR+patient.reaction.reactionmeddrapt.exact%3A%22BLOOD+ALKALINE+PHOSPHATASE+INCREASED%22%29%29+AND+receivedate%3A%5B20141015+TO+20260630%5D&limit=1,200,True,0.0,2026-07-30,461,0049e4995416b527d8cb1baee28f69509103788e787606918f779ac133d22bb1.json,fb53d1e89bdb867e8ff869e28eea7d7f90eff575c4e72f1ce0569320bf3a6fc6
specification__ild_indication_exact_keyword_sensitivity__narrow__nintedanib,2026-09-04,2026-09-04T19:06:17.470684+00:00,https://api.fda.gov/drug/event.json?search=%28%28%28patient.drug.openfda.generic_name.exact%3A%22NINTEDANIB%22%29+AND+NOT+%28patient.drug.openfda.generic_name.exact%3A%22PIRFENIDONE%22%29%29+AND+%28%28patient.drug.drugindication.exact%3A%22IDIOPATHIC+PULMONARY+FIBROSIS%22+OR+patient.drug.drugindication.exact%3A%22PULMONARY+FIBROSIS%22+OR+patient.drug.drugindication.exact%3A%22INTERSTITIAL+LUNG+DISEASE%22+OR+patient.drug.drugindication.exact%3A%22IDIOPATHIC+INTERSTITIAL+PNEUMONIA%22+OR+patient.drug.drugindication.exact%3A%22PROGRESSIVE+FIBROSING+INTERSTITIAL+LUNG+DISEASE%22+OR+patient.drug.drugindication.exact%3A%22FIBROSING+INTERSTITIAL+LUNG+DISEASE%22+OR+patient.drug.drugindication.exact%3A%22SYSTEMIC+SCLEROSIS+ASSOCIATED+INTERSTITIAL+LUNG+DISEASE%22+OR+patient.drug.drugindication.exact%3A%22SYSTEMIC+SCLEROSIS+PULMONARY%22%29%29+AND+%28patient.reaction.reactionmeddrapt.exact%3A%22DRUG-INDUCED+LIVER+INJURY%22+OR+patient.reaction.reactionmeddrapt.exact%3A%22HEPATOTOXICITY%22+OR+patient.reaction.reactionmeddrapt.exact%3A%22HEPATITIS+TOXIC%22+OR+patient.reaction.reactionmeddrapt.exact%3A%22HEPATOCELLULAR+INJURY%22+OR+patient.reaction.reactionmeddrapt.exact%3A%22CHOLESTATIC+LIVER+INJURY%22+OR+patient.reaction.reactionmeddrapt.exact%3A%22MIXED+LIVER+INJURY%22+OR+patient.reaction.reactionmeddrapt.exact%3A%22HEPATIC+FAILURE%22+OR+patient.reaction.reactionmeddrapt.exact%3A%22ACUTE+HEPATIC+FAILURE%22+OR+patient.reaction.reactionmeddrapt.exact%3A%22HEPATIC+NECROSIS%22+OR+patient.reaction.reactionmeddrapt.exact%3A%22FULMINANT+HEPATITIS%22%29%29+AND+receivedate%3A%5B20141015+TO+20260630%5D&limit=1,200,True,0.0,2026-07-30,94,b778139088e80e3713b23a1b1cc743c7737e39d6864724edf6c612fe18d2d2df.json,57f0de983a3485ac1ed8fa3f965198435565eaf8e4667ba4b7eb2b01114b82c6
specification__ild_indication_exact_keyword_sensitivity__narrow__pirfenidone,2026-09-04,2026-09-04T19:06:17.472304+00:00,https://api.fda.gov/drug/event.json?search=%28%28%28patient.drug.openfda.generic_name.exact%3A%22PIRFENIDONE%22%29+AND+NOT+%28patient.drug.openfda.generic_name.exact%3A%22NINTEDANIB%22%29%29+AND+%28%28patient.drug.drugindication.exact%3A%22IDIOPATHIC+PULMONARY+FIBROSIS%22+OR+patient.drug.drugindication.exact%3A%22PULMONARY+FIBROSIS%22+OR+patient.drug.drugindication.exact%3A%22INTERSTITIAL+LUNG+DISEASE%22+OR+patient.drug.drugindication.exact%3A%22IDIOPATHIC+INTERSTITIAL+PNEUMONIA%22+OR+patient.drug.drugindication.exact%3A%22PROGRESSIVE+FIBROSING+INTERSTITIAL+LUNG+DISEASE%22+OR+patient.drug.drugindication.exact%3A%22FIBROSING+INTERSTITIAL+LUNG+DISEASE%22+OR+patient.drug.drugindication.exact%3A%22SYSTEMIC+SCLEROSIS+ASSOCIATED+INTERSTITIAL+LUNG+DISEASE%22+OR+patient.drug.drugindication.exact%3A%22SYSTEMIC+SCLEROSIS+PULMONARY%22%29%29+AND+%28patient.reaction.reactionmeddrapt.exact%3A%22DRUG-INDUCED+LIVER+INJURY%22+OR+patient.reaction.reactionmeddrapt.exact%3A%22HEPATOTOXICITY%22+OR+patient.reaction.reactionmeddrapt.exact%3A%22HEPATITIS+TOXIC%22+OR+patient.reaction.reactionmeddrapt.exact%3A%22HEPATOCELLULAR+INJURY%22+OR+patient.reaction.reactionmeddrapt.exact%3A%22CHOLESTATIC+LIVER+INJURY%22+OR+patient.reaction.reactionmeddrapt.exact%3A%22MIXED+LIVER+INJURY%22+OR+patient.reaction.reactionmeddrapt.exact%3A%22HEPATIC+FAILURE%22+OR+patient.reaction.reactionmeddrapt.exact%3A%22ACUTE+HEPATIC+FAILURE%22+OR+patient.reaction.reactionmeddrapt.exact%3A%22HEPATIC+NECROSIS%22+OR+patient.reaction.reactionmeddrapt.exact%3A%22FULMINANT+HEPATITIS%22%29%29+AND+receivedate%3A%5B20141015+TO+20260630%5D&limit=1,200,True,0.0,2026-07-30,72,b6cfe94abbb461218015418bdb5cbbb2e22d40977d73aa008a9c572894bc3271.json,24ef95d5c180f3feb15d906ca534a85a39f9a42b6a6a10c3d872ef142cee777f
specification__ild_indication_exact_keyword_sensitivity__total__nintedanib,2026-09-04,2026-09-04T19:06:17.470600+00:00,https://api.fda.gov/drug/event.json?search=%28%28%28patient.drug.openfda.generic_name.exact%3A%22NINTEDANIB%22%29+AND+NOT+%28patient.drug.openfda.generic_name.exact%3A%22PIRFENIDONE%22%29%29+AND+%28%28patient.drug.drugindication.exact%3A%22IDIOPATHIC+PULMONARY+FIBROSIS%22+OR+patient.drug.drugindication.exact%3A%22PULMONARY+FIBROSIS%22+OR+patient.drug.drugindication.exact%3A%22INTERSTITIAL+LUNG+DISEASE%22+OR+patient.drug.drugindication.exact%3A%22IDIOPATHIC+INTERSTITIAL+PNEUMONIA%22+OR+patient.drug.drugindication.exact%3A%22PROGRESSIVE+FIBROSING+INTERSTITIAL+LUNG+DISEASE%22+OR+patient.drug.drugindication.exact%3A%22FIBROSING+INTERSTITIAL+LUNG+DISEASE%22+OR+patient.drug.drugindication.exact%3A%22SYSTEMIC+SCLEROSIS+ASSOCIATED+INTERSTITIAL+LUNG+DISEASE%22+OR+patient.drug.drugindication.exact%3A%22SYSTEMIC+SCLEROSIS+PULMONARY%22%29%29%29+AND+receivedate%3A%5B20141015+TO+20260630%5D&limit=1,200,True,0.0,2026-07-30,8987,a66a75ea2b9428651e8dac5ec1763feb24c6e0d98ff194f394f0771d599a771e.json,b93647d3233c76b6dcbb802cef3f242b593f36964a57857e3c3126c304a22eff
specification__ild_indication_exact_keyword_sensitivity__total__pirfenidone,2026-09-04,2026-09-04T19:06:17.471516+00:00,https://api.fda.gov/drug/event.json?search=%28%28%28patient.drug.openfda.generic_name.exact%3A%22PIRFENIDONE%22%29+AND+NOT+%28patient.drug.openfda.generic_name.exact%3A%22NINTEDANIB%22%29%29+AND+%28%28patient.drug.drugindication.exact%3A%22IDIOPATHIC+PULMONARY+FIBROSIS%22+OR+patient.drug.drugindication.exact%3A%22PULMONARY+FIBROSIS%22+OR+patient.drug.drugindication.exact%3A%22INTERSTITIAL+LUNG+DISEASE%22+OR+patient.drug.drugindication.exact%3A%22IDIOPATHIC+INTERSTITIAL+PNEUMONIA%22+OR+patient.drug.drugindication.exact%3A%22PROGRESSIVE+FIBROSING+INTERSTITIAL+LUNG+DISEASE%22+OR+patient.drug.drugindication.exact%3A%22FIBROSING+INTERSTITIAL+LUNG+DISEASE%22+OR+patient.drug.drugindication.exact%3A%22SYSTEMIC+SCLEROSIS+ASSOCIATED+INTERSTITIAL+LUNG+DISEASE%22+OR+patient.drug.drugindication.exact%3A%22SYSTEMIC+SCLEROSIS+PULMONARY%22%29%29%29+AND+receivedate%3A%5B20141015+TO+20260630%5D&limit=1,200,True,0.0,2026-07-30,22186,def3d834a467044b5d1d2cc5646b36b66ca9d5bab100b393254f3077cbe25879.json,1626b38b49bba90fd06744a347313ff31138814ddb3032e14f837cee7f160b53
specification__ild_indication_report_filter__broad__nintedanib,2026-09-04,2026-09-04T19:06:17.467881+00:00,https://api.fda.gov/drug/event.json?search=%28%28%28patient.drug.openfda.generic_name.exact%3A%22NINTEDANIB%22%29+AND+NOT+%28patient.drug.openfda.generic_name.exact%3A%22PIRFENIDONE%22%29%29+AND+%28%28patient.drug.drugindication%3A%22IDIOPATHIC+PULMONARY+FIBROSIS%22+OR+patient.drug.drugindication%3A%22PULMONARY+FIBROSIS%22+OR+patient.drug.drugindication%3A%22INTERSTITIAL+LUNG+DISEASE%22+OR+patient.drug.drugindication%3A%22IDIOPATHIC+INTERSTITIAL+PNEUMONIA%22+OR+patient.drug.drugindication%3A%22PROGRESSIVE+FIBROSING+INTERSTITIAL+LUNG+DISEASE%22+OR+patient.drug.drugindication%3A%22FIBROSING+INTERSTITIAL+LUNG+DISEASE%22+OR+patient.drug.drugindication%3A%22SYSTEMIC+SCLEROSIS+ASSOCIATED+INTERSTITIAL+LUNG+DISEASE%22+OR+patient.drug.drugindication%3A%22SYSTEMIC+SCLEROSIS+PULMONARY%22%29%29+AND+%28patient.reaction.reactionmeddrapt.exact%3A%22DRUG-INDUCED+LIVER+INJURY%22+OR+patient.reaction.reactionmeddrapt.exact%3A%22HEPATOTOXICITY%22+OR+patient.reaction.reactionmeddrapt.exact%3A%22HEPATITIS+TOXIC%22+OR+patient.reaction.reactionmeddrapt.exact%3A%22HEPATOCELLULAR+INJURY%22+OR+patient.reaction.reactionmeddrapt.exact%3A%22CHOLESTATIC+LIVER+INJURY%22+OR+patient.reaction.reactionmeddrapt.exact%3A%22MIXED+LIVER+INJURY%22+OR+patient.reaction.reactionmeddrapt.exact%3A%22HEPATIC+FAILURE%22+OR+patient.reaction.reactionmeddrapt.exact%3A%22ACUTE+HEPATIC+FAILURE%22+OR+patient.reaction.reactionmeddrapt.exact%3A%22HEPATIC+NECROSIS%22+OR+patient.reaction.reactionmeddrapt.exact%3A%22FULMINANT+HEPATITIS%22+OR+patient.reaction.reactionmeddrapt.exact%3A%22ALANINE+AMINOTRANSFERASE+INCREASED%22+OR+patient.reaction.reactionmeddrapt.exact%3A%22ASPARTATE+AMINOTRANSFERASE+INCREASED%22+OR+patient.reaction.reactionmeddrapt.exact%3A%22TRANSAMINASES+INCREASED%22+OR+patient.reaction.reactionmeddrapt.exact%3A%22HEPATIC+ENZYME+INCREASED%22+OR+patient.reaction.reactionmeddrapt.exact%3A%22LIVER+FUNCTION+TEST+ABNORMAL%22+OR+patient.reaction.reactionmeddrapt.exact%3A%22LIVER+FUNCTION+TEST+INCREASED%22+OR+patient.reaction.reactionmeddrapt.exact%3A%22BLOOD+BILIRUBIN+INCREASED%22+OR+patient.reaction.reactionmeddrapt.exact%3A%22HYPERBILIRUBINAEMIA%22+OR+patient.reaction.reactionmeddrapt.exact%3A%22JAUNDICE%22+OR+patient.reaction.reactionmeddrapt.exact%3A%22CHOLESTASIS%22+OR+patient.reaction.reactionmeddrapt.exact%3A%22HEPATITIS%22+OR+patient.reaction.reactionmeddrapt.exact%3A%22HEPATITIS+ACUTE%22+OR+patient.reaction.reactionmeddrapt.exact%3A%22HEPATIC+FUNCTION+ABNORMAL%22+OR+patient.reaction.reactionmeddrapt.exact%3A%22LIVER+DISORDER%22+OR+patient.reaction.reactionmeddrapt.exact%3A%22GAMMA-GLUTAMYLTRANSFERASE+INCREASED%22+OR+patient.reaction.reactionmeddrapt.exact%3A%22BLOOD+ALKALINE+PHOSPHATASE+INCREASED%22%29%29+AND+receivedate%3A%5B20141015+TO+20260630%5D&limit=1,200,True,0.0,2026-07-30,1390,47c7127366c36aa3163344d62b2d3f41a2e624d0824a2b5984bc9f4f4614eb7f.json,954026e89dc30c83b0f43233dafcb50c33c1271de5a470ced9d42c89f210b40d
specification__ild_indication_report_filter__broad__pirfenidone,2026-09-04,2026-09-04T19:06:17.469555+00:00,https://api.fda.gov/drug/event.json?search=%28%28%28patient.drug.openfda.generic_name.exact%3A%22PIRFENIDONE%22%29+AND+NOT+%28patient.drug.openfda.generic_name.exact%3A%22NINTEDANIB%22%29%29+AND+%28%28patient.drug.drugindication%3A%22IDIOPATHIC+PULMONARY+FIBROSIS%22+OR+patient.drug.drugindication%3A%22PULMONARY+FIBROSIS%22+OR+patient.drug.drugindication%3A%22INTERSTITIAL+LUNG+DISEASE%22+OR+patient.drug.drugindication%3A%22IDIOPATHIC+INTERSTITIAL+PNEUMONIA%22+OR+patient.drug.drugindication%3A%22PROGRESSIVE+FIBROSING+INTERSTITIAL+LUNG+DISEASE%22+OR+patient.drug.drugindication%3A%22FIBROSING+INTERSTITIAL+LUNG+DISEASE%22+OR+patient.drug.drugindication%3A%22SYSTEMIC+SCLEROSIS+ASSOCIATED+INTERSTITIAL+LUNG+DISEASE%22+OR+patient.drug.drugindication%3A%22SYSTEMIC+SCLEROSIS+PULMONARY%22%29%29+AND+%28patient.reaction.reactionmeddrapt.exact%3A%22DRUG-INDUCED+LIVER+INJURY%22+OR+patient.reaction.reactionmeddrapt.exact%3A%22HEPATOTOXICITY%22+OR+patient.reaction.reactionmeddrapt.exact%3A%22HEPATITIS+TOXIC%22+OR+patient.reaction.reactionmeddrapt.exact%3A%22HEPATOCELLULAR+INJURY%22+OR+patient.reaction.reactionmeddrapt.exact%3A%22CHOLESTATIC+LIVER+INJURY%22+OR+patient.reaction.reactionmeddrapt.exact%3A%22MIXED+LIVER+INJURY%22+OR+patient.reaction.reactionmeddrapt.exact%3A%22HEPATIC+FAILURE%22+OR+patient.reaction.reactionmeddrapt.exact%3A%22ACUTE+HEPATIC+FAILURE%22+OR+patient.reaction.reactionmeddrapt.exact%3A%22HEPATIC+NECROSIS%22+OR+patient.reaction.reactionmeddrapt.exact%3A%22FULMINANT+HEPATITIS%22+OR+patient.reaction.reactionmeddrapt.exact%3A%22ALANINE+AMINOTRANSFERASE+INCREASED%22+OR+patient.reaction.reactionmeddrapt.exact%3A%22ASPARTATE+AMINOTRANSFERASE+INCREASED%22+OR+patient.reaction.reactionmeddrapt.exact%3A%22TRANSAMINASES+INCREASED%22+OR+patient.reaction.reactionmeddrapt.exact%3A%22HEPATIC+ENZYME+INCREASED%22+OR+patient.reaction.reactionmeddrapt.exact%3A%22LIVER+FUNCTION+TEST+ABNORMAL%22+OR+patient.reaction.reactionmeddrapt.exact%3A%22LIVER+FUNCTION+TEST+INCREASED%22+OR+patient.reaction.reactionmeddrapt.exact%3A%22BLOOD+BILIRUBIN+INCREASED%22+OR+patient.reaction.reactionmeddrapt.exact%3A%22HYPERBILIRUBINAEMIA%22+OR+patient.reaction.reactionmeddrapt.exact%3A%22JAUNDICE%22+OR+patient.reaction.reactionmeddrapt.exact%3A%22CHOLESTASIS%22+OR+patient.reaction.reactionmeddrapt.exact%3A%22HEPATITIS%22+OR+patient.reaction.reactionmeddrapt.exact%3A%22HEPATITIS+ACUTE%22+OR+patient.reaction.reactionmeddrapt.exact%3A%22HEPATIC+FUNCTION+ABNORMAL%22+OR+patient.reaction.reactionmeddrapt.exact%3A%22LIVER+DISORDER%22+OR+patient.reaction.reactionmeddrapt.exact%3A%22GAMMA-GLUTAMYLTRANSFERASE+INCREASED%22+OR+patient.reaction.reactionmeddrapt.exact%3A%22BLOOD+ALKALINE+PHOSPHATASE+INCREASED%22%29%29+AND+receivedate%3A%5B20141015+TO+20260630%5D&limit=1,200,True,0.0,2026-07-30,607,b7382c6ab781a2bf5d5121d0108e5bcc1a17fea7d54e14e8a8dc3f45690caa12.json,db4fed39da0beadf61943f5f6d0200cdbec016b431d2d30366219e2a0a645915
specification__ild_indication_report_filter__narrow__nintedanib,2026-09-04,2026-09-04T19:06:17.467558+00:00,https://api.fda.gov/drug/event.json?search=%28%28%28patient.drug.openfda.generic_name.exact%3A%22NINTEDANIB%22%29+AND+NOT+%28patient.drug.openfda.generic_name.exact%3A%22PIRFENIDONE%22%29%29+AND+%28%28patient.drug.drugindication%3A%22IDIOPATHIC+PULMONARY+FIBROSIS%22+OR+patient.drug.drugindication%3A%22PULMONARY+FIBROSIS%22+OR+patient.drug.drugindication%3A%22INTERSTITIAL+LUNG+DISEASE%22+OR+patient.drug.drugindication%3A%22IDIOPATHIC+INTERSTITIAL+PNEUMONIA%22+OR+patient.drug.drugindication%3A%22PROGRESSIVE+FIBROSING+INTERSTITIAL+LUNG+DISEASE%22+OR+patient.drug.drugindication%3A%22FIBROSING+INTERSTITIAL+LUNG+DISEASE%22+OR+patient.drug.drugindication%3A%22SYSTEMIC+SCLEROSIS+ASSOCIATED+INTERSTITIAL+LUNG+DISEASE%22+OR+patient.drug.drugindication%3A%22SYSTEMIC+SCLEROSIS+PULMONARY%22%29%29+AND+%28patient.reaction.reactionmeddrapt.exact%3A%22DRUG-INDUCED+LIVER+INJURY%22+OR+patient.reaction.reactionmeddrapt.exact%3A%22HEPATOTOXICITY%22+OR+patient.reaction.reactionmeddrapt.exact%3A%22HEPATITIS+TOXIC%22+OR+patient.reaction.reactionmeddrapt.exact%3A%22HEPATOCELLULAR+INJURY%22+OR+patient.reaction.reactionmeddrapt.exact%3A%22CHOLESTATIC+LIVER+INJURY%22+OR+patient.reaction.reactionmeddrapt.exact%3A%22MIXED+LIVER+INJURY%22+OR+patient.reaction.reactionmeddrapt.exact%3A%22HEPATIC+FAILURE%22+OR+patient.reaction.reactionmeddrapt.exact%3A%22ACUTE+HEPATIC+FAILURE%22+OR+patient.reaction.reactionmeddrapt.exact%3A%22HEPATIC+NECROSIS%22+OR+patient.reaction.reactionmeddrapt.exact%3A%22FULMINANT+HEPATITIS%22%29%29+AND+receivedate%3A%5B20141015+TO+20260630%5D&limit=1,200,True,0.0,2026-07-30,227,d6cf62779f9e5375946b70d1795b3690f6a4401066f8b042ae57c47897c602d0.json,cfb078ac9fb6985e57a7f639c156837c9c1049fa13fb95d1d3c03df26e0975d8
specification__ild_indication_report_filter__narrow__pirfenidone,2026-09-04,2026-09-04T19:06:17.468764+00:00,https://api.fda.gov/drug/event.json?search=%28%28%28patient.drug.openfda.generic_name.exact%3A%22PIRFENIDONE%22%29+AND+NOT+%28patient.drug.openfda.generic_name.exact%3A%22NINTEDANIB%22%29%29+AND+%28%28patient.drug.drugindication%3A%22IDIOPATHIC+PULMONARY+FIBROSIS%22+OR+patient.drug.drugindication%3A%22PULMONARY+FIBROSIS%22+OR+patient.drug.drugindication%3A%22INTERSTITIAL+LUNG+DISEASE%22+OR+patient.drug.drugindication%3A%22IDIOPATHIC+INTERSTITIAL+PNEUMONIA%22+OR+patient.drug.drugindication%3A%22PROGRESSIVE+FIBROSING+INTERSTITIAL+LUNG+DISEASE%22+OR+patient.drug.drugindication%3A%22FIBROSING+INTERSTITIAL+LUNG+DISEASE%22+OR+patient.drug.drugindication%3A%22SYSTEMIC+SCLEROSIS+ASSOCIATED+INTERSTITIAL+LUNG+DISEASE%22+OR+patient.drug.drugindication%3A%22SYSTEMIC+SCLEROSIS+PULMONARY%22%29%29+AND+%28patient.reaction.reactionmeddrapt.exact%3A%22DRUG-INDUCED+LIVER+INJURY%22+OR+patient.reaction.reactionmeddrapt.exact%3A%22HEPATOTOXICITY%22+OR+patient.reaction.reactionmeddrapt.exact%3A%22HEPATITIS+TOXIC%22+OR+patient.reaction.reactionmeddrapt.exact%3A%22HEPATOCELLULAR+INJURY%22+OR+patient.reaction.reactionmeddrapt.exact%3A%22CHOLESTATIC+LIVER+INJURY%22+OR+patient.reaction.reactionmeddrapt.exact%3A%22MIXED+LIVER+INJURY%22+OR+patient.reaction.reactionmeddrapt.exact%3A%22HEPATIC+FAILURE%22+OR+patient.reaction.reactionmeddrapt.exact%3A%22ACUTE+HEPATIC+FAILURE%22+OR+patient.reaction.reactionmeddrapt.exact%3A%22HEPATIC+NECROSIS%22+OR+patient.reaction.reactionmeddrapt.exact%3A%22FULMINANT+HEPATITIS%22%29%29+AND+receivedate%3A%5B20141015+TO+20260630%5D&limit=1,200,True,0.0,2026-07-30,101,ab173c1b5b5a78c01dcbf0452b18df8b58cbf2d104cafcdcd9702c67af5da899.json,985ac685d36067cdb9b8ecac507a0d01e18d843c6b055a32e0f2ad7cf6209da1
specification__ild_indication_report_filter__total__nintedanib,2026-09-04,2026-09-04T19:06:17.467338+00:00,https://api.fda.gov/drug/event.json?search=%28%28%28patient.drug.openfda.generic_name.exact%3A%22NINTEDANIB%22%29+AND+NOT+%28patient.drug.openfda.generic_name.exact%3A%22PIRFENIDONE%22%29%29+AND+%28%28patient.drug.drugindication%3A%22IDIOPATHIC+PULMONARY+FIBROSIS%22+OR+patient.drug.drugindication%3A%22PULMONARY+FIBROSIS%22+OR+patient.drug.drugindication%3A%22INTERSTITIAL+LUNG+DISEASE%22+OR+patient.drug.drugindication%3A%22IDIOPATHIC+INTERSTITIAL+PNEUMONIA%22+OR+patient.drug.drugindication%3A%22PROGRESSIVE+FIBROSING+INTERSTITIAL+LUNG+DISEASE%22+OR+patient.drug.drugindication%3A%22FIBROSING+INTERSTITIAL+LUNG+DISEASE%22+OR+patient.drug.drugindication%3A%22SYSTEMIC+SCLEROSIS+ASSOCIATED+INTERSTITIAL+LUNG+DISEASE%22+OR+patient.drug.drugindication%3A%22SYSTEMIC+SCLEROSIS+PULMONARY%22%29%29%29+AND+receivedate%3A%5B20141015+TO+20260630%5D&limit=1,200,True,0.0,2026-07-30,19509,a7b3dc6494a35b6864adb7558fb8b667e5039b4157b167abaf8c5bed2b414c81.json,7a138dbcd98195980a135eb534e9323a4618a9a3376b2fd6fa1f417232a4210d
specification__ild_indication_report_filter__total__pirfenidone,2026-09-04,2026-09-04T19:06:17.468430+00:00,https://api.fda.gov/drug/event.json?search=%28%28%28patient.drug.openfda.generic_name.exact%3A%22PIRFENIDONE%22%29+AND+NOT+%28patient.drug.openfda.generic_name.exact%3A%22NINTEDANIB%22%29%29+AND+%28%28patient.drug.drugindication%3A%22IDIOPATHIC+PULMONARY+FIBROSIS%22+OR+patient.drug.drugindication%3A%22PULMONARY+FIBROSIS%22+OR+patient.drug.drugindication%3A%22INTERSTITIAL+LUNG+DISEASE%22+OR+patient.drug.drugindication%3A%22IDIOPATHIC+INTERSTITIAL+PNEUMONIA%22+OR+patient.drug.drugindication%3A%22PROGRESSIVE+FIBROSING+INTERSTITIAL+LUNG+DISEASE%22+OR+patient.drug.drugindication%3A%22FIBROSING+INTERSTITIAL+LUNG+DISEASE%22+OR+patient.drug.drugindication%3A%22SYSTEMIC+SCLEROSIS+ASSOCIATED+INTERSTITIAL+LUNG+DISEASE%22+OR+patient.drug.drugindication%3A%22SYSTEMIC+SCLEROSIS+PULMONARY%22%29%29%29+AND+receivedate%3A%5B20141015+TO+20260630%5D&limit=1,200,True,0.0,2026-07-30,31690,b9933057587138c1b971e57c64d1863209bfc620096ea39d17c3c6e91b9d46ef.json,e8a9db2f57155b5daf4774adf5f13e051a595b7773df75756b8abb03873d2fa8
specification__ild_plus_suspect_drug_report_filter__broad__nintedanib,2026-09-04,2026-09-04T19:06:17.513321+00:00,https://api.fda.gov/drug/event.json?search=%28%28%28patient.drug.openfda.generic_name.exact%3A%22NINTEDANIB%22%29+AND+NOT+%28patient.drug.openfda.generic_name.exact%3A%22PIRFENIDONE%22%29%29+AND+%28%28%28patient.drug.drugindication%3A%22IDIOPATHIC+PULMONARY+FIBROSIS%22+OR+patient.drug.drugindication%3A%22PULMONARY+FIBROSIS%22+OR+patient.drug.drugindication%3A%22INTERSTITIAL+LUNG+DISEASE%22+OR+patient.drug.drugindication%3A%22IDIOPATHIC+INTERSTITIAL+PNEUMONIA%22+OR+patient.drug.drugindication%3A%22PROGRESSIVE+FIBROSING+INTERSTITIAL+LUNG+DISEASE%22+OR+patient.drug.drugindication%3A%22FIBROSING+INTERSTITIAL+LUNG+DISEASE%22+OR+patient.drug.drugindication%3A%22SYSTEMIC+SCLEROSIS+ASSOCIATED+INTERSTITIAL+LUNG+DISEASE%22+OR+patient.drug.drugindication%3A%22SYSTEMIC+SCLEROSIS+PULMONARY%22%29%29+AND+patient.drug.drugcharacterization%3A%221%22%29+AND+%28patient.reaction.reactionmeddrapt.exact%3A%22DRUG-INDUCED+LIVER+INJURY%22+OR+patient.reaction.reactionmeddrapt.exact%3A%22HEPATOTOXICITY%22+OR+patient.reaction.reactionmeddrapt.exact%3A%22HEPATITIS+TOXIC%22+OR+patient.reaction.reactionmeddrapt.exact%3A%22HEPATOCELLULAR+INJURY%22+OR+patient.reaction.reactionmeddrapt.exact%3A%22CHOLESTATIC+LIVER+INJURY%22+OR+patient.reaction.reactionmeddrapt.exact%3A%22MIXED+LIVER+INJURY%22+OR+patient.reaction.reactionmeddrapt.exact%3A%22HEPATIC+FAILURE%22+OR+patient.reaction.reactionmeddrapt.exact%3A%22ACUTE+HEPATIC+FAILURE%22+OR+patient.reaction.reactionmeddrapt.exact%3A%22HEPATIC+NECROSIS%22+OR+patient.reaction.reactionmeddrapt.exact%3A%22FULMINANT+HEPATITIS%22+OR+patient.reaction.reactionmeddrapt.exact%3A%22ALANINE+AMINOTRANSFERASE+INCREASED%22+OR+patient.reaction.reactionmeddrapt.exact%3A%22ASPARTATE+AMINOTRANSFERASE+INCREASED%22+OR+patient.reaction.reactionmeddrapt.exact%3A%22TRANSAMINASES+INCREASED%22+OR+patient.reaction.reactionmeddrapt.exact%3A%22HEPATIC+ENZYME+INCREASED%22+OR+patient.reaction.reactionmeddrapt.exact%3A%22LIVER+FUNCTION+TEST+ABNORMAL%22+OR+patient.reaction.reactionmeddrapt.exact%3A%22LIVER+FUNCTION+TEST+INCREASED%22+OR+patient.reaction.reactionmeddrapt.exact%3A%22BLOOD+BILIRUBIN+INCREASED%22+OR+patient.reaction.reactionmeddrapt.exact%3A%22HYPERBILIRUBINAEMIA%22+OR+patient.reaction.reactionmeddrapt.exact%3A%22JAUNDICE%22+OR+patient.reaction.reactionmeddrapt.exact%3A%22CHOLESTASIS%22+OR+patient.reaction.reactionmeddrapt.exact%3A%22HEPATITIS%22+OR+patient.reaction.reactionmeddrapt.exact%3A%22HEPATITIS+ACUTE%22+OR+patient.reaction.reactionmeddrapt.exact%3A%22HEPATIC+FUNCTION+ABNORMAL%22+OR+patient.reaction.reactionmeddrapt.exact%3A%22LIVER+DISORDER%22+OR+patient.reaction.reactionmeddrapt.exact%3A%22GAMMA-GLUTAMYLTRANSFERASE+INCREASED%22+OR+patient.reaction.reactionmeddrapt.exact%3A%22BLOOD+ALKALINE+PHOSPHATASE+INCREASED%22%29%29+AND+receivedate%3A%5B20141015+TO+20260630%5D&limit=1,200,True,0.0,2026-07-30,1386,d9c6dcce8ab710a3d2faaf9c551af5fba911bc0ddc8b222511371cd3a7e473d3.json,eedbde52d8f6fa7a332453e00e67a747e94aa52ac78bf0572661e71a00f70dc1
specification__ild_plus_suspect_drug_report_filter__broad__pirfenidone,2026-09-04,2026-09-04T19:06:17.514225+00:00,https://api.fda.gov/drug/event.json?search=%28%28%28patient.drug.openfda.generic_name.exact%3A%22PIRFENIDONE%22%29+AND+NOT+%28patient.drug.openfda.generic_name.exact%3A%22NINTEDANIB%22%29%29+AND+%28%28%28patient.drug.drugindication%3A%22IDIOPATHIC+PULMONARY+FIBROSIS%22+OR+patient.drug.drugindication%3A%22PULMONARY+FIBROSIS%22+OR+patient.drug.drugindication%3A%22INTERSTITIAL+LUNG+DISEASE%22+OR+patient.drug.drugindication%3A%22IDIOPATHIC+INTERSTITIAL+PNEUMONIA%22+OR+patient.drug.drugindication%3A%22PROGRESSIVE+FIBROSING+INTERSTITIAL+LUNG+DISEASE%22+OR+patient.drug.drugindication%3A%22FIBROSING+INTERSTITIAL+LUNG+DISEASE%22+OR+patient.drug.drugindication%3A%22SYSTEMIC+SCLEROSIS+ASSOCIATED+INTERSTITIAL+LUNG+DISEASE%22+OR+patient.drug.drugindication%3A%22SYSTEMIC+SCLEROSIS+PULMONARY%22%29%29+AND+patient.drug.drugcharacterization%3A%221%22%29+AND+%28patient.reaction.reactionmeddrapt.exact%3A%22DRUG-INDUCED+LIVER+INJURY%22+OR+patient.reaction.reactionmeddrapt.exact%3A%22HEPATOTOXICITY%22+OR+patient.reaction.reactionmeddrapt.exact%3A%22HEPATITIS+TOXIC%22+OR+patient.reaction.reactionmeddrapt.exact%3A%22HEPATOCELLULAR+INJURY%22+OR+patient.reaction.reactionmeddrapt.exact%3A%22CHOLESTATIC+LIVER+INJURY%22+OR+patient.reaction.reactionmeddrapt.exact%3A%22MIXED+LIVER+INJURY%22+OR+patient.reaction.reactionmeddrapt.exact%3A%22HEPATIC+FAILURE%22+OR+patient.reaction.reactionmeddrapt.exact%3A%22ACUTE+HEPATIC+FAILURE%22+OR+patient.reaction.reactionmeddrapt.exact%3A%22HEPATIC+NECROSIS%22+OR+patient.reaction.reactionmeddrapt.exact%3A%22FULMINANT+HEPATITIS%22+OR+patient.reaction.reactionmeddrapt.exact%3A%22ALANINE+AMINOTRANSFERASE+INCREASED%22+OR+patient.reaction.reactionmeddrapt.exact%3A%22ASPARTATE+AMINOTRANSFERASE+INCREASED%22+OR+patient.reaction.reactionmeddrapt.exact%3A%22TRANSAMINASES+INCREASED%22+OR+patient.reaction.reactionmeddrapt.exact%3A%22HEPATIC+ENZYME+INCREASED%22+OR+patient.reaction.reactionmeddrapt.exact%3A%22LIVER+FUNCTION+TEST+ABNORMAL%22+OR+patient.reaction.reactionmeddrapt.exact%3A%22LIVER+FUNCTION+TEST+INCREASED%22+OR+patient.reaction.reactionmeddrapt.exact%3A%22BLOOD+BILIRUBIN+INCREASED%22+OR+patient.reaction.reactionmeddrapt.exact%3A%22HYPERBILIRUBINAEMIA%22+OR+patient.reaction.reactionmeddrapt.exact%3A%22JAUNDICE%22+OR+patient.reaction.reactionmeddrapt.exact%3A%22CHOLESTASIS%22+OR+patient.reaction.reactionmeddrapt.exact%3A%22HEPATITIS%22+OR+patient.reaction.reactionmeddrapt.exact%3A%22HEPATITIS+ACUTE%22+OR+patient.reaction.reactionmeddrapt.exact%3A%22HEPATIC+FUNCTION+ABNORMAL%22+OR+patient.reaction.reactionmeddrapt.exact%3A%22LIVER+DISORDER%22+OR+patient.reaction.reactionmeddrapt.exact%3A%22GAMMA-GLUTAMYLTRANSFERASE+INCREASED%22+OR+patient.reaction.reactionmeddrapt.exact%3A%22BLOOD+ALKALINE+PHOSPHATASE+INCREASED%22%29%29+AND+receivedate%3A%5B20141015+TO+20260630%5D&limit=1,200,True,0.0,2026-07-30,600,42debeb7c5babee35db32a51c89e3e5492b63901642c392d7ca841e966e233e3.json,fa17e57c18b52fe91766a3e0eb8db4fb9fd0efe5d3e5020e3025c83159a93556
specification__ild_plus_suspect_drug_report_filter__narrow__nintedanib,2026-09-04,2026-09-04T19:06:17.512933+00:00,https://api.fda.gov/drug/event.json?search=%28%28%28patient.drug.openfda.generic_name.exact%3A%22NINTEDANIB%22%29+AND+NOT+%28patient.drug.openfda.generic_name.exact%3A%22PIRFENIDONE%22%29%29+AND+%28%28%28patient.drug.drugindication%3A%22IDIOPATHIC+PULMONARY+FIBROSIS%22+OR+patient.drug.drugindication%3A%22PULMONARY+FIBROSIS%22+OR+patient.drug.drugindication%3A%22INTERSTITIAL+LUNG+DISEASE%22+OR+patient.drug.drugindication%3A%22IDIOPATHIC+INTERSTITIAL+PNEUMONIA%22+OR+patient.drug.drugindication%3A%22PROGRESSIVE+FIBROSING+INTERSTITIAL+LUNG+DISEASE%22+OR+patient.drug.drugindication%3A%22FIBROSING+INTERSTITIAL+LUNG+DISEASE%22+OR+patient.drug.drugindication%3A%22SYSTEMIC+SCLEROSIS+ASSOCIATED+INTERSTITIAL+LUNG+DISEASE%22+OR+patient.drug.drugindication%3A%22SYSTEMIC+SCLEROSIS+PULMONARY%22%29%29+AND+patient.drug.drugcharacterization%3A%221%22%29+AND+%28patient.reaction.reactionmeddrapt.exact%3A%22DRUG-INDUCED+LIVER+INJURY%22+OR+patient.reaction.reactionmeddrapt.exact%3A%22HEPATOTOXICITY%22+OR+patient.reaction.reactionmeddrapt.exact%3A%22HEPATITIS+TOXIC%22+OR+patient.reaction.reactionmeddrapt.exact%3A%22HEPATOCELLULAR+INJURY%22+OR+patient.reaction.reactionmeddrapt.exact%3A%22CHOLESTATIC+LIVER+INJURY%22+OR+patient.reaction.reactionmeddrapt.exact%3A%22MIXED+LIVER+INJURY%22+OR+patient.reaction.reactionmeddrapt.exact%3A%22HEPATIC+FAILURE%22+OR+patient.reaction.reactionmeddrapt.exact%3A%22ACUTE+HEPATIC+FAILURE%22+OR+patient.reaction.reactionmeddrapt.exact%3A%22HEPATIC+NECROSIS%22+OR+patient.reaction.reactionmeddrapt.exact%3A%22FULMINANT+HEPATITIS%22%29%29+AND+receivedate%3A%5B20141015+TO+20260630%5D&limit=1,200,True,0.0,2026-07-30,227,f524b4938b8b957297049dc67f1fd2d93b94044c765dfa941435bb8e816e4873.json,cfb078ac9fb6985e57a7f639c156837c9c1049fa13fb95d1d3c03df26e0975d8
specification__ild_plus_suspect_drug_report_filter__narrow__pirfenidone,2026-09-04,2026-09-04T19:06:17.514056+00:00,https://api.fda.gov/drug/event.json?search=%28%28%28patient.drug.openfda.generic_name.exact%3A%22PIRFENIDONE%22%29+AND+NOT+%28patient.drug.openfda.generic_name.exact%3A%22NINTEDANIB%22%29%29+AND+%28%28%28patient.drug.drugindication%3A%22IDIOPATHIC+PULMONARY+FIBROSIS%22+OR+patient.drug.drugindication%3A%22PULMONARY+FIBROSIS%22+OR+patient.drug.drugindication%3A%22INTERSTITIAL+LUNG+DISEASE%22+OR+patient.drug.drugindication%3A%22IDIOPATHIC+INTERSTITIAL+PNEUMONIA%22+OR+patient.drug.drugindication%3A%22PROGRESSIVE+FIBROSING+INTERSTITIAL+LUNG+DISEASE%22+OR+patient.drug.drugindication%3A%22FIBROSING+INTERSTITIAL+LUNG+DISEASE%22+OR+patient.drug.drugindication%3A%22SYSTEMIC+SCLEROSIS+ASSOCIATED+INTERSTITIAL+LUNG+DISEASE%22+OR+patient.drug.drugindication%3A%22SYSTEMIC+SCLEROSIS+PULMONARY%22%29%29+AND+patient.drug.drugcharacterization%3A%221%22%29+AND+%28patient.reaction.reactionmeddrapt.exact%3A%22DRUG-INDUCED+LIVER+INJURY%22+OR+patient.reaction.reactionmeddrapt.exact%3A%22HEPATOTOXICITY%22+OR+patient.reaction.reactionmeddrapt.exact%3A%22HEPATITIS+TOXIC%22+OR+patient.reaction.reactionmeddrapt.exact%3A%22HEPATOCELLULAR+INJURY%22+OR+patient.reaction.reactionmeddrapt.exact%3A%22CHOLESTATIC+LIVER+INJURY%22+OR+patient.reaction.reactionmeddrapt.exact%3A%22MIXED+LIVER+INJURY%22+OR+patient.reaction.reactionmeddrapt.exact%3A%22HEPATIC+FAILURE%22+OR+patient.reaction.reactionmeddrapt.exact%3A%22ACUTE+HEPATIC+FAILURE%22+OR+patient.reaction.reactionmeddrapt.exact%3A%22HEPATIC+NECROSIS%22+OR+patient.reaction.reactionmeddrapt.exact%3A%22FULMINANT+HEPATITIS%22%29%29+AND+receivedate%3A%5B20141015+TO+20260630%5D&limit=1,200,True,0.0,2026-07-30,96,c01ae6ad2e0a318b5d528be632bddada0bd48862bb7ace7db67707d7d5fb1241.json,97e6c7164f7dd918c34028d4ca7fea00a3293120828cb43dd8d8df447db2f3f1
specification__ild_plus_suspect_drug_report_filter__total__nintedanib,2026-09-04,2026-09-04T19:06:17.512756+00:00,https://api.fda.gov/drug/event.json?search=%28%28%28patient.drug.openfda.generic_name.exact%3A%22NINTEDANIB%22%29+AND+NOT+%28patient.drug.openfda.generic_name.exact%3A%22PIRFENIDONE%22%29%29+AND+%28%28%28patient.drug.drugindication%3A%22IDIOPATHIC+PULMONARY+FIBROSIS%22+OR+patient.drug.drugindication%3A%22PULMONARY+FIBROSIS%22+OR+patient.drug.drugindication%3A%22INTERSTITIAL+LUNG+DISEASE%22+OR+patient.drug.drugindication%3A%22IDIOPATHIC+INTERSTITIAL+PNEUMONIA%22+OR+patient.drug.drugindication%3A%22PROGRESSIVE+FIBROSING+INTERSTITIAL+LUNG+DISEASE%22+OR+patient.drug.drugindication%3A%22FIBROSING+INTERSTITIAL+LUNG+DISEASE%22+OR+patient.drug.drugindication%3A%22SYSTEMIC+SCLEROSIS+ASSOCIATED+INTERSTITIAL+LUNG+DISEASE%22+OR+patient.drug.drugindication%3A%22SYSTEMIC+SCLEROSIS+PULMONARY%22%29%29+AND+patient.drug.drugcharacterization%3A%221%22%29%29+AND+receivedate%3A%5B20141015+TO+20260630%5D&limit=1,200,True,0.0,2026-07-30,19481,724a7b18c56ace6ff4c4d9749dd5a20d751c379861b2d2e966dc52dffc316076.json,ecffb97dcad2ea7db3112f9b1d8e19cbad5c5292507d9cd8e87099fe9ec687fe
specification__ild_plus_suspect_drug_report_filter__total__pirfenidone,2026-09-04,2026-09-04T19:06:17.513853+00:00,https://api.fda.gov/drug/event.json?search=%28%28%28patient.drug.openfda.generic_name.exact%3A%22PIRFENIDONE%22%29+AND+NOT+%28patient.drug.openfda.generic_name.exact%3A%22NINTEDANIB%22%29%29+AND+%28%28%28patient.drug.drugindication%3A%22IDIOPATHIC+PULMONARY+FIBROSIS%22+OR+patient.drug.drugindication%3A%22PULMONARY+FIBROSIS%22+OR+patient.drug.drugindication%3A%22INTERSTITIAL+LUNG+DISEASE%22+OR+patient.drug.drugindication%3A%22IDIOPATHIC+INTERSTITIAL+PNEUMONIA%22+OR+patient.drug.drugindication%3A%22PROGRESSIVE+FIBROSING+INTERSTITIAL+LUNG+DISEASE%22+OR+patient.drug.drugindication%3A%22FIBROSING+INTERSTITIAL+LUNG+DISEASE%22+OR+patient.drug.drugindication%3A%22SYSTEMIC+SCLEROSIS+ASSOCIATED+INTERSTITIAL+LUNG+DISEASE%22+OR+patient.drug.drugindication%3A%22SYSTEMIC+SCLEROSIS+PULMONARY%22%29%29+AND+patient.drug.drugcharacterization%3A%221%22%29%29+AND+receivedate%3A%5B20141015+TO+20260630%5D&limit=1,200,True,0.0,2026-07-30,31673,7cb1e58e2f1ed55bb7298b823b1aee1ef2338e15319513050aca1dd5dc247fb0.json,25f0dba8b6243238e8ecb5c5a466d05bfc37ca660f74f39b1e776edeec6641f5
specification__suspect_drug_report_filter__broad__nintedanib,2026-09-04,2026-09-04T19:06:17.510506+00:00,https://api.fda.gov/drug/event.json?search=%28%28%28patient.drug.openfda.generic_name.exact%3A%22NINTEDANIB%22%29+AND+NOT+%28patient.drug.openfda.generic_name.exact%3A%22PIRFENIDONE%22%29%29+AND+%28patient.drug.drugcharacterization%3A%221%22%29+AND+%28patient.reaction.reactionmeddrapt.exact%3A%22DRUG-INDUCED+LIVER+INJURY%22+OR+patient.reaction.reactionmeddrapt.exact%3A%22HEPATOTOXICITY%22+OR+patient.reaction.reactionmeddrapt.exact%3A%22HEPATITIS+TOXIC%22+OR+patient.reaction.reactionmeddrapt.exact%3A%22HEPATOCELLULAR+INJURY%22+OR+patient.reaction.reactionmeddrapt.exact%3A%22CHOLESTATIC+LIVER+INJURY%22+OR+patient.reaction.reactionmeddrapt.exact%3A%22MIXED+LIVER+INJURY%22+OR+patient.reaction.reactionmeddrapt.exact%3A%22HEPATIC+FAILURE%22+OR+patient.reaction.reactionmeddrapt.exact%3A%22ACUTE+HEPATIC+FAILURE%22+OR+patient.reaction.reactionmeddrapt.exact%3A%22HEPATIC+NECROSIS%22+OR+patient.reaction.reactionmeddrapt.exact%3A%22FULMINANT+HEPATITIS%22+OR+patient.reaction.reactionmeddrapt.exact%3A%22ALANINE+AMINOTRANSFERASE+INCREASED%22+OR+patient.reaction.reactionmeddrapt.exact%3A%22ASPARTATE+AMINOTRANSFERASE+INCREASED%22+OR+patient.reaction.reactionmeddrapt.exact%3A%22TRANSAMINASES+INCREASED%22+OR+patient.reaction.reactionmeddrapt.exact%3A%22HEPATIC+ENZYME+INCREASED%22+OR+patient.reaction.reactionmeddrapt.exact%3A%22LIVER+FUNCTION+TEST+ABNORMAL%22+OR+patient.reaction.reactionmeddrapt.exact%3A%22LIVER+FUNCTION+TEST+INCREASED%22+OR+patient.reaction.reactionmeddrapt.exact%3A%22BLOOD+BILIRUBIN+INCREASED%22+OR+patient.reaction.reactionmeddrapt.exact%3A%22HYPERBILIRUBINAEMIA%22+OR+patient.reaction.reactionmeddrapt.exact%3A%22JAUNDICE%22+OR+patient.reaction.reactionmeddrapt.exact%3A%22CHOLESTASIS%22+OR+patient.reaction.reactionmeddrapt.exact%3A%22HEPATITIS%22+OR+patient.reaction.reactionmeddrapt.exact%3A%22HEPATITIS+ACUTE%22+OR+patient.reaction.reactionmeddrapt.exact%3A%22HEPATIC+FUNCTION+ABNORMAL%22+OR+patient.reaction.reactionmeddrapt.exact%3A%22LIVER+DISORDER%22+OR+patient.reaction.reactionmeddrapt.exact%3A%22GAMMA-GLUTAMYLTRANSFERASE+INCREASED%22+OR+patient.reaction.reactionmeddrapt.exact%3A%22BLOOD+ALKALINE+PHOSPHATASE+INCREASED%22%29%29+AND+receivedate%3A%5B20141015+TO+20260630%5D&limit=1,200,True,0.0,2026-07-30,1769,cb6313128fcfc7760c253a9f093c3c30be41517d8ec274df325e6d0adbcc3fd1.json,ec8775db8941ae2615a8265551c93ee41380c9a7c83382c58f2ffd2cfbb49e25
specification__suspect_drug_report_filter__broad__pirfenidone,2026-09-04,2026-09-04T19:06:17.511654+00:00,https://api.fda.gov/drug/event.json?search=%28%28%28patient.drug.openfda.generic_name.exact%3A%22PIRFENIDONE%22%29+AND+NOT+%28patient.drug.openfda.generic_name.exact%3A%22NINTEDANIB%22%29%29+AND+%28patient.drug.drugcharacterization%3A%221%22%29+AND+%28patient.reaction.reactionmeddrapt.exact%3A%22DRUG-INDUCED+LIVER+INJURY%22+OR+patient.reaction.reactionmeddrapt.exact%3A%22HEPATOTOXICITY%22+OR+patient.reaction.reactionmeddrapt.exact%3A%22HEPATITIS+TOXIC%22+OR+patient.reaction.reactionmeddrapt.exact%3A%22HEPATOCELLULAR+INJURY%22+OR+patient.reaction.reactionmeddrapt.exact%3A%22CHOLESTATIC+LIVER+INJURY%22+OR+patient.reaction.reactionmeddrapt.exact%3A%22MIXED+LIVER+INJURY%22+OR+patient.reaction.reactionmeddrapt.exact%3A%22HEPATIC+FAILURE%22+OR+patient.reaction.reactionmeddrapt.exact%3A%22ACUTE+HEPATIC+FAILURE%22+OR+patient.reaction.reactionmeddrapt.exact%3A%22HEPATIC+NECROSIS%22+OR+patient.reaction.reactionmeddrapt.exact%3A%22FULMINANT+HEPATITIS%22+OR+patient.reaction.reactionmeddrapt.exact%3A%22ALANINE+AMINOTRANSFERASE+INCREASED%22+OR+patient.reaction.reactionmeddrapt.exact%3A%22ASPARTATE+AMINOTRANSFERASE+INCREASED%22+OR+patient.reaction.reactionmeddrapt.exact%3A%22TRANSAMINASES+INCREASED%22+OR+patient.reaction.reactionmeddrapt.exact%3A%22HEPATIC+ENZYME+INCREASED%22+OR+patient.reaction.reactionmeddrapt.exact%3A%22LIVER+FUNCTION+TEST+ABNORMAL%22+OR+patient.reaction.reactionmeddrapt.exact%3A%22LIVER+FUNCTION+TEST+INCREASED%22+OR+patient.reaction.reactionmeddrapt.exact%3A%22BLOOD+BILIRUBIN+INCREASED%22+OR+patient.reaction.reactionmeddrapt.exact%3A%22HYPERBILIRUBINAEMIA%22+OR+patient.reaction.reactionmeddrapt.exact%3A%22JAUNDICE%22+OR+patient.reaction.reactionmeddrapt.exact%3A%22CHOLESTASIS%22+OR+patient.reaction.reactionmeddrapt.exact%3A%22HEPATITIS%22+OR+patient.reaction.reactionmeddrapt.exact%3A%22HEPATITIS+ACUTE%22+OR+patient.reaction.reactionmeddrapt.exact%3A%22HEPATIC+FUNCTION+ABNORMAL%22+OR+patient.reaction.reactionmeddrapt.exact%3A%22LIVER+DISORDER%22+OR+patient.reaction.reactionmeddrapt.exact%3A%22GAMMA-GLUTAMYLTRANSFERASE+INCREASED%22+OR+patient.reaction.reactionmeddrapt.exact%3A%22BLOOD+ALKALINE+PHOSPHATASE+INCREASED%22%29%29+AND+receivedate%3A%5B20141015+TO+20260630%5D&limit=1,200,True,0.0,2026-07-30,710,1a28a997d34d7053913825bd94b2a78839027068ade610841bcb056a877a5475.json,264470c309035348b9610860b8dd5e74660bafbc89f0b09eb07b2e356634ac5c
specification__suspect_drug_report_filter__narrow__nintedanib,2026-09-04,2026-09-04T19:06:17.509785+00:00,https://api.fda.gov/drug/event.json?search=%28%28%28patient.drug.openfda.generic_name.exact%3A%22NINTEDANIB%22%29+AND+NOT+%28patient.drug.openfda.generic_name.exact%3A%22PIRFENIDONE%22%29%29+AND+%28patient.drug.drugcharacterization%3A%221%22%29+AND+%28patient.reaction.reactionmeddrapt.exact%3A%22DRUG-INDUCED+LIVER+INJURY%22+OR+patient.reaction.reactionmeddrapt.exact%3A%22HEPATOTOXICITY%22+OR+patient.reaction.reactionmeddrapt.exact%3A%22HEPATITIS+TOXIC%22+OR+patient.reaction.reactionmeddrapt.exact%3A%22HEPATOCELLULAR+INJURY%22+OR+patient.reaction.reactionmeddrapt.exact%3A%22CHOLESTATIC+LIVER+INJURY%22+OR+patient.reaction.reactionmeddrapt.exact%3A%22MIXED+LIVER+INJURY%22+OR+patient.reaction.reactionmeddrapt.exact%3A%22HEPATIC+FAILURE%22+OR+patient.reaction.reactionmeddrapt.exact%3A%22ACUTE+HEPATIC+FAILURE%22+OR+patient.reaction.reactionmeddrapt.exact%3A%22HEPATIC+NECROSIS%22+OR+patient.reaction.reactionmeddrapt.exact%3A%22FULMINANT+HEPATITIS%22%29%29+AND+receivedate%3A%5B20141015+TO+20260630%5D&limit=1,200,True,0.0,2026-07-30,340,f4d3499c2e3f760c4ae41153b0afec73b5910d118cbe9305a8f6f1046398c9f8.json,f6808b0104a73263491bee4372013256413dc7a35b5c8af604de09adc9730fa2
specification__suspect_drug_report_filter__narrow__pirfenidone,2026-09-04,2026-09-04T19:06:17.511291+00:00,https://api.fda.gov/drug/event.json?search=%28%28%28patient.drug.openfda.generic_name.exact%3A%22PIRFENIDONE%22%29+AND+NOT+%28patient.drug.openfda.generic_name.exact%3A%22NINTEDANIB%22%29%29+AND+%28patient.drug.drugcharacterization%3A%221%22%29+AND+%28patient.reaction.reactionmeddrapt.exact%3A%22DRUG-INDUCED+LIVER+INJURY%22+OR+patient.reaction.reactionmeddrapt.exact%3A%22HEPATOTOXICITY%22+OR+patient.reaction.reactionmeddrapt.exact%3A%22HEPATITIS+TOXIC%22+OR+patient.reaction.reactionmeddrapt.exact%3A%22HEPATOCELLULAR+INJURY%22+OR+patient.reaction.reactionmeddrapt.exact%3A%22CHOLESTATIC+LIVER+INJURY%22+OR+patient.reaction.reactionmeddrapt.exact%3A%22MIXED+LIVER+INJURY%22+OR+patient.reaction.reactionmeddrapt.exact%3A%22HEPATIC+FAILURE%22+OR+patient.reaction.reactionmeddrapt.exact%3A%22ACUTE+HEPATIC+FAILURE%22+OR+patient.reaction.reactionmeddrapt.exact%3A%22HEPATIC+NECROSIS%22+OR+patient.reaction.reactionmeddrapt.exact%3A%22FULMINANT+HEPATITIS%22%29%29+AND+receivedate%3A%5B20141015+TO+20260630%5D&limit=1,200,True,0.0,2026-07-30,107,08c20e7d6217a23c75776ce11440accc01853a9ada09df21d3b657705091b755.json,fe76c9dbd0b6db318fc657e7792c12462aafc1b9059ae24dc076df9ed4395461
specification__suspect_drug_report_filter__total__nintedanib,2026-09-04,2026-09-04T19:06:17.472868+00:00,https://api.fda.gov/drug/event.json?search=%28%28%28patient.drug.openfda.generic_name.exact%3A%22NINTEDANIB%22%29+AND+NOT+%28patient.drug.openfda.generic_name.exact%3A%22PIRFENIDONE%22%29%29+AND+%28patient.drug.drugcharacterization%3A%221%22%29%29+AND+receivedate%3A%5B20141015+TO+20260630%5D&limit=1,200,True,0.0,2026-07-30,30201,b70f7021a2b0c4a9e725a478a9bd601ba74ffa2deb16fae79055c6b733034a3f.json,eb19f73780cd097678f24b2d3aecf5171f385203097a88e365971b0615560ed6
specification__suspect_drug_report_filter__total__pirfenidone,2026-09-04,2026-09-04T19:06:17.511033+00:00,https://api.fda.gov/drug/event.json?search=%28%28%28patient.drug.openfda.generic_name.exact%3A%22PIRFENIDONE%22%29+AND+NOT+%28patient.drug.openfda.generic_name.exact%3A%22NINTEDANIB%22%29%29+AND+%28patient.drug.drugcharacterization%3A%221%22%29%29+AND+receivedate%3A%5B20141015+TO+20260630%5D&limit=1,200,True,0.0,2026-07-30,39445,1648712b8cedb0bae5c8ebf820b7e0506814279929f1111ed3ac59b734d70f9f.json,879158559e3365d695d843e6b88236de181ff4fc664fc6a42789ea54ebcdf41e
