drug,safetyreportid,safetyreportversion,receivedate,receiptdate,report_year,primarysourcecountry,occurcountry,reporter_qualification,sex,age_years,age_value_reported,age_unit_code,all_pts,hepatic_pts,narrow_case,broad_case,aminotransferase_plus_bilirubin_jaundice_proxy,matching_drug_role,matching_drug_suspect_or_concomitant,matching_drug_indications,matching_drug_ild_indication,drug_start_date,case_event_date,time_to_onset_days,time_to_onset_0_365_valid,fatal_hepatic_reaction,serious,death,hospitalization,life_threatening,disabling,congenital_anomaly,other_serious
nintedanib,10674582,4,20141224,20150325,2014,US,US,1,female,84.0,84.0,801,HYPERSENSITIVITY|LIVER FUNCTION TEST ABNORMAL,LIVER FUNCTION TEST ABNORMAL,False,True,False,suspect,True,IDIOPATHIC PULMONARY FIBROSIS,True,2014-12-06,2014-12-06,0.0,True,False,True,False,False,False,False,False,True
nintedanib,10680805,2,20141229,20141229,2014,US,US,3,female,65.0,65.0,801,HEADACHE|HEPATIC ENZYME INCREASED|HYPERTENSION,HEPATIC ENZYME INCREASED,False,True,False,suspect,True,IDIOPATHIC PULMONARY FIBROSIS,True,2014-12-01,,,False,False,True,False,False,False,False,False,True
nintedanib,10711079,4,20150114,20150518,2015,US,US,1,male,,,,CHEST PAIN|HEPATIC ENZYME INCREASED|HYPOTENSION|PNEUMONIA|VENTRICULAR TACHYCARDIA,HEPATIC ENZYME INCREASED,False,True,False,suspect,True,IDIOPATHIC PULMONARY FIBROSIS,True,2014-12-19,,,False,False,True,False,True,True,False,False,False
nintedanib,10760240,1,20150204,20150204,2015,US,US,2,female,67.0,67.0,801,EPISTAXIS|HEPATIC ENZYME INCREASED,HEPATIC ENZYME INCREASED,False,True,False,suspect,True,IDIOPATHIC PULMONARY FIBROSIS,True,,,,False,False,False,False,False,False,False,False,False
nintedanib,10793548,6,20150213,20150623,2015,US,US,1,male,60.0,60.0,801,BLOOD OESTROGEN INCREASED|BREAST ENLARGEMENT|BREAST TENDERNESS|DIARRHOEA|GYNAECOMASTIA|LIVER FUNCTION TEST ABNORMAL|NAUSEA,LIVER FUNCTION TEST ABNORMAL,False,True,False,suspect,True,IDIOPATHIC PULMONARY FIBROSIS|PROPHYLAXIS,True,2014-11-16,,,False,False,True,False,False,False,False,False,True
nintedanib,10896166,2,20150309,20150722,2015,US,US,2,male,60.0,60.0,801,BLOOD OESTROGEN INCREASED|BREAST ENLARGEMENT|BREAST TENDERNESS|LIVER FUNCTION TEST ABNORMAL,LIVER FUNCTION TEST ABNORMAL,False,True,False,suspect,True,IDIOPATHIC PULMONARY FIBROSIS,True,2014-11-28,,,False,False,False,False,False,False,False,False,False
nintedanib,10919139,5,20150316,20170331,2015,US,US,5,female,77.0,77.0,801,ABDOMINAL PAIN|BACK PAIN|CEREBROVASCULAR ACCIDENT|CHEST PAIN|DIARRHOEA|GASTROOESOPHAGEAL REFLUX DISEASE|LIVER FUNCTION TEST INCREASED|NAUSEA,LIVER FUNCTION TEST INCREASED,False,True,False,suspect,True,IDIOPATHIC PULMONARY FIBROSIS|INTERSTITIAL LUNG DISEASE,True,2015-02-12,2017-03-20,767.0,False,False,True,False,True,False,False,False,False
nintedanib,11052770,1,20150421,20150421,2015,PR,US,1,female,67.0,67.0,801,ABDOMINAL DISCOMFORT|DIARRHOEA|HEPATIC ENZYME INCREASED|PRURITUS|RASH,HEPATIC ENZYME INCREASED,False,True,False,suspect,True,IDIOPATHIC PULMONARY FIBROSIS,True,2015-02-27,,,False,False,True,False,False,False,False,False,True
nintedanib,11108796,1,20150513,20150513,2015,US,US,3,female,,,,ABDOMINAL DISTENSION|ABDOMINAL PAIN|CHEST PAIN|DECREASED APPETITE|DIARRHOEA|FATIGUE|GASTROOESOPHAGEAL REFLUX DISEASE|HEADACHE|HEPATIC ENZYME INCREASED|NAUSEA,HEPATIC ENZYME INCREASED,False,True,False,suspect,True,IDIOPATHIC PULMONARY FIBROSIS,True,,,,False,False,False,False,False,False,False,False,False
nintedanib,11114009,9,20150514,20190624,2015,US,US,5,female,85.0,85.0,801,ABDOMINAL DISCOMFORT|ALANINE AMINOTRANSFERASE INCREASED|ASPARTATE AMINOTRANSFERASE INCREASED|ASTHENIA|COUGH|DECREASED APPETITE|DEPRESSED MOOD|DIARRHOEA|DIZZINESS|DYSPNOEA|FATIGUE|FLATULENCE|GALLBLADDER OPERATION|GASTRIC DISORDER|HEADACHE|MUSCLE SPASMS|NERVOUSNESS|PRODUCTIVE COUGH|THROMBOSIS|TREMOR|URINARY TRACT INFECTION|WHEEZING,ALANINE AMINOTRANSFERASE INCREASED|ASPARTATE AMINOTRANSFERASE INCREASED,False,True,False,suspect,True,IDIOPATHIC PULMONARY FIBROSIS,True,2015-03-24,2015-03-31,7.0,True,False,True,False,False,False,False,False,True
nintedanib,11153464,1,20150602,20150602,2015,US,US,5,female,,,,ABDOMINAL PAIN|DECREASED APPETITE|HAEMOPTYSIS|HEPATIC ENZYME INCREASED|VOMITING,HEPATIC ENZYME INCREASED,False,True,False,suspect,True,PRODUCT USED FOR UNKNOWN INDICATION,False,,,,False,False,False,False,False,False,False,False,False
nintedanib,11172281,1,20150608,20150608,2015,US,US,3,female,75.0,75.0,801,CHILLS|DIARRHOEA|HEADACHE|HEPATIC ENZYME INCREASED|NAUSEA|PAIN|PYREXIA|VAGINAL HAEMORRHAGE,HEPATIC ENZYME INCREASED,False,True,False,suspect,True,IDIOPATHIC PULMONARY FIBROSIS,True,2015-05-05,2015-05-05,0.0,True,False,True,False,True,False,False,False,False
nintedanib,11175997,1,20150609,20150609,2015,US,US,5,female,73.0,73.0,801,ABDOMINAL DISCOMFORT|DEPRESSION|DIARRHOEA|DIZZINESS|HEPATIC ENZYME INCREASED|SINUSITIS|UPPER RESPIRATORY TRACT INFECTION|URINARY TRACT INFECTION,HEPATIC ENZYME INCREASED,False,True,False,suspect,True,IDIOPATHIC PULMONARY FIBROSIS,True,,,,False,False,False,False,False,False,False,False,False
nintedanib,11221529,1,20150626,20150626,2015,US,US,1,female,,,,ALANINE AMINOTRANSFERASE INCREASED|ASPARTATE AMINOTRANSFERASE INCREASED,ALANINE AMINOTRANSFERASE INCREASED|ASPARTATE AMINOTRANSFERASE INCREASED,False,True,False,suspect,True,IDIOPATHIC PULMONARY FIBROSIS,True,,,,False,False,False,False,False,False,False,False,False
nintedanib,11274344,1,20150715,20150715,2015,US,US,1,female,,,,CIRCULATORY COLLAPSE|LIVER FUNCTION TEST ABNORMAL,LIVER FUNCTION TEST ABNORMAL,False,True,False,suspect,True,IDIOPATHIC PULMONARY FIBROSIS,True,2015-06-18,2015-07-06,18.0,True,False,True,False,False,False,False,False,True
nintedanib,11277828,1,20150716,20150716,2015,US,US,1,male,68.0,68.0,801,DYSPNOEA|HYPERBILIRUBINAEMIA|JAUNDICE|NAUSEA|VOMITING|WEIGHT DECREASED,HYPERBILIRUBINAEMIA|JAUNDICE,False,True,False,suspect,True,IDIOPATHIC PULMONARY FIBROSIS,True,2015-02-06,,,False,False,False,False,False,False,False,False,False
nintedanib,11287769,3,20150721,20151012,2015,US,US,1,female,78.0,78.0,801,ABDOMINAL PAIN UPPER|CONSTIPATION|FATIGUE|GALLBLADDER DISORDER|HEPATIC ENZYME INCREASED|PALPITATIONS,HEPATIC ENZYME INCREASED,False,True,False,suspect,True,IDIOPATHIC PULMONARY FIBROSIS,True,2015-01-26,2015-01-28,2.0,True,False,True,False,True,False,False,False,False
nintedanib,11310855,1,20150726,20150726,2015,US,US,1,female,76.0,76.0,801,ABDOMINAL PAIN UPPER|DIZZINESS|INSOMNIA|LIVER DISORDER|LIVER INJURY,LIVER DISORDER,False,True,False,suspect,True,IDIOPATHIC PULMONARY FIBROSIS,True,2015-05-22,2015-06-01,10.0,True,False,True,False,False,False,False,False,True
nintedanib,11310856,3,20150726,20161012,2015,US,US,5,male,71.0,71.0,801,DECREASED APPETITE|INFLUENZA|LIVER FUNCTION TEST INCREASED|NASOPHARYNGITIS|NAUSEA|THROMBOSIS|VOMITING,LIVER FUNCTION TEST INCREASED,False,True,False,suspect,True,IDIOPATHIC PULMONARY FIBROSIS,True,2015-06-01,2016-08-15,441.0,False,False,True,False,True,False,False,False,False
nintedanib,11326798,1,20150731,20150731,2015,US,US,1,female,,,,ALANINE AMINOTRANSFERASE INCREASED|ASPARTATE AMINOTRANSFERASE INCREASED|COUGH|DYSPNOEA|HEADACHE|MENINGITIS ASEPTIC,ALANINE AMINOTRANSFERASE INCREASED|ASPARTATE AMINOTRANSFERASE INCREASED,False,True,False,suspect,True,IDIOPATHIC PULMONARY FIBROSIS,True,,2015-06-21,,False,False,True,False,True,False,False,False,False
nintedanib,11397440,1,20150819,20150819,2015,US,US,3,female,,,,LIVER FUNCTION TEST ABNORMAL,LIVER FUNCTION TEST ABNORMAL,False,True,False,suspect,True,IDIOPATHIC PULMONARY FIBROSIS,True,,,,False,False,False,False,False,False,False,False,False
nintedanib,11434720,1,20150831,20150831,2015,US,US,5,male,,,,BLOOD ALKALINE PHOSPHATASE INCREASED,BLOOD ALKALINE PHOSPHATASE INCREASED,False,True,False,suspect,True,IDIOPATHIC PULMONARY FIBROSIS,True,,,,False,False,False,False,False,False,False,False,False
nintedanib,11435140,2,20150831,20150910,2015,US,US,1,male,54.0,54.0,801,ANXIETY|DYSPNOEA|FATIGUE|HEADACHE|HEPATIC ENZYME INCREASED|IDIOPATHIC PULMONARY FIBROSIS|PNEUMONIA|RESPIRATORY FAILURE,HEPATIC ENZYME INCREASED,False,True,False,suspect,True,IDIOPATHIC PULMONARY FIBROSIS,True,2015-07-09,2015-08-06,28.0,True,False,True,True,True,False,False,False,False
nintedanib,11453219,3,20150903,20151005,2015,US,US,1,male,,,,CYSTITIS|LIVER DISORDER|PYREXIA,LIVER DISORDER,False,True,False,suspect,True,IDIOPATHIC PULMONARY FIBROSIS,True,2015-07-30,,,False,False,True,False,True,False,False,False,False
nintedanib,11515466,1,20150916,20150916,2015,US,US,3,female,,,,HEPATIC ENZYME INCREASED,HEPATIC ENZYME INCREASED,False,True,False,suspect,True,PRODUCT USED FOR UNKNOWN INDICATION,False,,,,False,False,False,False,False,False,False,False,False
nintedanib,11539990,1,20150923,20150923,2015,US,US,1,female,74.0,74.0,801,COUGH|DIARRHOEA|LIVER DISORDER|LIVER INJURY|URINARY TRACT INFECTION,LIVER DISORDER,False,True,False,suspect,True,IDIOPATHIC PULMONARY FIBROSIS,True,2015-07-18,2015-08-08,21.0,True,False,True,False,False,False,False,False,True
nintedanib,11540853,4,20150923,20151208,2015,US,US,1,female,,,,ASTHENIA|BLOOD PRESSURE INCREASED|CHILLS|DIARRHOEA|FATIGUE|HEPATIC ENZYME ABNORMAL|LIVER DISORDER|LIVER FUNCTION TEST ABNORMAL,LIVER DISORDER|LIVER FUNCTION TEST ABNORMAL,False,True,False,suspect,True,IDIOPATHIC PULMONARY FIBROSIS,True,2015-08-03,,,False,False,True,False,True,False,False,False,False
nintedanib,11556973,2,20150925,20151015,2015,FR,FR,1,male,72.0,72.0,801,DEATH|HEPATIC ENZYME INCREASED|HYPOTENSION|MALAISE,HEPATIC ENZYME INCREASED,False,True,False,suspect,True,PULMONARY FIBROSIS,True,2015-07-08,2015-07-25,17.0,True,False,True,True,False,False,False,False,False
nintedanib,11561700,3,20150928,20151020,2015,CA,CA,1,female,59.0,59.0,801,ABDOMINAL PAIN|CHOLELITHIASIS|CYANOSIS|HEPATIC FAILURE|HEPATITIS ACUTE|NAUSEA|TREMOR,HEPATIC FAILURE|HEPATITIS ACUTE,True,True,False,suspect,True,IDIOPATHIC PULMONARY FIBROSIS,True,2015-09-15,2015-09-18,3.0,True,False,True,False,True,False,False,False,False
nintedanib,11564576,2,20150928,20151201,2015,US,US,1,female,91.0,91.0,801,ABDOMINAL PAIN|ABDOMINAL PAIN UPPER|ASTHENIA|DIARRHOEA|HAEMATURIA|HEPATIC ENZYME INCREASED|NAUSEA|NEPHROLITHIASIS|RENAL HAEMORRHAGE|WEIGHT DECREASED,HEPATIC ENZYME INCREASED,False,True,False,suspect,True,IDIOPATHIC PULMONARY FIBROSIS,True,2015-03-09,2015-09-14,189.0,True,False,True,False,True,False,True,False,False
nintedanib,11590296,3,20151002,20170422,2015,US,US,5,male,,,,COUGH|DIARRHOEA|DYSPNOEA|LIVER DISORDER|PRODUCTIVE COUGH|VOMITING,LIVER DISORDER,False,True,False,suspect,True,IDIOPATHIC PULMONARY FIBROSIS,True,2015-09-02,,,False,False,True,False,True,False,False,False,False
nintedanib,11592894,1,20151005,20151005,2015,US,US,3,female,77.0,77.0,801,HEPATIC ENZYME INCREASED,HEPATIC ENZYME INCREASED,False,True,False,suspect,True,IDIOPATHIC PULMONARY FIBROSIS,True,2015-08-10,2015-09-14,35.0,True,False,False,False,False,False,False,False,False
nintedanib,11593983,2,20151005,20160121,2015,US,US,5,male,,,,JAUNDICE,JAUNDICE,False,True,False,suspect,True,PRODUCT USED FOR UNKNOWN INDICATION,False,,,,False,False,False,False,False,False,False,False,False
nintedanib,11596805,1,20151006,20151006,2015,US,US,3,male,46.0,46.0,801,ASPARTATE AMINOTRANSFERASE INCREASED|TUBERCULOSIS,ASPARTATE AMINOTRANSFERASE INCREASED,False,True,False,suspect,True,IDIOPATHIC PULMONARY FIBROSIS,True,,,,False,False,True,False,False,False,False,False,True
nintedanib,11614181,2,20151008,20160229,2015,FR,FR,1,female,,,,IDIOPATHIC PULMONARY FIBROSIS|TRANSAMINASES INCREASED,TRANSAMINASES INCREASED,False,True,False,suspect,True,IDIOPATHIC PULMONARY FIBROSIS,True,,,,False,True,True,True,False,False,False,False,False
nintedanib,11662077,1,20151026,20151026,2015,US,US,1,female,60.0,60.0,801,HEPATITIS,HEPATITIS,False,True,False,suspect,True,IDIOPATHIC PULMONARY FIBROSIS,True,2015-04-01,2015-04-21,20.0,True,False,False,False,False,False,False,False,False
nintedanib,11667894,1,20151027,20151027,2015,US,US,1,male,72.0,72.0,801,DIARRHOEA|DRUG-INDUCED LIVER INJURY|DYSPNOEA|HAEMATOCHEZIA|HEPATIC ENZYME INCREASED|IDIOPATHIC PULMONARY FIBROSIS|SLEEP APNOEA SYNDROME,DRUG-INDUCED LIVER INJURY|HEPATIC ENZYME INCREASED,True,True,False,suspect,True,IDIOPATHIC PULMONARY FIBROSIS,True,2015-01-06,,,False,False,True,False,False,False,False,False,True
nintedanib,11686886,10,20151030,20161029,2015,US,US,5,female,62.0,62.0,801,COUGH|DEATH|DYSPNOEA|HEPATIC ENZYME INCREASED|INSOMNIA|MUSCLE SPASMS|PERIPHERAL SWELLING|PNEUMONIA|PRODUCTIVE COUGH|TRANSIENT ISCHAEMIC ATTACK|VOMITING,HEPATIC ENZYME INCREASED,False,True,False,suspect,True,IDIOPATHIC PULMONARY FIBROSIS,True,2015-10-08,2016-10-02,360.0,True,False,True,True,True,False,False,False,False
nintedanib,11687917,5,20151030,20160320,2015,JP,JP,1,male,61.0,61.0,801,DIARRHOEA|DRUG-INDUCED LIVER INJURY|VOMITING,DRUG-INDUCED LIVER INJURY,True,True,False,suspect,True,IDIOPATHIC PULMONARY FIBROSIS,True,2015-10-05,2015-10-21,16.0,True,False,True,False,True,False,True,False,False
nintedanib,11690776,2,20151102,20160107,2015,CH,CH,1,male,68.0,68.0,801,ABDOMINAL PAIN UPPER|DECREASED APPETITE|IDIOPATHIC PULMONARY FIBROSIS|LUNG INFECTION|TRANSAMINASES INCREASED|VOMITING,TRANSAMINASES INCREASED,False,True,False,suspect,True,IDIOPATHIC PULMONARY FIBROSIS,True,2015-07-13,2015-08-20,38.0,True,False,True,True,False,False,False,False,False
nintedanib,11716850,5,20151109,20160406,2015,JP,JP,1,male,75.0,75.0,801,BRONCHOPULMONARY ASPERGILLOSIS|DECREASED APPETITE|FAECES SOFT|LIVER DISORDER|MALAISE,LIVER DISORDER,False,True,False,suspect,True,IDIOPATHIC PULMONARY FIBROSIS,True,2015-10-15,2015-10-19,4.0,True,False,True,True,True,False,False,False,False
nintedanib,11746729,3,20151117,20160620,2015,JP,JP,1,female,73.0,73.0,801,ALANINE AMINOTRANSFERASE INCREASED|ASPARTATE AMINOTRANSFERASE INCREASED|BLOOD LACTATE DEHYDROGENASE INCREASED|C-REACTIVE PROTEIN INCREASED|CHOLECYSTITIS|DRUG EFFECT INCOMPLETE|IDIOPATHIC PULMONARY FIBROSIS|PYREXIA,ALANINE AMINOTRANSFERASE INCREASED|ASPARTATE AMINOTRANSFERASE INCREASED,False,True,False,suspect,True,IDIOPATHIC PULMONARY FIBROSIS,True,2015-10-06,2015-10-22,16.0,True,False,True,True,False,True,False,False,False
nintedanib,11757761,3,20151120,20160412,2015,JP,JP,1,male,59.0,59.0,801,DECREASED APPETITE|DIARRHOEA|HEPATIC FUNCTION ABNORMAL,HEPATIC FUNCTION ABNORMAL,False,True,False,suspect,True,IDIOPATHIC PULMONARY FIBROSIS,True,2015-10-08,2016-01-05,89.0,True,False,False,False,False,False,False,False,False
nintedanib,11774093,1,20151124,20151124,2015,US,US,3,male,72.0,72.0,801,ATRIAL FIBRILLATION|LIVER FUNCTION TEST ABNORMAL,LIVER FUNCTION TEST ABNORMAL,False,True,False,suspect,True,IDIOPATHIC PULMONARY FIBROSIS,True,,,,False,False,False,False,False,False,False,False,False
nintedanib,11786991,1,20151130,20151130,2015,US,US,1,female,,,,LIVER FUNCTION TEST ABNORMAL,LIVER FUNCTION TEST ABNORMAL,False,True,False,suspect,True,IDIOPATHIC PULMONARY FIBROSIS,True,,,,False,False,False,False,False,False,False,False,False
nintedanib,11798269,1,20151203,20151203,2015,PT,PT,1,male,79.0,79.0,801,HEPATOTOXICITY,HEPATOTOXICITY,True,True,False,suspect,True,IDIOPATHIC PULMONARY FIBROSIS,True,2015-11-05,2015-11-23,18.0,True,False,True,False,False,False,False,False,True
nintedanib,11807999,1,20151207,20151207,2015,US,US,1,unknown,,,,BLOOD BILIRUBIN INCREASED,BLOOD BILIRUBIN INCREASED,False,True,False,suspect,True,IDIOPATHIC PULMONARY FIBROSIS,True,,,,False,False,False,False,False,False,False,False,False
nintedanib,11808612,2,20151207,20151208,2015,US,US,1,male,73.0,73.0,801,ABDOMINAL PAIN|ASTHENIA|BACK PAIN|BURNING SENSATION|CHROMATURIA|DECREASED APPETITE|HEPATIC ENZYME INCREASED|HYPOTONIA|WEIGHT DECREASED|YELLOW SKIN,HEPATIC ENZYME INCREASED,False,True,False,suspect,True,IDIOPATHIC PULMONARY FIBROSIS,True,2015-01-01,2015-05-01,120.0,True,False,True,False,False,True,False,False,False
nintedanib,11810913,1,20151208,20151208,2015,US,US,1,female,63.0,63.0,801,ALANINE AMINOTRANSFERASE INCREASED|ASPARTATE AMINOTRANSFERASE INCREASED|LIVER FUNCTION TEST ABNORMAL,ALANINE AMINOTRANSFERASE INCREASED|ASPARTATE AMINOTRANSFERASE INCREASED|LIVER FUNCTION TEST ABNORMAL,False,True,False,suspect,True,IDIOPATHIC PULMONARY FIBROSIS,True,2015-11-15,2015-11-21,6.0,True,False,False,False,False,False,False,False,False
nintedanib,11832150,1,20151214,20151214,2015,US,US,3,female,,,,HEPATIC ENZYME INCREASED,HEPATIC ENZYME INCREASED,False,True,False,suspect,True,IDIOPATHIC PULMONARY FIBROSIS,True,2015-12-01,,,False,False,False,False,False,False,False,False,False
nintedanib,11840312,1,20151216,20151216,2015,US,US,5,female,77.0,77.0,801,DIARRHOEA|HEPATIC ENZYME INCREASED,HEPATIC ENZYME INCREASED,False,True,False,suspect,True,IDIOPATHIC PULMONARY FIBROSIS,True,,,,False,False,False,False,False,False,False,False,False
nintedanib,11859606,1,20151221,20151221,2015,US,US,5,male,81.0,81.0,801,HEPATIC ENZYME INCREASED,HEPATIC ENZYME INCREASED,False,True,False,suspect,True,IDIOPATHIC PULMONARY FIBROSIS,True,,,,False,False,False,False,False,False,False,False,False
nintedanib,11871220,1,20151228,20151228,2015,US,US,3,male,81.0,81.0,801,HEPATIC ENZYME INCREASED,HEPATIC ENZYME INCREASED,False,True,False,suspect,True,IDIOPATHIC PULMONARY FIBROSIS,True,,2015-11-23,,False,False,False,False,False,False,False,False,False
nintedanib,11878582,8,20151230,20180108,2015,JP,JP,1,male,77.0,77.0,801,DECREASED APPETITE|DRUG-INDUCED LIVER INJURY|HYPONATRAEMIA|IDIOPATHIC PULMONARY FIBROSIS|INAPPROPRIATE ANTIDIURETIC HORMONE SECRETION|LIVER FUNCTION TEST INCREASED|MALAISE|PYREXIA|VOMITING,DRUG-INDUCED LIVER INJURY|LIVER FUNCTION TEST INCREASED,True,True,False,suspect,True,IDIOPATHIC PULMONARY FIBROSIS,True,2015-11-14,2015-11-14,0.0,True,False,True,True,True,True,False,False,True
nintedanib,11899131,2,20160108,20160330,2016,JP,JP,1,male,73.0,73.0,801,ALANINE AMINOTRANSFERASE INCREASED|ASPARTATE AMINOTRANSFERASE INCREASED|C-REACTIVE PROTEIN INCREASED|CHOLECYSTITIS|DRUG EFFECT INCOMPLETE|IDIOPATHIC PULMONARY FIBROSIS|PYREXIA,ALANINE AMINOTRANSFERASE INCREASED|ASPARTATE AMINOTRANSFERASE INCREASED,False,True,False,suspect,True,IDIOPATHIC PULMONARY FIBROSIS,True,2015-10-06,2015-10-22,16.0,True,False,True,True,True,True,False,False,False
nintedanib,11902710,3,20160108,20160927,2016,JP,JP,1,male,66.0,66.0,801,DEATH|DRUG EFFECT INCOMPLETE|GAMMA-GLUTAMYLTRANSFERASE INCREASED|PYREXIA,GAMMA-GLUTAMYLTRANSFERASE INCREASED,False,True,False,suspect,True,IDIOPATHIC PULMONARY FIBROSIS,True,2015-10-01,,,False,False,True,True,False,False,False,False,False
nintedanib,11940659,7,20160122,20160415,2016,DE,DE,1,male,64.0,64.0,801,CARDIAC FAILURE|CONDITION AGGRAVATED|DYSPNOEA|GENERAL PHYSICAL HEALTH DETERIORATION|INFECTION|LIVER FUNCTION TEST INCREASED,LIVER FUNCTION TEST INCREASED,False,True,False,suspect,True,IDIOPATHIC PULMONARY FIBROSIS,True,2015-08-03,2015-09-18,46.0,True,False,True,False,True,False,False,False,False
nintedanib,11941412,2,20160122,20160216,2016,JP,JP,1,male,60.0,60.0,801,CHOLESTASIS|PNEUMOTHORAX,CHOLESTASIS,False,True,False,suspect,True,IDIOPATHIC PULMONARY FIBROSIS,True,2015-11-10,2015-11-25,15.0,True,False,True,False,False,False,False,False,True
nintedanib,11976667,5,20160129,20160711,2016,JP,JP,1,male,85.0,85.0,801,CEREBRAL INFARCTION|CONTUSION|DUODENAL ULCER HAEMORRHAGE|FALL|LIVER DISORDER|PNEUMONIA ASPIRATION|PNEUMOTHORAX,LIVER DISORDER,False,True,False,suspect,True,IDIOPATHIC PULMONARY FIBROSIS,True,2015-10-16,2015-11-04,19.0,True,False,True,True,True,False,False,False,False
nintedanib,12012566,15,20160205,20170106,2016,US,US,5,male,,,,ABASIA|ABNORMAL FAECES|AGEUSIA|ASTHENIA|BLOOD PRESSURE FLUCTUATION|CARDIAC ABLATION|COUGH|DECREASED APPETITE|DIARRHOEA|DIZZINESS|DYSGEUSIA|DYSPNOEA EXERTIONAL|FAECES SOFT|FLUID RETENTION|GASTROINTESTINAL DISORDER|HEART RATE INCREASED|HEART RATE IRREGULAR|LIVER FUNCTION TEST INCREASED|NASAL DISCOMFORT|PRODUCTIVE COUGH|RASH ERYTHEMATOUS|WEIGHT DECREASED,LIVER FUNCTION TEST INCREASED,False,True,False,suspect,True,IDIOPATHIC PULMONARY FIBROSIS,True,2015-12-15,,,False,False,True,False,True,False,False,False,False
nintedanib,12060099,4,20160210,20161111,2016,JP,JP,1,female,71.0,71.0,801,BACK PAIN|LIVER DISORDER,LIVER DISORDER,False,True,False,suspect,True,IDIOPATHIC PULMONARY FIBROSIS,True,2015-09-05,2015-09-10,5.0,True,False,True,False,True,False,False,False,False
nintedanib,12081774,3,20160216,20160323,2016,JP,JP,1,female,78.0,78.0,801,ABDOMINAL PAIN UPPER|LIVER DISORDER|NAUSEA,LIVER DISORDER,False,True,False,suspect,True,IDIOPATHIC PULMONARY FIBROSIS,True,2015-11-16,2015-11-16,0.0,True,False,True,False,True,False,False,False,False
nintedanib,12084438,3,20160217,20161124,2016,JP,JP,1,male,66.0,66.0,801,DRUG EFFECT INCOMPLETE|IDIOPATHIC PULMONARY FIBROSIS|LIVER DISORDER|PNEUMONIA BACTERIAL|PYREXIA,LIVER DISORDER,False,True,False,suspect,True,IDIOPATHIC PULMONARY FIBROSIS,True,2015-09-14,2015-09-14,0.0,True,False,True,False,True,False,False,False,False
nintedanib,12084695,2,20160217,20160314,2016,CA,CA,1,male,74.0,74.0,801,HEPATIC ENZYME INCREASED|HEPATITIS,HEPATIC ENZYME INCREASED|HEPATITIS,False,True,False,suspect,True,IDIOPATHIC PULMONARY FIBROSIS,True,2015-12-18,2016-01-29,42.0,True,False,False,False,False,False,False,False,False
nintedanib,12084783,9,20160217,20170519,2016,CA,CA,5,female,,,,ABDOMINAL PAIN UPPER|ALANINE AMINOTRANSFERASE INCREASED|DIARRHOEA|DRUG-INDUCED LIVER INJURY|DYSPNOEA|IDIOPATHIC PULMONARY FIBROSIS|OFF LABEL USE,ALANINE AMINOTRANSFERASE INCREASED|DRUG-INDUCED LIVER INJURY,True,True,False,suspect,True,IDIOPATHIC PULMONARY FIBROSIS,True,2015-09-12,,,False,False,True,True,True,False,False,False,True
nintedanib,12118967,2,20160226,20160309,2016,JP,JP,1,male,71.0,71.0,801,DEATH|DIARRHOEA|HEPATIC ENZYME INCREASED,HEPATIC ENZYME INCREASED,False,True,False,suspect,True,IDIOPATHIC PULMONARY FIBROSIS,True,2015-09-15,2016-02-24,162.0,True,False,True,True,False,False,False,False,False
nintedanib,12126828,2,20160229,20160304,2016,JP,JP,1,male,77.0,77.0,801,LIVER DISORDER|PNEUMONIA,LIVER DISORDER,False,True,False,suspect,True,IDIOPATHIC PULMONARY FIBROSIS,True,2015-10-15,2015-11-17,33.0,True,False,True,False,True,False,False,False,False
nintedanib,12138712,3,20160302,20160323,2016,JP,JP,1,male,72.0,72.0,801,CEREBRAL INFARCTION|LIVER DISORDER,LIVER DISORDER,False,True,False,suspect,True,IDIOPATHIC PULMONARY FIBROSIS,True,2016-01-09,2016-01-13,4.0,True,False,True,False,True,False,True,False,False
nintedanib,12159755,2,20160308,20160425,2016,JP,JP,1,male,78.0,78.0,801,LIVER DISORDER,LIVER DISORDER,False,True,False,suspect,True,IDIOPATHIC PULMONARY FIBROSIS,True,2015-11-10,2015-11-17,7.0,True,False,False,False,False,False,False,False,False
nintedanib,12180965,2,20160315,20160320,2016,US,US,5,female,80.0,80.0,801,DRUG-INDUCED LIVER INJURY|IDIOPATHIC PULMONARY FIBROSIS|LIVER FUNCTION TEST INCREASED|MULTIPLE ORGAN DYSFUNCTION SYNDROME,DRUG-INDUCED LIVER INJURY|LIVER FUNCTION TEST INCREASED,True,True,False,suspect,True,PULMONARY FIBROSIS,True,,,,False,False,True,True,True,False,False,False,False
nintedanib,12193405,1,20160320,20160320,2016,US,US,1,male,79.0,79.0,801,ABNORMAL LOSS OF WEIGHT|BLOOD CREATININE INCREASED|DEHYDRATION|HYPOTENSION|LIVER FUNCTION TEST INCREASED,LIVER FUNCTION TEST INCREASED,False,True,False,suspect,True,IDIOPATHIC PULMONARY FIBROSIS,True,,,,False,False,False,False,False,False,False,False,False
nintedanib,12209343,1,20160324,20160324,2016,PT,PT,1,male,,,,DEATH|HEPATIC ENZYME INCREASED|HEPATOTOXICITY,HEPATIC ENZYME INCREASED|HEPATOTOXICITY,True,True,False,suspect,True,IDIOPATHIC PULMONARY FIBROSIS,True,,,,False,False,True,True,False,False,False,False,False
nintedanib,12214045,5,20160328,20160826,2016,JP,JP,1,male,76.0,76.0,801,ANAL FISTULA|CARDIO-RESPIRATORY ARREST|LIVER DISORDER|PNEUMOMEDIASTINUM|PNEUMONIA ASPIRATION|SINUS NODE DYSFUNCTION,LIVER DISORDER,False,True,False,suspect,True,IDIOPATHIC PULMONARY FIBROSIS,True,2015-10-08,2015-10-13,5.0,True,False,True,True,True,True,False,False,True
nintedanib,12221193,2,20160330,20160518,2016,JP,JP,1,male,71.0,71.0,801,ALANINE AMINOTRANSFERASE INCREASED|DIARRHOEA|PNEUMONIA BACTERIAL,ALANINE AMINOTRANSFERASE INCREASED,False,True,False,suspect,True,IDIOPATHIC PULMONARY FIBROSIS,True,2015-12-16,2016-01-08,23.0,True,False,True,False,True,False,False,False,False
nintedanib,12221955,2,20160330,20160413,2016,JP,JP,1,female,72.0,72.0,801,HEPATIC FUNCTION ABNORMAL,HEPATIC FUNCTION ABNORMAL,False,True,False,suspect,True,IDIOPATHIC PULMONARY FIBROSIS,True,2015-11-16,2015-11-17,1.0,True,False,True,False,True,False,False,False,False
nintedanib,12231722,2,20160401,20160610,2016,US,US,3,male,67.0,67.0,801,LIVER FUNCTION TEST INCREASED|RASH GENERALISED,LIVER FUNCTION TEST INCREASED,False,True,False,suspect,True,IDIOPATHIC PULMONARY FIBROSIS,True,,,,False,False,False,False,False,False,False,False,False
nintedanib,12271314,1,20160415,20160415,2016,US,US,1,male,76.0,76.0,801,COUGH|IDIOPATHIC PULMONARY FIBROSIS|LIVER FUNCTION TEST INCREASED|NASOPHARYNGITIS|PNEUMONIA|UPPER-AIRWAY COUGH SYNDROME,LIVER FUNCTION TEST INCREASED,False,True,False,suspect,True,IDIOPATHIC PULMONARY FIBROSIS,True,2015-07-21,,,False,False,True,True,True,False,False,False,False
nintedanib,12278786,1,20160418,20160418,2016,JP,JP,1,male,87.0,87.0,801,IDIOPATHIC PULMONARY FIBROSIS|LIVER DISORDER,LIVER DISORDER,False,True,False,suspect,True,IDIOPATHIC PULMONARY FIBROSIS,True,2016-02-04,2016-02-22,18.0,True,False,True,False,True,False,True,False,False
nintedanib,12287696,2,20160420,20160429,2016,JP,JP,1,male,78.0,78.0,801,HEPATIC FUNCTION ABNORMAL|HYPERAMYLASAEMIA|IDIOPATHIC PULMONARY FIBROSIS|MUSCLE SPASMS|SUDDEN DEATH,HEPATIC FUNCTION ABNORMAL,False,True,False,suspect,True,IDIOPATHIC PULMONARY FIBROSIS,True,2015-10-22,2016-02-09,110.0,True,False,True,True,True,False,False,False,False
nintedanib,12290181,2,20160421,20160513,2016,US,US,1,female,77.0,77.0,801,ABDOMINAL DISCOMFORT|CHROMATURIA|FAECES DISCOLOURED|LIVER FUNCTION TEST INCREASED,LIVER FUNCTION TEST INCREASED,False,True,False,suspect,True,IDIOPATHIC PULMONARY FIBROSIS,True,,2016-03-28,,False,False,False,False,False,False,False,False,False
nintedanib,12296465,1,20160422,20160422,2016,US,US,1,female,,,,HEPATIC ENZYME INCREASED|HEPATIC STEATOSIS,HEPATIC ENZYME INCREASED,False,True,False,suspect,True,IDIOPATHIC PULMONARY FIBROSIS,True,,,,False,False,False,False,False,False,False,False,False
nintedanib,12327010,2,20160503,20160902,2016,US,US,1,male,70.0,70.0,801,ABDOMINAL DISCOMFORT|ABDOMINAL DISTENSION|ABDOMINAL PAIN UPPER|DIARRHOEA|FATIGUE|HEPATIC ENZYME INCREASED|HOSPITALISATION|INFLUENZA|NAUSEA|PNEUMONIA,HEPATIC ENZYME INCREASED,False,True,False,suspect,True,IDIOPATHIC PULMONARY FIBROSIS|INTERSTITIAL LUNG DISEASE,True,2015-01-01,2015-02-10,40.0,True,False,True,False,True,False,False,False,False
nintedanib,12372691,4,20160516,20160902,2016,US,US,3,female,63.0,63.0,801,ASPARTATE AMINOTRANSFERASE INCREASED|BLOOD BILIRUBIN INCREASED|COLORECTAL CANCER METASTATIC|HYPERBILIRUBINAEMIA|LIVER FUNCTION TEST INCREASED|OFF LABEL USE,ASPARTATE AMINOTRANSFERASE INCREASED|BLOOD BILIRUBIN INCREASED|HYPERBILIRUBINAEMIA|LIVER FUNCTION TEST INCREASED,False,True,True,suspect,True,COLORECTAL CANCER,False,2015-07-28,2015-07-28,0.0,True,False,True,True,False,False,False,False,True
nintedanib,12398962,8,20160524,20180209,2016,US,US,5,female,67.0,67.0,801,ASTHENIA|BLOOD ALKALINE PHOSPHATASE INCREASED|COAGULATION TIME PROLONGED|CONSTIPATION|DEHYDRATION|DIARRHOEA|DYSPNOEA|DYSPNOEA EXERTIONAL|MUSCULAR WEAKNESS|NAUSEA|PAIN|PRODUCTIVE COUGH|PYREXIA|RESPIRATORY FAILURE|SINUSITIS|URINARY TRACT INFECTION|VOMITING|WHITE BLOOD CELL COUNT INCREASED,BLOOD ALKALINE PHOSPHATASE INCREASED,False,True,False,suspect,True,IDIOPATHIC PULMONARY FIBROSIS,True,2016-02-16,2016-05-11,85.0,True,False,True,True,True,False,False,False,True
nintedanib,12402976,3,20160525,20160810,2016,IE,IE,1,male,71.0,71.0,801,ATRIAL FIBRILLATION|HEPATIC FUNCTION ABNORMAL|IDIOPATHIC PULMONARY FIBROSIS|PNEUMONIA|RESPIRATORY FAILURE,HEPATIC FUNCTION ABNORMAL,False,True,False,suspect,True,IDIOPATHIC PULMONARY FIBROSIS,True,,2015-12-26,,False,False,True,True,True,False,False,False,False
nintedanib,12419915,2,20160531,20160603,2016,JP,JP,3,female,60.0,60.0,801,ALANINE AMINOTRANSFERASE INCREASED|ANAEMIA|FATIGUE|NEUTROPENIA|OEDEMA|OEDEMA PERIPHERAL|RASH,ALANINE AMINOTRANSFERASE INCREASED,False,True,False,suspect,True,LUNG ADENOCARCINOMA,False,,,,False,False,True,False,False,False,False,False,True
nintedanib,12428476,5,20160602,20161004,2016,JP,JP,1,male,86.0,86.0,801,LIVER DISORDER,LIVER DISORDER,False,True,False,suspect,True,IDIOPATHIC PULMONARY FIBROSIS,True,2016-04-26,2016-05-26,30.0,True,False,True,False,True,False,False,False,False
nintedanib,12451091,2,20160609,20160801,2016,JP,JP,1,male,75.0,75.0,801,DEATH|HEPATIC FUNCTION ABNORMAL,HEPATIC FUNCTION ABNORMAL,False,True,False,suspect,True,IDIOPATHIC PULMONARY FIBROSIS,True,2015-12-08,2015-12-14,6.0,True,False,True,True,False,False,False,False,False
nintedanib,12451224,2,20160609,20160630,2016,JP,JP,1,female,75.0,75.0,801,DECREASED APPETITE|LIVER DISORDER|PNEUMOMEDIASTINUM,LIVER DISORDER,False,True,False,suspect,True,IDIOPATHIC PULMONARY FIBROSIS,True,2015-10-29,2016-02-02,96.0,True,False,True,True,False,False,False,False,True
nintedanib,12464843,2,20160614,20160902,2016,JP,JP,1,male,79.0,79.0,801,DIARRHOEA|LIVER DISORDER,LIVER DISORDER,False,True,False,suspect,True,IDIOPATHIC PULMONARY FIBROSIS,True,2015-11-17,2015-12-15,28.0,True,False,False,False,False,False,False,False,False
nintedanib,12472223,1,20160616,20160616,2016,US,US,3,female,79.0,79.0,801,DECREASED APPETITE|DIARRHOEA|FATIGUE|LIVER FUNCTION TEST INCREASED,LIVER FUNCTION TEST INCREASED,False,True,False,suspect,True,IDIOPATHIC PULMONARY FIBROSIS,True,,,,False,False,False,False,False,False,False,False,False
nintedanib,12488821,1,20160622,20160622,2016,US,US,1,unknown,,,,TRANSAMINASES INCREASED,TRANSAMINASES INCREASED,False,True,False,suspect,True,IDIOPATHIC PULMONARY FIBROSIS,True,,,,False,False,True,False,False,False,False,False,True
nintedanib,12488935,4,20160622,20160915,2016,DE,DE,1,female,78.0,78.0,801,ATRIAL FIBRILLATION|DIARRHOEA|DYSPNOEA|EPISTAXIS|IDIOPATHIC PULMONARY FIBROSIS|LIVER FUNCTION TEST INCREASED,LIVER FUNCTION TEST INCREASED,False,True,False,suspect,True,IDIOPATHIC PULMONARY FIBROSIS,True,2016-02-02,2016-03-01,28.0,True,False,True,False,True,False,False,False,False
nintedanib,12492985,1,20160623,20160623,2016,US,US,1,unknown,,,,TRANSAMINASES INCREASED,TRANSAMINASES INCREASED,False,True,False,suspect,True,IDIOPATHIC PULMONARY FIBROSIS,True,,,,False,False,True,False,False,False,False,False,True
nintedanib,12497916,2,20160626,20160906,2016,JP,JP,1,male,75.0,75.0,801,HEPATIC FUNCTION ABNORMAL|IDIOPATHIC PULMONARY FIBROSIS|SYSTEMIC CANDIDA,HEPATIC FUNCTION ABNORMAL,False,True,False,suspect,True,IDIOPATHIC PULMONARY FIBROSIS,True,2016-02-01,2016-02-04,3.0,True,False,True,True,True,False,False,False,True
nintedanib,12531611,3,20160706,20160718,2016,US,US,1,female,72.0,72.0,801,BLOOD GLUCOSE ABNORMAL|BLOOD GLUCOSE FLUCTUATION|BLOOD GLUCOSE INCREASED|CHROMATURIA|CONTUSION|DEHYDRATION|DIARRHOEA|FATIGUE|HEPATIC ENZYME ABNORMAL|HEPATIC ENZYME INCREASED|MUSCULAR WEAKNESS|NAUSEA|PERIPHERAL SWELLING|RASH|RHEUMATIC DISORDER|SKIN ATROPHY|VOMITING,HEPATIC ENZYME INCREASED,False,True,False,suspect,True,IDIOPATHIC PULMONARY FIBROSIS,True,2016-02-12,2016-02-20,8.0,True,False,True,False,True,False,False,False,False
nintedanib,12557278,3,20160714,20160727,2016,JP,JP,1,male,78.0,78.0,801,BLOOD BILIRUBIN INCREASED,BLOOD BILIRUBIN INCREASED,False,True,False,concomitant,True,COLON CANCER,False,2016-06-10,2016-07-08,28.0,True,False,True,False,True,False,False,False,False
nintedanib,12583235,3,20160722,20161230,2016,JP,JP,1,male,71.0,71.0,801,ALTERED STATE OF CONSCIOUSNESS|HEPATIC FUNCTION ABNORMAL|HYPONATRAEMIA|METASTASES TO LIVER,HEPATIC FUNCTION ABNORMAL,False,True,False,suspect,True,IDIOPATHIC PULMONARY FIBROSIS,True,2016-07-12,2016-07-15,3.0,True,True,True,True,True,False,False,False,False
nintedanib,12590370,2,20160725,20160926,2016,JP,JP,1,female,71.0,71.0,801,EOSINOPHIL COUNT INCREASED|LIVER FUNCTION TEST ABNORMAL,LIVER FUNCTION TEST ABNORMAL,False,True,False,suspect,True,IDIOPATHIC PULMONARY FIBROSIS,True,2016-03-29,2016-04-25,27.0,True,False,False,False,False,False,False,False,False
nintedanib,12597216,2,20160726,20160803,2016,DE,DE,1,female,70.0,70.0,801,ALANINE AMINOTRANSFERASE INCREASED|ASPARTATE AMINOTRANSFERASE INCREASED|DYSPNOEA|GAMMA-GLUTAMYLTRANSFERASE INCREASED,ALANINE AMINOTRANSFERASE INCREASED|ASPARTATE AMINOTRANSFERASE INCREASED|GAMMA-GLUTAMYLTRANSFERASE INCREASED,False,True,False,suspect,True,IDIOPATHIC PULMONARY FIBROSIS,True,2016-04-14,2016-04-21,7.0,True,False,True,False,True,False,False,False,False
nintedanib,12613571,2,20160802,20160902,2016,JP,JP,1,female,72.0,72.0,801,LIVER DISORDER,LIVER DISORDER,False,True,False,suspect,True,IDIOPATHIC PULMONARY FIBROSIS,True,2016-04-18,2016-04-28,10.0,True,False,False,False,False,False,False,False,False
nintedanib,12622511,2,20160804,20160923,2016,JP,JP,1,male,71.0,71.0,801,CARDIAC FAILURE|LIVER DISORDER|RESPIRATORY FAILURE,LIVER DISORDER,False,True,False,suspect,True,IDIOPATHIC PULMONARY FIBROSIS,True,2016-02-23,2016-03-22,28.0,True,False,True,True,False,False,False,False,False
nintedanib,12652900,1,20160815,20160815,2016,JP,JP,1,male,79.0,79.0,801,GASTRIC CANCER|LIVER DISORDER,LIVER DISORDER,False,True,False,suspect,True,IDIOPATHIC PULMONARY FIBROSIS,True,2016-03-03,2016-03-18,15.0,True,False,True,False,False,False,False,False,True
nintedanib,12657085,1,20160816,20160816,2016,FR,FR,1,female,65.0,65.0,801,ALANINE AMINOTRANSFERASE INCREASED|ASPARTATE AMINOTRANSFERASE INCREASED|BLOOD ALKALINE PHOSPHATASE INCREASED|BLOOD BILIRUBIN INCREASED|BLOOD LACTATE DEHYDROGENASE INCREASED|GAMMA-GLUTAMYLTRANSFERASE INCREASED|WHITE BLOOD CELL COUNT INCREASED,ALANINE AMINOTRANSFERASE INCREASED|ASPARTATE AMINOTRANSFERASE INCREASED|BLOOD ALKALINE PHOSPHATASE INCREASED|BLOOD BILIRUBIN INCREASED|GAMMA-GLUTAMYLTRANSFERASE INCREASED,False,True,True,suspect,True,IDIOPATHIC PULMONARY FIBROSIS,True,,2016-06-29,,False,False,True,False,False,False,False,False,True
nintedanib,12684495,5,20160825,20170606,2016,JO,JO,3,male,78.0,78.0,801,ARTHRALGIA|BLOOD GLUCOSE DECREASED|CHEST PAIN|CHOLECYSTITIS|CONTUSION|DEATH|DECREASED APPETITE|DEHYDRATION|DIARRHOEA|GLYCOSYLATED HAEMOGLOBIN DECREASED|JAUNDICE|SEPSIS,JAUNDICE,False,True,False,suspect,True,IDIOPATHIC PULMONARY FIBROSIS,True,,2017-02-21,,False,False,True,True,True,False,False,False,True
nintedanib,12697973,1,20160830,20160830,2016,US,US,1,male,88.0,88.0,801,LIVER FUNCTION TEST ABNORMAL|RESPIRATORY DISTRESS,LIVER FUNCTION TEST ABNORMAL,False,True,False,suspect,True,IDIOPATHIC PULMONARY FIBROSIS,True,2015-05-07,2016-08-22,473.0,False,False,True,True,False,False,False,False,False
nintedanib,12713201,1,20160902,20160902,2016,CA,CA,1,male,,,,CHILLS|DIARRHOEA|HEPATIC ENZYME INCREASED|PYREXIA|WHITE BLOOD CELL COUNT INCREASED,HEPATIC ENZYME INCREASED,False,True,False,suspect,True,IDIOPATHIC PULMONARY FIBROSIS,True,2016-05-15,,,False,False,True,False,True,False,False,False,False
nintedanib,12716994,1,20160906,20160906,2016,US,US,1,male,72.0,72.0,801,LIVER DISORDER|MALAISE,LIVER DISORDER,False,True,False,suspect,True,IDIOPATHIC PULMONARY FIBROSIS,True,,2016-08-07,,False,False,True,False,True,False,False,False,False
nintedanib,12730097,2,20160909,20160927,2016,US,US,1,female,,,,LIVER DISORDER|RENAL DISORDER,LIVER DISORDER,False,True,False,suspect,True,IDIOPATHIC PULMONARY FIBROSIS,True,2016-08-04,,,False,False,True,False,True,False,False,False,False
nintedanib,12749287,1,20160915,20160915,2016,US,US,3,male,86.0,86.0,801,DRUG-INDUCED LIVER INJURY,DRUG-INDUCED LIVER INJURY,True,True,False,suspect,True,PULMONARY FIBROSIS,True,,,,False,False,True,False,True,False,False,False,False
nintedanib,12757045,2,20160918,20161024,2016,US,US,1,male,,,,LIVER DISORDER,LIVER DISORDER,False,True,False,suspect,True,IDIOPATHIC PULMONARY FIBROSIS,True,,,,False,False,False,False,False,False,False,False,False
nintedanib,12767641,1,20160921,20160921,2016,IT,IT,1,male,66.0,66.0,801,HEPATOTOXICITY,HEPATOTOXICITY,True,True,False,suspect,True,IDIOPATHIC PULMONARY FIBROSIS,True,2016-03-17,2016-06-16,91.0,True,False,True,False,False,False,False,False,True
nintedanib,12776311,1,20160923,20160923,2016,US,US,5,female,77.0,77.0,801,DEHYDRATION|DIARRHOEA|FATIGUE|NAUSEA|TRANSAMINASES INCREASED|VOMITING,TRANSAMINASES INCREASED,False,True,False,suspect,True,IDIOPATHIC PULMONARY FIBROSIS,True,2016-09-06,,,False,False,True,False,True,False,False,False,False
nintedanib,12781712,1,20160926,20160926,2016,JP,JP,1,male,75.0,75.0,801,LIVER DISORDER|VOMITING,LIVER DISORDER,False,True,False,suspect,True,IDIOPATHIC PULMONARY FIBROSIS,True,2016-04-05,2016-04-10,5.0,True,False,True,False,False,False,True,False,False
nintedanib,12789695,11,20160928,20171229,2016,US,US,5,male,65.0,65.0,801,ASTHENIA|BACK PAIN|DEHYDRATION|DIARRHOEA|DRY SKIN|DYSPNOEA|DYSPNOEA EXERTIONAL|GASTROINTESTINAL PAIN|HEPATIC ENZYME INCREASED|LOSS OF CONSCIOUSNESS|MUSCULAR WEAKNESS|MYALGIA|NEPHROLITHIASIS|OEDEMA PERIPHERAL|PERIPHERAL SWELLING|PULMONARY OEDEMA,HEPATIC ENZYME INCREASED,False,True,False,suspect,True,IDIOPATHIC PULMONARY FIBROSIS,True,2016-07-12,2016-08-28,47.0,True,False,True,False,True,False,False,False,False
nintedanib,12789705,1,20160928,20160928,2016,US,US,1,female,,,,DEHYDRATION|DIARRHOEA|DIZZINESS|LIVER FUNCTION TEST INCREASED|NAUSEA,LIVER FUNCTION TEST INCREASED,False,True,False,suspect,True,IDIOPATHIC PULMONARY FIBROSIS,True,2016-09-06,,,False,False,True,False,False,False,False,False,True
nintedanib,12789847,2,20160928,20161021,2016,US,US,5,female,,,,ABDOMINAL DISCOMFORT|ADVERSE DRUG REACTION|BILE OUTPUT INCREASED|DIARRHOEA|DRUG INEFFECTIVE|DYSPNOEA|HEADACHE|IDIOPATHIC PULMONARY FIBROSIS|LIVER DISORDER|LIVER FUNCTION TEST ABNORMAL|NAUSEA|PRODUCTIVE COUGH|VOMITING,LIVER DISORDER|LIVER FUNCTION TEST ABNORMAL,False,True,False,suspect,True,IDIOPATHIC PULMONARY FIBROSIS,True,2016-05-04,,,False,False,True,False,False,False,False,False,True
nintedanib,12836905,3,20161011,20161104,2016,CA,CA,5,male,80.0,80.0,801,ARTERIAL OCCLUSIVE DISEASE|ASTHENIA|CARDIAC FAILURE|CARDIOMYOPATHY|CHEST PAIN|CONSTIPATION|COUGH|DIARRHOEA|FATIGUE|LIVER FUNCTION TEST ABNORMAL|MUSCULOSKELETAL PAIN|NAUSEA,LIVER FUNCTION TEST ABNORMAL,False,True,False,suspect,True,IDIOPATHIC PULMONARY FIBROSIS,True,2016-05-27,2016-05-27,0.0,True,False,True,False,True,False,False,False,False
nintedanib,12853767,1,20161017,20161017,2016,JP,JP,1,male,82.0,82.0,801,HEPATIC ENZYME INCREASED|PNEUMONIA ASPIRATION,HEPATIC ENZYME INCREASED,False,True,False,suspect,True,IDIOPATHIC PULMONARY FIBROSIS,True,2016-02-24,2016-03-09,14.0,True,False,True,False,True,False,False,False,False
nintedanib,12869752,1,20161019,20161019,2016,US,US,2,male,69.0,69.0,801,ACUTE MYOCARDIAL INFARCTION|ANGINA UNSTABLE|TRANSAMINASES INCREASED,TRANSAMINASES INCREASED,False,True,False,suspect,True,INTERSTITIAL LUNG DISEASE,True,2016-09-29,2016-10-11,12.0,True,False,True,False,True,False,False,False,False
nintedanib,12886180,3,20161026,20170123,2016,US,US,5,male,,,,LIVER FUNCTION TEST INCREASED|LIVER INJURY,LIVER FUNCTION TEST INCREASED,False,True,False,suspect,True,IDIOPATHIC PULMONARY FIBROSIS,True,2016-07-12,,,False,False,True,False,False,False,False,False,True
nintedanib,12888617,1,20161027,20161027,2016,DE,DE,1,male,60.0,60.0,801,HEPATIC ENZYME INCREASED|PLATELET COUNT DECREASED|THROMBOCYTOPENIA,HEPATIC ENZYME INCREASED,False,True,False,suspect,True,IDIOPATHIC PULMONARY FIBROSIS,True,2016-02-01,,,False,False,True,False,False,False,False,False,True
nintedanib,12896292,1,20161031,20161031,2016,US,US,5,male,,,,ASTHENIA|DECREASED APPETITE|DIARRHOEA|LIVER FUNCTION TEST INCREASED|SPEECH DISORDER|UNEVALUABLE EVENT,LIVER FUNCTION TEST INCREASED,False,True,False,suspect,True,IDIOPATHIC PULMONARY FIBROSIS,True,,,,False,False,False,False,False,False,False,False,False
nintedanib,12899556,3,20161101,20171002,2016,IT,IT,1,female,84.0,84.0,801,HEPATOTOXICITY,HEPATOTOXICITY,True,True,False,suspect,True,IDIOPATHIC PULMONARY FIBROSIS,True,2016-08-19,2016-10-12,54.0,True,False,True,False,False,False,False,False,True
nintedanib,12907149,4,20161103,20170825,2016,US,US,5,female,78.0,78.0,801,COUGH|DYSPNOEA|FALL|LIVER DISORDER|RESPIRATORY DISORDER|RIB FRACTURE,LIVER DISORDER,False,True,False,suspect,True,IDIOPATHIC PULMONARY FIBROSIS,True,2016-10-10,2016-10-18,8.0,True,False,True,False,True,False,False,False,False
nintedanib,12916553,1,20161107,20161107,2016,US,US,1,male,80.0,80.0,801,LIVER FUNCTION TEST INCREASED|RASH|TICK-BORNE FEVER,LIVER FUNCTION TEST INCREASED,False,True,False,suspect,True,IDIOPATHIC PULMONARY FIBROSIS,True,,,,False,False,False,False,False,False,False,False,False
nintedanib,12921417,2,20161108,20161122,2016,US,US,5,male,,,,DYSPNOEA|HEPATIC ENZYME INCREASED,HEPATIC ENZYME INCREASED,False,True,False,suspect,True,IDIOPATHIC PULMONARY FIBROSIS,True,,,,False,False,True,True,True,False,False,False,False
nintedanib,12922372,2,20161108,20161216,2016,US,US,5,female,55.0,55.0,801,ASTHENIA|CELLULITIS|FATIGUE|HERPES ZOSTER|IDIOPATHIC PULMONARY FIBROSIS|LIP BLISTER|LIVER FUNCTION TEST INCREASED|ORAL MUCOSAL BLISTERING|PNEUMONIA|UPPER RESPIRATORY TRACT INFECTION|URINARY TRACT INFECTION,LIVER FUNCTION TEST INCREASED,False,True,False,suspect,True,IDIOPATHIC PULMONARY FIBROSIS,True,2015-06-18,2016-03-31,287.0,True,False,True,True,True,False,False,False,False
nintedanib,12931601,2,20161110,20170111,2016,US,US,5,male,,,,BACK PAIN|CHROMATURIA|DIARRHOEA|HEADACHE|HEPATIC ENZYME INCREASED|JOINT SWELLING|NIGHT SWEATS|PULMONARY ARTERIAL HYPERTENSION,HEPATIC ENZYME INCREASED,False,True,False,suspect,True,IDIOPATHIC PULMONARY FIBROSIS,True,2015-01-13,,,False,False,True,False,False,False,True,False,False
nintedanib,12934772,3,20161112,20170912,2016,US,US,5,male,73.0,73.0,801,ATELECTASIS|CONSTIPATION|COUGH|DIABETES MELLITUS|DIARRHOEA|DIZZINESS|DRUG-INDUCED LIVER INJURY|GASTROINTESTINAL HAEMORRHAGE|HEADACHE|LIVER FUNCTION TEST INCREASED|MYALGIA|NAUSEA|PAIN,DRUG-INDUCED LIVER INJURY|LIVER FUNCTION TEST INCREASED,True,True,False,suspect,True,IDIOPATHIC PULMONARY FIBROSIS,True,2015-07-12,2015-09-01,51.0,True,False,True,False,True,False,False,False,True
nintedanib,12957880,2,20161118,20161202,2016,JP,JP,1,male,79.0,79.0,801,IDIOPATHIC PULMONARY FIBROSIS|LIVER DISORDER,LIVER DISORDER,False,True,False,suspect,True,IDIOPATHIC PULMONARY FIBROSIS,True,2016-11-02,2016-11-11,9.0,True,False,True,True,False,False,False,False,False
nintedanib,12958015,1,20161120,20161120,2016,US,US,5,male,85.0,85.0,801,LIVER DISORDER,LIVER DISORDER,False,True,False,suspect,True,IDIOPATHIC PULMONARY FIBROSIS,True,,2016-11-14,,False,False,False,False,False,False,False,False,False
nintedanib,12973746,2,20161124,20161125,2016,US,US,5,male,,,,ABDOMINAL DISCOMFORT|ABDOMINAL DISTENSION|ABDOMINAL PAIN|BIOPSY LIVER|BLOOD GLUCOSE INCREASED|BRONCHITIS|CONTUSION|COUGH|DIARRHOEA|HEADACHE|HEPATIC ENZYME INCREASED|INSOMNIA|ORAL HERPES|PRURITUS|UPPER RESPIRATORY TRACT INFECTION|WHITE BLOOD CELL COUNT INCREASED,HEPATIC ENZYME INCREASED,False,True,False,suspect,True,IDIOPATHIC PULMONARY FIBROSIS,True,2015-11-04,,,False,False,True,False,True,False,False,False,False
nintedanib,12976113,1,20161126,20161126,2016,GB,GB,2,female,71.0,71.0,801,ABDOMINAL PAIN UPPER|ASTHENIA|DECREASED APPETITE|DIARRHOEA|DYSPNOEA|FATIGUE|GAIT DISTURBANCE|LIVER FUNCTION TEST ABNORMAL|MALAISE|WEIGHT DECREASED,LIVER FUNCTION TEST ABNORMAL,False,True,False,suspect,True,IDIOPATHIC PULMONARY FIBROSIS,True,,2016-10-19,,False,False,True,False,False,False,False,False,True
nintedanib,12979582,27,20161128,20251001,2016,EU,EU,1,female,74.0,74.0,801,ACUTE KIDNEY INJURY|ALOPECIA|ANAEMIA|CHRONIC KIDNEY DISEASE|DIARRHOEA|DIZZINESS|FATIGUE|FEBRILE NEUTROPENIA|GAMMA-GLUTAMYLTRANSFERASE INCREASED|NAUSEA|NEUTROPHIL COUNT DECREASED|PYREXIA|SEPSIS|WEIGHT DECREASED,GAMMA-GLUTAMYLTRANSFERASE INCREASED,False,True,False,suspect,True,LUNG ADENOCARCINOMA,False,2016-06-09,2016-06-15,6.0,True,False,True,False,True,True,False,False,True
nintedanib,12992047,2,20161201,20161227,2016,DE,DE,5,male,79.0,79.0,801,HEPATIC ENZYME INCREASED|NAUSEA|PULMONARY CONGESTION,HEPATIC ENZYME INCREASED,False,True,False,suspect,True,IDIOPATHIC PULMONARY FIBROSIS,True,2016-01-11,2016-03-17,66.0,True,False,True,False,True,False,False,False,False
nintedanib,13005918,3,20161207,20170106,2016,IT,IT,1,male,76.0,76.0,801,ALANINE AMINOTRANSFERASE INCREASED|AMYLASE INCREASED|ASPARTATE AMINOTRANSFERASE INCREASED|BLOOD ALKALINE PHOSPHATASE INCREASED|BLOOD LACTATE DEHYDROGENASE INCREASED|GAMMA-GLUTAMYLTRANSFERASE INCREASED,ALANINE AMINOTRANSFERASE INCREASED|ASPARTATE AMINOTRANSFERASE INCREASED|BLOOD ALKALINE PHOSPHATASE INCREASED|GAMMA-GLUTAMYLTRANSFERASE INCREASED,False,True,False,suspect,True,IDIOPATHIC PULMONARY FIBROSIS,True,2016-10-06,2016-11-16,41.0,True,False,True,False,False,False,False,False,True
nintedanib,13052867,2,20161221,20170210,2016,US,US,5,male,,,,DIARRHOEA|HEPATIC ENZYME INCREASED|INFECTION|VOMITING,HEPATIC ENZYME INCREASED,False,True,False,suspect,True,IDIOPATHIC PULMONARY FIBROSIS,True,2016-11-03,,,False,False,True,False,True,False,False,False,False
nintedanib,13087843,1,20170105,20170105,2017,FI,FI,1,female,65.0,65.0,801,LIVER FUNCTION TEST ABNORMAL|NAUSEA|STEATOHEPATITIS,LIVER FUNCTION TEST ABNORMAL,False,True,False,suspect,True,IDIOPATHIC PULMONARY FIBROSIS,True,2016-01-15,2016-01-16,1.0,True,False,True,False,True,False,False,False,False
nintedanib,13121396,12,20170117,20200622,2017,US,US,3,male,67.0,67.0,801,ANAEMIA|ANXIETY|ARTHRALGIA|BACK PAIN|BLOOD DISORDER|BLOOD IRON DECREASED|COUGH|DEPRESSION|DROOLING|DYSPNOEA|EPISTAXIS|FATIGUE|GINGIVAL BLEEDING|HAEMATEMESIS|HAEMOGLOBIN DECREASED|HAEMORRHAGE|HAEMORRHAGIC DISORDER|HEPATIC CIRRHOSIS|INSOMNIA|INTERVERTEBRAL DISC DISORDER|LIVER DISORDER|LIVER FUNCTION TEST INCREASED|MALAISE|MOOD ALTERED|MULTIPLE ALLERGIES|NASAL CONGESTION|NAUSEA|NEOPLASM MALIGNANT|PERIPHERAL SWELLING|PLASMA CELL MYELOMA|RESTLESS LEGS SYNDROME|SINUSITIS|WHITE BLOOD CELL COUNT DECREASED,LIVER DISORDER|LIVER FUNCTION TEST INCREASED,False,True,False,suspect,True,PRODUCT USED FOR UNKNOWN INDICATION,False,,,,False,False,True,False,False,False,True,False,True
nintedanib,13131618,1,20170119,20170119,2017,ES,ES,2,male,59.0,59.0,801,HEPATITIS,HEPATITIS,False,True,False,suspect,True,IDIOPATHIC PULMONARY FIBROSIS,True,2016-10-14,2016-11-14,31.0,True,False,True,False,False,False,False,False,True
nintedanib,13168063,1,20170131,20170131,2017,US,US,1,unknown,,,,ASCITES|BLOOD BILIRUBIN INCREASED,BLOOD BILIRUBIN INCREASED,False,True,False,suspect,True,IDIOPATHIC PULMONARY FIBROSIS,True,,,,False,False,False,False,False,False,False,False,False
nintedanib,13185658,1,20170203,20170203,2017,FR,FR,1,female,80.0,80.0,801,ALANINE AMINOTRANSFERASE INCREASED|ASPARTATE AMINOTRANSFERASE INCREASED|GENERAL PHYSICAL HEALTH DETERIORATION|TRANSAMINASES INCREASED|VOMITING|WEIGHT DECREASED,ALANINE AMINOTRANSFERASE INCREASED|ASPARTATE AMINOTRANSFERASE INCREASED|TRANSAMINASES INCREASED,False,True,False,suspect,True,IDIOPATHIC PULMONARY FIBROSIS,True,2016-09-30,2016-10-30,30.0,True,False,True,False,True,False,False,False,False
nintedanib,13190151,1,20170206,20170206,2017,US,US,1,male,,,,ABDOMINAL DISCOMFORT|ARTHRALGIA|DIARRHOEA|DRY MOUTH|FATIGUE|IMMUNODEFICIENCY|LIVER FUNCTION TEST INCREASED|SNORING|WEIGHT INCREASED,LIVER FUNCTION TEST INCREASED,False,True,False,suspect,True,IDIOPATHIC PULMONARY FIBROSIS,True,,,,False,False,False,False,False,False,False,False,False
nintedanib,13195046,1,20170207,20170207,2017,IT,IT,1,male,76.0,76.0,801,BLOOD ALKALINE PHOSPHATASE INCREASED|DECREASED APPETITE|DIARRHOEA|FATIGUE|TRANSAMINASES INCREASED|WEIGHT DECREASED,BLOOD ALKALINE PHOSPHATASE INCREASED|TRANSAMINASES INCREASED,False,True,False,suspect,True,IDIOPATHIC PULMONARY FIBROSIS,True,2016-11-01,2017-01-18,78.0,True,False,True,False,True,False,False,False,False
nintedanib,13207588,3,20170208,20170508,2017,US,US,5,male,68.0,68.0,801,ABDOMINAL DISCOMFORT|ABDOMINAL PAIN UPPER|ADVERSE DRUG REACTION|CONSTIPATION|COUGH|FLATULENCE|FREQUENT BOWEL MOVEMENTS|HYPERHIDROSIS|LIVER FUNCTION TEST INCREASED|LOSS OF CONSCIOUSNESS|MUSCLE SPASMS|NAUSEA|VOMITING,LIVER FUNCTION TEST INCREASED,False,True,False,suspect,True,IDIOPATHIC PULMONARY FIBROSIS,True,2016-07-28,2016-08-08,11.0,True,False,True,False,True,False,False,False,False
nintedanib,13227922,6,20170213,20180228,2017,BE,BE,1,female,60.0,60.0,801,HEPATITIS|RESPIRATORY TRACT INFECTION,HEPATITIS,False,True,False,suspect,True,IDIOPATHIC PULMONARY FIBROSIS,True,2016-12-16,2016-12-25,9.0,True,False,True,False,False,False,False,False,True
nintedanib,13272999,1,20170227,20170227,2017,TW,TW,1,male,90.0,90.0,801,CHOLECYSTITIS ACUTE|HEPATIC ENZYME INCREASED,HEPATIC ENZYME INCREASED,False,True,False,suspect,True,IDIOPATHIC PULMONARY FIBROSIS,True,2015-12-17,2016-01-12,26.0,True,False,True,False,True,False,False,False,False
nintedanib,13315542,9,20170310,20180727,2017,US,US,5,male,,,,CHEST PAIN|CONTUSION|DEATH|DIARRHOEA|DIZZINESS|DYSPNOEA|FAECES DISCOLOURED|HAEMATOCHEZIA|INFECTIVE GLOSSITIS|LIVER FUNCTION TEST INCREASED|MUSCLE STRAIN|PNEUMONIA|PRODUCTIVE COUGH,LIVER FUNCTION TEST INCREASED,False,True,False,suspect,True,IDIOPATHIC PULMONARY FIBROSIS,True,2016-06-28,,,False,False,True,True,True,False,False,False,True
nintedanib,13324801,1,20170310,20170310,2017,TH,TH,1,unknown,,,,HEPATIC ENZYME INCREASED|SEPSIS,HEPATIC ENZYME INCREASED,False,True,False,suspect,True,IDIOPATHIC PULMONARY FIBROSIS,True,,,,False,False,True,True,False,False,False,False,False
nintedanib,13341435,2,20170316,20170512,2017,US,US,5,female,72.0,72.0,801,ABDOMINAL PAIN|ADVERSE DRUG REACTION|ASTHENIA|FATIGUE|HEPATIC ENZYME INCREASED|LIVER FUNCTION TEST INCREASED|NAUSEA|PERIPHERAL SWELLING|WEIGHT DECREASED,HEPATIC ENZYME INCREASED|LIVER FUNCTION TEST INCREASED,False,True,False,suspect,True,IDIOPATHIC PULMONARY FIBROSIS,True,2016-07-20,2016-09-29,71.0,True,False,True,False,False,False,False,False,True
nintedanib,13348996,1,20170320,20170320,2017,US,US,5,male,,,,LIVER DISORDER,LIVER DISORDER,False,True,False,suspect,True,PRODUCT USED FOR UNKNOWN INDICATION,False,,,,False,False,False,False,False,False,False,False,False
nintedanib,13377006,5,20170328,20171011,2017,DE,DE,1,female,65.0,65.0,801,DECREASED APPETITE|FEMORAL NECK FRACTURE|LIVER FUNCTION TEST ABNORMAL,LIVER FUNCTION TEST ABNORMAL,False,True,False,suspect,True,IDIOPATHIC PULMONARY FIBROSIS,True,2017-01-27,2017-02-24,28.0,True,False,True,False,True,False,False,False,False
nintedanib,13385863,1,20170330,20170330,2017,GB,GB,3,female,66.0,66.0,801,INFECTION|LIVER FUNCTION TEST ABNORMAL|PYREXIA|VOMITING,LIVER FUNCTION TEST ABNORMAL,False,True,False,suspect,True,IDIOPATHIC PULMONARY FIBROSIS,True,2017-02-01,2017-02-25,24.0,True,False,True,False,True,False,False,False,False
nintedanib,13418347,1,20170407,20170407,2017,BR,BR,5,female,74.0,74.0,801,ABDOMINAL PAIN|DRUG-INDUCED LIVER INJURY|GAMMA-GLUTAMYLTRANSFERASE DECREASED|HEADACHE|HYPERTENSIVE CRISIS|WEIGHT DECREASED,DRUG-INDUCED LIVER INJURY,True,True,False,suspect,True,IDIOPATHIC PULMONARY FIBROSIS,True,2016-10-17,2016-11-15,29.0,True,False,True,False,False,False,False,False,True
nintedanib,13441104,1,20170413,20170413,2017,US,US,2,female,66.0,66.0,801,DIARRHOEA|FAECES DISCOLOURED|HEPATOTOXICITY|NEPHROLITHIASIS,HEPATOTOXICITY,True,True,False,suspect,True,IDIOPATHIC PULMONARY FIBROSIS,True,,,,False,False,True,False,False,False,False,False,True
nintedanib,13472083,4,20170424,20171107,2017,DE,DE,1,female,63.0,63.0,801,BLOOD BILIRUBIN INCREASED|DECREASED APPETITE|EPISTAXIS|HEPATIC CIRRHOSIS|IDIOPATHIC PULMONARY FIBROSIS|THROMBOCYTOPENIA,BLOOD BILIRUBIN INCREASED,False,True,False,suspect,True,IDIOPATHIC PULMONARY FIBROSIS,True,2017-01-30,2017-02-24,25.0,True,False,True,False,True,False,False,False,True
nintedanib,13472481,1,20170424,20170424,2017,GB,GB,3,unknown,,,,FATIGUE|LIVER FUNCTION TEST ABNORMAL,LIVER FUNCTION TEST ABNORMAL,False,True,False,suspect,True,PRODUCT USED FOR UNKNOWN INDICATION,False,,,,False,False,True,False,True,False,False,False,False
nintedanib,13472482,1,20170424,20170424,2017,GB,GB,3,male,,,,GENERAL PHYSICAL HEALTH DETERIORATION|LIVER FUNCTION TEST ABNORMAL|LOWER RESPIRATORY TRACT INFECTION,LIVER FUNCTION TEST ABNORMAL,False,True,False,suspect,True,PRODUCT USED FOR UNKNOWN INDICATION,False,,,,False,False,True,False,True,False,False,False,False
nintedanib,13478048,2,20170425,20171027,2017,US,US,5,female,64.0,64.0,801,BILE DUCT OBSTRUCTION|BLOOD PRESSURE INCREASED|DECREASED APPETITE|DIARRHOEA|DRUG INTERACTION|DYSGEUSIA|HAEMOPTYSIS|HEPATIC ENZYME INCREASED|NAUSEA|RESPIRATORY TRACT INFECTION,HEPATIC ENZYME INCREASED,False,True,False,suspect,True,IDIOPATHIC PULMONARY FIBROSIS,True,2015-11-05,,,False,False,True,False,False,False,False,False,True
nintedanib,13561743,1,20170518,20170518,2017,US,US,5,female,81.0,81.0,801,ABASIA|ASTHENIA|DECREASED APPETITE|HEADACHE|HEPATIC ENZYME INCREASED|HYPOTENSION|MUSCULAR WEAKNESS,HEPATIC ENZYME INCREASED,False,True,False,suspect,True,IDIOPATHIC PULMONARY FIBROSIS|PULMONARY FIBROSIS,True,2017-04-04,2017-04-25,21.0,True,False,True,False,True,False,False,False,False
nintedanib,13573184,1,20170523,20170523,2017,US,US,5,male,,,,BLOOD BILIRUBIN INCREASED|CHEST PAIN|DIARRHOEA|DIZZINESS|DYSPNOEA|GASTROENTERITIS VIRAL|HEPATIC ENZYME INCREASED|JAUNDICE|PRODUCTIVE COUGH,BLOOD BILIRUBIN INCREASED|HEPATIC ENZYME INCREASED|JAUNDICE,False,True,False,suspect,True,IDIOPATHIC PULMONARY FIBROSIS,True,2015-12-15,,,False,False,True,False,True,False,False,False,False
nintedanib,13586187,1,20170526,20170526,2017,FR,FR,3,female,62.0,62.0,801,CHEST DISCOMFORT|TRANSAMINASES INCREASED,TRANSAMINASES INCREASED,False,True,False,suspect,True,IDIOPATHIC PULMONARY FIBROSIS,True,2016-02-23,2016-02-29,6.0,True,False,True,False,False,False,False,False,True
nintedanib,13588689,1,20170529,20170529,2017,US,US,5,female,,,,HEPATIC ENZYME INCREASED|LIVER FUNCTION TEST,HEPATIC ENZYME INCREASED,False,True,False,suspect,True,IDIOPATHIC PULMONARY FIBROSIS,True,2017-02-21,,,False,False,False,False,False,False,False,False,False
nintedanib,13611039,1,20170605,20170605,2017,SG,SG,1,male,,,,FALL|HEPATIC ENZYME INCREASED,HEPATIC ENZYME INCREASED,False,True,False,suspect,True,IDIOPATHIC PULMONARY FIBROSIS,True,,,,False,False,True,True,False,False,False,False,False
nintedanib,13614456,1,20170606,20170606,2017,BE,BE,1,unknown,,,,HEPATITIS TOXIC,HEPATITIS TOXIC,True,True,False,suspect,True,PRODUCT USED FOR UNKNOWN INDICATION,False,,,,False,False,True,False,False,False,False,False,True
nintedanib,13628456,2,20170607,20170712,2017,US,US,3,female,71.0,71.0,801,ABDOMINAL PAIN|CONFUSIONAL STATE|DIARRHOEA|HEPATIC ENZYME INCREASED|JAUNDICE|LETHARGY|LIVER DISORDER|LIVER FUNCTION TEST INCREASED,HEPATIC ENZYME INCREASED|JAUNDICE|LIVER DISORDER|LIVER FUNCTION TEST INCREASED,False,True,False,suspect,True,IDIOPATHIC PULMONARY FIBROSIS,True,2017-01-18,2017-01-18,0.0,True,False,True,False,True,False,False,False,True
nintedanib,13638506,1,20170609,20170609,2017,GB,GB,1,male,78.0,78.0,801,LIVER FUNCTION TEST ABNORMAL|MALAISE|NAUSEA,LIVER FUNCTION TEST ABNORMAL,False,True,False,suspect,True,PRODUCT USED FOR UNKNOWN INDICATION,False,2017-05-12,2017-05-16,4.0,True,False,True,False,False,False,False,False,True
nintedanib,13653713,5,20170614,20180320,2017,US,US,5,female,69.0,69.0,801,DIARRHOEA|DYSPNOEA|HEPATIC ENZYME INCREASED|WEIGHT DECREASED,HEPATIC ENZYME INCREASED,False,True,False,suspect,True,IDIOPATHIC PULMONARY FIBROSIS,True,,,,False,False,False,False,False,False,False,False,False
nintedanib,13707163,2,20170630,20170713,2017,IT,IT,1,male,76.0,76.0,801,BLOOD ALKALINE PHOSPHATASE INCREASED|BLOOD BILIRUBIN INCREASED|GAMMA-GLUTAMYLTRANSFERASE INCREASED,BLOOD ALKALINE PHOSPHATASE INCREASED|BLOOD BILIRUBIN INCREASED|GAMMA-GLUTAMYLTRANSFERASE INCREASED,False,True,False,suspect,True,IDIOPATHIC PULMONARY FIBROSIS,True,2017-05-01,2017-05-27,26.0,True,False,True,False,False,False,False,False,True
nintedanib,13712665,1,20170703,20170703,2017,AR,AR,1,female,74.0,74.0,801,HEPATITIS TOXIC,HEPATITIS TOXIC,True,True,False,suspect,True,IDIOPATHIC PULMONARY FIBROSIS,True,2017-05-08,2017-05-22,14.0,True,False,True,False,False,False,False,False,True
nintedanib,13714096,4,20170704,20171031,2017,US,US,5,male,,,,CHILD-PUGH-TURCOTTE SCORE INCREASED|HEPATIC ENCEPHALOPATHY|LIVER DISORDER,LIVER DISORDER,False,True,False,suspect,True,IDIOPATHIC PULMONARY FIBROSIS,True,2017-03-29,,,False,False,True,False,True,False,False,False,True
nintedanib,13716721,2,20170705,20170707,2017,ES,ES,1,female,67.0,67.0,801,AUTOIMMUNE HAEMOLYTIC ANAEMIA|DIARRHOEA|HYPERBILIRUBINAEMIA,HYPERBILIRUBINAEMIA,False,True,False,suspect,True,IDIOPATHIC PULMONARY FIBROSIS,True,,2017-06-22,,False,False,True,False,True,False,False,False,False
nintedanib,13726560,13,20170706,20180430,2017,IN,IN,1,male,67.0,67.0,801,GAIT DISTURBANCE|HEPATIC ENZYME INCREASED|HYPERGLYCAEMIA|LEFT VENTRICULAR FAILURE|MALNUTRITION|PNEUMONIA|PYREXIA|SEPTIC SHOCK|SOMNOLENCE|STARVATION|URINARY TRACT INFECTION,HEPATIC ENZYME INCREASED,False,True,False,suspect,True,IDIOPATHIC PULMONARY FIBROSIS,True,2017-06-06,2017-06-25,19.0,True,False,True,True,True,False,False,False,True
nintedanib,13745477,1,20170711,20170711,2017,US,US,1,female,82.0,82.0,801,HEPATIC ENZYME INCREASED,HEPATIC ENZYME INCREASED,False,True,False,suspect,True,IDIOPATHIC PULMONARY FIBROSIS,True,2017-03-15,2017-04-19,35.0,True,False,True,False,False,False,False,False,True
nintedanib,13749797,2,20170713,20170717,2017,AR,AR,1,male,68.0,68.0,801,HEPATITIS|PNEUMONIA PSEUDOMONAL,HEPATITIS,False,True,False,suspect,True,IDIOPATHIC PULMONARY FIBROSIS,True,2016-04-07,2017-06-15,434.0,False,False,True,False,True,False,False,False,False
nintedanib,13758886,2,20170717,20170718,2017,US,US,1,female,,,,ALOPECIA|HEPATIC ENZYME INCREASED|PULMONARY CONGESTION,HEPATIC ENZYME INCREASED,False,True,False,suspect,True,IDIOPATHIC PULMONARY FIBROSIS,True,,,,False,False,False,False,False,False,False,False,False
nintedanib,13766301,1,20170719,20170719,2017,IT,IT,1,female,84.0,84.0,801,DECREASED APPETITE|DYSPEPSIA|HEPATOTOXICITY,HEPATOTOXICITY,True,True,False,suspect,True,IDIOPATHIC PULMONARY FIBROSIS,True,2017-04-26,2017-05-15,19.0,True,False,True,False,False,False,False,False,True
nintedanib,13767692,1,20170719,20170719,2017,US,US,5,male,77.0,77.0,801,DIARRHOEA|DYSPHONIA|HEPATIC ENZYME INCREASED|NAUSEA|NERVOUSNESS|TREMOR,HEPATIC ENZYME INCREASED,False,True,False,suspect,True,IDIOPATHIC PULMONARY FIBROSIS,True,2017-05-08,,,False,False,False,False,False,False,False,False,False
nintedanib,13772559,2,20170720,20170828,2017,US,US,5,female,,,,HEPATIC FAILURE,HEPATIC FAILURE,True,True,False,suspect,True,IDIOPATHIC PULMONARY FIBROSIS,True,2017-07-01,,,False,False,True,False,False,True,False,False,True
nintedanib,13781102,1,20170723,20170723,2017,US,US,2,male,51.0,51.0,801,ALANINE AMINOTRANSFERASE INCREASED|ASPARTATE AMINOTRANSFERASE INCREASED|BLOOD ALKALINE PHOSPHATASE INCREASED|HYPONATRAEMIA|RESPIRATORY FAILURE,ALANINE AMINOTRANSFERASE INCREASED|ASPARTATE AMINOTRANSFERASE INCREASED|BLOOD ALKALINE PHOSPHATASE INCREASED,False,True,False,suspect,True,IDIOPATHIC PULMONARY FIBROSIS,True,2017-03-20,2017-05-10,51.0,True,False,True,False,False,False,False,False,True
nintedanib,13793339,1,20170726,20170726,2017,US,US,5,male,78.0,78.0,801,CHEST PAIN|HEPATIC ENZYME INCREASED,HEPATIC ENZYME INCREASED,False,True,False,suspect,True,IDIOPATHIC PULMONARY FIBROSIS,True,,,,False,False,False,False,False,False,False,False,False
nintedanib,13795134,2,20170726,20171031,2017,US,US,5,female,,,,ASTHENIA|COUGH|DECREASED APPETITE|FATIGUE|HEPATIC FAILURE|WEIGHT DECREASED,HEPATIC FAILURE,True,True,False,suspect,True,IDIOPATHIC PULMONARY FIBROSIS,True,2016-08-05,,,False,False,True,False,False,False,False,False,True
nintedanib,13795191,2,20170726,20170822,2017,FR,FR,5,male,84.0,84.0,801,ABDOMINAL PAIN|DIARRHOEA|DRUG-INDUCED LIVER INJURY|THERAPEUTIC RESPONSE UNEXPECTED|WEIGHT INCREASED,DRUG-INDUCED LIVER INJURY,True,True,False,suspect,True,IDIOPATHIC PULMONARY FIBROSIS,True,2016-11-02,2016-11-02,0.0,True,False,True,False,False,False,False,False,True
nintedanib,13795915,1,20170726,20170726,2017,US,US,5,male,,,,CLOSTRIDIUM DIFFICILE INFECTION|DIARRHOEA|FALL|HAEMOGLOBIN DECREASED|LIVER FUNCTION TEST INCREASED|NAUSEA|OXYGEN SATURATION DECREASED|STAPHYLOCOCCAL INFECTION|TACHYCARDIA,LIVER FUNCTION TEST INCREASED,False,True,False,suspect,True,IDIOPATHIC PULMONARY FIBROSIS,True,2015-07-28,,,False,False,True,False,True,False,False,False,False
nintedanib,13816392,1,20170731,20170731,2017,ES,ES,1,female,71.0,71.0,801,HEPATITIS,HEPATITIS,False,True,False,suspect,True,IDIOPATHIC PULMONARY FIBROSIS,True,2016-12-18,2017-01-13,26.0,True,False,True,False,False,False,False,False,True
nintedanib,13824346,22,20170802,20191212,2017,US,US,5,female,69.0,69.0,801,ABDOMINAL PAIN|ABDOMINAL PAIN UPPER|BACK PAIN|BILE DUCT OBSTRUCTION|BLOOD PRESSURE INCREASED|BRONCHITIS|CONSTIPATION|COUGH|DIARRHOEA|DIZZINESS|DYSPNOEA|EXERCISE TOLERANCE DECREASED|FATIGUE|FEELING ABNORMAL|GALLBLADDER DISORDER|GALLBLADDER OBSTRUCTION|GASTROINTESTINAL DISORDER|HEADACHE|HEPATIC ENZYME INCREASED|INFLUENZA|LARGE INTESTINAL OBSTRUCTION|NAUSEA|OROPHARYNGEAL PAIN|OXYGEN SATURATION DECREASED|VOMITING|WHEEZING,HEPATIC ENZYME INCREASED,False,True,False,suspect,True,IDIOPATHIC PULMONARY FIBROSIS,True,2017-07-02,,,False,False,True,False,True,False,False,False,True
nintedanib,13831342,3,20170803,20180213,2017,US,US,5,female,,,,ABDOMINAL DISCOMFORT|ABDOMINAL PAIN UPPER|ANGINA PECTORIS|CHAPPED LIPS|CHEST PAIN|COUGH|DECREASED APPETITE|DIARRHOEA|DIZZINESS|DRUG INEFFECTIVE|DRY EYE|DRY MOUTH|DYSPNOEA|FUNGAL SKIN INFECTION|GASTROOESOPHAGEAL REFLUX DISEASE|LIP DRY|LIVER FUNCTION TEST INCREASED|ORAL FUNGAL INFECTION|PAIN IN EXTREMITY|PARONYCHIA|PRODUCTIVE COUGH|PULMONARY THROMBOSIS|SINUSITIS|SPUTUM DISCOLOURED|ULCER|WEIGHT DECREASED,LIVER FUNCTION TEST INCREASED,False,True,False,suspect,True,IDIOPATHIC PULMONARY FIBROSIS,True,2015-09-28,,,False,False,True,False,True,False,False,False,True
nintedanib,13847241,2,20170808,20170811,2017,JP,JP,1,male,58.0,58.0,801,ALANINE AMINOTRANSFERASE INCREASED|ASPARTATE AMINOTRANSFERASE INCREASED|RESPIRATORY TRACT INFECTION,ALANINE AMINOTRANSFERASE INCREASED|ASPARTATE AMINOTRANSFERASE INCREASED,False,True,False,suspect,True,ALVEOLITIS ALLERGIC,False,2017-04-20,2017-07-30,101.0,True,False,False,False,False,False,False,False,False
nintedanib,13865419,1,20170814,20170814,2017,FR,FR,5,male,56.0,56.0,801,CORONARY ARTERY OCCLUSION|DIZZINESS|LIVER FUNCTION TEST ABNORMAL|PYREXIA,LIVER FUNCTION TEST ABNORMAL,False,True,False,suspect,True,IDIOPATHIC PULMONARY FIBROSIS,True,2017-05-09,,,False,False,True,False,True,False,False,False,False
nintedanib,13878953,2,20170817,20171127,2017,US,US,5,female,63.0,63.0,801,HEPATIC ENZYME INCREASED|MALAISE|NAUSEA,HEPATIC ENZYME INCREASED,False,True,False,suspect,True,IDIOPATHIC PULMONARY FIBROSIS,True,,,,False,False,False,False,False,False,False,False,False
nintedanib,13888417,2,20170821,20171004,2017,US,US,2,female,61.0,61.0,801,ASTHENIA|DIARRHOEA|HEADACHE|HEPATIC ENZYME INCREASED|LIVER INJURY|NAUSEA|VOMITING,HEPATIC ENZYME INCREASED,False,True,False,suspect,True,IDIOPATHIC PULMONARY FIBROSIS,True,2016-11-16,2016-11-16,0.0,True,False,True,False,False,False,False,False,True
nintedanib,13897761,1,20170823,20170823,2017,BR,BR,5,female,84.0,84.0,801,ABDOMINAL DISTENSION|ABDOMINAL PAIN|ABDOMINAL PAIN UPPER|DECREASED APPETITE|DIARRHOEA|DRUG-INDUCED LIVER INJURY|FEEDING DISORDER|GASTRIC DISORDER|LIVER DISORDER|MOTION SICKNESS|VOMITING|WEIGHT DECREASED,DRUG-INDUCED LIVER INJURY|LIVER DISORDER,True,True,False,suspect,True,IDIOPATHIC PULMONARY FIBROSIS,True,2017-05-31,2017-05-31,0.0,True,False,True,False,False,False,False,False,True
nintedanib,13900306,2,20170823,20170906,2017,US,US,5,female,,,,CHEST PAIN|CONFUSIONAL STATE|COUGH|DYSPNOEA|DYSPNOEA EXERTIONAL|FATIGUE|FLUID RETENTION|LIVER FUNCTION TEST ABNORMAL|LOSS OF PERSONAL INDEPENDENCE IN DAILY ACTIVITIES|PNEUMONIA|PRODUCTIVE COUGH,LIVER FUNCTION TEST ABNORMAL,False,True,False,suspect,True,IDIOPATHIC PULMONARY FIBROSIS,True,2015-07-21,,,False,False,True,False,True,False,False,False,False
nintedanib,13916327,7,20170829,20171030,2017,IE,IE,1,male,,,,DRUG-INDUCED LIVER INJURY|HEPATIC FAILURE,DRUG-INDUCED LIVER INJURY|HEPATIC FAILURE,True,True,False,suspect,True,PRODUCT USED FOR UNKNOWN INDICATION,False,,,,False,True,True,True,True,False,False,False,False
nintedanib,13934038,2,20170904,20171010,2017,US,US,5,female,,,,ASTHENIA|BRONCHITIS|DECREASED APPETITE|DIARRHOEA|DRY SKIN|DYSPNOEA|DYSPNOEA EXERTIONAL|FEELING ABNORMAL|LIVER FUNCTION TEST ABNORMAL|MALNUTRITION|PRODUCTIVE COUGH|PRURITUS,LIVER FUNCTION TEST ABNORMAL,False,True,False,suspect,True,IDIOPATHIC PULMONARY FIBROSIS,True,2017-01-10,,,False,False,True,False,True,False,False,False,False
nintedanib,13946198,3,20170907,20180131,2017,BR,BR,5,female,72.0,72.0,801,ARRHYTHMIA|CARDIAC DISORDER|CHEST DISCOMFORT|HEART RATE INCREASED|HEPATIC FUNCTION ABNORMAL|HEPATIC STEATOSIS|RESPIRATORY TRACT INFECTION|TRANSAMINASES ABNORMAL|VOMITING,HEPATIC FUNCTION ABNORMAL,False,True,False,suspect,True,IDIOPATHIC PULMONARY FIBROSIS,True,2017-05-25,,,False,False,True,True,True,False,False,False,False
nintedanib,13946889,1,20170907,20170907,2017,US,US,5,female,74.0,74.0,801,BLOOD BILIRUBIN INCREASED|DIARRHOEA|FAECES DISCOLOURED,BLOOD BILIRUBIN INCREASED,False,True,False,suspect,True,IDIOPATHIC PULMONARY FIBROSIS,True,2017-08-15,,,False,False,False,False,False,False,False,False,False
nintedanib,13975042,1,20170915,20170915,2017,US,US,1,female,71.0,71.0,801,DYSPNOEA|HEPATIC ENZYME INCREASED|OROPHARYNGEAL PAIN,HEPATIC ENZYME INCREASED,False,True,False,suspect,True,IDIOPATHIC PULMONARY FIBROSIS,True,2017-06-15,2017-09-08,85.0,True,False,True,False,True,False,False,False,False
nintedanib,13980572,2,20170918,20171101,2017,US,US,5,female,64.0,64.0,801,ABDOMINAL PAIN UPPER|BLOOD ALKALINE PHOSPHATASE INCREASED|CHROMATURIA|DIARRHOEA|FATIGUE,BLOOD ALKALINE PHOSPHATASE INCREASED,False,True,False,suspect,True,IDIOPATHIC PULMONARY FIBROSIS,True,2017-09-07,,,False,False,False,False,False,False,False,False,False
nintedanib,13987639,2,20170919,20170925,2017,BR,BR,1,male,65.0,65.0,801,ASTHENIA|DEATH|DECREASED APPETITE|GENERAL PHYSICAL HEALTH DETERIORATION|NAUSEA|TRANSAMINASES INCREASED|VOMITING,TRANSAMINASES INCREASED,False,True,False,suspect,True,IDIOPATHIC PULMONARY FIBROSIS,True,,,,False,False,True,True,False,False,False,False,False
nintedanib,14006635,6,20170925,20180213,2017,US,US,1,female,77.0,77.0,801,CEREBROVASCULAR ACCIDENT|DELIRIUM|HEPATIC ENZYME ABNORMAL|LIVER FUNCTION TEST INCREASED|OXYGEN CONSUMPTION DECREASED|PYREXIA,LIVER FUNCTION TEST INCREASED,False,True,False,suspect,True,IDIOPATHIC PULMONARY FIBROSIS,True,2017-08-30,2017-09-16,17.0,True,False,True,False,True,False,False,False,True
nintedanib,14015627,1,20170927,20170927,2017,US,,2,male,80.0,80.0,801,HEPATIC ENZYME INCREASED,HEPATIC ENZYME INCREASED,False,True,False,suspect,True,IDIOPATHIC PULMONARY FIBROSIS,True,2017-05-25,2017-09-26,124.0,True,False,False,False,False,False,False,False,False
nintedanib,14016794,2,20170927,20171108,2017,US,US,5,female,84.0,84.0,801,ALANINE AMINOTRANSFERASE INCREASED|ASPARTATE AMINOTRANSFERASE INCREASED|BLOOD GLUCOSE FLUCTUATION|NAUSEA,ALANINE AMINOTRANSFERASE INCREASED|ASPARTATE AMINOTRANSFERASE INCREASED,False,True,False,suspect,True,IDIOPATHIC PULMONARY FIBROSIS,True,2017-08-30,,,False,False,False,False,False,False,False,False,False
nintedanib,14017529,5,20170927,20180226,2017,DE,DE,3,male,62.0,62.0,801,ABDOMINAL PAIN UPPER|ACUTE HEPATIC FAILURE|BLOOD TEST ABNORMAL|GAMMA-GLUTAMYLTRANSFERASE INCREASED|INFECTION|INTESTINAL ISCHAEMIA|LUNG TRANSPLANT|MULTIPLE ORGAN DYSFUNCTION SYNDROME|RENAL ISCHAEMIA|TRANSPLANTATION COMPLICATION,ACUTE HEPATIC FAILURE|GAMMA-GLUTAMYLTRANSFERASE INCREASED,True,True,False,suspect,True,IDIOPATHIC PULMONARY FIBROSIS,True,2015-09-01,2016-09-01,366.0,False,True,True,True,True,False,False,False,True
nintedanib,14019320,1,20170928,20170928,2017,DE,DE,1,male,72.0,72.0,801,ANAEMIA|BLOOD BILIRUBIN INCREASED|BLOOD LACTATE DEHYDROGENASE INCREASED|HAEMOLYSIS|IDIOPATHIC PULMONARY FIBROSIS|RETICULOCYTE COUNT INCREASED,BLOOD BILIRUBIN INCREASED,False,True,False,suspect,True,IDIOPATHIC PULMONARY FIBROSIS,True,2017-06-25,2017-07-19,24.0,True,False,True,False,False,False,False,False,True
nintedanib,14030190,8,20171001,20201005,2017,JP,JP,1,female,79.0,79.0,801,CHEST PAIN|CONSTIPATION|DIARRHOEA|DRUG-INDUCED LIVER INJURY|ECZEMA ASTEATOTIC|ENTERITIS INFECTIOUS|HEADACHE|INSOMNIA|MECHANICAL ILEUS|PNEUMOMEDIASTINUM|PNEUMONIA|PNEUMOTHORAX|RHEUMATOID ARTHRITIS|VASCULITIS,DRUG-INDUCED LIVER INJURY,True,True,False,suspect,True,IDIOPATHIC PULMONARY FIBROSIS,True,2017-05-20,2017-05-26,6.0,True,False,True,False,True,False,False,False,True
nintedanib,14037080,2,20171004,20171110,2017,GB,GB,3,male,75.0,75.0,801,JAUNDICE|LIVER FUNCTION TEST INCREASED|SEIZURE|TREMOR,JAUNDICE|LIVER FUNCTION TEST INCREASED,False,True,False,suspect,True,PRODUCT USED FOR UNKNOWN INDICATION,False,,,,False,False,True,False,False,False,False,False,True
nintedanib,14064980,3,20171009,20180122,2017,JP,JP,1,female,66.0,66.0,801,DRUG-INDUCED LIVER INJURY,DRUG-INDUCED LIVER INJURY,True,True,False,suspect,True,INTERSTITIAL LUNG DISEASE,True,2017-09-26,2017-09-29,3.0,True,False,True,False,True,False,True,False,False
nintedanib,14078007,1,20171011,20171011,2017,US,,2,male,82.0,82.0,801,ALANINE AMINOTRANSFERASE INCREASED|ASPARTATE AMINOTRANSFERASE INCREASED|DIARRHOEA|HEPATIC ENZYME INCREASED|NAUSEA|VOMITING,ALANINE AMINOTRANSFERASE INCREASED|ASPARTATE AMINOTRANSFERASE INCREASED|HEPATIC ENZYME INCREASED,False,True,False,suspect,True,IDIOPATHIC PULMONARY FIBROSIS,True,2017-03-27,2017-05-26,60.0,True,False,False,False,False,False,False,False,False
nintedanib,14078028,2,20171012,20171031,2017,JP,JP,1,male,78.0,78.0,801,ALANINE AMINOTRANSFERASE INCREASED|ASPARTATE AMINOTRANSFERASE INCREASED|NAUSEA,ALANINE AMINOTRANSFERASE INCREASED|ASPARTATE AMINOTRANSFERASE INCREASED,False,True,False,suspect,True,INTERSTITIAL LUNG DISEASE,True,2017-09-27,2017-09-29,2.0,True,False,False,False,False,False,False,False,False
nintedanib,14084588,1,20171013,20171013,2017,DE,DE,5,male,70.0,70.0,801,COUGH|DECREASED APPETITE|DIARRHOEA|DRUG EFFECT DECREASED|DRUG INEFFECTIVE|DYSPNOEA|FORCED VITAL CAPACITY DECREASED|GASTROINTESTINAL DISORDER|HEPATITIS|PRODUCTIVE COUGH|PULMONARY FUNCTION TEST DECREASED|SCLERODERMA,HEPATITIS,False,True,False,suspect,True,IDIOPATHIC PULMONARY FIBROSIS,True,,,,False,False,True,False,False,False,False,False,True
nintedanib,14096730,2,20171017,20180116,2017,US,US,5,male,73.0,73.0,801,ABNORMAL LOSS OF WEIGHT|DECREASED APPETITE|FATIGUE|HEPATIC FUNCTION ABNORMAL,HEPATIC FUNCTION ABNORMAL,False,True,False,suspect,True,IDIOPATHIC PULMONARY FIBROSIS,True,2017-08-15,,,False,False,True,False,False,False,False,False,True
nintedanib,14098141,2,20171017,20171212,2017,US,US,5,male,,,,CATARACT|CONSTIPATION|COUGH|DIARRHOEA|DISEASE COMPLICATION|DISORIENTATION|DYSPNOEA|DYSPNOEA EXERTIONAL|ENCEPHALITIS|HERNIA|LIVER FUNCTION TEST INCREASED|PRODUCTIVE COUGH|VISUAL IMPAIRMENT,LIVER FUNCTION TEST INCREASED,False,True,False,suspect,True,IDIOPATHIC PULMONARY FIBROSIS,True,2016-04-04,,,False,False,True,False,True,False,False,False,True
nintedanib,14099149,5,20171017,20240902,2017,DE,DE,1,female,66.0,66.0,801,ANAEMIA|BLOOD ALKALINE PHOSPHATASE INCREASED|BLOOD POTASSIUM INCREASED|CONSTIPATION|DECREASED APPETITE|DIARRHOEA|DYSPHAGIA|HYPERKALAEMIA|HYPOCALCAEMIA|NAUSEA|PLATELET COUNT DECREASED|VOMITING|WHITE BLOOD CELL COUNT DECREASED,BLOOD ALKALINE PHOSPHATASE INCREASED,False,True,False,suspect,True,LUNG ADENOCARCINOMA,False,2017-09-26,2017-10-02,6.0,True,False,True,False,True,False,False,False,False
nintedanib,14099987,1,20171017,20171017,2017,BR,BR,5,male,76.0,76.0,801,DECREASED APPETITE|DIARRHOEA|FATIGUE|LIVER DISORDER|LIVER FUNCTION TEST ABNORMAL|PNEUMONIA|VESSEL PUNCTURE SITE HAEMORRHAGE|VESSEL PUNCTURE SITE PAIN|WEIGHT DECREASED,LIVER DISORDER|LIVER FUNCTION TEST ABNORMAL,False,True,False,suspect,True,IDIOPATHIC PULMONARY FIBROSIS,True,2017-03-27,,,False,False,True,False,True,False,False,False,False
nintedanib,14100421,2,20171017,20171019,2017,FR,FR,1,female,52.0,52.0,801,HEPATOCELLULAR INJURY,HEPATOCELLULAR INJURY,True,True,False,suspect,True,THYMOMA MALIGNANT,False,2017-08-03,2017-08-10,7.0,True,False,True,False,False,False,False,False,True
nintedanib,14103221,3,20171018,20171101,2017,US,US,5,male,73.0,73.0,801,ARRHYTHMIA|BLOOD POTASSIUM DECREASED|BLOOD PRESSURE INCREASED|CEREBROVASCULAR ACCIDENT|CHILLS|CONSTIPATION|CORONARY ARTERY DISEASE|DECREASED APPETITE|DIARRHOEA|DRY MOUTH|DYSPNOEA|FATIGUE|FLATULENCE|HEADACHE|HEART RATE IRREGULAR|HEPATIC ENZYME INCREASED|HYPERTENSION|JAUNDICE|MYOCARDIAL ISCHAEMIA|NAUSEA|NECK PAIN|PERONEAL NERVE PALSY|PNEUMONIA|PRODUCTIVE COUGH|PYREXIA|WEIGHT DECREASED,HEPATIC ENZYME INCREASED|JAUNDICE,False,True,False,suspect,True,IDIOPATHIC PULMONARY FIBROSIS,True,2017-03-18,,,False,False,True,False,True,False,False,False,True
nintedanib,14105189,1,20171018,20171018,2017,FR,FR,1,female,61.0,61.0,801,HEPATOCELLULAR INJURY,HEPATOCELLULAR INJURY,True,True,False,suspect,True,THYMOMA MALIGNANT,False,2017-07-06,2017-07-13,7.0,True,False,True,False,False,False,False,False,True
nintedanib,14106730,1,20171019,20171019,2017,SI,SI,1,male,75.0,75.0,801,LIVER DISORDER|PANCYTOPENIA,LIVER DISORDER,False,True,False,suspect,True,IDIOPATHIC PULMONARY FIBROSIS,True,2017-08-28,,,False,False,True,False,True,False,False,False,False
nintedanib,14107792,2,20171019,20180321,2017,FR,FR,1,female,38.0,38.0,801,HEPATOCELLULAR INJURY|PNEUMOTHORAX,HEPATOCELLULAR INJURY,True,True,False,suspect,True,THYMOMA MALIGNANT,False,2017-07-13,2017-08-03,21.0,True,False,True,False,True,False,False,False,True
nintedanib,14154922,1,20171102,20171102,2017,US,US,5,male,,,,DEHYDRATION|HEPATIC ENZYME INCREASED|RENAL FUNCTION TEST ABNORMAL,HEPATIC ENZYME INCREASED,False,True,False,suspect,True,IDIOPATHIC PULMONARY FIBROSIS,True,2017-10-23,,,False,False,False,False,False,False,False,False,False
nintedanib,14157283,4,20171103,20180727,2017,ES,ES,1,male,68.0,68.0,801,GASTRIC DISORDER|HEPATOTOXICITY|OESOPHAGITIS|PEPTIC ULCER,HEPATOTOXICITY,True,True,False,suspect,True,IDIOPATHIC PULMONARY FIBROSIS,True,2017-04-26,2017-10-29,186.0,True,False,True,False,True,False,False,False,False
nintedanib,14159270,2,20171103,20171114,2017,US,US,5,female,81.0,81.0,801,ABDOMINAL DISCOMFORT|CHOLELITHIASIS|CONSTIPATION|COUGH|CYSTITIS|DIARRHOEA|DYSPNOEA|HEPATITIS|KIDNEY INFECTION|MALAISE|NAUSEA|PAIN|PAIN IN EXTREMITY|PRODUCTIVE COUGH|VOMITING,HEPATITIS,False,True,False,suspect,True,IDIOPATHIC PULMONARY FIBROSIS,True,2017-09-20,2017-10-29,39.0,True,False,True,False,True,False,False,False,False
nintedanib,14174485,1,20171109,20171109,2017,HU,HU,1,male,47.0,47.0,801,CARDIAC FAILURE|DIARRHOEA|DYSPNOEA|HAEMOPTYSIS|HEPATIC ENZYME INCREASED|HEPATIC FAILURE|RENAL FAILURE,HEPATIC ENZYME INCREASED|HEPATIC FAILURE,True,True,False,suspect,True,IDIOPATHIC PULMONARY FIBROSIS,True,,,,False,False,True,False,True,False,False,False,True
nintedanib,14204979,2,20171120,20180720,2017,CA,CA,5,male,73.0,73.0,801,ASTHENIA|CONFUSIONAL STATE|DELIRIUM|INFECTION|LIVER DISORDER|LIVER FUNCTION TEST INCREASED|PYREXIA,LIVER DISORDER|LIVER FUNCTION TEST INCREASED,False,True,False,suspect,True,IDIOPATHIC PULMONARY FIBROSIS,True,2017-09-09,2017-09-01,-8.0,False,False,True,False,True,False,False,False,True
nintedanib,14205052,2,20171120,20180110,2017,US,US,5,male,78.0,78.0,801,ABDOMINAL PAIN|COUGH|DIARRHOEA|DYSPNOEA EXERTIONAL|GASTRIC CANCER|HEPATIC ENZYME INCREASED|IDIOPATHIC PULMONARY FIBROSIS|NAUSEA|OROPHARYNGEAL PAIN|PULMONARY HYPERTENSION|RESPIRATORY FAILURE|ULCER HAEMORRHAGE|VOMITING|WEIGHT DECREASED,HEPATIC ENZYME INCREASED,False,True,False,suspect,True,IDIOPATHIC PULMONARY FIBROSIS,True,2017-05-19,,,False,False,True,False,False,True,False,False,True
nintedanib,14212820,3,20171122,20190118,2017,US,US,5,female,77.0,77.0,801,ABDOMINAL PAIN UPPER|CEREBROVASCULAR ACCIDENT|CONSTIPATION|COUGH|DEATH|HEPATIC ENZYME INCREASED|LIVER FUNCTION TEST INCREASED|THERAPEUTIC RESPONSE UNEXPECTED|THROMBOSIS,HEPATIC ENZYME INCREASED|LIVER FUNCTION TEST INCREASED,False,True,False,suspect,True,IDIOPATHIC PULMONARY FIBROSIS,True,2017-11-15,2017-11-11,-4.0,False,False,True,True,True,False,False,False,True
nintedanib,14214241,5,20171122,20180316,2017,US,US,5,female,69.0,69.0,801,CONSTIPATION|COUGH|DECREASED APPETITE|DIARRHOEA|EXTRA DOSE ADMINISTERED|FEEDING DISORDER|GASTROINTESTINAL DISORDER|HEPATIC ENZYME INCREASED|IDIOPATHIC PULMONARY FIBROSIS|INFLUENZA LIKE ILLNESS|LIVER FUNCTION TEST INCREASED|MALAISE|NAUSEA|PRODUCTIVE COUGH|URINARY TRACT INFECTION|VOMITING,HEPATIC ENZYME INCREASED|LIVER FUNCTION TEST INCREASED,False,True,False,suspect,True,IDIOPATHIC PULMONARY FIBROSIS,True,2017-02-08,,,False,False,True,True,False,False,False,False,True
nintedanib,14230496,1,20171128,20171128,2017,US,US,5,male,83.0,83.0,801,ACUTE KIDNEY INJURY|ARTHRALGIA|DEHYDRATION|DIARRHOEA|LIVER FUNCTION TEST INCREASED|PULMONARY FUNCTION TEST ABNORMAL|WEIGHT DECREASED,LIVER FUNCTION TEST INCREASED,False,True,False,suspect,True,IDIOPATHIC PULMONARY FIBROSIS,True,2017-08-01,2017-09-19,49.0,True,False,True,False,True,False,False,False,False
nintedanib,14244029,4,20171201,20180531,2017,US,US,5,female,80.0,80.0,801,ABDOMINAL PAIN UPPER|BACK PAIN|DECREASED APPETITE|DIARRHOEA|DISTURBANCE IN ATTENTION|DRY MOUTH|DYSPNOEA EXERTIONAL|FAECES SOFT|FATIGUE|FEELING ABNORMAL|HEPATIC ENZYME INCREASED|HUNGER|LIVER FUNCTION TEST INCREASED|PAIN|PALPITATIONS|PRODUCTIVE COUGH|URINARY TRACT INFECTION,HEPATIC ENZYME INCREASED|LIVER FUNCTION TEST INCREASED,False,True,False,suspect,True,IDIOPATHIC PULMONARY FIBROSIS,True,2017-07-05,2017-09-16,73.0,True,False,True,False,False,False,False,False,True
nintedanib,14276472,4,20171212,20180301,2017,JP,JP,1,male,76.0,76.0,801,DRUG-INDUCED LIVER INJURY,DRUG-INDUCED LIVER INJURY,True,True,False,suspect,True,INTERSTITIAL LUNG DISEASE,True,2017-11-29,2017-12-04,5.0,True,False,True,False,True,False,False,False,False
nintedanib,14294687,2,20171218,20171220,2017,US,US,5,male,71.0,71.0,801,ABDOMINAL PAIN|HEPATIC ENZYME INCREASED|PULMONARY HYPERTENSION|VOMITING,HEPATIC ENZYME INCREASED,False,True,False,suspect,True,IDIOPATHIC PULMONARY FIBROSIS,True,,2016-08-10,,False,False,True,False,True,False,False,False,True
nintedanib,14326331,1,20171227,20171227,2017,US,US,5,female,82.0,82.0,801,BACK PAIN|LIVER FUNCTION TEST ABNORMAL,LIVER FUNCTION TEST ABNORMAL,False,True,False,suspect,True,IDIOPATHIC PULMONARY FIBROSIS,True,2017-11-02,2017-11-23,21.0,True,False,False,False,False,False,False,False,False
nintedanib,14332093,1,20171228,20171228,2017,US,US,3,female,,,,ABDOMINAL DISCOMFORT|BURNING SENSATION|HEPATIC ENZYME INCREASED,HEPATIC ENZYME INCREASED,False,True,False,suspect,True,IDIOPATHIC PULMONARY FIBROSIS,True,2017-12-01,,,False,False,False,False,False,False,False,False,False
nintedanib,14337013,3,20171229,20180112,2017,CA,CA,5,male,69.0,69.0,801,ABDOMINAL CAVITY DRAINAGE|ABDOMINAL DISCOMFORT|ARTHRALGIA|CHOLECYSTITIS|CHOLELITHOTOMY|DECREASED APPETITE|DIARRHOEA|FATIGUE|GALLBLADDER PERFORATION|HAEMOPTYSIS|HEPATIC ENZYME INCREASED|NAUSEA|WEIGHT DECREASED,HEPATIC ENZYME INCREASED,False,True,False,suspect,True,IDIOPATHIC PULMONARY FIBROSIS,True,2016-09-30,2017-09-19,354.0,True,False,True,False,True,True,False,False,True
nintedanib,14337817,7,20171229,20220420,2017,JP,JP,1,male,69.0,69.0,801,GAMMA-GLUTAMYLTRANSFERASE INCREASED|NAUSEA|PNEUMOTHORAX|THERAPEUTIC PRODUCT EFFECT INCOMPLETE,GAMMA-GLUTAMYLTRANSFERASE INCREASED,False,True,False,suspect,True,IDIOPATHIC PULMONARY FIBROSIS,True,2015-10-13,2015-11-24,42.0,True,False,True,True,True,False,False,False,True
nintedanib,14343899,4,20180102,20180430,2018,US,US,5,female,75.0,75.0,801,BACK PAIN|BLOOD PRESSURE ABNORMAL|BODY TEMPERATURE ABNORMAL|DIARRHOEA|FATIGUE|HEPATITIS|MUSCLE SPASMS|MYALGIA|NAUSEA|VOMITING|WEIGHT DECREASED,HEPATITIS,False,True,False,suspect,True,PULMONARY FIBROSIS,True,,2017-07-01,,False,False,True,False,False,False,False,False,True
nintedanib,14354347,1,20180105,20180105,2018,US,US,5,female,61.0,61.0,801,DEHYDRATION|DIARRHOEA|FATIGUE|HEADACHE|HEPATIC ENZYME INCREASED|INSOMNIA|LETHARGY|NAUSEA|OXYGEN SATURATION DECREASED|URTICARIA,HEPATIC ENZYME INCREASED,False,True,False,suspect,True,IDIOPATHIC PULMONARY FIBROSIS,True,,,,False,False,False,False,False,False,False,False,False
nintedanib,14363052,2,20180108,20180407,2018,US,US,5,male,,,,DEATH|LIVER DISORDER,LIVER DISORDER,False,True,False,suspect,True,IDIOPATHIC PULMONARY FIBROSIS,True,2014-11-06,,,False,False,True,True,False,False,False,False,True
nintedanib,14364128,4,20180108,20250814,2018,EU,EU,1,female,56.0,56.0,801,ANGINA PECTORIS|DISEASE PROGRESSION|FEBRILE NEUTROPENIA|HYPOTHYROIDISM|LIVER DISORDER|MALIGNANT NEOPLASM PROGRESSION|MUCOSAL INFLAMMATION|OCULAR DISCOMFORT|OEDEMA PERIPHERAL|OESOPHAGITIS|TRANSAMINASES INCREASED,LIVER DISORDER|TRANSAMINASES INCREASED,False,True,False,suspect,True,LUNG ADENOCARCINOMA|NON-SMALL CELL LUNG CANCER,False,,2015-01-01,,False,False,True,False,True,False,False,False,True
nintedanib,14374439,1,20180111,20180111,2018,CA,CA,1,male,73.0,73.0,801,CONFUSIONAL STATE|EOSINOPHILIA|HEPATIC ENZYME INCREASED,HEPATIC ENZYME INCREASED,False,True,False,suspect,True,PRODUCT USED FOR UNKNOWN INDICATION,False,2017-10-10,2017-10-29,19.0,True,False,True,False,True,False,False,False,False
nintedanib,14374853,1,20180111,20180111,2018,DE,DE,1,female,,,,HEPATIC ENZYME INCREASED|UNEVALUABLE EVENT,HEPATIC ENZYME INCREASED,False,True,False,suspect,True,IDIOPATHIC PULMONARY FIBROSIS,True,,,,False,False,True,False,True,False,False,False,False
nintedanib,14378206,2,20180111,20180112,2018,US,US,2,female,53.0,53.0,801,ABDOMINAL DISTENSION|GASTROENTERITIS|LIVER FUNCTION TEST INCREASED,LIVER FUNCTION TEST INCREASED,False,True,False,suspect,True,IDIOPATHIC PULMONARY FIBROSIS,True,2017-08-31,2017-11-01,62.0,True,False,True,False,True,False,False,False,False
nintedanib,14413431,3,20180119,20180424,2018,US,US,5,male,74.0,74.0,801,ABDOMINAL DISCOMFORT|ABDOMINAL PAIN UPPER|ADVERSE REACTION|BALANCE DISORDER|BLOOD BILIRUBIN DECREASED|BLOOD BILIRUBIN INCREASED|CONSTIPATION|COUGH|DIARRHOEA|DIZZINESS|DYSPNOEA|DYSPNOEA EXERTIONAL|HEADACHE|HEPATIC ENZYME ABNORMAL|HEPATIC ENZYME INCREASED|HYPERBILIRUBINAEMIA|INFECTION|LETHARGY|LIVER DISORDER|LOWER RESPIRATORY TRACT INFECTION|NAUSEA|PRODUCTIVE COUGH,BLOOD BILIRUBIN INCREASED|HEPATIC ENZYME INCREASED|HYPERBILIRUBINAEMIA|LIVER DISORDER,False,True,False,suspect,True,IDIOPATHIC PULMONARY FIBROSIS,True,2015-02-16,,,False,False,True,False,False,False,False,False,True
nintedanib,14420935,10,20180122,20220526,2018,SK,SK,1,female,56.0,56.0,801,ANGINA PECTORIS|FEBRILE NEUTROPENIA|HEPATOTOXICITY|HYPOTHYROIDISM|LIVER DISORDER|MUCOSAL INFLAMMATION|OCULAR DISCOMFORT|OEDEMA PERIPHERAL|OESOPHAGITIS,HEPATOTOXICITY|LIVER DISORDER,True,True,False,suspect,True,LUNG ADENOCARCINOMA,False,,2015-01-01,,False,False,True,False,True,False,False,False,True
nintedanib,14424233,1,20180123,20180123,2018,US,US,5,female,77.0,77.0,801,CEREBROVASCULAR ACCIDENT|HEPATIC ENZYME INCREASED|THROMBOSIS,HEPATIC ENZYME INCREASED,False,True,False,suspect,True,IDIOPATHIC PULMONARY FIBROSIS,True,,,,False,False,True,False,True,False,False,False,False
nintedanib,14434344,1,20180124,20180124,2018,US,US,5,female,61.0,61.0,801,DIARRHOEA|HEADACHE|HEPATIC ENZYME INCREASED|LIVER FUNCTION TEST ABNORMAL|NAUSEA|RASH|RETCHING,HEPATIC ENZYME INCREASED|LIVER FUNCTION TEST ABNORMAL,False,True,False,suspect,True,IDIOPATHIC PULMONARY FIBROSIS,True,2017-11-01,2017-11-01,0.0,True,False,True,False,False,False,False,False,True
nintedanib,14464393,2,20180130,20180419,2018,FR,FR,1,male,,,,GENERAL PHYSICAL HEALTH DETERIORATION|IDIOPATHIC PULMONARY FIBROSIS|LIVER DISORDER,LIVER DISORDER,False,True,False,suspect,True,IDIOPATHIC PULMONARY FIBROSIS,True,,,,False,False,True,True,True,False,False,False,False
nintedanib,14465719,2,20180131,20180216,2018,US,US,5,male,81.0,81.0,801,AGEUSIA|DEATH|HEPATIC CANCER|HEPATIC ENZYME INCREASED|PANCREATIC CARCINOMA|WEIGHT DECREASED,HEPATIC ENZYME INCREASED,False,True,False,suspect,True,IDIOPATHIC PULMONARY FIBROSIS,True,2015-07-01,2018-01-18,932.0,False,False,True,True,False,False,False,False,True
nintedanib,14473058,3,20180201,20260123,2018,EU,EU,1,female,56.0,56.0,801,DISEASE PROGRESSION|LIVER DISORDER|TRANSAMINASES INCREASED,LIVER DISORDER|TRANSAMINASES INCREASED,False,True,False,suspect,True,LUNG ADENOCARCINOMA,False,,2015-01-01,,False,False,True,False,True,False,False,False,True
nintedanib,14481459,2,20180202,20180924,2018,SE,SE,3,female,59.0,59.0,801,ACUTE RESPIRATORY FAILURE|DIARRHOEA|INFLUENZA|LIVER FUNCTION TEST INCREASED,LIVER FUNCTION TEST INCREASED,False,True,False,suspect,True,IDIOPATHIC PULMONARY FIBROSIS,True,2017-10-16,2017-11-21,36.0,True,False,True,True,False,False,False,False,True
nintedanib,14485881,1,20180205,20180205,2018,BR,BR,5,female,87.0,87.0,801,ABDOMINAL PAIN UPPER|ASTHENIA|CHOLELITHIASIS|COUGH|DECREASED APPETITE|FATIGUE|HYPOTENSION|LIVER DISORDER|NAUSEA|PANCREATITIS|RENAL DISORDER|VOMITING,LIVER DISORDER,False,True,False,suspect,True,IDIOPATHIC PULMONARY FIBROSIS,True,2017-06-01,,,False,False,True,False,True,False,False,False,False
nintedanib,14498284,2,20180207,20230719,2018,SK,SK,5,female,,,,ANGINA PECTORIS|FEBRILE NEUTROPENIA|HYPOTHYROIDISM|LIVER DISORDER|MUCOSAL INFLAMMATION|OCULAR DISCOMFORT|OEDEMA PERIPHERAL|OESOPHAGITIS,LIVER DISORDER,False,True,False,suspect,True,LUNG ADENOCARCINOMA,False,,,,False,False,True,False,True,False,False,False,True
nintedanib,14498953,3,20180207,20230726,2018,SK,SK,1,female,56.0,56.0,801,ANGINA PECTORIS|FEBRILE NEUTROPENIA|HYPOTHYROIDISM|LIVER DISORDER|MUCOSAL INFLAMMATION|OCULAR DISCOMFORT|OEDEMA PERIPHERAL|OESOPHAGITIS|TONSILLITIS,LIVER DISORDER,False,True,False,suspect,True,LUNG ADENOCARCINOMA,False,,2010-01-01,,False,False,True,False,True,False,False,False,True
nintedanib,14507894,1,20180208,20180208,2018,US,US,5,female,,,,LIVER DISORDER,LIVER DISORDER,False,True,False,suspect,True,PRODUCT USED FOR UNKNOWN INDICATION,False,,,,False,False,False,False,False,False,False,False,False
nintedanib,14510968,4,20180209,20180323,2018,CA,CA,5,male,68.0,68.0,801,CARDIAC ARREST|COUGH|DYSPNOEA|FATIGUE|HEPATIC FAILURE|HYPOGLYCAEMIA|HYPOXIA|LIVER FUNCTION TEST INCREASED|LIVER INJURY|SHOCK|TACHYCARDIA|TRANSAMINASES INCREASED|URINARY INCONTINENCE,HEPATIC FAILURE|LIVER FUNCTION TEST INCREASED|TRANSAMINASES INCREASED,True,True,False,suspect,True,IDIOPATHIC PULMONARY FIBROSIS,True,2017-07-03,2018-02-07,219.0,True,True,True,True,True,False,False,False,True
nintedanib,14519443,1,20180212,20180212,2018,SK,SK,1,female,,,,ANGINA PECTORIS|FEBRILE NEUTROPENIA|HYPOTHYROIDISM|LIVER DISORDER|MUCOSAL INFLAMMATION|OCULAR DISCOMFORT|OEDEMA PERIPHERAL|OESOPHAGITIS,LIVER DISORDER,False,True,False,suspect,True,LUNG ADENOCARCINOMA,False,,,,False,False,True,False,True,False,False,False,True
nintedanib,14523860,1,20180213,20180213,2018,US,US,1,unknown,,,,HEPATIC ENZYME INCREASED,HEPATIC ENZYME INCREASED,False,True,False,suspect,True,IDIOPATHIC PULMONARY FIBROSIS,True,,2018-02-04,,False,False,True,False,True,False,False,False,False
nintedanib,14523879,4,20180213,20180807,2018,CA,CA,5,male,74.0,74.0,801,ABDOMINAL PAIN|ABDOMINAL PAIN UPPER|ASTHENIA|DECREASED APPETITE|DIARRHOEA|DRUG INEFFECTIVE|DYSPNOEA|FAECES SOFT|FATIGUE|HEPATIC ENZYME INCREASED|HEPATITIS|INFLUENZA|NAUSEA|WEIGHT DECREASED,HEPATIC ENZYME INCREASED|HEPATITIS,False,True,False,suspect,True,IDIOPATHIC PULMONARY FIBROSIS,True,2017-08-15,2017-08-17,2.0,True,False,True,False,True,False,False,False,False
nintedanib,14541655,2,20180216,20180302,2018,JP,JP,1,male,53.0,53.0,801,DRUG-INDUCED LIVER INJURY|INFLUENZA|INTERSTITIAL LUNG DISEASE|PNEUMONIA,DRUG-INDUCED LIVER INJURY,True,True,False,suspect,True,INTERSTITIAL LUNG DISEASE,True,2017-11-30,2017-12-14,14.0,True,False,True,False,True,False,False,False,False
nintedanib,14559828,9,20180221,20180912,2018,MX,MX,1,male,80.0,80.0,801,ALANINE AMINOTRANSFERASE INCREASED|ASPARTATE AMINOTRANSFERASE INCREASED|EOSINOPHIL COUNT INCREASED|EOSINOPHIL PERCENTAGE INCREASED,ALANINE AMINOTRANSFERASE INCREASED|ASPARTATE AMINOTRANSFERASE INCREASED,False,True,False,suspect,True,IDIOPATHIC PULMONARY FIBROSIS,True,2017-08-22,2018-02-06,168.0,True,False,True,False,False,False,False,False,True
nintedanib,14563690,3,20180222,20220929,2018,DE,DE,1,female,58.0,58.0,801,ASPARTATE AMINOTRANSFERASE INCREASED|BLOOD ALKALINE PHOSPHATASE INCREASED|BLOOD BILIRUBIN INCREASED|DIARRHOEA|GAMMA-GLUTAMYLTRANSFERASE INCREASED|HEPATIC FUNCTION ABNORMAL|LIVER DISORDER|MUSCULAR WEAKNESS|NAUSEA|ORTHOSTATIC INTOLERANCE|PERIPHERAL SENSORY NEUROPATHY|PHARYNGITIS|WHITE BLOOD CELL COUNT DECREASED,ASPARTATE AMINOTRANSFERASE INCREASED|BLOOD ALKALINE PHOSPHATASE INCREASED|BLOOD BILIRUBIN INCREASED|GAMMA-GLUTAMYLTRANSFERASE INCREASED|HEPATIC FUNCTION ABNORMAL|LIVER DISORDER,False,True,True,suspect,True,NON-SMALL CELL LUNG CANCER,False,2016-03-11,2016-03-17,6.0,True,False,True,False,True,False,False,False,False
nintedanib,14564779,1,20180222,20180222,2018,US,US,3,female,90.0,90.0,801,DIARRHOEA|HEPATIC ENZYME INCREASED|MALAISE|NAUSEA,HEPATIC ENZYME INCREASED,False,True,False,suspect,True,IDIOPATHIC PULMONARY FIBROSIS,True,,2018-01-03,,False,False,False,False,False,False,False,False,False
nintedanib,14569812,1,20180224,20180224,2018,US,US,3,male,,,,DEATH|HEPATIC MASS|LIVER FUNCTION TEST INCREASED|MALAISE,LIVER FUNCTION TEST INCREASED,False,True,False,suspect,True,PRODUCT USED FOR UNKNOWN INDICATION,False,,,,False,False,True,True,False,False,False,False,True
nintedanib,14572717,1,20180226,20180226,2018,FI,FI,1,male,69.0,69.0,801,ASCITES|BLOOD ALKALINE PHOSPHATASE INCREASED|GAMMA-GLUTAMYLTRANSFERASE INCREASED|LIVER DISORDER|OESOPHAGEAL VARICES HAEMORRHAGE,BLOOD ALKALINE PHOSPHATASE INCREASED|GAMMA-GLUTAMYLTRANSFERASE INCREASED|LIVER DISORDER,False,True,False,suspect,True,PULMONARY FIBROSIS,True,2016-11-04,,,False,False,True,False,False,False,True,False,False
nintedanib,14578499,2,20180227,20180905,2018,CA,CA,5,female,79.0,79.0,801,CONTUSION|DECREASED APPETITE|DIARRHOEA|FLATULENCE|HAND FRACTURE|INFLUENZA|LIVER DISORDER|WEIGHT DECREASED,LIVER DISORDER,False,True,False,suspect,True,IDIOPATHIC PULMONARY FIBROSIS,True,2016-07-05,2016-10-18,105.0,True,False,True,False,True,False,False,False,False
nintedanib,14580244,1,20180228,20180228,2018,US,US,5,male,80.0,80.0,801,DECREASED APPETITE|DIARRHOEA|HEPATIC ENZYME INCREASED|LIVER FUNCTION TEST INCREASED,HEPATIC ENZYME INCREASED|LIVER FUNCTION TEST INCREASED,False,True,False,suspect,True,IDIOPATHIC PULMONARY FIBROSIS,True,,,,False,False,True,False,False,False,False,False,True
nintedanib,14596666,5,20180304,20181001,2018,US,US,1,female,74.0,74.0,801,DIARRHOEA|DRUG-INDUCED LIVER INJURY|NAUSEA|STRESS CARDIOMYOPATHY,DRUG-INDUCED LIVER INJURY,True,True,False,suspect,True,INTERSTITIAL LUNG DISEASE,True,2018-01-29,2018-01-31,2.0,True,False,True,False,True,True,False,False,True
nintedanib,14618738,2,20180309,20181009,2018,US,US,5,female,71.0,71.0,801,CHOLECYSTECTOMY|DYSGEUSIA|LIVER FUNCTION TEST INCREASED,LIVER FUNCTION TEST INCREASED,False,True,False,suspect,True,IDIOPATHIC PULMONARY FIBROSIS,True,2018-02-16,2018-06-14,118.0,True,False,True,False,True,False,False,False,False
nintedanib,14650962,1,20180316,20180316,2018,SI,SI,1,unknown,,,,LIVER DISORDER,LIVER DISORDER,False,True,False,suspect,True,IDIOPATHIC PULMONARY FIBROSIS,True,,,,False,False,True,False,False,False,False,False,True
nintedanib,14650964,1,20180316,20180316,2018,SI,SI,1,unknown,,,,LIVER DISORDER,LIVER DISORDER,False,True,False,suspect,True,IDIOPATHIC PULMONARY FIBROSIS,True,,,,False,False,True,False,False,False,False,False,True
nintedanib,14659158,4,20180320,20180726,2018,US,US,1,female,52.0,52.0,801,DRUG-INDUCED LIVER INJURY,DRUG-INDUCED LIVER INJURY,True,True,False,suspect,True,INTERSTITIAL LUNG DISEASE,True,2017-04-26,2018-03-06,314.0,True,False,True,False,False,False,False,False,True
nintedanib,14662251,2,20180321,20180322,2018,BR,BR,1,male,,,,ADENOCARCINOMA|HEPATIC FUNCTION ABNORMAL|PARANEOPLASTIC SYNDROME|RENAL IMPAIRMENT|SKIN LESION,HEPATIC FUNCTION ABNORMAL,False,True,False,suspect,True,PRODUCT USED FOR UNKNOWN INDICATION,False,,,,False,False,True,False,False,False,False,False,True
nintedanib,14668850,7,20180322,20181009,2018,ES,ES,1,female,72.0,72.0,801,ALANINE AMINOTRANSFERASE INCREASED|ASPARTATE AMINOTRANSFERASE INCREASED|FALL,ALANINE AMINOTRANSFERASE INCREASED|ASPARTATE AMINOTRANSFERASE INCREASED,False,True,False,suspect,True,INTERSTITIAL LUNG DISEASE,True,2018-01-25,2018-02-08,14.0,True,False,True,False,True,False,False,False,False
nintedanib,14678995,2,20180326,20180416,2018,US,US,1,male,73.0,73.0,801,ACUTE KIDNEY INJURY|DRUG-INDUCED LIVER INJURY|RENAL INJURY,DRUG-INDUCED LIVER INJURY,True,True,False,suspect,True,IDIOPATHIC PULMONARY FIBROSIS,True,,2018-03-12,,False,False,True,False,True,False,False,False,True
nintedanib,14692404,2,20180329,20180409,2018,BE,BE,1,male,79.0,79.0,801,ACUTE KIDNEY INJURY|DEATH|DIARRHOEA|ESCHERICHIA SEPSIS|HEPATIC FUNCTION ABNORMAL|PNEUMONIA,HEPATIC FUNCTION ABNORMAL,False,True,False,suspect,True,IDIOPATHIC PULMONARY FIBROSIS,True,2017-10-31,2017-11-20,20.0,True,False,True,True,True,False,False,False,True
nintedanib,14699474,1,20180330,20180330,2018,DE,DE,1,male,62.0,62.0,801,ABDOMINAL PAIN UPPER|ACUTE HEPATIC FAILURE|BLOOD TEST ABNORMAL|GAMMA-GLUTAMYLTRANSFERASE INCREASED|INFECTION|INTESTINAL ISCHAEMIA|LUNG TRANSPLANT|MULTIPLE ORGAN DYSFUNCTION SYNDROME|RENAL ISCHAEMIA|TRANSPLANTATION COMPLICATION,ACUTE HEPATIC FAILURE|GAMMA-GLUTAMYLTRANSFERASE INCREASED,True,True,False,suspect,True,IDIOPATHIC PULMONARY FIBROSIS,True,2015-09-01,2016-09-01,366.0,False,True,True,True,True,False,False,False,True
nintedanib,14707307,1,20180403,20180403,2018,US,US,1,male,,,,BLOOD BILIRUBIN INCREASED|JAUNDICE,BLOOD BILIRUBIN INCREASED|JAUNDICE,False,True,False,suspect,True,PRODUCT USED FOR UNKNOWN INDICATION,False,,,,False,False,False,False,False,False,False,False,False
nintedanib,14716935,2,20180404,20180419,2018,ES,ES,1,male,67.0,67.0,801,DRUG-INDUCED LIVER INJURY,DRUG-INDUCED LIVER INJURY,True,True,False,suspect,True,IDIOPATHIC PULMONARY FIBROSIS,True,2017-09-12,2017-09-17,5.0,True,False,True,False,True,False,False,False,True
nintedanib,14722971,1,20180405,20180405,2018,CA,CA,5,female,68.0,68.0,801,ABDOMINAL DISTENSION|ARTHRALGIA|COUGH|DECREASED APPETITE|DELIRIUM|DIARRHOEA|HEPATIC ENZYME ABNORMAL|HEPATOTOXICITY|LIVER DISORDER|NAUSEA|PNEUMONIA|PYREXIA|SWELLING FACE|VOMITING,HEPATOTOXICITY|LIVER DISORDER,True,True,False,suspect,True,IDIOPATHIC PULMONARY FIBROSIS,True,2018-02-25,2018-03-12,15.0,True,False,True,False,True,False,False,False,False
nintedanib,14730522,2,20180406,20180427,2018,US,US,5,female,52.0,52.0,801,ABDOMINAL PAIN|DYSPNOEA|FATIGUE|LIVER FUNCTION TEST INCREASED|NAUSEA|VOMITING|WHEEZING,LIVER FUNCTION TEST INCREASED,False,True,False,suspect,True,IDIOPATHIC PULMONARY FIBROSIS,True,,,,False,False,False,False,False,False,False,False,False
nintedanib,14757746,1,20180413,20180413,2018,SK,SK,3,female,56.0,56.0,801,DISEASE PROGRESSION|HEPATOTOXICITY|LIVER DISORDER|TRANSAMINASES INCREASED,HEPATOTOXICITY|LIVER DISORDER|TRANSAMINASES INCREASED,True,True,False,suspect,True,ADENOCARCINOMA|LUNG ADENOCARCINOMA,False,,2014-01-01,,False,False,True,False,False,False,False,False,True
nintedanib,14766586,2,20180416,20180419,2018,US,US,1,male,,,,BLOOD ALKALINE PHOSPHATASE INCREASED,BLOOD ALKALINE PHOSPHATASE INCREASED,False,True,False,suspect,True,IDIOPATHIC PULMONARY FIBROSIS,True,,,,False,False,False,False,False,False,False,False,False
nintedanib,14768115,2,20180417,20180419,2018,ES,ES,1,male,81.0,81.0,801,DIARRHOEA|GAMMA-GLUTAMYLTRANSFERASE INCREASED|TRANSIENT ISCHAEMIC ATTACK,GAMMA-GLUTAMYLTRANSFERASE INCREASED,False,True,False,suspect,True,IDIOPATHIC PULMONARY FIBROSIS,True,2016-10-03,2016-10-31,28.0,True,False,True,False,False,False,False,False,True
nintedanib,14779295,4,20180419,20180529,2018,BR,BR,5,male,76.0,76.0,801,ADVERSE DRUG REACTION|DEATH|DIARRHOEA|ERYSIPELAS|HYPERTHYROIDISM|JAUNDICE|LIVER DISORDER|MYALGIA|NAUSEA|POOR PERIPHERAL CIRCULATION|PRODUCT QUALITY ISSUE|SKIN DISCOLOURATION|VOMITING|WEIGHT DECREASED,JAUNDICE|LIVER DISORDER,False,True,False,suspect,True,IDIOPATHIC PULMONARY FIBROSIS,True,,,,False,False,True,True,True,False,False,False,True
nintedanib,14786448,2,20180421,20181112,2018,US,US,5,female,,,,LIVER DISORDER,LIVER DISORDER,False,True,False,suspect,True,IDIOPATHIC PULMONARY FIBROSIS,True,2017-01-20,,,False,False,True,False,True,False,False,False,True
nintedanib,14787288,1,20180421,20180421,2018,US,US,1,male,72.0,72.0,801,ABDOMINAL PAIN|GASTRIC ULCER PERFORATION|HEPATIC ENZYME INCREASED,HEPATIC ENZYME INCREASED,False,True,False,suspect,True,IDIOPATHIC PULMONARY FIBROSIS,True,,,,False,False,True,False,True,False,False,False,False
nintedanib,14791049,4,20180423,20180702,2018,JP,JP,1,male,71.0,71.0,801,DRUG-INDUCED LIVER INJURY,DRUG-INDUCED LIVER INJURY,True,True,False,suspect,True,IDIOPATHIC PULMONARY FIBROSIS,True,2018-03-19,2018-04-17,29.0,True,False,True,False,True,False,False,False,False
nintedanib,14814891,1,20180426,20180426,2018,PT,PT,1,male,,,,DIALYSIS|HEPATOTOXICITY,HEPATOTOXICITY,True,True,False,suspect,True,IDIOPATHIC PULMONARY FIBROSIS,True,,,,False,False,True,False,False,False,False,False,True
nintedanib,14817414,1,20180426,20180426,2018,DE,DE,5,female,36.0,36.0,801,ACUTE KIDNEY INJURY|DRUG-INDUCED LIVER INJURY|DYSPNOEA EXERTIONAL|MALIGNANT NEOPLASM PROGRESSION,DRUG-INDUCED LIVER INJURY,True,True,False,suspect,True,LUNG ADENOCARCINOMA|ROUTINE HEALTH MAINTENANCE,False,,,,False,False,True,False,True,False,False,False,True
nintedanib,14839949,2,20180503,20180629,2018,US,US,5,female,72.0,72.0,801,DIARRHOEA|HEPATIC ENZYME INCREASED|LIVER FUNCTION TEST INCREASED|NAUSEA|OSTEOPOROSIS,HEPATIC ENZYME INCREASED|LIVER FUNCTION TEST INCREASED,False,True,False,suspect,True,IDIOPATHIC PULMONARY FIBROSIS,True,2018-02-16,,,False,False,False,False,False,False,False,False,False
nintedanib,14843627,4,20180503,20180628,2018,US,US,5,male,75.0,75.0,801,ABDOMINAL PAIN UPPER|BLOOD GLUCOSE ABNORMAL|BLOOD GLUCOSE DECREASED|COUGH|DIARRHOEA|DYSPNOEA|FATIGUE|FLUID RETENTION|HAEMATOCHEZIA|HEADACHE|HYPERTENSION|INFLUENZA|LIVER FUNCTION TEST INCREASED|PERIPHERAL SWELLING|PNEUMONIA|PRURITUS|RENAL DISORDER|RESPIRATORY DISORDER|WEIGHT INCREASED,LIVER FUNCTION TEST INCREASED,False,True,False,suspect,True,IDIOPATHIC PULMONARY FIBROSIS,True,2017-10-30,2017-11-02,3.0,True,False,True,False,False,False,False,False,True
nintedanib,14843674,2,20180503,20180504,2018,US,US,1,female,32.0,32.0,801,ASPARTATE AMINOTRANSFERASE INCREASED|PRODUCT USE IN UNAPPROVED INDICATION,ASPARTATE AMINOTRANSFERASE INCREASED,False,True,False,suspect,True,POST PROCEDURAL COMPLICATION,False,,,,False,False,False,False,False,False,False,False,False
nintedanib,14846886,2,20180504,20180511,2018,US,US,1,unknown,,,,HEPATIC FAILURE,HEPATIC FAILURE,True,True,False,suspect,True,PRODUCT USED FOR UNKNOWN INDICATION,False,,,,False,False,True,False,False,False,False,False,True
nintedanib,14848101,5,20180504,20180918,2018,US,US,5,male,69.0,69.0,801,ASTHMA|COUGH|DIARRHOEA|DIZZINESS|FACIAL BONES FRACTURE|FALL|HAEMORRHAGE|INCREASED TENDENCY TO BRUISE|LIVER FUNCTION TEST ABNORMAL,LIVER FUNCTION TEST ABNORMAL,False,True,False,suspect,True,IDIOPATHIC PULMONARY FIBROSIS,True,2018-05-10,2018-04-24,-16.0,False,False,True,False,True,False,False,False,False
nintedanib,14856035,1,20180507,20180507,2018,IT,IT,1,male,60.0,60.0,801,BILE DUCT CANCER|TRANSAMINASES INCREASED,TRANSAMINASES INCREASED,False,True,False,suspect,True,IDIOPATHIC PULMONARY FIBROSIS,True,,,,False,False,True,False,False,False,False,False,True
nintedanib,14871865,1,20180509,20180509,2018,CA,CA,5,male,70.0,70.0,801,ABDOMINAL PAIN UPPER|BLOOD PRESSURE INCREASED|DIARRHOEA|HEPATITIS|NAUSEA|VOMITING,HEPATITIS,False,True,False,suspect,True,IDIOPATHIC PULMONARY FIBROSIS,True,2018-04-04,2018-04-04,0.0,True,False,True,False,True,False,False,False,False
nintedanib,14877460,1,20180510,20180510,2018,GB,DE,3,female,36.0,36.0,801,ACUTE KIDNEY INJURY|DRUG-INDUCED LIVER INJURY|DYSPNOEA EXERTIONAL|MALIGNANT NEOPLASM PROGRESSION,DRUG-INDUCED LIVER INJURY,True,True,False,suspect,True,LUNG ADENOCARCINOMA|ROUTINE HEALTH MAINTENANCE,False,,,,False,False,True,False,True,False,False,False,True
nintedanib,14889343,4,20180514,20180801,2018,US,US,5,male,61.0,61.0,801,DEATH|HEPATIC FAILURE,HEPATIC FAILURE,True,True,False,suspect,True,IDIOPATHIC PULMONARY FIBROSIS,True,2018-04-20,2018-04-25,5.0,True,False,True,True,True,False,False,False,True
nintedanib,14906972,1,20180517,20180517,2018,DE,DE,5,female,36.0,36.0,801,ACUTE KIDNEY INJURY|DRUG-INDUCED LIVER INJURY|DYSPNOEA EXERTIONAL|MALIGNANT NEOPLASM PROGRESSION,DRUG-INDUCED LIVER INJURY,True,True,False,suspect,True,LUNG ADENOCARCINOMA|ROUTINE HEALTH MAINTENANCE,False,,,,False,False,True,False,True,False,False,False,True
nintedanib,14917462,1,20180521,20180521,2018,ES,ES,1,unknown,,,,ACUTE KIDNEY INJURY|DIVERTICULITIS|PSEUDOMONAS INFECTION|TRANSAMINASES INCREASED,TRANSAMINASES INCREASED,False,True,False,suspect,True,IDIOPATHIC PULMONARY FIBROSIS,True,,,,False,False,True,False,True,False,False,False,True
nintedanib,14924831,2,20180522,20180621,2018,CA,CA,5,male,66.0,66.0,801,ABDOMINAL PAIN UPPER|BOWEL MOVEMENT IRREGULARITY|CHILLS|CONSTIPATION|DIVERTICULUM|DYSPNOEA|ENTEROVESICAL FISTULA|FLATULENCE|HEPATIC ENZYME INCREASED|INTENTIONAL PRODUCT MISUSE|INTESTINAL PERFORATION|MALAISE|MYALGIA|PAIN IN EXTREMITY|PYREXIA|URINARY TRACT INFECTION|VOMITING,HEPATIC ENZYME INCREASED,False,True,False,suspect,True,IDIOPATHIC PULMONARY FIBROSIS,True,2017-08-20,2017-08-20,0.0,True,False,True,False,True,False,False,False,True
nintedanib,14935014,2,20180524,20180529,2018,IT,IT,1,male,,,,LIVER INJURY|TRANSAMINASES INCREASED,TRANSAMINASES INCREASED,False,True,False,suspect,True,PRODUCT USED FOR UNKNOWN INDICATION,False,,,,False,False,True,False,False,False,False,False,True
nintedanib,14949267,1,20180529,20180529,2018,JP,JP,1,male,71.0,71.0,801,GAMMA-GLUTAMYLTRANSFERASE INCREASED,GAMMA-GLUTAMYLTRANSFERASE INCREASED,False,True,False,suspect,True,IDIOPATHIC PULMONARY FIBROSIS,True,2018-01-15,2018-05-24,129.0,True,False,True,False,True,False,False,False,False
nintedanib,14967011,2,20180604,20180703,2018,US,US,5,male,,,,DEPRESSION|DIARRHOEA|FALL|LIVER FUNCTION TEST INCREASED|MALAISE,LIVER FUNCTION TEST INCREASED,False,True,False,suspect,True,IDIOPATHIC PULMONARY FIBROSIS,True,,,,False,False,False,False,False,False,False,False,False
nintedanib,14968791,1,20180604,20180604,2018,DE,DE,5,female,36.0,36.0,801,ACUTE KIDNEY INJURY|DRUG-INDUCED LIVER INJURY|DYSPNOEA EXERTIONAL|NEOPLASM PROGRESSION,DRUG-INDUCED LIVER INJURY,True,True,False,suspect,True,LUNG ADENOCARCINOMA|ROUTINE HEALTH MAINTENANCE,False,,,,False,False,True,False,True,False,False,False,True
nintedanib,15007836,1,20180613,20180613,2018,US,US,5,male,79.0,79.0,801,ABDOMINAL PAIN|ABNORMAL LOSS OF WEIGHT|ANXIETY|DECREASED APPETITE|DIARRHOEA|LIVER FUNCTION TEST INCREASED|TREMOR,LIVER FUNCTION TEST INCREASED,False,True,False,suspect,True,IDIOPATHIC PULMONARY FIBROSIS,True,,,,False,False,False,False,False,False,False,False,False
nintedanib,15009628,5,20180614,20181012,2018,US,US,5,female,83.0,83.0,801,CONFUSIONAL STATE|DIARRHOEA|DYSPNOEA|FATIGUE|HEPATIC FUNCTION ABNORMAL|IDIOPATHIC PULMONARY FIBROSIS|ROAD TRAFFIC ACCIDENT,HEPATIC FUNCTION ABNORMAL,False,True,False,suspect,True,IDIOPATHIC PULMONARY FIBROSIS,True,2018-05-16,,,False,False,True,False,True,False,False,False,True
nintedanib,15036695,3,20180620,20180827,2018,US,US,5,male,69.0,69.0,801,ABDOMINAL PAIN UPPER|ASTHENIA|BLOOD PRESSURE INCREASED|CONTUSION|FALL|FATIGUE|HEPATIC ENZYME INCREASED|MALAISE|MUSCULAR WEAKNESS,HEPATIC ENZYME INCREASED,False,True,False,suspect,True,IDIOPATHIC PULMONARY FIBROSIS,True,2018-02-20,,,False,False,False,False,False,False,False,False,False
nintedanib,15043614,1,20180621,20180621,2018,TH,TH,1,unknown,,,,HEPATITIS,HEPATITIS,False,True,False,suspect,True,PRODUCT USED FOR UNKNOWN INDICATION,False,,,,False,False,True,False,False,False,False,False,True
nintedanib,15072502,1,20180626,20180626,2018,US,US,5,female,79.0,79.0,801,FATIGUE|FEELING ABNORMAL|HEPATIC ENZYME INCREASED,HEPATIC ENZYME INCREASED,False,True,False,suspect,True,IDIOPATHIC PULMONARY FIBROSIS,True,2018-06-16,,,False,False,False,False,False,False,False,False,False
nintedanib,15095471,2,20180702,20181002,2018,JP,JP,1,female,75.0,75.0,801,ANAEMIA|DECREASED APPETITE|LIVER DISORDER|LOWER GASTROINTESTINAL HAEMORRHAGE|NAUSEA|VOMITING,LIVER DISORDER,False,True,False,suspect,True,INTERSTITIAL LUNG DISEASE,True,2018-03-05,2018-03-26,21.0,True,False,True,False,True,False,False,False,False
nintedanib,15099500,2,20180702,20180802,2018,BR,BR,5,male,74.0,74.0,801,BLOOD GLUCOSE DECREASED|LIVER DISORDER|PNEUMONIA|WEIGHT DECREASED,LIVER DISORDER,False,True,False,suspect,True,IDIOPATHIC PULMONARY FIBROSIS,True,,2018-07-06,,False,False,True,False,True,False,False,False,False
nintedanib,15108873,4,20180705,20180920,2018,US,US,5,female,80.0,80.0,801,DEATH|LIVER FUNCTION TEST ABNORMAL|NAUSEA|PAIN|VOMITING,LIVER FUNCTION TEST ABNORMAL,False,True,False,suspect,True,IDIOPATHIC PULMONARY FIBROSIS,True,2018-05-24,,,False,False,True,True,False,False,False,False,True
nintedanib,15111996,2,20180705,20180917,2018,US,US,5,male,72.0,72.0,801,ANAEMIA|HAEMATOCHEZIA|HYDROCEPHALUS|LIVER FUNCTION TEST INCREASED|MUSCULAR WEAKNESS|PNEUMONIA|SYNCOPE,LIVER FUNCTION TEST INCREASED,False,True,False,suspect,True,IDIOPATHIC PULMONARY FIBROSIS,True,2017-11-15,2018-02-18,95.0,True,False,True,False,True,False,True,False,True
nintedanib,15113820,2,20180706,20180709,2018,US,US,1,female,62.0,62.0,801,BLOOD ALKALINE PHOSPHATASE INCREASED|DIARRHOEA,BLOOD ALKALINE PHOSPHATASE INCREASED,False,True,False,suspect,True,IDIOPATHIC PULMONARY FIBROSIS,True,,,,False,False,False,False,False,False,False,False,False
nintedanib,15117856,7,20180706,20180814,2018,US,US,5,female,61.0,61.0,801,ABDOMINAL PAIN|ANXIETY|CELLULITIS|CLOSTRIDIUM DIFFICILE INFECTION|COUGH|DYSPNOEA|FAECES SOFT|FEELING ABNORMAL|GAIT DISTURBANCE|HEPATIC ENZYME INCREASED|HYPOACUSIS|INCREASED APPETITE|INSOMNIA|JOINT SWELLING|LIMB DISCOMFORT|OXYGEN SATURATION ABNORMAL|OXYGEN SATURATION DECREASED|PAIN|PAIN IN EXTREMITY|PERIPHERAL SWELLING|RASH|RASH PRURITIC|SKIN DISORDER|SPEECH DISORDER|SWELLING|TENSION,HEPATIC ENZYME INCREASED,False,True,False,suspect,True,IDIOPATHIC PULMONARY FIBROSIS,True,2018-06-06,2018-08-08,63.0,True,False,True,False,True,False,False,False,False
nintedanib,15127469,1,20180710,20180710,2018,IE,IE,3,male,76.0,76.0,801,ABDOMINAL DISCOMFORT|ASTHENIA|CHROMATURIA|CONSTIPATION|HEPATIC FUNCTION ABNORMAL|HYPERHIDROSIS,HEPATIC FUNCTION ABNORMAL,False,True,False,suspect,True,IDIOPATHIC PULMONARY FIBROSIS,True,2018-06-02,2018-06-18,16.0,True,False,True,False,False,False,False,False,True
nintedanib,15128289,2,20180711,20180811,2018,US,US,3,female,71.0,71.0,801,ABDOMINAL PAIN UPPER|INFLUENZA|LIVER FUNCTION TEST INCREASED|MUSCLE SPASMS,LIVER FUNCTION TEST INCREASED,False,True,False,suspect,True,IDIOPATHIC PULMONARY FIBROSIS,True,,,,False,False,False,False,False,False,False,False,False
nintedanib,15132200,1,20180711,20180711,2018,US,US,5,female,77.0,77.0,801,HEPATIC ENZYME INCREASED|LIVER INJURY,HEPATIC ENZYME INCREASED,False,True,False,suspect,True,IDIOPATHIC PULMONARY FIBROSIS,True,2018-06-01,,,False,False,True,False,True,False,False,False,False
nintedanib,15143634,1,20180713,20180713,2018,US,US,5,male,78.0,78.0,801,BLOOD BILIRUBIN INCREASED|BLOOD CREATININE INCREASED|BLOOD UREA INCREASED|EUSTACHIAN TUBE DISORDER|HEADACHE|NECK PAIN|PAIN OF SKIN|TEMPORAL ARTERITIS,BLOOD BILIRUBIN INCREASED,False,True,False,suspect,True,IDIOPATHIC PULMONARY FIBROSIS,True,2018-04-17,,,False,False,False,False,False,False,False,False,False
nintedanib,15148046,5,20180716,20190315,2018,US,US,5,male,73.0,73.0,801,COUGH|DECREASED APPETITE|DEPRESSION|DIARRHOEA|DIZZINESS|DYSPNOEA|HEPATIC ENZYME INCREASED|IDIOPATHIC PULMONARY FIBROSIS|INFECTION|LIVER FUNCTION TEST INCREASED|NASOPHARYNGITIS|NAUSEA|OXYGEN SATURATION ABNORMAL|PNEUMONIA|PRODUCTIVE COUGH|PULMONARY CONGESTION|RHINORRHOEA|THROMBOSIS|WEIGHT DECREASED,HEPATIC ENZYME INCREASED|LIVER FUNCTION TEST INCREASED,False,True,False,suspect,True,IDIOPATHIC PULMONARY FIBROSIS,True,2017-01-27,2017-01-30,3.0,True,False,True,True,True,False,False,False,False
nintedanib,15160822,1,20180718,20180718,2018,US,US,5,female,89.0,89.0,801,ABNORMAL LOSS OF WEIGHT|DIARRHOEA|HEPATIC ENZYME INCREASED,HEPATIC ENZYME INCREASED,False,True,False,suspect,True,IDIOPATHIC PULMONARY FIBROSIS,True,,,,False,False,True,False,True,False,False,False,False
nintedanib,15185034,2,20180723,20180807,2018,US,US,5,female,74.0,74.0,801,ASTHENIA|DEHYDRATION|DIARRHOEA|HEPATIC ENZYME INCREASED|NAUSEA|URINARY TRACT INFECTION|VOMITING|WEIGHT DECREASED,HEPATIC ENZYME INCREASED,False,True,False,suspect,True,IDIOPATHIC PULMONARY FIBROSIS,True,2018-06-23,2018-06-25,2.0,True,False,True,False,True,False,False,False,False
nintedanib,15185856,5,20180723,20200622,2018,TW,TW,1,male,71.0,71.0,801,HEPATITIS|IDIOPATHIC PULMONARY FIBROSIS|ORAL CANDIDIASIS,HEPATITIS,False,True,False,suspect,True,IDIOPATHIC PULMONARY FIBROSIS,True,2018-02-26,2018-03-16,18.0,True,True,True,True,True,False,False,False,False
nintedanib,15192466,2,20180725,20181114,2018,US,US,5,male,70.0,70.0,801,ABDOMINAL PAIN|ARTHRITIS|ASTHENIA|DECREASED APPETITE|DIVERTICULITIS|HEPATIC ENZYME INCREASED|NAUSEA|WEIGHT DECREASED,HEPATIC ENZYME INCREASED,False,True,False,suspect,True,IDIOPATHIC PULMONARY FIBROSIS,True,2018-04-21,2018-07-19,89.0,True,False,False,False,False,False,False,False,False
nintedanib,15193183,1,20180725,20180725,2018,PT,PT,1,male,76.0,76.0,801,BLOOD BILIRUBIN INCREASED|CHOLELITHIASIS|GAMMA-GLUTAMYLTRANSFERASE INCREASED|HEPATIC ENZYME INCREASED|JAUNDICE,BLOOD BILIRUBIN INCREASED|GAMMA-GLUTAMYLTRANSFERASE INCREASED|HEPATIC ENZYME INCREASED|JAUNDICE,False,True,False,suspect,True,PRODUCT USED FOR UNKNOWN INDICATION,False,,,,False,False,True,False,True,False,False,False,True
nintedanib,15198435,1,20180725,20180725,2018,US,US,5,female,75.0,75.0,801,ABDOMINAL PAIN|ACCIDENTAL OVERDOSE|BACK PAIN|BLOOD BILIRUBIN INCREASED|CHROMATURIA|CYSTITIS|DEPRESSION|DIARRHOEA|DIPLOPIA|DIZZINESS|DYSPNOEA|FAECES DISCOLOURED|FATIGUE|MICTURITION URGENCY|OFF LABEL USE|URINARY TRACT INFECTION,BLOOD BILIRUBIN INCREASED,False,True,False,suspect,True,IDIOPATHIC PULMONARY FIBROSIS,True,2017-04-29,2018-06-01,398.0,False,False,True,False,False,False,False,False,True
nintedanib,15208010,5,20180727,20181023,2018,US,US,1,male,68.0,68.0,801,ALANINE AMINOTRANSFERASE INCREASED|ASPARTATE AMINOTRANSFERASE INCREASED|CARDIAC FAILURE,ALANINE AMINOTRANSFERASE INCREASED|ASPARTATE AMINOTRANSFERASE INCREASED,False,True,False,suspect,True,ACUTE MYELOID LEUKAEMIA,False,2018-06-19,2018-07-10,21.0,True,False,True,False,True,True,False,False,True
nintedanib,15215334,2,20180730,20180903,2018,US,US,5,male,70.0,70.0,801,CHOLELITHIASIS|DIARRHOEA|FATIGUE|HEPATIC ENZYME INCREASED,HEPATIC ENZYME INCREASED,False,True,False,suspect,True,IDIOPATHIC PULMONARY FIBROSIS,True,2018-06-12,,,False,False,False,False,False,False,False,False,False
nintedanib,15221735,1,20180731,20180731,2018,US,US,5,male,,,,CONTUSION|COUGH|DECREASED APPETITE|DEHYDRATION|DIARRHOEA|DYSGEUSIA|DYSPNOEA|DYSPNOEA EXERTIONAL|HEPATIC ENZYME INCREASED|LOSS OF CONSCIOUSNESS|LUNG INFECTION|MUSCULAR WEAKNESS|NAUSEA|PRODUCTIVE COUGH|VISION BLURRED|WEIGHT DECREASED,HEPATIC ENZYME INCREASED,False,True,False,suspect,True,IDIOPATHIC PULMONARY FIBROSIS|INTERSTITIAL LUNG DISEASE,True,2016-08-16,,,False,False,True,False,True,False,False,False,False
nintedanib,15234735,3,20180803,20180821,2018,ES,ES,1,male,73.0,73.0,801,AORTIC VALVE DISEASE MIXED|DYSPNOEA|IDIOPATHIC PULMONARY FIBROSIS|TRANSAMINASES INCREASED,TRANSAMINASES INCREASED,False,True,False,suspect,True,IDIOPATHIC PULMONARY FIBROSIS,True,2018-03-20,2018-04-17,28.0,True,False,True,False,True,False,False,False,False
nintedanib,15242334,2,20180806,20181106,2018,US,US,5,female,70.0,70.0,801,ABDOMINAL PAIN UPPER|ABNORMAL LOSS OF WEIGHT|CONSTIPATION|DECREASED APPETITE|DIARRHOEA|HEPATIC ENZYME INCREASED|MEMORY IMPAIRMENT|NAUSEA|VOMITING,HEPATIC ENZYME INCREASED,False,True,False,suspect,True,IDIOPATHIC PULMONARY FIBROSIS,True,2018-05-01,,,False,False,False,False,False,False,False,False,False
nintedanib,15251582,2,20180807,20210113,2018,US,US,5,male,,,,JAUNDICE,JAUNDICE,False,True,False,suspect,True,PRODUCT USED FOR UNKNOWN INDICATION,False,,,,False,False,True,False,True,False,False,False,False
nintedanib,15255686,9,20180808,20190618,2018,US,US,5,female,76.0,76.0,801,CONSTIPATION|COUGH|DIARRHOEA|DROOLING|HEPATIC FUNCTION ABNORMAL|LIVER DISORDER|LIVER FUNCTION TEST ABNORMAL|LIVER FUNCTION TEST INCREASED|MALAISE|NAUSEA|PRODUCTIVE COUGH|RENAL DISORDER|RENAL IMPAIRMENT|VOMITING,HEPATIC FUNCTION ABNORMAL|LIVER DISORDER|LIVER FUNCTION TEST ABNORMAL|LIVER FUNCTION TEST INCREASED,False,True,False,suspect,True,IDIOPATHIC PULMONARY FIBROSIS,True,2017-12-19,2019-05-01,498.0,False,False,True,False,False,False,True,False,True
nintedanib,15261376,2,20180809,20180810,2018,US,US,5,female,77.0,77.0,801,CHEST DISCOMFORT|DYSPNOEA|HEPATIC ENZYME INCREASED,HEPATIC ENZYME INCREASED,False,True,False,suspect,True,IDIOPATHIC PULMONARY FIBROSIS,True,2018-07-30,2018-08-03,4.0,True,False,True,False,True,False,False,False,False
nintedanib,15270617,3,20180813,20181123,2018,FR,FR,5,male,83.0,83.0,801,ANURIA|CONFUSIONAL STATE|EPILEPSY|HYPOTONIA|LIVER FUNCTION TEST ABNORMAL|LUNG INFECTION|NAUSEA|PYREXIA|SALIVARY HYPERSECRETION|SPEECH DISORDER|WEIGHT DECREASED,LIVER FUNCTION TEST ABNORMAL,False,True,False,suspect,True,IDIOPATHIC PULMONARY FIBROSIS,True,2018-05-26,2018-05-26,0.0,True,False,True,False,True,False,False,False,True
nintedanib,15289473,2,20180817,20180926,2018,US,US,5,male,,,,ABNORMAL LOSS OF WEIGHT|ASTHENIA|HEPATIC ENZYME INCREASED|LIVER FUNCTION TEST INCREASED|NAUSEA,HEPATIC ENZYME INCREASED|LIVER FUNCTION TEST INCREASED,False,True,False,suspect,True,IDIOPATHIC PULMONARY FIBROSIS,True,2018-07-02,,,False,False,False,False,False,False,False,False,False
nintedanib,15290050,3,20180817,20190203,2018,JP,JP,1,unknown,,,,ALANINE AMINOTRANSFERASE INCREASED|PNEUMOCEPHALUS|PNEUMOMEDIASTINUM|PNEUMOTHORAX,ALANINE AMINOTRANSFERASE INCREASED,False,True,False,suspect,True,IDIOPATHIC PULMONARY FIBROSIS,True,,2018-08-10,,False,False,True,False,False,False,False,False,True
nintedanib,15295701,3,20180820,20181219,2018,US,US,5,female,78.0,78.0,801,ALANINE AMINOTRANSFERASE INCREASED|BURNING SENSATION|CHAPPED LIPS|COUGH|DIARRHOEA|DIZZINESS|DRY MOUTH|FEMUR FRACTURE|GLOSSODYNIA|HEADACHE|LIVER SCAN ABNORMAL|NASOPHARYNGITIS|NAUSEA|OXYGEN CONSUMPTION|SEPSIS|TONGUE DISORDER|TOOTH INFECTION,ALANINE AMINOTRANSFERASE INCREASED,False,True,False,suspect,True,IDIOPATHIC PULMONARY FIBROSIS,True,2010-04-01,,,False,False,True,False,True,False,False,False,False
nintedanib,15301337,11,20180821,20201029,2018,US,US,3,female,81.0,81.0,801,ABDOMINAL DISCOMFORT|ASTHENIA|BLOOD GLUCOSE INCREASED|CATARACT|COUGH|DECREASED APPETITE|DIARRHOEA|DYSPNOEA EXERTIONAL|FATIGUE|HEPATIC CANCER|HEPATIC ENZYME INCREASED|INFECTION|INFLUENZA|LIVER DISORDER|LIVER FUNCTION TEST INCREASED|PANCREATIC CARCINOMA|PANCREATIC DISORDER|PERIPHERAL SWELLING|PNEUMONIA|PRODUCTIVE COUGH|WEIGHT DECREASED,HEPATIC ENZYME INCREASED|LIVER DISORDER|LIVER FUNCTION TEST INCREASED,False,True,False,suspect,True,,False,,,,False,False,True,False,True,False,False,False,True
nintedanib,15319585,7,20180827,20201012,2018,JP,JP,1,male,67.0,67.0,801,DECREASED APPETITE|DIARRHOEA|ECZEMA ASTEATOTIC|HEPATIC FUNCTION ABNORMAL|LUNG DISORDER|MECHANICAL ILEUS|PARANASAL SINUS HYPOSECRETION|RESPIRATORY FAILURE,HEPATIC FUNCTION ABNORMAL,False,True,False,suspect,True,IDIOPATHIC PULMONARY FIBROSIS,True,2017-08-21,2017-10-20,60.0,True,False,True,False,True,False,False,False,True
nintedanib,15322857,1,20180821,20180821,2018,US,US,5,male,74.0,74.0,801,ARTERIAL DISORDER|BLOOD PRESSURE INCREASED|CARDIAC DISORDER|CEREBROVASCULAR ACCIDENT|CHEST PAIN|DIARRHOEA|FATIGUE|FLATULENCE|GALLBLADDER DISORDER|HEADACHE|HEART RATE IRREGULAR|JAUNDICE|LIVER FUNCTION TEST INCREASED|PANCREATITIS|PNEUMONIA|PULMONARY FIBROSIS|WEIGHT DECREASED,JAUNDICE|LIVER FUNCTION TEST INCREASED,False,True,False,suspect,True,PULMONARY FIBROSIS,True,2017-03-18,2017-03-18,0.0,True,False,True,False,True,False,False,False,False
nintedanib,15323969,2,20180828,20180831,2018,CA,CA,5,male,,,,BLOOD POTASSIUM INCREASED|DIARRHOEA|FAECES SOFT|FREQUENT BOWEL MOVEMENTS|HEPATIC ENZYME INCREASED,HEPATIC ENZYME INCREASED,False,True,False,suspect,True,IDIOPATHIC PULMONARY FIBROSIS,True,2018-07-06,,,False,False,False,False,False,False,False,False,False
nintedanib,15327236,5,20180828,20181125,2018,JP,JP,1,male,76.0,76.0,801,HEPATIC FUNCTION ABNORMAL|MALAISE|PYREXIA,HEPATIC FUNCTION ABNORMAL,False,True,False,suspect,True,IDIOPATHIC PULMONARY FIBROSIS,True,2018-02-21,2018-03-10,17.0,True,False,True,False,True,False,False,False,False
nintedanib,15327747,3,20180828,20180829,2018,US,US,1,male,81.0,81.0,801,DIARRHOEA|TRANSAMINASES INCREASED,TRANSAMINASES INCREASED,False,True,False,suspect,True,IDIOPATHIC PULMONARY FIBROSIS,True,,,,False,False,True,False,False,False,False,False,True
nintedanib,15331939,2,20180829,20180911,2018,CN,CN,5,female,47.0,47.0,801,BILIRUBIN CONJUGATED INCREASED|BLOOD ALBUMIN DECREASED|BLOOD LACTATE DEHYDROGENASE INCREASED|BLOOD POTASSIUM DECREASED|HEPATIC ENZYME INCREASED|NAUSEA|OFF LABEL USE|PROTEIN TOTAL DECREASED,HEPATIC ENZYME INCREASED,False,True,False,suspect,True,INTERSTITIAL LUNG DISEASE|PULMONARY FIBROSIS,True,2018-07-17,2018-07-17,0.0,True,False,True,False,True,False,False,False,False
nintedanib,15348328,2,20180904,20181017,2018,US,US,5,female,72.0,72.0,801,ABDOMINAL PAIN UPPER|FLATULENCE|HEPATIC ENZYME INCREASED,HEPATIC ENZYME INCREASED,False,True,False,suspect,True,IDIOPATHIC PULMONARY FIBROSIS,True,2018-06-18,,,False,False,False,False,False,False,False,False,False
nintedanib,15349716,3,20180904,20181024,2018,US,US,5,male,69.0,69.0,801,ABDOMINAL DISCOMFORT|ABDOMINAL PAIN UPPER|COUGH|DIARRHOEA|DRUG-INDUCED LIVER INJURY|DYSPNOEA EXERTIONAL|FLATULENCE|HEART RATE DECREASED|HYPOXIA|LIVER FUNCTION TEST ABNORMAL|PAIN|WEIGHT INCREASED,DRUG-INDUCED LIVER INJURY|LIVER FUNCTION TEST ABNORMAL,True,True,False,suspect,True,IDIOPATHIC PULMONARY FIBROSIS,True,2017-10-25,2018-02-04,102.0,True,False,True,False,False,False,False,False,True
nintedanib,15350676,2,20180905,20180928,2018,US,US,5,female,72.0,72.0,801,DIARRHOEA|HEPATIC ENZYME INCREASED|SOMNOLENCE,HEPATIC ENZYME INCREASED,False,True,False,suspect,True,IDIOPATHIC PULMONARY FIBROSIS,True,2018-08-25,2018-08-25,0.0,True,False,False,False,False,False,False,False,False
nintedanib,15351149,1,20180905,20180905,2018,US,US,5,male,90.0,90.0,801,ABDOMINAL DISTENSION|ANXIETY|CONSTIPATION|DECREASED APPETITE|DIARRHOEA|DYSGEUSIA|DYSPNOEA|FAECES DISCOLOURED|HEAD DISCOMFORT|HEADACHE|HEPATIC ENZYME INCREASED|INSOMNIA|MELAENA|MUSCLE MASS|PERIPHERAL SWELLING|WEIGHT DECREASED,HEPATIC ENZYME INCREASED,False,True,False,suspect,True,IDIOPATHIC PULMONARY FIBROSIS,True,2017-10-04,2018-07-27,296.0,True,False,True,False,False,False,False,False,True
nintedanib,15397766,3,20180918,20181108,2018,US,US,5,female,65.0,65.0,801,FAECES PALE|HEPATIC ENZYME INCREASED|LIVER FUNCTION TEST INCREASED,HEPATIC ENZYME INCREASED|LIVER FUNCTION TEST INCREASED,False,True,False,suspect,True,IDIOPATHIC PULMONARY FIBROSIS,True,2018-08-07,2018-09-07,31.0,True,False,True,False,False,False,False,False,True
nintedanib,15405703,1,20180920,20180920,2018,US,US,5,female,80.0,80.0,801,DIARRHOEA|DRUG-INDUCED LIVER INJURY|HEPATIC ENZYME INCREASED,DRUG-INDUCED LIVER INJURY|HEPATIC ENZYME INCREASED,True,True,False,suspect,True,IDIOPATHIC PULMONARY FIBROSIS,True,2018-03-05,2018-03-05,0.0,True,False,True,False,False,False,False,False,True
nintedanib,15412286,1,20180921,20180921,2018,TR,TR,1,male,61.0,61.0,801,HEPATIC ENZYME INCREASED|THROMBOCYTOPENIA,HEPATIC ENZYME INCREASED,False,True,False,suspect,True,IDIOPATHIC PULMONARY FIBROSIS,True,2018-06-17,,,False,True,True,True,True,False,False,False,False
nintedanib,15417494,3,20180924,20181112,2018,US,US,5,female,,,,ASTHENIA|BACK PAIN|CHILLS|CONSTIPATION|DEHYDRATION|DIARRHOEA|DRY MOUTH|GASTRIC DISORDER|HEPATIC ENZYME INCREASED|LIVER DISORDER|MALAISE,HEPATIC ENZYME INCREASED|LIVER DISORDER,False,True,False,suspect,True,IDIOPATHIC PULMONARY FIBROSIS|INTERSTITIAL LUNG DISEASE,True,2018-08-30,,,False,False,True,False,False,False,False,False,True
nintedanib,15422368,2,20180925,20181025,2018,TR,TR,1,female,64.0,64.0,801,ASTHENIA|DECREASED APPETITE|DISEASE PROGRESSION|HEPATIC ENZYME INCREASED|NAUSEA,HEPATIC ENZYME INCREASED,False,True,False,suspect,True,PRODUCT USED FOR UNKNOWN INDICATION,False,,,,False,False,True,False,True,False,False,False,False
nintedanib,15431685,1,20180926,20180926,2018,CZ,CZ,3,female,24.0,24.0,801,ANAEMIA|CANDIDA INFECTION|DIARRHOEA|HEPATOTOXICITY|NAUSEA|VOMITING,HEPATOTOXICITY,True,True,False,suspect,True,LUNG ADENOCARCINOMA,False,,,,False,False,True,False,False,False,False,False,True
nintedanib,15458964,3,20181003,20181009,2018,CZ,CZ,3,female,24.0,24.0,801,ANAEMIA|CANDIDA INFECTION|DIARRHOEA|FUNGAL INFECTION|GASTROINTESTINAL TOXICITY|HEPATOTOXICITY|HYPOCALCAEMIA|INTESTINAL HAEMORRHAGE|NAUSEA|VOMITING,HEPATOTOXICITY,True,True,False,suspect,True,LUNG ADENOCARCINOMA|NON-SMALL CELL LUNG CANCER STAGE IV,False,2014-08-21,,,False,False,True,False,True,False,False,False,True
nintedanib,15464405,1,20181004,20181004,2018,ES,ES,2,male,79.0,79.0,801,HEPATITIS,HEPATITIS,False,True,False,suspect,True,IDIOPATHIC PULMONARY FIBROSIS,True,2018-06-12,2018-07-10,28.0,True,False,True,False,True,False,False,False,False
nintedanib,15479380,2,20181009,20181022,2018,CZ,CZ,1,male,,,,DIARRHOEA|HEPATIC CANCER|HEPATIC FAILURE|HYPOKALAEMIA|HYPOMAGNESAEMIA|SECONDARY HYPERTENSION|THROMBOCYTOPENIA,HEPATIC FAILURE,True,True,False,concomitant,True,,False,,,,False,True,True,True,False,False,False,False,True
nintedanib,15482731,1,20181010,20181010,2018,CZ,CZ,1,female,24.0,24.0,801,ANAEMIA|DIARRHOEA|DUODENAL ULCER HAEMORRHAGE|GASTROINTESTINAL TOXICITY|HEPATOTOXICITY|HYPOCALCAEMIA|INTESTINAL HAEMORRHAGE|NEOPLASM PROGRESSION|ORAL CANDIDIASIS,HEPATOTOXICITY,True,True,False,concomitant,True,LUNG ADENOCARCINOMA,False,2014-08-21,,,False,False,True,True,True,False,False,False,True
nintedanib,15485461,1,20181010,20181010,2018,CZ,CZ,3,female,24.0,24.0,801,ANAEMIA|DIARRHOEA|HEPATOTOXICITY|HYPOCALCAEMIA|INTESTINAL HAEMORRHAGE|LUNG ADENOCARCINOMA STAGE IV|MALIGNANT NEOPLASM PROGRESSION|NAUSEA|ORAL CANDIDIASIS|VOMITING,HEPATOTOXICITY,True,True,False,suspect,True,LUNG ADENOCARCINOMA STAGE IV,False,2014-08-21,,,False,False,True,True,True,False,False,False,True
nintedanib,15486658,1,20181011,20181011,2018,CA,CA,5,female,75.0,75.0,801,HEPATITIS|LIVER FUNCTION TEST ABNORMAL|LOWER RESPIRATORY TRACT INFECTION|UPPER LIMB FRACTURE,HEPATITIS|LIVER FUNCTION TEST ABNORMAL,False,True,False,suspect,True,IDIOPATHIC PULMONARY FIBROSIS,True,2018-08-07,2018-08-30,23.0,True,False,True,False,True,False,False,False,True
nintedanib,15496825,3,20181015,20190211,2018,JP,JP,1,male,65.0,65.0,801,BRONCHOPULMONARY ASPERGILLOSIS|LIVER DISORDER,LIVER DISORDER,False,True,False,suspect,True,IDIOPATHIC PULMONARY FIBROSIS,True,2017-11-10,2018-08-24,287.0,True,False,True,True,True,False,False,False,False
nintedanib,15532731,4,20181019,20190502,2018,US,US,5,female,75.0,75.0,801,ANAEMIA|ANXIETY|ASPARTATE AMINOTRANSFERASE INCREASED|BLOOD PRESSURE INCREASED|DECREASED APPETITE|DIARRHOEA|DIZZINESS|DYSPNOEA|HAEMORRHOIDS|HYPERSOMNIA|LIVER FUNCTION TEST INCREASED|OXYGEN SATURATION DECREASED|PRODUCTIVE COUGH|RECTAL HAEMORRHAGE|WEIGHT DECREASED,ASPARTATE AMINOTRANSFERASE INCREASED|LIVER FUNCTION TEST INCREASED,False,True,False,suspect,True,IDIOPATHIC PULMONARY FIBROSIS,True,2017-10-21,2017-11-20,30.0,True,False,True,False,False,False,False,False,True
nintedanib,15559563,1,20181029,20181029,2018,US,US,5,female,81.0,81.0,801,ANGIOPATHY|APHTHOUS ULCER|CANDIDA INFECTION|CHROMATURIA|CHRONIC OBSTRUCTIVE PULMONARY DISEASE|COUGH|CROUP INFECTIOUS|CYSTITIS|DEHYDRATION|DIARRHOEA|DYSPHAGIA|DYSPNOEA|FAECES DISCOLOURED|FALL|FEELING ABNORMAL|FUNGAL INFECTION|GLOSSODYNIA|HEPATIC ENZYME INCREASED|HYPOXIA|INCREASED TENDENCY TO BRUISE|INFECTION|LIMB INJURY|LIVER FUNCTION TEST INCREASED|LUNG DISORDER|LUNG INFECTION|MUSCULOSKELETAL DISCOMFORT|NAUSEA|ORAL CANDIDIASIS|OXYGEN SATURATION DECREASED|PERIPHERAL SWELLING|PLATELET COUNT DECREASED|PRODUCT QUALITY ISSUE|PRODUCTIVE COUGH|PULMONARY CONGESTION|PYREXIA|RALES|RESPIRATORY TRACT CONGESTION|RESPIRATORY TRACT INFECTION|SECRETION DISCHARGE|SPUTUM DISCOLOURED|UPPER RESPIRATORY TRACT INFECTION|URINARY TRACT INFECTION|WEIGHT DECREASED,HEPATIC ENZYME INCREASED|LIVER FUNCTION TEST INCREASED,False,True,False,suspect,True,IDIOPATHIC PULMONARY FIBROSIS,True,2015-08-31,2017-07-15,684.0,False,False,True,False,True,False,False,False,True
nintedanib,15608607,4,20181112,20241223,2018,CZ,CZ,1,female,24.0,24.0,801,ANAEMIA|CANDIDA INFECTION|DIARRHOEA|DISEASE PROGRESSION|DUODENAL ULCER HAEMORRHAGE|GASTROINTESTINAL TOXICITY|HEPATOTOXICITY|HYPOCALCAEMIA|HYPOKALAEMIA|INTESTINAL HAEMORRHAGE|NAUSEA|ORAL CANDIDIASIS|ORAL PAIN|THERAPEUTIC RESPONSE DECREASED|VOMITING,HEPATOTOXICITY,True,True,False,suspect,True,NON-SMALL CELL LUNG CANCER STAGE IV,False,2014-08-21,2014-01-01,-232.0,False,False,True,True,True,True,False,False,True
nintedanib,15613084,21,20181113,20220708,2018,CA,CA,1,female,67.0,67.0,801,ANGINA PECTORIS|BLOOD PRESSURE DECREASED|BLOOD PRESSURE INCREASED|BUNDLE BRANCH BLOCK LEFT|CHEST PAIN|CONDITION AGGRAVATED|CONSTIPATION|DEATH|DIZZINESS|DYSPEPSIA|DYSPNOEA|ERYTHEMA|FATIGUE|HOT FLUSH|IDIOPATHIC PULMONARY FIBROSIS|LIP SWELLING|LIVER DISORDER|MOBILITY DECREASED|NASAL CONGESTION|NASOPHARYNGITIS|NAUSEA|NEOPLASM MALIGNANT|ORAL HERPES|PRODUCT STORAGE ERROR|PSORIASIS|PYREXIA|SEASONAL ALLERGY|SKIN ATROPHY|SKIN BURNING SENSATION|STRESS|TOTAL LUNG CAPACITY DECREASED|URTICARIA|VOMITING,LIVER DISORDER,False,True,False,suspect,True,IDIOPATHIC PULMONARY FIBROSIS,True,,2018-01-01,,False,False,True,True,False,True,False,False,True
nintedanib,15617664,2,20181114,20181226,2018,CZ,CZ,3,female,24.0,24.0,801,ANAEMIA|CANDIDA INFECTION|DIARRHOEA|DISEASE PROGRESSION|DUODENAL ULCER HAEMORRHAGE|GASTROINTESTINAL TOXICITY|HEPATOTOXICITY|HYPOCALCAEMIA|HYPOKALAEMIA|INTESTINAL HAEMORRHAGE|NAUSEA|ORAL CANDIDIASIS|ORAL PAIN|THERAPEUTIC RESPONSE DECREASED|VOMITING,HEPATOTOXICITY,True,True,False,suspect,True,NON-SMALL CELL LUNG CANCER STAGE IV,False,2014-08-21,,,False,False,True,True,True,False,False,False,True
nintedanib,15617748,2,20181114,20181118,2018,US,US,5,female,68.0,68.0,801,DIARRHOEA|GALLBLADDER DISORDER|LIVER DISORDER|NAUSEA|VOMITING,LIVER DISORDER,False,True,False,suspect,True,IDIOPATHIC PULMONARY FIBROSIS,True,2018-10-12,2018-10-12,0.0,True,False,True,False,True,False,False,False,False
nintedanib,15619628,1,20181115,20181115,2018,US,US,3,female,,,,DRUG-INDUCED LIVER INJURY|FALL|LIVER FUNCTION TEST INCREASED,DRUG-INDUCED LIVER INJURY|LIVER FUNCTION TEST INCREASED,True,True,False,suspect,True,IDIOPATHIC PULMONARY FIBROSIS,True,,,,False,False,True,False,True,False,False,False,True
nintedanib,15629196,1,20181116,20181116,2018,BE,BE,1,male,71.0,71.0,801,DECREASED APPETITE|DIARRHOEA|HEPATIC FUNCTION ABNORMAL|IDIOPATHIC PULMONARY FIBROSIS,HEPATIC FUNCTION ABNORMAL,False,True,False,suspect,True,PRODUCT USED FOR UNKNOWN INDICATION,False,,,,False,False,True,True,False,False,False,False,False
nintedanib,15639366,1,20181120,20181120,2018,JP,JP,1,unknown,,,,HEPATIC FAILURE,HEPATIC FAILURE,True,True,False,suspect,True,PRODUCT USED FOR UNKNOWN INDICATION,False,,,,False,False,True,False,False,False,False,False,True
nintedanib,15651564,4,20181123,20200725,2018,US,US,5,female,80.0,80.0,801,ABDOMINAL DISCOMFORT|ASTHENIA|CONSTIPATION|COUGH|DECREASED APPETITE|DIARRHOEA|DYSPHONIA|DYSPNOEA EXERTIONAL|FATIGUE|GASTRIC DISORDER|GASTROINTESTINAL EXAMINATION ABNORMAL|GINGIVAL BLEEDING|HEPATIC ENZYME INCREASED|HERPES ZOSTER|HYPOAESTHESIA|INFLUENZA|JOINT DISLOCATION|LIGAMENT RUPTURE|NAUSEA|PAIN|SHOULDER ARTHROPLASTY|SHOULDER OPERATION|SNEEZING|VOMITING,HEPATIC ENZYME INCREASED,False,True,False,suspect,True,DYSPNOEA|IDIOPATHIC PULMONARY FIBROSIS|PREOPERATIVE CARE,True,2018-08-31,2018-12-02,93.0,True,False,True,False,False,False,False,False,True
nintedanib,15688170,2,20181205,20190403,2018,CA,CA,5,male,74.0,74.0,801,ALANINE AMINOTRANSFERASE INCREASED|ASPARTATE AMINOTRANSFERASE INCREASED|BLOOD CREATININE INCREASED|CLUBBING|DIARRHOEA|DYSPNOEA|DYSPNOEA EXERTIONAL|FORCED EXPIRATORY VOLUME INCREASED|FORCED VITAL CAPACITY INCREASED|IDIOPATHIC PULMONARY FIBROSIS|INTERSTITIAL LUNG DISEASE|LIVER FUNCTION TEST INCREASED|OXYGEN SATURATION ABNORMAL|RALES|VOMITING|WEIGHT DECREASED,ALANINE AMINOTRANSFERASE INCREASED|ASPARTATE AMINOTRANSFERASE INCREASED|LIVER FUNCTION TEST INCREASED,False,True,False,suspect,True,IDIOPATHIC PULMONARY FIBROSIS,True,2016-06-04,2016-06-04,0.0,True,False,True,True,True,False,False,False,True
nintedanib,15701970,4,20181209,20181217,2018,BE,BE,1,female,74.0,74.0,801,ARTHRALGIA|CARDIAC FAILURE|DIARRHOEA|FATIGUE|HEPATIC ENZYME INCREASED|IDIOPATHIC PULMONARY FIBROSIS|WEIGHT DECREASED,HEPATIC ENZYME INCREASED,False,True,False,suspect,True,PRODUCT USED FOR UNKNOWN INDICATION,False,,2016-02-20,,False,False,True,True,False,False,False,False,False
nintedanib,15721613,1,20181214,20181214,2018,US,US,5,female,,,,LIVER DISORDER,LIVER DISORDER,False,True,False,suspect,True,PRODUCT USED FOR UNKNOWN INDICATION,False,,,,False,False,False,False,False,False,False,False,False
nintedanib,15733338,2,20181218,20181222,2018,AR,AR,1,female,70.0,70.0,801,HEADACHE|HEPATIC ENZYME INCREASED,HEPATIC ENZYME INCREASED,False,True,False,suspect,True,IDIOPATHIC PULMONARY FIBROSIS,True,2018-11-22,2018-12-04,12.0,True,False,False,False,False,False,False,False,False
nintedanib,15756280,1,20181224,20181224,2018,US,US,3,female,76.0,76.0,801,HEPATIC ENZYME INCREASED|MALAISE,HEPATIC ENZYME INCREASED,False,True,False,suspect,True,PRODUCT USED FOR UNKNOWN INDICATION,False,,,,False,False,False,False,False,False,False,False,False
nintedanib,15798290,5,20190108,20190225,2019,CA,CA,5,female,65.0,65.0,801,ABNORMAL DREAMS|COUGH|DIARRHOEA|DRUG INEFFECTIVE|DYSPNOEA|FLATULENCE|HEADACHE|HEPATIC ENZYME ABNORMAL|HEPATIC ENZYME INCREASED|JAUNDICE|NAUSEA|SINUS CONGESTION,HEPATIC ENZYME INCREASED|JAUNDICE,False,True,False,suspect,True,IDIOPATHIC PULMONARY FIBROSIS,True,2017-01-17,2018-11-22,674.0,False,False,True,False,False,False,False,False,True
nintedanib,15799496,4,20190108,20210129,2019,IN,IN,1,female,43.0,43.0,801,ASPARTATE AMINOTRANSFERASE INCREASED|LIVER INJURY,ASPARTATE AMINOTRANSFERASE INCREASED,False,True,False,suspect,True,SYSTEMIC SCLEROSIS PULMONARY,True,2018-11-26,2018-12-10,14.0,True,False,True,False,False,False,False,False,True
nintedanib,15814847,2,20190111,20190506,2019,DE,DE,1,female,74.0,74.0,801,ACUTE KIDNEY INJURY|ADRENAL INSUFFICIENCY|ALOPECIA|ANAEMIA|CHRONIC KIDNEY DISEASE|DIARRHOEA|DIZZINESS|FATIGUE|FEBRILE NEUTROPENIA|GAMMA-GLUTAMYLTRANSFERASE INCREASED|NAUSEA|NEUTROPHILIA|PYREXIA|SEPSIS|WEIGHT DECREASED,GAMMA-GLUTAMYLTRANSFERASE INCREASED,False,True,False,suspect,True,LUNG ADENOCARCINOMA|PRODUCT USED FOR UNKNOWN INDICATION,False,2016-06-09,2016-06-20,11.0,True,False,True,False,True,True,False,False,True
nintedanib,15830661,1,20190116,20190116,2019,,US,5,male,74.0,74.0,801,HEPATIC CIRRHOSIS|HEPATIC ENZYME INCREASED,HEPATIC ENZYME INCREASED,False,True,False,concomitant,True,PRODUCT USED FOR UNKNOWN INDICATION,False,,,,False,False,True,False,False,False,False,False,True
nintedanib,15841635,1,20190118,20190118,2019,ES,ES,1,female,71.0,71.0,801,HEPATITIS TOXIC,HEPATITIS TOXIC,True,True,False,suspect,True,PRODUCT USED FOR UNKNOWN INDICATION,False,2018-07-24,2018-09-05,43.0,True,False,True,False,False,False,False,False,True
nintedanib,15847438,1,20190121,20190121,2019,PT,PT,1,female,83.0,83.0,801,COUGH|DIARRHOEA|DYSPNOEA|FAECES SOFT|FLATULENCE|HEPATIC ENZYME INCREASED|HEPATOTOXICITY|NAUSEA|PYREXIA|TRANSAMINASES INCREASED|VOMITING,HEPATIC ENZYME INCREASED|HEPATOTOXICITY|TRANSAMINASES INCREASED,True,True,False,suspect,True,IDIOPATHIC PULMONARY FIBROSIS,True,,,,False,False,True,False,False,False,False,False,True
nintedanib,15849055,2,20190121,20190131,2019,IL,IL,1,female,,,,HEPATIC ENZYME INCREASED|HYPERTENSION|URINARY TRACT INFECTION,HEPATIC ENZYME INCREASED,False,True,False,suspect,True,PRODUCT USED FOR UNKNOWN INDICATION,False,,,,False,False,True,False,True,False,False,False,False
nintedanib,15852179,8,20190122,20200507,2019,US,US,5,female,70.0,70.0,801,CONFUSIONAL STATE|COUGH|DECREASED APPETITE|DIARRHOEA|FATIGUE|FOOD AVERSION|HEPATIC ENZYME INCREASED|IDIOPATHIC PULMONARY FIBROSIS|MALAISE|MUSCLE SPASMS|NAUSEA|NERVE COMPRESSION|PNEUMONIA|PYREXIA|SINUSITIS|VIRAL INFECTION|VOMITING,HEPATIC ENZYME INCREASED,False,True,False,suspect,True,IDIOPATHIC PULMONARY FIBROSIS,True,2017-12-21,,,False,False,True,False,True,False,False,False,True
nintedanib,15859284,1,20190123,20190123,2019,US,US,5,male,75.0,75.0,801,CHEST PAIN|COUGH|DIARRHOEA|DYSPNOEA EXERTIONAL|HEPATIC ENZYME INCREASED|HYPERTENSION|INTESTINAL HAEMORRHAGE|LYMPHADENOPATHY|PRODUCTIVE COUGH|SECRETION DISCHARGE,HEPATIC ENZYME INCREASED,False,True,False,suspect,True,IDIOPATHIC PULMONARY FIBROSIS,True,2017-07-20,2017-07-25,5.0,True,False,True,False,True,False,False,False,False
nintedanib,15877739,2,20190128,20190208,2019,US,US,3,unknown,,,,DIARRHOEA|FATIGUE|HYPERTENSION|NAUSEA|PROTEINURIA|TRANSAMINASES INCREASED|VOMITING,TRANSAMINASES INCREASED,False,True,False,suspect,True,NEOPLASM,False,,,,False,False,True,False,False,False,False,False,True
nintedanib,15888401,1,20190130,20190130,2019,US,US,5,male,90.0,90.0,801,DECREASED APPETITE|DEHYDRATION|DIARRHOEA|KIDNEY INFECTION|LIVER DISORDER|LIVER FUNCTION TEST INCREASED|PERIPHERAL SWELLING|WEIGHT DECREASED,LIVER DISORDER|LIVER FUNCTION TEST INCREASED,False,True,False,suspect,True,IDIOPATHIC PULMONARY FIBROSIS,True,,,,False,False,True,False,True,False,False,False,True
nintedanib,15889182,4,20190130,20190726,2019,US,US,5,male,70.0,70.0,801,CARDIAC OPERATION|CHOLELITHIASIS|COUGH|ERYTHEMA|HEPATIC ENZYME ABNORMAL|HEPATIC ENZYME INCREASED|NAUSEA|SINUSITIS|UPPER-AIRWAY COUGH SYNDROME,HEPATIC ENZYME INCREASED,False,True,False,suspect,True,INTERSTITIAL LUNG DISEASE,True,2018-01-09,2018-07-30,202.0,True,False,True,False,False,False,False,False,True
nintedanib,15921184,6,20190205,20190716,2019,US,US,5,male,70.0,70.0,801,BLOOD GLUCOSE INCREASED|BLOOD PRESSURE FLUCTUATION|BLOOD PRESSURE INCREASED|DIARRHOEA|DYSPNOEA|DYSPNOEA EXERTIONAL|EPISTAXIS|GAIT DISTURBANCE|HAEMATOCHEZIA|HEPATIC ENZYME INCREASED|HYPERTENSION|NEOPLASM MALIGNANT|NEPHROLITHIASIS|OXYGEN SATURATION DECREASED|OXYGEN SATURATION INCREASED|PNEUMONIA|PRODUCTIVE COUGH|RECTAL FISSURE|RENAL CYST|SLEEP APNOEA SYNDROME,HEPATIC ENZYME INCREASED,False,True,False,suspect,True,IDIOPATHIC PULMONARY FIBROSIS,True,2018-09-11,2018-10-08,27.0,True,False,True,False,True,False,False,False,True
nintedanib,15935741,2,20190208,20190211,2019,US,US,3,female,,,,DIARRHOEA|LIVER FUNCTION TEST INCREASED|VOMITING,LIVER FUNCTION TEST INCREASED,False,True,False,suspect,True,IDIOPATHIC PULMONARY FIBROSIS,True,,,,False,False,True,False,True,False,False,False,False
nintedanib,15951561,1,20190212,20190212,2019,US,US,5,female,,,,ABDOMINAL PAIN UPPER|ABNORMAL LOSS OF WEIGHT|CHILLS|DIARRHOEA|HEPATIC ENZYME INCREASED,HEPATIC ENZYME INCREASED,False,True,False,suspect,True,IDIOPATHIC PULMONARY FIBROSIS,True,,,,False,False,False,False,False,False,False,False,False
nintedanib,15953097,10,20190211,20200806,2019,CA,CA,5,male,67.0,67.0,801,ABDOMINAL PAIN UPPER|DIARRHOEA|DRUG INTOLERANCE|ERYTHEMA|FLATULENCE|FORCED EXPIRATORY VOLUME DECREASED|HYPERHIDROSIS|LIVER FUNCTION TEST INCREASED|LUNG DIFFUSION TEST DECREASED|PRODUCTIVE COUGH|PRURITUS|SKIN EXFOLIATION|TOTAL LUNG CAPACITY DECREASED,LIVER FUNCTION TEST INCREASED,False,True,False,suspect,True,IDIOPATHIC PULMONARY FIBROSIS,True,2019-01-03,,,False,False,True,False,False,False,False,False,True
nintedanib,15954899,1,20190213,20190213,2019,AU,AU,1,male,,,,COAGULOPATHY|LIVER DISORDER|LIVER FUNCTION TEST INCREASED|PULMONARY EMBOLISM|PULMONARY HYPERTENSION,LIVER DISORDER|LIVER FUNCTION TEST INCREASED,False,True,False,suspect,True,PRODUCT USED FOR UNKNOWN INDICATION,False,,,,False,False,True,False,True,False,False,False,False
nintedanib,15966713,1,20190215,20190215,2019,GB,GB,2,male,57.0,57.0,801,ABDOMINAL DISTENSION|ABDOMINAL PAIN|ACIDOSIS|AGONAL RHYTHM|CATARRH|CONFUSIONAL STATE|COUGH|DIARRHOEA|DRUG-INDUCED LIVER INJURY|EYE MOVEMENT DISORDER|GALLBLADDER OEDEMA|HYPOPNOEA|INCONTINENCE|JAUNDICE|LIVER TENDERNESS|MALAISE|MUSCLE RIGIDITY|PULSELESS ELECTRICAL ACTIVITY|SKIN DISCOLOURATION|SYNCOPE|THIRST|VOMITING,DRUG-INDUCED LIVER INJURY|JAUNDICE,True,True,False,suspect,True,IDIOPATHIC PULMONARY FIBROSIS,True,2019-01-11,,,False,True,True,True,False,False,False,False,True
nintedanib,15977333,25,20190218,20200918,2019,US,US,5,female,73.0,73.0,801,ABDOMINAL DISCOMFORT|ABDOMINAL PAIN|ABDOMINAL PAIN UPPER|ANXIETY|ASTHENIA|COLITIS|CONSTIPATION|DIARRHOEA|DRY MOUTH|DYSPHONIA|EXOSTOSIS|FATIGUE|FEELING ABNORMAL|GASTROINTESTINAL INFECTION|HEPATIC ENZYME INCREASED|ILL-DEFINED DISORDER|ILLNESS|MALAISE|NAUSEA|OROPHARYNGEAL DISCOMFORT|PARANASAL SINUS HYPERSECRETION|SPINAL OPERATION|STRESS|URINARY TRACT INFECTION|WEIGHT DECREASED,HEPATIC ENZYME INCREASED,False,True,False,suspect,True,IDIOPATHIC PULMONARY FIBROSIS|PULMONARY FIBROSIS,True,2018-12-21,,,False,False,True,False,False,False,False,False,True
nintedanib,15978150,2,20190218,20190220,2019,US,US,5,female,88.0,88.0,801,ABDOMINAL PAIN UPPER|HEPATIC ENZYME INCREASED|LIVER DISORDER|MALAISE|NAUSEA,HEPATIC ENZYME INCREASED|LIVER DISORDER,False,True,False,suspect,True,IDIOPATHIC PULMONARY FIBROSIS|INTERSTITIAL LUNG DISEASE,True,2019-01-23,,,False,False,False,False,False,False,False,False,False
nintedanib,15983738,3,20190220,20190903,2019,BE,BE,1,male,64.0,64.0,801,DIARRHOEA|DUODENAL ULCER HAEMORRHAGE|HEPATOTOXICITY|NAUSEA|RENAL FAILURE|VOMITING,HEPATOTOXICITY,True,True,False,suspect,True,PRODUCT USED FOR UNKNOWN INDICATION,False,,2017-04-10,,False,False,True,False,True,False,False,False,False
nintedanib,15997678,2,20190222,20190501,2019,AU,AU,1,male,77.0,77.0,801,ANTI-NEUTROPHIL CYTOPLASMIC ANTIBODY POSITIVE VASCULITIS|FEELING ABNORMAL|HEADACHE|LIVER FUNCTION TEST INCREASED|OPTIC NEURITIS|PAPILLOEDEMA|PULMONARY FUNCTION TEST DECREASED|RALES|VISUAL IMPAIRMENT,LIVER FUNCTION TEST INCREASED,False,True,False,suspect,True,IDIOPATHIC PULMONARY FIBROSIS,True,,,,False,False,True,False,False,True,True,False,True
nintedanib,16032181,1,20190304,20190304,2019,CA,CA,1,unknown,,,,DEATH|HEPATIC ENZYME INCREASED,HEPATIC ENZYME INCREASED,False,True,False,suspect,True,PRODUCT USED FOR UNKNOWN INDICATION,False,,,,False,False,True,True,False,False,False,False,False
nintedanib,16037966,2,20190305,20190405,2019,PL,PL,1,female,80.0,80.0,801,ABDOMINAL PAIN UPPER|ACUTE CORONARY SYNDROME|BLOOD PRESSURE INCREASED|DIARRHOEA|HYPERTENSION|TRANSAMINASES INCREASED,TRANSAMINASES INCREASED,False,True,False,suspect,True,IDIOPATHIC PULMONARY FIBROSIS,True,2019-02-05,2019-02-10,5.0,True,False,True,False,False,False,False,False,True
nintedanib,16039906,1,20190306,20190306,2019,US,US,5,male,77.0,77.0,801,ABDOMINAL DISCOMFORT|CONSTIPATION|COUGH|HEPATIC FAILURE|OESOPHAGEAL HAEMORRHAGE|RENAL FAILURE,HEPATIC FAILURE,True,True,False,suspect,True,IDIOPATHIC PULMONARY FIBROSIS,True,2018-08-31,,,False,False,True,False,True,False,False,False,False
nintedanib,16047879,2,20190307,20190314,2019,CA,CA,5,male,74.0,74.0,801,ABDOMINAL DISCOMFORT|ABDOMINAL PAIN|BILE DUCT STONE|CHOLANGITIS|CHOLECYSTITIS|HEPATIC ENZYME INCREASED|JAUNDICE|LIVER FUNCTION TEST ABNORMAL|LUNG TRANSPLANT|PULMONARY FUNCTION TEST DECREASED|PYREXIA,HEPATIC ENZYME INCREASED|JAUNDICE|LIVER FUNCTION TEST ABNORMAL,False,True,False,suspect,True,IDIOPATHIC PULMONARY FIBROSIS,True,2011-10-26,2016-11-01,1833.0,False,False,True,False,True,False,False,False,False
nintedanib,16051087,2,20190308,20190403,2019,US,US,5,female,,,,CHILLS|FATIGUE|HEPATIC ENZYME INCREASED|PYREXIA,HEPATIC ENZYME INCREASED,False,True,False,suspect,True,IDIOPATHIC PULMONARY FIBROSIS,True,2019-01-29,,,False,False,False,False,False,False,False,False,False
nintedanib,16055060,3,20190310,20190508,2019,CA,CA,5,male,74.0,74.0,801,ABDOMINAL DISTENSION|CATARACT|DEHYDRATION|DIARRHOEA|FLATULENCE|HEPATIC ENZYME INCREASED,HEPATIC ENZYME INCREASED,False,True,False,suspect,True,IDIOPATHIC PULMONARY FIBROSIS,True,2018-08-16,2018-08-16,0.0,True,False,True,False,True,False,False,False,False
nintedanib,16057128,3,20190311,20190328,2019,ES,ES,1,female,75.0,75.0,801,HEPATIC ENZYME INCREASED,HEPATIC ENZYME INCREASED,False,True,False,suspect,True,INTERSTITIAL LUNG DISEASE|SYSTEMIC SCLERODERMA,True,2019-02-08,2019-02-26,18.0,True,False,True,False,False,False,False,False,True
nintedanib,16068110,2,20190313,20190404,2019,US,US,5,male,,,,LIVER DISORDER,LIVER DISORDER,False,True,False,suspect,True,PULMONARY FIBROSIS,True,2019-01-07,,,False,False,True,False,False,False,False,False,True
nintedanib,16072955,11,20190314,20200526,2019,US,US,5,female,79.0,79.0,801,ABDOMINAL PAIN UPPER|BLINDNESS|CANDIDA INFECTION|CONTUSION|COUGH|DECREASED APPETITE|DEPRESSION|DIARRHOEA|DRUG HYPERSENSITIVITY|DRUG INTOLERANCE|DYSPNOEA|DYSPNOEA EXERTIONAL|EPISTAXIS|FLUSHING|GENERAL PHYSICAL CONDITION ABNORMAL|HEADACHE|HEPATIC ENZYME INCREASED|INCORRECT DOSE ADMINISTERED|INCREASED APPETITE|INCREASED TENDENCY TO BRUISE|LACRIMATION INCREASED|MALAISE|OXYGEN CONSUMPTION INCREASED|PNEUMONIA|SKIN LACERATION|URINARY TRACT INFECTION|WEIGHT DECREASED,HEPATIC ENZYME INCREASED,False,True,False,suspect,True,HYPOXIA|IDIOPATHIC PULMONARY FIBROSIS|INTERSTITIAL LUNG DISEASE,True,2018-05-22,2018-10-23,154.0,True,False,True,False,False,False,False,False,True
nintedanib,16079389,1,20190315,20190315,2019,US,US,5,female,,,,ABDOMINAL PAIN UPPER|DECREASED APPETITE|DIARRHOEA|GASTROOESOPHAGEAL REFLUX DISEASE|HEPATIC ENZYME INCREASED|NAUSEA,HEPATIC ENZYME INCREASED,False,True,False,suspect,True,IDIOPATHIC PULMONARY FIBROSIS,True,2019-01-09,,,False,False,False,False,False,False,False,False,False
nintedanib,16087905,4,20190319,20190828,2019,JP,JP,1,male,77.0,77.0,801,DECREASED APPETITE|DEHYDRATION|HYPERKALAEMIA|HYPONATRAEMIA|LIVER DISORDER|RENAL FAILURE,LIVER DISORDER,False,True,False,suspect,True,IDIOPATHIC PULMONARY FIBROSIS,True,2019-02-08,2019-02-28,20.0,True,False,True,False,True,True,False,False,False
nintedanib,16088050,3,20190319,20210929,2019,US,US,5,male,85.0,85.0,801,ABDOMINAL PAIN UPPER|COUGH|DIARRHOEA|DYSPHONIA|FLATULENCE|HEPATIC ENZYME INCREASED|LOWER RESPIRATORY TRACT INFECTION|PNEUMONIA|PRODUCTIVE COUGH|RALES|SPUTUM DISCOLOURED|UPPER RESPIRATORY TRACT INFECTION,HEPATIC ENZYME INCREASED,False,True,False,suspect,True,IDIOPATHIC PULMONARY FIBROSIS,True,2019-02-11,,,False,False,False,False,False,False,False,False,False
nintedanib,16093098,1,20190320,20190320,2019,US,US,5,female,89.0,89.0,801,CHILLS|HEPATIC ENZYME INCREASED|PYREXIA,HEPATIC ENZYME INCREASED,False,True,False,suspect,True,IDIOPATHIC PULMONARY FIBROSIS,True,,2019-03-12,,False,False,True,False,True,False,False,False,False
nintedanib,16094072,3,20190320,20241220,2019,CZ,CZ,1,female,24.0,24.0,801,ANAEMIA|CANDIDA INFECTION|DIARRHOEA|DUODENAL ULCER HAEMORRHAGE|HEPATOTOXICITY|HYPOCALCAEMIA|HYPOKALAEMIA|INTESTINAL HAEMORRHAGE|NAUSEA|ORAL CANDIDIASIS|ORAL PAIN|VOMITING,HEPATOTOXICITY,True,True,False,suspect,True,NON-SMALL CELL LUNG CANCER STAGE IV,False,2014-08-21,2014-01-01,-232.0,False,False,True,False,True,False,False,False,True
nintedanib,16129324,2,20190328,20190329,2019,US,US,5,male,65.0,65.0,801,ABDOMINAL DISCOMFORT|DIARRHOEA|FATIGUE|FEELING ABNORMAL|GASTRIC DISORDER|HEPATIC ENZYME INCREASED|MUSCLE SPASMS|RASH|STOMATITIS,HEPATIC ENZYME INCREASED,False,True,False,suspect,True,IDIOPATHIC PULMONARY FIBROSIS,True,2018-10-01,2018-11-26,56.0,True,False,False,False,False,False,False,False,False
nintedanib,16164338,2,20190405,20190716,2019,CA,CA,1,male,86.0,86.0,801,ALANINE AMINOTRANSFERASE INCREASED|CHEST DISCOMFORT|CONSTIPATION|DECREASED APPETITE|DIARRHOEA|DYSPNOEA|EXERCISE TOLERANCE DECREASED|FALL|GAMMA-GLUTAMYLTRANSFERASE INCREASED|HEPATIC ENZYME INCREASED|INCREASED VISCOSITY OF BRONCHIAL SECRETION|INSOMNIA|RALES|WEIGHT DECREASED,ALANINE AMINOTRANSFERASE INCREASED|GAMMA-GLUTAMYLTRANSFERASE INCREASED|HEPATIC ENZYME INCREASED,False,True,False,suspect,True,IDIOPATHIC PULMONARY FIBROSIS|INTERSTITIAL LUNG DISEASE,True,2018-07-26,2018-07-26,0.0,True,False,True,False,False,False,False,False,True
nintedanib,16172241,2,20190409,20190419,2019,BE,BE,1,male,68.0,68.0,801,ABDOMINAL PAIN|DIARRHOEA|DRY SKIN|HEADACHE|HEPATITIS TOXIC|SKIN PLAQUE,HEPATITIS TOXIC,True,True,False,suspect,True,PRODUCT USED FOR UNKNOWN INDICATION,False,,2017-08-05,,False,False,True,False,True,False,False,False,False
nintedanib,16175016,2,20190409,20190415,2019,CH,CH,1,female,69.0,69.0,801,ABDOMINAL PAIN UPPER|COUGH|DIARRHOEA|DIARRHOEA HAEMORRHAGIC|HAEMATOCHEZIA|HAEMORRHAGE|NAUSEA|TRANSAMINASES INCREASED|VERTIGO,TRANSAMINASES INCREASED,False,True,False,suspect,True,IDIOPATHIC PULMONARY FIBROSIS,True,2017-08-21,2017-09-21,31.0,True,False,True,False,False,False,False,False,True
nintedanib,16181526,1,20190410,20190410,2019,IT,IT,1,male,82.0,82.0,801,ASTHENIA|TRANSAMINASES INCREASED,TRANSAMINASES INCREASED,False,True,False,suspect,True,IDIOPATHIC PULMONARY FIBROSIS,True,2019-01-25,2019-02-14,20.0,True,False,True,False,False,False,False,False,True
nintedanib,16196747,2,20190415,20190522,2019,US,US,5,male,74.0,74.0,801,ABDOMINAL DISCOMFORT|ABDOMINAL PAIN|CHROMATURIA|DECREASED APPETITE|DIARRHOEA|DYSPNOEA EXERTIONAL|FLATULENCE|GOUT|HEART RATE INCREASED|HEPATIC ENZYME INCREASED|INTESTINAL OBSTRUCTION|LIVER DISORDER|NASOPHARYNGITIS|NAUSEA|PALPITATIONS|PERIPHERAL SWELLING|RESPIRATORY TRACT CONGESTION|THINKING ABNORMAL|URINARY TRACT INFECTION,HEPATIC ENZYME INCREASED|LIVER DISORDER,False,True,False,suspect,True,IDIOPATHIC PULMONARY FIBROSIS|PULMONARY FIBROSIS,True,2016-12-28,2017-12-28,365.0,True,False,True,False,True,False,False,False,True
nintedanib,16211333,3,20190418,20190527,2019,MX,MX,1,male,78.0,78.0,801,DEHYDRATION|HEPATOTOXICITY|NAUSEA|VOMITING,HEPATOTOXICITY,True,True,False,suspect,True,IDIOPATHIC PULMONARY FIBROSIS,True,,,,False,False,True,False,True,False,False,False,False
nintedanib,16211752,2,20190418,20190514,2019,US,US,5,female,67.0,67.0,801,ABDOMINAL DISCOMFORT|BACK PAIN|CONSTIPATION|DECREASED INTEREST|DIARRHOEA|DRUG INTOLERANCE|DYSPNOEA EXERTIONAL|FATIGUE|FEELING ABNORMAL|GASTROINTESTINAL MOTILITY DISORDER|HEPATIC ENZYME INCREASED|INFLUENZA|NAUSEA|OFF LABEL USE|PRODUCTIVE COUGH|SINUSITIS|VOMITING,HEPATIC ENZYME INCREASED,False,True,False,suspect,True,IDIOPATHIC PULMONARY FIBROSIS|INTERSTITIAL LUNG DISEASE,True,2018-10-15,2018-10-15,0.0,True,False,True,False,False,False,False,False,True
nintedanib,16214310,5,20190418,20190909,2019,JP,JP,5,male,67.0,67.0,801,DRUG-INDUCED LIVER INJURY|JAUNDICE|RASH,DRUG-INDUCED LIVER INJURY|JAUNDICE,True,True,False,suspect,True,IDIOPATHIC PULMONARY FIBROSIS,True,2018-10-30,2019-04-02,154.0,True,False,True,False,True,False,False,False,False
nintedanib,16267831,3,20190503,20190613,2019,US,US,1,male,,,,HEPATIC FAILURE,HEPATIC FAILURE,True,True,False,suspect,True,PRODUCT USED FOR UNKNOWN INDICATION,False,,,,False,True,True,True,True,False,False,False,True
nintedanib,16287213,2,20190508,20210223,2019,BR,BR,5,female,74.0,74.0,801,ABDOMINAL PAIN UPPER|CARDIAC ARREST|DIARRHOEA|DYSPNOEA|HEPATOMEGALY|LIVER DISORDER|PERIPHERAL SWELLING|RENAL DISORDER|RESPIRATORY ARREST,LIVER DISORDER,False,True,False,suspect,True,IDIOPATHIC PULMONARY FIBROSIS,True,2019-04-17,,,False,False,True,True,True,False,False,False,True
nintedanib,16334033,2,20190520,20190916,2019,US,US,3,female,59.0,59.0,801,ABDOMINAL PAIN UPPER|ABNORMAL FAECES|COUGH|DIARRHOEA|HEPATIC ENZYME INCREASED|LIVER FUNCTION TEST INCREASED|NAUSEA|PRURITUS,HEPATIC ENZYME INCREASED|LIVER FUNCTION TEST INCREASED,False,True,False,suspect,True,IDIOPATHIC PULMONARY FIBROSIS,True,2018-11-20,,,False,False,True,False,False,False,True,False,True
nintedanib,16334081,1,20190520,20190520,2019,US,US,5,male,70.0,70.0,801,ANAEMIA|BLOOD TEST ABNORMAL|DEMENTIA ALZHEIMER^S TYPE|DIARRHOEA|DYSPNOEA|HAEMATOCHEZIA|HEPATIC ENZYME INCREASED|NAUSEA|PRODUCTIVE COUGH|RENAL IMPAIRMENT|URINARY RETENTION|WHITE BLOOD CELL COUNT INCREASED,HEPATIC ENZYME INCREASED,False,True,False,suspect,True,IDIOPATHIC PULMONARY FIBROSIS,True,2019-01-18,2019-04-29,101.0,True,False,True,False,True,False,False,False,False
nintedanib,16341082,2,20190522,20190523,2019,US,US,5,male,66.0,66.0,801,HEPATIC ENZYME INCREASED|PYREXIA,HEPATIC ENZYME INCREASED,False,True,False,suspect,True,IDIOPATHIC PULMONARY FIBROSIS,True,2019-04-09,,,False,False,False,False,False,False,False,False,False
nintedanib,16346150,2,20190523,20190607,2019,JP,JP,1,unknown,,,,HEPATIC FAILURE,HEPATIC FAILURE,True,True,False,suspect,True,IDIOPATHIC PULMONARY FIBROSIS,True,,,,False,True,True,True,False,False,False,False,False
nintedanib,16355408,1,20190525,20190525,2019,MX,MX,5,male,,,,HEPATOTOXICITY,HEPATOTOXICITY,True,True,False,suspect,True,PRODUCT USED FOR UNKNOWN INDICATION,False,,,,False,False,True,False,False,False,False,False,True
nintedanib,16355478,1,20190525,20190525,2019,MX,MX,5,male,,,,HEPATOTOXICITY,HEPATOTOXICITY,True,True,False,suspect,True,PRODUCT USED FOR UNKNOWN INDICATION,False,,,,False,False,True,False,False,False,False,False,True
nintedanib,16361105,3,20190528,20190820,2019,CA,CA,5,male,72.0,72.0,801,ABNORMAL FAECES|COUGH|DECREASED APPETITE|DEPRESSED MOOD|DEPRESSION|DIARRHOEA|DIET REFUSAL|EAR INFECTION|FATIGUE|GAMMA-GLUTAMYLTRANSFERASE INCREASED|HAEMATOCHEZIA|HAEMATURIA|HAEMORRHOIDS|HEPATIC ENZYME INCREASED|LARGE INTESTINE POLYP|NASOPHARYNGITIS|WEIGHT DECREASED,GAMMA-GLUTAMYLTRANSFERASE INCREASED|HEPATIC ENZYME INCREASED,False,True,False,suspect,True,IDIOPATHIC PULMONARY FIBROSIS,True,2018-05-14,,,False,False,True,False,False,False,False,False,True
nintedanib,16363214,2,20190528,20190819,2019,US,US,5,female,73.0,73.0,801,APHASIA|BLOOD PRESSURE INCREASED|CARDIAC ARREST|CARDIAC PACEMAKER INSERTION|CEREBROVASCULAR ACCIDENT|HEPATIC ENZYME INCREASED,HEPATIC ENZYME INCREASED,False,True,False,suspect,True,IDIOPATHIC PULMONARY FIBROSIS,True,2019-03-26,,,False,False,True,False,True,False,False,False,False
nintedanib,16365831,5,20190529,20190903,2019,US,US,5,female,73.0,73.0,801,ABDOMINAL DISCOMFORT|ANXIETY|ARTHRALGIA|COUGH|DEPRESSION|DIARRHOEA|DYSPNOEA EXERTIONAL|FATIGUE|HEPATIC ENZYME INCREASED|NAUSEA|POOR QUALITY SLEEP,HEPATIC ENZYME INCREASED,False,True,False,suspect,True,IDIOPATHIC PULMONARY FIBROSIS,True,2019-04-24,,,False,False,True,False,False,False,False,False,True
nintedanib,16395475,3,20190605,20200619,2019,BR,BR,5,male,74.0,74.0,801,ABDOMINAL PAIN|ASTHENIA|CARDIAC ARREST|CATARACT|CEREBROVASCULAR ACCIDENT|COUGH|DIARRHOEA|DIZZINESS|GASTROINTESTINAL DISORDER|HEPATIC ENZYME INCREASED|INFARCTION|LIVER DISORDER|MOVEMENT DISORDER|RESPIRATORY FAILURE|WEIGHT DECREASED,HEPATIC ENZYME INCREASED|LIVER DISORDER,False,True,False,suspect,True,IDIOPATHIC PULMONARY FIBROSIS,True,,,,False,False,True,True,True,False,False,False,True
nintedanib,16397955,1,20190606,20190606,2019,FR,FR,1,female,55.0,55.0,801,HEPATOCELLULAR INJURY,HEPATOCELLULAR INJURY,True,True,False,suspect,True,CERVIX CARCINOMA,False,2019-02-01,2019-02-15,14.0,True,False,True,False,False,False,False,False,True
nintedanib,16400004,2,20190606,20190618,2019,JP,JP,1,male,78.0,78.0,801,ALANINE AMINOTRANSFERASE INCREASED|ASPARTATE AMINOTRANSFERASE INCREASED|HYPERKALAEMIA|MALAISE,ALANINE AMINOTRANSFERASE INCREASED|ASPARTATE AMINOTRANSFERASE INCREASED,False,True,False,suspect,True,IDIOPATHIC PULMONARY FIBROSIS,True,2019-05-14,2019-05-29,15.0,True,False,True,False,True,False,False,False,False
nintedanib,16403225,5,20190607,20201210,2019,US,US,5,male,77.0,77.0,801,ABDOMINAL DISCOMFORT|ABDOMINAL PAIN LOWER|ABDOMINAL PAIN UPPER|CORONARY ARTERIAL STENT INSERTION|COUGH|DECREASED ACTIVITY|DECREASED APPETITE|DEHYDRATION|DIARRHOEA|FATIGUE|HEPATIC ENZYME INCREASED|MUSCLE ATROPHY|MUSCULAR WEAKNESS|NAUSEA|OFF LABEL USE|SPUTUM INCREASED|WEIGHT DECREASED,HEPATIC ENZYME INCREASED,False,True,False,suspect,True,IDIOPATHIC PULMONARY FIBROSIS,True,2019-03-08,,,False,False,True,False,True,False,False,False,True
nintedanib,16407414,1,20190608,20190608,2019,FR,FR,1,female,67.0,67.0,801,HEPATITIS,HEPATITIS,False,True,False,suspect,True,IDIOPATHIC PULMONARY FIBROSIS,True,2018-09-22,2018-10-22,30.0,True,False,True,False,False,False,False,False,True
nintedanib,16419784,4,20190612,20190904,2019,US,US,5,male,64.0,64.0,801,CEREBROVASCULAR ACCIDENT|CHOLELITHIASIS|DEHYDRATION|DIARRHOEA|FATIGUE|FEELING ABNORMAL|GALLBLADDER DISORDER|GALLBLADDER OPERATION|HEPATIC ENZYME INCREASED|MALAISE|NAUSEA|PARAESTHESIA|SEASONAL ALLERGY|SPUTUM DISCOLOURED|WEIGHT DECREASED,HEPATIC ENZYME INCREASED,False,True,False,suspect,True,IDIOPATHIC PULMONARY FIBROSIS,True,2019-01-25,,,False,False,True,False,True,False,False,False,True
nintedanib,16426319,1,20190613,20190613,2019,US,US,5,female,,,,DYSPNOEA|LIVER DISORDER,LIVER DISORDER,False,True,False,suspect,True,IDIOPATHIC PULMONARY FIBROSIS,True,2019-05-10,,,False,False,False,False,False,False,False,False,False
nintedanib,16429050,4,20190614,20191218,2019,US,US,5,female,,,,HEPATIC ENZYME INCREASED|OESOPHAGEAL HAEMORRHAGE|SOLAR LENTIGO,HEPATIC ENZYME INCREASED,False,True,False,suspect,True,IDIOPATHIC PULMONARY FIBROSIS,True,,,,False,False,True,False,True,False,False,False,True
nintedanib,16447064,3,20190618,20190916,2019,US,US,5,female,73.0,73.0,801,DECREASED APPETITE|DIARRHOEA|HEPATIC ENZYME INCREASED|HEPATITIS TOXIC,HEPATIC ENZYME INCREASED|HEPATITIS TOXIC,True,True,False,suspect,True,IDIOPATHIC PULMONARY FIBROSIS,True,2018-11-09,,,False,False,True,False,False,False,False,False,True
nintedanib,16460235,1,20190620,20190620,2019,ES,ES,1,male,68.0,68.0,801,NON-SMALL CELL LUNG CANCER|PURULENT DISCHARGE|TRANSAMINASES INCREASED,TRANSAMINASES INCREASED,False,True,False,suspect,True,IDIOPATHIC PULMONARY FIBROSIS,True,2015-07-27,2015-09-25,60.0,True,False,True,False,False,False,False,False,True
nintedanib,16462088,1,20190621,20190621,2019,CA,CA,5,female,62.0,62.0,801,ABDOMINAL DISCOMFORT|ABDOMINAL PAIN|ABDOMINAL PAIN UPPER|CHEST DISCOMFORT|CHEST PAIN|COUGH|DIARRHOEA|DIZZINESS|DYSPNOEA|GASTROINTESTINAL PAIN|HYPERSENSITIVITY|HYPOXIA|IDIOPATHIC PULMONARY FIBROSIS|LARYNGEAL DISORDER|LIVER FUNCTION TEST INCREASED|LOWER RESPIRATORY TRACT INFECTION|MALAISE|NAUSEA|PULMONARY HYPERTENSION|RASH|RASH PRURITIC|RESPIRATORY TRACT INFECTION,LIVER FUNCTION TEST INCREASED,False,True,False,suspect,True,IDIOPATHIC PULMONARY FIBROSIS,True,2017-04-26,2017-09-28,155.0,True,False,True,False,False,False,True,False,True
nintedanib,16462881,4,20190621,20190715,2019,US,US,5,male,71.0,71.0,801,CONTUSION|COUGH|DIARRHOEA|EPISTAXIS|HAEMATEMESIS|HAEMATOCHEZIA|HAEMOPTYSIS|LIVER DISORDER|MOUTH HAEMORRHAGE|NAUSEA|RECTAL HAEMORRHAGE,LIVER DISORDER,False,True,False,suspect,True,IDIOPATHIC PULMONARY FIBROSIS|OVERWEIGHT,True,2019-05-24,,,False,False,True,False,True,False,False,False,True
nintedanib,16478437,2,20190626,20190628,2019,CH,CH,5,male,75.0,75.0,801,ABDOMINAL PAIN UPPER|CARDIAC DISORDER|CIRCULATORY COLLAPSE|CONSTIPATION|COUGH|DECREASED APPETITE|DIARRHOEA|DRY SKIN|DYSPNOEA|EPISTAXIS|FATIGUE|INAPPROPRIATE SCHEDULE OF PRODUCT ADMINISTRATION|INCREASED APPETITE|LIVER FUNCTION TEST INCREASED|MEDICATION ERROR|NAUSEA|PNEUMONIA|VOMITING,LIVER FUNCTION TEST INCREASED,False,True,False,suspect,True,IDIOPATHIC PULMONARY FIBROSIS,True,2018-05-18,,,False,False,True,False,True,False,False,False,True
nintedanib,16480435,2,20190626,20190712,2019,US,US,1,female,,,,LIVER FUNCTION TEST INCREASED|TOXICITY TO VARIOUS AGENTS,LIVER FUNCTION TEST INCREASED,False,True,False,concomitant,True,,False,,,,False,False,False,False,False,False,False,False,False
nintedanib,16539994,1,20190708,20190708,2019,LB,LB,1,female,39.0,39.0,801,HEPATIC ENZYME INCREASED,HEPATIC ENZYME INCREASED,False,True,False,suspect,True,IDIOPATHIC PULMONARY FIBROSIS,True,,,,False,True,True,True,False,False,False,False,False
nintedanib,16540076,2,20190708,20190717,2019,BR,BR,5,male,72.0,72.0,801,AGEUSIA|ALANINE AMINOTRANSFERASE ABNORMAL|ALANINE AMINOTRANSFERASE INCREASED|AMYLASE ABNORMAL|AMYLASE INCREASED|ANXIETY|ASPARTATE AMINOTRANSFERASE ABNORMAL|ASPARTATE AMINOTRANSFERASE INCREASED|BACTERAEMIA|BLOOD GLUCOSE INCREASED|BODY TEMPERATURE INCREASED|CONSTIPATION|DECREASED APPETITE|DRUG-INDUCED LIVER INJURY|DYSENTERY|FATIGUE|GAMMA-GLUTAMYLTRANSFERASE ABNORMAL|GAMMA-GLUTAMYLTRANSFERASE INCREASED|GENERAL PHYSICAL CONDITION ABNORMAL|HEPATIC ENZYME INCREASED|HYPERSENSITIVITY|HYPOTHERMIA|INSOMNIA|MALAISE|NAUSEA|OXYGEN CONSUMPTION INCREASED|PYREXIA|RETCHING|SKIN HAEMORRHAGE|SLUGGISHNESS|TREMOR|VOMITING,ALANINE AMINOTRANSFERASE INCREASED|ASPARTATE AMINOTRANSFERASE INCREASED|DRUG-INDUCED LIVER INJURY|GAMMA-GLUTAMYLTRANSFERASE INCREASED|HEPATIC ENZYME INCREASED,True,True,False,suspect,True,IDIOPATHIC PULMONARY FIBROSIS,True,2018-08-09,,,False,False,True,False,True,False,False,False,False
nintedanib,16587932,10,20190717,20191108,2019,FR,FR,1,female,50.0,50.0,801,BONE MARROW FAILURE|COLITIS|HEPATOCELLULAR INJURY|SEPTIC SHOCK|STEVENS-JOHNSON SYNDROME,HEPATOCELLULAR INJURY,True,True,False,suspect,True,MALIGNANT NEOPLASM OF THYMUS,False,2019-06-26,2019-07-08,12.0,True,True,True,True,True,True,False,False,False
nintedanib,16588971,2,20190718,20190813,2019,CA,CA,5,female,82.0,82.0,801,DISCOLOURED VOMIT|LIVER FUNCTION TEST INCREASED|VOMITING,LIVER FUNCTION TEST INCREASED,False,True,False,suspect,True,IDIOPATHIC PULMONARY FIBROSIS,True,2019-06-10,2019-06-10,0.0,True,False,True,False,False,False,False,False,True
nintedanib,16598247,6,20190719,20191002,2019,AR,AR,1,female,49.0,49.0,801,HEPATOTOXICITY,HEPATOTOXICITY,True,True,False,suspect,True,INTERSTITIAL LUNG DISEASE|SCLERODERMA,True,2019-07-01,2019-07-15,14.0,True,False,False,False,False,False,False,False,False
nintedanib,16607630,16,20190722,20200226,2019,US,US,5,female,71.0,71.0,801,ABDOMINAL DISCOMFORT|ALOPECIA|ANXIETY|ARTHRALGIA|ARTHRITIS|BODY HEIGHT DECREASED|CONSTIPATION|DEPRESSION|DIARRHOEA|DYSPNOEA|FALL|FATIGUE|HEADACHE|HEPATIC ENZYME INCREASED|INGROWING NAIL|LACTOSE INTOLERANCE|MALAISE|NAUSEA|PAIN IN EXTREMITY|RECTAL HAEMORRHAGE|SKIN CANCER|SLEEP DISORDER|VOMITING|WEIGHT DECREASED,HEPATIC ENZYME INCREASED,False,True,False,suspect,True,IDIOPATHIC PULMONARY FIBROSIS,True,2019-07-09,,,False,False,True,False,False,False,False,False,True
nintedanib,16607891,4,20190722,20200518,2019,US,US,5,female,72.0,72.0,801,ARTHROPOD BITE|CONSTIPATION|CORNEAL ABRASION|DIARRHOEA|DIZZINESS|EATING DISORDER|FALL|HYPOTENSION|LIVER FUNCTION TEST INCREASED|LOWER RESPIRATORY TRACT INFECTION VIRAL|SURGERY|TUNNEL VISION,LIVER FUNCTION TEST INCREASED,False,True,False,suspect,True,IDIOPATHIC PULMONARY FIBROSIS|INTERSTITIAL LUNG DISEASE,True,2017-04-21,2017-04-21,0.0,True,False,True,False,True,False,False,False,True
nintedanib,16616044,6,20190723,20200506,2019,US,US,5,male,,,,ABDOMINAL DISCOMFORT|ALLERGIC COUGH|BALANCE DISORDER|COUGH|DECREASED APPETITE|DIARRHOEA|DIZZINESS|DRY MOUTH|FAECES SOFT|FATIGUE|HEADACHE|HEPATIC ENZYME INCREASED|MUSCLE STRAIN|WEIGHT DECREASED|WEIGHT INCREASED,HEPATIC ENZYME INCREASED,False,True,False,suspect,True,IDIOPATHIC PULMONARY FIBROSIS,True,2019-04-22,,,False,False,True,False,False,False,False,False,True
nintedanib,16656065,10,20190801,20200421,2019,US,US,5,female,,,,ABDOMINAL DISTENSION|ABDOMINAL PAIN UPPER|CONTUSION|DIARRHOEA|DRY SKIN|DYSPNOEA|EYE PAIN|FATIGUE|FLATULENCE|FOOD POISONING|HEPATIC ENZYME INCREASED|JOINT SWELLING|LIVER FUNCTION TEST INCREASED|MUCOSAL DISCOLOURATION|MULTIPLE ALLERGIES|PARAESTHESIA|PERIPHERAL SWELLING|PRODUCT DOSE OMISSION|PRODUCTIVE COUGH|PRURITUS|RESPIRATORY TRACT CONGESTION|SKIN EXFOLIATION,HEPATIC ENZYME INCREASED|LIVER FUNCTION TEST INCREASED,False,True,False,suspect,True,IDIOPATHIC PULMONARY FIBROSIS,True,2019-04-08,,,False,False,True,False,False,False,False,False,True
nintedanib,16677234,1,20190807,20190807,2019,US,US,5,male,65.0,65.0,801,CONSTIPATION|DECREASED APPETITE|DIARRHOEA|FEELING ABNORMAL|LARGE INTESTINAL HAEMORRHAGE|LIVER FUNCTION TEST INCREASED|MALAISE|NAUSEA|PAIN|WEIGHT DECREASED,LIVER FUNCTION TEST INCREASED,False,True,False,suspect,True,IDIOPATHIC PULMONARY FIBROSIS,True,2019-01-16,,,False,False,True,False,True,False,False,False,True
nintedanib,16703128,4,20190814,20230405,2019,CA,CA,5,female,67.0,67.0,801,ANGINA PECTORIS|BLOOD PRESSURE DECREASED|BLOOD PRESSURE INCREASED|BUNDLE BRANCH BLOCK LEFT|CHEST PAIN|CONDITION AGGRAVATED|CONSTIPATION|DIZZINESS|DYSPEPSIA|DYSPNOEA|ERYTHEMA|FATIGUE|HOT FLUSH|IDIOPATHIC PULMONARY FIBROSIS|LIP SWELLING|LIVER DISORDER|MOBILITY DECREASED|NASAL CONGESTION|NASOPHARYNGITIS|NAUSEA|NEOPLASM MALIGNANT|ORAL HERPES|POOR QUALITY PRODUCT ADMINISTERED|PRODUCT STORAGE ERROR|PSORIASIS|PYREXIA|SEASONAL ALLERGY|SKIN ATROPHY|SKIN BURNING SENSATION|STRESS|TOTAL LUNG CAPACITY DECREASED|URTICARIA|VOMITING,LIVER DISORDER,False,True,False,suspect,True,IDIOPATHIC PULMONARY FIBROSIS,True,,2017-10-01,,False,True,True,True,False,True,False,False,True
nintedanib,16704859,1,20190814,20190814,2019,US,US,3,unknown,,,,HEPATIC ENZYME INCREASED|LIVER DISORDER,HEPATIC ENZYME INCREASED|LIVER DISORDER,False,True,False,suspect,True,IDIOPATHIC PULMONARY FIBROSIS,True,,,,False,False,False,False,False,False,False,False,False
nintedanib,16708077,1,20190815,20190815,2019,US,US,5,male,,,,CONTUSION|DEPRESSION|LIVER FUNCTION TEST INCREASED,LIVER FUNCTION TEST INCREASED,False,True,False,suspect,True,IDIOPATHIC PULMONARY FIBROSIS,True,,,,False,False,False,False,False,False,False,False,False
nintedanib,16710551,1,20190816,20190816,2019,FR,FR,1,male,62.0,62.0,801,HEPATOCELLULAR INJURY,HEPATOCELLULAR INJURY,True,True,False,suspect,True,IDIOPATHIC PULMONARY FIBROSIS,True,2018-12-05,2018-12-10,5.0,True,False,True,False,False,False,False,False,True
nintedanib,16714912,4,20190819,20230404,2019,CA,,1,female,67.0,67.0,801,ANGINA PECTORIS|BLOOD PRESSURE DECREASED|BLOOD PRESSURE INCREASED|BUNDLE BRANCH BLOCK LEFT|CHEST PAIN|CONDITION AGGRAVATED|CONSTIPATION|DIZZINESS|DYSPEPSIA|DYSPNOEA|ERYTHEMA|FATIGUE|HOT FLUSH|IDIOPATHIC PULMONARY FIBROSIS|LIP SWELLING|LIVER DISORDER|MOBILITY DECREASED|NASAL CONGESTION|NASOPHARYNGITIS|NAUSEA|ORAL HERPES|POOR QUALITY PRODUCT ADMINISTERED|PRODUCT STORAGE ERROR|PSORIASIS|PYREXIA|SEASONAL ALLERGY|SKIN ATROPHY|SKIN BURNING SENSATION|STRESS|TOTAL LUNG CAPACITY DECREASED|URTICARIA|VOMITING,LIVER DISORDER,False,True,False,suspect,True,IDIOPATHIC PULMONARY FIBROSIS,True,,2017-10-01,,False,True,True,True,False,True,False,False,True
nintedanib,16718257,3,20190820,20190904,2019,US,US,5,female,74.0,74.0,801,ABDOMINAL DISTENSION|DIARRHOEA|HEPATIC ENZYME INCREASED,HEPATIC ENZYME INCREASED,False,True,False,suspect,True,IDIOPATHIC PULMONARY FIBROSIS,True,2019-08-12,2019-08-16,4.0,True,False,False,False,False,False,False,False,False
nintedanib,16726768,8,20190821,20200612,2019,US,US,5,female,,,,ABDOMINAL DISCOMFORT|ASTHENIA|BACK PAIN|CONSTIPATION|DEPRESSED MOOD|DEPRESSION|DIARRHOEA|DYSPNOEA EXERTIONAL|FEELING ABNORMAL|GASTRIC DISORDER|INSOMNIA|LIVER DISORDER|MALAISE|NASOPHARYNGITIS|NAUSEA|ORAL PAIN|PSYCHIATRIC SYMPTOM|RASH MACULAR|SINUS CONGESTION,LIVER DISORDER,False,True,False,suspect,True,CARDIAC DISORDER|IDIOPATHIC PULMONARY FIBROSIS,True,2018-11-05,,,False,False,True,False,False,False,False,False,True
nintedanib,16751795,5,20190828,20191014,2019,CN,CN,1,female,59.0,59.0,801,ARTERIOSCLEROSIS CORONARY ARTERY|HEPATIC ENZYME INCREASED,HEPATIC ENZYME INCREASED,False,True,False,suspect,True,SYSTEMIC SCLERODERMA,False,2018-12-12,2018-12-24,12.0,True,False,True,False,True,False,False,False,True
nintedanib,16778311,1,20190906,20190906,2019,FR,FR,2,female,69.0,69.0,801,ACUTE KIDNEY INJURY|CHOLESTASIS|HEPATOCELLULAR INJURY,CHOLESTASIS|HEPATOCELLULAR INJURY,True,True,False,suspect,True,IDIOPATHIC PULMONARY FIBROSIS,True,2019-04-01,2019-07-24,114.0,True,False,True,False,True,False,False,False,False
nintedanib,16778914,2,20190906,20191211,2019,US,US,5,female,,,,DIARRHOEA|FATIGUE|HEPATIC ENZYME INCREASED|HEPATOTOXICITY|NAUSEA,HEPATIC ENZYME INCREASED|HEPATOTOXICITY,True,True,False,suspect,True,IDIOPATHIC PULMONARY FIBROSIS,True,2019-07-26,,,False,False,False,False,False,False,False,False,False
nintedanib,16783153,3,20190907,20190929,2019,FR,FR,2,female,69.0,69.0,801,ACUTE KIDNEY INJURY|CHOLESTASIS|HEPATOCELLULAR INJURY,CHOLESTASIS|HEPATOCELLULAR INJURY,True,True,False,suspect,True,IDIOPATHIC PULMONARY FIBROSIS,True,2019-04-01,2019-07-24,114.0,True,False,True,False,True,False,False,False,True
nintedanib,16783848,2,20190909,20191014,2019,IT,IT,1,female,77.0,77.0,801,CHOLESTASIS|PYREXIA,CHOLESTASIS,False,True,False,suspect,True,IDIOPATHIC PULMONARY FIBROSIS,True,2019-07-10,2019-08-31,52.0,True,False,True,False,True,False,False,False,False
nintedanib,16797519,1,20190912,20190912,2019,FR,FR,2,female,69.0,69.0,801,ACUTE KIDNEY INJURY|CHOLESTASIS|HEPATOCELLULAR INJURY,CHOLESTASIS|HEPATOCELLULAR INJURY,True,True,False,suspect,True,IDIOPATHIC PULMONARY FIBROSIS,True,2019-04-01,2019-07-24,114.0,True,False,True,True,True,False,False,False,False
nintedanib,16803319,2,20190913,20190916,2019,CO,CO,1,unknown,,,,HEPATIC FAILURE,HEPATIC FAILURE,True,True,False,suspect,True,IDIOPATHIC PULMONARY FIBROSIS,True,,,,False,False,True,False,False,True,False,False,True
nintedanib,16807927,1,20190915,20190915,2019,US,US,3,male,,,,ABNORMAL LOSS OF WEIGHT|DIARRHOEA|HEPATIC ENZYME INCREASED,HEPATIC ENZYME INCREASED,False,True,False,suspect,True,IDIOPATHIC PULMONARY FIBROSIS,True,,,,False,False,False,False,False,False,False,False,False
nintedanib,16807930,2,20190915,20191022,2019,US,US,3,female,77.0,77.0,801,DYSPHONIA|HEPATIC ENZYME INCREASED,HEPATIC ENZYME INCREASED,False,True,False,suspect,True,IDIOPATHIC PULMONARY FIBROSIS,True,2019-06-01,2019-07-15,44.0,True,False,False,False,False,False,False,False,False
nintedanib,16817825,1,20190917,20190917,2019,FR,FR,2,unknown,,,,ACUTE KIDNEY INJURY|CHOLESTASIS|HEPATOCELLULAR INJURY,CHOLESTASIS|HEPATOCELLULAR INJURY,True,True,False,suspect,True,IDIOPATHIC PULMONARY FIBROSIS,True,2019-04-01,2019-07-24,114.0,True,False,True,False,True,False,False,False,False
nintedanib,16818799,6,20190917,20201006,2019,US,US,,female,84.0,84.0,801,BLOOD SODIUM DECREASED|BLOOD SODIUM INCREASED|CEREBROVASCULAR ACCIDENT|HEPATIC ENZYME ABNORMAL|HEPATIC ENZYME INCREASED|HYPONATRAEMIA|MYOCARDIAL INFARCTION,HEPATIC ENZYME INCREASED,False,True,False,suspect,True,IDIOPATHIC PULMONARY FIBROSIS,True,2016-04-28,,,False,False,True,False,True,False,False,False,True
nintedanib,16823928,1,20190918,20190918,2019,FR,FR,3,female,69.0,69.0,801,ACUTE KIDNEY INJURY|CHOLESTASIS|HEPATOCELLULAR INJURY,CHOLESTASIS|HEPATOCELLULAR INJURY,True,True,False,suspect,True,IDIOPATHIC PULMONARY FIBROSIS,True,2019-04-01,2019-07-24,114.0,True,False,True,True,True,False,False,False,False
nintedanib,16835334,1,20190920,20190920,2019,US,US,5,female,68.0,68.0,801,DRY THROAT|DYSPNOEA|DYSPNOEA EXERTIONAL|HEPATIC ENZYME INCREASED|NAUSEA|PRODUCTIVE COUGH,HEPATIC ENZYME INCREASED,False,True,False,suspect,True,IDIOPATHIC PULMONARY FIBROSIS,True,2017-12-31,,,False,False,False,False,False,False,False,False,False
nintedanib,16838091,11,20190923,20200929,2019,US,US,5,male,83.0,83.0,801,ABDOMINAL DISCOMFORT|ASTHENIA|DECREASED APPETITE|DIARRHOEA|DIZZINESS|DYSPNOEA EXERTIONAL|ENZYME LEVEL INCREASED|FATIGUE|FISTULA|FLATULENCE|GASTRIC DISORDER|HEPATIC ENZYME INCREASED|HYPERTENSION|INCORRECT PRODUCT ADMINISTRATION DURATION|MALAISE|PROTEIN DEFICIENCY|WEIGHT DECREASED,HEPATIC ENZYME INCREASED,False,True,False,suspect,True,IDIOPATHIC PULMONARY FIBROSIS,True,2019-06-17,,,False,False,True,False,True,False,False,False,True
nintedanib,16872029,2,20191001,20191113,2019,US,US,5,female,76.0,76.0,801,CHOLECYSTECTOMY|HEPATIC ENZYME INCREASED|PANCREATITIS,HEPATIC ENZYME INCREASED,False,True,False,suspect,True,IDIOPATHIC PULMONARY FIBROSIS,True,2019-08-12,2019-08-25,13.0,True,False,True,False,True,False,False,False,False
nintedanib,16883656,5,20191004,20210401,2019,SK,SK,1,male,74.0,74.0,801,CARDIAC FAILURE|INFECTION|ISCHAEMIC STROKE|LIVER DISORDER|MONOCLONAL GAMMOPATHY,LIVER DISORDER,False,True,False,suspect,True,IDIOPATHIC PULMONARY FIBROSIS,True,,,,False,False,True,True,True,False,False,False,True
nintedanib,16885975,3,20191004,20191217,2019,BE,BE,1,female,63.0,63.0,801,DECREASED APPETITE|DIARRHOEA|ENCEPHALOPATHY|HEPATOTOXICITY,HEPATOTOXICITY,True,True,False,suspect,True,IDIOPATHIC PULMONARY FIBROSIS,True,,2019-05-27,,False,False,True,False,True,False,False,False,False
nintedanib,16888081,1,20191006,20191006,2019,GB,AE,3,male,64.0,64.0,801,HEPATIC FAILURE|HYPERTENSION,HEPATIC FAILURE,True,True,False,suspect,True,IDIOPATHIC PULMONARY FIBROSIS,True,2019-06-04,,,False,False,True,False,False,True,False,False,False
nintedanib,16889288,1,20191007,20191007,2019,US,US,3,male,77.0,77.0,801,CHOLECYSTITIS|HEPATIC FAILURE|RESPIRATORY FAILURE,HEPATIC FAILURE,True,True,False,suspect,True,IDIOPATHIC PULMONARY FIBROSIS,True,,2019-09-26,,False,True,True,True,True,False,False,False,False
nintedanib,16916428,1,20191014,20191014,2019,US,US,5,male,84.0,84.0,801,DIARRHOEA|FATIGUE|GAIT DISTURBANCE|HEPATIC ENZYME INCREASED|WOUND HAEMORRHAGE,HEPATIC ENZYME INCREASED,False,True,False,suspect,True,IDIOPATHIC PULMONARY FIBROSIS,True,2019-08-13,2019-08-17,4.0,True,False,True,False,True,False,False,False,False
nintedanib,16916453,5,20191014,20200325,2019,US,US,5,female,44.0,44.0,801,ANXIETY|ASTHENIA|DECREASED ACTIVITY|DIARRHOEA|DYSPNOEA EXERTIONAL|EMOTIONAL DISORDER|FATIGUE|HEPATIC ENZYME INCREASED|IDIOPATHIC PULMONARY FIBROSIS|INAPPROPRIATE SCHEDULE OF PRODUCT ADMINISTRATION|JOINT SWELLING|MALAISE|MUSCULOSKELETAL DISCOMFORT|NAUSEA|NIGHTMARE|SJOGREN^S SYNDROME|WEIGHT INCREASED,HEPATIC ENZYME INCREASED,False,True,False,suspect,True,IDIOPATHIC PULMONARY FIBROSIS,True,,,,False,False,True,False,False,False,False,False,True
nintedanib,16916464,2,20191014,20191106,2019,US,US,5,female,76.0,76.0,801,DIARRHOEA|DIVERTICULITIS|DYSPNOEA|EAR DISORDER|HEPATIC ENZYME INCREASED|HEPATIC FUNCTION ABNORMAL|MALAISE|MIGRAINE|NAUSEA|NECK PAIN|OVARIAN DISORDER|PLATELET COUNT DECREASED|SLEEP DEFICIT|SLUGGISHNESS|URINARY TRACT INFECTION|VIRAL INFECTION|VOMITING,HEPATIC ENZYME INCREASED|HEPATIC FUNCTION ABNORMAL,False,True,False,suspect,True,IDIOPATHIC PULMONARY FIBROSIS,True,2019-09-07,,,False,False,True,False,True,False,False,False,True
nintedanib,16918391,13,20191015,20201229,2019,US,US,,female,78.0,78.0,801,ABDOMINAL PAIN|ABDOMINAL PAIN UPPER|ASTHENIA|CHILLS|CONSTIPATION|COUGH|DEPRESSION|DIARRHOEA|DYSPEPSIA|DYSPNOEA|FLATULENCE|HEPATIC ENZYME INCREASED|HYPERTENSION|ILLNESS|LIVER DISORDER|LIVER FUNCTION TEST ABNORMAL|LIVER FUNCTION TEST INCREASED|NAUSEA|OFF LABEL USE|PYREXIA|RENAL DISORDER|RENAL FUNCTION TEST ABNORMAL|SINUS DISORDER|VOMITING,HEPATIC ENZYME INCREASED|LIVER DISORDER|LIVER FUNCTION TEST ABNORMAL|LIVER FUNCTION TEST INCREASED,False,True,False,suspect,True,IDIOPATHIC PULMONARY FIBROSIS,True,2019-08-07,,,False,False,True,False,False,False,False,False,True
nintedanib,16920032,1,20191015,20191015,2019,SE,SE,3,female,86.0,86.0,801,ATRIAL FIBRILLATION|LIVER DISORDER|LIVER FUNCTION TEST INCREASED|PNEUMONIA,LIVER DISORDER|LIVER FUNCTION TEST INCREASED,False,True,False,suspect,True,IDIOPATHIC PULMONARY FIBROSIS,True,2019-05-09,,,False,False,True,False,False,False,False,False,True
nintedanib,16943998,2,20191022,20191122,2019,MX,MX,1,male,80.0,80.0,801,DEHYDRATION|DIARRHOEA|GASTROINTESTINAL DISORDER|HEPATIC ENZYME INCREASED|HYPOKALAEMIA|RENAL DISORDER|WEIGHT DECREASED,HEPATIC ENZYME INCREASED,False,True,False,suspect,True,PERIPHERAL VENOUS DISEASE,False,,,,False,False,True,False,True,False,False,False,True
nintedanib,16944040,1,20191022,20191022,2019,FR,FR,1,male,78.0,78.0,801,HEPATOCELLULAR INJURY,HEPATOCELLULAR INJURY,True,True,False,suspect,True,IDIOPATHIC PULMONARY FIBROSIS,True,,,,False,False,True,False,False,False,False,False,True
nintedanib,16950071,1,20191023,20191023,2019,SE,SE,3,female,86.0,86.0,801,ATRIAL FIBRILLATION|LIVER DISORDER|LIVER FUNCTION TEST INCREASED|PNEUMONIA,LIVER DISORDER|LIVER FUNCTION TEST INCREASED,False,True,False,suspect,True,IDIOPATHIC PULMONARY FIBROSIS|PRODUCT USED FOR UNKNOWN INDICATION,True,2019-05-09,,,False,False,True,False,False,False,False,False,True
nintedanib,16951652,6,20191023,20200413,2019,US,US,5,male,,,,CONTUSION|DIARRHOEA|FALL|FLATULENCE|LIVER FUNCTION TEST ABNORMAL,LIVER FUNCTION TEST ABNORMAL,False,True,False,suspect,True,IDIOPATHIC PULMONARY FIBROSIS,True,,,,False,False,True,False,True,False,False,False,True
nintedanib,16953078,3,20191023,20191128,2019,CA,CA,5,male,67.0,67.0,801,BACK PAIN|GAMMA-GLUTAMYLTRANSFERASE INCREASED|GLOMERULAR FILTRATION RATE DECREASED|MALAISE|PRODUCTIVE COUGH|PYREXIA,GAMMA-GLUTAMYLTRANSFERASE INCREASED,False,True,False,suspect,True,IDIOPATHIC PULMONARY FIBROSIS,True,2019-06-27,2019-09-20,85.0,True,False,True,False,False,False,False,False,True
nintedanib,16956394,1,20191024,20191024,2019,US,US,1,male,59.0,59.0,801,DIARRHOEA|DRUG-INDUCED LIVER INJURY|NAUSEA|VOMITING,DRUG-INDUCED LIVER INJURY,True,True,False,suspect,True,IDIOPATHIC PULMONARY FIBROSIS,True,,,,False,False,True,False,False,False,False,False,True
nintedanib,16964128,4,20191026,20191113,2019,FR,FR,1,male,68.0,68.0,801,HEPATOCELLULAR INJURY|PERICARDITIS,HEPATOCELLULAR INJURY,True,True,False,suspect,True,IDIOPATHIC PULMONARY FIBROSIS,True,2019-07-08,2019-09-30,84.0,True,False,True,False,True,False,False,False,True
nintedanib,16977981,2,20191031,20200117,2019,US,US,1,male,,,,DIARRHOEA HAEMORRHAGIC|DIVERTICULITIS|IDIOPATHIC PULMONARY FIBROSIS|INTESTINAL PERFORATION|LIVER FUNCTION TEST ABNORMAL,LIVER FUNCTION TEST ABNORMAL,False,True,False,suspect,True,IDIOPATHIC PULMONARY FIBROSIS,True,,,,False,False,True,True,True,False,False,False,False
nintedanib,16982014,3,20191101,20191205,2019,CA,CA,5,male,81.0,81.0,801,ABDOMINAL DISTENSION|ABDOMINAL PAIN UPPER|ASTHENIA|CHEST DISCOMFORT|CHOLELITHIASIS|DEATH|DECREASED APPETITE|DIARRHOEA|DYSPNOEA|FLATULENCE|HEPATIC ENZYME INCREASED|HYPERHIDROSIS|LETHARGY|MYALGIA|PALLOR|SLEEP DISORDER|WEIGHT DECREASED,HEPATIC ENZYME INCREASED,False,True,False,suspect,True,IDIOPATHIC PULMONARY FIBROSIS,True,2019-08-30,2019-09-25,26.0,True,False,True,True,True,False,False,False,True
nintedanib,16983082,2,20191101,20191220,2019,US,US,5,male,74.0,74.0,801,CHOLELITHIASIS|DIARRHOEA|HEPATIC CIRRHOSIS|HEPATIC ENZYME INCREASED|JAUNDICE|STENT PLACEMENT,HEPATIC ENZYME INCREASED|JAUNDICE,False,True,False,suspect,True,IDIOPATHIC PULMONARY FIBROSIS,True,2019-06-18,2019-07-15,27.0,True,False,True,False,True,False,False,False,True
nintedanib,17009499,2,20191108,20191205,2019,BR,BR,5,female,86.0,86.0,801,ANAL INCONTINENCE|DEATH|FEEDING DISORDER|GASTRIC HAEMORRHAGE|GASTROINTESTINAL HAEMORRHAGE|LIVER DISORDER|OEDEMA PERIPHERAL|PANCREATITIS,LIVER DISORDER,False,True,False,suspect,True,IDIOPATHIC PULMONARY FIBROSIS,True,,,,False,False,True,True,True,False,False,False,True
nintedanib,17013393,3,20191110,20200317,2019,CA,CA,5,female,73.0,73.0,801,HEPATIC ENZYME INCREASED|LIVER DISORDER,HEPATIC ENZYME INCREASED|LIVER DISORDER,False,True,False,suspect,True,IDIOPATHIC PULMONARY FIBROSIS,True,2019-09-09,2020-03-09,182.0,True,False,True,False,False,False,False,False,True
nintedanib,17027294,1,20191113,20191113,2019,CA,CA,5,male,73.0,73.0,801,AGEUSIA|ARTHRITIS|BLOOD PRESSURE INCREASED|DIARRHOEA|HEPATIC CIRRHOSIS|HEPATIC ENZYME INCREASED|LIVER INJURY|NAUSEA|PERIPHERAL SWELLING|VOMITING|WEIGHT DECREASED,HEPATIC ENZYME INCREASED,False,True,False,suspect,True,IDIOPATHIC PULMONARY FIBROSIS,True,2018-10-17,2018-10-17,0.0,True,False,True,False,True,False,False,False,True
nintedanib,17039313,4,20191115,20200401,2019,CA,CA,5,male,52.0,52.0,801,DEATH|DYSPNOEA|GAMMA-GLUTAMYLTRANSFERASE INCREASED|GASTROINTESTINAL HAEMORRHAGE|HEPATIC STEATOSIS|INTENTIONAL PRODUCT MISUSE|NASOPHARYNGITIS|PHARYNGITIS|PRODUCTIVE COUGH,GAMMA-GLUTAMYLTRANSFERASE INCREASED,False,True,False,suspect,True,IDIOPATHIC PULMONARY FIBROSIS,True,2018-11-09,,,False,False,True,True,True,False,False,False,True
nintedanib,17045886,1,20191118,20191118,2019,ES,ES,1,female,75.0,75.0,801,HEPATOTOXICITY,HEPATOTOXICITY,True,True,False,suspect,True,IDIOPATHIC PULMONARY FIBROSIS,True,,2019-10-11,,False,False,True,False,False,False,False,False,True
nintedanib,17059012,1,20191121,20191121,2019,CA,CA,1,female,67.0,67.0,801,ANGINA PECTORIS|BLOOD PRESSURE DECREASED|BLOOD PRESSURE INCREASED|BUNDLE BRANCH BLOCK LEFT|CHEST PAIN|CONDITION AGGRAVATED|CONSTIPATION|DIZZINESS|DYSPEPSIA|DYSPNOEA|ERYTHEMA|FATIGUE|HOT FLUSH|IDIOPATHIC PULMONARY FIBROSIS|LIP SWELLING|LIVER DISORDER|NAUSEA|ORAL HERPES|PSORIASIS|PYREXIA|SEASONAL ALLERGY|SKIN ATROPHY|SKIN BURNING SENSATION|STRESS|URTICARIA|VOMITING,LIVER DISORDER,False,True,False,suspect,True,IDIOPATHIC PULMONARY FIBROSIS,True,,,,False,False,True,False,False,False,False,False,True
nintedanib,17065481,3,20191122,20191219,2019,DE,DE,1,male,73.0,73.0,801,HEPATITIS|JAUNDICE,HEPATITIS|JAUNDICE,False,True,False,suspect,True,IDIOPATHIC PULMONARY FIBROSIS,True,,,,False,False,True,False,False,False,False,False,True
nintedanib,17069876,2,20191125,20200514,2019,US,US,5,male,78.0,78.0,801,BLOOD PRESSURE INCREASED|DIARRHOEA|DIZZINESS|HEADACHE|HEART RATE DECREASED|HEPATIC ENZYME INCREASED|HYPERTENSION|PLATELET COUNT DECREASED|VISUAL IMPAIRMENT,HEPATIC ENZYME INCREASED,False,True,False,suspect,True,IDIOPATHIC PULMONARY FIBROSIS,True,2019-09-18,,,False,False,False,False,False,False,False,False,False
nintedanib,17071259,1,20191125,20191125,2019,US,US,5,male,77.0,77.0,801,ARTHRALGIA|BLOOD BILIRUBIN INCREASED|DIARRHOEA|EYELID INFECTION|INFLUENZA|OXYGEN SATURATION DECREASED|RASH|UPPER RESPIRATORY TRACT INFECTION,BLOOD BILIRUBIN INCREASED,False,True,False,suspect,True,IDIOPATHIC PULMONARY FIBROSIS,True,2017-04-27,,,False,False,False,False,False,False,False,False,False
nintedanib,17077324,6,20191126,20210209,2019,CA,CA,5,male,75.0,75.0,801,BLOOD BILIRUBIN ABNORMAL|BLOOD PRESSURE INCREASED|DIARRHOEA|DIZZINESS|EXTRA DOSE ADMINISTERED|FATIGUE|HAEMATOCHEZIA|HAEMOGLOBIN DECREASED|HEPATIC ENZYME INCREASED|INSOMNIA|PRODUCTIVE COUGH|URINE ODOUR ABNORMAL,HEPATIC ENZYME INCREASED,False,True,False,suspect,True,IDIOPATHIC PULMONARY FIBROSIS,True,2019-10-24,2019-11-16,23.0,True,False,True,False,True,False,False,False,True
nintedanib,17090702,2,20191129,20191231,2019,US,US,5,female,71.0,71.0,801,ABDOMINAL PAIN|ASTHENIA|DIARRHOEA|EPISTAXIS|HEPATIC ENZYME INCREASED|INFLUENZA LIKE ILLNESS|NAUSEA|PRURITUS,HEPATIC ENZYME INCREASED,False,True,False,suspect,True,IDIOPATHIC PULMONARY FIBROSIS,True,,,,False,False,False,False,False,False,False,False,False
nintedanib,17091890,1,20191129,20191129,2019,US,US,5,male,84.0,84.0,801,HEPATIC ENZYME INCREASED|HYPERGLYCAEMIA,HEPATIC ENZYME INCREASED,False,True,False,suspect,True,IDIOPATHIC PULMONARY FIBROSIS,True,,,,False,False,False,False,False,False,False,False,False
nintedanib,17093577,7,20191129,20200819,2019,US,US,5,male,71.0,71.0,801,ABDOMINAL DISCOMFORT|ABDOMINAL PAIN|ABDOMINAL PAIN UPPER|DECREASED APPETITE|DEHYDRATION|DEPRESSED MOOD|DIARRHOEA|DYSPNOEA|DYSPNOEA EXERTIONAL|EATING DISORDER|FATIGUE|FEEDING DISORDER|GASTRIC DISORDER|HEPATIC ENZYME INCREASED|HUNGER|LOWER RESPIRATORY TRACT INFECTION|OXYGEN SATURATION DECREASED|PRODUCTIVE COUGH|RESPIRATORY TRACT CONGESTION|TACHYCARDIA|THROMBOSIS|WEIGHT DECREASED,HEPATIC ENZYME INCREASED,False,True,False,suspect,True,IDIOPATHIC PULMONARY FIBROSIS,True,2019-04-11,,,False,False,True,False,True,False,True,False,True
nintedanib,17097572,1,20191202,20191202,2019,IT,IT,1,female,,,,OFF LABEL USE|SCLERODERMA|TRANSAMINASES INCREASED,TRANSAMINASES INCREASED,False,True,False,suspect,True,SYSTEMIC SCLERODERMA,False,,,,False,False,True,False,False,False,False,False,True
nintedanib,17108223,1,20191204,20191204,2019,JP,JP,2,female,72.0,72.0,801,DIARRHOEA|LIVER DISORDER|REHABILITATION THERAPY,LIVER DISORDER,False,True,False,suspect,True,PRODUCT USED FOR UNKNOWN INDICATION,False,,,,False,False,True,False,True,False,False,False,False
nintedanib,17111937,2,20191204,20200207,2019,BR,BR,1,female,90.0,90.0,801,CARDIAC FAILURE CONGESTIVE|CONSTIPATION|COUGH|DEATH|DEEP VEIN THROMBOSIS|DIARRHOEA|DYSPNOEA|FEMORAL NECK FRACTURE|HEPATIC ENZYME INCREASED|IDIOPATHIC PULMONARY FIBROSIS|INFECTION|NAUSEA|VOMITING|WEIGHT DECREASED,HEPATIC ENZYME INCREASED,False,True,False,suspect,True,PULMONARY FIBROSIS,True,,,,False,False,True,True,True,False,False,False,True
nintedanib,17122286,1,20191206,20191206,2019,US,US,5,female,73.0,73.0,801,BLOOD BILIRUBIN INCREASED|DIARRHOEA|HEPATIC ENZYME INCREASED|PULMONARY HYPERTENSION,BLOOD BILIRUBIN INCREASED|HEPATIC ENZYME INCREASED,False,True,False,suspect,True,IDIOPATHIC PULMONARY FIBROSIS,True,2018-01-17,2018-02-08,22.0,True,False,True,False,False,False,False,False,True
nintedanib,17127130,1,20191209,20191209,2019,DE,DE,1,male,73.0,73.0,801,HEPATITIS|JAUNDICE|MALAISE|PERFORMANCE STATUS DECREASED,HEPATITIS|JAUNDICE,False,True,False,suspect,True,PULMONARY FIBROSIS,True,,2019-10-22,,False,False,True,False,False,False,False,False,True
nintedanib,17139265,1,20191211,20191211,2019,RO,RO,1,female,73.0,73.0,801,HEPATOCELLULAR INJURY,HEPATOCELLULAR INJURY,True,True,False,suspect,True,IDIOPATHIC PULMONARY FIBROSIS,True,,,,False,False,True,False,False,False,False,False,True
nintedanib,17147964,2,20191212,20200520,2019,AR,AR,1,female,60.0,60.0,801,HEPATIC ENZYME INCREASED,HEPATIC ENZYME INCREASED,False,True,False,suspect,True,INTERSTITIAL LUNG DISEASE,True,2019-07-11,2019-09-05,56.0,True,False,True,False,False,False,False,False,True
nintedanib,17149986,2,20191213,20200108,2019,US,US,5,female,71.0,71.0,801,ASTHENIA|BLOOD ALBUMIN INCREASED|DIARRHOEA|DIZZINESS|DYSPNOEA|HEPATIC FUNCTION ABNORMAL|LETHARGY|NAUSEA|OXYGEN CONSUMPTION INCREASED|PERICARDIAL EFFUSION|PERIPHERAL SWELLING|PULMONARY OEDEMA|RENAL IMPAIRMENT,HEPATIC FUNCTION ABNORMAL,False,True,False,suspect,True,IDIOPATHIC PULMONARY FIBROSIS,True,2019-07-23,2019-10-29,98.0,True,False,True,False,True,False,False,False,False
nintedanib,17178376,1,20191219,20191219,2019,ES,ES,1,male,61.0,61.0,801,HEPATOTOXICITY|NEOPLASM PROGRESSION,HEPATOTOXICITY,True,True,False,suspect,True,IDIOPATHIC PULMONARY FIBROSIS,True,,,,False,False,True,False,False,False,False,False,True
nintedanib,17193922,1,20191223,20191223,2019,US,US,1,male,46.0,46.0,801,ALANINE AMINOTRANSFERASE INCREASED|ASPARTATE AMINOTRANSFERASE INCREASED,ALANINE AMINOTRANSFERASE INCREASED|ASPARTATE AMINOTRANSFERASE INCREASED,False,True,False,suspect,True,SYSTEMIC SCLEROSIS PULMONARY,True,,,,False,False,True,False,True,False,False,False,False
nintedanib,17200278,4,20191226,20200219,2019,RS,RS,1,female,,,,BLOOD UREA INCREASED|RESPIRATORY FAILURE|RESPIRATORY TRACT INFECTION|TRANSAMINASES INCREASED,TRANSAMINASES INCREASED,False,True,False,suspect,True,IDIOPATHIC PULMONARY FIBROSIS,True,2018-10-25,2019-12-16,417.0,False,False,True,False,True,False,False,False,False
nintedanib,17203083,1,20191226,20191226,2019,FR,FR,2,female,69.0,69.0,801,ACUTE KIDNEY INJURY|CHOLESTASIS|HEPATOCELLULAR INJURY,CHOLESTASIS|HEPATOCELLULAR INJURY,True,True,False,suspect,True,IDIOPATHIC PULMONARY FIBROSIS,True,2019-04-01,2019-07-24,114.0,True,False,True,False,True,False,False,False,False
nintedanib,17205559,1,20191227,20191227,2019,GB,GB,2,male,62.0,62.0,801,ABNORMAL LOSS OF WEIGHT|DECREASED APPETITE|DIARRHOEA|LIVER FUNCTION TEST INCREASED|NAUSEA,LIVER FUNCTION TEST INCREASED,False,True,False,suspect,True,IDIOPATHIC PULMONARY FIBROSIS,True,2019-03-07,2019-08-28,174.0,True,False,True,False,False,False,False,False,True
nintedanib,17212715,1,20191230,20191230,2019,ES,ES,2,male,78.0,78.0,801,HEPATOTOXICITY,HEPATOTOXICITY,True,True,False,suspect,True,PRODUCT USED FOR UNKNOWN INDICATION,False,2019-06-19,2019-08-30,72.0,True,False,True,False,True,False,False,False,False
nintedanib,17214490,2,20191230,20200102,2019,CA,CA,5,male,83.0,83.0,801,AMMONIA INCREASED|ASTHENIA|BLOOD BILIRUBIN DECREASED|CARBON DIOXIDE INCREASED|CONSTIPATION|DISEASE COMPLICATION|EPISTAXIS|HEPATIC FAILURE|HYPOKINESIA|JAUNDICE|LIVER DISORDER|PNEUMONIA|PRODUCTIVE COUGH|SOMNOLENCE|WHITE BLOOD CELL DISORDER,HEPATIC FAILURE|JAUNDICE|LIVER DISORDER,True,True,False,suspect,True,IDIOPATHIC PULMONARY FIBROSIS,True,2019-11-30,2019-12-02,2.0,True,False,True,False,True,False,False,False,True
nintedanib,17225048,1,20200102,20200102,2020,US,US,5,male,61.0,61.0,801,GASTROOESOPHAGEAL REFLUX DISEASE|LABORATORY TEST ABNORMAL|LIVER DISORDER|LIVER FUNCTION TEST INCREASED,LIVER DISORDER|LIVER FUNCTION TEST INCREASED,False,True,False,suspect,True,PULMONARY FIBROSIS,True,2019-05-18,,,False,False,True,False,False,False,False,False,True
nintedanib,17228546,2,20200103,20200221,2020,US,US,5,female,74.0,74.0,801,ABDOMINAL DISCOMFORT|ABDOMINAL DISTENSION|ABDOMINAL PAIN|ABDOMINAL PAIN UPPER|DECREASED APPETITE|DIARRHOEA|DRUG INTOLERANCE|HEPATIC ENZYME INCREASED|NAUSEA|PAIN|RECTAL HAEMORRHAGE|VOMITING,HEPATIC ENZYME INCREASED,False,True,False,suspect,True,IDIOPATHIC PULMONARY FIBROSIS,True,2019-09-04,2019-09-10,6.0,True,False,True,False,True,False,False,False,False
nintedanib,17249712,2,20200108,20200117,2020,AR,AR,1,male,70.0,70.0,801,DISCOMFORT|GENERAL PHYSICAL HEALTH DETERIORATION|HEPATOTOXICITY,HEPATOTOXICITY,True,True,False,suspect,True,IDIOPATHIC PULMONARY FIBROSIS,True,,2019-12-24,,False,False,True,True,True,False,False,False,False
nintedanib,17249845,1,20200109,20200109,2020,US,US,5,female,82.0,82.0,801,COUGH|HEPATIC ENZYME INCREASED|PYREXIA,HEPATIC ENZYME INCREASED,False,True,False,suspect,True,IDIOPATHIC PULMONARY FIBROSIS,True,,,,False,False,False,False,False,False,False,False,False
nintedanib,17279611,2,20200116,20200310,2020,US,US,3,female,71.0,71.0,801,ANXIETY|BLOOD PRESSURE DECREASED|BRONCHITIS|COUGH|DEPRESSION|DYSPNOEA|DYSPNOEA EXERTIONAL|INTENTIONAL DOSE OMISSION|LIVER FUNCTION TEST INCREASED|MALAISE|PRODUCTIVE COUGH|RESPIRATORY TRACT INFECTION|WEIGHT DECREASED,LIVER FUNCTION TEST INCREASED,False,True,False,suspect,True,IDIOPATHIC PULMONARY FIBROSIS,True,2017-01-04,,,False,False,True,False,True,False,False,False,False
nintedanib,17304806,2,20200122,20200207,2020,AR,AR,1,female,,,,BLOOD ALKALINE PHOSPHATASE INCREASED|COGNITIVE DISORDER|LUPUS VASCULITIS|SHOCK,BLOOD ALKALINE PHOSPHATASE INCREASED,False,True,False,suspect,True,PRODUCT USED FOR UNKNOWN INDICATION,False,,,,False,False,True,True,True,False,False,False,False
nintedanib,17327561,24,20200127,20210222,2020,US,US,5,female,78.0,78.0,801,ABDOMINAL DISCOMFORT|ABDOMINAL PAIN|ABDOMINAL PAIN UPPER|ASTHENIA|BLOOD POTASSIUM DECREASED|CHEST DISCOMFORT|CONSTIPATION|COUGH|DIARRHOEA|DYSPNOEA EXERTIONAL|EYE OPERATION|FATIGUE|GASTRIC DISORDER|GASTRITIS|GASTROOESOPHAGEAL REFLUX DISEASE|GLAUCOMA|HEPATIC ENZYME INCREASED|INTRAOCULAR PRESSURE INCREASED|LIVER FUNCTION TEST INCREASED|NAUSEA|OCULAR DISCOMFORT|PRODUCTIVE COUGH|RHINORRHOEA|SENSATION OF FOREIGN BODY|THROAT IRRITATION|VOMITING,HEPATIC ENZYME INCREASED|LIVER FUNCTION TEST INCREASED,False,True,False,suspect,True,IDIOPATHIC PULMONARY FIBROSIS,True,2019-12-04,,,False,False,True,False,False,False,False,False,True
nintedanib,17331559,1,20200128,20200128,2020,US,US,5,female,71.0,71.0,801,BLOOD PRESSURE DECREASED|BRONCHITIS|DEPRESSION|LIVER FUNCTION TEST INCREASED|RESPIRATORY TRACT INFECTION,LIVER FUNCTION TEST INCREASED,False,True,False,suspect,True,IDIOPATHIC PULMONARY FIBROSIS,True,2017-01-04,,,False,False,True,False,True,False,False,False,False
nintedanib,17337263,2,20200129,20200324,2020,US,US,5,female,57.0,57.0,801,BLOOD PRESSURE INCREASED|DIARRHOEA|HEADACHE|HEPATIC ENZYME INCREASED|LYMPH NODE PAIN,HEPATIC ENZYME INCREASED,False,True,False,suspect,True,SCLERODERMA|SYSTEMIC SCLEROSIS PULMONARY,True,2019-12-12,2019-12-13,1.0,True,False,False,False,False,False,False,False,False
nintedanib,17350047,5,20200130,20201218,2020,US,US,,male,74.0,74.0,801,AGEUSIA|DECREASED APPETITE|DIARRHOEA|HEPATIC ENZYME INCREASED|HEPATIC STEATOSIS|INTERNAL HAEMORRHAGE|WEIGHT DECREASED,HEPATIC ENZYME INCREASED,False,True,False,suspect,True,IDIOPATHIC PULMONARY FIBROSIS,True,2019-07-25,2020-01-10,169.0,True,False,True,False,True,False,False,False,False
nintedanib,17353402,1,20200131,20200131,2020,DE,DE,1,male,73.0,73.0,801,HEPATITIS|JAUNDICE|MALAISE|PERFORMANCE STATUS DECREASED,HEPATITIS|JAUNDICE,False,True,False,suspect,True,PULMONARY FIBROSIS,True,,2019-10-22,,False,False,True,False,False,False,False,False,True
nintedanib,17363998,2,20200204,20200211,2020,CY,CY,1,male,50.0,50.0,801,ACUTE RESPIRATORY FAILURE|ENTEROCOCCAL INFECTION|HEPATOTOXICITY|OFF LABEL USE|PRODUCTIVE COUGH|PYREXIA|RESPIRATORY SYNCYTIAL VIRUS INFECTION|RESPIRATORY TRACT INFECTION BACTERIAL,HEPATOTOXICITY,True,True,False,suspect,True,FIBROSIS,False,,,,False,False,True,True,True,True,False,False,False
nintedanib,17373389,10,20200205,20200626,2020,US,US,5,male,77.0,77.0,801,ABDOMINAL DISCOMFORT|ABDOMINAL PAIN|ASTHENIA|BACTERIAL INFECTION|BLOOD IRON DECREASED|BURNING SENSATION|COUGH|DECREASED APPETITE|DEHYDRATION|DIARRHOEA|DYSPNOEA|EPISTAXIS|FATIGUE|FLATULENCE|GASTRIC DISORDER|GASTRIC INFECTION|GASTROOESOPHAGEAL REFLUX DISEASE|GLAUCOMA|HEPATIC ENZYME INCREASED|HERNIA|HYPERTENSION|LIVER DISORDER|LIVER FUNCTION TEST INCREASED|MALAISE|NASAL CONGESTION|NASOPHARYNGITIS|NAUSEA|NOCTURIA|PAIN|PERIPHERAL SWELLING|PRODUCTIVE COUGH|RENAL PAIN|THIRST|WEIGHT DECREASED|WHEEZING,HEPATIC ENZYME INCREASED|LIVER DISORDER|LIVER FUNCTION TEST INCREASED,False,True,False,suspect,True,IDIOPATHIC PULMONARY FIBROSIS|INTERSTITIAL LUNG DISEASE,True,2017-12-19,2017-12-31,12.0,True,False,True,False,False,False,False,False,True
nintedanib,17420510,1,20200214,20200214,2020,US,US,5,male,71.0,71.0,801,ABDOMINAL DISCOMFORT|ABDOMINAL PAIN UPPER|ASPARTATE AMINOTRANSFERASE INCREASED|BACK PAIN|CHEST PAIN|DECREASED APPETITE|DIALYSIS|DIARRHOEA|DYSPNOEA|GASTROINTESTINAL DISORDER|HEPATIC ENZYME INCREASED|LIVER DISORDER|LIVER FUNCTION TEST INCREASED|NAUSEA,ASPARTATE AMINOTRANSFERASE INCREASED|HEPATIC ENZYME INCREASED|LIVER DISORDER|LIVER FUNCTION TEST INCREASED,False,True,False,suspect,True,IDIOPATHIC PULMONARY FIBROSIS,True,2019-07-30,2019-09-10,42.0,True,False,True,False,False,False,False,False,True
nintedanib,17427505,2,20200217,20200309,2020,US,US,5,female,38.0,38.0,801,BLOOD PRESSURE DECREASED|EYE COLOUR CHANGE|LIVER DISORDER|SKIN DISCOLOURATION,LIVER DISORDER,False,True,False,suspect,True,IDIOPATHIC PULMONARY FIBROSIS,True,2020-01-19,,,False,False,True,False,True,False,False,False,True
nintedanib,17428447,2,20200218,20200224,2020,RO,RO,1,unknown,,,,HEPATITIS TOXIC,HEPATITIS TOXIC,True,True,False,suspect,True,PRODUCT USED FOR UNKNOWN INDICATION,False,,,,False,False,True,False,False,False,False,False,True
nintedanib,17429610,2,20200218,20200318,2020,IT,IT,1,female,64.0,64.0,801,HEPATITIS,HEPATITIS,False,True,False,suspect,True,IDIOPATHIC PULMONARY FIBROSIS,True,2019-01-29,2019-03-14,44.0,True,False,True,False,False,False,False,False,True
nintedanib,17442170,1,20200220,20200220,2020,FR,FR,2,male,76.0,76.0,801,HEPATIC ENZYME INCREASED|INTERSTITIAL LUNG DISEASE,HEPATIC ENZYME INCREASED,False,True,False,suspect,True,INTERSTITIAL LUNG DISEASE,True,,2019-03-23,,False,False,True,True,False,False,False,False,False
nintedanib,17442634,1,20200220,20200220,2020,US,US,5,male,66.0,66.0,801,ABDOMINAL PAIN|HEPATIC ENZYME INCREASED|INFLUENZA LIKE ILLNESS,HEPATIC ENZYME INCREASED,False,True,False,suspect,True,IDIOPATHIC PULMONARY FIBROSIS,True,2019-12-09,2020-02-11,64.0,True,False,False,False,False,False,False,False,False
nintedanib,17446342,1,20200221,20200221,2020,DE,DE,5,male,,,,LIVER DISORDER|SERUM FERRITIN INCREASED,LIVER DISORDER,False,True,False,suspect,True,PRODUCT USED FOR UNKNOWN INDICATION,False,,,,False,False,True,False,False,False,False,False,True
nintedanib,17448244,4,20200223,20200615,2020,US,US,5,male,,,,ABDOMINAL DISCOMFORT|BRADYCARDIA|CARDIAC ABLATION|CARDIAC DISORDER|DIARRHOEA|EXTRA DOSE ADMINISTERED|HAEMATOCHEZIA|HEART RATE INCREASED|HEPATIC ENZYME INCREASED|MYOCARDIAL INFARCTION|NAUSEA|OBSTRUCTION|PALPITATIONS|TACHYCARDIA|VOMITING,HEPATIC ENZYME INCREASED,False,True,False,suspect,True,IDIOPATHIC PULMONARY FIBROSIS|PULMONARY FIBROSIS,True,2019-08-16,,,False,False,True,False,True,True,False,False,True
nintedanib,17450574,13,20200224,20200820,2020,US,US,5,female,,,,ASTHENIA|DECREASED APPETITE|DIARRHOEA|DIZZINESS|DYSPNOEA|GAIT INABILITY|HEPATIC ENZYME INCREASED|NAUSEA|OXYGEN CONSUMPTION INCREASED|RETCHING|WEIGHT DECREASED,HEPATIC ENZYME INCREASED,False,True,False,suspect,True,IDIOPATHIC PULMONARY FIBROSIS,True,2020-01-13,,,False,False,True,False,False,False,False,False,True
nintedanib,17458371,7,20200225,20201022,2020,US,US,5,male,79.0,79.0,801,ASTHENIA|COUGH|DIARRHOEA|DYSPHONIA|LIVER FUNCTION TEST INCREASED|SPEECH DISORDER,LIVER FUNCTION TEST INCREASED,False,True,False,suspect,True,IDIOPATHIC PULMONARY FIBROSIS,True,2019-10-31,2020-05-27,209.0,True,False,False,False,False,False,False,False,False
nintedanib,17461702,3,20200226,20201222,2020,CA,CA,,male,70.0,70.0,801,DEATH|DYSPEPSIA|HAEMOPHILIA|LIVER DISORDER|SOMNOLENCE,LIVER DISORDER,False,True,False,suspect,True,IDIOPATHIC PULMONARY FIBROSIS,True,2019-12-18,,,False,False,True,True,False,False,False,False,True
nintedanib,17471043,1,20200227,20200227,2020,ES,ES,5,female,65.0,65.0,801,DIARRHOEA|LIVER DISORDER|WEIGHT DECREASED,LIVER DISORDER,False,True,False,suspect,True,IDIOPATHIC PULMONARY FIBROSIS,True,,,,False,False,True,False,False,False,True,False,False
nintedanib,17476567,4,20200228,20200428,2020,CA,CA,5,female,69.0,69.0,801,BIOPSY LYMPH GLAND|HEPATIC ENZYME INCREASED|HEPATITIS|HYPERTENSION|LIVER FUNCTION TEST INCREASED,HEPATIC ENZYME INCREASED|HEPATITIS|LIVER FUNCTION TEST INCREASED,False,True,False,suspect,True,IDIOPATHIC PULMONARY FIBROSIS,True,2018-09-21,2020-01-15,481.0,False,False,True,False,True,False,False,False,True
nintedanib,17484714,4,20200302,20200626,2020,US,US,5,female,80.0,80.0,801,ABDOMINAL DISCOMFORT|BLINDNESS|CONSTIPATION|COUGH|DIARRHOEA|ENURESIS|GASTRIC ULCER|HEPATIC ENZYME ABNORMAL|HYPOAESTHESIA|LIVER FUNCTION TEST INCREASED|MUSCLE SPASMS|NASAL CONGESTION|OXYGEN CONSUMPTION INCREASED|PAIN IN EXTREMITY|PRODUCTIVE COUGH|RHINORRHOEA|VISUAL IMPAIRMENT|VOMITING,LIVER FUNCTION TEST INCREASED,False,True,False,suspect,True,IDIOPATHIC PULMONARY FIBROSIS|PULMONARY HYPERTENSION,True,2019-04-23,,,False,False,True,False,False,False,False,False,True
nintedanib,17501125,2,20200305,20200513,2020,US,US,5,female,80.0,80.0,801,DRY SKIN|FATIGUE|FLATULENCE|LIVER FUNCTION TEST ABNORMAL|SKIN EXFOLIATION|URTICARIA,LIVER FUNCTION TEST ABNORMAL,False,True,False,suspect,True,IDIOPATHIC PULMONARY FIBROSIS|INTERSTITIAL LUNG DISEASE,True,2020-02-05,,,False,False,False,False,False,False,False,False,False
nintedanib,17507886,1,20200305,20200305,2020,ES,ES,1,male,65.0,65.0,801,HEPATITIS ACUTE,HEPATITIS ACUTE,False,True,False,suspect,True,LUNG DISORDER,False,2019-10-10,2020-02-03,116.0,True,False,True,False,False,False,False,False,True
nintedanib,17509572,1,20200306,20200306,2020,US,US,1,male,75.0,75.0,801,DECREASED APPETITE|HYPERBILIRUBINAEMIA|INFLUENZA LIKE ILLNESS|LEUKOCYTOSIS|OXYGEN CONSUMPTION INCREASED|PNEUMOTHORAX SPONTANEOUS|WEIGHT DECREASED,HYPERBILIRUBINAEMIA,False,True,False,suspect,True,INTERSTITIAL LUNG DISEASE,True,2019-06-25,2019-12-20,178.0,True,False,True,False,True,True,False,False,False
nintedanib,17549745,1,20200317,20200317,2020,GB,GB,2,male,68.0,68.0,801,ABNORMAL LOSS OF WEIGHT|LIVER FUNCTION TEST ABNORMAL,LIVER FUNCTION TEST ABNORMAL,False,True,False,suspect,True,IDIOPATHIC PULMONARY FIBROSIS,True,,2020-01-05,,False,False,True,False,True,False,False,False,False
nintedanib,17568600,7,20200320,20200726,2020,US,US,5,female,86.0,86.0,801,ASTHENIA|CARDIAC MURMUR|CONTUSION|COUGH|DECREASED APPETITE|DIARRHOEA|DYSPNOEA|DYSPNOEA EXERTIONAL|FEEDING DISORDER|HEPATIC FUNCTION ABNORMAL|HYPERSENSITIVITY|HYPOTENSION|PRODUCTIVE COUGH|PRURITUS|RASH MACULAR|WEIGHT DECREASED,HEPATIC FUNCTION ABNORMAL,False,True,False,suspect,True,IDIOPATHIC PULMONARY FIBROSIS,True,2019-10-25,2020-01-29,96.0,True,False,True,False,False,False,False,False,True
nintedanib,17575145,5,20200324,20230802,2020,CA,CA,5,female,67.0,67.0,801,ANGINA PECTORIS|BLOOD PRESSURE DECREASED|BLOOD PRESSURE INCREASED|BUNDLE BRANCH BLOCK LEFT|CHEST PAIN|CONDITION AGGRAVATED|CONSTIPATION|DIZZINESS|DYSPEPSIA|DYSPNOEA|ERYTHEMA|FATIGUE|HOT FLUSH|IDIOPATHIC PULMONARY FIBROSIS|LIP SWELLING|LIVER DISORDER|MOBILITY DECREASED|NASAL CONGESTION|NASOPHARYNGITIS|NAUSEA|NEOPLASM MALIGNANT|ORAL HERPES|POOR QUALITY PRODUCT ADMINISTERED|PRODUCT STORAGE ERROR|PSORIASIS|PYREXIA|SEASONAL ALLERGY|SKIN ATROPHY|SKIN BURNING SENSATION|STRESS|TOTAL LUNG CAPACITY DECREASED|URTICARIA|VOMITING,LIVER DISORDER,False,True,False,suspect,True,IDIOPATHIC PULMONARY FIBROSIS,True,,,,False,True,True,True,False,True,False,False,True
nintedanib,17577504,1,20200324,20200324,2020,US,US,5,female,72.0,72.0,801,CONSTIPATION|DECREASED APPETITE|HEADACHE|HEPATIC ENZYME INCREASED|IDIOPATHIC PULMONARY FIBROSIS|NAUSEA|PNEUMONIA,HEPATIC ENZYME INCREASED,False,True,False,suspect,True,IDIOPATHIC PULMONARY FIBROSIS,True,2020-02-06,2020-01-28,-9.0,False,False,True,False,True,False,False,False,True
nintedanib,17588902,3,20200327,20200427,2020,US,US,5,male,65.0,65.0,801,DEATH|LIVER FUNCTION TEST INCREASED,LIVER FUNCTION TEST INCREASED,False,True,False,suspect,True,IDIOPATHIC PULMONARY FIBROSIS,True,,2019-11-05,,False,False,True,True,False,False,False,False,False
nintedanib,17596570,1,20200330,20200330,2020,GB,GB,5,male,76.0,76.0,801,LIVER FUNCTION TEST INCREASED,LIVER FUNCTION TEST INCREASED,False,True,False,suspect,True,PRODUCT USED FOR UNKNOWN INDICATION,False,2016-09-21,,,False,False,False,False,False,False,False,False,False
nintedanib,17599896,6,20200330,20201209,2020,US,US,5,female,69.0,69.0,801,ABDOMINAL DISCOMFORT|ABDOMINAL PAIN UPPER|ALOPECIA|CHEST DISCOMFORT|CHEST PAIN|CHILLS|CHROMATURIA|COLITIS|CONSTIPATION|COUGH|DECREASED APPETITE|DEPRESSED MOOD|DEPRESSION|DIARRHOEA|DIZZINESS|DYSPNOEA|DYSPNOEA EXERTIONAL|FAECES PALE|FLATULENCE|HEADACHE|HEPATIC ENZYME INCREASED|HYPOPHAGIA|HYPOTENSION|JOINT SWELLING|NASOPHARYNGITIS|NAUSEA|OXYGEN SATURATION DECREASED|OXYGEN THERAPY|PRODUCTIVE COUGH|PYREXIA|VOMITING|WEIGHT DECREASED,HEPATIC ENZYME INCREASED,False,True,False,suspect,True,IDIOPATHIC PULMONARY FIBROSIS,True,,,,False,False,True,False,False,False,True,False,True
nintedanib,17606983,3,20200331,20210118,2020,US,US,,female,62.0,62.0,801,ABDOMINAL PAIN UPPER|DIARRHOEA|LIVER DISORDER|LUNG DISORDER|LUNG TRANSPLANT|MALAISE|NAUSEA|SOMNOLENCE|VOMITING,LIVER DISORDER,False,True,False,suspect,True,IDIOPATHIC PULMONARY FIBROSIS,True,2019-05-21,,,False,False,True,False,True,False,False,False,True
nintedanib,17623536,3,20200403,20201221,2020,CA,CA,,male,73.0,73.0,801,ABDOMINAL PAIN|ALANINE AMINOTRANSFERASE INCREASED|ASPARTATE AMINOTRANSFERASE INCREASED|BRONCHITIS|CONSTIPATION|HEPATIC ENZYME INCREASED|LUNG OPERATION|MUSCULOSKELETAL CHEST PAIN|NAUSEA|UPPER RESPIRATORY TRACT INFECTION|VOMITING,ALANINE AMINOTRANSFERASE INCREASED|ASPARTATE AMINOTRANSFERASE INCREASED|HEPATIC ENZYME INCREASED,False,True,False,suspect,True,IDIOPATHIC PULMONARY FIBROSIS|INTERSTITIAL LUNG DISEASE,True,2020-02-02,,,False,False,True,False,True,False,False,False,True
nintedanib,17648048,12,20200408,20220531,2020,US,US,5,male,79.0,79.0,801,ABDOMINAL DISCOMFORT|BLADDER CANCER|BLOOD GLUCOSE INCREASED|BLOOD POTASSIUM DECREASED|COUGH|CYSTITIS NONINFECTIVE|DIARRHOEA|DYSPNOEA|DYSPNOEA EXERTIONAL|FEEDING DISORDER|FREQUENT BOWEL MOVEMENTS|GLYCOSYLATED HAEMOGLOBIN INCREASED|HEPATIC ENZYME INCREASED|LIVER FUNCTION TEST ABNORMAL|PRODUCTIVE COUGH|RHINORRHOEA|WHEEZING,HEPATIC ENZYME INCREASED|LIVER FUNCTION TEST ABNORMAL,False,True,False,suspect,True,IDIOPATHIC PULMONARY FIBROSIS,True,2019-11-05,2021-09-01,666.0,False,False,True,False,True,False,False,False,True
nintedanib,17653806,2,20200409,20200430,2020,US,US,5,male,71.0,71.0,801,ABNORMAL LOSS OF WEIGHT|DECREASED APPETITE|LIVER FUNCTION TEST INCREASED,LIVER FUNCTION TEST INCREASED,False,True,False,suspect,True,INTERSTITIAL LUNG DISEASE|SCLERODERMA,True,2020-03-23,,,False,False,False,False,False,False,False,False,False
nintedanib,17655699,10,20200410,20230125,2020,CA,CA,2,female,61.0,61.0,801,ALANINE AMINOTRANSFERASE INCREASED|ANAEMIA|APHONIA|ARTHRALGIA|COMA|COUGH|DIARRHOEA|DYSPNOEA|ENDOSCOPY UPPER GASTROINTESTINAL TRACT|FAECES SOFT|FATIGUE|HAEMOGLOBIN ABNORMAL|HEPATIC ENZYME INCREASED|NAUSEA|PNEUMONIA|SMALL INTESTINAL HAEMORRHAGE|TASTE DISORDER|VOMITING|WEIGHT DECREASED,ALANINE AMINOTRANSFERASE INCREASED|HEPATIC ENZYME INCREASED,False,True,False,suspect,True,INTERSTITIAL LUNG DISEASE|SYSTEMIC SCLEROSIS PULMONARY,True,2020-02-07,2020-05-11,94.0,True,False,True,False,True,False,False,False,True
nintedanib,17657844,3,20200411,20200624,2020,US,US,5,female,70.0,70.0,801,COUGH DECREASED|FLATULENCE|LIVER FUNCTION TEST INCREASED|NAUSEA,LIVER FUNCTION TEST INCREASED,False,True,False,suspect,True,IDIOPATHIC PULMONARY FIBROSIS,True,2020-02-24,,,False,False,False,False,False,False,False,False,False
nintedanib,17682931,3,20200420,20200506,2020,US,US,5,female,64.0,64.0,801,GASTROINTESTINAL HAEMORRHAGE|HEPATIC ENZYME INCREASED|THERMAL BURN,HEPATIC ENZYME INCREASED,False,True,False,suspect,True,IDIOPATHIC PULMONARY FIBROSIS|INTERSTITIAL LUNG DISEASE,True,2020-04-08,,,False,False,True,False,True,False,False,False,False
nintedanib,17691060,5,20200422,20201112,2020,US,US,,female,69.0,69.0,801,HEPATIC CIRRHOSIS|HEPATIC ENZYME INCREASED|PNEUMONIA,HEPATIC ENZYME INCREASED,False,True,False,suspect,True,IDIOPATHIC PULMONARY FIBROSIS,True,2019-10-14,2020-03-01,139.0,True,False,True,False,True,False,False,False,True
nintedanib,17698771,16,20200423,20210113,2020,CA,CA,,unknown,77.0,77.0,801,ABDOMINAL DISCOMFORT|APATHY|ASTHENIA|BLOOD PRESSURE DIASTOLIC INCREASED|CHOLELITHIASIS|COLD SWEAT|DIARRHOEA|DYSURIA|FATIGUE|FLATULENCE|GASTROINTESTINAL HAEMORRHAGE|HAEMOGLOBIN DECREASED|HEADACHE|HYPERTENSION|LIVER FUNCTION TEST INCREASED|NASOPHARYNGITIS|NAUSEA|PANCREATITIS|PANCREATOLITHIASIS|PULMONARY FUNCTION TEST DECREASED|VOMITING,LIVER FUNCTION TEST INCREASED,False,True,False,suspect,True,IDIOPATHIC PULMONARY FIBROSIS,True,2020-03-19,,,False,False,True,False,True,False,False,False,True
nintedanib,17706202,7,20200424,20220224,2020,DE,DE,1,male,48.0,48.0,801,DEPRESSION|DIARRHOEA|FATIGUE|GAMMA-GLUTAMYLTRANSFERASE INCREASED|HEPATIC ENZYME INCREASED|HEPATOBILIARY DISEASE|INFLUENZA LIKE ILLNESS|NAUSEA|NEUTROPHIL COUNT DECREASED|PNEUMONIA|VERTIGO|VOMITING|WHITE BLOOD CELL COUNT DECREASED,GAMMA-GLUTAMYLTRANSFERASE INCREASED|HEPATIC ENZYME INCREASED,False,True,False,suspect,True,NON-SMALL CELL LUNG CANCER,False,2019-07-12,2019-07-14,2.0,True,False,True,False,True,False,False,False,False
nintedanib,17728663,3,20200430,20210908,2020,US,US,5,female,73.0,73.0,801,ABDOMINAL DISCOMFORT|ABDOMINAL PAIN UPPER|ANXIETY|DEPRESSED MOOD|DIARRHOEA|DIZZINESS|FATIGUE|FLATULENCE|HEPATIC ENZYME INCREASED|MALAISE|NAUSEA|TASTE DISORDER,HEPATIC ENZYME INCREASED,False,True,False,suspect,True,IDIOPATHIC PULMONARY FIBROSIS,True,2021-05-01,2020-04-29,-367.0,False,False,False,False,False,False,False,False,False
nintedanib,17730950,1,20200430,20200430,2020,US,US,5,female,,,,BONE DENSITY ABNORMAL|BRONCHITIS|DIARRHOEA|HEPATIC FUNCTION ABNORMAL|MUSCULOSKELETAL PAIN|OCULAR DISCOMFORT,HEPATIC FUNCTION ABNORMAL,False,True,False,suspect,True,IDIOPATHIC PULMONARY FIBROSIS,True,,,,False,False,False,False,False,False,False,False,False
nintedanib,17732150,4,20200501,20200607,2020,CA,CA,5,male,68.0,68.0,801,HEPATIC ENZYME INCREASED|HYPERHIDROSIS|MALAISE|PYREXIA,HEPATIC ENZYME INCREASED,False,True,False,suspect,True,IDIOPATHIC PULMONARY FIBROSIS,True,2020-03-06,,,False,False,True,False,True,False,False,False,True
nintedanib,17732536,8,20200501,20201229,2020,US,US,5,male,77.0,77.0,801,ABNORMAL FAECES|CARDIAC ABLATION|DIARRHOEA|GASTRIC HAEMORRHAGE|GASTROINTESTINAL HAEMORRHAGE|HAEMATOCHEZIA|HEPATIC ENZYME INCREASED|INTESTINAL HAEMORRHAGE|NAUSEA,HEPATIC ENZYME INCREASED,False,True,False,suspect,True,IDIOPATHIC PULMONARY FIBROSIS,True,2020-01-24,2020-04-27,94.0,True,False,True,False,False,False,False,False,True
nintedanib,17743305,2,20200505,20200601,2020,IT,IT,1,male,64.0,64.0,801,HEPATOTOXICITY,HEPATOTOXICITY,True,True,False,suspect,True,IDIOPATHIC PULMONARY FIBROSIS,True,,2020-04-06,,False,False,True,False,False,False,False,False,True
nintedanib,17749152,1,20200506,20200506,2020,HU,HU,1,female,49.0,49.0,801,DEATH|HEPATIC FAILURE|PULMONARY HYPERTENSION,HEPATIC FAILURE,True,True,False,suspect,True,INTERSTITIAL LUNG DISEASE,True,,,,False,False,True,True,False,False,False,False,True
nintedanib,17760842,9,20200508,20201110,2020,US,US,,female,70.0,70.0,801,ABDOMINAL PAIN UPPER|ASTHENIA|DEHYDRATION|DIARRHOEA|DYSPNOEA|FATIGUE|FEAR OF EATING|GASTRIC DISORDER|GASTROOESOPHAGEAL REFLUX DISEASE|HEADACHE|LIVER FUNCTION TEST INCREASED|MALAISE|NAUSEA|VOMITING|WEIGHT DECREASED,LIVER FUNCTION TEST INCREASED,False,True,False,suspect,True,IDIOPATHIC PULMONARY FIBROSIS|SYSTEMIC SCLERODERMA,True,2020-03-23,,,False,False,True,False,False,False,False,False,True
nintedanib,17763344,3,20200509,20200724,2020,JP,JP,1,male,70.0,7.0,800,DIARRHOEA|IDIOPATHIC PULMONARY FIBROSIS|LIVER DISORDER,LIVER DISORDER,False,True,False,suspect,True,IDIOPATHIC PULMONARY FIBROSIS,True,2018-09-11,,,False,False,True,True,False,False,False,False,False
nintedanib,17781411,1,20200513,20200513,2020,HU,HU,1,unknown,,,,ABDOMINAL DISCOMFORT|DECREASED APPETITE|DIARRHOEA|FLATULENCE|HEPATIC ENZYME INCREASED|HEPATIC FIBROSIS|HEPATITIS C|IDIOPATHIC PULMONARY FIBROSIS|RASH|WEIGHT DECREASED,HEPATIC ENZYME INCREASED,False,True,False,suspect,True,IDIOPATHIC PULMONARY FIBROSIS,True,,,,False,False,True,False,False,False,False,False,True
nintedanib,17783005,1,20200513,20200513,2020,IT,IT,1,male,48.0,48.0,801,DIARRHOEA|HAEMATEMESIS|HEPATIC ENZYME INCREASED|PARAESTHESIA,HEPATIC ENZYME INCREASED,False,True,False,suspect,True,IDIOPATHIC PULMONARY FIBROSIS,True,,,,False,False,True,False,False,False,False,False,True
nintedanib,17788573,4,20200514,20200820,2020,DE,DE,1,male,66.0,66.0,801,HEPATIC ENZYME INCREASED|IDIOPATHIC PULMONARY FIBROSIS,HEPATIC ENZYME INCREASED,False,True,False,suspect,True,IDIOPATHIC PULMONARY FIBROSIS,True,2020-05-08,,,False,False,True,False,False,False,False,False,True
nintedanib,17795729,2,20200516,20200522,2020,US,US,5,female,77.0,77.0,801,FLATULENCE|HEPATIC ENZYME INCREASED|LIVER FUNCTION TEST INCREASED,HEPATIC ENZYME INCREASED|LIVER FUNCTION TEST INCREASED,False,True,False,suspect,True,IDIOPATHIC PULMONARY FIBROSIS,True,2020-04-13,,,False,False,False,False,False,False,False,False,False
nintedanib,17815431,2,20200522,20200528,2020,DE,DE,3,male,,,,HEPATIC ENZYME INCREASED|IDIOPATHIC PULMONARY FIBROSIS,HEPATIC ENZYME INCREASED,False,True,False,suspect,True,IDIOPATHIC PULMONARY FIBROSIS,True,,,,False,False,True,False,False,False,False,False,True
nintedanib,17819815,4,20200524,20200729,2020,US,US,5,male,71.0,71.0,801,ABDOMINAL PAIN UPPER|DIARRHOEA|HEPATIC ENZYME INCREASED|HYPERHIDROSIS|LACRIMATION INCREASED|LIVER DISORDER|NAUSEA|VOMITING,HEPATIC ENZYME INCREASED|LIVER DISORDER,False,True,False,suspect,True,IDIOPATHIC PULMONARY FIBROSIS|INTERSTITIAL LUNG DISEASE|PULMONARY FIBROSIS,True,2020-04-07,,,False,False,True,False,False,False,False,False,True
nintedanib,17821507,2,20200525,20200527,2020,US,US,5,male,,,,LIVER FUNCTION TEST INCREASED|RENAL IMPAIRMENT,LIVER FUNCTION TEST INCREASED,False,True,False,suspect,True,INTERSTITIAL LUNG DISEASE,True,2020-04-26,,,False,False,True,False,False,False,False,False,True
nintedanib,17822021,2,20200526,20200609,2020,DE,DE,3,male,,,,HEPATIC ENZYME INCREASED|IDIOPATHIC PULMONARY FIBROSIS,HEPATIC ENZYME INCREASED,False,True,False,suspect,True,IDIOPATHIC PULMONARY FIBROSIS,True,,,,False,False,True,False,False,False,False,False,True
nintedanib,17825541,2,20200526,20200529,2020,DE,DE,1,male,,,,HEPATIC ENZYME INCREASED|IDIOPATHIC PULMONARY FIBROSIS,HEPATIC ENZYME INCREASED,False,True,False,suspect,True,IDIOPATHIC PULMONARY FIBROSIS,True,,,,False,False,True,False,False,False,False,False,True
nintedanib,17826739,4,20200527,20200729,2020,CA,CA,5,male,69.0,69.0,801,ABDOMINAL PAIN|DECREASED APPETITE|DIARRHOEA|FAECES DISCOLOURED|LIVER DISORDER|LIVER FUNCTION TEST INCREASED,LIVER DISORDER|LIVER FUNCTION TEST INCREASED,False,True,False,suspect,True,IDIOPATHIC PULMONARY FIBROSIS,True,2020-03-21,,,False,False,True,False,False,False,False,False,True
nintedanib,17829453,1,20200527,20200527,2020,DE,DE,1,male,,,,HEPATIC ENZYME INCREASED|IDIOPATHIC PULMONARY FIBROSIS,HEPATIC ENZYME INCREASED,False,True,False,suspect,True,IDIOPATHIC PULMONARY FIBROSIS,True,,,,False,False,True,False,False,False,False,False,True
nintedanib,17866788,3,20200605,20200825,2020,US,US,5,male,77.0,77.0,801,ASTHENIA|CEREBRAL HAEMORRHAGE|DECREASED APPETITE|DIARRHOEA|DYSPNOEA|IDIOPATHIC PULMONARY FIBROSIS|ILL-DEFINED DISORDER|LIVER FUNCTION TEST ABNORMAL|NASOPHARYNGITIS|PERIPHERAL COLDNESS|PULMONARY HYPERTENSION|TASTE DISORDER|WEIGHT DECREASED,LIVER FUNCTION TEST ABNORMAL,False,True,False,suspect,True,IDIOPATHIC PULMONARY FIBROSIS,True,2019-06-30,2019-07-01,1.0,True,False,True,False,False,False,False,False,True
nintedanib,17868745,6,20200607,20210226,2020,US,US,5,female,81.0,81.0,801,ABDOMINAL DISCOMFORT|ARTHRITIS|ARTHROPOD BITE|CHEST DISCOMFORT|CHEST PAIN|CONSTIPATION|COUGH|DIARRHOEA|DYSPEPSIA|DYSPHONIA|DYSPNOEA|FEELING HOT|FLATULENCE|HEADACHE|HEPATIC ENZYME INCREASED|HOT FLUSH|HYPERHIDROSIS|NASOPHARYNGITIS|NAUSEA|SECRETION DISCHARGE|SPUTUM INCREASED|TASTE DISORDER|VOMITING,HEPATIC ENZYME INCREASED,False,True,False,suspect,True,IDIOPATHIC PULMONARY FIBROSIS,True,2019-08-01,2019-08-01,0.0,True,False,True,False,False,False,False,False,True
nintedanib,17872129,1,20200608,20200608,2020,US,US,5,male,,,,DECREASED APPETITE|HEPATIC ENZYME INCREASED|LIVER INJURY|PYREXIA|WEIGHT DECREASED,HEPATIC ENZYME INCREASED,False,True,False,suspect,True,IDIOPATHIC PULMONARY FIBROSIS,True,2019-11-29,,,False,False,True,False,False,False,False,False,True
nintedanib,17875259,2,20200609,20200706,2020,JP,JP,1,female,71.0,71.0,801,DIARRHOEA|HEPATIC FUNCTION ABNORMAL|NAUSEA|UPPER GASTROINTESTINAL HAEMORRHAGE,HEPATIC FUNCTION ABNORMAL,False,True,False,suspect,True,IDIOPATHIC PULMONARY FIBROSIS,True,2015-11-19,2015-12-03,14.0,True,False,True,False,True,False,False,False,False
nintedanib,17881092,5,20200610,20210317,2020,US,US,5,unknown,70.0,70.0,801,ARTHRALGIA|COUGH|DIARRHOEA|DYSPNOEA|GINGIVAL SWELLING|HEART RATE INCREASED|HYPERTENSION|LIVER FUNCTION TEST INCREASED|PERIPHERAL SWELLING|PETECHIAE|SWELLING FACE,LIVER FUNCTION TEST INCREASED,False,True,False,suspect,True,IDIOPATHIC PULMONARY FIBROSIS|INTERSTITIAL LUNG DISEASE,True,2020-03-06,2020-03-06,0.0,True,False,True,False,False,False,False,False,True
nintedanib,17893838,2,20200615,20200709,2020,US,US,5,female,65.0,65.0,801,BLOOD ALKALINE PHOSPHATASE INCREASED|DIARRHOEA,BLOOD ALKALINE PHOSPHATASE INCREASED,False,True,False,suspect,True,IDIOPATHIC PULMONARY FIBROSIS,True,,,,False,False,False,False,False,False,False,False,False
nintedanib,17894264,4,20200615,20200908,2020,JP,JP,5,male,73.0,73.0,801,HEPATIC FUNCTION ABNORMAL|PYOPNEUMOTHORAX,HEPATIC FUNCTION ABNORMAL,False,True,False,suspect,True,IDIOPATHIC PULMONARY FIBROSIS,True,2020-04-07,2020-04-21,14.0,True,False,True,True,False,False,False,False,True
nintedanib,17917597,2,20200619,20200626,2020,GR,GR,1,female,78.0,78.0,801,HEPATIC ENZYME INCREASED|HYPERSENSITIVITY|VOMITING,HEPATIC ENZYME INCREASED,False,True,False,suspect,True,IDIOPATHIC PULMONARY FIBROSIS,True,2020-06-16,2020-06-16,0.0,True,False,True,False,True,False,False,False,False
nintedanib,17919893,5,20200620,20201127,2020,US,US,,male,73.0,73.0,801,AMMONIA INCREASED|ANAEMIA|ASTHENIA|BLOOD PRESSURE INCREASED|CELLULITIS|CEREBROVASCULAR ACCIDENT|CHILLS|COUGH|DEHYDRATION|DELIRIUM|DIABETES MELLITUS|DIARRHOEA|DYSGRAPHIA|DYSPNOEA|EPISTAXIS|ERUCTATION|FOOD AVERSION|HEPATIC CANCER|HYPERSOMNIA|HYPOXIA|INFECTION|LIVER DISORDER|MALAISE|MYOCARDIAL INFARCTION|ORGAN FAILURE|OXYGEN SATURATION ABNORMAL|PERIPHERAL SWELLING|PRODUCTIVE COUGH|RESPIRATION ABNORMAL|SPEECH DISORDER|SPUTUM DISCOLOURED|TASTE DISORDER|TREMOR|WEIGHT DECREASED,LIVER DISORDER,False,True,False,suspect,True,IDIOPATHIC PULMONARY FIBROSIS,True,2019-09-17,2020-01-10,115.0,True,True,True,True,True,False,False,False,True
nintedanib,17925242,1,20200622,20200622,2020,AU,AU,1,male,68.0,68.0,801,ACUTE MYOCARDIAL INFARCTION|FIBROSIS|IMPAIRED HEALING|LIVER FUNCTION TEST INCREASED,LIVER FUNCTION TEST INCREASED,False,True,False,suspect,True,PRODUCT USED FOR UNKNOWN INDICATION,False,,,,False,False,True,True,True,False,False,False,False
nintedanib,17928402,2,20200623,20200716,2020,US,US,5,female,,,,ASTHENIA|DYSPNOEA|FATIGUE|ILLNESS|TRANSAMINASES INCREASED,TRANSAMINASES INCREASED,False,True,False,suspect,True,IDIOPATHIC PULMONARY FIBROSIS,True,2019-09-02,,,False,False,False,False,False,False,False,False,False
nintedanib,17930734,2,20200623,20200706,2020,CA,CA,5,female,,,,ASTHENIA|CHROMATURIA|CYSTITIS|DECREASED APPETITE|DRUG INTOLERANCE|FATIGUE|LIVER FUNCTION TEST ABNORMAL|LOWER RESPIRATORY TRACT INFECTION|NAUSEA|PAIN IN EXTREMITY|PRODUCTIVE COUGH|PYREXIA|RESPIRATORY TRACT CONGESTION|RESPIRATORY TRACT INFECTION|SINUS CONGESTION|SINUSITIS|TRANSAMINASES INCREASED|VOMITING|WEIGHT DECREASED|YELLOW SKIN,LIVER FUNCTION TEST ABNORMAL|TRANSAMINASES INCREASED,False,True,False,suspect,True,IDIOPATHIC PULMONARY FIBROSIS,True,2019-09-25,,,False,False,True,False,False,False,False,False,True
nintedanib,17942225,2,20200625,20200728,2020,US,US,5,unknown,,,,ABDOMINAL PAIN|BALANCE DISORDER|DEVICE DIFFICULT TO USE|DYSPNOEA|FALL|FATIGUE|GAIT DISTURBANCE|HEPATIC ENZYME INCREASED|HYPOGLYCAEMIA|NAUSEA|THERAPEUTIC RESPONSE UNEXPECTED|VOMITING,HEPATIC ENZYME INCREASED,False,True,False,suspect,True,IDIOPATHIC PULMONARY FIBROSIS,True,2017-08-08,2018-09-10,398.0,False,False,True,False,True,False,False,False,True
nintedanib,17943230,1,20200625,20200625,2020,US,US,3,unknown,,,,DRUG INTOLERANCE|HEPATIC ENZYME INCREASED,HEPATIC ENZYME INCREASED,False,True,False,suspect,True,PRODUCT USED FOR UNKNOWN INDICATION,False,,,,False,False,False,False,False,False,False,False,False
nintedanib,17944606,4,20200625,20210825,2020,US,US,5,female,58.0,58.0,801,ABDOMINAL DISTENSION|ABDOMINAL PAIN UPPER|ALOPECIA|APPENDICITIS|CONSTIPATION|COUGH|DECREASED APPETITE|DENTAL OPERATION|DEPRESSED MOOD|DIARRHOEA|DISEASE PROGRESSION|DRY SKIN|DYSPNOEA|FATIGUE|HAEMOPTYSIS|HEART RATE INCREASED|HEPATIC ENZYME INCREASED|HYPOAESTHESIA|LETHARGY|LIP SWELLING|MALAISE|MUSCULOSKELETAL CHEST PAIN|NAUSEA|PRODUCTIVE COUGH|SKIN EXFOLIATION|TRICHORRHEXIS|URTICARIA|VOMITING|WEIGHT INCREASED,HEPATIC ENZYME INCREASED,False,True,False,suspect,True,IDIOPATHIC PULMONARY FIBROSIS,True,2020-06-17,2020-07-03,16.0,True,False,True,False,True,False,False,False,True
nintedanib,17944666,3,20200625,20201112,2020,JP,JP,1,male,71.0,71.0,801,BENIGN PROSTATIC HYPERPLASIA|BLOOD PRESSURE DECREASED|BLOOD PRESSURE INCREASED|BRONCHITIS CHRONIC|ENTEROCOLITIS|GASTROOESOPHAGEAL REFLUX DISEASE|IDIOPATHIC PULMONARY FIBROSIS|LIVER DISORDER|OEDEMA|RHINITIS,LIVER DISORDER,False,True,False,suspect,True,IDIOPATHIC PULMONARY FIBROSIS,True,2016-01-22,2016-02-03,12.0,True,False,True,True,True,False,False,False,True
nintedanib,17952697,2,20200626,20200708,2020,DE,DE,3,male,,,,HEPATIC ENZYME INCREASED|IDIOPATHIC PULMONARY FIBROSIS,HEPATIC ENZYME INCREASED,False,True,False,suspect,True,IDIOPATHIC PULMONARY FIBROSIS,True,,,,False,False,True,False,False,False,False,False,True
nintedanib,17970038,3,20200701,20201207,2020,US,US,,female,80.0,80.0,801,ABDOMINAL DISCOMFORT|LIVER FUNCTION TEST INCREASED|LIVER INJURY|NAUSEA|VOMITING,LIVER FUNCTION TEST INCREASED,False,True,False,suspect,True,IDIOPATHIC PULMONARY FIBROSIS,True,2019-05-31,,,False,False,True,False,True,False,False,False,False
nintedanib,17980807,1,20200704,20200704,2020,US,US,1,unknown,,,,HEPATIC STEATOSIS|LIVER FUNCTION TEST INCREASED,LIVER FUNCTION TEST INCREASED,False,True,False,suspect,True,IDIOPATHIC PULMONARY FIBROSIS,True,,,,False,False,False,False,False,False,False,False,False
nintedanib,17982029,1,20200706,20200706,2020,DE,DE,1,female,60.0,60.0,801,HEPATITIS,HEPATITIS,False,True,False,suspect,True,LUNG ADENOCARCINOMA,False,,2020-06-16,,False,False,True,False,True,False,False,False,True
nintedanib,18017887,2,20200714,20200807,2020,US,US,5,male,84.0,84.0,801,CHOLECYSTITIS|DIARRHOEA|FATIGUE|HAEMOGLOBIN DECREASED|HEPATIC ENZYME INCREASED|HEPATIC FAILURE|HEPATITIS ACUTE|IDIOPATHIC PULMONARY FIBROSIS|NAUSEA|PLATELET COUNT DECREASED|VOMITING,HEPATIC ENZYME INCREASED|HEPATIC FAILURE|HEPATITIS ACUTE,True,True,False,suspect,True,IDIOPATHIC PULMONARY FIBROSIS,True,2019-11-08,2019-12-08,30.0,True,False,True,False,True,False,False,False,True
nintedanib,18019431,1,20200714,20200714,2020,FR,FR,2,female,85.0,85.0,801,CHOLESTASIS|DIARRHOEA|HEPATITIS ACUTE|HYPERTRANSAMINASAEMIA,CHOLESTASIS|HEPATITIS ACUTE,False,True,False,suspect,True,PULMONARY FIBROSIS,True,2020-05-15,2020-05-16,1.0,True,False,True,False,True,False,False,False,False
nintedanib,18038123,1,20200717,20200717,2020,US,US,3,male,,,,ASPARTATE AMINOTRANSFERASE INCREASED|GASTROINTESTINAL DISORDER|HYPOGEUSIA,ASPARTATE AMINOTRANSFERASE INCREASED,False,True,False,suspect,True,PRODUCT USED FOR UNKNOWN INDICATION,False,,,,False,False,False,False,False,False,False,False,False
nintedanib,18050522,1,20200721,20200721,2020,CA,CA,5,female,73.0,73.0,801,ABDOMINAL PAIN UPPER|BLOOD PRESSURE INCREASED|DIARRHOEA|IDIOPATHIC PULMONARY FIBROSIS|LIVER DISORDER|NAUSEA|OXYGEN SATURATION DECREASED|RENAL DISORDER|SKIN DISCOLOURATION|SKIN ODOUR ABNORMAL|VARICOSE VEIN|VEIN DISORDER|WEIGHT DECREASED,LIVER DISORDER,False,True,False,suspect,True,IDIOPATHIC PULMONARY FIBROSIS,True,,2020-06-29,,False,False,True,True,True,False,False,False,False
nintedanib,18069491,3,20200726,20200811,2020,US,US,5,female,75.0,75.0,801,ABDOMINAL DISTENSION|ABDOMINAL PAIN UPPER|BACK PAIN|COUGH|DIARRHOEA|DRY MOUTH|GASTROOESOPHAGEAL REFLUX DISEASE|HEPATIC ENZYME INCREASED|HYPOPHAGIA|LIVER FUNCTION TEST ABNORMAL|OESOPHAGEAL DISORDER|ORAL PAIN|OROPHARYNGEAL PAIN|PRODUCT USE IN UNAPPROVED INDICATION,HEPATIC ENZYME INCREASED|LIVER FUNCTION TEST ABNORMAL,False,True,False,suspect,True,SYSTEMIC SCLERODERMA,False,2019-10-11,2019-10-14,3.0,True,False,True,False,False,False,False,False,True
nintedanib,18069701,2,20200726,20200731,2020,US,US,5,male,59.0,59.0,801,COUGH|DIARRHOEA|HEPATIC ENZYME INCREASED|LIVER FUNCTION TEST INCREASED|PYREXIA,HEPATIC ENZYME INCREASED|LIVER FUNCTION TEST INCREASED,False,True,False,suspect,True,IDIOPATHIC PULMONARY FIBROSIS,True,2020-06-16,,,False,False,False,False,False,False,False,False,False
nintedanib,18076417,2,20200727,20210727,2020,US,US,5,female,68.0,68.0,801,ALANINE AMINOTRANSFERASE INCREASED|CHOKING|COUGH|DIARRHOEA|DIZZINESS|NAUSEA|NECK PAIN|OESOPHAGEAL DISCOMFORT|PARAESTHESIA|THYROID FUNCTION TEST ABNORMAL|VOMITING,ALANINE AMINOTRANSFERASE INCREASED,False,True,False,suspect,True,IDIOPATHIC PULMONARY FIBROSIS,True,2020-02-16,2020-02-16,0.0,True,False,False,False,False,False,False,False,False
nintedanib,18082665,1,20200728,20200728,2020,CA,CA,5,unknown,,,,DIZZINESS|DRY MOUTH|ERECTILE DYSFUNCTION|HEADACHE|HYPERBILIRUBINAEMIA|INSOMNIA,HYPERBILIRUBINAEMIA,False,True,False,suspect,True,IDIOPATHIC PULMONARY FIBROSIS,True,2019-06-27,,,False,False,True,False,False,False,False,False,True
nintedanib,18089719,2,20200730,20210608,2020,CA,CA,5,male,70.0,70.0,801,ABDOMINAL DISCOMFORT|FAECES SOFT|HEADACHE|HEPATIC ENZYME INCREASED|HEPATOTOXICITY|NAUSEA,HEPATIC ENZYME INCREASED|HEPATOTOXICITY,True,True,False,suspect,True,IDIOPATHIC PULMONARY FIBROSIS,True,2020-02-24,,,False,False,True,False,False,False,False,False,True
nintedanib,18114441,1,20200805,20200805,2020,DE,DE,3,male,,,,GASTRIC DISORDER|LARGE INTESTINE INFECTION|LIVER FUNCTION TEST INCREASED,LIVER FUNCTION TEST INCREASED,False,True,False,suspect,True,IDIOPATHIC PULMONARY FIBROSIS,True,,,,False,False,True,False,True,False,False,False,False
nintedanib,18115697,3,20200805,20201215,2020,JP,JP,1,male,40.0,40.0,801,ACNE|BACTERIAL INFECTION|DIARRHOEA|DRUG ERUPTION|HEPATIC ENZYME INCREASED|HEPATIC FUNCTION ABNORMAL|IDIOPATHIC PULMONARY FIBROSIS|INFECTION|NASOPHARYNGITIS|ORAL CANDIDIASIS|OSTEOPOROSIS|PERIODONTITIS|PNEUMOCYSTIS JIROVECII PNEUMONIA|THERAPEUTIC PRODUCT EFFECT INCOMPLETE|VOMITING,HEPATIC ENZYME INCREASED|HEPATIC FUNCTION ABNORMAL,False,True,False,suspect,True,IDIOPATHIC PULMONARY FIBROSIS,True,2018-05-23,2018-05-25,2.0,True,False,True,False,False,False,False,False,True
nintedanib,18120666,1,20200806,20200806,2020,CA,CA,5,male,67.0,67.0,801,ABDOMINAL PAIN UPPER|ANGINA PECTORIS|BLOOD MAGNESIUM DECREASED|CHEST DISCOMFORT|CONSTIPATION|DIARRHOEA|EATING DISORDER|LIVER DISORDER|MUSCLE SPASMS|NAUSEA|SINUS DISORDER,LIVER DISORDER,False,True,False,suspect,True,IDIOPATHIC PULMONARY FIBROSIS,True,2019-12-12,2019-12-12,0.0,True,False,True,False,True,False,False,False,False
nintedanib,18131810,1,20200810,20200810,2020,US,US,5,female,,,,HEPATOTOXICITY,HEPATOTOXICITY,True,True,False,suspect,True,PRODUCT USED FOR UNKNOWN INDICATION,False,,,,False,False,False,False,False,False,False,False,False
nintedanib,18137871,3,20200811,20200911,2020,IT,IT,1,female,67.0,67.0,801,ASTHENIA|GAMMA-GLUTAMYLTRANSFERASE INCREASED|HYPERTRANSAMINASAEMIA|NAUSEA|VOMITING,GAMMA-GLUTAMYLTRANSFERASE INCREASED,False,True,False,suspect,True,IDIOPATHIC PULMONARY FIBROSIS,True,,2020-07-01,,False,False,True,False,False,False,False,False,True
nintedanib,18140408,7,20200812,20201231,2020,US,US,,male,72.0,72.0,801,DYSPNOEA EXERTIONAL|ERUCTATION|FLATULENCE|LIVER FUNCTION TEST INCREASED|NAUSEA|VOMITING,LIVER FUNCTION TEST INCREASED,False,True,False,suspect,True,IDIOPATHIC PULMONARY FIBROSIS|INTERSTITIAL LUNG DISEASE,True,2020-08-04,,,False,False,False,False,False,False,False,False,False
nintedanib,18150732,8,20200814,20210819,2020,US,US,5,female,53.0,53.0,801,ABDOMINAL DISTENSION|DIARRHOEA|GASTRIC DISORDER|HEAD DISCOMFORT|HEPATIC ENZYME INCREASED,HEPATIC ENZYME INCREASED,False,True,False,suspect,True,IDIOPATHIC PULMONARY FIBROSIS|SYSTEMIC SCLEROSIS PULMONARY,True,2020-08-13,2020-08-12,-1.0,False,False,False,False,False,False,False,False,False
nintedanib,18155320,3,20200817,20200820,2020,DK,DK,1,male,71.0,71.0,801,ALANINE AMINOTRANSFERASE INCREASED|INTERSTITIAL LUNG DISEASE|RHEUMATOID ARTHRITIS,ALANINE AMINOTRANSFERASE INCREASED,False,True,False,suspect,True,INTERSTITIAL LUNG DISEASE|RHEUMATOID ARTHRITIS,True,,,,False,False,True,True,False,False,False,False,False
nintedanib,18158134,1,20200817,20200817,2020,CA,CA,5,male,65.0,65.0,801,ASTHENIA|DIARRHOEA|HAEMORRHOIDS|HEPATIC ENZYME INCREASED|WEIGHT DECREASED,HEPATIC ENZYME INCREASED,False,True,False,suspect,True,IDIOPATHIC PULMONARY FIBROSIS,True,2017-03-08,2019-12-01,998.0,False,False,True,False,False,False,False,False,True
nintedanib,18169523,1,20200818,20200818,2020,CA,CA,1,male,72.0,72.0,801,ABDOMINAL PAIN UPPER|BOWEL MOVEMENT IRREGULARITY|CARDIAC FAILURE CONGESTIVE|CONSTIPATION|COUGH|DECREASED APPETITE|DIARRHOEA|FATIGUE|HEPATIC ENZYME INCREASED|IDIOPATHIC PULMONARY FIBROSIS|NAUSEA|PNEUMONIA|WEIGHT DECREASED,HEPATIC ENZYME INCREASED,False,True,False,suspect,True,IDIOPATHIC PULMONARY FIBROSIS,True,,,,False,False,True,False,True,False,False,False,True
nintedanib,18172606,11,20200820,20211230,2020,US,US,5,female,83.0,83.0,801,ARTHRALGIA|ASTHENIA|ASTHMA|CARPAL TUNNEL SYNDROME|CEREBRAL HAEMATOMA|CONSTIPATION|DECREASED APPETITE|DIARRHOEA|DYSPEPSIA|FALL|HAEMORRHAGE|HEAD INJURY|HEADACHE|INSOMNIA|LIVER FUNCTION TEST INCREASED|NAUSEA|PRODUCTIVE COUGH|SINUS DISORDER|SPUTUM DISCOLOURED|VOMITING|WRIST FRACTURE,LIVER FUNCTION TEST INCREASED,False,True,False,suspect,True,IDIOPATHIC PULMONARY FIBROSIS,True,2020-08-14,2020-08-18,4.0,True,False,True,False,True,False,False,False,True
nintedanib,18182524,1,20200821,20200821,2020,FR,FR,1,female,73.0,73.0,801,HEPATOCELLULAR INJURY,HEPATOCELLULAR INJURY,True,True,False,suspect,True,IDIOPATHIC PULMONARY FIBROSIS,True,2020-02-06,2020-03-06,29.0,True,False,True,False,False,False,False,False,True
nintedanib,18183644,2,20200822,20200907,2020,DE,DE,1,male,61.0,61.0,801,BILIARY NEOPLASM|CHOLESTASIS|HEPATIC NEOPLASM|LIVER FUNCTION TEST INCREASED|SKIN DISCOLOURATION|YELLOW SKIN,CHOLESTASIS|LIVER FUNCTION TEST INCREASED,False,True,False,suspect,True,IDIOPATHIC PULMONARY FIBROSIS,True,2018-08-15,,,False,False,True,False,True,False,False,False,True
nintedanib,18190356,4,20200825,20210410,2020,JP,JP,1,male,69.0,69.0,801,BRONCHITIS CHRONIC|COUGH|DIARRHOEA|LARGE INTESTINAL HAEMORRHAGE|LIVER DISORDER|WEIGHT DECREASED,LIVER DISORDER,False,True,False,suspect,True,IDIOPATHIC PULMONARY FIBROSIS,True,2017-11-29,2017-12-08,9.0,True,False,True,False,False,False,False,False,True
nintedanib,18194811,1,20200825,20200825,2020,US,US,5,female,,,,FATIGUE|HEPATIC CIRRHOSIS|HEPATIC ENZYME INCREASED|NON-ALCOHOLIC STEATOHEPATITIS|SPLENOMEGALY,HEPATIC ENZYME INCREASED,False,True,False,suspect,True,CONNECTIVE TISSUE DISORDER|INTERSTITIAL LUNG DISEASE|RAYNAUD^S PHENOMENON|SYSTEMIC SCLEROSIS PULMONARY,True,2018-10-16,,,False,False,True,False,False,False,False,False,True
nintedanib,18195792,1,20200825,20200825,2020,CA,CA,1,male,84.0,84.0,801,ABDOMINAL DISCOMFORT|ABDOMINAL DISTENSION|ASTHENIA|BACK PAIN|BLADDER CANCER|BLOOD PRESSURE ABNORMAL|BONE CANCER|CANCER PAIN|CARDIAC FAILURE CONGESTIVE|CARDIAC PACEMAKER INSERTION|CATARACT|CHILLS|CONSTIPATION|CYSTITIS|CYSTOSCOPY|DECREASED APPETITE|DIARRHOEA|DIZZINESS|DYSPHAGIA|DYSPNOEA|FALL|FATIGUE|FLATULENCE|FLUID RETENTION|HAEMOGLOBIN DECREASED|HEPATIC ENZYME INCREASED|HYPERTONIC BLADDER|HYPOTENSION|INCONTINENCE|INFECTION|MALAISE|METASTASES TO BONE|METASTASES TO SPINE|PERIPHERAL SWELLING|PLEURAL EFFUSION|PROSTATE CANCER METASTATIC|PROSTATIC SPECIFIC ANTIGEN INCREASED|PYREXIA|SEPSIS|SKIN LACERATION|SLEEP DISORDER|STENT PLACEMENT|SYNCOPE|TOOTH EXTRACTION|URINARY RETENTION|VERTIGO|VISION BLURRED|WEIGHT DECREASED,HEPATIC ENZYME INCREASED,False,True,False,suspect,True,IDIOPATHIC PULMONARY FIBROSIS,True,2016-01-06,2016-12-16,345.0,True,False,True,False,True,False,False,False,True
nintedanib,18219708,2,20200901,20200928,2020,PL,PL,5,male,77.0,77.0,801,BLOOD BILIRUBIN INCREASED|TRANSAMINASES INCREASED,BLOOD BILIRUBIN INCREASED|TRANSAMINASES INCREASED,False,True,True,suspect,True,INTERSTITIAL LUNG DISEASE,True,2020-05-12,,,False,False,True,False,True,False,False,False,False
nintedanib,18222617,8,20200902,20210603,2020,US,US,5,female,75.0,75.0,801,ABDOMINAL DISCOMFORT|BACK PAIN|CHEST DISCOMFORT|DECREASED APPETITE|DIARRHOEA|DYSPNOEA|FALL|FATIGUE|FEELING ABNORMAL|HANGOVER|HEPATIC ENZYME INCREASED|IDIOPATHIC PULMONARY FIBROSIS|JOINT INJURY|MUSCULOSKELETAL CHEST PAIN|NAUSEA|OXYGEN SATURATION DECREASED|SPEECH DISORDER|TOTAL LUNG CAPACITY DECREASED|VOMITING,HEPATIC ENZYME INCREASED,False,True,False,suspect,True,IDIOPATHIC PULMONARY FIBROSIS,True,2020-06-01,,,False,False,True,False,False,False,False,False,True
nintedanib,18223995,8,20200902,20210901,2020,US,US,5,male,77.0,77.0,801,ABDOMINAL DISCOMFORT|ABDOMINAL PAIN|ABDOMINAL PAIN UPPER|ARTHRALGIA|BACK PAIN|BLOOD GLUCOSE FLUCTUATION|BLOOD GLUCOSE INCREASED|CONSTIPATION|DIABETES MELLITUS|DIARRHOEA|EPISTAXIS|ERUCTATION|FEEDING DISORDER|FLATULENCE|GASTRIC DISORDER|HEPATIC ENZYME INCREASED|NAIL INFECTION|SEASONAL ALLERGY|SKIN CANCER|SLEEP DISORDER,HEPATIC ENZYME INCREASED,False,True,False,suspect,True,IDIOPATHIC PULMONARY FIBROSIS|INTERSTITIAL LUNG DISEASE,True,2020-07-21,,,False,False,True,False,True,False,False,False,True
nintedanib,18234416,1,20200904,20200904,2020,TH,TH,3,unknown,,,,ACUTE RESPIRATORY DISTRESS SYNDROME|CEREBROVASCULAR DISORDER|CHEST PAIN|COUGH|DEATH|DECREASED APPETITE|DIARRHOEA|DRUG INEFFECTIVE|DYSPNOEA|GASTROINTESTINAL DISORDER|HEPATIC ENZYME INCREASED|HEPATITIS|NAUSEA|NEOPLASM MALIGNANT|PNEUMONIA,HEPATIC ENZYME INCREASED|HEPATITIS,False,True,False,suspect,True,PRODUCT USED FOR UNKNOWN INDICATION,False,,,,False,False,True,True,False,False,False,False,True
nintedanib,18234450,1,20200904,20200904,2020,TH,TH,3,unknown,,,,CHEST PAIN|CHRONIC KIDNEY DISEASE|CONDITION AGGRAVATED|COUGH|DEATH|DECREASED APPETITE|DIARRHOEA|DYSPNOEA|ELECTROLYTE IMBALANCE|FATIGUE|GASTROINTESTINAL DISORDER|HEPATIC ENZYME INCREASED|HEPATIC FUNCTION ABNORMAL|HEPATITIS|LIP AND/OR ORAL CAVITY CANCER|MELAENA|NAUSEA|NEOPLASM MALIGNANT|PNEUMONIA|RESPIRATORY DISORDER,HEPATIC ENZYME INCREASED|HEPATIC FUNCTION ABNORMAL|HEPATITIS,False,True,False,suspect,True,PRODUCT USED FOR UNKNOWN INDICATION,False,,,,False,False,True,True,False,False,False,False,True
nintedanib,18237864,1,20200907,20200907,2020,BR,BR,,female,74.0,74.0,801,HEPATIC CIRRHOSIS|HYPERGAMMAGLOBULINAEMIA|LIVER FUNCTION TEST ABNORMAL,LIVER FUNCTION TEST ABNORMAL,False,True,False,suspect,True,IDIOPATHIC PULMONARY FIBROSIS,True,2020-08-04,,,False,False,True,False,False,False,False,False,True
nintedanib,18242312,1,20200908,20200908,2020,CA,CA,,female,82.0,82.0,801,ATRIAL FIBRILLATION|CARDIAC DISORDER|CONSTIPATION|DECREASED APPETITE|DIZZINESS|DYSPEPSIA|DYSPNOEA|EPISTAXIS|FATIGUE|FEELING ABNORMAL|FLATULENCE|HEPATIC ENZYME INCREASED|HYPOPHAGIA|ILLNESS|INCORRECT DOSE ADMINISTERED|LUNG DISORDER|NASOPHARYNGITIS|PLEURAL EFFUSION|RENAL HAEMATOMA|VOMITING|WEIGHT DECREASED,HEPATIC ENZYME INCREASED,False,True,False,suspect,True,IDIOPATHIC PULMONARY FIBROSIS,True,2019-11-22,2019-11-22,0.0,True,False,True,False,True,False,False,False,True
nintedanib,18249221,3,20200909,20201109,2020,JP,JP,1,male,69.0,69.0,801,DEATH|HEPATIC ENZYME INCREASED,HEPATIC ENZYME INCREASED,False,True,False,suspect,True,IDIOPATHIC PULMONARY FIBROSIS,True,,,,False,False,True,True,False,False,False,False,True
nintedanib,18249280,1,20200909,20200909,2020,JP,JP,3,male,52.0,52.0,801,DEATH|DECREASED APPETITE|DIARRHOEA|HEPATIC ENZYME INCREASED,HEPATIC ENZYME INCREASED,False,True,False,suspect,True,IDIOPATHIC PULMONARY FIBROSIS,True,,,,False,False,True,True,False,False,False,False,True
nintedanib,18249388,3,20200909,20201109,2020,JP,JP,3,male,80.0,80.0,801,DEATH|DECREASED APPETITE|FATIGUE|HEPATIC ENZYME INCREASED,HEPATIC ENZYME INCREASED,False,True,False,suspect,True,IDIOPATHIC PULMONARY FIBROSIS,True,,,,False,False,True,True,False,False,False,False,True
nintedanib,18249419,3,20200909,20201109,2020,,JP,3,female,76.0,76.0,801,DEATH|FATIGUE|HEPATIC ENZYME INCREASED|NASOPHARYNGITIS|WEIGHT DECREASED,HEPATIC ENZYME INCREASED,False,True,False,suspect,True,IDIOPATHIC PULMONARY FIBROSIS,True,,,,False,False,True,True,False,False,False,False,True
nintedanib,18259681,1,20200912,20200912,2020,IT,IT,1,male,65.0,65.0,801,ABDOMINAL PAIN UPPER|HYPERBILIRUBINAEMIA|NAUSEA|OFF LABEL USE|TRANSAMINASES INCREASED,HYPERBILIRUBINAEMIA|TRANSAMINASES INCREASED,False,True,True,suspect,True,PULMONARY FIBROSIS,True,2020-08-10,2020-08-11,1.0,True,False,True,False,False,False,False,False,True
nintedanib,18268994,3,20200915,20201019,2020,US,US,5,female,,,,ABDOMINAL DISCOMFORT|ABDOMINAL PAIN UPPER|BLOOD PRESSURE INCREASED|CONSTIPATION|GASTROOESOPHAGEAL REFLUX DISEASE|HEPATIC ENZYME INCREASED|ILLNESS|NAUSEA|VOMITING,HEPATIC ENZYME INCREASED,False,True,False,suspect,True,IDIOPATHIC PULMONARY FIBROSIS,True,2020-02-27,,,False,False,True,False,False,False,True,False,False
nintedanib,18272745,2,20200916,20210514,2020,ES,ES,1,female,,,,COVID-19|HEPATIC ENZYME INCREASED|RESPIRATORY TRACT INFECTION,HEPATIC ENZYME INCREASED,False,True,False,suspect,True,INTERSTITIAL LUNG DISEASE,True,,,,False,False,True,True,True,False,False,False,False
nintedanib,18272971,2,20200916,20201008,2020,US,US,,male,70.0,70.0,801,BACK INJURY|COLOSTOMY|DIARRHOEA|DIVERTICULAR PERFORATION|DIVERTICULITIS|FALL|HEPATIC ENZYME INCREASED|NAUSEA,HEPATIC ENZYME INCREASED,False,True,False,suspect,True,IDIOPATHIC PULMONARY FIBROSIS,True,2019-10-31,,,False,False,True,False,True,False,False,False,True
nintedanib,18276300,8,20200917,20210818,2020,US,US,5,male,56.0,56.0,801,ABDOMINAL DISCOMFORT|COUGH|DECREASED APPETITE|DIARRHOEA|DYSPNOEA|EPISTAXIS|HEPATIC ENZYME INCREASED|WEIGHT DECREASED,HEPATIC ENZYME INCREASED,False,True,False,suspect,True,IDIOPATHIC PULMONARY FIBROSIS,True,2020-04-08,2020-04-12,4.0,True,False,True,False,True,False,False,False,False
nintedanib,18279504,2,20200917,20201020,2020,US,US,,unknown,71.0,71.0,801,ABDOMINAL PAIN UPPER|DIARRHOEA|FATIGUE|FEELING JITTERY|LIVER FUNCTION TEST INCREASED|NAUSEA,LIVER FUNCTION TEST INCREASED,False,True,False,suspect,True,IDIOPATHIC PULMONARY FIBROSIS,True,2020-08-10,,,False,False,False,False,False,False,False,False,False
nintedanib,18280007,2,20200918,20201022,2020,US,US,5,male,68.0,68.0,801,ABDOMINAL DISCOMFORT|EYE COLOUR CHANGE|HEPATIC ENZYME INCREASED|SKIN DISCOLOURATION,HEPATIC ENZYME INCREASED,False,True,False,suspect,True,IDIOPATHIC PULMONARY FIBROSIS,True,2020-08-07,,,False,False,False,False,False,False,False,False,False
nintedanib,18291050,1,20200922,20200922,2020,IL,IL,1,female,32.0,32.0,801,ABDOMINAL DISCOMFORT|CONDITION AGGRAVATED|HEPATIC FUNCTION ABNORMAL|NAUSEA,HEPATIC FUNCTION ABNORMAL,False,True,False,suspect,True,INTERSTITIAL LUNG DISEASE|SYSTEMIC SCLERODERMA,True,,,,False,False,True,False,True,False,False,False,False
nintedanib,18298952,6,20200922,20201229,2020,US,US,5,male,80.0,80.0,801,ABDOMINAL DISCOMFORT|ABDOMINAL DISTENSION|ABDOMINAL PAIN|ABDOMINAL PAIN UPPER|AGEUSIA|ALANINE AMINOTRANSFERASE INCREASED|ARTHRITIS|COLD SWEAT|COUGH|DIARRHOEA|DIZZINESS|FEELING ABNORMAL|FOOD POISONING|HEADACHE|HEPATIC ENZYME INCREASED|MALAISE|MUSCLE SPASMS|NAUSEA|SCIATICA|SHOCK,ALANINE AMINOTRANSFERASE INCREASED|HEPATIC ENZYME INCREASED,False,True,False,suspect,True,IDIOPATHIC PULMONARY FIBROSIS,True,2020-02-04,,,False,False,True,False,False,False,False,False,True
nintedanib,18306554,2,20200924,20210325,2020,CA,CA,5,male,69.0,69.0,801,ABDOMINAL DISCOMFORT|BILIARY OBSTRUCTION|CONSTIPATION|DIARRHOEA|FAECES SOFT|FLATULENCE|HEPATIC ENZYME INCREASED|JAUNDICE|MUSCULOSKELETAL CHEST PAIN|NASOPHARYNGITIS|NAUSEA|VOMITING,HEPATIC ENZYME INCREASED|JAUNDICE,False,True,False,suspect,True,IDIOPATHIC PULMONARY FIBROSIS,True,2018-05-06,2020-06-29,785.0,False,False,True,False,False,False,False,False,True
nintedanib,18310616,1,20200924,20200924,2020,US,US,5,unknown,,,,BLOOD ALBUMIN DECREASED|BLOOD ALKALINE PHOSPHATASE INCREASED,BLOOD ALKALINE PHOSPHATASE INCREASED,False,True,False,suspect,True,PRODUCT USED FOR UNKNOWN INDICATION,False,,,,False,False,False,False,False,False,False,False,False
nintedanib,18327746,2,20200930,20210209,2020,US,US,1,female,68.0,68.0,801,ABDOMINAL PAIN UPPER|GASTRIC PH DECREASED|HEPATIC ENZYME INCREASED|VOMITING|WEIGHT DECREASED,HEPATIC ENZYME INCREASED,False,True,False,suspect,True,IDIOPATHIC PULMONARY FIBROSIS,True,2020-07-23,,,False,False,False,False,False,False,False,False,False
nintedanib,18342155,4,20201005,20201230,2020,US,US,,unknown,79.0,79.0,801,FALL|HERNIA|LIVER FUNCTION TEST INCREASED|PAIN IN EXTREMITY|TRANSAMINASES INCREASED|ULCER,LIVER FUNCTION TEST INCREASED|TRANSAMINASES INCREASED,False,True,False,suspect,True,IDIOPATHIC PULMONARY FIBROSIS,True,2020-08-20,,,False,False,False,False,False,False,False,False,False
nintedanib,18342440,1,20201005,20201005,2020,ES,ES,3,female,77.0,77.0,801,HEPATOTOXICITY|OFF LABEL USE,HEPATOTOXICITY,True,True,False,suspect,True,INTERSTITIAL LUNG DISEASE|RHEUMATOID ARTHRITIS,True,,,,False,False,True,False,False,False,False,False,True
nintedanib,18342452,11,20201005,20210506,2020,US,US,5,female,69.0,69.0,801,ABDOMINAL DISCOMFORT|ABDOMINAL PAIN UPPER|ACUTE KIDNEY INJURY|ANXIETY|BLOOD TEST ABNORMAL|CONSTIPATION|DEPRESSION|DIARRHOEA|DIVERTICULUM|DIZZINESS|DYSPEPSIA|FATIGUE|FREQUENT BOWEL MOVEMENTS|HEPATIC ENZYME INCREASED|LIVER DISORDER|LIVER FUNCTION TEST INCREASED|NAUSEA|PANCREATIC FAILURE|VISION BLURRED,HEPATIC ENZYME INCREASED|LIVER DISORDER|LIVER FUNCTION TEST INCREASED,False,True,False,suspect,True,IDIOPATHIC PULMONARY FIBROSIS,True,2020-07-14,,,False,False,True,False,False,False,False,False,True
nintedanib,18347092,7,20201005,20210610,2020,US,US,3,female,65.0,65.0,801,CONSTIPATION|HEPATIC ENZYME INCREASED|NAUSEA|VOMITING,HEPATIC ENZYME INCREASED,False,True,False,suspect,True,IDIOPATHIC PULMONARY FIBROSIS|INTERSTITIAL LUNG DISEASE,True,2020-09-30,2020-12-16,77.0,True,False,False,False,False,False,False,False,False
nintedanib,18358012,1,20201007,20201007,2020,US,US,5,unknown,76.0,76.0,801,CHROMATURIA|LIVER FUNCTION TEST INCREASED,LIVER FUNCTION TEST INCREASED,False,True,False,suspect,True,IDIOPATHIC PULMONARY FIBROSIS,True,,,,False,False,False,False,False,False,False,False,False
nintedanib,18363199,1,20201009,20201009,2020,MY,MY,1,female,70.0,70.0,801,ACUTE CORONARY SYNDROME|ALANINE AMINOTRANSFERASE INCREASED|NAUSEA|TRANSAMINASES INCREASED|VOMITING,ALANINE AMINOTRANSFERASE INCREASED|TRANSAMINASES INCREASED,False,True,False,suspect,True,IDIOPATHIC PULMONARY FIBROSIS,True,2018-07-10,,,False,False,True,False,False,False,False,False,True
nintedanib,18369176,2,20201011,20201114,2020,PL,PL,1,male,77.0,77.0,801,ALANINE AMINOTRANSFERASE INCREASED|ASPARTATE AMINOTRANSFERASE INCREASED|BLOOD BILIRUBIN INCREASED|BLOOD LACTATE DEHYDROGENASE INCREASED,ALANINE AMINOTRANSFERASE INCREASED|ASPARTATE AMINOTRANSFERASE INCREASED|BLOOD BILIRUBIN INCREASED,False,True,True,suspect,True,IDIOPATHIC PULMONARY FIBROSIS,True,2019-10-08,2020-09-29,357.0,True,False,True,False,True,False,False,False,False
nintedanib,18379536,1,20201013,20201013,2020,US,US,5,male,74.0,74.0,801,DECREASED APPETITE|DEPRESSION|DIARRHOEA|LIVER FUNCTION TEST INCREASED|WEIGHT DECREASED,LIVER FUNCTION TEST INCREASED,False,True,False,suspect,True,IDIOPATHIC PULMONARY FIBROSIS,True,2020-08-09,,,False,False,True,False,False,False,False,False,True
nintedanib,18382583,1,20201014,20201014,2020,US,US,5,female,72.0,72.0,801,ABDOMINAL DISCOMFORT|ABDOMINAL PAIN UPPER|BLOOD PRESSURE INCREASED|CONSTIPATION|GASTROOESOPHAGEAL REFLUX DISEASE|HEPATIC ENZYME INCREASED|ILLNESS|NAUSEA|VOMITING,HEPATIC ENZYME INCREASED,False,True,False,suspect,True,IDIOPATHIC PULMONARY FIBROSIS,True,2020-02-27,,,False,False,True,False,False,False,True,False,False
nintedanib,18385186,2,20201015,20201027,2020,HU,HU,1,male,64.0,64.0,801,CAROTID ARTERY DISEASE|FAECES DISCOLOURED|GAMMA-GLUTAMYLTRANSFERASE INCREASED,GAMMA-GLUTAMYLTRANSFERASE INCREASED,False,True,False,suspect,True,INTERSTITIAL LUNG DISEASE,True,2018-11-26,2019-09-26,304.0,True,False,True,False,True,False,False,False,False
nintedanib,18389653,2,20201015,20201023,2020,US,US,3,male,73.66666666666666,884.0,802,ABDOMINAL DISTENSION|ABDOMINAL PAIN|DIARRHOEA|DYSPNOEA|HEPATIC ENZYME INCREASED|IDIOPATHIC PULMONARY FIBROSIS|NAUSEA,HEPATIC ENZYME INCREASED,False,True,False,suspect,True,IDIOPATHIC PULMONARY FIBROSIS,True,,,,False,False,True,True,True,False,False,False,False
nintedanib,18391001,3,20201015,20210331,2020,US,US,5,male,81.0,81.0,801,DIARRHOEA|HEPATIC ENZYME INCREASED|PULMONARY HYPERTENSION|SECRETION DISCHARGE,HEPATIC ENZYME INCREASED,False,True,False,suspect,True,IDIOPATHIC PULMONARY FIBROSIS,True,2017-06-06,,,False,False,True,False,False,False,False,False,True
nintedanib,18401050,12,20201020,20210629,2020,US,US,5,female,81.0,81.0,801,ABDOMINAL PAIN|ABDOMINAL PAIN UPPER|CONSTIPATION|DIARRHOEA|DIZZINESS|DYSPEPSIA|EATING DISORDER|FATIGUE|HEADACHE|HEPATIC ENZYME INCREASED|MUSCLE SPASMS|NAUSEA|PRODUCT ODOUR ABNORMAL|PRODUCT STORAGE ERROR|SLEEP DISORDER|VOMITING|WEIGHT DECREASED,HEPATIC ENZYME INCREASED,False,True,False,suspect,True,IDIOPATHIC PULMONARY FIBROSIS,True,2020-01-21,,,False,False,False,False,False,False,False,False,False
nintedanib,18413748,1,20201022,20201022,2020,US,US,5,female,69.0,69.0,801,DIARRHOEA HAEMORRHAGIC|HEPATIC ENZYME INCREASED,HEPATIC ENZYME INCREASED,False,True,False,suspect,True,IDIOPATHIC PULMONARY FIBROSIS,True,,,,False,False,False,False,False,False,False,False,False
nintedanib,18416232,2,20201022,20201118,2020,US,US,,female,81.0,81.0,801,DIARRHOEA|EPISTAXIS|FATIGUE|HEPATIC ENZYME INCREASED,HEPATIC ENZYME INCREASED,False,True,False,suspect,True,IDIOPATHIC PULMONARY FIBROSIS,True,2020-08-17,,,False,False,False,False,False,False,False,False,False
nintedanib,18422804,2,20201023,20210305,2020,CN,CN,1,female,70.0,70.0,801,DECREASED APPETITE|DEVICE USE ISSUE|DIARRHOEA|FATIGUE|HEPATIC FAILURE|NAUSEA|VOMITING|WEIGHT DECREASED,HEPATIC FAILURE,True,True,False,suspect,True,IDIOPATHIC INTERSTITIAL PNEUMONIA,False,,,,False,False,True,False,False,False,False,False,True
nintedanib,18423791,3,20201024,20210305,2020,CN,CN,3,female,57.0,57.0,801,DECREASED APPETITE|DIARRHOEA|HEPATIC FAILURE|OFF LABEL USE,HEPATIC FAILURE,True,True,False,suspect,True,INTERSTITIAL LUNG DISEASE|MYOPATHY,True,,,,False,False,True,False,False,False,False,False,True
nintedanib,18424492,1,20201026,20201026,2020,US,US,5,male,,,,HEPATOTOXICITY,HEPATOTOXICITY,True,True,False,suspect,True,IDIOPATHIC PULMONARY FIBROSIS,True,,,,False,False,True,False,False,False,False,False,True
nintedanib,18425060,2,20201026,20201105,2020,,JP,1,male,62.0,62.0,801,IDIOPATHIC PULMONARY FIBROSIS|LIVER DISORDER,LIVER DISORDER,False,True,False,suspect,True,IDIOPATHIC PULMONARY FIBROSIS,True,2017-02-23,,,False,False,True,True,False,False,False,False,True
nintedanib,18439461,2,20201028,20201215,2020,US,US,1,male,78.0,78.0,801,ABDOMINAL PAIN UPPER|HEPATIC ENZYME INCREASED|HYPOTENSION,HEPATIC ENZYME INCREASED,False,True,False,suspect,True,IDIOPATHIC PULMONARY FIBROSIS,True,2020-10-01,,,False,False,False,False,False,False,False,False,False
nintedanib,18446060,7,20201030,20210628,2020,DE,DE,1,female,75.0,75.0,801,ACUTE HEPATIC FAILURE|ACUTE KIDNEY INJURY|CARDIAC ARREST|MYOCARDIAL INFARCTION,ACUTE HEPATIC FAILURE,True,True,False,suspect,True,PULMONARY FIBROSIS,True,2020-10-07,2020-10-14,7.0,True,False,True,False,True,True,False,False,True
nintedanib,18449744,7,20201102,20210629,2020,US,US,5,female,84.0,84.0,801,ABDOMINAL PAIN UPPER|BLOOD CHOLESTEROL INCREASED|COVID-19|DEPRESSION|DIARRHOEA|EATING DISORDER|FEMUR FRACTURE|GASTROINTESTINAL SOUNDS ABNORMAL|HEPATIC ENZYME INCREASED|HYPOPHAGIA|LETHARGY|LIVER INJURY|LYMPHADENOPATHY|LYMPHOMA|MALAISE|NAUSEA,HEPATIC ENZYME INCREASED,False,True,False,suspect,True,IDIOPATHIC PULMONARY FIBROSIS,True,2020-10-12,,,False,False,True,False,False,False,False,False,True
nintedanib,18452551,3,20201102,20201109,2020,JP,JP,1,male,52.0,52.0,801,DEATH|DECREASED APPETITE|DIARRHOEA|HEPATIC ENZYME INCREASED,HEPATIC ENZYME INCREASED,False,True,False,suspect,True,IDIOPATHIC PULMONARY FIBROSIS,True,,,,False,False,True,True,False,False,False,False,True
nintedanib,18452638,1,20201102,20201102,2020,US,US,5,female,59.0,59.0,801,HEPATIC ENZYME INCREASED|NAUSEA,HEPATIC ENZYME INCREASED,False,True,False,concomitant,True,CHRONIC OBSTRUCTIVE PULMONARY DISEASE,False,,,,False,False,False,False,False,False,False,False,False
nintedanib,18456080,2,20201103,20201109,2020,US,US,,female,73.0,73.0,801,ELECTROCARDIOGRAM ABNORMAL|FATIGUE|HEART RATE DECREASED|LIVER FUNCTION TEST INCREASED|MYALGIA|NAUSEA|PYREXIA|VOMITING,LIVER FUNCTION TEST INCREASED,False,True,False,suspect,True,IDIOPATHIC PULMONARY FIBROSIS,True,2020-09-10,,,False,False,True,False,True,False,False,False,False
nintedanib,18459238,1,20201103,20201103,2020,IT,IT,3,unknown,,,,HEPATITIS TOXIC,HEPATITIS TOXIC,True,True,False,suspect,True,IDIOPATHIC PULMONARY FIBROSIS,True,,,,False,False,True,False,False,False,False,False,True
nintedanib,18463458,2,20201104,20201118,2020,US,US,5,unknown,,,,CONSTIPATION|HEPATIC ENZYME INCREASED|NAUSEA|VOMITING,HEPATIC ENZYME INCREASED,False,True,False,suspect,True,CHRONIC OBSTRUCTIVE PULMONARY DISEASE,False,,,,False,False,False,False,False,False,False,False,False
nintedanib,18464614,4,20201104,20210930,2020,JP,JP,1,female,69.0,69.0,801,DIARRHOEA|GASTROINTESTINAL HAEMORRHAGE|HEPATIC FUNCTION ABNORMAL|IDIOPATHIC PULMONARY FIBROSIS,HEPATIC FUNCTION ABNORMAL,False,True,False,suspect,True,IDIOPATHIC PULMONARY FIBROSIS,True,2018-12-03,2019-02-14,73.0,True,False,True,True,True,False,False,False,True
nintedanib,18466652,4,20201104,20201208,2020,US,US,5,female,57.0,57.0,801,ABDOMINAL DISCOMFORT|ABDOMINAL PAIN UPPER|BLOOD PRESSURE INCREASED|CHROMATURIA|DIARRHOEA|DYSPEPSIA|FAECES PALE|HEADACHE|HEPATIC ENZYME INCREASED|HYPERTENSION|INTRAOCULAR PRESSURE TEST|LIVER FUNCTION TEST INCREASED|NAUSEA,HEPATIC ENZYME INCREASED|LIVER FUNCTION TEST INCREASED,False,True,False,suspect,True,IDIOPATHIC PULMONARY FIBROSIS,True,2020-08-18,2020-10-08,51.0,True,False,False,False,False,False,False,False,False
nintedanib,18467220,2,20201105,20201109,2020,JP,JP,1,male,69.0,69.0,801,DECREASED APPETITE|FATIGUE|HEPATIC ENZYME INCREASED,HEPATIC ENZYME INCREASED,False,True,False,suspect,True,IDIOPATHIC PULMONARY FIBROSIS,True,,,,False,False,True,False,False,False,False,False,True
nintedanib,18467629,4,20201105,20210104,2020,US,US,5,female,49.0,49.0,801,ABDOMINAL PAIN|BLOOD PRESSURE INCREASED|CHEST PAIN|CHOLECYSTECTOMY|CHOLECYSTITIS|DIARRHOEA|DYSPNOEA|GASTROOESOPHAGEAL REFLUX DISEASE|HEADACHE|LIVER FUNCTION TEST INCREASED|NAUSEA|RAYNAUD^S PHENOMENON|SCLERODERMA|SINUSITIS|WRIST SURGERY,LIVER FUNCTION TEST INCREASED,False,True,False,suspect,True,IDIOPATHIC PULMONARY FIBROSIS|SYSTEMIC SCLEROSIS PULMONARY,True,2019-12-30,2020-01-15,16.0,True,False,True,False,True,False,False,False,True
nintedanib,18467915,2,20201105,20201110,2020,US,US,5,male,85.0,85.0,801,FALL|HEPATIC ENZYME INCREASED|HIP FRACTURE,HEPATIC ENZYME INCREASED,False,True,False,suspect,True,IDIOPATHIC PULMONARY FIBROSIS,True,2019-07-10,2020-10-23,471.0,False,False,True,False,True,False,False,False,True
nintedanib,18467984,3,20201105,20210104,2020,PT,PT,3,female,65.0,65.0,801,ALOPECIA|ASCITES|DECREASED APPETITE|DIARRHOEA|ENCEPHALOPATHY|FACE OEDEMA|HEPATIC FUNCTION ABNORMAL|HEPATIC LESION|HYPERCHOLESTEROLAEMIA|JAUNDICE|NAUSEA|NEOPLASM PROGRESSION|RASH|TOXIC SKIN ERUPTION|TRANSAMINASES INCREASED,HEPATIC FUNCTION ABNORMAL|JAUNDICE|TRANSAMINASES INCREASED,False,True,True,suspect,True,LUNG ADENOCARCINOMA STAGE IV,False,2019-07-01,,,False,False,True,False,True,False,False,False,True
nintedanib,18468396,2,20201105,20201110,2020,IT,IT,,female,48.0,48.0,801,HEPATIC ENZYME INCREASED,HEPATIC ENZYME INCREASED,False,True,False,suspect,True,INTERSTITIAL LUNG DISEASE,True,,,,False,False,True,False,False,False,True,False,False
nintedanib,18469332,3,20201105,20210409,2020,DE,DE,1,female,75.0,75.0,801,ACUTE HEPATIC FAILURE,ACUTE HEPATIC FAILURE,True,True,False,suspect,True,PULMONARY FIBROSIS,True,2020-10-07,2020-10-14,7.0,True,False,True,False,False,False,False,False,True
nintedanib,18473299,2,20201106,20201111,2020,JP,JP,,male,68.0,68.0,801,DEATH|DIARRHOEA|HEPATIC ENZYME INCREASED,HEPATIC ENZYME INCREASED,False,True,False,suspect,True,IDIOPATHIC PULMONARY FIBROSIS,True,,,,False,False,True,True,False,False,False,False,True
nintedanib,18473306,2,20201106,20201111,2020,JP,JP,1,male,76.0,76.0,801,HEPATIC ENZYME INCREASED,HEPATIC ENZYME INCREASED,False,True,False,suspect,True,IDIOPATHIC PULMONARY FIBROSIS,True,,,,False,False,True,False,False,False,False,False,True
nintedanib,18473307,2,20201106,20201111,2020,JP,JP,,male,71.0,71.0,801,DIARRHOEA|HEPATIC ENZYME INCREASED,HEPATIC ENZYME INCREASED,False,True,False,suspect,True,IDIOPATHIC PULMONARY FIBROSIS,True,,,,False,False,True,False,False,False,False,False,True
nintedanib,18473439,2,20201106,20201111,2020,JP,JP,,male,73.0,73.0,801,DIARRHOEA|HEPATIC ENZYME INCREASED,HEPATIC ENZYME INCREASED,False,True,False,suspect,True,IDIOPATHIC PULMONARY FIBROSIS,True,,,,False,False,True,False,False,False,False,False,True
nintedanib,18473458,2,20201106,20201111,2020,,JP,3,male,65.0,65.0,801,BRONCHITIS|FATIGUE|HEPATIC ENZYME INCREASED,HEPATIC ENZYME INCREASED,False,True,False,suspect,True,IDIOPATHIC PULMONARY FIBROSIS,True,,,,False,False,True,False,False,False,False,False,True
nintedanib,18473578,2,20201106,20201111,2020,JP,JP,1,female,70.0,70.0,801,HEPATIC ENZYME INCREASED,HEPATIC ENZYME INCREASED,False,True,False,suspect,True,IDIOPATHIC PULMONARY FIBROSIS,True,,,,False,False,True,False,False,False,False,False,True
nintedanib,18473724,2,20201106,20201111,2020,JP,JP,1,male,64.0,64.0,801,DIARRHOEA|FATIGUE|HEPATIC ENZYME INCREASED,HEPATIC ENZYME INCREASED,False,True,False,suspect,True,IDIOPATHIC PULMONARY FIBROSIS,True,,,,False,False,True,False,False,False,False,False,True
nintedanib,18473727,2,20201106,20201111,2020,JP,JP,,male,68.0,68.0,801,DECREASED APPETITE|DIARRHOEA|FATIGUE|HEPATIC ENZYME INCREASED,HEPATIC ENZYME INCREASED,False,True,False,suspect,True,IDIOPATHIC PULMONARY FIBROSIS,True,,,,False,False,True,False,False,False,False,False,True
nintedanib,18499732,5,20201112,20210505,2020,US,US,5,male,75.0,75.0,801,BLOOD ALKALINE PHOSPHATASE INCREASED|BLOOD PRESSURE INCREASED|FEELING ABNORMAL|HEADACHE|HEPATIC ENZYME INCREASED|HYPERTENSION,BLOOD ALKALINE PHOSPHATASE INCREASED|HEPATIC ENZYME INCREASED,False,True,False,suspect,True,IDIOPATHIC PULMONARY FIBROSIS,True,2020-07-16,,,False,False,False,False,False,False,False,False,False
nintedanib,18502420,2,20201113,20210222,2020,JP,JP,1,male,78.0,78.0,801,LIVER DISORDER,LIVER DISORDER,False,True,False,suspect,True,IDIOPATHIC PULMONARY FIBROSIS,True,2017-12-12,2017-12-18,6.0,True,False,False,False,False,False,False,False,False
nintedanib,18504048,2,20201113,20201117,2020,IT,IT,1,female,65.0,65.0,801,GAMMA-GLUTAMYLTRANSFERASE INCREASED|TRANSAMINASES INCREASED,GAMMA-GLUTAMYLTRANSFERASE INCREASED|TRANSAMINASES INCREASED,False,True,False,suspect,True,IDIOPATHIC PULMONARY FIBROSIS,True,2020-07-20,2020-09-14,56.0,True,False,False,False,False,False,False,False,False
nintedanib,18517344,2,20201118,20210513,2020,PL,PL,,male,58.0,58.0,801,BLOOD PRESSURE INCREASED|MALIGNANT NEOPLASM PROGRESSION|TRANSAMINASES INCREASED,TRANSAMINASES INCREASED,False,True,False,suspect,True,CHEMOTHERAPY|LUNG ADENOCARCINOMA STAGE IV|METASTASES TO BONE,False,,,,False,False,True,False,False,False,False,False,True
nintedanib,18518652,3,20201118,20210603,2020,US,US,5,female,68.0,68.0,801,DIARRHOEA|DIVERTICULITIS|HEPATIC ENZYME INCREASED|NAUSEA|PRODUCTIVE COUGH|URINARY TRACT INFECTION|WEIGHT DECREASED,HEPATIC ENZYME INCREASED,False,True,False,suspect,True,IDIOPATHIC PULMONARY FIBROSIS|PULMONARY FIBROSIS,True,2020-11-11,,,False,False,False,False,False,False,False,False,False
nintedanib,18525874,1,20201120,20201120,2020,US,US,,male,64.0,64.0,801,COUGH|DIARRHOEA|HEPATIC ENZYME INCREASED|NAUSEA,HEPATIC ENZYME INCREASED,False,True,False,suspect,True,IDIOPATHIC PULMONARY FIBROSIS,True,2018-02-25,2020-11-04,983.0,False,False,False,False,False,False,False,False,False
nintedanib,18538533,2,20201123,20201225,2020,PT,PT,3,female,65.0,65.0,801,ALOPECIA|ASCITES|DECREASED APPETITE|DIARRHOEA|DISEASE PROGRESSION|ENCEPHALOPATHY|FACE OEDEMA|HEPATIC LESION|HYPERCHOLESTEROLAEMIA|JAUNDICE|LIVER DISORDER|NAUSEA|NEOPLASM PROGRESSION|RASH|TOXIC SKIN ERUPTION|TRANSAMINASES INCREASED,JAUNDICE|LIVER DISORDER|TRANSAMINASES INCREASED,False,True,True,suspect,True,PRODUCT USED FOR UNKNOWN INDICATION,False,2019-07-01,,,False,False,True,False,True,False,False,False,True
nintedanib,18552484,2,20201127,20201209,2020,US,US,5,male,58.0,58.0,801,ABDOMINAL PAIN UPPER|BACK PAIN|BLOOD GLUCOSE INCREASED|BLOOD PRESSURE DECREASED|CONSTIPATION|DECREASED APPETITE|DIARRHOEA|FATIGUE|HAEMATOCHEZIA|HEPATIC ENZYME INCREASED|HEPATIC STEATOSIS|HOT FLUSH|HYPERTENSION|LIVER FUNCTION TEST INCREASED|NAUSEA|TOOTH FRACTURE|WEIGHT DECREASED|WEIGHT INCREASED,HEPATIC ENZYME INCREASED|LIVER FUNCTION TEST INCREASED,False,True,False,suspect,True,IDIOPATHIC PULMONARY FIBROSIS|SYSTEMIC SCLEROSIS PULMONARY,True,2020-08-04,,,False,False,False,False,False,False,False,False,False
nintedanib,18572711,1,20201203,20201203,2020,MY,MY,1,female,,,,DIARRHOEA|HEPATIC ENZYME INCREASED|HERPES ZOSTER,HEPATIC ENZYME INCREASED,False,True,False,suspect,True,INTERSTITIAL LUNG DISEASE|SYSTEMIC SCLERODERMA,True,2020-11-12,,,False,False,True,False,True,False,False,False,False
nintedanib,18572824,9,20201203,20221013,2020,US,US,5,female,,,,ABDOMINAL DISCOMFORT|ANXIETY|ASTHMA|BLOOD TEST ABNORMAL|CONSTIPATION|DEPRESSION|DIARRHOEA|DYSGEUSIA|DYSPEPSIA|DYSPHAGIA|DYSPNOEA|DYSPNOEA EXERTIONAL|EXTRA DOSE ADMINISTERED|FAECES SOFT|FEELING ABNORMAL|FIBROMYALGIA|GASTRIC DISORDER|HALLUCINATION|HEADACHE|ILLUSION|LIVER FUNCTION TEST INCREASED|MULTIPLE ALLERGIES|NAUSEA|OROPHARYNGEAL PAIN|PALPITATIONS|PRODUCT DOSE OMISSION ISSUE|RAYNAUD^S PHENOMENON|SEASONAL ALLERGY|THROAT IRRITATION|WHEEZING,LIVER FUNCTION TEST INCREASED,False,True,False,suspect,True,IDIOPATHIC PULMONARY FIBROSIS|PULMONARY ARTERIAL HYPERTENSION,True,2020-09-16,2020-01-01,-259.0,False,False,True,False,False,False,False,False,True
nintedanib,18576344,3,20201203,20201230,2020,PT,PT,1,female,65.0,65.0,801,ALOPECIA|ASCITES|DECREASED APPETITE|DIARRHOEA|ENCEPHALOPATHY|FACE OEDEMA|HEPATIC FUNCTION ABNORMAL|HEPATIC LESION|HYPERCHOLESTEROLAEMIA|JAUNDICE|NAUSEA|RASH|TOXIC SKIN ERUPTION|TRANSAMINASES INCREASED,HEPATIC FUNCTION ABNORMAL|JAUNDICE|TRANSAMINASES INCREASED,False,True,True,suspect,True,LUNG ADENOCARCINOMA STAGE IV,False,2019-07-01,,,False,False,True,False,True,False,False,False,True
nintedanib,18598476,5,20201210,20210331,2020,US,US,5,female,62.0,62.0,801,ABDOMINAL DISCOMFORT|ASTHENIA|CONSTIPATION|DECREASED APPETITE|DEPRESSION|DIARRHOEA|DYSPEPSIA|FATIGUE|FLATULENCE|GASTROINTESTINAL DISORDER|HEPATIC ENZYME INCREASED|ILL-DEFINED DISORDER|NAUSEA,HEPATIC ENZYME INCREASED,False,True,False,suspect,True,INTERSTITIAL LUNG DISEASE|PULMONARY FIBROSIS,True,2020-12-02,,,False,False,False,False,False,False,False,False,False
nintedanib,18599034,2,20201210,20201222,2020,JP,JP,2,male,71.0,71.0,801,EOSINOPHIL COUNT INCREASED|EOSINOPHILIC PNEUMONIA|HEPATIC ENZYME INCREASED|NASOPHARYNGITIS,HEPATIC ENZYME INCREASED,False,True,False,suspect,True,HYPERSENSITIVITY PNEUMONITIS,False,2020-10-07,2020-10-18,11.0,True,False,True,False,True,False,False,False,False
nintedanib,18611551,8,20201214,20210608,2020,CA,CA,5,male,66.0,66.0,801,ABDOMINAL DISCOMFORT|COUGH|DENTAL OPERATION|DIABETES MELLITUS|DIARRHOEA|DYSPNOEA|FAECES SOFT|FATIGUE|FEELING ABNORMAL|FLATULENCE|GASTROOESOPHAGEAL REFLUX DISEASE|HAEMATOCHEZIA|HEPATIC ENZYME INCREASED|LIVER FUNCTION TEST INCREASED|MUSCLE SPASMS|OXYGEN SATURATION INCREASED|PULMONARY PAIN,HEPATIC ENZYME INCREASED|LIVER FUNCTION TEST INCREASED,False,True,False,suspect,True,IDIOPATHIC PULMONARY FIBROSIS,True,2020-11-02,,,False,False,True,False,True,False,False,False,False
nintedanib,18622213,3,20201216,20210310,2020,US,US,5,female,22.0,22.0,801,DIARRHOEA|HEADACHE|LIVER FUNCTION TEST ABNORMAL|MATERNAL EXPOSURE DURING PREGNANCY|NAUSEA|VOMITING,LIVER FUNCTION TEST ABNORMAL,False,True,False,suspect,True,IDIOPATHIC PULMONARY FIBROSIS|INTERSTITIAL LUNG DISEASE|SYSTEMIC SCLERODERMA|SYSTEMIC SCLEROSIS PULMONARY,True,2020-10-22,,,False,False,False,False,False,False,False,False,False
nintedanib,18633381,1,20201218,20201218,2020,US,US,3,female,63.0,63.0,801,ABNORMAL LOSS OF WEIGHT|ALANINE AMINOTRANSFERASE INCREASED|ASPARTATE AMINOTRANSFERASE INCREASED|DIARRHOEA|EPISTAXIS|HEADACHE|HEPATIC ENZYME INCREASED|LIVER FUNCTION TEST INCREASED|VAGINAL HAEMORRHAGE|VOMITING,ALANINE AMINOTRANSFERASE INCREASED|ASPARTATE AMINOTRANSFERASE INCREASED|HEPATIC ENZYME INCREASED|LIVER FUNCTION TEST INCREASED,False,True,False,suspect,True,IDIOPATHIC PULMONARY FIBROSIS,True,2020-09-23,,,False,False,False,False,False,False,False,False,False
nintedanib,18644445,2,20201221,20201225,2020,US,US,,female,61.0,61.0,801,ABDOMINAL PAIN UPPER|CHOLECYSTITIS INFECTIVE|DIARRHOEA|FEEDING DISORDER|HEADACHE|HEPATIC ENZYME INCREASED|HEPATIC INFECTION|NAUSEA|RETCHING|SLEEP DISORDER|VOMITING,HEPATIC ENZYME INCREASED,False,True,False,suspect,True,IDIOPATHIC PULMONARY FIBROSIS,True,2020-11-04,,,False,False,True,False,True,False,False,False,False
nintedanib,18645794,1,20201221,20201221,2020,CA,CA,5,female,65.0,65.0,801,BLOOD BILIRUBIN INCREASED|HEPATIC ENZYME INCREASED|LIVER DISORDER|LIVER FUNCTION TEST INCREASED,BLOOD BILIRUBIN INCREASED|HEPATIC ENZYME INCREASED|LIVER DISORDER|LIVER FUNCTION TEST INCREASED,False,True,False,suspect,True,IDIOPATHIC PULMONARY FIBROSIS,True,2020-04-01,,,False,False,True,False,False,False,False,False,True
nintedanib,18652478,5,20201223,20210423,2020,CA,CA,5,male,76.0,76.0,801,AGEUSIA|ANXIETY|APPETITE DISORDER|BLOOD BILIRUBIN INCREASED|CONSTIPATION|DECREASED APPETITE|DEMENTIA|DEMENTIA ALZHEIMER^S TYPE|DIARRHOEA|DYSPNOEA EXERTIONAL|DYSSTASIA|FATIGUE|FLATULENCE|GASTRIC DISORDER|ILLNESS|MEMORY IMPAIRMENT|NAUSEA|ORAL INFECTION|TOOTHACHE|VOMITING|WEIGHT DECREASED,BLOOD BILIRUBIN INCREASED,False,True,False,suspect,True,PRODUCT USED FOR UNKNOWN INDICATION,False,2020-08-17,2020-09-17,31.0,True,False,True,False,True,False,False,False,True
nintedanib,18654595,1,20201223,20201223,2020,US,US,,female,81.0,81.0,801,CEREBROVASCULAR ACCIDENT|CHEST PAIN|DEHYDRATION|DIARRHOEA|LIVER FUNCTION TEST INCREASED|MALAISE|NAUSEA|PARAESTHESIA|RENAL IMPAIRMENT|TRANSIENT ISCHAEMIC ATTACK|VOMITING,LIVER FUNCTION TEST INCREASED,False,True,False,suspect,True,INTERSTITIAL LUNG DISEASE,True,2020-07-31,2020-08-24,24.0,True,False,True,False,True,False,False,False,True
nintedanib,18664649,11,20201225,20210831,2020,US,US,5,male,64.0,64.0,801,ARTHROPOD BITE|BODY TEMPERATURE ABNORMAL|DECREASED APPETITE|DIARRHOEA|FATIGUE|GASTROOESOPHAGEAL REFLUX DISEASE|HEADACHE|HEPATIC ENZYME ABNORMAL|HEPATIC ENZYME INCREASED|MUSCULOSKELETAL CHEST PAIN|NAUSEA|PYREXIA|WEIGHT DECREASED,HEPATIC ENZYME INCREASED,False,True,False,suspect,True,IDIOPATHIC PULMONARY FIBROSIS,True,2020-12-15,2020-12-17,2.0,True,False,False,False,False,False,False,False,False
nintedanib,18664768,4,20201225,20220226,2020,DE,DE,1,male,48.0,48.0,801,DEPRESSION|DIARRHOEA|FATIGUE|GAMMA-GLUTAMYLTRANSFERASE INCREASED|HEPATIC ENZYME INCREASED|INFLUENZA LIKE ILLNESS|NAUSEA|NEUTROPHIL COUNT DECREASED|PNEUMONIA|VERTIGO|VOMITING|WHITE BLOOD CELL COUNT DECREASED,GAMMA-GLUTAMYLTRANSFERASE INCREASED|HEPATIC ENZYME INCREASED,False,True,False,suspect,True,LUNG ADENOCARCINOMA,False,2019-07-13,2019-07-14,1.0,True,False,True,False,True,False,False,False,True
nintedanib,18689792,2,20201231,20210107,2020,FR,FR,5,female,62.0,62.0,801,ABDOMINAL PAIN UPPER|HEPATOCELLULAR INJURY|LIVER FUNCTION TEST ABNORMAL|NAUSEA|VOMITING|YELLOW SKIN,HEPATOCELLULAR INJURY|LIVER FUNCTION TEST ABNORMAL,True,True,False,suspect,True,IDIOPATHIC PULMONARY FIBROSIS,True,2020-10-21,2020-10-24,3.0,True,False,True,False,True,False,False,False,False
nintedanib,18701959,7,20210105,20211218,2021,DE,DE,1,male,71.0,71.0,801,BODY TEMPERATURE INCREASED|COUGH|ERYTHEMA|HEADACHE|HEPATOTOXICITY|PNEUMONIA,HEPATOTOXICITY,True,True,False,suspect,True,NON-SMALL CELL LUNG CANCER,False,2020-12-28,2020-12-30,2.0,True,False,True,False,True,False,False,False,False
nintedanib,18706761,2,20210106,20210111,2021,ES,ES,,unknown,88.0,88.0,801,COAGULOPATHY|DIARRHOEA|HEPATOTOXICITY|HYPERBILIRUBINAEMIA|JAUNDICE,HEPATOTOXICITY|HYPERBILIRUBINAEMIA|JAUNDICE,True,True,False,suspect,True,IDIOPATHIC PULMONARY FIBROSIS,True,,,,False,False,True,False,True,False,False,False,False
nintedanib,18711789,2,20210107,20210510,2021,JP,JP,1,male,61.0,61.0,801,ARTHRALGIA|DIARRHOEA|LIVER DISORDER,LIVER DISORDER,False,True,False,suspect,True,IDIOPATHIC PULMONARY FIBROSIS,True,2018-07-06,2018-07-09,3.0,True,False,False,False,False,False,False,False,False
nintedanib,18733417,4,20210112,20210820,2021,US,US,5,female,71.0,71.0,801,ABDOMINAL DISCOMFORT|ASTHENIA|CHOKING|CHROMATURIA|DECREASED APPETITE|DIARRHOEA|DYSGEUSIA|DYSPNOEA|FATIGUE|FEELING ABNORMAL|HEART RATE INCREASED|HEPATIC ENZYME INCREASED|NAUSEA|OXYGEN CONSUMPTION INCREASED|PRODUCTIVE COUGH|PSYCHIATRIC SYMPTOM|RENAL DISORDER|TASTE DISORDER|VOMITING,HEPATIC ENZYME INCREASED,False,True,False,suspect,True,IDIOPATHIC PULMONARY FIBROSIS|INTERSTITIAL LUNG DISEASE,True,2020-11-17,,,False,False,False,False,False,False,False,False,False
nintedanib,18744639,1,20210115,20210115,2021,FR,FR,1,male,72.0,72.0,801,ACUTE CORONARY SYNDROME|HEPATOCELLULAR INJURY,HEPATOCELLULAR INJURY,True,True,False,suspect,True,PRODUCT USED FOR UNKNOWN INDICATION,False,,,,False,False,True,False,False,False,False,False,True
nintedanib,18751635,1,20210118,20210118,2021,US,US,5,female,,,,HEPATIC FAILURE,HEPATIC FAILURE,True,True,False,suspect,True,IDIOPATHIC PULMONARY FIBROSIS,True,,,,False,False,True,False,False,False,False,False,True
nintedanib,18752960,2,20210118,20210216,2021,JP,JP,2,female,60.0,60.0,801,HEPATIC FUNCTION ABNORMAL|RIGHT VENTRICULAR FAILURE,HEPATIC FUNCTION ABNORMAL,False,True,False,suspect,True,SYSTEMIC SCLERODERMA,False,2020-09-10,2020-09-11,1.0,True,False,True,False,True,False,False,False,True
nintedanib,18763104,2,20210120,20210222,2021,BE,BE,1,unknown,,,,DIARRHOEA|HEPATOTOXICITY,HEPATOTOXICITY,True,True,False,suspect,True,IDIOPATHIC PULMONARY FIBROSIS,True,,2020-08-27,,False,False,True,False,False,False,False,False,True
nintedanib,18777043,15,20210122,20220519,2021,US,US,5,female,47.0,47.0,801,ABDOMINAL PAIN|ABDOMINAL PAIN UPPER|ANOSMIA|ASTHENIA|BACK PAIN|BLOOD POTASSIUM DECREASED|BLOOD SODIUM DECREASED|CHEST DISCOMFORT|CHROMATURIA|COUGH|COVID-19|DIARRHOEA|DIZZINESS|DYSPNOEA|EPISTAXIS|FAECES DISCOLOURED|FATIGUE|FLUID RETENTION|JAUNDICE|LIP DISCOLOURATION|MALAISE|MUSCLE TIGHTNESS|PERIPHERAL SWELLING|PNEUMONIA|PRODUCTIVE COUGH|PULMONARY ARTERIAL HYPERTENSION|SWOLLEN TONGUE,JAUNDICE,False,True,False,suspect,True,IDIOPATHIC PULMONARY FIBROSIS|INTERSTITIAL LUNG DISEASE,True,2020-09-11,2020-01-01,-254.0,False,False,True,False,True,False,False,False,True
nintedanib,18779163,3,20210125,20210616,2021,US,US,5,male,88.0,88.0,801,DIARRHOEA|GALLBLADDER DISORDER|HEPATIC ENZYME INCREASED|SKIN DISCOLOURATION,HEPATIC ENZYME INCREASED,False,True,False,suspect,True,PRODUCT USED FOR UNKNOWN INDICATION,False,2019-12-02,2020-12-11,375.0,False,False,False,False,False,False,False,False,False
nintedanib,18786119,2,20210126,20210209,2021,US,US,2,female,75.0,75.0,801,ABDOMINAL DISCOMFORT|BOWEL MOVEMENT IRREGULARITY|DEFAECATION URGENCY|DIARRHOEA|EXTRA DOSE ADMINISTERED|HEPATIC ENZYME INCREASED,HEPATIC ENZYME INCREASED,False,True,False,suspect,True,PULMONARY FIBROSIS,True,2019-01-01,,,False,False,False,False,False,False,False,False,False
nintedanib,18810286,1,20210129,20210129,2021,FR,FR,1,female,76.0,76.0,801,DIARRHOEA|HEADACHE|MIXED LIVER INJURY|VOMITING,MIXED LIVER INJURY,True,True,False,suspect,True,PULMONARY FIBROSIS,True,2020-12-15,,,False,False,True,False,True,False,False,False,False
nintedanib,18832558,4,20210203,20210803,2021,US,US,5,male,70.0,70.0,801,CHEST PAIN|DIARRHOEA|DIZZINESS|DYSPNOEA|GASTROOESOPHAGEAL REFLUX DISEASE|HEPATIC ENZYME INCREASED|INFLUENZA LIKE ILLNESS|MUSCULOSKELETAL CHEST PAIN|NAUSEA|PAIN,HEPATIC ENZYME INCREASED,False,True,False,suspect,True,IDIOPATHIC PULMONARY FIBROSIS,True,2021-01-18,,,False,False,False,False,False,False,False,False,False
nintedanib,18842732,2,20210203,20210509,2021,CA,CA,5,female,70.0,70.0,801,ABDOMINAL DISCOMFORT|ABDOMINAL PAIN UPPER|CONSTIPATION|DIARRHOEA|HAEMATEMESIS|HYPOXIA|LIVER DISORDER|NAUSEA|OESOPHAGITIS|VERTIGO|VOMITING,LIVER DISORDER,False,True,False,suspect,True,IDIOPATHIC PULMONARY FIBROSIS,True,2020-08-21,,,False,False,True,False,False,False,False,False,True
nintedanib,18868054,1,20210209,20210209,2021,GB,GB,2,male,63.0,63.0,801,LIVER FUNCTION TEST INCREASED,LIVER FUNCTION TEST INCREASED,False,True,False,suspect,True,IDIOPATHIC PULMONARY FIBROSIS,True,,2021-01-21,,False,False,True,False,False,False,False,False,True
nintedanib,18875825,11,20210210,20221021,2021,US,US,5,female,60.0,60.0,801,ABNORMAL LOSS OF WEIGHT|BACK PAIN|DECREASED APPETITE|DIARRHOEA|ERYTHEMA|FALL|HEADACHE|HEPATIC ENZYME INCREASED|LIP ERYTHEMA|MUSCLE STRAIN|NAUSEA|NEPHROLITHIASIS|PALLOR|RETCHING|SKIN DISCOLOURATION|SPUTUM DISCOLOURED|TASTE DISORDER,HEPATIC ENZYME INCREASED,False,True,False,suspect,True,IDIOPATHIC PULMONARY FIBROSIS|INTERSTITIAL LUNG DISEASE|SYSTEMIC SCLERODERMA|SYSTEMIC SCLEROSIS PULMONARY,True,2020-11-14,2021-01-01,48.0,True,False,True,False,True,False,False,False,False
nintedanib,18883784,1,20210212,20210212,2021,US,US,5,female,,,,LIVER FUNCTION TEST INCREASED,LIVER FUNCTION TEST INCREASED,False,True,False,suspect,True,PRODUCT USED FOR UNKNOWN INDICATION,False,,,,False,False,True,False,True,False,False,False,False
nintedanib,18893216,17,20210215,20210910,2021,US,US,5,male,70.0,70.0,801,ABDOMINAL PAIN UPPER|ASTHENIA|DECREASED APPETITE|DEHYDRATION|DIARRHOEA|FAECES DISCOLOURED|FATIGUE|FEEDING DISORDER|FLATULENCE|HAEMATOCHEZIA|HAEMORRHOIDS|HEART RATE DECREASED|HEPATITIS C|LIVER FUNCTION TEST ABNORMAL|LIVER FUNCTION TEST INCREASED|LUNG DISORDER|MUSCLE SPASMS|NAUSEA|OBSTRUCTION|OEDEMA|OROPHARYNGEAL PAIN|PERIPHERAL VASCULAR DISORDER|SLEEP APNOEA SYNDROME|SNORING|STENT PLACEMENT|THROMBOSIS|UPPER RESPIRATORY TRACT INFECTION|VOMITING|WEIGHT DECREASED|WEIGHT INCREASED,LIVER FUNCTION TEST ABNORMAL|LIVER FUNCTION TEST INCREASED,False,True,False,suspect,True,IDIOPATHIC PULMONARY FIBROSIS,True,2021-01-14,,,False,False,True,False,False,False,False,False,True
nintedanib,18901425,1,20210216,20210216,2021,US,US,5,male,72.0,72.0,801,ABDOMINAL PAIN LOWER|ABDOMINAL PAIN UPPER|BLOOD ALKALINE PHOSPHATASE INCREASED|FLATULENCE|GASTROINTESTINAL SOUNDS ABNORMAL,BLOOD ALKALINE PHOSPHATASE INCREASED,False,True,False,suspect,True,IDIOPATHIC PULMONARY FIBROSIS,True,2021-01-20,2021-01-30,10.0,True,False,False,False,False,False,False,False,False
nintedanib,18901974,1,20210216,20210216,2021,US,US,5,male,85.0,85.0,801,BLINDNESS|DIARRHOEA|DYSPNOEA|DYSPNOEA EXERTIONAL|FATIGUE|HYPERHIDROSIS|LIVER DISORDER|LIVER FUNCTION TEST ABNORMAL|PRURITUS|SURGERY|VISUAL IMPAIRMENT,LIVER DISORDER|LIVER FUNCTION TEST ABNORMAL,False,True,False,suspect,True,IDIOPATHIC PULMONARY FIBROSIS,True,2020-03-11,,,False,False,True,False,True,False,False,False,True
nintedanib,18902154,2,20210216,20210311,2021,US,US,5,male,88.0,88.0,801,ABDOMINAL DISCOMFORT|ABDOMINAL DISTENSION|ABDOMINAL PAIN UPPER|BLOOD PRESSURE INCREASED|BRADYCARDIA|CYANOSIS|DIARRHOEA|DIZZINESS|ERUCTATION|FAECES SOFT|FALL|FLATULENCE|HAEMORRHAGE|HEART RATE DECREASED|HEPATIC ENZYME INCREASED|HEPATIC FAILURE|LAGOPHTHALMOS|LIVER INJURY|LOSS OF CONSCIOUSNESS|MALAISE|MUSCULOSKELETAL CHEST PAIN|OEDEMA PERIPHERAL|OROPHARYNGEAL PAIN|OXYGEN SATURATION ABNORMAL|PANCREATITIS|RESPIRATORY ARREST|RHINORRHOEA|SYNCOPE,HEPATIC ENZYME INCREASED|HEPATIC FAILURE,True,True,False,suspect,True,IDIOPATHIC PULMONARY FIBROSIS,True,2020-11-26,2020-12-05,9.0,True,False,True,False,True,False,False,False,True
nintedanib,18905776,3,20210217,20211217,2021,US,US,5,female,76.0,76.0,801,ABDOMINAL DISCOMFORT|ARTHRALGIA|DIARRHOEA|DYSPNOEA|FATIGUE|FEELING COLD|HAEMATOCHEZIA|INCORRECT DOSAGE ADMINISTERED|INFLUENZA|INTERSTITIAL LUNG DISEASE|LIVER FUNCTION TEST INCREASED|NAUSEA|PNEUMONIA|RECTAL HAEMORRHAGE|RHEUMATOID LUNG|SHOULDER ARTHROPLASTY|THROMBOSIS|VOMITING,LIVER FUNCTION TEST INCREASED,False,True,False,suspect,True,IDIOPATHIC PULMONARY FIBROSIS,True,2019-01-15,2020-03-01,411.0,False,False,True,False,True,False,False,False,True
nintedanib,18906841,9,20210217,20210705,2021,US,US,5,unknown,67.0,67.0,801,ABDOMINAL PAIN UPPER|ASTHENIA|CHEST DISCOMFORT|CONSTIPATION|DECREASED APPETITE|DEPRESSED MOOD|DEPRESSION|DIARRHOEA|DIVERTICULITIS|DYSGEUSIA|ENZYME LEVEL INCREASED|FATIGUE|GASTRIC INFECTION|GASTROOESOPHAGEAL REFLUX DISEASE|HEADACHE|HEPATIC ENZYME INCREASED|ILLNESS|NASAL CONGESTION|NAUSEA|PAIN|RESPIRATORY TRACT INFECTION|VOMITING|WEIGHT DECREASED,HEPATIC ENZYME INCREASED,False,True,False,suspect,True,IDIOPATHIC PULMONARY FIBROSIS,True,2021-01-25,2021-01-22,-3.0,False,False,False,False,False,False,False,False,False
nintedanib,18928420,7,20210223,20210424,2021,PL,PL,3,male,58.0,58.0,801,ABDOMINAL PAIN|ASTHENIA|BLOOD CREATININE INCREASED|BLOOD PRESSURE INCREASED|DECREASED APPETITE|DISEASE PROGRESSION|GENERAL PHYSICAL HEALTH DETERIORATION|MALAISE|NAUSEA|NEPHROPATHY TOXIC|NEUTROPENIA|PULMONARY EMBOLISM|THROMBOCYTOPENIA|TRANSAMINASES INCREASED|UPPER RESPIRATORY TRACT INFECTION,TRANSAMINASES INCREASED,False,True,False,suspect,True,CHEMOTHERAPY|LUNG ADENOCARCINOMA|LUNG ADENOCARCINOMA STAGE IV|LUNG CARCINOMA CELL TYPE UNSPECIFIED STAGE IV|METASTASES TO BONE,False,,,,False,False,True,False,False,False,False,False,True
nintedanib,18945607,1,20210226,20210226,2021,BE,BE,1,unknown,,,,HEPATOTOXICITY,HEPATOTOXICITY,True,True,False,suspect,True,PRODUCT USED FOR UNKNOWN INDICATION,False,,2020-06-04,,False,False,True,False,False,False,False,False,True
nintedanib,18951226,8,20210228,20210914,2021,US,US,5,male,82.0,82.0,801,ABDOMINAL DISCOMFORT|CONSTIPATION|DECREASED APPETITE|DIARRHOEA|DYSPHONIA|ERUCTATION|FLATULENCE|GLYCOSYLATED HAEMOGLOBIN INCREASED|HEPATIC ENZYME INCREASED|LIVER FUNCTION TEST INCREASED|NAUSEA|SLEEP APNOEA SYNDROME|VOMITING|WEIGHT DECREASED,HEPATIC ENZYME INCREASED|LIVER FUNCTION TEST INCREASED,False,True,False,suspect,True,INTERSTITIAL LUNG DISEASE,True,2021-02-23,2021-02-23,0.0,True,False,False,False,False,False,False,False,False
nintedanib,18953868,3,20210301,20221019,2021,US,US,5,female,77.0,77.0,801,ABDOMINAL DISCOMFORT|ABDOMINAL PAIN UPPER|DECREASED APPETITE|DIARRHOEA|EPISTAXIS|FAECES SOFT|HEADACHE|HEPATIC ENZYME INCREASED|HYPERKERATOSIS|NAUSEA|OSTEOMYELITIS|SURGERY|ULCER|WEIGHT DECREASED,HEPATIC ENZYME INCREASED,False,True,False,suspect,True,IDIOPATHIC PULMONARY FIBROSIS|PULMONARY FIBROSIS,True,2021-02-01,2021-02-01,0.0,True,False,True,False,False,False,False,False,True
nintedanib,18961460,3,20210302,20210319,2021,FR,FR,1,male,70.0,70.0,801,DISEASE PROGRESSION|HEPATOCELLULAR INJURY|JAUNDICE CHOLESTATIC,HEPATOCELLULAR INJURY,True,True,False,suspect,True,PRODUCT USED FOR UNKNOWN INDICATION,False,2021-02-17,2021-02-17,0.0,True,False,True,True,True,False,False,False,False
nintedanib,18965984,5,20210303,20220216,2021,US,US,5,female,68.0,68.0,801,ABDOMINAL DISCOMFORT|ABDOMINAL PAIN|ABNORMAL DREAMS|CHOLELITHIASIS|CONSTIPATION|DIARRHOEA|FATIGUE|FEELING ABNORMAL|FLATULENCE|GASTRIC MUCOSAL HYPERTROPHY|GASTROINTESTINAL SOUNDS ABNORMAL|HEADACHE|HEPATIC ENZYME INCREASED|HYPOPHAGIA|LIVER DISORDER|MALAISE|NASOPHARYNGITIS|NAUSEA|SINUSITIS|VOMITING,HEPATIC ENZYME INCREASED|LIVER DISORDER,False,True,False,suspect,True,IDIOPATHIC PULMONARY FIBROSIS|INTERSTITIAL LUNG DISEASE,True,2020-10-16,2020-10-01,-15.0,False,False,True,False,True,False,False,False,True
nintedanib,18969031,1,20210304,20210304,2021,BE,BE,1,unknown,,,,DIARRHOEA|HEPATOTOXICITY,HEPATOTOXICITY,True,True,False,suspect,True,IDIOPATHIC PULMONARY FIBROSIS,True,,2020-08-27,,False,False,True,False,False,False,False,False,True
nintedanib,18974847,1,20210305,20210305,2021,CN,CN,3,female,33.0,33.0,801,DIARRHOEA|HEPATIC FAILURE,HEPATIC FAILURE,True,True,False,suspect,True,INTERSTITIAL LUNG DISEASE|MYOPATHY,True,,,,False,False,True,False,False,False,False,False,True
nintedanib,18974855,1,20210305,20210305,2021,CN,CN,3,female,54.0,54.0,801,HEPATIC FAILURE,HEPATIC FAILURE,True,True,False,suspect,True,INTERSTITIAL LUNG DISEASE|MYOPATHY,True,,,,False,False,True,False,False,False,False,False,True
nintedanib,18975538,1,20210305,20210305,2021,US,US,5,unknown,,,,LIVER DISORDER,LIVER DISORDER,False,True,False,suspect,True,PRODUCT USED FOR UNKNOWN INDICATION,False,,,,False,False,False,False,False,False,False,False,False
nintedanib,18975660,1,20210305,20210305,2021,CN,CN,3,female,69.0,69.0,801,DECREASED APPETITE|DIARRHOEA|HEPATIC FAILURE,HEPATIC FAILURE,True,True,False,suspect,True,INTERSTITIAL LUNG DISEASE|MYOPATHY,True,,,,False,False,True,False,False,False,False,False,True
nintedanib,18979500,4,20210308,20210420,2021,JP,JP,2,male,82.0,82.0,801,DIARRHOEA|DYSPNOEA EXERTIONAL|HEPATIC FUNCTION ABNORMAL,HEPATIC FUNCTION ABNORMAL,False,True,False,suspect,True,IDIOPATHIC PULMONARY FIBROSIS,True,2019-09-17,2019-10-04,17.0,True,False,True,False,True,False,False,False,True
nintedanib,18988056,1,20210309,20210309,2021,SI,SI,1,male,70.0,70.0,801,ALANINE AMINOTRANSFERASE INCREASED|CEREBROVASCULAR ACCIDENT|CHEST PAIN|DYSPNOEA|ENTEROCOLITIS|HYPERTENSION|PROSTATIC ADENOMA,ALANINE AMINOTRANSFERASE INCREASED,False,True,False,suspect,True,IDIOPATHIC PULMONARY FIBROSIS,True,2017-04-11,2017-05-10,29.0,True,False,True,False,True,False,False,False,True
nintedanib,18994004,2,20210311,20240614,2021,PL,PL,3,male,58.0,58.0,801,ABDOMINAL PAIN|ASTHENIA|DECREASED APPETITE|DISEASE PROGRESSION|MALAISE|NAUSEA|NEPHROPATHY TOXIC|NEUTROPENIA|PULMONARY EMBOLISM|THROMBOCYTOPENIA|TRANSAMINASES INCREASED|UPPER RESPIRATORY TRACT INFECTION,TRANSAMINASES INCREASED,False,True,False,suspect,True,LUNG CARCINOMA CELL TYPE UNSPECIFIED STAGE IV,False,,,,False,False,True,False,False,False,False,False,True
nintedanib,18996516,1,20210311,20210311,2021,PL,PL,1,female,77.0,77.0,801,CHEST PAIN|DEPRESSION|DIARRHOEA|DYSPNOEA EXERTIONAL|GENERAL PHYSICAL HEALTH DETERIORATION|HEPATIC FUNCTION ABNORMAL,HEPATIC FUNCTION ABNORMAL,False,True,False,suspect,True,PRODUCT USED FOR UNKNOWN INDICATION,False,,,,False,False,True,False,False,False,False,False,True
nintedanib,18997905,1,20210311,20210311,2021,PL,PL,1,female,65.0,65.0,801,ADENOCARCINOMA|ALANINE AMINOTRANSFERASE INCREASED|ASPARTATE AMINOTRANSFERASE INCREASED|CATHETER SITE INFECTION|DIARRHOEA|METASTASES TO ADRENALS,ALANINE AMINOTRANSFERASE INCREASED|ASPARTATE AMINOTRANSFERASE INCREASED,False,True,False,concomitant,True,LUNG ADENOCARCINOMA,False,,,,False,False,True,False,False,False,False,False,True
nintedanib,18998803,1,20210312,20210312,2021,ES,ES,2,female,81.0,81.0,801,HEPATOCELLULAR INJURY,HEPATOCELLULAR INJURY,True,True,False,suspect,True,IDIOPATHIC PULMONARY FIBROSIS,True,2020-07-13,2020-08-05,23.0,True,False,True,False,False,False,False,False,True
nintedanib,19008105,2,20210315,20210614,2021,US,US,2,female,18.0,18.0,801,INTENTIONAL PRODUCT USE ISSUE|LIVER FUNCTION TEST INCREASED,LIVER FUNCTION TEST INCREASED,False,True,False,suspect,True,PRODUCT USED FOR UNKNOWN INDICATION,False,,,,False,False,False,False,False,False,False,False,False
nintedanib,19015852,4,20210316,20210422,2021,PL,PL,3,female,68.0,68.0,801,BLOOD CREATININE INCREASED|DISEASE PROGRESSION|DRUG INEFFECTIVE|NEUTROPENIA|PARAESTHESIA|TRANSAMINASES INCREASED,TRANSAMINASES INCREASED,False,True,False,suspect,True,DISEASE PROGRESSION|LUNG ADENOCARCINOMA|LUNG ADENOCARCINOMA STAGE IV,False,2018-12-21,,,False,False,True,False,False,False,True,False,True
nintedanib,19018018,1,20210316,20210316,2021,US,US,2,male,87.0,87.0,801,LIVER FUNCTION TEST INCREASED,LIVER FUNCTION TEST INCREASED,False,True,False,suspect,True,IDIOPATHIC PULMONARY FIBROSIS,True,2019-02-05,2021-03-15,769.0,False,False,True,True,False,False,False,False,False
nintedanib,19020209,18,20210317,20221026,2021,ES,ES,5,male,79.0,79.0,801,ABDOMINAL PAIN|ANXIETY|ASTHENIA|BACK PAIN|BLOOD PRESSURE FLUCTUATION|COUGH|COVID-19|DIARRHOEA|DYSPNOEA|FATIGUE|HAEMATOCHEZIA|HAEMOPTYSIS|HEPATITIS|HYPERTENSION|IDIOPATHIC PULMONARY FIBROSIS|LOSS OF CONSCIOUSNESS|PANCREATITIS|RESPIRATORY TRACT INFECTION|SPUTUM DISCOLOURED,HEPATITIS,False,True,False,suspect,True,IDIOPATHIC PULMONARY FIBROSIS,True,2017-03-30,2021-02-01,1404.0,False,False,True,False,True,False,True,False,True
nintedanib,19029926,2,20210318,20210323,2021,PL,PL,3,female,65.0,65.0,801,ADENOCARCINOMA|ALANINE AMINOTRANSFERASE INCREASED|APPLICATION SITE INFECTION|ASPARTATE AMINOTRANSFERASE INCREASED|BACTERIAL INFECTION|CATHETER SITE INFECTION|DIARRHOEA|METASTASES TO ADRENALS|TRANSAMINASES INCREASED,ALANINE AMINOTRANSFERASE INCREASED|ASPARTATE AMINOTRANSFERASE INCREASED|TRANSAMINASES INCREASED,False,True,False,concomitant,True,LUNG ADENOCARCINOMA STAGE III,False,,,,False,False,True,False,False,False,False,False,True
nintedanib,19034604,1,20210319,20210319,2021,IT,IT,1,male,83.0,83.0,801,HEPATOTOXICITY,HEPATOTOXICITY,True,True,False,suspect,True,IDIOPATHIC PULMONARY FIBROSIS,True,2020-09-24,2020-11-26,63.0,True,False,True,False,False,False,False,False,True
nintedanib,19040718,2,20210322,20210701,2021,DE,DE,5,female,62.0,62.0,801,DIARRHOEA|EMBOLISM ARTERIAL|EMBOLISM VENOUS|EPISTAXIS|HAEMORRHAGE|HEPATIC ENZYME INCREASED|MALIGNANT NEOPLASM PROGRESSION|NAUSEA|NEUROPATHY PERIPHERAL|NEUTROPENIA|SEIZURE|VOMITING,HEPATIC ENZYME INCREASED,False,True,False,suspect,True,PALLIATIVE CARE,False,,,,False,False,True,False,False,False,False,False,True
nintedanib,19048783,3,20210323,20210505,2021,US,US,5,male,74.0,74.0,801,ADVERSE DRUG REACTION|COUGH|DIARRHOEA|DRY EYE|FATIGUE|FEELING ABNORMAL|HEPATIC ENZYME INCREASED|INCREASED TENDENCY TO BRUISE|LUNG NEOPLASM|LUNG NEOPLASM MALIGNANT|MEMORY IMPAIRMENT|OXYGEN SATURATION DECREASED|PULMONARY MASS|RESTRICTIVE PULMONARY DISEASE|SJOGREN^S SYNDROME,HEPATIC ENZYME INCREASED,False,True,False,suspect,True,IDIOPATHIC PULMONARY FIBROSIS,True,2016-01-28,2016-01-29,1.0,True,False,True,False,False,False,False,False,True
nintedanib,19052114,2,20210324,20210520,2021,US,US,5,male,72.0,72.0,801,DIARRHOEA|ERUCTATION|FLATULENCE|HEPATIC ENZYME INCREASED,HEPATIC ENZYME INCREASED,False,True,False,suspect,True,PULMONARY FIBROSIS,True,,,,False,False,False,False,False,False,False,False,False
nintedanib,19061416,6,20210325,20210623,2021,CA,CA,5,male,80.0,80.0,801,ASTHENIA|CONSTIPATION|DECREASED APPETITE|DIARRHOEA|DRY MOUTH|DYSPNOEA|HEPATIC ENZYME INCREASED|PRODUCTIVE COUGH|VOMITING,HEPATIC ENZYME INCREASED,False,True,False,suspect,True,IDIOPATHIC PULMONARY FIBROSIS|PRODUCT USED FOR UNKNOWN INDICATION,True,2021-03-05,2021-03-16,11.0,True,False,True,False,True,False,False,False,False
nintedanib,19071049,6,20210330,20210929,2021,US,US,5,female,76.0,76.0,801,ABDOMINAL DISCOMFORT|ALANINE AMINOTRANSFERASE INCREASED|ASPARTATE AMINOTRANSFERASE INCREASED|DIARRHOEA|INTENTIONAL DOSE OMISSION|PRODUCT USE ISSUE|TASTE DISORDER|UPPER LIMB FRACTURE,ALANINE AMINOTRANSFERASE INCREASED|ASPARTATE AMINOTRANSFERASE INCREASED,False,True,False,suspect,True,IDIOPATHIC PULMONARY FIBROSIS,True,2021-02-04,,,False,False,True,False,True,False,False,False,False
nintedanib,19075010,6,20210331,20210820,2021,US,US,5,male,70.0,70.0,801,COGNITIVE DISORDER|CONSTIPATION|COUGH|DEPRESSION|DIARRHOEA|DYSPEPSIA|ERUCTATION|FATIGUE|FLATULENCE|GLYCOSYLATED HAEMOGLOBIN INCREASED|HEPATIC ENZYME INCREASED|MUSCLE SPASMS|NAUSEA|PRODUCTIVE COUGH|PYREXIA|THIRST|VOMITING,HEPATIC ENZYME INCREASED,False,True,False,suspect,True,IDIOPATHIC PULMONARY FIBROSIS,True,2020-12-31,2020-12-31,0.0,True,False,False,False,False,False,False,False,False
nintedanib,19075594,6,20210330,20211028,2021,US,US,5,female,64.0,64.0,801,ABDOMINAL PAIN UPPER|BLOOD POTASSIUM ABNORMAL|BLOOD PRESSURE ABNORMAL|BODY DYSMORPHIC DISORDER|BOWEL MOVEMENT IRREGULARITY|BRONCHITIS|CONSTIPATION|COUGH|DECREASED APPETITE|DELIRIUM|DIARRHOEA|DISEASE PROGRESSION|DRY MOUTH|DYSPNOEA|ERUCTATION|EUPHORIC MOOD|FLATULENCE|GAIT DISTURBANCE|HAEMORRHOIDS|HEPATIC ENZYME INCREASED|HYPERHIDROSIS|INCONTINENCE|KIDNEY INFECTION|MUSCLE SPASMS|NAUSEA|PSYCHOTIC DISORDER|RECTAL HAEMORRHAGE|RENAL DISORDER|RHEUMATOID ARTHRITIS|SWELLING|TOOTH INJURY|TREMOR|URINARY TRACT INFECTION|VOMITING,HEPATIC ENZYME INCREASED,False,True,False,suspect,True,IDIOPATHIC PULMONARY FIBROSIS|INTERSTITIAL LUNG DISEASE,True,2020-06-01,2020-01-01,-152.0,False,False,True,False,False,False,False,False,True
nintedanib,19080388,1,20210401,20210401,2021,US,US,5,female,77.0,77.0,801,DIARRHOEA|GASTRIC DISORDER|HEPATIC ENZYME INCREASED,HEPATIC ENZYME INCREASED,False,True,False,suspect,True,PULMONARY FIBROSIS,True,2021-03-01,,,False,False,False,False,False,False,False,False,False
nintedanib,19081335,2,20210331,20210712,2021,DE,DE,1,female,62.0,62.0,801,DIARRHOEA|EMBOLISM ARTERIAL|EMBOLISM VENOUS|EPISTAXIS|HAEMORRHAGE|HEPATIC ENZYME INCREASED|MALIGNANT NEOPLASM PROGRESSION|NAUSEA|NEUROPATHY PERIPHERAL|NEUTROPENIA|OFF LABEL USE|SEIZURE|VOMITING,HEPATIC ENZYME INCREASED,False,True,False,suspect,True,PALLIATIVE CARE,False,,,,False,False,True,False,False,False,False,False,True
nintedanib,19082695,1,20210401,20210401,2021,US,US,5,female,72.0,72.0,801,DECREASED APPETITE|DIARRHOEA|EYE PAIN|HEADACHE|HYPERTENSION|LIVER DISORDER|OROPHARYNGEAL DISCOMFORT|THROAT CLEARING,LIVER DISORDER,False,True,False,suspect,True,IDIOPATHIC PULMONARY FIBROSIS,True,2020-07-07,,,False,False,False,False,False,False,False,False,False
nintedanib,19086213,2,20210402,20210910,2021,US,US,5,male,76.0,76.0,801,ASTHENIA|CARDIAC FAILURE CONGESTIVE|CORONARY ARTERY DISEASE|COVID-19|DIARRHOEA|GAIT DISTURBANCE|HEPATIC ENZYME INCREASED|LIMB INJURY|PNEUMONIA|PULMONARY FUNCTION TEST DECREASED|VASCULAR GRAFT,HEPATIC ENZYME INCREASED,False,True,False,suspect,True,IDIOPATHIC PULMONARY FIBROSIS,True,2018-03-04,,,False,False,True,False,True,False,False,False,True
nintedanib,19086363,2,20210402,20210405,2021,JP,JP,2,female,79.0,79.0,801,LIVER DISORDER,LIVER DISORDER,False,True,False,suspect,True,IDIOPATHIC PULMONARY FIBROSIS,True,2020-07-07,2020-08-03,27.0,True,False,True,False,False,False,False,False,True
nintedanib,19088128,2,20210402,20210716,2021,DE,DE,3,female,62.0,62.0,801,DIARRHOEA|EMBOLISM ARTERIAL|EMBOLISM VENOUS|EPISTAXIS|HAEMORRHAGE|HEPATIC ENZYME INCREASED|MALIGNANT NEOPLASM PROGRESSION|NAUSEA|NEUROPATHY PERIPHERAL|NEUTROPENIA|SEIZURE|VOMITING,HEPATIC ENZYME INCREASED,False,True,False,suspect,True,PALLIATIVE CARE,False,,,,False,False,True,False,False,False,False,False,True
nintedanib,19096171,6,20210406,20210707,2021,US,US,5,female,61.0,61.0,801,ABDOMINAL PAIN|ABDOMINAL PAIN UPPER|BLOOD PRESSURE INCREASED|CONSTIPATION|DIARRHOEA|FREQUENT BOWEL MOVEMENTS|HEPATIC ENZYME ABNORMAL|LIVER FUNCTION TEST INCREASED|WEIGHT DECREASED,LIVER FUNCTION TEST INCREASED,False,True,False,suspect,True,PULMONARY FIBROSIS,True,2021-03-05,,,False,False,False,False,False,False,False,False,False
nintedanib,19110772,1,20210409,20210409,2021,US,US,5,male,83.0,83.0,801,CHROMATURIA|HEPATOTOXICITY,HEPATOTOXICITY,True,True,False,suspect,True,PRODUCT USED FOR UNKNOWN INDICATION,False,,,,False,False,False,False,False,False,False,False,False
nintedanib,19113828,14,20210408,20221117,2021,DE,DE,1,female,61.0,61.0,801,CONSTIPATION|DERMATITIS ACNEIFORM|FATIGUE|GENERAL PHYSICAL HEALTH DETERIORATION|HEPATOTOXICITY|NAUSEA|VOMITING,HEPATOTOXICITY,True,True,False,suspect,True,LUNG ADENOCARCINOMA,False,2021-03-19,2021-03-22,3.0,True,False,True,False,True,False,False,False,False
nintedanib,19117001,2,20210409,20210713,2021,NL,DE,3,female,62.0,62.0,801,DIARRHOEA|EMBOLISM ARTERIAL|EMBOLISM VENOUS|EPISTAXIS|HAEMORRHAGE|HEPATIC ENZYME INCREASED|MALIGNANT NEOPLASM PROGRESSION|NAUSEA|NEUROPATHY PERIPHERAL|NEUTROPENIA|SEIZURE|VOMITING,HEPATIC ENZYME INCREASED,False,True,False,suspect,True,PRODUCT USED FOR UNKNOWN INDICATION,False,,,,False,False,True,False,False,False,False,False,True
nintedanib,19127405,8,20210413,20210804,2021,US,US,5,female,72.0,72.0,801,ABDOMINAL DISTENSION|DIARRHOEA|FATIGUE|FLATULENCE|GASTROINTESTINAL SOUNDS ABNORMAL|HEADACHE|HEPATIC ENZYME INCREASED|HEPATIC STEATOSIS|HYPERTENSION|LIVER FUNCTION TEST INCREASED|SWELLING|VOMITING|WEIGHT DECREASED,HEPATIC ENZYME INCREASED|LIVER FUNCTION TEST INCREASED,False,True,False,suspect,True,IDIOPATHIC PULMONARY FIBROSIS|INTERSTITIAL LUNG DISEASE,True,2021-03-09,2021-03-09,0.0,True,False,False,False,False,False,False,False,False
nintedanib,19134939,6,20210414,20220214,2021,US,US,3,female,81.0,81.0,801,DRY EYE|HEPATIC ENZYME INCREASED|LIVER FUNCTION TEST INCREASED|OFF LABEL USE|PAIN|VISUAL IMPAIRMENT,HEPATIC ENZYME INCREASED|LIVER FUNCTION TEST INCREASED,False,True,False,concomitant,True,,False,,,,False,False,False,False,False,False,False,False,False
nintedanib,19157718,4,20210420,20210713,2021,US,US,5,male,81.0,81.0,801,APNOEA|BACK PAIN|DIARRHOEA|EPISTAXIS|FALL|FATIGUE|GASTROOESOPHAGEAL REFLUX DISEASE|GENERAL PHYSICAL HEALTH DETERIORATION|HEPATIC ENZYME INCREASED|JAUNDICE|LOSS OF CONSCIOUSNESS|MALAISE|NAUSEA|ORTHOSTATIC HYPOTENSION|OXYGEN CONSUMPTION INCREASED|OXYGEN SATURATION DECREASED|PLEURAL EFFUSION|PNEUMONIA|PRODUCT DOSE OMISSION ISSUE,HEPATIC ENZYME INCREASED|JAUNDICE,False,True,False,suspect,True,IDIOPATHIC PULMONARY FIBROSIS,True,2021-01-07,,,False,False,True,False,True,False,False,False,True
nintedanib,19159410,9,20210420,20210930,2021,US,US,5,female,75.0,75.0,801,ABDOMINAL DISCOMFORT|ABDOMINAL DISTENSION|APPETITE DISORDER|CHILLS|COUGH|DECREASED APPETITE|DIARRHOEA|FEEDING DISORDER|FEELING ABNORMAL|FLATULENCE|HEPATIC ENZYME INCREASED|INTENTIONAL DOSE OMISSION|LIVER FUNCTION TEST INCREASED|MUSCLE TIGHTNESS|NAUSEA|NODULE|RHINORRHOEA|STRABISMUS|THROAT TIGHTNESS|TINNITUS|VOMITING,HEPATIC ENZYME INCREASED|LIVER FUNCTION TEST INCREASED,False,True,False,suspect,True,IDIOPATHIC PULMONARY FIBROSIS|PRODUCT USED FOR UNKNOWN INDICATION,True,2021-01-06,,,False,False,False,False,False,False,False,False,False
nintedanib,19162545,9,20210420,20221107,2021,DE,DE,1,female,61.0,61.0,801,CONSTIPATION|DERMATITIS ACNEIFORM|FATIGUE|GENERAL PHYSICAL HEALTH DETERIORATION|HEPATIC ENZYME INCREASED|NAUSEA|VOMITING,HEPATIC ENZYME INCREASED,False,True,False,suspect,True,NON-SMALL CELL LUNG CANCER,False,2021-03-19,2021-03-22,3.0,True,False,True,True,True,False,False,False,True
nintedanib,19163940,4,20210421,20210514,2021,CA,CA,5,female,65.0,65.0,801,ABDOMINAL DISCOMFORT|ABDOMINAL PAIN|BLOOD SODIUM DECREASED|BRADYCARDIA|CONSTIPATION|COUGH|DIARRHOEA|DIZZINESS|DYSPEPSIA|DYSPNOEA|FATIGUE|HEPATIC ENZYME INCREASED|JAUNDICE|NAUSEA|OXYGEN SATURATION DECREASED|RASH|TACHYCARDIA,HEPATIC ENZYME INCREASED|JAUNDICE,False,True,False,suspect,True,IDIOPATHIC PULMONARY FIBROSIS,True,2020-05-14,,,False,False,True,False,False,False,False,False,True
nintedanib,19169107,2,20210422,20210913,2021,FR,FR,5,male,76.0,76.0,801,ABDOMINAL PAIN UPPER|ACNE|CARDIAC FAILURE|CONSTIPATION|DECREASED APPETITE|DIARRHOEA|LIVER FUNCTION TEST ABNORMAL|NAUSEA|SKIN LESION INFLAMMATION|TASTE DISORDER|WEIGHT DECREASED,LIVER FUNCTION TEST ABNORMAL,False,True,False,suspect,True,IDIOPATHIC PULMONARY FIBROSIS,True,2020-07-08,,,False,False,True,False,False,False,False,False,True
nintedanib,19180573,15,20210426,20221128,2021,DE,DE,1,female,61.0,61.0,801,CONSTIPATION|DERMATITIS ACNEIFORM|FATIGUE|GENERAL PHYSICAL HEALTH DETERIORATION|HEPATIC ENZYME INCREASED|HEPATOTOXICITY|NAUSEA|VOMITING,HEPATIC ENZYME INCREASED|HEPATOTOXICITY,True,True,False,suspect,True,LUNG ADENOCARCINOMA,False,2021-03-19,2021-03-22,3.0,True,False,True,False,True,False,False,False,False
nintedanib,19182567,2,20210427,20210528,2021,JP,JP,,unknown,,,,ALANINE AMINOTRANSFERASE INCREASED|ASPARTATE AMINOTRANSFERASE INCREASED|DECREASED APPETITE|DIARRHOEA|FORCED VITAL CAPACITY DECREASED|IDIOPATHIC PULMONARY FIBROSIS|WEIGHT DECREASED,ALANINE AMINOTRANSFERASE INCREASED|ASPARTATE AMINOTRANSFERASE INCREASED,False,True,False,suspect,True,IDIOPATHIC PULMONARY FIBROSIS,True,,,,False,False,True,True,False,False,False,False,True
nintedanib,19189086,5,20210428,20210609,2021,FR,FR,1,female,42.0,42.0,801,BLOOD CREATININE INCREASED|CHOLESTASIS|HEPATIC CYTOLYSIS|PYELONEPHRITIS,CHOLESTASIS,False,True,False,suspect,True,SQUAMOUS CELL CARCINOMA OF THE CERVIX,False,2021-03-18,2021-03-25,7.0,True,False,True,False,True,False,False,False,False
nintedanib,19190497,1,20210428,20210428,2021,US,US,5,male,,,,AGEUSIA|FEELING COLD|GASTROINTESTINAL PERFORATION|HEPATIC FAILURE|PLATELET DESTRUCTION INCREASED|WEIGHT DECREASED,HEPATIC FAILURE,True,True,False,suspect,True,IDIOPATHIC PULMONARY FIBROSIS,True,,,,False,False,True,False,False,False,False,False,True
nintedanib,19233013,10,20210507,20210727,2021,US,US,5,male,69.0,69.0,801,ABDOMINAL DISTENSION|AMMONIA INCREASED|DECREASED APPETITE|DEPRESSION|DIARRHOEA|DISORIENTATION|DYSPNOEA|FATIGUE|HEPATIC CIRRHOSIS|HEPATIC ENZYME INCREASED|INSOMNIA|LETHARGY|NAUSEA|OXYGEN SATURATION DECREASED|PERIPHERAL SWELLING|PNEUMONIA|PYREXIA,HEPATIC ENZYME INCREASED,False,True,False,suspect,True,IDIOPATHIC PULMONARY FIBROSIS|INTERSTITIAL LUNG DISEASE,True,2021-04-30,,,False,False,True,False,True,False,False,False,True
nintedanib,19243787,4,20210511,20210520,2021,CA,CA,5,male,74.0,74.0,801,ABDOMINAL DISCOMFORT|ABDOMINAL DISTENSION|ASCITES|CONFUSIONAL STATE|DIARRHOEA|FLATULENCE|JAUNDICE|LOCALISED OEDEMA|OEDEMA PERIPHERAL,JAUNDICE,False,True,False,suspect,True,IDIOPATHIC PULMONARY FIBROSIS,True,2019-04-18,,,False,False,True,False,False,False,False,False,True
nintedanib,19272423,2,20210518,20210616,2021,US,US,5,male,76.0,76.0,801,ABDOMINAL PAIN UPPER|DIARRHOEA|HEPATIC ENZYME INCREASED|HYPERCHLORHYDRIA|ORAL FUNGAL INFECTION,HEPATIC ENZYME INCREASED,False,True,False,suspect,True,IDIOPATHIC PULMONARY FIBROSIS,True,2020-02-03,,,False,False,False,False,False,False,False,False,False
nintedanib,19275197,1,20210519,20210519,2021,ES,ES,1,female,82.0,82.0,801,MALAISE|NAUSEA|TRANSAMINASES INCREASED|VOMITING,TRANSAMINASES INCREASED,False,True,False,suspect,True,IDIOPATHIC PULMONARY FIBROSIS,True,2021-04-30,,,False,False,True,False,True,False,False,False,False
nintedanib,19282087,4,20210520,20210901,2021,US,US,5,female,67.0,67.0,801,DIARRHOEA|FREQUENT BOWEL MOVEMENTS|LIVER FUNCTION TEST INCREASED|NAUSEA,LIVER FUNCTION TEST INCREASED,False,True,False,suspect,True,SYSTEMIC SCLEROSIS PULMONARY,True,2021-03-27,2021-05-05,39.0,True,False,False,False,False,False,False,False,False
nintedanib,19289613,2,20210521,20210601,2021,JP,JP,,unknown,,,,LIVER DISORDER,LIVER DISORDER,False,True,False,suspect,True,IDIOPATHIC PULMONARY FIBROSIS,True,,,,False,False,True,False,False,False,False,False,True
nintedanib,19291652,2,20210523,20210714,2021,TH,TH,1,female,78.0,78.0,801,DIARRHOEA|HEPATIC ENZYME INCREASED|PULMONARY HYPERTENSION,HEPATIC ENZYME INCREASED,False,True,False,suspect,True,IDIOPATHIC PULMONARY FIBROSIS,True,,,,False,False,True,False,False,False,False,False,True
nintedanib,19299761,2,20210524,20210610,2021,TH,TH,1,female,79.0,79.0,801,DIARRHOEA|DISEASE PROGRESSION|FATIGUE|HEPATIC ENZYME INCREASED|HEPATIC STEATOSIS|PULMONARY HYPERTENSION,HEPATIC ENZYME INCREASED,False,True,False,suspect,True,INTERSTITIAL LUNG DISEASE,True,,,,False,False,True,False,True,False,False,False,True
nintedanib,19321598,1,20210528,20210528,2021,US,US,5,unknown,,,,LIVER DISORDER,LIVER DISORDER,False,True,False,suspect,True,PRODUCT USED FOR UNKNOWN INDICATION,False,,,,False,False,False,False,False,False,False,False,False
nintedanib,19351336,2,20210531,20210701,2021,US,US,5,female,87.0,87.0,801,ASTHENIA|BRAIN HYPOXIA|DIARRHOEA|DYSPNOEA|HEADACHE|HEPATIC ENZYME INCREASED|LIVER FUNCTION TEST INCREASED|VOMITING,HEPATIC ENZYME INCREASED|LIVER FUNCTION TEST INCREASED,False,True,False,suspect,True,IDIOPATHIC PULMONARY FIBROSIS|INTERSTITIAL LUNG DISEASE,True,2020-09-01,2020-11-15,75.0,True,False,True,False,False,False,False,False,True
nintedanib,19355903,3,20210602,20210630,2021,US,US,3,female,70.0,70.0,801,ALOPECIA|DYSPNOEA|ELECTROCARDIOGRAM ABNORMAL|HEPATIC ENZYME INCREASED|URINARY TRACT INFECTION,HEPATIC ENZYME INCREASED,False,True,False,suspect,True,IDIOPATHIC PULMONARY FIBROSIS,True,,,,False,False,False,False,False,False,False,False,False
nintedanib,19361503,7,20210601,20210729,2021,US,US,5,female,46.0,46.0,801,ABDOMINAL DISTENSION|ABDOMINAL PAIN|ABDOMINAL PAIN UPPER|ALOPECIA|ANXIETY|BACK PAIN|BALANCE DISORDER|BLOOD GLUCOSE INCREASED|BLOOD PRESSURE INCREASED|CHEST PAIN|CONSTIPATION|COUGH|DECREASED APPETITE|DEPRESSION|DIARRHOEA|DIZZINESS|DRY EYE|DRY MOUTH|DYSPEPSIA|DYSPNOEA|DYSURIA|EPISTAXIS|FATIGUE|HAEMOPTYSIS|HEADACHE|HEART RATE INCREASED|HEART RATE IRREGULAR|HYPERTENSION|HYPOAESTHESIA|INCREASED TENDENCY TO BRUISE|INSOMNIA|LIVER FUNCTION TEST INCREASED|MEMORY IMPAIRMENT|MENTAL IMPAIRMENT|MOUTH ULCERATION|MUSCULAR WEAKNESS|MUSCULOSKELETAL PAIN|MUSCULOSKELETAL STIFFNESS|NASAL CONGESTION|NAUSEA|OEDEMA PERIPHERAL|PALPITATIONS|PULMONARY FIBROSIS|RESPIRATION ABNORMAL|SENSATION OF FOREIGN BODY|SJOGREN^S SYNDROME|SYSTEMIC LUPUS ERYTHEMATOSUS|TACHYCARDIA|TINNITUS|WEIGHT DECREASED|WHEEZING,LIVER FUNCTION TEST INCREASED,False,True,False,suspect,True,IDIOPATHIC PULMONARY FIBROSIS,True,2021-03-15,,,False,False,True,False,True,False,False,False,True
nintedanib,19369958,1,20210604,20210604,2021,CA,CA,5,male,71.0,71.0,801,ABDOMINAL DISTENSION|FLATULENCE|HAEMATOCHEZIA|HEPATIC ENZYME INCREASED,HEPATIC ENZYME INCREASED,False,True,False,suspect,True,IDIOPATHIC PULMONARY FIBROSIS,True,2021-01-29,2021-05-26,117.0,True,False,True,False,False,False,False,False,True
nintedanib,19390576,3,20210608,20210728,2021,US,US,5,female,79.0,79.0,801,ABDOMINAL DISTENSION|LIVER FUNCTION TEST ABNORMAL,LIVER FUNCTION TEST ABNORMAL,False,True,False,suspect,True,PRODUCT USED FOR UNKNOWN INDICATION,False,2020-12-24,2021-05-26,153.0,True,False,False,False,False,False,False,False,False
nintedanib,19393038,2,20210609,20210707,2021,US,US,5,female,66.0,66.0,801,ARTHRALGIA|ASPIRATION|ASTHENIA|COUGH|DIARRHOEA|DIZZINESS|FALL|FATIGUE|FEELING ABNORMAL|HEPATIC ENZYME INCREASED|MYALGIA|NAUSEA|URINARY TRACT INFECTION,HEPATIC ENZYME INCREASED,False,True,False,suspect,True,INTERSTITIAL LUNG DISEASE,True,2021-06-01,2021-06-04,3.0,True,False,True,False,False,False,True,False,False
nintedanib,19413779,9,20210614,20230410,2021,CA,CA,5,female,65.0,65.0,801,CONSTIPATION|COVID-19|DIARRHOEA|GASTROOESOPHAGEAL REFLUX DISEASE|HEPATIC ENZYME ABNORMAL|HEPATIC ENZYME INCREASED|HEPATITIS|HIATUS HERNIA|ILLNESS|LIVER FUNCTION TEST INCREASED|MALAISE|NAUSEA|VOMITING|WEIGHT DECREASED,HEPATIC ENZYME INCREASED|HEPATITIS|LIVER FUNCTION TEST INCREASED,False,True,False,suspect,True,IDIOPATHIC PULMONARY FIBROSIS,True,2021-05-18,2021-05-18,0.0,True,False,True,False,True,False,False,False,False
nintedanib,19414260,2,20210615,20211116,2021,JP,JP,1,male,64.0,64.0,801,DECREASED APPETITE|DIARRHOEA|HEPATIC FUNCTION ABNORMAL|PNEUMONIA BACTERIAL,HEPATIC FUNCTION ABNORMAL,False,True,False,suspect,True,INTERSTITIAL LUNG DISEASE,True,,,,False,False,True,False,True,False,False,False,False
nintedanib,19424774,3,20210617,20210706,2021,CA,CA,5,female,77.0,77.0,801,ABDOMINAL DISCOMFORT|COUGH|DECREASED APPETITE|DIARRHOEA|HEPATIC ENZYME INCREASED|NAUSEA|PYREXIA|REGURGITATION|VOMITING|WEIGHT DECREASED,HEPATIC ENZYME INCREASED,False,True,False,suspect,True,IDIOPATHIC PULMONARY FIBROSIS,True,2021-05-04,2021-05-06,2.0,True,False,True,False,False,False,False,True,True
nintedanib,19430044,5,20210617,20220422,2021,US,US,5,female,74.0,74.0,801,CEREBROVASCULAR ACCIDENT|DYSPNOEA|HEPATITIS|HYPERGLYCAEMIA|HYPOGLYCAEMIA,HEPATITIS,False,True,False,suspect,True,NON-SMALL CELL LUNG CANCER,False,2021-05-05,2021-05-07,2.0,True,False,True,False,True,False,False,False,True
nintedanib,19435941,1,20210618,20210618,2021,AT,AT,1,female,,,,ARTHRALGIA|JOINT SWELLING|LIVER DISORDER|OSTEOARTHRITIS,LIVER DISORDER,False,True,False,suspect,True,IDIOPATHIC PULMONARY FIBROSIS|INTERSTITIAL LUNG DISEASE|RHEUMATOID ARTHRITIS,True,,,,False,False,True,False,True,False,False,False,False
nintedanib,19449649,2,20210622,20210803,2021,US,US,5,female,86.0,86.0,801,BLOOD BILIRUBIN INCREASED|HYPERTENSION|MALAISE|RECTAL HAEMORRHAGE,BLOOD BILIRUBIN INCREASED,False,True,False,suspect,True,IDIOPATHIC PULMONARY FIBROSIS,True,2020-10-23,2020-10-28,5.0,True,False,False,False,False,False,False,False,False
nintedanib,19466413,1,20210628,20210628,2021,US,US,5,female,71.0,71.0,801,ASTHENIA|DYSPNOEA|LIVER DISORDER|RENAL DISORDER,LIVER DISORDER,False,True,False,suspect,True,PRODUCT USED FOR UNKNOWN INDICATION,False,2021-06-03,,,False,False,False,False,False,False,False,False,False
nintedanib,19468631,2,20210628,20210729,2021,US,US,5,male,64.0,64.0,801,HEPATIC CIRRHOSIS|HEPATIC STEATOSIS|LIVER FUNCTION TEST INCREASED,LIVER FUNCTION TEST INCREASED,False,True,False,suspect,True,IDIOPATHIC PULMONARY FIBROSIS,True,2020-06-24,,,False,False,True,False,False,False,False,False,True
nintedanib,19469128,1,20210628,20210628,2021,US,US,5,male,83.0,83.0,801,ABDOMINAL DISCOMFORT|AGEUSIA|DECREASED APPETITE|DIARRHOEA|HAEMOGLOBIN DECREASED|LIVER FUNCTION TEST INCREASED|NAUSEA|RED BLOOD CELL COUNT DECREASED|VOMITING|WEIGHT DECREASED,LIVER FUNCTION TEST INCREASED,False,True,False,suspect,True,IDIOPATHIC PULMONARY FIBROSIS,True,2021-03-17,,,False,False,False,False,False,False,False,False,False
nintedanib,19470771,1,20210629,20210629,2021,US,US,5,male,86.0,86.0,801,ASTHENIA|DECREASED APPETITE|DIARRHOEA|DYSPNOEA EXERTIONAL|FALL|HEADACHE|IDIOPATHIC PULMONARY FIBROSIS|LISTLESS|LIVER FUNCTION TEST INCREASED|MEMORY IMPAIRMENT|RIB FRACTURE|SOMNOLENCE|VISUAL IMPAIRMENT|WEIGHT DECREASED,LIVER FUNCTION TEST INCREASED,False,True,False,suspect,True,IDIOPATHIC PULMONARY FIBROSIS,True,2020-03-06,,,False,False,True,False,False,False,False,False,True
nintedanib,19474634,1,20210630,20210630,2021,CA,CA,5,female,77.0,77.0,801,COUGH|DIARRHOEA|DIZZINESS|FEEDING DISORDER|FEELING ABNORMAL|FLATULENCE|HEPATIC ENZYME INCREASED|MALAISE|MENIERE^S DISEASE|NAUSEA|PAIN|VOMITING|WEIGHT DECREASED,HEPATIC ENZYME INCREASED,False,True,False,suspect,True,IDIOPATHIC PULMONARY FIBROSIS,True,2021-04-06,2021-04-20,14.0,True,False,True,False,True,False,False,False,False
nintedanib,19479804,4,20210701,20210816,2021,AR,AR,1,female,81.0,81.0,801,EOSINOPHILIA|HEPATIC ENZYME INCREASED,HEPATIC ENZYME INCREASED,False,True,False,suspect,True,IDIOPATHIC PULMONARY FIBROSIS,True,2021-05-30,2021-06-24,25.0,True,False,True,False,True,False,False,False,False
nintedanib,19482574,7,20210701,20221012,2021,CA,CA,5,female,72.0,72.0,801,ABDOMINAL PAIN|ABDOMINAL PAIN UPPER|ASTHENIA|CONTUSION|DIARRHOEA|FATIGUE|GENERAL PHYSICAL HEALTH DETERIORATION|HEADACHE|HEPATIC ENZYME INCREASED|NASOPHARYNGITIS|NAUSEA|PALPITATIONS|PRODUCTIVE COUGH|STRESS,HEPATIC ENZYME INCREASED,False,True,False,suspect,True,IDIOPATHIC PULMONARY FIBROSIS,True,2021-04-08,2021-06-04,57.0,True,False,True,False,False,False,False,False,True
nintedanib,19482883,4,20210701,20220110,2021,US,US,5,male,51.0,51.0,801,COUGH|DIARRHOEA|DISEASE PROGRESSION|LIVER DISORDER|LUNG NEOPLASM MALIGNANT|PULMONARY HAEMORRHAGE,LIVER DISORDER,False,True,False,suspect,True,IDIOPATHIC PULMONARY FIBROSIS|INTERSTITIAL LUNG DISEASE,True,2020-01-23,2021-08-02,557.0,False,False,True,False,True,False,False,False,True
nintedanib,19483367,4,20210701,20211205,2021,US,US,5,female,59.0,59.0,801,ARTHRITIS|BONE PAIN|CHEST PAIN|DIABETES MELLITUS|DIARRHOEA|DYSPNOEA|FATIGUE|HYPERPHAGIA|HYPERTENSION|INFLAMMATION|LIVER DISORDER|THYROID DISORDER,LIVER DISORDER,False,True,False,suspect,True,IDIOPATHIC PULMONARY FIBROSIS|INTERSTITIAL LUNG DISEASE,True,2021-05-07,,,False,False,True,False,False,False,True,False,False
nintedanib,19498664,1,20210706,20210706,2021,US,US,5,unknown,76.0,76.0,801,DIABETES MELLITUS|DRUG INTOLERANCE|HEPATIC ENZYME INCREASED|LIVER INJURY|RENAL IMPAIRMENT,HEPATIC ENZYME INCREASED,False,True,False,suspect,True,IDIOPATHIC PULMONARY FIBROSIS,True,2020-08-04,,,False,False,False,False,False,False,False,False,False
nintedanib,19511542,7,20210709,20211202,2021,DE,DE,1,female,55.0,55.0,801,ABDOMINAL PAIN|ARTHRALGIA|ARTHRITIS|BLOOD ALKALINE PHOSPHATASE INCREASED|CHRONIC OBSTRUCTIVE PULMONARY DISEASE|DEATH|DIARRHOEA|FATIGUE|GAMMA-GLUTAMYLTRANSFERASE INCREASED|INSOMNIA|NAUSEA|PATHOGEN RESISTANCE,BLOOD ALKALINE PHOSPHATASE INCREASED|GAMMA-GLUTAMYLTRANSFERASE INCREASED,False,True,False,suspect,True,NON-SMALL CELL LUNG CANCER,False,2020-10-10,2020-10-12,2.0,True,False,True,True,True,False,False,False,True
nintedanib,19517947,1,20210712,20210712,2021,DE,DE,5,female,62.0,62.0,801,DIARRHOEA|EMBOLISM ARTERIAL|EMBOLISM VENOUS|EPISTAXIS|HAEMORRHAGE|HEPATIC ENZYME INCREASED|MALIGNANT NEOPLASM PROGRESSION|NAUSEA|NEUROPATHY PERIPHERAL|NEUTROPENIA|SEIZURE|VOMITING,HEPATIC ENZYME INCREASED,False,True,False,suspect,True,PALLIATIVE CARE,False,,,,False,False,True,False,False,False,False,False,True
nintedanib,19518182,3,20210712,20220318,2021,DE,DE,1,female,62.0,62.0,801,DEATH|DIARRHOEA|LIVER DISORDER|METASTASES TO CENTRAL NERVOUS SYSTEM|SEIZURE,LIVER DISORDER,False,True,False,suspect,True,LUNG ADENOCARCINOMA,False,,2020-12-01,,False,False,True,True,False,False,False,False,True
nintedanib,19531222,9,20210714,20221105,2021,DE,DE,1,female,61.0,61.0,801,CONSTIPATION|DERMATITIS ACNEIFORM|DRUG-INDUCED LIVER INJURY|FATIGUE|GENERAL PHYSICAL HEALTH DETERIORATION|HEPATIC ENZYME INCREASED|HEPATOTOXICITY|NAUSEA|VOMITING,DRUG-INDUCED LIVER INJURY|HEPATIC ENZYME INCREASED|HEPATOTOXICITY,True,True,False,suspect,True,NON-SMALL CELL LUNG CANCER,False,2021-03-19,2021-03-22,3.0,True,False,True,False,True,False,False,False,True
nintedanib,19546610,1,20210715,20210715,2021,US,US,5,male,73.0,73.0,801,DEATH|HEART RATE ABNORMAL|HEPATIC FUNCTION ABNORMAL|SINUSITIS,HEPATIC FUNCTION ABNORMAL,False,True,False,suspect,True,IDIOPATHIC PULMONARY FIBROSIS,True,,2021-06-11,,False,False,True,True,True,False,False,False,True
nintedanib,19546952,18,20210714,20230309,2021,CN,,1,male,61.0,61.0,801,DRUG-INDUCED LIVER INJURY|HEPATIC FUNCTION ABNORMAL,DRUG-INDUCED LIVER INJURY|HEPATIC FUNCTION ABNORMAL,True,True,False,concomitant,True,,False,2022-02-07,2021-06-13,-239.0,False,False,True,False,True,False,False,False,False
nintedanib,19553859,3,20210715,20210804,2021,US,US,5,male,65.0,65.0,801,ABDOMINAL DISTENSION|ABDOMINAL PAIN|ABDOMINAL PAIN LOWER|ABDOMINAL PAIN UPPER|AMNESIA|DECREASED APPETITE|DIARRHOEA|FATIGUE|GASTROINTESTINAL DISORDER|HEADACHE|LIVER FUNCTION TEST INCREASED|MUSCLE SPASMS|POOR QUALITY SLEEP|WEIGHT DECREASED,LIVER FUNCTION TEST INCREASED,False,True,False,suspect,True,IDIOPATHIC PULMONARY FIBROSIS|INTERSTITIAL LUNG DISEASE,True,2020-06-23,,,False,False,False,False,False,False,False,False,False
nintedanib,19570535,1,20210715,20210715,2021,GB,GB,3,male,,,,JAUNDICE,JAUNDICE,False,True,False,suspect,True,IDIOPATHIC PULMONARY FIBROSIS,True,,,,False,False,True,False,True,False,False,False,False
nintedanib,19572905,7,20210716,20210929,2021,US,US,5,male,65.0,65.0,801,ABDOMINAL PAIN|ABDOMINAL PAIN UPPER|BACK PAIN|CONSTIPATION|FATIGUE|HEADACHE|HEPATIC ENZYME INCREASED|NAUSEA|PRODUCT DOSE OMISSION ISSUE|SEASONAL ALLERGY|SINUS DISORDER,HEPATIC ENZYME INCREASED,False,True,False,suspect,True,IDIOPATHIC PULMONARY FIBROSIS|INTERSTITIAL LUNG DISEASE,True,2016-06-01,,,False,False,False,False,False,False,False,False,False
nintedanib,19576782,7,20210719,20211201,2021,DE,DE,1,female,55.0,55.0,801,ABDOMINAL PAIN|ARTHRALGIA|ARTHRITIS|BLOOD ALKALINE PHOSPHATASE INCREASED|CHRONIC OBSTRUCTIVE PULMONARY DISEASE|DEATH|DIARRHOEA|FATIGUE|GAMMA-GLUTAMYLTRANSFERASE INCREASED|INSOMNIA|NAUSEA|PATHOGEN RESISTANCE,BLOOD ALKALINE PHOSPHATASE INCREASED|GAMMA-GLUTAMYLTRANSFERASE INCREASED,False,True,False,suspect,True,LUNG ADENOCARCINOMA,False,2020-10-10,2020-10-12,2.0,True,False,True,True,True,False,False,False,True
nintedanib,19598510,7,20210723,20211209,2021,DE,DE,1,female,55.0,55.0,801,ABDOMINAL PAIN|ARTHRALGIA|ARTHRITIS|BLOOD ALKALINE PHOSPHATASE INCREASED|CHRONIC OBSTRUCTIVE PULMONARY DISEASE|DEATH|DIARRHOEA|FATIGUE|GAMMA-GLUTAMYLTRANSFERASE INCREASED|INSOMNIA|NAUSEA|PATHOGEN RESISTANCE,BLOOD ALKALINE PHOSPHATASE INCREASED|GAMMA-GLUTAMYLTRANSFERASE INCREASED,False,True,False,suspect,True,NON-SMALL CELL LUNG CANCER,False,2020-10-10,2020-10-12,2.0,True,False,True,True,True,False,False,False,True
nintedanib,19613001,1,20210727,20210727,2021,US,US,5,female,67.0,67.0,801,ABDOMINAL PAIN|ABDOMINAL PAIN UPPER|ALOPECIA|DECREASED APPETITE|DIARRHOEA|GASTRIC DISORDER|HEADACHE|HEPATIC ENZYME INCREASED|PRODUCT DOSE OMISSION ISSUE|WEIGHT DECREASED,HEPATIC ENZYME INCREASED,False,True,False,suspect,True,IDIOPATHIC PULMONARY FIBROSIS,True,2015-09-12,2020-12-11,1917.0,False,False,False,False,False,False,False,False,False
nintedanib,19681908,4,20210810,20210924,2021,US,US,5,female,56.0,56.0,801,ABDOMINAL PAIN UPPER|ALANINE AMINOTRANSFERASE INCREASED|DIARRHOEA|DRY MOUTH|DRY SKIN|FLATULENCE|LIVER FUNCTION TEST INCREASED|NAUSEA|VOMITING|WEIGHT DECREASED,ALANINE AMINOTRANSFERASE INCREASED|LIVER FUNCTION TEST INCREASED,False,True,False,suspect,True,IDIOPATHIC PULMONARY FIBROSIS|INTERSTITIAL LUNG DISEASE,True,2021-05-22,,,False,False,False,False,False,False,False,False,False
nintedanib,19682114,2,20210810,20210908,2021,US,US,5,male,72.0,72.0,801,DIARRHOEA|LIVER FUNCTION TEST INCREASED|RECTAL HAEMORRHAGE,LIVER FUNCTION TEST INCREASED,False,True,False,suspect,True,IDIOPATHIC PULMONARY FIBROSIS,True,2021-04-08,,,False,False,True,False,False,False,False,False,True
nintedanib,19700288,5,20210813,20240408,2021,PL,PL,1,male,58.0,58.0,801,ABDOMINAL PAIN|ASTHENIA|BLOOD CREATININE INCREASED|BLOOD PRESSURE INCREASED|DECREASED APPETITE|MALAISE|MALIGNANT NEOPLASM PROGRESSION|NAUSEA|NEPHROPATHY TOXIC|NEUTROPENIA|PULMONARY EMBOLISM|THROMBOCYTOPENIA|TRANSAMINASES INCREASED|UPPER RESPIRATORY TRACT INFECTION,TRANSAMINASES INCREASED,False,True,False,suspect,True,CHEMOTHERAPY|LUNG ADENOCARCINOMA|LUNG ADENOCARCINOMA STAGE IV|LUNG CARCINOMA CELL TYPE UNSPECIFIED STAGE IV|METASTASES TO BONE,False,,,,False,False,True,False,False,False,False,False,True
nintedanib,19715737,1,20210818,20210818,2021,US,US,5,male,62.0,62.0,801,ALCOHOL ABUSE|ASTHENIA|CARDIAC MURMUR|CHROMATURIA|DEFAECATION URGENCY|DIARRHOEA|ILL-DEFINED DISORDER|LIVER DISORDER|LIVER FUNCTION TEST INCREASED|STRESS|VOMITING,LIVER DISORDER|LIVER FUNCTION TEST INCREASED,False,True,False,suspect,True,IDIOPATHIC PULMONARY FIBROSIS,True,2020-11-23,,,False,False,False,False,False,False,False,False,False
nintedanib,19716221,3,20210818,20211015,2021,US,US,5,male,76.0,76.0,801,ASTHENIA|CHROMATURIA|COUGH|DECREASED APPETITE|DEVICE ISSUE|DISORIENTATION|FATIGUE|FEELING ABNORMAL|GAIT DISTURBANCE|HEADACHE|HEPATIC FUNCTION ABNORMAL|HYPERSOMNIA|HYPOACUSIS|LETHARGY|MICTURITION URGENCY|PLATELET COUNT DECREASED|PNEUMATURIA|PNEUMONIA|POLLAKIURIA|RENAL IMPAIRMENT|TREMOR|WALKING AID USER,HEPATIC FUNCTION ABNORMAL,False,True,False,suspect,True,IDIOPATHIC PULMONARY FIBROSIS,True,2021-06-24,2021-07-01,7.0,True,False,True,False,True,False,False,False,False
nintedanib,19732285,2,20210820,20211004,2021,BR,BR,1,unknown,,,,BLOOD BILIRUBIN INCREASED|PURPURA|THROMBOCYTOPENIA|TRANSAMINASES INCREASED,BLOOD BILIRUBIN INCREASED|TRANSAMINASES INCREASED,False,True,True,suspect,True,IDIOPATHIC PULMONARY FIBROSIS,True,,,,False,False,True,False,True,False,False,False,False
nintedanib,19741075,2,20210824,20210924,2021,JP,JP,3,male,83.0,83.0,801,DECREASED APPETITE|DIARRHOEA|HEPATIC ENZYME INCREASED|HYPERTENSION|HYPOALBUMINAEMIA|NEPHROTIC SYNDROME|PROTEINURIA|RENAL IMPAIRMENT|RENAL-LIMITED THROMBOTIC MICROANGIOPATHY,HEPATIC ENZYME INCREASED,False,True,False,suspect,True,IDIOPATHIC PULMONARY FIBROSIS,True,,,,False,False,True,False,True,False,False,False,False
nintedanib,19742359,3,20210824,20240408,2021,PL,PL,1,female,68.0,68.0,801,BLOOD CREATININE INCREASED|DISEASE PROGRESSION|DRUG INEFFECTIVE|LUNG ADENOCARCINOMA|MALIGNANT NEOPLASM PROGRESSION|NEUTROPENIA|PARAESTHESIA|TRANSAMINASES INCREASED,TRANSAMINASES INCREASED,False,True,False,suspect,True,DISEASE PROGRESSION|LUNG ADENOCARCINOMA STAGE IV,False,2018-12-21,2018-10-16,-66.0,False,False,True,False,False,False,False,False,True
nintedanib,19742791,1,20210824,20210824,2021,PL,PL,1,female,65.0,65.0,801,ADENOCARCINOMA|ALANINE AMINOTRANSFERASE INCREASED|ASPARTATE AMINOTRANSFERASE INCREASED|CATHETER SITE INFECTION|DIARRHOEA|METASTASES TO ADRENALS,ALANINE AMINOTRANSFERASE INCREASED|ASPARTATE AMINOTRANSFERASE INCREASED,False,True,False,concomitant,True,LUNG ADENOCARCINOMA,False,,,,False,False,True,False,False,False,False,False,True
nintedanib,19748641,3,20210825,20211110,2021,JP,JP,2,male,71.0,71.0,801,ANGINA PECTORIS|LIVER DISORDER|THROMBOTIC CEREBRAL INFARCTION,LIVER DISORDER,False,True,False,suspect,True,INTERSTITIAL LUNG DISEASE,True,2021-01-28,2021-07-30,183.0,True,False,True,False,True,False,False,False,True
nintedanib,19750988,3,20210826,20230210,2021,DE,DE,1,female,65.0,65.0,801,DECREASED APPETITE|HEPATITIS|IMMUNE-MEDIATED HEPATITIS|MALIGNANT NEOPLASM PROGRESSION|NAUSEA|OFF LABEL USE|TRANSAMINASES INCREASED,HEPATITIS|TRANSAMINASES INCREASED,False,True,False,suspect,True,NON-SMALL CELL LUNG CANCER,False,2021-11-23,2021-08-06,-109.0,False,False,True,False,True,False,False,False,True
nintedanib,19752026,1,20210826,20210826,2021,JP,JP,2,male,74.0,74.0,801,HEPATIC FUNCTION ABNORMAL|INTERSTITIAL LUNG DISEASE,HEPATIC FUNCTION ABNORMAL,False,True,False,suspect,True,INTERSTITIAL LUNG DISEASE,True,2021-07-17,2021-07-26,9.0,True,False,True,True,False,False,False,False,False
nintedanib,19753133,4,20210826,20210927,2021,US,US,5,female,62.0,62.0,801,ABDOMINAL DISCOMFORT|ABDOMINAL PAIN UPPER|DIARRHOEA|DYSPEPSIA|HEPATIC ENZYME INCREASED|HYPOPHAGIA,HEPATIC ENZYME INCREASED,False,True,False,suspect,True,IDIOPATHIC PULMONARY FIBROSIS,True,2021-08-05,2021-08-23,18.0,True,False,False,False,False,False,False,False,False
nintedanib,19759697,2,20210830,20210930,2021,US,US,5,male,78.0,78.0,801,"ACCIDENTAL OVERDOSE|CHROMATURIA|DEHYDRATION|DELUSIONAL DISORDER, UNSPECIFIED TYPE|DYSARTHRIA|HEPATIC ENZYME INCREASED|VOMITING",HEPATIC ENZYME INCREASED,False,True,False,suspect,True,PRODUCT USED FOR UNKNOWN INDICATION,False,,,,False,False,True,False,True,False,False,False,False
nintedanib,19772168,7,20210831,20211117,2021,US,US,5,male,65.0,65.0,801,ABDOMINAL DISCOMFORT|ABDOMINAL DISTENSION|ABDOMINAL PAIN UPPER|ANXIETY|ASPARTATE AMINOTRANSFERASE INCREASED|ASTHENIA|BURNING SENSATION|CHEST DISCOMFORT|DEPRESSION|DYSPEPSIA|DYSPNOEA|ERUCTATION|FATIGUE|GASTRIC DISORDER|GASTROOESOPHAGEAL REFLUX DISEASE|HEPATIC CIRRHOSIS|HEPATIC ENZYME INCREASED|HICCUPS|HUMIDITY INTOLERANCE|JOINT SWELLING|LOWER RESPIRATORY TRACT CONGESTION|MUSCLE SPASMS|MUSCLE TIGHTNESS|MUSCULOSKELETAL CHEST PAIN|NAUSEA|OXYGEN SATURATION DECREASED|PALPITATIONS|PANIC ATTACK|PERIPHERAL SWELLING|PNEUMONIA|PRODUCTIVE COUGH|RED BLOOD CELL COUNT DECREASED|SPLENOMEGALY|SWELLING FACE|VOMITING|WEIGHT INCREASED|WHEEZING|WHITE BLOOD CELL COUNT DECREASED|X-RAY ABNORMAL,ASPARTATE AMINOTRANSFERASE INCREASED|HEPATIC ENZYME INCREASED,False,True,False,suspect,True,IDIOPATHIC PULMONARY FIBROSIS,True,2021-05-25,2021-06-01,7.0,True,False,True,False,False,False,False,False,True
nintedanib,19801330,2,20210907,20210922,2021,US,US,5,female,70.0,70.0,801,ABDOMINAL DISTENSION|ABDOMINAL PAIN|ABDOMINAL PAIN UPPER|BLOOD PRESSURE INCREASED|DIARRHOEA|FREQUENT BOWEL MOVEMENTS|HEADACHE|HEPATIC ENZYME INCREASED|LIVER FUNCTION TEST INCREASED|NAUSEA,HEPATIC ENZYME INCREASED|LIVER FUNCTION TEST INCREASED,False,True,False,suspect,True,IDIOPATHIC PULMONARY FIBROSIS|INTERSTITIAL LUNG DISEASE,True,2021-07-29,2021-07-29,0.0,True,False,False,False,False,False,False,False,False
nintedanib,19801677,5,20210907,20220310,2021,US,US,5,female,,,,ARTHRITIS|ASTHENIA|BEDRIDDEN|BODY TEMPERATURE INCREASED|COUGH|DYSPNOEA EXERTIONAL|FATIGUE|HEADACHE|HEPATIC ENZYME INCREASED|MALAISE|MEMORY IMPAIRMENT|NASAL DRYNESS|NAUSEA|OFF LABEL USE|OXYGEN SATURATION DECREASED|THERAPY NON-RESPONDER,HEPATIC ENZYME INCREASED,False,True,False,suspect,True,PRODUCT USED FOR UNKNOWN INDICATION,False,,2021-01-01,,False,False,False,False,False,False,False,False,False
nintedanib,19816555,1,20210909,20210909,2021,SK,SK,1,male,69.0,69.0,801,C-REACTIVE PROTEIN INCREASED|DEATH|LIVER DISORDER,LIVER DISORDER,False,True,False,suspect,True,IDIOPATHIC PULMONARY FIBROSIS,True,2019-12-18,,,False,False,True,True,False,False,False,False,True
nintedanib,19828739,1,20210914,20210914,2021,TH,TH,1,female,62.0,62.0,801,COVID-19|HEPATITIS|OFF LABEL USE,HEPATITIS,False,True,False,suspect,True,PULMONARY FIBROSIS,True,2021-08-20,2021-08-20,0.0,True,False,True,True,False,False,False,False,False
nintedanib,19867653,7,20210922,20221110,2021,DE,DE,1,female,61.0,61.0,801,CONSTIPATION|DERMATITIS ACNEIFORM|FATIGUE|GENERAL PHYSICAL HEALTH DETERIORATION|HEPATIC ENZYME INCREASED|INCORRECT ROUTE OF PRODUCT ADMINISTRATION|NAUSEA|VOMITING,HEPATIC ENZYME INCREASED,False,True,False,suspect,True,LUNG ADENOCARCINOMA,False,2021-03-19,2021-05-28,70.0,True,False,True,True,True,False,False,False,True
nintedanib,19879460,2,20210924,20211005,2021,CZ,CZ,1,male,,,,COVID-19|DIARRHOEA|EPISTAXIS|HEPATIC ENZYME INCREASED|PULMONARY FUNCTION TEST DECREASED|RESPIRATORY FAILURE,HEPATIC ENZYME INCREASED,False,True,False,suspect,True,IDIOPATHIC PULMONARY FIBROSIS,True,,2018-01-01,,False,True,True,True,True,False,False,False,True
nintedanib,19879550,8,20210924,20221116,2021,DE,DE,1,female,61.0,61.0,801,CONSTIPATION|DERMATITIS ACNEIFORM|FATIGUE|GENERAL PHYSICAL HEALTH DETERIORATION|HEPATIC ENZYME INCREASED|NAUSEA|VOMITING,HEPATIC ENZYME INCREASED,False,True,False,suspect,True,LUNG ADENOCARCINOMA,False,2021-03-19,2021-03-22,3.0,True,False,True,False,True,False,False,False,False
nintedanib,19885589,3,20210927,20220302,2021,DE,DE,1,male,48.0,48.0,801,DEPRESSION|DIARRHOEA|FATIGUE|GAMMA-GLUTAMYLTRANSFERASE INCREASED|HEPATIC ENZYME INCREASED|HEPATOBILIARY DISEASE|INFLUENZA LIKE ILLNESS|NAUSEA|NEUTROPHIL COUNT DECREASED|PNEUMONIA|VERTIGO|VOMITING|WHITE BLOOD CELL COUNT DECREASED,GAMMA-GLUTAMYLTRANSFERASE INCREASED|HEPATIC ENZYME INCREASED,False,True,False,suspect,True,LUNG ADENOCARCINOMA|NON-SMALL CELL LUNG CANCER,False,2019-07-13,2019-07-14,1.0,True,False,True,False,True,False,False,False,True
nintedanib,19885801,4,20210927,20220208,2021,DE,DE,1,female,61.0,61.0,801,CONSTIPATION|DERMATITIS ACNEIFORM|DRUG-INDUCED LIVER INJURY|FATIGUE|GENERAL PHYSICAL HEALTH DETERIORATION|NAUSEA|VOMITING,DRUG-INDUCED LIVER INJURY,True,True,False,suspect,True,LUNG ADENOCARCINOMA,False,2021-03-19,2021-03-22,3.0,True,False,True,True,True,False,False,False,True
nintedanib,19890332,11,20210927,20240226,2021,US,US,5,female,58.0,58.0,801,ABDOMINAL DISCOMFORT|ABDOMINAL PAIN LOWER|AGITATION|ASTHENIA|BLINDNESS|BRONCHITIS|CHEST DISCOMFORT|COUGH|DIARRHOEA|GASTROINTESTINAL DISORDER|HEPATIC ENZYME INCREASED|MUSCLE SPASMS|NAUSEA|PRODUCTIVE COUGH|VOMITING,HEPATIC ENZYME INCREASED,False,True,False,suspect,True,IDIOPATHIC PULMONARY FIBROSIS|INTERSTITIAL LUNG DISEASE|PULMONARY FIBROSIS|RAYNAUD^S PHENOMENON,True,2021-04-08,2021-07-01,84.0,True,False,True,False,False,False,False,False,True
nintedanib,19899741,1,20210930,20210930,2021,FR,FR,1,male,,,,CHOLESTASIS,CHOLESTASIS,False,True,False,suspect,True,INTERSTITIAL LUNG DISEASE,True,,,,False,False,True,False,True,False,False,False,False
nintedanib,19907439,18,20210930,20230202,2021,CH,CH,5,female,63.0,63.0,801,CONSTIPATION|COUGH|CYSTITIS|CYSTITIS NONINFECTIVE|DECREASED APPETITE|DIARRHOEA|DYSPNOEA EXERTIONAL|FATIGUE|FEELING COLD|IDIOPATHIC PULMONARY FIBROSIS|INCREASED BRONCHIAL SECRETION|LISTLESS|LIVER FUNCTION TEST INCREASED|MUSCULOSKELETAL PAIN|NAUSEA|NEPHRITIS|OEDEMA PERIPHERAL|PLEURAL EFFUSION|PNEUMONIA|PULMONARY FUNCTION TEST DECREASED|RHINITIS|VOMITING|WEIGHT DECREASED|WEIGHT INCREASED,LIVER FUNCTION TEST INCREASED,False,True,False,suspect,True,IDIOPATHIC PULMONARY FIBROSIS,True,2021-07-04,2021-05-04,-61.0,False,False,True,False,False,False,False,False,True
nintedanib,19921197,1,20211006,20211006,2021,RU,RU,1,male,30.0,30.0,801,HEPATOTOXICITY|NEUTROPENIA,HEPATOTOXICITY,True,True,False,suspect,True,NON-SMALL CELL LUNG CANCER,False,2021-05-07,,,False,False,True,False,False,False,False,False,True
nintedanib,19933615,1,20211008,20211008,2021,PT,PT,2,female,70.0,70.0,801,AST/ALT RATIO ABNORMAL|GAMMA-GLUTAMYLTRANSFERASE INCREASED,GAMMA-GLUTAMYLTRANSFERASE INCREASED,False,True,False,suspect,True,PULMONARY FIBROSIS,True,2021-05-20,2021-08-23,95.0,True,False,True,False,False,False,False,False,True
nintedanib,19957765,1,20211015,20211015,2021,FR,FR,1,female,48.0,48.0,801,HEPATOTOXICITY,HEPATOTOXICITY,True,True,False,suspect,True,PULMONARY FIBROSIS,True,,2021-09-23,,False,False,True,False,True,False,False,False,False
nintedanib,19995744,1,20211026,20211026,2021,CA,CA,5,male,72.0,72.0,801,ABDOMINAL DISCOMFORT|ARTHRALGIA|CHILLS|CHROMATURIA|DECREASED APPETITE|FATIGUE|LIVER FUNCTION TEST INCREASED|MUSCULOSKELETAL DISCOMFORT|PROSTATE CANCER|TASTE DISORDER,LIVER FUNCTION TEST INCREASED,False,True,False,suspect,True,PRODUCT USED FOR UNKNOWN INDICATION,False,2021-10-03,2021-10-06,3.0,True,False,True,False,False,False,False,False,True
nintedanib,20001241,7,20211027,20220830,2021,BR,BR,5,female,54.0,54.0,801,ABDOMINAL PAIN|ASTHENIA|BLOOD PRESSURE INCREASED|BLOODY DISCHARGE|COVID-19|DENTAL PARAESTHESIA|DIARRHOEA|DIZZINESS|DYSPEPSIA|FATIGUE|GAIT DISTURBANCE|HAEMOPTYSIS|HYPOTENSION|INFECTION|LIVER DISORDER|MOTION SICKNESS|PNEUMONIA|PRODUCTIVE COUGH|SPUTUM DISCOLOURED|TOOTH DISCOLOURATION|TOOTH DISORDER|TOOTHACHE|VOMITING|WEIGHT DECREASED,LIVER DISORDER,False,True,False,suspect,True,IDIOPATHIC PULMONARY FIBROSIS,True,2021-08-20,2021-01-01,-231.0,False,False,True,False,True,False,False,False,False
nintedanib,20002674,1,20211027,20211027,2021,US,US,1,female,76.0,76.0,801,CARDIAC FAILURE CONGESTIVE|HEPATIC ENZYME INCREASED,HEPATIC ENZYME INCREASED,False,True,False,suspect,True,INTERSTITIAL LUNG DISEASE,True,,2021-01-01,,False,False,True,False,True,False,False,False,True
nintedanib,20003601,1,20211027,20211027,2021,FR,FR,2,female,48.0,48.0,801,HEPATIC FAILURE,HEPATIC FAILURE,True,True,False,suspect,True,PRODUCT USED FOR UNKNOWN INDICATION,False,2021-06-23,,,False,False,True,False,True,False,False,False,True
nintedanib,20019848,4,20211101,20220117,2021,DE,DE,1,male,68.0,68.0,801,BLOOD BILIRUBIN INCREASED|DIARRHOEA|INFECTION|NAUSEA|PNEUMONIA|SEPSIS|URINARY TRACT INFECTION|VOMITING,BLOOD BILIRUBIN INCREASED,False,True,False,suspect,True,LUNG ADENOCARCINOMA,False,2021-10-20,2021-10-25,5.0,True,False,True,True,True,False,False,False,True
nintedanib,20029799,1,20211103,20211103,2021,IT,IT,1,male,74.0,74.0,801,HEPATOTOXICITY,HEPATOTOXICITY,True,True,False,suspect,True,IDIOPATHIC PULMONARY FIBROSIS,True,2021-07-06,2021-07-21,15.0,True,False,True,False,False,False,False,False,True
nintedanib,20030458,1,20211103,20211103,2021,US,US,5,female,,,,HEPATIC ENZYME INCREASED|INTERSTITIAL LUNG DISEASE|NAUSEA|PNEUMONIA,HEPATIC ENZYME INCREASED,False,True,False,suspect,True,INTERSTITIAL LUNG DISEASE,True,,,,False,False,True,False,False,False,False,False,True
nintedanib,20041246,1,20211107,20211107,2021,US,US,3,male,0.25,3.0,802,LIVER DISORDER,LIVER DISORDER,False,True,False,suspect,True,PRODUCT USED FOR UNKNOWN INDICATION,False,,2021-10-31,,False,False,True,False,True,False,False,False,False
nintedanib,20046514,3,20211109,20220210,2021,ES,ES,5,male,75.0,75.0,801,ABDOMINAL PAIN|DIABETES MELLITUS|DIARRHOEA|FLATULENCE|RESPIRATORY TRACT INFECTION|TRANSAMINASES INCREASED|WEIGHT DECREASED,TRANSAMINASES INCREASED,False,True,False,suspect,True,IDIOPATHIC PULMONARY FIBROSIS|WEIGHT DECREASED,True,2021-04-13,2021-01-01,-102.0,False,False,True,False,True,False,False,False,True
nintedanib,20052130,5,20211110,20220224,2021,ES,ES,5,male,74.0,74.0,801,ABDOMINAL PAIN|ARTHRALGIA|DIABETES MELLITUS|DIARRHOEA|FLATULENCE|RESPIRATORY TRACT INFECTION|TRANSAMINASES INCREASED|WEIGHT DECREASED,TRANSAMINASES INCREASED,False,True,False,suspect,True,IDIOPATHIC PULMONARY FIBROSIS,True,2021-04-13,2021-01-01,-102.0,False,False,True,False,True,False,False,False,False
nintedanib,20057851,6,20211111,20211230,2021,ES,ES,5,female,66.0,66.0,801,BLOOD PRESSURE INCREASED|COUGH|DECREASED APPETITE|DYSPNOEA|LOSS OF CONSCIOUSNESS|NASOPHARYNGITIS|PAIN|RESPIRATORY TRACT INFECTION|SWELLING FACE|TRANSAMINASES INCREASED,TRANSAMINASES INCREASED,False,True,False,suspect,True,IDIOPATHIC PULMONARY FIBROSIS,True,2021-06-18,2021-06-22,4.0,True,False,True,False,True,False,False,False,True
nintedanib,20060123,1,20211111,20211111,2021,US,US,5,male,68.0,68.0,801,COVID-19|DEATH|HEPATIC ENCEPHALOPATHY|HEPATIC ENZYME INCREASED,HEPATIC ENZYME INCREASED,False,True,False,suspect,True,IDIOPATHIC PULMONARY FIBROSIS,True,,2021-03-01,,False,False,True,True,False,False,False,False,True
nintedanib,20066828,6,20211115,20220302,2021,ES,ES,5,male,74.0,74.0,801,ABDOMINAL PAIN|ARTHRALGIA|DIABETES MELLITUS|DIARRHOEA|FLATULENCE|RESPIRATORY TRACT INFECTION|TRANSAMINASES INCREASED|WEIGHT DECREASED,TRANSAMINASES INCREASED,False,True,False,suspect,True,IDIOPATHIC PULMONARY FIBROSIS,True,2021-04-13,2021-01-01,-102.0,False,False,True,False,True,False,False,False,True
nintedanib,20070122,2,20211115,20211122,2021,IT,IT,1,male,79.0,79.0,801,HEPATOTOXICITY,HEPATOTOXICITY,True,True,False,suspect,True,IDIOPATHIC PULMONARY FIBROSIS,True,2021-04-26,2021-09-28,155.0,True,False,True,False,False,False,False,False,True
nintedanib,20083413,1,20211117,20211117,2021,CY,CY,1,male,69.0,69.0,801,DEATH|HEPATIC ENZYME INCREASED|IDIOPATHIC PULMONARY FIBROSIS,HEPATIC ENZYME INCREASED,False,True,False,suspect,True,IDIOPATHIC PULMONARY FIBROSIS,True,,2021-09-01,,False,False,True,True,True,False,False,False,True
nintedanib,20088262,2,20211118,20211125,2021,SG,SG,1,female,78.0,78.0,801,HEPATIC ENZYME INCREASED,HEPATIC ENZYME INCREASED,False,True,False,suspect,True,PULMONARY FIBROSIS,True,,2021-11-09,,False,False,True,False,False,False,False,False,True
nintedanib,20091161,1,20211119,20211119,2021,US,US,5,female,66.0,66.0,801,ABDOMINAL DISCOMFORT|IDIOPATHIC PULMONARY FIBROSIS|LIVER DISORDER|LUNG DISORDER,LIVER DISORDER,False,True,False,suspect,True,IDIOPATHIC PULMONARY FIBROSIS,True,2020-12-04,,,False,False,True,False,True,False,False,False,True
nintedanib,20097754,3,20211122,20211203,2021,IT,IT,1,male,64.0,64.0,801,ACUTE KIDNEY INJURY|ACUTE RESPIRATORY FAILURE|COOMBS NEGATIVE HAEMOLYTIC ANAEMIA|DYSPNOEA|JAUNDICE|OXYGEN SATURATION ABNORMAL|PYREXIA,JAUNDICE,False,True,False,concomitant,True,PULMONARY FIBROSIS,True,,2021-11-12,,False,False,True,False,True,False,False,False,True
nintedanib,20106776,2,20211124,20211203,2021,US,US,5,female,79.0,79.0,801,DIARRHOEA|FATIGUE|GLOSSODYNIA|HEPATIC ENZYME INCREASED|NAUSEA,HEPATIC ENZYME INCREASED,False,True,False,suspect,True,IDIOPATHIC PULMONARY FIBROSIS,True,2021-10-29,2021-10-01,-28.0,False,False,False,False,False,False,False,False,False
nintedanib,20107663,1,20211124,20211124,2021,US,US,1,female,,,,HEPATOTOXICITY,HEPATOTOXICITY,True,True,False,suspect,True,PRODUCT USED FOR UNKNOWN INDICATION,False,,,,False,True,True,True,True,False,False,False,False
nintedanib,20119268,5,20211126,20220719,2021,CA,CA,5,male,65.0,65.0,801,CATARACT|COUGH|DECREASED APPETITE|DYSPNOEA|EPISTAXIS|INTERNATIONAL NORMALISED RATIO INCREASED|LIVER FUNCTION TEST ABNORMAL|NASAL DRYNESS,LIVER FUNCTION TEST ABNORMAL,False,True,False,suspect,True,IDIOPATHIC PULMONARY FIBROSIS,True,2021-11-04,2021-11-19,15.0,True,False,True,False,True,False,False,False,False
nintedanib,20123318,2,20211129,20220303,2021,DE,DE,1,female,62.0,62.0,801,DEATH|DIARRHOEA|LIVER DISORDER|METASTASES TO CENTRAL NERVOUS SYSTEM|SEIZURE,LIVER DISORDER,False,True,False,suspect,True,LUNG ADENOCARCINOMA,False,,2020-04-01,,False,False,True,True,False,False,False,False,True
nintedanib,20130952,1,20211130,20211130,2021,PL,PL,1,male,68.0,68.0,801,COVID-19|DIARRHOEA|PROSTATE CANCER|TRANSAMINASES INCREASED,TRANSAMINASES INCREASED,False,True,False,suspect,True,INTERSTITIAL LUNG DISEASE,True,2018-09-06,2019-09-01,360.0,True,False,True,False,False,False,False,False,True
nintedanib,20139058,3,20211202,20230211,2021,DE,DE,1,female,65.0,65.0,801,DECREASED APPETITE|IMMUNE-MEDIATED HEPATITIS|MALIGNANT NEOPLASM PROGRESSION|NAUSEA|OFF LABEL USE|TRANSAMINASES INCREASED,TRANSAMINASES INCREASED,False,True,False,suspect,True,NON-SMALL CELL LUNG CANCER,False,2021-11-23,2021-08-06,-109.0,False,False,True,False,True,False,False,False,True
nintedanib,20143796,3,20211203,20211211,2021,IT,IT,1,male,64.0,64.0,801,ACUTE KIDNEY INJURY|ACUTE RESPIRATORY FAILURE|COOMBS NEGATIVE HAEMOLYTIC ANAEMIA|DYSPNOEA|JAUNDICE|OFF LABEL USE|OXYGEN SATURATION ABNORMAL|PRODUCT USE IN UNAPPROVED INDICATION|PYREXIA|RENAL FAILURE|URINE ABNORMALITY,JAUNDICE,False,True,False,concomitant,True,PULMONARY FIBROSIS,True,,2021-11-09,,False,False,True,False,True,False,False,False,True
nintedanib,20145404,11,20211203,20221220,2021,DE,DE,1,female,60.0,60.0,801,DIARRHOEA|HEPATIC FAILURE|NAUSEA,HEPATIC FAILURE,True,True,False,suspect,True,INTERSTITIAL LUNG DISEASE,True,2021-11-20,2021-11-22,2.0,True,False,True,False,False,False,False,False,True
nintedanib,20163094,5,20211209,20220613,2021,US,US,3,female,62.0,62.0,801,COUGH|HEPATIC ENZYME INCREASED|IRRITABLE BOWEL SYNDROME|PAIN,HEPATIC ENZYME INCREASED,False,True,False,suspect,True,PRODUCT USED FOR UNKNOWN INDICATION,False,,2022-05-01,,False,False,False,False,False,False,False,False,False
nintedanib,20164392,2,20211209,20220308,2021,DE,DE,1,female,62.0,62.0,801,DEATH|DIARRHOEA|LIVER DISORDER|METASTASES TO CENTRAL NERVOUS SYSTEM|SEIZURE,LIVER DISORDER,False,True,False,suspect,True,LUNG ADENOCARCINOMA,False,,2020-04-01,,False,False,True,True,False,False,False,False,True
nintedanib,20172298,2,20211210,20221122,2021,DE,DE,5,female,65.0,65.0,801,ALANINE AMINOTRANSFERASE INCREASED|ASPARTATE AMINOTRANSFERASE INCREASED|BRONCHOSCOPY ABNORMAL|DECREASED APPETITE|GAMMA-GLUTAMYLTRANSFERASE INCREASED|IMMUNE-MEDIATED HEPATITIS|MALIGNANT NEOPLASM PROGRESSION|NAUSEA,ALANINE AMINOTRANSFERASE INCREASED|ASPARTATE AMINOTRANSFERASE INCREASED|GAMMA-GLUTAMYLTRANSFERASE INCREASED,False,True,False,suspect,True,NON-SMALL CELL LUNG CANCER,False,2021-11-23,2021-08-06,-109.0,False,False,True,False,True,False,False,False,True
nintedanib,20179604,2,20211214,20220111,2021,JP,JP,1,male,75.0,75.0,801,INTERSTITIAL LUNG DISEASE|LIVER FUNCTION TEST INCREASED,LIVER FUNCTION TEST INCREASED,False,True,False,suspect,True,HYPERSENSITIVITY PNEUMONITIS|INTERSTITIAL LUNG DISEASE,True,2020-03-10,,,False,False,True,True,False,False,False,False,False
nintedanib,20188882,5,20211215,20220325,2021,ES,ES,5,male,75.0,75.0,801,ABDOMINAL PAIN|ARTHRALGIA|DIABETES MELLITUS|DIARRHOEA|FLATULENCE|RESPIRATORY TRACT INFECTION|TRANSAMINASES INCREASED|WEIGHT DECREASED,TRANSAMINASES INCREASED,False,True,False,suspect,True,IDIOPATHIC PULMONARY FIBROSIS,True,2021-04-13,2021-01-01,-102.0,False,False,True,False,True,False,False,False,True
nintedanib,20191450,1,20211216,20211216,2021,DE,DE,1,female,55.0,55.0,801,ABDOMINAL PAIN|ARTHRALGIA|ARTHRITIS|BLOOD ALKALINE PHOSPHATASE INCREASED|CHRONIC OBSTRUCTIVE PULMONARY DISEASE|DEATH|DIARRHOEA|FATIGUE|GAMMA-GLUTAMYLTRANSFERASE INCREASED|INSOMNIA|NAUSEA|PATHOGEN RESISTANCE,BLOOD ALKALINE PHOSPHATASE INCREASED|GAMMA-GLUTAMYLTRANSFERASE INCREASED,False,True,False,suspect,True,LUNG ADENOCARCINOMA,False,2020-10-10,2020-10-12,2.0,True,False,True,True,True,False,False,False,True
nintedanib,20195008,1,20211216,20211216,2021,US,,2,male,61.0,61.0,801,FLANK PAIN|LIVER FUNCTION TEST INCREASED,LIVER FUNCTION TEST INCREASED,False,True,False,suspect,True,INTERSTITIAL LUNG DISEASE,True,2021-06-02,2021-11-19,170.0,True,False,True,False,True,False,False,False,False
nintedanib,20197476,5,20211217,20220914,2021,JP,JP,5,male,81.0,81.0,801,GAMMA-GLUTAMYLTRANSFERASE INCREASED|INTERSTITIAL LUNG DISEASE|PNEUMONIA,GAMMA-GLUTAMYLTRANSFERASE INCREASED,False,True,False,suspect,True,INTERSTITIAL LUNG DISEASE,True,2021-03-26,2021-06-14,80.0,True,False,True,True,True,True,False,False,False
nintedanib,20202947,2,20211218,20211224,2021,US,US,5,male,,,,DIZZINESS|HEPATIC ENZYME INCREASED|HYPERKALAEMIA|LOSS OF CONSCIOUSNESS,HEPATIC ENZYME INCREASED,False,True,False,concomitant,True,INTERSTITIAL LUNG DISEASE,True,,2021-01-01,,False,False,True,False,False,False,False,False,True
nintedanib,20208599,2,20211220,20211227,2021,US,US,5,female,43.0,43.0,801,DYSPEPSIA|LIVER FUNCTION TEST INCREASED,LIVER FUNCTION TEST INCREASED,False,True,False,suspect,True,INTERSTITIAL LUNG DISEASE|SYSTEMIC SCLEROSIS PULMONARY,True,,2021-12-01,,False,False,False,False,False,False,False,False,False
nintedanib,20216377,4,20211222,20220331,2021,DE,DE,1,female,67.0,67.0,801,CONGESTIVE HEPATOPATHY|COR PULMONALE ACUTE|PULMONARY EMBOLISM|TRANSAMINASES INCREASED,TRANSAMINASES INCREASED,False,True,False,suspect,True,PULMONARY FIBROSIS,True,,2021-11-03,,False,False,True,False,True,False,False,False,True
nintedanib,20235490,2,20211228,20220125,2021,CA,CA,5,male,,,,ABDOMINAL PAIN UPPER|ANXIETY|BONE PAIN|CHEST DISCOMFORT|CONSTIPATION|DECREASED APPETITE|DIARRHOEA|DIZZINESS|DYSPNOEA|FAECAL DISIMPACTION|FATIGUE|FLATULENCE|HYPOTENSION|INSOMNIA|LIVER FUNCTION TEST INCREASED|PAIN|POLLAKIURIA|WEIGHT DECREASED,LIVER FUNCTION TEST INCREASED,False,True,False,suspect,True,IDIOPATHIC PULMONARY FIBROSIS,True,2021-07-14,,,False,False,True,False,True,False,False,False,False
nintedanib,20239621,2,20211228,20211229,2021,US,US,5,male,89.0,89.0,801,ABDOMINAL DISCOMFORT|ASPARTATE AMINOTRANSFERASE INCREASED|BLOOD BILIRUBIN INCREASED|COUGH|LIVER FUNCTION TEST INCREASED|PRURITUS,ASPARTATE AMINOTRANSFERASE INCREASED|BLOOD BILIRUBIN INCREASED|LIVER FUNCTION TEST INCREASED,False,True,True,suspect,True,IDIOPATHIC PULMONARY FIBROSIS|INTERSTITIAL LUNG DISEASE,True,2021-10-17,2021-12-24,68.0,True,False,False,False,False,False,False,False,False
nintedanib,20246653,3,20211229,20240411,2021,ES,ES,1,female,80.0,80.0,801,GENERAL PHYSICAL HEALTH DETERIORATION|HEPATOTOXICITY,HEPATOTOXICITY,True,True,False,suspect,True,SARCOIDOSIS,False,2020-11-03,2021-02-01,90.0,True,False,True,False,False,False,False,False,True
nintedanib,20298584,1,20220105,20220105,2022,DE,DE,1,female,55.0,55.0,801,ABDOMINAL PAIN|ARTHRALGIA|ARTHRITIS|BLOOD ALKALINE PHOSPHATASE INCREASED|CHRONIC OBSTRUCTIVE PULMONARY DISEASE|DEATH|DIARRHOEA|FATIGUE|GAMMA-GLUTAMYLTRANSFERASE INCREASED|INSOMNIA|NAUSEA|PATHOGEN RESISTANCE,BLOOD ALKALINE PHOSPHATASE INCREASED|GAMMA-GLUTAMYLTRANSFERASE INCREASED,False,True,False,suspect,True,LUNG ADENOCARCINOMA,False,2020-10-10,2020-10-12,2.0,True,False,True,True,True,False,False,False,True
nintedanib,20305242,2,20220106,20220121,2022,CA,CA,1,female,75.0,75.0,801,ABDOMINAL DISCOMFORT|ABDOMINAL PAIN LOWER|ABDOMINAL PAIN UPPER|ASTHENIA|CHILLS|CONSTIPATION|DIARRHOEA|DIZZINESS|FATIGUE|GALLBLADDER DISORDER|HEPATITIS|ILLNESS|INFLUENZA|LIVER DISORDER|MALAISE|MOBILITY DECREASED|MUSCLE SPASMS|SLEEP DISORDER|URINARY INCONTINENCE|VOMITING,HEPATITIS|LIVER DISORDER,False,True,False,suspect,True,IDIOPATHIC PULMONARY FIBROSIS,True,2021-11-25,2021-12-02,7.0,True,False,True,False,True,False,False,False,False
nintedanib,20309058,7,20220107,20220519,2022,US,US,5,female,88.0,88.0,801,ABDOMINAL PAIN UPPER|COVID-19|DEAFNESS|DIARRHOEA|DYSURIA|EMPHYSEMA|FEELING ABNORMAL|INFLUENZA LIKE ILLNESS|LIVER FUNCTION TEST INCREASED|MICTURITION DISORDER|NAUSEA|URINE FLOW DECREASED|VOMITING,LIVER FUNCTION TEST INCREASED,False,True,False,suspect,True,IDIOPATHIC PULMONARY FIBROSIS|INTERSTITIAL LUNG DISEASE,True,2021-10-14,2021-10-01,-13.0,False,False,True,False,False,False,False,False,True
nintedanib,20319203,1,20220110,20220110,2022,FR,FR,5,male,66.0,66.0,801,ASCITES|BLOOD BILIRUBIN INCREASED|DECREASED APPETITE|DIARRHOEA|DYSPNOEA|FATIGUE|GASTROOESOPHAGEAL REFLUX DISEASE|HAEMOPTYSIS|HYPOKINESIA|NAIL DISORDER|OEDEMA|RESPIRATORY DISORDER|SPUTUM INCREASED|WEIGHT INCREASED,BLOOD BILIRUBIN INCREASED,False,True,False,suspect,True,IDIOPATHIC PULMONARY FIBROSIS,True,2021-07-05,2021-07-05,0.0,True,False,True,False,True,False,False,False,False
nintedanib,20348112,1,20220118,20220118,2022,US,US,5,female,71.0,71.0,801,ABDOMINAL DISCOMFORT|INTERSTITIAL LUNG DISEASE|LIVER FUNCTION TEST INCREASED|NAUSEA|PNEUMONIA,LIVER FUNCTION TEST INCREASED,False,True,False,suspect,True,INTERSTITIAL LUNG DISEASE,True,2021-04-24,2021-05-12,18.0,True,False,True,False,True,False,False,False,False
nintedanib,20348958,4,20220119,20221024,2022,US,US,5,male,64.0,64.0,801,ABDOMINAL PAIN UPPER|CHEST PAIN|DECREASED APPETITE|DIARRHOEA|GASTRIC DISORDER|IDIOPATHIC PULMONARY FIBROSIS|LIVER DISORDER|NAUSEA|OXYGEN SATURATION ABNORMAL|TINNITUS|VOMITING,LIVER DISORDER,False,True,False,suspect,True,IDIOPATHIC PULMONARY FIBROSIS|INTERSTITIAL LUNG DISEASE,True,2019-07-22,2022-06-03,1047.0,False,False,True,False,False,False,False,False,True
nintedanib,20350891,4,20220119,20220630,2022,JP,JP,3,male,85.0,85.0,801,APHASIA|CEREBRAL INFARCTION|CONTUSION|DECREASED APPETITE|FAECES SOFT|FALL|GAIT DISTURBANCE|GASTRIC HAEMORRHAGE|GASTRIC ULCER|HEPATIC FUNCTION ABNORMAL|ROAD TRAFFIC ACCIDENT|SKIN LACERATION|WEIGHT DECREASED,HEPATIC FUNCTION ABNORMAL,False,True,False,suspect,True,IDIOPATHIC PULMONARY FIBROSIS,True,2021-07-01,2021-07-01,0.0,True,False,True,False,True,False,False,False,True
nintedanib,20356611,4,20220120,20250926,2022,TW,TW,1,female,94.0,94.0,801,DECREASED APPETITE|DIARRHOEA|HEPATIC FUNCTION ABNORMAL|HYPERKALAEMIA,HEPATIC FUNCTION ABNORMAL,False,True,False,suspect,True,IDIOPATHIC PULMONARY FIBROSIS,True,2021-01-22,2021-05-14,112.0,True,False,True,True,True,False,False,False,False
nintedanib,20361657,3,20220121,20220128,2022,JP,JP,1,female,83.0,83.0,801,HEPATIC FUNCTION ABNORMAL|INTERSTITIAL LUNG DISEASE,HEPATIC FUNCTION ABNORMAL,False,True,False,suspect,True,INTERSTITIAL LUNG DISEASE|SYSTEMIC LUPUS ERYTHEMATOSUS,True,2021-10-18,2021-11-01,14.0,True,False,True,True,True,False,False,False,False
nintedanib,20371859,1,20220124,20220124,2022,US,US,1,female,,,,HEPATOTOXICITY,HEPATOTOXICITY,True,True,False,suspect,True,PRODUCT USED FOR UNKNOWN INDICATION,False,,,,False,False,False,False,False,False,False,False,False
nintedanib,20375932,3,20220125,20220211,2022,DE,DE,1,male,68.0,68.0,801,BLOOD BILIRUBIN INCREASED|DIARRHOEA|IMMUNOSUPPRESSION,BLOOD BILIRUBIN INCREASED,False,True,False,suspect,True,NON-SMALL CELL LUNG CANCER,False,2021-10-20,2021-10-01,-19.0,False,False,True,True,False,False,False,False,False
nintedanib,20379086,8,20220126,20220629,2022,JP,JP,3,male,74.0,74.0,801,ANAEMIA|ARRHYTHMIA|BLOOD CHOLESTEROL INCREASED|BODY TEMPERATURE DECREASED|BRONCHITIS|CHEST PAIN|COGNITIVE DISORDER|CONSTIPATION|CONTUSION|DECREASED APPETITE|DECUBITUS ULCER|DIARRHOEA|DYSPHAGIA|EOSINOPHIL COUNT INCREASED|FAECES SOFT|FALL|HAEMORRHAGIC DIATHESIS|HERPES ZOSTER|HYPERGLYCAEMIA|LIVER FUNCTION TEST INCREASED|MENTAL DISORDER|NAUSEA|NOCTURIA|PLATELET COUNT DECREASED|PLEURAL EFFUSION|PNEUMONIA|PNEUMOTHORAX|PRODUCTIVE COUGH|SKIN ABRASION|TONGUE DISCOLOURATION|WHITE BLOOD CELL COUNT INCREASED,LIVER FUNCTION TEST INCREASED,False,True,False,suspect,True,INTERSTITIAL LUNG DISEASE,True,2021-10-14,2021-11-17,34.0,True,False,True,False,True,False,False,False,True
nintedanib,20379554,2,20220126,20220127,2022,ES,ES,5,unknown,63.0,63.0,801,CHILLS|CONSTIPATION|COUGH|CYSTITIS|DECREASED APPETITE|DIARRHOEA|FATIGUE|IDIOPATHIC PULMONARY FIBROSIS|INCREASED BRONCHIAL SECRETION|LIVER FUNCTION TEST INCREASED|NAUSEA|NEPHRITIS|OEDEMA PERIPHERAL|PNEUMONIA|RHINITIS|VOMITING,LIVER FUNCTION TEST INCREASED,False,True,False,suspect,True,IDIOPATHIC PULMONARY FIBROSIS,True,2021-07-04,2021-07-06,2.0,True,False,True,False,False,False,False,False,True
nintedanib,20381301,1,20220127,20220127,2022,US,US,5,female,35.0,35.0,801,HEPATIC ENZYME INCREASED,HEPATIC ENZYME INCREASED,False,True,False,concomitant,True,PRODUCT USED FOR UNKNOWN INDICATION,False,,2021-01-01,,False,False,False,False,False,False,False,False,False
nintedanib,20383449,6,20220127,20220526,2022,US,US,5,female,83.0,83.0,801,ACUTE KIDNEY INJURY|ATRIAL FIBRILLATION|BLOOD POTASSIUM INCREASED|CARDIAC DISORDER|COUGH|CYSTITIS|DIARRHOEA|HAEMATURIA|HAEMORRHAGE|HEPATIC ENZYME INCREASED|INFECTION|NAUSEA|OCCULT BLOOD POSITIVE|PERIPHERAL SWELLING|RETCHING|VOMITING,HEPATIC ENZYME INCREASED,False,True,False,suspect,True,IDIOPATHIC PULMONARY FIBROSIS,True,2021-03-01,2021-01-01,-59.0,False,False,True,False,True,False,False,False,True
nintedanib,20385982,3,20220127,20220207,2022,DE,DE,1,male,68.0,68.0,801,BLOOD BILIRUBIN INCREASED|DIARRHOEA|IMMUNOSUPPRESSION,BLOOD BILIRUBIN INCREASED,False,True,False,suspect,True,NON-SMALL CELL LUNG CANCER,False,2021-10-20,2021-10-01,-19.0,False,False,True,True,False,False,False,False,False
nintedanib,20387490,1,20220127,20220127,2022,BG,BG,1,female,71.0,71.0,801,ALANINE AMINOTRANSFERASE INCREASED|ASPARTATE AMINOTRANSFERASE INCREASED|COVID-19|DIARRHOEA,ALANINE AMINOTRANSFERASE INCREASED|ASPARTATE AMINOTRANSFERASE INCREASED,False,True,False,suspect,True,IDIOPATHIC PULMONARY FIBROSIS,True,2021-11-16,,,False,False,True,False,True,False,False,False,False
nintedanib,20388565,7,20220128,20220630,2022,US,US,5,female,63.0,63.0,801,ABDOMINAL PAIN UPPER|CHEST DISCOMFORT|HEADACHE|HEPATIC ENZYME INCREASED|HYPOAESTHESIA|PARAESTHESIA|PRURITUS|WEIGHT INCREASED,HEPATIC ENZYME INCREASED,False,True,False,suspect,True,INTERSTITIAL LUNG DISEASE|PULMONARY FIBROSIS,True,2022-01-14,2021-12-01,-44.0,False,False,True,False,False,False,False,False,True
nintedanib,20389348,1,20220128,20220128,2022,DE,DE,1,male,68.0,68.0,801,BLOOD BILIRUBIN INCREASED|DIARRHOEA|IMMUNOSUPPRESSION,BLOOD BILIRUBIN INCREASED,False,True,False,suspect,True,NON-SMALL CELL LUNG CANCER,False,2021-10-20,2021-10-01,-19.0,False,False,True,True,False,False,False,False,False
nintedanib,20412678,1,20220201,20220201,2022,US,US,5,male,,,,LIVER DISORDER,LIVER DISORDER,False,True,False,suspect,True,PRODUCT USED FOR UNKNOWN INDICATION,False,,,,False,False,False,False,False,False,False,False,False
nintedanib,20416009,1,20220202,20220202,2022,RU,RU,1,male,54.0,54.0,801,ALANINE AMINOTRANSFERASE INCREASED|ASPARTATE AMINOTRANSFERASE INCREASED|EPISTAXIS,ALANINE AMINOTRANSFERASE INCREASED|ASPARTATE AMINOTRANSFERASE INCREASED,False,True,False,suspect,True,HYPERSENSITIVITY PNEUMONITIS,False,,2021-12-01,,False,False,True,False,False,False,False,False,True
nintedanib,20419401,3,20220203,20220217,2022,DE,DE,1,male,68.0,68.0,801,BLOOD BILIRUBIN INCREASED|DIARRHOEA|IMMUNOSUPPRESSION,BLOOD BILIRUBIN INCREASED,False,True,False,suspect,True,NON-SMALL CELL LUNG CANCER,False,2021-10-20,2021-10-01,-19.0,False,False,True,True,False,False,False,False,True
nintedanib,20423579,1,20220203,20220203,2022,US,US,5,male,62.0,62.0,801,JAUNDICE,JAUNDICE,False,True,False,suspect,True,IDIOPATHIC PULMONARY FIBROSIS,True,2022-01-23,2022-02-02,10.0,True,False,False,False,False,False,False,False,False
nintedanib,20473334,1,20220215,20220215,2022,US,US,5,male,74.0,74.0,801,CONSTIPATION|DIARRHOEA|HAEMORRHOIDAL HAEMORRHAGE|HEPATIC ENZYME INCREASED|LIVER DISORDER|RENAL DISORDER,HEPATIC ENZYME INCREASED|LIVER DISORDER,False,True,False,suspect,True,PULMONARY FIBROSIS,True,2021-09-21,2021-09-28,7.0,True,False,True,False,True,False,False,False,False
nintedanib,20474662,2,20220215,20220225,2022,BR,BR,5,male,72.0,72.0,801,CONFUSIONAL STATE|DIZZINESS|LIVER DISORDER|PYREXIA,LIVER DISORDER,False,True,False,suspect,True,IDIOPATHIC PULMONARY FIBROSIS,True,2022-01-19,2022-02-04,16.0,True,False,True,False,True,False,False,False,False
nintedanib,20474824,1,20220215,20220215,2022,US,US,5,male,87.0,87.0,801,CHEST PAIN|DRUG INEFFECTIVE|DRUG INTERACTION|DYSPNOEA|HEPATIC ENZYME INCREASED|HIATUS HERNIA|IDIOPATHIC PULMONARY FIBROSIS|JOINT SWELLING|NAUSEA|PNEUMONIA|PROCEDURAL PAIN|WEIGHT DECREASED,HEPATIC ENZYME INCREASED,False,True,False,suspect,True,IDIOPATHIC PULMONARY FIBROSIS,True,2020-03-04,2020-01-01,-63.0,False,False,True,False,True,False,False,False,True
nintedanib,20476395,1,20220215,20220215,2022,US,US,5,unknown,,,,HEPATOTOXICITY,HEPATOTOXICITY,True,True,False,suspect,True,PRODUCT USED FOR UNKNOWN INDICATION,False,,,,False,False,False,False,False,False,False,False,False
nintedanib,20508509,3,20220223,20220614,2022,US,US,5,male,79.0,79.0,801,COUGH|DEFAECATION URGENCY|DIARRHOEA|DYSPNOEA|DYSPNOEA EXERTIONAL|HEPATIC ENZYME INCREASED|NASOPHARYNGITIS|PRODUCTIVE COUGH|RESPIRATORY SYNCYTIAL VIRUS INFECTION|RHINORRHOEA|SNEEZING|TOTAL LUNG CAPACITY DECREASED,HEPATIC ENZYME INCREASED,False,True,False,suspect,True,IDIOPATHIC PULMONARY FIBROSIS,True,2021-08-20,2021-08-20,0.0,True,False,True,False,True,False,False,False,False
nintedanib,20514902,2,20220224,20220403,2022,BR,BR,5,female,49.0,49.0,801,ABDOMINAL PAIN|ALANINE AMINOTRANSFERASE ABNORMAL|ASPARTATE AMINOTRANSFERASE ABNORMAL|BLOOD BILIRUBIN ABNORMAL|DECREASED APPETITE|DIARRHOEA|DYSGEUSIA|FEELING ABNORMAL|GAMMA-GLUTAMYLTRANSFERASE ABNORMAL|HEPATIC CIRRHOSIS|IDIOPATHIC PULMONARY FIBROSIS|LIVER FUNCTION TEST ABNORMAL|MOTION SICKNESS|MULTIPLE ORGAN DYSFUNCTION SYNDROME|NAUSEA,LIVER FUNCTION TEST ABNORMAL,False,True,False,suspect,True,IDIOPATHIC PULMONARY FIBROSIS|SCLERODERMA,True,,2019-04-01,,False,False,True,False,False,False,False,False,True
nintedanib,20521034,2,20220225,20220321,2022,US,US,5,male,68.0,68.0,801,COUGH|LIVER FUNCTION TEST INCREASED|SLEEP DISORDER|STRESS,LIVER FUNCTION TEST INCREASED,False,True,False,suspect,True,IDIOPATHIC PULMONARY FIBROSIS,True,2022-01-25,2022-01-25,0.0,True,False,False,False,False,False,False,False,False
nintedanib,20534335,1,20220302,20220302,2022,GB,GB,5,male,,,,BILIARY OBSTRUCTION|BLOOD TEST ABNORMAL|HEPATIC FUNCTION ABNORMAL,HEPATIC FUNCTION ABNORMAL,False,True,False,suspect,True,PRODUCT USED FOR UNKNOWN INDICATION,False,,,,False,False,True,False,False,False,False,False,True
nintedanib,20551600,3,20220304,20220623,2022,US,US,1,female,58.0,58.0,801,ARTHRALGIA|JOINT SWELLING|LIVER FUNCTION TEST INCREASED|MOBILITY DECREASED,LIVER FUNCTION TEST INCREASED,False,True,False,concomitant,True,IDIOPATHIC PULMONARY FIBROSIS,True,,2022-05-01,,False,False,False,False,False,False,False,False,False
nintedanib,20554553,1,20220304,20220304,2022,IN,IN,3,male,70.0,70.0,801,HEPATIC NECROSIS|HEPATITIS,HEPATIC NECROSIS|HEPATITIS,True,True,False,suspect,True,PULMONARY FIBROSIS,True,,,,False,False,True,False,False,False,False,False,True
nintedanib,20558442,3,20220307,20220316,2022,CA,CA,5,female,69.0,69.0,801,ABDOMINAL DISTENSION|ABDOMINAL PAIN|ABDOMINAL PAIN UPPER|ACCIDENTAL OVERDOSE|BURNS SECOND DEGREE|CONFUSIONAL STATE|CONSTIPATION|DIARRHOEA|DIZZINESS|FATIGUE|HYPOPHAGIA|LIVER DISORDER|MALAISE|NAUSEA|PERIPHERAL SWELLING|RALES|SOMNOLENCE|UNRESPONSIVE TO STIMULI|VOMITING|WEIGHT DECREASED,LIVER DISORDER,False,True,False,suspect,True,IDIOPATHIC PULMONARY FIBROSIS,True,2022-01-26,2022-03-01,34.0,True,False,True,False,True,False,True,False,False
nintedanib,20562615,1,20220307,20220307,2022,US,US,5,female,,,,LIVER DISORDER,LIVER DISORDER,False,True,False,suspect,True,PRODUCT USED FOR UNKNOWN INDICATION,False,,,,False,False,False,False,False,False,False,False,False
nintedanib,20566838,1,20220308,20220308,2022,SI,SI,1,female,64.0,64.0,801,ABDOMINAL PAIN|COVID-19|DIARRHOEA|HEPATIC ENZYME INCREASED|LIVER DISORDER,HEPATIC ENZYME INCREASED|LIVER DISORDER,False,True,False,suspect,True,INTERSTITIAL LUNG DISEASE|PULMONARY FIBROSIS,True,2021-12-21,2022-02-17,58.0,True,False,True,False,True,False,False,False,False
nintedanib,20573459,1,20220309,20220309,2022,US,US,5,female,80.0,80.0,801,ABDOMINAL PAIN UPPER|ASTHENIA|BLOOD PRESSURE INCREASED|BOWEL MOVEMENT IRREGULARITY|CONSTIPATION|DECREASED APPETITE|DIARRHOEA|FATIGUE|HEADACHE|HEPATIC ENZYME INCREASED|LIVER DISORDER|NAUSEA|RENAL DISORDER|RENAL IMPAIRMENT|VOMITING,HEPATIC ENZYME INCREASED|LIVER DISORDER,False,True,False,suspect,True,IDIOPATHIC PULMONARY FIBROSIS,True,2021-07-19,2021-10-11,84.0,True,False,True,False,True,False,False,False,False
nintedanib,20581683,13,20220311,20230327,2022,US,US,5,male,72.0,72.0,801,ABDOMINAL DISCOMFORT|ABDOMINAL PAIN|ABDOMINAL PAIN UPPER|APATHY|ASTHENIA|COLITIS|COLONOSCOPY ABNORMAL|COUGH|DECREASED APPETITE|DEPRESSED MOOD|DEPRESSION|DIARRHOEA|DYSPNOEA EXERTIONAL|FAECES SOFT|FATIGUE|FLATULENCE|HAEMATOCHEZIA|HEPATIC ENZYME INCREASED|HYPERTENSION|LIVER FUNCTION TEST INCREASED|LOCALISED INFECTION|MOOD ALTERED|MOOD SWINGS|NAUSEA|OXYGEN SATURATION DECREASED|PULMONARY FUNCTION TEST DECREASED|TOTAL LUNG CAPACITY DECREASED|WEIGHT DECREASED|WEIGHT FLUCTUATION|WEIGHT INCREASED,HEPATIC ENZYME INCREASED|LIVER FUNCTION TEST INCREASED,False,True,False,suspect,True,IDIOPATHIC PULMONARY FIBROSIS,True,2021-09-01,2022-11-01,426.0,False,False,True,False,False,False,False,False,True
nintedanib,20610136,1,20220318,20220318,2022,DE,DE,1,male,,,,ACUTE HEPATIC FAILURE,ACUTE HEPATIC FAILURE,True,True,False,suspect,True,IDIOPATHIC PULMONARY FIBROSIS,True,,,,False,False,True,False,False,False,False,False,True
nintedanib,20611413,4,20220318,20221019,2022,US,US,5,male,76.0,76.0,801,ABDOMINAL DISCOMFORT|BLOOD BILIRUBIN INCREASED|CHOKING|CONSTIPATION|DECREASED APPETITE|FALL|FLATULENCE|HEAD INJURY|HYPOTENSION|NASAL CONGESTION|NAUSEA|OEDEMA PERIPHERAL|OXYGEN SATURATION DECREASED|PERIPHERAL SWELLING|PRODUCTIVE COUGH|PULMONARY HYPERTENSION|SYNCOPE|VOMITING|WEIGHT DECREASED,BLOOD BILIRUBIN INCREASED,False,True,False,suspect,True,IDIOPATHIC PULMONARY FIBROSIS,True,2021-12-04,2022-02-05,63.0,True,False,True,False,True,False,False,False,True
nintedanib,20618868,3,20220322,20220920,2022,CA,CA,5,male,73.0,73.0,801,BLOOD BILIRUBIN INCREASED|COVID-19|DIARRHOEA|DYSPNOEA|GASTROINTESTINAL SOUNDS ABNORMAL|HERPES ZOSTER|IDIOPATHIC PULMONARY FIBROSIS|RASH,BLOOD BILIRUBIN INCREASED,False,True,False,suspect,True,IDIOPATHIC PULMONARY FIBROSIS,True,2020-08-26,2021-03-09,195.0,True,False,True,False,False,False,False,False,True
nintedanib,20629616,12,20220323,20240410,2022,DE,DE,1,female,66.0,66.0,801,ALANINE AMINOTRANSFERASE INCREASED|ASPARTATE AMINOTRANSFERASE INCREASED|ASTHENIA|DECREASED APPETITE|RENAL FAILURE,ALANINE AMINOTRANSFERASE INCREASED|ASPARTATE AMINOTRANSFERASE INCREASED,False,True,False,suspect,True,LUNG ADENOCARCINOMA,False,2022-02-15,2022-02-22,7.0,True,False,True,True,True,True,False,False,False
nintedanib,20629744,2,20220323,20220331,2022,KW,KW,1,unknown,,,,BLOOD ALKALINE PHOSPHATASE INCREASED|DEATH,BLOOD ALKALINE PHOSPHATASE INCREASED,False,True,False,suspect,True,RHEUMATOID ARTHRITIS-ASSOCIATED INTERSTITIAL LUNG DISEASE,True,,,,False,False,True,True,False,False,False,False,True
nintedanib,20642246,1,20220328,20220328,2022,DE,DE,1,female,55.0,55.0,801,ABDOMINAL PAIN|ARTHRALGIA|ARTHRITIS|BLOOD ALKALINE PHOSPHATASE INCREASED|CHRONIC OBSTRUCTIVE PULMONARY DISEASE|DEATH|DIARRHOEA|FATIGUE|GAMMA-GLUTAMYLTRANSFERASE INCREASED|INSOMNIA|NAUSEA|PATHOGEN RESISTANCE,BLOOD ALKALINE PHOSPHATASE INCREASED|GAMMA-GLUTAMYLTRANSFERASE INCREASED,False,True,False,suspect,True,LUNG ADENOCARCINOMA,False,2020-10-10,2020-12-01,52.0,True,False,True,True,True,False,False,False,True
nintedanib,20643184,1,20220328,20220328,2022,IT,IT,1,female,77.0,77.0,801,HEPATOTOXICITY,HEPATOTOXICITY,True,True,False,suspect,True,IDIOPATHIC PULMONARY FIBROSIS,True,2021-08-11,2021-08-25,14.0,True,False,True,False,False,False,False,False,True
nintedanib,20644098,1,20220328,20220328,2022,IT,IT,1,female,82.0,82.0,801,HEPATOTOXICITY,HEPATOTOXICITY,True,True,False,suspect,True,IDIOPATHIC PULMONARY FIBROSIS,True,,2022-03-03,,False,False,True,False,False,False,False,False,True
nintedanib,20645721,1,20220328,20220328,2022,US,,5,male,75.0,75.0,801,ABDOMINAL DISCOMFORT|ARRHYTHMIA|ATRIAL FIBRILLATION|BLOOD PRESSURE INCREASED|CONSTIPATION|DIARRHOEA|DIZZINESS|DYSPNOEA|GASTROOESOPHAGEAL REFLUX DISEASE|HAEMORRHOIDS|LIVER FUNCTION TEST INCREASED|NERVE COMPRESSION|PULMONARY FUNCTION TEST ABNORMAL|WEIGHT DECREASED,LIVER FUNCTION TEST INCREASED,False,True,False,suspect,True,PULMONARY FIBROSIS,True,2021-09-02,,,False,False,False,False,False,False,False,False,False
nintedanib,20646254,6,20220329,20230404,2022,CA,CA,5,male,76.0,76.0,801,BLOOD LACTATE DEHYDROGENASE INCREASED|DECREASED APPETITE|DIARRHOEA|HEPATIC CIRRHOSIS|LIVER DISORDER|LYMPHOMA|NAUSEA|PRODUCTIVE COUGH|PRURITUS|PULMONARY FUNCTION TEST DECREASED|PULMONARY PAIN|RESPIRATORY TRACT IRRITATION|WEIGHT DECREASED,LIVER DISORDER,False,True,False,suspect,True,IDIOPATHIC PULMONARY FIBROSIS|INTERSTITIAL LUNG DISEASE,True,2020-11-25,2022-01-01,402.0,False,False,True,False,False,False,False,False,True
nintedanib,20687711,1,20220408,20220408,2022,US,US,5,female,,,,ABNORMAL FAECES|DIARRHOEA|DRUG ERUPTION|DYSGEUSIA|FLATULENCE|HEADACHE|HEPATIC ENZYME INCREASED|NAUSEA|PERIPHERAL SWELLING|PRURITUS|RASH|URTICARIA|VOMITING|WEIGHT INCREASED,HEPATIC ENZYME INCREASED,False,True,False,suspect,True,IDIOPATHIC PULMONARY FIBROSIS,True,2021-04-15,2021-01-01,-104.0,False,False,False,False,False,False,False,False,False
nintedanib,20690435,3,20220408,20230713,2022,CA,CA,5,female,67.0,67.0,801,ANGINA PECTORIS|BLOOD PRESSURE DECREASED|BLOOD PRESSURE INCREASED|BUNDLE BRANCH BLOCK LEFT|CHEST PAIN|CONDITION AGGRAVATED|CONSTIPATION|DIZZINESS|DYSPEPSIA|DYSPNOEA|ERYTHEMA|FATIGUE|HOT FLUSH|IDIOPATHIC PULMONARY FIBROSIS|LIP SWELLING|LIVER DISORDER|MOBILITY DECREASED|NASAL CONGESTION|NASOPHARYNGITIS|NAUSEA|NEOPLASM MALIGNANT|ORAL HERPES|POOR QUALITY PRODUCT ADMINISTERED|PRODUCT STORAGE ERROR|PSORIASIS|PYREXIA|SEASONAL ALLERGY|SKIN ATROPHY|SKIN BURNING SENSATION|STRESS|TOTAL LUNG CAPACITY DECREASED|URTICARIA|VOMITING,LIVER DISORDER,False,True,False,suspect,True,IDIOPATHIC PULMONARY FIBROSIS,True,,,,False,True,True,True,False,True,False,False,True
nintedanib,20692690,18,20220409,20240224,2022,CH,CH,5,male,68.0,68.0,801,BLEPHAROSPASM|COUGH|COVID-19|DECREASED APPETITE|DEPRESSED MOOD|DEPRESSION|DIARRHOEA|DYSPNOEA EXERTIONAL|FATIGUE|HEADACHE|HEPATIC ENZYME INCREASED|INTENTIONAL PRODUCT USE ISSUE|SINUSITIS|THROMBOSIS|WEIGHT DECREASED|WEIGHT INCREASED,HEPATIC ENZYME INCREASED,False,True,False,suspect,True,IDIOPATHIC PULMONARY FIBROSIS|SJOGREN^S SYNDROME,True,2021-06-20,2021-07-04,14.0,True,False,True,False,True,False,False,False,False
nintedanib,20722988,1,20220419,20220419,2022,HR,HR,1,female,63.0,63.0,801,ALANINE AMINOTRANSFERASE INCREASED|COVID-19|DISEASE PROGRESSION|HEPATIC LESION|NAIL DISORDER|PARAESTHESIA|STOMATITIS,ALANINE AMINOTRANSFERASE INCREASED,False,True,False,suspect,True,LUNG ADENOCARCINOMA,False,,,,False,False,True,False,True,False,False,False,True
nintedanib,20740698,1,20220422,20220422,2022,US,US,5,male,70.0,70.0,801,ABDOMINAL DISTENSION|ABDOMINAL PAIN UPPER|ASTHENIA|DECREASED APPETITE|DEHYDRATION|DIARRHOEA|DYSPEPSIA|FAECES DISCOLOURED|FATIGUE|FEEDING DISORDER|HAEMATOCHEZIA|HAEMORRHOIDS|HEART RATE DECREASED|HEPATITIS C|HYPOGLYCAEMIA|LIVER FUNCTION TEST ABNORMAL|LIVER FUNCTION TEST INCREASED|MUSCLE SPASMS|NAUSEA|OBSTRUCTION|OEDEMA|OROPHARYNGEAL PAIN|PERIPHERAL VASCULAR DISORDER|SLEEP APNOEA SYNDROME|SNORING|STENT PLACEMENT|THROMBOSIS|UPPER RESPIRATORY TRACT INFECTION|VASCULAR OCCLUSION|VOMITING|WEIGHT DECREASED|WEIGHT INCREASED,LIVER FUNCTION TEST ABNORMAL|LIVER FUNCTION TEST INCREASED,False,True,False,suspect,True,IDIOPATHIC PULMONARY FIBROSIS,True,2021-01-14,2021-01-01,-13.0,False,False,True,False,True,False,False,False,True
nintedanib,20743422,1,20220425,20220425,2022,US,US,3,female,69.0,69.0,801,ABNORMAL DREAMS|AGEUSIA|ALOPECIA|BALANCE DISORDER|CONSTIPATION|DEPRESSION|DIARRHOEA|DISTURBANCE IN ATTENTION|DYSPEPSIA|FATIGUE|FEELING ABNORMAL|GASTROOESOPHAGEAL REFLUX DISEASE|GENERAL PHYSICAL HEALTH DETERIORATION|LIVER FUNCTION TEST INCREASED|MEMORY IMPAIRMENT|MULTIPLE ALLERGIES|NAUSEA|NIGHTMARE|TREMOR|VOMITING,LIVER FUNCTION TEST INCREASED,False,True,False,suspect,True,IDIOPATHIC PULMONARY FIBROSIS|INTERSTITIAL LUNG DISEASE,True,2021-06-01,2021-06-01,0.0,True,False,False,False,False,False,False,False,False
nintedanib,20744073,1,20220425,20220425,2022,CH,CH,1,female,,,,FIBROSIS|GAMMA-GLUTAMYLTRANSFERASE INCREASED|LUNG ADENOCARCINOMA|PNEUMONITIS|TRANSAMINASES INCREASED,GAMMA-GLUTAMYLTRANSFERASE INCREASED|TRANSAMINASES INCREASED,False,True,False,suspect,True,INTERSTITIAL LUNG DISEASE,True,,2021-11-01,,False,False,True,False,False,False,False,False,True
nintedanib,20746972,1,20220425,20220425,2022,US,US,5,unknown,,,,HEPATIC ENZYME INCREASED|RENAL FAILURE,HEPATIC ENZYME INCREASED,False,True,False,suspect,True,PRODUCT USED FOR UNKNOWN INDICATION,False,,,,False,False,True,False,True,False,False,False,True
nintedanib,20748861,3,20220426,20220928,2022,US,US,3,female,70.0,70.0,801,ABNORMAL DREAMS|AGEUSIA|ALOPECIA|ARTHRALGIA|BALANCE DISORDER|BLOOD SODIUM DECREASED|CONSTIPATION|DEPRESSION|DIARRHOEA|DISTURBANCE IN ATTENTION|DYSPEPSIA|FATIGUE|FEELING ABNORMAL|GASTROOESOPHAGEAL REFLUX DISEASE|GENERAL PHYSICAL HEALTH DETERIORATION|LIVER FUNCTION TEST INCREASED|MEMORY IMPAIRMENT|MULTIPLE ALLERGIES|NAUSEA|NIGHTMARE|TASTE DISORDER|TREMOR|VOMITING,LIVER FUNCTION TEST INCREASED,False,True,False,suspect,True,IDIOPATHIC PULMONARY FIBROSIS|INTERSTITIAL LUNG DISEASE,True,2021-06-01,2021-12-01,183.0,True,False,False,False,False,False,False,False,False
nintedanib,20749212,1,20220426,20220426,2022,IT,IT,1,female,74.0,74.0,801,HEPATOTOXICITY,HEPATOTOXICITY,True,True,False,suspect,True,IDIOPATHIC PULMONARY FIBROSIS,True,2022-01-24,2022-03-22,57.0,True,False,True,False,False,False,False,False,True
nintedanib,20749895,1,20220426,20220426,2022,CH,CH,1,male,70.0,70.0,801,HEPATIC CIRRHOSIS|TRANSAMINASES INCREASED,TRANSAMINASES INCREASED,False,True,False,suspect,True,PRODUCT USED FOR UNKNOWN INDICATION,False,,,,False,False,True,False,False,False,False,False,True
nintedanib,20754795,1,20220427,20220427,2022,US,US,5,male,,,,JAUNDICE|NAUSEA|PANCREATITIS ACUTE,JAUNDICE,False,True,False,suspect,True,IDIOPATHIC PULMONARY FIBROSIS,True,2022-03-24,,,False,False,True,False,True,False,False,False,True
nintedanib,20755370,1,20220427,20220427,2022,BI,US,5,female,76.0,76.0,801,JAUNDICE|PANCREATITIS,JAUNDICE,False,True,False,suspect,True,IDIOPATHIC PULMONARY FIBROSIS,True,2022-03-23,2022-04-16,24.0,True,False,True,False,True,False,False,False,True
nintedanib,20755535,1,20220427,20220427,2022,CA,CA,1,male,77.0,77.0,801,BLOOD ALKALINE PHOSPHATASE INCREASED|METASTASES TO BONE|NEOPLASM MALIGNANT,BLOOD ALKALINE PHOSPHATASE INCREASED,False,True,False,suspect,True,PRODUCT USED FOR UNKNOWN INDICATION,False,,,,False,False,True,False,False,False,False,False,True
nintedanib,20760108,2,20220428,20221114,2022,US,US,5,male,75.0,75.0,801,ABDOMINAL DISCOMFORT|ANXIETY|CARDIAC FAILURE CONGESTIVE|DYSPNOEA|FACIAL DISCOMFORT|FATIGUE|HEADACHE|HEPATIC ENZYME INCREASED|PARANASAL SINUS DISCOMFORT|PRODUCTIVE COUGH|RESPIRATORY TRACT CONGESTION|RHINORRHOEA,HEPATIC ENZYME INCREASED,False,True,False,suspect,True,IDIOPATHIC PULMONARY FIBROSIS,True,2022-01-18,2022-01-01,-17.0,False,False,True,False,False,False,False,False,True
nintedanib,20777228,1,20220503,20220503,2022,JP,JP,2,male,75.0,75.0,801,HEPATIC ENZYME INCREASED|SARS-COV-2 TEST POSITIVE,HEPATIC ENZYME INCREASED,False,True,False,suspect,True,INTERSTITIAL LUNG DISEASE,True,2022-03-02,2022-03-04,2.0,True,False,True,False,True,False,False,False,False
nintedanib,20788254,1,20220505,20220505,2022,US,US,5,female,76.0,76.0,801,JAUNDICE|PANCREATITIS,JAUNDICE,False,True,False,suspect,True,IDIOPATHIC PULMONARY FIBROSIS,True,2022-03-23,2022-04-16,24.0,True,False,True,False,True,False,False,False,True
nintedanib,20807661,3,20220510,20221019,2022,CA,CA,5,male,75.0,75.0,801,ABDOMINAL PAIN|ABDOMINAL PAIN UPPER|ASTHENIA|BLOOD IRON DECREASED|CHILLS|COUGH|DECREASED APPETITE|DIARRHOEA|DIZZINESS|DYSPNOEA|EATING DISORDER|FAECES SOFT|FEELING ABNORMAL|FLATULENCE|HEADACHE|HEART RATE INCREASED|HEPATIC ENZYME INCREASED|INSOMNIA|MOBILITY DECREASED|NAUSEA|WEIGHT DECREASED,HEPATIC ENZYME INCREASED,False,True,False,suspect,True,IDIOPATHIC PULMONARY FIBROSIS,True,2020-04-09,2020-01-01,-99.0,False,False,True,False,False,False,True,False,True
nintedanib,20824012,1,20220513,20220513,2022,SI,SI,1,female,58.0,58.0,801,DIARRHOEA|EPISTAXIS|FATIGUE|HYPERTENSION|LIVER FUNCTION TEST INCREASED|METASTASES TO CENTRAL NERVOUS SYSTEM|SEIZURE|VERTIGO,LIVER FUNCTION TEST INCREASED,False,True,False,suspect,True,PRODUCT USED FOR UNKNOWN INDICATION,False,,2020-12-01,,False,False,True,False,False,False,False,False,True
nintedanib,20831440,1,20220516,20220516,2022,US,US,5,female,,,,ABDOMINAL PAIN UPPER|COUGH|DECREASED APPETITE|HEADACHE|LIVER FUNCTION TEST INCREASED|RHINORRHOEA|WALKING DISABILITY,LIVER FUNCTION TEST INCREASED,False,True,False,suspect,True,IDIOPATHIC PULMONARY FIBROSIS,True,,,,False,False,False,False,False,False,False,False,False
nintedanib,20846751,2,20220519,20220606,2022,JP,JP,1,female,71.0,71.0,801,LIVER DISORDER|LUNG ADENOCARCINOMA,LIVER DISORDER,False,True,False,suspect,True,INTERSTITIAL LUNG DISEASE|SYSTEMIC SCLERODERMA,True,,,,False,False,True,False,True,False,False,False,True
nintedanib,20856237,5,20220520,20220802,2022,US,US,5,male,70.0,70.0,801,ABDOMINAL PAIN LOWER|ABDOMINAL PAIN UPPER|ASTHENIA|CHEST DISCOMFORT|CHEST PAIN|CHROMATURIA|COUGH|DIARRHOEA|DYSPNOEA|FATIGUE|GAIT INABILITY|GALLBLADDER DISORDER|HEPATIC ENZYME INCREASED|HYPOPNOEA|ILLNESS|MALAISE|MUSCLE SPASMS|MUSCULAR WEAKNESS|OEDEMA PERIPHERAL|OXYGEN SATURATION DECREASED|RENAL DISORDER|SOMNOLENCE|THROAT TIGHTNESS|VOMITING,HEPATIC ENZYME INCREASED,False,True,False,suspect,True,IDIOPATHIC PULMONARY FIBROSIS,True,2022-05-19,2022-05-20,1.0,True,False,True,False,True,False,False,False,False
nintedanib,20857848,2,20220521,20220525,2022,US,US,3,male,53.0,53.0,801,ABDOMINAL PAIN|CARDIAC FAILURE CONGESTIVE|DECREASED APPETITE|DEHYDRATION|DIARRHOEA|DYSPNOEA EXERTIONAL|HEPATIC ENZYME INCREASED|INAPPROPRIATE SCHEDULE OF PRODUCT ADMINISTRATION|NAUSEA|OFF LABEL USE|PERICARDIAL EFFUSION|PLEURAL EFFUSION|PNEUMONIA BACTERIAL|PULMONARY FIBROSIS|SYNCOPE|WEIGHT DECREASED,HEPATIC ENZYME INCREASED,False,True,False,suspect,True,IDIOPATHIC PULMONARY FIBROSIS|SYSTEMIC SCLEROSIS PULMONARY,True,2020-10-06,2020-09-26,-10.0,False,False,True,False,True,False,False,False,True
nintedanib,20859262,8,20220523,20230205,2022,CH,CH,1,female,78.0,78.0,801,ABDOMINAL PAIN|DIARRHOEA|FATIGUE|FOLATE DEFICIENCY|GASTROINTESTINAL INFLAMMATION|HEPATIC ENZYME INCREASED|IDIOPATHIC PULMONARY FIBROSIS|LIVER FUNCTION TEST ABNORMAL|LIVER FUNCTION TEST INCREASED|PNEUMONIA|RASH|RECTAL CANCER|RENAL FUNCTION TEST ABNORMAL|WEIGHT DECREASED,HEPATIC ENZYME INCREASED|LIVER FUNCTION TEST ABNORMAL|LIVER FUNCTION TEST INCREASED,False,True,False,suspect,True,IDIOPATHIC PULMONARY FIBROSIS,True,2020-11-12,2020-12-04,22.0,True,False,True,True,False,False,False,False,True
nintedanib,20868406,2,20220524,20220604,2022,DE,DE,1,female,60.0,60.0,801,ALANINE AMINOTRANSFERASE INCREASED|ASPARTATE AMINOTRANSFERASE INCREASED|GAMMA-GLUTAMYLTRANSFERASE INCREASED|OSTEONECROSIS OF JAW,ALANINE AMINOTRANSFERASE INCREASED|ASPARTATE AMINOTRANSFERASE INCREASED|GAMMA-GLUTAMYLTRANSFERASE INCREASED,False,True,False,suspect,True,LUNG ADENOCARCINOMA,False,2021-01-12,2021-01-14,2.0,True,False,True,False,True,False,False,False,True
nintedanib,20871926,1,20220525,20220525,2022,JP,JP,1,male,59.0,59.0,801,HEPATIC FUNCTION ABNORMAL|INTERSTITIAL LUNG DISEASE|PNEUMOTHORAX,HEPATIC FUNCTION ABNORMAL,False,True,False,suspect,True,IDIOPATHIC INTERSTITIAL PNEUMONIA,False,,2017-06-23,,False,False,True,True,True,True,False,False,True
nintedanib,20872959,1,20220525,20220525,2022,CA,CA,5,female,76.0,76.0,801,DRUG INTOLERANCE|HEPATIC FAILURE|MOVEMENT DISORDER|SHOCK|TREMOR,HEPATIC FAILURE,True,True,False,suspect,True,IDIOPATHIC PULMONARY FIBROSIS,True,2020-05-30,2020-06-01,2.0,True,False,True,False,True,True,False,False,True
nintedanib,20880578,2,20220526,20220613,2022,US,US,5,female,,,,HEPATIC ENZYME INCREASED|INCREASED VISCOSITY OF BRONCHIAL SECRETION|LIVER FUNCTION TEST INCREASED|SPUTUM INCREASED,HEPATIC ENZYME INCREASED|LIVER FUNCTION TEST INCREASED,False,True,False,suspect,True,PRODUCT USED FOR UNKNOWN INDICATION,False,,2022-04-01,,False,False,False,False,False,False,False,False,False
nintedanib,20881059,1,20220526,20220526,2022,US,US,5,male,66.0,66.0,801,CARDIAC DISORDER|COVID-19|DECREASED APPETITE|DECUBITUS ULCER|DIARRHOEA|DIZZINESS|GASTROINTESTINAL MOTILITY DISORDER|HAEMORRHAGE|HEADACHE|LIVER DISORDER|OXYGEN SATURATION DECREASED|RASH|RENAL DISORDER|SINUS HEADACHE|THROMBOSIS,LIVER DISORDER,False,True,False,suspect,True,PULMONARY FIBROSIS,True,,2022-02-16,,False,False,True,False,True,False,False,False,False
nintedanib,20881733,6,20220527,20240408,2022,DE,DE,1,female,66.0,66.0,801,ACUTE KIDNEY INJURY|ALANINE AMINOTRANSFERASE INCREASED|ASPARTATE AMINOTRANSFERASE INCREASED|ASTHENIA|DECREASED APPETITE|RENAL FAILURE,ALANINE AMINOTRANSFERASE INCREASED|ASPARTATE AMINOTRANSFERASE INCREASED,False,True,False,suspect,True,LUNG ADENOCARCINOMA,False,2022-02-15,2022-02-22,7.0,True,False,True,True,True,True,False,False,True
nintedanib,20895235,1,20220531,20220531,2022,FR,FR,1,female,72.0,72.0,801,CHOLESTATIC LIVER INJURY,CHOLESTATIC LIVER INJURY,True,True,False,concomitant,True,PRODUCT USED FOR UNKNOWN INDICATION,False,,2022-04-05,,False,False,True,False,True,False,False,False,False
nintedanib,20898923,2,20220601,20220817,2022,US,US,5,female,71.0,71.0,801,ABDOMINAL PAIN UPPER|ASTHENIA|BLOOD POTASSIUM DECREASED|DECREASED APPETITE|DEHYDRATION|DEPRESSION|DIARRHOEA|DIZZINESS|DYSPHAGIA|DYSPNOEA EXERTIONAL|FATIGUE|GAIT DISTURBANCE|HEART RATE INCREASED|HEPATIC ENZYME DECREASED|HEPATIC ENZYME INCREASED|HYPOTENSION|ILLNESS|MULTIPLE ALLERGIES|NASAL CONGESTION|NAUSEA|PSYCHIATRIC SYMPTOM|SPUTUM INCREASED|WEIGHT DECREASED,HEPATIC ENZYME INCREASED,False,True,False,suspect,True,IDIOPATHIC PULMONARY FIBROSIS,True,2022-03-03,2022-04-01,29.0,True,False,True,False,True,False,False,False,False
nintedanib,20905321,1,20220602,20220602,2022,FR,FR,1,female,72.0,72.0,801,CHOLESTATIC LIVER INJURY,CHOLESTATIC LIVER INJURY,True,True,False,concomitant,True,PRODUCT USED FOR UNKNOWN INDICATION,False,,2022-04-05,,False,False,True,False,True,False,False,False,False
nintedanib,20908400,1,20220603,20220603,2022,FR,FR,1,female,72.0,72.0,801,CHOLESTATIC LIVER INJURY,CHOLESTATIC LIVER INJURY,True,True,False,concomitant,True,PRODUCT USED FOR UNKNOWN INDICATION,False,,2022-04-05,,False,False,True,False,True,False,False,False,True
nintedanib,20908791,1,20220603,20220603,2022,DE,DE,1,female,60.0,60.0,801,ALANINE AMINOTRANSFERASE INCREASED|ASPARTATE AMINOTRANSFERASE INCREASED|GAMMA-GLUTAMYLTRANSFERASE INCREASED|OSTEONECROSIS OF JAW,ALANINE AMINOTRANSFERASE INCREASED|ASPARTATE AMINOTRANSFERASE INCREASED|GAMMA-GLUTAMYLTRANSFERASE INCREASED,False,True,False,suspect,True,LUNG ADENOCARCINOMA,False,2021-01-12,2021-01-14,2.0,True,False,True,False,True,False,False,False,True
nintedanib,20913045,3,20220603,20220608,2022,IT,IT,1,male,75.0,75.0,801,HEPATOTOXICITY|TRANSAMINASES INCREASED,HEPATOTOXICITY|TRANSAMINASES INCREASED,True,True,False,suspect,True,PRODUCT USED FOR UNKNOWN INDICATION,False,,2022-01-12,,False,False,True,False,False,False,False,False,True
nintedanib,20913602,2,20220604,20220613,2022,DE,DE,1,female,60.0,60.0,801,ALANINE AMINOTRANSFERASE INCREASED|ASPARTATE AMINOTRANSFERASE INCREASED|GAMMA-GLUTAMYLTRANSFERASE INCREASED|OSTEONECROSIS OF JAW,ALANINE AMINOTRANSFERASE INCREASED|ASPARTATE AMINOTRANSFERASE INCREASED|GAMMA-GLUTAMYLTRANSFERASE INCREASED,False,True,False,suspect,True,LUNG ADENOCARCINOMA,False,2021-01-12,2021-01-14,2.0,True,False,True,False,True,False,False,False,True
nintedanib,20916467,1,20220604,20220604,2022,FR,FR,1,female,72.0,72.0,801,CHOLESTATIC LIVER INJURY,CHOLESTATIC LIVER INJURY,True,True,False,concomitant,True,PRODUCT USED FOR UNKNOWN INDICATION,False,,2022-04-05,,False,False,True,False,True,False,False,False,False
nintedanib,20921515,2,20220606,20220802,2022,US,US,5,female,68.0,68.0,801,ABDOMINAL PAIN|BLOOD MAGNESIUM DECREASED|BLOOD POTASSIUM DECREASED|CONSTIPATION|COUGH|DEATH|DRY EYE|DYSPNOEA|HAEMOPTYSIS|HEART RATE INCREASED|HEPATIC ENZYME INCREASED|INSOMNIA|LIVER DISORDER|LIVER FUNCTION TEST INCREASED|MALAISE|MULTIPLE ALLERGIES|OXYGEN SATURATION DECREASED|PNEUMONIA|PULMONARY OEDEMA|SEASONAL ALLERGY|SINUSITIS|SPUTUM DISCOLOURED|VISION BLURRED,HEPATIC ENZYME INCREASED|LIVER DISORDER|LIVER FUNCTION TEST INCREASED,False,True,False,suspect,True,IDIOPATHIC PULMONARY FIBROSIS,True,2020-07-13,2021-01-01,172.0,True,False,True,True,True,False,False,False,True
nintedanib,20927634,1,20220607,20220607,2022,PT,PT,2,male,65.0,65.0,801,BLOOD ALKALINE PHOSPHATASE INCREASED|BLOOD LACTATE DEHYDROGENASE INCREASED|GAMMA-GLUTAMYLTRANSFERASE INCREASED|TRANSAMINASES INCREASED,BLOOD ALKALINE PHOSPHATASE INCREASED|GAMMA-GLUTAMYLTRANSFERASE INCREASED|TRANSAMINASES INCREASED,False,True,False,suspect,True,NON-SMALL CELL LUNG CANCER,False,2021-04-14,2022-02-07,299.0,True,False,True,False,False,False,False,False,True
nintedanib,20928726,7,20220607,20221214,2022,JP,JP,3,female,76.0,76.0,801,ABDOMINAL DISCOMFORT|ARTHROPATHY|BACK PAIN|COUGH|DECREASED APPETITE|DYSPHORIA|ERYTHEMA|FATIGUE|FEELING ABNORMAL|HEPATIC FUNCTION ABNORMAL|LIMB DISCOMFORT|LISTLESS|LIVER FUNCTION TEST INCREASED|LUNG DISORDER|MUSCULOSKELETAL STIFFNESS|PARAESTHESIA|PHYSICAL DECONDITIONING|RHINORRHOEA|WAIST CIRCUMFERENCE INCREASED,HEPATIC FUNCTION ABNORMAL|LIVER FUNCTION TEST INCREASED,False,True,False,suspect,True,INTERSTITIAL LUNG DISEASE,True,2020-11-01,2021-01-01,61.0,True,False,True,False,True,False,False,False,False
nintedanib,20946626,1,20220610,20220610,2022,US,US,5,female,68.0,68.0,801,ASPIRATION|CARDIAC DISORDER|DIARRHOEA|DYSPNOEA|FEEDING DISORDER|HEPATIC ENZYME INCREASED|OBSTRUCTION GASTRIC|OXYGEN SATURATION DECREASED|PERICARDIAL EFFUSION|VOMITING,HEPATIC ENZYME INCREASED,False,True,False,suspect,True,IDIOPATHIC PULMONARY FIBROSIS,True,2021-12-23,2021-12-01,-22.0,False,False,True,True,True,False,False,False,True
nintedanib,20950057,2,20220613,20221212,2022,CA,CA,5,male,55.0,55.0,801,ABDOMINAL DISCOMFORT|ABDOMINAL PAIN|DRY MOUTH|LIVER DISORDER|OEDEMA PERIPHERAL|SWELLING FACE,LIVER DISORDER,False,True,False,suspect,True,IDIOPATHIC PULMONARY FIBROSIS,True,2021-09-04,2021-11-26,83.0,True,False,True,False,True,False,False,False,False
nintedanib,20964922,10,20220616,20240821,2022,US,US,5,female,67.0,67.0,801,ABDOMINAL DISCOMFORT|ABDOMINAL DISTENSION|ABDOMINAL PAIN UPPER|ALOPECIA|ARTHRALGIA|BACK PAIN|BLOOD PRESSURE INCREASED|COUGH|DECREASED APPETITE|DEPRESSION|DIZZINESS|DYSPNOEA|DYSPNOEA EXERTIONAL|EPISTAXIS|FAECES SOFT|FATIGUE|HEADACHE|HYPERTENSION|LIVER FUNCTION TEST INCREASED|NAUSEA|OROPHARYNGEAL PAIN|PRODUCTIVE COUGH|TOOTH EXTRACTION|WHEEZING,LIVER FUNCTION TEST INCREASED,False,True,False,suspect,True,IDIOPATHIC PULMONARY FIBROSIS|INTERSTITIAL LUNG DISEASE,True,2021-11-15,2021-11-01,-14.0,False,False,True,False,True,False,False,False,False
nintedanib,20985256,7,20220621,20221021,2022,JP,JP,3,male,73.0,73.0,801,ABDOMINAL DISTENSION|CATARACT|COUGH|DIARRHOEA|DYSPNOEA|GAMMA-GLUTAMYLTRANSFERASE INCREASED|LIVER FUNCTION TEST ABNORMAL|MALAISE|OXYGEN SATURATION DECREASED|PNEUMOTHORAX|PYREXIA|URTICARIA,GAMMA-GLUTAMYLTRANSFERASE INCREASED|LIVER FUNCTION TEST ABNORMAL,False,True,False,suspect,True,INTERSTITIAL LUNG DISEASE,True,2021-03-03,2021-03-03,0.0,True,False,True,False,False,False,False,False,True
nintedanib,21001231,1,20220624,20220624,2022,CY,CY,1,female,65.0,65.0,801,HEPATIC ENZYME INCREASED|OFF LABEL USE|PULMONARY EMBOLISM|VENTRICULAR TACHYCARDIA,HEPATIC ENZYME INCREASED,False,True,False,suspect,True,COVID-19|PULMONARY FIBROSIS,True,,2021-07-01,,False,False,True,False,False,False,False,False,True
nintedanib,21002944,1,20220624,20220624,2022,GR,GR,1,male,,,,DRY SKIN|GASTROENTERITIS|HEPATOTOXICITY|RASH,HEPATOTOXICITY,True,True,False,suspect,True,PULMONARY FIBROSIS,True,,2022-04-01,,False,False,True,False,True,False,False,False,False
nintedanib,21005243,1,20220624,20220624,2022,GB,GB,1,female,67.0,67.0,801,ABDOMINAL PAIN|ALANINE AMINOTRANSFERASE INCREASED|BLOOD ALKALINE PHOSPHATASE INCREASED|DEATH|DIARRHOEA|LUNG ADENOCARCINOMA STAGE IV,ALANINE AMINOTRANSFERASE INCREASED|BLOOD ALKALINE PHOSPHATASE INCREASED,False,True,False,concomitant,True,,False,,2021-01-01,,False,False,True,True,False,False,False,False,True
nintedanib,21006906,2,20220625,20221222,2022,CA,CA,5,female,73.0,73.0,801,ABDOMINAL DISCOMFORT|ASTHENIA|AXILLARY MASS|BLOOD GLUCOSE INCREASED|DECREASED APPETITE|DIARRHOEA|DIZZINESS|FATIGUE|HYPERSOMNIA|ILLNESS|LIVER DISORDER|LUNG DISORDER|LUNG NEOPLASM MALIGNANT|MALAISE|NAUSEA|NEURALGIA|PAIN|PNEUMONIA,LIVER DISORDER,False,True,False,suspect,True,IDIOPATHIC PULMONARY FIBROSIS,True,2020-03-11,2020-08-11,153.0,True,False,True,False,False,False,False,False,True
nintedanib,21011710,1,20220627,20220627,2022,FR,FR,2,female,73.0,73.0,801,CHOLESTASIS|HEPATIC CYTOLYSIS,CHOLESTASIS,False,True,False,suspect,True,INTERSTITIAL LUNG DISEASE,True,,2022-04-01,,False,False,True,False,True,False,False,False,False
nintedanib,21016615,2,20220628,20220706,2022,US,US,5,female,,,,COUGH|DYSPNOEA|DYSPNOEA EXERTIONAL|HEPATIC ENZYME INCREASED|OFF LABEL USE|PULMONARY FIBROSIS,HEPATIC ENZYME INCREASED,False,True,False,suspect,True,PRODUCT USED FOR UNKNOWN INDICATION,False,,2022-01-01,,False,False,False,False,False,False,False,False,False
nintedanib,21055852,1,20220708,20220708,2022,US,US,3,male,87.0,87.0,801,ABDOMINAL PAIN UPPER|HEPATIC ENZYME INCREASED|OFF LABEL USE,HEPATIC ENZYME INCREASED,False,True,False,suspect,True,PNEUMOCONIOSIS,False,2022-06-20,2022-06-24,4.0,True,False,True,False,True,False,False,False,False
nintedanib,21062338,3,20220711,20220921,2022,US,US,5,female,91.0,91.0,801,ABDOMINAL DISCOMFORT|ABDOMINAL PAIN UPPER|ASTHENIA|BALANCE DISORDER|BLOOD BILIRUBIN INCREASED|CONSTIPATION|COUGH|DAYDREAMING|DEAFNESS|DECREASED APPETITE|DIARRHOEA|DIZZINESS|DYSPNOEA|FATIGUE|GASTROOESOPHAGEAL REFLUX DISEASE|HYPOAESTHESIA|HYPOTENSION|INSOMNIA|LIMB DISCOMFORT|LUNG DISORDER|NAUSEA|PAIN|PAIN IN EXTREMITY|WEIGHT DECREASED,BLOOD BILIRUBIN INCREASED,False,True,False,suspect,True,DYSPNOEA|IDIOPATHIC PULMONARY FIBROSIS|INTERSTITIAL LUNG DISEASE,True,2022-02-22,2022-02-22,0.0,True,False,True,False,False,False,False,False,True
nintedanib,21065637,2,20220711,20220712,2022,IT,IT,3,male,67.0,67.0,801,DRUG-INDUCED LIVER INJURY,DRUG-INDUCED LIVER INJURY,True,True,False,suspect,True,IDIOPATHIC PULMONARY FIBROSIS,True,,,,False,False,True,False,False,False,False,False,True
nintedanib,21066761,1,20220712,20220712,2022,US,US,5,male,84.0,84.0,801,ASTHENIA|FLUID RETENTION|HEPATOMEGALY|LIVER FUNCTION TEST INCREASED|MALAISE|NAUSEA|SOMNOLENCE|VOMITING,LIVER FUNCTION TEST INCREASED,False,True,False,suspect,True,IDIOPATHIC PULMONARY FIBROSIS,True,2022-05-18,2022-05-20,2.0,True,False,True,False,True,False,False,False,False
nintedanib,21067999,2,20220712,20220712,2022,IT,IT,3,female,36.0,36.0,801,DRUG-INDUCED LIVER INJURY,DRUG-INDUCED LIVER INJURY,True,True,False,suspect,True,LUNG ADENOCARCINOMA,False,,,,False,False,True,False,False,False,False,False,True
nintedanib,21068169,1,20220712,20220712,2022,IT,IT,3,male,77.0,77.0,801,DRUG-INDUCED LIVER INJURY,DRUG-INDUCED LIVER INJURY,True,True,False,suspect,True,IDIOPATHIC PULMONARY FIBROSIS,True,,,,False,False,True,False,False,False,False,False,True
nintedanib,21068170,1,20220712,20220712,2022,IT,IT,3,female,60.0,60.0,801,HEPATIC FAILURE,HEPATIC FAILURE,True,True,False,suspect,True,LUNG ADENOCARCINOMA,False,,,,False,False,True,False,False,False,False,False,True
nintedanib,21068172,1,20220712,20220712,2022,IT,IT,3,female,63.0,63.0,801,DRUG-INDUCED LIVER INJURY,DRUG-INDUCED LIVER INJURY,True,True,False,suspect,True,COLORECTAL CANCER,False,,,,False,False,True,False,False,False,False,False,True
nintedanib,21068173,1,20220712,20220712,2022,IT,IT,3,female,75.0,75.0,801,ACUTE HEPATIC FAILURE,ACUTE HEPATIC FAILURE,True,True,False,suspect,True,PULMONARY FIBROSIS,True,,,,False,False,True,False,False,False,False,False,True
nintedanib,21068176,1,20220712,20220712,2022,IT,IT,3,male,77.0,77.0,801,HEPATIC FAILURE,HEPATIC FAILURE,True,True,False,suspect,True,IDIOPATHIC PULMONARY FIBROSIS,True,,,,False,False,True,False,False,False,False,False,True
nintedanib,21068179,1,20220712,20220712,2022,IT,IT,3,male,71.0,71.0,801,HEPATIC FAILURE,HEPATIC FAILURE,True,True,False,suspect,True,COLORECTAL CANCER,False,,,,False,False,True,False,False,False,False,False,True
nintedanib,21068184,1,20220712,20220712,2022,IT,IT,3,male,73.0,73.0,801,DRUG-INDUCED LIVER INJURY,DRUG-INDUCED LIVER INJURY,True,True,False,suspect,True,IDIOPATHIC PULMONARY FIBROSIS,True,,,,False,False,True,False,False,False,False,False,True
nintedanib,21068185,1,20220712,20220712,2022,IT,IT,3,female,74.0,74.0,801,DRUG-INDUCED LIVER INJURY,DRUG-INDUCED LIVER INJURY,True,True,False,suspect,True,IDIOPATHIC PULMONARY FIBROSIS,True,,,,False,False,True,False,False,False,False,False,True
nintedanib,21068186,1,20220712,20220712,2022,IT,IT,3,male,77.0,77.0,801,DRUG-INDUCED LIVER INJURY,DRUG-INDUCED LIVER INJURY,True,True,False,suspect,True,IDIOPATHIC PULMONARY FIBROSIS,True,,,,False,False,True,False,False,False,False,False,True
nintedanib,21068348,1,20220712,20220712,2022,IT,IT,3,female,74.0,74.0,801,DRUG-INDUCED LIVER INJURY,DRUG-INDUCED LIVER INJURY,True,True,False,suspect,True,IDIOPATHIC PULMONARY FIBROSIS,True,,,,False,False,True,False,False,False,False,False,True
nintedanib,21068350,1,20220712,20220712,2022,IT,IT,3,female,52.0,52.0,801,DRUG-INDUCED LIVER INJURY,DRUG-INDUCED LIVER INJURY,True,True,False,suspect,True,INTERSTITIAL LUNG DISEASE,True,,,,False,False,True,False,False,False,False,False,True
nintedanib,21068351,1,20220712,20220712,2022,IT,IT,3,male,73.0,73.0,801,DRUG-INDUCED LIVER INJURY,DRUG-INDUCED LIVER INJURY,True,True,False,suspect,True,IDIOPATHIC PULMONARY FIBROSIS,True,,,,False,False,True,False,False,False,False,False,True
nintedanib,21068523,2,20220712,20220714,2022,IT,IT,3,male,67.0,67.0,801,DRUG-INDUCED LIVER INJURY,DRUG-INDUCED LIVER INJURY,True,True,False,suspect,True,IDIOPATHIC PULMONARY FIBROSIS,True,,,,False,False,True,False,False,False,False,False,True
nintedanib,21068540,1,20220712,20220712,2022,IT,IT,3,male,62.0,62.0,801,DRUG-INDUCED LIVER INJURY,DRUG-INDUCED LIVER INJURY,True,True,False,suspect,True,IDIOPATHIC PULMONARY FIBROSIS,True,,,,False,False,True,False,False,False,False,False,True
nintedanib,21068566,1,20220712,20220712,2022,IT,IT,3,female,36.0,36.0,801,DRUG-INDUCED LIVER INJURY,DRUG-INDUCED LIVER INJURY,True,True,False,suspect,True,LUNG ADENOCARCINOMA,False,,,,False,False,True,False,False,False,False,False,True
nintedanib,21068597,1,20220712,20220712,2022,IT,IT,3,female,63.0,63.0,801,DRUG-INDUCED LIVER INJURY,DRUG-INDUCED LIVER INJURY,True,True,False,suspect,True,COLORECTAL CANCER,False,,,,False,False,True,False,False,False,False,False,True
nintedanib,21068602,1,20220712,20220712,2022,IT,IT,3,male,71.0,71.0,801,HEPATIC FAILURE,HEPATIC FAILURE,True,True,False,suspect,True,COLORECTAL CANCER,False,,,,False,False,True,False,False,False,False,False,True
nintedanib,21068654,1,20220712,20220712,2022,IT,IT,3,male,77.0,77.0,801,DRUG-INDUCED LIVER INJURY,DRUG-INDUCED LIVER INJURY,True,True,False,suspect,True,IDIOPATHIC PULMONARY FIBROSIS,True,,,,False,False,True,False,False,False,False,False,True
nintedanib,21068656,1,20220712,20220712,2022,IT,IT,3,male,73.0,73.0,801,DRUG-INDUCED LIVER INJURY,DRUG-INDUCED LIVER INJURY,True,True,False,suspect,True,IDIOPATHIC PULMONARY FIBROSIS,True,,,,False,False,True,False,False,False,False,False,True
nintedanib,21068696,1,20220712,20220712,2022,IT,IT,3,female,60.0,60.0,801,HEPATIC FAILURE,HEPATIC FAILURE,True,True,False,suspect,True,LUNG ADENOCARCINOMA,False,,,,False,False,True,False,False,False,False,False,True
nintedanib,21068698,1,20220712,20220712,2022,IT,IT,3,male,73.0,73.0,801,DRUG-INDUCED LIVER INJURY,DRUG-INDUCED LIVER INJURY,True,True,False,suspect,True,IDIOPATHIC PULMONARY FIBROSIS,True,,,,False,False,True,False,False,False,False,False,True
nintedanib,21068709,1,20220712,20220712,2022,IT,IT,3,female,74.0,74.0,801,DRUG-INDUCED LIVER INJURY,DRUG-INDUCED LIVER INJURY,True,True,False,suspect,True,IDIOPATHIC PULMONARY FIBROSIS,True,,,,False,False,True,False,False,False,False,False,True
nintedanib,21068710,1,20220712,20220712,2022,IT,IT,3,male,82.0,82.0,801,DRUG-INDUCED LIVER INJURY,DRUG-INDUCED LIVER INJURY,True,True,False,suspect,True,IDIOPATHIC PULMONARY FIBROSIS,True,,,,False,False,True,False,False,False,False,False,True
nintedanib,21068711,1,20220712,20220712,2022,IT,IT,3,female,71.0,71.0,801,DRUG-INDUCED LIVER INJURY,DRUG-INDUCED LIVER INJURY,True,True,False,suspect,True,COLORECTAL CANCER METASTATIC,False,,,,False,False,True,False,False,False,False,False,True
nintedanib,21068712,1,20220712,20220712,2022,IT,IT,3,male,77.0,77.0,801,DRUG-INDUCED LIVER INJURY,DRUG-INDUCED LIVER INJURY,True,True,False,suspect,True,IDIOPATHIC PULMONARY FIBROSIS,True,,,,False,False,True,False,False,False,False,False,True
nintedanib,21068764,1,20220712,20220712,2022,IT,IT,3,male,84.0,84.0,801,HEPATIC FAILURE,HEPATIC FAILURE,True,True,False,suspect,True,IDIOPATHIC PULMONARY FIBROSIS,True,,,,False,False,True,False,False,False,False,False,True
nintedanib,21068790,1,20220712,20220712,2022,IT,IT,3,male,68.0,68.0,801,HEPATIC FAILURE,HEPATIC FAILURE,True,True,False,suspect,True,IDIOPATHIC PULMONARY FIBROSIS,True,,,,False,False,True,False,False,False,False,False,True
nintedanib,21070620,1,20220712,20220712,2022,IT,IT,3,female,52.0,52.0,801,DRUG-INDUCED LIVER INJURY,DRUG-INDUCED LIVER INJURY,True,True,False,suspect,True,INTERSTITIAL LUNG DISEASE,True,,,,False,False,True,False,False,False,False,False,True
nintedanib,21070730,1,20220712,20220712,2022,IT,IT,3,male,72.0,72.0,801,DRUG-INDUCED LIVER INJURY,DRUG-INDUCED LIVER INJURY,True,True,False,suspect,True,IDIOPATHIC PULMONARY FIBROSIS,True,,,,False,False,True,False,False,False,False,False,True
nintedanib,21071697,1,20220712,20220712,2022,IT,IT,3,female,75.0,75.0,801,ACUTE HEPATIC FAILURE,ACUTE HEPATIC FAILURE,True,True,False,suspect,True,PULMONARY FIBROSIS,True,,,,False,False,True,False,False,False,False,False,True
nintedanib,21073416,2,20220713,20221215,2022,IT,IT,3,male,78.0,78.0,801,DRUG-INDUCED LIVER INJURY,DRUG-INDUCED LIVER INJURY,True,True,False,suspect,True,IDIOPATHIC PULMONARY FIBROSIS,True,,,,False,False,True,False,False,False,False,False,True
nintedanib,21073418,1,20220713,20220713,2022,IT,IT,3,male,84.0,84.0,801,HEPATIC FAILURE,HEPATIC FAILURE,True,True,False,suspect,True,IDIOPATHIC PULMONARY FIBROSIS,True,,,,False,False,True,False,False,False,False,False,True
nintedanib,21073419,1,20220713,20220713,2022,IT,IT,3,male,62.0,62.0,801,DRUG-INDUCED LIVER INJURY,DRUG-INDUCED LIVER INJURY,True,True,False,suspect,True,IDIOPATHIC PULMONARY FIBROSIS,True,,,,False,False,True,False,False,False,False,False,True
nintedanib,21073425,1,20220713,20220713,2022,IT,IT,3,male,69.0,69.0,801,DRUG-INDUCED LIVER INJURY,DRUG-INDUCED LIVER INJURY,True,True,False,suspect,True,IDIOPATHIC PULMONARY FIBROSIS,True,,,,False,False,True,False,False,False,False,False,True
nintedanib,21074961,1,20220713,20220713,2022,IT,IT,3,male,74.0,74.0,801,DRUG-INDUCED LIVER INJURY,DRUG-INDUCED LIVER INJURY,True,True,False,suspect,True,HEPATOCELLULAR CARCINOMA,False,,,,False,False,True,False,False,False,False,False,True
nintedanib,21074965,1,20220713,20220713,2022,IT,IT,3,female,71.0,71.0,801,DRUG-INDUCED LIVER INJURY,DRUG-INDUCED LIVER INJURY,True,True,False,suspect,True,COLORECTAL CANCER METASTATIC,False,,,,False,False,True,False,False,False,False,False,True
nintedanib,21075585,2,20220713,20220715,2022,IT,IT,3,male,64.0,64.0,801,DRUG-INDUCED LIVER INJURY,DRUG-INDUCED LIVER INJURY,True,True,False,suspect,True,IDIOPATHIC PULMONARY FIBROSIS,True,,,,False,False,True,False,False,False,False,False,True
nintedanib,21075630,1,20220713,20220713,2022,IT,IT,3,female,60.0,60.0,801,DRUG-INDUCED LIVER INJURY,DRUG-INDUCED LIVER INJURY,True,True,False,suspect,True,COLORECTAL CANCER,False,,,,False,False,True,False,False,False,False,False,True
nintedanib,21076974,1,20220713,20220713,2022,IT,IT,3,male,74.0,74.0,801,DRUG-INDUCED LIVER INJURY,DRUG-INDUCED LIVER INJURY,True,True,False,suspect,True,HEPATOCELLULAR CARCINOMA,False,,,,False,False,True,False,False,False,False,False,True
nintedanib,21076977,1,20220713,20220713,2022,IT,IT,3,male,77.0,77.0,801,HEPATIC FAILURE,HEPATIC FAILURE,True,True,False,suspect,True,IDIOPATHIC PULMONARY FIBROSIS,True,,,,False,False,True,False,False,False,False,False,True
nintedanib,21076979,1,20220713,20220713,2022,IT,IT,3,female,60.0,60.0,801,DRUG-INDUCED LIVER INJURY,DRUG-INDUCED LIVER INJURY,True,True,False,suspect,True,IDIOPATHIC PULMONARY FIBROSIS,True,,,,False,False,True,False,False,False,False,False,True
nintedanib,21079569,1,20220714,20220714,2022,US,US,5,female,69.0,69.0,801,COVID-19|HEPATIC ENZYME INCREASED,HEPATIC ENZYME INCREASED,False,True,False,suspect,True,PULMONARY FIBROSIS,True,2022-05-14,2022-05-26,12.0,True,False,False,False,False,False,False,False,False
nintedanib,21079865,1,20220714,20220714,2022,DE,DE,3,female,58.0,58.0,801,ASPARTATE AMINOTRANSFERASE INCREASED|BLOOD ALKALINE PHOSPHATASE INCREASED|BLOOD BILIRUBIN INCREASED|DIARRHOEA|GAMMA-GLUTAMYLTRANSFERASE INCREASED|HEPATIC FUNCTION ABNORMAL|LIVER DISORDER|MUSCULAR WEAKNESS|NAUSEA|ORTHOSTATIC INTOLERANCE|PERIPHERAL SENSORY NEUROPATHY|PHARYNGITIS|WHITE BLOOD CELL COUNT DECREASED,ASPARTATE AMINOTRANSFERASE INCREASED|BLOOD ALKALINE PHOSPHATASE INCREASED|BLOOD BILIRUBIN INCREASED|GAMMA-GLUTAMYLTRANSFERASE INCREASED|HEPATIC FUNCTION ABNORMAL|LIVER DISORDER,False,True,True,suspect,True,NON-SMALL CELL LUNG CANCER,False,2016-03-11,2016-03-17,6.0,True,False,True,False,True,False,False,False,False
nintedanib,21081126,1,20220714,20220714,2022,IT,IT,3,male,73.0,73.0,801,DRUG-INDUCED LIVER INJURY,DRUG-INDUCED LIVER INJURY,True,True,False,suspect,True,IDIOPATHIC PULMONARY FIBROSIS,True,,,,False,False,True,False,False,False,False,False,True
nintedanib,21081127,1,20220714,20220714,2022,IT,IT,3,female,65.0,65.0,801,DRUG-INDUCED LIVER INJURY,DRUG-INDUCED LIVER INJURY,True,True,False,suspect,True,NON-SMALL CELL LUNG CANCER,False,,,,False,False,True,False,False,False,False,False,True
nintedanib,21081161,1,20220714,20220714,2022,IT,IT,3,female,67.0,67.0,801,DRUG-INDUCED LIVER INJURY,DRUG-INDUCED LIVER INJURY,True,True,False,suspect,True,COLON CANCER,False,,,,False,False,True,False,False,False,False,False,True
nintedanib,21081604,1,20220714,20220714,2022,IT,IT,3,male,73.0,73.0,801,DRUG-INDUCED LIVER INJURY,DRUG-INDUCED LIVER INJURY,True,True,False,suspect,True,IDIOPATHIC PULMONARY FIBROSIS,True,,,,False,False,True,False,False,False,False,False,True
nintedanib,21085634,1,20220715,20220715,2022,DE,DE,1,female,58.0,58.0,801,ASPARTATE AMINOTRANSFERASE INCREASED|BLOOD ALKALINE PHOSPHATASE INCREASED|BLOOD BILIRUBIN INCREASED|DIARRHOEA|GAMMA-GLUTAMYLTRANSFERASE INCREASED|HEPATIC FUNCTION ABNORMAL|LIVER DISORDER|MUSCULAR WEAKNESS|NAUSEA|ORTHOSTATIC INTOLERANCE|PERIPHERAL SENSORY NEUROPATHY|PHARYNGITIS|WHITE BLOOD CELL COUNT DECREASED,ASPARTATE AMINOTRANSFERASE INCREASED|BLOOD ALKALINE PHOSPHATASE INCREASED|BLOOD BILIRUBIN INCREASED|GAMMA-GLUTAMYLTRANSFERASE INCREASED|HEPATIC FUNCTION ABNORMAL|LIVER DISORDER,False,True,True,suspect,True,NON-SMALL CELL LUNG CANCER,False,2016-03-11,2016-03-17,6.0,True,False,True,False,True,False,False,False,False
nintedanib,21087203,1,20220715,20220715,2022,IT,IT,3,male,62.0,62.0,801,ACUTE HEPATIC FAILURE,ACUTE HEPATIC FAILURE,True,True,False,suspect,True,IDIOPATHIC PULMONARY FIBROSIS,True,,,,False,False,True,False,False,False,False,False,True
nintedanib,21093574,1,20220718,20220718,2022,IT,IT,3,male,69.0,69.0,801,DRUG-INDUCED LIVER INJURY,DRUG-INDUCED LIVER INJURY,True,True,False,suspect,True,IDIOPATHIC PULMONARY FIBROSIS,True,,,,False,False,True,False,False,False,False,False,True
nintedanib,21095553,1,20220718,20220718,2022,IT,IT,3,male,68.0,68.0,801,HEPATIC FAILURE,HEPATIC FAILURE,True,True,False,suspect,True,IDIOPATHIC PULMONARY FIBROSIS,True,,,,False,False,True,False,False,False,False,False,True
nintedanib,21095555,1,20220718,20220718,2022,IT,IT,3,male,73.0,73.0,801,DRUG-INDUCED LIVER INJURY,DRUG-INDUCED LIVER INJURY,True,True,False,suspect,True,IDIOPATHIC PULMONARY FIBROSIS,True,,,,False,False,True,False,False,False,False,False,True
nintedanib,21095592,2,20220718,20220804,2022,IT,IT,3,male,84.0,84.0,801,HEPATIC FAILURE,HEPATIC FAILURE,True,True,False,suspect,True,IDIOPATHIC PULMONARY FIBROSIS,True,,,,False,False,True,False,False,False,False,False,True
nintedanib,21101596,1,20220719,20220719,2022,IT,IT,3,female,62.0,62.0,801,DRUG-INDUCED LIVER INJURY,DRUG-INDUCED LIVER INJURY,True,True,False,suspect,True,COLORECTAL CANCER,False,,,,False,False,True,False,False,False,False,False,True
nintedanib,21101597,1,20220719,20220719,2022,IT,IT,3,female,67.0,67.0,801,DRUG-INDUCED LIVER INJURY,DRUG-INDUCED LIVER INJURY,True,True,False,suspect,True,COLON CANCER,False,,,,False,False,True,False,False,False,False,False,True
nintedanib,21101598,1,20220719,20220719,2022,IT,IT,3,male,62.0,62.0,801,DRUG-INDUCED LIVER INJURY,DRUG-INDUCED LIVER INJURY,True,True,False,suspect,True,IDIOPATHIC PULMONARY FIBROSIS,True,,,,False,False,True,False,False,False,False,False,True
nintedanib,21101600,1,20220719,20220719,2022,IT,IT,3,male,74.0,74.0,801,DRUG-INDUCED LIVER INJURY,DRUG-INDUCED LIVER INJURY,True,True,False,suspect,True,HEPATOCELLULAR CARCINOMA,False,,,,False,False,True,False,False,False,False,False,True
nintedanib,21101604,1,20220719,20220719,2022,IT,IT,3,male,64.0,64.0,801,DRUG-INDUCED LIVER INJURY,DRUG-INDUCED LIVER INJURY,True,True,False,suspect,True,IDIOPATHIC PULMONARY FIBROSIS,True,,,,False,False,True,False,False,False,False,False,True
nintedanib,21101608,1,20220719,20220719,2022,IT,IT,3,female,71.0,71.0,801,DRUG-INDUCED LIVER INJURY,DRUG-INDUCED LIVER INJURY,True,True,False,suspect,True,COLORECTAL CANCER METASTATIC,False,,,,False,False,True,False,False,False,False,False,True
nintedanib,21101609,1,20220719,20220719,2022,IT,IT,3,male,61.0,61.0,801,DRUG-INDUCED LIVER INJURY,DRUG-INDUCED LIVER INJURY,True,True,False,suspect,True,IDIOPATHIC PULMONARY FIBROSIS,True,,,,False,False,True,False,False,False,False,False,True
nintedanib,21101610,1,20220719,20220719,2022,IT,IT,3,male,78.0,78.0,801,DRUG-INDUCED LIVER INJURY,DRUG-INDUCED LIVER INJURY,True,True,False,suspect,True,IDIOPATHIC PULMONARY FIBROSIS,True,,,,False,False,True,False,False,False,False,False,True
nintedanib,21101611,1,20220719,20220719,2022,IT,IT,3,female,74.0,74.0,801,DRUG-INDUCED LIVER INJURY,DRUG-INDUCED LIVER INJURY,True,True,False,suspect,True,INTERSTITIAL LUNG DISEASE,True,,,,False,False,True,False,False,False,False,False,True
nintedanib,21101612,1,20220719,20220719,2022,IT,IT,3,female,74.0,74.0,801,DRUG-INDUCED LIVER INJURY,DRUG-INDUCED LIVER INJURY,True,True,False,suspect,True,IDIOPATHIC PULMONARY FIBROSIS,True,,,,False,False,True,False,False,False,False,False,True
nintedanib,21104399,1,20220720,20220720,2022,IT,JP,3,male,78.0,78.0,801,DRUG-INDUCED LIVER INJURY,DRUG-INDUCED LIVER INJURY,True,True,False,suspect,True,IDIOPATHIC PULMONARY FIBROSIS,True,,,,False,False,True,False,False,False,False,False,True
nintedanib,21107272,1,20220720,20220720,2022,IT,IT,3,female,79.0,79.0,801,DRUG-INDUCED LIVER INJURY,DRUG-INDUCED LIVER INJURY,True,True,False,suspect,True,IDIOPATHIC PULMONARY FIBROSIS,True,,,,False,False,True,False,False,False,False,False,True
nintedanib,21107373,1,20220720,20220720,2022,IT,IT,3,female,80.0,80.0,801,DRUG-INDUCED LIVER INJURY,DRUG-INDUCED LIVER INJURY,True,True,False,suspect,True,IDIOPATHIC PULMONARY FIBROSIS,True,,,,False,False,True,False,False,False,False,False,True
nintedanib,21109454,1,20220721,20220721,2022,IT,IT,3,male,62.0,62.0,801,ACUTE HEPATIC FAILURE,ACUTE HEPATIC FAILURE,True,True,False,suspect,True,IDIOPATHIC PULMONARY FIBROSIS,True,,,,False,False,True,False,False,False,False,False,True
nintedanib,21109465,1,20220721,20220721,2022,IT,IT,3,female,36.0,36.0,801,DRUG-INDUCED LIVER INJURY,DRUG-INDUCED LIVER INJURY,True,True,False,suspect,True,LUNG ADENOCARCINOMA,False,,,,False,False,True,False,False,False,False,False,True
nintedanib,21109466,1,20220721,20220721,2022,IT,IT,3,male,77.0,77.0,801,DRUG-INDUCED LIVER INJURY,DRUG-INDUCED LIVER INJURY,True,True,False,suspect,True,IDIOPATHIC PULMONARY FIBROSIS,True,,,,False,False,True,False,False,False,False,False,True
nintedanib,21109467,1,20220721,20220721,2022,IT,IT,3,female,52.0,52.0,801,DRUG-INDUCED LIVER INJURY,DRUG-INDUCED LIVER INJURY,True,True,False,suspect,True,INTERSTITIAL LUNG DISEASE,True,,,,False,False,True,False,False,False,False,False,True
nintedanib,21109468,1,20220721,20220721,2022,IT,IT,3,male,73.0,73.0,801,DRUG-INDUCED LIVER INJURY,DRUG-INDUCED LIVER INJURY,True,True,False,suspect,True,IDIOPATHIC PULMONARY FIBROSIS,True,,,,False,False,True,False,False,False,False,False,True
nintedanib,21109469,1,20220721,20220721,2022,IT,IT,3,male,71.0,71.0,801,DRUG-INDUCED LIVER INJURY,DRUG-INDUCED LIVER INJURY,True,True,False,suspect,True,IDIOPATHIC PULMONARY FIBROSIS,True,,,,False,False,True,False,False,False,False,False,True
nintedanib,21109470,1,20220721,20220721,2022,IT,IT,3,female,36.0,36.0,801,DRUG-INDUCED LIVER INJURY,DRUG-INDUCED LIVER INJURY,True,True,False,suspect,True,LUNG ADENOCARCINOMA,False,,,,False,False,True,False,False,False,False,False,True
nintedanib,21109471,1,20220721,20220721,2022,IT,IT,3,female,60.0,60.0,801,HEPATIC FAILURE,HEPATIC FAILURE,True,True,False,suspect,True,LUNG ADENOCARCINOMA,False,,,,False,False,True,False,False,False,False,False,True
nintedanib,21109472,1,20220721,20220721,2022,IT,IT,3,female,62.0,62.0,801,HEPATIC FAILURE,HEPATIC FAILURE,True,True,False,suspect,True,LUNG ADENOCARCINOMA,False,,,,False,False,True,False,False,False,False,False,True
nintedanib,21109477,1,20220721,20220721,2022,IT,IT,3,male,73.0,73.0,801,DRUG-INDUCED LIVER INJURY,DRUG-INDUCED LIVER INJURY,True,True,False,suspect,True,IDIOPATHIC PULMONARY FIBROSIS,True,,,,False,False,True,False,False,False,False,False,True
nintedanib,21115038,1,20220721,20220721,2022,IT,IT,3,female,48.0,48.0,801,DRUG-INDUCED LIVER INJURY,DRUG-INDUCED LIVER INJURY,True,True,False,suspect,True,IDIOPATHIC PULMONARY FIBROSIS,True,,,,False,False,True,False,False,False,False,False,True
nintedanib,21115044,1,20220721,20220721,2022,IT,IT,3,male,77.0,77.0,801,HEPATIC FAILURE,HEPATIC FAILURE,True,True,False,suspect,True,IDIOPATHIC PULMONARY FIBROSIS,True,,,,False,False,True,False,False,False,False,False,True
nintedanib,21115052,1,20220721,20220721,2022,IT,IT,3,male,69.0,69.0,801,DRUG-INDUCED LIVER INJURY,DRUG-INDUCED LIVER INJURY,True,True,False,suspect,True,IDIOPATHIC PULMONARY FIBROSIS,True,,,,False,False,True,False,False,False,False,False,True
nintedanib,21115054,1,20220721,20220721,2022,IT,IT,3,male,77.0,77.0,801,DRUG-INDUCED LIVER INJURY,DRUG-INDUCED LIVER INJURY,True,True,False,suspect,True,IDIOPATHIC PULMONARY FIBROSIS,True,,,,False,False,True,False,False,False,False,False,True
nintedanib,21115055,1,20220721,20220721,2022,IT,IT,3,female,65.0,65.0,801,DRUG-INDUCED LIVER INJURY,DRUG-INDUCED LIVER INJURY,True,True,False,suspect,True,NON-SMALL CELL LUNG CANCER,False,,,,False,False,True,False,False,False,False,False,True
nintedanib,21115056,1,20220721,20220721,2022,IT,IT,3,female,84.0,84.0,801,DRUG-INDUCED LIVER INJURY,DRUG-INDUCED LIVER INJURY,True,True,False,suspect,True,IDIOPATHIC PULMONARY FIBROSIS,True,,,,False,False,True,False,False,False,False,False,True
nintedanib,21115058,1,20220721,20220721,2022,IT,IT,3,female,53.0,53.0,801,DRUG-INDUCED LIVER INJURY,DRUG-INDUCED LIVER INJURY,True,True,False,suspect,True,NEUROENDOCRINE TUMOUR,False,,,,False,False,True,False,False,False,False,False,True
nintedanib,21115059,1,20220721,20220721,2022,IT,IT,3,male,73.0,73.0,801,DRUG-INDUCED LIVER INJURY,DRUG-INDUCED LIVER INJURY,True,True,False,suspect,True,IDIOPATHIC PULMONARY FIBROSIS,True,,,,False,False,True,False,False,False,False,False,True
nintedanib,21115060,1,20220721,20220721,2022,IT,IT,3,male,67.0,67.0,801,DRUG-INDUCED LIVER INJURY,DRUG-INDUCED LIVER INJURY,True,True,False,suspect,True,IDIOPATHIC PULMONARY FIBROSIS,True,,,,False,False,True,False,False,False,False,False,True
nintedanib,21115063,1,20220721,20220721,2022,IT,IT,3,male,72.0,72.0,801,DRUG-INDUCED LIVER INJURY,DRUG-INDUCED LIVER INJURY,True,True,False,suspect,True,IDIOPATHIC PULMONARY FIBROSIS,True,,,,False,False,True,False,False,False,False,False,True
nintedanib,21115064,1,20220721,20220721,2022,IT,IT,3,female,74.0,74.0,801,DRUG-INDUCED LIVER INJURY,DRUG-INDUCED LIVER INJURY,True,True,False,suspect,True,IDIOPATHIC PULMONARY FIBROSIS,True,,,,False,False,True,False,False,False,False,False,True
nintedanib,21115071,1,20220721,20220721,2022,IT,IT,3,female,63.0,63.0,801,DRUG-INDUCED LIVER INJURY,DRUG-INDUCED LIVER INJURY,True,True,False,suspect,True,COLORECTAL CANCER,False,,,,False,False,True,False,False,False,False,False,True
nintedanib,21115072,1,20220721,20220721,2022,IT,IT,3,male,67.0,67.0,801,DRUG-INDUCED LIVER INJURY,DRUG-INDUCED LIVER INJURY,True,True,False,suspect,True,IDIOPATHIC PULMONARY FIBROSIS,True,,,,False,False,True,False,False,False,False,False,True
nintedanib,21115078,1,20220721,20220721,2022,IT,IT,3,male,55.0,55.0,801,DRUG-INDUCED LIVER INJURY,DRUG-INDUCED LIVER INJURY,True,True,False,suspect,True,IDIOPATHIC PULMONARY FIBROSIS,True,,,,False,False,True,False,False,False,False,False,True
nintedanib,21115079,1,20220721,20220721,2022,IT,IT,3,male,71.0,71.0,801,HEPATIC FAILURE,HEPATIC FAILURE,True,True,False,suspect,True,COLORECTAL CANCER,False,,,,False,False,True,False,False,False,False,False,True
nintedanib,21116781,1,20220722,20220722,2022,IT,IT,3,male,72.0,72.0,801,DRUG-INDUCED LIVER INJURY,DRUG-INDUCED LIVER INJURY,True,True,False,suspect,True,IDIOPATHIC PULMONARY FIBROSIS,True,,,,False,False,True,False,False,False,False,False,True
nintedanib,21116785,1,20220722,20220722,2022,IT,IT,3,male,86.0,86.0,801,DRUG-INDUCED LIVER INJURY,DRUG-INDUCED LIVER INJURY,True,True,False,suspect,True,PULMONARY FIBROSIS,True,,,,False,False,True,False,False,False,False,False,True
nintedanib,21116787,1,20220722,20220722,2022,IT,IT,3,male,67.0,67.0,801,DRUG-INDUCED LIVER INJURY,DRUG-INDUCED LIVER INJURY,True,True,False,suspect,True,IDIOPATHIC PULMONARY FIBROSIS,True,,,,False,False,True,False,False,False,False,False,True
nintedanib,21116790,1,20220722,20220722,2022,IT,IT,3,female,60.0,60.0,801,DRUG-INDUCED LIVER INJURY,DRUG-INDUCED LIVER INJURY,True,True,False,suspect,True,COLORECTAL CANCER,False,,,,False,False,True,False,False,False,False,False,True
nintedanib,21116794,1,20220722,20220722,2022,IT,IT,3,female,59.0,59.0,801,HEPATIC FAILURE,HEPATIC FAILURE,True,True,False,suspect,True,IDIOPATHIC PULMONARY FIBROSIS,True,,,,False,False,True,False,False,False,False,False,True
nintedanib,21116872,1,20220722,20220722,2022,IT,IT,3,female,60.0,60.0,801,DRUG-INDUCED LIVER INJURY,DRUG-INDUCED LIVER INJURY,True,True,False,suspect,True,IDIOPATHIC PULMONARY FIBROSIS,True,,,,False,False,True,False,False,False,False,False,True
nintedanib,21121256,1,20220722,20220722,2022,US,US,3,female,,,,LIVER FUNCTION TEST INCREASED,LIVER FUNCTION TEST INCREASED,False,True,False,suspect,True,PRODUCT USED FOR UNKNOWN INDICATION,False,,,,False,False,False,False,False,False,False,False,False
nintedanib,21137375,1,20220727,20220727,2022,US,US,5,male,78.0,78.0,801,ARTHRALGIA|ASTHENIA|CEREBRAL ARTERY EMBOLISM|CEREBRAL HAEMORRHAGE|COUGH|DIARRHOEA|DIZZINESS|DYSPEPSIA|HEAD DISCOMFORT|LIVER FUNCTION TEST INCREASED|LOSS OF CONSCIOUSNESS|NAUSEA|SNEEZING|TRANSIENT ISCHAEMIC ATTACK|VOMITING,LIVER FUNCTION TEST INCREASED,False,True,False,suspect,True,IDIOPATHIC PULMONARY FIBROSIS,True,2022-02-02,2022-02-01,-1.0,False,False,True,False,True,False,False,False,True
nintedanib,21144204,1,20220728,20220728,2022,US,US,5,female,72.0,72.0,801,DEHYDRATION|DIARRHOEA|GASTROINTESTINAL DISORDER|HEPATIC ENZYME INCREASED|HYPOTENSION|NEAR DEATH EXPERIENCE,HEPATIC ENZYME INCREASED,False,True,False,suspect,True,IDIOPATHIC PULMONARY FIBROSIS,True,,,,False,False,True,False,False,False,False,False,True
nintedanib,21145847,1,20220729,20220729,2022,JP,JP,1,female,66.0,66.0,801,IDIOPATHIC PULMONARY FIBROSIS|LIVER DISORDER,LIVER DISORDER,False,True,False,suspect,True,IDIOPATHIC PULMONARY FIBROSIS,True,,,,False,False,True,False,False,False,False,False,True
nintedanib,21145848,1,20220729,20220729,2022,JP,JP,1,male,60.0,60.0,801,IDIOPATHIC PULMONARY FIBROSIS|LIVER DISORDER,LIVER DISORDER,False,True,False,suspect,True,IDIOPATHIC PULMONARY FIBROSIS,True,,,,False,False,True,False,False,False,False,False,True
nintedanib,21145981,1,20220729,20220729,2022,DE,DE,3,female,65.0,65.0,801,DRUG INEFFECTIVE|LIVER DISORDER|METASTASES TO BONE|METASTASIS,LIVER DISORDER,False,True,False,suspect,True,LUNG ADENOCARCINOMA,False,,,,False,False,True,False,False,False,False,False,True
nintedanib,21148401,1,20220729,20220729,2022,JP,JP,1,female,76.0,76.0,801,IDIOPATHIC PULMONARY FIBROSIS|LIVER DISORDER,LIVER DISORDER,False,True,False,suspect,True,IDIOPATHIC PULMONARY FIBROSIS,True,,,,False,False,True,False,False,False,False,False,True
nintedanib,21160170,1,20220802,20220802,2022,IT,IT,1,female,74.0,74.0,801,HEPATOTOXICITY,HEPATOTOXICITY,True,True,False,suspect,True,IDIOPATHIC PULMONARY FIBROSIS,True,2022-06-16,2022-06-18,2.0,True,False,True,False,False,False,False,False,True
nintedanib,21160571,2,20220802,20220909,2022,BR,BR,5,female,38.0,38.0,801,DIABETIC METABOLIC DECOMPENSATION|DIARRHOEA|FATIGUE|HAEMATOCHEZIA|HEPATIC ENZYME INCREASED|INTENTIONAL PRODUCT USE ISSUE|NAUSEA,HEPATIC ENZYME INCREASED,False,True,False,suspect,True,IDIOPATHIC PULMONARY FIBROSIS,True,2022-07-26,2022-04-01,-116.0,False,False,True,False,False,False,False,False,True
nintedanib,21164976,3,20220803,20250716,2022,EU,EU,3,female,80.0,80.0,801,DRUG-INDUCED LIVER INJURY,DRUG-INDUCED LIVER INJURY,True,True,False,suspect,True,IDIOPATHIC PULMONARY FIBROSIS,True,,,,False,False,True,False,False,False,False,False,True
nintedanib,21168461,2,20220803,20220810,2022,US,US,5,male,67.0,67.0,801,ASTHENIA|COUGH|DIARRHOEA|DYSPNOEA|FREQUENT BOWEL MOVEMENTS|LIVER FUNCTION TEST INCREASED|TOTAL LUNG CAPACITY DECREASED|WEIGHT DECREASED,LIVER FUNCTION TEST INCREASED,False,True,False,suspect,True,IDIOPATHIC PULMONARY FIBROSIS,True,2019-03-06,2019-05-01,56.0,True,False,False,False,False,False,False,False,False
nintedanib,21168468,4,20220803,20221021,2022,CA,CA,1,male,64.0,64.0,801,ABDOMINAL PAIN UPPER|ACUTE KIDNEY INJURY|ADENOCARCINOMA GASTRIC|FAECES DISCOLOURED|JAUNDICE|JAUNDICE CHOLESTATIC|MESENTERIC NEOPLASM|MOVEMENT DISORDER|MULTIPLE ORGAN DYSFUNCTION SYNDROME|SMALL INTESTINAL OBSTRUCTION,JAUNDICE,False,True,False,suspect,True,IDIOPATHIC PULMONARY FIBROSIS,True,2022-06-08,2022-06-01,-7.0,False,False,True,True,True,False,False,False,True
nintedanib,21170112,2,20220804,20220906,2022,US,US,5,male,81.0,81.0,801,DECREASED APPETITE|DIARRHOEA|HYPERSOMNIA|IDIOPATHIC PULMONARY FIBROSIS|LIVER DISORDER|TREMOR|WEIGHT DECREASED,LIVER DISORDER,False,True,False,suspect,True,IDIOPATHIC PULMONARY FIBROSIS,True,2022-05-01,2022-07-01,61.0,True,False,True,False,False,False,False,False,True
nintedanib,21174703,4,20220805,20230306,2022,JP,JP,1,male,49.0,49.0,801,JAUNDICE|LIVER DISORDER,JAUNDICE|LIVER DISORDER,False,True,False,suspect,True,INTERSTITIAL LUNG DISEASE,True,2021-07-03,2021-12-17,167.0,True,False,True,False,True,False,False,False,False
nintedanib,21179853,1,20220805,20220805,2022,US,US,5,female,57.0,57.0,801,LIVER DISORDER,LIVER DISORDER,False,True,False,suspect,True,PRODUCT USED FOR UNKNOWN INDICATION,False,,,,False,False,True,False,False,False,False,False,True
nintedanib,21191590,1,20220809,20220809,2022,US,US,5,unknown,,,,ABDOMINAL PAIN UPPER|ARTHRALGIA|BACK PAIN|DECREASED APPETITE|DIARRHOEA|DYSPEPSIA|FUNGAL INFECTION|GASTRIC DISORDER|HIP ARTHROPLASTY|HIP SURGERY|ILLNESS|LIVER DISORDER|LUMBAR VERTEBRAL FRACTURE|NAUSEA|OESOPHAGEAL DISORDER|PAROSMIA|PROCEDURAL PAIN|SCOLIOSIS|SEASONAL ALLERGY|SPINAL OPERATION|VERTEBROPLASTY|VOMITING|WEIGHT DECREASED,LIVER DISORDER,False,True,False,suspect,True,IDIOPATHIC PULMONARY FIBROSIS,True,2019-10-24,2019-10-01,-23.0,False,False,True,False,True,False,False,False,True
nintedanib,21192011,1,20220809,20220809,2022,IT,IT,3,female,80.0,80.0,801,DRUG-INDUCED LIVER INJURY,DRUG-INDUCED LIVER INJURY,True,True,False,suspect,True,IDIOPATHIC PULMONARY FIBROSIS,True,,,,False,False,True,False,False,False,False,False,True
nintedanib,21194100,2,20220810,20220822,2022,US,US,5,female,73.0,73.0,801,ABDOMINAL TENDERNESS|ASTHENIA|DECREASED APPETITE|DIARRHOEA|EPIGASTRIC DISCOMFORT|GALLBLADDER OPERATION|GASTROINTESTINAL DISORDER|HEPATIC ENZYME INCREASED|NAUSEA|VOMITING,HEPATIC ENZYME INCREASED,False,True,False,suspect,True,IDIOPATHIC PULMONARY FIBROSIS,True,2021-07-14,2021-09-01,49.0,True,False,True,False,True,False,False,False,False
nintedanib,21210612,1,20220815,20220815,2022,DE,DE,1,female,61.0,61.0,801,CONSTIPATION|DERMATITIS ACNEIFORM|FATIGUE|GENERAL PHYSICAL HEALTH DETERIORATION|HEPATIC ENZYME INCREASED|NAUSEA|VOMITING,HEPATIC ENZYME INCREASED,False,True,False,suspect,True,LUNG ADENOCARCINOMA,False,2021-03-19,2021-03-22,3.0,True,False,True,False,True,False,False,False,True
nintedanib,21216138,3,20220816,20240709,2022,US,US,2,unknown,,,,ABDOMINAL DISCOMFORT|AGEUSIA|BLOOD PRESSURE INCREASED|CHOLECYSTECTOMY|CHOLELITHIASIS|COVID-19|DEHYDRATION|DIARRHOEA|DYSPEPSIA|DYSPNOEA|DYSPNOEA EXERTIONAL|FEEDING DISORDER|FOOD POISONING|HEADACHE|LIVER FUNCTION TEST INCREASED|MYOCARDIAL INFARCTION|NAUSEA|NEOPLASM MALIGNANT|PRODUCTIVE COUGH|SALIVARY HYPERSECRETION|SKIN CANCER|URINARY TRACT INFECTION|VOMITING|WEIGHT INCREASED,LIVER FUNCTION TEST INCREASED,False,True,False,suspect,True,IDIOPATHIC PULMONARY FIBROSIS|INTERSTITIAL LUNG DISEASE|PULMONARY FIBROSIS,True,2021-11-17,2022-02-12,87.0,True,False,True,False,True,False,False,False,True
nintedanib,21224418,1,20220817,20220817,2022,PT,PT,2,male,65.0,65.0,801,ALANINE AMINOTRANSFERASE INCREASED|BLOOD BILIRUBIN INCREASED|BLOOD LACTATE DEHYDROGENASE INCREASED,ALANINE AMINOTRANSFERASE INCREASED|BLOOD BILIRUBIN INCREASED,False,True,True,suspect,True,INTERSTITIAL LUNG DISEASE|RESPIRATORY FAILURE,True,2022-05-25,2022-05-25,0.0,True,False,True,False,False,False,False,False,True
nintedanib,21224426,2,20220817,20220831,2022,DE,DE,1,male,69.0,69.0,801,HEPATITIS|IDIOPATHIC PULMONARY FIBROSIS,HEPATITIS,False,True,False,suspect,True,IDIOPATHIC PULMONARY FIBROSIS,True,,2020-09-01,,False,False,True,False,True,False,False,False,True
nintedanib,21228473,1,20220818,20220818,2022,GB,GB,3,female,70.0,7.0,800,ABDOMINAL PAIN UPPER|BILIARY OBSTRUCTION|CHROMATURIA|JAUNDICE|PRURITUS,JAUNDICE,False,True,False,suspect,True,IDIOPATHIC PULMONARY FIBROSIS,True,,,,False,False,True,False,True,False,False,False,True
nintedanib,21230420,3,20220818,20220916,2022,US,US,1,female,17.0,17.0,801,HEPATITIS,HEPATITIS,False,True,False,suspect,True,INTERSTITIAL LUNG DISEASE,True,2022-04-20,2022-08-05,107.0,True,False,True,False,True,False,False,False,False
nintedanib,21263975,1,20220829,20220829,2022,US,US,5,female,,,,JAUNDICE,JAUNDICE,False,True,False,suspect,True,IDIOPATHIC PULMONARY FIBROSIS,True,2021-01-21,,,False,False,True,False,True,False,False,False,False
nintedanib,21264427,5,20220829,20230818,2022,DE,DE,1,female,69.0,69.0,801,ADRENAL INSUFFICIENCY|ALANINE AMINOTRANSFERASE INCREASED|ANAEMIA|ASPARTATE AMINOTRANSFERASE INCREASED|BLOOD CREATININE INCREASED|DIARRHOEA|DYSPHAGIA|HYPOCALCAEMIA|HYPOKALAEMIA,ALANINE AMINOTRANSFERASE INCREASED|ASPARTATE AMINOTRANSFERASE INCREASED,False,True,False,suspect,True,LUNG ADENOCARCINOMA,False,2021-10-07,2021-10-27,20.0,True,False,True,False,False,False,False,False,True
nintedanib,21267973,6,20220829,20230310,2022,DE,DE,1,female,70.0,70.0,801,ABDOMINAL DISTENSION|BLOOD ALKALINE PHOSPHATASE INCREASED|DIARRHOEA|EPISTAXIS|GAMMA-GLUTAMYLTRANSFERASE INCREASED|MUCOSAL INFECTION|NAUSEA|VOMITING|WHITE BLOOD CELL COUNT DECREASED,BLOOD ALKALINE PHOSPHATASE INCREASED|GAMMA-GLUTAMYLTRANSFERASE INCREASED,False,True,False,suspect,True,LUNG ADENOCARCINOMA,False,2022-06-10,2022-06-11,1.0,True,False,True,False,True,False,False,False,False
nintedanib,21269412,2,20220830,20220913,2022,JP,JP,1,female,79.0,79.0,801,HEPATIC FUNCTION ABNORMAL,HEPATIC FUNCTION ABNORMAL,False,True,False,suspect,True,INTERSTITIAL LUNG DISEASE,True,,2022-06-14,,False,False,False,False,False,False,False,False,False
nintedanib,21291435,3,20220903,20221212,2022,DE,DE,1,female,69.0,69.0,801,ADRENAL INSUFFICIENCY|ALANINE AMINOTRANSFERASE INCREASED|ANAEMIA|ASPARTATE AMINOTRANSFERASE INCREASED|BLOOD CREATININE INCREASED|DIARRHOEA|DYSPHAGIA|HYPOCALCAEMIA|HYPOKALAEMIA,ALANINE AMINOTRANSFERASE INCREASED|ASPARTATE AMINOTRANSFERASE INCREASED,False,True,False,suspect,True,LUNG ADENOCARCINOMA,False,2021-10-07,2021-10-27,20.0,True,False,True,False,False,False,False,False,True
nintedanib,21296056,9,20220906,20240704,2022,US,US,3,female,83.0,83.0,801,ABDOMINAL DISCOMFORT|ABDOMINAL DISTENSION|ABDOMINAL PAIN|ABDOMINAL PAIN UPPER|ALANINE AMINOTRANSFERASE INCREASED|ANKLE FRACTURE|ASPARTATE AMINOTRANSFERASE INCREASED|CONDITION AGGRAVATED|COUGH|DECREASED APPETITE|DIARRHOEA|DRUG INTERACTION|DYSPNOEA EXERTIONAL|FAECES SOFT|FATIGUE|FLATULENCE|GASTROINTESTINAL PAIN|HEART RATE INCREASED|HEPATIC ENZYME DECREASED|HEPATIC ENZYME INCREASED|HEPATIC FUNCTION ABNORMAL|IDIOPATHIC PULMONARY FIBROSIS|INCREASED TENDENCY TO BRUISE|LIVER DISORDER|LIVER FUNCTION TEST INCREASED|MALAISE|NAUSEA|OXYGEN SATURATION DECREASED|PAIN|PALPITATIONS|RESPIRATORY TRACT CONGESTION|TOOTH DISORDER|TRANSIENT ISCHAEMIC ATTACK|VOMITING|WEIGHT INCREASED,ALANINE AMINOTRANSFERASE INCREASED|ASPARTATE AMINOTRANSFERASE INCREASED|HEPATIC ENZYME INCREASED|HEPATIC FUNCTION ABNORMAL|LIVER DISORDER|LIVER FUNCTION TEST INCREASED,False,True,False,interacting,False,IDIOPATHIC PULMONARY FIBROSIS,True,2022-02-22,2022-02-01,-21.0,False,False,True,False,True,False,False,False,True
nintedanib,21311491,1,20220908,20220908,2022,US,,2,female,60.0,60.0,801,ABDOMINAL DISCOMFORT|LIVER FUNCTION TEST INCREASED,LIVER FUNCTION TEST INCREASED,False,True,False,suspect,True,,False,2022-08-03,2022-09-07,35.0,True,False,False,False,False,False,False,False,False
nintedanib,21311649,1,20220909,20220909,2022,CA,CA,5,male,87.0,87.0,801,ATRIAL FIBRILLATION|BLOOD BILIRUBIN INCREASED|CARDIAC FAILURE CONGESTIVE|CONSTIPATION|DIARRHOEA|DIZZINESS|DYSPNOEA|HEADACHE|HYPERTENSION|PRODUCTIVE COUGH|TRANSIENT ISCHAEMIC ATTACK|URINARY TRACT INFECTION|VERTIGO,BLOOD BILIRUBIN INCREASED,False,True,False,suspect,True,IDIOPATHIC PULMONARY FIBROSIS,True,2020-02-04,2022-09-06,945.0,False,False,True,False,True,False,False,False,True
nintedanib,21315125,2,20220909,20220921,2022,US,US,5,male,,,,LIVER DISORDER,LIVER DISORDER,False,True,False,suspect,True,PRODUCT USED FOR UNKNOWN INDICATION,False,,,,False,False,True,False,True,False,False,False,False
nintedanib,21315241,1,20220909,20220909,2022,US,US,5,unknown,,,,LIVER DISORDER,LIVER DISORDER,False,True,False,suspect,True,PRODUCT USED FOR UNKNOWN INDICATION,False,,,,False,False,False,False,False,False,False,False,False
nintedanib,21326185,1,20220913,20220913,2022,CA,CA,5,male,64.0,64.0,801,ABDOMINAL PAIN UPPER|CONSTIPATION|DIARRHOEA|FAECES SOFT|HAEMATOCHEZIA|HAEMORRHAGIC DIATHESIS|LIVER FUNCTION TEST ABNORMAL|PERIPHERAL SWELLING,LIVER FUNCTION TEST ABNORMAL,False,True,False,suspect,True,IDIOPATHIC PULMONARY FIBROSIS,True,2021-05-31,2021-08-03,64.0,True,False,True,False,False,False,False,False,True
nintedanib,21327080,1,20220913,20220913,2022,IT,IT,1,female,74.0,74.0,801,HEPATOTOXICITY,HEPATOTOXICITY,True,True,False,suspect,True,PULMONARY FIBROSIS,True,2022-06-14,2022-08-08,55.0,True,False,True,False,False,False,False,False,True
nintedanib,21331613,3,20220914,20221111,2022,US,US,5,male,,,,CARDIAC DISORDER|DIZZINESS|LIVER DISORDER|LUNG DISORDER,LIVER DISORDER,False,True,False,concomitant,True,,False,,,,False,False,True,False,True,False,False,False,False
nintedanib,21336243,4,20220915,20230322,2022,DE,DE,1,female,70.0,70.0,801,ABDOMINAL DISTENSION|BLOOD ALKALINE PHOSPHATASE INCREASED|DIARRHOEA|EPISTAXIS|GAMMA-GLUTAMYLTRANSFERASE INCREASED|MUCOSAL INFECTION|NAUSEA|VOMITING|WHITE BLOOD CELL COUNT DECREASED,BLOOD ALKALINE PHOSPHATASE INCREASED|GAMMA-GLUTAMYLTRANSFERASE INCREASED,False,True,False,suspect,True,LUNG ADENOCARCINOMA,False,2022-06-10,2022-06-11,1.0,True,False,True,False,True,False,False,False,False
nintedanib,21352687,2,20220920,20220923,2022,JP,JP,1,male,65.0,65.0,801,HEPATIC FUNCTION ABNORMAL|PULMONARY ALVEOLAR HAEMORRHAGE,HEPATIC FUNCTION ABNORMAL,False,True,False,suspect,True,IDIOPATHIC PULMONARY FIBROSIS,True,2018-07-24,2018-04-24,-91.0,False,False,True,False,True,False,False,False,True
nintedanib,21369684,1,20220923,20220923,2022,IT,IT,3,female,80.0,80.0,801,DRUG-INDUCED LIVER INJURY,DRUG-INDUCED LIVER INJURY,True,True,False,suspect,True,IDIOPATHIC PULMONARY FIBROSIS,True,,,,False,False,True,False,False,False,False,False,True
nintedanib,21379714,1,20220927,20220927,2022,TH,TH,1,female,81.0,81.0,801,HEPATITIS,HEPATITIS,False,True,False,suspect,True,INTERSTITIAL LUNG DISEASE,True,2022-02-09,2022-06-15,126.0,True,False,True,False,True,False,False,False,False
nintedanib,21380125,1,20220927,20220927,2022,US,US,5,female,76.0,76.0,801,CHROMATURIA|DECREASED APPETITE|DEPRESSION|DISTURBANCE IN ATTENTION|DIZZINESS|DYSPNOEA EXERTIONAL|EAR PAIN|FATIGUE|HAEMATOCHEZIA|HEPATIC ENZYME INCREASED|HYPOTENSION|INFLUENZA|NAUSEA|PATHOGEN RESISTANCE|PNEUMONIA|PRESYNCOPE|SUICIDAL IDEATION|TREMOR|URINARY TRACT INFECTION|WEIGHT DECREASED,HEPATIC ENZYME INCREASED,False,True,False,concomitant,True,IDIOPATHIC PULMONARY FIBROSIS,True,2022-02-13,,,False,False,True,False,True,False,False,False,True
nintedanib,21385232,2,20220928,20240219,2022,JP,JP,1,male,83.0,83.0,801,DIARRHOEA|LIVER DISORDER|PNEUMONIA,LIVER DISORDER,False,True,False,suspect,True,IDIOPATHIC PULMONARY FIBROSIS,True,2018-09-19,2019-10-03,379.0,False,False,True,True,False,False,False,False,False
nintedanib,21387426,1,20220928,20220928,2022,CN,CN,5,male,57.0,57.0,801,HEPATIC FUNCTION ABNORMAL|HYPERSENSITIVITY,HEPATIC FUNCTION ABNORMAL,False,True,False,suspect,True,DRUG THERAPY,False,2022-08-04,2022-08-15,11.0,True,False,True,False,True,False,False,False,False
nintedanib,21390266,1,20220929,20220929,2022,DE,DE,1,male,56.0,56.0,801,GAMMA-GLUTAMYLTRANSFERASE INCREASED,GAMMA-GLUTAMYLTRANSFERASE INCREASED,False,True,False,suspect,True,INTERSTITIAL LUNG DISEASE,True,2021-07-30,2021-09-01,33.0,True,False,True,False,False,False,False,False,True
nintedanib,21394115,8,20220930,20240422,2022,US,US,5,male,75.0,75.0,801,ABDOMINAL DISCOMFORT|ABDOMINAL DISTENSION|ABDOMINAL PAIN UPPER|ALANINE AMINOTRANSFERASE INCREASED|ATRIAL FIBRILLATION|DIARRHOEA|DRUG INTERACTION|FLATULENCE|GASTROINTESTINAL DISORDER|SPUTUM INCREASED|URINE ABNORMALITY,ALANINE AMINOTRANSFERASE INCREASED,False,True,False,interacting,False,PULMONARY FIBROSIS,True,2022-05-21,2022-05-01,-20.0,False,False,True,False,False,False,False,False,True
nintedanib,21413437,3,20221006,20230517,2022,US,US,5,female,79.0,79.0,801,ABDOMINAL PAIN UPPER|COUGH|DIARRHOEA|FLATULENCE|GASTROINTESTINAL DISORDER|HEADACHE|HEPATIC ENZYME INCREASED|INTESTINAL OBSTRUCTION|JOINT SWELLING|MALAISE|OROPHARYNGEAL PAIN|RHINORRHOEA|VOMITING,HEPATIC ENZYME INCREASED,False,True,False,suspect,True,IDIOPATHIC PULMONARY FIBROSIS|INTERSTITIAL LUNG DISEASE,True,2022-01-13,2022-01-01,-12.0,False,False,True,False,True,False,False,False,True
nintedanib,21435248,3,20221010,20230306,2022,PT,PT,1,female,53.0,53.0,801,COUGH|DISEASE PROGRESSION|DRUG RESISTANCE|FATIGUE|HEPATOTOXICITY|HYPOXIA|METASTASES TO LUNG|PAIN,HEPATOTOXICITY,True,True,False,suspect,True,EGFR GENE MUTATION|NON-SMALL CELL LUNG CANCER METASTATIC,False,,2017-01-01,,False,True,True,True,True,False,False,False,True
nintedanib,21438755,1,20221011,20221011,2022,TH,TH,1,female,85.0,85.0,801,ASPARTATE AMINOTRANSFERASE INCREASED|DECREASED APPETITE|FAECES DISCOLOURED|WEIGHT DECREASED,ASPARTATE AMINOTRANSFERASE INCREASED,False,True,False,suspect,True,SYSTEMIC SCLEROSIS PULMONARY,True,,2022-09-01,,False,False,True,False,True,False,False,False,False
nintedanib,21443432,7,20221012,20230523,2022,JP,JP,3,female,75.0,75.0,801,CORONAVIRUS INFECTION|COUGH|DEMENTIA|DYSPNOEA|GAIT DISTURBANCE|LIVER FUNCTION TEST INCREASED|MUSCULAR WEAKNESS|PRODUCTIVE COUGH|PYELONEPHRITIS|URETEROLITHIASIS,LIVER FUNCTION TEST INCREASED,False,True,False,suspect,True,INTERSTITIAL LUNG DISEASE,True,2022-10-15,2023-01-02,79.0,True,False,True,False,True,False,False,False,True
nintedanib,21449669,1,20221013,20221013,2022,CY,GR,1,male,62.0,62.0,801,BACK PAIN|DIARRHOEA|DIVERTICULUM|ESCHERICHIA INFECTION|HEPATIC ENZYME INCREASED|HIATUS HERNIA|LIMB DISCOMFORT|PERIPHERAL MOTOR NEUROPATHY|PERIPHERAL SENSORY NEUROPATHY|POLYNEUROPATHY|SCIATICA,HEPATIC ENZYME INCREASED,False,True,False,suspect,True,IDIOPATHIC PULMONARY FIBROSIS,True,2019-12-24,2019-11-01,-53.0,False,False,True,False,False,False,False,False,True
nintedanib,21452337,1,20221013,20221013,2022,RU,RU,1,female,67.0,67.0,801,DRUG-INDUCED LIVER INJURY,DRUG-INDUCED LIVER INJURY,True,True,False,suspect,True,IDIOPATHIC PULMONARY FIBROSIS,True,2022-09-27,2022-10-03,6.0,True,True,True,True,False,False,False,False,True
nintedanib,21458327,1,20221014,20221014,2022,PT,PT,3,female,53.0,53.0,801,HEPATOTOXICITY|MALIGNANT NEOPLASM PROGRESSION,HEPATOTOXICITY,True,True,False,suspect,True,EGFR GENE MUTATION|NON-SMALL CELL LUNG CANCER,False,,2022-04-01,,False,False,True,True,False,False,False,False,True
nintedanib,21463090,1,20221017,20221017,2022,CA,CA,5,female,68.0,68.0,801,ABDOMINAL PAIN|ABDOMINAL PAIN UPPER|ARTHRALGIA|BACK PAIN|CONSTIPATION|COVID-19|DIARRHOEA|DIZZINESS|DYSPNOEA|GASTROOESOPHAGEAL REFLUX DISEASE|HEADACHE|HEPATIC ENZYME INCREASED|LIVER DISORDER|PNEUMOTHORAX|TREMOR,HEPATIC ENZYME INCREASED|LIVER DISORDER,False,True,False,suspect,True,IDIOPATHIC PULMONARY FIBROSIS|INTERSTITIAL LUNG DISEASE,True,2022-04-05,2022-04-01,-4.0,False,False,True,False,True,False,False,False,True
nintedanib,21463108,1,20221017,20221017,2022,US,US,5,female,69.0,69.0,801,ABNORMAL DREAMS|AGEUSIA|ALOPECIA|ARTHRALGIA|BALANCE DISORDER|BLOOD SODIUM DECREASED|CONSTIPATION|DEPRESSION|DIARRHOEA|DISTURBANCE IN ATTENTION|DYSPEPSIA|FATIGUE|FEELING ABNORMAL|GASTROOESOPHAGEAL REFLUX DISEASE|GENERAL PHYSICAL HEALTH DETERIORATION|LIVER FUNCTION TEST INCREASED|MEMORY IMPAIRMENT|MULTIPLE ALLERGIES|NAUSEA|NIGHTMARE|PULMONARY FIBROSIS|RHEUMATOID ARTHRITIS|TASTE DISORDER|TREMOR|VOMITING,LIVER FUNCTION TEST INCREASED,False,True,False,suspect,True,IDIOPATHIC PULMONARY FIBROSIS|INTERSTITIAL LUNG DISEASE,True,2021-06-01,2021-06-01,0.0,True,False,True,False,False,False,False,False,True
nintedanib,21463931,1,20221017,20221017,2022,US,US,5,female,67.0,67.0,801,ARTHRALGIA|BODY TEMPERATURE INCREASED|BRONCHITIS|CARDIAC PACEMAKER INSERTION|CARDIAC PACEMAKER REPLACEMENT|COVID-19|DEHYDRATION|DIARRHOEA|HEART RATE DECREASED|HEART RATE INCREASED|HEPATIC ENZYME INCREASED|ILLNESS|INFECTION|INJECTION SITE PAIN|NAUSEA|SWELLING|VOMITING,HEPATIC ENZYME INCREASED,False,True,False,suspect,True,IDIOPATHIC PULMONARY FIBROSIS,True,2020-08-18,2020-08-20,2.0,True,False,True,False,True,False,False,False,False
nintedanib,21463932,4,20221017,20221223,2022,US,US,5,male,69.0,69.0,801,ALANINE AMINOTRANSFERASE INCREASED|CHEST DISCOMFORT|CHROMATURIA|GASTROOESOPHAGEAL REFLUX DISEASE|LIVER INJURY,ALANINE AMINOTRANSFERASE INCREASED,False,True,False,suspect,True,IDIOPATHIC PULMONARY FIBROSIS|PULMONARY FIBROSIS,True,2022-09-14,2022-09-01,-13.0,False,False,True,False,True,False,False,False,False
nintedanib,21464001,2,20221017,20221026,2022,MX,MX,3,male,66.0,66.0,801,ABNORMAL FAECES|AGEUSIA|ANXIETY|ARTHRALGIA|BLOOD CHOLESTEROL INCREASED|BODY HEIGHT DECREASED|COUGH|CYANOSIS|DECREASED APPETITE|DIARRHOEA|DYSPNOEA EXERTIONAL|FAECES DISCOLOURED|FATIGUE|HEADACHE|HEPATITIS|IDIOPATHIC PULMONARY FIBROSIS|INCREASED APPETITE|LOSS OF PERSONAL INDEPENDENCE IN DAILY ACTIVITIES|NASAL DRYNESS|NEPHROLITHIASIS|OVERWEIGHT|PRODUCT DOSE OMISSION ISSUE|PRODUCTIVE COUGH|SECRETION DISCHARGE|STRESS|TASTE DISORDER|WEIGHT DECREASED|WEIGHT INCREASED,HEPATITIS,False,True,False,suspect,True,IDIOPATHIC PULMONARY FIBROSIS,True,2021-07-01,2021-09-01,62.0,True,False,True,False,False,False,False,False,True
nintedanib,21466680,2,20221017,20221025,2022,JP,JP,1,female,72.0,72.0,801,ANAEMIA|HEPATIC FUNCTION ABNORMAL|INTERSTITIAL LUNG DISEASE|PNEUMOTHORAX,HEPATIC FUNCTION ABNORMAL,False,True,False,suspect,True,INTERSTITIAL LUNG DISEASE,True,2021-07-28,2021-11-07,102.0,True,False,True,True,True,False,True,False,True
nintedanib,21467006,1,20221017,20221017,2022,US,US,5,female,70.0,70.0,801,ABDOMINAL DISCOMFORT|ABDOMINAL DISTENSION|ABDOMINAL PAIN|ABDOMINAL PAIN UPPER|ASTHENIA|BLADDER OPERATION|BLADDER PROLAPSE|BLADDER REPAIR|BRONCHITIS|CONSTIPATION|COUGH|COVID-19|DEHYDRATION|DEPRESSION|DIARRHOEA|DIZZINESS|ENTEROCELE|ESCHERICHIA INFECTION|FATIGUE|FLATULENCE|GLYCOSYLATED HAEMOGLOBIN INCREASED|HEPATIC ENZYME INCREASED|HYPERTENSION|INFECTION|LIVER FUNCTION TEST INCREASED|MALAISE|MULTIPLE ALLERGIES|NAUSEA|OSTEOPOROSIS|OTORRHOEA|PELVIC FRACTURE|PNEUMONIA|RHINORRHOEA|SNEEZING|SOMNOLENCE|SPINAL FRACTURE|VOMITING|WEIGHT DECREASED,HEPATIC ENZYME INCREASED|LIVER FUNCTION TEST INCREASED,False,True,False,suspect,True,IDIOPATHIC PULMONARY FIBROSIS,True,2021-01-18,2021-01-01,-17.0,False,False,True,False,True,False,False,False,True
nintedanib,21469082,7,20221018,20230123,2022,US,US,5,male,65.0,65.0,801,ABDOMINAL DISCOMFORT|ABDOMINAL PAIN|ABDOMINAL PAIN UPPER|ABDOMINAL TENDERNESS|ARRHYTHMIA|ASPARTATE AMINOTRANSFERASE INCREASED|ASTHENIA|ATRIAL FIBRILLATION|BLOOD POTASSIUM DECREASED|CEREBRAL DISORDER|CONSTIPATION|DAIRY INTOLERANCE|DECREASED APPETITE|DIARRHOEA|HAEMATOCHEZIA|HYPOTONIA|ILLNESS|INAPPROPRIATE SCHEDULE OF PRODUCT ADMINISTRATION|LARGE INTESTINAL HAEMORRHAGE|LARGE INTESTINE INFECTION|MOUTH SWELLING|MUSCULAR WEAKNESS|NAUSEA|OXYGEN SATURATION DECREASED|PAIN|PHARYNGITIS BACTERIAL|PNEUMOCYSTIS JIROVECII PNEUMONIA|PNEUMONIA BACTERIAL|PULMONARY FUNCTION TEST DECREASED|RENAL IMPAIRMENT|RESPIRATORY TRACT INFECTION VIRAL|SKIN WRINKLING|STAPHYLOCOCCAL INFECTION|VEIN DISORDER|VOMITING|WEIGHT DECREASED,ASPARTATE AMINOTRANSFERASE INCREASED,False,True,False,suspect,True,IDIOPATHIC PULMONARY FIBROSIS|INTERSTITIAL LUNG DISEASE,True,2022-06-01,2022-09-01,92.0,True,False,True,False,True,False,False,False,True
nintedanib,21471161,2,20221018,20221101,2022,BR,BR,5,female,63.0,63.0,801,CHEST PAIN|COUGH|DIARRHOEA|HEADACHE|LIVER DISORDER|LUNG DISORDER|OSTEOPOROSIS|PYREXIA,LIVER DISORDER,False,True,False,suspect,True,IDIOPATHIC PULMONARY FIBROSIS,True,2021-11-18,2021-11-28,10.0,True,False,True,False,True,False,False,False,False
nintedanib,21475068,1,20221019,20221019,2022,CA,CA,5,male,82.0,82.0,801,ATRIAL FIBRILLATION|CONSTIPATION|DECREASED APPETITE|DIARRHOEA|DYSPNOEA|HEART RATE INCREASED|TRANSAMINASES INCREASED|WEIGHT DECREASED,TRANSAMINASES INCREASED,False,True,False,suspect,True,IDIOPATHIC PULMONARY FIBROSIS,True,2022-05-12,2022-05-01,-11.0,False,False,True,False,True,False,False,False,False
nintedanib,21475551,1,20221019,20221019,2022,US,US,5,female,74.0,74.0,801,ACUTE KIDNEY INJURY|ACUTE RESPIRATORY FAILURE|BACK PAIN|CONSTIPATION|DECREASED APPETITE|DRUG INTOLERANCE|ESSENTIAL HYPERTENSION|HEADACHE|HEPATIC ENZYME INCREASED|HYPERTRANSAMINASAEMIA|HYPONATRAEMIA|HYPOXIA|IDIOPATHIC PULMONARY FIBROSIS|NAUSEA|SOMNOLENCE,HEPATIC ENZYME INCREASED,False,True,False,suspect,True,IDIOPATHIC PULMONARY FIBROSIS,True,2022-07-20,2022-07-23,3.0,True,False,True,False,True,False,False,False,True
nintedanib,21478452,2,20221019,20221028,2022,US,US,5,female,81.0,81.0,801,CYSTITIS|DIARRHOEA|EYE INJURY|FACE INJURY|FALL|HEPATIC ENZYME INCREASED|LIVER DISORDER|LIVER FUNCTION TEST ABNORMAL|LIVER INJURY|LOSS OF CONSCIOUSNESS|WHEEZING,HEPATIC ENZYME INCREASED|LIVER DISORDER|LIVER FUNCTION TEST ABNORMAL,False,True,False,suspect,True,IDIOPATHIC PULMONARY FIBROSIS|INTERSTITIAL LUNG DISEASE,True,2021-10-28,2022-01-01,65.0,True,False,True,False,True,False,False,False,False
nintedanib,21479989,1,20221019,20221019,2022,US,US,5,unknown,80.0,80.0,801,ABDOMINAL PAIN UPPER|ALOPECIA|ASTHENIA|CARDIAC PACEMAKER INSERTION|CONSTIPATION|COUGH|DECREASED APPETITE|DEHYDRATION|DEPRESSED MOOD|DEPRESSION|DIZZINESS|DYSPHAGIA|DYSPNOEA|FATIGUE|HAEMORRHAGE|HEART RATE IRREGULAR|HEPATIC ENZYME INCREASED|INTERVERTEBRAL DISC COMPRESSION|LETHARGY|PAIN|PRODUCTIVE COUGH|SOMNOLENCE|SPINAL DISORDER|SPINAL LAMINECTOMY|WEIGHT DECREASED|WHEEZING,HEPATIC ENZYME INCREASED,False,True,False,suspect,True,IDIOPATHIC PULMONARY FIBROSIS|INTERSTITIAL LUNG DISEASE,True,2021-03-17,2021-10-05,202.0,True,False,True,False,True,False,False,False,True
nintedanib,21480330,1,20221019,20221019,2022,US,US,5,female,78.0,78.0,801,ABDOMINAL DISTENSION|BLOOD BILIRUBIN INCREASED|CONSTIPATION|DIARRHOEA|DYSGEUSIA|INTESTINAL OBSTRUCTION|LIVER DISORDER|NAUSEA|VOMITING,BLOOD BILIRUBIN INCREASED|LIVER DISORDER,False,True,False,suspect,True,INTERSTITIAL LUNG DISEASE,True,2022-04-30,2022-04-01,-29.0,False,False,True,False,True,False,False,False,True
nintedanib,21481358,1,20221019,20221019,2022,CA,CA,5,male,70.0,70.0,801,BLOOD BILIRUBIN INCREASED|BLOOD CREATININE INCREASED|DIARRHOEA|FAECES SOFT|FATIGUE|IDIOPATHIC PULMONARY FIBROSIS|NAUSEA|POLYDIPSIA|PRODUCTIVE COUGH|PULMONARY FUNCTION TEST DECREASED|VIRAL INFECTION|WEIGHT INCREASED,BLOOD BILIRUBIN INCREASED,False,True,False,suspect,True,IDIOPATHIC PULMONARY FIBROSIS,True,2021-07-01,,,False,False,True,False,False,False,False,False,True
nintedanib,21481707,1,20221020,20221020,2022,US,US,5,female,,,,AGGRESSION|DEHYDRATION|HEADACHE|LIVER FUNCTION TEST INCREASED|SEIZURE|SPINAL FRACTURE,LIVER FUNCTION TEST INCREASED,False,True,False,suspect,True,IDIOPATHIC PULMONARY FIBROSIS,True,2015-09-09,,,False,False,True,False,True,False,False,False,True
nintedanib,21486251,1,20221020,20221020,2022,US,US,5,female,64.0,64.0,801,ABDOMINAL DISCOMFORT|ABDOMINAL PAIN UPPER|ALOPECIA|COVID-19 PNEUMONIA|DIARRHOEA|INSOMNIA|LIVER FUNCTION TEST INCREASED|NASAL CONGESTION|PNEUMONIA|SECRETION DISCHARGE|SINUSITIS,LIVER FUNCTION TEST INCREASED,False,True,False,suspect,True,PULMONARY FIBROSIS,True,2022-10-14,2021-06-01,-500.0,False,False,True,False,False,False,False,False,True
nintedanib,21486572,1,20221020,20221020,2022,US,US,5,female,68.0,68.0,801,ABDOMINAL PAIN|ALOPECIA|CONSTIPATION|DIARRHOEA|DRUG INTOLERANCE|HEART RATE INCREASED|HEPATIC ENZYME INCREASED|KNEE OPERATION|LIVER FUNCTION TEST ABNORMAL|LOCALISED INFECTION|NAUSEA|PAIN IN JAW|RASH ERYTHEMATOUS|RESPIRATORY FAILURE,HEPATIC ENZYME INCREASED|LIVER FUNCTION TEST ABNORMAL,False,True,False,suspect,True,IDIOPATHIC PULMONARY FIBROSIS,True,2020-03-18,2020-01-01,-77.0,False,False,True,False,True,False,False,False,True
nintedanib,21487404,1,20221020,20221020,2022,GB,GB,2,female,67.0,67.0,801,ALANINE AMINOTRANSFERASE INCREASED|GAMMA-GLUTAMYLTRANSFERASE INCREASED|LIVER FUNCTION TEST INCREASED,ALANINE AMINOTRANSFERASE INCREASED|GAMMA-GLUTAMYLTRANSFERASE INCREASED|LIVER FUNCTION TEST INCREASED,False,True,False,concomitant,True,,False,,2022-10-18,,False,False,True,False,False,False,False,False,True
nintedanib,21487798,2,20221020,20221027,2022,US,US,5,female,82.0,82.0,801,ABDOMINAL PAIN|ABDOMINAL PAIN UPPER|ALOPECIA|COATING IN MOUTH|COVID-19|DECREASED APPETITE|DIARRHOEA|FATIGUE|FLATULENCE|HEPATIC ENZYME INCREASED|NAUSEA|PNEUMONIA|RHINORRHOEA|TONGUE COATED|VOMITING,HEPATIC ENZYME INCREASED,False,True,False,suspect,True,IDIOPATHIC PULMONARY FIBROSIS,True,2021-03-22,2021-07-01,101.0,True,False,True,False,True,False,False,False,False
nintedanib,21487824,2,20221020,20221109,2022,DE,DE,1,female,69.0,69.0,801,ADRENAL INSUFFICIENCY|ALANINE AMINOTRANSFERASE INCREASED|ANAEMIA|ASPARTATE AMINOTRANSFERASE INCREASED|BLOOD CREATININE INCREASED|DIARRHOEA|DYSPHAGIA|HYPOCALCAEMIA|HYPOKALAEMIA,ALANINE AMINOTRANSFERASE INCREASED|ASPARTATE AMINOTRANSFERASE INCREASED,False,True,False,suspect,True,LUNG ADENOCARCINOMA,False,2021-10-07,2021-10-27,20.0,True,False,True,False,False,False,False,False,True
nintedanib,21488398,1,20221021,20221021,2022,US,US,5,female,84.0,84.0,801,ABDOMINAL DISCOMFORT|ABDOMINAL PAIN UPPER|CHEST PAIN|DIARRHOEA|DYSPNOEA|GASTROOESOPHAGEAL REFLUX DISEASE|INAPPROPRIATE SCHEDULE OF PRODUCT ADMINISTRATION|LIVER FUNCTION TEST INCREASED|MALAISE|NAUSEA|RHINORRHOEA|VOMITING,LIVER FUNCTION TEST INCREASED,False,True,False,suspect,True,IDIOPATHIC PULMONARY FIBROSIS|INTERSTITIAL LUNG DISEASE,True,2022-03-17,2022-01-01,-75.0,False,False,True,False,True,False,False,False,False
nintedanib,21489889,2,20221021,20221108,2022,CA,CA,5,female,71.0,71.0,801,COUGH|DECREASED APPETITE|DYSPNOEA EXERTIONAL|HEPATIC FUNCTION ABNORMAL|HEPATIC PAIN|IDIOPATHIC PULMONARY FIBROSIS|NAUSEA|VOMITING,HEPATIC FUNCTION ABNORMAL,False,True,False,suspect,True,IDIOPATHIC PULMONARY FIBROSIS|INTERSTITIAL LUNG DISEASE,True,2022-05-18,2022-05-01,-17.0,False,False,True,False,False,False,False,False,True
nintedanib,21490501,3,20221021,20251003,2022,EU,EU,1,female,53.0,53.0,801,COUGH|DISEASE PROGRESSION|DRUG RESISTANCE|FATIGUE|HEPATOTOXICITY|HYPOXIA|METASTASES TO LUNG|PAIN,HEPATOTOXICITY,True,True,False,suspect,True,NON-SMALL CELL LUNG CANCER METASTATIC,False,,2017-01-01,,False,True,True,True,True,False,False,False,True
nintedanib,21491745,1,20221021,20221021,2022,US,US,5,unknown,,,,ASTHENIA|DIARRHOEA|HEPATIC ENZYME INCREASED|NAUSEA|VOMITING|WEIGHT DECREASED,HEPATIC ENZYME INCREASED,False,True,False,suspect,True,PRODUCT USED FOR UNKNOWN INDICATION,False,,,,False,False,False,False,False,False,False,False,False
nintedanib,21492961,1,20221021,20221021,2022,US,US,5,female,77.0,77.0,801,CONSTIPATION|DECREASED APPETITE|DIARRHOEA|HEPATIC ENZYME INCREASED|HYPOTENSION|INFLUENZA|MALAISE|NAUSEA|PNEUMONIA|PNEUMONIA FUNGAL|RHEUMATOID ARTHRITIS|TASTE DISORDER|URINARY TRACT INFECTION,HEPATIC ENZYME INCREASED,False,True,False,suspect,True,IDIOPATHIC PULMONARY FIBROSIS|INTERSTITIAL LUNG DISEASE,True,2020-09-18,2020-11-01,44.0,True,False,True,False,True,False,False,False,False
nintedanib,21494058,2,20221021,20221107,2022,CH,CH,5,male,69.0,69.0,801,COVID-19|CYSTITIS|DECREASED APPETITE|DIARRHOEA|DYSPNOEA|LUNG DISORDER|RIGHT VENTRICULAR ENLARGEMENT|TRANSAMINASES INCREASED|WEIGHT DECREASED,TRANSAMINASES INCREASED,False,True,False,suspect,True,IDIOPATHIC PULMONARY FIBROSIS,True,2022-02-21,2022-02-22,1.0,True,False,True,False,True,False,False,False,False
nintedanib,21494121,1,20221021,20221021,2022,US,US,5,female,68.0,68.0,801,ASTHENIA|BACK PAIN|CHEST PAIN|CHILLS|COUGH|DIARRHOEA|DIZZINESS|GASTROINTESTINAL DISORDER|HAEMOPTYSIS|LIVER FUNCTION TEST ABNORMAL|MALAISE|NAUSEA|OROPHARYNGEAL PAIN|OVERWEIGHT|PAIN|PNEUMONIA|PRODUCTIVE COUGH|PULMONARY FIBROSIS|PYREXIA|TOTAL LUNG CAPACITY ABNORMAL|VIRAL INFECTION|VOMITING|WHITE BLOOD CELL COUNT INCREASED,LIVER FUNCTION TEST ABNORMAL,False,True,False,suspect,True,IDIOPATHIC PULMONARY FIBROSIS,True,2022-02-10,2022-06-01,111.0,True,False,True,False,False,False,False,False,True
nintedanib,21494357,1,20221021,20221021,2022,CA,CA,5,female,70.0,70.0,801,ALANINE AMINOTRANSFERASE INCREASED|ARTHRALGIA|BLOOD GLUCOSE FLUCTUATION|BLOOD PRESSURE INCREASED|DIARRHOEA|DIZZINESS|FALL|HEPATIC STEATOSIS|HYPOTHYROIDISM|JOINT SWELLING|MUSCLE INJURY|PAIN|RASH|SKIN BURNING SENSATION|THYROID HORMONES INCREASED,ALANINE AMINOTRANSFERASE INCREASED,False,True,False,suspect,True,IDIOPATHIC PULMONARY FIBROSIS|INTERSTITIAL LUNG DISEASE,True,2020-05-14,2022-05-01,717.0,False,False,True,False,True,False,False,False,False
nintedanib,21494748,1,20221021,20221021,2022,ES,ES,5,female,78.0,78.0,801,ABDOMINAL DISCOMFORT|CEREBROVASCULAR ACCIDENT|COVID-19|HYPERTENSION|LIVER FUNCTION TEST ABNORMAL|PYREXIA,LIVER FUNCTION TEST ABNORMAL,False,True,False,suspect,True,IDIOPATHIC PULMONARY FIBROSIS,True,2021-12-29,2022-01-18,20.0,True,False,True,False,True,False,False,False,True
nintedanib,21497619,1,20221024,20221024,2022,US,US,5,male,64.0,64.0,801,ABDOMINAL DISCOMFORT|BLOOD GLUCOSE INCREASED|CONSTIPATION|DIARRHOEA|DYSPEPSIA|DYSPNOEA|FATIGUE|HEART RATE ABNORMAL|HEPATIC ENZYME INCREASED|NAUSEA|PNEUMONIA|SOMNOLENCE,HEPATIC ENZYME INCREASED,False,True,False,suspect,True,IDIOPATHIC PULMONARY FIBROSIS,True,2021-04-01,2021-05-07,36.0,True,False,True,False,True,False,False,False,False
nintedanib,21497900,1,20221024,20221024,2022,ES,ES,5,female,58.0,58.0,801,ABDOMINAL DISCOMFORT|ARRHYTHMIA|DECREASED APPETITE|DEPRESSED MOOD|DIARRHOEA|DIZZINESS|GASTROOESOPHAGEAL REFLUX DISEASE|HEADACHE|HEPATITIS|IDIOPATHIC PULMONARY FIBROSIS|MUSCLE SPASMS|NASOPHARYNGITIS|NAUSEA|ORAL PAIN|PULMONARY HYPERTENSION|RHEUMATIC FEVER|SPUTUM DISCOLOURED|VOMITING|WEIGHT DECREASED,HEPATITIS,False,True,False,suspect,True,IDIOPATHIC PULMONARY FIBROSIS,True,2019-10-16,2019-10-01,-15.0,False,False,True,False,False,False,False,False,True
nintedanib,21503078,1,20221025,20221025,2022,US,US,5,unknown,,,,ASTHENIA|DIARRHOEA|HEPATIC ENZYME INCREASED|NAUSEA|VOMITING|WEIGHT DECREASED,HEPATIC ENZYME INCREASED,False,True,False,suspect,True,PRODUCT USED FOR UNKNOWN INDICATION,False,,,,False,False,False,False,False,False,False,False,False
nintedanib,21523895,9,20221029,20240926,2022,US,US,5,male,71.0,71.0,801,HEPATIC ENZYME INCREASED|LIVER DISORDER|OFF LABEL USE,HEPATIC ENZYME INCREASED|LIVER DISORDER,False,True,False,suspect,True,IDIOPATHIC PULMONARY FIBROSIS,True,2023-08-24,2022-10-26,-302.0,False,False,False,False,False,False,False,False,False
nintedanib,21533797,1,20221101,20221101,2022,US,US,5,female,,,,COUGH|LIVER FUNCTION TEST INCREASED,LIVER FUNCTION TEST INCREASED,False,True,False,suspect,True,PRODUCT USED FOR UNKNOWN INDICATION,False,,2022-01-01,,False,False,False,False,False,False,False,False,False
nintedanib,21542928,4,20221102,20230323,2022,DE,DE,1,female,70.0,70.0,801,ABDOMINAL DISTENSION|BLOOD ALKALINE PHOSPHATASE INCREASED|DIARRHOEA|EPISTAXIS|GAMMA-GLUTAMYLTRANSFERASE INCREASED|MUCOSAL INFECTION|NAUSEA|VOMITING|WHITE BLOOD CELL COUNT DECREASED,BLOOD ALKALINE PHOSPHATASE INCREASED|GAMMA-GLUTAMYLTRANSFERASE INCREASED,False,True,False,suspect,True,LUNG ADENOCARCINOMA,False,2022-06-10,2022-06-11,1.0,True,False,True,False,True,False,False,False,False
nintedanib,21545832,3,20221103,20221220,2022,US,US,5,female,,,,CRYING|DIARRHOEA|HEPATIC ENZYME INCREASED|OROPHARYNGEAL DISCOMFORT|OROPHARYNGEAL PAIN|THROAT IRRITATION|WEIGHT DECREASED,HEPATIC ENZYME INCREASED,False,True,False,suspect,True,PRODUCT USED FOR UNKNOWN INDICATION,False,,2022-01-01,,False,False,False,False,False,False,False,False,False
nintedanib,21569903,1,20221109,20221109,2022,US,US,5,female,76.0,76.0,801,BLOOD PRESSURE DECREASED|BLOOD PRESSURE INCREASED|CHROMATURIA|CONSTIPATION|DEATH|DECREASED APPETITE|DEPRESSION|DIARRHOEA|DISTURBANCE IN ATTENTION|DIZZINESS|DYSPNOEA|DYSPNOEA EXERTIONAL|EAR PAIN|FATIGUE|FEELING ABNORMAL|HAEMATOCHEZIA|HEPATIC ENZYME INCREASED|HEPATIC FAILURE|HYPERSOMNIA|HYPOTENSION|INFLUENZA|LOSS OF CONSCIOUSNESS|NAUSEA|OXYGEN SATURATION DECREASED|PATHOGEN RESISTANCE|PNEUMONIA|SUICIDAL IDEATION|TREMOR|URINARY TRACT INFECTION|WEIGHT DECREASED,HEPATIC ENZYME INCREASED|HEPATIC FAILURE,True,True,False,suspect,True,IDIOPATHIC PULMONARY FIBROSIS|INTERSTITIAL LUNG DISEASE,True,2022-02-11,2022-02-22,11.0,True,False,True,True,True,True,False,False,True
nintedanib,21576942,1,20221110,20221110,2022,CA,CA,5,female,73.0,73.0,801,ABDOMINAL DISCOMFORT|ASTHENIA|AXILLARY MASS|BLOOD GLUCOSE INCREASED|DECREASED APPETITE|DIARRHOEA|DIZZINESS|FATIGUE|HYPERSOMNIA|ILLNESS|LIVER DISORDER|LUNG NEOPLASM MALIGNANT|MALAISE|NAUSEA|NEOPLASM MALIGNANT|NEURALGIA|PAIN|PNEUMONIA,LIVER DISORDER,False,True,False,suspect,True,IDIOPATHIC PULMONARY FIBROSIS,True,,,,False,False,True,False,False,False,False,False,True
nintedanib,21594522,2,20221115,20221124,2022,US,US,5,female,58.0,58.0,801,ABDOMINAL DISCOMFORT|ABDOMINAL PAIN UPPER|ALANINE AMINOTRANSFERASE INCREASED|BLOOD PRESSURE DECREASED|CARDIAC FLUTTER|CHEST PAIN|CONSTIPATION|COUGH|DIARRHOEA|DIZZINESS|DRUG INTOLERANCE|DRY MOUTH|DYSPEPSIA|DYSPNOEA|FEELING ABNORMAL|FLATULENCE|FLUID RETENTION|GASTRIC DISORDER|GASTRIC HAEMORRHAGE|GASTROINTESTINAL DISORDER|GASTROOESOPHAGEAL REFLUX DISEASE|GOUT|HEADACHE|HEART RATE INCREASED|INFECTION|IRRITABLE BOWEL SYNDROME|MIDDLE EAR EFFUSION|MUSCLE SPASMS|MYALGIA|NASAL CONGESTION|NAUSEA|OFF LABEL USE|ORAL HERPES|OROPHARYNGEAL DISCOMFORT|PARANASAL SINUS DISCOMFORT|PARANASAL SINUS HYPERSECRETION|PRODUCTIVE COUGH|RESPIRATORY TRACT INFECTION|SEASONAL ALLERGY|SINUS HEADACHE|SINUSITIS|SKIN IRRITATION|SNEEZING|STOMATITIS|TOXICITY TO VARIOUS AGENTS|UPPER-AIRWAY COUGH SYNDROME|VULVOVAGINAL PRURITUS,ALANINE AMINOTRANSFERASE INCREASED,False,True,False,suspect,True,IDIOPATHIC PULMONARY FIBROSIS|INTERSTITIAL LUNG DISEASE,True,2020-02-10,2020-02-01,-9.0,False,False,True,False,True,False,False,False,True
nintedanib,21610151,9,20221117,20230504,2022,US,US,5,female,85.0,85.0,801,BALANCE DISORDER|COVID-19|DYSPNOEA EXERTIONAL|FATIGUE|FEELING ABNORMAL|FEELING JITTERY|LIVER FUNCTION TEST INCREASED|NAUSEA|NERVOUSNESS,LIVER FUNCTION TEST INCREASED,False,True,False,concomitant,True,INTERSTITIAL LUNG DISEASE,True,2022-03-17,2022-11-01,229.0,True,False,True,False,True,False,False,False,False
nintedanib,21617089,3,20221118,20230122,2022,US,US,5,unknown,72.0,72.0,801,CHROMATURIA|HEPATIC ENZYME INCREASED,HEPATIC ENZYME INCREASED,False,True,False,suspect,True,IDIOPATHIC PULMONARY FIBROSIS,True,2022-10-03,2022-11-02,30.0,True,False,False,False,False,False,False,False,False
nintedanib,21636037,1,20221123,20221123,2022,US,US,5,female,72.0,72.0,801,ABDOMINAL DISCOMFORT|DIARRHOEA|HEADACHE|HEPATIC ENZYME INCREASED|LIVER FUNCTION TEST ABNORMAL|LUNG DISORDER|NAUSEA|URINARY TRACT INFECTION|VOMITING,HEPATIC ENZYME INCREASED|LIVER FUNCTION TEST ABNORMAL,False,True,False,suspect,True,IDIOPATHIC PULMONARY FIBROSIS|INTERSTITIAL LUNG DISEASE,True,2021-07-07,2021-07-01,-6.0,False,False,True,False,False,False,False,False,True
nintedanib,21641505,2,20221125,20230207,2022,DE,DE,1,female,65.0,65.0,801,DECREASED APPETITE|IMMUNE-MEDIATED HEPATITIS|MALIGNANT NEOPLASM PROGRESSION|NAUSEA|OFF LABEL USE|TRANSAMINASES INCREASED,TRANSAMINASES INCREASED,False,True,False,suspect,True,NON-SMALL CELL LUNG CANCER,False,2021-11-23,2021-08-06,-109.0,False,False,True,False,True,False,False,False,True
nintedanib,21656999,1,20221129,20221129,2022,US,US,1,male,,,,GALLBLADDER DISORDER|LIVER FUNCTION TEST INCREASED,LIVER FUNCTION TEST INCREASED,False,True,False,suspect,True,IDIOPATHIC PULMONARY FIBROSIS|INTERSTITIAL LUNG DISEASE,True,,,,False,False,True,False,True,False,False,False,False
nintedanib,21658792,1,20221129,20221129,2022,PT,PT,1,female,87.0,87.0,801,HEPATOTOXICITY,HEPATOTOXICITY,True,True,False,suspect,True,IDIOPATHIC PULMONARY FIBROSIS,True,2022-10-05,2022-10-10,5.0,True,False,True,False,False,False,False,False,True
nintedanib,21685551,1,20221206,20221206,2022,FR,FR,2,female,54.0,54.0,801,DRUG-INDUCED LIVER INJURY|FLATULENCE|MUSCULOSKELETAL STIFFNESS|TRANSAMINASES INCREASED|VOMITING,DRUG-INDUCED LIVER INJURY|TRANSAMINASES INCREASED,True,True,False,suspect,True,PRODUCT USED FOR UNKNOWN INDICATION,False,,,,False,False,True,False,True,False,False,False,True
nintedanib,21701992,3,20221208,20230713,2022,US,US,5,male,81.0,81.0,801,CONTUSION|DYSPNOEA|FALL|GLOSSITIS|GLOSSODYNIA|LIVER DISORDER|OXYGEN SATURATION DECREASED|SYNCOPE,LIVER DISORDER,False,True,False,suspect,True,IDIOPATHIC PULMONARY FIBROSIS,True,2021-07-14,2022-01-01,171.0,True,False,True,False,True,False,False,False,False
nintedanib,21730777,2,20221215,20230206,2022,MY,MY,2,male,76.0,76.0,801,ABDOMINAL PAIN|CHOLELITHIASIS|HYPERBILIRUBINAEMIA|JAUNDICE CHOLESTATIC|TRANSAMINASES INCREASED,HYPERBILIRUBINAEMIA|TRANSAMINASES INCREASED,False,True,True,suspect,True,IDIOPATHIC PULMONARY FIBROSIS,True,2020-07-10,2022-02-11,581.0,False,False,True,False,False,False,False,False,True
nintedanib,21730791,2,20221215,20230112,2022,JP,JP,1,unknown,,,,DECREASED APPETITE|DIARRHOEA|LIVER DISORDER|NAUSEA|TOXIC EPIDERMAL NECROLYSIS,LIVER DISORDER,False,True,False,suspect,True,PRODUCT USED FOR UNKNOWN INDICATION,False,,,,False,False,True,False,False,False,False,False,True
nintedanib,21735920,1,20221215,20221215,2022,RU,RU,1,female,,,,BLOOD BILIRUBIN INCREASED|NAUSEA|VOMITING|YELLOW SKIN,BLOOD BILIRUBIN INCREASED,False,True,False,suspect,True,INTERSTITIAL LUNG DISEASE|SYSTEMIC SCLERODERMA,True,,2022-05-01,,False,False,True,False,False,False,False,False,True
nintedanib,21745909,1,20221219,20221219,2022,PT,PT,2,female,69.0,69.0,801,CHOLESTASIS,CHOLESTASIS,False,True,False,suspect,True,IDIOPATHIC PULMONARY FIBROSIS,True,2022-07-18,2022-12-05,140.0,True,False,True,False,False,False,False,False,True
nintedanib,21747551,8,20221219,20240318,2022,CA,CA,5,female,73.0,73.0,801,ANXIETY|CHEST DISCOMFORT|COUGH|DECREASED APPETITE|DIARRHOEA|DIZZINESS|FATIGUE|FREQUENT BOWEL MOVEMENTS|GENERAL PHYSICAL HEALTH DETERIORATION|HEPATIC CIRRHOSIS|HEPATIC ENZYME INCREASED|HEPATIC STEATOSIS|NAUSEA|PAROSMIA|RASH|RESPIRATORY TRACT INFECTION|TASTE DISORDER|VOMITING|WEIGHT DECREASED,HEPATIC ENZYME INCREASED,False,True,False,suspect,True,IDIOPATHIC PULMONARY FIBROSIS,True,2022-05-24,2022-05-01,-23.0,False,False,True,False,False,False,False,False,True
nintedanib,21750038,1,20221219,20221219,2022,BG,BG,3,female,82.0,82.0,801,BRONCHIAL HAEMORRHAGE|HEPATOTOXICITY|TUBERCULOSIS,HEPATOTOXICITY,True,True,False,suspect,True,IDIOPATHIC PULMONARY FIBROSIS,True,,,,False,False,True,True,True,False,False,False,True
nintedanib,21750449,4,20221219,20221230,2022,US,US,5,male,,,,CARDIAC DISORDER|CHEST PAIN|DIZZINESS|DYSPNOEA|FATIGUE|LIVER DISORDER|PALPITATIONS|SWELLING,LIVER DISORDER,False,True,False,concomitant,True,,False,,,,False,False,True,False,True,False,False,False,False
nintedanib,21751970,3,20221220,20250523,2022,DE,DE,1,female,71.0,71.0,801,BLOOD LACTATE DEHYDROGENASE INCREASED|CYSTITIS|GAMMA-GLUTAMYLTRANSFERASE INCREASED|HYPERTENSION|SINUS TACHYCARDIA|TRANSAMINASES INCREASED,GAMMA-GLUTAMYLTRANSFERASE INCREASED|TRANSAMINASES INCREASED,False,True,False,suspect,True,LUNG ADENOCARCINOMA,False,2022-05-25,2022-05-24,-1.0,False,False,True,False,True,False,False,False,False
nintedanib,21756200,2,20221220,20230117,2022,US,US,5,female,67.0,67.0,801,COMPRESSION FRACTURE|COUGH|DIARRHOEA|DYSPNOEA|FATIGUE|HEPATIC CIRRHOSIS|HEPATIC ENZYME INCREASED|HEPATIC FUNCTION ABNORMAL|IDIOPATHIC PULMONARY FIBROSIS|LIVER FUNCTION TEST INCREASED|NAUSEA|OXYGEN SATURATION DECREASED|PNEUMONIA BACTERIAL|RESPIRATION ABNORMAL|SURGERY|VOMITING,HEPATIC ENZYME INCREASED|HEPATIC FUNCTION ABNORMAL|LIVER FUNCTION TEST INCREASED,False,True,False,suspect,True,IDIOPATHIC PULMONARY FIBROSIS,True,2019-12-26,2021-09-01,615.0,False,False,True,False,True,False,False,False,True
nintedanib,21769884,1,20221223,20221223,2022,JP,JP,3,male,86.0,86.0,801,C-REACTIVE PROTEIN INCREASED|COUGH|COVID-19|DIARRHOEA|DYSPNOEA EXERTIONAL|LIVER FUNCTION TEST INCREASED|OEDEMA PERIPHERAL|OXYGEN SATURATION DECREASED|THERAPEUTIC PRODUCT EFFECT INCOMPLETE,LIVER FUNCTION TEST INCREASED,False,True,False,suspect,True,IDIOPATHIC PULMONARY FIBROSIS,True,2021-10-30,2021-10-31,1.0,True,False,True,False,True,False,False,False,False
nintedanib,21822943,2,20230105,20230317,2023,JP,JP,1,female,67.0,67.0,801,HEPATIC FAILURE|OFF LABEL USE|RENAL FAILURE,HEPATIC FAILURE,True,True,False,concomitant,True,PRODUCT USED FOR UNKNOWN INDICATION,False,2018-09-18,2022-11-17,1521.0,False,True,True,True,False,False,False,False,False
nintedanib,21851890,2,20230112,20230130,2023,JP,JP,1,male,79.0,79.0,801,ADVERSE REACTION|CONSTIPATION|COUGH|DECREASED APPETITE|DEPRESSED MOOD|DISCOURAGEMENT|DRUG INEFFECTIVE|DYSPHONIA|DYSPNOEA|DYSPNOEA EXERTIONAL|FATIGUE|HYPERTENSION|INSOMNIA|INTERSTITIAL LUNG DISEASE|LIVER FUNCTION TEST INCREASED|MALAISE|WEIGHT DECREASED,LIVER FUNCTION TEST INCREASED,False,True,False,suspect,True,INTERSTITIAL LUNG DISEASE,True,2022-06-22,2022-09-06,76.0,True,False,True,False,True,False,False,False,False
nintedanib,21861406,2,20230113,20230118,2023,BR,BR,5,female,,,,DISORGANISED SPEECH|HEAD DISCOMFORT|IDIOPATHIC PULMONARY FIBROSIS|LIVER DISORDER|NAUSEA|PERIPHERAL SWELLING|RENAL DISORDER|WEIGHT DECREASED,LIVER DISORDER,False,True,False,suspect,True,IDIOPATHIC PULMONARY FIBROSIS,True,,,,False,True,True,True,True,False,False,False,True
nintedanib,21871160,4,20230117,20230421,2023,US,US,5,male,76.0,76.0,801,ALANINE AMINOTRANSFERASE INCREASED|ASPARTATE AMINOTRANSFERASE INCREASED|COUGH|HEPATIC ENZYME INCREASED|LIVER FUNCTION TEST ABNORMAL|PNEUMONIA,ALANINE AMINOTRANSFERASE INCREASED|ASPARTATE AMINOTRANSFERASE INCREASED|HEPATIC ENZYME INCREASED|LIVER FUNCTION TEST ABNORMAL,False,True,False,concomitant,True,PRODUCT USED FOR UNKNOWN INDICATION,False,,2022-11-01,,False,False,True,False,False,False,False,False,True
nintedanib,21874054,2,20230117,20230203,2023,GR,GR,1,unknown,,,,GASTROINTESTINAL DISORDER|HEPATOTOXICITY,HEPATOTOXICITY,True,True,False,suspect,True,PRODUCT USED FOR UNKNOWN INDICATION,False,,,,False,False,True,False,False,False,False,False,True
nintedanib,21888697,9,20230120,20230915,2023,JP,JP,3,male,72.0,72.0,801,CHEST PAIN|CONSTIPATION|DEATH|DIARRHOEA|DYSPNOEA|EXERCISE TOLERANCE DECREASED|FAECES SOFT|GAIT DISTURBANCE|HERPES ZOSTER|HYPOPHAGIA|LIVER FUNCTION TEST ABNORMAL|OXYGEN SATURATION DECREASED|WEIGHT DECREASED,LIVER FUNCTION TEST ABNORMAL,False,True,False,suspect,True,IDIOPATHIC PULMONARY FIBROSIS,True,2022-12-01,2022-12-01,0.0,True,False,True,True,True,False,False,False,False
nintedanib,21915202,11,20230126,20240702,2023,US,US,5,female,75.0,75.0,801,ABDOMINAL PAIN|ABDOMINAL PAIN UPPER|ASTHENIA|BASAL CELL CARCINOMA|CHILLS|CHOLECYSTECTOMY|CHROMATURIA|CONSTIPATION|COUGH|DIARRHOEA|DIZZINESS|FATIGUE|FOOT FRACTURE|HEPATIC ENZYME INCREASED|HYPERSOMNIA|IMPAIRED HEALING|JAUNDICE|MUSCULOSKELETAL CHEST PAIN|PAIN|PANCREATOLITHIASIS|POST PROCEDURAL COMPLICATION|RHINORRHOEA|WEIGHT DECREASED|WOUND INFECTION,HEPATIC ENZYME INCREASED|JAUNDICE,False,True,False,suspect,True,IDIOPATHIC PULMONARY FIBROSIS,True,2022-08-26,2022-10-23,58.0,True,False,True,False,True,False,False,False,True
nintedanib,21921879,2,20230127,20230320,2023,JP,JP,1,male,73.0,73.0,801,APPLICATION SITE INFECTION|C-REACTIVE PROTEIN INCREASED|CONSTIPATION|COVID-19|DECREASED APPETITE|DIARRHOEA|FAECES SOFT|HYPERTENSION|INSOMNIA|INTERSTITIAL LUNG DISEASE|LIVER DISORDER|NOCTURIA|PNEUMOTHORAX|RHINORRHOEA|STEROID DIABETES|WEIGHT DECREASED,LIVER DISORDER,False,True,False,suspect,True,INTERSTITIAL LUNG DISEASE,True,2020-11-27,2020-12-22,25.0,True,False,True,True,True,False,False,False,True
nintedanib,21922036,1,20230128,20230128,2023,US,US,1,unknown,,,,HEPATIC FUNCTION ABNORMAL,HEPATIC FUNCTION ABNORMAL,False,True,False,suspect,True,PRODUCT USED FOR UNKNOWN INDICATION,False,,,,False,False,True,False,True,False,False,False,False
nintedanib,21930277,1,20230131,20230131,2023,ID,ID,1,unknown,,,,LIVER DISORDER,LIVER DISORDER,False,True,False,suspect,True,PRODUCT USED FOR UNKNOWN INDICATION,False,,,,False,False,True,False,False,False,False,False,True
nintedanib,21951660,1,20230203,20230203,2023,US,US,5,unknown,,,,LIVER DISORDER,LIVER DISORDER,False,True,False,suspect,True,PRODUCT USED FOR UNKNOWN INDICATION,False,,,,False,False,False,False,False,False,False,False,False
nintedanib,21965446,2,20230208,20240115,2023,FR,FR,1,female,83.0,83.0,801,CHOLESTATIC LIVER INJURY,CHOLESTATIC LIVER INJURY,True,True,False,suspect,True,INTERSTITIAL LUNG DISEASE,True,,2022-10-24,,False,False,True,False,True,False,False,False,False
nintedanib,21974416,2,20230209,20230508,2023,US,US,5,male,52.0,52.0,801,ABDOMINAL PAIN|ABDOMINAL PAIN UPPER|CONTUSION|DYSPEPSIA|IDIOPATHIC PULMONARY FIBROSIS|INCREASED TENDENCY TO BRUISE|LIVER FUNCTION TEST INCREASED|MULTIPLE ALLERGIES|NAUSEA|PAIN|PNEUMONIA|RESPIRATORY SYNCYTIAL VIRUS INFECTION|SEASONAL ALLERGY,LIVER FUNCTION TEST INCREASED,False,True,False,suspect,True,IDIOPATHIC PULMONARY FIBROSIS,True,2022-02-09,2022-02-01,-8.0,False,False,True,False,False,False,False,False,True
nintedanib,21975447,1,20230210,20230210,2023,CA,CA,3,male,87.0,87.0,801,ATRIAL FIBRILLATION|BLOOD BILIRUBIN INCREASED|CARDIAC FAILURE CONGESTIVE|CONSTIPATION|DIARRHOEA|DIZZINESS|DYSPNOEA|HEADACHE|HYPERTENSION|PRODUCTIVE COUGH|TRANSIENT ISCHAEMIC ATTACK|URINARY TRACT INFECTION|VERTIGO,BLOOD BILIRUBIN INCREASED,False,True,False,suspect,True,IDIOPATHIC PULMONARY FIBROSIS,True,,,,False,False,True,False,True,False,False,False,True
nintedanib,21975602,2,20230210,20230310,2023,JP,JP,3,female,77.0,77.0,801,ABDOMINAL PAIN|ASPIRATION|COUGH|COVID-19|DECREASED APPETITE|DIARRHOEA|DYSPNOEA|DYSPNOEA EXERTIONAL|ECZEMA|FAECES SOFT|FATIGUE|GENERAL PHYSICAL HEALTH DETERIORATION|LISTLESS|LIVER FUNCTION TEST INCREASED|NAUSEA|WEIGHT DECREASED,LIVER FUNCTION TEST INCREASED,False,True,False,suspect,True,IDIOPATHIC PULMONARY FIBROSIS,True,2022-08-23,2022-08-23,0.0,True,False,True,False,True,False,False,False,False
nintedanib,21981912,1,20230212,20230212,2023,US,US,1,female,80.0,80.0,801,ASPARTATE AMINOTRANSFERASE INCREASED|HYPERGLOBULINAEMIA,ASPARTATE AMINOTRANSFERASE INCREASED,False,True,False,suspect,True,IDIOPATHIC PULMONARY FIBROSIS,True,,,,False,False,False,False,False,False,False,False,False
nintedanib,21993067,5,20230215,20240212,2023,JP,JP,1,male,78.0,78.0,801,ANAEMIA|C-REACTIVE PROTEIN INCREASED|COVID-19 PNEUMONIA|DIARRHOEA|HEPATIC FUNCTION ABNORMAL|MELAENA|SYSTEMIC SCLERODERMA,HEPATIC FUNCTION ABNORMAL,False,True,False,suspect,True,INTERSTITIAL LUNG DISEASE|SYSTEMIC SCLERODERMA,True,2021-12-08,2021-12-21,13.0,True,False,True,False,True,False,False,False,False
nintedanib,22019702,3,20230222,20230418,2023,JP,JP,3,female,86.0,86.0,801,ANXIETY|APATHY|CONSTIPATION|DECREASED APPETITE|DIARRHOEA|DRUG INEFFECTIVE|DRUG INTOLERANCE|DYSGEUSIA|DYSPHAGIA|DYSPNOEA|FAECES HARD|FAECES SOFT|INCREASED VISCOSITY OF UPPER RESPIRATORY SECRETION|LIVER FUNCTION TEST INCREASED|MUSCULOSKELETAL DISCOMFORT|ORAL DISCOMFORT|PALPITATIONS|PHYSICAL DECONDITIONING|RHINORRHOEA|SALIVA ALTERED|WEIGHT DECREASED,LIVER FUNCTION TEST INCREASED,False,True,False,suspect,True,INTERSTITIAL LUNG DISEASE,True,2022-09-04,2022-09-04,0.0,True,False,True,False,False,True,False,False,True
nintedanib,22020756,1,20230222,20230222,2023,DE,DE,1,female,66.0,66.0,801,ACUTE KIDNEY INJURY|ALANINE AMINOTRANSFERASE INCREASED|ASPARTATE AMINOTRANSFERASE INCREASED|ASTHENIA|DECREASED APPETITE|RENAL FAILURE,ALANINE AMINOTRANSFERASE INCREASED|ASPARTATE AMINOTRANSFERASE INCREASED,False,True,False,suspect,True,LUNG ADENOCARCINOMA,False,2022-02-15,2022-02-22,7.0,True,False,True,True,True,True,False,False,True
nintedanib,22036212,1,20230225,20230225,2023,PT,PT,3,female,53.0,53.0,801,COUGH|DISEASE PROGRESSION|DRUG RESISTANCE|FATIGUE|HEPATOTOXICITY|HYPOXIA|LUNG ADENOCARCINOMA STAGE IV|MALIGNANT NEOPLASM PROGRESSION|METASTASES TO LUNG|PAIN,HEPATOTOXICITY,True,True,False,suspect,True,NON-SMALL CELL LUNG CANCER METASTATIC,False,,2020-07-01,,False,True,True,True,True,False,False,False,True
nintedanib,22046522,4,20230228,20230906,2023,CA,CA,5,male,76.0,76.0,801,ANAEMIA|ANXIETY|CONSTIPATION|DECREASED APPETITE|DIARRHOEA|DYSPNOEA|EPISTAXIS|FATIGUE|HEADACHE|HEPATIC ENZYME INCREASED|LIVER DISORDER|MALIGNANT NEOPLASM PROGRESSION|NAUSEA|WEIGHT DECREASED,HEPATIC ENZYME INCREASED|LIVER DISORDER,False,True,False,suspect,True,IDIOPATHIC PULMONARY FIBROSIS,True,2022-12-28,2023-01-08,11.0,True,False,True,False,True,False,False,False,True
nintedanib,22046687,1,20230228,20230228,2023,JP,JP,3,female,81.0,81.0,801,DIARRHOEA|FUNCTIONAL GASTROINTESTINAL DISORDER|GENERAL PHYSICAL HEALTH DETERIORATION|HYPOPHAGIA|LISTLESS|LIVER FUNCTION TEST INCREASED|PERIPHERAL ISCHAEMIA,LIVER FUNCTION TEST INCREASED,False,True,False,suspect,True,INTERSTITIAL LUNG DISEASE,True,2022-11-17,2022-11-17,0.0,True,False,True,False,True,False,False,False,False
nintedanib,22060598,2,20230303,20230306,2023,DE,DE,1,unknown,,,,LIVER DISORDER,LIVER DISORDER,False,True,False,suspect,True,PRODUCT USED FOR UNKNOWN INDICATION,False,,,,False,False,True,False,False,False,False,False,True
nintedanib,22062380,2,20230305,20231023,2023,US,US,5,male,,,,DRUG INTOLERANCE|LIVER DISORDER,LIVER DISORDER,False,True,False,suspect,True,PRODUCT USED FOR UNKNOWN INDICATION,False,,,,False,False,False,False,False,False,False,False,False
nintedanib,22062996,1,20230306,20230306,2023,DE,DE,1,male,57.0,57.0,801,LIVER DISORDER|TRANSAMINASES INCREASED,LIVER DISORDER|TRANSAMINASES INCREASED,False,True,False,suspect,True,LUNG NEOPLASM MALIGNANT,False,,,,False,False,True,False,False,False,False,False,True
nintedanib,22064918,1,20230306,20230306,2023,DE,DE,1,unknown,,,,LIVER DISORDER,LIVER DISORDER,False,True,False,suspect,True,PRODUCT USED FOR UNKNOWN INDICATION,False,,,,False,False,True,False,False,False,False,False,True
nintedanib,22075699,2,20230308,20230504,2023,US,US,5,female,,,,ABDOMINAL DISTENSION|ALCOHOLIC PANCREATITIS|CONSTIPATION|DIARRHOEA|GASTROINTESTINAL DISORDER|HEPATIC ENZYME INCREASED|LIVER FUNCTION TEST ABNORMAL|NAUSEA|RETCHING|WEIGHT INCREASED,HEPATIC ENZYME INCREASED|LIVER FUNCTION TEST ABNORMAL,False,True,False,suspect,True,IDIOPATHIC PULMONARY FIBROSIS,True,,2018-05-01,,False,False,True,False,False,False,False,False,True
nintedanib,22076057,2,20230308,20230413,2023,CA,CA,3,male,84.0,84.0,801,ABDOMINAL PAIN UPPER|AGEUSIA|ANEURYSM RUPTURED|APATHY|BILIARY TRACT OPERATION|BLOOD CREATININE INCREASED|CARDIAC FAILURE|CONSTIPATION|COUGH|DECREASED APPETITE|DIARRHOEA|DYSPNOEA|FLATULENCE|GASTROINTESTINAL PAIN|HALLUCINATION|HEPATIC ENZYME INCREASED|OEDEMA|OEDEMA PERIPHERAL|RENAL IMPAIRMENT|RESPIRATORY FAILURE,HEPATIC ENZYME INCREASED,False,True,False,suspect,True,IDIOPATHIC PULMONARY FIBROSIS,True,2022-05-27,2022-07-01,35.0,True,False,True,False,True,False,False,False,True
nintedanib,22076818,1,20230309,20230309,2023,US,US,5,male,,,,ABDOMINAL PAIN|ASTHENIA|BACK PAIN|COUGH|DIARRHOEA|DISTURBANCE IN ATTENTION|FLUID RETENTION|LIVER FUNCTION TEST INCREASED|NAUSEA|NIGHT SWEATS|PAIN|THERAPY NON-RESPONDER,LIVER FUNCTION TEST INCREASED,False,True,False,suspect,True,IDIOPATHIC PULMONARY FIBROSIS,True,2022-07-18,2022-01-01,-198.0,False,False,False,False,False,False,False,False,False
nintedanib,22084935,1,20230310,20230310,2023,US,US,5,female,74.0,74.0,801,ABDOMINAL PAIN UPPER|CHILLS|HEPATIC ENZYME INCREASED|NAUSEA|PYREXIA,HEPATIC ENZYME INCREASED,False,True,False,suspect,True,IDIOPATHIC PULMONARY FIBROSIS,True,,2023-03-03,,False,False,True,False,True,False,False,False,False
nintedanib,22084936,1,20230310,20230310,2023,IT,IT,1,female,67.0,67.0,801,HEPATITIS ACUTE,HEPATITIS ACUTE,False,True,False,suspect,True,INTERSTITIAL LUNG DISEASE,True,2022-07-05,2022-08-01,27.0,True,False,True,False,False,False,False,False,True
nintedanib,22088754,1,20230313,20230313,2023,US,US,5,unknown,,,,HEPATIC ENZYME INCREASED|PANCREATITIS|TOOTH ABSCESS,HEPATIC ENZYME INCREASED,False,True,False,suspect,True,PRODUCT USED FOR UNKNOWN INDICATION,False,,2023-03-09,,False,False,True,False,True,False,False,False,True
nintedanib,22088776,2,20230313,20230407,2023,JP,JP,3,female,66.0,66.0,801,ABDOMINAL DISCOMFORT|BODY TEMPERATURE INCREASED|COUGH|COVID-19|DECREASED APPETITE|DIARRHOEA|DYSPEPSIA|DYSPHAGIA|DYSPNOEA|DYSPNOEA EXERTIONAL|ERUCTATION|EXERCISE TOLERANCE DECREASED|FLATULENCE|HYPOPHAGIA|KL-6 INCREASED|LIVER FUNCTION TEST INCREASED|MALAISE|OXYGEN SATURATION DECREASED|PRODUCTIVE COUGH|RESPIRATORY DISORDER|VISUAL ACUITY REDUCED|WEIGHT DECREASED,LIVER FUNCTION TEST INCREASED,False,True,False,suspect,True,INTERSTITIAL LUNG DISEASE,True,2022-07-22,2022-07-22,0.0,True,False,True,False,True,False,False,False,False
nintedanib,22092531,1,20230314,20230314,2023,CA,CA,3,male,82.0,82.0,801,ABDOMINAL PAIN|DYSPNOEA|JAUNDICE|LIVER FUNCTION TEST INCREASED,JAUNDICE|LIVER FUNCTION TEST INCREASED,False,True,False,suspect,True,INTERSTITIAL LUNG DISEASE,True,,,,False,False,True,False,True,False,False,False,False
nintedanib,22092583,2,20230314,20230323,2023,US,US,5,male,69.0,69.0,801,CHEST DISCOMFORT|HEPATIC ENZYME INCREASED,HEPATIC ENZYME INCREASED,False,True,False,suspect,True,IDIOPATHIC PULMONARY FIBROSIS|INTERSTITIAL LUNG DISEASE,True,2023-03-11,2023-03-11,0.0,True,False,True,False,True,False,False,False,False
nintedanib,22094401,1,20230314,20230314,2023,RU,RU,1,female,69.0,69.0,801,DIARRHOEA|HEPATITIS TOXIC|VOMITING,HEPATITIS TOXIC,True,True,False,suspect,True,IDIOPATHIC PULMONARY FIBROSIS,True,2023-02-15,2023-03-01,14.0,True,False,True,False,False,True,False,False,True
nintedanib,22101559,1,20230316,20230316,2023,DE,DE,1,male,57.0,57.0,801,LIVER DISORDER|TRANSAMINASES INCREASED,LIVER DISORDER|TRANSAMINASES INCREASED,False,True,False,suspect,True,LUNG NEOPLASM MALIGNANT,False,,,,False,False,True,False,False,False,False,False,True
nintedanib,22102365,1,20230316,20230316,2023,CN,CN,3,female,73.0,73.0,801,ACUTE HEPATIC FAILURE,ACUTE HEPATIC FAILURE,True,True,False,suspect,True,IDIOPATHIC PULMONARY FIBROSIS,True,2023-03-04,2023-03-08,4.0,True,False,True,False,False,False,False,False,True
nintedanib,22106623,3,20230317,20230710,2023,US,US,5,male,68.0,68.0,801,CONTUSION|DIARRHOEA|DYSPNOEA|DYSPNOEA EXERTIONAL|HAEMORRHAGE|LIVER FUNCTION TEST ABNORMAL|RED BLOOD CELL COUNT ABNORMAL|WEIGHT INCREASED|WHEEZING,LIVER FUNCTION TEST ABNORMAL,False,True,False,suspect,True,IDIOPATHIC PULMONARY FIBROSIS,True,2022-06-20,2022-06-01,-19.0,False,False,True,False,False,False,False,False,True
nintedanib,22110347,1,20230317,20230317,2023,DE,DE,1,male,57.0,57.0,801,LIVER DISORDER|TRANSAMINASES INCREASED,LIVER DISORDER|TRANSAMINASES INCREASED,False,True,False,suspect,True,LUNG NEOPLASM MALIGNANT,False,,,,False,False,True,False,False,False,False,False,True
nintedanib,22111378,1,20230317,20230317,2023,US,US,5,female,,,,COLITIS|LIVER FUNCTION TEST INCREASED,LIVER FUNCTION TEST INCREASED,False,True,False,suspect,True,PRODUCT USED FOR UNKNOWN INDICATION,False,,,,False,False,False,False,False,False,False,False,False
nintedanib,22115672,2,20230320,20230403,2023,JP,JP,1,female,69.0,69.0,801,ALTERED STATE OF CONSCIOUSNESS|BLOOD PRESSURE DECREASED|FAECES SOFT|HEPATIC FUNCTION ABNORMAL|HYPONATRAEMIA|PLATELET COUNT DECREASED|PNEUMATOSIS INTESTINALIS,HEPATIC FUNCTION ABNORMAL,False,True,False,suspect,True,INTERSTITIAL LUNG DISEASE,True,2022-02-14,2022-02-21,7.0,True,False,True,True,True,False,False,False,True
nintedanib,22118447,8,20230321,20231117,2023,JP,JP,3,male,57.0,57.0,801,BLOOD BILIRUBIN INCREASED|BLOOD PRESSURE INCREASED|COUGH|DEPRESSION|DIARRHOEA|DIZZINESS POSTURAL|DRUG INEFFECTIVE|DRY SKIN|DYSPNOEA|DYSPNOEA EXERTIONAL|FEELING ABNORMAL|HEPATIC CIRRHOSIS|HYPOAESTHESIA|KL-6 INCREASED|LIVER FUNCTION TEST INCREASED|MALAISE|PYREXIA|VITAL CAPACITY DECREASED,BLOOD BILIRUBIN INCREASED|LIVER FUNCTION TEST INCREASED,False,True,False,suspect,True,IDIOPATHIC PULMONARY FIBROSIS,True,2023-02-20,2023-01-01,-50.0,False,False,True,False,False,False,False,False,True
nintedanib,22127551,1,20230323,20230323,2023,JP,JP,3,male,,,,CHOLECYSTITIS|CHOLELITHIASIS|HEPATIC FUNCTION ABNORMAL|LIVER FUNCTION TEST INCREASED|PANCREATIC DISORDER,HEPATIC FUNCTION ABNORMAL|LIVER FUNCTION TEST INCREASED,False,True,False,suspect,True,INTERSTITIAL LUNG DISEASE,True,,2022-10-01,,False,False,True,False,False,False,False,False,True
nintedanib,22143754,1,20230327,20230327,2023,US,US,2,male,68.0,68.0,801,CHILLS|COUGH|COVID-19|EYE PAIN|FALL|HEADACHE|HEPATIC ENZYME INCREASED|LIVER FUNCTION TEST INCREASED|LIVER INJURY|MUSCULAR WEAKNESS|PRURITUS|PYREXIA,HEPATIC ENZYME INCREASED|LIVER FUNCTION TEST INCREASED,False,True,False,suspect,True,IDIOPATHIC PULMONARY FIBROSIS|INTERSTITIAL LUNG DISEASE,True,2022-06-06,2022-07-04,28.0,True,False,True,False,False,False,False,False,True
nintedanib,22152350,1,20230329,20230329,2023,US,US,1,unknown,,,,ALANINE AMINOTRANSFERASE INCREASED|DIARRHOEA|DYSPNOEA|FATIGUE|OFF LABEL USE|PLEURAL EFFUSION|PNEUMONIA,ALANINE AMINOTRANSFERASE INCREASED,False,True,False,suspect,True,RADIATION PNEUMONITIS,False,,,,False,False,True,False,False,False,False,False,True
nintedanib,22167256,1,20230403,20230403,2023,ES,ES,1,male,74.0,74.0,801,MIXED LIVER INJURY,MIXED LIVER INJURY,True,True,False,suspect,True,PULMONARY FIBROSIS,True,2022-02-02,2022-04-01,58.0,True,False,True,False,False,False,False,False,True
nintedanib,22180857,2,20230406,20230503,2023,US,US,5,female,79.0,79.0,801,BLINDNESS|DIARRHOEA|GLAUCOMA|HEPATIC ENZYME INCREASED,HEPATIC ENZYME INCREASED,False,True,False,suspect,True,INTERSTITIAL LUNG DISEASE,True,,2023-03-29,,False,False,True,False,False,False,False,False,True
nintedanib,22182143,2,20230406,20230412,2023,US,US,5,female,55.0,55.0,801,ABDOMINAL PAIN|BACK PAIN|DIARRHOEA|DIZZINESS POSTURAL|HEADACHE|JAUNDICE|MUSCULOSKELETAL CHEST PAIN|NAUSEA|PAIN,JAUNDICE,False,True,False,suspect,True,IDIOPATHIC PULMONARY FIBROSIS,True,2023-04-01,2023-04-06,5.0,True,False,False,False,False,False,False,False,False
nintedanib,22185575,2,20230407,20230412,2023,US,US,5,male,,,,COUGH|CYSTITIS|FALL|FEELING ABNORMAL|GASTROENTERITIS VIRAL|HEPATIC ENZYME INCREASED|INTERNAL HAEMORRHAGE|LOWER GASTROINTESTINAL HAEMORRHAGE|PULMONARY FIBROSIS|PULMONARY OEDEMA,HEPATIC ENZYME INCREASED,False,True,False,suspect,True,IDIOPATHIC PULMONARY FIBROSIS,True,2022-01-10,,,False,False,True,False,True,False,False,False,True
nintedanib,22219193,2,20230417,20230420,2023,US,US,5,female,76.0,76.0,801,BLOOD PRESSURE INCREASED|COUGH|DIARRHOEA|DIZZINESS|LIVER FUNCTION TEST INCREASED|PNEUMONIA,LIVER FUNCTION TEST INCREASED,False,True,False,suspect,True,IDIOPATHIC PULMONARY FIBROSIS|INTERSTITIAL LUNG DISEASE,True,2023-02-23,2023-03-01,6.0,True,False,True,False,True,False,False,False,False
nintedanib,22238523,2,20230421,20230424,2023,IT,IT,1,female,64.0,64.0,801,GAMMA-GLUTAMYLTRANSFERASE INCREASED|HEPATITIS,GAMMA-GLUTAMYLTRANSFERASE INCREASED|HEPATITIS,False,True,False,suspect,True,LUNG ADENOCARCINOMA,False,2021-03-01,2022-12-12,651.0,False,False,True,False,False,False,False,False,True
nintedanib,22240842,1,20230421,20230421,2023,RU,RU,1,male,58.0,58.0,801,ABDOMINAL PAIN UPPER|ALANINE AMINOTRANSFERASE INCREASED|ASPARTATE AMINOTRANSFERASE INCREASED|BLOOD GLUCOSE DECREASED|BRONCHITIS BACTERIAL,ALANINE AMINOTRANSFERASE INCREASED|ASPARTATE AMINOTRANSFERASE INCREASED,False,True,False,suspect,True,HYPERSENSITIVITY PNEUMONITIS,False,,2023-03-01,,False,False,True,False,True,False,False,False,False
nintedanib,22248723,1,20230425,20230425,2023,US,US,5,female,55.0,55.0,801,COUGH|DIARRHOEA|HEADACHE|HEPATITIS|HEPATOTOXICITY|JAUNDICE|LIVER CONTUSION|NAUSEA,HEPATITIS|HEPATOTOXICITY|JAUNDICE,True,True,False,suspect,True,PULMONARY FIBROSIS,True,,2022-10-19,,False,False,True,False,True,False,False,False,False
nintedanib,22251365,2,20230425,20230719,2023,US,US,5,female,74.0,74.0,801,HEPATIC ENZYME INCREASED|PNEUMONIA,HEPATIC ENZYME INCREASED,False,True,False,suspect,True,PRODUCT USED FOR UNKNOWN INDICATION,False,2022-01-21,2023-03-27,430.0,False,False,True,False,True,False,False,False,False
nintedanib,22255677,1,20230426,20230426,2023,US,US,5,female,68.0,68.0,801,HEPATIC ENZYME INCREASED|WHITE BLOOD CELL COUNT INCREASED,HEPATIC ENZYME INCREASED,False,True,False,suspect,True,IDIOPATHIC PULMONARY FIBROSIS,True,,,,False,False,False,False,False,False,False,False,False
nintedanib,22256488,4,20230426,20230612,2023,US,US,3,male,82.0,82.0,801,ASTHENIA|HAEMOGLOBIN DECREASED|HEPATIC FUNCTION ABNORMAL|NASOPHARYNGITIS|RENAL IMPAIRMENT|THROMBOCYTOPENIC PURPURA,HEPATIC FUNCTION ABNORMAL,False,True,False,suspect,True,INTERSTITIAL LUNG DISEASE,True,2023-04-07,2023-04-24,17.0,True,False,True,True,True,False,False,False,False
nintedanib,22263215,1,20230428,20230428,2023,JP,JP,3,male,79.0,79.0,801,ASTHENIA|DECREASED APPETITE|DIARRHOEA|DRUG INEFFECTIVE|HEADACHE|HEPATIC FUNCTION ABNORMAL|NAUSEA|PALLOR|PYREXIA|RESPIRATORY DISORDER,HEPATIC FUNCTION ABNORMAL,False,True,False,suspect,True,IDIOPATHIC PULMONARY FIBROSIS,True,2023-02-17,2023-02-25,8.0,True,False,True,False,True,False,False,False,False
nintedanib,22272451,1,20230502,20230502,2023,US,US,5,female,72.0,72.0,801,ABDOMINAL PAIN|DIARRHOEA|HEPATIC PAIN|HYPOXIA|LIVER FUNCTION TEST INCREASED|LUNG DISORDER|NAUSEA|OFF LABEL USE|VOMITING,LIVER FUNCTION TEST INCREASED,False,True,False,concomitant,True,IDIOPATHIC PULMONARY FIBROSIS,True,2022-02-25,2022-11-01,249.0,True,False,False,False,False,False,False,False,False
nintedanib,22286467,11,20230505,20240423,2023,US,US,5,male,83.0,83.0,801,DEFAECATION URGENCY|DIARRHOEA|HAEMATURIA|INCONTINENCE|LIVER FUNCTION TEST INCREASED|NAUSEA|VOMITING|WEIGHT DECREASED,LIVER FUNCTION TEST INCREASED,False,True,False,suspect,True,IDIOPATHIC PULMONARY FIBROSIS,True,,2023-05-24,,False,False,True,False,True,False,False,False,False
nintedanib,22301791,2,20230510,20230622,2023,US,US,5,female,71.0,71.0,801,ABDOMINAL DISTENSION|ABDOMINAL PAIN UPPER|CHROMATURIA|COUGH|DIARRHOEA|DYSPNOEA|FUNGAL INFECTION|HEADACHE|HEPATIC ENZYME INCREASED|ILLNESS,HEPATIC ENZYME INCREASED,False,True,False,suspect,True,IDIOPATHIC PULMONARY FIBROSIS,True,2023-01-04,2023-01-01,-3.0,False,False,True,False,True,False,False,False,False
nintedanib,22317306,2,20230515,20230824,2023,US,US,1,female,97.0,97.0,801,ABDOMINAL DISCOMFORT|ABDOMINAL PAIN LOWER|BLOOD BILIRUBIN INCREASED|DECREASED APPETITE|DIARRHOEA|FATIGUE|INTESTINAL OBSTRUCTION|NAUSEA,BLOOD BILIRUBIN INCREASED,False,True,False,suspect,True,INTERSTITIAL LUNG DISEASE,True,2023-02-14,2023-02-15,1.0,True,False,True,False,False,False,False,False,True
nintedanib,22321236,12,20230515,20240606,2023,US,US,5,female,84.0,84.0,801,ANAEMIA|ASPARTATE AMINOTRANSFERASE INCREASED|CARDIAC FAILURE CONGESTIVE|COVID-19|DYSPNOEA|EPISTAXIS|FLUID RETENTION|MALAISE|PNEUMONIA|PULMONARY HYPERTENSION|RENAL FAILURE|RESPIRATORY FAILURE,ASPARTATE AMINOTRANSFERASE INCREASED,False,True,False,suspect,True,IDIOPATHIC PULMONARY FIBROSIS,True,2022-08-08,2022-11-08,92.0,True,False,True,True,True,False,False,False,True
nintedanib,22324142,1,20230516,20230516,2023,US,US,5,female,,,,HEPATIC ENZYME INCREASED,HEPATIC ENZYME INCREASED,False,True,False,suspect,True,IDIOPATHIC PULMONARY FIBROSIS,True,2022-06-29,,,False,False,False,False,False,False,False,False,False
nintedanib,22334975,1,20230518,20230518,2023,CH,CH,2,female,85.0,85.0,801,CHOLESTATIC LIVER INJURY,CHOLESTATIC LIVER INJURY,True,True,False,suspect,True,PRODUCT USED FOR UNKNOWN INDICATION,False,,2023-04-11,,False,False,True,False,False,False,False,False,True
nintedanib,22335214,1,20230518,20230518,2023,US,,5,female,,,,ABDOMINAL DISCOMFORT|HEPATIC ENZYME INCREASED,HEPATIC ENZYME INCREASED,False,True,False,concomitant,True,,False,,,,False,False,False,False,False,False,False,False,False
nintedanib,22335290,1,20230518,20230518,2023,US,US,5,male,73.0,73.0,801,LIVER DISORDER|UMBILICAL HERNIA,LIVER DISORDER,False,True,False,suspect,True,IDIOPATHIC PULMONARY FIBROSIS,True,2020-09-10,,,False,True,True,True,False,False,False,False,False
nintedanib,22357460,1,20230524,20230524,2023,US,US,1,male,60.0,6.0,800,HEPATOTOXICITY,HEPATOTOXICITY,True,True,False,suspect,True,INTERSTITIAL LUNG DISEASE,True,,,,False,False,True,False,True,False,False,False,False
nintedanib,22358504,3,20230524,20230724,2023,JP,JP,3,female,72.0,72.0,801,ABDOMINAL DISCOMFORT|COMPRESSION FRACTURE|CORONAVIRUS INFECTION|DIARRHOEA|DRUG INEFFECTIVE|DRY MOUTH|DYSPNOEA EXERTIONAL|INTERVERTEBRAL DISC DISORDER|LIVER FUNCTION TEST INCREASED|MALAISE|NAUSEA|WEIGHT DECREASED,LIVER FUNCTION TEST INCREASED,False,True,False,suspect,True,INTERSTITIAL LUNG DISEASE,True,2023-02-03,2023-02-17,14.0,True,False,True,False,True,False,False,False,False
nintedanib,22362879,1,20230525,20230525,2023,US,US,5,female,,,,ABDOMINAL DISCOMFORT|HEADACHE|LIVER FUNCTION TEST INCREASED|MIGRAINE|PAIN,LIVER FUNCTION TEST INCREASED,False,True,False,concomitant,True,INTERSTITIAL LUNG DISEASE,True,,2022-01-01,,False,False,False,False,False,False,False,False,False
nintedanib,22369148,1,20230525,20230525,2023,GB,GB,5,male,,,,LIVER DISORDER,LIVER DISORDER,False,True,False,suspect,True,PRODUCT USED FOR UNKNOWN INDICATION,False,,,,False,False,True,False,True,False,False,False,False
nintedanib,22391225,1,20230601,20230601,2023,US,US,5,female,69.0,69.0,801,CATHETERISATION CARDIAC|CONSTIPATION|DIARRHOEA|HEPATIC ENZYME INCREASED|NAUSEA|PARAESTHESIA|THROAT IRRITATION|VOMITING|VOMITING PROJECTILE,HEPATIC ENZYME INCREASED,False,True,False,suspect,True,INTERSTITIAL LUNG DISEASE,True,2022-02-18,2022-02-25,7.0,True,False,True,False,True,False,False,False,False
nintedanib,22393623,2,20230601,20230712,2023,US,US,5,female,70.0,70.0,801,COUGH|DIARRHOEA|DYSPNOEA|LIVER FUNCTION TEST ABNORMAL|OXYGEN SATURATION DECREASED|WEIGHT DECREASED,LIVER FUNCTION TEST ABNORMAL,False,True,False,suspect,True,PRODUCT USED FOR UNKNOWN INDICATION,False,2023-05-18,2023-05-19,1.0,True,False,False,False,False,False,False,False,False
nintedanib,22521417,1,20230605,20230605,2023,US,US,5,female,84.0,84.0,801,ABDOMINAL DISCOMFORT|ABDOMINAL DISTENSION|ABDOMINAL PAIN|ABDOMINAL PAIN UPPER|CONSTIPATION|DIARRHOEA|DYSPEPSIA|EYE OPERATION|FAECALOMA|FATIGUE|HEPATIC ENZYME INCREASED|LIVER FUNCTION TEST INCREASED|NAUSEA|SECRETION DISCHARGE|VOMITING,HEPATIC ENZYME INCREASED|LIVER FUNCTION TEST INCREASED,False,True,False,suspect,True,IDIOPATHIC PULMONARY FIBROSIS,True,2021-10-12,2021-10-01,-11.0,False,False,True,False,True,False,False,False,True
nintedanib,22523501,2,20230606,20230615,2023,US,US,5,male,72.0,72.0,801,DEATH|DIARRHOEA|GASTROINTESTINAL DISORDER|IDIOPATHIC PULMONARY FIBROSIS|LIVER FUNCTION TEST INCREASED|OXYGEN SATURATION DECREASED,LIVER FUNCTION TEST INCREASED,False,True,False,suspect,True,IDIOPATHIC PULMONARY FIBROSIS,True,2021-12-22,2023-01-01,375.0,False,False,True,True,True,False,False,False,False
nintedanib,22524535,2,20230606,20230725,2023,US,US,5,female,85.0,85.0,801,ABDOMINAL PAIN UPPER|BREAST CANCER|COLITIS|CONSTIPATION|DECREASED APPETITE|DEHYDRATION|DIARRHOEA|DRUG INTOLERANCE|FALL|FEELING ABNORMAL|GASTRIC DISORDER|HAEMATOCHEZIA|HEADACHE|INFLUENZA|LIVER DISORDER|PRODUCT DOSE OMISSION ISSUE|VOMITING,LIVER DISORDER,False,True,False,suspect,True,IDIOPATHIC PULMONARY FIBROSIS,True,2022-03-08,2022-03-01,-7.0,False,False,True,False,True,False,False,False,True
nintedanib,22593881,2,20230613,20230618,2023,US,US,5,male,65.0,65.0,801,CONFUSIONAL STATE|DEHYDRATION|DIARRHOEA|DIZZINESS|FATIGUE|HEPATIC ENZYME ABNORMAL|HEPATIC ENZYME INCREASED|NAUSEA|PYREXIA,HEPATIC ENZYME INCREASED,False,True,False,suspect,True,PRODUCT USED FOR UNKNOWN INDICATION,False,2023-05-15,2023-01-01,-134.0,False,False,False,False,False,False,False,False,False
nintedanib,22603129,1,20230615,20230615,2023,AU,AU,5,female,82.0,82.0,801,HEPATOTOXICITY,HEPATOTOXICITY,True,True,False,suspect,True,PRODUCT USED FOR UNKNOWN INDICATION,False,,,,False,False,True,False,False,False,False,False,True
nintedanib,22614033,3,20230619,20231226,2023,US,US,5,female,77.0,77.0,801,ABDOMINAL DISCOMFORT|ABDOMINAL PAIN|ABDOMINAL PAIN UPPER|ALOPECIA|CANDIDA INFECTION|CHROMATURIA|CONSTIPATION|DECREASED APPETITE|DIARRHOEA|DRY SKIN|DYSURIA|FALL|FATIGUE|FLATULENCE|GAIT DISTURBANCE|GASTROINTESTINAL DISORDER|HEADACHE|HEPATIC ENZYME INCREASED|HYPERTENSION|IRRITABLE BOWEL SYNDROME|MUSCLE SPASMS|NAUSEA|ORAL CANDIDIASIS|PULMONARY MASS|SEASONAL ALLERGY|SPUTUM DISCOLOURED|SYNCOPE|THIRST|TRANSIENT ISCHAEMIC ATTACK|UPPER-AIRWAY COUGH SYNDROME|URINARY TRACT INFECTION|VOMITING|WEIGHT DECREASED,HEPATIC ENZYME INCREASED,False,True,False,suspect,True,IDIOPATHIC PULMONARY FIBROSIS,True,2022-09-28,2022-09-01,-27.0,False,False,True,False,False,False,False,False,True
nintedanib,22616774,2,20230619,20240403,2023,US,US,5,female,80.0,80.0,801,ILLNESS|LIVER DISORDER,LIVER DISORDER,False,True,False,suspect,True,PRODUCT USED FOR UNKNOWN INDICATION,False,2023-04-01,2023-05-01,30.0,True,False,False,False,False,False,False,False,False
nintedanib,22647918,3,20230628,20231009,2023,US,US,5,male,84.0,84.0,801,BLADDER DISORDER|CHILLS|DEHYDRATION|GASTROINTESTINAL DISORDER|LIVER FUNCTION TEST INCREASED|PYREXIA|VOMITING,LIVER FUNCTION TEST INCREASED,False,True,False,suspect,True,IDIOPATHIC PULMONARY FIBROSIS|INTERSTITIAL LUNG DISEASE,True,2023-04-25,2023-05-11,16.0,True,False,True,False,True,False,False,False,False
nintedanib,22657299,1,20230630,20230630,2023,US,US,1,unknown,,,,CHROMATURIA|CONTUSION|DRUG INTOLERANCE|HEPATIC FUNCTION ABNORMAL|MALAISE|NAUSEA|SWELLING,HEPATIC FUNCTION ABNORMAL,False,True,False,concomitant,True,PRODUCT USED FOR UNKNOWN INDICATION,False,,2023-04-01,,False,False,False,False,False,False,False,False,False
nintedanib,22659448,1,20230630,20230630,2023,US,US,5,female,,,,ABDOMINAL PAIN UPPER|BLOOD SODIUM DECREASED|CONSTIPATION|HEPATIC ENZYME INCREASED|HYPERTENSION|NAUSEA|PNEUMONIA|VOMITING,HEPATIC ENZYME INCREASED,False,True,False,suspect,True,IDIOPATHIC PULMONARY FIBROSIS,True,2022-06-14,,,False,False,True,False,True,False,False,False,False
nintedanib,22663125,3,20230703,20250523,2023,US,US,5,male,90.0,90.0,801,DEATH|DIARRHOEA|DIARRHOEA HAEMORRHAGIC|LIVER DISORDER,LIVER DISORDER,False,True,False,suspect,True,PULMONARY FIBROSIS,True,,2025-05-15,,False,False,True,True,True,False,False,False,False
nintedanib,22666583,1,20230703,20230703,2023,US,US,5,female,69.0,69.0,801,CATHETERISATION CARDIAC|CONSTIPATION|DIARRHOEA|HEPATIC ENZYME INCREASED|NAUSEA|PARAESTHESIA|THROAT IRRITATION|VOMITING|VOMITING PROJECTILE,HEPATIC ENZYME INCREASED,False,True,False,suspect,True,INTERSTITIAL LUNG DISEASE,True,2022-02-18,2022-02-25,7.0,True,False,True,False,True,False,False,False,False
nintedanib,22675815,5,20230706,20231204,2023,US,US,5,male,56.0,56.0,801,ABDOMINAL PAIN|ASTHENIA|CHRONIC OBSTRUCTIVE PULMONARY DISEASE|COUGH|DECREASED APPETITE|DIARRHOEA|DISTURBANCE IN ATTENTION|DIZZINESS|DYSPNOEA|DYSPNOEA AT REST|EMPHYSEMA|FEELING ABNORMAL|GASTROINTESTINAL MOTILITY DISORDER|HAEMATOCHEZIA|LIVER FUNCTION TEST INCREASED|NAUSEA|NIGHT SWEATS|OEDEMA PERIPHERAL|OROPHARYNGEAL PAIN|PAIN|SNEEZING|VOMITING|WEIGHT DECREASED,LIVER FUNCTION TEST INCREASED,False,True,False,suspect,True,IDIOPATHIC PULMONARY FIBROSIS,True,2022-07-18,2022-01-01,-198.0,False,False,True,False,False,False,False,False,True
nintedanib,22684420,4,20230710,20240812,2023,US,US,5,female,76.0,76.0,801,ABDOMINAL PAIN UPPER|BILIARY OBSTRUCTION|CONSTIPATION|DECREASED APPETITE|DIARRHOEA|FLATULENCE|HEPATIC ENZYME INCREASED|NAUSEA,HEPATIC ENZYME INCREASED,False,True,False,suspect,True,IDIOPATHIC PULMONARY FIBROSIS,True,,2023-01-01,,False,False,True,False,True,False,False,False,False
nintedanib,22725466,2,20230719,20231226,2023,CA,CA,5,male,81.0,81.0,801,ABDOMINAL DISCOMFORT|CONSTIPATION|DECREASED APPETITE|DIARRHOEA|HEPATIC ENZYME INCREASED|HYPERTENSION|IDIOPATHIC PULMONARY FIBROSIS|PRODUCTIVE COUGH|PULMONARY FUNCTION TEST ABNORMAL|URINARY TRACT INFECTION|VIRAL INFECTION|WEIGHT DECREASED,HEPATIC ENZYME INCREASED,False,True,False,suspect,True,IDIOPATHIC PULMONARY FIBROSIS,True,2023-01-10,,,False,False,True,False,True,False,False,False,True
nintedanib,22731167,1,20230720,20230720,2023,ES,ES,5,male,65.0,65.0,801,DEATH|RENAL IMPAIRMENT|TRANSAMINASES INCREASED,TRANSAMINASES INCREASED,False,True,False,suspect,True,PRODUCT USED FOR UNKNOWN INDICATION,False,2023-02-15,2023-07-01,136.0,True,False,True,True,False,False,False,False,False
nintedanib,22735688,2,20230721,20240103,2023,DE,DE,1,male,78.0,78.0,801,HEPATIC ENZYME INCREASED|METASTASES TO LIVER,HEPATIC ENZYME INCREASED,False,True,False,suspect,True,PULMONARY FIBROSIS,True,,,,False,False,True,False,False,False,False,False,True
nintedanib,22735918,1,20230721,20230721,2023,CA,CA,3,female,67.0,67.0,801,ANGINA PECTORIS|BLOOD PRESSURE DECREASED|BLOOD PRESSURE INCREASED|BUNDLE BRANCH BLOCK LEFT|CHEST PAIN|CONDITION AGGRAVATED|CONSTIPATION|DIZZINESS|DYSPEPSIA|DYSPNOEA|ERYTHEMA|FATIGUE|HOT FLUSH|IDIOPATHIC PULMONARY FIBROSIS|LIP SWELLING|LIVER DISORDER|MOBILITY DECREASED|NASAL CONGESTION|NASOPHARYNGITIS|NAUSEA|NEOPLASM MALIGNANT|ORAL HERPES|POOR QUALITY PRODUCT ADMINISTERED|PRODUCT STORAGE ERROR|PSORIASIS|PYREXIA|SEASONAL ALLERGY|SKIN ATROPHY|SKIN BURNING SENSATION|STRESS|TOTAL LUNG CAPACITY DECREASED|URTICARIA|VOMITING,LIVER DISORDER,False,True,False,suspect,True,IDIOPATHIC PULMONARY FIBROSIS,True,,,,False,True,True,True,False,True,False,False,True
nintedanib,22746091,2,20230725,20231013,2023,US,US,5,female,69.0,69.0,801,HEPATIC ENZYME INCREASED,HEPATIC ENZYME INCREASED,False,True,False,suspect,True,IDIOPATHIC PULMONARY FIBROSIS,True,2019-06-21,2023-02-01,1321.0,False,False,False,False,False,False,False,False,False
nintedanib,22752944,2,20230726,20231014,2023,US,US,5,male,57.0,57.0,801,ATRIAL FIBRILLATION|BLOOD CREATININE ABNORMAL|BONE PAIN|CARDIAC FAILURE CONGESTIVE|DECREASED APPETITE|DIARRHOEA|DIZZINESS|DYSPNOEA|FATIGUE|HEPATIC ENZYME INCREASED|MALAISE|NASOPHARYNGITIS|NAUSEA|PAIN|WEIGHT DECREASED,HEPATIC ENZYME INCREASED,False,True,False,suspect,True,PULMONARY FIBROSIS,True,,2022-01-01,,False,False,True,False,True,False,False,False,False
nintedanib,22758778,2,20230728,20230813,2023,US,US,5,male,82.0,82.0,801,ATRIAL FIBRILLATION|BLADDER CATHETERISATION|DEHYDRATION|DIARRHOEA|FEELING ABNORMAL|HAEMATOCHEZIA|HEART RATE IRREGULAR|HEPATIC ENZYME INCREASED|ILLNESS|RENAL DISORDER|SURGERY|SWELLING|WEIGHT DECREASED,HEPATIC ENZYME INCREASED,False,True,False,suspect,True,IDIOPATHIC PULMONARY FIBROSIS,True,2023-06-07,2023-06-10,3.0,True,False,True,False,True,False,False,False,False
nintedanib,22765687,1,20230731,20230731,2023,US,US,5,female,65.0,65.0,801,LIVER DISORDER,LIVER DISORDER,False,True,False,suspect,True,IDIOPATHIC PULMONARY FIBROSIS|INTERSTITIAL LUNG DISEASE,True,2022-07-25,,,False,False,False,False,False,False,False,False,False
nintedanib,22773998,1,20230801,20230801,2023,US,US,5,unknown,,,,HEPATIC ENZYME INCREASED|URINE ABNORMALITY,HEPATIC ENZYME INCREASED,False,True,False,suspect,True,PRODUCT USED FOR UNKNOWN INDICATION,False,,,,False,False,False,False,False,False,False,False,False
nintedanib,22775450,2,20230802,20230824,2023,US,US,5,male,83.0,83.0,801,ABDOMINAL DISCOMFORT|ALANINE AMINOTRANSFERASE INCREASED|GASTROINTESTINAL INJURY|LIVER FUNCTION TEST INCREASED|OESOPHAGEAL INJURY|PANCREATIC CONTUSION|SPLENIC INJURY,ALANINE AMINOTRANSFERASE INCREASED|LIVER FUNCTION TEST INCREASED,False,True,False,suspect,True,PRODUCT USED FOR UNKNOWN INDICATION,False,2023-01-05,2023-07-01,177.0,True,False,True,False,False,False,False,False,True
nintedanib,22800687,4,20230808,20240820,2023,DE,DE,1,female,75.0,75.0,801,DIARRHOEA|HEPATITIS,HEPATITIS,False,True,False,suspect,True,INTERSTITIAL LUNG DISEASE,True,2022-04-08,2023-07-03,451.0,False,False,True,False,True,False,False,False,False
nintedanib,22812297,10,20230811,20260326,2023,CA,CA,5,male,80.0,80.0,801,ABDOMINAL PAIN|ANAL ABSCESS|CONSTIPATION|COUGH|DEATH|DECREASED APPETITE|DECUBITUS ULCER|DIARRHOEA|DYSPNOEA EXERTIONAL|HYPONATRAEMIA|LIVER FUNCTION TEST INCREASED|NAUSEA|OESOPHAGITIS|PNEUMONIA|PRODUCTIVE COUGH|PULMONARY FUNCTION TEST ABNORMAL|RASH|URINARY TRACT INFECTION|WOUND INFECTION STAPHYLOCOCCAL,LIVER FUNCTION TEST INCREASED,False,True,False,suspect,True,IDIOPATHIC PULMONARY FIBROSIS|INTERSTITIAL LUNG DISEASE,True,2023-03-04,,,False,False,True,True,True,False,False,False,False
nintedanib,22820437,2,20230814,20230929,2023,US,US,5,female,80.0,80.0,801,FEELING ABNORMAL|FLATULENCE|LIVER DISORDER|THYROID DISORDER|WHITE BLOOD CELL COUNT INCREASED,LIVER DISORDER,False,True,False,suspect,True,PULMONARY FIBROSIS,True,,2023-09-25,,False,False,False,False,False,False,False,False,False
nintedanib,22829276,6,20230816,20260527,2023,CA,CA,5,male,80.0,80.0,801,ABDOMINAL DISTENSION|ASTHENIA|BLOOD BILIRUBIN INCREASED|CHILLS|COVID-19|DEATH|DECREASED APPETITE|GASTROINTESTINAL DISORDER|HYPOXIA|IDIOPATHIC PULMONARY FIBROSIS|LIVER FUNCTION TEST INCREASED|NAUSEA|PRODUCT DOSE OMISSION ISSUE|RESPIRATORY DISORDER|VOMITING,BLOOD BILIRUBIN INCREASED|LIVER FUNCTION TEST INCREASED,False,True,False,suspect,True,INTERSTITIAL LUNG DISEASE,True,2023-04-11,2026-01-21,1016.0,False,False,True,True,True,False,False,False,True
nintedanib,22830056,1,20230816,20230816,2023,US,US,5,male,75.0,75.0,801,CARDIAC FAILURE|DIARRHOEA|HAEMORRHOIDAL HAEMORRHAGE|HEPATIC FAILURE|RENAL FAILURE,HEPATIC FAILURE,True,True,False,suspect,True,IDIOPATHIC PULMONARY FIBROSIS,True,2023-08-01,2020-01-01,-1308.0,False,False,True,False,True,True,False,False,False
nintedanib,22831466,2,20230817,20230912,2023,US,US,5,female,,,,HEPATIC FUNCTION ABNORMAL|NEUROLOGICAL EYELID DISORDER,HEPATIC FUNCTION ABNORMAL,False,True,False,suspect,True,PRODUCT USED FOR UNKNOWN INDICATION,False,,,,False,False,False,False,False,False,False,False,False
nintedanib,22851280,1,20230822,20230822,2023,US,US,5,male,80.0,80.0,801,ABDOMINAL DISCOMFORT|ANAL INCONTINENCE|COUGH|DECREASED APPETITE|DIARRHOEA|DIZZINESS POSTURAL|DYSPNOEA EXERTIONAL|FAECES DISCOLOURED|HAEMATOCHEZIA|HEADACHE|HEPATIC ENZYME INCREASED|ILLNESS|LIVER DISORDER|NAUSEA|OXYGEN SATURATION ABNORMAL|ROAD TRAFFIC ACCIDENT|SECRETION DISCHARGE|VOMITING|WEIGHT DECREASED,HEPATIC ENZYME INCREASED|LIVER DISORDER,False,True,False,suspect,True,IDIOPATHIC PULMONARY FIBROSIS,True,,2022-12-04,,False,False,True,False,False,False,True,False,False
nintedanib,22864996,2,20230825,20230908,2023,BG,BG,1,female,82.0,82.0,801,BRONCHIAL HAEMORRHAGE|DRUG-INDUCED LIVER INJURY|TUBERCULOSIS,DRUG-INDUCED LIVER INJURY,True,True,False,suspect,True,IDIOPATHIC PULMONARY FIBROSIS,True,,,,False,False,True,True,True,False,False,False,False
nintedanib,22874745,1,20230829,20230829,2023,US,US,5,male,72.0,72.0,801,HEPATIC ENZYME INCREASED|PRODUCT USE ISSUE|WEIGHT DECREASED,HEPATIC ENZYME INCREASED,False,True,False,suspect,True,PRODUCT USED FOR UNKNOWN INDICATION,False,,,,False,False,False,False,False,False,False,False,False
nintedanib,22898385,1,20230904,20230904,2023,HR,HR,1,male,73.0,73.0,801,ANAEMIA|ASTHENIA|DIARRHOEA|GENERAL PHYSICAL HEALTH DETERIORATION|MOBILITY DECREASED|NEUTROPENIA|PYREXIA|TRANSAMINASES INCREASED,TRANSAMINASES INCREASED,False,True,False,suspect,True,NON-SMALL CELL LUNG CANCER,False,,,,False,False,True,False,False,False,False,False,True
nintedanib,22910294,1,20230906,20230906,2023,BG,BG,5,female,48.0,48.0,801,DRUG INEFFECTIVE|FORCED VITAL CAPACITY DECREASED|HEPATIC ENZYME INCREASED|LUNG DIFFUSION TEST DECREASED|PULMONARY FIBROSIS,HEPATIC ENZYME INCREASED,False,True,False,suspect,True,IDIOPATHIC PULMONARY FIBROSIS,True,,,,False,False,True,False,False,False,False,False,True
nintedanib,22919497,9,20230908,20240301,2023,JP,JP,3,male,78.0,78.0,801,ABDOMINAL DISTENSION|ALANINE AMINOTRANSFERASE INCREASED|ASPARTATE AMINOTRANSFERASE INCREASED|BLOOD TEST ABNORMAL|CONSTIPATION|DYSPHONIA|EPISTAXIS|HICCUPS|LUNG DISORDER|PHYSICAL DECONDITIONING,ALANINE AMINOTRANSFERASE INCREASED|ASPARTATE AMINOTRANSFERASE INCREASED,False,True,False,suspect,True,IDIOPATHIC PULMONARY FIBROSIS,True,2023-08-07,2023-08-07,0.0,True,False,True,False,True,False,False,False,False
nintedanib,22931201,1,20230911,20230911,2023,US,US,5,female,74.0,74.0,801,ASTHENIA|DIARRHOEA|DYSPEPSIA|FATIGUE|HEPATIC ENZYME INCREASED|HEPATIC FUNCTION ABNORMAL|ILLNESS|MALABSORPTION|NAUSEA|PYREXIA|VOMITING|WEIGHT DECREASED,HEPATIC ENZYME INCREASED|HEPATIC FUNCTION ABNORMAL,False,True,False,suspect,True,IDIOPATHIC PULMONARY FIBROSIS,True,2023-01-06,2023-01-01,-5.0,False,False,False,False,False,False,False,False,False
nintedanib,22951794,3,20230918,20231026,2023,CA,CA,5,male,53.0,53.0,801,ABDOMINAL PAIN UPPER|APPENDICITIS|ASTHENIA|FATIGUE|HEADACHE|JAUNDICE,JAUNDICE,False,True,False,suspect,True,IDIOPATHIC PULMONARY FIBROSIS,True,2023-03-10,2023-09-11,185.0,True,False,True,False,False,False,False,False,True
nintedanib,22955364,1,20230918,20230918,2023,US,US,5,unknown,,,,LIVER DISORDER,LIVER DISORDER,False,True,False,suspect,True,PRODUCT USED FOR UNKNOWN INDICATION,False,,,,False,False,False,False,False,False,False,False,False
nintedanib,22957228,2,20230919,20231014,2023,GB,GB,5,male,,,,LIVER DISORDER|LOWER RESPIRATORY TRACT INFECTION|SHOULDER FRACTURE,LIVER DISORDER,False,True,False,suspect,True,PRODUCT USED FOR UNKNOWN INDICATION,False,,,,False,False,True,False,True,False,False,False,False
nintedanib,22969663,3,20230922,20231123,2023,JP,JP,3,female,84.0,84.0,801,BLOOD PRESSURE INCREASED|COUGH|DECREASED APPETITE|DIZZINESS|DRY MOUTH|DYSPNOEA|DYSPNOEA EXERTIONAL|FALL|GASTROOESOPHAGEAL REFLUX DISEASE|HEPATIC FUNCTION ABNORMAL|HYPOPHAGIA|LARYNGEAL DISCOMFORT|LOSS OF CONSCIOUSNESS|NAUSEA|PULMONARY FUNCTION TEST DECREASED|SPUTUM DISCOLOURED|TREMOR|VOMITING|WEIGHT DECREASED,HEPATIC FUNCTION ABNORMAL,False,True,False,suspect,True,INTERSTITIAL LUNG DISEASE,True,2023-05-01,2023-07-01,61.0,True,False,True,False,True,False,False,False,False
nintedanib,22969752,3,20230922,20231018,2023,JP,JP,1,male,64.0,64.0,801,DRUG-INDUCED LIVER INJURY|ENTEROCOLITIS,DRUG-INDUCED LIVER INJURY,True,True,False,suspect,True,IDIOPATHIC PULMONARY FIBROSIS,True,,,,False,False,True,False,True,False,False,False,False
nintedanib,22970651,1,20230922,20230922,2023,US,US,5,female,71.0,71.0,801,ABDOMINAL PAIN UPPER|GAIT INABILITY|HYPERHIDROSIS|ILLNESS|LIVER DISORDER|LIVER FUNCTION TEST INCREASED|NAUSEA,LIVER DISORDER|LIVER FUNCTION TEST INCREASED,False,True,False,suspect,True,IDIOPATHIC PULMONARY FIBROSIS|PULMONARY FIBROSIS,True,2023-06-14,2023-06-30,16.0,True,False,True,False,True,False,False,False,False
nintedanib,22982839,2,20230926,20231114,2023,US,US,5,male,,,,LIVER DISORDER,LIVER DISORDER,False,True,False,concomitant,True,PRODUCT USED FOR UNKNOWN INDICATION,False,,2023-01-01,,False,False,False,False,False,False,False,False,False
nintedanib,23043868,1,20231009,20231009,2023,US,US,5,female,69.0,69.0,801,HEPATIC ENZYME INCREASED|PRODUCT USE ISSUE,HEPATIC ENZYME INCREASED,False,True,False,suspect,True,IDIOPATHIC PULMONARY FIBROSIS,True,2019-11-21,2023-02-01,1168.0,False,False,True,False,False,False,False,False,True
nintedanib,23072472,2,20231017,20231224,2023,US,US,5,male,75.0,75.0,801,DYSPNOEA|HEPATIC ENZYME INCREASED,HEPATIC ENZYME INCREASED,False,True,False,suspect,True,IDIOPATHIC PULMONARY FIBROSIS,True,2023-11-02,2023-08-20,-74.0,False,False,False,False,False,False,False,False,False
nintedanib,23079490,1,20231018,20231018,2023,CZ,CZ,1,female,24.0,24.0,801,ANAEMIA|CANDIDA INFECTION|DIARRHOEA|DISEASE PROGRESSION|DUODENAL ULCER HAEMORRHAGE|GASTROINTESTINAL TOXICITY|HEPATOTOXICITY|HYPOCALCAEMIA|HYPOKALAEMIA|INTESTINAL HAEMORRHAGE|NAUSEA|ORAL CANDIDIASIS|ORAL PAIN|THERAPEUTIC RESPONSE DECREASED|VOMITING,HEPATOTOXICITY,True,True,False,suspect,True,NON-SMALL CELL LUNG CANCER STAGE IV,False,,2014-01-01,,False,False,True,True,True,False,False,False,True
nintedanib,23081921,1,20231019,20231019,2023,US,US,5,female,66.0,66.0,801,LIVER DISORDER,LIVER DISORDER,False,True,False,suspect,True,IDIOPATHIC PULMONARY FIBROSIS|INTERSTITIAL LUNG DISEASE,True,2022-06-25,2022-10-01,98.0,True,False,False,False,False,False,False,False,False
nintedanib,23082560,2,20231019,20231026,2023,JP,JP,1,male,82.0,82.0,801,HEPATIC FUNCTION ABNORMAL|INTERSTITIAL LUNG DISEASE|UPPER GASTROINTESTINAL HAEMORRHAGE,HEPATIC FUNCTION ABNORMAL,False,True,False,suspect,True,INTERSTITIAL LUNG DISEASE,True,2022-08-30,2022-09-09,10.0,True,False,True,False,True,False,False,False,True
nintedanib,23086872,1,20231020,20231020,2023,CL,CL,1,male,,,,HEPATIC FAILURE,HEPATIC FAILURE,True,True,False,suspect,True,PRODUCT USED FOR UNKNOWN INDICATION,False,,,,False,False,True,False,False,False,False,False,True
nintedanib,23110240,1,20231026,20231026,2023,US,US,5,male,,,,HEPATIC ENZYME INCREASED|URINARY TRACT INFECTION,HEPATIC ENZYME INCREASED,False,True,False,suspect,True,IDIOPATHIC PULMONARY FIBROSIS,True,2023-10-26,2023-10-01,-25.0,False,False,False,False,False,False,False,False,False
nintedanib,23112292,2,20231026,20231228,2023,JP,JP,1,male,47.0,47.0,801,ERYTHEMA|LIVER DISORDER|PERICARDIAL EFFUSION,LIVER DISORDER,False,True,False,suspect,True,INTERSTITIAL LUNG DISEASE,True,2023-01-19,2023-02-01,13.0,True,False,True,False,True,False,False,False,False
nintedanib,23128212,1,20231031,20231031,2023,RU,RU,1,male,75.0,75.0,801,ALANINE AMINOTRANSFERASE INCREASED|APATHY|ASPARTATE AMINOTRANSFERASE INCREASED|ASTHENIA,ALANINE AMINOTRANSFERASE INCREASED|ASPARTATE AMINOTRANSFERASE INCREASED,False,True,False,suspect,True,IDIOPATHIC PULMONARY FIBROSIS,True,,2023-07-01,,False,False,True,False,False,True,False,False,False
nintedanib,23130059,1,20231031,20231031,2023,AR,AR,3,male,,,,DRUG INTOLERANCE|HEPATOTOXICITY|OCULAR TOXICITY,HEPATOTOXICITY,True,True,False,suspect,True,,False,,,,False,False,True,False,False,False,False,False,True
nintedanib,23135958,1,20231101,20231101,2023,US,US,5,male,62.0,62.0,801,CONSTIPATION|HEPATIC HAEMORRHAGE|LIVER FUNCTION TEST ABNORMAL,LIVER FUNCTION TEST ABNORMAL,False,True,False,suspect,True,IDIOPATHIC PULMONARY FIBROSIS,True,2023-09-22,2023-11-01,40.0,True,False,True,False,False,False,False,False,True
nintedanib,23136692,2,20231102,20231113,2023,JP,JP,1,unknown,,,,ABDOMINAL DISCOMFORT|HEPATIC ENZYME INCREASED|PNEUMOTHORAX,HEPATIC ENZYME INCREASED,False,True,False,suspect,True,PRODUCT USED FOR UNKNOWN INDICATION,False,,,,False,False,True,False,False,False,False,False,True
nintedanib,23145765,2,20231103,20250814,2023,EU,EU,1,female,,,,ANGINA PECTORIS|DISEASE PROGRESSION|FEBRILE NEUTROPENIA|HYPOTHYROIDISM|LIVER DISORDER|MUCOSAL INFLAMMATION|OCULAR DISCOMFORT|OEDEMA PERIPHERAL|OESOPHAGITIS|TRANSAMINASES INCREASED,LIVER DISORDER|TRANSAMINASES INCREASED,False,True,False,suspect,True,LUNG ADENOCARCINOMA,False,,,,False,False,True,False,True,False,False,False,True
nintedanib,23156714,1,20231107,20231107,2023,US,US,5,male,69.0,69.0,801,ABDOMINAL DISCOMFORT|ABDOMINAL PAIN UPPER|ASTHENIA|CATARACT|CONTUSION|COUGH|COVID-19|DECREASED APPETITE|DEPRESSED MOOD|DEPRESSION|DIARRHOEA|DISCOMFORT|DISTURBANCE IN ATTENTION|DIZZINESS POSTURAL|DYSPNOEA|GASTROINTESTINAL DISORDER|HEPATIC ENZYME INCREASED|INSOMNIA|MULTIPLE ALLERGIES|NAUSEA|OXYGEN SATURATION DECREASED|PRODUCT DOSE OMISSION ISSUE|PRODUCTIVE COUGH|RESTLESSNESS|RETCHING|VOMITING|WHEEZING,HEPATIC ENZYME INCREASED,False,True,False,suspect,True,IDIOPATHIC PULMONARY FIBROSIS,True,,,,False,False,True,False,False,False,True,False,False
nintedanib,23162400,3,20231109,20240401,2023,US,US,5,male,71.0,71.0,801,HEPATIC ENZYME INCREASED|LIVER DISORDER|OFF LABEL USE,HEPATIC ENZYME INCREASED|LIVER DISORDER,False,True,False,suspect,True,IDIOPATHIC PULMONARY FIBROSIS|PRODUCT USED FOR UNKNOWN INDICATION,True,2023-08-24,2022-10-26,-302.0,False,False,False,False,False,False,False,False,False
nintedanib,23172821,1,20231110,20231110,2023,US,US,5,unknown,,,,LIVER DISORDER,LIVER DISORDER,False,True,False,suspect,True,PRODUCT USED FOR UNKNOWN INDICATION,False,,,,False,False,False,False,False,False,False,False,False
nintedanib,23184264,1,20231115,20231115,2023,GB,GB,5,female,,,,HEPATIC FAILURE,HEPATIC FAILURE,True,True,False,suspect,True,PRODUCT USED FOR UNKNOWN INDICATION,False,,,,False,False,True,False,False,False,False,False,True
nintedanib,23200062,4,20231117,20240606,2023,ES,ES,5,male,61.0,61.0,801,AORTIC STENOSIS|BLOOD PRESSURE DECREASED|CARDIOMEGALY|CAROTID ARTERIOSCLEROSIS|DECREASED APPETITE|DENTAL CARIES|DIARRHOEA|FLATULENCE|GASTRITIS|GASTROOESOPHAGEAL REFLUX DISEASE|HIATUS HERNIA|HYPERTENSION|HYPERTENSIVE CRISIS|NASOPHARYNGITIS|OESOPHAGEAL MOTILITY DISORDER|OSTEOPOROSIS|PULMONARY HYPERTENSION|RESPIRATORY TRACT INFECTION|TRANSAMINASES INCREASED|URINARY TRACT INFECTION|VOMITING|WEIGHT DECREASED,TRANSAMINASES INCREASED,False,True,False,suspect,True,IDIOPATHIC PULMONARY FIBROSIS,True,2021-03-26,2021-03-01,-25.0,False,False,True,False,False,False,False,False,True
nintedanib,23204302,2,20231120,20231213,2023,JP,JP,1,unknown,,,,CARDIAC FAILURE|CHRONIC RESPIRATORY FAILURE|DECREASED APPETITE|DIARRHOEA|ENTERITIS|HEPATOTOXICITY|INAPPROPRIATE SCHEDULE OF PRODUCT ADMINISTRATION|INFECTION|LUNG NEOPLASM MALIGNANT|LUNG TRANSPLANT|MALAISE|NAUSEA|PNEUMOTHORAX|SOMATIC SYMPTOM DISORDER|THROMBOCYTOPENIA|THROMBOSIS|WEIGHT DECREASED,HEPATOTOXICITY,True,True,False,suspect,True,IDIOPATHIC INTERSTITIAL PNEUMONIA,False,,,,False,False,True,False,False,False,False,False,True
nintedanib,23220620,18,20231123,20241128,2023,US,US,5,male,65.0,65.0,801,ABDOMINAL DISTENSION|ABDOMINAL PAIN UPPER|ARTHRITIS|ASPARTATE AMINOTRANSFERASE INCREASED|BENDOPNOEA|BLOOD GLUCOSE DECREASED|BLOOD PRESSURE ABNORMAL|BLOOD PRESSURE DECREASED|BRAIN FOG|CARBON DIOXIDE INCREASED|CARDIAC DISCOMFORT|CARDIOMEGALY|CHEST PAIN|CHILLS|CLUBBING|CONSTIPATION|COVID-19|CROHN^S DISEASE|DECREASED APPETITE|DEFAECATION URGENCY|DIARRHOEA|DYSPNOEA EXERTIONAL|EXERCISE TOLERANCE DECREASED|FAECES SOFT|FATIGUE|GASTROENTERITIS VIRAL|GASTROINTESTINAL SOUNDS ABNORMAL|HAEMOPTYSIS|HEART RATE INCREASED|HERPES ZOSTER|HYPERTHYROIDISM|IDIOPATHIC PULMONARY FIBROSIS|ILLNESS|INFLUENZA|INTENTIONAL PRODUCT USE ISSUE|LUNG DIFFUSION TEST DECREASED|MEMORY IMPAIRMENT|MOUTH HAEMORRHAGE|MUSCLE ATROPHY|MUSCLE SPASMS|MUSCULAR WEAKNESS|NASOPHARYNGITIS|NAUSEA|NEURALGIA|OROPHARYNGEAL PAIN|OXYGEN SATURATION DECREASED|PARATHYROID DISORDER|PNEUMONIA|PRODUCTIVE COUGH|PULMONARY ARTERY DILATATION|PULMONARY FUNCTION TEST DECREASED|PULMONARY HYPERTENSION|RASH|RESPIRATORY ARREST|SOMNOLENCE|STRESS|SUICIDAL IDEATION|TASTE DISORDER|THROAT IRRITATION|URINARY TRACT INFECTION|WEIGHT DECREASED,ASPARTATE AMINOTRANSFERASE INCREASED,False,True,False,suspect,True,IDIOPATHIC PULMONARY FIBROSIS|INTERSTITIAL LUNG DISEASE,True,2022-06-24,2022-06-24,0.0,True,False,True,False,True,False,False,False,True
nintedanib,23224385,1,20231124,20231124,2023,US,US,5,male,77.0,77.0,801,ABDOMINAL PAIN UPPER|APPETITE DISORDER|ASTHENIA|BALANCE DISORDER|BLOOD ALKALINE PHOSPHATASE INCREASED|BLOOD PRESSURE DECREASED|CEREBROVASCULAR ACCIDENT|CHEST PAIN|DIARRHOEA|FATIGUE|FEELING ABNORMAL|ILLNESS|INSOMNIA|LARYNGITIS|MUSCULAR WEAKNESS|OESOPHAGEAL PAIN|OROPHARYNGEAL DISCOMFORT|OXYGEN SATURATION DECREASED|PRODUCTIVE COUGH|VIRAL INFECTION|WEIGHT DECREASED,BLOOD ALKALINE PHOSPHATASE INCREASED,False,True,False,suspect,True,IDIOPATHIC PULMONARY FIBROSIS,True,,2023-02-01,,False,False,True,False,False,False,False,False,True
nintedanib,23231273,1,20231127,20231127,2023,IT,IT,1,female,68.0,68.0,801,HEPATITIS|TRANSAMINASES INCREASED,HEPATITIS|TRANSAMINASES INCREASED,False,True,False,suspect,True,PULMONARY FIBROSIS,True,,2023-09-01,,False,False,True,False,False,False,False,False,True
nintedanib,23234144,1,20231128,20231128,2023,DE,DE,1,female,76.0,76.0,801,BONE PAIN|BRONCHIAL CARCINOMA|HEPATIC ENZYME INCREASED|METASTASIS,HEPATIC ENZYME INCREASED,False,True,False,suspect,True,PULMONARY FIBROSIS,True,,2023-01-01,,False,False,True,False,False,False,False,False,True
nintedanib,23237415,2,20231128,20231212,2023,US,US,5,female,71.0,71.0,801,ABDOMINAL PAIN|BLOOD BILIRUBIN INCREASED|BLOOD PRESSURE INCREASED|GASTROINTESTINAL PAIN|HEPATIC ENZYME INCREASED|NAUSEA|VOMITING,BLOOD BILIRUBIN INCREASED|HEPATIC ENZYME INCREASED,False,True,False,suspect,True,IDIOPATHIC PULMONARY FIBROSIS,True,2023-11-11,2023-11-22,11.0,True,False,True,False,True,False,False,False,False
nintedanib,23248480,21,20231201,20260117,2023,US,US,5,male,81.0,81.0,801,ABDOMINAL DISCOMFORT|ALANINE AMINOTRANSFERASE INCREASED|ASPARTATE AMINOTRANSFERASE INCREASED|BLOOD PRESSURE SYSTOLIC INCREASED|BRAIN STEM STROKE|CAROTID ARTERY OCCLUSION|DECREASED APPETITE|DIARRHOEA|DYSPNOEA EXERTIONAL|EXTRAVASATION BLOOD|FLATULENCE|HAEMATOMA|HAEMORRHAGE|HAIR DISORDER|HEART RATE DECREASED|INTERSTITIAL LUNG DISEASE|MEAN CELL VOLUME INCREASED|MEMORY IMPAIRMENT|NEUROPATHY PERIPHERAL|WEIGHT DECREASED,ALANINE AMINOTRANSFERASE INCREASED|ASPARTATE AMINOTRANSFERASE INCREASED,False,True,False,suspect,True,IDIOPATHIC PULMONARY FIBROSIS|INTERSTITIAL LUNG DISEASE,True,,2023-04-01,,False,False,True,False,True,False,False,False,True
nintedanib,23248960,1,20231201,20231201,2023,PH,PH,5,male,58.0,58.0,801,ALANINE AMINOTRANSFERASE INCREASED|ASTHENIA|DECREASED APPETITE|HYPOAESTHESIA|OXYGEN SATURATION DECREASED|PNEUMONIA|SKIN DISCOLOURATION,ALANINE AMINOTRANSFERASE INCREASED,False,True,False,suspect,True,INTERSTITIAL LUNG DISEASE,True,2023-09-25,2023-10-16,21.0,True,False,True,False,True,False,False,False,True
nintedanib,23265729,2,20231206,20231219,2023,JP,JP,2,male,71.0,71.0,801,DEATH|HEPATIC FUNCTION ABNORMAL,HEPATIC FUNCTION ABNORMAL,False,True,False,suspect,True,PULMONARY FIBROSIS,True,,2022-09-01,,False,False,True,True,False,False,False,False,False
nintedanib,23281097,1,20231211,20231211,2023,US,US,5,female,69.0,69.0,801,ABDOMINAL DISTENSION|CONSTIPATION|DIARRHOEA|DYSPEPSIA|HEPATIC ENZYME INCREASED|NAUSEA,HEPATIC ENZYME INCREASED,False,True,False,suspect,True,IDIOPATHIC PULMONARY FIBROSIS,True,2023-10-21,2023-10-01,-20.0,False,False,False,False,False,False,False,False,False
nintedanib,23281870,1,20231211,20231211,2023,GB,GB,5,female,,,,LIVER DISORDER,LIVER DISORDER,False,True,False,suspect,True,PRODUCT USED FOR UNKNOWN INDICATION,False,,,,False,True,True,True,False,False,False,False,False
nintedanib,23290176,5,20231213,20240513,2023,JP,JP,1,female,74.0,74.0,801,DIARRHOEA|ENTEROCOLITIS|HEPATIC FUNCTION ABNORMAL,HEPATIC FUNCTION ABNORMAL,False,True,False,suspect,True,IDIOPATHIC PULMONARY FIBROSIS,True,,,,False,False,True,False,False,False,False,False,True
nintedanib,23295000,1,20231213,20231213,2023,JP,JP,1,male,73.0,73.0,801,DECREASED APPETITE|HEPATIC ENZYME INCREASED|MALAISE|SYNCOPE,HEPATIC ENZYME INCREASED,False,True,False,suspect,True,IDIOPATHIC PULMONARY FIBROSIS,True,2023-11-30,2023-01-01,-333.0,False,False,True,False,True,False,False,False,False
nintedanib,23298702,3,20231214,20240313,2023,DE,DE,1,female,82.0,82.0,801,ALANINE AMINOTRANSFERASE INCREASED|ATRIAL TACHYCARDIA|INFLUENZA|LEUKOPENIA|NAUSEA|SINUS BRADYCARDIA|TRANSAMINASES INCREASED|WHITE BLOOD CELL COUNT DECREASED,ALANINE AMINOTRANSFERASE INCREASED|TRANSAMINASES INCREASED,False,True,False,suspect,True,NON-SMALL CELL LUNG CANCER,False,2016-05-17,2016-05-24,7.0,True,False,True,False,True,False,False,False,True
nintedanib,23300775,1,20231215,20231215,2023,CA,CA,5,male,69.0,69.0,801,ABDOMINAL PAIN UPPER|FATIGUE|LIVER DISORDER|MUSCLE TWITCHING|PAIN|PRODUCTIVE COUGH|RASH|RENAL FAILURE|SOMNOLENCE|VOMITING,LIVER DISORDER,False,True,False,suspect,True,INTERSTITIAL LUNG DISEASE,True,,,,False,False,True,False,True,False,False,False,False
nintedanib,23314561,1,20231219,20231219,2023,IT,IT,1,female,73.0,73.0,801,HEPATOTOXICITY,HEPATOTOXICITY,True,True,False,suspect,True,IDIOPATHIC PULMONARY FIBROSIS,True,,2023-07-01,,False,False,True,False,False,False,False,False,True
nintedanib,23341262,1,20231227,20231227,2023,CA,,5,female,53.0,53.0,801,ABDOMINAL DISTENSION|ABDOMINAL PAIN|ABDOMINAL PAIN UPPER|COUGH|FATIGUE|HEPATIC ENZYME INCREASED|INFECTION,HEPATIC ENZYME INCREASED,False,True,False,suspect,True,INTERSTITIAL LUNG DISEASE|SYSTEMIC SCLERODERMA,True,,,,False,False,True,False,True,False,False,False,False
nintedanib,23344688,1,20231228,20231228,2023,JP,JP,3,female,82.0,82.0,801,BLOOD POTASSIUM INCREASED|DEATH|DYSPNOEA|LIVER FUNCTION TEST ABNORMAL,LIVER FUNCTION TEST ABNORMAL,False,True,False,suspect,True,INTERSTITIAL LUNG DISEASE,True,2023-06-07,2023-06-14,7.0,True,False,True,True,False,False,False,False,False
nintedanib,23354690,1,20240101,20240101,2024,US,US,5,unknown,,,,LIVER DISORDER,LIVER DISORDER,False,True,False,suspect,True,PRODUCT USED FOR UNKNOWN INDICATION,False,,,,False,False,False,False,False,False,False,False,False
nintedanib,23355535,4,20240102,20240408,2024,JP,JP,1,male,72.0,72.0,801,INAPPROPRIATE ANTIDIURETIC HORMONE SECRETION|INTERSTITIAL LUNG DISEASE|LIVER DISORDER,LIVER DISORDER,False,True,False,suspect,True,INTERSTITIAL LUNG DISEASE,True,2022-02-08,2022-02-14,6.0,True,False,True,True,False,False,False,False,True
nintedanib,23357189,1,20231229,20231229,2023,US,,2,male,80.0,80.0,801,INTENTIONAL DOSE OMISSION|LIVER FUNCTION TEST INCREASED,LIVER FUNCTION TEST INCREASED,False,True,False,suspect,True,INTERSTITIAL LUNG DISEASE,True,2023-11-24,2023-12-29,35.0,True,False,False,False,False,False,False,False,False
nintedanib,23357543,1,20240102,20240102,2024,CA,CA,5,female,53.0,53.0,801,ABDOMINAL DISTENSION|ABDOMINAL PAIN|ABDOMINAL PAIN UPPER|COUGH|FATIGUE|HEPATIC ENZYME INCREASED|INFECTION,HEPATIC ENZYME INCREASED,False,True,False,suspect,True,INTERSTITIAL LUNG DISEASE|SYSTEMIC SCLERODERMA,True,,,,False,False,True,False,True,False,False,False,False
nintedanib,23375674,6,20240107,20260403,2024,CA,CA,3,male,67.0,67.0,801,ARTERIAL OCCLUSIVE DISEASE|DIARRHOEA|HEPATIC ENZYME INCREASED|HYPERTRANSAMINASAEMIA|PROCEDURAL HYPOTENSION|PULMONARY FUNCTION TEST ABNORMAL,HEPATIC ENZYME INCREASED,False,True,False,suspect,True,IDIOPATHIC PULMONARY FIBROSIS,True,2023-08-02,,,False,False,True,False,True,True,False,False,True
nintedanib,23376213,10,20240108,20241008,2024,CA,CA,5,female,67.0,67.0,801,BLOOD IMMUNOGLOBULIN G INCREASED|CHOLESTATIC LIVER INJURY|COUGH|FATIGUE|GAMMA-GLUTAMYLTRANSFERASE INCREASED|HEPATIC ENZYME INCREASED|HEPATIC FUNCTION ABNORMAL|NASOPHARYNGITIS,CHOLESTATIC LIVER INJURY|GAMMA-GLUTAMYLTRANSFERASE INCREASED|HEPATIC ENZYME INCREASED|HEPATIC FUNCTION ABNORMAL,True,True,False,suspect,True,INTERSTITIAL LUNG DISEASE,True,2023-09-07,2024-05-01,237.0,True,False,True,False,False,False,False,False,True
nintedanib,23381413,2,20240109,20240116,2024,ES,ES,1,female,72.0,72.0,801,DIARRHOEA|HEPATITIS ACUTE|HYPERTRANSAMINASAEMIA|LIVER FUNCTION TEST ABNORMAL|WEIGHT DECREASED,HEPATITIS ACUTE|LIVER FUNCTION TEST ABNORMAL,False,True,False,suspect,True,INTERSTITIAL LUNG DISEASE,True,2023-11-21,2023-11-26,5.0,True,False,True,False,False,False,False,False,True
nintedanib,23386820,4,20240110,20240702,2024,JP,JP,3,female,69.0,69.0,801,ABDOMINAL DISTENSION|ABDOMINAL PAIN|ALOPECIA|BREAST PAIN|DIARRHOEA|EXERCISE LACK OF|FAECES SOFT|FATIGUE|LIVER FUNCTION TEST ABNORMAL|MALAISE|MUSCULAR WEAKNESS|NAIL DEFORMATION|PAROSMIA|PRODUCTIVE COUGH|PULMONARY HYPERTENSION|RHINORRHOEA|VOMITING,LIVER FUNCTION TEST ABNORMAL,False,True,False,suspect,True,INTERSTITIAL LUNG DISEASE,True,2022-10-13,2023-09-01,323.0,True,False,True,False,False,False,False,False,True
nintedanib,23396278,1,20240112,20240112,2024,CA,CA,5,female,53.0,53.0,801,ABDOMINAL DISTENSION|ABDOMINAL PAIN|ABDOMINAL PAIN UPPER|COUGH|FATIGUE|HEPATIC ENZYME INCREASED|INFECTION,HEPATIC ENZYME INCREASED,False,True,False,suspect,True,SYSTEMIC SCLERODERMA,False,,,,False,False,True,False,True,False,False,False,False
nintedanib,23400185,2,20240114,20240226,2024,US,US,5,male,73.0,73.0,801,BLOOD PRESSURE INCREASED|DIARRHOEA|HEADACHE|HEPATIC ENZYME INCREASED|HYPERTENSION|HYPERTENSIVE CRISIS|HYPOAESTHESIA|LIVER INJURY|RENAL IMPAIRMENT,HEPATIC ENZYME INCREASED,False,True,False,suspect,True,IDIOPATHIC PULMONARY FIBROSIS,True,2023-12-28,2023-01-28,-334.0,False,False,True,False,True,False,False,False,False
nintedanib,23401176,2,20240115,20241119,2024,CZ,CZ,1,female,24.0,24.0,801,ANAEMIA|CANDIDA INFECTION|DIARRHOEA|DISEASE PROGRESSION|DUODENAL ULCER HAEMORRHAGE|GASTROINTESTINAL TOXICITY|HEPATOTOXICITY|HYPOCALCAEMIA|HYPOKALAEMIA|INTESTINAL HAEMORRHAGE|NAUSEA|ORAL CANDIDIASIS|ORAL PAIN|THERAPEUTIC RESPONSE DECREASED|VOMITING,HEPATOTOXICITY,True,True,False,suspect,True,NON-SMALL CELL LUNG CANCER STAGE IV,False,2014-08-21,2014-01-01,-232.0,False,False,True,True,True,False,False,False,True
nintedanib,23405030,3,20240116,20250508,2024,US,US,5,male,69.0,69.0,801,BLOOD TEST ABNORMAL|COUGH|DECREASED APPETITE|DIARRHOEA|DYSPNOEA|EATING DISORDER|HEPATIC ENZYME ABNORMAL|HEPATIC ENZYME INCREASED|LIVER FUNCTION TEST INCREASED|PULMONARY HYPERTENSION|WEIGHT DECREASED,HEPATIC ENZYME INCREASED|LIVER FUNCTION TEST INCREASED,False,True,False,suspect,True,IDIOPATHIC PULMONARY FIBROSIS|SYSTEMIC SCLEROSIS PULMONARY,True,2023-06-20,2023-07-01,11.0,True,False,True,False,False,False,False,False,True
nintedanib,23416421,1,20240118,20240118,2024,CA,CA,5,male,68.0,68.0,801,ABDOMINAL PAIN|DIARRHOEA|LIVER DISORDER,LIVER DISORDER,False,True,False,suspect,True,IDIOPATHIC PULMONARY FIBROSIS,True,2022-06-27,,,False,False,True,False,True,False,False,False,False
nintedanib,23437596,2,20240124,20240319,2024,US,US,3,female,88.0,88.0,801,FATIGUE|FEELING ABNORMAL|LIVER FUNCTION TEST INCREASED,LIVER FUNCTION TEST INCREASED,False,True,False,suspect,True,INTERSTITIAL LUNG DISEASE,True,2023-12-27,2024-01-01,5.0,True,False,False,False,False,False,False,False,False
nintedanib,23440114,1,20240124,20240124,2024,US,US,1,male,80.0,8.0,800,HYPERTENSIVE CRISIS|LIVER FUNCTION TEST INCREASED,LIVER FUNCTION TEST INCREASED,False,True,False,suspect,True,IDIOPATHIC PULMONARY FIBROSIS,True,,,,False,False,True,False,False,True,False,False,True
nintedanib,23447867,1,20240126,20240126,2024,IT,IT,1,female,56.0,56.0,801,HEPATITIS ACUTE,HEPATITIS ACUTE,False,True,False,suspect,True,INTERSTITIAL LUNG DISEASE,True,2024-01-17,,,False,False,True,False,False,False,False,False,True
nintedanib,23453793,1,20240129,20240129,2024,JP,JP,3,male,89.0,89.0,801,ABDOMINAL DISCOMFORT|BLOOD CREATINE PHOSPHOKINASE INCREASED|DEATH|DIARRHOEA|FAECES SOFT|HAEMOPTYSIS|LIVER FUNCTION TEST ABNORMAL|NASOPHARYNGITIS|OXYGEN SATURATION DECREASED|PHYSICAL DECONDITIONING|RENAL FUNCTION TEST ABNORMAL,LIVER FUNCTION TEST ABNORMAL,False,True,False,suspect,True,INTERSTITIAL LUNG DISEASE,True,2023-09-12,2024-01-11,121.0,True,False,True,True,True,False,False,False,False
nintedanib,23479520,3,20240205,20240405,2024,US,US,5,male,70.0,70.0,801,ABDOMINAL DISCOMFORT|ABDOMINAL PAIN UPPER|ARTHRALGIA|ARTHROPOD BITE|ASTHENIA|BLOOD TRIGLYCERIDES INCREASED|BRONCHITIS|CELLULITIS|CLOSTRIDIUM DIFFICILE INFECTION|COVID-19|DECREASED APPETITE|DIARRHOEA|DIVERTICULAR PERFORATION|DYSPNOEA|DYSPNOEA EXERTIONAL|FALL|FATIGUE|GAIT DISTURBANCE|GASTRIC HAEMORRHAGE|LETHARGY|LIVER FUNCTION TEST INCREASED|MUSCLE ATROPHY|NASOPHARYNGITIS|NAUSEA|PAIN|PARANASAL SINUS HYPERSECRETION|PERIPHERAL SWELLING|PRODUCTIVE COUGH|RESPIRATORY FUME INHALATION DISORDER|SLEEP DISORDER|SOMNOLENCE|SPUTUM INCREASED|TASTE DISORDER|VOMITING|WEIGHT DECREASED|WHEEZING|WHITE BLOOD CELL COUNT DECREASED,LIVER FUNCTION TEST INCREASED,False,True,False,suspect,True,IDIOPATHIC PULMONARY FIBROSIS,True,,2022-10-01,,False,False,True,False,True,False,False,False,True
nintedanib,23489575,5,20240206,20240614,2024,JP,JP,3,male,80.0,80.0,801,ABDOMINAL PAIN|DEFAECATION URGENCY|DIARRHOEA|DIZZINESS POSTURAL|DYSPNOEA|DYSPNOEA EXERTIONAL|FREQUENT BOWEL MOVEMENTS|GAIT DISTURBANCE|HYPERSOMNIA|IDIOPATHIC PULMONARY FIBROSIS|LIVER FUNCTION TEST INCREASED|MICTURITION URGENCY|MUSCULAR WEAKNESS|OEDEMA PERIPHERAL|WEIGHT DECREASED|WEIGHT INCREASED,LIVER FUNCTION TEST INCREASED,False,True,False,suspect,True,IDIOPATHIC PULMONARY FIBROSIS,True,,2024-06-13,,False,False,True,False,True,False,False,False,True
nintedanib,23492061,1,20240207,20240207,2024,US,,5,female,,,,LIVER FUNCTION TEST INCREASED,LIVER FUNCTION TEST INCREASED,False,True,False,concomitant,True,,False,,,,False,False,False,False,False,False,False,False,False
nintedanib,23515592,1,20240213,20240213,2024,US,US,5,female,70.0,70.0,801,ABDOMINAL DISCOMFORT|ABDOMINAL DISTENSION|ABDOMINAL PAIN|ABDOMINAL PAIN UPPER|CEREBROVASCULAR ACCIDENT|CONSTIPATION|DIARRHOEA|DYSPEPSIA|EPISTAXIS|FAECES DISCOLOURED|FLATULENCE|HEPATIC ENZYME INCREASED|IRRITABLE BOWEL SYNDROME|LIVER FUNCTION TEST INCREASED|NAUSEA|THROMBOSIS|VASCULAR RUPTURE|VERTIGO|VOMITING,HEPATIC ENZYME INCREASED|LIVER FUNCTION TEST INCREASED,False,True,False,suspect,True,IDIOPATHIC PULMONARY FIBROSIS,True,2022-06-22,2022-06-01,-21.0,False,False,True,False,True,False,False,False,False
nintedanib,23521633,1,20240214,20240214,2024,US,US,1,male,72.0,72.0,801,BLOOD BILIRUBIN INCREASED|GASTROINTESTINAL DISORDER,BLOOD BILIRUBIN INCREASED,False,True,False,suspect,True,IDIOPATHIC PULMONARY FIBROSIS,True,,,,False,False,False,False,False,False,False,False,False
nintedanib,23525594,14,20240215,20260321,2024,US,US,5,male,78.0,78.0,801,ABDOMINAL PAIN UPPER|ALANINE AMINOTRANSFERASE INCREASED|ASPARTATE AMINOTRANSFERASE INCREASED|BALANCE DISORDER|BLOOD PRESSURE FLUCTUATION|BLOOD PRESSURE INCREASED|COUGH|COVID-19|DEPRESSED MOOD|DIARRHOEA|DIZZINESS|DIZZINESS POSTURAL|DYSPEPSIA|DYSPNOEA EXERTIONAL|FATIGUE|GASTROINTESTINAL DISORDER|HEADACHE|HEPATIC ENZYME INCREASED|HYPERTENSION|HYPOTENSION|JOINT SWELLING|NAUSEA|OXYGEN SATURATION DECREASED|PANCREATIC DISORDER|PARANASAL SINUS HYPERSECRETION|PERIPHERAL SWELLING|RENAL ANEURYSM|SINUSITIS|THROMBOSIS|TOOTH ABSCESS|VERTIGO|VOMITING,ALANINE AMINOTRANSFERASE INCREASED|ASPARTATE AMINOTRANSFERASE INCREASED|HEPATIC ENZYME INCREASED,False,True,False,suspect,True,IDIOPATHIC PULMONARY FIBROSIS|INTERSTITIAL LUNG DISEASE,True,2023-09-13,2024-01-22,131.0,True,False,True,False,True,False,True,False,False
nintedanib,23526558,3,20240215,20250408,2024,SE,SE,1,female,82.0,82.0,801,ABDOMINAL PAIN UPPER|ALANINE AMINOTRANSFERASE INCREASED|DRUG INTERACTION|HEPATIC ENZYME INCREASED,ALANINE AMINOTRANSFERASE INCREASED|HEPATIC ENZYME INCREASED,False,True,False,suspect,True,PULMONARY FIBROSIS,True,,2023-12-01,,False,False,True,False,False,False,False,False,True
nintedanib,23546142,2,20240220,20240319,2024,US,US,3,female,72.0,72.0,801,COGNITIVE DISORDER|DIARRHOEA|HEPATIC ENZYME INCREASED,HEPATIC ENZYME INCREASED,False,True,False,suspect,True,INTERSTITIAL LUNG DISEASE,True,2024-02-24,,,False,False,False,False,False,False,False,False,False
nintedanib,23546722,1,20240221,20240221,2024,CA,CA,5,female,87.0,87.0,801,ACUTE KIDNEY INJURY|DECREASED APPETITE|DYSPEPSIA|DYSPNOEA|GASTROINTESTINAL DISORDER|HEPATIC ENZYME INCREASED|HEPATITIS|ILLNESS|NAUSEA,HEPATIC ENZYME INCREASED|HEPATITIS,False,True,False,suspect,True,INTERSTITIAL LUNG DISEASE,True,2023-12-02,2023-12-01,-1.0,False,False,True,False,False,False,False,False,True
nintedanib,23547365,2,20240221,20240326,2024,CA,CA,5,female,75.0,75.0,801,BLOOD MAGNESIUM DECREASED|BLOOD SODIUM DECREASED|CARDIAC FAILURE|DIARRHOEA|DRUG INTOLERANCE|DYSPNOEA EXERTIONAL|GASTROINTESTINAL DISORDER|HEPATIC ENZYME INCREASED|LIVER FUNCTION TEST INCREASED|PULMONARY FUNCTION TEST DECREASED|WEIGHT DECREASED,HEPATIC ENZYME INCREASED|LIVER FUNCTION TEST INCREASED,False,True,False,suspect,True,INTERSTITIAL LUNG DISEASE,True,2023-01-09,2023-01-01,-8.0,False,False,True,False,False,False,False,False,True
nintedanib,23547798,1,20240221,20240221,2024,US,US,5,male,,,,ASPARTATE AMINOTRANSFERASE INCREASED,ASPARTATE AMINOTRANSFERASE INCREASED,False,True,False,concomitant,True,PRODUCT USED FOR UNKNOWN INDICATION,False,,,,False,False,False,False,False,False,False,False,False
nintedanib,23555909,2,20240222,20240228,2024,CA,CA,5,male,75.0,75.0,801,ABDOMINAL PAIN UPPER|BLOOD PRESSURE DECREASED|BLOOD PRESSURE FLUCTUATION|DECREASED APPETITE|DEHYDRATION|DIARRHOEA|DIZZINESS|FAECES SOFT|FATIGUE|FLATULENCE|HEADACHE|HYPOTENSION|INFLAMMATION|LIVER DISORDER|MALAISE|NASOPHARYNGITIS|NAUSEA|OXYGEN SATURATION DECREASED|SOMNOLENCE|WEIGHT DECREASED,LIVER DISORDER,False,True,False,suspect,True,IDIOPATHIC PULMONARY FIBROSIS|INTERSTITIAL LUNG DISEASE,True,2023-10-17,2023-10-01,-16.0,False,False,True,False,True,False,False,False,False
nintedanib,23560095,1,20240223,20240223,2024,US,US,3,female,75.0,75.0,801,BLOOD CHOLESTEROL INCREASED|DRUG INTOLERANCE|HEPATIC ENZYME INCREASED|HEPATIC PAIN|LOW DENSITY LIPOPROTEIN INCREASED|VOMITING,HEPATIC ENZYME INCREASED,False,True,False,suspect,True,INTERSTITIAL LUNG DISEASE,True,,2022-01-01,,False,False,False,False,False,False,False,False,False
nintedanib,23571362,2,20240227,20240312,2024,DE,DE,1,female,82.0,82.0,801,ALANINE AMINOTRANSFERASE INCREASED|ATRIAL TACHYCARDIA|INFLUENZA|LEUKOPENIA|NAUSEA|SINUS BRADYCARDIA|TRANSAMINASES INCREASED|WHITE BLOOD CELL COUNT DECREASED,ALANINE AMINOTRANSFERASE INCREASED|TRANSAMINASES INCREASED,False,True,False,suspect,True,NON-SMALL CELL LUNG CANCER,False,2016-05-17,,,False,False,True,False,True,False,False,False,True
nintedanib,23578110,1,20240229,20240229,2024,JP,JP,3,female,80.0,80.0,801,CONSTIPATION|LIVER FUNCTION TEST INCREASED,LIVER FUNCTION TEST INCREASED,False,True,False,suspect,True,INTERSTITIAL LUNG DISEASE,True,2024-01-18,2024-02-22,35.0,True,False,True,False,True,False,False,False,False
nintedanib,23587475,2,20240301,20240715,2024,CA,CA,5,male,75.0,75.0,801,ABDOMINAL DISCOMFORT|ASTHENIA|CHILLS|COUGH|DECREASED APPETITE|DIARRHOEA|DRY MOUTH|ERYTHEMA|FATIGUE|FEELING ABNORMAL|GASTROINTESTINAL PAIN|HEPATIC ENZYME INCREASED|NAUSEA|PRODUCTIVE COUGH|RASH|RECTAL ABSCESS|SOMNOLENCE|WEIGHT DECREASED,HEPATIC ENZYME INCREASED,False,True,False,suspect,True,PRODUCT USED FOR UNKNOWN INDICATION,False,2023-04-05,2023-04-13,8.0,True,False,True,False,False,False,False,False,True
nintedanib,23598657,2,20240306,20240424,2024,US,US,5,female,66.0,66.0,801,CONDITION AGGRAVATED|COUGH|DIARRHOEA|HEPATIC ENZYME INCREASED|HYPOTENSION|PULMONARY FIBROSIS|STENT PLACEMENT|WEIGHT DECREASED,HEPATIC ENZYME INCREASED,False,True,False,suspect,True,IDIOPATHIC PULMONARY FIBROSIS,True,2022-06-29,2024-01-01,551.0,False,False,True,False,True,False,False,False,True
nintedanib,23599212,1,20240306,20240306,2024,ES,ES,1,female,73.0,73.0,801,HYPERBILIRUBINAEMIA|HYPERTRANSAMINASAEMIA|JAUNDICE|LIVER INJURY|WEIGHT DECREASED,HYPERBILIRUBINAEMIA|JAUNDICE,False,True,False,suspect,True,INTERSTITIAL LUNG DISEASE,True,2023-07-05,2024-02-17,227.0,True,False,True,False,True,False,False,False,False
nintedanib,23608392,5,20240307,20240725,2024,JP,JP,5,male,76.0,76.0,801,CUSHINGOID|DIZZINESS|FATIGUE|LIVER DISORDER|NASOPHARYNGITIS|PNEUMONITIS,LIVER DISORDER,False,True,False,suspect,True,INTERSTITIAL LUNG DISEASE,True,2023-03-01,2023-03-01,0.0,True,False,True,False,True,False,False,False,False
nintedanib,23608760,2,20240308,20240428,2024,BG,BG,1,unknown,,,,DEATH|DIARRHOEA|HEPATIC ENZYME INCREASED|NAUSEA|RESPIRATORY FAILURE|VOMITING|WEIGHT DECREASED,HEPATIC ENZYME INCREASED,False,True,False,suspect,True,IDIOPATHIC PULMONARY FIBROSIS|SYSTEMIC SCLERODERMA,True,,,,False,False,True,True,False,False,False,False,True
nintedanib,23613458,1,20240308,20240308,2024,HR,HR,1,female,,,,DYSPNOEA EXERTIONAL|HEPATIC ENZYME INCREASED|MUSCULOSKELETAL CHEST PAIN|NAUSEA,HEPATIC ENZYME INCREASED,False,True,False,suspect,True,INTERSTITIAL LUNG DISEASE,True,,,,False,False,True,False,False,False,False,False,True
nintedanib,23618703,1,20240311,20240311,2024,US,,5,male,,,,DRUG INTERACTION|DRY EYE|DRY MOUTH|HEPATIC FUNCTION ABNORMAL,HEPATIC FUNCTION ABNORMAL,False,True,False,suspect,True,LUNG DISORDER|PULMONARY FIBROSIS,True,,,,False,False,True,False,True,False,False,False,False
nintedanib,23619504,3,20240312,20241108,2024,SK,SK,1,male,73.0,73.0,801,CARDIAC DISORDER|DIARRHOEA|GASTROINTESTINAL DISORDER|HAEMORRHOIDAL HAEMORRHAGE|HEART VALVE OPERATION|IDIOPATHIC PULMONARY FIBROSIS|LIVER FUNCTION TEST INCREASED|NAUSEA|PNEUMONIA,LIVER FUNCTION TEST INCREASED,False,True,False,suspect,True,IDIOPATHIC PULMONARY FIBROSIS,True,2022-02-10,2022-03-01,19.0,True,False,True,True,True,True,False,False,True
nintedanib,23635002,2,20240315,20240316,2024,US,US,5,male,75.0,75.0,801,BLOOD BILIRUBIN INCREASED|BLOOD PRESSURE INCREASED|CHROMATURIA|DRUG INEFFECTIVE|FAECES PALE|FATIGUE|LIVER FUNCTION TEST INCREASED,BLOOD BILIRUBIN INCREASED|LIVER FUNCTION TEST INCREASED,False,True,False,suspect,True,IDIOPATHIC PULMONARY FIBROSIS|INTERSTITIAL LUNG DISEASE,True,2024-02-26,2024-01-01,-56.0,False,False,False,False,False,False,False,False,False
nintedanib,23640475,2,20240317,20240621,2024,CA,CA,5,female,67.0,67.0,801,ABDOMINAL TENDERNESS|BACK PAIN|DEATH|DECREASED APPETITE|DEHYDRATION|DIABETES MELLITUS|DIARRHOEA|DYSPNOEA|DYSPNOEA EXERTIONAL|FATIGUE|FEELING ABNORMAL|HEPATIC CIRRHOSIS|HEPATIC ENZYME INCREASED|INSOMNIA|LOCALISED INFECTION|LYMPHOEDEMA|MUSCLE SPASMS|NAUSEA|PATHOLOGICAL FRACTURE|PNEUMONIA|RASH MACULAR|VOMITING|WEIGHT DECREASED,HEPATIC ENZYME INCREASED,False,True,False,suspect,True,INTERSTITIAL LUNG DISEASE,True,2023-06-27,2023-07-12,15.0,True,False,True,True,True,False,False,False,True
nintedanib,23641074,1,20240318,20240318,2024,CA,CA,5,male,74.0,74.0,801,ABDOMINAL DISTENSION|ALANINE AMINOTRANSFERASE INCREASED|DIARRHOEA|FATIGUE|FLATULENCE|IDIOPATHIC PULMONARY FIBROSIS|LUNG DIFFUSION TEST DECREASED|LUNG DISORDER|OBSTRUCTIVE AIRWAYS DISORDER|WEIGHT DECREASED,ALANINE AMINOTRANSFERASE INCREASED,False,True,False,suspect,True,IDIOPATHIC PULMONARY FIBROSIS,True,2019-10-30,2022-03-01,853.0,False,False,True,False,False,False,False,False,True
nintedanib,23648167,1,20240319,20240319,2024,SA,SA,1,female,,,,HEPATIC ENZYME INCREASED|HEPATITIS,HEPATIC ENZYME INCREASED|HEPATITIS,False,True,False,suspect,True,PULMONARY FIBROSIS,True,,,,False,False,True,False,False,False,False,False,True
nintedanib,23648840,1,20240319,20240319,2024,SA,SA,1,male,,,,HEPATIC ENZYME INCREASED|HEPATITIS,HEPATIC ENZYME INCREASED|HEPATITIS,False,True,False,suspect,True,PULMONARY FIBROSIS,True,,,,False,False,True,False,False,False,False,False,True
nintedanib,23662116,1,20240322,20240322,2024,US,US,3,female,71.0,71.0,801,ABDOMINAL PAIN|COVID-19|DIARRHOEA|DRUG HYPERSENSITIVITY|DRUG INTOLERANCE|FATIGUE|ILLNESS|INFLUENZA|LIVER FUNCTION TEST INCREASED|MALAISE|NASOPHARYNGITIS|NAUSEA|PANCREATIC FAILURE|RALES|RHEUMATOID ARTHRITIS|VOMITING,LIVER FUNCTION TEST INCREASED,False,True,False,suspect,True,,False,,2023-12-04,,False,False,True,False,False,False,False,False,True
nintedanib,23663050,1,20240322,20240322,2024,JP,,3,unknown,,,,ABDOMINAL DISCOMFORT|ABDOMINAL PAIN|BRONCHOPULMONARY ASPERGILLOSIS|C-REACTIVE PROTEIN INCREASED|CARDIAC FAILURE|CHOLANGITIS|CONSTIPATION|CONTUSION|DECREASED APPETITE|DIARRHOEA|DRUG-INDUCED LIVER INJURY|FAECES SOFT|FALL|FEMORAL NECK FRACTURE|GAMMA-GLUTAMYLTRANSFERASE INCREASED|GASTROINTESTINAL DISORDER|HAEMATOCHEZIA|HEPATIC ENZYME INCREASED|HEPATIC FUNCTION ABNORMAL|INTERSTITIAL LUNG DISEASE|LARGE INTESTINE POLYP|LEFT VENTRICULAR FAILURE|LIVER FUNCTION TEST INCREASED|NAUSEA|NEPHROTIC SYNDROME|OFF LABEL USE|OSTEOMYELITIS|PULMONARY ARTERIAL HYPERTENSION|PULMONARY HYPERTENSION|PYREXIA|RASH|RENAL FAILURE|RESPIRATORY DISORDER|SKIN ULCER|SUBARACHNOID HAEMORRHAGE|VOMITING,DRUG-INDUCED LIVER INJURY|GAMMA-GLUTAMYLTRANSFERASE INCREASED|HEPATIC ENZYME INCREASED|HEPATIC FUNCTION ABNORMAL|LIVER FUNCTION TEST INCREASED,True,True,False,suspect,True,SYSTEMIC SCLEROSIS PULMONARY,True,,,,False,False,True,True,False,False,False,False,True
nintedanib,23670839,2,20240326,20240328,2024,AU,AU,1,unknown,,,,HEPATOTOXICITY,HEPATOTOXICITY,True,True,False,suspect,True,PRODUCT USED FOR UNKNOWN INDICATION,False,,,,False,False,True,False,False,False,False,False,True
nintedanib,23685583,6,20240329,20240918,2024,CA,CA,2,female,76.0,76.0,801,ALOPECIA|COUGH|DEHYDRATION|DIARRHOEA|DYSPEPSIA|EAR PAIN|FALL|FATIGUE|HEADACHE|HEPATIC ENZYME INCREASED|HIATUS HERNIA|INSOMNIA|NAUSEA|SYSTEMIC LUPUS ERYTHEMATOSUS|VOMITING,HEPATIC ENZYME INCREASED,False,True,False,suspect,True,IDIOPATHIC PULMONARY FIBROSIS|INTERSTITIAL LUNG DISEASE,True,2022-06-02,2024-07-15,774.0,False,False,True,False,True,False,False,False,True
nintedanib,23690525,1,20240401,20240401,2024,PL,PL,1,male,58.0,58.0,801,ABDOMINAL PAIN|ASTHENIA|BLOOD PRESSURE INCREASED|DECREASED APPETITE|MALAISE|MALIGNANT NEOPLASM PROGRESSION|NAUSEA|NEPHROPATHY TOXIC|NEUTROPENIA|PULMONARY EMBOLISM|THROMBOCYTOPENIA|TRANSAMINASES INCREASED|UPPER RESPIRATORY TRACT INFECTION,TRANSAMINASES INCREASED,False,True,False,suspect,True,CHEMOTHERAPY|LUNG ADENOCARCINOMA STAGE IV|METASTASES TO BONE,False,,,,False,False,True,False,False,False,False,False,True
nintedanib,23695037,2,20240402,20240402,2024,DE,DE,1,female,82.0,82.0,801,ALANINE AMINOTRANSFERASE INCREASED|ATRIAL TACHYCARDIA|INFLUENZA|LEUKOPENIA|NAUSEA|SINUS BRADYCARDIA|TRANSAMINASES INCREASED|WHITE BLOOD CELL COUNT DECREASED,ALANINE AMINOTRANSFERASE INCREASED|TRANSAMINASES INCREASED,False,True,False,suspect,True,NON-SMALL CELL LUNG CANCER,False,2016-05-17,2016-05-24,7.0,True,False,True,False,True,False,False,False,False
nintedanib,23697324,1,20240402,20240402,2024,PL,PL,1,female,68.0,68.0,801,BLOOD CREATININE INCREASED|DISEASE PROGRESSION|NEUTROPENIA|PARAESTHESIA|TRANSAMINASES INCREASED,TRANSAMINASES INCREASED,False,True,False,suspect,True,DISEASE PROGRESSION|LUNG ADENOCARCINOMA STAGE IV,False,2018-12-21,2018-11-13,-38.0,False,False,True,False,False,False,False,False,True
nintedanib,23704217,4,20240404,20251010,2024,EU,EU,1,female,68.0,68.0,801,BLOOD CREATININE INCREASED|DISEASE PROGRESSION|NEUTROPENIA|PARAESTHESIA|TRANSAMINASES INCREASED,TRANSAMINASES INCREASED,False,True,False,suspect,True,DISEASE PROGRESSION|LUNG ADENOCARCINOMA STAGE IV,False,2018-12-21,2018-11-13,-38.0,False,False,True,False,False,False,False,False,True
nintedanib,23704796,6,20240404,20251231,2024,EU,EU,1,female,68.0,68.0,801,BLOOD CREATININE INCREASED|DISEASE PROGRESSION|DRUG INEFFECTIVE|NEUTROPENIA|PARAESTHESIA|TRANSAMINASES INCREASED,TRANSAMINASES INCREASED,False,True,False,suspect,True,DISEASE PROGRESSION|LUNG ADENOCARCINOMA|LUNG ADENOCARCINOMA STAGE IV,False,2018-12-21,2018-11-13,-38.0,False,False,True,False,False,False,False,False,True
nintedanib,23708308,3,20240404,20251004,2024,EU,EU,1,male,58.0,58.0,801,ABDOMINAL PAIN|ASTHENIA|BLOOD PRESSURE INCREASED|DECREASED APPETITE|MALAISE|MALIGNANT NEOPLASM PROGRESSION|NAUSEA|NEPHROPATHY TOXIC|NEUTROPENIA|PULMONARY EMBOLISM|THROMBOCYTOPENIA|TRANSAMINASES INCREASED|UPPER RESPIRATORY TRACT INFECTION,TRANSAMINASES INCREASED,False,True,False,suspect,True,CHEMOTHERAPY|LUNG ADENOCARCINOMA STAGE IV|METASTASES TO BONE,False,,,,False,False,True,False,False,False,False,False,True
nintedanib,23720165,1,20240408,20240408,2024,US,US,5,male,79.0,79.0,801,BRADYCARDIA|CHOLELITHIASIS|COMPUTERISED TOMOGRAM HEART ABNORMAL|CORONARY ARTERY OCCLUSION|LIVER FUNCTION TEST INCREASED|PANCREATIC DUCT OBSTRUCTION|PANCREATITIS,LIVER FUNCTION TEST INCREASED,False,True,False,suspect,True,IDIOPATHIC PULMONARY FIBROSIS,True,,2023-11-01,,False,False,True,False,True,False,False,False,True
nintedanib,23745131,1,20240416,20240416,2024,CA,CA,5,male,65.0,65.0,801,ABDOMINAL PAIN|CARDIAC ARREST|CHEST PAIN|CONSTIPATION|CONTUSION|COUGH|DIARRHOEA|DYSPNOEA|JAUNDICE|LIVER FUNCTION TEST ABNORMAL|NEPHROLITHIASIS|ULCER HAEMORRHAGE,JAUNDICE|LIVER FUNCTION TEST ABNORMAL,False,True,False,suspect,True,PRODUCT USED FOR UNKNOWN INDICATION,False,2023-07-07,2024-02-01,209.0,True,False,True,False,True,False,False,False,False
nintedanib,23760205,2,20240419,20240422,2024,BR,BR,5,female,59.0,59.0,801,ABDOMINAL PAIN|ASTHENIA|DECREASED APPETITE|DIARRHOEA|DYSPNOEA|FATIGUE|HEPATIC ENZYME ABNORMAL|LIVER DISORDER|PRODUCT USE ISSUE|PRODUCTIVE COUGH|WEIGHT DECREASED,LIVER DISORDER,False,True,False,suspect,True,IDIOPATHIC PULMONARY FIBROSIS,True,,2024-03-01,,False,False,True,False,True,False,False,False,False
nintedanib,23760384,9,20240419,20250630,2024,US,US,5,male,79.0,79.0,801,ABDOMINAL DISCOMFORT|APPETITE DISORDER|ASTHENIA|BLOOD BILIRUBIN INCREASED|BLOOD POTASSIUM DECREASED|COUGH|COVID-19|DEHYDRATION|DIARRHOEA|DIZZINESS|DYSPEPSIA|EXERCISE TOLERANCE DECREASED|FATIGUE|HAEMORRHOIDS|IDIOPATHIC PULMONARY FIBROSIS|INFLUENZA|MALAISE|NAUSEA|PAIN IN EXTREMITY|PNEUMONIA|PRURITUS|VOMITING,BLOOD BILIRUBIN INCREASED,False,True,False,suspect,True,IDIOPATHIC PULMONARY FIBROSIS,True,2023-08-07,2023-08-01,-6.0,False,False,True,False,True,False,False,False,True
nintedanib,23766146,2,20240422,20241107,2024,SK,SK,1,female,45.0,45.0,801,BLOOD CREATINE PHOSPHOKINASE INCREASED|DECREASED APPETITE|DIARRHOEA|FATIGUE|LIVER FUNCTION TEST INCREASED|MUSCLE DISORDER|MUSCLE ENZYME INCREASED|MUSCULAR WEAKNESS|WEIGHT DECREASED,LIVER FUNCTION TEST INCREASED,False,True,False,suspect,True,SCLERODERMA,False,,2024-01-01,,False,False,True,False,False,False,False,False,True
nintedanib,23775557,1,20240423,20240423,2024,US,US,5,male,,,,ILLNESS|LIVER DISORDER,LIVER DISORDER,False,True,False,suspect,True,PRODUCT USED FOR UNKNOWN INDICATION,False,,,,False,False,False,False,False,False,False,False,False
nintedanib,23780849,2,20240425,20250122,2024,US,US,5,female,73.0,73.0,801,ALANINE AMINOTRANSFERASE INCREASED|ASPARTATE AMINOTRANSFERASE INCREASED|BLOOD BILIRUBIN INCREASED|DIARRHOEA|LUNG LOBECTOMY|PNEUMONIA,ALANINE AMINOTRANSFERASE INCREASED|ASPARTATE AMINOTRANSFERASE INCREASED|BLOOD BILIRUBIN INCREASED,False,True,True,suspect,True,IDIOPATHIC PULMONARY FIBROSIS,True,2023-08-04,2023-10-01,58.0,True,False,True,False,True,False,False,False,False
nintedanib,23781165,2,20240425,20240531,2024,CA,CA,5,female,54.0,54.0,801,ABDOMINAL DISCOMFORT|DIABETES MELLITUS|DIABETIC FOOT|DIARRHOEA|DYSPNOEA|FATIGUE|HEPATIC ENZYME INCREASED|ILLNESS|LEG AMPUTATION|NAUSEA|NECROTISING FASCIITIS|PRODUCTIVE COUGH|RESPIRATION ABNORMAL|TOOTH EXTRACTION,HEPATIC ENZYME INCREASED,False,True,False,suspect,True,IDIOPATHIC PULMONARY FIBROSIS,True,2020-06-04,2020-01-01,-155.0,False,False,True,False,True,False,True,False,True
nintedanib,23789152,1,20240426,20240426,2024,US,US,5,male,81.0,81.0,801,ABDOMINAL DISCOMFORT|ATRIAL FIBRILLATION|CONSTIPATION|CONTUSION|COUGH|COVID-19|DECREASED APPETITE|DIARRHOEA|DRUG INTOLERANCE|DYSPNOEA|FAECES SOFT|FATIGUE|FIBROSIS|GASTROINTESTINAL DISORDER|HAEMORRHAGE|HEPATIC ENZYME INCREASED|IMPAIRED HEALING|JOINT SWELLING|LIMB INJURY|MYALGIA|NAUSEA|OFF LABEL USE|PAIN|PAIN IN EXTREMITY|POSTOPERATIVE WOUND COMPLICATION|PROSTATE CANCER|SKIN CANCER|SKIN ULCER|SLEEP DEFICIT|SOMNOLENCE|SPUTUM INCREASED|TASTE DISORDER|URINE ABNORMALITY|WEIGHT INCREASED|WOUND INFECTION,HEPATIC ENZYME INCREASED,False,True,False,suspect,True,IDIOPATHIC PULMONARY FIBROSIS,True,2022-04-25,2022-01-01,-114.0,False,False,True,False,False,False,False,False,True
nintedanib,23793308,1,20240429,20240429,2024,US,US,5,male,61.0,61.0,801,EPISTAXIS|HEPATIC ENZYME INCREASED|NAUSEA,HEPATIC ENZYME INCREASED,False,True,False,suspect,True,IDIOPATHIC PULMONARY FIBROSIS,True,2023-06-27,2023-08-21,55.0,True,False,False,False,False,False,False,False,False
nintedanib,23797695,5,20240430,20241230,2024,EG,EG,5,male,72.0,72.0,801,BURNING SENSATION|CHOLECYSTITIS|DECREASED APPETITE|DRY SKIN|DYSPHAGIA|FATIGUE|HEADACHE|HEPATIC ENZYME INCREASED|HYPERTENSION|MUSCULOSKELETAL STIFFNESS|NAIL DISCOLOURATION|NASOPHARYNGITIS|SKIN FISSURES|VOMITING|WEIGHT DECREASED,HEPATIC ENZYME INCREASED,False,True,False,suspect,True,PULMONARY FIBROSIS,True,2024-02-29,2024-02-29,0.0,True,False,True,False,False,False,False,False,True
nintedanib,23805028,2,20240502,20240528,2024,JP,JP,1,female,75.0,75.0,801,DIARRHOEA|HEPATITIS|LIVER DISORDER|RESPIRATORY DISORDER,HEPATITIS|LIVER DISORDER,False,True,False,suspect,True,INTERSTITIAL LUNG DISEASE,True,2024-03-21,2024-03-22,1.0,True,False,True,True,True,False,False,False,False
nintedanib,23808954,1,20240502,20240502,2024,US,US,5,male,77.0,77.0,801,ANAEMIA|DRUG INTERACTION|HEART FAILURE WITH REDUCED EJECTION FRACTION|HEPATIC FAILURE|PULMONARY FIBROSIS,HEPATIC FAILURE,True,True,False,suspect,True,IDIOPATHIC PULMONARY FIBROSIS,True,2024-03-26,2024-04-01,6.0,True,False,True,False,True,False,True,False,True
nintedanib,23812435,6,20240503,20241119,2024,US,US,5,female,88.0,88.0,801,ABDOMINAL DISCOMFORT|ABDOMINAL PAIN UPPER|BLADDER OBSTRUCTION|BLOOD LACTATE DEHYDROGENASE INCREASED|BLOOD LACTIC ACID INCREASED|BLOOD TEST ABNORMAL|CHOLELITHIASIS|CONSTIPATION|DIARRHOEA|DISCOMFORT|DIZZINESS|DRUG HYPERSENSITIVITY|ERYTHEMA OF EYELID|EYE CONTUSION|EYE HAEMORRHAGE|FALL|FATIGUE|GALLBLADDER OBSTRUCTION|HAEMORRHOIDS|HEADACHE|HEART VALVE REPLACEMENT|ILLNESS|JAUNDICE|MUSCULOSKELETAL CHEST PAIN|NASOPHARYNGITIS|NAUSEA|PRODUCTIVE COUGH|SEPSIS|SUSPECTED COVID-19|SWELLING|SYNCOPE|TIME PERCEPTION ALTERED|TRANSAMINASES INCREASED|URINARY TRACT INFECTION|URINARY TRACT INFECTION BACTERIAL|UROSEPSIS,JAUNDICE|TRANSAMINASES INCREASED,False,True,True,suspect,True,IDIOPATHIC PULMONARY FIBROSIS|INTERSTITIAL LUNG DISEASE,True,2023-07-24,2023-08-02,9.0,True,False,True,False,True,False,False,False,True
nintedanib,23816641,1,20240503,20240503,2024,US,US,5,female,,,,DIARRHOEA|DYSPEPSIA|HEADACHE|HEPATIC ENZYME INCREASED|INFECTION,HEPATIC ENZYME INCREASED,False,True,False,suspect,True,IDIOPATHIC PULMONARY FIBROSIS,True,2023-11-11,2023-01-01,-314.0,False,False,False,False,False,False,False,False,False
nintedanib,23817266,5,20240505,20250408,2024,US,US,5,female,60.0,60.0,801,ABDOMINAL DISCOMFORT|ABDOMINAL PAIN UPPER|COLITIS|COUGH|DECREASED APPETITE|DIARRHOEA|DYSPNOEA|ERYTHEMA|FLATULENCE|HEADACHE|HYPERTENSION|IDIOPATHIC PULMONARY FIBROSIS|INFLUENZA LIKE ILLNESS|LIVER DISORDER|MULTIPLE ALLERGIES|MUSCULOSKELETAL CHEST PAIN|NAUSEA|OSTEOARTHRITIS|OXYGEN SATURATION DECREASED|PAIN IN EXTREMITY|PERIPHERAL SWELLING|PNEUMONIA|PRURITUS|RESPIRATORY SYNCYTIAL VIRUS INFECTION|SCLERODERMA|VOMITING,LIVER DISORDER,False,True,False,suspect,True,IDIOPATHIC PULMONARY FIBROSIS|INTERSTITIAL LUNG DISEASE|SYSTEMIC SCLEROSIS PULMONARY,True,2022-08-01,2022-08-01,0.0,True,False,True,False,True,False,False,False,True
nintedanib,23819104,3,20240506,20240809,2024,ES,ES,5,female,75.0,75.0,801,ABDOMINAL DISCOMFORT|ANAEMIA|ASTHENIA|COLD SWEAT|DIARRHOEA|GASTROINTESTINAL PAIN|HYPOTENSION|IDIOPATHIC PULMONARY FIBROSIS|MUSCLE ATROPHY|NAUSEA|PROTEIN TOTAL DECREASED|RESPIRATORY TRACT INFECTION|TRANSAMINASES INCREASED|VITAMIN B12 DECREASED|VOMITING|WEIGHT DECREASED,TRANSAMINASES INCREASED,False,True,False,suspect,True,IDIOPATHIC PULMONARY FIBROSIS,True,2021-04-06,2021-01-01,-95.0,False,False,True,False,True,False,False,False,True
nintedanib,23828061,1,20240507,20240507,2024,US,US,5,unknown,,,,ABDOMINAL PAIN|ABDOMINAL PAIN UPPER|BLOOD BILIRUBIN INCREASED|DECREASED APPETITE|DIARRHOEA|DIZZINESS|DYSPNOEA|NAUSEA|STENT PLACEMENT,BLOOD BILIRUBIN INCREASED,False,True,False,suspect,True,PRODUCT USED FOR UNKNOWN INDICATION,False,,,,False,False,False,False,False,False,False,False,False
nintedanib,23839062,2,20240509,20240813,2024,ES,ES,5,female,76.0,76.0,801,ANAL INCONTINENCE|APATHY|BACTERAEMIA|COLITIS|COUGH|DEPRESSED MOOD|DIARRHOEA|MALNUTRITION|OCULAR DISCOMFORT|RESPIRATORY TRACT INFECTION|TRANSAMINASES INCREASED,TRANSAMINASES INCREASED,False,True,False,suspect,True,PULMONARY FIBROSIS,True,2022-12-15,2023-01-01,17.0,True,False,True,False,True,False,False,False,False
nintedanib,23851090,2,20240514,20240717,2024,US,US,5,female,74.0,74.0,801,DIARRHOEA|DRUG INTERACTION|EYE PRURITUS|HERPES ZOSTER|INCREASED APPETITE|LIVER FUNCTION TEST INCREASED|MEMORY IMPAIRMENT,LIVER FUNCTION TEST INCREASED,False,True,False,interacting,False,INTERSTITIAL LUNG DISEASE,True,,,,False,False,False,False,False,False,False,False,False
nintedanib,23863888,1,20240516,20240516,2024,US,US,3,female,58.0,58.0,801,AMMONIA INCREASED|BLOOD GLUCOSE DECREASED|DEHYDRATION|DIARRHOEA|HEPATIC ENZYME INCREASED|INTENTIONAL PRODUCT USE ISSUE|LIVER DISORDER|LIVER INJURY|NAUSEA|OFF LABEL USE|VOMITING,HEPATIC ENZYME INCREASED|LIVER DISORDER,False,True,False,suspect,True,IDIOPATHIC PULMONARY FIBROSIS,True,2022-08-03,2022-08-06,3.0,True,False,True,False,True,False,False,False,False
nintedanib,23871926,1,20240520,20240520,2024,DE,DE,1,unknown,,,,DIARRHOEA|GASTROINTESTINAL DISORDER|HEPATIC ENZYME INCREASED|IMPAIRED QUALITY OF LIFE,HEPATIC ENZYME INCREASED,False,True,False,suspect,True,IDIOPATHIC PULMONARY FIBROSIS,True,,,,False,False,True,False,False,False,False,False,True
nintedanib,23891069,3,20240523,20240708,2024,ES,ES,5,male,61.0,61.0,801,AORTIC STENOSIS|BLOOD PRESSURE DECREASED|CARDIOMEGALY|CAROTID ARTERIOSCLEROSIS|DECREASED APPETITE|DENTAL CARIES|DIARRHOEA|FLATULENCE|GASTRITIS|GASTROOESOPHAGEAL REFLUX DISEASE|HIATUS HERNIA|HYPERTENSION|HYPERTENSIVE CRISIS|NASOPHARYNGITIS|OESOPHAGEAL MOTILITY DISORDER|OSTEOPOROSIS|PULMONARY HYPERTENSION|RESPIRATORY TRACT INFECTION|TRANSAMINASES INCREASED|URINARY TRACT INFECTION|VOMITING|WEIGHT DECREASED,TRANSAMINASES INCREASED,False,True,False,suspect,True,IDIOPATHIC PULMONARY FIBROSIS,True,2021-03-26,2021-03-01,-25.0,False,False,True,False,False,False,False,False,True
nintedanib,23902846,7,20240527,20241021,2024,JP,JP,5,female,79.0,79.0,801,ANAEMIA|CHEST X-RAY ABNORMAL|DECREASED APPETITE|DIARRHOEA|EPISTAXIS|FATIGUE|HAEMATURIA|HYPOPHAGIA|INFLAMMATION|INFUSION|LIVER FUNCTION TEST INCREASED|LUNG OPACITY|MALAISE|MUSCULAR WEAKNESS|PARAESTHESIA ORAL|PHYSICAL DECONDITIONING|PYREXIA|RASH|SPUTUM CULTURE POSITIVE|TASTE DISORDER,LIVER FUNCTION TEST INCREASED,False,True,False,suspect,True,INTERSTITIAL LUNG DISEASE,True,2024-03-25,2024-05-01,37.0,True,False,True,False,True,False,False,False,False
nintedanib,23924741,2,20240531,20240715,2024,SK,SK,1,female,58.0,58.0,801,IDIOPATHIC PULMONARY FIBROSIS|LIVER FUNCTION TEST INCREASED,LIVER FUNCTION TEST INCREASED,False,True,False,suspect,True,IDIOPATHIC PULMONARY FIBROSIS,True,2019-06-05,2024-05-01,1792.0,False,False,True,False,False,False,False,False,True
nintedanib,23925205,1,20240531,20240531,2024,ES,ES,5,male,63.0,63.0,801,ABDOMINAL PAIN|CARDIAC DISORDER|DIARRHOEA|HEADACHE|IDIOPATHIC PULMONARY FIBROSIS|NAUSEA|TRANSAMINASES INCREASED|WEIGHT DECREASED,TRANSAMINASES INCREASED,False,True,False,suspect,True,IDIOPATHIC PULMONARY FIBROSIS,True,,2023-01-01,,False,False,True,False,False,False,False,False,True
nintedanib,23952839,1,20240607,20240607,2024,US,US,5,unknown,,,,ARTHRALGIA|DIARRHOEA|HEPATIC ENZYME INCREASED|HYPERTENSION,HEPATIC ENZYME INCREASED,False,True,False,suspect,True,PRODUCT USED FOR UNKNOWN INDICATION,False,,,,False,False,False,False,False,False,False,False,False
nintedanib,23958150,1,20240610,20240610,2024,ES,ES,2,female,69.0,69.0,801,ASTHENIA|DIARRHOEA|HAEMATOMA|JAUNDICE|MALAISE|RECTAL HAEMORRHAGE,JAUNDICE,False,True,False,suspect,True,HYPERSENSITIVITY PNEUMONITIS,False,2024-04-11,2024-04-11,0.0,True,False,True,False,True,False,False,False,False
nintedanib,23960696,2,20240611,20240614,2024,ES,ES,5,female,58.0,58.0,801,COUGH|DIARRHOEA|FLATULENCE|GASTROOESOPHAGEAL REFLUX DISEASE|HIATUS HERNIA|HYPOTHYROIDISM|IDIOPATHIC PULMONARY FIBROSIS|INTERVERTEBRAL DISC PROTRUSION|MUSCULOSKELETAL CHEST PAIN|NASOPHARYNGITIS|TRANSAMINASES INCREASED|VOMITING,TRANSAMINASES INCREASED,False,True,False,suspect,True,IDIOPATHIC PULMONARY FIBROSIS,True,2015-03-03,2015-01-01,-61.0,False,False,True,False,False,False,True,False,False
nintedanib,23973186,1,20240613,20240613,2024,IT,IT,1,male,64.0,64.0,801,ACUTE KIDNEY INJURY|ACUTE RESPIRATORY FAILURE|COOMBS NEGATIVE HAEMOLYTIC ANAEMIA|DYSPNOEA|JAUNDICE|OXYGEN SATURATION ABNORMAL|PYREXIA,JAUNDICE,False,True,False,concomitant,True,PULMONARY FIBROSIS,True,2021-11-03,2021-11-12,9.0,True,True,True,True,True,False,False,False,False
nintedanib,23980498,1,20240617,20240617,2024,JP,JP,3,male,78.0,78.0,801,DECREASED APPETITE|DYSPNOEA|HEPATIC FUNCTION ABNORMAL|OXYGEN SATURATION DECREASED|PNEUMOTHORAX|PYREXIA|SPUTUM DISCOLOURED|TASTE DISORDER|WEIGHT DECREASED,HEPATIC FUNCTION ABNORMAL,False,True,False,suspect,True,IDIOPATHIC PULMONARY FIBROSIS,True,2023-12-05,2024-02-07,64.0,True,False,True,False,True,False,False,False,False
nintedanib,23982068,1,20240617,20240617,2024,US,,2,male,65.0,65.0,801,HEPATIC ENZYME INCREASED|THERAPY CESSATION,HEPATIC ENZYME INCREASED,False,True,False,suspect,True,INTERSTITIAL LUNG DISEASE,True,,2024-05-30,,False,False,False,False,False,False,False,False,False
nintedanib,23990512,1,20240619,20240619,2024,US,US,5,female,48.0,48.0,801,ABDOMINAL PAIN|DIARRHOEA|HEPATIC ENZYME INCREASED|MUSCLE FATIGUE,HEPATIC ENZYME INCREASED,False,True,False,suspect,True,PRODUCT USED FOR UNKNOWN INDICATION,False,2024-05-22,2024-05-22,0.0,True,False,False,False,False,False,False,False,False
nintedanib,24015109,1,20240626,20240626,2024,US,,5,male,67.0,67.0,801,BALANCE DISORDER|BLINDNESS|CATARACT|DIARRHOEA|DISCOMFORT|DIZZINESS|FEELING ABNORMAL|FEELING COLD|GAIT DISTURBANCE|HEPATIC FIBROSIS|HEPATIC PAIN|ILLNESS|IRRITABILITY|LIVER DISORDER|MUSCLE SPASMS|NAUSEA|PRODUCT DOSE OMISSION ISSUE|PRODUCTIVE COUGH|RENAL PAIN|SPONDYLITIS|STRESS|VERTIGO,LIVER DISORDER,False,True,False,suspect,True,IDIOPATHIC PULMONARY FIBROSIS|INTERSTITIAL LUNG DISEASE,True,2023-06-25,2023-06-25,0.0,True,False,True,False,False,False,True,False,True
nintedanib,24015322,1,20240626,20240626,2024,CN,CN,3,male,86.0,86.0,801,HEPATIC FAILURE,HEPATIC FAILURE,True,True,False,suspect,True,PULMONARY FIBROSIS,True,2024-04-16,2024-06-14,59.0,True,False,True,False,False,False,False,False,True
nintedanib,24017332,1,20240627,20240627,2024,US,US,5,female,70.0,70.0,801,BLOOD BILIRUBIN INCREASED|DIARRHOEA|EPISTAXIS|HAEMATEMESIS|HEPATIC ENZYME INCREASED|INCREASED TENDENCY TO BRUISE|NASAL DRYNESS|NAUSEA|RECTAL HAEMORRHAGE|VOMITING,BLOOD BILIRUBIN INCREASED|HEPATIC ENZYME INCREASED,False,True,False,suspect,True,IDIOPATHIC PULMONARY FIBROSIS,True,2024-05-22,2024-05-28,6.0,True,False,True,False,True,False,False,False,False
nintedanib,24048321,2,20240704,20240717,2024,GB,GB,3,male,47.0,47.0,801,GASTROINTESTINAL DISORDER|LIVER FUNCTION TEST INCREASED|PRODUCT USE ISSUE|WRONG TECHNIQUE IN PRODUCT USAGE PROCESS,LIVER FUNCTION TEST INCREASED,False,True,False,suspect,True,PULMONARY FIBROSIS,True,2024-05-21,2024-05-01,-20.0,False,False,False,False,False,False,False,False,False
nintedanib,24063202,2,20240709,20240830,2024,JP,JP,5,male,75.0,75.0,801,BALANCE DISORDER|BEDRIDDEN|BLOOD URIC ACID INCREASED|CHEST PAIN|CONSTIPATION|COUGH|DYSPHONIA|DYSPNOEA|DYSPNOEA EXERTIONAL|FALL|GASTROOESOPHAGEAL REFLUX DISEASE|HAEMORRHAGE|LIVER FUNCTION TEST INCREASED|MIDDLE INSOMNIA|MUSCULAR WEAKNESS|NAUSEA|OEDEMA PERIPHERAL|OXYGEN SATURATION DECREASED|PARAESTHESIA|SENSATION OF FOREIGN BODY|SKIN LACERATION,LIVER FUNCTION TEST INCREASED,False,True,False,suspect,True,IDIOPATHIC PULMONARY FIBROSIS,True,2024-03-19,2024-05-14,56.0,True,False,True,False,True,False,False,False,False
nintedanib,24080359,2,20240711,20240806,2024,JP,JP,5,male,74.0,74.0,801,ARTHRALGIA|CONSTIPATION|CORONAVIRUS INFECTION|COUGH|DECREASED APPETITE|DIARRHOEA|DYSPNOEA|FAECES HARD|IDIOPATHIC PULMONARY FIBROSIS|LIVER FUNCTION TEST INCREASED|NAUSEA|PRODUCTIVE COUGH|SPUTUM RETENTION|TASTE DISORDER|WEIGHT DECREASED,LIVER FUNCTION TEST INCREASED,False,True,False,suspect,True,IDIOPATHIC PULMONARY FIBROSIS,True,2024-02-19,2024-03-01,11.0,True,False,True,False,False,False,False,False,True
nintedanib,24090453,1,20240712,20240712,2024,US,,1,male,81.0,81.0,801,ACUTE KIDNEY INJURY|ACUTE MYOCARDIAL INFARCTION|DRUG-INDUCED LIVER INJURY|GASTROINTESTINAL HAEMORRHAGE|IRON DEFICIENCY ANAEMIA|LEFT VENTRICULAR FAILURE,DRUG-INDUCED LIVER INJURY,True,True,False,suspect,True,ACUTE INTERSTITIAL PNEUMONITIS,False,2024-05-01,2024-07-03,63.0,True,False,True,True,False,False,False,False,False
nintedanib,24117272,1,20240722,20240722,2024,JP,JP,1,unknown,,,,ABDOMINAL DISCOMFORT|ALOPECIA|CARDIAC FAILURE|CEREBRAL HAEMORRHAGE|GASTROINTESTINAL HAEMORRHAGE|GASTROINTESTINAL PERFORATION|INTERSTITIAL LUNG DISEASE|KL-6 INCREASED|LIVER DISORDER|LUNG NEOPLASM MALIGNANT|MALAISE|PANCREATITIS ACUTE|PNEUMONIA|PNEUMOTHORAX|PULMONARY HYPERTENSION|RASH|RENAL DISORDER,LIVER DISORDER,False,True,False,suspect,True,PRODUCT USED FOR UNKNOWN INDICATION,False,,,,False,False,True,True,False,False,False,False,True
nintedanib,24124155,1,20240723,20240723,2024,JP,JP,1,unknown,,,,DEATH|DECREASED APPETITE|DIARRHOEA|EASTERN COOPERATIVE ONCOLOGY GROUP PERFORMANCE STATUS WORSENED|HEPATIC FUNCTION ABNORMAL|INTERSTITIAL LUNG DISEASE|NAUSEA|VOMITING,HEPATIC FUNCTION ABNORMAL,False,True,False,suspect,True,PULMONARY FIBROSIS,True,,,,False,False,True,True,False,False,False,False,True
nintedanib,24131616,1,20240724,20240724,2024,US,US,5,female,,,,ABDOMINAL DISCOMFORT|DYSPEPSIA|HEPATIC ENZYME INCREASED|PAIN,HEPATIC ENZYME INCREASED,False,True,False,suspect,True,IDIOPATHIC PULMONARY FIBROSIS,True,2024-06-17,,,False,False,True,False,True,False,False,False,False
nintedanib,24146368,1,20240729,20240729,2024,ES,ES,1,male,73.0,73.0,801,HYPERBILIRUBINAEMIA|MIXED LIVER INJURY,HYPERBILIRUBINAEMIA|MIXED LIVER INJURY,True,True,False,suspect,True,COMBINED PULMONARY FIBROSIS AND EMPHYSEMA,True,2024-01-15,2024-02-04,20.0,True,False,True,False,False,False,False,False,True
nintedanib,24147761,1,20240729,20240729,2024,JP,JP,1,unknown,,,,DEATH|DECREASED APPETITE|DIARRHOEA|GASTROOESOPHAGEAL REFLUX DISEASE|LIVER DISORDER|NAUSEA|TOXIC EPIDERMAL NECROLYSIS,LIVER DISORDER,False,True,False,suspect,True,PRODUCT USED FOR UNKNOWN INDICATION,False,,,,False,False,True,True,False,False,False,False,True
nintedanib,24147805,5,20240729,20250917,2024,US,US,5,male,66.0,66.0,801,DIARRHOEA|DYSPEPSIA|GASTRIC INFECTION|LIVER DISORDER|LUNG DISORDER|RENAL HAEMORRHAGE,LIVER DISORDER,False,True,False,suspect,True,IDIOPATHIC PULMONARY FIBROSIS,True,2023-11-10,2024-01-01,52.0,True,False,True,False,True,False,False,False,False
nintedanib,24178596,4,20240806,20240906,2024,US,US,5,female,,,,ASTHENIA|BLOOD GLUCOSE INCREASED|CATARACT|COVID-19|DIARRHOEA|DRUG INTERACTION|DRY MOUTH|DRY THROAT|DYSPNOEA EXERTIONAL|EYELID MARGIN CRUSTING|FATIGUE|HEADACHE|HEART RATE INCREASED|HEPATIC ENZYME INCREASED|INCREASED UPPER AIRWAY SECRETION|INFUSION SITE PAIN|NASAL DRYNESS|OROPHARYNGEAL PAIN|OXYGEN SATURATION DECREASED|PULMONARY HYPERTENSION|PYREXIA|TOOTHACHE|WEIGHT DECREASED,HEPATIC ENZYME INCREASED,False,True,False,suspect,True,PRODUCT USED FOR UNKNOWN INDICATION,False,,2024-01-01,,False,False,True,False,True,False,False,False,True
nintedanib,24196434,1,20240810,20240810,2024,US,US,5,male,81.0,81.0,801,ALANINE AMINOTRANSFERASE INCREASED|ASPARTATE AMINOTRANSFERASE INCREASED,ALANINE AMINOTRANSFERASE INCREASED|ASPARTATE AMINOTRANSFERASE INCREASED,False,True,False,concomitant,True,LUNG DISORDER,False,,2024-05-01,,False,False,True,False,False,False,False,False,True
nintedanib,24214533,1,20240815,20240815,2024,US,US,5,male,77.0,77.0,801,ANAEMIA|DRUG INTERACTION|HEART FAILURE WITH REDUCED EJECTION FRACTION|HEPATIC FAILURE|PULMONARY FIBROSIS,HEPATIC FAILURE,True,True,False,suspect,True,IDIOPATHIC PULMONARY FIBROSIS,True,2024-03-26,2024-04-01,6.0,True,False,True,False,True,False,True,False,True
nintedanib,24215385,2,20240816,20241212,2024,CA,CA,5,male,73.0,73.0,801,COVID-19|DEATH|DIARRHOEA|FATIGUE|HEPATIC ENZYME INCREASED|IDIOPATHIC PULMONARY FIBROSIS|PNEUMONIA,HEPATIC ENZYME INCREASED,False,True,False,suspect,True,IDIOPATHIC PULMONARY FIBROSIS,True,2023-07-06,2024-01-01,179.0,True,False,True,True,True,False,False,False,False
nintedanib,24222640,4,20240819,20241003,2024,TW,TW,1,male,81.0,81.0,801,HEPATITIS,HEPATITIS,False,True,False,suspect,True,IDIOPATHIC PULMONARY FIBROSIS,True,2024-06-08,2024-07-08,30.0,True,True,True,True,False,False,False,False,False
nintedanib,24225522,1,20240820,20240820,2024,US,US,5,male,88.0,88.0,801,CEREBROVASCULAR ACCIDENT|CONSTIPATION|COUGH|DRUG ERUPTION|DRY SKIN|DYSPNOEA|HEPATIC CANCER|HYPERSENSITIVITY|INSOMNIA|LIVER DISORDER|PARANASAL SINUS HYPERSECRETION|PERIPHERAL SWELLING|PRURITUS|RECTAL HAEMORRHAGE,LIVER DISORDER,False,True,False,suspect,True,IDIOPATHIC PULMONARY FIBROSIS|PULMONARY FIBROSIS,True,2022-01-14,2023-01-01,352.0,True,False,True,False,True,False,False,False,True
nintedanib,24230068,1,20240820,20240820,2024,US,US,3,male,61.0,61.0,801,LIVER FUNCTION TEST INCREASED|OFF LABEL USE,LIVER FUNCTION TEST INCREASED,False,True,False,suspect,True,INTERSTITIAL LUNG DISEASE,True,,2024-06-30,,False,False,False,False,False,False,False,False,False
nintedanib,24231526,1,20240821,20240821,2024,US,US,5,female,76.0,76.0,801,HEPATIC ENZYME INCREASED,HEPATIC ENZYME INCREASED,False,True,False,suspect,True,IDIOPATHIC PULMONARY FIBROSIS,True,,2024-01-01,,False,False,False,False,False,False,False,False,False
nintedanib,24266166,5,20240830,20251209,2024,US,US,5,male,78.0,78.0,801,ABDOMINAL PAIN UPPER|ANAL INCONTINENCE|ANXIETY|CHEST PAIN|DEPRESSION|DIARRHOEA|DRY MOUTH|DYSPNOEA|DYSPNOEA EXERTIONAL|GALLBLADDER DISORDER|GENERAL PHYSICAL HEALTH DETERIORATION|HEADACHE|HEPATIC ENZYME INCREASED|HEPATOMEGALY|IRRITABILITY|KIDNEY ENLARGEMENT|LIVER FUNCTION TEST INCREASED|OXYGEN SATURATION DECREASED|PAIN|PRODUCTIVE COUGH|SENSITIVITY TO WEATHER CHANGE|SKIN DISCOLOURATION,HEPATIC ENZYME INCREASED|LIVER FUNCTION TEST INCREASED,False,True,False,suspect,True,IDIOPATHIC PULMONARY FIBROSIS|INTERSTITIAL LUNG DISEASE,True,2024-05-23,2024-06-24,32.0,True,False,True,False,True,False,False,False,False
nintedanib,24270726,2,20240831,20240913,2024,CA,CA,5,male,78.0,78.0,801,ARTERIOSCLEROSIS CORONARY ARTERY|ARTHRITIS|BLOOD BILIRUBIN INCREASED|BLOOD TEST ABNORMAL|BOWEL MOVEMENT IRREGULARITY|BRONCHIECTASIS|CHROMATURIA|COUGH|COVID-19|DECREASED ACTIVITY|DECREASED APPETITE|DIARRHOEA|DIVERTICULUM|DYSPHONIA|DYSPNOEA EXERTIONAL|FAECES DISCOLOURED|FATIGUE|FLATULENCE|GASTROINTESTINAL DISORDER|HAEMORRHOIDAL HAEMORRHAGE|HEPATIC ENZYME INCREASED|INTERSTITIAL LUNG DISEASE|MIGRAINE|NEPHROCALCINOSIS|PAIN|PRODUCT PHYSICAL ISSUE|PRODUCTIVE COUGH|RENAL CYST|SPINAL OSTEOARTHRITIS|VISUAL IMPAIRMENT,BLOOD BILIRUBIN INCREASED|HEPATIC ENZYME INCREASED,False,True,False,suspect,True,IDIOPATHIC PULMONARY FIBROSIS,True,2022-07-20,2022-07-01,-19.0,False,False,False,False,False,False,False,False,False
nintedanib,24300608,2,20240910,20250310,2024,CA,CA,5,male,68.0,68.0,801,CHEST PAIN|DEATH|DIARRHOEA|DYSPNOEA|HEPATIC ENZYME INCREASED|OXYGEN SATURATION DECREASED,HEPATIC ENZYME INCREASED,False,True,False,suspect,True,IDIOPATHIC PULMONARY FIBROSIS,True,2023-07-02,2023-01-01,-182.0,False,False,True,True,True,False,False,False,False
nintedanib,24301983,2,20240910,20240916,2024,EG,EG,5,male,28.0,28.0,801,C-REACTIVE PROTEIN INCREASED|CHROMATURIA|HEPATIC ENZYME INCREASED,HEPATIC ENZYME INCREASED,False,True,False,suspect,True,PULMONARY FIBROSIS,True,2024-03-02,2024-05-01,60.0,True,False,True,False,False,False,False,False,True
nintedanib,24309463,1,20240911,20240911,2024,CA,CA,5,male,61.0,61.0,801,ABDOMINAL DISCOMFORT|ABDOMINAL PAIN UPPER|AFFECT LABILITY|ASTHENIA|DIARRHOEA|DISTURBANCE IN ATTENTION|DIZZINESS|FATIGUE|GASTRIC HAEMORRHAGE|GASTROINTESTINAL DISORDER|HEADACHE|HEPATIC ENZYME INCREASED|HYPOAESTHESIA|INSOMNIA|LIVER FUNCTION TEST INCREASED|MOOD ALTERED|NAUSEA|PAIN IN EXTREMITY|POLLAKIURIA|WEIGHT DECREASED,HEPATIC ENZYME INCREASED|LIVER FUNCTION TEST INCREASED,False,True,False,suspect,True,INTERSTITIAL LUNG DISEASE,True,2024-06-21,2024-06-21,0.0,True,False,True,False,False,False,False,False,True
nintedanib,24328723,1,20240917,20240917,2024,TH,TH,1,female,66.0,66.0,801,ACUTE KIDNEY INJURY|ALANINE AMINOTRANSFERASE INCREASED|ATRIAL FIBRILLATION|COVID-19 PNEUMONIA|DECREASED APPETITE|DEHYDRATION|FATIGUE|NAUSEA|UPPER RESPIRATORY TRACT INFECTION|WEIGHT DECREASED,ALANINE AMINOTRANSFERASE INCREASED,False,True,False,suspect,True,IDIOPATHIC PULMONARY FIBROSIS|INTERSTITIAL LUNG DISEASE,True,,,,False,False,True,False,False,False,False,False,True
nintedanib,24331023,5,20240918,20241218,2024,US,US,5,male,62.0,62.0,801,ANAL INCONTINENCE|ARTHRALGIA|ASTHENIA|CHOLELITHIASIS|CONCUSSION|CONSTIPATION|CONTUSION|CORONARY ARTERY DISEASE|DELUSION|DIARRHOEA|DIZZINESS|FALL|FATIGUE|FEELING ABNORMAL|GAIT INABILITY|HALLUCINATION|HEAD INJURY|HEPATIC FAILURE|HEPATIC INFECTION|KIDNEY INFECTION|LOSS OF CONSCIOUSNESS|PAIN IN EXTREMITY|PANCREATIC FAILURE|PARKINSON^S DISEASE|POOR QUALITY SLEEP|POST PROCEDURAL HAEMORRHAGE|RASH|RENAL FAILURE|WEIGHT DECREASED,HEPATIC FAILURE,True,True,False,suspect,True,IDIOPATHIC PULMONARY FIBROSIS|INTERSTITIAL LUNG DISEASE,True,2023-09-06,2024-01-01,117.0,True,False,True,False,True,False,False,False,True
nintedanib,24334974,4,20240918,20241031,2024,CN,CN,1,female,53.0,53.0,801,HEPATIC FAILURE,HEPATIC FAILURE,True,True,False,suspect,True,LUNG DISORDER,False,2023-08-25,2024-06-26,306.0,True,False,True,False,False,False,False,False,True
nintedanib,24341761,1,20240920,20240920,2024,PL,PL,1,male,69.0,69.0,801,ALANINE AMINOTRANSFERASE INCREASED|ANAEMIA|ASPARTATE AMINOTRANSFERASE INCREASED|C-REACTIVE PROTEIN INCREASED|COUGH|DYSPNOEA EXERTIONAL|EXERCISE TOLERANCE DECREASED|LEFT VENTRICULAR DYSFUNCTION|LUNG OPACITY|MALAISE|MUSCLE ATROPHY|PRODUCTIVE COUGH|PYREXIA|TOTAL LUNG CAPACITY DECREASED|TUBERCULOSIS,ALANINE AMINOTRANSFERASE INCREASED|ASPARTATE AMINOTRANSFERASE INCREASED,False,True,False,suspect,True,IDIOPATHIC PULMONARY FIBROSIS,True,,2020-05-01,,False,False,True,False,True,False,False,False,False
nintedanib,24358358,2,20240924,20241111,2024,JP,JP,1,male,66.0,66.0,801,DIARRHOEA|HEPATIC FUNCTION ABNORMAL|IDIOPATHIC PULMONARY FIBROSIS|SEPTIC SHOCK,HEPATIC FUNCTION ABNORMAL,False,True,False,suspect,True,IDIOPATHIC PULMONARY FIBROSIS,True,2023-07-12,2023-07-01,-11.0,False,False,True,False,True,False,False,False,True
nintedanib,24358905,1,20240924,20240924,2024,HR,HR,1,male,73.0,73.0,801,CONDITION AGGRAVATED|DIARRHOEA|MALIGNANT NEOPLASM PROGRESSION|TRANSAMINASES INCREASED,TRANSAMINASES INCREASED,False,True,False,suspect,True,LUNG ADENOCARCINOMA,False,,2024-01-01,,False,False,True,True,False,False,False,False,True
nintedanib,24381751,12,20241001,20250414,2024,US,US,5,female,78.0,78.0,801,ATRIAL FIBRILLATION|COUGH|DECREASED APPETITE|DEHYDRATION|DIARRHOEA|DYSPNOEA|DYSPNOEA EXERTIONAL|FEELING ABNORMAL|FLUID RETENTION|GASTROINTESTINAL DISORDER|HEADACHE|HEPATIC ENZYME INCREASED|MALAISE|NAUSEA|OXYGEN SATURATION DECREASED|PAIN|PATIENT DISSATISFACTION WITH TREATMENT|THERAPY NON-RESPONDER,HEPATIC ENZYME INCREASED,False,True,False,suspect,True,IDIOPATHIC PULMONARY FIBROSIS|INTERSTITIAL LUNG DISEASE,True,2024-09-18,2024-09-22,4.0,True,False,True,False,True,False,False,False,True
nintedanib,24414297,3,20241009,20251020,2024,JP,JP,1,male,83.0,83.0,801,HEPATIC FUNCTION ABNORMAL|HYPERTENSION|INTERSTITIAL LUNG DISEASE|PULMONARY HYPERTENSION|RENAL IMPAIRMENT|THERAPEUTIC PRODUCT EFFECT INCOMPLETE|URINARY TRACT INFECTION,HEPATIC FUNCTION ABNORMAL,False,True,False,suspect,True,INTERSTITIAL LUNG DISEASE|SYSTEMIC SCLERODERMA,True,2021-08-27,2021-09-24,28.0,True,False,True,True,True,True,False,False,True
nintedanib,24414761,1,20241009,20241009,2024,US,US,5,male,72.0,72.0,801,CEREBRAL HAEMORRHAGE|DYSPNOEA EXERTIONAL|FALL|HEAD INJURY|HEPATIC ENZYME INCREASED|HYPERTENSION|LIMB INJURY|PRODUCTIVE COUGH|RIB FRACTURE|WEIGHT DECREASED,HEPATIC ENZYME INCREASED,False,True,False,suspect,True,IDIOPATHIC PULMONARY FIBROSIS,True,2024-07-30,2024-07-29,-1.0,False,False,True,False,True,False,False,False,True
nintedanib,24414886,1,20241009,20241009,2024,JP,JP,1,unknown,,,,DECREASED APPETITE|DIARRHOEA|EMBOLISM|LIVER DISORDER,LIVER DISORDER,False,True,False,suspect,True,PRODUCT USED FOR UNKNOWN INDICATION,False,,,,False,False,True,False,False,False,False,False,True
nintedanib,24414944,1,20241009,20241009,2024,JP,JP,1,female,40.0,4.0,800,GANGRENE|HEPATIC FUNCTION ABNORMAL|OSTEOMYELITIS|SKIN ULCER,HEPATIC FUNCTION ABNORMAL,False,True,False,suspect,True,INTERSTITIAL LUNG DISEASE,True,,2024-08-01,,False,False,True,False,True,False,False,False,False
nintedanib,24422302,3,20241010,20250318,2024,FR,FR,1,female,58.0,58.0,801,ATYPICAL MYCOBACTERIAL INFECTION|CHOLESTASIS|HEPATIC CYTOLYSIS|HEPATITIS CHOLESTATIC|JAUNDICE|PRURITUS,CHOLESTASIS|JAUNDICE,False,True,False,suspect,True,INTERSTITIAL LUNG DISEASE,True,,2024-08-27,,False,False,True,False,True,False,False,False,True
nintedanib,24430674,3,20241013,20250310,2024,FR,FR,1,female,58.0,58.0,801,ATYPICAL MYCOBACTERIAL INFECTION|CHOLESTASIS|HEPATIC CYTOLYSIS|HEPATITIS CHOLESTATIC|HOSPITALISATION|JAUNDICE|PRURITUS,CHOLESTASIS|JAUNDICE,False,True,False,suspect,True,INTERSTITIAL LUNG DISEASE,True,,2024-08-27,,False,False,True,False,True,False,False,False,True
nintedanib,24431290,3,20241014,20241123,2024,JP,JP,1,female,52.0,52.0,801,DIARRHOEA|INTERSTITIAL LUNG DISEASE|LIVER FUNCTION TEST INCREASED|NAUSEA,LIVER FUNCTION TEST INCREASED,False,True,False,suspect,True,INTERSTITIAL LUNG DISEASE|SYSTEMIC SCLERODERMA,True,2021-02-04,2021-03-11,35.0,True,False,True,False,False,False,False,False,True
nintedanib,24434041,2,20241014,20241112,2024,FR,FR,1,female,58.0,58.0,801,CHOLESTASIS|HEPATIC CYTOLYSIS|HEPATITIS CHOLESTATIC|JAUNDICE|OFF LABEL USE,CHOLESTASIS|JAUNDICE,False,True,False,suspect,True,INTERSTITIAL LUNG DISEASE,True,,2023-10-01,,False,False,True,False,True,False,False,False,False
nintedanib,24443335,7,20241016,20250130,2024,US,US,5,female,57.0,57.0,801,ACUTE RESPIRATORY FAILURE|AMNESIA|BLINDNESS|CEREBRAL HAEMORRHAGE|CEREBROVASCULAR ACCIDENT|CONSTIPATION|DEAFNESS UNILATERAL|DIARRHOEA|FATIGUE|LIVER FUNCTION TEST ABNORMAL|NAUSEA|PERIPHERAL SWELLING|PNEUMONIA|RASH|RENAL IMPAIRMENT|SEIZURE|WALKING DISABILITY,LIVER FUNCTION TEST ABNORMAL,False,True,False,suspect,True,IDIOPATHIC PULMONARY FIBROSIS,True,2024-01-08,2024-01-08,0.0,True,False,True,False,True,False,True,False,True
nintedanib,24453474,2,20241017,20241018,2024,JP,JP,1,female,63.0,63.0,801,HEPATIC FUNCTION ABNORMAL|INFUSION RELATED REACTION|INTERSTITIAL LUNG DISEASE|NAUSEA,HEPATIC FUNCTION ABNORMAL,False,True,False,suspect,True,SYSTEMIC SCLERODERMA,False,2023-08-19,2022-08-18,-366.0,False,False,False,False,False,False,False,False,False
nintedanib,24538728,2,20241023,20241028,2024,JP,JP,2,female,90.0,9.0,800,ALANINE AMINOTRANSFERASE INCREASED|ASPARTATE AMINOTRANSFERASE INCREASED|INTERNATIONAL NORMALISED RATIO INCREASED,ALANINE AMINOTRANSFERASE INCREASED|ASPARTATE AMINOTRANSFERASE INCREASED,False,True,False,suspect,True,PRODUCT USED FOR UNKNOWN INDICATION,False,,,,False,False,True,False,True,False,False,False,False
nintedanib,24538819,2,20241023,20241105,2024,JP,JP,5,female,,,,BILIARY OBSTRUCTION|CHOLELITHIASIS|LIVER FUNCTION TEST INCREASED,LIVER FUNCTION TEST INCREASED,False,True,False,suspect,True,PULMONARY FIBROSIS,True,,,,False,False,True,False,False,False,False,False,True
nintedanib,24542537,1,20241024,20241024,2024,FI,FI,1,male,82.0,82.0,801,ACUTE KIDNEY INJURY|HEPATIC FAILURE|TUBULOINTERSTITIAL NEPHRITIS,HEPATIC FAILURE,True,True,False,suspect,True,INTERSTITIAL LUNG DISEASE,True,2024-08-06,2024-08-01,-5.0,False,False,True,False,True,False,False,False,False
nintedanib,24551791,2,20241026,20241123,2024,FR,FR,1,female,58.0,58.0,801,CHOLESTASIS|HEPATIC CYTOLYSIS|HEPATITIS CHOLESTATIC|JAUNDICE,CHOLESTASIS|JAUNDICE,False,True,False,suspect,True,INTERSTITIAL LUNG DISEASE,True,,2024-08-27,,False,False,True,False,True,False,False,False,False
nintedanib,24552961,3,20241027,20251128,2024,CA,CA,5,male,53.0,53.0,801,ABDOMINAL DISCOMFORT|CONCUSSION|DIARRHOEA|FREQUENT BOWEL MOVEMENTS|GALLBLADDER DISORDER|GASTRITIS BACTERIAL|IMPAIRED GASTRIC EMPTYING|LIVER FUNCTION TEST ABNORMAL|LIVER FUNCTION TEST INCREASED|WEIGHT DECREASED|WEIGHT FLUCTUATION,LIVER FUNCTION TEST ABNORMAL|LIVER FUNCTION TEST INCREASED,False,True,False,suspect,True,IDIOPATHIC PULMONARY FIBROSIS,True,2024-05-21,2025-10-10,507.0,False,False,True,False,True,False,False,False,False
nintedanib,24573603,1,20241103,20241103,2024,CN,CN,3,male,82.0,82.0,801,HEPATIC FAILURE,HEPATIC FAILURE,True,True,False,suspect,True,DRUG THERAPY,False,2024-09-07,2024-09-11,4.0,True,False,True,False,False,False,False,False,True
nintedanib,24591553,1,20241108,20241108,2024,US,US,5,female,,,,DIARRHOEA|DYSPHONIA|HEPATIC ENZYME INCREASED,HEPATIC ENZYME INCREASED,False,True,False,suspect,True,IDIOPATHIC PULMONARY FIBROSIS,True,2024-06-24,,,False,False,False,False,False,False,False,False,False
nintedanib,24594581,3,20241108,20241113,2024,JP,JP,1,male,90.0,9.0,800,HEPATIC FUNCTION ABNORMAL|SYSTEMIC SCLERODERMA,HEPATIC FUNCTION ABNORMAL,False,True,False,suspect,True,INTERSTITIAL LUNG DISEASE|SYSTEMIC SCLERODERMA,True,2024-08-21,2024-09-01,11.0,True,False,True,True,True,False,False,False,False
nintedanib,24606004,1,20241111,20241111,2024,US,US,5,female,70.0,70.0,801,ABDOMINAL DISCOMFORT|ABDOMINAL PAIN UPPER|ALANINE AMINOTRANSFERASE INCREASED|ALOPECIA|ASPARTATE AMINOTRANSFERASE INCREASED|COUGH|DIARRHOEA|DYSPEPSIA|DYSPNOEA|FLATULENCE|INCREASED APPETITE|WEIGHT DECREASED,ALANINE AMINOTRANSFERASE INCREASED|ASPARTATE AMINOTRANSFERASE INCREASED,False,True,False,concomitant,True,IDIOPATHIC PULMONARY FIBROSIS|INTERSTITIAL LUNG DISEASE|SYSTEMIC SCLEROSIS PULMONARY,True,,,,False,False,False,False,False,False,False,False,False
nintedanib,24609350,2,20241112,20241121,2024,US,US,5,female,74.0,74.0,801,INTERNAL HAEMORRHAGE|LIVER FUNCTION TEST INCREASED|NAUSEA|SOMNOLENCE|VOMITING,LIVER FUNCTION TEST INCREASED,False,True,False,suspect,True,IDIOPATHIC PULMONARY FIBROSIS,True,,2024-07-11,,False,False,True,False,True,False,False,False,False
nintedanib,24618905,1,20241114,20241114,2024,US,US,5,male,,,,LIVER DISORDER,LIVER DISORDER,False,True,False,suspect,True,IDIOPATHIC PULMONARY FIBROSIS,True,2023-07-25,,,False,False,False,False,False,False,False,False,False
nintedanib,24627782,1,20241116,20241116,2024,US,US,5,female,,,,ABDOMINAL PAIN|ABDOMINAL PAIN UPPER|FATIGUE|HEART RATE INCREASED|LIVER FUNCTION TEST INCREASED|NAUSEA|VOMITING,LIVER FUNCTION TEST INCREASED,False,True,False,suspect,True,IDIOPATHIC PULMONARY FIBROSIS|INTERSTITIAL LUNG DISEASE,True,2024-08-04,2024-01-01,-216.0,False,False,False,False,False,False,False,False,False
nintedanib,24629425,1,20241118,20241118,2024,AT,AT,1,male,,,,DUODENAL ULCER HAEMORRHAGE|LIVER FUNCTION TEST INCREASED,LIVER FUNCTION TEST INCREASED,False,True,False,suspect,True,INTERSTITIAL LUNG DISEASE,True,,2024-06-26,,False,False,True,False,True,False,False,False,True
nintedanib,24644558,1,20241121,20241121,2024,US,US,5,male,,,,ALANINE AMINOTRANSFERASE INCREASED|BLOOD THYROID STIMULATING HORMONE INCREASED|DYSPNOEA|FATIGUE,ALANINE AMINOTRANSFERASE INCREASED,False,True,False,suspect,True,PRODUCT USED FOR UNKNOWN INDICATION,False,,,,False,False,False,False,False,False,False,False,False
nintedanib,24654874,2,20241122,20241209,2024,US,US,5,male,66.0,66.0,801,ABDOMINAL DISTENSION|DIARRHOEA|DYSPNOEA|LIVER FUNCTION TEST INCREASED,LIVER FUNCTION TEST INCREASED,False,True,False,suspect,True,IDIOPATHIC PULMONARY FIBROSIS,True,,,,False,False,False,False,False,False,False,False,False
nintedanib,24671389,1,20241127,20241127,2024,AO,AO,5,male,78.0,78.0,801,ABDOMINAL DISTENSION|ASTHENIA|BLOOD BILIRUBIN INCREASED|CHILLS|COVID-19|DECREASED APPETITE|GASTROINTESTINAL DISORDER|HYPOXIA|IDIOPATHIC PULMONARY FIBROSIS|LIVER FUNCTION TEST INCREASED|NAUSEA|VOMITING,BLOOD BILIRUBIN INCREASED|LIVER FUNCTION TEST INCREASED,False,True,False,suspect,True,INTERSTITIAL LUNG DISEASE,True,2023-04-11,,,False,False,True,False,True,False,False,False,True
nintedanib,24693501,2,20241203,20250110,2024,JP,JP,5,male,75.0,75.0,801,BLOOD CREATINE PHOSPHOKINASE INCREASED|BLOOD LACTATE DEHYDROGENASE INCREASED|CARDIAC FAILURE|DIARRHOEA|GLAUCOMA|HEPATIC FUNCTION ABNORMAL|PNEUMONIA BACTERIAL,HEPATIC FUNCTION ABNORMAL,False,True,False,suspect,True,INTERSTITIAL LUNG DISEASE|SJOGREN^S SYNDROME,True,2022-01-20,2022-01-24,4.0,True,True,True,True,False,False,False,False,True
nintedanib,24699777,2,20241205,20250130,2024,JP,JP,5,female,64.0,64.0,801,ABDOMINAL PAIN|BACK PAIN|C-REACTIVE PROTEIN INCREASED|CHOLELITHIASIS|COUGH|DYSPNOEA|KL-6 INCREASED|LIVER FUNCTION TEST INCREASED|NAUSEA|PHYSICAL DECONDITIONING|VOMITING,LIVER FUNCTION TEST INCREASED,False,True,False,suspect,True,IDIOPATHIC PULMONARY FIBROSIS,True,2024-07-15,2025-01-20,189.0,True,False,True,False,False,False,False,False,True
nintedanib,24724764,1,20241212,20241212,2024,JP,JP,1,unknown,,,,DECREASED APPETITE|DIARRHOEA|HEPATIC FUNCTION ABNORMAL,HEPATIC FUNCTION ABNORMAL,False,True,False,suspect,True,PRODUCT USED FOR UNKNOWN INDICATION,False,,,,False,False,True,True,False,False,False,False,False
nintedanib,24743035,2,20241217,20250218,2024,JP,JP,1,female,72.0,72.0,801,INTRACRANIAL ANEURYSM|LIVER DISORDER,LIVER DISORDER,False,True,False,suspect,True,INTERSTITIAL LUNG DISEASE,True,,,,False,False,True,False,True,False,False,False,False
nintedanib,24772300,1,20241224,20241224,2024,CA,CA,5,male,59.0,59.0,801,CONSTIPATION|DECREASED APPETITE|JAUNDICE|NAUSEA,JAUNDICE,False,True,False,suspect,True,INTERSTITIAL LUNG DISEASE,True,,,,False,False,True,False,True,False,False,False,False
nintedanib,24774465,7,20241225,20251008,2024,US,US,1,female,61.0,61.0,801,ABDOMINAL PAIN UPPER|COUGH|DECREASED APPETITE|DRY THROAT|DYSPHONIA|EPISTAXIS|HAEMOPTYSIS|HEPATIC ENZYME INCREASED|MULTIPLE ALLERGIES|NAUSEA|RENAL DISORDER|VOMITING|WEIGHT INCREASED,HEPATIC ENZYME INCREASED,False,True,False,suspect,True,,False,,,,False,False,False,False,False,False,False,False,False
nintedanib,24793738,1,20241231,20241231,2024,US,US,5,female,,,,CHEST DISCOMFORT|DIZZINESS|DYSPNOEA|LIVER FUNCTION TEST INCREASED,LIVER FUNCTION TEST INCREASED,False,True,False,suspect,True,PRODUCT USED FOR UNKNOWN INDICATION,False,,2024-12-06,,False,False,False,False,False,False,False,False,False
nintedanib,24808174,1,20250106,20250106,2025,CA,CA,5,female,90.0,90.0,801,DIARRHOEA|HEPATITIS ACUTE|HYPERSOMNIA,HEPATITIS ACUTE,False,True,False,suspect,True,PRODUCT USED FOR UNKNOWN INDICATION,False,,,,False,False,True,False,False,False,False,False,True
nintedanib,24814842,2,20250107,20250123,2025,JP,JP,1,male,69.0,69.0,801,HEPATIC ENZYME INCREASED|PULMONARY HYPERTENSION,HEPATIC ENZYME INCREASED,False,True,False,suspect,True,EMPHYSEMA|PULMONARY FIBROSIS,True,,,,False,False,True,False,True,False,False,False,False
nintedanib,24815805,6,20250107,20260512,2025,US,US,5,male,88.0,88.0,801,BLOOD TEST ABNORMAL|CONDITION AGGRAVATED|DEEP VEIN THROMBOSIS|GIANT CELL ARTERITIS|HAEMOGLOBIN DECREASED|HEPATIC ENZYME INCREASED|IDIOPATHIC PULMONARY FIBROSIS|MYOSITIS|OEDEMA|POLYMYALGIA RHEUMATICA|PULMONARY EMBOLISM|RECTAL HAEMORRHAGE|WHITE BLOOD CELL COUNT INCREASED,HEPATIC ENZYME INCREASED,False,True,False,suspect,True,IDIOPATHIC PULMONARY FIBROSIS|INTERSTITIAL LUNG DISEASE,True,,2024-10-01,,False,False,True,False,True,False,False,False,True
nintedanib,24824038,1,20250109,20250109,2025,US,US,5,male,73.0,73.0,801,ABDOMINAL DISTENSION|ABDOMINAL PAIN|ASCITES|CONSTIPATION|COUGH|DIARRHOEA|DRUG INEFFECTIVE|FATIGUE|HEADACHE|HEPATIC CIRRHOSIS|LETHARGY|LIVER FUNCTION TEST INCREASED|LIVER INJURY|LOCALISED OEDEMA|MIGRAINE|NAUSEA|SECRETION DISCHARGE|SINUS DISORDER|VOMITING,LIVER FUNCTION TEST INCREASED,False,True,False,suspect,True,IDIOPATHIC PULMONARY FIBROSIS|INTERSTITIAL LUNG DISEASE,True,2024-05-24,2024-05-24,0.0,True,False,True,False,False,False,False,False,True
nintedanib,24832002,2,20250110,20250220,2025,PT,PT,3,male,73.0,73.0,801,ACUTE HEPATIC FAILURE|DRUG-INDUCED LIVER INJURY|HEPATIC ENCEPHALOPATHY|HERPES SIMPLEX|INSOMNIA|INTENTIONAL PRODUCT USE ISSUE|MEMORY IMPAIRMENT|MULTIPLE ORGAN DYSFUNCTION SYNDROME,ACUTE HEPATIC FAILURE|DRUG-INDUCED LIVER INJURY,True,True,False,suspect,True,HYPERSENSITIVITY PNEUMONITIS,False,,,,False,True,True,True,True,False,False,False,True
nintedanib,24845437,2,20250115,20250226,2025,FR,FR,1,female,78.0,78.0,801,DRUG-INDUCED LIVER INJURY,DRUG-INDUCED LIVER INJURY,True,True,False,suspect,True,INTERSTITIAL LUNG DISEASE,True,,2024-11-14,,False,False,True,False,False,False,False,False,True
nintedanib,24856216,1,20250117,20250117,2025,US,US,5,male,71.0,71.0,801,DIARRHOEA|HEPATIC ENZYME INCREASED|ILLNESS|NAUSEA|RESPIRATORY TRACT INFECTION,HEPATIC ENZYME INCREASED,False,True,False,suspect,True,IDIOPATHIC PULMONARY FIBROSIS,True,2023-10-03,2023-11-30,58.0,True,False,False,False,False,False,False,False,False
nintedanib,24882578,1,20250124,20250124,2025,US,US,3,female,,,,ANAEMIA|DIARRHOEA|GASTROINTESTINAL DISORDER|LIVER DISORDER|OSTEOARTHRITIS|RHEUMATOID ARTHRITIS|THYROID DISORDER|ULCER,LIVER DISORDER,False,True,False,suspect,True,PRODUCT USED FOR UNKNOWN INDICATION,False,,,,False,False,False,False,False,False,False,False,False
nintedanib,24884447,2,20250124,20250723,2025,US,US,1,male,79.0,79.0,801,DRUG-INDUCED LIVER INJURY,DRUG-INDUCED LIVER INJURY,True,True,False,suspect,True,IDIOPATHIC PULMONARY FIBROSIS,True,,2024-11-19,,False,False,True,False,False,False,False,False,True
nintedanib,24888049,1,20250127,20250127,2025,PT,PT,3,male,73.0,73.0,801,ACUTE HEPATIC FAILURE|DRUG-INDUCED LIVER INJURY|HEPATIC ENCEPHALOPATHY|HERPES SIMPLEX|MULTIPLE ORGAN DYSFUNCTION SYNDROME|OFF LABEL USE,ACUTE HEPATIC FAILURE|DRUG-INDUCED LIVER INJURY,True,True,False,concomitant,True,DRUG THERAPY,False,,,,False,True,True,True,True,False,False,False,False
nintedanib,24897421,1,20250129,20250129,2025,CA,CA,5,female,75.0,75.0,801,ABDOMINAL PAIN|ABDOMINAL PAIN UPPER|BLOOD URINE PRESENT|CHOKING|CHROMATURIA|CHRONIC OBSTRUCTIVE PULMONARY DISEASE|CORONARY ARTERY OCCLUSION|DECREASED APPETITE|DEPRESSED MOOD|DIARRHOEA|DISCOURAGEMENT|DYSPEPSIA|DYSPHONIA|DYSPNOEA|ERUCTATION|FATIGUE|HEADACHE|HEPATIC ENZYME INCREASED|IDIOPATHIC PULMONARY FIBROSIS|JOINT SWELLING|LUNG OPACITY|MOUTH ULCERATION|MUSCULAR WEAKNESS|NAUSEA|PAIN IN EXTREMITY|PERIPHERAL SWELLING|PNEUMONIA|PRODUCTIVE COUGH|PULMONARY MASS|PULMONARY PAIN|SENSITIVITY TO WEATHER CHANGE|SLEEP DISORDER|SPUTUM DISCOLOURED|THROMBOSIS|VOMITING|WHITE BLOOD CELL COUNT DECREASED,HEPATIC ENZYME INCREASED,False,True,False,suspect,True,INTERSTITIAL LUNG DISEASE,True,2023-06-06,2023-01-04,-153.0,False,False,True,False,True,False,False,False,True
nintedanib,24897485,1,20250129,20250129,2025,US,US,5,female,61.0,61.0,801,BLOOD CREATININE ABNORMAL|DECREASED APPETITE|DEHYDRATION|DIARRHOEA|HEPATIC ENZYME INCREASED|NAUSEA|PAIN|RETCHING,HEPATIC ENZYME INCREASED,False,True,False,suspect,True,IDIOPATHIC PULMONARY FIBROSIS,True,2022-06-16,2022-06-01,-15.0,False,False,True,False,True,False,False,False,False
nintedanib,24898575,3,20250129,20250405,2025,PT,PT,1,male,73.0,73.0,801,ACUTE HEPATIC FAILURE|DRUG-INDUCED LIVER INJURY|HEPATIC ENCEPHALOPATHY|MULTIPLE ORGAN DYSFUNCTION SYNDROME|TRANSAMINASES INCREASED,ACUTE HEPATIC FAILURE|DRUG-INDUCED LIVER INJURY|TRANSAMINASES INCREASED,True,True,False,concomitant,True,HYPERSENSITIVITY PNEUMONITIS,False,,,,False,False,True,True,True,True,False,False,True
nintedanib,24924093,2,20250204,20250310,2025,CA,CA,1,female,75.0,75.0,801,CONSTIPATION|DIARRHOEA|DYSPNOEA|HEPATIC ENZYME INCREASED|HEPATOTOXICITY|HYPOXIA|IDIOPATHIC PULMONARY FIBROSIS|INFECTION|INTERSTITIAL LUNG DISEASE|PULMONARY FUNCTION TEST ABNORMAL,HEPATIC ENZYME INCREASED|HEPATOTOXICITY,True,True,False,suspect,True,IDIOPATHIC PULMONARY FIBROSIS,True,2024-07-04,2024-08-08,35.0,True,False,True,True,True,False,False,False,False
nintedanib,24934975,1,20250206,20250206,2025,FR,FR,1,male,78.0,78.0,801,DRY MOUTH|HEPATITIS,HEPATITIS,False,True,False,suspect,True,LUNG DISORDER,False,2025-01-03,2025-01-05,2.0,True,False,True,False,False,False,False,False,True
nintedanib,24951699,1,20250210,20250210,2025,RU,RU,1,female,65.0,65.0,801,ALANINE AMINOTRANSFERASE INCREASED|ASPARTATE AMINOTRANSFERASE INCREASED|CHOLESTASIS|DRUG-INDUCED LIVER INJURY,ALANINE AMINOTRANSFERASE INCREASED|ASPARTATE AMINOTRANSFERASE INCREASED|CHOLESTASIS|DRUG-INDUCED LIVER INJURY,True,True,False,suspect,True,HYPERSENSITIVITY PNEUMONITIS|INTERSTITIAL LUNG DISEASE,True,,2024-07-01,,False,False,True,False,True,False,False,False,False
nintedanib,24966926,7,20250213,20250724,2025,JP,JP,5,female,55.0,55.0,801,ABDOMINAL DISCOMFORT|ABDOMINAL PAIN|APPENDICITIS|BACK PAIN|BLOOD CREATINE PHOSPHOKINASE INCREASED|CONSTIPATION|DIARRHOEA|DYSPHONIA|DYSPNOEA EXERTIONAL|GAIT DISTURBANCE|HEART RATE INCREASED|HEPATIC ENZYME INCREASED|INSOMNIA|MUSCLE DISORDER|NASOPHARYNGITIS|OXYGEN SATURATION DECREASED|PAIN IN EXTREMITY|PAIN IN JAW|PULMONARY FUNCTION TEST DECREASED|PYREXIA|SKIN FISSURES|WEIGHT DECREASED,HEPATIC ENZYME INCREASED,False,True,False,suspect,True,INTERSTITIAL LUNG DISEASE,True,,2025-02-12,,False,False,True,False,True,False,False,False,False
nintedanib,24988107,1,20250220,20250220,2025,US,US,5,male,79.0,79.0,801,DIARRHOEA|DYSPNOEA|GASTROINTESTINAL DISORDER|LIVER DISORDER|RECTAL HAEMORRHAGE,LIVER DISORDER,False,True,False,suspect,True,IDIOPATHIC PULMONARY FIBROSIS,True,2024-07-03,2024-07-07,4.0,True,False,True,False,True,False,False,False,False
nintedanib,25002268,1,20250224,20250224,2025,PL,PL,1,female,78.0,78.0,801,ASTHENIA|DIARRHOEA|HEPATOTOXICITY|RENAL FAILURE,HEPATOTOXICITY,True,True,False,suspect,True,PRODUCT USED FOR UNKNOWN INDICATION,False,2021-08-30,2021-09-16,17.0,True,False,True,False,False,False,False,False,True
nintedanib,25002270,2,20250224,20250314,2025,US,US,5,female,71.0,71.0,801,ABDOMINAL PAIN|ABDOMINAL PAIN UPPER|BLADDER CYST|BLOOD POTASSIUM DECREASED|BRONCHOSPASM|CARDIAC ABLATION|COLITIS ULCERATIVE|CONSTIPATION|COUGH|CYSTITIS|DEHYDRATION|DIARRHOEA|DIZZINESS|DYSPNOEA|ENDOCARDIAL VARICES|FEELING ABNORMAL|FLATULENCE|GASTROINTESTINAL DISORDER|GASTROINTESTINAL PAIN|HAEMATOCHEZIA|HEPATIC ENZYME INCREASED|HEPATIC MASS|ILLNESS|MUSCLE STRAIN|NAUSEA|OSTEOPOROSIS|PYREXIA|RECTAL HAEMORRHAGE|URINARY TRACT INFECTION|VOMITING,HEPATIC ENZYME INCREASED,False,True,False,suspect,True,IDIOPATHIC PULMONARY FIBROSIS,True,2023-03-06,2023-03-01,-5.0,False,False,True,False,True,False,False,False,False
nintedanib,25003093,5,20250224,20260413,2025,CA,CA,5,male,37.0,37.0,801,ALANINE AMINOTRANSFERASE INCREASED|DIARRHOEA|FEEDING DISORDER|GASTROINTESTINAL DISORDER|LIVER FUNCTION TEST INCREASED|NAUSEA|PNEUMOTHORAX|VOMITING,ALANINE AMINOTRANSFERASE INCREASED|LIVER FUNCTION TEST INCREASED,False,True,False,suspect,True,INTERSTITIAL LUNG DISEASE,True,2025-01-31,,,False,False,True,False,True,False,False,False,False
nintedanib,25011089,1,20250226,20250226,2025,US,US,1,male,,,,HEPATIC FAILURE,HEPATIC FAILURE,True,True,False,suspect,True,PRODUCT USED FOR UNKNOWN INDICATION,False,,,,False,False,True,False,False,False,False,False,True
nintedanib,25011779,2,20250226,20250429,2025,US,US,5,female,79.0,79.0,801,ANKLE FRACTURE|BLOOD SODIUM DECREASED|BODY TEMPERATURE DECREASED|BONE CONTUSION|CONTUSION|DEHYDRATION|DIARRHOEA|DIZZINESS|DYSPNOEA|FALL|FOOT FRACTURE|HEPATIC ENZYME DECREASED|HEPATIC ENZYME INCREASED|PRODUCTIVE COUGH|WHEEZING,HEPATIC ENZYME INCREASED,False,True,False,suspect,True,INTERSTITIAL LUNG DISEASE|PULMONARY FIBROSIS,True,,2025-02-05,,False,False,True,False,True,False,False,False,False
nintedanib,25025179,2,20250228,20250306,2025,US,US,5,male,71.0,71.0,801,HEPATIC ENZYME INCREASED|HEPATIC FUNCTION ABNORMAL|RENAL IMPAIRMENT,HEPATIC ENZYME INCREASED|HEPATIC FUNCTION ABNORMAL,False,True,False,suspect,True,INTERSTITIAL LUNG DISEASE,True,,2025-02-27,,False,False,True,False,True,False,False,False,False
nintedanib,25030712,2,20250303,20250324,2025,US,US,5,female,66.0,66.0,801,ABDOMINAL DISCOMFORT|ABDOMINAL PAIN|ABDOMINAL PAIN UPPER|CEREBRAL HAEMORRHAGE|CONSTIPATION|DIARRHOEA|DIZZINESS|DRUG HYPERSENSITIVITY|FALL|FATIGUE|HEADACHE|HEPATIC ENZYME ABNORMAL|HEPATIC ENZYME INCREASED|HYPERSENSITIVITY|ILLNESS|NAUSEA|RASH|RASH PRURITIC|SINUSITIS|URTICARIA,HEPATIC ENZYME INCREASED,False,True,False,suspect,True,IDIOPATHIC PULMONARY FIBROSIS,True,2024-05-23,2024-05-01,-22.0,False,False,True,False,True,False,False,False,False
nintedanib,25034188,1,20250304,20250304,2025,DZ,DZ,1,female,70.0,70.0,801,BLOOD BILIRUBIN INCREASED|CONDITION AGGRAVATED|JAUNDICE|VOMITING,BLOOD BILIRUBIN INCREASED|JAUNDICE,False,True,False,suspect,True,INTERSTITIAL LUNG DISEASE,True,2025-02-16,2025-02-19,3.0,True,False,True,False,True,False,False,False,False
nintedanib,25043213,2,20250305,20250315,2025,US,US,5,male,70.0,70.0,801,ABDOMINAL PAIN|ABDOMINAL PAIN UPPER|CHEST PAIN|LIVER FUNCTION TEST INCREASED,LIVER FUNCTION TEST INCREASED,False,True,False,suspect,True,IDIOPATHIC PULMONARY FIBROSIS,True,,2025-03-05,,False,False,False,False,False,False,False,False,False
nintedanib,25044447,2,20250306,20250311,2025,CA,CA,1,female,82.0,82.0,801,APPENDICITIS|BLOOD PRESSURE INCREASED|CHEST DISCOMFORT|CHEST PAIN|COUGH|FATIGUE|HEPATIC ENZYME INCREASED|NAUSEA|URINARY TRACT INFECTION|VOMITING,HEPATIC ENZYME INCREASED,False,True,False,suspect,True,IDIOPATHIC PULMONARY FIBROSIS,True,2023-04-12,2023-07-25,104.0,True,False,True,False,False,False,False,False,True
nintedanib,25062271,1,20250311,20250311,2025,CL,CL,2,male,,,,HEPATIC FAILURE,HEPATIC FAILURE,True,True,False,suspect,True,PRODUCT USED FOR UNKNOWN INDICATION,False,,,,False,False,True,False,True,False,False,False,False
nintedanib,25082596,2,20250317,20250530,2025,GB,GB,5,female,,,,LIVER DISORDER,LIVER DISORDER,False,True,False,suspect,True,PRODUCT USED FOR UNKNOWN INDICATION,False,2024-10-29,,,False,False,True,False,True,False,False,False,False
nintedanib,25094139,1,20250319,20250319,2025,JP,JP,5,female,82.0,82.0,801,CONSTIPATION|CYSTITIS|DECREASED APPETITE|DIZZINESS|HEPATIC FUNCTION ABNORMAL,HEPATIC FUNCTION ABNORMAL,False,True,False,suspect,True,IDIOPATHIC PULMONARY FIBROSIS,True,,,,False,False,True,False,True,False,False,False,False
nintedanib,25103114,3,20250321,20250816,2025,EU,EU,1,male,73.0,73.0,801,ACUTE HEPATIC FAILURE|DRUG-INDUCED LIVER INJURY|HEPATIC ENCEPHALOPATHY|MULTIPLE ORGAN DYSFUNCTION SYNDROME,ACUTE HEPATIC FAILURE|DRUG-INDUCED LIVER INJURY,True,True,False,suspect,True,HYPERSENSITIVITY PNEUMONITIS,False,,,,False,False,True,True,False,True,False,False,True
nintedanib,25123038,1,20250326,20250326,2025,FR,FR,1,female,58.0,58.0,801,ATYPICAL MYCOBACTERIAL INFECTION|CHOLESTASIS|HEPATIC CYTOLYSIS|HEPATITIS CHOLESTATIC|HOSPITALISATION|JAUNDICE|PRURITUS,CHOLESTASIS|JAUNDICE,False,True,False,suspect,True,INTERSTITIAL LUNG DISEASE,True,,2024-08-27,,False,False,True,False,True,False,False,False,True
nintedanib,25125787,1,20250326,20250326,2025,PT,PT,3,male,73.0,73.0,801,ACUTE HEPATIC FAILURE|DRUG-INDUCED LIVER INJURY|HEPATIC ENCEPHALOPATHY|MULTIPLE ORGAN DYSFUNCTION SYNDROME,ACUTE HEPATIC FAILURE|DRUG-INDUCED LIVER INJURY,True,True,False,suspect,True,HYPERSENSITIVITY PNEUMONITIS,False,,,,False,False,True,True,False,True,False,False,True
nintedanib,25130827,1,20250327,20250327,2025,FR,FR,1,female,58.0,58.0,801,ATYPICAL MYCOBACTERIAL INFECTION|CHOLESTASIS|HEPATIC CYTOLYSIS|HEPATITIS CHOLESTATIC|HOSPITALISATION|JAUNDICE|PRURITUS,CHOLESTASIS|JAUNDICE,False,True,False,suspect,True,INTERSTITIAL LUNG DISEASE,True,,2024-08-27,,False,False,True,False,True,False,False,False,True
nintedanib,25137962,1,20250329,20250329,2025,US,US,3,female,,,,HEPATIC ENZYME INCREASED|WHITE BLOOD CELL COUNT ABNORMAL,HEPATIC ENZYME INCREASED,False,True,False,suspect,True,PRODUCT USED FOR UNKNOWN INDICATION,False,,,,False,False,False,False,False,False,False,False,False
nintedanib,25138753,2,20250330,20250404,2025,US,US,3,female,84.0,84.0,801,LIVER FUNCTION TEST INCREASED|WHITE BLOOD CELL COUNT INCREASED,LIVER FUNCTION TEST INCREASED,False,True,False,suspect,True,IDIOPATHIC PULMONARY FIBROSIS,True,,,,False,False,False,False,False,False,False,False,False
nintedanib,25147126,2,20250401,20251128,2025,EU,EU,1,female,69.0,69.0,801,ANAEMIA|GASTROINTESTINAL DISORDER|LIVER DISORDER|PANCREATIC DISORDER|PANCREATIC NEOPLASM,LIVER DISORDER,False,True,False,suspect,True,IDIOPATHIC PULMONARY FIBROSIS|PULMONARY FIBROSIS,True,2021-09-14,2021-11-10,57.0,True,False,True,False,False,True,False,False,True
nintedanib,25152277,2,20250402,20250522,2025,SK,SK,1,female,69.0,69.0,801,LIVER DISORDER|LIVER FUNCTION TEST INCREASED,LIVER DISORDER|LIVER FUNCTION TEST INCREASED,False,True,False,suspect,True,IDIOPATHIC PULMONARY FIBROSIS,True,2025-01-20,2025-02-01,12.0,True,False,True,False,False,False,False,False,True
nintedanib,25182509,11,20250410,20250919,2025,JP,JP,5,female,74.0,74.0,801,ABDOMINAL DISCOMFORT|ABDOMINAL PAIN|BLOOD TEST ABNORMAL|CAPILLARY DISORDER|CATARACT|COUGH|DECREASED APPETITE|DIARRHOEA|DIZZINESS|DRY MOUTH|DYSPNOEA|ERUCTATION|FALL|FATIGUE|GAIT DISTURBANCE|HEPATIC FUNCTION ABNORMAL|HEPATIC STEATOSIS|HYPERTENSION|IDIOPATHIC PULMONARY FIBROSIS|MALAISE|MUSCLE SPASMS|NAUSEA|OCULAR HYPERAEMIA|OROPHARYNGEAL DISCOMFORT|OROPHARYNGEAL PAIN|OXYGEN SATURATION DECREASED|PRURITUS|RASH|RHINORRHOEA|VERTIGO|VISUAL IMPAIRMENT|WEIGHT DECREASED,HEPATIC FUNCTION ABNORMAL,False,True,False,suspect,True,IDIOPATHIC PULMONARY FIBROSIS,True,2025-02-19,2025-03-01,10.0,True,False,True,False,True,False,False,False,True
nintedanib,25194591,1,20250414,20250414,2025,SE,SE,5,female,82.0,82.0,801,ABDOMINAL PAIN UPPER|ALANINE AMINOTRANSFERASE INCREASED|DRUG INTERACTION|HEPATIC ENZYME INCREASED,ALANINE AMINOTRANSFERASE INCREASED|HEPATIC ENZYME INCREASED,False,True,False,interacting,False,PULMONARY FIBROSIS,True,,2023-12-01,,False,False,True,False,False,False,False,False,True
nintedanib,25206946,1,20250417,20250417,2025,US,US,5,female,44.0,44.0,801,ABDOMINAL PAIN UPPER|BLOOD ALKALINE PHOSPHATASE INCREASED|CONSTIPATION|DIARRHOEA|EARLY SATIETY|GASTROOESOPHAGEAL REFLUX DISEASE|MUSCULOSKELETAL PAIN|OCULAR DISCOMFORT|THERAPEUTIC PRODUCT EFFECT INCOMPLETE|VISUAL IMPAIRMENT|WEIGHT INCREASED,BLOOD ALKALINE PHOSPHATASE INCREASED,False,True,False,suspect,True,IDIOPATHIC PULMONARY FIBROSIS,True,2025-01-06,2025-01-01,-5.0,False,False,False,False,False,False,False,False,False
nintedanib,25213411,1,20250417,20250417,2025,US,,2,female,49.0,49.0,801,LIVER FUNCTION TEST INCREASED,LIVER FUNCTION TEST INCREASED,False,True,False,suspect,True,INTERSTITIAL LUNG DISEASE,True,2025-01-08,2025-02-05,28.0,True,False,True,False,False,False,False,False,False
nintedanib,25213472,1,20250417,20250417,2025,US,,2,male,75.0,75.0,801,LIVER FUNCTION TEST INCREASED,LIVER FUNCTION TEST INCREASED,False,True,False,suspect,True,INTERSTITIAL LUNG DISEASE,True,2025-02-14,2025-02-24,10.0,True,False,True,False,False,False,False,False,False
nintedanib,25242297,2,20250428,20250819,2025,US,US,5,female,63.0,63.0,801,ABDOMINAL DISCOMFORT|ABDOMINAL DISTENSION|ALANINE AMINOTRANSFERASE INCREASED|ALOPECIA|ANXIETY|CONTUSION|DEPRESSION|DIARRHOEA|DYSPNOEA EXERTIONAL|FAECES DISCOLOURED|FATIGUE|HEADACHE|HEPATIC ENZYME INCREASED|HYPERTENSION|IMMOBILE|INSOMNIA|LIVER FUNCTION TEST INCREASED|NASOPHARYNGITIS|NAUSEA|PRODUCTIVE COUGH|PRURITUS|PSYCHIATRIC SYMPTOM|RHEUMATOID ARTHRITIS|SCLERODERMA|SCOLIOSIS|SOMNOLENCE|SPINAL OSTEOARTHRITIS|SPUTUM DISCOLOURED|SPUTUM INCREASED|VERTEBRAL FORAMINAL STENOSIS|VOMITING,ALANINE AMINOTRANSFERASE INCREASED|HEPATIC ENZYME INCREASED|LIVER FUNCTION TEST INCREASED,False,True,False,suspect,True,PULMONARY FIBROSIS,True,2023-04-11,2023-10-01,173.0,True,False,True,False,False,False,True,False,True
nintedanib,25254610,1,20250430,20250430,2025,US,US,5,unknown,,,,LIVER FUNCTION TEST ABNORMAL|MALAISE,LIVER FUNCTION TEST ABNORMAL,False,True,False,suspect,True,PRODUCT USED FOR UNKNOWN INDICATION,False,,,,False,False,False,False,False,False,False,False,False
nintedanib,25279334,1,20250507,20250507,2025,US,,3,male,72.0,72.0,801,LIVER FUNCTION TEST INCREASED,LIVER FUNCTION TEST INCREASED,False,True,False,suspect,True,INTERSTITIAL LUNG DISEASE,True,,2025-05-07,,False,False,True,False,False,False,False,False,False
nintedanib,25290163,1,20250510,20250510,2025,US,US,5,female,,,,DYSPEPSIA|FATIGUE|HEADACHE|LIVER DISORDER,LIVER DISORDER,False,True,False,suspect,True,IDIOPATHIC PULMONARY FIBROSIS,True,2025-01-30,,,False,False,False,False,False,False,False,False,False
nintedanib,25298783,3,20250512,20250709,2025,CA,CA,5,male,74.0,74.0,801,HEPATIC ENZYME INCREASED|INTERSTITIAL LUNG DISEASE|WEIGHT DECREASED,HEPATIC ENZYME INCREASED,False,True,False,suspect,True,INTERSTITIAL LUNG DISEASE,True,,,,False,False,True,False,True,False,False,False,False
nintedanib,25310000,2,20250514,20251127,2025,US,US,5,female,64.0,64.0,801,DEHYDRATION|DIARRHOEA|DIVERTICULITIS|FUNGAL INFECTION|GASTROINTESTINAL DISORDER|HEPATIC ENZYME INCREASED|IMMUNOSUPPRESSION|PULMONARY HYPERTENSION,HEPATIC ENZYME INCREASED,False,True,False,suspect,True,IDIOPATHIC PULMONARY FIBROSIS|INTERSTITIAL LUNG DISEASE,True,2024-05-26,2024-05-01,-25.0,False,False,True,False,True,False,False,False,True
nintedanib,25310722,4,20250514,20260522,2025,CA,CA,5,male,,,,ARTHRITIS|BLOOD BILIRUBIN INCREASED|BLOOD IMMUNOGLOBULIN A INCREASED|BLOOD IMMUNOGLOBULIN G INCREASED|COMPLEMENT FACTOR C3 DECREASED|COMPLEMENT FACTOR C4 DECREASED|COVID-19|GASTRIC HAEMORRHAGE|HEPATIC ENZYME INCREASED|MUSCLE SPASMS|NAUSEA|OCULAR ICTERUS|PNEUMONIA|VOMITING,BLOOD BILIRUBIN INCREASED|HEPATIC ENZYME INCREASED,False,True,False,suspect,True,PRODUCT USED FOR UNKNOWN INDICATION,False,2023-03-31,,,False,False,True,False,True,False,False,False,False
nintedanib,25316895,2,20250515,20251204,2025,JP,JP,1,unknown,,,,DEATH|DIARRHOEA|GASTROINTESTINAL DISORDER|HEPATIC FUNCTION ABNORMAL|MALAISE|NAUSEA|NEOPLASM MALIGNANT|SKIN ULCER|WEIGHT DECREASED,HEPATIC FUNCTION ABNORMAL,False,True,False,suspect,True,IDIOPATHIC INFLAMMATORY MYOPATHY|IDIOPATHIC PULMONARY FIBROSIS|IMMUNOGLOBULIN G4 RELATED DISEASE|MICROSCOPIC POLYANGIITIS|MIXED CONNECTIVE TISSUE DISEASE|OVERLAP SYNDROME|RHEUMATOID ARTHRITIS|SCLERODERMA|SJOGREN^S SYNDROME,True,,,,False,False,True,True,False,False,False,False,True
nintedanib,25325318,2,20250516,20250522,2025,TR,TR,5,female,73.0,73.0,801,ABDOMINAL PAIN|ALANINE AMINOTRANSFERASE INCREASED|ASPARTATE AMINOTRANSFERASE INCREASED|BLOOD LACTATE DEHYDROGENASE INCREASED|DIARRHOEA|FATIGUE|NAUSEA,ALANINE AMINOTRANSFERASE INCREASED|ASPARTATE AMINOTRANSFERASE INCREASED,False,True,False,suspect,True,IDIOPATHIC PULMONARY FIBROSIS,True,,2022-01-01,,False,False,True,False,False,False,False,False,True
nintedanib,25329065,1,20250519,20250519,2025,GB,GB,5,female,,,,ERYTHEMA|LIVER DISORDER,LIVER DISORDER,False,True,False,suspect,True,PRODUCT USED FOR UNKNOWN INDICATION,False,,,,False,False,True,False,True,False,False,False,False
nintedanib,25339196,1,20250521,20250521,2025,US,US,5,male,72.0,72.0,801,ABDOMINAL PAIN UPPER|BENDOPNOEA|BLOOD BILIRUBIN INCREASED|CHEST DISCOMFORT|CLUBBING|CONDITION AGGRAVATED|COUGH|DECREASED ACTIVITY|DYSPNOEA|DYSPNOEA EXERTIONAL|INSOMNIA|JOINT SWELLING|OEDEMA PERIPHERAL|OXYGEN CONSUMPTION INCREASED|PERIPHERAL SWELLING|PRODUCT DOSE OMISSION ISSUE|RALES|TRANSAMINASES INCREASED,BLOOD BILIRUBIN INCREASED|TRANSAMINASES INCREASED,False,True,True,suspect,True,IDIOPATHIC PULMONARY FIBROSIS,True,2023-01-06,2024-10-02,635.0,False,False,True,False,False,False,False,False,True
nintedanib,25345424,1,20250522,20250522,2025,KW,KW,1,female,,,,CYTOMEGALOVIRUS INFECTION|HEPATIC ENZYME INCREASED,HEPATIC ENZYME INCREASED,False,True,False,suspect,True,PRODUCT USED FOR UNKNOWN INDICATION,False,,,,False,True,True,True,False,False,False,False,False
nintedanib,25371774,1,20250529,20250529,2025,JP,JP,5,male,79.0,79.0,801,CHEST PAIN|CONSTIPATION|DECREASED APPETITE|DIARRHOEA|DIZZINESS|DRY MOUTH|DYSGEUSIA|DYSPNOEA|EATING DISORDER|GAIT INABILITY|LIVER DISORDER|MUSCLE ATROPHY|NAUSEA|WEIGHT DECREASED,LIVER DISORDER,False,True,False,suspect,True,IDIOPATHIC PULMONARY FIBROSIS,True,2024-11-01,2024-11-08,7.0,True,False,True,False,True,False,False,False,False
nintedanib,25382377,1,20250601,20250601,2025,US,US,5,unknown,,,,LIVER DISORDER,LIVER DISORDER,False,True,False,suspect,True,IDIOPATHIC PULMONARY FIBROSIS,True,,,,False,False,False,False,False,False,False,False,False
nintedanib,25393027,5,20250604,20250725,2025,EU,EU,5,male,71.0,71.0,801,ABDOMINAL PAIN UPPER|CHOLANGITIS|CHOLESTASIS|CHROMATURIA|DECREASED APPETITE|DIARRHOEA|LIVER FUNCTION TEST ABNORMAL|NAUSEA|NORMOCHROMIC NORMOCYTIC ANAEMIA|PANCREATIC CARCINOMA|YELLOW SKIN,CHOLESTASIS|LIVER FUNCTION TEST ABNORMAL,False,True,False,suspect,True,IDIOPATHIC PULMONARY FIBROSIS,True,2025-03-01,2025-04-01,31.0,True,False,True,False,True,False,False,False,True
nintedanib,25411672,1,20250609,20250609,2025,CN,CN,3,female,62.0,62.0,801,HEPATIC FAILURE,HEPATIC FAILURE,True,True,False,suspect,True,IDIOPATHIC PULMONARY FIBROSIS,True,2025-03-27,2025-05-08,42.0,True,False,True,False,False,False,True,False,True
nintedanib,25431919,1,20250613,20250613,2025,US,US,1,unknown,,,,LIVER FUNCTION TEST INCREASED,LIVER FUNCTION TEST INCREASED,False,True,False,suspect,True,PRODUCT USED FOR UNKNOWN INDICATION,False,,,,False,False,True,False,False,False,False,False,True
nintedanib,25437200,3,20250616,20250709,2025,US,US,5,female,81.0,81.0,801,BACTERIAL FOOD POISONING|COLITIS|CONSTIPATION|DIARRHOEA|GASTROINTESTINAL DISORDER|HEPATIC ENZYME INCREASED|NAUSEA,HEPATIC ENZYME INCREASED,False,True,False,suspect,True,IDIOPATHIC PULMONARY FIBROSIS,True,2025-03-27,,,False,False,True,False,True,False,False,False,False
nintedanib,25439662,2,20250616,20250624,2025,GB,GB,5,male,71.0,71.0,801,DECREASED APPETITE|EMPHYSEMA|IDIOPATHIC PULMONARY FIBROSIS|JAUNDICE,JAUNDICE,False,True,False,suspect,True,IDIOPATHIC PULMONARY FIBROSIS,True,2024-01-29,2024-12-17,323.0,True,False,True,False,False,False,False,False,True
nintedanib,25440281,2,20250616,20250624,2025,JP,JP,1,male,60.0,60.0,801,GRANULOCYTE COUNT DECREASED|HEPATIC FUNCTION ABNORMAL|IDIOPATHIC PULMONARY FIBROSIS|PULMONARY HYPERTENSION,HEPATIC FUNCTION ABNORMAL,False,True,False,suspect,True,IDIOPATHIC PULMONARY FIBROSIS,True,,,,False,False,True,False,False,False,False,False,True
nintedanib,25456408,1,20250619,20250619,2025,DZ,DZ,1,male,58.0,58.0,801,BLOOD BILIRUBIN INCREASED|CRYPTOGENIC CIRRHOSIS|JAUNDICE,BLOOD BILIRUBIN INCREASED|JAUNDICE,False,True,False,suspect,True,IDIOPATHIC PULMONARY FIBROSIS,True,,,,False,True,True,True,False,False,False,False,False
nintedanib,25481022,2,20250625,20250630,2025,JP,JP,5,female,80.0,80.0,801,ABDOMINAL DISTENSION|ARTHRALGIA|BACK PAIN|CONSTIPATION|DECREASED APPETITE|HEPATIC FUNCTION ABNORMAL|HERPES SIMPLEX|MYALGIA|NAUSEA,HEPATIC FUNCTION ABNORMAL,False,True,False,suspect,True,INTERSTITIAL LUNG DISEASE,True,2025-05-27,,,False,False,False,False,False,False,False,False,False
nintedanib,25502524,5,20250702,20251013,2025,US,US,5,male,67.0,67.0,801,BREATH SOUNDS ABNORMAL|CONSTIPATION|DIARRHOEA|GASTROINTESTINAL HAEMORRHAGE|HEPATIC ENZYME INCREASED|LIVER FUNCTION TEST INCREASED|NAUSEA|NOCTURIA|RECTAL HAEMORRHAGE|SLEEP DISORDER,HEPATIC ENZYME INCREASED|LIVER FUNCTION TEST INCREASED,False,True,False,suspect,True,IDIOPATHIC PULMONARY FIBROSIS|INTERSTITIAL LUNG DISEASE|PULMONARY FIBROSIS,True,2025-06-04,2025-06-04,0.0,True,False,True,False,False,False,True,False,True
nintedanib,25510494,1,20250703,20250703,2025,CN,CN,3,male,75.0,75.0,801,HEPATITIS,HEPATITIS,False,True,False,suspect,True,IDIOPATHIC PULMONARY FIBROSIS,True,2025-06-01,2025-06-24,23.0,True,False,True,False,True,False,False,False,False
nintedanib,25518746,1,20250704,20250704,2025,CA,CA,1,male,,,,ABDOMINAL PAIN UPPER|ALANINE AMINOTRANSFERASE INCREASED|ASTHENIA|BACK PAIN|COUGH|DECREASED APPETITE|DIARRHOEA|DISCOMFORT|DRUG-INDUCED LIVER INJURY|FAECES HARD|FATIGUE|NAUSEA|WEIGHT DECREASED,ALANINE AMINOTRANSFERASE INCREASED|DRUG-INDUCED LIVER INJURY,True,True,False,suspect,True,PRODUCT USED FOR UNKNOWN INDICATION,False,,,,False,False,True,False,False,False,False,False,True
nintedanib,25519369,1,20250704,20250704,2025,US,US,5,female,78.0,78.0,801,ABDOMINAL PAIN UPPER|DIARRHOEA|EYE SWELLING|GASTROINTESTINAL HAEMORRHAGE|HEPATIC ENZYME INCREASED|INTENTIONAL PRODUCT USE ISSUE|NAUSEA|SWELLING FACE|VOMITING,HEPATIC ENZYME INCREASED,False,True,False,suspect,True,CHRONIC RESPIRATORY FAILURE|HYPOXIA|IDIOPATHIC PULMONARY FIBROSIS|PULMONARY ARTERIAL HYPERTENSION,True,,,,False,False,True,False,True,False,False,False,False
nintedanib,25522406,1,20250707,20250707,2025,JP,JP,1,unknown,,,,CHRONIC RESPIRATORY FAILURE|DECREASED APPETITE|DIARRHOEA|HAEMORRHAGE|INTERSTITIAL LUNG DISEASE|LIVER DISORDER|LUNG NEOPLASM MALIGNANT|PNEUMONIA|PNEUMOTHORAX|PULMONARY HYPERTENSION|THROMBOSIS,LIVER DISORDER,False,True,False,suspect,True,IDIOPATHIC PULMONARY FIBROSIS|INTERSTITIAL LUNG DISEASE|SYSTEMIC SCLEROSIS PULMONARY,True,,,,False,False,True,True,False,False,False,False,True
nintedanib,25524287,3,20250707,20260325,2025,JP,JP,1,male,73.0,73.0,801,ACUTE RESPIRATORY FAILURE|CHILLS|DYSPNOEA|HEPATIC ENZYME INCREASED|HYPOTHYROIDISM|LUNG ADENOCARCINOMA|METASTASES TO BONE|METASTASES TO CENTRAL NERVOUS SYSTEM|METASTASES TO LIVER|RIGHT VENTRICULAR FAILURE,HEPATIC ENZYME INCREASED,False,True,False,concomitant,True,,False,2020-07-17,2023-12-01,1232.0,False,False,True,False,True,True,False,False,True
nintedanib,25526943,5,20250707,20260325,2025,JP,JP,1,male,73.0,73.0,801,ACUTE RESPIRATORY FAILURE|CHILLS|DYSPNOEA|HEPATIC ENZYME INCREASED|HYPOTHYROIDISM|LUNG ADENOCARCINOMA|LUNG OPACITY|METASTASES TO BONE|METASTASES TO CENTRAL NERVOUS SYSTEM|METASTASES TO LIVER|N-TERMINAL PROHORMONE BRAIN NATRIURETIC PEPTIDE INCREASED|RIGHT VENTRICULAR FAILURE,HEPATIC ENZYME INCREASED,False,True,False,concomitant,True,PRODUCT USED FOR UNKNOWN INDICATION,False,2020-07-17,2023-12-01,1232.0,False,False,True,False,True,False,False,False,True
nintedanib,25530154,3,20250708,20250915,2025,JP,JP,2,female,49.0,49.0,801,LIVER DISORDER|PNEUMOMEDIASTINUM,LIVER DISORDER,False,True,False,suspect,True,INTERSTITIAL LUNG DISEASE,True,2024-09-18,2024-11-05,48.0,True,False,True,False,True,False,False,False,False
nintedanib,25567324,1,20250716,20250716,2025,US,US,5,female,73.0,73.0,801,ABDOMINAL PAIN UPPER|DECREASED APPETITE|HEADACHE|HEPATIC FUNCTION ABNORMAL|MALAISE|NAUSEA|URINARY TRACT INFECTION|VOMITING|WEIGHT DECREASED,HEPATIC FUNCTION ABNORMAL,False,True,False,suspect,True,PULMONARY FIBROSIS,True,2023-09-25,2023-09-25,0.0,True,False,False,False,False,False,False,False,False
nintedanib,25587783,1,20250721,20250721,2025,EU,EU,1,male,69.0,69.0,801,ABDOMINAL PAIN|HEPATOCELLULAR INJURY|VOMITING,HEPATOCELLULAR INJURY,True,True,False,suspect,True,IDIOPATHIC PULMONARY FIBROSIS,True,2025-06-07,2025-06-24,17.0,True,False,True,False,False,False,False,False,True
nintedanib,25588334,4,20250722,20250806,2025,EU,EU,5,male,75.0,75.0,801,DIARRHOEA|DISEASE PROGRESSION|LIVER FUNCTION TEST INCREASED,LIVER FUNCTION TEST INCREASED,False,True,False,suspect,True,PULMONARY FIBROSIS,True,,2024-06-01,,False,False,True,False,False,False,False,False,True
nintedanib,25593981,2,20250723,20260417,2025,JP,JP,1,unknown,,,,DEATH|DIARRHOEA|GASTROINTESTINAL DISORDER|HEPATIC FUNCTION ABNORMAL|MALAISE|NAUSEA|NEOPLASM MALIGNANT|SKIN ULCER|WEIGHT DECREASED,HEPATIC FUNCTION ABNORMAL,False,True,False,suspect,True,PRODUCT USED FOR UNKNOWN INDICATION,False,,,,False,False,True,True,False,False,False,False,True
nintedanib,25611208,1,20250725,20250725,2025,US,,2,female,60.0,60.0,801,LIVER FUNCTION TEST INCREASED|THERAPY INTERRUPTED,LIVER FUNCTION TEST INCREASED,False,True,False,suspect,True,INTERSTITIAL LUNG DISEASE,True,2025-05-19,2025-07-21,63.0,True,False,True,False,False,False,False,False,True
nintedanib,25611429,2,20250728,20251023,2025,EU,EU,1,male,66.0,66.0,801,ABDOMINAL PAIN UPPER|DRUG-INDUCED LIVER INJURY|HEPATIC STEATOSIS|JAUNDICE,DRUG-INDUCED LIVER INJURY|JAUNDICE,True,True,False,suspect,True,MICROSCOPIC POLYANGIITIS|PULMONARY FIBROSIS,True,,2025-06-01,,False,False,True,False,True,False,False,False,False
nintedanib,25620781,1,20250730,20250730,2025,EU,EU,1,male,69.0,69.0,801,HEPATIC ENZYME INCREASED,HEPATIC ENZYME INCREASED,False,True,False,suspect,True,INTERSTITIAL LUNG DISEASE,True,2024-05-15,2025-02-19,280.0,True,False,True,False,False,False,False,False,True
nintedanib,25624410,1,20250730,20250730,2025,CN,CN,3,male,65.0,65.0,801,HEPATIC FUNCTION ABNORMAL|MYELOSUPPRESSION|PLATELET COUNT DECREASED,HEPATIC FUNCTION ABNORMAL,False,True,False,suspect,True,INTERSTITIAL LUNG DISEASE,True,2025-07-03,2025-07-15,12.0,True,False,True,False,True,True,False,False,True
nintedanib,25625489,1,20250731,20250731,2025,JP,JP,1,unknown,,,,DECREASED APPETITE|DIARRHOEA|DISEASE PROGRESSION|INFECTION|LIVER DISORDER|NAUSEA,LIVER DISORDER,False,True,False,suspect,True,PRODUCT USED FOR UNKNOWN INDICATION,False,,,,False,False,True,True,False,False,False,False,False
nintedanib,25626274,5,20250731,20250821,2025,US,US,3,female,,,,ABDOMINAL PAIN UPPER|ASTHENIA|BLOOD POTASSIUM DECREASED|DECREASED APPETITE|DEHYDRATION|DIARRHOEA|DRY MOUTH|LIVER FUNCTION TEST INCREASED|NAUSEA|VOMITING|WEIGHT DECREASED,LIVER FUNCTION TEST INCREASED,False,True,False,suspect,True,PRODUCT USED FOR UNKNOWN INDICATION,False,,2025-01-01,,False,False,True,False,True,False,False,False,False
nintedanib,25628252,1,20250731,20250731,2025,GB,GB,5,male,62.0,62.0,801,ALANINE AMINOTRANSFERASE INCREASED|GAMMA-GLUTAMYLTRANSFERASE INCREASED,ALANINE AMINOTRANSFERASE INCREASED|GAMMA-GLUTAMYLTRANSFERASE INCREASED,False,True,False,concomitant,True,INTERSTITIAL LUNG DISEASE,True,,2025-07-03,,False,False,True,False,False,False,False,False,True
nintedanib,25632917,4,20250801,20251006,2025,JP,JP,5,male,59.0,59.0,801,ABDOMINAL PAIN UPPER|DIARRHOEA|FATIGUE|GASTROINTESTINAL INFLAMMATION|GENERAL PHYSICAL HEALTH DETERIORATION|HEPATIC ENZYME INCREASED|MUSCULAR WEAKNESS|NAUSEA|VOMITING|WEIGHT DECREASED|WEIGHT GAIN POOR,HEPATIC ENZYME INCREASED,False,True,False,suspect,True,INTERSTITIAL LUNG DISEASE,True,,2025-01-01,,False,False,True,False,False,False,False,False,True
nintedanib,25642513,1,20250805,20250805,2025,GB,GB,5,female,,,,LIVER DISORDER,LIVER DISORDER,False,True,False,suspect,True,INTERSTITIAL LUNG DISEASE,True,,,,False,False,True,False,True,False,False,False,False
nintedanib,25652314,1,20250807,20250807,2025,US,US,5,male,,,,CHROMATURIA|DECREASED APPETITE|DYSPNOEA|LIVER DISORDER|PANCREATIC MASS|SEPSIS|URINARY TRACT INFECTION|YELLOW SKIN,LIVER DISORDER,False,True,False,suspect,True,INTERSTITIAL LUNG DISEASE,True,,,,False,False,True,True,True,True,False,False,True
nintedanib,25655105,1,20250807,20250807,2025,CA,CA,1,unknown,,,,ABDOMINAL PAIN UPPER|ALANINE AMINOTRANSFERASE INCREASED|ASTHENIA|BACK PAIN|COUGH|DECREASED APPETITE|DIARRHOEA|DISCOMFORT|DRUG-INDUCED LIVER INJURY|FAECES HARD|FATIGUE|NAUSEA|WEIGHT DECREASED,ALANINE AMINOTRANSFERASE INCREASED|DRUG-INDUCED LIVER INJURY,True,True,False,suspect,True,PRODUCT USED FOR UNKNOWN INDICATION,False,,,,False,False,True,False,False,False,False,False,True
nintedanib,25661737,2,20250808,20250818,2025,US,US,5,male,78.0,78.0,801,HEPATIC ENZYME INCREASED,HEPATIC ENZYME INCREASED,False,True,False,suspect,True,PRODUCT USED FOR UNKNOWN INDICATION,False,2025-07-19,,,False,False,True,False,True,False,False,False,False
nintedanib,25669749,1,20250812,20250812,2025,EU,EU,3,female,53.0,53.0,801,COUGH|DISEASE PROGRESSION|DRUG RESISTANCE|FATIGUE|HEPATOTOXICITY|HYPOXIA|LUNG ADENOCARCINOMA STAGE IV|MALIGNANT NEOPLASM PROGRESSION|METASTASES TO LUNG|PAIN,HEPATOTOXICITY,True,True,False,suspect,True,NON-SMALL CELL LUNG CANCER METASTATIC,False,,2020-07-01,,False,True,True,True,True,False,False,False,True
nintedanib,25680742,1,20250814,20250814,2025,KR,KR,3,male,79.0,79.0,801,DRUG-INDUCED LIVER INJURY|DYSPEPSIA|JAUNDICE|VOMITING,DRUG-INDUCED LIVER INJURY|JAUNDICE,True,True,False,suspect,True,PULMONARY FIBROSIS,True,,2025-08-01,,False,False,True,False,True,False,False,False,True
nintedanib,25685477,1,20250815,20250815,2025,US,,2,male,70.0,70.0,801,LIVER FUNCTION TEST INCREASED|THERAPY INTERRUPTED,LIVER FUNCTION TEST INCREASED,False,True,False,suspect,True,INTERSTITIAL LUNG DISEASE,True,2025-04-08,2025-08-07,121.0,True,False,True,False,False,False,False,False,True
nintedanib,25685942,2,20250815,20260105,2025,US,US,5,male,73.0,73.0,801,ABDOMINAL DISCOMFORT|DEATH|GASTROINTESTINAL DISORDER|HAEMARTHROSIS|ILLNESS|LIVER DISORDER,LIVER DISORDER,False,True,False,suspect,True,IDIOPATHIC PULMONARY FIBROSIS,True,2024-11-11,2025-12-19,403.0,False,False,True,True,True,False,False,False,True
nintedanib,25703450,2,20250820,20251212,2025,CA,CA,5,male,87.0,87.0,801,ABDOMINAL DISTENSION|ASTHENIA|BACK INJURY|BACTERIAL ABDOMINAL INFECTION|BALANCE DISORDER|COVID-19|DEHYDRATION|DIARRHOEA|FAECES SOFT|HELICOBACTER INFECTION|HEPATIC ENZYME INCREASED|HYPOMAGNESAEMIA|INTERVERTEBRAL DISC PROTRUSION|THIRST|TOOTH EXTRACTION|TOOTH FRACTURE|TRANSIENT ISCHAEMIC ATTACK|WEIGHT DECREASED,HEPATIC ENZYME INCREASED,False,True,False,suspect,True,IDIOPATHIC PULMONARY FIBROSIS,True,2023-12-05,2024-12-10,371.0,False,False,True,False,True,False,False,False,True
nintedanib,25703641,1,20250820,20250820,2025,EU,EU,1,female,56.0,56.0,801,ANGINA PECTORIS|DISEASE PROGRESSION|FEBRILE NEUTROPENIA|HEPATIC ENZYME INCREASED|HEPATOTOXICITY|HYPOTHYROIDISM|LIVER DISORDER|MUCOSAL INFLAMMATION|OCULAR DISCOMFORT|OEDEMA PERIPHERAL|OESOPHAGITIS|TRANSAMINASES INCREASED,HEPATIC ENZYME INCREASED|HEPATOTOXICITY|LIVER DISORDER|TRANSAMINASES INCREASED,True,True,False,suspect,True,LUNG ADENOCARCINOMA,False,,2015-01-01,,False,False,True,False,True,False,False,False,True
nintedanib,25703643,4,20250820,20260401,2025,US,US,5,female,70.0,70.0,801,ABDOMINAL DISCOMFORT|BALANCE DISORDER|BRADYKINESIA|CHEST PAIN|CONSTIPATION|DECREASED APPETITE|DEPRESSION|DIARRHOEA|DIARRHOEA HAEMORRHAGIC|DISTURBANCE IN ATTENTION|DYSPEPSIA|DYSPNOEA|FATIGUE|FLATULENCE|GASTROINTESTINAL DISORDER|HAEMATOCHEZIA|HEADACHE|HEPATIC ENZYME INCREASED|HYPERTENSION|IDIOPATHIC PULMONARY FIBROSIS|INSOMNIA|NAUSEA|NECK PAIN|NEGATIVE THOUGHTS|PRODUCTIVE COUGH|SLOW SPEECH|STRESS|TREMOR|VOMITING|WEIGHT DECREASED|WHEEZING,HEPATIC ENZYME INCREASED,False,True,False,suspect,True,IDIOPATHIC PULMONARY FIBROSIS,True,2024-07-18,2024-01-01,-199.0,False,False,True,False,True,False,False,False,True
nintedanib,25710208,1,20250820,20250820,2025,US,,2,female,47.0,47.0,801,ALANINE AMINOTRANSFERASE INCREASED|ASPARTATE AMINOTRANSFERASE INCREASED|HEPATIC FUNCTION ABNORMAL|THERAPY CESSATION,ALANINE AMINOTRANSFERASE INCREASED|ASPARTATE AMINOTRANSFERASE INCREASED|HEPATIC FUNCTION ABNORMAL,False,True,False,suspect,True,INTERSTITIAL LUNG DISEASE,True,2025-05-22,2025-08-07,77.0,True,False,True,False,False,False,False,False,True
nintedanib,25727403,2,20250826,20250908,2025,US,US,5,female,,,,ABDOMINAL PAIN UPPER|CHEST PAIN|CHOLELITHIASIS|HEPATIC ENZYME INCREASED|NAUSEA|PNEUMONIA,HEPATIC ENZYME INCREASED,False,True,False,suspect,True,PRODUCT USED FOR UNKNOWN INDICATION,False,,,,False,False,True,False,True,False,False,False,False
nintedanib,25750632,2,20250902,20260108,2025,EU,EU,1,female,56.0,56.0,801,ANGINA PECTORIS|DISEASE PROGRESSION|FEBRILE NEUTROPENIA|HEPATIC ENZYME INCREASED|HEPATOTOXICITY|HYPOTHYROIDISM|LIVER DISORDER|MUCOSAL INFLAMMATION|OCULAR DISCOMFORT|OEDEMA PERIPHERAL|OESOPHAGITIS|TRANSAMINASES INCREASED,HEPATIC ENZYME INCREASED|HEPATOTOXICITY|LIVER DISORDER|TRANSAMINASES INCREASED,True,True,False,suspect,True,ADENOCARCINOMA|LUNG ADENOCARCINOMA,False,,2014-01-01,,False,False,True,False,True,False,False,False,True
nintedanib,25754681,1,20250903,20250903,2025,US,US,5,female,75.0,75.0,801,BLOOD PRESSURE INCREASED|HEMIPARESIS|HEPATIC ENZYME INCREASED|HYPOTONIA|SPEECH DISORDER,HEPATIC ENZYME INCREASED,False,True,False,suspect,True,INTERSTITIAL LUNG DISEASE,True,2025-07-24,2025-07-31,7.0,True,False,True,False,False,False,False,False,True
nintedanib,25755379,1,20250903,20250903,2025,EU,EU,1,female,74.0,74.0,801,ACUTE KIDNEY INJURY|ADRENAL INSUFFICIENCY|ALOPECIA|ANAEMIA|CHRONIC KIDNEY DISEASE|DIARRHOEA|DIZZINESS|FATIGUE|FEBRILE NEUTROPENIA|GAMMA-GLUTAMYLTRANSFERASE INCREASED|NAUSEA|NEUTROPENIA|NEUTROPHIL COUNT DECREASED|NEUTROPHILIA|PYREXIA|SEPSIS|WEIGHT DECREASED,GAMMA-GLUTAMYLTRANSFERASE INCREASED,False,True,False,suspect,True,LUNG ADENOCARCINOMA,False,2016-06-09,2016-06-15,6.0,True,False,True,False,True,True,False,False,True
nintedanib,25764066,2,20250905,20250915,2025,JP,JP,5,female,80.0,80.0,801,LIVER FUNCTION TEST INCREASED,LIVER FUNCTION TEST INCREASED,False,True,False,suspect,True,INTERSTITIAL LUNG DISEASE,True,,2025-08-21,,False,False,True,False,True,False,False,False,False
nintedanib,25768796,2,20250905,20250910,2025,JP,JP,5,male,88.0,88.0,801,DEAFNESS|LIVER DISORDER,LIVER DISORDER,False,True,False,suspect,True,INTERSTITIAL LUNG DISEASE,True,,2025-08-01,,False,False,True,False,True,False,False,False,True
nintedanib,25778258,1,20250909,20250909,2025,EU,EU,5,female,77.0,77.0,801,ASTHMA|COLITIS ULCERATIVE|COUGH|DECREASED APPETITE|DIARRHOEA|DRUG INEFFECTIVE|DYSPNOEA EXERTIONAL|EMPHYSEMA|FREQUENT BOWEL MOVEMENTS|HEPATOTOXICITY|MIDDLE INSOMNIA|MOUTH SWELLING|SEASONAL ALLERGY|WEIGHT DECREASED,HEPATOTOXICITY,True,True,False,suspect,True,INTERSTITIAL LUNG DISEASE,True,2025-05-12,2025-05-26,14.0,True,False,True,False,False,False,False,False,True
nintedanib,25791561,1,20250911,20250911,2025,US,US,5,female,,,,ABDOMINAL DISCOMFORT|CONSTIPATION|COUGH|DECREASED APPETITE|DYSPNOEA|ERYTHEMA|FATIGUE|HEADACHE|HEPATIC ENZYME INCREASED|LOWER GASTROINTESTINAL HAEMORRHAGE|NAUSEA|PRURITUS|WHITE BLOOD CELL COUNT DECREASED,HEPATIC ENZYME INCREASED,False,True,False,suspect,True,IDIOPATHIC PULMONARY FIBROSIS,True,,,,False,False,True,False,True,False,False,False,False
nintedanib,25795577,1,20250911,20250911,2025,US,,2,female,67.0,67.0,801,ALANINE AMINOTRANSFERASE INCREASED|ASPARTATE AMINOTRANSFERASE INCREASED,ALANINE AMINOTRANSFERASE INCREASED|ASPARTATE AMINOTRANSFERASE INCREASED,False,True,False,suspect,True,INTERSTITIAL LUNG DISEASE,True,2023-09-12,2025-08-28,716.0,False,False,False,False,False,False,False,False,False
nintedanib,25805482,3,20250916,20251009,2025,CH,CH,1,female,61.0,61.0,801,HEPATIC ENZYME INCREASED|IDIOPATHIC PULMONARY FIBROSIS,HEPATIC ENZYME INCREASED,False,True,False,suspect,True,IDIOPATHIC PULMONARY FIBROSIS,True,,2025-05-01,,False,False,True,False,False,False,False,False,True
nintedanib,25837812,1,20250923,20250923,2025,US,US,5,female,86.0,86.0,801,ABDOMINAL PAIN UPPER|CARDIAC FAILURE CONGESTIVE|HEPATIC ENZYME INCREASED,HEPATIC ENZYME INCREASED,False,True,False,suspect,True,IDIOPATHIC PULMONARY FIBROSIS,True,,2022-01-01,,False,False,True,False,True,False,False,False,False
nintedanib,25844788,3,20250925,20251016,2025,US,US,5,female,70.0,70.0,801,AMNESIA|ANAL HAEMORRHAGE|ANORECTAL DISCOMFORT|ASTHENIA|BLOOD CHOLESTEROL INCREASED|CHEST PAIN|CHROMATURIA|CONSTIPATION|DECREASED APPETITE|DEHYDRATION|DERMATITIS|DIARRHOEA|DIZZINESS|DRY MOUTH|ECZEMA|EPISTAXIS|ERYTHEMA|FAECES HARD|FATIGUE|FEELING ABNORMAL|FREQUENT BOWEL MOVEMENTS|GASTROINTESTINAL PAIN|HAEMORRHAGE|HEADACHE|HEPATIC PAIN|HYPERTENSION|INFECTION|INSOMNIA|LIVER FUNCTION TEST INCREASED|LUNG DISORDER|NAUSEA|PALPITATIONS|PROCTALGIA|PRODUCTIVE COUGH|RASH|RECTAL HAEMORRHAGE|RESPIRATORY TRACT CONGESTION|RHINORRHOEA|SINUSITIS|SPUTUM INCREASED|TINNITUS|WEIGHT DECREASED|WHITE BLOOD CELL COUNT INCREASED,LIVER FUNCTION TEST INCREASED,False,True,False,suspect,True,IDIOPATHIC PULMONARY FIBROSIS,True,2025-08-05,2025-08-01,-4.0,False,False,True,False,True,False,False,False,False
nintedanib,25848124,1,20250925,20250925,2025,US,,,female,75.0,75.0,801,ALANINE AMINOTRANSFERASE INCREASED|ASPARTATE AMINOTRANSFERASE INCREASED,ALANINE AMINOTRANSFERASE INCREASED|ASPARTATE AMINOTRANSFERASE INCREASED,False,True,False,suspect,True,INTERSTITIAL LUNG DISEASE,True,2025-08-26,2025-09-25,30.0,True,False,False,False,False,False,False,False,False
nintedanib,25876161,1,20251003,20251003,2025,EU,EU,3,male,58.0,58.0,801,ABDOMINAL PAIN|ASTHENIA|BLOOD PRESSURE INCREASED|DECREASED APPETITE|LUNG ADENOCARCINOMA|MALAISE|MALIGNANT NEOPLASM PROGRESSION|NAUSEA|NEPHROPATHY TOXIC|NEUTROPENIA|PULMONARY EMBOLISM|THROMBOCYTOPENIA|TRANSAMINASES INCREASED|UPPER RESPIRATORY TRACT INFECTION,TRANSAMINASES INCREASED,False,True,False,suspect,True,CHEMOTHERAPY|LUNG ADENOCARCINOMA STAGE IV|METASTASES TO BONE,False,,,,False,False,True,False,False,False,False,False,True
nintedanib,25887579,3,20251007,20260321,2025,MY,MY,1,male,70.0,70.0,801,ABDOMINAL PAIN|ACUTE KIDNEY INJURY|CONSTIPATION|DIARRHOEA|HEPATIC ENZYME INCREASED,HEPATIC ENZYME INCREASED,False,True,False,suspect,True,IDIOPATHIC PULMONARY FIBROSIS,True,2024-03-13,2025-06-16,460.0,False,False,True,False,True,False,False,False,True
nintedanib,25891292,1,20251007,20251007,2025,US,US,5,male,,,,HEPATIC ENZYME INCREASED|RECTAL HAEMORRHAGE,HEPATIC ENZYME INCREASED,False,True,False,suspect,True,PRODUCT USED FOR UNKNOWN INDICATION,False,2025-06-04,2025-07-01,27.0,True,False,False,False,False,False,False,False,False
nintedanib,25902036,1,20251009,20251009,2025,EU,EU,2,male,57.0,57.0,801,ACUTE HEPATIC FAILURE|THROMBOCYTOPENIA,ACUTE HEPATIC FAILURE,True,True,False,suspect,True,IDIOPATHIC PULMONARY FIBROSIS,True,2024-12-12,2025-09-18,280.0,True,True,True,True,True,True,False,False,True
nintedanib,25911571,1,20251013,20251013,2025,US,US,5,female,81.0,81.0,801,ABDOMINAL DISCOMFORT|DIARRHOEA|DISEASE PROGRESSION|DIZZINESS|EYELID DISORDER|GASTROINTESTINAL POLYP HAEMORRHAGE|HAEMATOCHEZIA|HEPATIC ENZYME INCREASED|MUSCULOSKELETAL DISCOMFORT,HEPATIC ENZYME INCREASED,False,True,False,suspect,True,CONNECTIVE TISSUE DISEASE-ASSOCIATED INTERSTITIAL LUNG DISEASE|IDIOPATHIC PULMONARY FIBROSIS,True,2025-07-29,2025-07-01,-28.0,False,False,True,False,True,False,False,False,False
nintedanib,25918472,1,20251010,20251010,2025,US,,2,female,83.0,83.0,801,LIVER FUNCTION TEST INCREASED,LIVER FUNCTION TEST INCREASED,False,True,False,suspect,True,INTERSTITIAL LUNG DISEASE,True,2025-08-04,2025-10-08,65.0,True,False,True,False,False,False,False,False,False
nintedanib,25919304,1,20251013,20251013,2025,US,,2,female,79.0,79.0,801,ALANINE AMINOTRANSFERASE INCREASED|LIVER FUNCTION TEST INCREASED|THERAPY CESSATION,ALANINE AMINOTRANSFERASE INCREASED|LIVER FUNCTION TEST INCREASED,False,True,False,suspect,True,IDIOPATHIC PULMONARY FIBROSIS,True,2025-03-13,2025-10-02,203.0,True,False,True,False,False,False,False,False,True
nintedanib,25919831,2,20251014,20260414,2025,EU,EU,1,female,79.0,79.0,801,ABNORMAL LOSS OF WEIGHT|ASTHENIA|HEPATOCELLULAR INJURY,HEPATOCELLULAR INJURY,True,True,False,suspect,True,PULMONARY FIBROSIS,True,2024-02-12,2024-02-13,1.0,True,False,True,False,False,False,False,False,True
nintedanib,25930681,1,20251016,20251016,2025,US,,3,female,73.0,73.0,801,ALANINE AMINOTRANSFERASE INCREASED|ASPARTATE AMINOTRANSFERASE INCREASED|THERAPY CESSATION,ALANINE AMINOTRANSFERASE INCREASED|ASPARTATE AMINOTRANSFERASE INCREASED,False,True,False,suspect,True,,False,2025-09-24,,,False,False,True,False,False,False,False,False,True
nintedanib,25943793,2,20251021,20251031,2025,EU,EU,2,male,67.0,67.0,801,HEPATOTOXICITY,HEPATOTOXICITY,True,True,False,suspect,True,CONNECTIVE TISSUE DISEASE-ASSOCIATED INTERSTITIAL LUNG DISEASE,True,2025-07-23,2025-09-25,64.0,True,False,True,False,False,True,False,False,False
nintedanib,25944045,2,20251021,20251024,2025,EU,EU,1,male,78.0,78.0,801,CONDITION AGGRAVATED|DEATH|DIARRHOEA|HEPATIC ENZYME INCREASED|PULMONARY FIBROSIS,HEPATIC ENZYME INCREASED,False,True,False,suspect,True,COMBINED PULMONARY FIBROSIS AND EMPHYSEMA,True,,2025-10-05,,False,False,True,True,False,False,False,False,True
nintedanib,25948893,3,20251022,20251104,2025,EU,EU,1,male,67.0,67.0,801,ANTI-NEUTROPHIL CYTOPLASMIC ANTIBODY POSITIVE VASCULITIS|LIVER FUNCTION TEST ABNORMAL,LIVER FUNCTION TEST ABNORMAL,False,True,False,suspect,True,IDIOPATHIC PULMONARY FIBROSIS,True,,,,False,False,True,False,False,False,False,False,True
nintedanib,25962299,1,20251027,20251027,2025,EU,EU,1,male,58.0,58.0,801,BLOOD PRESSURE INCREASED|NEPHROPATHY TOXIC|NEUTROPENIA|THROMBOCYTOPENIA|TRANSAMINASES INCREASED|UPPER RESPIRATORY TRACT INFECTION,TRANSAMINASES INCREASED,False,True,False,suspect,True,NON-SMALL CELL LUNG CANCER,False,,2020-01-01,,False,False,True,False,False,False,False,False,True
nintedanib,25966015,1,20251028,20251028,2025,EU,EU,1,female,65.0,65.0,801,BIOPSY LIVER|DIZZINESS|DYSPNOEA|HEPATIC STEATOSIS|TRANSAMINASES INCREASED,TRANSAMINASES INCREASED,False,True,False,suspect,True,DYSPNOEA,False,,2023-11-01,,False,False,True,False,False,False,False,False,True
nintedanib,25990223,2,20251103,20251205,2025,MA,MA,1,female,68.0,68.0,801,CHOLESTASIS,CHOLESTASIS,False,True,False,suspect,True,IDIOPATHIC PULMONARY FIBROSIS,True,,2025-11-01,,False,False,True,False,True,False,False,False,False
nintedanib,26000553,5,20251105,20260129,2025,JP,JP,5,male,55.0,55.0,801,ASTHENIA|CORONAVIRUS INFECTION|DRUG INEFFECTIVE|DYSPNOEA|FATIGUE|HEPATIC FUNCTION ABNORMAL|LUNG DISORDER,HEPATIC FUNCTION ABNORMAL,False,True,False,suspect,True,IDIOPATHIC PULMONARY FIBROSIS,True,,2025-11-12,,False,False,True,False,True,False,False,False,False
nintedanib,26025979,1,20251110,20251110,2025,US,,3,male,90.0,90.0,801,LIVER FUNCTION TEST INCREASED,LIVER FUNCTION TEST INCREASED,False,True,False,suspect,True,IDIOPATHIC PULMONARY FIBROSIS,True,2024-01-26,2025-11-06,650.0,False,False,False,False,False,False,False,False,False
nintedanib,26030501,7,20251112,20260430,2025,JP,JP,5,male,74.0,74.0,801,DECREASED APPETITE|DIARRHOEA|EMPYEMA|EYE SWELLING|FATIGUE|HERNIA|LIVER FUNCTION TEST INCREASED|MALAISE|MEMORY IMPAIRMENT|PRODUCTIVE COUGH|SWELLING FACE,LIVER FUNCTION TEST INCREASED,False,True,False,suspect,True,INTERSTITIAL LUNG DISEASE,True,2025-09-08,,,False,False,True,False,True,False,False,False,True
nintedanib,26047043,3,20251114,20260220,2025,JP,JP,5,male,61.0,61.0,801,ABDOMINAL PAIN|ALANINE AMINOTRANSFERASE INCREASED|ASPARTATE AMINOTRANSFERASE INCREASED|COUGH|DIARRHOEA|DYSPNOEA|DYSPNOEA EXERTIONAL|FATIGUE|GASTROINTESTINAL DISORDER|LIVER FUNCTION TEST INCREASED|NASOPHARYNGITIS|PHYSICAL DECONDITIONING|PNEUMONIA|PYREXIA|RASH,ALANINE AMINOTRANSFERASE INCREASED|ASPARTATE AMINOTRANSFERASE INCREASED|LIVER FUNCTION TEST INCREASED,False,True,False,suspect,True,IDIOPATHIC PULMONARY FIBROSIS,True,,2025-01-01,,False,False,True,False,True,False,False,False,False
nintedanib,26050274,1,20251116,20251116,2025,EU,EU,1,female,55.0,55.0,801,CHROMOSOME ANALYSIS ABNORMAL|COUGH|DRUG HYPERSENSITIVITY|DYSPNOEA|FLUSHING|HAEMOPTYSIS|LIVER FUNCTION TEST INCREASED|MALIGNANT NEOPLASM PROGRESSION|METASTASES TO LIVER|PULMONARY EMBOLISM|VOMITING,LIVER FUNCTION TEST INCREASED,False,True,False,suspect,True,LUNG ADENOCARCINOMA STAGE IV,False,,2019-01-01,,False,False,True,False,True,False,False,False,True
nintedanib,26054692,1,20251117,20251117,2025,JP,JP,5,female,70.0,70.0,801,COUGH|GENERAL PHYSICAL HEALTH DETERIORATION|HEPATIC ENZYME INCREASED|MOBILITY DECREASED|PULMONARY FUNCTION TEST DECREASED,HEPATIC ENZYME INCREASED,False,True,False,suspect,True,INTERSTITIAL LUNG DISEASE,True,2025-06-16,2025-08-15,60.0,True,False,True,False,True,False,False,False,False
nintedanib,26060974,3,20251118,20251209,2025,BR,BR,1,female,54.0,54.0,801,DIARRHOEA|FORCED VITAL CAPACITY DECREASED|GASTROOESOPHAGEAL REFLUX DISEASE|HEPATOTOXICITY|LUNG DIFFUSION TEST DECREASED|MITRAL VALVE INCOMPETENCE|OBSTRUCTIVE AIRWAYS DISORDER|PULMONARY FUNCTION TEST ABNORMAL|RESPIRATORY FAILURE,HEPATOTOXICITY,True,True,False,suspect,True,INTERSTITIAL LUNG DISEASE|PULMONARY FIBROSIS,True,,2018-01-01,,False,False,True,False,False,False,False,False,True
nintedanib,26061432,1,20251118,20251118,2025,AR,AR,1,male,,,,ABDOMINAL PAIN|DIARRHOEA|HEPATOTOXICITY,HEPATOTOXICITY,True,True,False,suspect,True,PULMONARY FIBROSIS,True,,2022-01-01,,False,False,True,False,False,False,False,False,True
nintedanib,26068905,5,20251120,20260624,2025,US,US,5,male,75.0,75.0,801,ABDOMINAL PAIN UPPER|BLOOD CHOLESTEROL ABNORMAL|BLOOD PRESSURE FLUCTUATION|CONFUSIONAL STATE|CONSTIPATION|DIARRHOEA|DISORIENTATION|HEADACHE|INSOMNIA|LIVER FUNCTION TEST INCREASED,LIVER FUNCTION TEST INCREASED,False,True,False,suspect,True,IDIOPATHIC PULMONARY FIBROSIS,True,,2025-10-01,,False,False,True,False,True,False,False,False,False
nintedanib,26071590,4,20251120,20260226,2025,JP,JP,5,male,69.0,69.0,801,ABDOMINAL PAIN|ASTHENIA|BLOOD ALBUMIN DECREASED|C-REACTIVE PROTEIN INCREASED|CHEST PAIN|DECREASED APPETITE|DIARRHOEA|FEEDING DISORDER|GAMMA-GLUTAMYLTRANSFERASE INCREASED|GENERAL PHYSICAL HEALTH DETERIORATION|HYPERTENSION|HYPOPHAGIA|KL-6 INCREASED|NAUSEA|OXYGEN SATURATION DECREASED|PNEUMOTHORAX|WEIGHT DECREASED|WEIGHT GAIN POOR,GAMMA-GLUTAMYLTRANSFERASE INCREASED,False,True,False,suspect,True,INTERSTITIAL LUNG DISEASE,True,2025-12-15,2025-01-01,-348.0,False,False,True,False,True,False,False,False,False
nintedanib,26072844,1,20251121,20251121,2025,JP,JP,1,unknown,,,,DEATH|DIARRHOEA|LIVER DISORDER,LIVER DISORDER,False,True,False,suspect,True,PRODUCT USED FOR UNKNOWN INDICATION,False,,,,False,False,True,True,False,False,False,False,False
nintedanib,26077593,2,20251121,20260206,2025,JP,JP,5,male,69.0,69.0,801,ABDOMINAL PAIN|COUGH|HEPATIC FUNCTION ABNORMAL,HEPATIC FUNCTION ABNORMAL,False,True,False,suspect,True,PRODUCT USED FOR UNKNOWN INDICATION,False,,2025-01-01,,False,False,True,False,True,False,False,False,False
nintedanib,26081205,1,20251124,20251124,2025,US,US,3,male,,,,ABDOMINAL PAIN|BLOOD ALKALINE PHOSPHATASE INCREASED|BLOOD CREATININE INCREASED|DIARRHOEA|LIVER FUNCTION TEST INCREASED|RENAL PAIN,BLOOD ALKALINE PHOSPHATASE INCREASED|LIVER FUNCTION TEST INCREASED,False,True,False,suspect,True,INTERSTITIAL LUNG DISEASE,True,,2022-01-01,,False,False,True,False,True,False,False,False,False
nintedanib,26083766,1,20251124,20251124,2025,EU,EU,1,female,75.0,75.0,801,CHOLESTASIS|HEPATIC CYTOLYSIS,CHOLESTASIS,False,True,False,suspect,True,HYPERSENSITIVITY PNEUMONITIS,False,2025-10-14,2025-11-13,30.0,True,False,True,False,False,False,False,False,True
nintedanib,26085467,1,20251125,20251125,2025,US,US,5,male,,,,COUGH|DECREASED APPETITE|DIARRHOEA|DRUG INEFFECTIVE|DYSPNOEA EXERTIONAL|FATIGUE|HYPERSENSITIVITY|HYPERSOMNIA|HYPOACUSIS|LIVER DISORDER|OXYGEN SATURATION DECREASED|SINUS OPERATION,LIVER DISORDER,False,True,False,suspect,True,IDIOPATHIC PULMONARY FIBROSIS,True,,,,False,False,True,False,True,False,False,False,False
nintedanib,26088747,1,20251125,20251125,2025,US,US,5,female,78.0,78.0,801,DECREASED APPETITE|HEPATIC ENZYME INCREASED|NAUSEA|PRODUCT RESIDUE PRESENT|VOMITING|WEIGHT DECREASED,HEPATIC ENZYME INCREASED,False,True,False,suspect,True,IDIOPATHIC PULMONARY FIBROSIS|INTERSTITIAL LUNG DISEASE,True,,2025-08-01,,False,False,False,False,False,False,False,False,False
nintedanib,26100028,6,20251128,20260629,2025,JP,JP,5,male,79.0,79.0,801,BILE DUCT STONE|COUGH|DYSPNOEA|LIVER FUNCTION TEST INCREASED|LUNG CANCER METASTATIC|NAUSEA|PRODUCTIVE COUGH|PRURITUS|SEBORRHOEIC DERMATITIS|VOMITING,LIVER FUNCTION TEST INCREASED,False,True,False,suspect,True,INTERSTITIAL LUNG DISEASE,True,2025-11-11,2025-11-13,2.0,True,False,True,False,True,False,False,False,True
nintedanib,26100224,1,20251128,20251128,2025,EU,EU,1,male,,,,DRUG-INDUCED LIVER INJURY|IDIOPATHIC PULMONARY FIBROSIS|WEIGHT DECREASED,DRUG-INDUCED LIVER INJURY,True,True,False,suspect,True,IDIOPATHIC PULMONARY FIBROSIS,True,,,,False,False,True,False,False,False,False,False,True
nintedanib,26104042,1,20251129,20251129,2025,EU,EU,1,female,77.0,77.0,801,DIARRHOEA|GASTROINTESTINAL DISORDER|HEPATOTOXICITY|IDIOPATHIC PULMONARY FIBROSIS|WEIGHT DECREASED,HEPATOTOXICITY,True,True,False,suspect,True,IDIOPATHIC PULMONARY FIBROSIS,True,,,,False,False,True,False,False,False,False,False,True
nintedanib,26106145,1,20251201,20251201,2025,US,US,5,female,64.0,64.0,801,ACCIDENTAL OVERDOSE|DIARRHOEA|HEPATIC ENZYME INCREASED|PYREXIA,HEPATIC ENZYME INCREASED,False,True,False,suspect,True,INTERSTITIAL LUNG DISEASE,True,,2025-11-22,,False,False,False,False,False,False,False,False,False
nintedanib,26106381,1,20251201,20251201,2025,EU,EU,1,female,88.0,88.0,801,COAGULOPATHY|HEPATOCELLULAR INJURY|METAPNEUMOVIRUS INFECTION|SEPTIC SHOCK,HEPATOCELLULAR INJURY,True,True,False,suspect,True,INTERSTITIAL LUNG DISEASE,True,2021-06-03,2025-06-28,1486.0,False,False,True,False,True,True,False,False,False
nintedanib,26109055,4,20251201,20260415,2025,EU,EU,1,male,76.0,76.0,801,CACHEXIA|DIARRHOEA|HEPATIC ENZYME INCREASED|IDIOPATHIC PULMONARY FIBROSIS,HEPATIC ENZYME INCREASED,False,True,False,suspect,True,IDIOPATHIC PULMONARY FIBROSIS,True,,2025-05-19,,False,False,True,False,False,False,False,False,True
nintedanib,26128722,1,20251208,20251208,2025,EU,EU,1,female,72.0,72.0,801,ANAEMIA|BILE DUCT STONE|COLITIS|CONSTIPATION|DECREASED APPETITE|DIARRHOEA|ENTEROCOLITIS HAEMORRHAGIC|EOSINOPHILIA|HYPOKALAEMIA|NAUSEA|TRANSAMINASES INCREASED|VOMITING|WEIGHT DECREASED,TRANSAMINASES INCREASED,False,True,False,suspect,True,IDIOPATHIC PULMONARY FIBROSIS,True,,2023-04-01,,False,False,True,False,True,False,False,False,False
nintedanib,26129946,1,20251208,20251208,2025,KR,KR,5,male,,,,DIARRHOEA|HEPATIC ENZYME INCREASED|OEDEMATOUS PANCREATITIS,HEPATIC ENZYME INCREASED,False,True,False,suspect,True,PRODUCT USED FOR UNKNOWN INDICATION,False,,2023-01-01,,False,False,True,False,False,False,False,False,True
nintedanib,26138025,1,20251210,20251210,2025,CA,CA,5,female,68.0,68.0,801,CHOLECYSTECTOMY|DIARRHOEA|LIVER DISORDER|LIVER FUNCTION TEST INCREASED|PANCREATIC DISORDER,LIVER DISORDER|LIVER FUNCTION TEST INCREASED,False,True,False,suspect,True,IDIOPATHIC PULMONARY FIBROSIS,True,2024-12-30,2025-01-01,2.0,True,False,True,False,True,False,False,False,False
nintedanib,26148719,1,20251212,20251212,2025,JP,JP,1,unknown,,,,DEATH|DIARRHOEA|LIVER DISORDER|NAUSEA,LIVER DISORDER,False,True,False,suspect,True,PRODUCT USED FOR UNKNOWN INDICATION,False,,,,False,False,True,True,False,False,False,False,False
nintedanib,26152110,2,20251214,20251223,2025,JP,JP,5,male,62.0,62.0,801,DIARRHOEA|DYSPNOEA|LIVER FUNCTION TEST ABNORMAL|MALAISE|NAUSEA,LIVER FUNCTION TEST ABNORMAL,False,True,False,suspect,True,IDIOPATHIC PULMONARY FIBROSIS,True,2025-06-05,2025-06-05,0.0,True,False,False,False,False,False,False,False,False
nintedanib,26153588,2,20251214,20260302,2025,JP,JP,5,female,78.0,78.0,801,CONDITION AGGRAVATED|DEATH|DECREASED APPETITE|EMOTIONAL DISTRESS|LIVER DISORDER|WEIGHT DECREASED,LIVER DISORDER,False,True,False,suspect,True,INTERSTITIAL LUNG DISEASE,True,2025-08-28,2025-10-02,35.0,True,False,True,True,True,False,False,False,False
nintedanib,26162983,1,20251215,20251215,2025,US,,2,male,65.0,65.0,801,ASPARTATE AMINOTRANSFERASE INCREASED|THERAPY CHANGE,ASPARTATE AMINOTRANSFERASE INCREASED,False,True,False,suspect,True,PULMONARY FIBROSIS,True,2025-10-16,2025-12-12,57.0,True,False,False,False,False,False,False,False,False
nintedanib,26181601,1,20251221,20251221,2025,US,US,5,male,,,,HEPATIC ENZYME INCREASED,HEPATIC ENZYME INCREASED,False,True,False,suspect,True,IDIOPATHIC PULMONARY FIBROSIS,True,,,,False,False,False,False,False,False,False,False,False
nintedanib,26183799,1,20251221,20251221,2025,AR,AR,1,female,,,,ABDOMINAL DISCOMFORT|ABDOMINAL PAIN|DIARRHOEA|HEPATOTOXICITY|NAUSEA|VOMITING,HEPATOTOXICITY,True,True,False,suspect,True,PRODUCT USED FOR UNKNOWN INDICATION,False,2025-07-22,2025-08-27,36.0,True,False,True,False,False,False,False,False,True
nintedanib,26200377,2,20251225,20260612,2025,EU,EU,1,female,34.0,34.0,801,ARRHYTHMOGENIC CARDIOMYOPATHY|DYSPNOEA|GASTROINTESTINAL DISORDER|HEPATOCELLULAR INJURY|INTERSTITIAL LUNG DISEASE|TACHYCARDIA|TRANSAMINASES ABNORMAL,HEPATOCELLULAR INJURY,True,True,False,suspect,True,PULMONARY FIBROSIS|SYSTEMIC SCLEROSIS PULMONARY,True,,2024-01-01,,False,False,True,False,True,False,False,False,True
nintedanib,26206301,1,20251229,20251229,2025,EU,EU,1,male,71.0,71.0,801,COLITIS ULCERATIVE|DIARRHOEA|HEPATIC ENZYME INCREASED|PANCREATITIS ACUTE,HEPATIC ENZYME INCREASED,False,True,False,suspect,True,IDIOPATHIC PULMONARY FIBROSIS,True,2022-02-14,2019-04-02,-1049.0,False,False,True,False,True,False,False,False,True
nintedanib,26231120,1,20260106,20260106,2026,JP,JP,1,female,,,,LIVER DISORDER|PERIPHERAL ARTERY OCCLUSION|SKIN ULCER,LIVER DISORDER,False,True,False,suspect,True,PULMONARY FIBROSIS,True,,2025-07-01,,False,False,True,False,False,False,False,False,True
nintedanib,26232419,1,20260105,20260105,2026,US,,,male,76.0,76.0,801,LIVER FUNCTION TEST INCREASED,LIVER FUNCTION TEST INCREASED,False,True,False,suspect,True,INTERSTITIAL LUNG DISEASE,True,2025-12-05,2026-01-05,31.0,True,False,False,False,False,False,False,False,False
nintedanib,26251516,3,20260112,20260206,2026,CH,CH,1,male,74.0,74.0,801,DIARRHOEA|GASTROINTESTINAL HAEMORRHAGE|IDIOPATHIC PULMONARY FIBROSIS|LIVER DISORDER|WEIGHT DECREASED,LIVER DISORDER,False,True,False,suspect,True,IDIOPATHIC PULMONARY FIBROSIS,True,2022-10-06,2024-09-01,696.0,False,False,True,False,False,False,False,False,True
nintedanib,26266844,1,20260115,20260115,2026,US,US,5,female,75.0,75.0,801,ABDOMINAL PAIN|ABDOMINAL PAIN UPPER|ACUTE HEPATIC FAILURE|CHROMATURIA|DIARRHOEA|DRUG INEFFECTIVE|NAUSEA|PRURITUS|PULMONARY THROMBOSIS|VOMITING,ACUTE HEPATIC FAILURE,True,True,False,suspect,True,IDIOPATHIC PULMONARY FIBROSIS|INTERSTITIAL LUNG DISEASE,True,2025-07-14,2025-07-01,-13.0,False,False,True,False,True,False,False,False,False
nintedanib,26275465,1,20260117,20260117,2026,EU,EU,1,female,,,,LIVER DISORDER,LIVER DISORDER,False,True,False,suspect,True,INTERSTITIAL LUNG DISEASE,True,,,,False,False,True,False,False,False,False,False,True
nintedanib,26280368,1,20260119,20260119,2026,CA,CA,5,male,78.0,78.0,801,CYSTITIS|DIARRHOEA|GASTROINTESTINAL DISORDER|HEPATIC ENZYME INCREASED|PARKINSON^S DISEASE|PNEUMONIA|UROSEPSIS|WEIGHT DECREASED,HEPATIC ENZYME INCREASED,False,True,False,suspect,True,INTERSTITIAL LUNG DISEASE,True,2024-10-17,2025-05-05,200.0,True,False,True,False,True,False,False,False,False
nintedanib,26294159,2,20260122,20260204,2026,JP,JP,2,unknown,67.0,67.0,801,HEPATIC FAILURE|HYPOPHAGIA,HEPATIC FAILURE,True,True,False,suspect,True,IDIOPATHIC INTERSTITIAL PNEUMONIA,False,2023-01-04,,,False,False,True,False,False,False,False,False,True
nintedanib,26325244,1,20260130,20260130,2026,CA,CA,5,male,80.0,80.0,801,ASTHENIA|COGNITIVE DISORDER|DYSPEPSIA|GAIT DISTURBANCE|GASTROINTESTINAL PAIN|ILLNESS|INFLUENZA LIKE ILLNESS|LIVER FUNCTION TEST INCREASED|SPINAL FRACTURE,LIVER FUNCTION TEST INCREASED,False,True,False,suspect,True,PRODUCT USED FOR UNKNOWN INDICATION,False,,2025-07-01,,False,False,True,False,True,False,False,False,False
nintedanib,26343767,3,20260203,20260402,2026,CH,CH,1,female,66.0,66.0,801,CONDITION AGGRAVATED|DIARRHOEA|GENERAL PHYSICAL HEALTH DETERIORATION|LIVER FUNCTION TEST INCREASED|NAUSEA|VOMITING,LIVER FUNCTION TEST INCREASED,False,True,False,suspect,True,PULMONARY FIBROSIS,True,2018-08-04,2018-08-03,-1.0,False,False,True,False,True,False,False,False,False
nintedanib,26352758,3,20260205,20260430,2026,JP,JP,5,female,76.0,76.0,801,APPETITE DISORDER|ASTHENIA|COUGH|DIARRHOEA|DRY THROAT|FAECES HARD|FATIGUE|GENERAL PHYSICAL HEALTH DETERIORATION|HEAD DISCOMFORT|HEPATIC FUNCTION ABNORMAL|HYPOXIA|INITIAL INSOMNIA|MIDDLE INSOMNIA|OXYGEN THERAPY|POOR QUALITY SLEEP,HEPATIC FUNCTION ABNORMAL,False,True,False,suspect,True,INTERSTITIAL LUNG DISEASE,True,,2025-10-02,,False,False,True,False,True,False,False,False,False
nintedanib,26384158,1,20260212,20260212,2026,US,US,5,unknown,,,,LIVER DISORDER,LIVER DISORDER,False,True,False,suspect,True,IDIOPATHIC PULMONARY FIBROSIS,True,,,,False,False,False,False,False,False,False,False,False
nintedanib,26390870,1,20260215,20260215,2026,EU,EU,2,male,65.0,65.0,801,LIVER DISORDER,LIVER DISORDER,False,True,False,suspect,True,INTERSTITIAL LUNG DISEASE,True,2024-09-24,,,False,False,True,False,False,False,False,False,True
nintedanib,26396396,1,20260217,20260217,2026,JP,JP,5,male,86.0,86.0,801,ANOSMIA|CIRCULATORY COLLAPSE|CONSTIPATION|DECREASED APPETITE|DYSPNOEA|FATIGUE|HAIR COLOUR CHANGES|HYPOPNOEA|LIVER FUNCTION TEST INCREASED|NASAL DISCOMFORT|NASOPHARYNGITIS|OXYGEN SATURATION DECREASED|POOR QUALITY SLEEP|RHINORRHOEA|TASTE DISORDER|VISUAL FIELD DEFECT|WEIGHT DECREASED,LIVER FUNCTION TEST INCREASED,False,True,False,suspect,True,IDIOPATHIC PULMONARY FIBROSIS,True,2025-08-15,2025-11-09,86.0,True,False,True,False,False,False,False,False,True
nintedanib,26397392,3,20260217,20260407,2026,EU,EU,1,female,66.0,66.0,801,ARTERIOSCLEROSIS|DIARRHOEA|HEADACHE|HYPERTENSION|TRANSAMINASES INCREASED,TRANSAMINASES INCREASED,False,True,False,suspect,True,IDIOPATHIC PULMONARY FIBROSIS,True,2025-04-01,2025-05-01,30.0,True,False,True,False,False,False,True,False,False
nintedanib,26430813,1,20260224,20260224,2026,US,US,5,female,,,,ASTHENIA|HEPATIC ENZYME INCREASED|NAUSEA|WEIGHT DECREASED,HEPATIC ENZYME INCREASED,False,True,False,suspect,True,PRODUCT USED FOR UNKNOWN INDICATION,False,,,,False,False,False,False,False,False,False,False,False
nintedanib,26431941,2,20260225,20260308,2026,GB,GB,1,female,66.0,66.0,801,ALANINE AMINOTRANSFERASE INCREASED|DISEASE PROGRESSION|TRANSIENT ISCHAEMIC ATTACK,ALANINE AMINOTRANSFERASE INCREASED,False,True,False,suspect,True,PULMONARY FIBROSIS,True,,2024-01-07,,False,False,True,False,False,False,False,False,True
nintedanib,26436421,3,20260226,20260616,2026,US,US,5,male,71.0,71.0,801,ABDOMINAL DISCOMFORT|CARDIAC FAILURE|DYSPEPSIA|FLUID RETENTION|GASTRITIS|HEPATIC ENZYME INCREASED|HYPERTENSION|LIVER FUNCTION TEST INCREASED|NAUSEA|OEDEMA|PNEUMONIA|PROCEDURAL NAUSEA|RETCHING|VERTIGO|WEIGHT FLUCTUATION,HEPATIC ENZYME INCREASED|LIVER FUNCTION TEST INCREASED,False,True,False,suspect,True,INTERSTITIAL LUNG DISEASE,True,2025-11-27,2026-02-01,66.0,True,False,True,False,True,False,False,False,True
nintedanib,26456152,3,20260303,20260428,2026,JP,JP,1,male,57.0,57.0,801,CYTOMEGALOVIRUS INFECTION REACTIVATION|DRUG REACTION WITH EOSINOPHILIA AND SYSTEMIC SYMPTOMS|HEPATIC ENZYME INCREASED|RESPIRATORY FAILURE,HEPATIC ENZYME INCREASED,False,True,False,suspect,True,INTERSTITIAL LUNG DISEASE,True,,,,False,False,True,False,True,True,False,False,False
nintedanib,26465649,2,20260306,20260507,2026,CA,CA,5,male,62.0,62.0,801,ABDOMINAL PAIN|BACK PAIN|BLOOD GLUCOSE INCREASED|BLOOD PRESSURE INCREASED|BURNING SENSATION|CHOLELITHIASIS|CONSTIPATION|COUGH|COVID-19|DECREASED APPETITE|DEHYDRATION|DIARRHOEA|DIARRHOEA HAEMORRHAGIC|DIZZINESS|DRY MOUTH|DYSPNOEA EXERTIONAL|EARLY SATIETY|EYELID RASH|FATIGUE|GALLBLADDER HAEMATOMA|HEADACHE|INTERSTITIAL LUNG DISEASE|JOINT STIFFNESS|LIVER FUNCTION TEST INCREASED|LUNG DISORDER|MUSCLE SPASMS|MUSCLE TIGHTNESS|MUSCULOSKELETAL PAIN|MUSCULOSKELETAL STIFFNESS|NAUSEA|OXYGEN SATURATION|PAIN IN EXTREMITY|PAROSMIA|PRODUCTIVE COUGH|PULMONARY HYPERTENSION|SLUGGISHNESS|SMOKE SENSITIVITY|THIRST|VOMITING|WEIGHT DECREASED,LIVER FUNCTION TEST INCREASED,False,True,False,suspect,True,INTERSTITIAL LUNG DISEASE,True,2024-05-22,2024-05-27,5.0,True,False,True,False,True,False,False,False,True
nintedanib,26473146,1,20260309,20260309,2026,DZ,DZ,1,female,55.0,55.0,801,BLOOD BILIRUBIN INCREASED|HAEMOGLOBIN INCREASED,BLOOD BILIRUBIN INCREASED,False,True,False,suspect,True,INTERSTITIAL LUNG DISEASE,True,,,,False,False,True,False,False,False,False,False,True
nintedanib,26480784,2,20260311,20260330,2026,EU,EU,1,male,83.0,83.0,801,HEPATIC ENZYME INCREASED|INTERSTITIAL LUNG DISEASE|PULMONARY HYPERTENSION|RESPIRATORY FAILURE,HEPATIC ENZYME INCREASED,False,True,False,suspect,True,PULMONARY FIBROSIS,True,,,,False,False,True,False,False,False,False,False,True
nintedanib,26481286,1,20260311,20260311,2026,JP,JP,1,male,75.0,75.0,801,DECREASED APPETITE|DYSPNOEA|HEPATIC ENZYME INCREASED|HYPONATRAEMIA|NAUSEA|PNEUMOMEDIASTINUM,HEPATIC ENZYME INCREASED,False,True,False,concomitant,True,PRODUCT USED FOR UNKNOWN INDICATION,False,,2026-02-04,,False,False,True,False,True,False,False,False,True
nintedanib,26483474,1,20260311,20260311,2026,JP,JP,1,male,57.0,57.0,801,CYTOMEGALOVIRUS INFECTION REACTIVATION|DRUG REACTION WITH EOSINOPHILIA AND SYSTEMIC SYMPTOMS|HEPATIC ENZYME INCREASED|RESPIRATORY FAILURE,HEPATIC ENZYME INCREASED,False,True,False,suspect,True,INTERSTITIAL LUNG DISEASE,True,,,,False,False,True,False,True,True,False,False,False
nintedanib,26493714,1,20260313,20260313,2026,JP,JP,1,male,57.0,57.0,801,CYTOMEGALOVIRUS INFECTION REACTIVATION|DRUG REACTION WITH EOSINOPHILIA AND SYSTEMIC SYMPTOMS|HEPATIC ENZYME INCREASED|RESPIRATORY FAILURE,HEPATIC ENZYME INCREASED,False,True,False,suspect,True,INTERSTITIAL LUNG DISEASE,True,,,,False,False,True,False,True,True,False,False,False
nintedanib,26516015,1,20260319,20260319,2026,US,US,5,unknown,,,,DIARRHOEA|HEPATIC ENZYME INCREASED,HEPATIC ENZYME INCREASED,False,True,False,suspect,True,PRODUCT USED FOR UNKNOWN INDICATION,False,,,,False,False,False,False,False,False,False,False,False
nintedanib,26517615,1,20260320,20260320,2026,EU,EU,1,male,62.0,62.0,801,ALANINE AMINOTRANSFERASE INCREASED|ASPARTATE AMINOTRANSFERASE INCREASED|LATENT TUBERCULOSIS|NON-SMALL CELL LUNG CANCER|PULMONARY FUNCTION TEST DECREASED,ALANINE AMINOTRANSFERASE INCREASED|ASPARTATE AMINOTRANSFERASE INCREASED,False,True,False,suspect,True,PULMONARY FIBROSIS,True,,2023-10-01,,False,False,True,False,False,False,False,False,True
nintedanib,26521242,1,20260321,20260321,2026,EU,EU,1,female,50.0,50.0,801,ALANINE AMINOTRANSFERASE INCREASED|ASPARTATE AMINOTRANSFERASE INCREASED|DEATH|HEPATIC STEATOSIS|METASTASES TO LIVER,ALANINE AMINOTRANSFERASE INCREASED|ASPARTATE AMINOTRANSFERASE INCREASED,False,True,False,suspect,True,SYSTEMIC SCLERODERMA,False,,2025-12-01,,False,False,True,True,False,False,False,False,True
nintedanib,26521782,3,20260321,20260504,2026,US,US,5,female,74.0,74.0,801,ABDOMINAL PAIN UPPER|CONSTIPATION|LIVER FUNCTION TEST ABNORMAL|PRODUCT USE IN UNAPPROVED INDICATION,LIVER FUNCTION TEST ABNORMAL,False,True,False,concomitant,True,,False,,2026-03-02,,False,False,False,False,False,False,False,False,False
nintedanib,26547915,2,20260328,20260414,2026,EU,EU,1,female,,,,DIARRHOEA|IDIOPATHIC PULMONARY FIBROSIS|TRANSAMINASES INCREASED,TRANSAMINASES INCREASED,False,True,False,suspect,True,IDIOPATHIC PULMONARY FIBROSIS|RESPIRATORY FAILURE,True,,,,False,False,True,False,False,False,False,False,True
nintedanib,26553500,1,20260330,20260330,2026,EU,EU,1,female,,,,ABDOMINAL PAIN|ALANINE AMINOTRANSFERASE INCREASED|DIARRHOEA|DYSPEPSIA|EXERCISE TOLERANCE DECREASED|GAMMA-GLUTAMYLTRANSFERASE INCREASED|HEPATIC ENZYME INCREASED|MYOCARDITIS|PULMONARY HYPERTENSION,ALANINE AMINOTRANSFERASE INCREASED|GAMMA-GLUTAMYLTRANSFERASE INCREASED|HEPATIC ENZYME INCREASED,False,True,False,suspect,True,INTERSTITIAL LUNG DISEASE|SYSTEMIC SCLERODERMA,True,2023-01-06,2023-01-01,-5.0,False,False,True,False,False,False,False,False,True
nintedanib,26554279,1,20260330,20260330,2026,US,US,5,male,69.0,69.0,801,DISEASE COMPLICATION|DRUG INEFFECTIVE|LIVER DISORDER,LIVER DISORDER,False,True,False,suspect,True,PRODUCT USED FOR UNKNOWN INDICATION,False,,,,False,False,True,False,True,False,False,False,False
nintedanib,26558915,3,20260331,20260422,2026,EU,EU,1,female,69.0,69.0,801,ASTHENIA|COUGH|DEPRESSION|DIARRHOEA|DISEASE PROGRESSION|DYSPEPSIA|DYSPNOEA|HEPATIC ENZYME INCREASED|IDIOPATHIC PULMONARY FIBROSIS|INTERVERTEBRAL DISC DISORDER|MICROCYTIC ANAEMIA|RESPIRATORY FAILURE|THALASSAEMIA MINOR,HEPATIC ENZYME INCREASED,False,True,False,suspect,True,IDIOPATHIC PULMONARY FIBROSIS|INTERSTITIAL LUNG DISEASE,True,2024-01-01,2024-03-01,60.0,True,False,True,False,True,False,False,False,True
nintedanib,26560257,2,20260331,20260413,2026,EU,EU,1,male,,,,BLOOD BILIRUBIN INCREASED|GAMMA-GLUTAMYLTRANSFERASE INCREASED|IDIOPATHIC PULMONARY FIBROSIS,BLOOD BILIRUBIN INCREASED|GAMMA-GLUTAMYLTRANSFERASE INCREASED,False,True,False,suspect,True,IDIOPATHIC PULMONARY FIBROSIS,True,,,,False,False,True,False,False,False,False,False,True
nintedanib,26566122,1,20260401,20260401,2026,RU,RU,1,female,,,,ACCESSORY SPLEEN|ALANINE AMINOTRANSFERASE INCREASED|ASPARTATE AMINOTRANSFERASE INCREASED|BILIRUBIN CONJUGATED INCREASED|BLOOD BILIRUBIN INCREASED|CELL DEATH|CHEST PAIN|CHOLELITHIASIS|GAMMA-GLUTAMYLTRANSFERASE INCREASED|SUSPECTED DRUG-INDUCED LIVER INJURY|TRANSAMINASES INCREASED|ULTRASOUND LIVER ABNORMAL,ALANINE AMINOTRANSFERASE INCREASED|ASPARTATE AMINOTRANSFERASE INCREASED|BLOOD BILIRUBIN INCREASED|GAMMA-GLUTAMYLTRANSFERASE INCREASED|TRANSAMINASES INCREASED,False,True,True,suspect,True,INTERSTITIAL LUNG DISEASE,True,2026-01-15,2025-12-21,-25.0,False,False,True,False,False,False,False,False,True
nintedanib,26568109,1,20260402,20260402,2026,EU,EU,1,male,62.0,62.0,801,ALANINE AMINOTRANSFERASE INCREASED|ASPARTATE AMINOTRANSFERASE INCREASED|LATENT TUBERCULOSIS|NON-SMALL CELL LUNG CANCER|PULMONARY FUNCTION TEST DECREASED,ALANINE AMINOTRANSFERASE INCREASED|ASPARTATE AMINOTRANSFERASE INCREASED,False,True,False,suspect,True,PULMONARY FIBROSIS,True,,2023-10-01,,False,False,True,False,False,False,False,False,True
nintedanib,26568738,2,20260402,20260415,2026,EU,EU,1,male,72.0,72.0,801,DECREASED APPETITE|DIARRHOEA|IDIOPATHIC PULMONARY FIBROSIS|PANCREATIC ENZYMES INCREASED|SLEEP DISORDER|TRANSAMINASES INCREASED|WEIGHT DECREASED,TRANSAMINASES INCREASED,False,True,False,suspect,True,IDIOPATHIC PULMONARY FIBROSIS,True,,2025-05-01,,False,False,True,False,False,False,False,False,True
nintedanib,26569750,1,20260402,20260402,2026,EU,EU,1,male,62.0,62.0,801,ALANINE AMINOTRANSFERASE INCREASED|ASPARTATE AMINOTRANSFERASE INCREASED|LATENT TUBERCULOSIS|NON-SMALL CELL LUNG CANCER|PULMONARY FUNCTION TEST DECREASED,ALANINE AMINOTRANSFERASE INCREASED|ASPARTATE AMINOTRANSFERASE INCREASED,False,True,False,suspect,True,PULMONARY FIBROSIS,True,,2023-10-01,,False,False,True,False,False,False,False,False,True
nintedanib,26577640,1,20260404,20260404,2026,EU,EU,2,female,70.0,70.0,801,HEPATOCELLULAR INJURY,HEPATOCELLULAR INJURY,True,True,False,suspect,True,PULMONARY FIBROSIS,True,2025-11-03,2025-11-05,2.0,True,False,True,False,True,False,False,False,False
nintedanib,26581485,2,20260406,20260414,2026,EU,EU,1,female,,,,ACQUIRED DIAPHRAGMATIC EVENTRATION|DIARRHOEA|IDIOPATHIC PULMONARY FIBROSIS|LYMPHADENOPATHY|MITRAL VALVE INCOMPETENCE|TRANSAMINASES INCREASED|WEIGHT DECREASED,TRANSAMINASES INCREASED,False,True,False,suspect,True,IDIOPATHIC PULMONARY FIBROSIS,True,,,,False,False,True,False,False,False,False,False,True
nintedanib,26607551,2,20260410,20260414,2026,EU,EU,1,unknown,54.0,54.0,801,DIARRHOEA|DISEASE PROGRESSION|FUNGAL SEPSIS|GASTROENTERITIS|INTESTINAL OBSTRUCTION|TRANSAMINASES INCREASED,TRANSAMINASES INCREASED,False,True,False,suspect,True,INTERSTITIAL LUNG DISEASE,True,,2022-01-01,,False,False,True,False,True,False,False,False,True
nintedanib,26622389,2,20260415,20260417,2026,EU,EU,1,female,85.0,85.0,801,ARRHYTHMIA|ATRIAL FIBRILLATION|CARDIAC FAILURE|DIARRHOEA|LUNG DISORDER|TRANSAMINASES INCREASED|WEIGHT DECREASED,TRANSAMINASES INCREASED,False,True,False,suspect,True,RHEUMATOID ARTHRITIS,False,,,,False,False,True,False,False,False,False,False,True
nintedanib,26628449,1,20260416,20260416,2026,EU,EU,1,male,66.0,66.0,801,AORTIC ANEURYSM|COVID-19|DISEASE PROGRESSION|DYSPNOEA EXERTIONAL|HYPOXIA|LIVER DISORDER|LYMPHADENOPATHY|PRODUCTIVE COUGH|RAYNAUD^S PHENOMENON|RESPIRATORY FAILURE|TRANSAMINASES INCREASED,LIVER DISORDER|TRANSAMINASES INCREASED,False,True,False,suspect,True,IDIOPATHIC PULMONARY FIBROSIS,True,,2021-01-01,,False,False,True,False,False,False,False,False,True
nintedanib,26628627,1,20260416,20260416,2026,EU,EU,1,female,84.0,84.0,801,ARTERIOSCLEROSIS|BURSITIS|COVID-19|DRUG INTERACTION|DRUG INTOLERANCE|HEPATIC FUNCTION ABNORMAL|IDIOPATHIC PULMONARY FIBROSIS|PALINDROMIC RHEUMATISM|PERIPHERAL ARTERY THROMBOSIS|RASH PAPULAR|RHEUMATOID ARTHRITIS|RHEUMATOID VASCULITIS,HEPATIC FUNCTION ABNORMAL,False,True,False,suspect,True,IDIOPATHIC PULMONARY FIBROSIS,True,,2020-01-01,,False,False,True,False,False,False,False,False,True
nintedanib,26640982,1,20260420,20260420,2026,US,US,5,female,82.0,82.0,801,ALANINE AMINOTRANSFERASE INCREASED|ASPARTATE AMINOTRANSFERASE INCREASED|ATRIAL FIBRILLATION|DIARRHOEA|EPISTAXIS|FATIGUE,ALANINE AMINOTRANSFERASE INCREASED|ASPARTATE AMINOTRANSFERASE INCREASED,False,True,False,suspect,True,IDIOPATHIC PULMONARY FIBROSIS,True,,2024-01-01,,False,False,True,False,False,False,False,False,True
nintedanib,26642656,1,20260417,20260417,2026,US,,2,female,64.0,64.0,801,LIVER FUNCTION TEST INCREASED,LIVER FUNCTION TEST INCREASED,False,True,False,suspect,True,INTERSTITIAL LUNG DISEASE,True,2026-01-29,2026-04-15,76.0,True,False,False,False,False,False,False,False,False
nintedanib,26644854,1,20260420,20260420,2026,CA,CA,5,male,57.0,57.0,801,BLOOD BILIRUBIN INCREASED|DEHYDRATION|DIARRHOEA|DYSPEPSIA|FLATULENCE|GASTROENTERITIS VIRAL|INSOMNIA|NAUSEA|WEIGHT DECREASED,BLOOD BILIRUBIN INCREASED,False,True,False,suspect,True,INTERSTITIAL LUNG DISEASE,True,,,,False,False,True,False,True,False,False,False,False
nintedanib,26659606,1,20260423,20260423,2026,EU,EU,1,female,84.0,84.0,801,ARTERIOSCLEROSIS|BURSITIS|CONDITION AGGRAVATED|COVID-19|DRUG INTERACTION|HEPATIC FUNCTION ABNORMAL|IDIOPATHIC PULMONARY FIBROSIS|OFF LABEL USE|PALINDROMIC RHEUMATISM|PERIPHERAL ARTERY THROMBOSIS|RASH PAPULAR|RHEUMATOID ARTHRITIS|RHEUMATOID VASCULITIS,HEPATIC FUNCTION ABNORMAL,False,True,False,interacting,False,IDIOPATHIC PULMONARY FIBROSIS,True,,2020-01-01,,False,False,True,False,False,False,False,False,True
nintedanib,26677086,4,20260427,20260615,2026,JP,JP,5,female,67.0,67.0,801,ABDOMINAL DISCOMFORT|ABDOMINAL PAIN|DIVERTICULITIS|FATIGUE|INTERNAL HAEMORRHAGE|LIVER FUNCTION TEST INCREASED|NAUSEA|PRURITUS,LIVER FUNCTION TEST INCREASED,False,True,False,suspect,True,INTERSTITIAL LUNG DISEASE,True,,2026-04-20,,False,False,True,False,True,False,False,False,False
nintedanib,26689823,1,20260429,20260429,2026,US,US,1,male,77.0,77.0,801,ALANINE AMINOTRANSFERASE INCREASED|ASPARTATE AMINOTRANSFERASE INCREASED,ALANINE AMINOTRANSFERASE INCREASED|ASPARTATE AMINOTRANSFERASE INCREASED,False,True,False,concomitant,True,PRODUCT USED FOR UNKNOWN INDICATION,False,,2023-10-26,,False,False,False,False,False,False,False,False,False
nintedanib,26691362,3,20260429,20260629,2026,JP,JP,5,male,77.0,77.0,801,CHEST DISCOMFORT|COUGH|DYSPHONIA|INTERCOSTAL NEURALGIA|LARYNGEAL OEDEMA|LIVER FUNCTION TEST INCREASED|VOCAL CORD DISORDER,LIVER FUNCTION TEST INCREASED,False,True,False,suspect,True,INTERSTITIAL LUNG DISEASE,True,,2026-05-21,,False,False,True,False,False,False,False,False,True
nintedanib,26692233,1,20260429,20260429,2026,US,US,3,male,77.0,77.0,801,ALANINE AMINOTRANSFERASE INCREASED|ASPARTATE AMINOTRANSFERASE INCREASED,ALANINE AMINOTRANSFERASE INCREASED|ASPARTATE AMINOTRANSFERASE INCREASED,False,True,False,concomitant,True,PRODUCT USED FOR UNKNOWN INDICATION,False,,2024-02-09,,False,False,False,False,False,False,False,False,False
nintedanib,26696365,1,20260430,20260430,2026,EU,EU,1,female,84.0,84.0,801,ARTERIOSCLEROSIS|BURSITIS|COVID-19|DRUG INTERACTION|DRUG INTOLERANCE|HEPATIC FUNCTION ABNORMAL|IDIOPATHIC PULMONARY FIBROSIS|PALINDROMIC RHEUMATISM|PERIPHERAL ARTERY THROMBOSIS|RASH PAPULAR|RHEUMATOID ARTHRITIS|RHEUMATOID VASCULITIS,HEPATIC FUNCTION ABNORMAL,False,True,False,suspect,True,IDIOPATHIC PULMONARY FIBROSIS,True,,2020-01-01,,False,False,True,False,False,False,False,False,True
nintedanib,26702770,1,20260501,20260501,2026,CA,CA,5,female,74.0,74.0,801,DIARRHOEA|HAEMOGLOBIN DECREASED|HEPATIC ENZYME INCREASED|NAUSEA|PAIN IN EXTREMITY|PERIPHERAL SWELLING|VOMITING,HEPATIC ENZYME INCREASED,False,True,False,suspect,True,IDIOPATHIC PULMONARY FIBROSIS,True,2026-03-24,2026-03-26,2.0,True,False,True,False,True,False,False,False,False
nintedanib,26718387,1,20260506,20260506,2026,JP,JP,1,unknown,,,,ABDOMINAL PAIN|COMPUTERISED TOMOGRAM ABNORMAL|CONDITION AGGRAVATED|DEATH|DECREASED APPETITE|DIARRHOEA|DISEASE PROGRESSION|FORCED VITAL CAPACITY DECREASED|HEPATIC ENZYME INCREASED|LUNG DIFFUSION TEST DECREASED|NAUSEA|PNEUMOMEDIASTINUM|PNEUMOTHORAX|PULMONARY FUNCTION TEST DECREASED|VOMITING,HEPATIC ENZYME INCREASED,False,True,False,suspect,True,IDIOPATHIC PULMONARY FIBROSIS,True,,,,False,False,True,True,False,False,False,False,True
nintedanib,26721618,1,20260506,20260506,2026,RS,RS,1,female,50.0,50.0,801,ALANINE AMINOTRANSFERASE INCREASED|ASPARTATE AMINOTRANSFERASE INCREASED|DIARRHOEA|JOINT DISLOCATION|N-TERMINAL PROHORMONE BRAIN NATRIURETIC PEPTIDE INCREASED|PULMONARY HYPERTENSION,ALANINE AMINOTRANSFERASE INCREASED|ASPARTATE AMINOTRANSFERASE INCREASED,False,True,False,suspect,True,INTERSTITIAL LUNG DISEASE,True,,2024-08-12,,False,False,True,False,False,False,False,False,True
nintedanib,26738327,1,20260508,20260508,2026,US,,2,female,71.0,71.0,801,LIVER FUNCTION TEST INCREASED,LIVER FUNCTION TEST INCREASED,False,True,False,suspect,True,PULMONARY FIBROSIS,True,2026-02-27,2026-03-30,31.0,True,False,False,False,False,False,False,False,False
nintedanib,26763926,1,20260516,20260516,2026,US,US,5,male,,,,ASTHENIA|DECREASED APPETITE|LIVER DISORDER|WEIGHT DECREASED,LIVER DISORDER,False,True,False,suspect,True,IDIOPATHIC PULMONARY FIBROSIS,True,,,,False,False,True,False,False,False,False,False,True
nintedanib,26770858,1,20260519,20260519,2026,GB,GB,1,male,,,,IDIOPATHIC PULMONARY FIBROSIS|LIVER FUNCTION TEST ABNORMAL|WEIGHT DECREASED,LIVER FUNCTION TEST ABNORMAL,False,True,False,suspect,True,IDIOPATHIC PULMONARY FIBROSIS,True,,,,False,False,True,False,False,False,False,False,True
nintedanib,26779716,1,20260520,20260520,2026,CA,CA,5,male,77.0,77.0,801,LIVER FUNCTION TEST INCREASED|PNEUMONIA RESPIRATORY SYNCYTIAL VIRAL,LIVER FUNCTION TEST INCREASED,False,True,False,suspect,True,IDIOPATHIC PULMONARY FIBROSIS,True,,,,False,False,True,False,True,False,False,False,False
nintedanib,26791938,1,20260522,20260522,2026,JP,JP,5,male,62.0,62.0,801,DIARRHOEA|GASTROINTESTINAL DISORDER|IDIOPATHIC PULMONARY FIBROSIS|LIVER FUNCTION TEST INCREASED|MUSCLE FATIGUE|MUSCULAR WEAKNESS,LIVER FUNCTION TEST INCREASED,False,True,False,suspect,True,IDIOPATHIC PULMONARY FIBROSIS,True,2024-08-17,,,False,False,True,False,False,False,False,False,True
nintedanib,26796221,1,20260525,20260525,2026,US,US,1,unknown,,,,ACUTE HEPATIC FAILURE,ACUTE HEPATIC FAILURE,True,True,False,suspect,True,PRODUCT USED FOR UNKNOWN INDICATION,False,,,,False,False,True,False,False,False,False,False,True
nintedanib,26801200,3,20260526,20260624,2026,EU,EU,1,female,75.0,75.0,801,HEPATOTOXICITY|NAUSEA|VOMITING,HEPATOTOXICITY,True,True,False,suspect,True,IDIOPATHIC PULMONARY FIBROSIS,True,2026-01-07,2026-01-10,3.0,True,False,True,False,False,False,False,False,True
nintedanib,26807840,2,20260527,20260624,2026,EU,EU,1,male,64.0,64.0,801,"ACUTE CORONARY SYNDROME|BONE CONTUSION|CIRCULATORY COLLAPSE|COVID-19|HALLUCINATION, VISUAL|HEPATIC ENZYME INCREASED",HEPATIC ENZYME INCREASED,False,True,False,suspect,True,IDIOPATHIC PULMONARY FIBROSIS|INTERSTITIAL LUNG DISEASE,True,,2025-12-27,,False,False,True,False,True,False,False,False,False
nintedanib,26808985,1,20260528,20260528,2026,EU,EU,1,unknown,,,,HEPATITIS,HEPATITIS,False,True,False,suspect,True,PRODUCT USED FOR UNKNOWN INDICATION,False,,2024-08-08,,False,True,True,True,False,False,False,False,False
nintedanib,26815596,1,20260529,20260529,2026,EU,EU,1,female,70.0,70.0,801,DEATH|DYSPNOEA EXERTIONAL|HEPATIC ENZYME INCREASED|PULMONARY FIBROSIS,HEPATIC ENZYME INCREASED,False,True,False,suspect,True,PULMONARY FIBROSIS,True,,2025-05-01,,False,False,True,True,False,False,False,False,True
nintedanib,26819946,1,20260601,20260601,2026,US,US,5,female,63.0,63.0,801,LIVER FUNCTION TEST ABNORMAL,LIVER FUNCTION TEST ABNORMAL,False,True,False,suspect,True,,False,,,,False,False,False,False,False,False,False,False,False
nintedanib,26822850,1,20260601,20260601,2026,DZ,DZ,1,female,62.0,62.0,801,ALANINE AMINOTRANSFERASE INCREASED|ASPARTATE AMINOTRANSFERASE INCREASED,ALANINE AMINOTRANSFERASE INCREASED|ASPARTATE AMINOTRANSFERASE INCREASED,False,True,False,suspect,True,PRODUCT USED FOR UNKNOWN INDICATION,False,2026-04-12,2026-04-12,0.0,True,False,True,False,False,True,False,False,False
nintedanib,26827639,2,20260602,20260629,2026,JP,JP,5,male,65.0,65.0,801,COUGH|DECREASED APPETITE|DIARRHOEA|DYSPNOEA|FEEDING DISORDER|LIVER FUNCTION TEST ABNORMAL|MALAISE|PNEUMONIA BACTERIAL|PYREXIA|WEIGHT DECREASED,LIVER FUNCTION TEST ABNORMAL,False,True,False,suspect,True,INTERSTITIAL LUNG DISEASE,True,,2026-05-22,,False,False,True,False,True,False,False,False,False
nintedanib,26849942,1,20260608,20260608,2026,JP,JP,5,male,,,,ARTHRALGIA|CHROMATURIA|DECREASED APPETITE|DIARRHOEA|INTERSTITIAL LUNG DISEASE|LIVER FUNCTION TEST INCREASED|MALAISE|NASOPHARYNGITIS|PYREXIA|URINE OUTPUT DECREASED,LIVER FUNCTION TEST INCREASED,False,True,False,concomitant,True,INTERSTITIAL LUNG DISEASE,True,,,,False,False,True,False,False,False,False,False,True
nintedanib,26850900,1,20260608,20260608,2026,US,US,5,male,86.0,86.0,801,DIARRHOEA|LIVER FUNCTION TEST ABNORMAL|RENAL IMPAIRMENT,LIVER FUNCTION TEST ABNORMAL,False,True,False,suspect,True,IDIOPATHIC PULMONARY FIBROSIS,True,2024-03-01,2026-03-01,730.0,False,False,True,False,False,False,False,False,True
nintedanib,26889189,1,20260616,20260616,2026,US,,5,unknown,,,,DIARRHOEA|LIVER FUNCTION TEST INCREASED|THERAPY CESSATION,LIVER FUNCTION TEST INCREASED,False,True,False,suspect,True,,False,,,,False,False,False,False,False,False,False,False,False
nintedanib,26891085,1,20260617,20260617,2026,CA,CA,5,male,79.0,79.0,801,ABDOMINAL PAIN UPPER|DIARRHOEA|DUODENAL NEOPLASM|FLATULENCE|HEPATIC ENZYME INCREASED|JAUNDICE|LYMPHOMA|PRODUCT DOSE OMISSION ISSUE|STENT PLACEMENT|TUMOUR HAEMORRHAGE,HEPATIC ENZYME INCREASED|JAUNDICE,False,True,False,suspect,True,IDIOPATHIC PULMONARY FIBROSIS,True,2025-10-14,,,False,False,True,False,True,False,False,False,True
nintedanib,26892695,1,20260618,20260618,2026,CA,CA,5,female,79.0,79.0,801,DRUG REACTION WITH EOSINOPHILIA AND SYSTEMIC SYMPTOMS|DYSPEPSIA|GASTROOESOPHAGEAL REFLUX DISEASE|HEPATIC ENZYME INCREASED|INFLUENZA|MALAISE|MULTIPLE ALLERGIES|NAUSEA|PRURITUS,HEPATIC ENZYME INCREASED,False,True,False,suspect,True,IDIOPATHIC PULMONARY FIBROSIS,True,,,,False,False,True,False,False,False,False,False,True
nintedanib,26895950,1,20260618,20260618,2026,JP,JP,2,female,79.0,79.0,801,ALANINE AMINOTRANSFERASE INCREASED|ASPARTATE AMINOTRANSFERASE INCREASED|GAMMA-GLUTAMYLTRANSFERASE INCREASED|SUSPECTED DRUG-INDUCED LIVER INJURY,ALANINE AMINOTRANSFERASE INCREASED|ASPARTATE AMINOTRANSFERASE INCREASED|GAMMA-GLUTAMYLTRANSFERASE INCREASED,False,True,False,suspect,True,INTERSTITIAL LUNG DISEASE,True,2025-05-19,2025-01-01,-138.0,False,False,True,False,True,False,False,False,False
nintedanib,26897320,1,20260618,20260618,2026,EU,EU,1,female,72.0,72.0,801,MIXED LIVER INJURY,MIXED LIVER INJURY,True,True,False,suspect,True,INTERSTITIAL LUNG DISEASE,True,2026-01-06,2026-02-04,29.0,True,False,True,False,True,False,False,False,False
nintedanib,26909869,1,20260623,20260623,2026,EU,EU,1,female,42.0,42.0,801,INTERSTITIAL LUNG DISEASE|NAUSEA|RESPIRATORY FAILURE|TRANSAMINASES INCREASED,TRANSAMINASES INCREASED,False,True,False,suspect,True,PRODUCT USED FOR UNKNOWN INDICATION,False,2026-03-03,2011-03-26,-5456.0,False,False,True,False,False,False,False,False,True
nintedanib,26914214,1,20260623,20260623,2026,CA,CA,5,male,80.0,80.0,801,BLOOD ALKALINE PHOSPHATASE INCREASED|HAEMOPTYSIS|HEPATIC ENZYME INCREASED|LOSS OF CONSCIOUSNESS|PNEUMONIA|TRANSIENT ISCHAEMIC ATTACK,BLOOD ALKALINE PHOSPHATASE INCREASED|HEPATIC ENZYME INCREASED,False,True,False,suspect,True,IDIOPATHIC PULMONARY FIBROSIS,True,2023-09-29,,,False,False,True,False,True,False,False,False,False
nintedanib,26938446,1,20260629,20260629,2026,EU,EU,1,male,,,,IDIOPATHIC PULMONARY FIBROSIS|LIVER FUNCTION TEST INCREASED,LIVER FUNCTION TEST INCREASED,False,True,False,suspect,True,IDIOPATHIC PULMONARY FIBROSIS,True,,,,False,False,True,False,False,False,False,False,True
nintedanib,26940176,1,20260630,20260630,2026,EU,EU,1,female,77.0,77.0,801,DISEASE PROGRESSION|GASTROINTESTINAL DISORDER|HEPATOTOXICITY,HEPATOTOXICITY,True,True,False,suspect,True,PULMONARY FIBROSIS,True,,,,False,False,True,False,False,False,False,False,True
pirfenidone,10567804,2,20141104,20141113,2014,US,,3,female,68.0,68.0,801,ALANINE AMINOTRANSFERASE INCREASED|ASPARTATE AMINOTRANSFERASE INCREASED|LABORATORY TEST ABNORMAL,ALANINE AMINOTRANSFERASE INCREASED|ASPARTATE AMINOTRANSFERASE INCREASED,False,True,False,suspect,True,IDIOPATHIC PULMONARY FIBROSIS,True,2014-08-15,2014-10-08,54.0,True,False,True,False,False,False,False,False,True
pirfenidone,10667696,1,20141218,20141218,2014,GB,,3,unknown,66.0,66.0,801,LIVER FUNCTION TEST ABNORMAL|LOWER RESPIRATORY TRACT INFECTION|MONOCLONAL IMMUNOGLOBULIN PRESENT|NEUTROPENIA,LIVER FUNCTION TEST ABNORMAL,False,True,False,suspect,True,PRODUCT USED FOR UNKNOWN INDICATION,False,,,,False,False,True,False,True,False,False,False,False
pirfenidone,10723919,1,20150114,20150114,2015,US,,,female,79.0,79.0,801,ALANINE AMINOTRANSFERASE INCREASED|ASPARTATE AMINOTRANSFERASE INCREASED|BLOOD ALKALINE PHOSPHATASE INCREASED|HEPATOTOXICITY|NAUSEA|VOMITING,ALANINE AMINOTRANSFERASE INCREASED|ASPARTATE AMINOTRANSFERASE INCREASED|BLOOD ALKALINE PHOSPHATASE INCREASED|HEPATOTOXICITY,True,True,False,suspect,True,IDIOPATHIC PULMONARY FIBROSIS,True,2014-09-25,2014-11-12,48.0,True,False,True,False,False,False,False,False,True
pirfenidone,10750031,2,20150129,20150302,2015,IT,IT,1,female,78.0,78.0,801,HEPATOTOXICITY,HEPATOTOXICITY,True,True,False,suspect,True,PULMONARY FIBROSIS,True,2014-06-01,2015-01-02,215.0,True,False,True,False,False,False,False,False,True
pirfenidone,10766483,1,20150205,20150205,2015,FR,FR,3,male,,,,ALANINE AMINOTRANSFERASE INCREASED|ARTHRALGIA|ASPARTATE AMINOTRANSFERASE INCREASED|ASTHENIA|BLOOD BILIRUBIN INCREASED|COUGH|DECREASED APPETITE|DIZZINESS|ERYTHEMA|FATIGUE|FLATULENCE|GAMMA-GLUTAMYLTRANSFERASE INCREASED|GASTROOESOPHAGEAL REFLUX DISEASE|HEADACHE|HYPOTENSION|MYALGIA|PHOTOSENSITIVITY REACTION|PRURITUS|RASH|RASH ERYTHEMATOUS|SUNBURN|UPPER RESPIRATORY TRACT INFECTION|WEIGHT DECREASED,ALANINE AMINOTRANSFERASE INCREASED|ASPARTATE AMINOTRANSFERASE INCREASED|BLOOD BILIRUBIN INCREASED|GAMMA-GLUTAMYLTRANSFERASE INCREASED,False,True,True,suspect,True,IDIOPATHIC PULMONARY FIBROSIS,True,2014-01-28,,,False,False,True,False,False,False,False,False,True
pirfenidone,10880185,2,20150302,20150522,2015,US,US,1,female,71.0,71.0,801,CONSTIPATION|DRUG-INDUCED LIVER INJURY,DRUG-INDUCED LIVER INJURY,True,True,False,suspect,True,IDIOPATHIC PULMONARY FIBROSIS,True,2014-12-01,2015-02-06,67.0,True,False,True,False,True,False,False,False,False
pirfenidone,10914781,1,20150313,20150313,2015,US,US,1,female,,,,ACUTE HEPATIC FAILURE,ACUTE HEPATIC FAILURE,True,True,False,suspect,True,PRODUCT USED FOR UNKNOWN INDICATION,False,,,,False,False,True,False,False,False,False,False,True
pirfenidone,10914793,1,20150313,20150313,2015,GB,GB,3,male,,,,BLOOD COUNT ABNORMAL|LEFT VENTRICULAR FAILURE|LIVER FUNCTION TEST ABNORMAL|LOWER RESPIRATORY TRACT INFECTION|RIGHT VENTRICULAR FAILURE,LIVER FUNCTION TEST ABNORMAL,False,True,False,suspect,True,IDIOPATHIC PULMONARY FIBROSIS,True,2014-07-21,,,False,False,True,False,True,False,False,False,True
pirfenidone,10914825,1,20150313,20150313,2015,FR,FR,1,male,67.0,67.0,801,DECREASED APPETITE|GAMMA-GLUTAMYLTRANSFERASE INCREASED|LUNG NEOPLASM MALIGNANT|NAUSEA|PHOTOSENSITIVITY REACTION|RASH|VOMITING,GAMMA-GLUTAMYLTRANSFERASE INCREASED,False,True,False,suspect,True,IDIOPATHIC PULMONARY FIBROSIS,True,2013-03-27,2013-05-13,47.0,True,False,True,False,False,False,False,False,True
pirfenidone,10983954,1,20150403,20150403,2015,DE,DE,1,male,75.0,75.0,801,LIVER FUNCTION TEST ABNORMAL|PHOTOSENSITIVITY REACTION,LIVER FUNCTION TEST ABNORMAL,False,True,False,suspect,True,PRODUCT USED FOR UNKNOWN INDICATION,False,2014-01-22,,,False,False,True,False,False,False,False,False,True
pirfenidone,11010353,1,20150410,20150410,2015,FR,FR,1,male,65.0,65.0,801,ALANINE AMINOTRANSFERASE INCREASED|ASPARTATE AMINOTRANSFERASE INCREASED|GAMMA-GLUTAMYLTRANSFERASE INCREASED|LUNG INFECTION|RHINOVIRUS INFECTION,ALANINE AMINOTRANSFERASE INCREASED|ASPARTATE AMINOTRANSFERASE INCREASED|GAMMA-GLUTAMYLTRANSFERASE INCREASED,False,True,False,suspect,True,IDIOPATHIC PULMONARY FIBROSIS,True,2013-04-17,2013-04-22,5.0,True,False,True,False,True,True,False,False,True
pirfenidone,11011815,1,20150410,20150410,2015,US,US,1,female,79.0,79.0,801,HEPATOTOXICITY,HEPATOTOXICITY,True,True,False,suspect,True,IDIOPATHIC PULMONARY FIBROSIS,True,2014-09-25,2014-11-12,48.0,True,False,True,False,False,False,False,False,True
pirfenidone,11045772,1,20150417,20150417,2015,US,US,5,male,77.0,77.0,801,ASTHENIA|DEHYDRATION|DYSPEPSIA|DYSPNOEA|LIVER FUNCTION TEST ABNORMAL|PANCREATIC DISORDER,LIVER FUNCTION TEST ABNORMAL,False,True,False,suspect,True,,False,,,,False,False,True,False,True,False,False,False,False
pirfenidone,11070398,2,20150427,20150514,2015,US,US,5,female,62.0,62.0,801,BLOOD ELECTROLYTES DECREASED|BLOOD MAGNESIUM DECREASED|CHEST PAIN|DECREASED APPETITE|DEHYDRATION|DIARRHOEA|DYSPNOEA|HEPATITIS C|HYPOTENSION|LIVER FUNCTION TEST ABNORMAL|NAUSEA|NIGHTMARE|PAIN IN EXTREMITY|PALPITATIONS|WEIGHT DECREASED,LIVER FUNCTION TEST ABNORMAL,False,True,False,suspect,True,IDIOPATHIC PULMONARY FIBROSIS,True,2015-04-02,,,False,False,True,False,True,False,False,False,False
pirfenidone,11073634,1,20150428,20150428,2015,GB,GB,3,male,,,,COLITIS ULCERATIVE|COUGH|DYSPNOEA|LIVER FUNCTION TEST ABNORMAL|MALAISE|NAUSEA,LIVER FUNCTION TEST ABNORMAL,False,True,False,suspect,True,IDIOPATHIC PULMONARY FIBROSIS,True,,,,False,False,True,False,True,False,False,False,False
pirfenidone,11088260,1,20150504,20150504,2015,GB,GB,3,male,81.0,81.0,801,CHROMATURIA|DIZZINESS|LIVER FUNCTION TEST ABNORMAL|VOMITING,LIVER FUNCTION TEST ABNORMAL,False,True,False,suspect,True,IDIOPATHIC PULMONARY FIBROSIS,True,2014-09-04,2015-04-05,213.0,True,False,True,False,False,False,False,False,True
pirfenidone,11098677,2,20150507,20150519,2015,SE,SE,1,female,68.0,68.0,801,LIVER FUNCTION TEST ABNORMAL,LIVER FUNCTION TEST ABNORMAL,False,True,False,suspect,True,IDIOPATHIC PULMONARY FIBROSIS,True,2014-07-23,2015-02-24,216.0,True,False,True,False,False,False,False,False,True
pirfenidone,11128894,1,20150521,20150521,2015,IT,IT,3,male,77.0,77.0,801,ASTHENIA|CONDITION AGGRAVATED|GAMMA-GLUTAMYLTRANSFERASE INCREASED|SYNCOPE,GAMMA-GLUTAMYLTRANSFERASE INCREASED,False,True,False,suspect,True,IDIOPATHIC PULMONARY FIBROSIS,True,2015-02-16,2015-04-10,53.0,True,False,True,True,False,False,False,False,False
pirfenidone,11132550,1,20150522,20150522,2015,GB,GB,3,female,79.0,79.0,801,LIVER FUNCTION TEST ABNORMAL,LIVER FUNCTION TEST ABNORMAL,False,True,False,suspect,True,INTERSTITIAL LUNG DISEASE,True,2015-03-31,2015-05-01,31.0,True,False,True,False,False,False,False,False,True
pirfenidone,11132639,2,20150522,20150528,2015,US,US,1,female,62.0,62.0,801,ACUTE HEPATIC FAILURE|COAGULOPATHY,ACUTE HEPATIC FAILURE,True,True,False,suspect,True,IDIOPATHIC PULMONARY FIBROSIS,True,,,,False,True,True,True,True,False,False,False,False
pirfenidone,11133455,1,20150522,20150522,2015,PT,PT,1,male,,,,HEPATOTOXICITY,HEPATOTOXICITY,True,True,False,suspect,True,IDIOPATHIC PULMONARY FIBROSIS,True,,,,False,False,True,False,False,False,False,False,True
pirfenidone,11152641,1,20150601,20150601,2015,CZ,CZ,1,female,,,,HEPATOTOXICITY,HEPATOTOXICITY,True,True,False,suspect,True,IDIOPATHIC PULMONARY FIBROSIS,True,2015-03-31,2015-05-13,43.0,True,False,True,False,True,False,False,False,False
pirfenidone,11165983,3,20150604,20150623,2015,CA,CA,1,female,61.0,61.0,801,ACUTE HEPATIC FAILURE|ATRIAL FIBRILLATION|ATRIAL THROMBOSIS|COAGULOPATHY|PULMONARY EMBOLISM|SLEEP APNOEA SYNDROME,ACUTE HEPATIC FAILURE,True,True,False,suspect,True,IDIOPATHIC PULMONARY FIBROSIS,True,2013-06-18,2013-10-18,122.0,True,True,True,True,True,False,False,False,False
pirfenidone,11193159,1,20150616,20150616,2015,US,US,5,female,63.0,63.0,801,ABDOMINAL PAIN UPPER|DECREASED APPETITE|DIZZINESS|HEADACHE|JAUNDICE|MEMORY IMPAIRMENT|MENTAL STATUS CHANGES|OCULAR ICTERUS|VOMITING|WEIGHT DECREASED,JAUNDICE,False,True,False,suspect,True,IDIOPATHIC PULMONARY FIBROSIS,True,2015-03-30,,,False,False,True,False,False,False,False,False,True
pirfenidone,11209660,1,20150622,20150622,2015,US,US,3,male,,,,HYPERBILIRUBINAEMIA,HYPERBILIRUBINAEMIA,False,True,False,suspect,True,IDIOPATHIC PULMONARY FIBROSIS,True,,,,False,False,True,False,False,False,False,False,True
pirfenidone,11236640,2,20150703,20160622,2015,CA,CA,5,male,68.0,68.0,801,COUGH|DYSPNOEA|HEPATIC FUNCTION ABNORMAL|HOT FLUSH|MALAISE|PANIC ATTACK,HEPATIC FUNCTION ABNORMAL,False,True,False,suspect,True,IDIOPATHIC PULMONARY FIBROSIS,True,2015-02-12,,,False,False,True,False,False,False,False,False,True
pirfenidone,11242429,1,20150707,20150707,2015,US,US,5,female,79.0,79.0,801,LIVER DISORDER,LIVER DISORDER,False,True,False,suspect,True,PRODUCT USED FOR UNKNOWN INDICATION,False,,,,False,False,True,False,True,False,False,False,True
pirfenidone,11253576,2,20150709,20150717,2015,US,US,1,male,60.0,60.0,801,DEATH|HYPERBILIRUBINAEMIA,HYPERBILIRUBINAEMIA,False,True,False,suspect,True,IDIOPATHIC PULMONARY FIBROSIS,True,2015-06-02,2015-06-12,10.0,True,False,True,True,False,False,False,False,False
pirfenidone,11254024,1,20150709,20150709,2015,DE,DE,1,female,,,,LIVER FUNCTION TEST ABNORMAL|METASTATIC GASTRIC CANCER,LIVER FUNCTION TEST ABNORMAL,False,True,False,suspect,True,PRODUCT USED FOR UNKNOWN INDICATION,False,,,,False,False,True,False,False,False,False,False,True
pirfenidone,11257587,2,20150710,20150730,2015,IT,IT,3,male,71.0,71.0,801,HEPATITIS TOXIC,HEPATITIS TOXIC,True,True,False,suspect,True,IDIOPATHIC PULMONARY FIBROSIS,True,2014-07-21,2015-05-20,303.0,True,False,True,False,False,False,False,False,True
pirfenidone,11263708,3,20150713,20160923,2015,CA,CA,1,male,80.0,80.0,801,ALANINE AMINOTRANSFERASE INCREASED|ASPARTATE AMINOTRANSFERASE INCREASED|ASTHENIA|BLOOD IRON DECREASED|CHOKING SENSATION|COUGH|DIZZINESS|DRUG INEFFECTIVE|DYSPNOEA|FATIGUE|GASTROINTESTINAL DISORDER|HEART RATE INCREASED|MALAISE|NAUSEA|RENAL IMPAIRMENT,ALANINE AMINOTRANSFERASE INCREASED|ASPARTATE AMINOTRANSFERASE INCREASED,False,True,False,suspect,True,IDIOPATHIC PULMONARY FIBROSIS,True,2015-01-19,2015-02-24,36.0,True,False,True,False,False,False,False,False,True
pirfenidone,11264556,3,20150713,20161103,2015,SE,SE,1,female,68.0,68.0,801,DECREASED APPETITE|HEPATITIS A|LIVER FUNCTION TEST ABNORMAL,LIVER FUNCTION TEST ABNORMAL,False,True,False,suspect,True,IDIOPATHIC PULMONARY FIBROSIS,True,2014-07-23,2014-10-28,97.0,True,False,True,False,False,False,False,False,True
pirfenidone,11268158,1,20150714,20150714,2015,FR,FR,1,male,,,,HEPATITIS,HEPATITIS,False,True,False,suspect,True,PRODUCT USED FOR UNKNOWN INDICATION,False,,,,False,False,True,False,False,False,False,False,True
pirfenidone,11271824,1,20150715,20150715,2015,GB,GB,5,male,,,,LIVER FUNCTION TEST ABNORMAL,LIVER FUNCTION TEST ABNORMAL,False,True,False,suspect,True,IDIOPATHIC PULMONARY FIBROSIS,True,,,,False,False,True,False,False,False,False,False,True
pirfenidone,11271879,15,20150715,20170224,2015,CA,CA,1,female,74.0,74.0,801,ANGINA PECTORIS|BLOOD POTASSIUM DECREASED|CARDIAC FAILURE|CARDIAC PROCEDURE COMPLICATION|CEREBROVASCULAR ACCIDENT|COMA|DECREASED APPETITE|DIVERTICULITIS|DRUG INTOLERANCE|ERUCTATION|HAEMOGLOBIN DECREASED|INJECTION SITE ABSCESS|LARYNGEAL INJURY|LIVER FUNCTION TEST INCREASED|NEURALGIA|OXYGEN SATURATION DECREASED|PULMONARY FUNCTION TEST DECREASED|RHINORRHOEA|ROTATOR CUFF SYNDROME,LIVER FUNCTION TEST INCREASED,False,True,False,suspect,True,IDIOPATHIC PULMONARY FIBROSIS,True,2013-06-15,,,False,False,True,False,True,True,False,False,True
pirfenidone,11312092,2,20150727,20150902,2015,US,US,3,female,,,,CARDIAC FAILURE CONGESTIVE|HEPATIC ENZYME INCREASED|NAUSEA|REGURGITATION|VOMITING,HEPATIC ENZYME INCREASED,False,True,False,suspect,True,PRODUCT USED FOR UNKNOWN INDICATION,False,,,,False,False,True,False,True,False,False,False,False
pirfenidone,11312093,1,20150727,20150727,2015,IT,IT,5,male,74.0,74.0,801,ASTHENIA|CARDIOPULMONARY FAILURE|DECREASED APPETITE|GAMMA-GLUTAMYLTRANSFERASE INCREASED,GAMMA-GLUTAMYLTRANSFERASE INCREASED,False,True,False,suspect,True,IDIOPATHIC PULMONARY FIBROSIS,True,2015-03-10,2015-05-27,78.0,True,False,True,True,False,False,False,False,False
pirfenidone,11323418,9,20150730,20180410,2015,US,US,3,female,74.0,74.0,801,ABDOMINAL DISCOMFORT|COUGH|DECREASED APPETITE|HERPES ZOSTER|LACRIMATION INCREASED|LIVER FUNCTION TEST INCREASED|NASAL CONGESTION|NASOPHARYNGITIS|PNEUMONIA HAEMOPHILUS|SNEEZING|TOOTH DISORDER|TREMOR,LIVER FUNCTION TEST INCREASED,False,True,False,suspect,True,IDIOPATHIC PULMONARY FIBROSIS,True,2015-04-08,2015-05-23,45.0,True,False,True,False,True,False,False,False,True
pirfenidone,11329224,1,20150803,20150803,2015,US,US,5,female,,,,HEADACHE|HYPERSENSITIVITY|LIVER DISORDER|LIVER FUNCTION TEST ABNORMAL,LIVER DISORDER|LIVER FUNCTION TEST ABNORMAL,False,True,False,suspect,True,IDIOPATHIC PULMONARY FIBROSIS,True,2015-04-10,,,False,False,True,False,False,False,False,False,True
pirfenidone,11334426,1,20150804,20150804,2015,US,US,5,female,,,,HEADACHE|LIVER FUNCTION TEST ABNORMAL,LIVER FUNCTION TEST ABNORMAL,False,True,False,suspect,True,IDIOPATHIC PULMONARY FIBROSIS,True,,,,False,False,True,False,False,False,False,False,True
pirfenidone,11335009,29,20150804,20210309,2015,DE,DE,5,male,56.0,56.0,801,ABDOMINAL PAIN UPPER|ABSCESS|ACUTE KIDNEY INJURY|AGEUSIA|ANAL ABSCESS|ANKLE FRACTURE|ARTHRALGIA|ASCITES|ASTHENIA|BIPOLAR DISORDER|BLADDER FIBROSIS|BLOOD GLUCOSE INCREASED|BORDERLINE PERSONALITY DISORDER|CARDIAC HYPERTROPHY|CATARACT|CHEST PAIN|CHRONIC GASTRITIS|DECREASED APPETITE|DEEP VEIN THROMBOSIS|DEMENTIA|DEPRESSION|DIABETIC ULCER|DIARRHOEA|DRY SKIN|DYSPNOEA|ECZEMA|ERYTHEMA|EXTREMITY NECROSIS|EYE HAEMORRHAGE|EYELID CYST|FLUID RETENTION|FOOT FRACTURE|GASTRIC DISORDER|GASTRITIS|GENERAL PHYSICAL HEALTH DETERIORATION|HAEMATOCHEZIA|HEPATIC CIRRHOSIS|HEPATIC FAILURE|INFLAMMATION|INTENTIONAL PRODUCT USE ISSUE|JOINT SWELLING|LEFT VENTRICULAR FAILURE|LIMB DISCOMFORT|LIMB IMMOBILISATION|MENTAL DISORDER|NASOPHARYNGITIS|NEOPLASM|OFF LABEL USE|OSTEOMYELITIS|OVERWEIGHT|PAIN IN EXTREMITY|PAIN OF SKIN|PERIPHERAL SWELLING|PHLEBITIS|PYREXIA|RENAL FAILURE|RENAL FUNCTION TEST ABNORMAL|SCROTAL ABSCESS|SCROTAL PAIN|SKIN DISCOLOURATION|STRESS|SUBCUTANEOUS ABSCESS|SUICIDAL IDEATION|SUICIDE ATTEMPT|THROMBOSIS|TOXICITY TO VARIOUS AGENTS|UROSEPSIS|WEIGHT DECREASED|WOUND,HEPATIC FAILURE,True,True,False,suspect,True,IDIOPATHIC PULMONARY FIBROSIS,True,2014-08-27,2014-11-09,74.0,True,False,True,False,True,True,False,False,True
pirfenidone,11339417,2,20150805,20150826,2015,US,US,1,female,,,,DIARRHOEA|HEADACHE|HEPATIC ENZYME INCREASED|NAUSEA,HEPATIC ENZYME INCREASED,False,True,False,suspect,True,IDIOPATHIC PULMONARY FIBROSIS,True,2015-03-27,,,False,False,True,False,False,False,False,False,True
pirfenidone,11369199,1,20150812,20150812,2015,LU,LU,1,unknown,,,,HEPATOTOXICITY,HEPATOTOXICITY,True,True,False,suspect,True,PRODUCT USED FOR UNKNOWN INDICATION,False,,,,False,False,True,False,False,False,False,False,True
pirfenidone,11398169,2,20150820,20160826,2015,US,US,1,male,88.0,88.0,801,DECREASED APPETITE|DYSPNOEA|EOSINOPHIL COUNT INCREASED|HEPATITIS|LIVER FUNCTION TEST INCREASED|WEIGHT DECREASED,HEPATITIS|LIVER FUNCTION TEST INCREASED,False,True,False,suspect,True,IDIOPATHIC PULMONARY FIBROSIS,True,2015-03-20,2015-04-09,20.0,True,False,True,False,False,False,True,False,False
pirfenidone,11398256,3,20150820,20151006,2015,US,US,5,male,,,,ASTHENIA|DECREASED APPETITE|DYSGEUSIA|HEPATIC ENZYME INCREASED|LIVER FUNCTION TEST ABNORMAL|PRURITUS GENERALISED|RASH ERYTHEMATOUS|SKIN EXFOLIATION,HEPATIC ENZYME INCREASED|LIVER FUNCTION TEST ABNORMAL,False,True,False,suspect,True,IDIOPATHIC PULMONARY FIBROSIS,True,2015-03-18,,,False,False,True,False,False,False,False,False,True
pirfenidone,11409507,1,20150824,20150824,2015,US,US,5,female,,,,LIVER FUNCTION TEST ABNORMAL,LIVER FUNCTION TEST ABNORMAL,False,True,False,suspect,True,IDIOPATHIC PULMONARY FIBROSIS,True,2015-05-15,,,False,False,True,False,False,False,False,False,True
pirfenidone,11415133,3,20150825,20151208,2015,IT,IT,5,female,79.0,79.0,801,ANXIETY|ASTHENIA|BONE DISORDER|CEREBROVASCULAR ACCIDENT|CHEST PAIN|COUGH|DECREASED APPETITE|DIZZINESS|DRUG DOSE OMISSION|DYSPEPSIA|DYSPNOEA|FLANK PAIN|GASTRIC PH DECREASED|GASTROINTESTINAL DISORDER|HEADACHE|HEPATIC ENZYME INCREASED|MALAISE|OXYGEN SATURATION DECREASED|PANIC ATTACK|RESPIRATORY DISORDER|RIB FRACTURE|SLEEP DISORDER|STRESS|STUPOR|TREMOR|VISION BLURRED|WEIGHT DECREASED,HEPATIC ENZYME INCREASED,False,True,False,suspect,True,IDIOPATHIC PULMONARY FIBROSIS,True,,,,False,False,True,False,True,False,False,False,True
pirfenidone,11415383,2,20150825,20150917,2015,ES,ES,1,male,71.0,71.0,801,CHOLESTASIS|OEDEMATOUS PANCREATITIS,CHOLESTASIS,False,True,False,suspect,True,IDIOPATHIC PULMONARY FIBROSIS,True,2014-10-17,,,False,False,True,False,True,False,False,False,False
pirfenidone,11418381,2,20150826,20160505,2015,FR,FR,1,male,,,,ASTHENIA|DECREASED APPETITE|DEPRESSION|ERECTILE DYSFUNCTION|HEPATOCELLULAR INJURY|WEIGHT DECREASED,HEPATOCELLULAR INJURY,True,True,False,suspect,True,PULMONARY FIBROSIS,True,2015-03-02,,,False,False,True,False,False,False,False,False,True
pirfenidone,11465295,2,20150907,20150930,2015,CA,CA,1,male,,,,ABDOMINAL PAIN UPPER|ABDOMINAL RIGIDITY|ABNORMAL DREAMS|ASBESTOSIS|BLOOD GLUCOSE ABNORMAL|LIVER FUNCTION TEST ABNORMAL|NIGHT SWEATS,LIVER FUNCTION TEST ABNORMAL,False,True,False,suspect,True,IDIOPATHIC PULMONARY FIBROSIS,True,2015-07-20,,,False,False,True,False,False,False,False,False,True
pirfenidone,11465541,3,20150907,20160902,2015,CA,CA,1,male,73.0,73.0,801,ASTHENIA|CEREBROVASCULAR ACCIDENT|COUGH|DECREASED APPETITE|DEVICE FAILURE|HYPERSOMNIA|INTERNATIONAL NORMALISED RATIO DECREASED|LIVER FUNCTION TEST INCREASED|WEIGHT DECREASED,LIVER FUNCTION TEST INCREASED,False,True,False,suspect,True,IDIOPATHIC PULMONARY FIBROSIS,True,2015-07-01,2015-07-01,0.0,True,False,True,False,True,True,False,False,True
pirfenidone,11486088,2,20150910,20151013,2015,US,US,1,male,,,,GASTROINTESTINAL DISORDER|HEPATIC FUNCTION ABNORMAL|PHOTOSENSITIVITY REACTION,HEPATIC FUNCTION ABNORMAL,False,True,False,suspect,True,IDIOPATHIC PULMONARY FIBROSIS,True,2015-01-07,,,False,False,True,False,False,False,False,False,True
pirfenidone,11499603,2,20150914,20151005,2015,US,US,5,female,86.0,86.0,801,FATIGUE|HEPATIC ENZYME INCREASED|HYPERTENSION|RENAL IMPAIRMENT|UPPER LIMB FRACTURE,HEPATIC ENZYME INCREASED,False,True,False,suspect,True,IDIOPATHIC PULMONARY FIBROSIS,True,2015-04-28,2015-08-11,105.0,True,False,True,False,True,False,False,False,True
pirfenidone,11528957,10,20150921,20160302,2015,IT,IT,5,male,73.0,73.0,801,ABDOMINAL PAIN|ATRIAL FIBRILLATION|GAMMA-GLUTAMYLTRANSFERASE INCREASED|GASTRITIS|PNEUMONIA,GAMMA-GLUTAMYLTRANSFERASE INCREASED,False,True,False,suspect,True,IDIOPATHIC PULMONARY FIBROSIS,True,2015-06-11,2015-06-30,19.0,True,False,True,False,True,False,False,False,True
pirfenidone,11534150,1,20150922,20150922,2015,AU,AU,1,unknown,,,,HEPATIC FUNCTION ABNORMAL,HEPATIC FUNCTION ABNORMAL,False,True,False,suspect,True,PRODUCT USED FOR UNKNOWN INDICATION,False,,,,False,False,True,False,False,False,False,False,True
pirfenidone,11534607,1,20150922,20150922,2015,DE,DE,1,male,56.0,56.0,801,ALANINE AMINOTRANSFERASE INCREASED|FALL|SYNCOPE,ALANINE AMINOTRANSFERASE INCREASED,False,True,False,suspect,True,IDIOPATHIC PULMONARY FIBROSIS,True,2014-03-24,2014-03-31,7.0,True,False,True,False,False,True,False,False,True
pirfenidone,11560145,2,20150928,20151130,2015,GB,GB,5,male,,,,ABDOMINAL PAIN|BLOOD TEST ABNORMAL|BODY TEMPERATURE ABNORMAL|COLITIS ULCERATIVE|COUGH|DIARRHOEA|DYSPNOEA|FEELING ABNORMAL|ILEOSTOMY|LIVER FUNCTION TEST ABNORMAL|MALAISE|NAUSEA|RENAL IMPAIRMENT|RETCHING|VOMITING,LIVER FUNCTION TEST ABNORMAL,False,True,False,suspect,True,IDIOPATHIC PULMONARY FIBROSIS,True,2014-09-15,,,False,False,True,False,True,False,False,False,True
pirfenidone,11566250,7,20150929,20180802,2015,GB,GB,5,male,,,,ASTHENIA|DYSPNOEA|FATIGUE|FEELING HOT|FRUSTRATION TOLERANCE DECREASED|LIVER FUNCTION TEST INCREASED|PERIPHERAL SWELLING|PNEUMOTHORAX|PULMONARY FUNCTION TEST DECREASED,LIVER FUNCTION TEST INCREASED,False,True,False,suspect,True,IDIOPATHIC PULMONARY FIBROSIS,True,2014-10-06,2015-07-10,277.0,True,False,True,False,True,False,False,False,True
pirfenidone,11568662,2,20150929,20151002,2015,US,US,1,female,,,,ABDOMINAL PAIN UPPER|FEEDING DISORDER|HEADACHE|HEPATOTOXICITY|LIVER FUNCTION TEST ABNORMAL|NAUSEA,HEPATOTOXICITY|LIVER FUNCTION TEST ABNORMAL,True,True,False,suspect,True,IDIOPATHIC PULMONARY FIBROSIS,True,2015-02-26,,,False,False,True,False,False,False,False,False,True
pirfenidone,11595488,1,20151005,20151005,2015,US,,3,female,60.0,60.0,801,ACUTE HEPATIC FAILURE,ACUTE HEPATIC FAILURE,True,True,False,suspect,True,IDIOPATHIC PULMONARY FIBROSIS,True,,2015-09-23,,False,False,True,False,True,False,False,False,False
pirfenidone,11624264,3,20151013,20151224,2015,DE,DE,5,male,72.0,72.0,801,DYSPNOEA|ERYTHEMA|LIVER DISORDER|MYOCARDIAL INFARCTION|PERIPHERAL SWELLING|PRURITUS,LIVER DISORDER,False,True,False,suspect,True,IDIOPATHIC PULMONARY FIBROSIS,True,2012-05-01,2014-11-10,923.0,False,False,True,True,True,False,False,False,True
pirfenidone,11627622,3,20151014,20151209,2015,IT,IT,3,male,74.0,74.0,801,ALANINE AMINOTRANSFERASE INCREASED|ASPARTATE AMINOTRANSFERASE INCREASED|ASTHENIA|FATIGUE|GAMMA-GLUTAMYLTRANSFERASE INCREASED|MUSCULAR WEAKNESS|MYALGIA,ALANINE AMINOTRANSFERASE INCREASED|ASPARTATE AMINOTRANSFERASE INCREASED|GAMMA-GLUTAMYLTRANSFERASE INCREASED,False,True,False,suspect,True,IDIOPATHIC PULMONARY FIBROSIS,True,2015-01-07,2015-02-23,47.0,True,False,True,False,False,False,False,False,True
pirfenidone,11639935,2,20151019,20151029,2015,US,US,5,male,,,,HEPATIC ENZYME INCREASED|LIVER FUNCTION TEST ABNORMAL,HEPATIC ENZYME INCREASED|LIVER FUNCTION TEST ABNORMAL,False,True,False,suspect,True,IDIOPATHIC PULMONARY FIBROSIS,True,2015-02-23,,,False,False,True,False,True,False,False,False,False
pirfenidone,11642748,1,20151020,20151020,2015,CA,CA,1,female,62.0,62.0,801,ACUTE HEPATIC FAILURE|ATRIAL FIBRILLATION|ATRIAL THROMBOSIS|COAGULOPATHY|PULMONARY EMBOLISM|SLEEP APNOEA SYNDROME,ACUTE HEPATIC FAILURE,True,True,False,suspect,True,IDIOPATHIC PULMONARY FIBROSIS,True,,,,False,True,True,True,True,False,False,False,False
pirfenidone,11643898,1,20151020,20151020,2015,US,US,5,female,,,,LIVER FUNCTION TEST ABNORMAL|OFF LABEL USE,LIVER FUNCTION TEST ABNORMAL,False,True,False,suspect,True,IDIOPATHIC PULMONARY FIBROSIS|TYPE V HYPERLIPIDAEMIA,True,2015-06-10,,,False,False,True,False,False,False,False,False,True
pirfenidone,11645989,3,20151020,20200505,2015,US,US,1,male,,,,ABDOMINAL PAIN|ASTHENIA|BLOOD CREATINE PHOSPHOKINASE INCREASED|DYSPEPSIA|HEPATIC ENZYME INCREASED|MUSCLE SPASMS|MYALGIA|PAIN IN EXTREMITY|PRURITUS|URTICARIA,HEPATIC ENZYME INCREASED,False,True,False,suspect,True,IDIOPATHIC PULMONARY FIBROSIS,True,2015-06-05,,,False,False,False,False,False,False,False,False,False
pirfenidone,11645994,2,20151020,20151116,2015,US,US,1,female,60.0,60.0,801,COUGH|DRUG HYPERSENSITIVITY|HEPATOTOXICITY|LIVER FUNCTION TEST ABNORMAL|MYALGIA|NEURALGIA|PAIN IN EXTREMITY|RHABDOMYOLYSIS,HEPATOTOXICITY|LIVER FUNCTION TEST ABNORMAL,True,True,False,suspect,True,IDIOPATHIC PULMONARY FIBROSIS,True,2015-01-06,2015-08-03,209.0,True,False,True,False,True,False,False,False,True
pirfenidone,11646006,1,20151020,20151020,2015,US,US,1,male,,,,JAUNDICE|NAUSEA|WEIGHT DECREASED,JAUNDICE,False,True,False,suspect,True,IDIOPATHIC PULMONARY FIBROSIS,True,,,,False,False,False,False,False,False,False,False,False
pirfenidone,11646069,2,20151020,20160429,2015,US,US,5,male,,,,DYSPEPSIA|FATIGUE|HEPATIC ENZYME INCREASED|LIVER FUNCTION TEST ABNORMAL|PRURITUS|RASH PRURITIC,HEPATIC ENZYME INCREASED|LIVER FUNCTION TEST ABNORMAL,False,True,False,suspect,True,IDIOPATHIC PULMONARY FIBROSIS,True,2015-05-18,,,False,False,False,False,False,False,False,False,False
pirfenidone,11646104,1,20151020,20151020,2015,US,US,3,female,,,,HEPATIC ENZYME INCREASED,HEPATIC ENZYME INCREASED,False,True,False,suspect,True,PRODUCT USED FOR UNKNOWN INDICATION,False,,,,False,False,False,False,False,False,False,False,False
pirfenidone,11646280,1,20151020,20151020,2015,US,US,1,unknown,,,,HEPATIC ENZYME INCREASED,HEPATIC ENZYME INCREASED,False,True,False,suspect,True,PRODUCT USED FOR UNKNOWN INDICATION,False,,,,False,False,False,False,False,False,False,False,False
pirfenidone,11646301,1,20151020,20151020,2015,US,US,5,male,,,,LIVER DISORDER|PHOTOSENSITIVITY REACTION|SUNBURN,LIVER DISORDER,False,True,False,suspect,True,IDIOPATHIC PULMONARY FIBROSIS,True,2015-03-02,,,False,False,False,False,False,False,False,False,False
pirfenidone,11646338,2,20151020,20160322,2015,US,US,5,male,81.0,81.0,801,DEATH|FATIGUE|HEPATIC ENZYME INCREASED,HEPATIC ENZYME INCREASED,False,True,False,suspect,True,IDIOPATHIC PULMONARY FIBROSIS,True,2015-01-28,2015-01-28,0.0,True,False,True,True,False,False,False,False,True
pirfenidone,11646877,1,20151020,20151020,2015,US,US,5,female,,,,COUGH|GASTROOESOPHAGEAL REFLUX DISEASE|HEPATIC ENZYME INCREASED|NASOPHARYNGITIS|NAUSEA|PHOTOSENSITIVITY REACTION|PRURITUS|URTICARIA,HEPATIC ENZYME INCREASED,False,True,False,suspect,True,IDIOPATHIC PULMONARY FIBROSIS,True,2015-03-09,,,False,False,False,False,False,False,False,False,False
pirfenidone,11647801,2,20151021,20151119,2015,GB,GB,5,male,77.0,77.0,801,CONSTIPATION|DECREASED APPETITE|DYSGEUSIA|DYSPNOEA|HYPOPHAGIA|LIVER FUNCTION TEST ABNORMAL|LOWER RESPIRATORY TRACT INFECTION|MALAISE|WEIGHT DECREASED,LIVER FUNCTION TEST ABNORMAL,False,True,False,suspect,True,IDIOPATHIC PULMONARY FIBROSIS,True,2015-08-20,2015-09-01,12.0,True,False,True,False,True,False,False,False,True
pirfenidone,11659001,3,20151026,20160913,2015,US,US,5,male,61.0,61.0,801,ABDOMINAL PAIN|AMNESIA|CONDITION AGGRAVATED|COUGH|DRUG INEFFECTIVE|FEELING ABNORMAL|INCORRECT DOSE ADMINISTERED|LIVER DISORDER|MUSCLE SPASMS|PAIN|RENAL DISORDER,LIVER DISORDER,False,True,False,suspect,True,COUGH|IDIOPATHIC PULMONARY FIBROSIS,True,,2015-09-13,,False,False,True,False,False,False,False,False,True
pirfenidone,11672250,12,20151028,20160830,2015,CA,CA,1,female,70.0,70.0,801,BLOOD CHOLESTEROL INCREASED|BLOOD PRESSURE INCREASED|DEHYDRATION|DYSPNOEA|GINGIVAL PAIN|HEPATIC ENZYME INCREASED|INSOMNIA|LYMPHADENOPATHY|NAUSEA|PNEUMONIA|PULMONARY FUNCTION TEST ABNORMAL|RASH|SLOW SPEECH|TOOTHACHE,HEPATIC ENZYME INCREASED,False,True,False,suspect,True,IDIOPATHIC PULMONARY FIBROSIS,True,2015-10-08,2015-10-22,14.0,True,False,True,False,True,False,False,False,True
pirfenidone,11700098,2,20151105,20151110,2015,US,US,1,unknown,,,,BLOOD ALKALINE PHOSPHATASE INCREASED,BLOOD ALKALINE PHOSPHATASE INCREASED,False,True,False,suspect,True,IDIOPATHIC PULMONARY FIBROSIS,True,,,,False,False,True,False,False,False,False,False,True
pirfenidone,11726337,2,20151112,20160301,2015,ES,ES,1,male,,,,HEPATITIS,HEPATITIS,False,True,False,suspect,True,PRODUCT USED FOR UNKNOWN INDICATION,False,,,,False,False,True,False,False,False,False,False,True
pirfenidone,11732697,1,20151113,20151113,2015,GB,GB,3,male,63.0,63.0,801,LIVER FUNCTION TEST ABNORMAL|LOWER RESPIRATORY TRACT INFECTION|OXYGEN SATURATION DECREASED,LIVER FUNCTION TEST ABNORMAL,False,True,False,suspect,True,IDIOPATHIC PULMONARY FIBROSIS,True,,,,False,False,True,False,True,False,False,False,True
pirfenidone,11732714,2,20151113,20151118,2015,FI,FI,1,male,79.0,79.0,801,HEPATITIS,HEPATITIS,False,True,False,suspect,True,IDIOPATHIC PULMONARY FIBROSIS,True,,2015-04-28,,False,False,True,False,False,False,False,False,True
pirfenidone,11741548,6,20151116,20180417,2015,CA,CA,1,male,75.0,75.0,801,DECREASED APPETITE|DIZZINESS|FATIGUE|GAMMA-GLUTAMYLTRANSFERASE INCREASED|HEPATIC STEATOSIS|HYPOTENSION|IMPAIRED WORK ABILITY|OXYGEN CONSUMPTION INCREASED|PULMONARY FUNCTION TEST DECREASED|RASH ERYTHEMATOUS|RASH PAPULAR|WEIGHT DECREASED,GAMMA-GLUTAMYLTRANSFERASE INCREASED,False,True,False,suspect,True,IDIOPATHIC PULMONARY FIBROSIS,True,2015-04-20,2015-07-03,74.0,True,False,True,False,False,False,False,False,True
pirfenidone,11745137,1,20151117,20151117,2015,DE,DE,1,male,81.0,81.0,801,DYSPNOEA|LIVER FUNCTION TEST ABNORMAL,LIVER FUNCTION TEST ABNORMAL,False,True,False,suspect,True,IDIOPATHIC PULMONARY FIBROSIS,True,2015-09-18,2015-11-05,48.0,True,False,True,False,True,False,False,False,False
pirfenidone,11749631,8,20151118,20180220,2015,CA,CA,1,female,,,,ALANINE AMINOTRANSFERASE INCREASED|ASPARTATE AMINOTRANSFERASE INCREASED|CATARACT|COMPUTERISED TOMOGRAM CORONARY ARTERY ABNORMAL|CONSTIPATION|DYSPNOEA|FATIGUE|OXYGEN SATURATION DECREASED|PANCREATIC ATROPHY|PULMONARY FUNCTION TEST ABNORMAL|RALES|RESTING TREMOR|TREMOR,ALANINE AMINOTRANSFERASE INCREASED|ASPARTATE AMINOTRANSFERASE INCREASED,False,True,False,suspect,True,IDIOPATHIC PULMONARY FIBROSIS,True,2015-05-13,,,False,False,True,False,False,False,False,False,True
pirfenidone,11771438,1,20151124,20151124,2015,CA,CA,1,male,67.0,67.0,801,DEATH|DYSPNOEA|FLUID RETENTION|HEPATIC ENZYME INCREASED,HEPATIC ENZYME INCREASED,False,True,False,suspect,True,IDIOPATHIC PULMONARY FIBROSIS,True,2015-04-22,2015-11-09,201.0,True,False,True,True,True,False,False,False,True
pirfenidone,11809371,8,20151207,20180119,2015,CA,CA,3,male,76.0,76.0,801,ABDOMINAL PAIN|ALANINE AMINOTRANSFERASE INCREASED|ANAL INCONTINENCE|ASPARTATE AMINOTRANSFERASE INCREASED|ASTHENIA|BLOOD BILIRUBIN INCREASED|BLOOD MAGNESIUM DECREASED|BLOOD PHOSPHORUS DECREASED|BLOOD POTASSIUM DECREASED|BLOOD SODIUM DECREASED|C-REACTIVE PROTEIN INCREASED|CONSTIPATION|DECREASED APPETITE|DIARRHOEA|DIZZINESS|DRY MOUTH|FORCED VITAL CAPACITY ABNORMAL|GAMMA-GLUTAMYLTRANSFERASE INCREASED|INTERNATIONAL NORMALISED RATIO INCREASED|MEAN CELL HAEMOGLOBIN INCREASED|NAUSEA|PLATELET COUNT DECREASED|PROTHROMBIN TIME PROLONGED|PULMONARY FUNCTION TEST ABNORMAL|PULMONARY HYPERTENSION|RED BLOOD CELL SEDIMENTATION RATE INCREASED|SLOW SPEECH|WEIGHT DECREASED,ALANINE AMINOTRANSFERASE INCREASED|ASPARTATE AMINOTRANSFERASE INCREASED|BLOOD BILIRUBIN INCREASED|GAMMA-GLUTAMYLTRANSFERASE INCREASED,False,True,True,suspect,True,IDIOPATHIC PULMONARY FIBROSIS,True,2013-09-15,2013-09-16,1.0,True,False,True,False,True,False,False,False,True
pirfenidone,11820243,6,20151210,20171206,2015,CA,CA,1,male,69.0,69.0,801,ABDOMINAL DISTENSION|ALLERGIC SINUSITIS|AORTIC CALCIFICATION|ARTERIOSCLEROSIS CORONARY ARTERY|ASPARTATE AMINOTRANSFERASE INCREASED|BLOOD GLUCOSE INCREASED|CARBON MONOXIDE DIFFUSING CAPACITY DECREASED|CHRONIC OBSTRUCTIVE PULMONARY DISEASE|COUGH|DIARRHOEA|DYSPEPSIA|DYSPNOEA|EXPIRATORY RESERVE VOLUME DECREASED|FATIGUE|FORCED VITAL CAPACITY DECREASED|INITIAL INSOMNIA|NASOPHARYNGITIS|PAIN|PULMONARY MASS|RASH|RESPIRATORY TRACT INFECTION,ASPARTATE AMINOTRANSFERASE INCREASED,False,True,False,suspect,True,IDIOPATHIC PULMONARY FIBROSIS,True,2015-09-09,2015-09-09,0.0,True,False,True,False,False,False,False,False,True
pirfenidone,11826007,1,20151211,20151211,2015,DE,DE,1,male,,,,GAMMA-GLUTAMYLTRANSFERASE INCREASED,GAMMA-GLUTAMYLTRANSFERASE INCREASED,False,True,False,suspect,True,PRODUCT USED FOR UNKNOWN INDICATION,False,,,,False,False,True,False,False,False,False,False,True
pirfenidone,11838951,5,20151216,20170523,2015,CA,CA,3,male,79.0,79.0,801,ABDOMINAL DISCOMFORT|ARTERIOSCLEROSIS CORONARY ARTERY|ASTHENIA|CHOLELITHIASIS|HEPATIC ENZYME INCREASED|HYPOKINESIA|LYMPHADENOPATHY MEDIASTINAL|MALAISE|MYOCARDIAL INFARCTION|OESOPHAGEAL CARCINOMA|PULMONARY FUNCTION TEST DECREASED,HEPATIC ENZYME INCREASED,False,True,False,suspect,True,IDIOPATHIC PULMONARY FIBROSIS,True,2014-08-25,2014-09-29,35.0,True,False,True,False,True,False,False,False,True
pirfenidone,11843415,4,20151217,20160210,2015,CA,CA,1,male,68.0,68.0,801,ASCITES|DEATH|EPISTAXIS|HEPATIC ENZYME INCREASED,HEPATIC ENZYME INCREASED,False,True,False,suspect,True,IDIOPATHIC PULMONARY FIBROSIS,True,2015-01-09,2015-03-18,68.0,True,False,True,True,False,False,False,False,True
pirfenidone,11849133,10,20151218,20160620,2015,CA,CA,1,female,73.0,73.0,801,ABDOMINAL DISCOMFORT|ASTHENIA|CARBON MONOXIDE DIFFUSING CAPACITY DECREASED|CHEST PAIN|DECREASED APPETITE|DIZZINESS|DYSPNOEA|DYSPNOEA EXERTIONAL|FATIGUE|FIBRIN D DIMER|FORCED VITAL CAPACITY DECREASED|HEPATIC ENZYME INCREASED|HYPOGEUSIA|LIVER FUNCTION TEST INCREASED|LOWER RESPIRATORY TRACT INFECTION|NAUSEA|PNEUMONIA|RASH,HEPATIC ENZYME INCREASED|LIVER FUNCTION TEST INCREASED,False,True,False,suspect,True,IDIOPATHIC PULMONARY FIBROSIS,True,2014-11-25,,,False,False,True,False,False,False,False,False,True
pirfenidone,11897719,15,20160108,20170505,2016,CA,CA,1,male,68.0,68.0,801,ABASIA|ADJUSTMENT DISORDER WITH DEPRESSED MOOD|ASTHENIA|BACTERIAL SEPSIS|BLOOD GLUCOSE INCREASED|CARDIAC FAILURE CONGESTIVE|COUGH|DYSPNOEA|DYSPNOEA EXERTIONAL|FATIGUE|FORCED VITAL CAPACITY DECREASED|HEPATIC ENZYME INCREASED|HYPOXIA|LUNG DISORDER|NASAL CONGESTION|OEDEMA PERIPHERAL|OXYGEN SATURATION DECREASED|PNEUMONIA|PULMONARY FUNCTION TEST DECREASED|PULMONARY OEDEMA|SINUSITIS|SUPRAVENTRICULAR TACHYCARDIA|URINARY TRACT INFECTION|WEIGHT DECREASED,HEPATIC ENZYME INCREASED,False,True,False,suspect,True,IDIOPATHIC PULMONARY FIBROSIS,True,2015-12-04,2015-12-19,15.0,True,False,True,True,True,False,False,False,True
pirfenidone,11905850,1,20160111,20160111,2016,US,US,5,male,79.0,79.0,801,LIVER FUNCTION TEST INCREASED,LIVER FUNCTION TEST INCREASED,False,True,False,suspect,True,IDIOPATHIC PULMONARY FIBROSIS,True,2015-02-24,,,False,False,True,False,False,False,False,False,True
pirfenidone,11919579,4,20160115,20160222,2016,US,US,5,female,64.0,64.0,801,ABDOMINAL DISCOMFORT|DISORIENTATION|DIZZINESS|GASTROOESOPHAGEAL REFLUX DISEASE|HEADACHE|LIVER DISORDER|LIVER FUNCTION TEST INCREASED,LIVER DISORDER|LIVER FUNCTION TEST INCREASED,False,True,False,suspect,True,IDIOPATHIC PULMONARY FIBROSIS,True,2015-11-30,2015-12-15,15.0,True,False,True,False,False,False,False,False,True
pirfenidone,11930082,3,20160120,20160510,2016,US,US,1,male,67.0,67.0,801,BILE DUCT STENOSIS|CHOLANGIOCARCINOMA|HEPATITIS|MALAISE,HEPATITIS,False,True,False,suspect,True,IDIOPATHIC PULMONARY FIBROSIS,True,2015-11-30,,,False,False,True,False,True,True,False,False,True
pirfenidone,11933318,4,20160121,20160212,2016,CA,CA,1,male,84.0,84.0,801,CLUBBING|COUGH|DECREASED APPETITE|DIVERTICULUM INTESTINAL|DYSPNOEA|EYE PAIN|FACIAL PAIN|FATIGUE|HEPATIC ENZYME INCREASED|HIATUS HERNIA|HYPERSENSITIVITY|HYPONATRAEMIA|NAUSEA|PRODUCTIVE COUGH|PULMONARY FUNCTION TEST DECREASED|TREMOR|TRIGEMINAL NEURALGIA|WEIGHT DECREASED,HEPATIC ENZYME INCREASED,False,True,False,suspect,True,IDIOPATHIC PULMONARY FIBROSIS,True,2015-01-12,2015-01-12,0.0,True,False,True,False,True,False,False,False,True
pirfenidone,11938387,2,20160122,20160128,2016,US,US,1,female,74.0,74.0,801,HEPATOTOXICITY,HEPATOTOXICITY,True,True,False,suspect,True,IDIOPATHIC PULMONARY FIBROSIS,True,2015-12-01,2016-01-06,36.0,True,False,True,False,False,False,False,False,True
pirfenidone,11942304,1,20160125,20160125,2016,GB,GB,1,male,,,,LIVER FUNCTION TEST ABNORMAL,LIVER FUNCTION TEST ABNORMAL,False,True,False,suspect,True,IDIOPATHIC PULMONARY FIBROSIS,True,2014-11-13,2015-06-03,202.0,True,False,True,False,False,False,False,False,True
pirfenidone,11954845,1,20160125,20160125,2016,NL,NL,3,male,66.0,66.0,801,HEPATIC FUNCTION ABNORMAL,HEPATIC FUNCTION ABNORMAL,False,True,False,suspect,True,IDIOPATHIC PULMONARY FIBROSIS,True,2014-08-14,,,False,False,True,False,False,False,False,False,True
pirfenidone,11965271,3,20160127,20160316,2016,US,US,5,female,74.0,74.0,801,DIARRHOEA|DIZZINESS|DYSPEPSIA|HEPATIC ENZYME INCREASED|NIGHT SWEATS|SINUSITIS|TYMPANIC MEMBRANE PERFORATION,HEPATIC ENZYME INCREASED,False,True,False,suspect,True,IDIOPATHIC PULMONARY FIBROSIS,True,2016-01-06,2016-01-06,0.0,True,False,True,False,False,False,False,False,True
pirfenidone,11987702,1,20160202,20160202,2016,US,US,1,female,71.0,71.0,801,CONSTIPATION|DRUG-INDUCED LIVER INJURY,DRUG-INDUCED LIVER INJURY,True,True,False,suspect,True,IDIOPATHIC PULMONARY FIBROSIS,True,2014-12-01,2015-02-06,67.0,True,False,True,False,True,False,False,False,False
pirfenidone,11998858,1,20160203,20160203,2016,US,,2,male,67.0,67.0,801,ABDOMINAL PAIN|ALANINE AMINOTRANSFERASE INCREASED|ASPARTATE AMINOTRANSFERASE INCREASED|BLOOD ALKALINE PHOSPHATASE INCREASED|DYSPEPSIA|HYPERBILIRUBINAEMIA|NAUSEA,ALANINE AMINOTRANSFERASE INCREASED|ASPARTATE AMINOTRANSFERASE INCREASED|BLOOD ALKALINE PHOSPHATASE INCREASED|HYPERBILIRUBINAEMIA,False,True,True,suspect,True,IDIOPATHIC PULMONARY FIBROSIS,True,,2016-01-11,,False,False,True,False,True,False,True,False,False
pirfenidone,12047095,1,20160209,20160209,2016,US,US,3,male,,,,LIVER FUNCTION TEST INCREASED,LIVER FUNCTION TEST INCREASED,False,True,False,suspect,True,IDIOPATHIC PULMONARY FIBROSIS,True,,,,False,False,True,False,False,False,False,False,True
pirfenidone,12047116,3,20160209,20161028,2016,FR,FR,1,male,64.0,64.0,801,ALANINE AMINOTRANSFERASE INCREASED|ASPARTATE AMINOTRANSFERASE INCREASED|GAMMA-GLUTAMYLTRANSFERASE INCREASED|LUNG INFECTION|RESPIRATORY TRACT INFECTION VIRAL,ALANINE AMINOTRANSFERASE INCREASED|ASPARTATE AMINOTRANSFERASE INCREASED|GAMMA-GLUTAMYLTRANSFERASE INCREASED,False,True,False,suspect,True,IDIOPATHIC PULMONARY FIBROSIS,True,2013-04-07,2013-04-22,15.0,True,False,True,False,True,True,False,False,True
pirfenidone,12098570,1,20160222,20160222,2016,GR,GR,1,male,60.0,60.0,801,DRY MOUTH|GAMMA-GLUTAMYLTRANSFERASE INCREASED|NASAL DRYNESS|TRANSAMINASES INCREASED|ULCER|VERTIGO,GAMMA-GLUTAMYLTRANSFERASE INCREASED|TRANSAMINASES INCREASED,False,True,False,suspect,True,IDIOPATHIC PULMONARY FIBROSIS,True,,,,False,False,True,False,False,False,False,False,True
pirfenidone,12157251,1,20160308,20160308,2016,GB,GB,5,male,,,,COUGH|DIARRHOEA|HYPOTENSION|LIVER FUNCTION TEST ABNORMAL|OESOPHAGEAL HAEMORRHAGE|PULMONARY FUNCTION TEST DECREASED,LIVER FUNCTION TEST ABNORMAL,False,True,False,suspect,True,IDIOPATHIC PULMONARY FIBROSIS,True,,,,False,False,True,False,True,False,False,False,False
pirfenidone,12174029,8,20160314,20170105,2016,CA,CA,1,female,,,,BLOOD GLUCOSE INCREASED|CARBON MONOXIDE DIFFUSING CAPACITY DECREASED|FATIGUE|FORCED VITAL CAPACITY DECREASED|GALLBLADDER DISORDER|HEPATIC ENZYME INCREASED|LIVER DISORDER,HEPATIC ENZYME INCREASED|LIVER DISORDER,False,True,False,suspect,True,IDIOPATHIC PULMONARY FIBROSIS,True,2016-02-02,,,False,False,True,False,False,False,False,False,True
pirfenidone,12197910,1,20160322,20160322,2016,GB,GB,3,male,68.0,68.0,801,LIVER FUNCTION TEST ABNORMAL|PRURITUS,LIVER FUNCTION TEST ABNORMAL,False,True,False,suspect,True,IDIOPATHIC PULMONARY FIBROSIS,True,2015-10-21,2015-12-15,55.0,True,False,True,False,False,False,False,False,True
pirfenidone,12248873,2,20160408,20160530,2016,IT,IT,3,male,78.0,78.0,801,ASTHENIA|CONFUSIONAL STATE|GAMMA-GLUTAMYLTRANSFERASE INCREASED|NAUSEA|TINNITUS|VERTIGO,GAMMA-GLUTAMYLTRANSFERASE INCREASED,False,True,False,suspect,True,IDIOPATHIC PULMONARY FIBROSIS,True,2015-08-01,2015-08-16,15.0,True,False,True,False,False,False,False,False,True
pirfenidone,12255287,7,20160412,20160629,2016,IT,IT,3,male,67.0,67.0,801,DIARRHOEA|GAMMA-GLUTAMYLTRANSFERASE INCREASED,GAMMA-GLUTAMYLTRANSFERASE INCREASED,False,True,False,suspect,True,IDIOPATHIC PULMONARY FIBROSIS,True,2015-09-24,2015-09-30,6.0,True,False,True,False,False,False,False,False,True
pirfenidone,12255356,1,20160412,20160412,2016,US,US,5,male,74.0,74.0,801,DRUG DOSE OMISSION|LIVER DISORDER|MYOCARDIAL INFARCTION|RENAL FAILURE,LIVER DISORDER,False,True,False,suspect,True,IDIOPATHIC PULMONARY FIBROSIS,True,2016-01-14,2016-03-31,77.0,True,False,True,False,True,True,False,False,False
pirfenidone,12262329,7,20160413,20160815,2016,CA,CA,1,male,67.0,67.0,801,ALANINE AMINOTRANSFERASE INCREASED|ARRHYTHMIA|BLOOD GLUCOSE INCREASED|DIZZINESS|DRUG INEFFECTIVE|DYSPNOEA|FATIGUE|HEART RATE INCREASED|LUNG ABSCESS|MUSCLE FATIGUE|SENSORY DISTURBANCE,ALANINE AMINOTRANSFERASE INCREASED,False,True,False,suspect,True,IDIOPATHIC PULMONARY FIBROSIS,True,2016-02-12,,,False,False,True,False,True,False,False,False,True
pirfenidone,12267394,4,20160414,20160509,2016,IT,IT,3,male,76.0,76.0,801,HEPATOTOXICITY|WEIGHT DECREASED,HEPATOTOXICITY,True,True,False,suspect,True,PULMONARY FIBROSIS,True,2015-12-01,2016-02-02,63.0,True,False,True,False,False,False,False,False,True
pirfenidone,12271819,2,20160415,20230926,2016,IT,IT,1,female,76.0,76.0,801,DRUG INTERACTION|TRANSAMINASES INCREASED,TRANSAMINASES INCREASED,False,True,False,interacting,False,IDIOPATHIC PULMONARY FIBROSIS,True,2016-02-16,2016-03-21,34.0,True,False,True,False,False,False,False,False,True
pirfenidone,12275701,1,20160418,20160418,2016,US,US,1,unknown,,,,BLOOD BILIRUBIN INCREASED,BLOOD BILIRUBIN INCREASED,False,True,False,suspect,True,PRODUCT USED FOR UNKNOWN INDICATION,False,,,,False,False,True,False,False,False,False,False,True
pirfenidone,12276016,1,20160418,20160418,2016,IT,IT,3,female,76.0,76.0,801,DRUG INTERACTION|TRANSAMINASES INCREASED,TRANSAMINASES INCREASED,False,True,False,suspect,True,IDIOPATHIC PULMONARY FIBROSIS,True,2016-02-16,2016-03-21,34.0,True,False,True,False,False,False,False,False,True
pirfenidone,12277149,2,20160418,20230926,2016,IT,IT,1,female,76.0,76.0,801,DRUG INTERACTION|TRANSAMINASES INCREASED,TRANSAMINASES INCREASED,False,True,False,interacting,False,IDIOPATHIC PULMONARY FIBROSIS,True,2016-02-16,2016-03-21,34.0,True,False,True,False,False,False,False,False,True
pirfenidone,12299127,1,20160425,20160425,2016,CA,CA,1,female,71.0,71.0,801,HEPATOCELLULAR INJURY,HEPATOCELLULAR INJURY,True,True,False,suspect,True,IDIOPATHIC PULMONARY FIBROSIS,True,,,,False,False,True,False,False,False,False,False,True
pirfenidone,12304531,1,20160426,20160426,2016,CA,CA,1,male,,,,BLOOD BILIRUBIN INCREASED|HEPATIC ENZYME INCREASED|NAUSEA|VOMITING,BLOOD BILIRUBIN INCREASED|HEPATIC ENZYME INCREASED,False,True,False,suspect,True,PRODUCT USED FOR UNKNOWN INDICATION,False,,,,False,False,True,False,False,False,False,False,True
pirfenidone,12305403,1,20160426,20160426,2016,US,US,5,male,,,,ABDOMINAL DISTENSION|APPETITE DISORDER|ASTHENIA|BLOOD IRON DECREASED|DYSPHAGIA|FULL BLOOD COUNT DECREASED|HEPATIC CIRRHOSIS|HEPATIC HAEMORRHAGE|LIVER DISORDER,LIVER DISORDER,False,True,False,suspect,True,IDIOPATHIC PULMONARY FIBROSIS,True,,,,False,False,True,False,True,False,False,False,False
pirfenidone,12317054,1,20160429,20160429,2016,IT,IT,1,female,76.0,76.0,801,DRUG INTERACTION|TRANSAMINASES INCREASED,TRANSAMINASES INCREASED,False,True,False,interacting,False,IDIOPATHIC PULMONARY FIBROSIS,True,2016-02-16,2016-03-21,34.0,True,False,True,False,False,False,False,False,True
pirfenidone,12319512,1,20160429,20160429,2016,US,US,5,male,,,,BLOOD TEST ABNORMAL|LIVER FUNCTION TEST INCREASED|PRURITUS|RASH,LIVER FUNCTION TEST INCREASED,False,True,False,suspect,True,IDIOPATHIC PULMONARY FIBROSIS,True,2015-02-19,,,False,False,False,False,False,False,False,False,False
pirfenidone,12319743,1,20160429,20160429,2016,US,US,5,male,,,,COUGH|DYSPNOEA|FATIGUE|HEPATIC ENZYME INCREASED|PAIN|VOMITING,HEPATIC ENZYME INCREASED,False,True,False,suspect,True,PRODUCT USED FOR UNKNOWN INDICATION,False,2015-07-13,,,False,False,False,False,False,False,False,False,False
pirfenidone,12319941,1,20160429,20160429,2016,US,US,5,male,87.0,87.0,801,LIVER DISORDER,LIVER DISORDER,False,True,False,suspect,True,IDIOPATHIC PULMONARY FIBROSIS,True,2015-07-30,2015-08-15,16.0,True,False,False,False,False,False,False,False,False
pirfenidone,12319973,1,20160429,20160429,2016,US,US,1,male,,,,COUGH|DIARRHOEA|FATIGUE|HEPATIC ENZYME INCREASED|NASOPHARYNGITIS|PAIN|PRURITUS|RASH|SWELLING,HEPATIC ENZYME INCREASED,False,True,False,suspect,True,IDIOPATHIC PULMONARY FIBROSIS,True,2015-06-10,,,False,False,False,False,False,False,False,False,False
pirfenidone,12320074,1,20160429,20160429,2016,US,US,5,male,69.0,69.0,801,DYSPNOEA|HEPATIC FUNCTION ABNORMAL|LIVER FUNCTION TEST INCREASED|MUSCULAR WEAKNESS|RENAL IMPAIRMENT,HEPATIC FUNCTION ABNORMAL|LIVER FUNCTION TEST INCREASED,False,True,False,suspect,True,IDIOPATHIC PULMONARY FIBROSIS,True,2015-04-30,2015-06-23,54.0,True,False,False,False,False,False,False,False,False
pirfenidone,12330129,1,20160504,20160504,2016,IT,IT,3,male,52.0,52.0,801,DIZZINESS|DYSPNOEA|ERUCTATION|ERYTHEMA|EYELID OEDEMA|JAUNDICE|PRURITUS|RASH|SOMNOLENCE|SYNCOPE,JAUNDICE,False,True,False,suspect,True,IDIOPATHIC PULMONARY FIBROSIS,True,2014-02-15,2014-03-30,43.0,True,False,True,False,False,False,False,False,True
pirfenidone,12330269,6,20160504,20180504,2016,IT,IT,1,male,66.0,66.0,801,ABDOMINAL PAIN|DECREASED APPETITE|HEPATITIS ACUTE|NAUSEA|TRANSAMINASES INCREASED,HEPATITIS ACUTE|TRANSAMINASES INCREASED,False,True,False,suspect,True,IDIOPATHIC PULMONARY FIBROSIS,True,2016-03-17,,,False,False,True,False,True,False,False,False,False
pirfenidone,12332146,1,20160504,20160504,2016,US,US,1,female,78.0,78.0,801,ABDOMINAL DISCOMFORT|HEPATIC ENZYME INCREASED|MALAISE|NAUSEA,HEPATIC ENZYME INCREASED,False,True,False,suspect,True,IDIOPATHIC PULMONARY FIBROSIS,True,2015-03-30,2015-07-06,98.0,True,False,True,False,False,False,False,False,True
pirfenidone,12332158,1,20160504,20160504,2016,US,US,5,female,,,,HEPATIC FUNCTION ABNORMAL,HEPATIC FUNCTION ABNORMAL,False,True,False,suspect,True,IDIOPATHIC PULMONARY FIBROSIS,True,,,,False,False,False,False,False,False,False,False,False
pirfenidone,12332172,1,20160504,20160504,2016,US,US,5,male,,,,HEPATOTOXICITY,HEPATOTOXICITY,True,True,False,suspect,True,IDIOPATHIC PULMONARY FIBROSIS,True,2015-02-01,,,False,False,False,False,False,False,False,False,False
pirfenidone,12332276,1,20160504,20160504,2016,US,US,5,male,77.0,77.0,801,LIVER FUNCTION TEST INCREASED,LIVER FUNCTION TEST INCREASED,False,True,False,suspect,True,IDIOPATHIC PULMONARY FIBROSIS,True,,,,False,False,False,False,False,False,False,False,False
pirfenidone,12332386,1,20160504,20160504,2016,US,US,3,female,62.0,62.0,801,FATIGUE|JAUNDICE,JAUNDICE,False,True,False,suspect,True,IDIOPATHIC PULMONARY FIBROSIS,True,2015-10-01,2015-10-12,11.0,True,False,False,False,False,False,False,False,False
pirfenidone,12332431,1,20160504,20160504,2016,US,US,5,unknown,,,,LIVER DISORDER,LIVER DISORDER,False,True,False,suspect,True,IDIOPATHIC PULMONARY FIBROSIS,True,,,,False,False,False,False,False,False,False,False,False
pirfenidone,12332619,2,20160504,20160527,2016,US,US,5,male,67.0,67.0,801,DECREASED APPETITE|GASTROINTESTINAL DISORDER|HEPATITIS|RESPIRATORY FAILURE|WEIGHT DECREASED,HEPATITIS,False,True,False,suspect,True,IDIOPATHIC PULMONARY FIBROSIS,True,2015-03-02,2015-03-02,0.0,True,False,True,False,False,False,False,False,True
pirfenidone,12332853,1,20160504,20160504,2016,US,US,1,female,,,,LIVER FUNCTION TEST INCREASED,LIVER FUNCTION TEST INCREASED,False,True,False,suspect,True,IDIOPATHIC PULMONARY FIBROSIS,True,2015-11-30,,,False,False,False,False,False,False,False,False,False
pirfenidone,12332897,1,20160504,20160504,2016,US,US,3,male,,,,ALANINE AMINOTRANSFERASE INCREASED|ASPARTATE AMINOTRANSFERASE INCREASED,ALANINE AMINOTRANSFERASE INCREASED|ASPARTATE AMINOTRANSFERASE INCREASED,False,True,False,suspect,True,IDIOPATHIC PULMONARY FIBROSIS,True,,,,False,False,False,False,False,False,False,False,False
pirfenidone,12332906,1,20160504,20160504,2016,US,US,2,male,,,,HEPATIC ENZYME INCREASED,HEPATIC ENZYME INCREASED,False,True,False,suspect,True,PRODUCT USED FOR UNKNOWN INDICATION,False,,,,False,False,False,False,False,False,False,False,False
pirfenidone,12333002,2,20160504,20161013,2016,US,US,3,male,,,,BACK PAIN|INFLAMMATION|LIVER FUNCTION TEST INCREASED,LIVER FUNCTION TEST INCREASED,False,True,False,suspect,True,IDIOPATHIC PULMONARY FIBROSIS,True,2015-05-21,,,False,False,False,False,False,False,False,False,False
pirfenidone,12333105,3,20160504,20180507,2016,US,US,1,female,,,,ABDOMINAL PAIN|ANXIETY|ASTHENIA|DECREASED APPETITE|DIARRHOEA|FATIGUE|HEPATIC ENZYME INCREASED|NAUSEA|VOMITING|WEIGHT DECREASED,HEPATIC ENZYME INCREASED,False,True,False,suspect,True,IDIOPATHIC PULMONARY FIBROSIS,True,2016-01-29,,,False,False,True,False,False,False,False,False,True
pirfenidone,12333450,1,20160504,20160504,2016,US,US,3,male,,,,DYSPNOEA|HEPATIC ENZYME INCREASED,HEPATIC ENZYME INCREASED,False,True,False,suspect,True,IDIOPATHIC PULMONARY FIBROSIS,True,2015-06-30,,,False,False,False,False,False,False,False,False,False
pirfenidone,12333453,1,20160504,20160504,2016,US,US,5,male,,,,HEPATIC ENZYME INCREASED,HEPATIC ENZYME INCREASED,False,True,False,suspect,True,IDIOPATHIC PULMONARY FIBROSIS,True,2015-08-31,,,False,False,False,False,False,False,False,False,False
pirfenidone,12333465,1,20160504,20160504,2016,US,US,1,male,,,,DIZZINESS|DRY EYE|FATIGUE|HEPATIC ENZYME INCREASED|LIVER FUNCTION TEST INCREASED|NAUSEA,HEPATIC ENZYME INCREASED|LIVER FUNCTION TEST INCREASED,False,True,False,suspect,True,IDIOPATHIC PULMONARY FIBROSIS,True,2015-10-17,,,False,False,False,False,False,False,False,False,False
pirfenidone,12333534,1,20160504,20160504,2016,US,US,1,male,,,,BLOOD ALKALINE PHOSPHATASE INCREASED,BLOOD ALKALINE PHOSPHATASE INCREASED,False,True,False,suspect,True,IDIOPATHIC PULMONARY FIBROSIS,True,,,,False,False,False,False,False,False,False,False,False
pirfenidone,12333573,1,20160504,20160504,2016,US,US,5,female,,,,LIVER FUNCTION TEST INCREASED,LIVER FUNCTION TEST INCREASED,False,True,False,suspect,True,PULMONARY FIBROSIS,True,2015-10-13,,,False,False,False,False,False,False,False,False,False
pirfenidone,12333617,1,20160504,20160504,2016,US,US,5,male,,,,HEPATIC ENZYME INCREASED,HEPATIC ENZYME INCREASED,False,True,False,suspect,True,IDIOPATHIC PULMONARY FIBROSIS,True,,,,False,False,True,False,False,False,False,False,True
pirfenidone,12333649,4,20160504,20180507,2016,US,US,5,female,,,,ASTHENIA|BLOOD ELECTROLYTES DECREASED|BLOOD POTASSIUM DECREASED|CONFUSIONAL STATE|DIARRHOEA|HEPATIC ENZYME INCREASED,HEPATIC ENZYME INCREASED,False,True,False,suspect,True,IDIOPATHIC PULMONARY FIBROSIS,True,2015-08-21,,,False,False,False,False,False,False,False,False,False
pirfenidone,12333820,1,20160504,20160504,2016,US,US,5,male,,,,LIVER DISORDER,LIVER DISORDER,False,True,False,suspect,True,IDIOPATHIC PULMONARY FIBROSIS,True,2015-05-22,,,False,False,False,False,False,False,False,False,False
pirfenidone,12333922,1,20160504,20160504,2016,US,US,5,male,,,,LIVER DISORDER|LIVER FUNCTION TEST INCREASED,LIVER DISORDER|LIVER FUNCTION TEST INCREASED,False,True,False,suspect,True,IDIOPATHIC PULMONARY FIBROSIS,True,2015-02-16,,,False,False,False,False,False,False,False,False,False
pirfenidone,12334160,1,20160504,20160504,2016,US,US,5,male,76.0,76.0,801,HEPATIC ENZYME INCREASED,HEPATIC ENZYME INCREASED,False,True,False,suspect,True,IDIOPATHIC PULMONARY FIBROSIS,True,2015-12-10,,,False,False,True,False,False,False,False,False,True
pirfenidone,12380204,1,20160518,20160518,2016,US,US,5,female,80.0,80.0,801,ASTHENIA|DRUG DOSE OMISSION|FATIGUE|HEPATIC ENZYME INCREASED|LIVER DISORDER|NASOPHARYNGITIS,HEPATIC ENZYME INCREASED|LIVER DISORDER,False,True,False,suspect,True,IDIOPATHIC PULMONARY FIBROSIS,True,2015-12-22,,,False,False,True,False,False,False,False,False,True
pirfenidone,12410186,1,20160527,20160527,2016,FR,FR,1,male,79.0,79.0,801,HEPATITIS|WEIGHT DECREASED,HEPATITIS,False,True,False,suspect,True,IDIOPATHIC PULMONARY FIBROSIS,True,2016-01-18,2016-02-29,42.0,True,False,True,False,False,False,False,False,True
pirfenidone,12410520,2,20160527,20160617,2016,NL,NL,1,male,68.0,68.0,801,HEPATIC ENZYME INCREASED,HEPATIC ENZYME INCREASED,False,True,False,suspect,True,IDIOPATHIC PULMONARY FIBROSIS,True,,2016-05-18,,False,False,True,False,True,False,False,False,False
pirfenidone,12410952,2,20160527,20160614,2016,IT,IT,3,male,61.0,61.0,801,GAMMA-GLUTAMYLTRANSFERASE INCREASED,GAMMA-GLUTAMYLTRANSFERASE INCREASED,False,True,False,suspect,True,IDIOPATHIC PULMONARY FIBROSIS,True,2014-08-10,2016-05-02,631.0,False,False,True,False,False,False,False,False,True
pirfenidone,12427423,1,20160602,20160602,2016,US,US,5,male,75.0,75.0,801,DECREASED APPETITE|FATIGUE|FEELING ABNORMAL|HEART RATE INCREASED|LIVER DISORDER|PULMONARY FUNCTION TEST DECREASED|SMALL CELL CARCINOMA,LIVER DISORDER,False,True,False,suspect,True,IDIOPATHIC PULMONARY FIBROSIS,True,2016-03-17,2016-04-11,25.0,True,False,True,False,False,False,False,False,True
pirfenidone,12491790,1,20160623,20160623,2016,GB,GB,1,unknown,,,,HEADACHE|INSOMNIA|LIVER DISORDER|PULMONARY MASS,LIVER DISORDER,False,True,False,suspect,True,PRODUCT USED FOR UNKNOWN INDICATION,False,2013-10-01,,,False,False,True,False,False,False,False,False,True
pirfenidone,12494574,2,20160624,20160714,2016,US,US,1,male,64.0,64.0,801,HEPATIC FUNCTION ABNORMAL|LIVER FUNCTION TEST INCREASED,HEPATIC FUNCTION ABNORMAL|LIVER FUNCTION TEST INCREASED,False,True,False,suspect,True,IDIOPATHIC PULMONARY FIBROSIS,True,2016-03-09,2016-05-11,63.0,True,False,True,False,False,False,False,False,True
pirfenidone,12547727,3,20160712,20160727,2016,IT,IT,3,male,75.0,75.0,801,ASTHENIA|BILIRUBIN CONJUGATED INCREASED|BLOOD BILIRUBIN INCREASED|BLOOD PRESSURE DECREASED|DISORIENTATION|PALLOR|WEIGHT DECREASED,BLOOD BILIRUBIN INCREASED,False,True,False,suspect,True,IDIOPATHIC PULMONARY FIBROSIS,True,2016-05-31,2016-07-01,31.0,True,False,True,False,False,False,False,False,True
pirfenidone,12547834,3,20160712,20161020,2016,CA,CA,1,female,78.0,78.0,801,ALANINE AMINOTRANSFERASE INCREASED|ASTHENIA|COUGH|CRYING|DEPRESSION|FATIGUE|FEELINGS OF WORTHLESSNESS|MALAISE|NAUSEA|WEIGHT INCREASED,ALANINE AMINOTRANSFERASE INCREASED,False,True,False,suspect,True,IDIOPATHIC PULMONARY FIBROSIS,True,2016-02-12,,,False,False,True,False,False,False,False,False,True
pirfenidone,12565004,1,20160718,20160718,2016,FR,FR,1,male,67.0,67.0,801,DECREASED APPETITE|GAMMA-GLUTAMYLTRANSFERASE INCREASED|NAUSEA|PHOTOPHOBIA|RASH|VOMITING,GAMMA-GLUTAMYLTRANSFERASE INCREASED,False,True,False,suspect,True,IDIOPATHIC PULMONARY FIBROSIS,True,2013-03-27,2013-05-13,47.0,True,False,False,False,False,False,False,False,False
pirfenidone,12586807,2,20160725,20170208,2016,CA,CA,1,male,77.0,77.0,801,BLOOD ALKALINE PHOSPHATASE INCREASED|GAMMA-GLUTAMYLTRANSFERASE INCREASED|HEPATOPULMONARY SYNDROME,BLOOD ALKALINE PHOSPHATASE INCREASED|GAMMA-GLUTAMYLTRANSFERASE INCREASED,False,True,False,suspect,True,IDIOPATHIC PULMONARY FIBROSIS,True,2015-07-09,,,False,False,True,False,False,False,False,False,True
pirfenidone,12587218,1,20160725,20160725,2016,SE,SE,1,female,67.0,67.0,801,CHOLELITHIASIS|CHOLESTASIS|JAUNDICE|LIVER DISORDER,CHOLESTASIS|JAUNDICE|LIVER DISORDER,False,True,False,suspect,True,IDIOPATHIC PULMONARY FIBROSIS,True,,,,False,False,True,False,False,False,False,False,True
pirfenidone,12595813,4,20160727,20161102,2016,DE,DE,1,male,73.0,73.0,801,CARDIAC FAILURE|DECREASED APPETITE|ERYTHEMA|GAMMA-GLUTAMYLTRANSFERASE INCREASED|JAUNDICE|NAUSEA|NEPHROPATHY|SYNCOPE|URINARY TRACT INFECTION,GAMMA-GLUTAMYLTRANSFERASE INCREASED|JAUNDICE,False,True,False,suspect,True,IDIOPATHIC PULMONARY FIBROSIS,True,2012-06-05,2012-06-19,14.0,True,False,True,False,True,False,False,False,True
pirfenidone,12612847,2,20160802,20160912,2016,FR,FR,1,male,74.0,74.0,801,ALANINE AMINOTRANSFERASE INCREASED|ASPARTATE AMINOTRANSFERASE INCREASED|BLOOD BILIRUBIN INCREASED|GAMMA-GLUTAMYLTRANSFERASE INCREASED,ALANINE AMINOTRANSFERASE INCREASED|ASPARTATE AMINOTRANSFERASE INCREASED|BLOOD BILIRUBIN INCREASED|GAMMA-GLUTAMYLTRANSFERASE INCREASED,False,True,True,suspect,True,IDIOPATHIC PULMONARY FIBROSIS,True,2013-02-02,2013-03-07,33.0,True,False,True,False,False,False,False,False,True
pirfenidone,12628772,1,20160808,20160808,2016,US,US,1,male,65.0,65.0,801,LIVER FUNCTION TEST INCREASED,LIVER FUNCTION TEST INCREASED,False,True,False,suspect,True,IDIOPATHIC PULMONARY FIBROSIS,True,,,,False,False,True,False,False,False,False,False,True
pirfenidone,12658560,3,20160817,20180511,2016,CA,CA,1,male,69.0,69.0,801,CATARACT|FORCED VITAL CAPACITY DECREASED|LIVER FUNCTION TEST INCREASED,LIVER FUNCTION TEST INCREASED,False,True,False,suspect,True,IDIOPATHIC PULMONARY FIBROSIS,True,2015-02-21,2015-04-01,39.0,True,False,True,False,False,False,False,False,True
pirfenidone,12663686,1,20160817,20160817,2016,US,,2,female,72.0,72.0,801,LIVER FUNCTION TEST ABNORMAL,LIVER FUNCTION TEST ABNORMAL,False,True,False,suspect,True,IDIOPATHIC PULMONARY FIBROSIS,True,,2016-01-29,,False,False,False,False,False,False,False,False,False
pirfenidone,12663814,1,20160818,20160818,2016,US,US,5,male,,,,LIVER FUNCTION TEST INCREASED,LIVER FUNCTION TEST INCREASED,False,True,False,suspect,True,PRODUCT USED FOR UNKNOWN INDICATION,False,,,,False,False,True,False,False,False,False,False,True
pirfenidone,12669403,2,20160820,20160830,2016,CA,CA,1,male,,,,HEPATIC FUNCTION ABNORMAL,HEPATIC FUNCTION ABNORMAL,False,True,False,suspect,True,IDIOPATHIC PULMONARY FIBROSIS,True,2013-10-07,,,False,False,True,False,False,False,False,False,True
pirfenidone,12701920,1,20160830,20160830,2016,US,,2,female,63.0,63.0,801,EPISTAXIS|HYPOACUSIS|LIVER DISORDER,LIVER DISORDER,False,True,False,suspect,True,PULMONARY FIBROSIS,True,2015-12-08,,,False,False,False,False,False,False,False,False,False
pirfenidone,12714609,1,20160905,20160905,2016,US,US,1,unknown,,,,ABDOMINAL DISTENSION|HEPATIC ENZYME INCREASED|NAUSEA,HEPATIC ENZYME INCREASED,False,True,False,suspect,True,IDIOPATHIC PULMONARY FIBROSIS,True,,,,False,False,True,False,False,False,False,False,True
pirfenidone,12715394,1,20160906,20160906,2016,IT,IT,3,male,60.0,60.0,801,BLOOD PRESSURE INCREASED|CARDIAC FAILURE|HEPATITIS ACUTE,HEPATITIS ACUTE,False,True,False,suspect,True,IDIOPATHIC PULMONARY FIBROSIS,True,2015-12-11,2016-02-15,66.0,True,False,True,False,True,False,False,False,False
pirfenidone,12715701,1,20160906,20160906,2016,US,US,1,unknown,,,,HEADACHE|HEPATIC ENZYME INCREASED|PHOTOSENSITIVITY REACTION,HEPATIC ENZYME INCREASED,False,True,False,suspect,True,IDIOPATHIC PULMONARY FIBROSIS,True,,,,False,False,True,False,False,False,False,False,True
pirfenidone,12740122,1,20160913,20160913,2016,US,US,2,male,74.0,74.0,801,HYPERBILIRUBINAEMIA|LIVER DISORDER,HYPERBILIRUBINAEMIA|LIVER DISORDER,False,True,False,concomitant,True,,False,,2016-09-01,,False,False,True,False,True,False,False,False,False
pirfenidone,12745085,2,20160915,20160919,2016,GB,GB,3,unknown,,,,ABDOMINAL DISCOMFORT|CONSTIPATION|DEATH|DECREASED APPETITE|DIARRHOEA|DIZZINESS|GASTROOESOPHAGEAL REFLUX DISEASE|HEADACHE|IDIOPATHIC PULMONARY FIBROSIS|INSOMNIA|LETHARGY|LIVER FUNCTION TEST ABNORMAL|LOWER RESPIRATORY TRACT INFECTION|MOOD ALTERED|NAUSEA|RASH|RIGHT VENTRICULAR FAILURE|VOMITING|WEIGHT DECREASED,LIVER FUNCTION TEST ABNORMAL,False,True,False,suspect,True,IDIOPATHIC PULMONARY FIBROSIS,True,,,,False,False,True,True,False,False,False,False,False
pirfenidone,12746549,1,20160915,20160915,2016,US,US,2,male,78.0,78.0,801,AGONAL DEATH STRUGGLE|BRADYCARDIA|DECREASED APPETITE|HAEMOPTYSIS|HYPOTENSION|LIVER FUNCTION TEST ABNORMAL|NEUTROPENIA|RESPIRATORY DISTRESS|SEPSIS|WEIGHT DECREASED,LIVER FUNCTION TEST ABNORMAL,False,True,False,suspect,True,PULMONARY FIBROSIS,True,,2016-02-28,,False,False,True,False,True,True,False,False,False
pirfenidone,12770367,1,20160922,20160922,2016,CA,CA,1,male,84.0,84.0,801,DEATH|DRUG INTOLERANCE|DRY SKIN|HEPATIC ENZYME INCREASED|JOINT SWELLING|PRURITUS|SKIN DISCOLOURATION|SKIN EXFOLIATION,HEPATIC ENZYME INCREASED,False,True,False,suspect,True,IDIOPATHIC PULMONARY FIBROSIS,True,2015-01-24,2015-04-06,72.0,True,False,True,True,False,False,False,False,True
pirfenidone,12821520,2,20161007,20161013,2016,FR,FR,1,female,63.0,63.0,801,HEPATITIS|NAUSEA,HEPATITIS,False,True,False,suspect,True,IDIOPATHIC PULMONARY FIBROSIS,True,2013-11-22,2013-11-25,3.0,True,False,True,False,False,False,False,False,True
pirfenidone,12823496,5,20161007,20180629,2016,GB,GB,5,male,,,,LIVER FUNCTION TEST INCREASED,LIVER FUNCTION TEST INCREASED,False,True,False,suspect,True,IDIOPATHIC PULMONARY FIBROSIS,True,,,,False,False,True,False,False,False,False,False,True
pirfenidone,12844288,1,20161013,20161013,2016,US,US,5,male,50.0,50.0,801,LIVER FUNCTION TEST INCREASED,LIVER FUNCTION TEST INCREASED,False,True,False,suspect,True,IDIOPATHIC PULMONARY FIBROSIS,True,,,,False,False,False,False,False,False,False,False,False
pirfenidone,12844313,1,20161013,20161013,2016,US,US,1,female,,,,ALANINE AMINOTRANSFERASE INCREASED|ASPARTATE AMINOTRANSFERASE INCREASED|FATIGUE,ALANINE AMINOTRANSFERASE INCREASED|ASPARTATE AMINOTRANSFERASE INCREASED,False,True,False,suspect,True,IDIOPATHIC PULMONARY FIBROSIS,True,,,,False,False,True,False,False,False,False,False,True
pirfenidone,12844509,3,20161013,20171027,2016,US,US,5,female,,,,FATIGUE|HEPATIC ENZYME INCREASED|VISION BLURRED,HEPATIC ENZYME INCREASED,False,True,False,suspect,True,IDIOPATHIC PULMONARY FIBROSIS,True,,,,False,False,False,False,False,False,False,False,False
pirfenidone,12849463,1,20161014,20161014,2016,US,US,5,male,68.0,68.0,801,LIVER DISORDER,LIVER DISORDER,False,True,False,suspect,True,IDIOPATHIC PULMONARY FIBROSIS,True,2016-03-22,2016-05-17,56.0,True,False,False,False,False,False,False,False,False
pirfenidone,12849495,3,20161014,20171027,2016,US,US,5,male,,,,DIZZINESS|HEPATIC FUNCTION ABNORMAL,HEPATIC FUNCTION ABNORMAL,False,True,False,suspect,True,IDIOPATHIC PULMONARY FIBROSIS,True,2016-03-26,,,False,False,False,False,False,False,False,False,False
pirfenidone,12849503,1,20161014,20161014,2016,US,US,5,male,74.0,74.0,801,ALANINE AMINOTRANSFERASE INCREASED|ASPARTATE AMINOTRANSFERASE INCREASED|ASTHENIA|MYALGIA,ALANINE AMINOTRANSFERASE INCREASED|ASPARTATE AMINOTRANSFERASE INCREASED,False,True,False,suspect,True,IDIOPATHIC PULMONARY FIBROSIS,True,,,,False,False,False,False,False,False,False,False,False
pirfenidone,12849543,1,20161014,20161014,2016,US,US,1,male,65.0,65.0,801,BLOOD ALKALINE PHOSPHATASE INCREASED,BLOOD ALKALINE PHOSPHATASE INCREASED,False,True,False,suspect,True,IDIOPATHIC PULMONARY FIBROSIS,True,2016-05-04,2016-06-10,37.0,True,False,True,False,False,False,False,False,True
pirfenidone,12849552,1,20161014,20161014,2016,US,US,5,female,,,,LIVER FUNCTION TEST INCREASED|NAUSEA,LIVER FUNCTION TEST INCREASED,False,True,False,suspect,True,IDIOPATHIC PULMONARY FIBROSIS,True,2016-02-26,2016-03-15,18.0,True,False,False,False,False,False,False,False,False
pirfenidone,12849650,1,20161014,20161014,2016,US,US,1,male,,,,LIVER FUNCTION TEST INCREASED,LIVER FUNCTION TEST INCREASED,False,True,False,suspect,True,PRODUCT USED FOR UNKNOWN INDICATION,False,2016-03-17,,,False,False,False,False,False,False,False,False,False
pirfenidone,12849761,1,20161014,20161014,2016,US,US,1,unknown,,,,HEPATIC ENZYME INCREASED,HEPATIC ENZYME INCREASED,False,True,False,suspect,True,PRODUCT USED FOR UNKNOWN INDICATION,False,,,,False,False,False,False,False,False,False,False,False
pirfenidone,12849778,1,20161014,20161014,2016,US,US,1,unknown,,,,BLOOD ALKALINE PHOSPHATASE INCREASED|BLOOD CALCIUM INCREASED,BLOOD ALKALINE PHOSPHATASE INCREASED,False,True,False,suspect,True,IDIOPATHIC PULMONARY FIBROSIS,True,,,,False,False,False,False,False,False,False,False,False
pirfenidone,12849916,1,20161014,20161014,2016,US,US,1,unknown,,,,BLOOD ALKALINE PHOSPHATASE INCREASED,BLOOD ALKALINE PHOSPHATASE INCREASED,False,True,False,suspect,True,IDIOPATHIC PULMONARY FIBROSIS,True,,,,False,False,False,False,False,False,False,False,False
pirfenidone,12850014,1,20161014,20161014,2016,US,US,5,male,73.0,73.0,801,DIARRHOEA|FATIGUE|LIVER FUNCTION TEST INCREASED,LIVER FUNCTION TEST INCREASED,False,True,False,suspect,True,IDIOPATHIC PULMONARY FIBROSIS,True,2016-05-10,,,False,False,True,False,False,False,False,False,True
pirfenidone,12850072,1,20161014,20161014,2016,US,US,3,female,69.0,69.0,801,DYSPEPSIA|HEPATIC ENZYME INCREASED|NAUSEA,HEPATIC ENZYME INCREASED,False,True,False,suspect,True,IDIOPATHIC PULMONARY FIBROSIS,True,2016-06-27,,,False,False,True,False,False,False,False,False,True
pirfenidone,12850177,1,20161014,20161014,2016,US,US,1,female,,,,HEPATIC ENZYME INCREASED,HEPATIC ENZYME INCREASED,False,True,False,suspect,True,IDIOPATHIC PULMONARY FIBROSIS,True,,,,False,False,False,False,False,False,False,False,False
pirfenidone,12909204,2,20161103,20161127,2016,US,US,3,male,74.0,74.0,801,LIVER FUNCTION TEST INCREASED,LIVER FUNCTION TEST INCREASED,False,True,False,suspect,True,IDIOPATHIC PULMONARY FIBROSIS,True,2016-03-15,2016-10-18,217.0,True,False,True,False,False,False,False,False,True
pirfenidone,12909439,1,20161104,20161104,2016,US,US,3,male,,,,LIVER FUNCTION TEST INCREASED,LIVER FUNCTION TEST INCREASED,False,True,False,suspect,True,IDIOPATHIC PULMONARY FIBROSIS,True,,,,False,False,True,False,False,False,False,False,True
pirfenidone,12924387,28,20161108,20210119,2016,CA,CA,3,female,45.0,45.0,801,"ACNE|ALOPECIA|CONDITION AGGRAVATED|DRUG INEFFECTIVE|INCORRECT ROUTE OF PRODUCT ADMINISTRATION|LIVER FUNCTION TEST ABNORMAL|LOSS OF PERSONAL INDEPENDENCE IN DAILY ACTIVITIES|OFF LABEL USE|OVARIAN CYST|OVERDOSE|PAIN|PNEUMONIA|PRODUCT USE IN UNAPPROVED INDICATION|PRODUCT USE ISSUE|RHEUMATOID ARTHRITIS|SLEEP DISORDER DUE TO GENERAL MEDICAL CONDITION, INSOMNIA TYPE|TRANSPLANT DYSFUNCTION|TRANSPLANT REJECTION",LIVER FUNCTION TEST ABNORMAL,False,True,False,suspect,True,TRANSPLANT,False,,,,False,False,True,False,False,True,False,False,True
pirfenidone,12938812,4,20161115,20161216,2016,ES,ES,5,male,,,,ARTHRITIS|DRUG-INDUCED LIVER INJURY,DRUG-INDUCED LIVER INJURY,True,True,False,suspect,True,IDIOPATHIC PULMONARY FIBROSIS,True,,,,False,False,True,False,False,False,False,False,True
pirfenidone,12974078,2,20161124,20161214,2016,US,US,1,male,,,,ABDOMINAL PAIN UPPER|BLOOD BILIRUBIN INCREASED|CARDIAC ARREST|CHROMATURIA|JAUNDICE|PRESYNCOPE,BLOOD BILIRUBIN INCREASED|JAUNDICE,False,True,False,suspect,True,CHRONIC SPONTANEOUS URTICARIA|IDIOPATHIC PULMONARY FIBROSIS,True,2016-11-20,,,False,False,True,True,True,False,False,False,True
pirfenidone,12992498,2,20161202,20170531,2016,US,US,1,male,76.0,76.0,801,BLOOD ALKALINE PHOSPHATASE INCREASED|DEATH|DRUG INTOLERANCE|HEPATOTOXICITY|ILL-DEFINED DISORDER,BLOOD ALKALINE PHOSPHATASE INCREASED|HEPATOTOXICITY,True,True,False,suspect,True,IDIOPATHIC PULMONARY FIBROSIS,True,,,,False,False,True,True,False,False,False,False,True
pirfenidone,12993191,1,20161202,20161202,2016,GR,GR,1,unknown,,,,HEPATITIS,HEPATITIS,False,True,False,suspect,True,PRODUCT USED FOR UNKNOWN INDICATION,False,,,,False,False,True,False,False,False,False,False,True
pirfenidone,13007976,1,20161208,20161208,2016,US,US,1,female,,,,CHOLANGITIS|CHOLELITHIASIS|GALLBLADDER OPERATION|LIVER FUNCTION TEST INCREASED,LIVER FUNCTION TEST INCREASED,False,True,False,suspect,True,PRODUCT USED FOR UNKNOWN INDICATION,False,,,,False,False,True,False,True,False,False,False,False
pirfenidone,13011855,2,20161209,20170111,2016,US,US,1,male,,,,AGEUSIA|DECREASED APPETITE|DIZZINESS|DYSGEUSIA|FATIGUE|HYPOACUSIS|INSOMNIA|LIVER DISORDER|MYOCARDIAL INFARCTION|WEIGHT DECREASED,LIVER DISORDER,False,True,False,suspect,True,IDIOPATHIC PULMONARY FIBROSIS,True,2015-10-05,,,False,False,True,False,False,False,False,False,True
pirfenidone,13012195,1,20161209,20161209,2016,FR,FR,1,male,74.0,74.0,801,DRUG-INDUCED LIVER INJURY,DRUG-INDUCED LIVER INJURY,True,True,False,suspect,True,IDIOPATHIC PULMONARY FIBROSIS,True,,,,False,False,True,False,False,False,False,False,True
pirfenidone,13025199,1,20161214,20161214,2016,US,US,5,male,,,,HEPATIC ENZYME INCREASED|PNEUMONIA|WHITE BLOOD CELL COUNT INCREASED,HEPATIC ENZYME INCREASED,False,True,False,suspect,True,IDIOPATHIC PULMONARY FIBROSIS|PULMONARY FIBROSIS,True,,,,False,False,True,False,True,False,False,False,False
pirfenidone,13025381,1,20161214,20161214,2016,IT,IT,3,female,62.0,62.0,801,LIVER DISORDER,LIVER DISORDER,False,True,False,suspect,True,IDIOPATHIC PULMONARY FIBROSIS,True,,2016-12-07,,False,False,True,False,True,False,False,False,False
pirfenidone,13060852,4,20161225,20170316,2016,IT,IT,1,female,67.0,67.0,801,HEPATOTOXICITY|LIVER FUNCTION TEST ABNORMAL,HEPATOTOXICITY|LIVER FUNCTION TEST ABNORMAL,True,True,False,suspect,True,IDIOPATHIC PULMONARY FIBROSIS,True,2016-10-28,2016-12-21,54.0,True,False,True,False,True,False,False,False,False
pirfenidone,13061345,2,20161226,20170122,2016,US,US,1,male,,,,HEPATIC CIRRHOSIS|HEPATIC FAILURE|HEPATOTOXICITY|RESPIRATORY FAILURE,HEPATIC FAILURE|HEPATOTOXICITY,True,True,False,suspect,True,IDIOPATHIC PULMONARY FIBROSIS,True,2016-11-05,,,False,True,True,True,False,False,False,False,False
pirfenidone,13077878,1,20170102,20170102,2017,FR,FR,1,male,62.0,62.0,801,HEPATOCELLULAR INJURY,HEPATOCELLULAR INJURY,True,True,False,suspect,True,PULMONARY FIBROSIS,True,,,,False,False,True,False,False,False,False,False,True
pirfenidone,13124351,15,20170118,20191127,2017,DE,DE,5,male,65.0,65.0,801,BRONCHITIS|COUGH|DYSPNOEA|DYSPNOEA EXERTIONAL|GAMMA-GLUTAMYLTRANSFERASE INCREASED|GENERAL PHYSICAL HEALTH DETERIORATION|HEPATITIS E|NASOPHARYNGITIS|PNEUMONIA,GAMMA-GLUTAMYLTRANSFERASE INCREASED,False,True,False,suspect,True,IDIOPATHIC PULMONARY FIBROSIS,True,2013-05-08,2017-01-01,1334.0,False,False,True,False,True,False,False,False,False
pirfenidone,13143731,1,20170124,20170124,2017,US,US,5,male,79.0,79.0,801,LIVER FUNCTION TEST INCREASED,LIVER FUNCTION TEST INCREASED,False,True,False,suspect,True,IDIOPATHIC PULMONARY FIBROSIS,True,2016-09-27,2016-12-20,84.0,True,False,True,False,False,False,False,False,True
pirfenidone,13169392,1,20170201,20170201,2017,CA,CA,5,male,,,,DYSPNOEA|GENERAL PHYSICAL HEALTH DETERIORATION|LIVER FUNCTION TEST ABNORMAL|LUNG INFECTION|OXYGEN SATURATION DECREASED|PARKINSON^S DISEASE|RESPIRATORY DISORDER,LIVER FUNCTION TEST ABNORMAL,False,True,False,suspect,True,IDIOPATHIC PULMONARY FIBROSIS,True,2014-08-25,,,False,False,True,False,True,False,False,False,True
pirfenidone,13195787,1,20170208,20170208,2017,ES,ES,1,unknown,,,,GAMMA-GLUTAMYLTRANSFERASE INCREASED|HYPOGAMMAGLOBULINAEMIA,GAMMA-GLUTAMYLTRANSFERASE INCREASED,False,True,False,suspect,True,PRODUCT USED FOR UNKNOWN INDICATION,False,,,,False,False,True,False,False,False,False,False,True
pirfenidone,13251311,11,20170220,20210401,2017,CA,CA,5,female,45.0,45.0,801,"ACNE|ALOPECIA|CONDITION AGGRAVATED|DRUG INEFFECTIVE|INCORRECT ROUTE OF PRODUCT ADMINISTRATION|LIVER FUNCTION TEST ABNORMAL|LOSS OF PERSONAL INDEPENDENCE IN DAILY ACTIVITIES|OVARIAN CYST|OVERDOSE|PAIN|PNEUMONIA|PRODUCT USE ISSUE|RHEUMATOID ARTHRITIS|SLEEP DISORDER DUE TO GENERAL MEDICAL CONDITION, INSOMNIA TYPE|TRANSPLANT DYSFUNCTION|TRANSPLANT REJECTION",LIVER FUNCTION TEST ABNORMAL,False,True,False,suspect,True,TRANSPLANT,False,,,,False,False,True,False,False,True,False,False,True
pirfenidone,13254078,3,20170221,20170403,2017,CA,CA,1,male,68.0,68.0,801,CARDIAC FAILURE CONGESTIVE|GASTROOESOPHAGEAL REFLUX DISEASE|HYPOTENSION|INFECTION|LIVER DISORDER|NEUTROPENIA|OROPHARYNGEAL PAIN|RENAL FAILURE|WHITE BLOOD CELL COUNT ABNORMAL,LIVER DISORDER,False,True,False,suspect,True,IDIOPATHIC PULMONARY FIBROSIS,True,2016-12-02,,,False,False,True,False,True,False,False,False,True
pirfenidone,13272264,1,20170227,20170227,2017,ES,ES,1,female,70.0,70.0,801,LIVER DISORDER|WEIGHT DECREASED,LIVER DISORDER,False,True,False,suspect,True,IDIOPATHIC PULMONARY FIBROSIS,True,2016-04-17,,,False,False,True,False,False,False,False,False,True
pirfenidone,13291384,1,20170303,20170303,2017,GB,GB,3,male,68.0,68.0,801,ALANINE AMINOTRANSFERASE INCREASED|DYSPHAGIA|PNEUMONIA,ALANINE AMINOTRANSFERASE INCREASED,False,True,False,suspect,True,IDIOPATHIC PULMONARY FIBROSIS,True,,,,False,False,True,False,True,False,False,False,False
pirfenidone,13296840,1,20170306,20170306,2017,ES,ES,3,unknown,,,,DEATH|GAMMA-GLUTAMYLTRANSFERASE INCREASED|GASTROINTESTINAL DISORDER|HEPATOTOXICITY|SKIN TOXICITY,GAMMA-GLUTAMYLTRANSFERASE INCREASED|HEPATOTOXICITY,True,True,False,suspect,True,IDIOPATHIC PULMONARY FIBROSIS,True,,,,False,False,True,True,False,False,False,False,False
pirfenidone,13300648,3,20170307,20170714,2017,DE,DE,1,male,72.0,72.0,801,DECREASED APPETITE|EMPHYSEMA|FATIGUE|LIVER FUNCTION TEST INCREASED|MALAISE|PULMONARY EMBOLISM|PULMONARY TUBERCULOSIS,LIVER FUNCTION TEST INCREASED,False,True,False,suspect,True,IDIOPATHIC PULMONARY FIBROSIS,True,2015-09-16,,,False,False,True,False,True,True,True,False,True
pirfenidone,13330144,2,20170313,20170418,2017,GB,GB,3,male,,,,GAMMA-GLUTAMYLTRANSFERASE INCREASED,GAMMA-GLUTAMYLTRANSFERASE INCREASED,False,True,False,suspect,True,IDIOPATHIC PULMONARY FIBROSIS,True,2016-05-19,,,False,False,True,False,False,True,False,False,False
pirfenidone,13340079,2,20170316,20170407,2017,US,US,1,female,58.0,58.0,801,HEPATIC ENZYME INCREASED|LIVER FUNCTION TEST INCREASED,HEPATIC ENZYME INCREASED|LIVER FUNCTION TEST INCREASED,False,True,False,suspect,True,IDIOPATHIC PULMONARY FIBROSIS,True,,2017-02-10,,False,False,True,False,False,False,False,False,True
pirfenidone,13354263,1,20170321,20170321,2017,GR,GR,1,male,,,,LIVER FUNCTION TEST INCREASED,LIVER FUNCTION TEST INCREASED,False,True,False,suspect,True,IDIOPATHIC PULMONARY FIBROSIS,True,,,,False,False,True,False,False,False,False,False,True
pirfenidone,13357057,2,20170322,20170704,2017,BE,BE,1,male,71.0,71.0,801,DISEASE PROGRESSION|HEPATIC FAILURE|HEPATITIS ACUTE,HEPATIC FAILURE|HEPATITIS ACUTE,True,True,False,suspect,True,IDIOPATHIC PULMONARY FIBROSIS,True,2014-08-12,2015-05-07,268.0,True,False,True,True,False,False,False,False,True
pirfenidone,13394535,1,20170403,20170403,2017,US,US,5,female,,,,HEPATIC FUNCTION ABNORMAL,HEPATIC FUNCTION ABNORMAL,False,True,False,suspect,True,IDIOPATHIC PULMONARY FIBROSIS,True,2016-08-19,,,False,False,True,False,False,False,False,False,True
pirfenidone,13419053,1,20170407,20170407,2017,US,US,5,male,,,,DYSPNOEA|HEPATIC ENZYME INCREASED|LUNG DISORDER,HEPATIC ENZYME INCREASED,False,True,False,suspect,True,IDIOPATHIC PULMONARY FIBROSIS,True,2016-11-21,,,False,True,True,True,False,False,False,False,False
pirfenidone,13461641,2,20170420,20170421,2017,GR,GR,1,unknown,,,,BLOOD BILIRUBIN INCREASED|GASTROINTESTINAL DISORDER|HYPERSENSITIVITY|PHOTOSENSITIVITY REACTION|PNEUMONIA,BLOOD BILIRUBIN INCREASED,False,True,False,suspect,True,IDIOPATHIC PULMONARY FIBROSIS,True,,,,False,False,True,True,False,False,False,False,False
pirfenidone,13484135,2,20170425,20170613,2017,FR,FR,1,male,76.0,76.0,801,HEPATITIS,HEPATITIS,False,True,False,suspect,True,IDIOPATHIC PULMONARY FIBROSIS,True,,,,False,False,True,False,False,False,False,False,True
pirfenidone,13490761,1,20170427,20170427,2017,IE,IE,3,unknown,86.0,86.0,801,LIVER FUNCTION TEST INCREASED,LIVER FUNCTION TEST INCREASED,False,True,False,suspect,True,IDIOPATHIC PULMONARY FIBROSIS,True,,,,False,False,True,False,False,False,False,False,True
pirfenidone,13500849,2,20170501,20171027,2017,US,US,3,unknown,,,,HEPATIC ENZYME INCREASED,HEPATIC ENZYME INCREASED,False,True,False,suspect,True,PRODUCT USED FOR UNKNOWN INDICATION,False,,,,False,False,False,False,False,False,False,False,False
pirfenidone,13500957,3,20170501,20180507,2017,US,US,1,female,,,,LIVER FUNCTION TEST INCREASED,LIVER FUNCTION TEST INCREASED,False,True,False,suspect,True,IDIOPATHIC PULMONARY FIBROSIS,True,,,,False,False,False,False,False,False,False,False,False
pirfenidone,13501044,2,20170501,20171027,2017,US,US,5,male,,,,HEPATIC ENZYME INCREASED,HEPATIC ENZYME INCREASED,False,True,False,suspect,True,IDIOPATHIC PULMONARY FIBROSIS,True,2016-10-26,,,False,False,False,False,False,False,False,False,False
pirfenidone,13501069,2,20170501,20171027,2017,US,US,5,female,84.0,84.0,801,BLOOD ALKALINE PHOSPHATASE INCREASED,BLOOD ALKALINE PHOSPHATASE INCREASED,False,True,False,suspect,True,IDIOPATHIC PULMONARY FIBROSIS,True,2015-02-26,,,False,False,False,False,False,False,False,False,False
pirfenidone,13501274,2,20170501,20171027,2017,US,US,1,female,,,,LIVER FUNCTION TEST INCREASED,LIVER FUNCTION TEST INCREASED,False,True,False,suspect,True,PRODUCT USED FOR UNKNOWN INDICATION,False,,,,False,False,False,False,False,False,False,False,False
pirfenidone,13501383,2,20170501,20171027,2017,US,US,5,male,74.0,74.0,801,DERMATITIS ACNEIFORM|LIVER FUNCTION TEST INCREASED,LIVER FUNCTION TEST INCREASED,False,True,False,suspect,True,IDIOPATHIC PULMONARY FIBROSIS,True,2015-05-08,2016-10-12,523.0,False,False,False,False,False,False,False,False,False
pirfenidone,13501385,3,20170501,20180507,2017,US,US,5,male,72.0,72.0,801,ABDOMINAL PAIN|FATIGUE|LIVER FUNCTION TEST INCREASED|NAUSEA|RASH|WEIGHT DECREASED,LIVER FUNCTION TEST INCREASED,False,True,False,suspect,True,IDIOPATHIC PULMONARY FIBROSIS,True,2016-08-27,2016-11-13,78.0,True,False,False,False,False,False,False,False,False
pirfenidone,13501406,2,20170501,20171027,2017,US,US,1,female,,,,HEPATIC ENZYME INCREASED,HEPATIC ENZYME INCREASED,False,True,False,suspect,True,PRODUCT USED FOR UNKNOWN INDICATION,False,,,,False,False,False,False,False,False,False,False,False
pirfenidone,13501444,2,20170501,20171027,2017,US,US,1,male,71.0,71.0,801,HEPATIC ENZYME INCREASED|RASH,HEPATIC ENZYME INCREASED,False,True,False,suspect,True,IDIOPATHIC PULMONARY FIBROSIS,True,,,,False,False,False,False,False,False,False,False,False
pirfenidone,13506951,1,20170503,20170503,2017,US,US,1,female,,,,ACUTE HEPATIC FAILURE,ACUTE HEPATIC FAILURE,True,True,False,suspect,True,IDIOPATHIC PULMONARY FIBROSIS,True,,,,False,False,True,False,False,False,False,False,True
pirfenidone,13548095,1,20170516,20170516,2017,GR,GR,1,unknown,,,,ANAL FISTULA|DEATH|GASTROINTESTINAL DISORDER|HEPATOTOXICITY|NAUSEA|OEDEMA PERIPHERAL|PHOTOSENSITIVITY REACTION|RASH,HEPATOTOXICITY,True,True,False,suspect,True,IDIOPATHIC PULMONARY FIBROSIS,True,,,,False,False,True,True,False,False,False,False,True
pirfenidone,13601227,1,20170601,20170601,2017,US,US,3,unknown,71.0,71.0,801,CONSTIPATION|DECREASED APPETITE|LIVER DISORDER|RENAL DISORDER,LIVER DISORDER,False,True,False,suspect,True,IDIOPATHIC PULMONARY FIBROSIS,True,2017-03-28,2017-05-31,64.0,True,False,True,False,True,False,False,False,False
pirfenidone,13646376,3,20170613,20170714,2017,TR,TR,1,male,69.0,69.0,801,HEPATOTOXICITY,HEPATOTOXICITY,True,True,False,suspect,True,IDIOPATHIC PULMONARY FIBROSIS,True,,2017-05-10,,False,False,True,False,True,False,False,False,False
pirfenidone,13647064,1,20170613,20170613,2017,US,US,5,male,74.0,74.0,801,DYSPNOEA|HEPATIC ENZYME INCREASED|MALAISE|SEIZURE,HEPATIC ENZYME INCREASED,False,True,False,suspect,True,PRODUCT USED FOR UNKNOWN INDICATION,False,,,,False,False,True,False,False,False,False,False,True
pirfenidone,13649460,2,20170614,20170918,2017,RO,RO,1,male,47.0,47.0,801,DIARRHOEA|DIZZINESS|DRY SKIN|HEPATIC FAILURE|OEDEMA PERIPHERAL|PALPITATIONS|PRURITUS GENERALISED|RENAL FAILURE|TREMOR,HEPATIC FAILURE,True,True,False,suspect,True,IDIOPATHIC PULMONARY FIBROSIS,True,,2017-09-05,,False,True,True,True,True,False,False,False,False
pirfenidone,13713476,2,20170704,20170706,2017,IL,IL,1,male,,,,ANTINUCLEAR ANTIBODY POSITIVE|BLOOD IMMUNOGLOBULIN G INCREASED|HEPATIC ENZYME INCREASED,HEPATIC ENZYME INCREASED,False,True,False,suspect,True,IDIOPATHIC PULMONARY FIBROSIS,True,,,,False,False,True,False,False,False,False,False,True
pirfenidone,13754988,1,20170714,20170714,2017,US,US,1,male,74.0,74.0,801,HEPATOTOXICITY|LIVER FUNCTION TEST ABNORMAL,HEPATOTOXICITY|LIVER FUNCTION TEST ABNORMAL,True,True,False,suspect,True,IDIOPATHIC PULMONARY FIBROSIS,True,2017-03-20,2017-05-15,56.0,True,False,True,False,False,False,False,False,True
pirfenidone,13778654,3,20170721,20170823,2017,CA,CA,1,male,,,,DECREASED APPETITE|DIARRHOEA|FATIGUE|LIVER DISORDER|MALAISE|MUSCLE SPASMS|WEIGHT DECREASED,LIVER DISORDER,False,True,False,suspect,True,IDIOPATHIC PULMONARY FIBROSIS,True,2017-06-21,,,False,False,True,False,False,False,False,False,True
pirfenidone,13868423,1,20170815,20170815,2017,US,US,3,male,56.0,56.0,801,HEPATIC FUNCTION ABNORMAL,HEPATIC FUNCTION ABNORMAL,False,True,False,suspect,True,PULMONARY FIBROSIS,True,2015-06-28,,,False,False,True,False,False,False,False,False,True
pirfenidone,13905603,1,20170825,20170825,2017,DE,DE,1,male,81.0,81.0,801,DEEP VEIN THROMBOSIS|DYSPNOEA|LIVER FUNCTION TEST INCREASED,LIVER FUNCTION TEST INCREASED,False,True,False,suspect,True,IDIOPATHIC PULMONARY FIBROSIS,True,2015-09-18,,,False,False,True,False,True,False,False,False,True
pirfenidone,14032081,12,20171003,20210322,2017,BE,BE,1,male,73.0,73.0,801,CHOLESTASIS|PNEUMONIA,CHOLESTASIS,False,True,False,suspect,True,IDIOPATHIC PULMONARY FIBROSIS,True,2017-04-26,2017-08-08,104.0,True,False,True,False,True,False,False,False,False
pirfenidone,14077902,3,20171012,20171113,2017,AU,AU,1,female,78.0,78.0,801,HEPATIC CONGESTION|HEPATIC ENZYME INCREASED|RIGHT VENTRICULAR FAILURE,HEPATIC ENZYME INCREASED,False,True,False,suspect,True,IDIOPATHIC PULMONARY FIBROSIS|INTERSTITIAL LUNG DISEASE,True,2017-05-25,2017-07-13,49.0,True,False,True,False,False,False,False,False,True
pirfenidone,14124104,1,20171025,20171025,2017,US,US,3,unknown,,,,GASTROINTESTINAL DISORDER|HEPATIC ENZYME INCREASED|PULMONARY FIBROSIS|THROMBOCYTOPENIA,HEPATIC ENZYME INCREASED,False,True,False,suspect,True,PULMONARY FIBROSIS,True,,,,False,False,True,False,False,False,False,False,True
pirfenidone,14189170,13,20171115,20181002,2017,GB,GB,5,male,69.0,69.0,801,ABDOMINAL PAIN UPPER|ANGER|ANXIETY|ARTHRALGIA|ASTHENIA|CARBON MONOXIDE DIFFUSING CAPACITY DECREASED|CONDITION AGGRAVATED|COUGH|DEATH|DECREASED APPETITE|DECUBITUS ULCER|DEFAECATION URGENCY|DIABETES MELLITUS|DIARRHOEA|DYSPEPSIA|DYSPHAGIA|DYSPNOEA|EXOSTOSIS|FALL|FATIGUE|FORCED VITAL CAPACITY DECREASED|FRUSTRATION TOLERANCE DECREASED|GASTROINTESTINAL DISORDER|GASTROINTESTINAL SOUNDS ABNORMAL|GLAUCOMA|INCREASED APPETITE|INFECTION|JOINT SWELLING|LIVER FUNCTION TEST ABNORMAL|LOWER RESPIRATORY TRACT INFECTION|LUNG INFECTION|MALAISE|MEMORY IMPAIRMENT|NAUSEA|OXYGEN SATURATION DECREASED|PAIN|PAIN IN EXTREMITY|PERIPHERAL SWELLING|PROCEDURAL PAIN|SCIATICA|SOMNOLENCE|SPINAL COLUMN STENOSIS|STRESS|TACHYPNOEA|TEARFULNESS|TOTAL LUNG CAPACITY DECREASED|TYPE 2 DIABETES MELLITUS|VOMITING,LIVER FUNCTION TEST ABNORMAL,False,True,False,suspect,True,IDIOPATHIC PULMONARY FIBROSIS,True,2015-06-17,2017-11-17,884.0,False,False,True,True,False,False,False,False,True
pirfenidone,14241960,2,20171201,20180719,2017,GB,GB,5,male,,,,ANGINA PECTORIS|BLOOD POTASSIUM DECREASED|BLOOD SODIUM DECREASED|BLOOD TEST ABNORMAL|CHEST PAIN|DECREASED APPETITE|DIZZINESS|DYSPNOEA|FATIGUE|FEELING ABNORMAL|GASTROOESOPHAGEAL REFLUX DISEASE|HAEMOPTYSIS|HEADACHE|HEPATIC ENZYME INCREASED|HYPOTENSION|INAPPROPRIATE SCHEDULE OF DRUG ADMINISTRATION|LABYRINTHITIS|LETHARGY|LOSS OF CONSCIOUSNESS|LOWER RESPIRATORY TRACT INFECTION|MYOCARDIAL INFARCTION|NAUSEA|PHOTOPHOBIA|PRODUCTIVE COUGH|PSYCHIATRIC SYMPTOM|PULMONARY EMBOLISM|RASH|SOMNOLENCE|STRESS|TACHYCARDIA|VERTIGO|VOMITING|WEIGHT DECREASED|WOUND|WOUND COMPLICATION,HEPATIC ENZYME INCREASED,False,True,False,suspect,True,IDIOPATHIC PULMONARY FIBROSIS,True,,,,False,False,True,False,False,False,False,False,True
pirfenidone,14247143,1,20171204,20171204,2017,US,US,1,male,,,,LIVER FUNCTION TEST INCREASED|PAPILLOEDEMA|VISUAL IMPAIRMENT,LIVER FUNCTION TEST INCREASED,False,True,False,suspect,True,IDIOPATHIC PULMONARY FIBROSIS,True,2017-05-04,,,False,False,True,False,False,False,False,False,True
pirfenidone,14275684,2,20171212,20180309,2017,CA,CA,1,female,57.0,57.0,801,HEADACHE|HEPATITIS|LIVER FUNCTION TEST INCREASED|NAUSEA,HEPATITIS|LIVER FUNCTION TEST INCREASED,False,True,False,suspect,True,IDIOPATHIC PULMONARY FIBROSIS,True,2017-01-14,,,False,False,True,False,False,False,False,False,True
pirfenidone,14323586,2,20171226,20180111,2017,US,US,3,male,,,,HEPATIC FUNCTION ABNORMAL,HEPATIC FUNCTION ABNORMAL,False,True,False,suspect,True,IDIOPATHIC PULMONARY FIBROSIS,True,2017-10-24,2017-12-12,49.0,True,False,True,False,False,False,False,False,True
pirfenidone,14326423,6,20171227,20190212,2017,GB,GB,5,male,,,,ALANINE AMINOTRANSFERASE INCREASED|BLOOD POTASSIUM INCREASED|CARDIAC FAILURE|COUGH|DECREASED APPETITE|DEPRESSED MOOD|DRY MOUTH|DYSGEUSIA|DYSPEPSIA|DYSPNOEA|DYSPNOEA EXERTIONAL|ERUCTATION|FATIGUE|FLUSHING|FRUSTRATION TOLERANCE DECREASED|GENERALISED ERYTHEMA|HOT FLUSH|HYPERSOMNIA|LOWER RESPIRATORY TRACT INFECTION|MIDDLE INSOMNIA|MUSCLE FATIGUE|NASAL DISCOMFORT|NASAL DISORDER|NASAL OEDEMA|NAUSEA|ORAL PAIN|PARAESTHESIA|PRODUCTIVE COUGH|PRURITUS GENERALISED|SWELLING FACE,ALANINE AMINOTRANSFERASE INCREASED,False,True,False,suspect,True,IDIOPATHIC PULMONARY FIBROSIS,True,2017-04-13,,,False,False,True,False,False,False,False,False,True
pirfenidone,14327474,1,20171227,20171227,2017,PL,PL,1,unknown,,,,LIVER FUNCTION TEST INCREASED,LIVER FUNCTION TEST INCREASED,False,True,False,suspect,True,PRODUCT USED FOR UNKNOWN INDICATION,False,,,,False,False,True,False,False,False,False,False,True
pirfenidone,14340207,2,20171231,20180102,2017,IN,IN,3,male,77.0,77.0,801,ACUTE HEPATIC FAILURE|MULTIPLE ORGAN DYSFUNCTION SYNDROME|PNEUMONIA|SEPSIS|SHOCK,ACUTE HEPATIC FAILURE,True,True,False,suspect,True,IDIOPATHIC PULMONARY FIBROSIS,True,,,,False,False,True,True,True,False,False,False,False
pirfenidone,14341409,3,20180102,20250206,2018,GR,GR,3,unknown,,,,ANAL FISTULA|BONE MARROW OEDEMA|GASTROINTESTINAL DISORDER|HEPATOTOXICITY|NAUSEA|PHOTOSENSITIVITY REACTION|RASH,HEPATOTOXICITY,True,True,False,suspect,True,IDIOPATHIC PULMONARY FIBROSIS,True,,,,False,False,True,False,False,False,False,False,True
pirfenidone,14369711,3,20180110,20180305,2018,US,US,3,female,72.0,72.0,801,ASTHENIA|BURNING SENSATION|CHILLS|DRY SKIN|EAR DISCOMFORT|LIVER FUNCTION TEST INCREASED|MALAISE|PAIN|PAIN IN EXTREMITY|PARAESTHESIA|RASH|SKIN EXFOLIATION|SKIN WRINKLING|THERMAL BURN,LIVER FUNCTION TEST INCREASED,False,True,False,suspect,True,IDIOPATHIC PULMONARY FIBROSIS,True,2017-12-15,,,False,False,True,False,True,False,False,False,False
pirfenidone,14374144,2,20180111,20180119,2018,US,US,1,male,,,,HEPATIC CIRRHOSIS|HEPATIC FAILURE|NON-ALCOHOLIC STEATOHEPATITIS,HEPATIC FAILURE,True,True,False,suspect,True,PRODUCT USED FOR UNKNOWN INDICATION,False,,,,False,True,True,True,False,False,False,False,False
pirfenidone,14386147,1,20180115,20180115,2018,CA,CA,5,female,76.0,76.0,801,ABDOMINAL DISCOMFORT|ASTHENIA|CHROMATURIA|DIARRHOEA|DYSPEPSIA|DYSPNOEA|FATIGUE|FEELING ABNORMAL|HEADACHE|HEPATIC ENZYME INCREASED|HOT FLUSH|INFECTION SUSCEPTIBILITY INCREASED|NASOPHARYNGITIS|NAUSEA|RHEUMATOID ARTHRITIS|URTICARIA|VISUAL IMPAIRMENT,HEPATIC ENZYME INCREASED,False,True,False,suspect,True,IDIOPATHIC PULMONARY FIBROSIS,True,,,,False,False,True,False,False,False,False,False,True
pirfenidone,14411614,1,20180119,20180119,2018,CA,CA,5,female,76.0,76.0,801,ABDOMINAL DISCOMFORT|ASTHENIA|CHROMATURIA|DIARRHOEA|DYSPEPSIA|DYSPNOEA|FATIGUE|FEELING ABNORMAL|HEADACHE|HEPATIC ENZYME INCREASED|HOT FLUSH|INFECTION SUSCEPTIBILITY INCREASED|NASOPHARYNGITIS|NAUSEA|RHEUMATOID ARTHRITIS|URTICARIA|VISUAL IMPAIRMENT,HEPATIC ENZYME INCREASED,False,True,False,suspect,True,IDIOPATHIC PULMONARY FIBROSIS,True,,,,False,False,True,False,False,False,False,False,True
pirfenidone,14422635,3,20180123,20181022,2018,US,US,5,female,,,,HEPATIC PAIN|LIVER DISORDER|OCULAR ICTERUS|PAIN,LIVER DISORDER,False,True,False,suspect,True,IDIOPATHIC PULMONARY FIBROSIS,True,2017-12-12,,,False,False,True,False,False,False,False,False,True
pirfenidone,14449983,2,20180129,20180605,2018,CH,CH,1,male,75.0,75.0,801,CHOLESTASIS|DECREASED APPETITE|IDIOPATHIC PULMONARY FIBROSIS|TRANSAMINASES INCREASED|WEIGHT DECREASED,CHOLESTASIS|TRANSAMINASES INCREASED,False,True,False,suspect,True,IDIOPATHIC PULMONARY FIBROSIS,True,,2016-01-13,,False,False,True,True,True,False,False,False,False
pirfenidone,14482672,2,20180203,20180227,2018,US,US,5,female,,,,DYSPNOEA|HEPATIC ENZYME INCREASED|LIVER INJURY,HEPATIC ENZYME INCREASED,False,True,False,suspect,True,IDIOPATHIC PULMONARY FIBROSIS,True,,,,False,False,True,False,False,False,False,False,True
pirfenidone,14525448,1,20180213,20180213,2018,ES,ES,3,female,65.0,65.0,801,DRUG REACTION WITH EOSINOPHILIA AND SYSTEMIC SYMPTOMS|HEPATITIS|RENAL IMPAIRMENT,HEPATITIS,False,True,False,suspect,True,PULMONARY FIBROSIS,True,2016-05-26,2016-07-08,43.0,True,False,True,False,True,False,False,False,False
pirfenidone,14533152,1,20180215,20180215,2018,ES,ES,5,unknown,,,,DRUG ERUPTION|DRUG REACTION WITH EOSINOPHILIA AND SYSTEMIC SYMPTOMS|HEPATITIS|RENAL IMPAIRMENT,HEPATITIS,False,True,False,suspect,True,PULMONARY FIBROSIS,True,2016-05-26,2016-07-08,43.0,True,False,True,False,True,False,False,False,True
pirfenidone,14540062,3,20180216,20220311,2018,ES,ES,3,female,65.0,65.0,801,DRUG REACTION WITH EOSINOPHILIA AND SYSTEMIC SYMPTOMS|HEPATITIS|RENAL IMPAIRMENT,HEPATITIS,False,True,False,suspect,True,PULMONARY FIBROSIS,True,2016-05-26,2016-07-08,43.0,True,False,True,False,True,False,False,False,True
pirfenidone,14545786,2,20180219,20180226,2018,US,US,1,female,78.0,78.0,801,HEPATIC ENZYME INCREASED|RENAL IMPAIRMENT,HEPATIC ENZYME INCREASED,False,True,False,suspect,True,IDIOPATHIC PULMONARY FIBROSIS,True,2016-12-22,2017-03-06,74.0,True,False,True,False,False,False,False,False,True
pirfenidone,14569483,2,20180224,20180303,2018,FR,FR,3,unknown,,,,DECREASED APPETITE|DIARRHOEA|GASTROINTESTINAL DISORDER|GASTROOESOPHAGEAL REFLUX DISEASE|NAUSEA|PHOTOSENSITIVITY REACTION|TOXIC SKIN ERUPTION|TRANSAMINASES INCREASED|WEIGHT DECREASED,TRANSAMINASES INCREASED,False,True,False,suspect,True,IDIOPATHIC PULMONARY FIBROSIS,True,,,,False,False,True,False,False,False,False,False,True
pirfenidone,14583709,2,20180228,20200102,2018,ES,ES,3,female,65.0,65.0,801,DRUG REACTION WITH EOSINOPHILIA AND SYSTEMIC SYMPTOMS|HEPATITIS|RENAL IMPAIRMENT,HEPATITIS,False,True,False,suspect,True,PULMONARY FIBROSIS,True,2016-05-26,2016-07-08,43.0,True,False,True,False,True,False,False,False,False
pirfenidone,14598060,1,20180305,20180305,2018,FR,FR,1,male,62.0,62.0,801,EOSINOPHILIA|HEPATITIS,HEPATITIS,False,True,False,suspect,True,PULMONARY FIBROSIS,True,2017-11-21,2017-12-01,10.0,True,False,True,False,True,False,False,False,False
pirfenidone,14682573,4,20180327,20180509,2018,IT,IT,1,female,66.0,66.0,801,HEPATITIS ACUTE,HEPATITIS ACUTE,False,True,False,suspect,True,IDIOPATHIC PULMONARY FIBROSIS,True,2017-11-03,2017-12-30,57.0,True,False,True,False,True,False,False,False,False
pirfenidone,14698841,4,20180330,20180614,2018,IT,IT,1,female,66.0,66.0,801,HEPATITIS ACUTE,HEPATITIS ACUTE,False,True,False,suspect,True,IDIOPATHIC PULMONARY FIBROSIS,True,2017-11-03,2018-01-08,66.0,True,False,True,False,True,False,False,False,False
pirfenidone,14715644,2,20180404,20180817,2018,FR,FR,1,female,79.0,79.0,801,BLOOD ALKALINE PHOSPHATASE INCREASED|GAMMA-GLUTAMYLTRANSFERASE INCREASED|HYPERTRANSAMINASAEMIA,BLOOD ALKALINE PHOSPHATASE INCREASED|GAMMA-GLUTAMYLTRANSFERASE INCREASED,False,True,False,suspect,True,IDIOPATHIC PULMONARY FIBROSIS,True,2018-01-17,2018-02-19,33.0,True,False,True,False,True,False,False,False,False
pirfenidone,14739311,3,20180410,20190521,2018,US,US,5,female,,,,ASTHENIA|CARDIAC DISORDER|COUGH|DYSPNOEA|ERUCTATION|HYPERTENSION|INFLUENZA|JOINT SWELLING|LIVER DISORDER|PAIN IN JAW|RESPIRATORY FAILURE|STRESS|UNEVALUABLE EVENT|WOUND,LIVER DISORDER,False,True,False,suspect,True,IDIOPATHIC PULMONARY FIBROSIS,True,,,,False,False,True,False,False,False,True,False,True
pirfenidone,14744399,1,20180411,20180411,2018,GR,GR,1,male,52.0,52.0,801,DEATH|HEPATIC ENZYME INCREASED,HEPATIC ENZYME INCREASED,False,True,False,suspect,True,IDIOPATHIC PULMONARY FIBROSIS,True,,,,False,False,True,True,False,False,False,False,True
pirfenidone,14745641,1,20180411,20180411,2018,JP,JP,3,male,68.0,68.0,801,DRUG REACTION WITH EOSINOPHILIA AND SYSTEMIC SYMPTOMS|HEPATIC FUNCTION ABNORMAL|HUMAN HERPESVIRUS 6 INFECTION,HEPATIC FUNCTION ABNORMAL,False,True,False,suspect,True,IDIOPATHIC PULMONARY FIBROSIS,True,,,,False,False,True,False,False,False,False,False,True
pirfenidone,14760438,1,20180414,20180414,2018,DE,DE,1,unknown,,,,HEPATIC FAILURE,HEPATIC FAILURE,True,True,False,suspect,True,PRODUCT USED FOR UNKNOWN INDICATION,False,,,,False,False,True,False,False,False,False,False,True
pirfenidone,14854866,1,20180507,20180507,2018,US,US,5,male,71.0,71.0,801,HEPATIC FUNCTION ABNORMAL,HEPATIC FUNCTION ABNORMAL,False,True,False,suspect,True,IDIOPATHIC PULMONARY FIBROSIS,True,2017-02-06,2017-03-07,29.0,True,False,False,False,False,False,False,False,False
pirfenidone,14855017,1,20180507,20180507,2018,US,US,5,female,,,,LIVER FUNCTION TEST INCREASED,LIVER FUNCTION TEST INCREASED,False,True,False,suspect,True,IDIOPATHIC PULMONARY FIBROSIS,True,,,,False,False,False,False,False,False,False,False,False
pirfenidone,14855042,1,20180507,20180507,2018,US,US,5,female,,,,LIVER FUNCTION TEST INCREASED,LIVER FUNCTION TEST INCREASED,False,True,False,suspect,True,IDIOPATHIC PULMONARY FIBROSIS,True,2016-07-21,,,False,False,False,False,False,False,False,False,False
pirfenidone,14855124,1,20180507,20180507,2018,US,US,1,unknown,,,,HEPATIC ENZYME INCREASED,HEPATIC ENZYME INCREASED,False,True,False,suspect,True,PRODUCT USED FOR UNKNOWN INDICATION,False,,,,False,False,False,False,False,False,False,False,False
pirfenidone,14855268,1,20180507,20180507,2018,US,US,1,unknown,,,,HEPATIC ENZYME INCREASED,HEPATIC ENZYME INCREASED,False,True,False,suspect,True,PRODUCT USED FOR UNKNOWN INDICATION,False,,,,False,False,False,False,False,False,False,False,False
pirfenidone,14855303,1,20180507,20180507,2018,US,US,1,male,,,,LIVER FUNCTION TEST INCREASED,LIVER FUNCTION TEST INCREASED,False,True,False,suspect,True,PULMONARY FIBROSIS,True,2017-04-01,,,False,False,False,False,False,False,False,False,False
pirfenidone,14855403,1,20180507,20180507,2018,US,US,1,unknown,,,,BLOOD ALKALINE PHOSPHATASE INCREASED,BLOOD ALKALINE PHOSPHATASE INCREASED,False,True,False,suspect,True,IDIOPATHIC PULMONARY FIBROSIS,True,2016-10-08,,,False,False,False,False,False,False,False,False,False
pirfenidone,14855604,1,20180507,20180507,2018,US,US,5,male,63.0,63.0,801,HEPATIC ENZYME INCREASED,HEPATIC ENZYME INCREASED,False,True,False,suspect,True,COR PULMONALE,False,2017-01-25,2017-07-05,161.0,True,False,False,False,False,False,False,False,False
pirfenidone,14855657,1,20180507,20180507,2018,US,US,5,female,72.0,72.0,801,HEPATIC ENZYME INCREASED|RASH|WHITE BLOOD CELL COUNT DECREASED,HEPATIC ENZYME INCREASED,False,True,False,suspect,True,IDIOPATHIC PULMONARY FIBROSIS,True,2017-01-28,2017-02-11,14.0,True,False,True,False,False,False,False,False,True
pirfenidone,14856081,1,20180507,20180507,2018,US,US,1,unknown,,,,BLOOD ALKALINE PHOSPHATASE INCREASED,BLOOD ALKALINE PHOSPHATASE INCREASED,False,True,False,suspect,True,PRODUCT USED FOR UNKNOWN INDICATION,False,,,,False,False,False,False,False,False,False,False,False
pirfenidone,14856235,1,20180507,20180507,2018,US,US,5,male,,,,LIVER FUNCTION TEST INCREASED,LIVER FUNCTION TEST INCREASED,False,True,False,suspect,True,IDIOPATHIC PULMONARY FIBROSIS,True,2014-10-14,,,False,False,False,False,False,False,False,False,False
pirfenidone,14856309,1,20180507,20180507,2018,US,US,5,male,,,,DYSPEPSIA|LIVER DISORDER,LIVER DISORDER,False,True,False,suspect,True,IDIOPATHIC PULMONARY FIBROSIS,True,2016-05-02,,,False,False,False,False,False,False,False,False,False
pirfenidone,14856353,1,20180507,20180507,2018,US,US,1,unknown,,,,HEPATIC FUNCTION ABNORMAL,HEPATIC FUNCTION ABNORMAL,False,True,False,suspect,True,PRODUCT USED FOR UNKNOWN INDICATION,False,,,,False,False,False,False,False,False,False,False,False
pirfenidone,14856469,1,20180507,20180507,2018,US,US,1,female,80.0,80.0,801,HEPATIC ENZYME INCREASED,HEPATIC ENZYME INCREASED,False,True,False,suspect,True,IDIOPATHIC PULMONARY FIBROSIS,True,,,,False,False,False,False,False,False,False,False,False
pirfenidone,14856520,1,20180507,20180507,2018,US,US,5,male,,,,LIVER FUNCTION TEST INCREASED,LIVER FUNCTION TEST INCREASED,False,True,False,suspect,True,IDIOPATHIC PULMONARY FIBROSIS,True,2017-07-28,,,False,False,False,False,False,False,False,False,False
pirfenidone,14856583,2,20180507,20190509,2018,US,US,3,male,,,,ASPARTATE AMINOTRANSFERASE ABNORMAL|BLOOD ALKALINE PHOSPHATASE INCREASED,BLOOD ALKALINE PHOSPHATASE INCREASED,False,True,False,suspect,True,PRODUCT USED FOR UNKNOWN INDICATION,False,,,,False,False,False,False,False,False,False,False,False
pirfenidone,14856590,3,20180507,20181211,2018,US,US,1,male,74.0,74.0,801,HEPATIC ENZYME INCREASED|HIP FRACTURE,HEPATIC ENZYME INCREASED,False,True,False,suspect,True,IDIOPATHIC PULMONARY FIBROSIS,True,2017-12-17,2018-02-12,57.0,True,False,True,False,True,False,False,False,False
pirfenidone,14856640,1,20180507,20180507,2018,US,US,5,female,,,,LIVER FUNCTION TEST INCREASED,LIVER FUNCTION TEST INCREASED,False,True,False,suspect,True,IDIOPATHIC PULMONARY FIBROSIS,True,2017-09-27,,,False,False,False,False,False,False,False,False,False
pirfenidone,14856660,1,20180507,20180507,2018,US,US,5,male,,,,HEPATIC ENZYME INCREASED,HEPATIC ENZYME INCREASED,False,True,False,suspect,True,IDIOPATHIC PULMONARY FIBROSIS,True,2017-10-19,,,False,False,False,False,False,False,False,False,False
pirfenidone,14856817,2,20180507,20181010,2018,US,US,5,male,,,,HEPATIC MASS|LIVER DISORDER|PANCREATIC DISORDER,LIVER DISORDER,False,True,False,suspect,True,IDIOPATHIC PULMONARY FIBROSIS,True,,,,False,False,False,False,False,False,False,False,False
pirfenidone,14856825,1,20180507,20180507,2018,US,US,1,unknown,,,,HEPATIC ENZYME INCREASED,HEPATIC ENZYME INCREASED,False,True,False,suspect,True,PRODUCT USED FOR UNKNOWN INDICATION,False,,,,False,False,False,False,False,False,False,False,False
pirfenidone,14856891,1,20180507,20180507,2018,US,US,5,unknown,,,,LIVER FUNCTION TEST INCREASED,LIVER FUNCTION TEST INCREASED,False,True,False,suspect,True,IDIOPATHIC PULMONARY FIBROSIS,True,,,,False,False,False,False,False,False,False,False,False
pirfenidone,14856918,1,20180507,20180507,2018,US,US,5,male,,,,ASPARTATE AMINOTRANSFERASE INCREASED,ASPARTATE AMINOTRANSFERASE INCREASED,False,True,False,suspect,True,PRODUCT USED FOR UNKNOWN INDICATION,False,,,,False,False,False,False,False,False,False,False,False
pirfenidone,14856951,1,20180507,20180507,2018,US,US,1,female,62.0,62.0,801,BLOOD PRESSURE INCREASED|EYE CONTUSION|FATIGUE|HEADACHE|LIVER DISORDER|RENAL DISORDER,LIVER DISORDER,False,True,False,suspect,True,IDIOPATHIC PULMONARY FIBROSIS,True,2017-12-07,,,False,False,False,False,False,False,False,False,False
pirfenidone,14878445,2,20180511,20180625,2018,CA,CA,1,female,81.0,81.0,801,ARTHRALGIA|CONFUSIONAL STATE|DEATH|DIZZINESS|FATIGUE|HEPATIC ENZYME INCREASED|LETHARGY|RASH PAPULAR|URTICARIA,HEPATIC ENZYME INCREASED,False,True,False,suspect,True,IDIOPATHIC PULMONARY FIBROSIS,True,2018-03-12,2018-05-03,52.0,True,False,True,True,True,False,False,False,False
pirfenidone,14928237,4,20180523,20180810,2018,DE,DE,5,male,64.0,64.0,801,ASTHENIA|CARDIOVASCULAR DISORDER|COUGH|DIZZINESS|DRUG INEFFECTIVE|DYSPNOEA|DYSPNOEA EXERTIONAL|FATIGUE|HYPOTENSION|INFLUENZA LIKE ILLNESS|LIVER FUNCTION TEST INCREASED,LIVER FUNCTION TEST INCREASED,False,True,False,suspect,True,IDIOPATHIC PULMONARY FIBROSIS,True,2017-06-08,2017-09-18,102.0,True,False,True,False,True,False,False,False,True
pirfenidone,15027521,1,20180619,20180619,2018,US,US,2,female,,,,HEPATITIS ACUTE|INTESTINAL OBSTRUCTION,HEPATITIS ACUTE,False,True,False,suspect,True,PULMONARY FIBROSIS,True,,,,False,False,True,False,False,False,False,False,True
pirfenidone,15048084,1,20180622,20180622,2018,GB,GB,5,male,,,,BLOOD TEST ABNORMAL|COUGH|FATIGUE|GASTROOESOPHAGEAL REFLUX DISEASE|HEPATIC FUNCTION ABNORMAL|MUSCULOSKELETAL PAIN|PAIN OF SKIN|PHOTOSENSITIVITY REACTION|PRURITUS|RASH|RASH MACULAR|RENAL IMPAIRMENT|SUNBURN,HEPATIC FUNCTION ABNORMAL,False,True,False,suspect,True,IDIOPATHIC PULMONARY FIBROSIS,True,2016-01-24,2016-05-11,108.0,True,False,True,False,False,False,False,False,True
pirfenidone,15061774,2,20180625,20190123,2018,GB,GB,5,male,,,,ANGINA PECTORIS|BILE DUCT OBSTRUCTION|BLOOD POTASSIUM INCREASED|BONE SWELLING|CATHETER SITE PAIN|CHOLELITHIASIS|COELIAC DISEASE|DECREASED APPETITE|DYSGEUSIA|DYSPNOEA|ILL-DEFINED DISORDER|JAUNDICE|MALAISE|MOOD ALTERED|NAUSEA|PURULENT DISCHARGE|SPEECH DISORDER|TRANSIENT ISCHAEMIC ATTACK|URINE OUTPUT DECREASED,JAUNDICE,False,True,False,suspect,True,IDIOPATHIC PULMONARY FIBROSIS,True,2015-03-23,,,False,False,True,True,True,False,False,False,True
pirfenidone,15065048,1,20180626,20180626,2018,US,US,5,male,,,,DIARRHOEA|HEPATOTOXICITY|LIVER DISORDER|MALAISE,HEPATOTOXICITY|LIVER DISORDER,True,True,False,suspect,True,IDIOPATHIC PULMONARY FIBROSIS,True,,,,False,False,True,False,False,False,False,False,True
pirfenidone,15080790,2,20180628,20180718,2018,CA,CA,1,male,,,,ALANINE AMINOTRANSFERASE INCREASED|HEPATIC FUNCTION ABNORMAL,ALANINE AMINOTRANSFERASE INCREASED|HEPATIC FUNCTION ABNORMAL,False,True,False,suspect,True,IDIOPATHIC PULMONARY FIBROSIS,True,2018-04-07,,,False,False,True,False,False,False,False,False,True
pirfenidone,15090316,3,20180629,20180910,2018,DE,DE,5,male,64.0,64.0,801,ASTHENIA|CARDIOVASCULAR DISORDER|COUGH|DIZZINESS|DYSPNOEA|DYSPNOEA EXERTIONAL|FATIGUE|HYPOTENSION|INFLUENZA LIKE ILLNESS|LIVER FUNCTION TEST INCREASED,LIVER FUNCTION TEST INCREASED,False,True,False,suspect,True,IDIOPATHIC PULMONARY FIBROSIS,True,2017-06-08,2017-09-18,102.0,True,False,True,False,True,False,False,False,False
pirfenidone,15106283,1,20180704,20180704,2018,US,US,1,female,81.0,81.0,801,ABDOMINAL INFECTION|HEPATIC ENZYME INCREASED,HEPATIC ENZYME INCREASED,False,True,False,suspect,True,IDIOPATHIC PULMONARY FIBROSIS,True,2016-05-20,2018-04-12,692.0,False,False,True,False,False,False,False,False,True
pirfenidone,15134902,1,20180712,20180712,2018,US,US,5,female,,,,HALLUCINATION|LIVER DISORDER|MUSCULAR WEAKNESS,LIVER DISORDER,False,True,False,suspect,True,IDIOPATHIC PULMONARY FIBROSIS,True,,,,False,False,True,False,True,False,False,False,False
pirfenidone,15138435,3,20180713,20191112,2018,BE,BE,1,female,74.0,74.0,801,DECREASED APPETITE|DYSPEPSIA|HEPATOTOXICITY|NAUSEA,HEPATOTOXICITY,True,True,False,suspect,True,IDIOPATHIC PULMONARY FIBROSIS,True,,2017-05-18,,False,False,True,False,False,False,False,False,True
pirfenidone,15218008,1,20180703,20180703,2018,US,US,2,male,64.0,64.0,801,LIVER DISORDER|RASH|SCAR,LIVER DISORDER,False,True,False,suspect,True,,False,,2018-06-26,,False,False,False,False,False,False,False,False,False
pirfenidone,15258236,2,20180809,20181217,2018,JP,JP,1,male,74.0,74.0,801,LIVER DISORDER|PYREXIA,LIVER DISORDER,False,True,False,concomitant,True,IDIOPATHIC PULMONARY FIBROSIS,True,,2016-05-18,,False,False,False,False,False,False,False,False,False
pirfenidone,15258314,1,20180809,20180809,2018,PT,PT,1,male,75.0,75.0,801,GENERALISED ERYTHEMA|RASH PRURITIC|TRANSAMINASES INCREASED,TRANSAMINASES INCREASED,False,True,False,suspect,True,IDIOPATHIC PULMONARY FIBROSIS,True,2018-04-18,2018-05-14,26.0,True,False,True,False,False,False,False,False,True
pirfenidone,15305946,1,20180822,20180822,2018,ES,ES,1,female,,,,HEPATIC FUNCTION ABNORMAL|OEDEMA,HEPATIC FUNCTION ABNORMAL,False,True,False,suspect,True,IDIOPATHIC PULMONARY FIBROSIS,True,,,,False,False,True,False,False,False,False,False,True
pirfenidone,15394430,1,20180918,20180918,2018,US,US,1,female,,,,CARDIAC FAILURE|GASTROINTESTINAL HAEMORRHAGE|HEPATIC FAILURE,HEPATIC FAILURE,True,True,False,suspect,True,PRODUCT USED FOR UNKNOWN INDICATION,False,,,,False,True,True,True,True,False,False,False,False
pirfenidone,15473462,1,20181008,20181008,2018,US,US,5,female,,,,CARDIAC DISORDER|HEPATIC FUNCTION ABNORMAL,HEPATIC FUNCTION ABNORMAL,False,True,False,suspect,True,PRODUCT USED FOR UNKNOWN INDICATION,False,,,,False,False,True,False,True,False,False,False,False
pirfenidone,15481845,1,20181010,20181010,2018,FR,FR,1,male,66.0,66.0,801,ABDOMINAL PAIN|ARTHRALGIA|BACK PAIN|DECREASED APPETITE|DYSPNOEA|EPISTAXIS|FATIGUE|GAMMA-GLUTAMYLTRANSFERASE INCREASED|HEADACHE|NAUSEA|RASH PRURITIC|SKIN IRRITATION|VOMITING|WEIGHT DECREASED,GAMMA-GLUTAMYLTRANSFERASE INCREASED,False,True,False,suspect,True,IDIOPATHIC PULMONARY FIBROSIS,True,2018-03-13,2018-04-02,20.0,True,False,True,False,False,False,True,False,False
pirfenidone,15485213,1,20181010,20181010,2018,US,US,5,male,,,,HEPATIC FUNCTION ABNORMAL|RASH GENERALISED,HEPATIC FUNCTION ABNORMAL,False,True,False,suspect,True,IDIOPATHIC PULMONARY FIBROSIS,True,,,,False,False,True,False,True,False,False,False,False
pirfenidone,15485237,1,20181010,20181010,2018,US,US,1,female,,,,DECREASED APPETITE|HEPATIC ENZYME INCREASED|NAUSEA|VOMITING,HEPATIC ENZYME INCREASED,False,True,False,suspect,True,IDIOPATHIC PULMONARY FIBROSIS,True,2017-12-28,,,False,False,False,False,False,False,False,False,False
pirfenidone,15553843,1,20181026,20181026,2018,IT,IT,1,male,80.0,80.0,801,HEPATITIS,HEPATITIS,False,True,False,suspect,True,IDIOPATHIC PULMONARY FIBROSIS,True,,2018-09-20,,False,False,True,False,False,False,False,False,True
pirfenidone,15579852,1,20181102,20181102,2018,US,US,3,female,,,,ASTHENIA|BACK PAIN|HEPATIC ENZYME INCREASED|HYPOPHAGIA|HYPOTENSION|MOBILITY DECREASED|WEIGHT DECREASED,HEPATIC ENZYME INCREASED,False,True,False,suspect,True,IDIOPATHIC PULMONARY FIBROSIS,True,2017-12-02,,,False,False,True,False,True,False,False,False,False
pirfenidone,15591779,6,20181107,20190301,2018,IL,IL,1,female,74.0,74.0,801,HEPATIC FUNCTION ABNORMAL,HEPATIC FUNCTION ABNORMAL,False,True,False,suspect,True,INTERSTITIAL LUNG DISEASE,True,2018-02-15,2018-10-29,256.0,True,False,True,False,False,False,False,False,True
pirfenidone,15595800,1,20181107,20181107,2018,US,US,5,female,,,,ASTHENIA|BACK PAIN|FEEDING DISORDER|HEPATIC ENZYME INCREASED|HYPOTENSION|WEIGHT DECREASED,HEPATIC ENZYME INCREASED,False,True,False,suspect,True,IDIOPATHIC PULMONARY FIBROSIS,True,2017-12-02,,,False,False,True,False,True,False,False,False,False
pirfenidone,15646413,1,20181122,20181122,2018,US,US,5,female,,,,CHOLELITHIASIS|LIVER DISORDER,LIVER DISORDER,False,True,False,suspect,True,IDIOPATHIC PULMONARY FIBROSIS,True,,,,False,False,True,False,False,False,False,False,True
pirfenidone,15693864,2,20181206,20190130,2018,CA,CA,1,male,69.0,69.0,801,AGEUSIA|ALANINE AMINOTRANSFERASE INCREASED|BLOOD BILIRUBIN INCREASED|DYSGEUSIA|FEEDING DISORDER|HEPATIC ENZYME INCREASED|HEPATOTOXICITY|NAUSEA,ALANINE AMINOTRANSFERASE INCREASED|BLOOD BILIRUBIN INCREASED|HEPATIC ENZYME INCREASED|HEPATOTOXICITY,True,True,True,suspect,True,IDIOPATHIC PULMONARY FIBROSIS,True,2018-09-22,2018-11-02,41.0,True,False,True,False,False,False,False,False,True
pirfenidone,15703706,1,20181210,20181210,2018,FR,FR,1,female,75.0,75.0,801,HEPATOCELLULAR INJURY|NAUSEA,HEPATOCELLULAR INJURY,True,True,False,suspect,True,IDIOPATHIC PULMONARY FIBROSIS,True,2018-11-07,2018-11-23,16.0,True,False,True,False,False,False,False,False,True
pirfenidone,15707590,1,20181211,20181211,2018,CA,CA,1,male,,,,HEPATIC ENZYME INCREASED|NAUSEA|VOMITING,HEPATIC ENZYME INCREASED,False,True,False,suspect,True,IDIOPATHIC PULMONARY FIBROSIS,True,2018-07-19,,,False,False,True,False,False,False,False,False,True
pirfenidone,15744946,1,20181220,20181220,2018,GB,GB,2,male,60.0,60.0,801,HEPATIC FUNCTION ABNORMAL,HEPATIC FUNCTION ABNORMAL,False,True,False,concomitant,True,,False,,2018-11-22,,False,False,True,False,False,False,False,False,True
pirfenidone,15763794,1,20181227,20181227,2018,GB,GB,2,male,60.0,60.0,801,HEPATIC FUNCTION ABNORMAL,HEPATIC FUNCTION ABNORMAL,False,True,False,concomitant,True,,False,,2018-11-22,,False,False,True,False,False,False,False,False,True
pirfenidone,15763819,3,20181227,20190911,2018,CH,CH,1,male,71.0,71.0,801,HEPATIC ENZYME INCREASED|RENAL FAILURE,HEPATIC ENZYME INCREASED,False,True,False,suspect,True,IDIOPATHIC PULMONARY FIBROSIS,True,2017-07-31,2018-05-16,289.0,True,False,True,False,False,False,False,False,True
pirfenidone,15771030,4,20181228,20191025,2018,BE,BE,1,female,73.0,73.0,801,DRUG-INDUCED LIVER INJURY|TRACHEITIS,DRUG-INDUCED LIVER INJURY,True,True,False,suspect,True,IDIOPATHIC PULMONARY FIBROSIS,True,2018-11-06,2018-12-12,36.0,True,False,True,False,False,False,False,False,True
pirfenidone,15861550,1,20190124,20190124,2019,US,US,5,male,,,,BLOOD GLUCOSE INCREASED|HEPATIC ENZYME INCREASED|LOWER RESPIRATORY TRACT INFECTION|OROPHARYNGEAL PAIN|PRODUCTIVE COUGH|STOMATITIS,HEPATIC ENZYME INCREASED,False,True,False,suspect,True,IDIOPATHIC PULMONARY FIBROSIS,True,2017-06-20,,,False,False,True,False,True,False,False,False,False
pirfenidone,15878794,1,20190128,20190128,2019,GB,GB,3,unknown,,,,DECREASED APPETITE|GASTROINTESTINAL DISORDER|HEPATIC FUNCTION ABNORMAL|RASH,HEPATIC FUNCTION ABNORMAL,False,True,False,suspect,True,IDIOPATHIC PULMONARY FIBROSIS,True,,,,False,False,True,False,False,False,False,False,True
pirfenidone,15905004,1,20190204,20190204,2019,US,US,5,male,,,,HEPATIC FAILURE,HEPATIC FAILURE,True,True,False,suspect,True,IDIOPATHIC PULMONARY FIBROSIS,True,2018-09-04,,,False,False,True,False,True,False,False,False,False
pirfenidone,15975352,2,20190218,20190306,2019,ES,ES,1,female,,,,HEPATOTOXICITY,HEPATOTOXICITY,True,True,False,suspect,True,IDIOPATHIC PULMONARY FIBROSIS,True,2017-06-01,,,False,False,True,True,False,False,False,False,True
pirfenidone,15989180,2,20190221,20190330,2019,ES,ES,1,female,,,,HEPATIC FUNCTION ABNORMAL,HEPATIC FUNCTION ABNORMAL,False,True,False,suspect,True,IDIOPATHIC PULMONARY FIBROSIS,True,,,,False,False,True,False,False,False,True,False,False
pirfenidone,16000449,2,20190225,20190317,2019,JP,JP,1,female,83.0,83.0,801,CONSTIPATION|DEHYDRATION|DIARRHOEA|HEPATIC FUNCTION ABNORMAL|IDIOPATHIC PULMONARY FIBROSIS|PNEUMOTHORAX|VOMITING,HEPATIC FUNCTION ABNORMAL,False,True,False,concomitant,True,IDIOPATHIC PULMONARY FIBROSIS,True,2018-07-06,2017-07-20,-351.0,False,False,True,False,False,True,False,False,False
pirfenidone,16020621,11,20190301,20240119,2019,US,,5,male,76.0,76.0,801,ABDOMINAL DISCOMFORT|BASAL CELL CARCINOMA|FAECES SOFT|FATIGUE|GASTROINTESTINAL DISORDER|HEPATIC ENZYME INCREASED|INGUINAL HERNIA|MALAISE|NAUSEA|OFF LABEL USE|ORAL MUCOSAL BLISTERING|PAIN|PRODUCT DOSE OMISSION IN ERROR|SINUS CONGESTION|WEIGHT INCREASED,HEPATIC ENZYME INCREASED,False,True,False,suspect,True,IDIOPATHIC PULMONARY FIBROSIS,True,2019-02-12,2019-01-01,-42.0,False,False,True,False,False,False,False,False,True
pirfenidone,16028653,7,20190304,20210202,2019,DE,DE,1,male,72.0,72.0,801,DIPLOPIA|DYSPNOEA|FATIGUE|INCORRECT DOSE ADMINISTERED|LIVER FUNCTION TEST INCREASED|MUSCULAR WEAKNESS|NAUSEA|PRURITUS|SOMNOLENCE|WEIGHT DECREASED,LIVER FUNCTION TEST INCREASED,False,True,False,suspect,True,IDIOPATHIC PULMONARY FIBROSIS,True,2015-07-30,2015-07-30,0.0,True,False,True,False,True,False,False,False,False
pirfenidone,16029254,1,20190304,20190304,2019,PL,PL,1,male,80.0,80.0,801,ALANINE AMINOTRANSFERASE INCREASED|ASPARTATE AMINOTRANSFERASE INCREASED|BLOOD BILIRUBIN INCREASED|JAUNDICE,ALANINE AMINOTRANSFERASE INCREASED|ASPARTATE AMINOTRANSFERASE INCREASED|BLOOD BILIRUBIN INCREASED|JAUNDICE,False,True,True,suspect,True,PRODUCT USED FOR UNKNOWN INDICATION,False,,,,False,False,True,False,False,False,False,False,True
pirfenidone,16054389,1,20190309,20190309,2019,FI,FI,1,female,,,,LIVER FUNCTION TEST INCREASED,LIVER FUNCTION TEST INCREASED,False,True,False,suspect,True,PRODUCT USED FOR UNKNOWN INDICATION,False,,,,False,False,True,False,False,False,False,False,True
pirfenidone,16088442,1,20190319,20190319,2019,ES,ES,1,male,,,,GASTROINTESTINAL DISORDER|HEPATOTOXICITY,HEPATOTOXICITY,True,True,False,suspect,True,IDIOPATHIC PULMONARY FIBROSIS,True,2016-03-16,,,False,False,True,False,True,False,False,False,False
pirfenidone,16095811,1,20190320,20190320,2019,FR,FR,2,male,68.0,68.0,801,CHOLESTASIS,CHOLESTASIS,False,True,False,suspect,True,PULMONARY FIBROSIS,True,2016-11-01,,,False,False,True,False,True,False,False,False,False
pirfenidone,16137938,1,20190401,20190401,2019,IT,IT,1,female,64.0,64.0,801,ALANINE AMINOTRANSFERASE INCREASED|ASPARTATE AMINOTRANSFERASE INCREASED|HEPATOTOXICITY,ALANINE AMINOTRANSFERASE INCREASED|ASPARTATE AMINOTRANSFERASE INCREASED|HEPATOTOXICITY,True,True,False,suspect,True,IDIOPATHIC PULMONARY FIBROSIS,True,2018-04-09,2018-09-14,158.0,True,False,True,False,False,False,False,False,True
pirfenidone,16155931,1,20190404,20190404,2019,TR,TR,3,unknown,,,,DIARRHOEA|DIZZINESS|DRUG INTOLERANCE|DYSPEPSIA|FATIGUE|GASTROINTESTINAL DISORDER|HEADACHE|HEPATOTOXICITY|NAUSEA|PHOTOSENSITIVITY REACTION|RASH|VOMITING|WEIGHT DECREASED,HEPATOTOXICITY,True,True,False,suspect,True,IDIOPATHIC PULMONARY FIBROSIS,True,,,,False,False,True,False,False,False,False,False,True
pirfenidone,16290033,4,20190509,20240920,2019,CA,CA,3,female,73.0,73.0,801,ALANINE AMINOTRANSFERASE INCREASED|AMBLYOPIA|ARTERIOSCLEROSIS CORONARY ARTERY|BLOOD PRESSURE ABNORMAL|CARDIOMEGALY|COUGH|CYSTITIS|DIZZINESS|DRUG INEFFECTIVE|DYSPEPSIA|DYSPNOEA|EYE DISORDER|FATIGUE|FORCED VITAL CAPACITY ABNORMAL|HYPOTENSION|NASOPHARYNGITIS|OROPHARYNGEAL PAIN|OXYGEN SATURATION DECREASED|PAIN IN EXTREMITY|PHARYNGITIS|PRODUCT DOSE OMISSION IN ERROR|SKIN DISCOLOURATION|STOMATITIS|UPPER RESPIRATORY TRACT CONGESTION|URINARY TRACT INFECTION|URINE OUTPUT DECREASED|WALKING AID USER|WEIGHT DECREASED|WEIGHT INCREASED,ALANINE AMINOTRANSFERASE INCREASED,False,True,False,suspect,True,IDIOPATHIC PULMONARY FIBROSIS|PULMONARY FIBROSIS,True,,,,False,False,True,False,True,False,False,False,True
pirfenidone,16293869,1,20190509,20190509,2019,US,US,5,male,62.0,62.0,801,LIVER FUNCTION TEST INCREASED,LIVER FUNCTION TEST INCREASED,False,True,False,suspect,True,IDIOPATHIC PULMONARY FIBROSIS,True,2017-03-28,2018-04-09,377.0,False,False,False,False,False,False,False,False,False
pirfenidone,16293890,1,20190509,20190509,2019,US,US,5,male,69.0,69.0,801,LIVER FUNCTION TEST INCREASED,LIVER FUNCTION TEST INCREASED,False,True,False,suspect,True,IDIOPATHIC PULMONARY FIBROSIS,True,,,,False,False,False,False,False,False,False,False,False
pirfenidone,16293915,1,20190509,20190509,2019,US,US,5,male,,,,LIVER FUNCTION TEST INCREASED,LIVER FUNCTION TEST INCREASED,False,True,False,suspect,True,IDIOPATHIC PULMONARY FIBROSIS,True,2017-06-06,,,False,False,False,False,False,False,False,False,False
pirfenidone,16293928,1,20190509,20190509,2019,US,US,5,unknown,,,,HEPATIC ENZYME INCREASED,HEPATIC ENZYME INCREASED,False,True,False,suspect,True,PRODUCT USED FOR UNKNOWN INDICATION,False,,,,False,False,False,False,False,False,False,False,False
pirfenidone,16293959,1,20190509,20190509,2019,US,US,1,male,,,,ALANINE AMINOTRANSFERASE INCREASED|ASPARTATE AMINOTRANSFERASE INCREASED|BLOOD BILIRUBIN INCREASED,ALANINE AMINOTRANSFERASE INCREASED|ASPARTATE AMINOTRANSFERASE INCREASED|BLOOD BILIRUBIN INCREASED,False,True,True,suspect,True,IDIOPATHIC PULMONARY FIBROSIS,True,,,,False,False,False,False,False,False,False,False,False
pirfenidone,16294012,1,20190509,20190509,2019,US,US,1,male,71.0,71.0,801,ALANINE AMINOTRANSFERASE INCREASED|ASPARTATE AMINOTRANSFERASE INCREASED|HEADACHE,ALANINE AMINOTRANSFERASE INCREASED|ASPARTATE AMINOTRANSFERASE INCREASED,False,True,False,suspect,True,PRODUCT USED FOR UNKNOWN INDICATION,False,,,,False,False,False,False,False,False,False,False,False
pirfenidone,16294013,1,20190509,20190509,2019,US,US,2,male,,,,BLOOD ALKALINE PHOSPHATASE INCREASED,BLOOD ALKALINE PHOSPHATASE INCREASED,False,True,False,suspect,True,IDIOPATHIC PULMONARY FIBROSIS,True,,,,False,False,False,False,False,False,False,False,False
pirfenidone,16294026,1,20190509,20190509,2019,US,US,1,female,,,,LIVER FUNCTION TEST INCREASED|RENAL FUNCTION TEST ABNORMAL,LIVER FUNCTION TEST INCREASED,False,True,False,suspect,True,IDIOPATHIC PULMONARY FIBROSIS,True,2017-09-06,,,False,False,False,False,False,False,False,False,False
pirfenidone,16294174,1,20190509,20190509,2019,US,US,1,male,,,,LIVER FUNCTION TEST INCREASED,LIVER FUNCTION TEST INCREASED,False,True,False,suspect,True,PRODUCT USED FOR UNKNOWN INDICATION,False,,,,False,False,False,False,False,False,False,False,False
pirfenidone,16294353,1,20190509,20190509,2019,US,US,5,female,,,,ABDOMINAL PAIN|DIARRHOEA|FATIGUE|GASTROINTESTINAL PAIN|HEPATIC ENZYME INCREASED|SKIN WARM|VOMITING,HEPATIC ENZYME INCREASED,False,True,False,suspect,True,PRODUCT USED FOR UNKNOWN INDICATION,False,,,,False,False,False,False,False,False,False,False,False
pirfenidone,16294473,1,20190509,20190509,2019,US,US,1,unknown,,,,HEPATIC ENZYME INCREASED,HEPATIC ENZYME INCREASED,False,True,False,suspect,True,PRODUCT USED FOR UNKNOWN INDICATION,False,,,,False,False,False,False,False,False,False,False,False
pirfenidone,16294651,1,20190509,20190509,2019,US,US,1,female,81.0,81.0,801,HEPATIC ENZYME INCREASED,HEPATIC ENZYME INCREASED,False,True,False,suspect,True,IDIOPATHIC PULMONARY FIBROSIS,True,2018-07-25,2018-09-18,55.0,True,False,False,False,False,False,False,False,False
pirfenidone,16294703,1,20190509,20190509,2019,US,US,5,female,,,,LIVER DISORDER,LIVER DISORDER,False,True,False,suspect,True,IDIOPATHIC PULMONARY FIBROSIS,True,,,,False,False,False,False,False,False,False,False,False
pirfenidone,16294739,2,20190509,20200505,2019,US,US,1,male,,,,INTENTIONAL PRODUCT USE ISSUE|LIVER FUNCTION TEST INCREASED|OFF LABEL USE|PALPITATIONS,LIVER FUNCTION TEST INCREASED,False,True,False,suspect,True,OBESITY,False,2018-04-10,,,False,False,False,False,False,False,False,False,False
pirfenidone,16294911,1,20190509,20190509,2019,US,US,3,male,,,,DYSPHONIA|GASTROOESOPHAGEAL REFLUX DISEASE|LIVER FUNCTION TEST INCREASED|WEIGHT DECREASED,LIVER FUNCTION TEST INCREASED,False,True,False,suspect,True,PRODUCT USED FOR UNKNOWN INDICATION,False,,,,False,False,False,False,False,False,False,False,False
pirfenidone,16294913,1,20190509,20190509,2019,US,US,5,female,,,,ASPARTATE AMINOTRANSFERASE INCREASED|BLOOD PRESSURE SYSTOLIC INCREASED|DIZZINESS|GASTROOESOPHAGEAL REFLUX DISEASE|HEART RATE INCREASED|NAUSEA,ASPARTATE AMINOTRANSFERASE INCREASED,False,True,False,suspect,True,PRODUCT USED FOR UNKNOWN INDICATION,False,,,,False,False,False,False,False,False,False,False,False
pirfenidone,16294992,1,20190509,20190509,2019,US,US,5,male,,,,HEPATIC ENZYME INCREASED,HEPATIC ENZYME INCREASED,False,True,False,suspect,True,IDIOPATHIC PULMONARY FIBROSIS,True,,,,False,False,False,False,False,False,False,False,False
pirfenidone,16295121,1,20190509,20190509,2019,US,US,5,female,,,,ABDOMINAL PAIN UPPER|DECREASED APPETITE|HEPATIC ENZYME INCREASED,HEPATIC ENZYME INCREASED,False,True,False,suspect,True,IDIOPATHIC PULMONARY FIBROSIS,True,,,,False,False,False,False,False,False,False,False,False
pirfenidone,16295184,1,20190509,20190509,2019,US,US,5,female,,,,HEPATIC ENZYME INCREASED|PHOTOSENSITIVITY REACTION,HEPATIC ENZYME INCREASED,False,True,False,suspect,True,IDIOPATHIC PULMONARY FIBROSIS,True,,,,False,False,False,False,False,False,False,False,False
pirfenidone,16307481,1,20190514,20190514,2019,IT,IT,1,male,,,,HEPATITIS,HEPATITIS,False,True,False,suspect,True,PRODUCT USED FOR UNKNOWN INDICATION,False,,,,False,False,True,False,True,False,False,False,False
pirfenidone,16308885,6,20190514,20251226,2019,EU,EU,1,male,75.0,75.0,801,ACUTE HEPATIC FAILURE|ALANINE AMINOTRANSFERASE INCREASED|ASPARTATE AMINOTRANSFERASE INCREASED|AUTOIMMUNE HEPATITIS|BLOOD BILIRUBIN INCREASED|CONDITION AGGRAVATED|DRUG INTERACTION|DRUG-INDUCED LIVER INJURY|ESCHERICHIA INFECTION|ESCHERICHIA SEPSIS|FATIGUE|GAMMA-GLUTAMYLTRANSFERASE INCREASED|JAUNDICE|LACTIC ACIDOSIS|LIVER INJURY|MULTIPLE ORGAN DYSFUNCTION SYNDROME|NAUSEA|PHOTOPHOBIA|PHOTOSENSITIVITY REACTION|PRURITUS|SEPSIS,ACUTE HEPATIC FAILURE|ALANINE AMINOTRANSFERASE INCREASED|ASPARTATE AMINOTRANSFERASE INCREASED|BLOOD BILIRUBIN INCREASED|DRUG-INDUCED LIVER INJURY|GAMMA-GLUTAMYLTRANSFERASE INCREASED|JAUNDICE,True,True,True,interacting,False,IDIOPATHIC PULMONARY FIBROSIS,True,,,,False,True,True,True,True,True,False,False,True
pirfenidone,16318449,2,20190516,20190615,2019,DE,DE,1,male,75.0,75.0,801,ACUTE HEPATIC FAILURE|DRUG INTERACTION|LIVER INJURY,ACUTE HEPATIC FAILURE,True,True,False,interacting,False,IDIOPATHIC PULMONARY FIBROSIS,True,,,,False,False,True,False,True,True,False,False,True
pirfenidone,16323608,4,20190517,20251211,2019,EU,EU,1,male,75.0,75.0,801,ACUTE HEPATIC FAILURE|DRUG INTERACTION|DRUG-INDUCED LIVER INJURY|ESCHERICHIA SEPSIS|LACTIC ACIDOSIS|MULTIPLE ORGAN DYSFUNCTION SYNDROME|PHOTOSENSITIVITY REACTION|PRURITUS,ACUTE HEPATIC FAILURE|DRUG-INDUCED LIVER INJURY,True,True,False,interacting,False,IDIOPATHIC PULMONARY FIBROSIS,True,,,,False,False,True,True,True,False,False,False,False
pirfenidone,16346065,3,20190523,20240430,2019,CA,CA,3,female,73.0,73.0,801,ALANINE AMINOTRANSFERASE INCREASED|AMBLYOPIA|ARTERIOSCLEROSIS CORONARY ARTERY|BLOOD PRESSURE ABNORMAL|CARDIOMEGALY|COUGH|CYSTITIS|DIZZINESS|DRUG INEFFECTIVE|DYSPEPSIA|DYSPNOEA|EYE DISORDER|FATIGUE|FORCED VITAL CAPACITY ABNORMAL|HYPOTENSION|NASOPHARYNGITIS|OROPHARYNGEAL PAIN|OXYGEN SATURATION DECREASED|PAIN IN EXTREMITY|SKIN DISCOLOURATION|STOMATITIS|UPPER RESPIRATORY TRACT CONGESTION|URINARY TRACT INFECTION|URINE OUTPUT DECREASED|WALKING AID USER|WEIGHT DECREASED|WEIGHT INCREASED,ALANINE AMINOTRANSFERASE INCREASED,False,True,False,suspect,True,IDIOPATHIC PULMONARY FIBROSIS|PULMONARY FIBROSIS,True,,,,False,False,True,False,True,False,False,False,True
pirfenidone,16357789,3,20190527,20251205,2019,EU,EU,3,male,80.0,8.0,800,DRUG INTERACTION|DRUG-INDUCED LIVER INJURY|TOXICITY TO VARIOUS AGENTS,DRUG-INDUCED LIVER INJURY,True,True,False,interacting,False,IDIOPATHIC PULMONARY FIBROSIS,True,,,,False,False,True,False,True,False,False,False,False
pirfenidone,16375140,1,20190531,20190531,2019,US,US,5,female,72.0,72.0,801,DIARRHOEA|FATIGUE|LIVER FUNCTION TEST INCREASED|RASH,LIVER FUNCTION TEST INCREASED,False,True,False,suspect,True,PRODUCT USED FOR UNKNOWN INDICATION,False,,,,False,False,True,False,False,False,False,False,True
pirfenidone,16397892,1,20190606,20190606,2019,BE,BE,1,unknown,,,,ALANINE AMINOTRANSFERASE INCREASED|ASPARTATE AMINOTRANSFERASE INCREASED|GASTROINTESTINAL DISORDER,ALANINE AMINOTRANSFERASE INCREASED|ASPARTATE AMINOTRANSFERASE INCREASED,False,True,False,suspect,True,IDIOPATHIC PULMONARY FIBROSIS|PRODUCT USED FOR UNKNOWN INDICATION,True,2016-01-05,,,False,False,True,False,False,False,False,False,True
pirfenidone,16402755,1,20190607,20190607,2019,US,US,5,female,,,,ASTHENIA|DIARRHOEA|DYSPNOEA|FATIGUE|HEPATIC FUNCTION ABNORMAL|NASOPHARYNGITIS|PRODUCT DOSE OMISSION|VIRAL INFECTION,HEPATIC FUNCTION ABNORMAL,False,True,False,suspect,True,IDIOPATHIC PULMONARY FIBROSIS,True,2019-03-04,,,False,False,True,False,True,False,False,False,False
pirfenidone,16424414,3,20190613,20200629,2019,CA,CA,3,male,83.0,83.0,801,ABDOMINAL DISCOMFORT|FATIGUE|LIVER DISORDER,LIVER DISORDER,False,True,False,suspect,True,IDIOPATHIC PULMONARY FIBROSIS,True,2018-11-30,2018-11-30,0.0,True,False,True,False,False,False,False,False,True
pirfenidone,16444387,1,20190618,20190618,2019,DE,DE,1,male,75.0,75.0,801,ACUTE HEPATIC FAILURE|DRUG INTERACTION|DRUG-INDUCED LIVER INJURY|ESCHERICHIA INFECTION|LACTIC ACIDOSIS|MULTIPLE ORGAN DYSFUNCTION SYNDROME|SEPSIS,ACUTE HEPATIC FAILURE|DRUG-INDUCED LIVER INJURY,True,True,False,suspect,True,IDIOPATHIC PULMONARY FIBROSIS,True,,,,False,False,True,True,True,True,False,False,True
pirfenidone,16482807,2,20190627,20190816,2019,PT,PT,1,male,,,,COUGH|LIVER ABSCESS|TRANSAMINASES INCREASED,TRANSAMINASES INCREASED,False,True,False,suspect,True,IDIOPATHIC PULMONARY FIBROSIS,True,,,,False,False,True,False,True,False,False,False,False
pirfenidone,16492999,1,20190628,20190628,2019,CA,CA,3,unknown,,,,ABDOMINAL DISCOMFORT|ABDOMINAL PAIN UPPER|ASTHENIA|DECREASED APPETITE|DIZZINESS|DRUG INTERACTION|FATIGUE|GAMMA-GLUTAMYLTRANSFERASE INCREASED|GLOMERULAR FILTRATION RATE DECREASED|HYPERCHLORHYDRIA|MEAN CELL HAEMOGLOBIN INCREASED|MEAN CELL VOLUME INCREASED|MUSCLE SPASMS|NAUSEA|PLATELET COUNT INCREASED|RED BLOOD CELL COUNT DECREASED|RED CELL DISTRIBUTION WIDTH INCREASED|THROAT IRRITATION|VOMITING,GAMMA-GLUTAMYLTRANSFERASE INCREASED,False,True,False,interacting,False,IDIOPATHIC PULMONARY FIBROSIS,True,,,,False,False,True,False,False,False,False,False,True
pirfenidone,16646448,2,20190730,20190801,2019,BE,BE,1,male,73.0,73.0,801,DECREASED APPETITE|DISTURBANCE IN ATTENTION|GASTROINTESTINAL DISORDER|LIVER FUNCTION TEST INCREASED|WEIGHT DECREASED,LIVER FUNCTION TEST INCREASED,False,True,False,suspect,True,IDIOPATHIC PULMONARY FIBROSIS,True,,,,False,False,True,False,False,False,False,False,True
pirfenidone,16682874,2,20190808,20190811,2019,BE,BE,3,male,73.0,73.0,801,DECREASED APPETITE|DISTURBANCE IN ATTENTION|GASTROINTESTINAL DISORDER|LIVER FUNCTION TEST INCREASED|WEIGHT DECREASED,LIVER FUNCTION TEST INCREASED,False,True,False,suspect,True,IDIOPATHIC PULMONARY FIBROSIS,True,,,,False,False,True,False,False,False,False,False,True
pirfenidone,16694610,2,20190812,20190823,2019,BE,BE,1,male,73.0,73.0,801,DECREASED APPETITE|DISTURBANCE IN ATTENTION|GASTROINTESTINAL DISORDER|LIVER FUNCTION TEST INCREASED|WEIGHT DECREASED,LIVER FUNCTION TEST INCREASED,False,True,False,suspect,True,IDIOPATHIC PULMONARY FIBROSIS,True,,,,False,False,True,False,False,False,False,False,True
pirfenidone,16737939,6,20190824,20200915,2019,BR,BR,5,male,,,,ABDOMINAL DISTENSION|COUGH|DIZZINESS|DYSPNOEA|FALL|HEPATOTOXICITY|INFLUENZA|LIVER DISORDER|LUNG DISORDER|NAUSEA|RASH ERYTHEMATOUS,HEPATOTOXICITY|LIVER DISORDER,True,True,False,suspect,True,IDIOPATHIC PULMONARY FIBROSIS,True,2019-04-24,,,False,False,True,False,True,False,False,False,False
pirfenidone,16780171,1,20190906,20190906,2019,US,US,5,male,,,,LIVER DISORDER,LIVER DISORDER,False,True,False,concomitant,True,PRODUCT USED FOR UNKNOWN INDICATION,False,,,,False,False,False,False,False,False,False,False,False
pirfenidone,16791323,1,20190910,20190910,2019,IT,IT,3,unknown,,,,ABDOMINAL PAIN UPPER|ACUTE MYELOID LEUKAEMIA|ACUTE RESPIRATORY FAILURE|ANGIOPATHY|BRONCHITIS|CORONARY ARTERY DISEASE|COUGH|DECREASED APPETITE|DIARRHOEA|DYSPEPSIA|DYSPNOEA|ERYTHEMA|GAMMA-GLUTAMYLTRANSFERASE INCREASED|GASTROINTESTINAL DISORDER|GASTROOESOPHAGEAL REFLUX DISEASE|HEADACHE|HEPATIC ENZYME INCREASED|HEPATOBILIARY DISEASE|INFECTION|METABOLIC DISORDER|MUSCULOSKELETAL DISORDER|MYOCARDIAL INFARCTION|MYOCARDIAL ISCHAEMIA|NAUSEA|NERVOUS SYSTEM DISORDER|PNEUMONIA|PRURITUS|PULMONARY HYPERTENSION|RENAL DISORDER|RESPIRATORY DISORDER|RESPIRATORY FAILURE|SKIN TOXICITY|SMALL CELL LUNG CANCER|URINARY TRACT INFECTION|WEIGHT DECREASED,GAMMA-GLUTAMYLTRANSFERASE INCREASED|HEPATIC ENZYME INCREASED,False,True,False,suspect,True,IDIOPATHIC PULMONARY FIBROSIS,True,,,,False,False,True,False,False,False,False,False,True
pirfenidone,16847321,9,20190924,20200605,2019,US,US,3,male,77.0,77.0,801,BLOOD BILIRUBIN INCREASED|CONSTIPATION|DYSPNOEA|DYSPNOEA EXERTIONAL|FLUID OVERLOAD|FLUID RETENTION|GASTROINTESTINAL OBSTRUCTION|LARGE INTESTINAL OBSTRUCTION|LOSS OF PERSONAL INDEPENDENCE IN DAILY ACTIVITIES|OEDEMA|OEDEMA PERIPHERAL|OXYGEN SATURATION DECREASED|PERICARDIAL EFFUSION|PULMONARY HYPERTENSION|PULMONARY OEDEMA|RASH|WHITE BLOOD CELL COUNT DECREASED,BLOOD BILIRUBIN INCREASED,False,True,False,concomitant,True,,False,,,,False,False,True,False,True,False,False,False,True
pirfenidone,16887743,1,20191005,20191005,2019,CA,CA,5,male,,,,ALANINE AMINOTRANSFERASE INCREASED|HEPATIC FUNCTION ABNORMAL,ALANINE AMINOTRANSFERASE INCREASED|HEPATIC FUNCTION ABNORMAL,False,True,False,suspect,True,IDIOPATHIC PULMONARY FIBROSIS,True,,,,False,False,True,False,False,False,False,False,True
pirfenidone,16888730,2,20191007,20191206,2019,US,US,1,female,,,,HEPATITIS,HEPATITIS,False,True,False,suspect,True,IDIOPATHIC PULMONARY FIBROSIS,True,,,,False,False,True,False,False,False,False,False,True
pirfenidone,16948151,1,20191022,20191022,2019,US,US,2,female,71.0,71.0,801,LIVER FUNCTION TEST INCREASED|MIGRAINE,LIVER FUNCTION TEST INCREASED,False,True,False,suspect,True,IDIOPATHIC PULMONARY FIBROSIS,True,,,,False,False,False,False,False,False,False,False,False
pirfenidone,16948278,1,20191022,20191022,2019,US,US,5,female,,,,HEPATIC ENZYME INCREASED,HEPATIC ENZYME INCREASED,False,True,False,suspect,True,IDIOPATHIC PULMONARY FIBROSIS,True,,,,False,False,False,False,False,False,False,False,False
pirfenidone,16975253,1,20191030,20191030,2019,CA,CA,5,male,69.0,69.0,801,LIVER DISORDER,LIVER DISORDER,False,True,False,suspect,True,IDIOPATHIC PULMONARY FIBROSIS,True,,,,False,False,True,False,False,True,False,False,False
pirfenidone,16975733,1,20191030,20191030,2019,US,US,1,female,,,,ACUTE HEPATIC FAILURE|DECREASED APPETITE|GASTROOESOPHAGEAL REFLUX DISEASE|HEPATITIS A,ACUTE HEPATIC FAILURE,True,True,False,suspect,True,IDIOPATHIC PULMONARY FIBROSIS,True,2015-01-01,,,False,False,True,False,True,False,False,False,True
pirfenidone,16992327,2,20191105,20191118,2019,IE,IE,3,female,54.0,54.0,801,BURNING SENSATION|LIVER FUNCTION TEST INCREASED|RASH,LIVER FUNCTION TEST INCREASED,False,True,False,suspect,True,PRODUCT USED FOR UNKNOWN INDICATION,False,2019-08-01,,,False,False,True,False,False,False,False,False,True
pirfenidone,17051672,2,20191120,20210210,2019,CA,CA,5,female,74.0,74.0,801,ABDOMINAL PAIN UPPER|BACK INJURY|DIARRHOEA|FAECES SOFT|FEEDING DISORDER|FREQUENT BOWEL MOVEMENTS|HYPONATRAEMIA|LIVER FUNCTION TEST INCREASED|MALAISE|NAUSEA|RESPIRATORY DISORDER|VOMITING,LIVER FUNCTION TEST INCREASED,False,True,False,suspect,True,IDIOPATHIC PULMONARY FIBROSIS,True,2017-04-20,,,False,False,True,False,True,False,False,False,False
pirfenidone,17082221,3,20191127,20210520,2019,CA,CA,1,male,66.0,66.0,801,ASPARTATE AMINOTRANSFERASE INCREASED|ASTHENIA|CHEST PAIN|COUGH|CYANOSIS|DIZZINESS|DYSPEPSIA|DYSPNOEA EXERTIONAL|GAMMA-GLUTAMYLTRANSFERASE INCREASED|HYPOPHAGIA|INFLUENZA|LOW DENSITY LIPOPROTEIN INCREASED|LUNG DIFFUSION TEST DECREASED|NASOPHARYNGITIS|NON-HIGH-DENSITY LIPOPROTEIN CHOLESTEROL INCREASED|OXYGEN SATURATION DECREASED|PULMONARY FUNCTION TEST DECREASED|PULMONARY HYPERTENSION|VOMITING|WEIGHT DECREASED|WHEEZING,ASPARTATE AMINOTRANSFERASE INCREASED|GAMMA-GLUTAMYLTRANSFERASE INCREASED,False,True,False,suspect,True,IDIOPATHIC PULMONARY FIBROSIS,True,2015-11-09,2015-11-16,7.0,True,False,True,False,False,False,False,False,True
pirfenidone,17093124,1,20191129,20191129,2019,US,US,1,female,77.0,77.0,801,CHROMATURIA|FATIGUE|HEPATIC ENZYME INCREASED|MALAISE,HEPATIC ENZYME INCREASED,False,True,False,suspect,True,IDIOPATHIC PULMONARY FIBROSIS,True,,2019-11-12,,False,False,True,False,False,False,False,False,True
pirfenidone,17138029,1,20191211,20191211,2019,CN,CN,3,female,29.0,29.0,801,ASTHENIA|DECREASED APPETITE|HEPATIC FUNCTION ABNORMAL|INTENTIONAL PRODUCT USE ISSUE|OFF LABEL USE|ORAL DISORDER,HEPATIC FUNCTION ABNORMAL,False,True,False,concomitant,True,SCLERODERMA,False,,2019-09-17,,False,False,True,False,True,False,False,False,False
pirfenidone,17142254,1,20191211,20191211,2019,BE,BE,1,male,73.0,73.0,801,DECREASED APPETITE|DISTURBANCE IN ATTENTION|GASTROINTESTINAL DISORDER|LIVER FUNCTION TEST INCREASED|WEIGHT DECREASED,LIVER FUNCTION TEST INCREASED,False,True,False,suspect,True,IDIOPATHIC PULMONARY FIBROSIS,True,,,,False,False,True,False,False,False,False,False,True
pirfenidone,17163973,1,20191217,20191217,2019,CA,CA,5,female,64.0,64.0,801,ABDOMINAL DISCOMFORT|ABDOMINAL PAIN UPPER|ASTHENIA|DECREASED APPETITE|DIZZINESS|DRUG INTERACTION|FATIGUE|GAMMA-GLUTAMYLTRANSFERASE INCREASED|GLOMERULAR FILTRATION RATE DECREASED|HYPERCHLORHYDRIA|MEAN CELL HAEMOGLOBIN INCREASED|MEAN CELL VOLUME INCREASED|MUSCLE SPASMS|NAUSEA|PLATELET COUNT INCREASED|RED BLOOD CELL COUNT DECREASED|RED CELL DISTRIBUTION WIDTH INCREASED|THROAT IRRITATION|VOMITING,GAMMA-GLUTAMYLTRANSFERASE INCREASED,False,True,False,suspect,True,IDIOPATHIC PULMONARY FIBROSIS,True,,,,False,False,True,False,False,False,False,False,True
pirfenidone,17200968,1,20191226,20191226,2019,HR,HR,1,male,79.0,79.0,801,HEPATOTOXICITY,HEPATOTOXICITY,True,True,False,suspect,True,IDIOPATHIC PULMONARY FIBROSIS,True,2018-12-20,,,False,True,True,True,False,False,False,False,False
pirfenidone,17201105,1,20191226,20191226,2019,US,US,5,male,84.0,84.0,801,FEELING ABNORMAL|LIVER FUNCTION TEST INCREASED|THERMAL BURN,LIVER FUNCTION TEST INCREASED,False,True,False,suspect,True,PRODUCT USED FOR UNKNOWN INDICATION,False,,2019-08-30,,False,False,True,False,True,False,False,False,False
pirfenidone,17255922,1,20200110,20200110,2020,BR,BR,1,unknown,,,,ABDOMINAL PAIN UPPER|HEPATOTOXICITY|WEIGHT DECREASED,HEPATOTOXICITY,True,True,False,suspect,True,PRODUCT USED FOR UNKNOWN INDICATION,False,,,,False,False,True,False,False,False,False,False,True
pirfenidone,17276311,2,20200116,20200122,2020,ES,ES,1,male,73.0,73.0,801,HEPATITIS ACUTE,HEPATITIS ACUTE,False,True,False,suspect,True,PULMONARY FIBROSIS,True,2019-07-18,,,False,False,True,False,True,False,False,False,False
pirfenidone,17347167,2,20200130,20200220,2020,BR,BR,1,male,,,,ALANINE AMINOTRANSFERASE INCREASED|ASPARTATE AMINOTRANSFERASE INCREASED|DRUG-INDUCED LIVER INJURY|HEPATIC FUNCTION ABNORMAL,ALANINE AMINOTRANSFERASE INCREASED|ASPARTATE AMINOTRANSFERASE INCREASED|DRUG-INDUCED LIVER INJURY|HEPATIC FUNCTION ABNORMAL,True,True,False,suspect,True,IDIOPATHIC PULMONARY FIBROSIS,True,2019-03-05,,,False,False,True,False,False,False,False,False,True
pirfenidone,17358631,5,20200201,20210715,2020,CA,CA,5,male,,,,ASPARTATE AMINOTRANSFERASE INCREASED|ASTHMA|BLOOD ALKALINE PHOSPHATASE INCREASED|DECREASED APPETITE|DEHYDRATION|DIARRHOEA|DYSPHONIA|INSOMNIA|LOSS OF CONSCIOUSNESS|LOWER RESPIRATORY TRACT INFECTION|NASOPHARYNGITIS|NAUSEA|URINARY TRACT INFECTION|VIRAL INFECTION|VOMITING|WEIGHT DECREASED,ASPARTATE AMINOTRANSFERASE INCREASED|BLOOD ALKALINE PHOSPHATASE INCREASED,False,True,False,suspect,True,IDIOPATHIC PULMONARY FIBROSIS,True,2019-01-11,,,False,False,True,False,False,False,False,False,True
pirfenidone,17395960,1,20200210,20200210,2020,IT,IT,1,female,71.0,71.0,801,BLOOD ALKALINE PHOSPHATASE|GAMMA-GLUTAMYLTRANSFERASE INCREASED|HEPATOTOXICITY|TRANSAMINASES INCREASED,GAMMA-GLUTAMYLTRANSFERASE INCREASED|HEPATOTOXICITY|TRANSAMINASES INCREASED,True,True,False,suspect,True,IDIOPATHIC PULMONARY FIBROSIS,True,2019-03-19,2019-09-11,176.0,True,False,True,False,False,False,False,False,True
pirfenidone,17407700,9,20200212,20201118,2020,DE,DE,1,male,,,,COUGH|COVID-19|DECREASED APPETITE|DYSPNOEA|DYSPNOEA EXERTIONAL|LIVER FUNCTION TEST INCREASED|PAROSMIA|PLEURISY|PNEUMONIA|SKIN REACTION|TASTE DISORDER|WEIGHT DECREASED,LIVER FUNCTION TEST INCREASED,False,True,False,suspect,True,IDIOPATHIC PULMONARY FIBROSIS,True,2012-04-19,2016-02-19,1401.0,False,False,True,False,True,False,False,False,True
pirfenidone,17435800,1,20200219,20200219,2020,ES,ES,2,male,70.0,70.0,801,HEPATITIS|HYPERBILIRUBINAEMIA|HYPOCOAGULABLE STATE,HEPATITIS|HYPERBILIRUBINAEMIA,False,True,False,suspect,True,IDIOPATHIC PULMONARY FIBROSIS,True,2019-10-03,2020-01-07,96.0,True,False,True,False,True,False,False,False,False
pirfenidone,17438971,1,20200220,20200220,2020,ES,ES,2,male,70.0,70.0,801,HEPATITIS|HYPERBILIRUBINAEMIA|HYPOCOAGULABLE STATE,HEPATITIS|HYPERBILIRUBINAEMIA,False,True,False,suspect,True,IDIOPATHIC PULMONARY FIBROSIS,True,2019-10-03,2020-01-07,96.0,True,False,True,False,True,False,False,False,False
pirfenidone,17447870,1,20200221,20200221,2020,ES,ES,2,male,70.0,70.0,801,HEPATITIS|HYPERBILIRUBINAEMIA|HYPOCOAGULABLE STATE,HEPATITIS|HYPERBILIRUBINAEMIA,False,True,False,suspect,True,IDIOPATHIC PULMONARY FIBROSIS,True,2019-10-03,2020-01-07,96.0,True,False,True,False,True,False,False,False,False
pirfenidone,17454971,2,20200225,20200304,2020,ES,ES,2,male,70.0,70.0,801,HEPATITIS|HYPERBILIRUBINAEMIA|HYPOCOAGULABLE STATE,HEPATITIS|HYPERBILIRUBINAEMIA,False,True,False,suspect,True,IDIOPATHIC PULMONARY FIBROSIS,True,2019-10-03,2020-01-07,96.0,True,False,True,False,True,False,False,False,True
pirfenidone,17455425,1,20200225,20200225,2020,FR,FR,1,male,78.0,78.0,801,CHOLESTASIS|TRANSAMINASES INCREASED,CHOLESTASIS|TRANSAMINASES INCREASED,False,True,False,suspect,True,PULMONARY FIBROSIS,True,,2019-12-23,,False,False,True,False,False,False,False,False,True
pirfenidone,17456838,1,20200225,20200225,2020,GB,GB,2,female,71.0,71.0,801,DRUG-INDUCED LIVER INJURY,DRUG-INDUCED LIVER INJURY,True,True,False,suspect,True,PRODUCT USED FOR UNKNOWN INDICATION,False,2019-05-20,2019-05-20,0.0,True,False,True,False,False,False,False,False,True
pirfenidone,17460001,3,20200226,20200327,2020,US,US,5,male,,,,FALL|HIP FRACTURE|LIVER FUNCTION TEST INCREASED,LIVER FUNCTION TEST INCREASED,False,True,False,suspect,True,IDIOPATHIC PULMONARY FIBROSIS,True,,,,False,False,True,False,False,False,False,False,True
pirfenidone,17467790,1,20200227,20200227,2020,ES,ES,3,unknown,,,,HEPATITIS|HYPERBILIRUBINAEMIA|HYPOCOAGULABLE STATE,HEPATITIS|HYPERBILIRUBINAEMIA,False,True,False,suspect,True,IDIOPATHIC PULMONARY FIBROSIS,True,2019-10-03,2020-01-07,96.0,True,False,True,False,True,False,False,False,False
pirfenidone,17471667,1,20200228,20200228,2020,ES,ES,2,male,70.0,70.0,801,HEPATITIS|HYPERBILIRUBINAEMIA|HYPOCOAGULABLE STATE,HEPATITIS|HYPERBILIRUBINAEMIA,False,True,False,suspect,True,IDIOPATHIC PULMONARY FIBROSIS,True,2019-10-03,2020-01-07,96.0,True,False,True,False,True,False,False,False,False
pirfenidone,17473437,1,20200228,20200228,2020,FR,FR,1,male,78.0,78.0,801,CHOLESTASIS|TRANSAMINASES INCREASED,CHOLESTASIS|TRANSAMINASES INCREASED,False,True,False,suspect,True,PULMONARY FIBROSIS,True,,2019-12-23,,False,False,True,False,False,False,False,False,True
pirfenidone,17474677,1,20200228,20200228,2020,ES,ES,2,male,70.0,70.0,801,HEPATITIS|HYPERBILIRUBINAEMIA|HYPOCOAGULABLE STATE,HEPATITIS|HYPERBILIRUBINAEMIA,False,True,False,suspect,True,IDIOPATHIC PULMONARY FIBROSIS,True,2019-10-03,2020-01-07,96.0,True,False,True,False,True,False,False,False,False
pirfenidone,17476721,1,20200228,20200228,2020,BE,BE,1,male,54.0,54.0,801,FATIGUE|HEPATOTOXICITY|RASH,HEPATOTOXICITY,True,True,False,suspect,True,IDIOPATHIC PULMONARY FIBROSIS,True,,2018-11-05,,False,False,True,False,False,False,False,False,True
pirfenidone,17483900,3,20200302,20200402,2020,EE,EE,1,male,81.0,81.0,801,ABDOMINAL PAIN UPPER|BILIARY COLIC|TRANSAMINASES INCREASED,TRANSAMINASES INCREASED,False,True,False,suspect,True,IDIOPATHIC PULMONARY FIBROSIS,True,,,,False,False,True,False,True,False,False,False,False
pirfenidone,17484025,1,20200302,20200302,2020,CZ,CZ,1,male,74.0,74.0,801,HEPATIC ENZYME INCREASED,HEPATIC ENZYME INCREASED,False,True,False,suspect,True,IDIOPATHIC PULMONARY FIBROSIS,True,,2019-04-23,,False,False,True,False,False,False,False,False,True
pirfenidone,17486020,2,20200303,20200305,2020,FR,FR,2,male,,,,DEATH|HEPATIC CANCER|HEPATIC ENZYME INCREASED,HEPATIC ENZYME INCREASED,False,True,False,suspect,True,IDIOPATHIC PULMONARY FIBROSIS,True,,,,False,False,True,True,False,False,False,False,True
pirfenidone,17486878,1,20200303,20200303,2020,ES,ES,3,male,70.0,70.0,801,HEPATITIS|HYPERBILIRUBINAEMIA|HYPOCOAGULABLE STATE,HEPATITIS|HYPERBILIRUBINAEMIA,False,True,False,suspect,True,IDIOPATHIC PULMONARY FIBROSIS,True,2019-10-03,2020-01-07,96.0,True,False,True,False,True,False,False,False,False
pirfenidone,17492591,1,20200304,20200304,2020,US,US,1,male,55.0,55.0,801,CONFUSIONAL STATE|HEPATIC ENZYME INCREASED|HEPATIC FAILURE,HEPATIC ENZYME INCREASED|HEPATIC FAILURE,True,True,False,suspect,True,IDIOPATHIC PULMONARY FIBROSIS,True,,2020-02-11,,False,False,True,False,False,False,False,False,True
pirfenidone,17500481,1,20200305,20200305,2020,ES,ES,2,male,70.0,70.0,801,HEPATITIS|HYPERBILIRUBINAEMIA|HYPOCOAGULABLE STATE,HEPATITIS|HYPERBILIRUBINAEMIA,False,True,False,suspect,True,IDIOPATHIC PULMONARY FIBROSIS,True,2019-10-03,2020-01-07,96.0,True,False,True,False,True,False,False,False,False
pirfenidone,17508272,1,20200306,20200306,2020,CA,CA,5,male,,,,ASPARTATE AMINOTRANSFERASE INCREASED|ASTHMA|BLOOD ALKALINE PHOSPHATASE INCREASED|DECREASED APPETITE|DEHYDRATION|DIARRHOEA|DYSPHONIA|INSOMNIA|LOSS OF CONSCIOUSNESS|NASOPHARYNGITIS|NAUSEA|PRODUCT USE IN UNAPPROVED INDICATION|URINARY TRACT INFECTION|VIRAL INFECTION|VOMITING|WEIGHT DECREASED,ASPARTATE AMINOTRANSFERASE INCREASED|BLOOD ALKALINE PHOSPHATASE INCREASED,False,True,False,suspect,True,IDIOPATHIC PULMONARY FIBROSIS,True,,,,False,False,True,False,False,False,False,False,True
pirfenidone,17534374,1,20200312,20200312,2020,ES,ES,2,male,70.0,70.0,801,HEPATITIS|HYPERBILIRUBINAEMIA|HYPOCOAGULABLE STATE,HEPATITIS|HYPERBILIRUBINAEMIA,False,True,False,suspect,True,IDIOPATHIC PULMONARY FIBROSIS,True,2019-10-03,2020-01-07,96.0,True,False,True,False,True,False,False,False,False
pirfenidone,17564740,1,20200320,20200320,2020,JP,JP,3,unknown,,,,ALANINE AMINOTRANSFERASE INCREASED|DERMATITIS ACNEIFORM|DIZZINESS|GASTRIC ULCER|NAUSEA|PRURITUS,ALANINE AMINOTRANSFERASE INCREASED,False,True,False,suspect,True,IDIOPATHIC PULMONARY FIBROSIS,True,,,,False,False,True,False,False,False,False,False,True
pirfenidone,17639611,1,20200407,20200407,2020,CA,CA,3,female,55.0,55.0,801,BLOOD ALBUMIN DECREASED|BLOOD GLUCOSE INCREASED|BLOOD LACTATE DEHYDROGENASE INCREASED|CATHETER SITE INFECTION|CONSTIPATION|DYSPNOEA|EOSINOPHIL COUNT DECREASED|GAMMA-GLUTAMYLTRANSFERASE INCREASED|HAEMATOCRIT DECREASED|HAEMOGLOBIN DECREASED|HEART RATE INCREASED|IMMATURE GRANULOCYTE COUNT INCREASED|LYMPHOCYTE COUNT DECREASED|MEAN CELL HAEMOGLOBIN CONCENTRATION DECREASED|MONOCYTE COUNT INCREASED|NAUSEA|NEUTROPHIL COUNT INCREASED|OXYGEN SATURATION DECREASED|RED BLOOD CELL COUNT DECREASED|RED CELL DISTRIBUTION WIDTH INCREASED|RESPIRATION ABNORMAL|STOMATITIS,GAMMA-GLUTAMYLTRANSFERASE INCREASED,False,True,False,suspect,True,IDIOPATHIC PULMONARY FIBROSIS,True,,,,False,False,True,False,True,False,False,False,False
pirfenidone,17642147,1,20200408,20200408,2020,BE,BE,1,female,85.0,85.0,801,DECREASED APPETITE|FATIGUE|HEPATOTOXICITY|NAUSEA,HEPATOTOXICITY,True,True,False,suspect,True,IDIOPATHIC PULMONARY FIBROSIS,True,,2020-02-19,,False,False,True,False,False,False,False,False,True
pirfenidone,17666135,1,20200414,20200414,2020,US,US,2,male,56.0,56.0,801,ACUTE HEPATIC FAILURE|ALANINE AMINOTRANSFERASE INCREASED|ASPARTATE AMINOTRANSFERASE INCREASED|BLOOD BILIRUBIN INCREASED|INTERNATIONAL NORMALISED RATIO INCREASED|JAUNDICE,ACUTE HEPATIC FAILURE|ALANINE AMINOTRANSFERASE INCREASED|ASPARTATE AMINOTRANSFERASE INCREASED|BLOOD BILIRUBIN INCREASED|JAUNDICE,True,True,True,suspect,True,IDIOPATHIC PULMONARY FIBROSIS,True,2019-12-06,2020-03-01,86.0,True,False,True,False,False,False,False,False,True
pirfenidone,17679003,1,20200417,20200417,2020,US,US,3,male,66.0,66.0,801,DEATH|FATIGUE|HEPATIC ENZYME INCREASED|MYALGIA,HEPATIC ENZYME INCREASED,False,True,False,suspect,True,IDIOPATHIC PULMONARY FIBROSIS,True,2016-09-14,2016-10-14,30.0,True,False,True,True,False,False,False,False,True
pirfenidone,17703766,2,20200424,20200618,2020,BE,BE,1,male,72.0,72.0,801,DECREASED APPETITE|HEPATOCELLULAR INJURY,HEPATOCELLULAR INJURY,True,True,False,suspect,True,IDIOPATHIC PULMONARY FIBROSIS,True,,2019-08-10,,False,False,True,False,False,False,False,False,True
pirfenidone,17705272,7,20200424,20241016,2020,CA,CA,3,female,73.0,73.0,801,ALANINE AMINOTRANSFERASE INCREASED|AMBLYOPIA|ARTERIOSCLEROSIS CORONARY ARTERY|BLOOD PRESSURE ABNORMAL|CARDIOMEGALY|COUGH|CYSTITIS|DIZZINESS|DRUG INEFFECTIVE|DYSPEPSIA|DYSPNOEA|EYE DISORDER|FATIGUE|FORCED VITAL CAPACITY ABNORMAL|HYPOTENSION|NASOPHARYNGITIS|OROPHARYNGEAL PAIN|OXYGEN SATURATION DECREASED|PAIN IN EXTREMITY|PHARYNGITIS|PRODUCT DOSE OMISSION IN ERROR|SKIN DISCOLOURATION|STOMATITIS|UPPER RESPIRATORY TRACT CONGESTION|URINARY TRACT INFECTION|URINE OUTPUT DECREASED|WALKING AID USER|WEIGHT DECREASED|WEIGHT INCREASED,ALANINE AMINOTRANSFERASE INCREASED,False,True,False,suspect,True,IDIOPATHIC PULMONARY FIBROSIS|PULMONARY FIBROSIS,True,,,,False,False,True,False,True,False,False,False,False
pirfenidone,17742727,1,20200505,20200505,2020,US,US,5,unknown,,,,ALANINE AMINOTRANSFERASE INCREASED,ALANINE AMINOTRANSFERASE INCREASED,False,True,False,suspect,True,PRODUCT USED FOR UNKNOWN INDICATION,False,,,,False,False,False,False,False,False,False,False,False
pirfenidone,17743021,1,20200505,20200505,2020,US,US,3,male,,,,HEPATIC ENZYME INCREASED,HEPATIC ENZYME INCREASED,False,True,False,suspect,True,IDIOPATHIC PULMONARY FIBROSIS,True,,,,False,False,False,False,False,False,False,False,False
pirfenidone,17743825,1,20200505,20200505,2020,US,US,5,female,,,,LIVER FUNCTION TEST INCREASED,LIVER FUNCTION TEST INCREASED,False,True,False,suspect,True,IDIOPATHIC PULMONARY FIBROSIS,True,,,,False,False,False,False,False,False,False,False,False
pirfenidone,17743840,1,20200505,20200505,2020,US,US,5,female,,,,HEPATIC ENZYME INCREASED,HEPATIC ENZYME INCREASED,False,True,False,suspect,True,IDIOPATHIC PULMONARY FIBROSIS,True,2019-06-01,,,False,False,False,False,False,False,False,False,False
pirfenidone,17747609,1,20200505,20200505,2020,US,US,5,female,,,,HEPATIC ENZYME INCREASED,HEPATIC ENZYME INCREASED,False,True,False,suspect,True,IDIOPATHIC PULMONARY FIBROSIS,True,,,,False,False,False,False,False,False,False,False,False
pirfenidone,17747661,1,20200505,20200505,2020,US,US,5,female,,,,LIVER FUNCTION TEST INCREASED,LIVER FUNCTION TEST INCREASED,False,True,False,suspect,True,IDIOPATHIC PULMONARY FIBROSIS,True,,,,False,False,False,False,False,False,False,False,False
pirfenidone,17747708,1,20200505,20200505,2020,US,US,5,female,75.0,75.0,801,BLOOD ALKALINE PHOSPHATASE INCREASED|RASH,BLOOD ALKALINE PHOSPHATASE INCREASED,False,True,False,suspect,True,PULMONARY FIBROSIS,True,2019-12-19,,,False,False,False,False,False,False,False,False,False
pirfenidone,17747775,1,20200505,20200505,2020,US,US,5,female,,,,HEPATIC FUNCTION ABNORMAL,HEPATIC FUNCTION ABNORMAL,False,True,False,suspect,True,IDIOPATHIC PULMONARY FIBROSIS,True,,,,False,False,False,False,False,False,False,False,False
pirfenidone,17747820,1,20200505,20200505,2020,US,US,5,female,,,,HEPATIC ENZYME INCREASED,HEPATIC ENZYME INCREASED,False,True,False,suspect,True,PRODUCT USED FOR UNKNOWN INDICATION,False,,,,False,False,False,False,False,False,False,False,False
pirfenidone,17748012,1,20200505,20200505,2020,US,US,5,unknown,,,,DECREASED APPETITE|FEELING HOT|GASTRIC DISORDER|LIVER DISORDER|PALPITATIONS,LIVER DISORDER,False,True,False,suspect,True,IDIOPATHIC PULMONARY FIBROSIS,True,,,,False,False,False,False,False,False,False,False,False
pirfenidone,17748246,1,20200505,20200505,2020,US,US,5,female,,,,HEPATIC ENZYME INCREASED,HEPATIC ENZYME INCREASED,False,True,False,suspect,True,IDIOPATHIC PULMONARY FIBROSIS,True,,,,False,False,False,False,False,False,False,False,False
pirfenidone,17748929,1,20200505,20200505,2020,US,US,1,male,77.0,77.0,801,BACK PAIN|LIVER FUNCTION TEST INCREASED|MUSCULOSKELETAL PAIN,LIVER FUNCTION TEST INCREASED,False,True,False,suspect,True,IDIOPATHIC PULMONARY FIBROSIS,True,,2020-02-18,,False,False,False,False,False,False,False,False,False
pirfenidone,17752793,1,20200506,20200506,2020,US,US,5,female,,,,LIVER FUNCTION TEST INCREASED,LIVER FUNCTION TEST INCREASED,False,True,False,suspect,True,INTERSTITIAL LUNG DISEASE,True,2018-06-07,,,False,False,False,False,False,False,False,False,False
pirfenidone,17752831,1,20200506,20200506,2020,US,US,1,male,80.0,80.0,801,GASTROINTESTINAL DISORDER|LIVER FUNCTION TEST INCREASED,LIVER FUNCTION TEST INCREASED,False,True,False,suspect,True,IDIOPATHIC PULMONARY FIBROSIS,True,2018-02-22,2019-03-08,379.0,False,False,False,False,False,False,False,False,False
pirfenidone,17753040,1,20200506,20200506,2020,FR,FR,3,male,78.0,78.0,801,CHOLESTASIS|TRANSAMINASES INCREASED,CHOLESTASIS|TRANSAMINASES INCREASED,False,True,False,suspect,True,PULMONARY FIBROSIS,True,,2019-12-23,,False,False,True,False,False,False,False,False,True
pirfenidone,17753239,1,20200506,20200506,2020,ES,ES,3,male,70.0,70.0,801,HEPATITIS|HYPERBILIRUBINAEMIA|HYPOCOAGULABLE STATE,HEPATITIS|HYPERBILIRUBINAEMIA,False,True,False,suspect,True,IDIOPATHIC PULMONARY FIBROSIS,True,2019-10-03,2020-01-07,96.0,True,False,True,False,True,False,False,False,False
pirfenidone,17753319,1,20200506,20200506,2020,US,US,5,female,,,,HEADACHE|LIVER FUNCTION TEST INCREASED|MUSCLE SPASMS,LIVER FUNCTION TEST INCREASED,False,True,False,suspect,True,IDIOPATHIC PULMONARY FIBROSIS,True,,,,False,False,False,False,False,False,False,False,False
pirfenidone,17753391,1,20200506,20200506,2020,US,US,5,male,62.0,62.0,801,HEPATIC ENZYME INCREASED,HEPATIC ENZYME INCREASED,False,True,False,suspect,True,IDIOPATHIC PULMONARY FIBROSIS,True,2019-11-28,,,False,False,False,False,False,False,False,False,False
pirfenidone,17753406,1,20200506,20200506,2020,US,US,5,female,71.0,71.0,801,FATIGUE|HEPATIC ENZYME INCREASED|LIVER FUNCTION TEST INCREASED,HEPATIC ENZYME INCREASED|LIVER FUNCTION TEST INCREASED,False,True,False,suspect,True,IDIOPATHIC PULMONARY FIBROSIS,True,2019-09-14,2019-11-25,72.0,True,False,False,False,False,False,False,False,False
pirfenidone,17753462,1,20200506,20200506,2020,US,US,5,male,,,,LIVER FUNCTION TEST INCREASED,LIVER FUNCTION TEST INCREASED,False,True,False,suspect,True,IDIOPATHIC PULMONARY FIBROSIS,True,,,,False,False,False,False,False,False,False,False,False
pirfenidone,17753932,1,20200506,20200506,2020,US,US,5,female,,,,LIVER FUNCTION TEST INCREASED|OFF LABEL USE,LIVER FUNCTION TEST INCREASED,False,True,False,suspect,True,INFECTIVE EXACERBATION OF CHRONIC OBSTRUCTIVE AIRWAYS DISEASE,False,,,,False,False,False,False,False,False,False,False,False
pirfenidone,17803723,3,20200519,20251222,2020,EU,EU,1,male,75.0,75.0,801,ACUTE HEPATIC FAILURE|DRUG INTERACTION|DRUG-INDUCED LIVER INJURY|ESCHERICHIA SEPSIS|LACTIC ACIDOSIS|MULTIPLE ORGAN DYSFUNCTION SYNDROME|PHOTOSENSITIVITY REACTION|PRURITUS,ACUTE HEPATIC FAILURE|DRUG-INDUCED LIVER INJURY,True,True,False,interacting,False,IDIOPATHIC PULMONARY FIBROSIS,True,,,,False,False,True,True,True,False,False,False,False
pirfenidone,17807351,1,20200520,20200520,2020,US,US,5,female,,,,HEPATITIS,HEPATITIS,False,True,False,suspect,True,IDIOPATHIC PULMONARY FIBROSIS,True,,,,False,False,True,False,False,False,False,False,True
pirfenidone,17818423,1,20200523,20200523,2020,IT,IT,1,male,72.0,72.0,801,HEPATOTOXICITY|TRANSAMINASES INCREASED,HEPATOTOXICITY|TRANSAMINASES INCREASED,True,True,False,suspect,True,IDIOPATHIC PULMONARY FIBROSIS,True,2019-12-01,2020-01-12,42.0,True,False,True,False,False,False,False,False,True
pirfenidone,17847262,2,20200601,20211210,2020,CA,,3,male,74.0,74.0,801,DECREASED APPETITE|DEHYDRATION|DIARRHOEA|DIZZINESS|DYSPNOEA EXERTIONAL|EMPHYSEMA|FATIGUE|GAIT DISTURBANCE|GASTRIC DISORDER|GRANULOMATOUS LIVER DISEASE|HAEMOPTYSIS|INFLUENZA|LIVER DISORDER|OCCULT BLOOD|PHOTOSENSITIVITY REACTION|POOR QUALITY SLEEP|PRODUCTIVE COUGH|PULMONARY FUNCTION TEST DECREASED|VERTIGO|WEIGHT DECREASED,LIVER DISORDER,False,True,False,suspect,True,IDIOPATHIC PULMONARY FIBROSIS,True,,,,False,False,True,False,False,False,False,False,True
pirfenidone,17870239,1,20200608,20200608,2020,IT,IT,1,female,71.0,71.0,801,BLOOD ALKALINE PHOSPHATASE INCREASED|GAMMA-GLUTAMYLTRANSFERASE INCREASED|HEPATOTOXICITY|TRANSAMINASES INCREASED,BLOOD ALKALINE PHOSPHATASE INCREASED|GAMMA-GLUTAMYLTRANSFERASE INCREASED|HEPATOTOXICITY|TRANSAMINASES INCREASED,True,True,False,suspect,True,IDIOPATHIC PULMONARY FIBROSIS,True,2019-03-19,2019-09-11,176.0,True,False,True,False,False,False,False,False,True
pirfenidone,17870974,1,20200608,20200608,2020,CA,CA,3,female,45.0,45.0,801,"ACNE|ALOPECIA|CONDITION AGGRAVATED|DRUG INEFFECTIVE|LIVER FUNCTION TEST ABNORMAL|OVARIAN CYST|OVERDOSE|PAIN|PNEUMONIA|RHEUMATOID ARTHRITIS|SLEEP DISORDER DUE TO GENERAL MEDICAL CONDITION, INSOMNIA TYPE|TRANSPLANT DYSFUNCTION|TRANSPLANT REJECTION",LIVER FUNCTION TEST ABNORMAL,False,True,False,suspect,True,TRANSPLANT,False,,,,False,False,True,False,False,True,False,False,True
pirfenidone,17879450,1,20200610,20200610,2020,FR,FR,1,male,,,,HEPATOCELLULAR INJURY,HEPATOCELLULAR INJURY,True,True,False,suspect,True,IDIOPATHIC PULMONARY FIBROSIS,True,2016-08-31,2017-07-05,308.0,True,False,True,False,False,False,False,False,True
pirfenidone,17900513,1,20200616,20200616,2020,FR,FR,1,male,73.0,73.0,801,HEPATOCELLULAR INJURY,HEPATOCELLULAR INJURY,True,True,False,suspect,True,IDIOPATHIC PULMONARY FIBROSIS,True,,,,False,False,True,False,False,False,False,False,True
pirfenidone,17973415,1,20200702,20200702,2020,CN,CN,5,female,51.0,51.0,801,ALANINE AMINOTRANSFERASE INCREASED|ASPARTATE AMINOTRANSFERASE INCREASED|BLOOD ALBUMIN ABNORMAL|DRUG EFFECTIVE FOR UNAPPROVED INDICATION|FIBRIN D DIMER INCREASED|HEPATIC CYST|INFECTIOUS PLEURAL EFFUSION|OFF LABEL USE|PLEURAL THICKENING|PRODUCT USE IN UNAPPROVED INDICATION,ALANINE AMINOTRANSFERASE INCREASED|ASPARTATE AMINOTRANSFERASE INCREASED,False,True,False,concomitant,True,,False,2020-02-13,2020-01-26,-18.0,False,False,True,False,False,False,False,False,True
pirfenidone,18011444,1,20200712,20200712,2020,IT,IT,1,male,76.0,76.0,801,HEPATOTOXICITY,HEPATOTOXICITY,True,True,False,suspect,True,PRODUCT USED FOR UNKNOWN INDICATION,False,,2020-06-22,,False,False,True,False,False,False,False,False,True
pirfenidone,18060753,2,20200723,20200824,2020,CA,CA,5,male,,,,HEPATIC FUNCTION ABNORMAL,HEPATIC FUNCTION ABNORMAL,False,True,False,suspect,True,IDIOPATHIC PULMONARY FIBROSIS,True,2019-07-15,,,False,False,True,False,False,False,False,False,True
pirfenidone,18082435,2,20200729,20200730,2020,US,US,5,female,,,,HEPATITIS,HEPATITIS,False,True,False,suspect,True,IDIOPATHIC PULMONARY FIBROSIS,True,,,,False,False,True,False,False,False,False,False,True
pirfenidone,18150790,1,20200814,20200814,2020,CA,CA,3,female,55.0,55.0,801,BLOOD ALBUMIN DECREASED|BLOOD GLUCOSE INCREASED|BLOOD LACTATE DEHYDROGENASE INCREASED|CATHETER SITE INFECTION|CONSTIPATION|DYSPNOEA|EOSINOPHIL COUNT DECREASED|GAMMA-GLUTAMYLTRANSFERASE INCREASED|HAEMATOCRIT DECREASED|HAEMOGLOBIN DECREASED|HEART RATE INCREASED|IMMATURE GRANULOCYTE COUNT INCREASED|LYMPHOCYTE COUNT DECREASED|MEAN CELL HAEMOGLOBIN CONCENTRATION DECREASED|MONOCYTE COUNT INCREASED|NAUSEA|NEUTROPHIL COUNT INCREASED|OXYGEN SATURATION DECREASED|RED BLOOD CELL COUNT DECREASED|RED CELL DISTRIBUTION WIDTH INCREASED|RESPIRATION ABNORMAL|STOMATITIS,GAMMA-GLUTAMYLTRANSFERASE INCREASED,False,True,False,suspect,True,IDIOPATHIC PULMONARY FIBROSIS,True,,,,False,False,True,False,True,False,False,False,False
pirfenidone,18154216,3,20200816,20201005,2020,US,US,5,male,61.0,61.0,801,ASTHENIA|CHOLECYSTITIS|CHOLECYSTITIS INFECTIVE|LIVER FUNCTION TEST ABNORMAL|WEIGHT DECREASED,LIVER FUNCTION TEST ABNORMAL,False,True,False,suspect,True,IDIOPATHIC PULMONARY FIBROSIS,True,,,,False,False,True,False,True,False,False,False,True
pirfenidone,18200405,3,20200827,20201226,2020,US,US,1,female,89.0,89.0,801,ALOPECIA|BONE CYST|COVID-19|DRY SKIN|HEADACHE|HYPOAESTHESIA|INSOMNIA|LIVER DISORDER|MALAISE|MEMORY IMPAIRMENT|PAIN IN EXTREMITY|PHOTOPHOBIA|SLEEP DISORDER,LIVER DISORDER,False,True,False,suspect,True,IDIOPATHIC PULMONARY FIBROSIS,True,,,,False,False,True,False,False,False,False,False,True
pirfenidone,18272182,1,20200916,20200916,2020,ES,ES,3,unknown,,,,DRUG REACTION WITH EOSINOPHILIA AND SYSTEMIC SYMPTOMS|HEPATITIS|RENAL IMPAIRMENT,HEPATITIS,False,True,False,suspect,True,PULMONARY FIBROSIS,True,2016-05-26,2016-07-08,43.0,True,False,True,False,True,False,False,False,False
pirfenidone,18300187,1,20200923,20200923,2020,CA,CA,3,unknown,,,,BLOOD ALBUMIN DECREASED|BLOOD GLUCOSE INCREASED|BLOOD LACTATE DEHYDROGENASE INCREASED|CATHETER SITE INFECTION|CONSTIPATION|DYSPNOEA|EOSINOPHIL COUNT DECREASED|GAMMA-GLUTAMYLTRANSFERASE INCREASED|HAEMATOCRIT DECREASED|HAEMOGLOBIN DECREASED|HEART RATE INCREASED|IMMATURE GRANULOCYTE COUNT INCREASED|LYMPHOCYTE COUNT DECREASED|MEAN CELL HAEMOGLOBIN CONCENTRATION DECREASED|MONOCYTE COUNT INCREASED|NAUSEA|NEUTROPHIL COUNT INCREASED|OXYGEN SATURATION DECREASED|RED BLOOD CELL COUNT DECREASED|RED CELL DISTRIBUTION WIDTH INCREASED|RESPIRATION ABNORMAL|STOMATITIS,GAMMA-GLUTAMYLTRANSFERASE INCREASED,False,True,False,suspect,True,IDIOPATHIC PULMONARY FIBROSIS,True,,,,False,False,True,False,True,False,False,False,False
pirfenidone,18346520,1,20201006,20201006,2020,US,US,5,male,,,,CHOLECYSTITIS|LIVER FUNCTION TEST INCREASED|OXYGEN SATURATION DECREASED|PNEUMONIA,LIVER FUNCTION TEST INCREASED,False,True,False,suspect,True,IDIOPATHIC PULMONARY FIBROSIS,True,2020-04-23,,,False,False,True,False,True,False,False,False,True
pirfenidone,18358083,1,20201007,20201007,2020,BE,BE,1,male,71.0,71.0,801,HEPATOTOXICITY,HEPATOTOXICITY,True,True,False,suspect,True,IDIOPATHIC PULMONARY FIBROSIS,True,,2019-12-24,,False,False,True,False,False,False,False,False,True
pirfenidone,18378648,3,20201013,20201021,2020,NL,NL,1,male,63.0,63.0,801,CONDITION AGGRAVATED|DYSPNOEA|FATIGUE|LIVER FUNCTION TEST ABNORMAL|SKIN DISCOLOURATION|SUNBURN,LIVER FUNCTION TEST ABNORMAL,False,True,False,suspect,True,IDIOPATHIC PULMONARY FIBROSIS,True,2018-01-09,,,False,False,True,False,True,False,False,False,False
pirfenidone,18380069,1,20201014,20201014,2020,FR,FR,3,male,63.0,63.0,801,HEPATIC FUNCTION ABNORMAL,HEPATIC FUNCTION ABNORMAL,False,True,False,suspect,True,IDIOPATHIC PULMONARY FIBROSIS,True,,,,False,False,True,False,False,False,False,False,True
pirfenidone,18430195,1,20201026,20201026,2020,DE,DE,1,male,83.0,83.0,801,ALANINE AMINOTRANSFERASE INCREASED|ASPARTATE AMINOTRANSFERASE INCREASED|GAMMA-GLUTAMYLTRANSFERASE INCREASED,ALANINE AMINOTRANSFERASE INCREASED|ASPARTATE AMINOTRANSFERASE INCREASED|GAMMA-GLUTAMYLTRANSFERASE INCREASED,False,True,False,suspect,True,PRODUCT USED FOR UNKNOWN INDICATION,False,,,,False,False,True,False,False,False,False,False,True
pirfenidone,18455865,1,20201103,20201103,2020,US,US,5,male,71.0,71.0,801,LIVER FUNCTION TEST INCREASED|RESPIRATION ABNORMAL,LIVER FUNCTION TEST INCREASED,False,True,False,suspect,True,IDIOPATHIC PULMONARY FIBROSIS,True,2020-01-06,,,False,False,True,False,True,False,False,False,False
pirfenidone,18483245,1,20201110,20201110,2020,CN,CN,3,unknown,,,,DECREASED APPETITE|DIARRHOEA|DIZZINESS|DYSPEPSIA|FATIGUE|HEPATOTOXICITY|NAUSEA|PHOTOSENSITIVITY REACTION|RASH|TRANSAMINASES INCREASED|VOMITING,HEPATOTOXICITY|TRANSAMINASES INCREASED,True,True,False,suspect,True,IDIOPATHIC INTERSTITIAL PNEUMONIA|IDIOPATHIC PULMONARY FIBROSIS,True,,,,False,False,True,False,False,False,False,False,True
pirfenidone,18483540,1,20201110,20201110,2020,BE,BE,1,male,84.0,84.0,801,HEPATOTOXICITY|NAUSEA,HEPATOTOXICITY,True,True,False,suspect,True,IDIOPATHIC PULMONARY FIBROSIS,True,,2020-07-07,,False,False,True,False,False,False,False,False,True
pirfenidone,18488840,1,20201111,20201111,2020,BE,BE,1,female,85.0,85.0,801,DECREASED APPETITE|FATIGUE|HEPATOTOXICITY|NAUSEA|PRURITUS,HEPATOTOXICITY,True,True,False,suspect,True,IDIOPATHIC PULMONARY FIBROSIS,True,,2020-02-19,,False,False,True,False,False,False,False,False,True
pirfenidone,18530980,2,20201121,20220621,2020,CA,CA,3,unknown,,,,BLOOD ALBUMIN DECREASED|BLOOD GLUCOSE INCREASED|BLOOD LACTATE DEHYDROGENASE INCREASED|CATHETER SITE INFECTION|CONSTIPATION|DYSPNOEA|EOSINOPHIL COUNT DECREASED|GAMMA-GLUTAMYLTRANSFERASE INCREASED|HAEMATOCRIT DECREASED|HAEMOGLOBIN DECREASED|HEART RATE INCREASED|IMMATURE GRANULOCYTE COUNT INCREASED|LYMPHOCYTE COUNT DECREASED|MEAN CELL HAEMOGLOBIN CONCENTRATION DECREASED|MONOCYTE COUNT INCREASED|NAUSEA|NEUTROPHIL COUNT INCREASED|OXYGEN SATURATION DECREASED|RED BLOOD CELL COUNT DECREASED|RED CELL DISTRIBUTION WIDTH INCREASED|RESPIRATION ABNORMAL|STOMATITIS,GAMMA-GLUTAMYLTRANSFERASE INCREASED,False,True,False,suspect,True,IDIOPATHIC PULMONARY FIBROSIS,True,,,,False,False,True,False,True,False,False,False,False
pirfenidone,18531582,1,20201122,20201122,2020,IT,IT,1,male,72.0,72.0,801,HEPATOTOXICITY|TOXICITY TO VARIOUS AGENTS,HEPATOTOXICITY,True,True,False,suspect,True,IDIOPATHIC PULMONARY FIBROSIS,True,2017-11-13,2020-08-12,1003.0,False,False,True,False,True,False,False,False,False
pirfenidone,18608173,3,20201212,20210517,2020,US,US,1,female,,,,ALOPECIA|ATRIAL FIBRILLATION|DRY MOUTH|FATIGUE|HEPATIC ENZYME INCREASED|LIVER FUNCTION TEST ABNORMAL|SENSORY DISTURBANCE,HEPATIC ENZYME INCREASED|LIVER FUNCTION TEST ABNORMAL,False,True,False,suspect,True,PULMONARY FIBROSIS,True,,,,False,False,True,False,False,False,False,False,True
pirfenidone,18690819,1,20210101,20210101,2021,ES,ES,2,female,73.0,73.0,801,HEPATITIS,HEPATITIS,False,True,False,suspect,True,INTERSTITIAL LUNG DISEASE,True,2020-09-30,2020-11-04,35.0,True,False,True,False,False,False,False,False,True
pirfenidone,18723775,1,20210107,20210107,2021,US,US,3,female,69.0,69.0,801,HOSPITALISATION|LIVER DISORDER,LIVER DISORDER,False,True,False,suspect,True,IDIOPATHIC PULMONARY FIBROSIS,True,2018-09-18,,,False,False,True,False,True,False,False,False,False
pirfenidone,18740593,1,20210114,20210114,2021,US,US,2,female,85.0,85.0,801,ALANINE AMINOTRANSFERASE INCREASED|ASPARTATE AMINOTRANSFERASE INCREASED|CHROMATURIA|DECREASED APPETITE|DIARRHOEA|DRUG-INDUCED LIVER INJURY|IDIOPATHIC PULMONARY FIBROSIS,ALANINE AMINOTRANSFERASE INCREASED|ASPARTATE AMINOTRANSFERASE INCREASED|DRUG-INDUCED LIVER INJURY,True,True,False,suspect,True,IDIOPATHIC PULMONARY FIBROSIS,True,2020-12-09,2021-01-12,34.0,True,False,True,False,True,False,False,False,False
pirfenidone,18775945,1,20210122,20210122,2021,US,US,5,female,85.0,85.0,801,LIVER DISORDER,LIVER DISORDER,False,True,False,suspect,True,PRODUCT USED FOR UNKNOWN INDICATION,False,,2021-01-12,,False,False,True,False,True,False,False,False,False
pirfenidone,18824829,1,20210202,20210202,2021,GB,GB,3,male,,,,COVID-19|DEATH|JAUNDICE,JAUNDICE,False,True,False,suspect,True,PRODUCT USED FOR UNKNOWN INDICATION,False,2020-10-01,,,False,False,True,True,True,False,False,False,False
pirfenidone,18887988,2,20210213,20210313,2021,US,US,1,female,,,,COVID-19|HEPATIC ENZYME INCREASED,HEPATIC ENZYME INCREASED,False,True,False,suspect,True,PULMONARY FIBROSIS,True,,,,False,False,True,False,True,False,False,False,False
pirfenidone,18906391,2,20210218,20210219,2021,PL,PL,1,female,,,,THROMBOCYTOPENIA|TRANSAMINASES INCREASED,TRANSAMINASES INCREASED,False,True,False,suspect,True,PRODUCT USED FOR UNKNOWN INDICATION,False,,,,False,False,True,False,False,False,False,False,True
pirfenidone,18918489,1,20210220,20210220,2021,GB,GB,3,male,66.0,66.0,801,HEPATIC ENZYME INCREASED,HEPATIC ENZYME INCREASED,False,True,False,suspect,True,IDIOPATHIC PULMONARY FIBROSIS,True,2020-10-22,2020-12-29,68.0,True,False,True,False,False,False,False,False,True
pirfenidone,18918773,1,20210220,20210220,2021,US,US,1,female,76.0,76.0,801,ABDOMINAL DISCOMFORT|ABDOMINAL PAIN UPPER|DECREASED APPETITE|DIARRHOEA|DYSPEPSIA|FATIGUE|HEADACHE|HEPATITIS|HYPERAESTHESIA|INFREQUENT BOWEL MOVEMENTS|INSOMNIA|INTENTIONAL PRODUCT USE ISSUE|NAUSEA|OFF LABEL USE|PRURITUS|PYREXIA|STEVENS-JOHNSON SYNDROME,HEPATITIS,False,True,False,suspect,True,IDIOPATHIC PULMONARY FIBROSIS,True,2020-11-22,2020-12-22,30.0,True,False,True,False,True,False,False,False,False
pirfenidone,18961527,1,20210303,20210303,2021,GB,GB,5,male,,,,DRUG INTERACTION|HEPATIC FUNCTION ABNORMAL,HEPATIC FUNCTION ABNORMAL,False,True,False,suspect,True,PRODUCT USED FOR UNKNOWN INDICATION,False,,,,False,False,True,False,False,False,False,False,True
pirfenidone,18968463,1,20210304,20210304,2021,GB,GB,3,male,76.0,76.0,801,HEPATIC FUNCTION ABNORMAL,HEPATIC FUNCTION ABNORMAL,False,True,False,suspect,True,IDIOPATHIC PULMONARY FIBROSIS,True,,2020-12-08,,False,False,True,False,True,False,False,False,False
pirfenidone,18986560,1,20210309,20210309,2021,FR,FR,3,male,69.0,69.0,801,HEPATOTOXICITY|INTENTIONAL PRODUCT USE ISSUE|OFF LABEL USE|SKIN TOXICITY,HEPATOTOXICITY,True,True,False,suspect,True,IDIOPATHIC PULMONARY FIBROSIS,True,,,,False,False,True,False,False,False,False,False,True
pirfenidone,18990278,1,20210310,20210310,2021,DE,DE,5,male,71.0,71.0,801,ARTHRALGIA|BONE INFARCTION|DIZZINESS|DYSPNOEA|DYSPNOEA EXERTIONAL|FATIGUE|GAMMA-GLUTAMYLTRANSFERASE INCREASED|GASTRIC VARICES|GASTRIC VARICES HAEMORRHAGE|GOUT|OTITIS MEDIA|TYPE 2 DIABETES MELLITUS|VARICOSE VEIN,GAMMA-GLUTAMYLTRANSFERASE INCREASED,False,True,False,suspect,True,IDIOPATHIC PULMONARY FIBROSIS,True,2016-09-15,2016-09-15,0.0,True,False,True,False,True,False,False,False,True
pirfenidone,19011862,2,20210315,20210316,2021,DE,DE,5,male,71.0,71.0,801,ARTHRALGIA|BONE INFARCTION|DIZZINESS|DYSPNOEA|DYSPNOEA EXERTIONAL|FATIGUE|GAMMA-GLUTAMYLTRANSFERASE INCREASED|GASTRIC VARICES|GASTRIC VARICES HAEMORRHAGE|GOUT|OTITIS MEDIA|TYPE 2 DIABETES MELLITUS|VARICOSE VEIN,GAMMA-GLUTAMYLTRANSFERASE INCREASED,False,True,False,suspect,True,,False,2016-09-15,2016-09-15,0.0,True,False,True,False,False,False,False,False,True
pirfenidone,19048359,2,20210324,20210407,2021,US,US,5,male,68.0,68.0,801,BACTERIAL INFECTION|HEPATIC ENZYME INCREASED|KIDNEY INFECTION|OFF LABEL USE|SEPSIS,HEPATIC ENZYME INCREASED,False,True,False,suspect,True,IDIOPATHIC PULMONARY FIBROSIS,True,,2021-03-03,,False,False,True,False,True,False,False,False,False
pirfenidone,19072170,8,20210330,20230502,2021,US,,5,male,66.0,66.0,801,BLOOD PRESSURE INCREASED|CEREBROVASCULAR ACCIDENT|CONTUSION|DISEASE PROGRESSION|DIZZINESS|DYSPNOEA|FATIGUE|HEPATIC ENZYME INCREASED|LIVER DISORDER|MYOCARDIAL INFARCTION|OFF LABEL USE|THROMBOSIS|VITAMIN D DECREASED,HEPATIC ENZYME INCREASED|LIVER DISORDER,False,True,False,suspect,True,ACUTE MYOCARDIAL INFARCTION|INTERSTITIAL LUNG DISEASE|PNEUMONIA,True,,2020-01-01,,False,False,True,False,True,False,False,False,True
pirfenidone,19100214,1,20210407,20210407,2021,DK,DK,1,female,79.0,79.0,801,ABDOMINAL PAIN UPPER|DECREASED APPETITE|HEPATITIS TOXIC,HEPATITIS TOXIC,True,True,False,suspect,True,IDIOPATHIC PULMONARY FIBROSIS,True,2021-01-15,,,False,False,True,False,True,False,False,False,False
pirfenidone,19132938,3,20210413,20210430,2021,US,US,1,female,,,,ANAPHYLACTIC REACTION|ASPARTATE AMINOTRANSFERASE INCREASED|HEPATIC ENZYME INCREASED|PNEUMONIA|UPPER RESPIRATORY TRACT INFECTION|VOMITING,ASPARTATE AMINOTRANSFERASE INCREASED|HEPATIC ENZYME INCREASED,False,True,False,suspect,True,PULMONARY FIBROSIS,True,,,,False,False,True,False,False,False,False,False,True
pirfenidone,19179593,1,20210423,20210423,2021,US,US,3,male,,,,LIVER DISORDER|THERAPY INTERRUPTED,LIVER DISORDER,False,True,False,suspect,True,IDIOPATHIC PULMONARY FIBROSIS,True,2019-12-05,,,False,False,True,False,True,False,False,False,False
pirfenidone,19186148,1,20210427,20210427,2021,CA,CA,3,female,61.0,61.0,801,ABDOMINAL DISTENSION|ABDOMINAL PAIN UPPER|ARTHRITIS|BLADDER DISORDER|BLADDER PAIN|BONE DISORDER|BREAST DISORDER|CHEST PAIN|COUGH|DECREASED APPETITE|DIARRHOEA|DRUG HYPERSENSITIVITY|DYSPNOEA|GASTRIC DISORDER|HEADACHE|HYPERPHAGIA|ILLNESS|LIVER DISORDER|LOWER RESPIRATORY TRACT INFECTION|LUNG DISORDER|LYMPHADENOPATHY MEDIASTINAL|NASOPHARYNGITIS|OSTEOARTHRITIS|PAIN|READING DISORDER|RESPIRATORY DISORDER|SARCOIDOSIS|TOOTH DISORDER|URINARY INCONTINENCE|VOMITING,LIVER DISORDER,False,True,False,suspect,True,IDIOPATHIC PULMONARY FIBROSIS,True,,,,False,False,True,False,False,False,False,False,True
pirfenidone,19187424,1,20210428,20210428,2021,US,US,5,male,,,,LIVER DISORDER,LIVER DISORDER,False,True,False,suspect,True,IDIOPATHIC PULMONARY FIBROSIS,True,2019-12-05,,,False,False,True,False,True,False,False,False,False
pirfenidone,19218902,1,20210505,20210505,2021,US,US,5,male,,,,HEPATIC ENZYME INCREASED,HEPATIC ENZYME INCREASED,False,True,False,suspect,True,PRODUCT USED FOR UNKNOWN INDICATION,False,,,,False,False,False,False,False,False,False,False,False
pirfenidone,19218926,1,20210505,20210505,2021,US,US,5,female,76.0,76.0,801,CONDITION AGGRAVATED|LIVER FUNCTION TEST INCREASED|PHOTOSENSITIVITY REACTION|RASH|SUNBURN,LIVER FUNCTION TEST INCREASED,False,True,False,suspect,True,IDIOPATHIC PULMONARY FIBROSIS,True,2020-01-07,,,False,False,False,False,False,False,False,False,False
pirfenidone,19218972,1,20210505,20210505,2021,US,US,5,male,82.0,82.0,801,ASPARTATE AMINOTRANSFERASE INCREASED|DYSPNOEA|INSOMNIA|NASAL CONGESTION,ASPARTATE AMINOTRANSFERASE INCREASED,False,True,False,suspect,True,IDIOPATHIC PULMONARY FIBROSIS,True,2020-04-26,,,False,False,False,False,False,False,False,False,False
pirfenidone,19218981,1,20210506,20210506,2021,US,US,5,female,,,,HEPATIC ENZYME INCREASED,HEPATIC ENZYME INCREASED,False,True,False,suspect,True,IDIOPATHIC PULMONARY FIBROSIS,True,,,,False,False,False,False,False,False,False,False,False
pirfenidone,19218999,1,20210506,20210506,2021,US,US,5,male,,,,HEPATIC ENZYME INCREASED,HEPATIC ENZYME INCREASED,False,True,False,suspect,True,IDIOPATHIC PULMONARY FIBROSIS,True,,,,False,False,False,False,False,False,False,False,False
pirfenidone,19219026,1,20210506,20210506,2021,US,US,5,female,,,,HEPATIC ENZYME INCREASED,HEPATIC ENZYME INCREASED,False,True,False,suspect,True,PRODUCT USED FOR UNKNOWN INDICATION,False,,,,False,False,False,False,False,False,False,False,False
pirfenidone,19219048,1,20210506,20210506,2021,US,US,5,male,,,,LIVER FUNCTION TEST ABNORMAL,LIVER FUNCTION TEST ABNORMAL,False,True,False,suspect,True,LIVER FUNCTION TEST ABNORMAL,False,,,,False,False,False,False,False,False,False,False,False
pirfenidone,19219138,1,20210506,20210506,2021,US,US,5,female,,,,ABDOMINAL PAIN|FATIGUE|HAEMORRHAGE|JAUNDICE|PRURITUS,JAUNDICE,False,True,False,suspect,True,IDIOPATHIC PULMONARY FIBROSIS,True,,,,False,False,False,False,False,False,False,False,False
pirfenidone,19219183,1,20210506,20210506,2021,US,US,1,female,,,,LIVER FUNCTION TEST INCREASED,LIVER FUNCTION TEST INCREASED,False,True,False,suspect,True,IDIOPATHIC PULMONARY FIBROSIS,True,,2020-06-02,,False,False,False,False,False,False,False,False,False
pirfenidone,19219216,1,20210506,20210506,2021,US,US,5,female,,,,HEPATIC ENZYME INCREASED,HEPATIC ENZYME INCREASED,False,True,False,suspect,True,PULMONARY FIBROSIS,True,,,,False,False,False,False,False,False,False,False,False
pirfenidone,19219319,1,20210506,20210506,2021,US,US,5,male,,,,LIVER FUNCTION TEST INCREASED|RASH,LIVER FUNCTION TEST INCREASED,False,True,False,suspect,True,IDIOPATHIC PULMONARY FIBROSIS,True,2020-03-19,2020-05-18,60.0,True,False,False,False,False,False,False,False,False
pirfenidone,19219375,1,20210506,20210506,2021,US,US,5,male,,,,LIVER FUNCTION TEST INCREASED,LIVER FUNCTION TEST INCREASED,False,True,False,suspect,True,IDIOPATHIC PULMONARY FIBROSIS,True,2019-11-27,,,False,False,False,False,False,False,False,False,False
pirfenidone,19223225,1,20210505,20210505,2021,US,US,5,female,,,,HEPATIC ENZYME INCREASED|INAPPROPRIATE SCHEDULE OF PRODUCT ADMINISTRATION,HEPATIC ENZYME INCREASED,False,True,False,suspect,True,IDIOPATHIC PULMONARY FIBROSIS,True,,,,False,False,False,False,False,False,False,False,False
pirfenidone,19223783,1,20210505,20210505,2021,US,US,5,female,,,,FATIGUE|HEPATIC ENZYME INCREASED|INSOMNIA|WEIGHT DECREASED,HEPATIC ENZYME INCREASED,False,True,False,suspect,True,PRODUCT USED FOR UNKNOWN INDICATION,False,2018-07-15,,,False,False,False,False,False,False,False,False,False
pirfenidone,19223850,1,20210505,20210505,2021,US,US,1,unknown,,,,ABDOMINAL DISCOMFORT|HEPATIC ENZYME INCREASED|PHOTOSENSITIVITY REACTION,HEPATIC ENZYME INCREASED,False,True,False,suspect,True,IDIOPATHIC PULMONARY FIBROSIS,True,,,,False,False,False,False,False,False,False,False,False
pirfenidone,19223945,1,20210505,20210505,2021,US,US,5,female,79.0,79.0,801,HEPATIC ENZYME INCREASED,HEPATIC ENZYME INCREASED,False,True,False,suspect,True,IDIOPATHIC PULMONARY FIBROSIS,True,,,,False,False,False,False,False,False,False,False,False
pirfenidone,19224321,1,20210505,20210505,2021,US,US,5,female,,,,DIARRHOEA|FATIGUE|HEPATIC ENZYME INCREASED,HEPATIC ENZYME INCREASED,False,True,False,suspect,True,IDIOPATHIC PULMONARY FIBROSIS,True,,,,False,False,False,False,False,False,False,False,False
pirfenidone,19224649,1,20210505,20210505,2021,US,US,5,male,64.0,64.0,801,HEPATIC ENZYME INCREASED,HEPATIC ENZYME INCREASED,False,True,False,suspect,True,IDIOPATHIC PULMONARY FIBROSIS,True,2020-07-13,2020-10-07,86.0,True,False,False,False,False,False,False,False,False
pirfenidone,19224676,1,20210505,20210505,2021,US,US,5,female,,,,LIVER FUNCTION TEST INCREASED,LIVER FUNCTION TEST INCREASED,False,True,False,suspect,True,IDIOPATHIC PULMONARY FIBROSIS,True,,,,False,False,False,False,False,False,False,False,False
pirfenidone,19224692,1,20210505,20210505,2021,US,US,5,male,76.0,76.0,801,FATIGUE|LIVER FUNCTION TEST INCREASED|SLEEP DISORDER|STOMATITIS,LIVER FUNCTION TEST INCREASED,False,True,False,suspect,True,IDIOPATHIC PULMONARY FIBROSIS,True,2020-07-08,2020-07-08,0.0,True,False,False,False,False,False,False,False,False
pirfenidone,19224706,1,20210505,20210505,2021,US,US,5,male,,,,INTENTIONAL PRODUCT USE ISSUE|LIVER FUNCTION TEST INCREASED|OFF LABEL USE,LIVER FUNCTION TEST INCREASED,False,True,False,suspect,True,IDIOPATHIC PULMONARY FIBROSIS,True,2020-06-24,,,False,False,False,False,False,False,False,False,False
pirfenidone,19224975,1,20210505,20210505,2021,US,US,5,female,78.0,78.0,801,HEPATIC ENZYME INCREASED|LIVER FUNCTION TEST INCREASED,HEPATIC ENZYME INCREASED|LIVER FUNCTION TEST INCREASED,False,True,False,suspect,True,IDIOPATHIC PULMONARY FIBROSIS,True,2020-03-12,,,False,False,False,False,False,False,False,False,False
pirfenidone,19224981,1,20210505,20210505,2021,US,US,1,female,,,,COUGH|DEPRESSION|LIVER FUNCTION TEST INCREASED|MEMORY IMPAIRMENT|NAUSEA|VOMITING,LIVER FUNCTION TEST INCREASED,False,True,False,suspect,True,IDIOPATHIC PULMONARY FIBROSIS,True,,,,False,False,False,False,False,False,False,False,False
pirfenidone,19226505,1,20210505,20210505,2021,US,US,5,female,71.0,71.0,801,ALANINE AMINOTRANSFERASE INCREASED|ASPARTATE AMINOTRANSFERASE INCREASED|BLOOD ALKALINE PHOSPHATASE INCREASED|DYSPEPSIA|ERUCTATION|FALL|HAND FRACTURE|PAIN|PRURITUS|SKIN IRRITATION|URTICARIA,ALANINE AMINOTRANSFERASE INCREASED|ASPARTATE AMINOTRANSFERASE INCREASED|BLOOD ALKALINE PHOSPHATASE INCREASED,False,True,False,suspect,True,IDIOPATHIC PULMONARY FIBROSIS,True,2019-12-29,2020-01-22,24.0,True,False,False,False,False,False,False,False,False
pirfenidone,19226556,1,20210505,20210505,2021,US,US,5,male,71.0,71.0,801,HEPATIC ENZYME INCREASED,HEPATIC ENZYME INCREASED,False,True,False,suspect,True,INTERSTITIAL LUNG DISEASE,True,2020-01-16,2020-03-05,49.0,True,False,False,False,False,False,False,False,False
pirfenidone,19226619,1,20210505,20210505,2021,US,US,1,female,82.0,82.0,801,HEPATIC ENZYME INCREASED,HEPATIC ENZYME INCREASED,False,True,False,suspect,True,IDIOPATHIC PULMONARY FIBROSIS,True,2019-05-01,2020-01-17,261.0,True,False,True,False,False,False,False,False,True
pirfenidone,19226794,1,20210506,20210506,2021,US,US,1,male,,,,DRUG INTOLERANCE|HEPATIC ENZYME INCREASED,HEPATIC ENZYME INCREASED,False,True,False,suspect,True,IDIOPATHIC PULMONARY FIBROSIS,True,2020-06-01,,,False,False,False,False,False,False,False,False,False
pirfenidone,19226877,1,20210506,20210506,2021,US,US,5,male,75.0,75.0,801,DECREASED APPETITE|DIZZINESS|FATIGUE|HEPATIC ENZYME INCREASED,HEPATIC ENZYME INCREASED,False,True,False,suspect,True,IDIOPATHIC PULMONARY FIBROSIS,True,2020-07-14,2020-09-21,69.0,True,False,False,False,False,False,False,False,False
pirfenidone,19226902,2,20210506,20220426,2021,US,,5,female,65.0,65.0,801,HEPATIC ENZYME INCREASED,HEPATIC ENZYME INCREASED,False,True,False,suspect,True,PULMONARY FIBROSIS,True,,2020-09-09,,False,False,False,False,False,False,False,False,False
pirfenidone,19227261,1,20210506,20210506,2021,US,US,3,female,,,,HEPATIC ENZYME INCREASED,HEPATIC ENZYME INCREASED,False,True,False,suspect,True,IDIOPATHIC PULMONARY FIBROSIS,True,2020-08-11,,,False,False,False,False,False,False,False,False,False
pirfenidone,19227540,1,20210506,20210506,2021,US,US,5,female,71.0,71.0,801,ALANINE AMINOTRANSFERASE INCREASED|ASPARTATE AMINOTRANSFERASE INCREASED|DYSPEPSIA|INSOMNIA|PHOTOSENSITIVITY REACTION|PRURITUS|RASH|SKIN EXFOLIATION|SUNBURN,ALANINE AMINOTRANSFERASE INCREASED|ASPARTATE AMINOTRANSFERASE INCREASED,False,True,False,suspect,True,IDIOPATHIC PULMONARY FIBROSIS,True,2020-02-28,2020-10-10,225.0,True,False,False,False,False,False,False,False,False
pirfenidone,19227801,1,20210506,20210506,2021,US,US,5,female,66.0,66.0,801,DIARRHOEA|DYSPEPSIA|HEPATIC ENZYME INCREASED,HEPATIC ENZYME INCREASED,False,True,False,suspect,True,IDIOPATHIC PULMONARY FIBROSIS,True,,,,False,False,False,False,False,False,False,False,False
pirfenidone,19228369,1,20210506,20210506,2021,US,US,1,female,67.0,67.0,801,INTENTIONAL PRODUCT MISUSE|LIVER FUNCTION TEST INCREASED|OFF LABEL USE,LIVER FUNCTION TEST INCREASED,False,True,False,suspect,True,IDIOPATHIC PULMONARY FIBROSIS,True,2019-09-11,2020-11-06,422.0,False,False,True,False,True,False,False,False,False
pirfenidone,19228397,1,20210506,20210506,2021,US,US,3,male,,,,HEPATIC ENZYME INCREASED,HEPATIC ENZYME INCREASED,False,True,False,suspect,True,IDIOPATHIC PULMONARY FIBROSIS,True,2020-02-01,,,False,False,False,False,False,False,False,False,False
pirfenidone,19228482,1,20210506,20210506,2021,US,US,5,female,,,,HEPATIC ENZYME INCREASED,HEPATIC ENZYME INCREASED,False,True,False,suspect,True,IDIOPATHIC PULMONARY FIBROSIS,True,2021-01-12,,,False,False,False,False,False,False,False,False,False
pirfenidone,19242919,1,20210510,20210510,2021,CA,CA,3,female,55.0,55.0,801,BLOOD ALBUMIN DECREASED|BLOOD GLUCOSE INCREASED|BLOOD LACTATE DEHYDROGENASE INCREASED|CATHETER SITE INFECTION|CONSTIPATION|DYSPNOEA|EOSINOPHIL COUNT DECREASED|GAMMA-GLUTAMYLTRANSFERASE INCREASED|HAEMATOCRIT DECREASED|HAEMOGLOBIN DECREASED|HEART RATE INCREASED|IMMATURE GRANULOCYTE COUNT INCREASED|LYMPHOCYTE COUNT DECREASED|MEAN CELL HAEMOGLOBIN CONCENTRATION DECREASED|MONOCYTE COUNT INCREASED|NAUSEA|NEUTROPHIL COUNT INCREASED|OXYGEN SATURATION DECREASED|RED BLOOD CELL COUNT DECREASED|RED CELL DISTRIBUTION WIDTH INCREASED|RESPIRATION ABNORMAL|STOMATITIS,GAMMA-GLUTAMYLTRANSFERASE INCREASED,False,True,False,suspect,True,IDIOPATHIC PULMONARY FIBROSIS,True,,,,False,False,True,False,True,False,False,False,False
pirfenidone,19356922,1,20210602,20210602,2021,BE,BE,1,female,75.0,75.0,801,DECREASED APPETITE|HEPATOTOXICITY,HEPATOTOXICITY,True,True,False,suspect,True,IDIOPATHIC PULMONARY FIBROSIS,True,,2020-08-03,,False,False,True,False,False,False,False,False,True
pirfenidone,19361035,1,20210602,20210602,2021,DE,DE,1,male,70.0,70.0,801,ACUTE HEPATIC FAILURE|COAGULOPATHY|HEPATIC ENZYME INCREASED,ACUTE HEPATIC FAILURE|HEPATIC ENZYME INCREASED,True,True,False,suspect,True,IDIOPATHIC PULMONARY FIBROSIS,True,,2021-01-20,,False,False,True,False,True,True,False,False,False
pirfenidone,19398170,1,20210609,20210609,2021,US,US,3,female,,,,LIVER DISORDER|SEPSIS,LIVER DISORDER,False,True,False,suspect,True,IDIOPATHIC PULMONARY FIBROSIS,True,2018-10-06,,,False,False,True,False,True,False,False,False,False
pirfenidone,19405452,2,20210611,20220822,2021,CH,CH,1,male,79.0,79.0,801,CHOLESTASIS,CHOLESTASIS,False,True,False,suspect,True,PRODUCT USED FOR UNKNOWN INDICATION,False,2021-03-31,2021-04-30,30.0,True,False,True,False,False,False,False,False,True
pirfenidone,19409874,1,20210614,20210614,2021,US,US,5,female,,,,DEVICE RELATED SEPSIS|LIVER DISORDER,LIVER DISORDER,False,True,False,suspect,True,IDIOPATHIC PULMONARY FIBROSIS,True,2018-08-06,,,False,False,True,False,True,False,False,False,False
pirfenidone,19419577,1,20210615,20210615,2021,CA,CA,3,male,,,,HEPATIC ENZYME INCREASED|HEPATOTOXICITY,HEPATIC ENZYME INCREASED|HEPATOTOXICITY,True,True,False,suspect,True,IDIOPATHIC PULMONARY FIBROSIS,True,2020-10-20,,,False,False,True,False,False,False,False,False,True
pirfenidone,19432347,1,20210617,20210617,2021,FR,FR,1,female,,,,CHOLESTASIS,CHOLESTASIS,False,True,False,suspect,True,IDIOPATHIC PULMONARY FIBROSIS,True,,,,False,False,True,False,False,False,False,False,True
pirfenidone,19467428,1,20210625,20210625,2021,US,US,2,male,75.0,75.0,801,ANAEMIA|BILIARY OBSTRUCTION|GASTROINTESTINAL HAEMORRHAGE|HEPATIC LESION|HYPOVOLAEMIC SHOCK|LIVER FUNCTION TEST INCREASED|SMALL CELL LUNG CANCER METASTATIC,LIVER FUNCTION TEST INCREASED,False,True,False,suspect,True,IDIOPATHIC PULMONARY FIBROSIS,True,2018-06-13,2021-06-17,1100.0,False,False,True,True,False,False,False,False,False
pirfenidone,19574547,1,20210719,20210719,2021,HU,HU,2,male,62.0,62.0,801,HEPATIC ENZYME ABNORMAL|JAUNDICE,JAUNDICE,False,True,False,suspect,True,PULMONARY FIBROSIS,True,2021-06-23,2021-06-25,2.0,True,False,True,False,True,False,False,False,False
pirfenidone,19645692,2,20210802,20210907,2021,AU,AU,1,female,68.0,68.0,801,ATRIAL FIBRILLATION|ATRIAL FLUTTER|CLOSTRIDIUM DIFFICILE COLITIS|COUGH|DEEP VEIN THROMBOSIS|DIARRHOEA|DIZZINESS|DRY MOUTH|DYSPHAGIA|HAEMODYNAMIC INSTABILITY|HEPATIC FAILURE|HYPOTENSION|JOINT SWELLING|LOWER RESPIRATORY TRACT INFECTION|MUSCLE ATROPHY|MYALGIA|NAUSEA|PALPITATIONS|PERIPHERAL SWELLING|PLEURAL EFFUSION|PNEUMONIA|PULMONARY EMBOLISM|RENAL FAILURE|TENDON DISORDER|VOMITING|WEIGHT DECREASED,HEPATIC FAILURE,True,True,False,suspect,True,INTERSTITIAL LUNG DISEASE,True,2017-11-20,2019-10-04,683.0,False,True,True,True,True,False,False,False,True
pirfenidone,19649338,3,20210802,20220404,2021,CA,CA,5,male,78.0,78.0,801,ABDOMINAL DISCOMFORT|ALANINE AMINOTRANSFERASE INCREASED|AORTIC ANEURYSM|APPETITE DISORDER|ASTHENIA|ATRIAL FIBRILLATION|BACK PAIN|BLOOD LACTATE DEHYDROGENASE INCREASED|CHEST DISCOMFORT|COMPUTERISED TOMOGRAM ABNORMAL|COUGH|DIVERTICULUM|DIVERTICULUM INTESTINAL|DIZZINESS|DYSPNOEA|FALL|FATIGUE|GASTROINTESTINAL DISORDER|HEADACHE|HEPATIC STEATOSIS|HYPOTENSION|INTERSTITIAL LUNG DISEASE|LETHARGY|LUNG CONSOLIDATION|LYMPHADENOPATHY|LYMPHOMA|MUSCULAR WEAKNESS|NAUSEA|NEOPLASM PROGRESSION|NIGHT SWEATS|ORTHOSTATIC HYPOTENSION|PNEUMONITIS|PULMONARY ARTERY DILATATION|RESPIRATORY FAILURE|SECOND PRIMARY MALIGNANCY|SQUAMOUS CELL CARCINOMA OF SKIN|WEIGHT DECREASED,ALANINE AMINOTRANSFERASE INCREASED,False,True,False,suspect,True,IDIOPATHIC PULMONARY FIBROSIS,True,,,,False,False,True,False,True,False,False,False,True
pirfenidone,19655361,2,20210804,20210826,2021,US,US,3,male,64.0,64.0,801,ALCOHOLIC LIVER DISEASE|BLOOD ALKALINE PHOSPHATASE INCREASED|BLOOD COUNT ABNORMAL|CHROMATURIA|COLD SWEAT|HEADACHE|HEPATITIS|ILLNESS|LIVER DISORDER|NAUSEA|NEPHRITIS|RESPIRATORY FAILURE|TREATMENT NONCOMPLIANCE|URINE ANALYSIS ABNORMAL,BLOOD ALKALINE PHOSPHATASE INCREASED|HEPATITIS|LIVER DISORDER,False,True,False,suspect,True,IDIOPATHIC PULMONARY FIBROSIS,True,2019-08-02,,,False,False,True,False,False,False,False,False,True
pirfenidone,19724769,1,20210819,20210819,2021,DE,DE,5,male,71.0,71.0,801,ARTHRALGIA|BONE INFARCTION|DIZZINESS|DYSPNOEA|DYSPNOEA EXERTIONAL|FATIGUE|GAMMA-GLUTAMYLTRANSFERASE INCREASED|GASTRIC VARICES|GASTRIC VARICES HAEMORRHAGE|GOUT|OTITIS MEDIA|TYPE 2 DIABETES MELLITUS|VARICOSE VEIN,GAMMA-GLUTAMYLTRANSFERASE INCREASED,False,True,False,suspect,True,IDIOPATHIC PULMONARY FIBROSIS,True,2016-09-15,2016-09-15,0.0,True,False,True,False,True,False,False,False,True
pirfenidone,19770159,2,20210831,20210831,2021,US,US,5,female,,,,ASTHENIA|BLOOD SODIUM DECREASED|HEPATIC ENZYME INCREASED|HYPOTENSION|LIVER FUNCTION TEST ABNORMAL,HEPATIC ENZYME INCREASED|LIVER FUNCTION TEST ABNORMAL,False,True,False,suspect,True,IDIOPATHIC PULMONARY FIBROSIS,True,2021-04-07,,,False,False,True,False,True,False,False,False,False
pirfenidone,19772040,2,20210831,20210831,2021,GB,GB,5,male,,,,LIVER DISORDER,LIVER DISORDER,False,True,False,suspect,True,IDIOPATHIC PULMONARY FIBROSIS,True,,,,False,False,True,False,True,False,False,False,False
pirfenidone,19812646,4,20210910,20220315,2021,CA,CA,5,unknown,,,,ABDOMINAL DISCOMFORT|ALANINE AMINOTRANSFERASE INCREASED|AORTIC ANEURYSM|APPETITE DISORDER|ASTHENIA|ATRIAL FIBRILLATION|BACK PAIN|BLOOD LACTATE DEHYDROGENASE INCREASED|CHEST DISCOMFORT|COMPUTERISED TOMOGRAM ABNORMAL|COUGH|DIVERTICULUM|DIVERTICULUM INTESTINAL|DIZZINESS|DYSPNOEA|EPSTEIN-BARR VIRUS ASSOCIATED LYMPHOMA|FALL|FATIGUE|GASTROINTESTINAL DISORDER|HEADACHE|HEPATIC STEATOSIS|HODGKIN^S DISEASE|HODGKIN^S DISEASE STAGE IV|HYPOTENSION|INTERSTITIAL LUNG DISEASE|LETHARGY|LUNG CONSOLIDATION|LYMPHADENOPATHY|LYMPHOMA|MUSCULAR WEAKNESS|NAUSEA|NIGHT SWEATS|OFF LABEL USE|ORTHOSTATIC HYPOTENSION|PNEUMONITIS|PULMONARY ARTERY DILATATION|RESPIRATORY FAILURE|SQUAMOUS CELL CARCINOMA OF SKIN|WEIGHT DECREASED,ALANINE AMINOTRANSFERASE INCREASED,False,True,False,suspect,True,IDIOPATHIC PULMONARY FIBROSIS,True,,,,False,False,True,False,True,False,False,False,True
pirfenidone,19967364,1,20211014,20211014,2021,US,US,3,female,,,,HEPATITIS,HEPATITIS,False,True,False,suspect,True,IDIOPATHIC PULMONARY FIBROSIS,True,,,,False,False,True,False,False,False,False,False,True
pirfenidone,19976265,1,20211021,20211021,2021,US,US,5,female,,,,HEPATITIS,HEPATITIS,False,True,False,suspect,True,IDIOPATHIC PULMONARY FIBROSIS,True,,,,False,False,True,False,False,False,False,False,True
pirfenidone,20028563,2,20211103,20220622,2021,IT,IT,1,male,75.0,75.0,801,ASTHENIA|CHOLANGITIS|CHOLELITHIASIS|DIARRHOEA|TRANSAMINASES INCREASED,TRANSAMINASES INCREASED,False,True,False,suspect,True,IDIOPATHIC PULMONARY FIBROSIS,True,2021-05-03,2021-10-01,151.0,True,False,True,False,True,False,False,False,False
pirfenidone,20046402,2,20211109,20220122,2021,US,,1,male,80.0,80.0,801,DECREASED APPETITE|HEPATIC ENZYME INCREASED|PNEUMONIA,HEPATIC ENZYME INCREASED,False,True,False,suspect,True,PRODUCT USED FOR UNKNOWN INDICATION,False,,2021-10-27,,False,False,True,False,True,False,False,False,False
pirfenidone,20065105,1,20211113,20211113,2021,US,,5,unknown,,,,DRUG-INDUCED LIVER INJURY|HEPATIC CIRRHOSIS|HEPATIC FAILURE|LIVER FUNCTION TEST DECREASED,DRUG-INDUCED LIVER INJURY|HEPATIC FAILURE,True,True,False,suspect,True,IDIOPATHIC PULMONARY FIBROSIS,True,,,,False,False,True,False,False,False,False,False,True
pirfenidone,20071814,2,20211116,20220215,2021,US,,5,male,73.0,73.0,801,BLOOD BILIRUBIN INCREASED|COUGH|PLATELET COUNT DECREASED,BLOOD BILIRUBIN INCREASED,False,True,False,suspect,True,IDIOPATHIC PULMONARY FIBROSIS,True,,2021-09-24,,False,False,True,False,False,False,True,False,False
pirfenidone,20130638,1,20211130,20211130,2021,CN,CN,5,female,42.0,42.0,801,TRANSAMINASES INCREASED,TRANSAMINASES INCREASED,False,True,False,suspect,True,BREAST CANCER|RADIATION PNEUMONITIS,False,2021-09-17,2021-10-09,22.0,True,False,True,False,False,False,False,False,True
pirfenidone,20144502,1,20211203,20211203,2021,IT,IT,1,male,75.0,75.0,801,CARDIAC ARREST|CARDIAC FAILURE|DECREASED APPETITE|DIARRHOEA|HEPATITIS TOXIC|MYOCARDIAL ISCHAEMIA|VENTRICULAR DYSFUNCTION,HEPATITIS TOXIC,True,True,False,suspect,True,PULMONARY FIBROSIS,True,2021-06-01,2021-10-08,129.0,True,True,True,True,False,False,False,False,False
pirfenidone,20175966,3,20211213,20220111,2021,DE,,1,male,,,,ALANINE AMINOTRANSFERASE INCREASED|ASPARTATE AMINOTRANSFERASE INCREASED|BLOOD ALKALINE PHOSPHATASE INCREASED|BLOOD BILIRUBIN INCREASED|GAMMA-GLUTAMYLTRANSFERASE INCREASED|GASTROINTESTINAL DISORDER|TRANSAMINASES INCREASED,ALANINE AMINOTRANSFERASE INCREASED|ASPARTATE AMINOTRANSFERASE INCREASED|BLOOD ALKALINE PHOSPHATASE INCREASED|BLOOD BILIRUBIN INCREASED|GAMMA-GLUTAMYLTRANSFERASE INCREASED|TRANSAMINASES INCREASED,False,True,True,suspect,True,PULMONARY FIBROSIS,True,,2021-12-06,,False,False,True,False,True,False,False,False,True
pirfenidone,20184736,1,20211214,20211214,2021,US,US,3,male,,,,LIVER FUNCTION TEST INCREASED,LIVER FUNCTION TEST INCREASED,False,True,False,concomitant,True,PRODUCT USED FOR UNKNOWN INDICATION,False,,2021-01-01,,False,False,False,False,False,False,False,False,False
pirfenidone,20196890,3,20211217,20220820,2021,CA,CA,3,unknown,,,,ABDOMINAL DISCOMFORT|ALANINE AMINOTRANSFERASE INCREASED|AORTIC ANEURYSM|APPETITE DISORDER|ASTHENIA|ATRIAL FIBRILLATION|BACK PAIN|BLOOD LACTATE DEHYDROGENASE INCREASED|CHEST DISCOMFORT|COMPUTERISED TOMOGRAM ABNORMAL|COUGH|DIVERTICULUM|DIVERTICULUM INTESTINAL|DIZZINESS|DYSPNOEA|FALL|FATIGUE|GASTROINTESTINAL DISORDER|HEADACHE|HEPATIC STEATOSIS|HYPOTENSION|INTERSTITIAL LUNG DISEASE|LETHARGY|LUNG CONSOLIDATION|LYMPHADENOPATHY|LYMPHOMA|MUSCULAR WEAKNESS|NAUSEA|NEOPLASM PROGRESSION|NIGHT SWEATS|OFF LABEL USE|ORTHOSTATIC HYPOTENSION|PNEUMONITIS|PULMONARY ARTERY DILATATION|RESPIRATORY FAILURE|SECOND PRIMARY MALIGNANCY|SQUAMOUS CELL CARCINOMA OF SKIN|WEIGHT DECREASED,ALANINE AMINOTRANSFERASE INCREASED,False,True,False,suspect,True,IDIOPATHIC PULMONARY FIBROSIS,True,,,,False,False,True,False,True,False,False,False,True
pirfenidone,20218352,1,20211222,20211222,2021,CA,,3,male,79.0,79.0,801,ABDOMINAL PAIN|DIARRHOEA|HEPATIC ENZYME INCREASED|PANCREATITIS|PRURITUS|RASH,HEPATIC ENZYME INCREASED,False,True,False,suspect,True,PRODUCT USED FOR UNKNOWN INDICATION,False,,,,False,False,True,False,False,False,False,False,True
pirfenidone,20408942,2,20220201,20220214,2022,US,,5,male,78.0,78.0,801,BLOOD ALKALINE PHOSPHATASE INCREASED|CARDIAC FAILURE CONGESTIVE|DEATH|DECREASED APPETITE|DYSPNOEA EXERTIONAL|EXPOSURE TO CHEMICAL POLLUTION|FALL|FEELING ABNORMAL|LOWER RESPIRATORY TRACT CONGESTION|PRODUCTIVE COUGH|RHINORRHOEA|UPPER-AIRWAY COUGH SYNDROME|WEIGHT DECREASED|WHEEZING,BLOOD ALKALINE PHOSPHATASE INCREASED,False,True,False,suspect,True,PULMONARY FIBROSIS,True,,2022-01-14,,False,False,True,True,False,False,False,False,True
pirfenidone,20500140,1,20220222,20220222,2022,BE,BE,1,female,70.0,70.0,801,HEPATITIS,HEPATITIS,False,True,False,suspect,True,IDIOPATHIC PULMONARY FIBROSIS,True,2021-08-18,2022-01-28,163.0,True,False,True,False,True,True,False,False,False
pirfenidone,20544045,3,20220303,20220822,2022,CA,,3,male,78.0,78.0,801,ABDOMINAL DISCOMFORT|ALANINE AMINOTRANSFERASE INCREASED|AORTIC ANEURYSM|APPETITE DISORDER|ASTHENIA|ATRIAL FIBRILLATION|BACK PAIN|BLOOD LACTATE DEHYDROGENASE INCREASED|CHEST DISCOMFORT|COMPUTERISED TOMOGRAM ABNORMAL|COUGH|DIVERTICULUM|DIVERTICULUM INTESTINAL|DIZZINESS|DYSPNOEA|FALL|FATIGUE|GASTROINTESTINAL DISORDER|HEADACHE|HEPATIC STEATOSIS|HYPOTENSION|INTERSTITIAL LUNG DISEASE|LETHARGY|LUNG CONSOLIDATION|LYMPHADENOPATHY|LYMPHOMA|MUSCULAR WEAKNESS|NAUSEA|NEOPLASM PROGRESSION|NIGHT SWEATS|ORTHOSTATIC HYPOTENSION|PNEUMONITIS|PULMONARY ARTERY DILATATION|RESPIRATORY FAILURE|SECOND PRIMARY MALIGNANCY|SQUAMOUS CELL CARCINOMA OF SKIN|WEIGHT DECREASED,ALANINE AMINOTRANSFERASE INCREASED,False,True,False,suspect,True,IDIOPATHIC PULMONARY FIBROSIS,True,,,,False,False,True,False,True,False,False,False,False
pirfenidone,20649174,4,20220329,20220523,2022,JP,JP,2,male,68.0,68.0,801,ALANINE AMINOTRANSFERASE INCREASED|ASPARTATE AMINOTRANSFERASE INCREASED|BLOOD ALBUMIN DECREASED|BLOOD CHLORIDE DECREASED|BLOOD CREATINE PHOSPHOKINASE DECREASED|BLOOD CREATININE DECREASED|BLOOD LACTATE DEHYDROGENASE INCREASED|BLOOD POTASSIUM INCREASED|BLOOD SODIUM DECREASED|C-REACTIVE PROTEIN INCREASED|DRUG INTERACTION|DRUG LEVEL INCREASED|HAEMATOCRIT DECREASED|HAEMOGLOBIN DECREASED|HAEMOGLOBIN INCREASED|NAUSEA|PLATELET COUNT DECREASED|PROTEIN TOTAL DECREASED|VOMITING|WHITE BLOOD CELL COUNT INCREASED,ALANINE AMINOTRANSFERASE INCREASED|ASPARTATE AMINOTRANSFERASE INCREASED,False,True,False,concomitant,True,IDIOPATHIC PULMONARY FIBROSIS,True,2021-04-05,2022-03-11,340.0,True,False,True,False,True,False,False,False,False
pirfenidone,20662330,1,20220401,20220401,2022,US,,5,male,,,,HEPATIC ENZYME INCREASED,HEPATIC ENZYME INCREASED,False,True,False,suspect,True,IDIOPATHIC PULMONARY FIBROSIS|PULMONARY ARTERIAL HYPERTENSION,True,,,,False,False,True,False,True,False,False,False,False
pirfenidone,20704204,1,20220413,20220413,2022,CA,,1,male,80.0,80.0,801,ALANINE AMINOTRANSFERASE INCREASED|ANALGESIC DRUG LEVEL DECREASED|ANION GAP INCREASED|ASPARTATE AMINOTRANSFERASE INCREASED|BILIRUBIN CONJUGATED INCREASED|BLOOD ALBUMIN DECREASED|BLOOD ALKALINE PHOSPHATASE INCREASED|BLOOD BICARBONATE DECREASED|BLOOD CHLORIDE DECREASED|BLOOD CREATININE INCREASED|BLOOD GASES ABNORMAL|BLOOD GLUCOSE INCREASED|BLOOD LACTATE DEHYDROGENASE INCREASED|BLOOD PH DECREASED|BLOOD UREA INCREASED|BRAIN NATRIURETIC PEPTIDE INCREASED|C-REACTIVE PROTEIN INCREASED|CARBON DIOXIDE DECREASED|CONGESTIVE HEPATOPATHY|COUGH|DILATATION VENTRICULAR|DYSPNOEA|EYE DISORDER|FALL|GLOMERULAR FILTRATION RATE DECREASED|HAEMATOCRIT DECREASED|HAEMOGLOBIN DECREASED|HEPATIC ENZYME INCREASED|HEPATITIS A ANTIBODY POSITIVE|HYPERTENSION|INFERIOR VENA CAVA DILATATION|INTERNATIONAL NORMALISED RATIO INCREASED|LEFT VENTRICULAR END-DIASTOLIC PRESSURE INCREASED|LIVER DISORDER|MEAN CELL HAEMOGLOBIN INCREASED|MEAN CELL VOLUME INCREASED|MEAN PLATELET VOLUME INCREASED|MONOCYTE COUNT INCREASED|NASAL CONGESTION|NEUTROPHIL COUNT INCREASED|OXYGEN SATURATION DECREASED|PLATELET COUNT DECREASED|PRODUCTIVE COUGH|RED BLOOD CELL COUNT DECREASED|TRANSAMINASES INCREASED|TRICUSPID VALVE INCOMPETENCE|TROPONIN I INCREASED|VENOUS OXYGEN PARTIAL PRESSURE INCREASED|VENOUS OXYGEN SATURATION DECREASED|WEIGHT DECREASED|WHITE BLOOD CELL COUNT INCREASED,ALANINE AMINOTRANSFERASE INCREASED|ASPARTATE AMINOTRANSFERASE INCREASED|BLOOD ALKALINE PHOSPHATASE INCREASED|HEPATIC ENZYME INCREASED|LIVER DISORDER|TRANSAMINASES INCREASED,False,True,False,suspect,True,IDIOPATHIC PULMONARY FIBROSIS,True,,,,False,False,True,False,True,False,False,False,False
pirfenidone,20705586,1,20220413,20220413,2022,US,,2,male,67.0,67.0,801,ALANINE AMINOTRANSFERASE INCREASED|BLOOD ALKALINE PHOSPHATASE INCREASED|THERAPY CESSATION,ALANINE AMINOTRANSFERASE INCREASED|BLOOD ALKALINE PHOSPHATASE INCREASED,False,True,False,suspect,True,PULMONARY FIBROSIS,True,2022-02-04,2022-04-06,61.0,True,False,True,False,False,False,False,False,True
pirfenidone,20714523,1,20220415,20220415,2022,CA,CA,5,female,55.0,55.0,801,BLOOD ALBUMIN DECREASED|BLOOD GLUCOSE INCREASED|BLOOD LACTATE DEHYDROGENASE INCREASED|CATHETER SITE INFECTION|CONSTIPATION|DYSPNOEA|EOSINOPHIL COUNT DECREASED|GAMMA-GLUTAMYLTRANSFERASE INCREASED|HAEMATOCRIT DECREASED|HAEMOGLOBIN DECREASED|HEART RATE INCREASED|IMMATURE GRANULOCYTE COUNT INCREASED|LYMPHOCYTE COUNT DECREASED|MEAN CELL HAEMOGLOBIN CONCENTRATION DECREASED|MONOCYTE COUNT INCREASED|NAUSEA|NEUTROPHIL COUNT INCREASED|OXYGEN SATURATION DECREASED|RED BLOOD CELL COUNT DECREASED|RED CELL DISTRIBUTION WIDTH INCREASED|RESPIRATION ABNORMAL|STOMATITIS,GAMMA-GLUTAMYLTRANSFERASE INCREASED,False,True,False,suspect,True,IDIOPATHIC PULMONARY FIBROSIS,True,,,,False,False,True,False,True,False,False,False,False
pirfenidone,20722725,1,20220419,20220419,2022,US,US,5,male,,,,COUGH|HEPATIC ENZYME INCREASED|THERAPY NON-RESPONDER|VOMITING,HEPATIC ENZYME INCREASED,False,True,False,suspect,True,PRODUCT USED FOR UNKNOWN INDICATION,False,,,,False,False,False,False,False,False,False,False,False
pirfenidone,20752363,1,20220426,20220426,2022,US,,5,female,,,,HEPATIC ENZYME INCREASED,HEPATIC ENZYME INCREASED,False,True,False,suspect,True,IDIOPATHIC PULMONARY FIBROSIS,True,,,,False,False,False,False,False,False,False,False,False
pirfenidone,20752380,1,20220426,20220426,2022,US,,5,female,,,,LIVER FUNCTION TEST INCREASED,LIVER FUNCTION TEST INCREASED,False,True,False,suspect,True,IDIOPATHIC PULMONARY FIBROSIS,True,,,,False,False,False,False,False,False,False,False,False
pirfenidone,20752394,1,20220426,20220426,2022,US,,2,female,,,,COVID-19|LIVER FUNCTION TEST INCREASED,LIVER FUNCTION TEST INCREASED,False,True,False,suspect,True,IDIOPATHIC PULMONARY FIBROSIS,True,,,,False,False,False,False,False,False,False,False,False
pirfenidone,20752487,2,20220426,20230420,2022,US,,5,female,,,,ASTHENIA|DRUG INEFFECTIVE|FATIGUE|HEPATIC FUNCTION ABNORMAL|OFF LABEL USE,HEPATIC FUNCTION ABNORMAL,False,True,False,suspect,True,IDIOPATHIC PULMONARY FIBROSIS,True,,,,False,False,False,False,False,False,False,False,False
pirfenidone,20752619,1,20220426,20220426,2022,US,,5,female,75.0,75.0,801,DECREASED APPETITE|DYSPEPSIA|FATIGUE|LIVER FUNCTION TEST ABNORMAL|NAUSEA|VOMITING,LIVER FUNCTION TEST ABNORMAL,False,True,False,suspect,True,IDIOPATHIC PULMONARY FIBROSIS,True,,2021-06-29,,False,False,False,False,False,False,False,False,False
pirfenidone,20752658,1,20220426,20220426,2022,US,,5,male,,,,HEPATIC ENZYME INCREASED,HEPATIC ENZYME INCREASED,False,True,False,suspect,True,IDIOPATHIC PULMONARY FIBROSIS,True,2021-03-16,,,False,False,False,False,False,False,False,False,False
pirfenidone,20752664,1,20220426,20220426,2022,US,,5,male,,,,FATIGUE|HEPATIC ENZYME INCREASED,HEPATIC ENZYME INCREASED,False,True,False,suspect,True,PRODUCT USED FOR UNKNOWN INDICATION,False,,,,False,False,False,False,False,False,False,False,False
pirfenidone,20752666,1,20220426,20220426,2022,US,,5,male,,,,DECREASED APPETITE|FATIGUE|HEPATIC ENZYME INCREASED,HEPATIC ENZYME INCREASED,False,True,False,suspect,True,BRONCHIECTASIS,False,,,,False,False,False,False,False,False,False,False,False
pirfenidone,20752744,1,20220426,20220426,2022,US,,1,male,,,,HEPATIC ENZYME INCREASED,HEPATIC ENZYME INCREASED,False,True,False,suspect,True,IDIOPATHIC PULMONARY FIBROSIS,True,,2021-07-28,,False,False,False,False,False,False,False,False,False
pirfenidone,20752818,1,20220426,20220426,2022,US,,5,male,70.0,70.0,801,COUGH|DIARRHOEA|HEPATIC ENZYME INCREASED|INSOMNIA|PAIN|PHOTOSENSITIVITY REACTION,HEPATIC ENZYME INCREASED,False,True,False,suspect,True,IDIOPATHIC PULMONARY FIBROSIS,True,,2021-04-01,,False,False,False,False,False,False,False,False,False
pirfenidone,20752834,2,20220426,20230420,2022,US,,5,male,,,,LIVER DISORDER|LIVER FUNCTION TEST INCREASED,LIVER DISORDER|LIVER FUNCTION TEST INCREASED,False,True,False,suspect,True,PULMONARY FIBROSIS,True,2020-05-19,,,False,False,False,False,False,False,False,False,False
pirfenidone,20752852,1,20220426,20220426,2022,US,,1,male,,,,LIVER FUNCTION TEST INCREASED|OFF LABEL USE,LIVER FUNCTION TEST INCREASED,False,True,False,suspect,True,BRONCHIECTASIS,False,2021-01-30,,,False,False,False,False,False,False,False,False,False
pirfenidone,20752914,1,20220426,20220426,2022,US,,5,male,,,,ABDOMINAL DISCOMFORT|ACNE|DECREASED APPETITE|HEPATIC ENZYME INCREASED|OFF LABEL USE,HEPATIC ENZYME INCREASED,False,True,False,suspect,True,IDIOPATHIC PULMONARY FIBROSIS,True,,2021-01-01,,False,False,False,False,False,False,False,False,False
pirfenidone,20753000,1,20220426,20220426,2022,US,,5,female,,,,HEPATIC ENZYME INCREASED|OFF LABEL USE,HEPATIC ENZYME INCREASED,False,True,False,suspect,True,PRODUCT USED FOR UNKNOWN INDICATION,False,2021-11-17,,,False,False,False,False,False,False,False,False,False
pirfenidone,20753004,1,20220426,20220426,2022,US,,5,male,84.0,84.0,801,HEPATIC ENZYME INCREASED,HEPATIC ENZYME INCREASED,False,True,False,suspect,True,IDIOPATHIC PULMONARY FIBROSIS,True,2021-06-25,2021-11-08,136.0,True,False,False,False,False,False,False,False,False
pirfenidone,20753107,1,20220426,20220426,2022,US,,5,unknown,,,,ALANINE AMINOTRANSFERASE INCREASED|ASPARTATE AMINOTRANSFERASE INCREASED|BLOOD SODIUM DECREASED,ALANINE AMINOTRANSFERASE INCREASED|ASPARTATE AMINOTRANSFERASE INCREASED,False,True,False,suspect,True,IDIOPATHIC PULMONARY FIBROSIS,True,2021-10-24,,,False,False,False,False,False,False,False,False,False
pirfenidone,20753202,1,20220426,20220426,2022,US,,5,female,,,,BLOOD GLUCOSE DECREASED|DECREASED APPETITE|DEPRESSION|HEPATIC ENZYME INCREASED,HEPATIC ENZYME INCREASED,False,True,False,suspect,True,IDIOPATHIC PULMONARY FIBROSIS,True,,,,False,False,False,False,False,False,False,False,False
pirfenidone,20753254,1,20220426,20220426,2022,US,,3,female,72.0,72.0,801,HEPATIC ENZYME INCREASED,HEPATIC ENZYME INCREASED,False,True,False,suspect,True,IDIOPATHIC PULMONARY FIBROSIS,True,2020-11-16,2020-12-01,15.0,True,False,False,False,False,False,False,False,False
pirfenidone,20753343,1,20220426,20220426,2022,US,,5,unknown,,,,HEPATIC ENZYME INCREASED,HEPATIC ENZYME INCREASED,False,True,False,suspect,True,IDIOPATHIC PULMONARY FIBROSIS,True,,,,False,False,False,False,False,False,False,False,False
pirfenidone,20753376,1,20220426,20220426,2022,US,,5,male,,,,DECREASED APPETITE|ERYTHEMA|HEPATIC ENZYME INCREASED|IRON OVERLOAD|SKIN DISCOLOURATION,HEPATIC ENZYME INCREASED,False,True,False,suspect,True,IDIOPATHIC PULMONARY FIBROSIS,True,2018-02-26,,,False,False,False,False,False,False,False,False,False
pirfenidone,20753434,1,20220426,20220426,2022,US,,5,female,,,,ABDOMINAL PAIN UPPER|HEPATIC ENZYME INCREASED,HEPATIC ENZYME INCREASED,False,True,False,suspect,True,PRODUCT USED FOR UNKNOWN INDICATION,False,,,,False,False,False,False,False,False,False,False,False
pirfenidone,20753455,1,20220426,20220426,2022,US,,5,female,,,,HEPATIC ENZYME INCREASED,HEPATIC ENZYME INCREASED,False,True,False,suspect,True,PULMONARY FIBROSIS,True,,,,False,False,False,False,False,False,False,False,False
pirfenidone,20753546,1,20220426,20220426,2022,US,,2,male,,,,DIZZINESS|HEPATIC ENZYME INCREASED|NAUSEA,HEPATIC ENZYME INCREASED,False,True,False,suspect,True,IDIOPATHIC PULMONARY FIBROSIS,True,,,,False,False,False,False,False,False,False,False,False
pirfenidone,20753630,1,20220426,20220426,2022,US,,5,male,,,,LIVER FUNCTION TEST INCREASED,LIVER FUNCTION TEST INCREASED,False,True,False,suspect,True,IDIOPATHIC PULMONARY FIBROSIS,True,2021-01-09,,,False,False,False,False,False,False,False,False,False
pirfenidone,20753673,1,20220426,20220426,2022,US,,5,female,,,,HEPATIC ENZYME INCREASED,HEPATIC ENZYME INCREASED,False,True,False,suspect,True,IDIOPATHIC PULMONARY FIBROSIS,True,2020-02-01,,,False,False,False,False,False,False,False,False,False
pirfenidone,20753682,1,20220426,20220426,2022,US,,1,male,,,,BLOOD ALKALINE PHOSPHATASE INCREASED,BLOOD ALKALINE PHOSPHATASE INCREASED,False,True,False,suspect,True,IDIOPATHIC PULMONARY FIBROSIS,True,,2021-03-24,,False,False,False,False,False,False,False,False,False
pirfenidone,20753688,1,20220426,20220426,2022,US,,5,female,73.0,73.0,801,CHOLELITHIASIS|HEPATIC ENZYME INCREASED|PAIN,HEPATIC ENZYME INCREASED,False,True,False,suspect,True,IDIOPATHIC PULMONARY FIBROSIS,True,,2021-02-01,,False,False,False,False,False,False,False,False,False
pirfenidone,20753713,1,20220426,20220426,2022,US,,5,female,,,,COUGH|LIVER FUNCTION TEST INCREASED,LIVER FUNCTION TEST INCREASED,False,True,False,suspect,True,IDIOPATHIC PULMONARY FIBROSIS,True,,,,False,False,False,False,False,False,False,False,False
pirfenidone,20753743,1,20220426,20220426,2022,US,,5,male,,,,HEPATIC ENZYME INCREASED,HEPATIC ENZYME INCREASED,False,True,False,suspect,True,PRODUCT USED FOR UNKNOWN INDICATION,False,,,,False,False,False,False,False,False,False,False,False
pirfenidone,20753768,1,20220426,20220426,2022,US,,5,female,,,,LIVER FUNCTION TEST INCREASED,LIVER FUNCTION TEST INCREASED,False,True,False,suspect,True,IDIOPATHIC PULMONARY FIBROSIS,True,2021-01-12,,,False,False,False,False,False,False,False,False,False
pirfenidone,20753934,1,20220426,20220426,2022,US,,5,male,,,,LIVER DISORDER,LIVER DISORDER,False,True,False,suspect,True,IDIOPATHIC PULMONARY FIBROSIS,True,,,,False,False,False,False,False,False,False,False,False
pirfenidone,20754108,2,20220426,20230420,2022,US,,5,female,,,,ABDOMINAL PAIN UPPER|DIARRHOEA|HEPATIC ENZYME INCREASED|ILLNESS,HEPATIC ENZYME INCREASED,False,True,False,suspect,True,IDIOPATHIC PULMONARY FIBROSIS,True,,,,False,False,False,False,False,False,False,False,False
pirfenidone,20754157,1,20220426,20220426,2022,US,,3,unknown,,,,LIVER FUNCTION TEST INCREASED,LIVER FUNCTION TEST INCREASED,False,True,False,suspect,True,PRODUCT USED FOR UNKNOWN INDICATION,False,,,,False,False,False,False,False,False,False,False,False
pirfenidone,20754185,1,20220426,20220426,2022,US,,5,male,,,,HEPATIC ENZYME INCREASED,HEPATIC ENZYME INCREASED,False,True,False,suspect,True,PULMONARY FIBROSIS,True,2021-06-16,,,False,False,True,False,True,False,False,False,False
pirfenidone,20754482,1,20220426,20220426,2022,US,,5,female,,,,LIVER FUNCTION TEST ABNORMAL,LIVER FUNCTION TEST ABNORMAL,False,True,False,suspect,True,IDIOPATHIC PULMONARY FIBROSIS,True,2021-08-18,,,False,False,False,False,False,False,False,False,False
pirfenidone,20754615,1,20220426,20220426,2022,US,,5,male,,,,DECREASED APPETITE|LIVER FUNCTION TEST ABNORMAL|RED BLOOD CELL COUNT INCREASED|TREMOR|WEIGHT DECREASED,LIVER FUNCTION TEST ABNORMAL,False,True,False,suspect,True,PRODUCT USED FOR UNKNOWN INDICATION,False,,,,False,False,False,False,False,False,False,False,False
pirfenidone,20757336,3,20220427,20220628,2022,US,,5,female,,,,DEATH|GASTROENTERITIS|GASTROINTESTINAL DISORDER|HEPATIC ENZYME INCREASED|MULTIPLE ORGAN DYSFUNCTION SYNDROME,HEPATIC ENZYME INCREASED,False,True,False,suspect,True,IDIOPATHIC PULMONARY FIBROSIS,True,2021-07-13,,,False,False,True,True,True,False,False,False,False
pirfenidone,20781983,1,20220504,20220504,2022,US,,1,female,,,,ANXIETY|BLOOD ALKALINE PHOSPHATASE INCREASED|COUGH|DRY SKIN|HEADACHE|HYPERTENSIVE CRISIS|POLLAKIURIA|RHINITIS ALLERGIC|SLEEP DISORDER|TEMPERATURE INTOLERANCE|VOCAL CORD PARALYSIS,BLOOD ALKALINE PHOSPHATASE INCREASED,False,True,False,suspect,True,PULMONARY FIBROSIS,True,2021-02-24,,,False,False,True,False,False,False,False,False,True
pirfenidone,20810330,1,20220510,20220510,2022,US,,2,male,79.0,79.0,801,ACUTE KIDNEY INJURY|ANTINEUTROPHIL CYTOPLASMIC ANTIBODY POSITIVE|CHRONIC RESPIRATORY FAILURE|GLOMERULONEPHRITIS RAPIDLY PROGRESSIVE|HYPERVOLAEMIA|LIVER FUNCTION TEST INCREASED,LIVER FUNCTION TEST INCREASED,False,True,False,suspect,True,IDIOPATHIC PULMONARY FIBROSIS,True,2018-06-19,2022-04-27,1408.0,False,False,True,True,True,False,False,False,False
pirfenidone,20847886,1,20220518,20220518,2022,US,,2,male,77.0,77.0,801,ALANINE AMINOTRANSFERASE INCREASED|ASPARTATE AMINOTRANSFERASE INCREASED,ALANINE AMINOTRANSFERASE INCREASED|ASPARTATE AMINOTRANSFERASE INCREASED,False,True,False,suspect,True,IDIOPATHIC PULMONARY FIBROSIS,True,2022-01-13,2022-05-16,123.0,True,False,True,False,False,False,False,False,True
pirfenidone,20973455,1,20220617,20220617,2022,US,US,5,male,,,,ABDOMINAL DISCOMFORT|BASAL CELL CARCINOMA|FAECES SOFT|FATIGUE|GASTRIC DISORDER|HEPATIC ENZYME INCREASED|INAPPROPRIATE SCHEDULE OF PRODUCT ADMINISTRATION|INGUINAL HERNIA|INTENTIONAL PRODUCT USE ISSUE|MALAISE|NAUSEA|ORAL MUCOSAL BLISTERING|PAIN|SINUS CONGESTION|WEIGHT INCREASED,HEPATIC ENZYME INCREASED,False,True,False,suspect,True,IDIOPATHIC PULMONARY FIBROSIS,True,2019-02-12,2019-01-01,-42.0,False,False,True,False,False,False,False,False,True
pirfenidone,21047875,1,20220706,20220706,2022,US,,3,female,,,,DIARRHOEA|HEPATIC ENZYME INCREASED|THERAPY INTERRUPTED,HEPATIC ENZYME INCREASED,False,True,False,suspect,True,IDIOPATHIC PULMONARY FIBROSIS,True,2022-06-04,,,False,False,False,False,False,False,False,False,False
pirfenidone,21155302,3,20220801,20220909,2022,US,,5,male,81.0,81.0,801,DYSPNOEA|FALL|FLUID RETENTION|HEPATIC ENZYME INCREASED|PULMONARY HYPERTENSION|VOMITING,HEPATIC ENZYME INCREASED,False,True,False,suspect,True,IDIOPATHIC PULMONARY FIBROSIS,True,,2022-07-13,,False,False,True,False,True,False,False,False,False
pirfenidone,21169664,1,20220804,20220804,2022,US,,5,male,,,,LIVER FUNCTION TEST ABNORMAL,LIVER FUNCTION TEST ABNORMAL,False,True,False,suspect,True,IDIOPATHIC PULMONARY FIBROSIS,True,2021-06-11,,,False,False,True,False,True,False,False,False,False
pirfenidone,21210051,1,20220814,20220814,2022,US,,1,male,,,,LIVER DISORDER|NEPHROLITHIASIS|OFF LABEL USE,LIVER DISORDER,False,True,False,suspect,True,PULMONARY FIBROSIS,True,,,,False,False,True,False,False,False,False,False,True
pirfenidone,21301593,1,20220906,20220906,2022,US,,3,male,,,,BODY TEMPERATURE INCREASED|ENCEPHALITIS|HEPATIC ENZYME INCREASED|THERAPY INTERRUPTED,HEPATIC ENZYME INCREASED,False,True,False,suspect,True,IDIOPATHIC PULMONARY FIBROSIS,True,,,,False,False,True,False,True,False,False,False,False
pirfenidone,21437108,3,20221010,20221109,2022,RO,,1,male,76.0,76.0,801,ASCITES|DEATH|DIVERTICULUM INTESTINAL|GAMMA-GLUTAMYLTRANSFERASE INCREASED|HEPATOSPLENOMEGALY|METASTASES TO LIVER|NAUSEA|PANCREATIC CARCINOMA|TRANSAMINASES INCREASED|WEIGHT DECREASED,GAMMA-GLUTAMYLTRANSFERASE INCREASED|TRANSAMINASES INCREASED,False,True,False,suspect,True,IDIOPATHIC PULMONARY FIBROSIS,True,,2022-08-01,,False,False,True,True,False,False,False,False,True
pirfenidone,21769802,2,20221223,20230321,2022,AU,,3,male,74.0,74.0,801,ACUTE KIDNEY INJURY|DRUG REACTION WITH EOSINOPHILIA AND SYSTEMIC SYMPTOMS|HEPATITIS,HEPATITIS,False,True,False,suspect,True,PRODUCT USED FOR UNKNOWN INDICATION,False,2022-09-01,2022-10-13,42.0,True,False,True,False,True,False,False,False,False
pirfenidone,21911254,1,20230125,20230125,2023,IL,,3,female,,,,CHOLELITHIASIS|HEPATIC FUNCTION ABNORMAL,HEPATIC FUNCTION ABNORMAL,False,True,False,suspect,True,INTERSTITIAL LUNG DISEASE,True,,2022-09-01,,False,False,True,False,True,False,False,False,False
pirfenidone,21956808,2,20230206,20230210,2023,IT,,1,male,80.0,80.0,801,COAGULOPATHY|HEPATIC FAILURE,HEPATIC FAILURE,True,True,False,suspect,True,IDIOPATHIC PULMONARY FIBROSIS,True,,2023-01-23,,False,True,True,True,False,False,False,False,False
pirfenidone,22020777,1,20230222,20230222,2023,FR,FR,1,female,65.0,65.0,801,HEPATITIS ACUTE,HEPATITIS ACUTE,False,True,False,suspect,True,PULMONARY FIBROSIS,True,2022-10-17,2022-11-28,42.0,True,False,True,False,True,False,False,False,False
pirfenidone,22031846,1,20230224,20230224,2023,IT,,1,female,68.0,68.0,801,ALANINE AMINOTRANSFERASE INCREASED|ASPARTATE AMINOTRANSFERASE INCREASED|GAMMA-GLUTAMYLTRANSFERASE INCREASED|HYPERBILIRUBINAEMIA,ALANINE AMINOTRANSFERASE INCREASED|ASPARTATE AMINOTRANSFERASE INCREASED|GAMMA-GLUTAMYLTRANSFERASE INCREASED|HYPERBILIRUBINAEMIA,False,True,True,suspect,True,PULMONARY FIBROSIS,True,2022-08-01,2023-02-10,193.0,True,False,True,False,True,False,False,False,False
pirfenidone,22034209,1,20230222,20230222,2023,US,,3,male,63.0,63.0,801,LIVER FUNCTION TEST INCREASED|THERAPY CESSATION,LIVER FUNCTION TEST INCREASED,False,True,False,suspect,True,INTERSTITIAL LUNG DISEASE,True,2022-06-29,2023-01-23,208.0,True,False,True,False,False,False,False,False,True
pirfenidone,22094497,1,20230314,20230314,2023,CA,CA,3,female,73.0,73.0,801,ALANINE AMINOTRANSFERASE INCREASED|AMBLYOPIA|ARTERIOSCLEROSIS CORONARY ARTERY|BLOOD PRESSURE ABNORMAL|CARDIOMEGALY|COUGH|CYSTITIS|DIZZINESS|DRUG INEFFECTIVE|DYSPEPSIA|DYSPNOEA|EYE DISORDER|FATIGUE|HYPOTENSION|NASOPHARYNGITIS|OROPHARYNGEAL PAIN|OXYGEN SATURATION DECREASED|PAIN IN EXTREMITY|PHARYNGITIS|PRODUCT DOSE OMISSION IN ERROR|SKIN DISCOLOURATION|STOMATITIS|UPPER RESPIRATORY TRACT CONGESTION|URINARY TRACT INFECTION|URINE OUTPUT DECREASED|WEIGHT DECREASED|WEIGHT INCREASED,ALANINE AMINOTRANSFERASE INCREASED,False,True,False,suspect,True,IDIOPATHIC PULMONARY FIBROSIS,True,,,,False,False,True,False,True,False,False,False,True
pirfenidone,22139075,1,20230327,20230327,2023,NL,,1,male,,,,ACUTE HEPATIC FAILURE,ACUTE HEPATIC FAILURE,True,True,False,suspect,True,IDIOPATHIC PULMONARY FIBROSIS,True,2023-01-30,,,False,True,True,True,True,False,False,False,False
pirfenidone,22142505,1,20230327,20230327,2023,NL,NL,1,male,,,,ACUTE HEPATIC FAILURE,ACUTE HEPATIC FAILURE,True,True,False,suspect,True,IDIOPATHIC PULMONARY FIBROSIS,True,2023-01-30,,,False,True,True,True,True,True,False,False,False
pirfenidone,22147926,1,20230328,20230328,2023,NL,NL,1,male,,,,ACUTE HEPATIC FAILURE,ACUTE HEPATIC FAILURE,True,True,False,suspect,True,IDIOPATHIC PULMONARY FIBROSIS,True,2023-01-30,,,False,True,True,True,True,True,False,False,False
pirfenidone,22163278,1,20230401,20230401,2023,NL,NL,1,male,,,,ACUTE HEPATIC FAILURE,ACUTE HEPATIC FAILURE,True,True,False,suspect,True,IDIOPATHIC PULMONARY FIBROSIS,True,2023-01-30,,,False,True,True,True,True,True,False,False,True
pirfenidone,22177634,1,20230405,20230405,2023,NL,NL,1,male,,,,ACUTE HEPATIC FAILURE,ACUTE HEPATIC FAILURE,True,True,False,suspect,True,IDIOPATHIC PULMONARY FIBROSIS,True,2023-01-30,,,False,True,True,True,True,True,False,False,False
pirfenidone,22231263,1,20230420,20230420,2023,NL,NL,1,male,,,,ACUTE HEPATIC FAILURE,ACUTE HEPATIC FAILURE,True,True,False,suspect,True,IDIOPATHIC PULMONARY FIBROSIS,True,2023-01-30,,,False,True,True,True,True,True,False,False,False
pirfenidone,22231734,1,20230420,20230420,2023,US,,1,female,,,,HEPATIC ENZYME INCREASED,HEPATIC ENZYME INCREASED,False,True,False,suspect,True,IDIOPATHIC PULMONARY FIBROSIS,True,2022-05-28,,,False,False,False,False,False,False,False,False,False
pirfenidone,22232043,1,20230420,20230420,2023,US,,5,female,,,,HEPATIC ENZYME INCREASED|OFF LABEL USE,HEPATIC ENZYME INCREASED,False,True,False,suspect,True,IDIOPATHIC PULMONARY FIBROSIS,True,2022-05-21,,,False,False,False,False,False,False,False,False,False
pirfenidone,22232269,1,20230420,20230420,2023,US,,5,male,,,,FUNGAL INFECTION|ILLNESS|LIVER DISORDER|LIVER FUNCTION TEST ABNORMAL|MALAISE,LIVER DISORDER|LIVER FUNCTION TEST ABNORMAL,False,True,False,suspect,True,IDIOPATHIC PULMONARY FIBROSIS|INTERSTITIAL LUNG DISEASE,True,2022-01-18,,,False,False,True,False,False,True,False,False,False
pirfenidone,22232348,1,20230420,20230420,2023,US,,3,female,,,,LIVER FUNCTION TEST INCREASED,LIVER FUNCTION TEST INCREASED,False,True,False,suspect,True,IDIOPATHIC PULMONARY FIBROSIS,True,,,,False,False,False,False,False,False,False,False,False
pirfenidone,22232392,1,20230420,20230420,2023,US,,3,male,,,,ABDOMINAL PAIN|ALANINE AMINOTRANSFERASE INCREASED,ALANINE AMINOTRANSFERASE INCREASED,False,True,False,suspect,True,IDIOPATHIC PULMONARY FIBROSIS,True,,2022-05-03,,False,False,False,False,False,False,False,False,False
pirfenidone,22232463,1,20230420,20230420,2023,US,,3,female,62.0,62.0,801,ABDOMINAL DISCOMFORT|HEPATIC ENZYME INCREASED|INSOMNIA|MIGRAINE,HEPATIC ENZYME INCREASED,False,True,False,suspect,True,INTERSTITIAL LUNG DISEASE|PULMONARY FIBROSIS,True,,2022-02-19,,False,False,False,False,False,False,False,False,False
pirfenidone,22232493,1,20230420,20230420,2023,US,,5,female,,,,HEPATIC ENZYME INCREASED|LIVER FUNCTION TEST ABNORMAL,HEPATIC ENZYME INCREASED|LIVER FUNCTION TEST ABNORMAL,False,True,False,suspect,True,IDIOPATHIC PULMONARY FIBROSIS,True,2019-07-06,,,False,False,False,False,False,False,False,False,False
pirfenidone,22232503,1,20230420,20230420,2023,US,,5,female,,,,HEPATIC ENZYME INCREASED,HEPATIC ENZYME INCREASED,False,True,False,suspect,True,IDIOPATHIC PULMONARY FIBROSIS,True,,,,False,False,False,False,False,False,False,False,False
pirfenidone,22232583,1,20230420,20230420,2023,US,,5,female,,,,ABDOMINAL PAIN UPPER|DIARRHOEA|HEPATIC ENZYME INCREASED|NAUSEA|VOMITING,HEPATIC ENZYME INCREASED,False,True,False,suspect,True,IDIOPATHIC PULMONARY FIBROSIS,True,,,,False,False,False,False,False,False,False,False,False
pirfenidone,22233064,1,20230420,20230420,2023,US,,5,male,,,,COUGH|HEPATIC ENZYME INCREASED|THERAPY NON-RESPONDER|VOMITING,HEPATIC ENZYME INCREASED,False,True,False,suspect,True,PRODUCT USED FOR UNKNOWN INDICATION,False,,,,False,False,False,False,False,False,False,False,False
pirfenidone,22233132,1,20230420,20230420,2023,US,,5,female,73.0,73.0,801,DECREASED APPETITE|HEPATIC ENZYME INCREASED|NAUSEA|PHOTOSENSITIVITY REACTION|SALIVA ALTERED|SKIN EXFOLIATION|TASTE DISORDER|VOMITING|WEIGHT DECREASED,HEPATIC ENZYME INCREASED,False,True,False,suspect,True,IDIOPATHIC PULMONARY FIBROSIS,True,,2021-11-01,,False,False,False,False,False,False,False,False,False
pirfenidone,22233797,1,20230420,20230420,2023,US,,5,male,,,,HEPATIC ENZYME INCREASED,HEPATIC ENZYME INCREASED,False,True,False,suspect,True,IDIOPATHIC PULMONARY FIBROSIS,True,2022-04-20,,,False,False,False,False,False,False,False,False,False
pirfenidone,22233893,1,20230420,20230420,2023,US,,3,female,47.0,47.0,801,DRUG INTOLERANCE|LIVER FUNCTION TEST INCREASED|NAUSEA|OFF LABEL USE,LIVER FUNCTION TEST INCREASED,False,True,False,suspect,True,IDIOPATHIC PULMONARY FIBROSIS,True,2021-11-18,2022-06-01,195.0,True,False,False,False,False,False,False,False,False
pirfenidone,22234394,1,20230420,20230420,2023,US,,3,female,,,,HEPATIC ENZYME INCREASED,HEPATIC ENZYME INCREASED,False,True,False,suspect,True,IDIOPATHIC PULMONARY FIBROSIS,True,2022-04-14,,,False,False,False,False,False,False,False,False,False
pirfenidone,22234449,1,20230420,20230420,2023,US,,5,male,,,,COUGH|DECREASED APPETITE|DIZZINESS|DYSPNOEA|FATIGUE|LIVER FUNCTION TEST INCREASED|NAUSEA|OEDEMA|PULMONARY MASS|WEIGHT DECREASED,LIVER FUNCTION TEST INCREASED,False,True,False,suspect,True,IDIOPATHIC PULMONARY FIBROSIS,True,2021-11-30,2022-01-01,32.0,True,False,False,False,False,False,False,False,False
pirfenidone,22237034,1,20230421,20230421,2023,US,,5,male,,,,HEPATIC ENZYME INCREASED,HEPATIC ENZYME INCREASED,False,True,False,suspect,True,IDIOPATHIC PULMONARY FIBROSIS,True,2022-01-05,,,False,False,False,False,False,False,False,False,False
pirfenidone,22237084,2,20230421,20230421,2023,US,,2,female,63.0,63.0,801,LIVER FUNCTION TEST INCREASED,LIVER FUNCTION TEST INCREASED,False,True,False,suspect,True,IDIOPATHIC PULMONARY FIBROSIS,True,,,,False,False,False,False,False,False,False,False,False
pirfenidone,22247121,1,20230424,20230424,2023,NL,NL,1,male,,,,ACUTE HEPATIC FAILURE,ACUTE HEPATIC FAILURE,True,True,False,suspect,True,IDIOPATHIC PULMONARY FIBROSIS,True,2023-01-30,2023-03-11,40.0,True,True,True,True,True,True,False,False,False
pirfenidone,22254075,1,20230426,20230426,2023,NL,NL,1,male,,,,ACUTE HEPATIC FAILURE,ACUTE HEPATIC FAILURE,True,True,False,suspect,True,IDIOPATHIC PULMONARY FIBROSIS,True,2023-01-30,,,False,True,True,True,True,True,False,False,False
pirfenidone,22333647,1,20230517,20230517,2023,US,US,3,female,2.0,2.0,801,ALANINE AMINOTRANSFERASE INCREASED|ASPARTATE AMINOTRANSFERASE INCREASED|PRODUCT USE ISSUE,ALANINE AMINOTRANSFERASE INCREASED|ASPARTATE AMINOTRANSFERASE INCREASED,False,True,False,suspect,True,INTERSTITIAL LUNG DISEASE,True,,,,False,False,True,False,False,False,False,False,True
pirfenidone,22386650,1,20230531,20230531,2023,NL,,1,male,,,,HEPATIC FAILURE,HEPATIC FAILURE,True,True,False,suspect,True,IDIOPATHIC PULMONARY FIBROSIS,True,2023-04-03,,,False,False,True,False,True,False,False,False,False
pirfenidone,22636263,1,20230623,20230623,2023,NL,NL,1,male,,,,HEPATIC FAILURE,HEPATIC FAILURE,True,True,False,suspect,True,IDIOPATHIC PULMONARY FIBROSIS,True,2023-04-03,,,False,False,True,False,True,False,False,False,False
pirfenidone,22734914,1,20230721,20230721,2023,US,US,5,male,,,,BEDRIDDEN|CHROMATURIA|DYSPNOEA|HEPATIC FUNCTION ABNORMAL|OEDEMA|OEDEMA PERIPHERAL|POLLAKIURIA|RENAL FAILURE,HEPATIC FUNCTION ABNORMAL,False,True,False,suspect,True,PRODUCT USED FOR UNKNOWN INDICATION,False,,,,False,False,True,False,False,False,False,False,True
pirfenidone,22744453,2,20230724,20230811,2023,US,,5,male,,,,BEDRIDDEN|CHROMATURIA|DYSPNOEA|HEPATIC FUNCTION ABNORMAL|OEDEMA|OEDEMA PERIPHERAL|POLLAKIURIA|RENAL FAILURE,HEPATIC FUNCTION ABNORMAL,False,True,False,suspect,True,PRODUCT USED FOR UNKNOWN INDICATION,False,,,,False,False,True,False,False,False,False,False,True
pirfenidone,22850197,1,20230822,20230822,2023,IN,IN,3,female,57.0,57.0,801,CHOLESTASIS|OFF LABEL USE,CHOLESTASIS,False,True,False,suspect,True,COVID-19,False,,,,False,False,True,False,True,False,False,False,False
pirfenidone,22912081,3,20230906,20240830,2023,CA,CA,3,female,,,,ALANINE AMINOTRANSFERASE INCREASED|AMBLYOPIA|ARTERIOSCLEROSIS CORONARY ARTERY|BLOOD PRESSURE ABNORMAL|CARDIOMEGALY|COUGH|CYSTITIS|DIZZINESS|DRUG INEFFECTIVE|DYSPEPSIA|DYSPNOEA|EYE DISORDER|FATIGUE|FORCED VITAL CAPACITY ABNORMAL|HYPOTENSION|NASOPHARYNGITIS|OROPHARYNGEAL PAIN|OXYGEN SATURATION DECREASED|PAIN IN EXTREMITY|PHARYNGITIS|PRODUCT DOSE OMISSION IN ERROR|SKIN DISCOLOURATION|STOMATITIS|UPPER RESPIRATORY TRACT CONGESTION|URINARY TRACT INFECTION|URINE OUTPUT DECREASED|WALKING AID USER|WEIGHT DECREASED|WEIGHT INCREASED,ALANINE AMINOTRANSFERASE INCREASED,False,True,False,suspect,True,IDIOPATHIC PULMONARY FIBROSIS|PULMONARY FIBROSIS,True,,,,False,False,True,False,True,False,False,False,True
pirfenidone,23041836,2,20231007,20250122,2023,ES,ES,1,unknown,,,,HEPATOTOXICITY|OFF LABEL USE,HEPATOTOXICITY,True,True,False,suspect,True,COVID-19,False,,,,False,False,True,False,False,False,False,False,True
pirfenidone,23350429,1,20231229,20231229,2023,NO,NO,2,male,73.0,73.0,801,HEPATIC FAILURE|RHABDOMYOLYSIS,HEPATIC FAILURE,True,True,False,suspect,True,PULMONARY FIBROSIS,True,2023-04-03,2023-08-07,126.0,True,False,True,False,True,False,False,False,False
pirfenidone,23446724,1,20240125,20240125,2024,US,,2,male,75.0,75.0,801,LIVER FUNCTION TEST INCREASED|THERAPY CESSATION,LIVER FUNCTION TEST INCREASED,False,True,False,suspect,True,IDIOPATHIC PULMONARY FIBROSIS,True,2023-11-20,2024-01-25,66.0,True,False,False,False,False,False,False,False,False
pirfenidone,23464243,1,20240201,20240201,2024,US,,5,female,82.0,82.0,801,HEPATIC FAILURE,HEPATIC FAILURE,True,True,False,suspect,True,INTERSTITIAL LUNG DISEASE|PULMONARY FIBROSIS,True,,,,False,False,True,False,False,False,False,False,True
pirfenidone,23511627,3,20240212,20240523,2024,US,,5,female,82.0,82.0,801,CORONARY ARTERY OCCLUSION|COVID-19|HEPATIC CIRRHOSIS|HEPATIC ENZYME INCREASED|HEPATIC FUNCTION ABNORMAL|LIVER INJURY,HEPATIC ENZYME INCREASED|HEPATIC FUNCTION ABNORMAL,False,True,False,suspect,True,INTERSTITIAL LUNG DISEASE|PULMONARY FIBROSIS,True,,,,False,False,True,False,False,False,False,False,True
pirfenidone,23593188,4,20240304,20250822,2024,US,US,5,male,87.0,87.0,801,BLOOD ALKALINE PHOSPHATASE INCREASED|BLOOD CHLORIDE DECREASED|BLOOD GLUCOSE INCREASED|DEATH|DYSPNOEA|LYMPHOCYTE PERCENTAGE DECREASED|MEAN CELL HAEMOGLOBIN CONCENTRATION DECREASED|OEDEMA,BLOOD ALKALINE PHOSPHATASE INCREASED,False,True,False,suspect,True,IDIOPATHIC PULMONARY FIBROSIS,True,,2024-02-26,,False,False,True,True,True,False,False,False,False
pirfenidone,23640983,1,20240318,20240318,2024,US,,5,female,77.0,77.0,801,DECREASED APPETITE|HEADACHE|HEPATIC FUNCTION ABNORMAL|NAUSEA|OFF LABEL USE|WEIGHT DECREASED,HEPATIC FUNCTION ABNORMAL,False,True,False,suspect,True,CHRONIC RESPIRATORY FAILURE|HYPOXIA|INTERSTITIAL LUNG DISEASE|OBSTRUCTIVE SLEEP APNOEA SYNDROME,True,,2023-04-01,,False,False,True,False,True,False,False,False,False
pirfenidone,23759031,1,20240418,20240418,2024,US,,5,female,,,,ALANINE AMINOTRANSFERASE INCREASED|ASPARTATE AMINOTRANSFERASE INCREASED,ALANINE AMINOTRANSFERASE INCREASED|ASPARTATE AMINOTRANSFERASE INCREASED,False,True,False,suspect,True,IDIOPATHIC PULMONARY FIBROSIS,True,,,,False,False,False,False,False,False,False,False,False
pirfenidone,23759227,1,20240418,20240418,2024,US,,5,female,,,,ALANINE AMINOTRANSFERASE INCREASED|ASPARTATE AMINOTRANSFERASE INCREASED,ALANINE AMINOTRANSFERASE INCREASED|ASPARTATE AMINOTRANSFERASE INCREASED,False,True,False,suspect,True,PRODUCT USED FOR UNKNOWN INDICATION,False,,,,False,False,False,False,False,False,False,False,False
pirfenidone,23759328,1,20240418,20240418,2024,US,,3,female,69.0,69.0,801,HEPATIC ENZYME INCREASED,HEPATIC ENZYME INCREASED,False,True,False,suspect,True,IDIOPATHIC PULMONARY FIBROSIS,True,,,,False,False,False,False,False,False,False,False,False
pirfenidone,23759340,1,20240418,20240418,2024,US,,5,female,74.0,74.0,801,HEPATIC ENZYME INCREASED,HEPATIC ENZYME INCREASED,False,True,False,suspect,True,INTERSTITIAL LUNG DISEASE,True,2023-10-03,,,False,False,True,False,False,False,False,False,True
pirfenidone,23776094,1,20240424,20240424,2024,US,,5,female,75.0,75.0,801,ABDOMINAL PAIN|ACUTE RESPIRATORY FAILURE|DIARRHOEA|LIVER FUNCTION TEST INCREASED|PANCREATITIS,LIVER FUNCTION TEST INCREASED,False,True,False,suspect,True,IDIOPATHIC PULMONARY FIBROSIS,True,2023-08-15,2024-02-01,170.0,True,False,True,False,True,False,False,False,False
pirfenidone,23781040,1,20240425,20240425,2024,US,,5,female,,,,HEPATIC ENZYME INCREASED|PULMONARY EMBOLISM,HEPATIC ENZYME INCREASED,False,True,False,suspect,True,IDIOPATHIC PULMONARY FIBROSIS,True,,,,False,False,True,False,True,False,False,False,False
pirfenidone,23784273,1,20240425,20240425,2024,SE,SE,5,female,66.0,66.0,801,ABDOMINAL DISCOMFORT|COLITIS MICROSCOPIC|LIVER DISORDER,LIVER DISORDER,False,True,False,suspect,True,PULMONARY FIBROSIS,True,2023-01-01,2023-02-01,31.0,True,False,True,False,False,False,False,False,True
pirfenidone,24056725,3,20240705,20250916,2024,US,US,5,male,85.0,85.0,801,ANXIETY|BLOOD ALKALINE PHOSPHATASE INCREASED|CEREBROVASCULAR ACCIDENT|DRUG INEFFECTIVE|DYSPNOEA EXERTIONAL|FATIGUE|LARGE INTESTINAL OBSTRUCTION|MEMORY IMPAIRMENT,BLOOD ALKALINE PHOSPHATASE INCREASED,False,True,False,suspect,True,IDIOPATHIC PULMONARY FIBROSIS,True,,2024-08-01,,False,False,True,False,False,False,False,False,True
pirfenidone,24063389,9,20240709,20241102,2024,US,US,5,male,,,,BLOOD PRESSURE DECREASED|COUGH|INCORRECT DOSE ADMINISTERED|LEUKAEMIA|LIVER FUNCTION TEST ABNORMAL|LOCALISED INFECTION,LIVER FUNCTION TEST ABNORMAL,False,True,False,concomitant,True,PRODUCT USED FOR UNKNOWN INDICATION,False,,2024-01-01,,False,False,True,False,True,False,False,False,True
pirfenidone,24145424,1,20240729,20240729,2024,US,US,5,female,69.0,69.0,801,ARTHRITIS|DRUG INEFFECTIVE|HEPATIC FAILURE|INAPPROPRIATE SCHEDULE OF PRODUCT ADMINISTRATION|INFLAMMATION|NAIL DEFORMATION|PAIN|PULMONARY FIBROSIS,HEPATIC FAILURE,True,True,False,suspect,True,IDIOPATHIC PULMONARY FIBROSIS,True,,2023-01-01,,False,False,True,False,False,False,False,False,True
pirfenidone,24257199,2,20240828,20251001,2024,CA,CA,3,female,73.0,73.0,801,ALANINE AMINOTRANSFERASE INCREASED|AMBLYOPIA|ARTERIOSCLEROSIS CORONARY ARTERY|BLOOD PRESSURE ABNORMAL|CARDIOMEGALY|COUGH|CYSTITIS|DIZZINESS|DRUG INEFFECTIVE|DYSPEPSIA|DYSPNOEA|EYE DISORDER|FATIGUE|FORCED VITAL CAPACITY ABNORMAL|HYPOTENSION|NASOPHARYNGITIS|OROPHARYNGEAL PAIN|OXYGEN SATURATION DECREASED|PAIN IN EXTREMITY|PHARYNGITIS|PRODUCT DOSE OMISSION IN ERROR|SKIN DISCOLOURATION|STOMATITIS|UPPER RESPIRATORY TRACT CONGESTION|URINARY TRACT INFECTION|URINE OUTPUT DECREASED|WALKING AID USER|WEIGHT DECREASED|WEIGHT INCREASED,ALANINE AMINOTRANSFERASE INCREASED,False,True,False,suspect,True,IDIOPATHIC PULMONARY FIBROSIS|PULMONARY FIBROSIS,True,,,,False,False,True,False,True,False,False,False,True
pirfenidone,24258670,1,20240828,20240828,2024,US,US,5,male,79.0,79.0,801,HEPATIC FUNCTION ABNORMAL,HEPATIC FUNCTION ABNORMAL,False,True,False,suspect,True,PRODUCT USED FOR UNKNOWN INDICATION,False,,,,False,False,False,False,False,False,False,False,False
pirfenidone,24355320,1,20240924,20240924,2024,US,US,5,male,,,,HEPATIC ENZYME INCREASED,HEPATIC ENZYME INCREASED,False,True,False,suspect,True,PULMONARY FIBROSIS,True,,,,False,False,False,False,False,False,False,False,False
pirfenidone,24659601,1,20241125,20241125,2024,US,,3,male,77.0,77.0,801,AUTOIMMUNE HEPATITIS|CARDIAC FAILURE CONGESTIVE|DRUG-INDUCED LIVER INJURY|HEPATIC CIRRHOSIS|HEPATITIS VIRAL,DRUG-INDUCED LIVER INJURY,True,True,False,suspect,True,IDIOPATHIC PULMONARY FIBROSIS,True,2024-09-24,2024-11-19,56.0,True,False,True,True,False,False,False,False,False
pirfenidone,24677740,3,20241129,20250306,2024,BE,BE,1,female,77.0,77.0,801,ALANINE AMINOTRANSFERASE INCREASED|FATIGUE|HEPATITIS TOXIC|NAUSEA,ALANINE AMINOTRANSFERASE INCREASED|HEPATITIS TOXIC,True,True,False,concomitant,True,,False,,2024-11-02,,False,False,True,False,False,False,False,False,True
pirfenidone,24715050,1,20241210,20241210,2024,US,US,5,female,,,,ABDOMINAL PAIN UPPER|ATRIAL FIBRILLATION|BLOOD CHOLESTEROL|CONSTIPATION|COUGH|DYSPNOEA|HEPATIC ENZYME INCREASED|NAUSEA|OFF LABEL USE|PRODUCTIVE COUGH|WHEEZING,HEPATIC ENZYME INCREASED,False,True,False,suspect,True,RHEUMATOID ARTHRITIS,False,,,,False,False,False,False,False,False,False,False,False
pirfenidone,24771123,2,20241224,20250415,2024,GB,GB,3,unknown,,,,ALANINE AMINOTRANSFERASE INCREASED,ALANINE AMINOTRANSFERASE INCREASED,False,True,False,suspect,True,DRUG THERAPY,False,,,,False,False,True,False,False,False,False,False,True
pirfenidone,24792584,1,20241231,20241231,2024,US,US,1,female,,,,BLOOD ALKALINE PHOSPHATASE INCREASED|CELLULITIS|CHRONIC RESPIRATORY FAILURE|DYSPNOEA|ESSENTIAL HYPERTENSION|GASTROINTESTINAL DISORDER|PNEUMONIA|RHEUMATOID ARTHRITIS,BLOOD ALKALINE PHOSPHATASE INCREASED,False,True,False,suspect,True,IDIOPATHIC PULMONARY FIBROSIS|INTERSTITIAL LUNG DISEASE,True,2024-10-29,,,False,False,True,False,True,False,False,False,True
pirfenidone,24872703,1,20250122,20250122,2025,US,US,5,male,78.0,78.0,801,HEPATIC ENZYME INCREASED,HEPATIC ENZYME INCREASED,False,True,False,suspect,True,IDIOPATHIC PULMONARY FIBROSIS,True,,,,False,False,False,False,False,False,False,False,False
pirfenidone,24914478,1,20250203,20250203,2025,FR,FR,1,male,69.0,69.0,801,ACUTE HEPATIC FAILURE,ACUTE HEPATIC FAILURE,True,True,False,suspect,True,PULMONARY FIBROSIS,True,2024-03-23,2024-05-27,65.0,True,True,True,True,False,False,False,False,False
pirfenidone,24950659,1,20250210,20250210,2025,FR,FR,1,male,69.0,69.0,801,ACUTE HEPATIC FAILURE,ACUTE HEPATIC FAILURE,True,True,False,suspect,True,PULMONARY FIBROSIS,True,2024-03-23,2024-05-27,65.0,True,True,True,True,False,False,False,False,False
pirfenidone,24969990,1,20250213,20250213,2025,US,,2,male,75.0,75.0,801,ACUTE KIDNEY INJURY|ASTHENIA|HYPERKALAEMIA|HYPOXIA|LIVER FUNCTION TEST INCREASED|THERAPY INTERRUPTED,LIVER FUNCTION TEST INCREASED,False,True,False,suspect,True,INTERSTITIAL LUNG DISEASE,True,2019-12-26,2025-01-30,1862.0,False,False,True,True,False,False,False,False,False
pirfenidone,24997699,1,20250222,20250222,2025,FR,FR,1,male,69.0,69.0,801,ACUTE HEPATIC FAILURE,ACUTE HEPATIC FAILURE,True,True,False,suspect,True,PULMONARY FIBROSIS,True,2024-03-23,2024-05-27,65.0,True,True,True,True,False,False,False,False,False
pirfenidone,25061659,2,20250311,20250317,2025,US,US,5,unknown,,,,HEPATIC ENZYME INCREASED|PRODUCT ADMINISTRATION ERROR,HEPATIC ENZYME INCREASED,False,True,False,suspect,True,PRODUCT USED FOR UNKNOWN INDICATION,False,,,,False,False,False,False,False,False,False,False,False
pirfenidone,25110129,1,20250324,20250324,2025,US,US,5,female,,,,CONTUSION|HYPERSENSITIVITY|LIVER DISORDER|WHEEZING,LIVER DISORDER,False,True,False,suspect,True,PULMONARY FIBROSIS,True,,,,False,False,False,False,False,False,False,False,False
pirfenidone,25238331,1,20250424,20250424,2025,US,,2,female,63.0,63.0,801,DIARRHOEA|LIVER FUNCTION TEST ABNORMAL|NAUSEA|VOMITING,LIVER FUNCTION TEST ABNORMAL,False,True,False,suspect,True,INTERSTITIAL LUNG DISEASE,True,2024-09-27,2025-04-20,205.0,True,False,True,False,True,False,False,False,False
pirfenidone,25248174,1,20250429,20250429,2025,US,US,5,unknown,,,,HEPATIC ENZYME INCREASED,HEPATIC ENZYME INCREASED,False,True,False,suspect,True,IDIOPATHIC PULMONARY FIBROSIS,True,,,,False,False,False,False,False,False,False,False,False
pirfenidone,25263088,1,20250501,20250501,2025,US,,2,male,89.0,89.0,801,HEPATOTOXICITY|LOSS OF PERSONAL INDEPENDENCE IN DAILY ACTIVITIES,HEPATOTOXICITY,True,True,False,suspect,True,PULMONARY FIBROSIS,True,2024-12-05,2025-01-15,41.0,True,False,True,False,True,False,False,False,False
pirfenidone,25418770,1,20250610,20250610,2025,US,,2,male,78.0,78.0,801,ASTHENIA|LIVER DISORDER|THERAPY CESSATION,LIVER DISORDER,False,True,False,suspect,True,INTERSTITIAL LUNG DISEASE,True,2025-05-27,2025-06-10,14.0,True,False,True,False,True,False,False,False,True
pirfenidone,25597201,1,20250723,20250723,2025,EU,EU,1,male,67.0,67.0,801,HEPATITIS ACUTE,HEPATITIS ACUTE,False,True,False,suspect,True,IDIOPATHIC PULMONARY FIBROSIS,True,,2025-06-30,,False,False,True,False,True,False,False,False,False
pirfenidone,25600046,1,20250724,20250724,2025,EU,EU,3,female,70.0,70.0,801,DRUG-INDUCED LIVER INJURY,DRUG-INDUCED LIVER INJURY,True,True,False,suspect,True,IDIOPATHIC PULMONARY FIBROSIS,True,,,,False,False,True,False,False,False,False,False,True
pirfenidone,25628429,1,20250731,20250731,2025,EU,EU,1,male,67.0,67.0,801,HEPATITIS ACUTE,HEPATITIS ACUTE,False,True,False,suspect,True,IDIOPATHIC PULMONARY FIBROSIS,True,,2025-06-30,,False,False,True,False,True,False,False,False,False
pirfenidone,25900510,1,20251008,20251008,2025,US,,3,female,76.0,76.0,801,HEPATIC ENZYME INCREASED,HEPATIC ENZYME INCREASED,False,True,False,suspect,True,IDIOPATHIC PULMONARY FIBROSIS,True,2025-07-21,2025-08-22,32.0,True,False,False,False,False,False,False,False,False
pirfenidone,26105815,1,20251201,20251201,2025,US,US,5,male,87.0,87.0,801,BLOOD ALKALINE PHOSPHATASE INCREASED|BLOOD CHLORIDE DECREASED|BLOOD GLUCOSE INCREASED|DEATH|DYSPNOEA|LYMPHOCYTE PERCENTAGE DECREASED|MEAN CELL HAEMOGLOBIN CONCENTRATION DECREASED|OEDEMA,BLOOD ALKALINE PHOSPHATASE INCREASED,False,True,False,suspect,True,IDIOPATHIC PULMONARY FIBROSIS,True,,2024-02-26,,False,False,True,True,True,False,False,False,False
pirfenidone,26139701,2,20251210,20251231,2025,EU,EU,1,male,75.0,75.0,801,ACUTE HEPATIC FAILURE|DRUG INTERACTION|DRUG-INDUCED LIVER INJURY|ESCHERICHIA INFECTION|ESCHERICHIA SEPSIS|FATIGUE|JAUNDICE|LACTIC ACIDOSIS|MULTIPLE ORGAN DYSFUNCTION SYNDROME|NAUSEA|PHOTOPHOBIA|PHOTOSENSITIVITY REACTION|PRURITUS|SEPSIS|TRANSAMINASES INCREASED,ACUTE HEPATIC FAILURE|DRUG-INDUCED LIVER INJURY|JAUNDICE|TRANSAMINASES INCREASED,True,True,True,interacting,False,IDIOPATHIC PULMONARY FIBROSIS,True,,,,False,False,True,True,True,True,False,False,True
pirfenidone,26166922,1,20251217,20251217,2025,GB,GB,3,male,70.0,70.0,801,CONDITION AGGRAVATED|HEPATIC ENZYME INCREASED|IMMUNE-MEDIATED MYOSITIS,HEPATIC ENZYME INCREASED,False,True,False,suspect,True,PRODUCT USED FOR UNKNOWN INDICATION,False,,,,False,False,True,False,True,False,False,False,True
pirfenidone,26731722,1,20260508,20260508,2026,EU,EU,1,male,61.0,61.0,801,DECREASED APPETITE|DISEASE PROGRESSION|HEPATOTOXICITY|NAUSEA|PRODUCT USE ISSUE,HEPATOTOXICITY,True,True,False,suspect,True,IDIOPATHIC PULMONARY FIBROSIS,True,,2025-01-01,,False,False,True,False,False,False,False,False,True
pirfenidone,26736942,1,20260511,20260511,2026,EU,EU,3,unknown,,,,ACUTE KIDNEY INJURY|ASTHENIA|CONFUSIONAL STATE|DECREASED APPETITE|DIARRHOEA|DYSPEPSIA|GAMMA-GLUTAMYLTRANSFERASE INCREASED|NAUSEA|PHOTOSENSITIVITY REACTION|PRURITUS|SOMNOLENCE|WEIGHT DECREASED,GAMMA-GLUTAMYLTRANSFERASE INCREASED,False,True,False,suspect,True,IDIOPATHIC PULMONARY FIBROSIS,True,,,,False,False,True,False,False,False,False,False,True
pirfenidone,26750457,1,20260513,20260513,2026,US,,5,male,63.0,63.0,801,HEPATIC FAILURE,HEPATIC FAILURE,True,True,False,suspect,True,,False,,,,False,False,True,False,True,False,False,False,False
pirfenidone,26878092,1,20260612,20260612,2026,US,,2,male,81.0,81.0,801,DIARRHOEA|LIVER FUNCTION TEST INCREASED,LIVER FUNCTION TEST INCREASED,False,True,False,suspect,True,IDIOPATHIC PULMONARY FIBROSIS|INTERSTITIAL LUNG DISEASE,True,2025-10-09,2026-06-12,246.0,True,False,False,False,False,False,False,False,False
pirfenidone,26924129,1,20260624,20260624,2026,US,,5,unknown,,,,HEPATIC ENZYME INCREASED|PHOTOSENSITIVITY REACTION,HEPATIC ENZYME INCREASED,False,True,False,suspect,True,,False,,,,False,False,False,False,False,False,False,False,False
