dataset,split,disease_reference_a,disease_reference_b,n_selected,reversal_fraction,rho,median_restoration
GSE278200,0,BLM1;BLM3,BLM4;BLM2,5187,0.8422980528243686,-0.6930709551578247,0.2678634881257391
GSE278200,1,BLM1;BLM4,BLM3;BLM2,4429,0.8638518853014224,-0.7288863374040864,0.4032859381030609
GSE278200,2,BLM1;BLM2,BLM3;BLM4,3296,0.8385922330097088,-0.6394465236100734,0.278310178593308
GSE278200,3,BLM3;BLM4,BLM1;BLM2,5778,0.6240913811007269,-0.2874987314139926,0.08041467955069348
GSE278200,4,BLM3;BLM2,BLM1;BLM4,4842,0.8517141676992979,-0.7175495350802242,0.32569361763099175
GSE278200,5,BLM4;BLM2,BLM1;BLM3,3996,0.8701201201201201,-0.7243148939595472,0.43968069853887615
GSE308578,0,4016716208;4028945057;4016713374;4016712662;4016713856;4016713786;4016716514;4016716137,4042731431;4016712351;4016713700;4042732101;4042712499;4016716106;4016714086;4028945088,3463,0.7978631244585619,-0.6578190208903558,0.20676464528776162
GSE308578,1,4016716208;4028945057;4016713374;4016712662;4016713856;4016713786;4016716514;4016716106,4016716137;4042731431;4016712351;4016713700;4042732101;4042712499;4016714086;4028945088,3501,0.781491002570694,-0.6310337283090041,0.1836881374721715
GSE308578,2,4016716208;4028945057;4016713374;4016712662;4016713856;4016713786;4016716137;4042712499,4016716514;4042731431;4016712351;4016713700;4042732101;4016716106;4016714086;4028945088,3419,0.8078385492834163,-0.6619671504332436,0.21730367282130203
GSE308578,3,4016716208;4028945057;4016713374;4016712662;4016713856;4016716514;4042731431;4016713700,4016713786;4016716137;4016712351;4042732101;4042712499;4016716106;4016714086;4028945088,3706,0.7417701025364274,-0.5409798553003063,0.13453188991594844
GSE308578,4,4016716208;4028945057;4016713374;4016712662;4016713856;4016716514;4042732101;4016714086,4016713786;4016716137;4042731431;4016712351;4016713700;4042712499;4016716106;4028945088,3643,0.7633818281636015,-0.5951337367066095,0.1738912965677919
GSE308578,5,4016716208;4028945057;4016713374;4016712662;4016713856;4016716137;4042732101;4016716106,4016713786;4016716514;4042731431;4016712351;4016713700;4042712499;4016714086;4028945088,3649,0.7344477939161415,-0.5429825232362603,0.14936713941953084
GSE308578,6,4016716208;4028945057;4016713374;4016712662;4016713856;4016716137;4042732101;4016714086,4016713786;4016716514;4042731431;4016712351;4016713700;4042712499;4016716106;4028945088,3494,0.772180881511162,-0.610758206831888,0.19080666651180755
GSE308578,7,4016716208;4028945057;4016713374;4016712662;4016713856;4016712351;4042712499;4028945088,4016713786;4016716514;4016716137;4042731431;4016713700;4042732101;4016716106;4016714086,3110,0.8356913183279743,-0.700127164428873,0.2640350445790649
GSE308578,8,4016716208;4028945057;4016713374;4016712662;4016713786;4016716514;4016716137;4042732101,4016713856;4042731431;4016712351;4016713700;4042712499;4016716106;4016714086;4028945088,3576,0.7592281879194631,-0.6039929219311666,0.18871401149232514
GSE308578,9,4016716208;4028945057;4016713374;4016712662;4016713786;4016716514;4042731431;4016716106,4016713856;4016716137;4016712351;4016713700;4042732101;4042712499;4016714086;4028945088,3612,0.7505537098560354,-0.5816284873140296,0.17939621312587994
GSE308578,10,4016716208;4028945057;4016713374;4016712662;4016713786;4016716514;4042732101;4016716106,4016713856;4016716137;4042731431;4016712351;4016713700;4042712499;4016714086;4028945088,3648,0.7483552631578947,-0.5761032486722957,0.17001386256555717
GSE308578,11,4016716208;4028945057;4016713374;4016712662;4016713786;4016716137;4016713700;4042732101,4016713856;4016716514;4042731431;4016712351;4042712499;4016716106;4016714086;4028945088,3529,0.7784074808727685,-0.623512746510154,0.18735308594340694
GSE308578,12,4016716208;4028945057;4016713374;4016712662;4016716514;4016716137;4042732101;4042712499,4016713856;4016713786;4042731431;4016712351;4016713700;4016716106;4016714086;4028945088,3787,0.7351465540005281,-0.541306752815741,0.14365111275208808
GSE308578,13,4016716208;4028945057;4016713374;4016712662;4016716514;4016716137;4042712499;4016714086,4016713856;4016713786;4042731431;4016712351;4016713700;4042732101;4016716106;4028945088,3654,0.7701149425287356,-0.6011942107740288,0.1700060415627529
GSE308578,14,4016716208;4028945057;4016713374;4016712662;4016716514;4042731431;4016713700;4042732101,4016713856;4016713786;4016716137;4016712351;4042712499;4016716106;4016714086;4028945088,3804,0.7263406940063092,-0.5062935200547569,0.12787853415558015
GSE308578,15,4016716208;4028945057;4016713374;4016713856;4016713786;4016716137;4016712351;4042712499,4016712662;4016716514;4042731431;4016713700;4042732101;4016716106;4016714086;4028945088,3167,0.8282286075149984,-0.6885049751115675,0.2527149450941302
GSE308578,16,4016716208;4028945057;4016713374;4016713856;4016713786;4016716137;4042712499;4016714086,4016712662;4016716514;4042731431;4016712351;4016713700;4042732101;4016716106;4028945088,3209,0.8370208787784357,-0.69316993198629,0.25265698570696105
GSE308578,17,4016716208;4028945057;4016713374;4016713856;4016713786;4042731431;4042732101;4016714086,4016712662;4016716514;4016716137;4016712351;4016713700;4042712499;4016716106;4028945088,3252,0.817650676506765,-0.6746532904088786,0.25649830730938117
GSE308578,18,4016716208;4028945057;4016713374;4016713856;4016713786;4016712351;4016713700;4028945088,4016712662;4016716514;4016716137;4042731431;4042732101;4042712499;4016716106;4016714086,2817,0.8572949946751863,-0.7367713475760331,0.28225495090438346
GSE308578,19,4016716208;4028945057;4016713374;4016713856;4016716514;4016712351;4042732101;4042712499,4016712662;4016713786;4016716137;4042731431;4016713700;4016716106;4016714086;4028945088,3534,0.7860780984719864,-0.6296704652195634,0.19221732546667414
GSE308578,20,4016716208;4028945057;4016713374;4016713856;4016716514;4016712351;4042732101;4016714086,4016712662;4016713786;4016716137;4042731431;4016713700;4042712499;4016716106;4028945088,3408,0.8004694835680751,-0.6533837789445894,0.21833036147187945
GSE308578,21,4016716208;4028945057;4016713374;4016713856;4016716514;4016712351;4016716106;4016714086,4016712662;4016713786;4016716137;4042731431;4016713700;4042732101;4042712499;4028945088,3386,0.7953337271116362,-0.6435389405212109,0.19957635679849245
GSE308578,22,4016716208;4028945057;4016713374;4016713856;4016716514;4016713700;4042732101;4016714086,4016712662;4016713786;4016716137;4042731431;4016712351;4042712499;4016716106;4028945088,3545,0.7963328631875881,-0.6193351331299636,0.16965429149647893
GSE308578,23,4016716208;4028945057;4016713374;4016713856;4016716137;4042731431;4042712499;4016716106,4016712662;4016713786;4016716514;4016712351;4016713700;4042732101;4016714086;4028945088,3539,0.7767730997456909,-0.5862681190741824,0.1736200234478864
GSE308578,24,4016716208;4028945057;4016713374;4016713856;4016716137;4016712351;4016713700;4028945088,4016712662;4016713786;4016716514;4042731431;4042732101;4042712499;4016716106;4016714086,2996,0.8334445927903872,-0.7073788553482125,0.2432133441521131
GSE308578,25,4016716208;4028945057;4016713374;4016713786;4016716514;4016716137;4016712351;4016713700,4016712662;4016713856;4042731431;4042732101;4042712499;4016716106;4016714086;4028945088,3353,0.8130032806441992,-0.6845990453855353,0.2239617558615703
GSE308578,26,4016716208;4028945057;4016713374;4016713786;4016716514;4016716137;4016713700;4042732101,4016712662;4016713856;4042731431;4016712351;4042712499;4016716106;4016714086;4028945088,3500,0.8054285714285714,-0.661817661769372,0.19506079846603708
GSE308578,27,4016716208;4028945057;4016713374;4016713786;4016716514;4042731431;4016716106;4028945088,4016712662;4016713856;4016716137;4016712351;4016713700;4042732101;4042712499;4016714086,3115,0.8163723916532906,-0.6778560331797993,0.28855511351084606
GSE308578,28,4016716208;4028945057;4016713374;4016713786;4016716514;4016712351;4016713700;4016714086,4016712662;4016713856;4016716137;4042731431;4042732101;4042712499;4016716106;4028945088,3267,0.8331802877257423,-0.6991180386620736,0.24528779765477005
GSE308578,29,4016716208;4028945057;4016713374;4016713786;4016716514;4016712351;4016716106;4028945088,4016712662;4016713856;4016716137;4042731431;4016713700;4042732101;4042712499;4016714086,2947,0.8262639972853749,-0.695376016648733,0.2893965360404743
GSE308578,30,4016716208;4028945057;4016713374;4016713786;4016716137;4042731431;4042732101;4016716106,4016712662;4016713856;4016716514;4016712351;4016713700;4042712499;4016714086;4028945088,3428,0.780630105017503,-0.6210113219762586,0.2232130229241949
GSE308578,31,4016716208;4028945057;4016713374;4016713786;4016716137;4016712351;4042732101;4028945088,4016712662;4016713856;4016716514;4042731431;4016713700;4042712499;4016716106;4016714086,2838,0.828400281888654,-0.7107779709190241,0.31065352764040455
GSE308578,32,4016716208;4028945057;4016713374;4016713786;4016716137;4042712499;4016716106;4028945088,4016712662;4016713856;4016716514;4042731431;4016712351;4016713700;4042732101;4016714086,3010,0.8362126245847176,-0.7094612619318446,0.2908164764587623
GSE308578,33,4016716208;4028945057;4016713374;4016716514;4016716137;4042731431;4016716106;4016714086,4016712662;4016713856;4016713786;4016712351;4016713700;4042732101;4042712499;4028945088,3567,0.7740398093636108,-0.6044447365688538,0.18840735177315282
GSE308578,34,4016716208;4028945057;4016713374;4016716514;4016716137;4016712351;4016713700;4042732101,4016712662;4016713856;4016713786;4042731431;4042712499;4016716106;4016714086;4028945088,3561,0.7832069643358607,-0.6280537619780047,0.17679363503537182
GSE308578,35,4016716208;4028945057;4016713374;4016716137;4042731431;4016712351;4042732101;4016714086,4016712662;4016713856;4016713786;4016716514;4016713700;4042712499;4016716106;4028945088,3377,0.7782055078472017,-0.6356786031809074,0.23630551831531288
GSE308578,36,4016716208;4028945057;4016713374;4016716137;4042731431;4016712351;4042712499;4016716106,4016712662;4016713856;4016713786;4016716514;4016713700;4042732101;4016714086;4028945088,3489,0.7767268558326168,-0.6085654895859183,0.20386465636204565
GSE308578,37,4016716208;4028945057;4016713374;4016716137;4042731431;4042732101;4016714086;4028945088,4016712662;4016713856;4016713786;4016716514;4016712351;4016713700;4042712499;4016716106,3099,0.8183284930622782,-0.6799385428005094,0.298220937748205
GSE308578,38,4016716208;4028945057;4016713374;4016716137;4016712351;4016713700;4042732101;4016716106,4016712662;4016713856;4016713786;4016716514;4042731431;4042712499;4016714086;4028945088,3529,0.7650892604137149,-0.5841979041786695,0.1621568966829816
GSE308578,39,4016716208;4028945057;4016713374;4016716137;4016713700;4042732101;4016716106;4028945088,4016712662;4016713856;4016713786;4016716514;4042731431;4016712351;4042712499;4016714086,3273,0.8157653528872594,-0.6678242615398468,0.2200103143280936
GSE308578,40,4016716208;4028945057;4016713374;4016712351;4016713700;4042712499;4016716106;4016714086,4016712662;4016713856;4016713786;4016716514;4016716137;4042731431;4042732101;4028945088,3466,0.7873629544143105,-0.5991411659630566,0.17681315691055
GSE308578,41,4016716208;4028945057;4016712662;4016713856;4016713786;4016716514;4042712499;4028945088,4016713374;4016716137;4042731431;4016712351;4016713700;4042732101;4016716106;4016714086,3347,0.7965342097400657,-0.6602127649772851,0.24814860667856853
GSE308578,42,4016716208;4028945057;4016712662;4016713856;4016713786;4016716137;4016714086;4028945088,4016713374;4016716514;4042731431;4016712351;4016713700;4042732101;4042712499;4016716106,3063,0.8282729350310153,-0.6978645895825139,0.30338317633759804
GSE308578,43,4016716208;4028945057;4016712662;4016713856;4016713786;4016712351;4016716106;4016714086,4016713374;4016716514;4016716137;4042731431;4016713700;4042732101;4042712499;4028945088,3430,0.7711370262390671,-0.6196897579821271,0.21409492027694155
GSE308578,44,4016716208;4028945057;4016712662;4016713856;4016713786;4016713700;4042732101;4016714086,4016713374;4016716514;4016716137;4042731431;4016712351;4042712499;4016716106;4028945088,3571,0.7714925791094931,-0.6124684340949712,0.1784895813495746
GSE308578,45,4016716208;4028945057;4016712662;4016713856;4016716514;4042731431;4016712351;4016716106,4016713374;4016713786;4016716137;4016713700;4042732101;4042712499;4016714086;4028945088,3778,0.70857596611964,-0.5088176531209171,0.14530813258768616
GSE308578,46,4016716208;4028945057;4016712662;4016713856;4016716514;4042731431;4016713700;4042732101,4016713374;4016713786;4016716137;4016712351;4042712499;4016716106;4016714086;4028945088,3896,0.6778747433264887,-0.4229704268312721,0.10164245817239825
GSE308578,47,4016716208;4028945057;4016712662;4016713856;4016716514;4042731431;4042732101;4042712499,4016713374;4016713786;4016716137;4016712351;4016713700;4016716106;4016714086;4028945088,3889,0.6659809719722294,-0.40793245422514185,0.10512087305190221
GSE308578,48,4016716208;4028945057;4016712662;4016713856;4016716514;4016712351;4016713700;4042732101,4016713374;4016713786;4016716137;4042731431;4042712499;4016716106;4016714086;4028945088,3805,0.7177398160315375,-0.5180123215469933,0.13004061272084289
GSE308578,49,4016716208;4028945057;4016712662;4016713856;4016716514;4016712351;4016716106;4016714086,4016713374;4016713786;4016716137;4042731431;4016713700;4042732101;4042712499;4028945088,3673,0.7359106997005173,-0.555954162046337,0.16331645721833787
GSE308578,50,4016716208;4028945057;4016712662;4016713856;4016716137;4042731431;4042712499;4016716106,4016713374;4016713786;4016716514;4016712351;4016713700;4042732101;4016714086;4028945088,3796,0.7112750263435195,-0.4829850972717594,0.13538347435598652
GSE308578,51,4016716208;4028945057;4016712662;4016713856;4016716137;4042732101;4042712499;4016714086,4016713374;4016713786;4016716514;4042731431;4016712351;4016713700;4016716106;4028945088,3683,0.7295682867227803,-0.530930639181339,0.15601706841461827
GSE308578,52,4016716208;4028945057;4016712662;4016713856;4042731431;4016712351;4042732101;4028945088,4016713374;4016713786;4016716514;4016716137;4016713700;4042712499;4016716106;4016714086,3355,0.7800298062593145,-0.6163442179130845,0.2468488166024203
GSE308578,53,4016716208;4028945057;4016712662;4016713856;4042731431;4042732101;4016714086;4028945088,4016713374;4016713786;4016716514;4016716137;4016712351;4016713700;4042712499;4016716106,3361,0.7839928592680749,-0.6097611564896883,0.2523017685760518
GSE308578,54,4016716208;4028945057;4016712662;4016713856;4016712351;4016716106;4016714086;4028945088,4016713374;4016713786;4016716514;4016716137;4042731431;4016713700;4042732101;4042712499,3212,0.8066625155666252,-0.6475338371712915,0.26008990948672506
GSE308578,55,4016716208;4028945057;4016712662;4016713856;4016713700;4042712499;4016714086;4028945088,4016713374;4016713786;4016716514;4016716137;4042731431;4016712351;4042732101;4016716106,3401,0.8079976477506615,-0.6351812086416673,0.22078895022285816
GSE308578,56,4016716208;4028945057;4016712662;4016713786;4016716514;4042731431;4042732101;4028945088,4016713374;4016713856;4016716137;4016712351;4016713700;4042712499;4016716106;4016714086,3428,0.7418319719953326,-0.542643480644244,0.20595413843082944
GSE308578,57,4016716208;4028945057;4016712662;4016713786;4016716514;4016712351;4016713700;4016716106,4016713374;4016713856;4016716137;4042731431;4042732101;4042712499;4016714086;4028945088,3689,0.7435619409053944,-0.5701343800259232,0.1575996661310448
GSE308578,58,4016716208;4028945057;4016712662;4016713786;4016716514;4016713700;4042732101;4028945088,4016713374;4016713856;4016716137;4042731431;4016712351;4042712499;4016716106;4016714086,3435,0.7950509461426492,-0.6430153087086148,0.21766768781171564
GSE308578,59,4016716208;4028945057;4016712662;4016713786;4016716514;4016716106;4016714086;4028945088,4016713374;4016713856;4016716137;4042731431;4016712351;4016713700;4042732101;4042712499,3343,0.7837271911456776,-0.6168979761677058,0.25119408131485954
GSE308578,60,4016716208;4028945057;4016712662;4016713786;4016713700;4042732101;4042712499;4028945088,4016713374;4016713856;4016716514;4016716137;4042731431;4016712351;4016716106;4016714086,3417,0.8001170617500731,-0.6448459015079643,0.23395180392044512
GSE308578,61,4016716208;4028945057;4016712662;4016716514;4016716137;4042731431;4016712351;4042732101,4016713374;4016713856;4016713786;4016713700;4042712499;4016716106;4016714086;4028945088,3817,0.669897825517422,-0.4431663506192753,0.12012073974798199
GSE308578,62,4016716208;4028945057;4016712662;4016716514;4016716137;4042731431;4016712351;4042712499,4016713374;4016713856;4016713786;4016713700;4042732101;4016716106;4016714086;4028945088,3796,0.6952054794520548,-0.47895128251699526,0.1301774543715737
GSE308578,63,4016716208;4028945057;4016712662;4016716514;4042731431;4016712351;4016713700;4016714086,4016713374;4016713856;4016713786;4016716137;4042732101;4042712499;4016716106;4028945088,3745,0.7279038718291054,-0.5360693411029347,0.14865227933626635
GSE308578,64,4016716208;4028945057;4016712662;4016716514;4042731431;4042712499;4016716106;4016714086,4016713374;4016713856;4016713786;4016716137;4016712351;4016713700;4042732101;4028945088,3919,0.6606277111508038,-0.4093234575616433,0.10219018292695026
GSE308578,65,4016716208;4028945057;4016712662;4016716137;4042731431;4016713700;4042732101;4016716106,4016713374;4016713856;4016713786;4016716514;4016712351;4042712499;4016714086;4028945088,3875,0.6843870967741935,-0.412796818962401,0.10516847384862871
GSE308578,66,4016716208;4028945057;4016712662;4016716137;4042732101;4042712499;4016716106;4028945088,4016713374;4016713856;4016713786;4016716514;4042731431;4016712351;4016713700;4016714086,3547,0.7657175077530307,-0.5789305107126519,0.2009687491504959
GSE308578,67,4016716208;4028945057;4016712662;4042731431;4016713700;4042712499;4016714086;4028945088,4016713374;4016713856;4016713786;4016716514;4016716137;4016712351;4042732101;4016716106,3472,0.7900345622119815,-0.6093635314215877,0.2125204031113448
GSE308578,68,4016716208;4028945057;4016713856;4016713786;4016716514;4016716137;4016712351;4016713700,4016713374;4016712662;4042731431;4042732101;4042712499;4016716106;4016714086;4028945088,3449,0.7886343867787765,-0.6538124659311305,0.20126226883125842
GSE308578,69,4016716208;4028945057;4016713856;4016713786;4016716514;4016716137;4016712351;4016716106,4016713374;4016712662;4042731431;4016713700;4042732101;4042712499;4016714086;4028945088,3439,0.7848211689444606,-0.639764181403485,0.22018108196792063
GSE308578,70,4016716208;4028945057;4016713856;4016713786;4016716514;4042731431;4016712351;4016716106,4016713374;4016712662;4016716137;4016713700;4042732101;4042712499;4016714086;4028945088,3513,0.7586108738969541,-0.6060912027213219,0.2095888371961433
GSE308578,71,4016716208;4028945057;4016713856;4016713786;4016716514;4016712351;4016713700;4016716106,4016713374;4016712662;4016716137;4042731431;4042732101;4042712499;4016714086;4028945088,3517,0.786465737844754,-0.6294321548385647,0.18861488283237993
GSE308578,72,4016716208;4028945057;4016713856;4016713786;4016716514;4042732101;4016714086;4028945088,4016713374;4016712662;4016716137;4042731431;4016712351;4016713700;4042712499;4016716106,3136,0.8125,-0.6779042987183876,0.29484360360489914
GSE308578,73,4016716208;4028945057;4016713856;4016713786;4016716137;4042731431;4016713700;4042732101,4016713374;4016712662;4016716514;4016712351;4042712499;4016716106;4016714086;4028945088,3517,0.7688370770543076,-0.6050604381734604,0.18689865176543918
GSE308578,74,4016716208;4028945057;4016713856;4016713786;4016716137;4016712351;4042732101;4016714086,4016713374;4016712662;4016716514;4042731431;4016713700;4042712499;4016716106;4028945088,3298,0.7874469375379017,-0.6567469837198773,0.24846777330353387
GSE308578,75,4016716208;4028945057;4016713856;4016713786;4016716137;4016712351;4042732101;4028945088,4016713374;4016712662;4016716514;4042731431;4016713700;4042712499;4016716106;4016714086,2957,0.8200879269529929,-0.6956214801918754,0.30697689962498087
GSE308578,76,4016716208;4028945057;4016713856;4016713786;4042731431;4016712351;4016713700;4016714086,4016713374;4016712662;4016716514;4016716137;4042732101;4042712499;4016716106;4028945088,3343,0.8040682022135807,-0.6704594517463442,0.23275122443080498
GSE308578,77,4016716208;4028945057;4016713856;4016713786;4042731431;4016712351;4042732101;4042712499,4016713374;4016712662;4016716514;4016716137;4016713700;4016716106;4016714086;4028945088,3458,0.7631578947368421,-0.6071682039120934,0.21601882843530884
GSE308578,78,4016716208;4028945057;4016713856;4016713786;4016712351;4016713700;4042732101;4016714086,4016713374;4016712662;4016716514;4016716137;4042731431;4042712499;4016716106;4028945088,3346,0.8042438732815301,-0.6682742266147813,0.22915265928847184
GSE308578,79,4016716208;4028945057;4016713856;4016713786;4016712351;4042732101;4042712499;4016714086,4016713374;4016712662;4016716514;4016716137;4042731431;4016713700;4016716106;4028945088,3349,0.7873992236488504,-0.6405826781994949,0.23912055347584982
GSE308578,80,4016716208;4028945057;4016713856;4016713786;4016713700;4042732101;4042712499;4016716106,4016713374;4016712662;4016716514;4016716137;4042731431;4016712351;4016714086;4028945088,3620,0.7574585635359116,-0.5655054284649543,0.16182886969409438
GSE308578,81,4016716208;4028945057;4016713856;4016716514;4016716137;4016712351;4016713700;4028945088,4016713374;4016712662;4016713786;4042731431;4042732101;4042712499;4016716106;4016714086,3257,0.8323610684679152,-0.7039392627641142,0.24073290356631016
GSE308578,82,4016716208;4028945057;4016713856;4016716514;4042731431;4042732101;4042712499;4016716106,4016713374;4016712662;4016713786;4016716137;4016712351;4016713700;4016714086;4028945088,3838,0.6974986972381448,-0.46639805552075436,0.12528259705803224
GSE308578,83,4016716208;4028945057;4016713856;4016716514;4016712351;4042732101;4016716106;4016714086,4016713374;4016712662;4016713786;4016716137;4042731431;4016713700;4042712499;4028945088,3604,0.7541620421753608,-0.5777739055255791,0.17891544745459664
GSE308578,84,4016716208;4028945057;4016713856;4016716514;4042732101;4042712499;4016716106;4016714086,4016713374;4016712662;4016713786;4016716137;4042731431;4016712351;4016713700;4028945088,3784,0.7214587737843552,-0.5112003381611392,0.14066746383380813
GSE308578,85,4016716208;4028945057;4016713856;4016716137;4042731431;4016712351;4016713700;4042712499,4016713374;4016712662;4016713786;4016716514;4042732101;4016716106;4016714086;4028945088,3579,0.7555183012014529,-0.5751264967902219,0.16799003829699255
GSE308578,86,4016716208;4028945057;4016713856;4016716137;4042731431;4042712499;4016714086;4028945088,4016713374;4016712662;4016713786;4016716514;4016712351;4016713700;4042732101;4016716106,3221,0.8155852219807513,-0.6632626508729161,0.27857723592700223
GSE308578,87,4016716208;4028945057;4016713856;4016716137;4016712351;4016713700;4042712499;4016714086,4016713374;4016712662;4016713786;4016716514;4042731431;4042732101;4016716106;4028945088,3497,0.7760937946811552,-0.5986051144763176,0.18205508062337916
GSE308578,88,4016716208;4028945057;4016713856;4042731431;4016712351;4042712499;4016714086;4028945088,4016713374;4016712662;4016713786;4016716514;4016716137;4016713700;4042732101;4016716106,3142,0.813812858052196,-0.6578026146199724,0.2942852043800992
GSE308578,89,4016716208;4028945057;4016713856;4042731431;4016713700;4042712499;4016716106;4016714086,4016713374;4016712662;4016713786;4016716514;4016716137;4016712351;4042732101;4028945088,3684,0.7288273615635179,-0.5042039007394611,0.13925043342358023
GSE308578,90,4016716208;4028945057;4016713856;4016713700;4042732101;4042712499;4016714086;4028945088,4016713374;4016712662;4016713786;4016716514;4016716137;4042731431;4016712351;4016716106,3337,0.81839976026371,-0.6486006865608426,0.23563656603535144
GSE308578,91,4016716208;4028945057;4016713786;4016716514;4016716137;4042731431;4042732101;4028945088,4016713374;4016712662;4016713856;4016712351;4016713700;4042712499;4016716106;4016714086,3271,0.7679608682360135,-0.608510453092671,0.24780485536432106
GSE308578,92,4016716208;4028945057;4016713786;4016716514;4016712351;4016716106;4016714086;4028945088,4016713374;4016712662;4016713856;4016716137;4042731431;4016713700;4042732101;4042712499,3138,0.7909496494582536,-0.6421843686249976,0.2922119792979303
GSE308578,93,4016716208;4028945057;4016713786;4016716514;4016713700;4042732101;4016716106;4028945088,4016713374;4016712662;4016713856;4016716137;4042731431;4016712351;4042712499;4016714086,3374,0.8070539419087137,-0.6671221287075035,0.24013616923367476
GSE308578,94,4016716208;4028945057;4016713786;4016716137;4042731431;4016713700;4042732101;4042712499,4016713374;4016712662;4016713856;4016716514;4016712351;4016716106;4016714086;4028945088,3590,0.7520891364902507,-0.5724513834002875,0.17124953770683699
GSE308578,95,4016716208;4028945057;4016713786;4016716137;4042731431;4042732101;4016716106;4016714086,4016713374;4016712662;4016713856;4016716514;4016712351;4016713700;4042712499;4028945088,3533,0.7441268044155109,-0.5698540845000941,0.20256870595258047
GSE308578,96,4016716208;4028945057;4016713786;4016716137;4042731431;4042732101;4016716106;4028945088,4016713374;4016712662;4016713856;4016716514;4016712351;4016713700;4042712499;4016714086,3240,0.7830246913580247,-0.6256493572165089,0.27245447120906974
GSE308578,97,4016716208;4028945057;4016713786;4016716137;4042731431;4042732101;4016714086;4028945088,4016713374;4016712662;4016713856;4016716514;4016712351;4016713700;4042712499;4016716106,3112,0.7898457583547558,-0.6393390738136039,0.29300740797383584
GSE308578,98,4016716208;4028945057;4016713786;4016716137;4016712351;4016713700;4042712499;4028945088,4016713374;4016712662;4016713856;4016716514;4042731431;4042732101;4016716106;4016714086,3115,0.8369181380417335,-0.711410565915674,0.2912491986277388
GSE308578,99,4016716208;4028945057;4016713786;4042731431;4042732101;4042712499;4016716106;4028945088,4016713374;4016712662;4016713856;4016716514;4016716137;4016712351;4016713700;4016714086,3319,0.7764386863513106,-0.5978538068385882,0.25272596452415486
GSE308578,100,4016716208;4028945057;4016713786;4016712351;4016713700;4042732101;4016716106;4028945088,4016713374;4016712662;4016713856;4016716514;4016716137;4042731431;4042712499;4016714086,3170,0.8195583596214511,-0.6810589865073038,0.27751867505338434
GSE308578,101,4016716208;4028945057;4016713786;4016712351;4042732101;4016716106;4016714086;4028945088,4016713374;4016712662;4016713856;4016716514;4016716137;4042731431;4016713700;4042712499,3094,0.7895927601809954,-0.6350595919003322,0.2945352158356228
GSE308578,102,4016716208;4028945057;4016713786;4016713700;4042732101;4042712499;4016714086;4028945088,4016713374;4016712662;4016713856;4016716514;4016716137;4042731431;4016712351;4016716106,3217,0.8256139260180292,-0.6814895626931787,0.27450923344678846
GSE308578,103,4016716208;4028945057;4016716514;4016716137;4042732101;4016716106;4016714086;4028945088,4016713374;4016712662;4016713856;4016713786;4042731431;4016712351;4016713700;4042712499,3407,0.7816260639859114,-0.6213307028609166,0.23292736349461074
GSE308578,104,4016716208;4028945057;4016716514;4016713700;4042732101;4016716106;4016714086;4028945088,4016713374;4016712662;4016713856;4016713786;4016716137;4042731431;4016712351;4042712499,3471,0.8003457216940363,-0.6355569733674714,0.21517734393308263
GSE308578,105,4016716208;4028945057;4016716137;4042731431;4016712351;4016713700;4042732101;4016714086,4016713374;4016712662;4016713856;4016713786;4016716514;4042712499;4016716106;4028945088,3549,0.7557058326289096,-0.5965274705946331,0.186390484483133
GSE308578,106,4016716208;4028945057;4016716137;4042731431;4016712351;4042732101;4042712499;4016714086,4016713374;4016712662;4016713856;4016713786;4016716514;4016713700;4016716106;4028945088,3569,0.7369010927430653,-0.5515455563858866,0.18116651986788268
GSE308578,107,4016716208;4028945057;4016716137;4042731431;4016712351;4042732101;4016716106;4016714086,4016713374;4016712662;4016713856;4016713786;4016716514;4016713700;4042712499;4028945088,3580,0.7393854748603352,-0.5511005295619819,0.18975667293782417
GSE308578,108,4016716208;4028945057;4016716137;4042731431;4016713700;4042732101;4042712499;4016714086,4016713374;4016712662;4016713856;4016713786;4016716514;4016712351;4016716106;4028945088,3692,0.7313109425785482,-0.5206748386571542,0.1418218583866797
GSE308578,109,4016716208;4028945057;4016716137;4042731431;4042732101;4042712499;4016716106;4028945088,4016713374;4016712662;4016713856;4016713786;4016716514;4016712351;4016713700;4016714086,3450,0.7721739130434783,-0.5871189055413453,0.2244909153716994
GSE308578,110,4016716208;4016713374;4016712662;4016713856;4016713786;4016716514;4042731431;4042732101,4028945057;4016716137;4016712351;4016713700;4042712499;4016716106;4016714086;4028945088,3689,0.763350501490919,-0.5936661178070953,0.16528713226330582
GSE308578,111,4016716208;4016713374;4016712662;4016713856;4016713786;4016716514;4042731431;4042712499,4028945057;4016716137;4016712351;4016713700;4042732101;4016716106;4016714086;4028945088,3654,0.7723043240284619,-0.6077645335509678,0.16674582861412213
GSE308578,112,4016716208;4016713374;4016712662;4016713856;4016713786;4016716514;4016712351;4042712499,4028945057;4016716137;4042731431;4016713700;4042732101;4016716106;4016714086;4028945088,3581,0.7939123149958113,-0.6479249918631643,0.18666040447711207
GSE308578,113,4016716208;4016713374;4016712662;4016713856;4016713786;4016716514;4042712499;4028945088,4028945057;4016716137;4042731431;4016712351;4016713700;4042732101;4016716106;4016714086,3309,0.8371109096403747,-0.7086675068273918,0.2506106253633984
GSE308578,114,4016716208;4016713374;4016712662;4016713856;4016713786;4016716137;4016713700;4042732101,4028945057;4016716514;4042731431;4016712351;4042712499;4016716106;4016714086;4028945088,3626,0.7512410369553226,-0.5501506186216182,0.1495401712712665
GSE308578,115,4016716208;4016713374;4016712662;4016713856;4016713786;4016716137;4042712499;4028945088,4028945057;4016716514;4042731431;4016712351;4016713700;4042732101;4016716106;4016714086,3193,0.8490447854682117,-0.7132869836717047,0.26591260806994566
GSE308578,116,4016716208;4016713374;4016712662;4016713856;4016713786;4042731431;4016712351;4016713700,4028945057;4016716514;4016716137;4042732101;4042712499;4016716106;4016714086;4028945088,3484,0.7884615384615384,-0.6282568473474409,0.1824876758401881
GSE308578,117,4016716208;4016713374;4016712662;4016713856;4016713786;4042731431;4016712351;4016714086,4028945057;4016716514;4016716137;4016713700;4042732101;4042712499;4016716106;4028945088,3362,0.819155264723379,-0.6764898969603222,0.23485195829232086
GSE308578,118,4016716208;4016713374;4016712662;4016713856;4016713786;4042731431;4042712499;4028945088,4028945057;4016716514;4016716137;4016712351;4016713700;4042732101;4016716106;4016714086,3229,0.839888510374729,-0.6983868561880847,0.2715976349466329
GSE308578,119,4016716208;4016713374;4016712662;4016713856;4016713786;4042712499;4016714086;4028945088,4028945057;4016716514;4016716137;4042731431;4016712351;4016713700;4042732101;4016716106,3154,0.8452758402029169,-0.7091818655004462,0.2802431953939666
GSE308578,120,4016716208;4016713374;4016712662;4016713856;4016716137;4042731431;4016712351;4042732101,4028945057;4016713786;4016716514;4016713700;4042712499;4016716106;4016714086;4028945088,3649,0.7506166072896684,-0.5715758176529783,0.16371626957471097
GSE308578,121,4016716208;4016713374;4016712662;4016713856;4016716137;4042712499;4016716106;4028945088,4028945057;4016713786;4016716514;4042731431;4016712351;4016713700;4042732101;4016714086,3440,0.7912790697674419,-0.6146519676137686,0.18870632444394309
GSE308578,122,4016716208;4016713374;4016712662;4016713856;4042731431;4016712351;4042732101;4016716106,4028945057;4016713786;4016716514;4016716137;4016713700;4042712499;4016714086;4028945088,3719,0.7321860715246034,-0.534021390527482,0.14834870275929735
GSE308578,123,4016716208;4016713374;4016712662;4016713856;4042731431;4016713700;4042732101;4042712499,4028945057;4016713786;4016716514;4016716137;4016712351;4016716106;4016714086;4028945088,3873,0.6772527756261296,-0.3949986430810342,0.09932727760225646
GSE308578,124,4016716208;4016713374;4016712662;4016713856;4042732101;4016716106;4016714086;4028945088,4028945057;4016713786;4016716514;4016716137;4042731431;4016712351;4016713700;4042712499,3389,0.8025966361758631,-0.6354689958301519,0.21125709895035194
GSE308578,125,4016716208;4016713374;4016712662;4016713786;4016716514;4016712351;4016714086;4028945088,4028945057;4016713856;4016716137;4042731431;4016713700;4042732101;4042712499;4016716106,3138,0.8358827278521351,-0.7152635921253062,0.2933762235045321
GSE308578,126,4016716208;4016713374;4016712662;4016713786;4016716137;4042731431;4042732101;4042712499,4028945057;4016713856;4016716514;4016712351;4016713700;4016716106;4016714086;4028945088,3650,0.7610958904109589,-0.5876210002301524,0.16498944092097934
GSE308578,127,4016716208;4016713374;4016712662;4016713786;4042731431;4016712351;4016713700;4042732101,4028945057;4016713856;4016716514;4016716137;4042712499;4016716106;4016714086;4028945088,3610,0.7847645429362881,-0.6272607500412481,0.1777469930520661
GSE308578,128,4016716208;4016713374;4016712662;4016713786;4042731431;4016712351;4042712499;4016714086,4028945057;4016713856;4016716514;4016716137;4016713700;4042732101;4016716106;4028945088,3467,0.7856936832996827,-0.6454873984273084,0.21586270523213447
GSE308578,129,4016716208;4016713374;4016712662;4016713786;4016713700;4042732101;4042712499;4016714086,4028945057;4016713856;4016716514;4016716137;4042731431;4016712351;4016716106;4028945088,3660,0.7685792349726775,-0.587796401039417,0.16005006998244053
GSE308578,130,4016716208;4016713374;4016712662;4016716514;4016716137;4042731431;4016716106;4016714086,4028945057;4016713856;4016713786;4016712351;4016713700;4042732101;4042712499;4028945088,3792,0.734704641350211,-0.5308308899199872,0.13929561716194305
GSE308578,131,4016716208;4016713374;4016712662;4016716514;4016716137;4016712351;4042712499;4028945088,4028945057;4016713856;4016713786;4042731431;4016713700;4042732101;4016716106;4016714086,3420,0.8204678362573099,-0.6907805289234146,0.22827316279215415
GSE308578,132,4016716208;4016713374;4016712662;4016716514;4016716137;4016712351;4016716106;4028945088,4028945057;4016713856;4016713786;4042731431;4016713700;4042732101;4042712499;4016714086,3437,0.8108815827756765,-0.677505575717506,0.21900592814421938
GSE308578,133,4016716208;4016713374;4016712662;4016716514;4016712351;4042732101;4016716106;4028945088,4028945057;4016713856;4016713786;4016716137;4042731431;4016713700;4042712499;4016714086,3517,0.7873187375604208,-0.6414658073327175,0.2076978850658282
GSE308578,134,4016716208;4016713374;4016712662;4016716514;4016713700;4042732101;4042712499;4028945088,4028945057;4016713856;4016713786;4016716137;4042731431;4016712351;4016716106;4016714086,3666,0.7695035460992907,-0.5972213390051401,0.16330900144137384
GSE308578,135,4016716208;4016713374;4016712662;4016716514;4016713700;4042732101;4016714086;4028945088,4028945057;4016713856;4016713786;4016716137;4042731431;4016712351;4042712499;4016716106,3542,0.8125352907961604,-0.6600811947279464,0.193106945970958
GSE308578,136,4016716208;4016713374;4016712662;4016716514;4042732101;4042712499;4016714086;4028945088,4028945057;4016713856;4016713786;4016716137;4042731431;4016712351;4016713700;4016716106,3547,0.7877079221877643,-0.6206252856076058,0.20111792499933667
GSE308578,137,4016716208;4016713374;4016712662;4016716137;4042731431;4016713700;4042732101;4016716106,4028945057;4016713856;4016713786;4016716514;4016712351;4042712499;4016714086;4028945088,3896,0.6827515400410678,-0.40390257250503603,0.09324816039705008
GSE308578,138,4016716208;4016713374;4016712662;4016716137;4016712351;4016713700;4016716106;4028945088,4028945057;4016713856;4016713786;4016716514;4042731431;4042732101;4042712499;4016714086,3385,0.8035450516986706,-0.6407551366927948,0.19588138959585866
GSE308578,139,4016716208;4016713374;4016712662;4016716137;4016712351;4042732101;4042712499;4028945088,4028945057;4016713856;4016713786;4016716514;4042731431;4016713700;4016716106;4016714086,3390,0.8132743362831858,-0.6649965227706691,0.23607595805638354
GSE308578,140,4016716208;4016713374;4016712662;4016716137;4016712351;4042732101;4016716106;4028945088,4028945057;4016713856;4016713786;4016716514;4042731431;4016713700;4042712499;4016714086,3401,0.7950602763892972,-0.6506966595539737,0.22594864875560905
GSE308578,141,4016716208;4016713374;4016712662;4016716137;4016713700;4042732101;4016714086;4028945088,4028945057;4016713856;4016713786;4016716514;4042731431;4016712351;4042712499;4016716106,3423,0.8141980718667835,-0.6532309753030503,0.20767795854534032
GSE308578,142,4016716208;4016713374;4016712662;4016716137;4042732101;4042712499;4016716106;4028945088,4028945057;4016713856;4016713786;4016716514;4042731431;4016712351;4016713700;4016714086,3574,0.7756015668718522,-0.5965678888908088,0.1928132861396772
GSE308578,143,4016716208;4016713374;4016712662;4042731431;4016712351;4042732101;4016716106;4016714086,4028945057;4016713856;4016713786;4016716514;4016716137;4016713700;4042712499;4028945088,3702,0.7428417071853053,-0.5495842561708367,0.16186736508102073
GSE308578,144,4016716208;4016713374;4016712662;4042731431;4016713700;4042732101;4042712499;4016714086,4028945057;4016713856;4016713786;4016716514;4016716137;4016712351;4016716106;4028945088,3824,0.7081589958158996,-0.45935353821225355,0.11697091528683234
GSE308578,145,4016716208;4016713374;4016713856;4016713786;4016716514;4016716137;4016712351;4016716106,4028945057;4016712662;4042731431;4016713700;4042732101;4042712499;4016714086;4028945088,3402,0.8101116990005879,-0.6688740843579517,0.20569203882327303
GSE308578,146,4016716208;4016713374;4016713856;4016713786;4016716514;4042731431;4016714086;4028945088,4028945057;4016712662;4016716137;4016712351;4016713700;4042732101;4042712499;4016716106,3068,0.8624511082138201,-0.7313904957850285,0.31008483957741095
GSE308578,147,4016716208;4016713374;4016713856;4016713786;4016716137;4016712351;4042712499;4016714086,4028945057;4016712662;4016716514;4042731431;4016713700;4042732101;4016716106;4028945088,3259,0.8312365756366984,-0.6827320268666517,0.24079967016179893
GSE308578,148,4016716208;4016713374;4016713856;4016713786;4016716137;4016712351;4016716106;4016714086,4028945057;4016712662;4016716514;4042731431;4016713700;4042732101;4042712499;4028945088,3232,0.8159034653465347,-0.6694530638355316,0.22842416113059172
GSE308578,149,4016716208;4016713374;4016713856;4016713786;4016716137;4016712351;4016716106;4028945088,4028945057;4016712662;4016716514;4042731431;4016713700;4042732101;4042712499;4016714086,2912,0.8519917582417582,-0.7239247839828985,0.2733253821698898
GSE308578,150,4016716208;4016713374;4016713856;4016713786;4016712351;4016713700;4042732101;4016714086,4028945057;4016712662;4016716514;4016716137;4042731431;4042712499;4016716106;4028945088,3327,0.8163510670273519,-0.6555023338357983,0.21608752007677268
GSE308578,151,4016716208;4016713374;4016713856;4016713786;4016712351;4016713700;4042712499;4016716106,4028945057;4016712662;4016716514;4016716137;4042731431;4042732101;4016714086;4028945088,3470,0.7694524495677233,-0.5722490286458124,0.17101850082427772
GSE308578,152,4016716208;4016713374;4016713856;4016713786;4016712351;4042712499;4016714086;4028945088,4028945057;4016712662;4016716514;4016716137;4042731431;4016713700;4042732101;4016716106,2898,0.8619737750172533,-0.7303095361310765,0.3037689270026114
GSE308578,153,4016716208;4016713374;4016713856;4016716514;4016716137;4042731431;4016712351;4016713700,4028945057;4016712662;4016713786;4042732101;4042712499;4016716106;4016714086;4028945088,3618,0.763681592039801,-0.579246997254285,0.14798623080721773
GSE308578,154,4016716208;4016713374;4016713856;4016716514;4016716137;4016712351;4016713700;4016716106,4028945057;4016712662;4016713786;4042731431;4042732101;4042712499;4016714086;4028945088,3656,0.7297592997811816,-0.5095980606406382,0.12239805020550143
GSE308578,155,4016716208;4016713374;4016713856;4016716514;4016713700;4042732101;4042712499;4016716106,4028945057;4016712662;4016713786;4016716137;4042731431;4016712351;4016714086;4028945088,3868,0.6701137538779731,-0.3817368438864618,0.08433690584418052
GSE308578,156,4016716208;4016713374;4016713786;4016716514;4016716137;4042731431;4016716106;4028945088,4028945057;4016712662;4016713856;4016712351;4016713700;4042732101;4042712499;4016714086,3231,0.8365831012070566,-0.7148779320893706,0.2766496199471551
GSE308578,157,4016716208;4016713374;4016713786;4016716514;4042731431;4042732101;4042712499;4016714086,4028945057;4016712662;4016713856;4016716137;4016712351;4016713700;4016716106;4028945088,3585,0.7737796373779637,-0.6017590925155073,0.18330438570068175
GSE308578,158,4016716208;4016713374;4016713786;4016716514;4016712351;4042732101;4042712499;4016714086,4028945057;4016712662;4016713856;4016716137;4042731431;4016713700;4016716106;4028945088,3488,0.7947247706422018,-0.653420217393391,0.20739857099812475
GSE308578,159,4016716208;4016713374;4016713786;4016716514;4016713700;4042732101;4042712499;4028945088,4028945057;4016712662;4016713856;4016716137;4042731431;4016712351;4016716106;4016714086,3402,0.8398001175778954,-0.7079154685735225,0.23540307485220674
GSE308578,160,4016716208;4016713374;4016713786;4016716137;4016712351;4016713700;4042712499;4016716106,4028945057;4016712662;4016713856;4016716514;4042731431;4042732101;4016714086;4028945088,3508,0.7870581527936146,-0.5971711749193934,0.17744329435950856
GSE308578,161,4016716208;4016713374;4016713786;4042731431;4016713700;4042712499;4016714086;4028945088,4028945057;4016712662;4016713856;4016716514;4016716137;4016712351;4042732101;4016716106,3186,0.8452605147520402,-0.7107370298978762,0.27904656362674807
GSE308578,162,4016716208;4016713374;4016713786;4016712351;4016713700;4042732101;4042712499;4016714086,4028945057;4016712662;4016713856;4016716514;4016716137;4042731431;4016716106;4028945088,3467,0.8148254975483127,-0.6553637370833552,0.20861999020719457
GSE308578,163,4016716208;4016713374;4016716514;4016716137;4042731431;4016716106;4016714086;4028945088,4028945057;4016712662;4016713856;4016713786;4016712351;4016713700;4042732101;4042712499,3363,0.8186143324412727,-0.6720499223778987,0.24378977708315552
GSE308578,164,4016716208;4016713374;4016716514;4042731431;4016712351;4016713700;4016714086;4028945088,4028945057;4016712662;4016713856;4016713786;4016716137;4042732101;4042712499;4016716106,3272,0.8471882640586798,-0.7168476240596137,0.2576856135465615
GSE308578,165,4016716208;4016713374;4016716514;4042731431;4016713700;4042732101;4016716106;4016714086,4028945057;4016712662;4016713856;4016713786;4016716137;4016712351;4042712499;4028945088,3798,0.7288046340179042,-0.5100530055628856,0.1217377540935769
GSE308578,166,4016716208;4016713374;4016716514;4016712351;4042732101;4042712499;4016716106;4028945088,4028945057;4016712662;4016713856;4016713786;4016716137;4042731431;4016713700;4016714086,3454,0.7979154603358425,-0.6497839431357679,0.22474554061345886
GSE308578,167,4016716208;4016713374;4016716137;4042731431;4016713700;4042732101;4016716106;4016714086,4028945057;4016712662;4016713856;4016713786;4016716514;4016712351;4042712499;4028945088,3724,0.7314715359828142,-0.5092928333854168,0.12974819712657748
GSE308578,168,4016716208;4016713374;4016716137;4016712351;4016713700;4042732101;4042712499;4016714086,4028945057;4016712662;4016713856;4016713786;4016716514;4042731431;4016716106;4028945088,3602,0.7742920599666852,-0.567837239465395,0.15764641601384932
GSE308578,169,4016716208;4016713374;4042731431;4016712351;4016713700;4042732101;4016716106;4016714086,4028945057;4016712662;4016713856;4016713786;4016716514;4016716137;4042712499;4028945088,3649,0.7634968484516306,-0.5695897832672057,0.1583503158992663
GSE308578,170,4016716208;4016712662;4016713856;4016713786;4016716514;4016716137;4016713700;4016714086,4028945057;4016713374;4042731431;4016712351;4042732101;4042712499;4016716106;4028945088,3737,0.751940058870752,-0.5754871507672995,0.14224159127639258
GSE308578,171,4016716208;4016712662;4016713856;4016713786;4016716514;4042731431;4016712351;4042712499,4028945057;4016713374;4016716137;4016713700;4042732101;4016716106;4016714086;4028945088,3744,0.7206196581196581,-0.5370171476983321,0.1449266547344341
GSE308578,172,4016716208;4016712662;4016713856;4016713786;4016716514;4042731431;4016712351;4016716106,4028945057;4016713374;4016716137;4016713700;4042732101;4042712499;4016714086;4028945088,3745,0.7308411214953271,-0.5556796266730477,0.15405025634237468
GSE308578,173,4016716208;4016712662;4016713856;4016713786;4016716514;4042731431;4016713700;4042712499,4028945057;4016713374;4016716137;4016712351;4042732101;4016716106;4016714086;4028945088,3877,0.6971885478462729,-0.4601666913830477,0.10360237987672338
GSE308578,174,4016716208;4016712662;4016713856;4016713786;4016716514;4016713700;4016714086;4028945088,4028945057;4016713374;4016716137;4042731431;4016712351;4042732101;4042712499;4016716106,3414,0.8260105448154658,-0.6970787705195929,0.22343952665085542
GSE308578,175,4016716208;4016712662;4016713856;4016713786;4016716137;4042731431;4016712351;4042732101,4028945057;4016713374;4016716514;4016713700;4042712499;4016716106;4016714086;4028945088,3644,0.7417672886937431,-0.5795906295821643,0.16980726199924934
GSE308578,176,4016716208;4016712662;4016713856;4016713786;4016716137;4042731431;4042712499;4016714086,4028945057;4016713374;4016716514;4016712351;4016713700;4042732101;4016716106;4028945088,3619,0.7474440453163858,-0.5711658164482792,0.1652258410277705
GSE308578,177,4016716208;4016712662;4016713856;4016713786;4016716137;4042731431;4016716106;4028945088,4028945057;4016713374;4016716514;4016712351;4016713700;4042732101;4042712499;4016714086,3368,0.8105700712589073,-0.6658901999005176,0.23896502801627184
GSE308578,178,4016716208;4016712662;4016713856;4016713786;4016716137;4016712351;4016713700;4016716106,4028945057;4016713374;4016716514;4042731431;4042732101;4042712499;4016714086;4028945088,3671,0.738218469081994,-0.5457471409555512,0.14509613808229194
GSE308578,179,4016716208;4016712662;4016713856;4016713786;4016716137;4016713700;4016714086;4028945088,4028945057;4016713374;4016716514;4042731431;4016712351;4042732101;4042712499;4016716106,3280,0.8271341463414634,-0.6928312345522424,0.23848560782941952
GSE308578,180,4016716208;4016712662;4016713856;4016716514;4016716137;4042731431;4016712351;4016716106,4028945057;4016713374;4016713786;4016713700;4042732101;4042712499;4016714086;4028945088,3888,0.6990740740740741,-0.4891762012152456,0.12113155233772116
GSE308578,181,4016716208;4016712662;4016713856;4016716514;4016716137;4042731431;4016713700;4016714086,4028945057;4016713374;4016713786;4016712351;4042732101;4042712499;4016716106;4028945088,3894,0.6820749871597329,-0.43782706442129776,0.09692595398492565
GSE308578,182,4016716208;4016712662;4016713856;4016716514;4016716137;4016712351;4042732101;4016714086,4028945057;4016713374;4016713786;4042731431;4016713700;4042712499;4016716106;4028945088,3786,0.7258320126782885,-0.5299789016285928,0.13395860133817838
GSE308578,183,4016716208;4016712662;4016713856;4016716514;4016716137;4016713700;4016714086;4028945088,4028945057;4016713374;4016713786;4042731431;4016712351;4042732101;4042712499;4016716106,3571,0.791094931391767,-0.6330058823184201,0.18047674200422636
GSE308578,184,4016716208;4016712662;4016713856;4016716514;4042731431;4016712351;4042732101;4028945088,4028945057;4016713374;4016713786;4016716137;4016713700;4042712499;4016716106;4016714086,3570,0.7624649859943977,-0.5905765199990728,0.19702925631847035
GSE308578,185,4016716208;4016712662;4016713856;4016716514;4016712351;4016713700;4042712499;4016714086,4028945057;4016713374;4016713786;4016716137;4042731431;4042732101;4016716106;4028945088,3845,0.6983094928478544,-0.4674203343306432,0.10723001303345003
GSE308578,186,4016716208;4016712662;4016713856;4016716514;4016712351;4016713700;4042712499;4028945088,4028945057;4016713374;4016713786;4016716137;4042731431;4042732101;4016716106;4016714086,3598,0.7745969983324069,-0.6072614243494638,0.17710352174811828
GSE308578,187,4016716208;4016712662;4016713856;4016716137;4042731431;4016712351;4042712499;4016716106,4028945057;4016713374;4016713786;4016716514;4016713700;4042732101;4016714086;4028945088,3821,0.6992933786966763,-0.4745234121785819,0.1199609492409155
GSE308578,188,4016716208;4016712662;4016713856;4016716137;4016712351;4042732101;4016716106;4016714086,4028945057;4016713374;4016713786;4016716514;4042731431;4016713700;4042712499;4028945088,3756,0.7260383386581469,-0.5183590434645607,0.14027981634350706
GSE308578,189,4016716208;4016712662;4016713856;4016716137;4016712351;4042712499;4016716106;4028945088,4028945057;4016713374;4016713786;4016716514;4042731431;4016713700;4042732101;4016714086,3495,0.7896995708154506,-0.6193244250588315,0.20695317879652197
GSE308578,190,4016716208;4016712662;4016713856;4016716137;4016713700;4042732101;4016714086;4028945088,4028945057;4016713374;4016713786;4016716514;4042731431;4016712351;4042712499;4016716106,3521,0.7827321783584209,-0.6063178161280773,0.18460824705705914
GSE308578,191,4016716208;4016712662;4016713856;4016716137;4042712499;4016716106;4016714086;4028945088,4028945057;4016713374;4016713786;4016716514;4042731431;4016712351;4016713700;4042732101,3528,0.7746598639455783,-0.5891162155939339,0.1931790140879044
GSE308578,192,4016716208;4016712662;4016713856;4042731431;4016713700;4042732101;4042712499;4016716106,4028945057;4016713374;4016713786;4016716514;4016716137;4016712351;4016714086;4028945088,4077,0.6100073583517293,-0.25996906913413054,0.06013586913920932
GSE308578,193,4016716208;4016712662;4016713856;4042731431;4016713700;4042732101;4042712499;4028945088,4028945057;4016713374;4016713786;4016716514;4016716137;4016712351;4016716106;4016714086,3673,0.7394500408385516,-0.5187263483315075,0.15349904762246602
GSE308578,194,4016716208;4016712662;4016713856;4016712351;4042712499;4016716106;4016714086;4028945088,4028945057;4016713374;4016713786;4016716514;4016716137;4042731431;4016713700;4042732101,3459,0.7944492627927147,-0.6115788410131734,0.21857812339122962
GSE308578,195,4016716208;4016712662;4016713856;4016713700;4042732101;4042712499;4016714086;4028945088,4028945057;4016713374;4016713786;4016716514;4016716137;4042731431;4016712351;4016716106,3611,0.758515646635281,-0.5540540912978089,0.1707579339204639
GSE308578,196,4016716208;4016712662;4016713786;4016716514;4016716137;4016712351;4016713700;4016714086,4028945057;4016713374;4016713856;4042731431;4042732101;4042712499;4016716106;4028945088,3679,0.7632508833922261,-0.6115522591951169,0.15313355762443992
GSE308578,197,4016716208;4016712662;4016713786;4016716514;4016716137;4042732101;4042712499;4016714086,4028945057;4016713374;4016713856;4042731431;4016712351;4016713700;4016716106;4028945088,3795,0.6811594202898551,-0.4538060571543425,0.1036225346385855
GSE308578,198,4016716208;4016712662;4016713786;4016716514;4016716137;4042732101;4016716106;4028945088,4028945057;4016713374;4016713856;4042731431;4016712351;4016713700;4042712499;4016714086,3554,0.7720877884074282,-0.614966857348225,0.1950819599910667
GSE308578,199,4016716208;4016712662;4016713786;4016716514;4042731431;4016712351;4016714086;4028945088,4028945057;4016713374;4016713856;4016716137;4016713700;4042732101;4042712499;4016716106,3344,0.7769138755980861,-0.6123129921960411,0.23401920453912983
GSE308578,200,4016716208;4016712662;4016713786;4016716514;4042731431;4042712499;4016714086;4028945088,4028945057;4016713374;4016713856;4016716137;4016712351;4016713700;4042732101;4016716106,3476,0.753452243958573,-0.563210592095879,0.1923902662228666
GSE308578,201,4016716208;4016712662;4016713786;4016716514;4016712351;4016713700;4016714086;4028945088,4028945057;4016713374;4016713856;4016716137;4042731431;4042732101;4042712499;4016716106,3367,0.8212058212058212,-0.6971562563290941,0.24244077839780465
GSE308578,202,4016716208;4016712662;4016713786;4016716137;4042731431;4016713700;4042732101;4042712499,4028945057;4016713374;4016713856;4016716514;4016712351;4016716106;4016714086;4028945088,3835,0.6821382007822686,-0.4306676945243717,0.103963396886944
GSE308578,203,4016716208;4016712662;4016713786;4016716137;4016712351;4016713700;4042732101;4028945088,4028945057;4016713374;4016713856;4016716514;4042731431;4042712499;4016716106;4016714086,3391,0.8112651135358301,-0.6802731849046558,0.23638397137845324
GSE308578,204,4016716208;4016712662;4016713786;4042731431;4016712351;4016713700;4042712499;4028945088,4028945057;4016713374;4016713856;4016716514;4016716137;4042732101;4016716106;4016714086,3417,0.7989464442493416,-0.6484291079218231,0.22793645448419042
GSE308578,205,4016716208;4016712662;4016713786;4042731431;4016713700;4042732101;4016716106;4028945088,4028945057;4016713374;4016713856;4016716514;4016716137;4016712351;4042712499;4016714086,3540,0.7774011299435029,-0.6078139513628504,0.19632411491000856
GSE308578,206,4016716208;4016712662;4016713786;4016712351;4042732101;4016716106;4016714086;4028945088,4028945057;4016713374;4016713856;4016716514;4016716137;4042731431;4016713700;4042712499,3340,0.7856287425149701,-0.6359290126406506,0.2473477071279473
GSE308578,207,4016716208;4016712662;4016716514;4016716137;4016712351;4016713700;4042732101;4016716106,4028945057;4016713374;4016713856;4016713786;4042731431;4042712499;4016714086;4028945088,3983,0.6678383128295254,-0.4019178617421621,0.08009617130896496
GSE308578,208,4016716208;4016712662;4016716514;4016716137;4016712351;4042732101;4016716106;4016714086,4028945057;4016713374;4016713856;4016713786;4042731431;4016713700;4042712499;4028945088,3877,0.6879030177972659,-0.46482039331921643,0.11021115108303747
GSE308578,209,4016716208;4016712662;4016716514;4042731431;4016712351;4016713700;4042712499;4028945088,4028945057;4016713374;4016713856;4016713786;4016716137;4042732101;4016716106;4016714086,3673,0.7576912605499592,-0.5722655590373351,0.16508803206711375
GSE308578,210,4016716208;4016712662;4016716137;4042731431;4016712351;4016713700;4042732101;4028945088,4028945057;4016713374;4016713856;4016713786;4016716514;4042712499;4016716106;4016714086,3554,0.7830613393359594,-0.6120489444368794,0.19288729342587713
GSE308578,211,4016716208;4016712662;4016716137;4042731431;4016712351;4016713700;4042712499;4016716106,4028945057;4016713374;4016713856;4016713786;4016716514;4042732101;4016714086;4028945088,3906,0.6707629288274449,-0.40041208243601767,0.09576092015567106
GSE308578,212,4016716208;4016712662;4016716137;4042731431;4042732101;4016716106;4016714086;4028945088,4028945057;4016713374;4016713856;4016713786;4016716514;4016712351;4016713700;4042712499,3603,0.7563141826255898,-0.5598342970179528,0.18465269363303705
GSE308578,213,4016716208;4016712662;4016716137;4016712351;4016713700;4042712499;4016716106;4028945088,4028945057;4016713374;4016713856;4016713786;4016716514;4042731431;4042732101;4016714086,3608,0.7649667405764967,-0.5809024397259783,0.17497708335478945
GSE308578,214,4016716208;4016712662;4016712351;4016713700;4042732101;4042712499;4016716106;4028945088,4028945057;4016713374;4016713856;4016713786;4016716514;4016716137;4042731431;4016714086,3666,0.7498636115657392,-0.5513882375575817,0.16427300185539928
GSE308578,215,4016716208;4016712662;4016713700;4042732101;4042712499;4016716106;4016714086;4028945088,4028945057;4016713374;4016713856;4016713786;4016716514;4016716137;4042731431;4016712351,3697,0.7354611847443874,-0.5116921098524186,0.147176606029781
GSE308578,216,4016716208;4016713856;4016713786;4016716514;4042731431;4016712351;4042732101;4028945088,4028945057;4016713374;4016712662;4016716137;4016713700;4042712499;4016716106;4016714086,3275,0.803969465648855,-0.6645761037534295,0.2621898023728111
GSE308578,217,4016716208;4016713856;4016713786;4016716514;4042731431;4042712499;4016716106;4028945088,4028945057;4016713374;4016712662;4016716137;4016712351;4016713700;4042732101;4016714086,3431,0.7977266103176917,-0.6448003599134643,0.23111317518208718
GSE308578,218,4016716208;4016713856;4016713786;4016716514;4016712351;4042712499;4016716106;4028945088,4028945057;4016713374;4016712662;4016716137;4042731431;4016713700;4042732101;4016714086,3326,0.8226097414311485,-0.684295484249094,0.25707600655792406
GSE308578,219,4016716208;4016713856;4016713786;4016716514;4016713700;4042732101;4042712499;4016716106,4028945057;4016713374;4016712662;4016716137;4042731431;4016712351;4016714086;4028945088,3832,0.699634655532359,-0.4804225743558347,0.11125443817010394
GSE308578,220,4016716208;4016713856;4016713786;4016716514;4042732101;4016716106;4016714086;4028945088,4028945057;4016713374;4016712662;4016716137;4042731431;4016712351;4016713700;4042712499,3335,0.8164917541229385,-0.6737359626324172,0.25332930293085987
GSE308578,221,4016716208;4016713856;4016713786;4016716514;4042712499;4016716106;4016714086;4028945088,4028945057;4016713374;4016712662;4016716137;4042731431;4016712351;4016713700;4042732101,3349,0.8178560764407286,-0.666952573107007,0.24791372965848435
GSE308578,222,4016716208;4016713856;4016713786;4016712351;4016713700;4042712499;4016716106;4016714086,4028945057;4016713374;4016712662;4016716514;4016716137;4042731431;4042732101;4028945088,3550,0.7690140845070422,-0.577702891206926,0.1760577428219383
GSE308578,223,4016716208;4016713856;4016713786;4042732101;4042712499;4016716106;4016714086;4028945088,4028945057;4016713374;4016712662;4016716514;4016716137;4042731431;4016712351;4016713700,3324,0.8068592057761733,-0.648375950517585,0.2514663114755695
GSE308578,224,4016716208;4016713856;4016716514;4016716137;4042731431;4016713700;4016716106;4016714086,4028945057;4016713374;4016712662;4016713786;4016712351;4042732101;4042712499;4028945088,3842,0.6985944820406038,-0.4611125988820516,0.1076216563416218
GSE308578,225,4016716208;4016713856;4016716514;4016716137;4016712351;4016713700;4042712499;4028945088,4028945057;4016713374;4016712662;4016713786;4042731431;4042732101;4016716106;4016714086,3469,0.7990775439607957,-0.6494297474267742,0.20266971110341636
GSE308578,226,4016716208;4016713856;4016716514;4042731431;4016712351;4016713700;4016716106;4016714086,4028945057;4016713374;4016712662;4016713786;4016716137;4042732101;4042712499;4028945088,3762,0.7328548644338118,-0.5277984413982175,0.13368490041354453
GSE308578,227,4016716208;4016713856;4016716514;4042731431;4016712351;4042732101;4042712499;4016716106,4028945057;4016713374;4016712662;4016713786;4016716137;4016713700;4016714086;4028945088,3885,0.6898326898326899,-0.45511838376885627,0.11313084784096716
GSE308578,228,4016716208;4016713856;4016716514;4042731431;4016712351;4042732101;4042712499;4028945088,4028945057;4016713374;4016712662;4016713786;4016716137;4016713700;4016716106;4016714086,3482,0.7828834003446296,-0.608863928313798,0.21202268468685648
GSE308578,229,4016716208;4016713856;4016716514;4016712351;4016713700;4042732101;4042712499;4016714086,4028945057;4016713374;4016712662;4016713786;4016716137;4042731431;4016716106;4028945088,3785,0.7141347424042273,-0.4987644501392208,0.12375615328257439
GSE308578,230,4016716208;4016713856;4016716137;4042731431;4016712351;4016713700;4042732101;4016714086,4028945057;4016713374;4016712662;4016713786;4016716514;4042712499;4016716106;4028945088,3660,0.7461748633879781,-0.5526100105652635,0.1537993801775841
GSE308578,231,4016716208;4016713856;4016716137;4042731431;4016712351;4016716106;4016714086;4028945088,4028945057;4016713374;4016712662;4016713786;4016716514;4016713700;4042732101;4042712499,3256,0.8187960687960688,-0.6612015154974736,0.2574198864758537
GSE308578,232,4016716208;4016713856;4016716137;4042731431;4016713700;4016716106;4016714086;4028945088,4028945057;4016713374;4016712662;4016713786;4016716514;4016712351;4042732101;4042712499,3443,0.7908800464711008,-0.6052394086386199,0.2008770670313913
GSE308578,233,4016716208;4016713856;4016716137;4016712351;4042732101;4042712499;4016716106;4028945088,4028945057;4016713374;4016712662;4016713786;4016716514;4042731431;4016713700;4016714086,3438,0.7911576497963932,-0.6235133159228766,0.2204627780342614
GSE308578,234,4016716208;4016713786;4016716514;4016716137;4042731431;4016713700;4042712499;4016716106,4028945057;4016713374;4016712662;4016713856;4016712351;4042732101;4016714086;4028945088,3823,0.7091289563170285,-0.49047785858898907,0.11514268596072785
GSE308578,235,4016716208;4016713786;4016716514;4016716137;4042731431;4042732101;4042712499;4016716106,4028945057;4016713374;4016712662;4016713856;4016712351;4016713700;4016714086;4028945088,3825,0.6826143790849674,-0.4540475027036494,0.10675197026740957
GSE308578,236,4016716208;4016713786;4016716514;4016716137;4016712351;4016713700;4042712499;4016716106,4028945057;4016713374;4016712662;4016713856;4042731431;4042732101;4016714086;4028945088,3741,0.7508687516706762,-0.571491889328622,0.1416247207451482
GSE308578,237,4016716208;4016713786;4016716514;4016716137;4016712351;4016713700;4016714086;4028945088,4028945057;4016713374;4016712662;4016713856;4042731431;4042732101;4042712499;4016716106,3224,0.8464640198511166,-0.7365129802463027,0.2731927907983063
GSE308578,238,4016716208;4016713786;4016716514;4016716137;4016712351;4042712499;4016716106;4028945088,4028945057;4016713374;4016712662;4016713856;4042731431;4016713700;4042732101;4016714086,3347,0.8069913355243502,-0.6785910361083372,0.2533135322276818
GSE308578,239,4016716208;4016713786;4016716514;4016716137;4042732101;4042712499;4016716106;4028945088,4028945057;4016713374;4016712662;4016713856;4042731431;4016712351;4016713700;4016714086,3498,0.7818753573470555,-0.6276605006094806,0.20285285983236334
GSE308578,240,4016716208;4016713786;4016716514;4042731431;4016712351;4016713700;4042732101;4016716106,4028945057;4016713374;4016712662;4016713856;4016716137;4042712499;4016714086;4028945088,3740,0.7296791443850268,-0.5458424232557594,0.13809513860752554
GSE308578,241,4016716208;4016713786;4016716514;4042731431;4016712351;4016716106;4016714086;4028945088,4028945057;4016713374;4016712662;4016713856;4016716137;4016713700;4042732101;4042712499,3278,0.7925564368517388,-0.6373167391684176,0.27170603593295073
GSE308578,242,4016716208;4016713786;4016716137;4042731431;4016712351;4042732101;4016716106;4016714086,4028945057;4016713374;4016712662;4016713856;4016716514;4016713700;4042712499;4028945088,3561,0.7509126649817467,-0.58517070217253,0.19301924827693284
GSE308578,243,4016716208;4016713786;4016716137;4042731431;4016712351;4042732101;4016716106;4028945088,4028945057;4016713374;4016712662;4016713856;4016716514;4016713700;4042712499;4016714086,3270,0.7923547400611621,-0.651220615293855,0.26305329041167336
GSE308578,244,4016716208;4016713786;4016716137;4016712351;4016713700;4042712499;4016716106;4016714086,4028945057;4016713374;4016712662;4016713856;4016716514;4042731431;4042732101;4028945088,3586,0.7699386503067485,-0.5908741081635052,0.17348284506546463
GSE308578,245,4016716208;4016713786;4016716137;4016712351;4042732101;4042712499;4016714086;4028945088,4028945057;4016713374;4016712662;4016713856;4016716514;4042731431;4016713700;4016716106,3192,0.8139097744360902,-0.6721803266368873,0.2707850487546697
GSE308578,246,4016716208;4016713786;4042731431;4016712351;4042732101;4042712499;4016716106;4016714086,4028945057;4016713374;4016712662;4016713856;4016716514;4016716137;4016713700;4028945088,3636,0.727997799779978,-0.5305101604813138,0.16336483941260038
GSE308578,247,4016716208;4016713786;4016712351;4016713700;4042712499;4016716106;4016714086;4028945088,4028945057;4016713374;4016712662;4016713856;4016716514;4016716137;4042731431;4042732101,3268,0.8209914320685434,-0.6711537543576875,0.2524823979301227
GSE308578,248,4016716208;4016716514;4016716137;4042731431;4016712351;4042732101;4016716106;4016714086,4028945057;4016713374;4016712662;4016713856;4016713786;4016713700;4042712499;4028945088,3801,0.7050776111549593,-0.49403542350897317,0.12913791261794305
GSE308578,249,4016716208;4016716514;4016716137;4042731431;4016713700;4042732101;4042712499;4028945088,4028945057;4016713374;4016712662;4016713856;4016713786;4016712351;4016716106;4016714086,3642,0.7515101592531576,-0.5474277339305134,0.15492918259893906
GSE308578,250,4016716208;4016716514;4016716137;4042731431;4042732101;4042712499;4016714086;4028945088,4028945057;4016713374;4016712662;4016713856;4016713786;4016712351;4016713700;4016716106,3575,0.7465734265734266,-0.5489776788599756,0.17375999266801312
GSE308578,251,4016716208;4016716514;4016716137;4016712351;4016713700;4042732101;4042712499;4028945088,4028945057;4016713374;4016712662;4016713856;4016713786;4042731431;4016716106;4016714086,3565,0.7873772791023843,-0.6279683315190864,0.18780133502475493
GSE308578,252,4016716208;4016716514;4016716137;4016713700;4042712499;4016716106;4016714086;4028945088,4028945057;4016713374;4016712662;4016713856;4016713786;4042731431;4016712351;4042732101,3628,0.7750826901874311,-0.585477622442714,0.1666845974875968
GSE308578,253,4016716208;4016716514;4042731431;4016713700;4042712499;4016716106;4016714086;4028945088,4028945057;4016713374;4016712662;4016713856;4016713786;4016716137;4016712351;4042732101,3633,0.7566749243049821,-0.5522292485237212,0.16356526414552264
GSE308578,254,4016716208;4016716137;4042731431;4016713700;4042732101;4042712499;4016716106;4028945088,4028945057;4016713374;4016712662;4016713856;4016713786;4016716514;4016712351;4016714086,3657,0.7470604320481269,-0.5296548554314554,0.16191258798085562
GSE308578,255,4028945057;4016713374;4016712662;4016713856;4016713786;4016716514;4016713700;4028945088,4016716208;4016716137;4042731431;4016712351;4042732101;4042712499;4016716106;4016714086,3577,0.776908023483366,-0.5987722812512793,0.16323906011912204
GSE308578,256,4028945057;4016713374;4016712662;4016713856;4016713786;4042731431;4042712499;4016716106,4016716208;4016716514;4016716137;4016712351;4016713700;4042732101;4016714086;4028945088,3890,0.677892030848329,-0.42794025874662794,0.10496198858010897
GSE308578,257,4028945057;4016713374;4016712662;4016713856;4016713786;4042731431;4042712499;4028945088,4016716208;4016716514;4016716137;4016712351;4016713700;4042732101;4016716106;4016714086,3490,0.7733524355300859,-0.6082777344597036,0.2022330484802073
GSE308578,258,4028945057;4016713374;4016712662;4016713856;4016713786;4016713700;4042732101;4042712499,4016716208;4016716514;4016716137;4042731431;4016712351;4016716106;4016714086;4028945088,3911,0.6535412937867553,-0.378936710294473,0.08829741125646695
GSE308578,259,4028945057;4016713374;4016712662;4016713856;4016713786;4042712499;4016716106;4028945088,4016716208;4016716514;4016716137;4042731431;4016712351;4016713700;4042732101;4016714086,3547,0.7682548632647308,-0.5935902897984602,0.18225957163519313
GSE308578,260,4028945057;4016713374;4016712662;4016713856;4016716514;4042731431;4016712351;4016716106,4016716208;4016713786;4016716137;4016713700;4042732101;4042712499;4016714086;4028945088,4010,0.6379052369077307,-0.3540434346704271,0.08055256864624605
GSE308578,261,4028945057;4016713374;4016712662;4016713856;4016716514;4042731431;4016713700;4016716106,4016716208;4016713786;4016716137;4016712351;4042732101;4042712499;4016714086;4028945088,4103,0.5695832317816232,-0.16916938492242692,0.0300728716888381
GSE308578,262,4028945057;4016713374;4016712662;4016713856;4016716514;4016712351;4042732101;4016714086,4016716208;4016713786;4016716137;4042731431;4016713700;4042712499;4016716106;4028945088,3914,0.6704138988247317,-0.4280136373521049,0.0994610654268886
GSE308578,263,4028945057;4016713374;4016712662;4016713856;4016716514;4016712351;4042712499;4016716106,4016716208;4016713786;4016716137;4042731431;4016713700;4042732101;4016714086;4028945088,4019,0.6352326449365514,-0.348711527719392,0.0726835395531733
GSE308578,264,4028945057;4016713374;4016712662;4016713856;4016716514;4016712351;4042712499;4028945088,4016716208;4016713786;4016716137;4042731431;4016713700;4042732101;4016716106;4016714086,3643,0.7529508646719737,-0.5747679464203005,0.1657679903579803
GSE308578,265,4028945057;4016713374;4016712662;4016713856;4016716514;4042732101;4016716106;4028945088,4016716208;4016713786;4016716137;4042731431;4016712351;4016713700;4042712499;4016714086,3779,0.7073299814765811,-0.47940798757508823,0.12850058818048637
GSE308578,266,4028945057;4016713374;4016712662;4016713856;4042732101;4042712499;4016716106;4016714086,4016716208;4016713786;4016716514;4016716137;4042731431;4016712351;4016713700;4028945088,4033,0.6290602529134639,-0.3137707522759694,0.06866891245861861
GSE308578,267,4028945057;4016713374;4016712662;4016713786;4016716514;4016716137;4016713700;4028945088,4016716208;4016713856;4042731431;4016712351;4042732101;4042712499;4016716106;4016714086,3623,0.7703560585150427,-0.6010846576477136,0.16590387609422175
GSE308578,268,4028945057;4016713374;4016712662;4016713786;4016716514;4016716137;4016716106;4028945088,4016716208;4016713856;4042731431;4016712351;4016713700;4042732101;4042712499;4016714086,3610,0.7548476454293629,-0.5817903721319033,0.16991474624318537
GSE308578,269,4028945057;4016713374;4016712662;4016713786;4016716514;4016712351;4016713700;4042712499,4016716208;4016713856;4016716137;4042731431;4042732101;4016716106;4016714086;4028945088,3911,0.680644336486832,-0.45844959461026213,0.09907476783290825
GSE308578,270,4028945057;4016713374;4016712662;4016713786;4016716514;4016712351;4016716106;4016714086,4016716208;4016713856;4016716137;4042731431;4016713700;4042732101;4042712499;4028945088,3818,0.6864850707176532,-0.4922526122867363,0.12413747722009805
GSE308578,271,4028945057;4016713374;4016712662;4016713786;4016716514;4016712351;4016716106;4028945088,4016716208;4016713856;4016716137;4042731431;4016713700;4042732101;4042712499;4016714086,3537,0.7492225049476958,-0.5858112709759071,0.18585895286144183
GSE308578,272,4028945057;4016713374;4016712662;4016713786;4016716514;4016712351;4016714086;4028945088,4016716208;4016713856;4016716137;4042731431;4016713700;4042732101;4042712499;4016716106,3423,0.7709611451942741,-0.6188020016476835,0.21969056502944273
GSE308578,273,4028945057;4016713374;4016712662;4016713786;4016716514;4042732101;4016716106;4028945088,4016716208;4016713856;4016716137;4042731431;4016712351;4016713700;4042712499;4016714086,3715,0.7230148048452221,-0.5309211343096907,0.15519752118376484
GSE308578,274,4028945057;4016713374;4016712662;4016713786;4016716137;4042731431;4016712351;4016716106,4016716208;4016713856;4016716514;4016713700;4042732101;4042712499;4016714086;4028945088,3762,0.6810207336523126,-0.4810043062677534,0.12872571359343254
GSE308578,275,4028945057;4016713374;4016712662;4016713786;4016716137;4016716106;4016714086;4028945088,4016716208;4016713856;4016716514;4042731431;4016712351;4016713700;4042732101;4042712499,3445,0.7793904208998549,-0.6215144399029409,0.20868237173276816
GSE308578,276,4028945057;4016713374;4016712662;4016713786;4042731431;4016713700;4016716106;4016714086,4016716208;4016713856;4016716514;4016716137;4016712351;4042732101;4042712499;4028945088,3859,0.6973309147447525,-0.45446838046263793,0.10579034457397718
GSE308578,277,4028945057;4016713374;4016712662;4016713786;4016712351;4042732101;4016714086;4028945088,4016716208;4016713856;4016716514;4016716137;4042731431;4016713700;4042712499;4016716106,3408,0.7652582159624414,-0.6152525643558552,0.22562828915947275
GSE308578,278,4028945057;4016713374;4016712662;4016716514;4042731431;4016712351;4042712499;4016714086,4016716208;4016713856;4016713786;4016716137;4016713700;4042732101;4016716106;4028945088,3981,0.6420497362471741,-0.3848604362236464,0.0863966821243718
GSE308578,279,4028945057;4016713374;4016712662;4016716514;4016712351;4016713700;4016716106;4016714086,4016716208;4016713856;4016713786;4016716137;4042731431;4042732101;4042712499;4028945088,3991,0.6487095965923327,-0.3727730127126897,0.07470684265582683
GSE308578,280,4028945057;4016713374;4016712662;4016716514;4016713700;4042732101;4016716106;4016714086,4016716208;4016713856;4016713786;4016716137;4042731431;4016712351;4042712499;4028945088,4120,0.5910194174757282,-0.23667961718594885,0.043924134153919825
GSE308578,281,4028945057;4016713374;4016712662;4016716137;4042731431;4042712499;4016714086;4028945088,4016716208;4016713856;4016713786;4016716514;4016712351;4016713700;4042732101;4016716106,3644,0.75192096597146,-0.5616717700637538,0.17475133972789703
GSE308578,282,4028945057;4016713374;4016712662;4016716137;4016712351;4016713700;4042732101;4016714086,4016716208;4016713856;4016713786;4016716514;4042731431;4042712499;4016716106;4028945088,3908,0.6755373592630501,-0.41651046201690717,0.0964486577104644
GSE308578,283,4028945057;4016713374;4016712662;4016716137;4016712351;4042732101;4042712499;4016714086,4016716208;4016713856;4016713786;4016716514;4042731431;4016713700;4016716106;4028945088,3921,0.6681968885488396,-0.4321955364034919,0.10670715877968817
GSE308578,284,4028945057;4016713374;4016712662;4016716137;4042732101;4042712499;4016714086;4028945088,4016716208;4016713856;4016713786;4016716514;4042731431;4016712351;4016713700;4016716106,3686,0.7362995116657624,-0.5479731115400659,0.16029514172825454
GSE308578,285,4028945057;4016713374;4016712662;4042731431;4016713700;4042712499;4016716106;4028945088,4016716208;4016713856;4016713786;4016716514;4016716137;4016712351;4042732101;4016714086,3813,0.7065302911093627,-0.4528747100473627,0.11777019096638153
GSE308578,286,4028945057;4016713374;4016712662;4016712351;4016713700;4042712499;4016714086;4028945088,4016716208;4016713856;4016713786;4016716514;4016716137;4042731431;4042732101;4016716106,3583,0.7756070332123919,-0.5893055017760046,0.17196627060010883
GSE308578,287,4028945057;4016713374;4016713856;4016713786;4016716514;4016716137;4042731431;4028945088,4016716208;4016712662;4016712351;4016713700;4042732101;4042712499;4016716106;4016714086,3392,0.7880306603773585,-0.6445645293014602,0.22107139664145437
GSE308578,288,4028945057;4016713374;4016713856;4016713786;4016716514;4016716137;4016713700;4042732101,4016716208;4016712662;4042731431;4016712351;4042712499;4016716106;4016714086;4028945088,3810,0.689501312335958,-0.4385232344474483,0.10237893511804996
GSE308578,289,4028945057;4016713374;4016713856;4016713786;4016716514;4042731431;4016713700;4016716106,4016716208;4016712662;4016716137;4016712351;4042732101;4042712499;4016714086;4028945088,3837,0.691164972634871,-0.43800456784454167,0.09721863404754494
GSE308578,290,4028945057;4016713374;4016713856;4016713786;4016716137;4042731431;4016713700;4016716106,4016716208;4016712662;4016716514;4016712351;4042732101;4042712499;4016714086;4028945088,3745,0.7012016021361815,-0.43595003910736335,0.10585130297456025
GSE308578,291,4028945057;4016713374;4016713856;4016716514;4016716137;4042731431;4042732101;4028945088,4016716208;4016712662;4016713786;4016712351;4016713700;4042712499;4016716106;4016714086,3608,0.7475055432372506,-0.5532670743294252,0.16740542332771824
GSE308578,292,4028945057;4016713374;4016713856;4016716514;4016716137;4016712351;4016713700;4016714086,4016716208;4016712662;4016713786;4042731431;4042732101;4042712499;4016716106;4028945088,3769,0.7107986203236933,-0.4797292355864438,0.11176292764615514
GSE308578,293,4028945057;4016713374;4016713856;4016716514;4016716137;4016712351;4042712499;4016716106,4016716208;4016712662;4016713786;4042731431;4016713700;4042732101;4016714086;4028945088,3900,0.6797435897435897,-0.4339369536295978,0.10005694068051829
GSE308578,294,4028945057;4016713374;4016713856;4016716514;4042731431;4016713700;4042732101;4042712499,4016716208;4016712662;4016713786;4016716137;4016712351;4016716106;4016714086;4028945088,4049,0.6124969128179798,-0.264467516734958,0.05687205515916993
GSE308578,295,4028945057;4016713374;4016713856;4016716514;4042731431;4042732101;4042712499;4016714086,4016716208;4016712662;4016713786;4016716137;4016712351;4016713700;4016716106;4028945088,3980,0.6590452261306533,-0.3967602277933713,0.0910074408219601
GSE308578,296,4028945057;4016713374;4016713856;4016716514;4042731431;4016716106;4016714086;4028945088,4016716208;4016712662;4016713786;4016716137;4016712351;4016713700;4042732101;4042712499,3565,0.7649368863955119,-0.5802767211322691,0.17922748289049473
GSE308578,297,4028945057;4016713374;4016713856;4016716514;4016712351;4016713700;4016716106;4028945088,4016716208;4016712662;4016713786;4016716137;4042731431;4042732101;4042712499;4016714086,3535,0.7691654879773692,-0.5739171529954156,0.15150618833355
GSE308578,298,4028945057;4016713374;4016713856;4016716137;4042731431;4016713700;4042712499;4028945088,4016716208;4016712662;4016713786;4016716514;4016712351;4042732101;4016716106;4016714086,3584,0.751953125,-0.537509012118727,0.15882979761097182
GSE308578,299,4028945057;4016713374;4016713856;4016716137;4042731431;4016713700;4016714086;4028945088,4016716208;4016712662;4016713786;4016716514;4016712351;4042732101;4042712499;4016716106,3476,0.7804948216340621,-0.6001994691748921,0.178264632360579
GSE308578,300,4028945057;4016713374;4016713856;4016716137;4042731431;4042712499;4016714086;4028945088,4016716208;4016712662;4016713786;4016716514;4016712351;4016713700;4042732101;4016716106,3460,0.7910404624277456,-0.6149803686603592,0.2070791164159984
GSE308578,301,4028945057;4016713374;4016713856;4016716137;4016713700;4042732101;4042712499;4016714086,4016716208;4016712662;4016713786;4016716514;4042731431;4016712351;4016716106;4028945088,3877,0.6654629868454991,-0.36343595586791133,0.08814792156418871
GSE308578,302,4028945057;4016713374;4016713856;4042731431;4016712351;4016713700;4042712499;4028945088,4016716208;4016712662;4016713786;4016716514;4016716137;4042732101;4016716106;4016714086,3512,0.7764806378132119,-0.5889929940289163,0.18065309701440957
GSE308578,303,4028945057;4016713374;4016713856;4016712351;4016713700;4042732101;4016716106;4016714086,4016716208;4016712662;4016713786;4016716514;4016716137;4042731431;4042712499;4028945088,3802,0.6841136244082062,-0.4161149643058453,0.09782844566426263
GSE308578,304,4028945057;4016713374;4016713856;4016712351;4016713700;4042732101;4016716106;4028945088,4016716208;4016712662;4016713786;4016716514;4016716137;4042731431;4042712499;4016714086,3521,0.7597273501846067,-0.55258079748901,0.15429919068453213
GSE308578,305,4028945057;4016713374;4016713856;4016713700;4042712499;4016716106;4016714086;4028945088,4016716208;4016712662;4016713786;4016716514;4016716137;4042731431;4016712351;4042732101,3587,0.7527181488709228,-0.5234800253792401,0.1457517540925508
GSE308578,306,4028945057;4016713374;4016713786;4016716514;4016716137;4042731431;4016712351;4042712499,4016716208;4016712662;4016713856;4016713700;4042732101;4016716106;4016714086;4028945088,3768,0.7099256900212314,-0.526078246280487,0.13947874262900495
GSE308578,307,4028945057;4016713374;4016713786;4016716514;4016716137;4042731431;4016713700;4042712499,4016716208;4016712662;4016713856;4016712351;4042732101;4016716106;4016714086;4028945088,3881,0.7008502963153826,-0.4597110251233292,0.10493583655276051
GSE308578,308,4028945057;4016713374;4016713786;4016716514;4016716137;4042731431;4016713700;4016714086,4016716208;4016712662;4016713856;4016712351;4042732101;4042712499;4016716106;4028945088,3775,0.730066225165563,-0.5368365462499204,0.1297227651446331
GSE308578,309,4028945057;4016713374;4016713786;4016716514;4016716137;4016712351;4016716106;4028945088,4016716208;4016712662;4016713856;4042731431;4016713700;4042732101;4042712499;4016714086,3397,0.782455107447748,-0.6390149886482374,0.2218520097628207
GSE308578,310,4028945057;4016713374;4016713786;4016716514;4016716137;4016712351;4016714086;4028945088,4016716208;4016712662;4016713856;4042731431;4016713700;4042732101;4042712499;4016716106,3276,0.7967032967032966,-0.668068554357587,0.25322400111500626
GSE308578,311,4028945057;4016713374;4016713786;4016716514;4016716137;4016713700;4016716106;4028945088,4016716208;4016712662;4016713856;4042731431;4016712351;4042732101;4042712499;4016714086,3538,0.7916902204635388,-0.625168638575495,0.17775569841206806
GSE308578,312,4028945057;4016713374;4016713786;4016716514;4042731431;4042712499;4016714086;4028945088,4016716208;4016712662;4016713856;4016716137;4016712351;4016713700;4042732101;4016716106,3479,0.7709111813739581,-0.6131589070992183,0.21240304482970673
GSE308578,313,4028945057;4016713374;4016713786;4016716514;4016712351;4042732101;4016716106;4016714086,4016716208;4016712662;4016713856;4016716137;4042731431;4016713700;4042712499;4028945088,3784,0.7061310782241015,-0.5189799523812414,0.13779964508829945
GSE308578,314,4028945057;4016713374;4016713786;4016716514;4016712351;4042712499;4016716106;4028945088,4016716208;4016712662;4016713856;4016716137;4042731431;4016713700;4042732101;4016714086,3488,0.7720756880733946,-0.6230461877733185,0.20787456092630752
GSE308578,315,4028945057;4016713374;4016713786;4016716137;4042731431;4016712351;4042732101;4016716106,4016716208;4016712662;4016713856;4016716514;4016713700;4042712499;4016714086;4028945088,3742,0.6969535008017104,-0.5026988283046352,0.14423487484937714
GSE308578,316,4028945057;4016713374;4016713786;4016716137;4042731431;4042712499;4016716106;4016714086,4016716208;4016712662;4016713856;4016716514;4016712351;4016713700;4042732101;4028945088,3753,0.7220889954702905,-0.5219420718393688,0.1392497020528145
GSE308578,317,4028945057;4016713374;4016713786;4016716137;4016713700;4042732101;4016716106;4028945088,4016716208;4016712662;4016713856;4016716514;4042731431;4016712351;4042712499;4016714086,3532,0.782559456398641,-0.6021692002392747,0.17956707196355726
GSE308578,318,4028945057;4016713374;4016713786;4016716137;4016713700;4042712499;4016716106;4016714086,4016716208;4016712662;4016713856;4016716514;4042731431;4016712351;4042732101;4028945088,3770,0.7214854111405835,-0.48823927190479893,0.11383661189720867
GSE308578,319,4028945057;4016713374;4016713786;4042731431;4016713700;4042732101;4042712499;4028945088,4016716208;4016712662;4016713856;4016716514;4016716137;4016712351;4016716106;4016714086,3552,0.7837837837837838,-0.6134710958056842,0.19385820815811033
GSE308578,320,4028945057;4016713374;4016716514;4016716137;4042731431;4016713700;4016714086;4028945088,4016716208;4016712662;4016713856;4016713786;4016712351;4042732101;4042712499;4016716106,3590,0.7835654596100279,-0.6104783343598585,0.17219009125290374
GSE308578,321,4028945057;4016713374;4016716514;4016716137;4016713700;4042732101;4042712499;4016714086,4016716208;4016712662;4016713856;4016713786;4042731431;4016712351;4016716106;4028945088,4012,0.6535393818544367,-0.3605529319257391,0.07004086520055575
GSE308578,322,4028945057;4016713374;4016716514;4016716137;4016713700;4016716106;4016714086;4028945088,4016716208;4016712662;4016713856;4016713786;4042731431;4016712351;4042732101;4042712499,3635,0.7766162310866574,-0.5834381592908985,0.14935842308571257
GSE308578,323,4028945057;4016713374;4016716514;4042731431;4042732101;4042712499;4016716106;4016714086,4016716208;4016712662;4016713856;4016713786;4016716137;4016712351;4016713700;4028945088,4072,0.6166502946954814,-0.31670209637653396,0.06519866707713784
GSE308578,324,4028945057;4016713374;4016716514;4042731431;4042732101;4042712499;4016714086;4028945088,4016716208;4016712662;4016713856;4016713786;4016716137;4016712351;4016713700;4016716106,3693,0.7305713512049824,-0.5242359497180359,0.16178622244902408
GSE308578,325,4028945057;4016713374;4016716514;4016712351;4016713700;4042712499;4016716106;4028945088,4016716208;4016712662;4016713856;4016713786;4016716137;4042731431;4042732101;4016714086,3670,0.7591280653950954,-0.5659553078621342,0.14799860896285297
GSE308578,326,4028945057;4016713374;4016716514;4016713700;4042732101;4042712499;4016716106;4016714086,4016716208;4016712662;4016713856;4016713786;4016716137;4042731431;4016712351;4028945088,4070,0.6201474201474202,-0.29380108290267654,0.053216642905393075
GSE308578,327,4028945057;4016713374;4016716514;4016713700;4042732101;4016716106;4016714086;4028945088,4016716208;4016712662;4016713856;4016713786;4016716137;4042731431;4016712351;4042712499,3711,0.7590945836701698,-0.5562698093728077,0.1417357330250113
GSE308578,328,4028945057;4016713374;4016716137;4042731431;4016712351;4016713700;4016716106;4028945088,4016716208;4016712662;4016713856;4016713786;4016716514;4042732101;4042712499;4016714086,3506,0.7661152310325157,-0.5822842019766955,0.17115307183467765
GSE308578,329,4028945057;4016713374;4016716137;4042731431;4016713700;4042732101;4016716106;4028945088,4016716208;4016712662;4016713856;4016713786;4016716514;4016712351;4042712499;4016714086,3683,0.7390714091773011,-0.5077126575972103,0.1395587002121319
GSE308578,330,4028945057;4016712662;4016713856;4016713786;4016716514;4042732101;4042712499;4016714086,4016716208;4016713374;4016716137;4042731431;4016712351;4016713700;4016716106;4028945088,4061,0.5759665107116474,-0.29234091478658,0.04815864800329761
GSE308578,331,4028945057;4016712662;4016713856;4016713786;4016716514;4042732101;4016716106;4016714086,4016716208;4016713374;4016716137;4042731431;4016712351;4016713700;4042712499;4028945088,4082,0.6031357177853993,-0.31771072515862686,0.06352131668244354
GSE308578,332,4028945057;4016712662;4016713856;4016713786;4016716137;4042731431;4042732101;4042712499,4016716208;4016713374;4016716514;4016712351;4016713700;4016716106;4016714086;4028945088,4043,0.5894138016324512,-0.2843387313346319,0.052088050819895315
GSE308578,333,4028945057;4016712662;4016713856;4016713786;4016716137;4042731431;4016716106;4028945088,4016716208;4016713374;4016716514;4016712351;4016713700;4042732101;4042712499;4016714086,3675,0.7142857142857143,-0.5214481245225043,0.15936467468635107
GSE308578,334,4028945057;4016712662;4016713856;4016713786;4016716137;4016713700;4042732101;4016714086,4016716208;4016713374;4016716514;4042731431;4016712351;4042712499;4016716106;4028945088,3970,0.6408060453400504,-0.3697329719394693,0.08092100947630809
GSE308578,335,4028945057;4016712662;4016713856;4016713786;4016716137;4016713700;4016716106;4016714086,4016716208;4016713374;4016716514;4042731431;4016712351;4042732101;4042712499;4028945088,3965,0.6423707440100883,-0.3669892235588722,0.08001025462972677
GSE308578,336,4028945057;4016712662;4016713856;4016713786;4042731431;4016712351;4042712499;4028945088,4016716208;4016713374;4016716514;4016716137;4016713700;4042732101;4016716106;4016714086,3610,0.7182825484764543,-0.5420793192693392,0.1694552339331894
GSE308578,337,4028945057;4016712662;4016713856;4016713786;4016712351;4016716106;4016714086;4028945088,4016716208;4016713374;4016716514;4016716137;4042731431;4016713700;4042732101;4042712499,3503,0.7493576934056523,-0.5782968057440995,0.19977722233557815
GSE308578,338,4028945057;4016712662;4016713856;4016713786;4042732101;4016716106;4016714086;4028945088,4016716208;4016713374;4016716514;4016716137;4042731431;4016712351;4016713700;4042712499,3676,0.7252448313384113,-0.5332118810462344,0.16530920184230724
GSE308578,339,4028945057;4016712662;4016713856;4016716514;4016716137;4042731431;4042712499;4016716106,4016716208;4016713374;4016713786;4016712351;4016713700;4042732101;4016714086;4028945088,4299,0.5226796929518492,-0.10954911662340042,0.012139911942670167
GSE308578,340,4028945057;4016712662;4016713856;4016716514;4016716137;4016713700;4042732101;4028945088,4016716208;4016713374;4016713786;4042731431;4016712351;4042712499;4016716106;4016714086,3960,0.6611111111111111,-0.37736071971031043,0.08796161917996947
GSE308578,341,4028945057;4016712662;4016713856;4016716514;4016716137;4016713700;4016714086;4028945088,4016716208;4016713374;4016713786;4042731431;4016712351;4042732101;4042712499;4016716106,3841,0.7016401978651393,-0.4850213379173798,0.11780413994068906
GSE308578,342,4028945057;4016712662;4016713856;4016716514;4042731431;4016712351;4016713700;4028945088,4016716208;4016713374;4016713786;4016716137;4042732101;4042712499;4016716106;4016714086,3851,0.6881329524798754,-0.46482822160725945,0.12058965721107384
GSE308578,343,4028945057;4016712662;4016713856;4016716514;4042731431;4016713700;4016716106;4028945088,4016716208;4016713374;4016713786;4016716137;4016712351;4042732101;4042712499;4016714086,3985,0.6431618569636135,-0.36232146236943047,0.08731774160215844
GSE308578,344,4028945057;4016712662;4016713856;4016716514;4042731431;4042732101;4042712499;4016716106,4016716208;4016713374;4016713786;4016716137;4016712351;4016713700;4016714086;4028945088,4361,0.48245815180004586,-0.026684526089877356,-0.009157599378302628
GSE308578,345,4028945057;4016712662;4016713856;4016716514;4016712351;4016713700;4016716106;4028945088,4016716208;4016713374;4016713786;4016716137;4042731431;4042732101;4042712499;4016714086,3879,0.6831657643722608,-0.45847530293628624,0.11194008582711668
GSE308578,346,4028945057;4016712662;4016713856;4016716137;4042731431;4016712351;4016713700;4016716106,4016716208;4016713374;4016713786;4016716514;4042732101;4042712499;4016714086;4028945088,4114,0.5821584832280019,-0.22763539663834922,0.045034485516899814
GSE308578,347,4028945057;4016712662;4016713856;4016716137;4016712351;4016713700;4042712499;4028945088,4016716208;4016713374;4016713786;4016716514;4042731431;4042732101;4016716106;4016714086,3782,0.7049180327868853,-0.48657120733924414,0.13188078237710865
GSE308578,348,4028945057;4016712662;4016713856;4016716137;4016712351;4042732101;4042712499;4016714086,4016716208;4016713374;4016713786;4016716514;4042731431;4016713700;4016716106;4028945088,4015,0.6196762141967621,-0.3390191810442439,0.07130378855275721
GSE308578,349,4028945057;4016712662;4016713856;4042731431;4016712351;4016713700;4042732101;4016714086,4016716208;4016713374;4016713786;4016716514;4016716137;4042712499;4016716106;4028945088,4065,0.6066420664206642,-0.3018307640782137,0.06207538408193081
GSE308578,350,4028945057;4016712662;4016713856;4042731431;4016712351;4016713700;4042712499;4016714086,4016716208;4016713374;4016713786;4016716514;4016716137;4042732101;4016716106;4028945088,4067,0.609786083107942,-0.30374751547493967,0.062042569058189834
GSE308578,351,4028945057;4016712662;4016713856;4042731431;4016713700;4042732101;4042712499;4016714086,4016716208;4016713374;4016713786;4016716514;4016716137;4016712351;4016716106;4028945088,4200,0.5519047619047619,-0.15074646432803085,0.025933010464802564
GSE308578,352,4028945057;4016712662;4016713856;4016712351;4016713700;4042732101;4042712499;4016714086,4016716208;4016713374;4016713786;4016716514;4016716137;4042731431;4016716106;4028945088,4089,0.6050379065786256,-0.2828717666638044,0.05514451749858651
GSE308578,353,4028945057;4016712662;4016713786;4016716514;4016716137;4042712499;4016716106;4016714086,4016716208;4016713374;4016713856;4042731431;4016712351;4016713700;4042732101;4028945088,4122,0.5747210092188259,-0.28643937095134775,0.042294388307532405
GSE308578,354,4028945057;4016712662;4016713786;4016716137;4042731431;4016712351;4042712499;4028945088,4016716208;4016713374;4016713856;4016716514;4016713700;4042732101;4016716106;4016714086,3644,0.7022502744237102,-0.5161902213701645,0.1617725875624596
GSE308578,355,4028945057;4016712662;4016713786;4016716137;4042731431;4042732101;4042712499;4016716106,4016716208;4016713374;4016713856;4016716514;4016712351;4016713700;4016714086;4028945088,4153,0.5485191427883458,-0.21156101942262387,0.025967971288485714
GSE308578,356,4028945057;4016712662;4016713786;4016716137;4042731431;4042732101;4016716106;4028945088,4016716208;4016713374;4016713856;4016716514;4016712351;4016713700;4042712499;4016714086,3807,0.6729708431836091,-0.44019178141672294,0.12511986151317522
GSE308578,357,4028945057;4016712662;4016713786;4016716137;4016712351;4042732101;4016716106;4016714086,4016716208;4016713374;4016713856;4016716514;4042731431;4016713700;4042712499;4028945088,3937,0.6306832613665228,-0.39960050425278676,0.09145236780384813
GSE308578,358,4028945057;4016712662;4016713786;4016713700;4042732101;4042712499;4016716106;4028945088,4016716208;4016713374;4016713856;4016716514;4016716137;4042731431;4016712351;4016714086,3847,0.6836495970886405,-0.45101537584993107,0.11278543094012816
GSE308578,359,4028945057;4016712662;4016716514;4016716137;4042731431;4016712351;4016713700;4016714086,4016716208;4016713374;4016713856;4016713786;4042732101;4042712499;4016716106;4028945088,4122,0.5800582241630277,-0.2583949014641269,0.04322585002239121
GSE308578,360,4028945057;4016712662;4016716514;4016716137;4016712351;4016713700;4016716106;4016714086,4016716208;4016713374;4016713856;4016713786;4042731431;4042732101;4042712499;4028945088,4148,0.5937801350048216,-0.26918679374760035,0.04638537024680511
GSE308578,361,4028945057;4016712662;4016716514;4016716137;4016712351;4042732101;4016716106;4028945088,4016716208;4016713374;4016713856;4016713786;4042731431;4016713700;4042712499;4016714086,3908,0.6499488229273286,-0.4130232221350653,0.1030604337833112
GSE308578,362,4028945057;4016712662;4016716514;4016716137;4016713700;4042732101;4042712499;4028945088,4016716208;4016713374;4016713856;4016713786;4042731431;4016712351;4016716106;4016714086,4024,0.6125745526838966,-0.31569985149754276,0.06284431407052316
GSE308578,363,4028945057;4016712662;4016716514;4042731431;4016712351;4042732101;4042712499;4016716106,4016716208;4016713374;4016713856;4016713786;4016716137;4016713700;4016714086;4028945088,4334,0.47992616520535303,-0.07488817537745894,-0.0109142372363632
GSE308578,364,4028945057;4016712662;4016716514;4042731431;4042732101;4016716106;4016714086;4028945088,4016716208;4016713374;4016713856;4016713786;4016716137;4016712351;4016713700;4042712499,4005,0.6142322097378277,-0.3260756222055846,0.07428665526974765
GSE308578,365,4028945057;4016712662;4016716514;4016712351;4042732101;4042712499;4016716106;4028945088,4016716208;4016713374;4016713856;4016713786;4016716137;4042731431;4016713700;4016714086,3986,0.6287004515805319,-0.3679120039321395,0.08081377805675638
GSE308578,366,4028945057;4016712662;4016716514;4016713700;4042732101;4042712499;4016714086;4028945088,4016716208;4016713374;4016713856;4016713786;4016716137;4042731431;4016712351;4016716106,3974,0.6311021640664318,-0.36030543971276263,0.07280894249994652
GSE308578,367,4028945057;4016712662;4016716137;4042731431;4016712351;4016713700;4016716106;4016714086,4016716208;4016713374;4016713856;4016713786;4016716514;4042732101;4042712499;4028945088,4094,0.6104054714215926,-0.29972785940467483,0.06142668687853092
GSE308578,368,4028945057;4016712662;4016716137;4042731431;4016712351;4016713700;4016714086;4028945088,4016716208;4016713374;4016713856;4016713786;4016716514;4042732101;4042712499;4016716106,3733,0.7216715778194481,-0.5314912295943134,0.1501119135278648
GSE308578,369,4028945057;4016712662;4042731431;4016712351;4042732101;4042712499;4016714086;4028945088,4016716208;4016713374;4016713856;4016713786;4016716514;4016716137;4016713700;4016716106,3793,0.659372528341682,-0.41827680578721527,0.1185357085774057
GSE308578,370,4028945057;4016713856;4016713786;4016716514;4042731431;4016712351;4042732101;4042712499,4016716208;4016713374;4016712662;4016716137;4016713700;4016716106;4016714086;4028945088,3959,0.6145491285678202,-0.3717432071941808,0.07518513524755821
GSE308578,371,4028945057;4016713856;4016713786;4016716514;4042731431;4016713700;4042732101;4028945088,4016716208;4016713374;4016712662;4016716137;4016712351;4042712499;4016716106;4016714086,3693,0.7210939615488763,-0.5315645532713559,0.14963723381545524
GSE308578,372,4028945057;4016713856;4016713786;4016716137;4042731431;4042732101;4016716106;4028945088,4016716208;4016713374;4016712662;4016716514;4016712351;4016713700;4042712499;4016714086,3598,0.7320733740967204,-0.5413704536491344,0.1739858234932199
GSE308578,373,4028945057;4016713856;4016716514;4016716137;4042731431;4016713700;4042732101;4042712499,4016716208;4016713374;4016712662;4016713786;4016712351;4016716106;4016714086;4028945088,4220,0.5364928909952607,-0.11766066900704322,0.017863929692263913
GSE308578,374,4028945057;4016713856;4016716514;4016716137;4042731431;4016713700;4042732101;4016716106,4016716208;4016713374;4016712662;4016713786;4016712351;4042712499;4016714086;4028945088,4213,0.5478281509613102,-0.13423049178104135,0.0257547977123449
GSE308578,375,4028945057;4016713856;4016716514;4016716137;4042731431;4042712499;4016716106;4016714086,4016716208;4016713374;4016712662;4016713786;4016712351;4016713700;4042732101;4028945088,4123,0.5951976715983507,-0.28220695322140943,0.054106966887814245
GSE308578,376,4028945057;4016713856;4016716514;4016716137;4016713700;4042712499;4016716106;4016714086,4016716208;4016713374;4016712662;4016713786;4042731431;4016712351;4042732101;4028945088,4127,0.5854131330264114,-0.22980453447647115,0.0393927521330113
GSE308578,377,4028945057;4016713856;4016716514;4042731431;4016712351;4016713700;4042732101;4028945088,4016716208;4016713374;4016712662;4016713786;4016716137;4042712499;4016716106;4016714086,3764,0.7106801275239107,-0.5064275172973356,0.13835423369047284
GSE308578,378,4028945057;4016713856;4016716514;4042731431;4016713700;4042732101;4042712499;4028945088,4016716208;4016713374;4016712662;4016713786;4016716137;4016712351;4016716106;4016714086,3900,0.6684615384615384,-0.4100376303569978,0.09793013909501025
GSE308578,379,4028945057;4016713856;4016716514;4042731431;4016713700;4042712499;4016714086;4028945088,4016716208;4016713374;4016712662;4016713786;4016716137;4016712351;4042732101;4016716106,3805,0.709592641261498,-0.49118918692175756,0.12619132239471886
GSE308578,380,4028945057;4016713856;4016716514;4042731431;4042732101;4042712499;4016716106;4016714086,4016716208;4016713374;4016712662;4016713786;4016716137;4016712351;4016713700;4028945088,4179,0.5525245273988992,-0.20488293505692107,0.02749063588134515
GSE308578,381,4028945057;4016713856;4016716514;4016712351;4016713700;4042712499;4016716106;4028945088,4016716208;4016713374;4016712662;4016713786;4016716137;4042731431;4042732101;4016714086,3818,0.7158198009429021,-0.49871190358233347,0.12873853924712764
GSE308578,382,4028945057;4016713856;4016716137;4042731431;4016712351;4016713700;4042712499;4016714086,4016716208;4016713374;4016712662;4016713786;4016716514;4042732101;4016716106;4028945088,3936,0.6537093495934959,-0.39166385340394577,0.09044189538470349
GSE308578,383,4028945057;4016713856;4016716137;4016712351;4016713700;4042732101;4042712499;4016714086,4016716208;4016713374;4016712662;4016713786;4016716514;4042731431;4016716106;4028945088,3946,0.646477445514445,-0.3709501782899551,0.08376301456211599
GSE308578,384,4028945057;4016713856;4042731431;4016713700;4042732101;4042712499;4016716106;4016714086,4016716208;4016713374;4016712662;4016713786;4016716514;4016716137;4016712351;4028945088,4142,0.5746016417189763,-0.20816443635827647,0.03901612351510764
GSE308578,385,4028945057;4016713856;4042731431;4016713700;4042712499;4016716106;4016714086;4028945088,4016716208;4016713374;4016712662;4016713786;4016716514;4016716137;4016712351;4042732101,3786,0.7047015319598521,-0.46564770018712043,0.12717848296221224
GSE308578,386,4028945057;4016713786;4016716514;4016716137;4042731431;4016713700;4042732101;4028945088,4016716208;4016713374;4016712662;4016713856;4016712351;4042712499;4016716106;4016714086,3733,0.6999732118939191,-0.49573233170975006,0.13149193517485147
GSE308578,387,4028945057;4016713786;4016716514;4016716137;4042731431;4042732101;4016714086;4028945088,4016716208;4016713374;4016712662;4016713856;4016712351;4016713700;4042712499;4016716106,3677,0.6875169975523525,-0.4833680033874273,0.14344558289158904
GSE308578,388,4028945057;4016713786;4016716514;4016712351;4016713700;4042732101;4042712499;4016714086,4016716208;4016713374;4016712662;4016713856;4016716137;4042731431;4016716106;4028945088,3941,0.631565592489216,-0.3992077051709464,0.07820712301108657
GSE308578,389,4028945057;4016713786;4042731431;4016712351;4016713700;4016716106;4016714086;4028945088,4016716208;4016713374;4016712662;4016713856;4016716514;4016716137;4042732101;4042712499,3489,0.7601031814273431,-0.5988995982589541,0.19983521916050773
GSE308578,390,4028945057;4016716514;4016716137;4042731431;4016712351;4016713700;4042732101;4016716106,4016716208;4016713374;4016712662;4016713856;4016713786;4042712499;4016714086;4028945088,4151,0.5666104553119731,-0.21841141235512412,0.037023613218494233
GSE308578,391,4028945057;4016716514;4016716137;4042731431;4016712351;4016713700;4042732101;4016714086,4016716208;4016713374;4016712662;4016713856;4016713786;4042712499;4016716106;4028945088,4040,0.5982673267326732,-0.3054708133548789,0.056159156858646586
GSE308578,392,4028945057;4016716514;4016716137;4042731431;4016713700;4042732101;4042712499;4016714086,4016716208;4016713374;4016712662;4016713856;4016713786;4016712351;4016716106;4028945088,4161,0.5287190579187695,-0.13942715497504954,0.013601481795236126
GSE308578,393,4028945057;4016716514;4016716137;4042731431;4042732101;4042712499;4016716106;4028945088,4016716208;4016713374;4016712662;4016713856;4016713786;4016712351;4016713700;4016714086,3976,0.630533199195171,-0.36304862579818015,0.08040412809235875
GSE308578,394,4028945057;4016716514;4042731431;4016712351;4042712499;4016716106;4016714086;4028945088,4016716208;4016713374;4016712662;4016713856;4016713786;4016716137;4016713700;4042732101,3816,0.6837002096436059,-0.4619633255697266,0.12975587693585622
GSE308578,395,4028945057;4016716137;4042731431;4016712351;4016713700;4042732101;4042712499;4028945088,4016716208;4016713374;4016712662;4016713856;4016713786;4016716514;4016716106;4016714086,3751,0.7056784857371368,-0.4965310313269695,0.13148474255077236
GSE308578,396,4028945057;4016716137;4016712351;4016713700;4042732101;4042712499;4016714086;4028945088,4016716208;4016713374;4016712662;4016713856;4016713786;4016716514;4042731431;4016716106,3673,0.7345494146474272,-0.5475133178233408,0.15157153848972715
GSE308578,397,4028945057;4042731431;4016713700;4042732101;4042712499;4016716106;4016714086;4028945088,4016716208;4016713374;4016712662;4016713856;4016713786;4016716514;4016716137;4016712351,3854,0.6829268292682927,-0.4227732701251076,0.10935763697170886
GSE308578,398,4016713374;4016712662;4016713856;4016713786;4016716514;4016716137;4016716106;4028945088,4016716208;4028945057;4042731431;4016712351;4016713700;4042732101;4042712499;4016714086,3687,0.7607811228641171,-0.5812442750238641,0.15257144264667488
GSE308578,399,4016713374;4016712662;4016713856;4016713786;4016716514;4042731431;4042712499;4016714086,4016716208;4028945057;4016716137;4016712351;4016713700;4042732101;4016716106;4028945088,3979,0.650665996481528,-0.39263574381097605,0.07946938261955283
GSE308578,400,4016713374;4016712662;4016713856;4016713786;4016716514;4016713700;4042712499;4016716106,4016716208;4028945057;4016716137;4042731431;4016712351;4042732101;4016714086;4028945088,4150,0.5754216867469879,-0.20011761963791586,0.03678240784614695
GSE308578,401,4016713374;4016712662;4016713856;4016713786;4016716514;4042732101;4042712499;4016714086,4016716208;4028945057;4016716137;4042731431;4016712351;4016713700;4016716106;4028945088,4014,0.6335326357747882,-0.36230620747663433,0.06837132490053643
GSE308578,402,4016713374;4016712662;4016713856;4016713786;4016716514;4042712499;4016716106;4016714086,4016716208;4028945057;4016716137;4042731431;4016712351;4016713700;4042732101;4028945088,4025,0.6449689440993789,-0.37170041741019305,0.07317760397526296
GSE308578,403,4016713374;4016712662;4016713856;4016713786;4016716137;4042732101;4042712499;4028945088,4016716208;4028945057;4016716514;4042731431;4016712351;4016713700;4016716106;4016714086,3679,0.7466702908399021,-0.5666028466506823,0.16020915914681666
GSE308578,404,4016713374;4016712662;4016713856;4016713786;4016716137;4042712499;4016716106;4028945088,4016716208;4028945057;4016716514;4042731431;4016712351;4016713700;4042732101;4016714086,3679,0.7523783636857841,-0.5578497853325128,0.15829604639665362
GSE308578,405,4016713374;4016712662;4016713856;4016713786;4042731431;4016712351;4016716106;4028945088,4016716208;4028945057;4016716514;4016716137;4016713700;4042732101;4042712499;4016714086,3533,0.772997452589867,-0.6033148413931754,0.1872323027655769
GSE308578,406,4016713374;4016712662;4016713856;4016713786;4016712351;4016713700;4016714086;4028945088,4016716208;4028945057;4016716514;4016716137;4042731431;4042732101;4042712499;4016716106,3477,0.7897612884670693,-0.6281458353349968,0.18602326888495035
GSE308578,407,4016713374;4016712662;4016713856;4016716514;4042731431;4016712351;4042712499;4016714086,4016716208;4028945057;4016713786;4016716137;4016713700;4042732101;4016716106;4028945088,4051,0.6205875092569736,-0.328617140886623,0.06482703809014012
GSE308578,408,4016713374;4016712662;4016713856;4016716514;4016713700;4042712499;4016714086;4028945088,4016716208;4028945057;4016713786;4016716137;4042731431;4016712351;4042732101;4016716106,3892,0.6885919835560124,-0.42741226326477266,0.0946121391240557
GSE308578,409,4016713374;4016712662;4016713856;4016716137;4042731431;4016713700;4042732101;4016714086,4016716208;4028945057;4016713786;4016716514;4016712351;4042712499;4016716106;4028945088,4098,0.572962420693021,-0.16944942194026005,0.0362537966817047
GSE308578,410,4016713374;4016712662;4016713856;4042731431;4016713700;4042732101;4016714086;4028945088,4016716208;4028945057;4016713786;4016716514;4016716137;4016712351;4042712499;4016716106,3833,0.7093660318288547,-0.45652060786812954,0.11464191834535242
GSE308578,411,4016713374;4016712662;4016713786;4016716514;4016716137;4042731431;4042712499;4016714086,4016716208;4028945057;4016713856;4016712351;4016713700;4042732101;4016716106;4028945088,4009,0.6308306310800699,-0.36432682097904734,0.06887514818292706
GSE308578,412,4016713374;4016712662;4016713786;4016716514;4016716137;4016712351;4042732101;4016714086,4016716208;4028945057;4016713856;4042731431;4016713700;4042712499;4016716106;4028945088,3929,0.6762534996182235,-0.45657981566265243,0.0978204430561257
GSE308578,413,4016713374;4016712662;4016713786;4016716514;4042731431;4016712351;4042732101;4042712499,4016716208;4028945057;4016713856;4016716137;4016713700;4016716106;4016714086;4028945088,4056,0.6018244575936884,-0.314833968677649,0.05420924659624293
GSE308578,414,4016713374;4016712662;4016716514;4016716137;4042731431;4016712351;4016716106;4028945088,4016716208;4028945057;4016713856;4016713786;4016713700;4042732101;4042712499;4016714086,3828,0.7160397074190178,-0.5073709545975429,0.13070719698813155
GSE308578,415,4016713374;4016712662;4016716514;4016716137;4042731431;4042732101;4016716106;4016714086,4016716208;4028945057;4016713856;4016713786;4016712351;4016713700;4042712499;4028945088,4212,0.5489078822412156,-0.14801241178012695,0.021987760523667188
GSE308578,416,4016713374;4016712662;4016716514;4016716137;4016713700;4042732101;4016716106;4028945088,4016716208;4028945057;4016713856;4016713786;4042731431;4016712351;4042712499;4016714086,4020,0.650497512437811,-0.33496711478879154,0.07087657348887455
GSE308578,417,4016713374;4016712662;4016716514;4042731431;4016712351;4016713700;4042712499;4028945088,4016716208;4028945057;4016713856;4016713786;4016716137;4042732101;4016716106;4016714086,3897,0.6984860148832435,-0.4650137508575817,0.10817726989616538
GSE308578,418,4016713374;4016712662;4016716514;4016712351;4016713700;4042712499;4016714086;4028945088,4016716208;4028945057;4016713856;4016713786;4016716137;4042731431;4042732101;4016716106,3817,0.7225569819229761,-0.5179068863709576,0.12210689250346185
GSE308578,419,4016713374;4016712662;4016716137;4042731431;4016712351;4042712499;4016714086;4028945088,4016716208;4028945057;4016713856;4016713786;4016716514;4016713700;4042732101;4016716106,3663,0.7504777504777504,-0.5625210814350902,0.1652830479882359
GSE308578,420,4016713374;4016712662;4016716137;4042731431;4016713700;4042732101;4042712499;4016714086,4016716208;4028945057;4016713856;4016713786;4016716514;4016712351;4016716106;4028945088,4179,0.550131610433118,-0.12292315590787492,0.021960657994582355
GSE308578,421,4016713374;4016712662;4016716137;4016712351;4016713700;4042732101;4016714086;4028945088,4016716208;4028945057;4016713856;4016713786;4016716514;4042731431;4042712499;4016716106,3735,0.7459170013386881,-0.5432937854488413,0.14196678079588398
GSE308578,422,4016713374;4016713856;4016713786;4016716514;4016716137;4042731431;4016712351;4016716106,4016716208;4028945057;4016712662;4016713700;4042732101;4042712499;4016714086;4028945088,3819,0.7114427860696517,-0.5041191663511486,0.12009066173997907
GSE308578,423,4016713374;4016713856;4016713786;4016716514;4016716137;4016713700;4042712499;4016716106,4016716208;4028945057;4016712662;4042731431;4016712351;4042732101;4016714086;4028945088,4023,0.6323639075316928,-0.29302987699535377,0.05804807014116431
GSE308578,424,4016713374;4016713856;4016713786;4016716514;4016716137;4016713700;4016714086;4028945088,4016716208;4028945057;4016712662;4042731431;4016712351;4042732101;4042712499;4016716106,3517,0.8026727324424225,-0.6375704220485401,0.18048601423486943
GSE308578,425,4016713374;4016713856;4016713786;4016716514;4042731431;4016713700;4042732101;4016716106,4016716208;4028945057;4016712662;4016716137;4016712351;4042712499;4016714086;4028945088,4030,0.6285359801488833,-0.30438987652044797,0.05788756963355235
GSE308578,426,4016713374;4016713856;4016713786;4016716514;4016713700;4042732101;4042712499;4016714086,4016716208;4028945057;4016712662;4016716137;4042731431;4016712351;4016716106;4028945088,3958,0.6690247599797877,-0.39101708759695036,0.07937741071881188
GSE308578,427,4016713374;4016713856;4016713786;4016716137;4042731431;4042732101;4042712499;4016714086,4016716208;4028945057;4016712662;4016716514;4016712351;4016713700;4016716106;4028945088,3809,0.6978209503806774,-0.47883447821632197,0.1152167498565051
GSE308578,428,4016713374;4016713856;4016713786;4016716137;4016712351;4016713700;4042732101;4042712499,4016716208;4028945057;4016712662;4016716514;4042731431;4016716106;4016714086;4028945088,3839,0.6809064860640792,-0.41231780698145964,0.1019905774766352
GSE308578,429,4016713374;4016713856;4016713786;4016716137;4016713700;4042732101;4016716106;4028945088,4016716208;4028945057;4016712662;4016716514;4042731431;4016712351;4042712499;4016714086,3604,0.7436182019977803,-0.5171525602834013,0.14111594653351966
GSE308578,430,4016713374;4016713856;4016716514;4016716137;4042731431;4016712351;4016713700;4028945088,4016716208;4028945057;4016712662;4016713786;4042732101;4042712499;4016716106;4016714086,3663,0.7493857493857494,-0.5510614048861814,0.14554203168744628
GSE308578,431,4016713374;4016713856;4016716514;4016716137;4042731431;4016712351;4016716106;4016714086,4016716208;4028945057;4016712662;4016713786;4016713700;4042732101;4042712499;4028945088,3926,0.6762608252674478,-0.4270508470188386,0.09645537973291485
GSE308578,432,4016713374;4016713856;4016716514;4016716137;4016713700;4042712499;4016714086;4028945088,4016716208;4028945057;4016712662;4016713786;4042731431;4016712351;4042732101;4016716106,3756,0.7247071352502662,-0.48972561397980685,0.12145328085967111
GSE308578,433,4016713374;4016713856;4016716514;4042731431;4016712351;4016713700;4042732101;4042712499,4016716208;4028945057;4016712662;4016713786;4016716137;4016716106;4016714086;4028945088,4098,0.5973645680819912,-0.23702495667106468,0.043296270568979445
GSE308578,434,4016713374;4016713856;4016716514;4016712351;4042732101;4042712499;4016716106;4016714086,4016716208;4028945057;4016712662;4016713786;4016716137;4042731431;4016713700;4028945088,4023,0.6346010439970171,-0.339898417251084,0.06657536370254213
GSE308578,435,4016713374;4016713856;4016716137;4042731431;4016712351;4016716106;4016714086;4028945088,4016716208;4028945057;4016712662;4016713786;4016716514;4016713700;4042732101;4042712499,3523,0.7700823162077775,-0.5915533791176464,0.1858038473929975
GSE308578,436,4016713374;4016713856;4016716137;4016712351;4042712499;4016716106;4016714086;4028945088,4016716208;4028945057;4016712662;4016713786;4016716514;4042731431;4016713700;4042732101,3555,0.7563994374120956,-0.5626339655229069,0.1671272401405801
GSE308578,437,4016713374;4016713856;4016716137;4016713700;4042712499;4016716106;4016714086;4028945088,4016716208;4028945057;4016712662;4016713786;4016716514;4042731431;4016712351;4042732101,3725,0.6923489932885906,-0.4093939600252362,0.1119366383673519
GSE308578,438,4016713374;4016713786;4016716514;4016716137;4042731431;4016712351;4042732101;4028945088,4016716208;4028945057;4016712662;4016713856;4016713700;4042712499;4016716106;4016714086,3567,0.7653490328006728,-0.616003828676494,0.1871058221591113
GSE308578,439,4016713374;4016713786;4016716514;4016716137;4042731431;4016712351;4016716106;4016714086,4016716208;4028945057;4016712662;4016713856;4016713700;4042732101;4042712499;4028945088,3804,0.7160883280757098,-0.5278024889837478,0.12946488580701965
GSE308578,440,4016713374;4016713786;4016716514;4016716137;4016713700;4042712499;4016716106;4016714086,4016716208;4028945057;4016712662;4016713856;4042731431;4016712351;4042732101;4028945088,3981,0.6669178598342125,-0.3811202959393545,0.07479873936489723
GSE308578,441,4016713374;4016713786;4016716514;4042731431;4016712351;4042732101;4016714086;4028945088,4016716208;4028945057;4016712662;4016713856;4016716137;4016713700;4042712499;4016716106,3505,0.7683309557774608,-0.6138457031916018,0.20200101445784924
GSE308578,442,4016713374;4016713786;4016716514;4042731431;4016712351;4042712499;4016716106;4016714086,4016716208;4028945057;4016712662;4016713856;4016716137;4016713700;4042732101;4028945088,3897,0.6874518860662048,-0.47270509948103967,0.11134551467969356
GSE308578,443,4016713374;4016716514;4016716137;4042731431;4016713700;4042732101;4042712499;4028945088,4016716208;4028945057;4016712662;4016713856;4016713786;4016712351;4016716106;4016714086,3904,0.686219262295082,-0.41999222510997364,0.09639558184296093
GSE308578,444,4016713374;4016716514;4042731431;4016712351;4016713700;4042732101;4042712499;4016716106,4016716208;4028945057;4016712662;4016713856;4016713786;4016716137;4016714086;4028945088,4187,0.5653212323859566,-0.18161799238932663,0.03002450102603227
GSE308578,445,4016713374;4016716514;4042731431;4042732101;4042712499;4016716106;4016714086;4028945088,4016716208;4028945057;4016712662;4016713856;4016713786;4016716137;4016712351;4016713700,3879,0.6880639340036092,-0.43483493360221476,0.11078953140173997
GSE308578,446,4016713374;4016716137;4042731431;4016712351;4016713700;4016716106;4016714086;4028945088,4016716208;4028945057;4016712662;4016713856;4016713786;4016716514;4042732101;4042712499,3644,0.7634467618002195,-0.5664678444878034,0.15484147971169548
GSE308578,447,4016712662;4016713856;4016713786;4016716514;4016716137;4042731431;4016712351;4016713700,4016716208;4028945057;4016713374;4042732101;4042712499;4016716106;4016714086;4028945088,4138,0.5732237796036733,-0.2465370433228546,0.03636036187436775
GSE308578,448,4016712662;4016713856;4016713786;4016716514;4016716137;4042731431;4016713700;4028945088,4016716208;4028945057;4016713374;4016712351;4042732101;4042712499;4016716106;4016714086,3911,0.6757862439273843,-0.4366254857588066,0.09804897894795772
GSE308578,449,4016712662;4016713856;4016713786;4016716514;4016716137;4016713700;4042712499;4016716106,4016716208;4028945057;4016713374;4042731431;4016712351;4042732101;4016714086;4028945088,4284,0.5088702147525677,-0.06891623120066553,0.004355603503794825
GSE308578,450,4016712662;4016713856;4016713786;4016716514;4016716137;4042732101;4016716106;4028945088,4016716208;4028945057;4016713374;4042731431;4016712351;4016713700;4042712499;4016714086,3893,0.6717184690470075,-0.4455602615491958,0.09917338486468985
GSE308578,451,4016712662;4016713856;4016713786;4016716514;4042731431;4016712351;4042732101;4042712499,4016716208;4028945057;4016713374;4016716137;4016713700;4016716106;4016714086;4028945088,4186,0.5241280458671763,-0.1733899133853109,0.014124056292434739
GSE308578,452,4016712662;4016713856;4016713786;4016716514;4042731431;4016712351;4042732101;4028945088,4016716208;4028945057;4016713374;4016716137;4016713700;4042712499;4016716106;4016714086,3834,0.6645800730307773,-0.451238746872118,0.11133822560992612
GSE308578,453,4016712662;4016713856;4016713786;4016716514;4042731431;4016713700;4042732101;4042712499,4016716208;4028945057;4016713374;4016716137;4016712351;4016716106;4016714086;4028945088,4327,0.45990293505893226,0.01615711876350271,-0.01996959705937984
GSE308578,454,4016712662;4016713856;4016713786;4016716514;4042731431;4042732101;4016716106;4016714086,4016716208;4028945057;4016713374;4016716137;4016712351;4016713700;4042712499;4028945088,4214,0.5284765068818225,-0.1690942846575174,0.01630427028685799
GSE308578,455,4016712662;4016713856;4016713786;4016716514;4042731431;4016716106;4016714086;4028945088,4016716208;4028945057;4016713374;4016716137;4016712351;4016713700;4042732101;4042712499,3852,0.6874350986500519,-0.4748914638837789,0.11933648181524925
GSE308578,456,4016712662;4016713856;4016713786;4016716137;4016712351;4016713700;4042732101;4016714086,4016716208;4028945057;4016713374;4016716514;4042731431;4042712499;4016716106;4028945088,3989,0.6314865881173226,-0.3537810146219083,0.06974503546827449
GSE308578,457,4016712662;4016713856;4016713786;4016716137;4042732101;4042712499;4016716106;4016714086,4016716208;4028945057;4016713374;4016716514;4042731431;4016712351;4016713700;4028945088,4116,0.57555879494655,-0.2331917797929268,0.03683176206318217
GSE308578,458,4016712662;4016713856;4016713786;4042731431;4016713700;4042712499;4016714086;4028945088,4016716208;4028945057;4016713374;4016716514;4016716137;4016712351;4042732101;4016716106,3813,0.6942040388145817,-0.468903414735866,0.12027442725431836
GSE308578,459,4016712662;4016713856;4016716514;4016716137;4042731431;4016713700;4042732101;4016716106,4016716208;4028945057;4016713374;4016713786;4016712351;4042712499;4016714086;4028945088,4435,0.4051860202931229,0.1848967106424376,-0.041613057479117366
GSE308578,460,4016712662;4016713856;4016716514;4016716137;4016712351;4042732101;4016716106;4016714086,4016716208;4028945057;4016713374;4016713786;4042731431;4016713700;4042712499;4028945088,4223,0.5465309022022259,-0.17113190227531208,0.021007027899762498
GSE308578,461,4016712662;4016713856;4016716514;4016716137;4016713700;4042732101;4016716106;4016714086,4016716208;4028945057;4016713374;4016713786;4042731431;4016712351;4042712499;4028945088,4350,0.45241379310344826,0.06845149422570893,-0.019766864328139733
GSE308578,462,4016712662;4016713856;4016716514;4042731431;4016713700;4042732101;4042712499;4028945088,4016716208;4028945057;4016713374;4016713786;4016716137;4016712351;4016716106;4016714086,4177,0.5547043332535312,-0.1647202937902493,0.02619408968590431
GSE308578,463,4016712662;4016713856;4016716514;4016712351;4016713700;4042732101;4042712499;4016716106,4016716208;4028945057;4016713374;4016713786;4016716137;4042731431;4016714086;4028945088,4388,0.44872379216043756,0.06348545517896993,-0.02174069606193174
GSE308578,464,4016712662;4016713856;4016716137;4042731431;4016712351;4016716106;4016714086;4028945088,4016716208;4028945057;4016713374;4016713786;4016716514;4016713700;4042732101;4042712499,3820,0.7073298429319371,-0.4874672855260423,0.13487097154165406
GSE308578,465,4016712662;4016713856;4016716137;4016713700;4042732101;4042712499;4016716106;4028945088,4016716208;4028945057;4016713374;4016713786;4016716514;4042731431;4016712351;4016714086,4080,0.5936274509803922,-0.21042093318589242,0.04773478806654552
GSE308578,466,4016712662;4016713856;4042731431;4016712351;4016713700;4042712499;4016714086;4028945088,4016716208;4028945057;4016713374;4016713786;4016716514;4016716137;4042732101;4016716106,3881,0.6784333934552951,-0.4242010396215173,0.1054102115114981
GSE308578,467,4016712662;4016713856;4042731431;4016712351;4042712499;4016716106;4016714086;4028945088,4016716208;4028945057;4016713374;4016713786;4016716514;4016716137;4016713700;4042732101,3871,0.6716610694910876,-0.4285520922119678,0.11531169957063137
GSE308578,468,4016712662;4016713856;4042731431;4016713700;4042732101;4042712499;4016716106;4028945088,4016716208;4028945057;4016713374;4016713786;4016716514;4016716137;4016712351;4016714086,4132,0.5810745401742498,-0.19526816540814584,0.03868507347789474
GSE308578,469,4016712662;4016713786;4016716514;4016716137;4042731431;4016712351;4016716106;4016714086,4016716208;4028945057;4016713374;4016713856;4016713700;4042732101;4042712499;4028945088,4111,0.5701775723668208,-0.28253820831880105,0.04285690605743131
GSE308578,470,4016712662;4016713786;4016716514;4016716137;4042731431;4042732101;4016714086;4028945088,4016716208;4028945057;4016713374;4016713856;4016712351;4016713700;4042712499;4016716106,3877,0.6198091307712149,-0.37228477114022146,0.07796451897596857
GSE308578,471,4016712662;4016713786;4016716514;4016716137;4016712351;4042732101;4016716106;4028945088,4016716208;4028945057;4016713374;4016713856;4042731431;4016713700;4042712499;4016714086,3884,0.6604016477857878,-0.4510118667545227,0.10080596211937864
GSE308578,472,4016712662;4016713786;4016716514;4016716137;4016713700;4042732101;4016716106;4028945088,4016716208;4028945057;4016713374;4016713856;4042731431;4016712351;4042712499;4016714086,4010,0.6389027431421447,-0.37030603283780644,0.06961524193137336
GSE308578,473,4016712662;4016713786;4016716514;4016716137;4016713700;4042712499;4016714086;4028945088,4016716208;4028945057;4016713374;4016713856;4042731431;4016712351;4042732101;4016716106,3931,0.6713304502671076,-0.4390235718805622,0.09083046553521879
GSE308578,474,4016712662;4016713786;4016716514;4016716137;4042732101;4042712499;4016716106;4028945088,4016716208;4028945057;4016713374;4016713856;4042731431;4016712351;4016713700;4016714086,4029,0.6063539339786548,-0.3375108328381826,0.058054950819984796
GSE308578,475,4016712662;4016713786;4016716514;4042731431;4016713700;4042732101;4042712499;4016714086,4016716208;4028945057;4016713374;4016713856;4016716137;4016712351;4016716106;4028945088,4288,0.46385261194029853,-0.0028647909117623595,-0.02164815733184522
GSE308578,476,4016712662;4016713786;4016716514;4016712351;4016713700;4042732101;4042712499;4028945088,4016716208;4028945057;4016713374;4016713856;4016716137;4042731431;4016716106;4016714086,3909,0.6462010744435918,-0.4009540138915015,0.08131412656542425
GSE308578,477,4016712662;4016713786;4016716514;4016712351;4042732101;4016716106;4016714086;4028945088,4016716208;4028945057;4016713374;4016713856;4016716137;4042731431;4016713700;4042712499,3850,0.6696103896103897,-0.4493496692330452,0.11103772908988185
GSE308578,478,4016712662;4016713786;4016716137;4042731431;4016712351;4042712499;4016716106;4016714086,4016716208;4028945057;4016713374;4016713856;4016716514;4016713700;4042732101;4028945088,4079,0.5957342485903407,-0.30117614192371805,0.053589041378195645
GSE308578,479,4016712662;4016713786;4016716137;4042731431;4016712351;4042712499;4016716106;4028945088,4016716208;4028945057;4016713374;4016713856;4016716514;4016713700;4042732101;4016714086,3778,0.6876654314452091,-0.48051866809299065,0.12438177638906711
GSE308578,480,4016712662;4016713786;4016716137;4042731431;4016712351;4016716106;4016714086;4028945088,4016716208;4028945057;4016713374;4016713856;4016716514;4016713700;4042732101;4042712499,3687,0.7190127474911853,-0.5333243598579678,0.1551494480740505
GSE308578,481,4016712662;4016713786;4016716137;4016712351;4016713700;4042732101;4016716106;4016714086,4016716208;4028945057;4016713374;4016713856;4016716514;4042731431;4042712499;4028945088,4067,0.599704942217851,-0.3001525361985714,0.04986159231939524
GSE308578,482,4016712662;4016713786;4042731431;4016712351;4016713700;4042732101;4042712499;4028945088,4016716208;4028945057;4016713374;4016713856;4016716514;4016716137;4016716106;4016714086,3843,0.6656258131667968,-0.4223192360272398,0.10141164448795692
GSE308578,483,4016712662;4016713786;4042731431;4016712351;4016713700;4042732101;4016716106;4016714086,4016716208;4028945057;4016713374;4016713856;4016716514;4016716137;4042712499;4028945088,4120,0.5769417475728156,-0.2648066348428538,0.04139377506811681
GSE308578,484,4016712662;4016716514;4016716137;4042731431;4016712351;4042732101;4042712499;4028945088,4016716208;4028945057;4016713374;4016713856;4016713786;4016713700;4016716106;4016714086,4019,0.5720328439910426,-0.2688787790472244,0.043218650529290414
GSE308578,485,4016712662;4016716514;4016712351;4016713700;4042732101;4042712499;4016714086;4028945088,4016716208;4028945057;4016713374;4016713856;4016713786;4016716137;4042731431;4016716106,4024,0.6095924453280318,-0.32276003425213223,0.06224103533574321
GSE308578,486,4016713856;4016713786;4016716514;4016716137;4042731431;4042732101;4042712499;4028945088,4016716208;4028945057;4016713374;4016712662;4016712351;4016713700;4016716106;4016714086,3809,0.6726174849041743,-0.45857988052097315,0.10602960654904603
GSE308578,487,4016713856;4016713786;4016716514;4016716137;4016712351;4042732101;4042712499;4016716106,4016716208;4028945057;4016713374;4016712662;4042731431;4016713700;4016714086;4028945088,4064,0.5999015748031497,-0.3244787807950057,0.05168403103595409
GSE308578,488,4016713856;4016713786;4016716514;4016716137;4016712351;4042732101;4042712499;4016714086,4016716208;4028945057;4016713374;4016712662;4042731431;4016713700;4016716106;4028945088,3949,0.6252215750822994,-0.3823513147250193,0.07245211514563543
GSE308578,489,4016713856;4016713786;4016716514;4042731431;4016713700;4042732101;4042712499;4016714086,4016716208;4028945057;4016713374;4016712662;4016716137;4016712351;4016716106;4028945088,4130,0.5493946731234867,-0.19329037899297893,0.024146195913001822
GSE308578,490,4016713856;4016713786;4016716514;4016713700;4042732101;4042712499;4016714086;4028945088,4016716208;4028945057;4016713374;4016712662;4016716137;4042731431;4016712351;4016716106,3828,0.707680250783699,-0.4936566608087985,0.11385708705222541
GSE308578,491,4016713856;4016713786;4016716137;4042731431;4016712351;4016713700;4016716106;4016714086,4016716208;4028945057;4016713374;4016712662;4016716514;4042732101;4042712499;4028945088,3909,0.6699923254029163,-0.41670099582963405,0.09486078271982135
GSE308578,492,4016713856;4016713786;4016716137;4042731431;4016712351;4042712499;4016716106;4028945088,4016716208;4028945057;4016713374;4016712662;4016716514;4016713700;4042732101;4016714086,3626,0.7440706012134584,-0.5679421083037801,0.16907669225845523
GSE308578,493,4016713856;4016713786;4016716137;4042732101;4042712499;4016716106;4016714086;4028945088,4016716208;4028945057;4016713374;4016712662;4016716514;4042731431;4016712351;4016713700,3724,0.719656283566058,-0.5228957576072242,0.14220540780464563
GSE308578,494,4016713856;4016716514;4042731431;4042732101;4042712499;4016716106;4016714086;4028945088,4016716208;4028945057;4016713374;4016712662;4016713786;4016716137;4016712351;4016713700,3986,0.6251881585549423,-0.332493335828611,0.07531934034483956
GSE308578,495,4016713856;4016716514;4016712351;4016713700;4042732101;4042712499;4016716106;4028945088,4016716208;4028945057;4016713374;4016712662;4016713786;4016716137;4042731431;4016714086,4000,0.64375,-0.3709426163714135,0.08077821411184272
GSE308578,496,4016713856;4016716137;4016712351;4016713700;4042712499;4016716106;4016714086;4028945088,4016716208;4028945057;4016713374;4016712662;4016713786;4016716514;4042731431;4042732101,3800,0.6921052631578948,-0.44598406288707254,0.11525954195096999
GSE308578,497,4016713786;4016716514;4016713700;4042732101;4042712499;4016716106;4016714086;4028945088,4016716208;4028945057;4016713374;4016712662;4016713856;4016716137;4042731431;4016712351,3913,0.6662407360081779,-0.42782349079138593,0.08922068494558921
GSE308578,498,4016713786;4016712351;4016713700;4042732101;4042712499;4016716106;4016714086;4028945088,4016716208;4028945057;4016713374;4016712662;4016713856;4016716514;4016716137;4042731431,3751,0.7230071980805118,-0.5219610024675722,0.13628913166911527
GSE308578,499,4016716514;4016716137;4016712351;4016713700;4042732101;4042712499;4016714086;4028945088,4016716208;4028945057;4016713374;4016712662;4016713856;4016713786;4042731431;4016716106,3892,0.6698355601233299,-0.4316344169088318,0.09512951521667024
