0	Title	Clinical proteomics-guided network integration prioritizes PDGFRA and FLT4 for investigation of nintedanib-associated liver injury
1	Normal	Shaoxin Huang1,2,3, Yong Yang3, Xinyu Zhou4, Xinyi Chen1, Shan Li1, Wenyan Fan1, Jianjun Xiong2, Hui Liu1,2*
2	Normal	1 Jiangxi Provincial Key Laboratory of Cell Precision Therapy, School of Basic Medical Sciences, Jiujiang University, Jiujiang 332005, China
3	Normal	2 School of Nursing, Jiujiang University, Jiujiang 332005, China
4	Normal	3 Jiangxi Jiujieli Life Technology Co., Ltd., Jiujiang 332005, China
5	Normal	4 School of Public Health, North Sichuan Medical College, Nanchong 637100, China
6	Normal	*Correspondence: Hui Liu; LIUHUIOKCA@163.com
7	Heading 1	Abstract
8	Normal	Background: Liver injury can interrupt nintedanib treatment for fibrosing interstitial lung disease, yet translating its hepatic safety signal into actionable molecular priorities remains difficult. We sought to connect the human liver-injury protein phenotype with drug pharmacology and liver-cell networks to guide target-specific investigation.
9	Normal	Methods: We integrated active-comparator pharmacovigilance, 13 human serum injury proteins, nintedanib pharmacology and cellular responses, and a five-donor liver atlas. Numerical auditing, donor-balanced shrinkage networks, matched-null propagation, six-algorithm comparison, donor omission and weight perturbation evaluated candidate robustness. Endpoint-resolved biochemical records and single/joint target-network interventions characterized the two priorities. Frozen rankings were challenged in independent liver profiles from 22 mice; pulmonary datasets defined antifibrotic readouts.
10	Normal	Results: PDGFRA and FLT4 ranked first and second under four aggregation rules and remained among the top five in all 5000 weight perturbations. PDGFRA remained first after each donor omission; FLT4 ranked second to fifth. Reported direct Kd values were 16 and 95 nM, respectively, supporting biochemical engagement. The narrow hepatic reporting odds ratio for nintedanib versus pirfenidone was 3.997 (95% confidence interval 3.226–4.951), with temporal heterogeneity. FBP1 distinguished drug-related from other acute liver injury within the released serum panel (Cliff’s delta −0.505; q=0.000469). Numerical auditing identified noise-scale displacement in 132/210 virtual-knockout runs, correcting the earlier FGFR1 prioritization. Neither competitive ranking calibration nor targeted network interventions established significant enrichment, and rankings were not significantly associated with external hepatic expression effects. Independent liver analysis identified decreased Kdr expression within the candidate family (log2 difference −0.280; exact-test q=0.0386; genome-wide q=0.119). Pulmonary responses varied by model; calibrated global reversal did not survive multiplicity correction.
11	Normal	Conclusions: Clinical-protein-guided, donor-aware integration identifies PDGFRA and FLT4 as reproducible priorities for investigating nintedanib-associated liver injury. The framework translates clinical injury measurements into a focused experimental strategy: test receptor perturbation and rescue in appropriate hepatic compartments, track the injury-protein phenotype at matched drug exposure, and evaluate preservation of pulmonary antifibrotic activity. KDR provides a hepatic pharmacodynamic comparator.
12	Normal	Keywords: Nintedanib; interstitial lung disease; drug-induced liver injury; clinical proteomics; virtual perturbation; donor-balanced networks; target prioritization; PDGFRA; FLT4
13	Heading 1	Background
14	Normal	Antifibrotic treatment must remain tolerable long enough to alter the course of progressive lung disease. Fibrosing interstitial lung diseases include idiopathic pulmonary fibrosis and progressive phenotypes arising in autoimmune, hypersensitivity, and other disorders [1, 2]. Nintedanib reduced forced-vital-capacity decline in the INPULSIS, INBUILD, and SENSCIS trials, establishing its use across several of these populations [3, 4, 5]. The FIBRONEER trials and subsequent authorizations of nerandomilast have expanded therapeutic options [6, 7, 8, 9, 10]. Preserving the benefit of available treatments nevertheless requires understanding the biological processes that force dose reduction or withdrawal.
15	Normal	Liver injury is one such obstacle. Long-term and post-marketing studies describe interruptions and discontinuations during nintedanib treatment [11, 12, 13]. Its prescribing information includes serious and occasionally fatal drug-induced liver injury (DILI), with biochemical monitoring before treatment, during the first three months, and periodically thereafter [14]. Hepatic impairment increases exposure, and pharmacokinetic variability complicates the connection between prescribed dose and tissue response [15, 16]. Clinical assessment must also separate drug causation from competing liver diseases, concomitant exposures, and the natural course of acute injury [17, 18, 19]. Recent antifibrotic safety analyses reinforce the need to identify molecular strategies that improve hepatic tolerability while preserving treatment benefit [20, 21, 22, 23, 24, 25].
16	Normal	Nintedanib's pharmacology offers a defined starting point. The drug inhibits vascular endothelial growth factor, fibroblast growth factor, and platelet-derived growth factor receptor families [26, 27]. Their effects depend on the tissue and cell type in which they are perturbed. Drug disposition adds a second source of variation: carboxylesterase-mediated hydrolysis to BIBF 1202 and subsequent glucuronidation contribute to clearance, while CYP3A4 can generate iminium-ion metabolites [28, 29]. The translational challenge is to identify which receptor and liver-cell context should be interrogated first, and which clinically grounded injury measurements should determine the outcome.
17	Normal	Public human serum proteomics supplies a clinically interpretable phenotype. Ravindra and colleagues reported candidate proteins measured in adjudicated DILI, healthy volunteers, and patients with acute non-drug liver injury [30]. Together with mechanistic biomarker research, these observations allow candidate pathways to be evaluated against measurable manifestations of hepatocellular damage [31]. Human liver single-cell data then place drug-binding proteins and injury-protein genes in their cellular context [32]. Toxicogenomic resources, LINCS, and chemical single-cell transcriptomics can test whether drug exposure perturbs related processes [33, 34, 35]. The resulting question is specific: which pharmacological interventions could alter the clinically observed injury phenotype in a biologically plausible liver compartment?
18	Normal	Answering this question computationally requires more than overlap among gene lists. Virtual knockout estimates network responses without performing a physical intervention [36], and recent benchmarks show that complex perturbation models do not necessarily outperform simple baselines [37, 38]. Numerical displacement, reference-donor composition, transcript detection, and calibration of the comparison background can each change which molecule appears most compelling. We therefore embedded continuous clinical protein effects within donor-balanced networks, evaluated the raw numerical scale before ranking virtual perturbations, and compared established covariance, propagation, and aggregation approaches on the same candidate set [39, 40, 41, 42, 43]. This clinically anchored integration links a human injury phenotype to receptor selection, tests the robustness of that selection, and specifies the cellular experiments needed to advance the leading candidates.
19	Normal	We followed one translational sequence: establish the hepatic safety question, define the human protein phenotype, connect it to drug pharmacology within liver cells, evaluate the reproducibility of candidate selection, and challenge the resulting priorities in independent drug-exposed liver. Because a clinically useful intervention must also preserve pulmonary benefit, we assessed lung response across public animal, single-cell, and protein datasets [44, 45, 46, 47]. Our objective was to convert these resources into a focused, reproducible set of receptor candidates and a coordinated perturbation-and-rescue strategy for improving the hepatic tolerability of antifibrotic treatment.
20	Heading 1	Methods
21	Heading 2	Study design and analysis sequence
22	Normal	We conducted a secondary analysis of public clinical, pharmacological and experimental data to connect nintedanib exposure with a human liver-injury protein phenotype and identify targets for subsequent perturbation-and-rescue experiments. The study sequence is summarized in Fig. 1A. The analysis followed observational-study reporting principles and READUS-PV recommendations where applicable [48, 49, 50]. Comparative pharmacovigilance defined the clinical problem; human serum proteins supplied the phenotype; drug-binding and exposure-response data positioned candidate targets within donor-balanced liver networks. Numerical calibration, alternative aggregation rules and biological-sample sensitivity analyses tested the resulting priorities. An independently identified nintedanib-exposed liver dataset challenged the frozen ranking, while pulmonary datasets evaluated the treatment response that a liver-sparing intervention would need to preserve. These measurements were integrated without treating circulating proteins as established drug targets or network proximity as a causal effect.
23	Normal	The candidate universe comprised 17 pharmacological proteins: ABL1, AXL, CDK4, FGFR1, FGFR2, FGFR3, FGFR4, FLT1, FLT3, FLT4, JAK1, KDR, LRRK2, LYN, MET, PDGFRA and TYK2. The clinical phenotype comprised the 13 proteins released by the serum-proteomics source study. All candidates and discordant findings were retained. Source-specific analyses were initially frozen on 4 September 2026. Additional numerical auditing, clinical-weighted projection, shrinkage-network estimation, aggregation comparisons and shared-reference sensitivities were developed on 19 September 2026. Their settings and the final integration rule were fixed before inspection of GSE125975. They were not prospectively preregistered. Dataset eligibility depended on exposure, tissue, comparison, downloadable measurements and recoverable experimental units, rather than agreement with a preferred mechanism. Tables 1 and 2 identify resources and provenance. Additional file 1 contains Extended Methods and detailed results; Additional file 2 contains the supplementary figures; Additional file 3 contains the complete supplementary tables. Supplementary Figures S1–S11 are provided in Additional file 2. Target-focused binding and virtual-intervention methods and results are detailed in Additional file 4, with their complete numerical tables in Additional file 5.
24	Heading 2	Comparative hepatic-event reporting
25	Normal	We queried openFDA drug/event, using the release updated 30 July 2026 and reports received from 15 October 2014 to 30 June 2026. The unit was the latest version of a unique safetyreportid. Exact normalized generic-name searches identified nintedanib and pirfenidone reports; reports containing both drugs were excluded from both groups. Pirfenidone supplied an active comparator used in the same clinical disease domain. The primary narrow endpoint contained ten hepatic preferred terms, including drug-induced liver injury, hepatotoxicity, toxic hepatitis and hepatic failure; the broad endpoint added 16 laboratory or hepatic-disorder terms. Complete custom term sets are documented in the analysis code. They are not licensed Standardised MedDRA Queries. An aminotransferase-plus-bilirubin/jaundice co-reporting pattern was exploratory and was not adjudicated Hy's law.
26	Normal	Reporting odds ratios (RORs) and proportional reporting ratios used the corresponding 2×2 report tables, with log-scale Wald 95% confidence intervals (CIs), Fisher exact tests and a 0.5 correction only for zero cells. A contrast with no endpoint reports in either arm was non-estimable. An active-comparator Bayesian information component used 100,000 Jeffreys–Dirichlet posterior draws; it was not represented as the WHO production BCPNN algorithm. Annual estimates, Tarone-adjusted Breslow–Day tests, Cochran's Q and I² evaluated temporal heterogeneity. Mantel–Haenszel estimates with Robins–Breslow–Greenland CIs and 30,000 within-year multinomial bootstrap replicates were descriptive stratified summaries when homogeneity failed. Exclusion of 2022 and calendar-period subdivision were post hoc influence analyses.
27	Normal	The complete specifications included alternative drug aliases, endpoint definitions, ILD indication phrases, report-level suspect-drug restrictions and demographic strata, following specification-curve transparency principles [51]. openFDA drugcharacterization codes were interpreted as 1=suspect, 2=concomitant and 3=interacting. Report-level searches flatten drug arrays and cannot link a role or indication to the indexed product. A same-drug-element indication audit was therefore reported among cases without calculating an ROR lacking corresponding denominators. Onset intervals required exact matching-drug start and report-level event dates and an interval of 0–365 days; descriptive Weibull fitting used days+0.5. These report-based analyses estimate disproportionality, not incidence or treatment effects. Frozen query logs, latest-version derived tables and checksums support audit; complete raw JSON responses require renewed retrieval from the original service.
28	Heading 2	Human serum protein phenotype
29	Normal	We reanalysed the source workbook from Ravindra et al. [30]. Discovery groups comprised healthy volunteers (HV; n=10), DILI onset and follow-up (DO and DF; n=10 each), non-drug acute liver injury onset and follow-up (NDO and NDF; n=5 each), and fatty-liver controls (n=10). The source-selected panel contained ACO1, ASS1, FAH, CPS1, ALDOB, HPD, OTC, DMGDH, GSTA1, FBP1, PCK2, CES1 and LECT2. Confirmatory source groups comprised HV (n=60), DO (n=82) and NDO (n=34). Actual denominators were protein- and contrast-specific; this was reanalysis of a released candidate panel, not unrestricted proteome discovery.
30	Normal	Non-detects remained missing in the primary analysis. Source-row counts, duplicated blocks, the starred PCK2 observation and the one-cell DMGDH-HV overflow were audited under the documented extraction rules. HPD was excluded from discovery-to-confirmatory replication counting because its discovery entries duplicated ALDOB. The workbook did not establish stable participant linkage across proteins or follow-up blocks. We consequently analysed proteins separately, used unpaired exploratory follow-up comparisons and did not construct a participant-level multivariable classifier.
31	Normal	Primary contrasts used two-sided Mann–Whitney tests and Cliff's delta with 2,000 group-stratified bootstrap percentile CIs [52]. Benjamini–Hochberg (BH) correction covered available proteins within cohort and contrast [53]. Apparent single-protein receiver-operating-characteristic areas under the curve were descriptive; they were not cross-validated performance estimates. Welch tests after protein-specific log transformation, half-minimum replacement of non-detects, detection-frequency tests and source-value exclusions supplied sensitivities. ALT correlations used only same-row protein–ALT pairs. Within-DO correlations were primary for severity association; pooled HV+DO correlations were contextual because case–control separation can inflate association. Continuous absolute clinical effect sizes supplied network seeds without selecting only statistically significant proteins.
32	Normal	The discovery measurements were variance-stabilizing-normalized tandem-mass-tag intensities; confirmatory source blocks were analysed on their reported protein-specific assay scales. We did not merge these scales into one pooled abundance matrix. For secondary log transformation, the offset was half the smallest positive value for the relevant protein. Bootstrap sampling preserved each comparison group. Follow-up measurements represented the observations actually released, without assuming nominal article-level totals or reconstructing participant pairing. Protein–ALT CIs also used 2,000 observation-level bootstrap resamples. Lower-limit ties were retained when explicitly supplied, while undocumented substitutions for non-detects in correlation panels were excluded from primary estimation.
33	Heading 2	Pharmacology and cellular drug-response features
34	Normal	ChEMBL records for nintedanib (CHEMBL502835) were restricted to exact-relation quantitative human single-protein activities with available pChEMBL, one mapped target component, no validity warning and no duplicate flag. Potency required maximum pChEMBL ≥6; multiple-assay and multiple-document support required at least two assays or independent documents, respectively. Heterogeneous biochemical activities supplied ranking information, not clinical exposure thresholds.
35	Normal	In GSE70138, the nintedanib perturbagen BRD-K49075727 had six HepG2 24-h Level 5 consensus signatures at 0.04, 0.12, 0.37, 1.11, 3.33 and 10 µM [34]. The 12,328-gene matrix contained 978 measured landmarks and 11,350 inferred genes. Consensus doses were not biological replicates. Spearman correlations with log10 concentration used all 720 dose-label permutations and genome-wide BH correction. Maximum absolute z score, normalized log-dose area under the curve and leave-one-dose-out direction stability characterized response. Competitive tests for the 13 clinical proteins, seven prespecified mechanism modules and three pharmacology sets used 25,000 random sets matched for landmark, best-inferred and other-inferred composition; statistics used within-stratum response percentiles. Module and pharmacology-set multiplicity families were corrected separately. MCF7 Sci-Plex signatures at 1 and 10 µM were compared descriptively with HepG2 at approximately matched doses [35]. Their truncated positive/negative gene lists made overlap-conditional concordance contextual; unreported genes were unavailable rather than non-responsive.
36	Heading 2	Target-focused biochemical binding evidence and molecular-property predictions
37	Normal	We further resolved the PDGFRA and FLT4 records within the frozen ChEMBL extraction by endpoint, assay and source document. Direct dissociation constants (Kd), inhibition constants (Ki) and half-maximal inhibitory concentrations (IC50) were analysed separately. The original eligibility rules remained primary. A labelled assay-format sensitivity additionally admitted exact, validity-clean human single-protein records whose descriptions specified recombinant kinase assays but whose BioAssay Ontology format was recorded generically. Duplicate-flagged, nonquantitative kinetic and single-concentration inhibition records were retained in the disposition table and excluded from potency summaries. We reported every eligible concentration, observed range, document-balanced median and leave-one-document-out median; matched-document contrasts compared the same endpoint without assuming matched assay conditions. No inferential pooling across assay types or conventional molecular docking was performed. Direct Kd observations were traced to the original kinase-binding study [54].
38	Normal	The connected Inductive Bio service predicted nintedanib LogD at pH 7.4 and acidic/basic pKa from the stereochemically specified neutral-parent ChEMBL SMILES. Resolved model versions were mcp_public_logd 1.7.0 and mcp_public_apka/mcp_public_bpka 1.4.0. The exact input, returned values, model configuration identifiers and applicability flags were archived. Provider-returned lower and upper bounds were retained without assigning an unreported confidence level. These physicochemical predictions describe the ligand and were not used as target-binding or molecular-dynamics measurements (Additional files 4 and 5).
39	Heading 2	Liver-cell localization and numerical perturbation calibration
40	Normal	The deposited normalized GSE115469 atlas contained 8,444 cells from five donors [32]. Published labels defined hepatocyte (n=3,501), endothelial (n=844), macrophage (n=1,192), other immune (n=2,751), cholangiocyte (n=119) and stellate (n=37) compartments. Mean expression and detection fraction were calculated within donor and compartment before equal-donor averaging. Cells did not supply independent biological degrees of freedom. The 37 stellate cells from four donors supported exploratory localization only. Network universes combined 650 variance-ranked eligible genes with forced clinical, pharmacological and mechanism genes, excluding zero-variance features; the resulting hepatocyte, endothelial and macrophage matrices contained 705, 717 and 716 genes. Figure 5A summarizes the localization and numerical-calibration sequence.
41	Normal	The original scTenifoldKnk analysis used scTenifoldpy 0.4.0, three seeds (20260904, 20260911 and 20260918), at most 60 sampled cells per donor, and 453–459 retained genes per run [36]. Complete network-construction, tensor-decomposition and alignment parameters are retained in Extended Methods and code. We audited raw unsigned network distances before interpreting percentile ranks. A maximum displacement ≤10−12 defined numerical zero, with sensitivity cut-offs of 10−14 and 10−10. All three thresholds yielded identical classification: 132/210 runs, including 73/102 drug-target runs, were numerical zero. Such outputs remained numerical diagnostics and were excluded from biological perturbation interpretation.
42	Normal	Networks used three resampled subnetworks, at most 250 sampled cells per subnetwork, three regression components and a 0.95 edge quantile. Rank-three PARAFAC decomposition used a 10−6 tolerance and 500-iteration limit; manifold alignment used 20 dimensions and a 10−8 tolerance. Single-gene and available canonical multi-target knockouts were retained under their actual gene compositions. Interrupted partial files were excluded. Original percentile, matched-null and seed-overlap summaries remained available for audit, but an apparently ordered percentile series did not override failure of the raw-distance criterion.
43	Normal	For each of the 29 nonzero drug-target runs, we weighted downstream clinical-protein displacement percentiles by normalized absolute confirmatory DO-versus-NDO Cliff's delta. Each protein was matched to 30 background genes in standardized log1p mean expression and logit detection, excluding clinical proteins and the knocked gene. Four thousand matched draws used the original cell-level reference, with replacement within pools; these matching features were not donor-balanced. The upper-tail P value was (1+null statistics at least as large as observed)/4,001. Alternative clinical weights and leave-one-protein-out analyses were diagnostic. No valid-run FDR discovery was declared, and numerical zero was not interpreted as biological inactivity. Unsigned displacement does not specify whether perturbation is protective or harmful.
44	Heading 2	Clinical-protein-weighted donor-balanced networks
45	Normal	Within each donor and compartment, genes were centered and standardized, with constant genes assigned zero vectors. Ledoit–Wolf covariance shrinkage was fitted before conversion to correlations and equal-donor averaging [39, 43]. The primary symmetric graph retained positive correlations and each gene's 20 strongest neighbors; an edge was retained if selected by either endpoint. Self-edges were removed, and isolated nodes received a self-loop only to define a stochastic transition. Sensitivity crossed positive versus absolute correlations, 10/20/40 neighbors and restart probabilities 0.3/0.5/0.7, yielding 18 graph specifications. An unshrunk Pearson ablation tested covariance regularization. Figure 6A summarizes the clinically weighted network integration.
46	Normal	Primary seed weights were normalized absolute discovery DO-versus-HV Cliff's deltas for all 13 proteins. Three additional profiles used discovery DO versus NDO, confirmatory DO versus HV, and confirmatory DO versus NDO. Random walk with restart propagated these continuous weights [41, 42]. For column-stochastic transition matrix P, seed vector v and restart probability r, the score was f=r[I−(1−r)P]−1v; primary r=0.5. Double-precision adjoint solutions required maximum absolute residual <10−10, stochasticity error <10−12 and nonnegative scores. Protein-specific contributions were retained and sum to the target score. Unsigned seed weights quantify proximity to an injury-associated pattern, not regulatory direction.
47	Normal	Null seeds excluded all clinical proteins and candidate targets. Each seed was matched to its 50 nearest background genes in standardized log(1+equal-donor mean expression) and logit detection with a symmetric 0.005 pseudocount. The 1,999 null sets sampled without duplicate genes within a set and inherited the clinical weights. Target nodes remained fixed. Empirical enrichment P values used a plus-one correction; Z was the observed-minus-null mean divided by null standard deviation, and zero null variance produced an undefined Z. BH correction jointly covered the 50 available target–compartment hypotheses within each setting. FGFR2 lacked an endothelial value, giving 50/51 possible combinations. Additional matching on log(1+weighted degree), with pools of 25/50/100 genes, tested topology sensitivity.
48	Normal	Each donor was omitted in turn, and graphs and matching features were rebuilt from the remaining donors while retaining the inherited feature universe. Rank stability required primary q<0.05, top-quartile rank in ≥75% of the 18 graph specifications and in ≥4/5 donor omissions. Expression-supported priority additionally required ≥10% equal-donor detection in the same compartment. These thresholds were not relaxed for sparse hits. All 72 graph-by-clinical-profile combinations were retained; correlated specifications were sensitivity analyses, not independent replications.
49	Heading 2	Integrated ranking and algorithm comparison
50	Normal	The clinical-network feature for target t was Nt=Σc(dtcZtc)/Σcdtc across available compartments, where detection d and null-adjusted proximity Z always came from the same compartment. This descriptive pooled feature was not subjected to a standard-normal Z test. Three archived features were unchanged: pharmacology combined maximum-pChEMBL percentile, median-pChEMBL percentile and source-confidence values with weights 0.55/0.25/0.20; HepG2 combined absolute dose-correlation and maximum-|z| percentiles with weights 0.60/0.40, multiplied by measurement reliability of 1.0/0.8/0.5 for landmark/best-inferred/other-inferred genes; STRING combined target-to-clinical-protein path-score and weighted-degree percentiles with weights 0.65/0.35 [55]. Exact definitions and the retained 227-edge STRING network are supplied in Extended Methods.
51	Normal	We reproduced the historical median-rank consensus, including mean-rank tiebreaking, and compared it with five rules using the revised four-feature matrix: median, arithmetic mean, geometric mean, maximin and a robust-rank-aggregation order-statistic score [40]. Revised values were converted to midpoint percentiles (rank−0.5)/number observed. Equal-weight geometric aggregation was fixed as primary before external assessment. Missing values received a conservative 0.5/17 percentile, with neutral and observed-feature-only sensitivities. A measured-landmark-only analysis masked all inferred HepG2 features simultaneously.
52	Normal	Twenty thousand competitive permutations shuffled clinical-network and STRING features jointly, with pharmacology and HepG2 shuffled separately, while preserving each target's missingness pattern. BH correction covered 17 targets within each revised algorithm. This calibration tests alignment under the stated rank-exchangeability model and does not estimate mediation probabilities. Component omission assessed ordering retention, top-five Jaccard overlap and agreement with the omitted feature; 4,999 label permutations supplied diagnostic agreement P values. Integrated rankings were recalculated across all 72 graph/clinical profiles and five donor omissions, with detection weights recalculated after omission. Five thousand Dirichlet(4,4,4,4) weight draws quantified rank intervals and top-five frequencies. These are robustness diagnostics rather than classification accuracy or biological CIs. Revision-level stochastic calculations used seed 20260919.
53	Normal	The robust-rank comparator used the minimum beta order-statistic tail probability of sorted lower-is-better percentile complements, with the probability clipped to [10−300, 1] before −log10 transformation. Its analytical independent-list probability was not used as a biological P value. Empirical permutation calibration was applied to this score in the same manner as to the other revised rules. Candidate output ranks used descending average ranks; top-five membership required rank ≤5. The comparison therefore separates exact reproduction of the historical workflow from alternative aggregation of identical revised inputs, while leaving the external liver measurements entirely outside score construction.
54	Heading 2	Single and joint target interventions in the clinical network
55	Normal	The extension adopted perturbation-delta benchmarking and cell-context applicability principles from State [56] and explicit matrix and donor provenance from scBaseCount [57]. We retained the deposited normalized GSE115469 matrices and their five donor identifiers; no State checkpoint, scBaseCount-derived observations or new experimental perturbation data entered the analysis. Within the fixed hepatocyte, endothelial and macrophage gene universes, we reconstructed the original equal-donor Ledoit–Wolf positive top-20-neighbour graph with restart probability 0.5 and discovery DO-versus-HV clinical-protein weights. All incident edges were removed for PDGFRA, FLT4 or both targets, isolated nodes received self-loops, and the column-stochastic transition was rebuilt before propagation. The primary magnitude was the clinical-weighted absolute difference between intervened and baseline propagation scores divided by the weighted baseline score. The joint residual was the dual-intervention score minus both single-intervention scores plus the baseline. KDR and FGFR1 supplied comparator deletions; sham deletion and reapplication of the original graph checked numerical consistency. These operations change network proximity and do not estimate transcript abundance or biological rescue.
56	Normal	Each target was matched to 50 background genes on standardized log1p equal-donor expression, logit detection with a 0.005 pseudocount and log1p weighted degree, excluding the 13 clinical genes and 17 pharmacological candidates. All single-target controls and unique unordered matched pairs were evaluated: 1275, 1939 and 1275 pairs in hepatocyte, endothelial and macrophage networks, respectively. Upper-tail empirical probabilities used a plus-one correction. BH adjustment covered nine intervention-by-compartment magnitude tests and, separately, three joint-residual tests. Each donor was omitted in turn and the graph rebuilt within the inherited feature universe. A fixed 0%, 25%, 50%, 75% and 100% attenuation series scaled every incident edge once. Donor-omission ranges describe within-atlas sensitivity. Settings were fixed before calculation on 2 October 2026, after the original candidate ranking was known, and were not prospectively preregistered. Supplementary Fig. S11 and Additional files 4 and 5 retain all outcomes.
57	Heading 2	Independent hepatic pharmacodynamics
58	Normal	GSE125975 was withheld from candidate construction and algorithm selection. Its 22 distinct male C57BL/6J mice comprised three healthy controls, nine DEN/CCl4 disease controls and ten diseased animals receiving oral nintedanib 50 mg/kg; non-tumoral liver was collected at 17 weeks of age [58]. The source did not establish nintedanib-induced hepatotoxicity, and the dataset was not classified as DILI-positive. The independent evaluation design is shown in Fig. 7A.
59	Normal	We analysed all 13,392 features of the deposited log2 RMA matrix, using the custom HTMG430PM_Mm_ENTREZG Brainarray version 19 platform. We did not claim raw-CEL reprocessing. NCBI identifiers mapped 13,311 features to current symbols; 81 retained Entrez identifiers. The platform contains 17,856 probesets, but the available metadata do not identify the filter removing 4,464 features. Missing candidates were consequently unavailable, not zero. Shared uppercase ortholog symbols supported cross-species comparison; human CES1 was not silently mapped to one arbitrary mouse Ces1-family member.
60	Normal	A three-group model estimated treatment-versus-disease, disease-versus-healthy and treatment-versus-healthy contrasts. Residual variances used a Python empirical-Bayes scaled-F prior (residual degrees of freedom 19, estimated prior degrees of freedom 5.873 and prior variance 0.05022), not the R limma package. Moderated t tests and CIs used total degrees of freedom, with genome-wide BH correction by contrast; Welch tests supplied sensitivity to variance assumptions. For prespecified targets and proteins, exact two-sided tests enumerated all 92,378 allocations of ten treated among nineteen diseased animals. BH correction was reported for available members and conservatively for complete prespecified families, with unavailable values assigned P=1 only during correction. Seven standardized gene modules formed a separate multiplicity family.
61	Normal	Leave-one-animal estimates, 126 disjoint disease-control partitions and an inferred two-run-date adjustment tested sensitivity. Run dates came from CEL filenames rather than verified batch annotations; conditional randomization retained observed within-run treatment counts across 38,610 allocations. External algorithm comparison restricted all six frozen rankings to the same twelve measurable candidates and correlated priority with absolute treatment effects. Each whole-animal permutation recalculated all twelve effects together, preserving inter-gene dependence; BH correction covered six algorithms. This tests hepatic pharmacodynamic rank association, not clinical DILI prediction or genetic target rescue.
62	Heading 2	Pulmonary-response and tissue-context analyses
63	Normal	GSE278200 contained independent lung profiles from four rats per saline, bleomycin and bleomycin+nintedanib group; GSE308578 contained ten control, sixteen diseased-vehicle and seventeen nintedanib-treated mice [44, 45]. GEO/ARRIVE metadata resolved the latter source's interchanged figure-caption group counts. Gene-symbol counts underwent CPM filtering and TMM normalization. Differential expression used a transparent Python mean–variance-trend and empirical-Bayes implementation, with genome-wide BH adjustment, rather than the R limma package. Prespecified seven-module contrasts used animal-level tests and seven-module BH correction. No pulmonary dataset tuned the target ranking.
64	Normal	The rat regimen was oral nintedanib 100 mg/kg once daily from days 7–28 after bleomycin, with collection on day 28. The mouse regimen was 60 mg/kg twice daily from day 8 for 21 days, also collected on day 28. Filtering required CPM ≥1 in at least the smallest group size. TMM factors used 30% log-ratio and 5% absolute-expression trimming. A LOWESS trend with fraction 0.40 and two robustifying iterations modeled log residual variance, followed by 5th/95th-percentile Winsorization and moment-based scaled-F moderation. Module scores averaged available gene z scores within animal; coverage was reported rather than silently replacing missing members.
65	Normal	Because disease and treatment contrasts share disease controls, we repeated reversal analysis using deposited Ensembl count features, a label-independent CPM filter and log2-CPM normalization. An effect-only disease set required |log2 change|≥0.5. Reversal fraction, disease–treatment correlation and median |d|−|d+t| were recalculated after every whole-animal allocation: all 70 allocations in rats and 1,000 distinct allocations in mice. Directional P values and BH correction covered six dataset–statistic tests. All six oriented rat disease-reference splits and 500 eight-versus-eight mouse splits provided disjoint-reference sensitivities; their ranges are descriptive and not independent-replication CIs.
66	Normal	Additional sources retained their actual experimental units. GSE120804 liver slices and GSE120679 lung slices originated from pooled rat tissue and supplied descriptive slice-level context [59, 60]. PXD024058 had conflicting biological/technical replicate descriptions and was analysed without inferential P values [61]. GSE151374 comprised 18 independently prepared single-cell libraries pooling three mice each; pool-level pseudobulk and exact 3-versus-3 tests, not cells, supplied inference [46]. PXD052594 included all 23 deposited lung proteomes (10 treated, 13 vehicle), without post-treatment radiomic selection; postrandomization attrition was retained as a limitation [47]. Its 7,006-protein and 20,043-phosphosite families were analysed separately. GSE299128 supplied 57 longitudinal blood samples from seven participants without adjudicated DILI; participant-specific slopes used all 128 sign assignments and 30-gene BH correction. Full eligibility, preprocessing, pooling, attrition and multiplicity details remain in Extended Methods.
67	Heading 2	Reproducibility and statistical units
68	Normal	Sample sizes were determined by available source data. Tests were two-sided unless the competitive or restoration alternative was explicitly directional. Effect sizes, CIs, observed denominators and unavailable measurements were retained alongside BH-adjusted results. No discordant dataset was removed to improve concordance. Donors, animals, pooled libraries, participants or safety reports supplied the applicable units; cells, features and repeated computational seeds did not increase biological sample size. The analysis code and associated documentation record source-specific environments, software versions, random seeds, parameters and SHA-256 checksums. Frozen-output verification and regeneration from newly downloaded repository data are distinguished where complete upstream raw datasets require retrieval from the original sources.
69	Normal	No new human samples, cell experiments or animal experiments were generated. The supplementary perturbation-and-rescue protocol is prospective and contributes no observed result.
70	Heading 1	Results
71	Heading 2	Hepatic adverse-event reporting motivates molecular target prioritization
72	Normal	The frozen openFDA release contained 30233 mutually exclusive nintedanib-indexed and 39467 pirfenidone-indexed reports across all recorded indications. Narrow hepatic events occurred in 340 and 112 reports, respectively, giving a reporting odds ratio (ROR) of 3.997 (95% confidence interval [CI] 3.226–4.951). The broad endpoint occurred in 1773 and 717 reports (ROR 3.367; 95% CI 3.083–3.677). Expanded product aliases gave similar estimates. An exploratory aminotransferase-plus-bilirubin/jaundice constellation involved only 19 versus 12 reports and was not classified as Hy's law (Fig. 1B,C).
73	Normal	Restriction to a reported interstitial-lung-disease indication retained the association: narrow ROR 3.682 (95% CI 2.911–4.658) and broad ROR 3.928 (95% CI 3.565–4.329). Filters requiring any suspect drug and their intersection with the indication filter were also directionally consistent (Fig. 1D). These were report-level sensitivities: openFDA array flattening can assign the indication or suspect role to a co-reported drug. The same-element case audit clarified this linkage without supplying a corresponding noncase denominator (Supplementary Fig. S1). Sex and age strata were compatible with the overall signal but did not establish demographic interactions (Fig. 1H,I).
74	Normal	Calendar time materially affected magnitude. Tests rejected homogeneous annual odds ratios for both endpoints. The 2022 narrow-endpoint contribution comprised 123 nintedanib reports and none for pirfenidone; 104/123 originated in Italy and 96/123 were received in July. Excluding 2022 reduced the narrow ROR to 2.550 (95% CI 2.029–3.205), while the 2023–2026 estimate was 1.464 (95% CI 0.928–2.309; Fig. 1E–G). Among reports with eligible exact dates, median narrow-endpoint onset was 15 days for nintedanib and 65 days for pirfenidone, with substantial missingness. Broad-endpoint onset distributions and overlapping serious outcomes were descriptive (Fig. 1J,K). These findings motivate receptor-level investigation of the hepatic safety signal, with the calendar analyses defining its temporal context.
75	Heading 2	Human serum proteins specify the injury phenotype for target screening
76	Normal	We next defined what a candidate mechanism should explain. The human serum workbook provided observations for 13 source-selected proteins, but lacked identifiers supporting a defensible participant-by-protein matrix. We therefore retained protein-specific denominators and analyzed the measured distributions without constructing a multivariable predictor.
77	Normal	FBP1 was the only candidate separating DILI onset from acute non-drug liver injury after correction across the 13-protein family. Values were lower in DILI onset (median 0.00770; 76/82 detected) than in non-drug injury (median 0.02075; 32/34 detected), with Cliff's delta −0.505 (95% CI −0.724 to −0.288; q=4.69×10−4). With higher non-drug-injury values defined as positive, its apparent univariate area under the curve was 0.753 (95% CI 0.644–0.862; Fig. 2D,E,I). Half-minimum substitution for non-detection retained the contrast (delta −0.455; q=0.00156; Fig. 2J). Relative to healthy volunteers, however, FBP1 was higher in DILI (delta 0.922; 95% CI 0.847–0.978; q=4.02×10−15). Its meaning is therefore contextual: it distinguishes injury from health and, within the released panel, helps separate two acute-injury etiologies. This source-reported FBP1 contrast [30] provides an etiologically informative readout within the clinical phenotype used to guide receptor screening.
78	Normal	The broader panel supplied the phenotype used for network evaluation. Eleven proteins showed at least moderate, false-discovery-rate (FDR)-controlled separation between DILI onset and health; ACO1, ASS1, and FAH had the largest effects (Cliff's deltas 0.978, 0.967, and 0.954; Fig. 2A–C). Among 12 evaluable, non-duplicated discovery candidates, 11 retained the DILI-versus-non-DILI direction in confirmation, with descriptive effect-rank correlation 0.561 (Fig. 2F). These correlated proteins were not treated as independent replication units. Nine of 11 proteins with available follow-up blocks were lower than at onset, but absent participant identifiers prevented paired recovery analysis (Fig. 2H).
79	Normal	Within DILI, ALT correlated strongly with ASS1 (ρ=0.873), ACO1 (0.800), and ALDOB (0.798), and also with the complementary readouts OTC (0.701), GSTA1 (0.668), and FBP1 (0.425; Fig. 2G). No liver-zone comparison survived FDR correction. Protein-specific distributions, detection patterns, source-row discrepancies, censoring, and duplicate-series audits are preserved in Supplementary Figs. S2 and S3. We carried all 13 proteins forward as continuous phenotype measurements; FBP1 provided the strongest etiologic contrast, while most other proteins primarily reflected injury or severity. This combination links etiologic discrimination with complementary measures of injury burden in the downstream experimental phenotype.
80	Heading 2	Drug pharmacology and cellular responses define the inputs for liver-context integration
81	Normal	To connect this serum phenotype to a perturbation, we examined nintedanib-exposed HepG2 cells and curated drug-binding evidence. Six 24-h consensus dose profiles covered 12328 genes. No monotonic gene response passed genome-wide FDR correction (minimum q=0.268); the exact six-dose test had a minimum attainable two-sided P value of 0.00278 (Fig. 3A–C). These exposure-response profiles supplied quantitative cellular features for the subsequent integrated ranking.
82	Normal	Twelve clinical-protein genes were represented. Their measurement-stratum-adjusted response percentile was 0.497 against a matched-null mean of 0.500 (competitive P=0.511), giving no enrichment of the injury set (Fig. 3D,E). OTC and LECT2 each had dose correlation 0.943, and GSTA1 had correlation 0.886, but none passed anchor-family correction. FBP1 was nonmonotonic across the six doses (ρ=0.029; exact P=1.000). No prespecified mechanism module survived FDR correction (Fig. 3F). Overlap with truncated MCF7 chemical-transcriptomic lists was positive but small: correlations were 0.086 near 1 µM and 0.140 at 10 µM. FBP1 appeared with a positive sign in both MCF7 lists, a narrowly defined cross-model observation rather than biological-replicate validation (Fig. 3G,H).
83	Normal	ChEMBL supplied 2250 activity records, of which 300 exact-relation, validity-clean human single-protein activities mapped to 222 targets. Sixteen targets had potent support in at least two documents. Canonical maximum pChEMBL values included KDR 8.98, PDGFRA 8.72, FLT4 8.30, FGFR3 8.23, FGFR1 7.50, and FGFR2 7.43; none of the 13 serum proteins had qualifying direct-target evidence in the curated ChEMBL records (Fig. 3I). Among the 16 represented multi-document targets, potency did not correlate with HepG2 response magnitude (ρ=−0.074; P=0.787; Fig. 3J). A secondary signed-response analysis favored a positive canonical-target-set shift, but its magnitude test was null. Measurement-stratified, dose-omission, and cross-cell-line sensitivities are shown in Supplementary Fig. S4. The combined result defines distinct quantities to connect experimentally: biochemical target engagement, intracellular transcriptional response, and extracellular injury-protein release.
84	Heading 2	Experimental biochemical records support engagement of both prioritized receptors
85	Normal	The frozen pharmacology set contained 11 quantitative records for the two priorities: seven for PDGFRA and four for FLT4. Direct binding measurements reported Kd values of 16 nM for PDGFRA and 95 nM for FLT4 in the same kinase-binding study [54], complementing the cellular-context ranking with measured receptor-binding evidence (Fig. 4A,B). PDGFRA IC50 values spanned 1.9–560 nM across five source documents, with a median of 18 nM; FLT4 IC50 values spanned 5–34 nM across three documents, with a median of 13 nM. A separate PDGFRA Ki was 8.4 nM. Thus, both receptors had submicromolar experimental pharmacological support, while direct affinity and inhibitory potency remained distinct endpoints.
86	Normal	Within the two primary documents reporting both receptors, PDGFRA-to-FLT4 IC50 ratios were 3.60 and 4.54. Three additional records entered the labelled assay-format sensitivity; the expanded IC50 medians were 11 nM for PDGFRA and 5 nM for FLT4, and two additional matched-document ratios were 0.63 and 0.72 (Fig. 4C,D). The variable relative ordering and document-omission profiles support engagement of both receptors without establishing uniform selectivity for either receptor (Fig. 4E,F). These endpoint-resolved findings elaborate the original pharmacology source rather than add an independent validation cohort. Inductive Bio returned LogD7.4 2.523, acidic pKa 10.945 and basic pKa 7.712, with no low-confidence or out-of-domain flags; the full returned bounds and configurations are reported in Additional files 4 and 5.
87	Heading 2	Liver-cell localization and numerical calibration refine the target–phenotype hypothesis
88	Normal	The liver atlas located these quantities within a multicellular tissue. Descriptive embeddings documented hepatocyte, endothelial, and macrophage structure (Fig. 5B–D). Equal-donor estimates showed prominent endothelial detection of KDR (31.9%), FLT1 (52.2%), FLT4 (16.2%), and FGFR1 (22.2%). FGFR2 and FGFR3 were most detectable in cholangiocytes; PDGFRA and PDGFRB were most evident in stellate cells, although that compartment comprised only 37 cells from four donors (Fig. 5E,G). The injury genes were predominantly hepatocellular: detection reached 94.5% for ALDOB, 84.8% for CES1, 74.2% for CPS1, 58.6% for GSTA1, 54.7% for FBP1, and 29.9% for LECT2 (Fig. 5F). This distribution directs the mechanistic question toward non-parenchymal receptor signaling and its effects on hepatocellular injury.
89	Normal	Before evaluating that connection, we audited 95731 gene-level records from 210 virtual-knockout runs (Fig. 5H–K). In 132 runs, maximum displacement was at floating-point scale, no greater than 2.85×10−15. The smallest maximum among nonzero runs was 4.73×10−7; classifications were identical using cutoffs of 10−14, 10−12, or 10−10. Of 102 drug-target runs, 73 were numerically zero and 29 were quantifiable. Percentile normalization had assigned ordered scores even to noise-scale distances, so those runs could not support a biological perturbation claim.
90	Normal	FGFR1 illustrated the consequence. Only one of three endothelial runs was numerically nonzero (maximum 6.02×10−6); the other two maxima were approximately 10−15, as was its available macrophage result (Fig. 5J). The earlier favorable percentiles therefore did not establish reproducible FGFR1 perturbation. Across all 29 quantifiable drug-target runs, projection of the continuous human DILI-versus-non-DILI protein profile did not exceed expression-matched backgrounds (minimum upper-tail P=0.352). The valid FGFR1 endothelial run had standardized difference −2.20 and P=1.000 (Fig. 5K). Numerical calibration thus changed the target interpretation and established the need for an independently calibrated way to connect drug pharmacology to the clinical phenotype.
91	Heading 2	Clinical-protein-guided integration prioritizes PDGFRA and FLT4 across sensitivity analyses
92	Normal	We propagated the continuous protein phenotype through donor-balanced shrinkage networks and evaluated target proximity against matched seed sets (Fig. 6B). The fixed 17-target universe produced 50 evaluable target–compartment combinations; FGFR2 lacked an endothelial value. All primary computations passed numerical checks, with maximum linear-system residual 8.88×10−16 across the 18 graph specifications. Four clinical-weight profiles generated 3600 candidate estimates. Five actual donor omissions generated 250 estimates, including one undefined null-adjusted value retained as unavailable.
93	Normal	Three primary associations reached joint-family q=0.00833: endothelial LRRK2 (Z=27.424), endothelial TYK2 (Z=5.670), and macrophage PDGFRA (Z=7.299). LRRK2 and PDGFRA also met the specified graph- and donor-rank stability requirements. Their same-compartment detection fractions were nevertheless only 4.184% and 0.139%, respectively; TYK2 detection was 5.324%. No candidate satisfied significance, stability, and the inherited 10% expression threshold together (Fig. 6C,M). The threshold was retained rather than relaxed to recover a preferred molecule.
94	Normal	Seed decomposition explained why apparently large network effects required this qualification. OTC and ALDOB contributed 47.43% and 45.74% of the endothelial LRRK2 score; PCK2 contributed 92.68% for endothelial TYK2, and HPD contributed 91.41% for macrophage PDGFRA (Fig. 6D). The latter receptor was detected in just two cells across two donors. Degree-matched calibration retained the endothelial associations across matching-pool sizes, but macrophage PDGFRA lost FDR significance with the 100-gene pool. Donor omissions also produced negative as well as positive Z values for the endothelial candidates (Fig. 6E). FGFR1 had negative primary null-adjusted scores in all three modeled compartments. These findings identify sparse or concentrated connections, rather than broad, expression-supported disruption of the clinical program.
95	Normal	Changing the clinical contrast or source cohort while retaining the graph gave candidate-rank correlations of 0.838–0.982 with the primary weighting. Unshrunk and shrinkage-conditioned ranks correlated at 0.517 in hepatocytes, 0.821 in endothelial cells, and 0.924 in macrophages, with maximum changes of 13, seven, and five positions. Thus, the human phenotype could be transported across several weighting definitions, but covariance estimation remained consequential, especially in hepatocytes. The comparison identifies covariance estimation as an influential design choice to include in subsequent experimental benchmarking.
96	Normal	The network feature was then combined with pharmacology, HepG2 response, and STRING association context to choose reproducible experiments (Fig. 6L). The primary geometric ordering was PDGFRA, FLT4, FGFR2, JAK1, and FGFR3; FGFR1 moved from third in the historical consensus to fourteenth (Fig. 6F,G). This ranking followed the same fixed candidate set and a rule selected before the independent liver challenge. PDGFRA and FLT4 occupied the first two positions under revised median, arithmetic, geometric, and maximin fusion; robust rank aggregation placed them first and third. Both remained in the top five across all 5000 source-weight perturbations, compared with 92.9% for FGFR2, 70.0% for JAK1, and 58.9% for FGFR3 (Fig. 6J). Measurable endothelial FLT4 expression identifies a cellular starting point for perturbation, while PDGFRA prioritization directs receptor-expression verification in an appropriately sampled hepatic system.
97	Normal	The algorithm comparison separated rank stability from predictive evidence. Geometric fusion retained full-data ranks after component omission with mean Spearman correlation 0.833 versus 0.793 for the exact historical consensus, and mean top-five Jaccard overlap 0.607 versus 0.506 (Fig. 6H). Agreement with the omitted feature was weak, however: mean correlation 0.045 for geometric fusion, with maximin highest at 0.115 (Fig. 6I). None of the five revised methods produced a competitive q value below 0.05; minima were 0.139 for robust rank aggregation and 0.178 for geometric fusion. Numerically valid legacy virtual-knockout comparisons were also limited: requiring three evaluable seeds left only two endothelial and two macrophage candidates, insufficient for an informative broad algorithm comparison.
98	Normal	Across 72 fixed graph-and-clinical-weight combinations, geometric rank correlations ranged from 0.782 to 1.000 (median 0.946), with mean top-five overlap 0.949. PDGFRA remained first after each donor omission; FLT4 ranked second to fifth (Fig. 6K). Alternative missing-value treatments preserved the leading five, while masking inferred HepG2 transcripts changed the overall ranking more substantially (Supplementary Fig. S8). Together, these analyses place PDGFRA and FLT4 at the front of a reproducible experimental sequence: verify receptor expression and engagement in the relevant hepatic compartment, measure its effects on the clinical injury-protein phenotype, and test reciprocal rescue.
99	Heading 2	Target-pair perturbations characterize clinical-network sensitivity
100	Normal	Single and joint PDGFRA/FLT4 edge deletions generated numerically consistent outputs across donor omissions. The joint deletion changed the clinical-weighted propagation score by 0.000336%, 0.02154% and 0.03848% in hepatocyte, endothelial and macrophage networks, respectively; none of the nine primary effects exceeded matched-control backgrounds after correction (all q≥0.529; Supplementary Fig. S11A–F). Joint residuals also remained nonsignificant after three-test correction (q=0.991, 0.250 and 0.101; Supplementary Fig. S11G,H). Reciprocal receptor-score redistribution was descriptive (Supplementary Fig. S11I). PDGFRA was detected in 8, 33 and 2 cells in the respective compartments, compared with 4, 150 and 13 for FLT4. The extension therefore defines model-level sensitivity and cellular-coverage requirements while retaining the original interpretation of PDGFRA and FLT4 as priorities for receptor-specific testing.
101	Heading 2	Independent liver exposure identifies KDR as a pharmacodynamic comparator
102	Normal	We challenged the frozen priorities in GSE125975, an independent experiment containing 22 mouse non-tumor liver profiles: three healthy controls, nine disease controls, and ten nintedanib-treated animals [58] (Fig. 7B). The deposited matrix contained 13392 features. Nintedanib altered 92 at genome-wide q<0.05, including 73 with absolute log2 difference at least 0.5; Welch sensitivity analysis retained 13 discoveries. Disease versus healthy liver yielded 338 moderated-test discoveries, while treated versus healthy liver yielded 784, indicating an observable response without simple restoration to the healthy transcriptome (Fig. 7C,J).
103	Normal	Only 12 of 17 targets and two of 13 clinical-protein genes were represented. Kdr decreased with nintedanib (log2 difference −0.2796; moderated 95% CI −0.4489 to −0.1102). Its genome-wide q value was 0.1192, but exact whole-animal testing gave P=0.002273, q=0.0273 across the 12 measured candidates, and conservative q=0.0386 across the full 17-candidate family (Fig. 7D,E). The direction persisted after every treated- or disease-animal omission (range −0.3180 to −0.2425; Fig. 7H). Adjustment for two run-date groups inferred from CEL filenames retained the decrease and candidate-family significance (log2 difference −0.2768; genome-wide q=0.1114; conditional-randomization full-family q=0.02950). These date tokens were a technical sensitivity rather than verified batch annotations.
104	Normal	The Kdr response was concordant with reduced VEGFR2 phosphorylation and downstream AKT/ERK signaling reported in the same source experiment [58]. Together, the transcript and biochemical measurements from this source support use of the VEGFR arm as a hepatic pharmacodynamic comparator. The individual-animal profiles illustrate receptor-specific responses (Fig. 7E–G): Fgfr1 was essentially unchanged (log2 difference 0.0242; genome-wide q=0.9589), and no prespecified module passed exact-permutation correction (Fig. 7I). Of 297 disease-associated features meeting both statistical and effect thresholds, 51.2% changed oppositely under treatment; disjoint disease-reference analysis reduced median reversal to 46.0%, with median disease–treatment correlation 0.149 (Fig. 7K,L).
105	Normal	Finally, we tested whether priority predicted absolute hepatic expression-effect magnitude among the same 12 measured candidates. Correlations ranged from −0.274 for maximin to 0.252 for robust rank aggregation; geometric fusion yielded −0.252 (exact whole-animal P=0.461). All six method-level q values were at least 0.681 (Fig. 7M). The independent challenge identifies selective hepatic drug responsiveness and supports KDR as an organ-level pharmacodynamic comparator for subsequent testing of the PDGFRA and FLT4 priorities.
106	Heading 2	Pulmonary responses define the therapeutic constraint on a liver-sparing intervention
107	Normal	The same intervention must preserve nintedanib's pulmonary benefit. In GSE278200, four independent rats per group supplied a responsive fibrosis context: 895 genes changed with nintedanib at genome-wide q<0.05, including 551 with absolute log2 fold change at least 0.5. Among 3647 disease-responsive genes, 94.4% changed in the opposite direction under treatment in the original shared-reference analysis. Direct contrasts showed lower COL1A1 (log2 fold change −1.607; 95% CI −2.508 to −0.705; q=0.0404) and POSTN (−0.467; 95% CI −0.660 to −0.275; q=0.0188). No prespecified treatment module survived correction (Supplementary Fig. S9A–E).
108	Normal	The GSE308578 mouse model showed weaker response. Its deposited groups comprised 10 controls, 16 bleomycin–vehicle animals, and 17 nintedanib-treated animals, using concordant GEO and ARRIVE mapping rather than the swapped counts in the source figure caption. Although 1059 genes changed at q<0.05, only 208 met the effect-size threshold. The original shared-reference reversal fraction was 78.9%, with a smaller median reversal index than in rats (0.257 versus 0.514). ABCB1B increased by 0.519 log2 units (95% CI 0.271–0.767; q=0.00788), and its effect remained positive in all 33 animal omissions. No treatment module passed FDR correction (Supplementary Fig. S9F–H). This supports an efflux-associated, model-dependent boundary on response rather than universal inactivity of nintedanib.
109	Normal	We then calibrated global reversal against its shared-comparator structure, retaining all original gene-level results. Reanalysis of deposited count features gave shared-reference reversal fractions of 92.3% in rats and 78.4% in mice, with disease–treatment correlations of −0.827 and −0.625. Whole-animal permutations showed negative correlations and substantial reversal even under the null. No statistic survived correction across the six dataset–summary tests; restoration had q=0.1286 in both species (Supplementary Fig. S10). Disjoint disease-reference splits retained average directional reversal but reduced it to medians of 84.7% in rats and 73.9% in mice. Mouse correlation ranged from −0.737 to 0.185, and the contrast-based restoration proxy crossed zero. These overlapping-subset ranges describe sensitivity, not confidence intervals or independent replication. The direct COL1A1 and POSTN contrasts therefore provide clearer molecular evidence than an uncalibrated claim of global transcriptome restoration.
110	Normal	The hepatic and pulmonary context datasets further tested whether the proposed clinical-protein program behaved uniformly. In pooled bile-duct-ligation liver slices, nintedanib coincided with higher FBP1, OTC, and CPS1 transcripts and lower fibrosis-related transcripts (Supplementary Fig. S9I). These were slice-level observations from pooled animals, not replicated evidence of hepatoprotection. Pooled lung slices and the PXD024058 lung-protein matrix also showed heterogeneous target–protein directions (Supplementary Fig. S9J). Uncertain biological versus technical replication in PXD024058 precluded inferential P values.
111	Normal	We retained similarly informative negative findings from more detailed pulmonary measurements. In GSE151374, 70696 cells came from 18 pooled libraries; three pools per condition and time supplied the statistical units. Neither macrophage genes, composition, nor prespecified programs showed FDR-controlled treatment effects. The day-14 receptor-tyrosine-kinase program and FGFR1 transcript changes were nominally positive, but each had exact three-versus-three P=0.10 and failed correction (Supplementary Fig. S6). In PXD052594, the unconditioned deposited-animal comparison included 10 nintedanib and 13 vehicle mice after source postrandomization losses. None of 7006 proteins passed q<0.10 (minimum q=0.608), and the prespecified programs were also null (Supplementary Fig. S7). In the separate five-versus-five phosphoproteome subset, an unmoderated parametric screen identified 994 of 20043 sites at q<0.05, with 495 decreases and 499 increases. However, no quantified site in the examined FGFR3, PDGFRA, FLT4, MAPK1, MAPK3, AKT1, or STAT3 tracks passed that threshold, and an FGFR1 site was unavailable. Small-group variance estimation, preprocessing, and unmeasured batch structure limit this table-level sensitivity; absent matched total-protein adjustment also prevents distinguishing phosphorylation changes from protein-abundance shifts. These findings did not provide target-specific functional confirmation.
112	Normal	Finally, 57 whole-blood samples from seven nintedanib-treated participants supplied no longitudinal target–protein confirmation: all 30 prespecified slope tests had q=1.00 (Supplementary Fig. S5). This single-arm series lacked adjudicated DILI and was not a direct test of hepatic injury. Taken together, these tissue and clinical sensitivities retain the drug's pulmonary purpose within the same mechanistic question. They support testing PDGFRA and FLT4 against receptor activity, intercellular signaling, and hepatocyte injury at matched exposure, followed by a direct demonstration that any liver-sparing effect preserves pulmonary antifibrotic activity.
113	Heading 1	Discussion
114	Normal	This study prioritizes PDGFRA and FLT4 for mechanistic investigation of nintedanib-associated liver injury and defines how to test them against a human injury-protein phenotype. Their leading positions persisted across alternative integration rules, source-weight perturbations, and donor omission, providing a focused basis for allocating experimental effort. The contribution is the connection between clinical-protein weighting, drug pharmacology, liver-cell context, and calibrated network integration within one translational sequence. Numerical auditing sharpened that sequence by identifying noise-scale virtual-knockout outputs that had favored FGFR1. The resulting framework advances a specific experimental question: how does perturbing PDGFRA or FLT4 alter hepatocyte injury at comparable drug exposure, and can that response be modified while maintaining pulmonary antifibrotic activity?
115	Normal	The hepatic reporting signal establishes the clinical relevance of this question and the importance of evaluating it across treatment contexts and calendar periods. Our full-period RORs agree with the safety concern described by earlier comparative studies [21, 22, 23, 24, 25]. The concentration of narrow-endpoint reports in 2022 and attenuation in the recent period show that report composition materially shapes its magnitude. Presenting all endpoint, indication, and calendar specifications follows pharmacovigilance reporting guidance and the transparency rationale of specification-curve analysis [49, 50, 51]. This evidence defines the clinical safety problem that the protein-guided receptor analysis is designed to investigate.
116	Normal	The clinical proteome gives that question a measurable endpoint. Changes in intermediary-metabolism, nitrogen-handling, and detoxification proteins provide a more specific experimental phenotype than a generic injury gene list. This interpretation fits the development of mechanistic biomarkers and the need to qualify them for a particular clinical use [31, 62, 63]. FBP1 is especially informative because its direction depends on the comparator: higher in DILI than in health, but lower than in acute non-drug injury. Our reanalysis extends the interpretation of this source-reported candidate [30] by using its etiologic contrast to guide receptor screening within a broader human injury-protein phenotype. Measuring intracellular FBP1 activity together with extracellular release and viability is necessary to distinguish metabolic regulation from cell damage, altered clearance, or tissue loss.
117	Normal	The relationship between receptor activity, transcription, and protein release determines the measurements needed to test these candidates. Kinase inhibition can change phosphorylation without changing receptor transcript abundance; extracellular injury-protein concentrations can rise without increased intracellular transcription. Accordingly, the assays should resolve the sequence linking receptor engagement, cellular response, and injury-protein release. LINCS and chemical single-cell transcriptomics provide exposure-response information [34, 35] that can guide the design of primary multicellular hepatic experiments. The cellular separation between endothelial receptor expression and hepatocellular injury proteins gives a plausible setting in which to investigate such interactions. Liver atlases and fibrotic-niche studies support the relevance of this organization [32, 64] and motivate compartment-resolved testing of candidate intercellular mediators.
118	Normal	The numerical audit has broader implications for computational target discovery. Rank transformations discard absolute scale: a complete ordering can emerge from differences too small to distinguish from numerical error. Here, the gap between the numerical-zero and nonzero regimes was several orders of magnitude, and three cutoffs gave identical classifications. Removing the affected runs therefore grounded subsequent interpretation in the numerical behavior of the implemented calculation. The remaining drug-target perturbations did not preferentially displace the clinical protein program. For these archived runs and settings, the audit redirected candidate selection toward evidence that could be evaluated on an interpretable numerical scale. Retaining raw quantities alongside normalized scores makes that decision reproducible.
119	Normal	The revised network analysis connects receptor selection to a clinically weighted injury phenotype within a donor-balanced liver reference. Covariance shrinkage, random walk with restart, and rank aggregation are established methods [39, 40, 41, 42, 43]; their value here arises from combining them with continuous human protein effects, numerical and expression checks, actual donor-omission reconstruction, and matched-background calibration. These steps address different sources of instability before experimental resources are committed. Seed decomposition and compartment-specific detection further indicate where an apparent connection needs targeted biological sampling. This clinically specified and auditable integration complements the broader effort to benchmark inferred networks and perturbation responses against appropriate baselines [36, 37, 38, 65].
120	Normal	Algorithm comparison made the basis of candidate selection explicit. Geometric fusion retained the complete ranking more consistently after component omission than the historical consensus, while assessment of the omitted feature and independent hepatic response evaluated separate aspects of performance. All 72 graph-and-clinical-weight specifications, donor omissions, and source-weight draws remained available for comparison. This comprehensive sensitivity analysis supports the use of PDGFRA and FLT4 as reproducible priorities for allocating perturbation experiments. The practical advance is an inspectable route from heterogeneous public evidence to a focused experimental decision, with candidate ordering assessed across specified modeling choices.
121	Normal	The endpoint-resolved pharmacology adds a direct biochemical basis for this experimental choice: both receptors have measured nanomolar binding affinity, alongside inhibitory activity across multiple source documents. Assay-dependent relative potency argues for measuring occupancy or proximal receptor phosphorylation at the same intracellular nintedanib exposure in the selected hepatic systems. The virtual-intervention extension then asks a different question—how changing each receptor node alters the clinically weighted network. Its calibrated results support neither a synergistic interaction nor a directional PDGFRA–FLT4 regulatory relationship. State emphasizes evaluation against held-out measured perturbations within the model’s supported intervention domain [56], while scBaseCount provides principles for improving reference-cell provenance and coverage [57]. Together, these considerations focus the next validation on target-expressing hepatic contexts and experimentally measured perturbation responses.
122	Normal	PDGFRA and FLT4 provide complementary entry points into the hypothesis that non-parenchymal receptor signaling influences hepatocyte susceptibility during nintedanib exposure. PDGFRA combines strong biochemical support with stable integrated priority; its stellate-associated localization directs initial testing toward adequately sampled stellate-cell–hepatocyte systems. Receptor protein and activity should first be measured in those systems, because the macrophage proximity signal was dominated by HPD and arose from only two detected cells. FLT4 has clearer endothelial detection, making sinusoidal endothelial–hepatocyte co-culture a defined starting point. For each receptor, time-resolved perturbation, conditioned-medium transfer, direct co-culture, and reciprocal rescue can test the sequence from receptor activity through candidate secreted mediators to the hepatocyte injury phenotype. Comparing receptor inhibition with restoration will test whether either direction improves tolerance at matched exposure.
123	Normal	Independent liver exposure adds KDR as a pharmacodynamic comparator to this experimental strategy. The candidate-family Kdr decrease and reduced VEGFR2 phosphorylation reported in the same source experiment indicate hepatic responsiveness of nintedanib's VEGFR arm [58]. Measuring this comparator alongside PDGFRA and FLT4 can help separate effective hepatic drug engagement from changes in injury-protein release. Angiocrine control of liver regeneration and recent endothelial FGF1–hepatocyte FGFR4 work provide examples of intercellular metabolic regulation that inform assay design [66, 67]. Receptor activity, mediator release, and hepatocyte metabolic function should therefore be resolved over time in the same exposure-controlled system.
124	Normal	FGFR1 supplies an additional comparator for compartment-specific testing. Its context-dependent biology includes vascular-niche fibrosis, hepatocyte detoxification during regeneration, and macrophage inflammatory regulation [68, 69, 70]. Testing it alongside PDGFRA and FLT4 would directly examine whether the revised experimental priorities better capture the relevant injury response. Increased metabolic transcripts in nintedanib-exposed liver slices and reported antifibrotic effects in experimental liver disease further indicate that tissue state should be incorporated into the design [59, 71, 72]. Parallel uninjured and disease-conditioned hepatic systems, with intracellular drug quantification, can distinguish altered drug disposition from improved cellular tolerance at comparable exposure.
125	Normal	Pulmonary preservation completes this experimental logic. The responsive rat contrasts and the weaker mouse response show why a liver-sparing intervention should first be assessed in a pulmonary system with demonstrated drug activity and then challenged in another model [44, 45]. Animal-level permutation and disjoint-reference analyses also show why a large negative disease–treatment correlation is insufficient evidence of restoration. Cell and protein datasets add tests of generalization while retaining their pool or animal denominators [46, 47]. The decisive outcome is preserved suppression of fibroblast activation, matrix production, and functional or histological fibrosis at an exposure that reduces hepatic injury. Efforts to separate pulmonary delivery from systemic exposure emphasize the clinical value of this objective [73, 74].
126	Normal	The next study should implement donor-replicated hepatic perturbation of PDGFRA and FLT4, with KDR and FGFR1 comparators, and measure receptor activity, candidate secreted mediators, intracellular metabolism, and extracellular FBP1, GSTA1, and OTC together. Reciprocal rescue should follow an exposure-controlled injury effect. Parent nintedanib, BIBF 1202, and relevant downstream metabolites should be quantified to distinguish disposition from cellular tolerance [28, 29]. Prospective clinical sampling can then connect serial injury proteins and pharmacokinetics to adjudicated liver-test changes and pulmonary response. Existing circulating-biomarker studies support the feasibility of serial assessment [75, 76]. New spatial transcriptomic and protein atlases can refine localization and guide selection of the definitive cellular system [77, 78].
127	Normal	Several limitations define the scope of these findings. The prioritization establishes a reproducible experimental order, rather than a causal DILI target or a protective intervention direction: competitive calibration did not confirm a candidate, and the frozen rankings were not significantly associated with hepatic transcript-response magnitude. No public cohort jointly measured nintedanib exposure, adjudicated DILI, target perturbation, and the serum protein panel. The proteomic candidates were selected by the source study, and missing identifiers prevented paired or multivariable analyses. The liver networks use five healthy donors and a fixed, previously selected gene universe; donor omission does not repeat that upstream feature selection. PDGFRA localization requires improved stellate-cell sampling, and the unsigned network scores require bidirectional experimental perturbation. The six HepG2 consensus doses do not estimate biological variation at each concentration, and inferred transcripts influence ranking. Revision-developed methods were frozen before the independent liver challenge but were not prospectively preregistered. Cross-species exposure, tissue state, pooling, postrandomization losses, and incomplete measurements constrain the preclinical comparisons. Donor-replicated multicellular hepatic models, exposure-controlled perturbation and rescue, and prospective clinical protein sampling provide a direct route to address these gaps.
128	Heading 1	Conclusions
129	Normal	Clinical-protein-guided integration prioritizes PDGFRA and FLT4 for experimental investigation of nintedanib-associated liver injury. Their stability across aggregation rules, source-weight perturbations, and donor omission focuses the next stage of research on two receptor candidates with distinct hepatic cellular contexts. The framework connects drug pharmacology to a measurable human injury phenotype and supplies KDR as a hepatic pharmacodynamic comparator. The translational objective is to establish the receptor-to-injury sequence, identify a rescuable hepatocellular response at matched drug exposure, and preserve pulmonary antifibrotic activity.
130	Heading 1	List of abbreviations
131	Normal	ALT, alanine aminotransferase; AUC, area under the receiver operating characteristic curve; BH, Benjamini–Hochberg; CI, confidence interval; DEN, diethylnitrosamine; DILI, drug-induced liver injury; DO, DILI onset; FAERS, FDA Adverse Event Reporting System; FDR, false discovery rate; GEO, Gene Expression Omnibus; HV, healthy volunteers; ILD, interstitial lung disease; LINCS, Library of Integrated Network-based Cellular Signatures; NDO, non-drug liver injury onset; RMA, robust multi-array average; ROR, reporting odds ratio; RRA, robust rank aggregation; TMM, trimmed mean of M values.
132	Heading 1	Declarations
133	Heading 2	Ethics approval and consent to participate
134	Normal	This study used deidentified publicly available data and generated no new participant enrollment, identifiable participant information, specimens, or animal procedures. The source studies describe their own ethical approvals and consent procedures. The secondary analyses did not involve additional human or animal interventions. The prospective protocol in Additional file 1 has not been performed and requires its own ethical approvals before execution.
135	Heading 2	Consent for publication
136	Normal	Not applicable. The manuscript contains no identifiable individual participant information or images.
137	Heading 2	Availability of data and materials
138	Normal (Web)	The public datasets analysed in this study are accessible through the repositories and source publications identified in Tables 1 and 2. Extended methods and the prospective biological protocol are provided in Additional file 1; Supplementary Figures S1–S11 in Additional file 2; the original complete supplementary tables in Additional file 3; and the targeted biochemical and virtual-intervention methods, results and tables in Additional files 4 and 5. Additional file 6 contains the new analysis scripts, input specifications, source-linked outputs and numerical checks. The accompanying source reproducibility archive retains the original five data/code packages and figure-composition records. This documentation distinguishes archived source results, reconstructed auxiliary files and calibrated analyses. The raw Inductive Bio responses include exact inputs and resolved model versions.
139	Normal (Web)	Some complete upstream raw datasets and full openFDA JSON responses are not redistributed with this manuscript. Reanalysis from these raw data requires retrieval from the cited original sources, subject to the respective repositories’ access conditions and terms of use. No separate public code repository accession or DOI has been assigned.
140	Heading 2	Competing interests
141	Normal	The authors declare that they have no known competing financial interests or personal relationships that could have appeared to influence the work reported in this paper.
142	Heading 2	Funding
143	Normal	This work was supported by the National Natural Science Foundation of China (grant numbers 82260633 and 82460633) and the Natural Science Foundation of Jiangxi Province (grant number 20262BAC240201). 
144	Heading 2	CRediT authorship contribution statement
145	Heading 2	SH contributed to conceptualization, methodology, software, formal analysis, visualization, project administration, funding acquisition, and writing the original draft. YY contributed to methodology, software, data curation, and manuscript review and editing. XZ contributed to software, formal analysis, visualization, and manuscript review and editing. XC contributed to data curation, formal analysis, validation, and manuscript review and editing. SL contributed to data curation, validation, interpretation of the findings, and manuscript review and editing. WF contributed to validation, interpretation of the findings, and manuscript review and editing. JX contributed to methodology, resources, interpretation of the findings, and manuscript review and editing. HL contributed to conceptualization, supervision, project administration, and manuscript review and editing. All authors read and approved the final manuscript.
146	Heading 2	Acknowledgements
147	Normal	We acknowledge the participants, investigators and public data repositories whose shared data made this secondary analysis possible.
148	Heading 2	Use of artificial intelligence
149	Normal	OpenAI ChatGPT with Codex tools assisted literature retrieval, analytical code development and review, quantitative figure preparation, manuscript organization, language revision and consistency checking during September–October 2026. Inductive Bio molecular-property models and their versions are documented in Methods. Computational outputs were evaluated against their source data and numerical checks and were not treated as experimental observations or independent validation. The authors remain responsible for data provenance, analytical choices, interpretation and the final manuscript.
150	Heading 1	Additional files
151	Normal	Additional file 1. Extended methods and results. Additional_file_1_Supplementary_Information.pdf. Complete extended methods and results, full figure definitions, supplementary figure legends, table descriptions and the prospective perturbation-and-rescue protocol. References in this supplement are numbered independently.
152	Normal	Additional file 2. Supplementary Figures S1–S11. Additional_file_2_Supplementary_Figures.pdf. All ten original supplementary figures and the targeted single/joint network-intervention figure, retaining every original data panel.
153	Normal	Additional file 3. Supplementary tables. Additional_file_3_Supplementary_Tables.xlsx. Complete supplementary table workbook, preserved without numerical or structural changes.
154	Normal	Additional file 4. Targeted analyses. Additional_file_4_Targeted_Analyses.docx. Extended biochemical-binding, molecular-property and virtual-intervention methods, results and the complete Figure S11 legend.
155	Normal	Additional file 5. Targeted analysis tables. Additional_file_5_Targeted_Analysis_Tables.xlsx. Complete endpoint-resolved biochemical records and virtual-intervention effect estimates, null calibration and sensitivity results.
156	Normal	Additional file 6. Targeted analysis code and source data. Additional_file_6_Targeted_Analysis_Code.zip. Executable analysis and figure scripts, frozen specifications, full gene-level outputs, matched-null results and input/output checksums.
157	Heading 1	Figure legends
158	Heading 2	Figure 1 Hepatic adverse event reporting motivates a clinically guided molecular investigation
159	Normal	(A) Integrated study design. (B,C) Endpoint frequencies and reporting odds ratios (RORs; Wald 95% confidence intervals). (D) Report-filter sensitivity. (E,F) Annual broad and narrow RORs. (G) Crude and descriptive year-stratified summaries. (H,I) Sex and age strata. (J) Serious outcomes. (K) Selected-report onset distributions. Latest-version reports cover 15 October 2014–30 June 2026: nintedanib, 30233; pirfenidone, 39467. Annual heterogeneity and the 2022 reporting cluster preclude a stable common-effect interpretation. Indication and suspect-role filters are report-level; outcome categories overlap. The exploratory laboratory-term constellation is not Hy’s law. RORs measure reporting disproportionality, not incidence or causality. Complete panel definitions and denominators are provided in Additional file 1.
160	Heading 2	Figure 2 Human serum proteins specify the injury phenotype for target prioritization
161	Normal	(A–C) Discovery and confirmatory protein effects. (D,E) FBP1 distributions and apparent discrimination. (F) Cross-cohort concordance. (G) Correlation with ALT. (H) Unpaired follow-up comparison. (I) Acute-injury and etiologic effects. (J) Non-detection and source-value sensitivities. Effect bars show bootstrap 95% confidence intervals; filled points indicate Benjamini–Hochberg q<0.05. Distributions show medians and interquartile ranges. DO, DILI onset; NDO, non-drug injury onset; HV, healthy volunteers. The source-selected 13-protein panel lacks defensible cross-protein participant linkage. Follow-up is unpaired; AUCs are apparent univariate estimates. Proteins were not selected from nintedanib-specific patients. Complete sample counts and statistical definitions are provided in Additional file 1.
162	Heading 2	Figure 3 Drug exposure connects biochemical pharmacology with heterogeneous transcriptional responses
163	Normal	(A) HepG2 Level 5 signatures at six concentrations after 24 h. (B) Exact dose-ordering tests across 12328 genes. (C) Highest-ranking landmark profiles. (D,E) Clinical-protein profiles and matched response ranks. (F) Sentinel-module tests. (G,H) Overlap-conditional MCF7 comparison. (I) Multi-document biochemical targets. (J) Potency versus transcriptional response. No gene passed genome-wide q<0.05. Boxes show medians and interquartile ranges, with 1.5-interquartile-range whiskers. Dose tests enumerate 720 permutations; set tests preserve measurement strata. The dashed nominal P threshold is not an FDR threshold. Composite signatures and truncated MCF7 lists do not supply biological-replicate or genome-wide validation. Full definitions are provided in Additional file 1.
164	Heading 2	Figure 4 Endpoint-resolved biochemical evidence supports engagement of PDGFRA and FLT4
165	Normal	(A,B) Individual reported PDGFRA and FLT4 assay values. Circles, squares and triangles denote IC50, Kd and Ki, respectively. Filled symbols identify the frozen primary set; open symbols identify records admitted only by the labelled assay-format sensitivity. (C) Within-document IC50 ratios; each document supplies one descriptive contrast, without assumed equivalence of assay conditions. (D) Endpoint-specific median pChEMBL and observed range; segments are not confidence intervals. (E) Disposition of all 26 target records, including excluded records. (F) Median pIC50 after each source-document omission; black ticks show the complete-set medians. Concentrations are in nM. The primary set contains seven PDGFRA and four FLT4 records; the sensitivity adds one and two records, respectively. Kd and Ki remain separate from IC50. These are reanalysed experimental records, not newly performed binding assays, docking scores or molecular-dynamics results. Full identifiers and eligibility reasons are supplied in Additional file 5.
166	Heading 2	Figure 5 Liver localization and numerical auditing calibrate virtual perturbation evidence
167	Normal	(A) Localization and perturbation calibration workflow. (B–D) Compartment-specific donor-capped embeddings. (E,F) Target and clinical-protein localization. (G) Donor detection ranges. (H) Maximum distances across 210 virtual knockouts. (I) Nonzero pharmacologic-target runs. (J) Endothelial FGFR1 numerical audit. (K) Clinical-weighted projection for 29 valid runs. Grey numerical-zero runs have maximum distance ≤10⁻¹²; classification is unchanged at 10⁻¹⁴ and 10⁻¹⁰. Numerical zeros were excluded before biological ranking. Projection used 4000 expression–detection-matched draws; no valid run was enriched. Expression point area denotes detection and color denotes mean expression. Distances are unsigned. All denominators, matching rules and uncertainty definitions appear in Additional file 1.
168	Heading 2	Figure 6 Clinical-protein-guided integration prioritizes PDGFRA and FLT4
169	Normal	(A) Network integration and evaluation workflow. (B) Matched network proximity. (C) Detection versus significance. (D) PDGFRA seed contributions. (E) Donor-omission ranges. (F,G) Algorithm ranks and priority changes. (H,I) Component-omission stability and withheld-feature association. (J) Weight-perturbation top-five frequency. (K) Donor-omission ranks. (L) Four integration inputs. (M) Sequential network criteria. The fixed universe contains 17 targets; 50 target–compartment combinations are evaluable. Network q values adjust across these 50 tests. White denotes unavailable measurements. Weight sensitivity uses 5000 Dirichlet draws. Ranges are not confidence intervals. The historical comparator retains its original liver feature. Stable relative ranking does not establish DILI causation. Full specifications appear in Additional file 1.
170	Heading 2	Figure 7 Independent hepatic exposure tests the frozen candidate priorities
171	Normal	(A) Independent hepatic evaluation workflow. (B) Principal components. (C) Genome-wide treatment effects. (D) Fixed-candidate effects. (E–G) Individual-gene expression. (H) Animal-omission ranges. (I) Program effects. (J) Discovery counts. (K,L) Disease–treatment geometry and disjoint-reference sensitivity. (M) Frozen-algorithm rank associations. GSE125975 contains 3 healthy, 9 diseased vehicle and 10 nintedanib-treated male mice. Analysis uses 13392 deposited RMA features; 12 of 17 candidates are measurable. Candidate tests enumerate 92378 whole-animal allocations. Kdr passes the conservative 17-candidate family (q=0.03865), not genome-wide correction (q=0.1192). No algorithm shows significant external rank association. Error-bar definitions and complete methods appear in Additional file 1. This experiment assesses pharmacodynamics, not DILI rescue.
172	Heading 1	Tables
173	Heading 2	Table 1 Resources used in the integrated nintedanib analysis
174	Normal	Software versions refer to the source-specific archived environments. Database accession references identify the public access locations.
175	Heading 2	Table 2 Public data provenance and analytical contribution
176	Normal	The experimental unit and quantitative eligibility are source-specific. Audit-only sources do not contribute observations to quantitative figures.
177	Heading 1	References
178	Normal	1. Raghu G, Remy-Jardin M, Richeldi L, Thomson CC, Inoue Y, Johkoh T, et al. Idiopathic Pulmonary Fibrosis (an Update) and Progressive Pulmonary Fibrosis in Adults: An Official ATS/ERS/JRS/ALAT Clinical Practice Guideline. Am J Respir Crit Care Med. 2022;205:e18-e47. https://doi.org/10.1164/rccm.202202-0399st.
179	Normal	2. Brown KK, Martinez FJ, Walsh SLF, Thannickal VJ, Prasse A, Schlenker-Herceg R, et al. The natural history of progressive fibrosing interstitial lung diseases. Eur Respir J. 2020;55:2000085. https://doi.org/10.1183/13993003.00085-2020.
180	Normal	3. Richeldi L, du Bois RM, Raghu G, Azuma A, Brown KK, Costabel U, et al. Efficacy and safety of nintedanib in idiopathic pulmonary fibrosis. N Engl J Med. 2014;370:2071-2082. https://doi.org/10.1056/nejmoa1402584.
181	Normal	4. Flaherty KR, Wells AU, Cottin V, Devaraj A, Walsh SLF, Inoue Y, et al. Nintedanib in Progressive Fibrosing Interstitial Lung Diseases. N Engl J Med. 2019;381:1718-1727. https://doi.org/10.1056/nejmoa1908681.
182	Normal	5. Distler O, Highland KB, Gahlemann M, Azuma A, Fischer A, Mayes MD, et al. Nintedanib for Systemic Sclerosis-Associated Interstitial Lung Disease. N Engl J Med. 2019;380:2518-2528. https://doi.org/10.1056/nejmoa1903076.
183	Normal	6. Richeldi L, Azuma A, Cottin V, Kreuter M, Maher TM, Martinez FJ, et al. Nerandomilast in Patients with Idiopathic Pulmonary Fibrosis. N Engl J Med. 2025;392:2193-2202. https://doi.org/10.1056/nejmoa2414108.
184	Normal	7. Maher TM, Assassi S, Azuma A, Cottin V, Hoffmann-Vold AM, Kreuter M, et al. Nerandomilast in Patients with Progressive Pulmonary Fibrosis. N Engl J Med. 2025;392:2203-2214. https://doi.org/10.1056/nejmoa2503643.
185	Normal	8. U.S. Food and Drug Administration. FDA approves drug to treat idiopathic pulmonary fibrosis [Internet]. Silver Spring (MD): U.S. Food and Drug Administration; 2025 Oct 7 [cited 2026 Sep 5]. Available from: https://www.fda.gov/drugs/news-events-human-drugs/fda-approves-drug-treat-idiopathic-pulmonary-fibrosis
186	Normal	9. U.S. Food and Drug Administration. FDA approves drug to treat chronic, progressive lung disease [Internet]. Silver Spring (MD): U.S. Food and Drug Administration; 2025 Dec 19 [cited 2026 Sep 5]. Available from: https://www.fda.gov/drugs/news-events-human-drugs/fda-approves-drug-treat-chronic-progressive-lung-disease
187	Normal	10. European Medicines Agency. Jascayd: EPAR—medicine overview [Internet]. Amsterdam: European Medicines Agency; 2026 [published 2026 May 22; EU marketing authorisation 2026 Jul 15; updated 2026 Jul 30; cited 2026 Sep 5]. Available from: https://www.ema.europa.eu/en/medicines/human/EPAR/jascayd
188	Normal	11. Crestani B, Huggins JT, Kaye M, Costabel U, Glaspole I, Ogura T, et al. Long-term safety and tolerability of nintedanib in patients with idiopathic pulmonary fibrosis: results from the open-label extension study, INPULSIS-ON. Lancet Respir Med. 2019;7:60-68. https://doi.org/10.1016/s2213-2600(18)30339-4.
189	Normal	12. Chaudhuri N, Azuma A, Sroka-Saidi K, Erhardt E, Ritter I, Harari S. Safety and Tolerability of Nintedanib in Patients with Fibrosing Interstitial Lung Diseases: Post-marketing Data. Adv Ther. 2024;41:4581-4590. https://doi.org/10.1007/s12325-024-03023-4.
190	Normal	13. Inoue Y, Ogura T, Azuma A, Kondoh Y, Homma S, Muraishi K, et al. Real-World Safety, Tolerability and Effectiveness of Nintedanib in Patients with Idiopathic Pulmonary Fibrosis: Final Report of Post-marketing Surveillance in Japan. Adv Ther. 2025;42:1075-1093. https://doi.org/10.1007/s12325-024-03079-2.
191	Normal	14. Boehringer Ingelheim Pharmaceuticals, Inc. OFEV (nintedanib) capsules, for oral use: full prescribing information [Internet]. Bethesda (MD): National Library of Medicine (US); 2025 [revised 2025 May; DailyMed updated 2025 Nov 20; cited 2026 Sep 5]. Available from: https://dailymed.nlm.nih.gov/dailymed/drugInfo.cfm?setid=da1c9f37-779e-4682-816f-93d0faa4cfc9
192	Normal	15. Marzin K, Kretschmar G, Luedtke D, Kraemer S, Kuelzer R, Schlenker-Herceg R, et al. Pharmacokinetics of Nintedanib in Subjects With Hepatic Impairment. J Clin Pharmacol. 2018;58:357-363. https://doi.org/10.1002/jcph.1025.
193	Normal	16. Wind S, Schmid U, Freiwald M, Marzin K, Lotz R, Ebner T, et al. Clinical Pharmacokinetics and Pharmacodynamics of Nintedanib. Clin Pharmacokinet. 2019;58:1131-1147. https://doi.org/10.1007/s40262-019-00766-0.
194	Normal	17. European Association for the Study of the Liver. EASL Clinical Practice Guidelines: Drug-induced liver injury. J Hepatol. 2019;70:1222-1261. https://doi.org/10.1016/j.jhep.2019.02.014.
195	Normal	18. Fontana RJ, Liou I, Reuben A, Suzuki A, Fiel MI, Lee W, et al. AASLD practice guidance on drug, herbal, and dietary supplement-induced liver injury. Hepatology. 2023;77:1036-1065. https://doi.org/10.1002/hep.32689.
196	Normal	19. Andrade RJ, Chalasani N, Björnsson ES, Suzuki A, Kullak-Ublick GA, Watkins PB, et al. Drug-induced liver injury. Nat Rev Dis Primers. 2019;5:58. https://doi.org/10.1038/s41572-019-0105-0.
197	Normal	20. Ou X, Wu Y, Cheng Q, Yin W, Rong C, He S, et al. Clinical profiles and risk predictors of drug-induced liver injury from pirfenidone and nintedanib used to treat idiopathic pulmonary fibrosis: a real-world analysis of a tertiary Chinese hospital cohort combined with FAERS data mining. Transl Gastroenterol Hepatol. 2026;11:9. https://doi.org/10.21037/tgh-25-104.
198	Normal	21. Raschi E, Fusaroli M, Gatti M, Caraceni P, Poluzzi E, De Ponti F. Liver Injury with Nintedanib: A Pharmacovigilance-Pharmacokinetic Appraisal. Pharmaceuticals (Basel). 2022;15:645. https://doi.org/10.3390/ph15050645.
199	Normal	22. Sun X, Wang H, Zhan X, Yan Y, Chen K, An Z, et al. Comparison of the safety profiles for pirfenidone and nintedanib: a disproportionality analysis of the US food and drug administration adverse event reporting system. Front Pharmacol. 2024;15:1256649. https://doi.org/10.3389/fphar.2024.1256649.
200	Normal	23. He M, Yang T, Zhou J, Wang R, Li X. A real-world study of antifibrotic drugs-related adverse events based on the United States food and drug administration adverse event reporting system and VigiAccess databases. Front Pharmacol. 2024;15:1310286. https://doi.org/10.3389/fphar.2024.1310286.
201	Normal	24. Wang T, Cui Z, Ou Y, Lou S, Chen H, Zhu C, et al. Post-marketing safety concerns with pirfenidone and nintedanib: an analysis of individual case safety reports from the FDA adverse event reporting system database and the Japanese adverse drug event report databases. Front Pharmacol. 2025;16:1530697. https://doi.org/10.3389/fphar.2025.1530697.
202	Normal	25. Liao KM, Chen CY. Risk of potential hepatotoxicity from pirfenidone or nintedanib in patients with idiopathic pulmonary fibrosis: results of a retrospective analysis of a large insurance database in Taiwan. Front Pharmacol. 2024;15:1309712. https://doi.org/10.3389/fphar.2024.1309712.
203	Normal	26. Hilberg F, Roth GJ, Krssak M, Kautschitsch S, Sommergruber W, Tontsch-Grunt U, et al. BIBF 1120: triple angiokinase inhibitor with sustained receptor blockade and good antitumor efficacy. Cancer Res. 2008;68:4774-4782. https://doi.org/10.1158/0008-5472.can-07-6307.
204	Normal	27. Roth GJ, Binder R, Colbatzky F, Dallinger C, Schlenker-Herceg R, Hilberg F, et al. Nintedanib: from discovery to the clinic. J Med Chem. 2015;58:1053-1063. https://doi.org/10.1021/jm501562a.
205	Normal	28. Nakashima S, Sato R, Fukami T, Kudo T, Hashiba S, Morinaga G, et al. Characterization of Enzymes Involved in Nintedanib Metabolism in Humans. Drug Metab Dispos. 2023;51:733-742. https://doi.org/10.1124/dmd.122.001113.
206	Normal	29. Nakashima S, Fukami T, Kudo T, Nakano M, Matsui A, Ishiguro N, et al. Iminium ion metabolites are formed from nintedanib by human CYP3A4. Drug Metab Pharmacokinet. 2024;57:101025. https://doi.org/10.1016/j.dmpk.2024.101025.
207	Normal	30. Ravindra KC, Vaidya VS, Wang Z, Federspiel JD, Virgen-Slane R, Everley RA, et al. Tandem mass tag-based quantitative proteomic profiling identifies candidate serum biomarkers of drug-induced liver injury in humans. Nat Commun. 2023;14:1215. https://doi.org/10.1038/s41467-023-36858-6.
208	Normal	31. Antoine DJ, Dear JW, Lewis PS, Platt V, Coyle J, Masson M, et al. Mechanistic biomarkers provide early and sensitive detection of acetaminophen-induced acute liver injury at first presentation to hospital. Hepatology. 2013;58:777-787. https://doi.org/10.1002/hep.26294.
209	Normal	32. MacParland SA, Liu JC, Ma XZ, Innes BT, Bartczak AM, Gage BK, et al. Single cell RNA sequencing of human liver reveals distinct intrahepatic macrophage populations. Nat Commun. 2018;9:4383. https://doi.org/10.1038/s41467-018-06318-7.
210	Normal	33. Bergen V, Kodella K, Srikrishnan S, Barrandon O, Anderson S, Rogers-Grazado M, et al. A large-scale human toxicogenomics resource for drug-induced liver injury prediction. Nat Commun. 2025;16:9860. https://doi.org/10.1038/s41467-025-65690-3.
211	Normal	34. Subramanian A, Narayan R, Corsello SM, Peck DD, Natoli TE, Lu X, et al. A Next Generation Connectivity Map: L1000 Platform and the First 1,000,000 Profiles. Cell. 2017;171:1437-1452.e17. https://doi.org/10.1016/j.cell.2017.10.049.
212	Normal	35. Srivatsan SR, McFaline-Figueroa JL, Ramani V, Saunders L, Cao J, Packer J, et al. Massively multiplex chemical transcriptomics at single-cell resolution. Science. 2020;367:45-51. https://doi.org/10.1126/science.aax6234.
213	Normal	36. Osorio D, Zhong Y, Li G, Xu Q, Yang Y, Tian Y, et al. scTenifoldKnk: An efficient virtual knockout tool for gene function predictions via single-cell gene regulatory network perturbation. Patterns (N Y). 2022;3:100434. https://doi.org/10.1016/j.patter.2022.100434.
214	Normal	37. Wei Z, Wang Y, Gao Y, Wang S, Li P, Si D, et al. Benchmarking algorithms for generalizable single-cell perturbation response prediction. Nat Methods. 2026;23:451-464. https://doi.org/10.1038/s41592-025-02980-0.
215	Normal	38. Ahlmann-Eltze C, Huber W, Anders S. Deep-learning-based gene perturbation effect prediction does not yet outperform simple linear baselines. Nat Methods. 2025;22:1657-1661. https://doi.org/10.1038/s41592-025-02772-6.
216	Normal	39. Ledoit O, Wolf M. A well-conditioned estimator for large-dimensional covariance matrices. J Multivar Anal. 2004;88:365-411. https://doi.org/10.1016/S0047-259X(03)00096-4.
217	Normal	40. Kolde R, Laur S, Adler P, Vilo J. Robust rank aggregation for gene list integration and meta-analysis. Bioinformatics. 2012;28:573-580. https://doi.org/10.1093/bioinformatics/btr709.
218	Normal	41. Köhler S, Bauer S, Horn D, Robinson PN. Walking the interactome for prioritization of candidate disease genes. Am J Hum Genet. 2008;82:949-958. https://doi.org/10.1016/j.ajhg.2008.02.013.
219	Normal	42. Vanunu O, Magger O, Ruppin E, Shlomi T, Sharan R. Associating genes and protein complexes with disease via network propagation. PLoS Comput Biol. 2010;6:e1000641. https://doi.org/10.1371/journal.pcbi.1000641.
220	Normal	43. Schäfer J, Strimmer K. A shrinkage approach to large-scale covariance matrix estimation and implications for functional genomics. Stat Appl Genet Mol Biol. 2005;4:Article32. https://doi.org/10.2202/1544-6115.1175.
221	Normal	44. Bonatti M, Pitozzi V, Caruso P, Pontis S, Pittelli MG, Frati C, et al. Transcriptomic analysis reveals lipid metabolism and macrophage involvement associated with nintedanib treatment in a rat bleomycin model. Br J Pharmacol. 2026;183:3395-3408. https://doi.org/10.1111/bph.70311.
222	Normal	45. Bousamaki J, Maciag G, Petersen AG, Korntner SH, Jansen SM, Pors SE, et al. Nintedanib Lacks Efficacy in a Spirometry-Confirmed and Bleomycin-Induced Mouse Model of Idiopathic Pulmonary Fibrosis. Basic Clin Pharmacol Toxicol. 2026;138:e70220. https://doi.org/10.1111/bcpt.70220.
223	Normal	46. Watson CK, Schloesser D, Fundel-Clemens K, Lerner C, Gabler S, Baskaran P, et al. Antifibrotic Drug Nintedanib Inhibits CSF1R to Promote IL-4-associated Tissue Repair Macrophages. Am J Respir Cell Mol Biol. 2023;68:366-380. https://doi.org/10.1165/rcmb.2022-0021oc.
224	Normal	47. Lauer D, Magnin CY, Kolly LR, Wang H, Brunner M, Chabria M, et al. Radioproteomics stratifies molecular response to antifibrotic treatment in pulmonary fibrosis. JCI Insight. 2024;9:e181757. https://doi.org/10.1172/jci.insight.181757.
225	Normal	48. von Elm E, Altman DG, Egger M, Pocock SJ, Gøtzsche PC, Vandenbroucke JP, et al. The Strengthening the Reporting of Observational Studies in Epidemiology (STROBE) statement: guidelines for reporting observational studies. Ann Intern Med. 2007;147:573-577. https://doi.org/10.7326/0003-4819-147-8-200710160-00010.
226	Normal	49. Fusaroli M, Salvo F, Begaud B, AlShammari TM, Bate A, Battini V, et al. The Reporting of a Disproportionality Analysis for Drug Safety Signal Detection Using Individual Case Safety Reports in PharmacoVigilance (READUS-PV): Development and Statement. Drug Saf. 2024;47:575-584. https://doi.org/10.1007/s40264-024-01421-9.
227	Normal	50. Fusaroli M, Salvo F, Begaud B, AlShammari TM, Bate A, Battini V, et al. The REporting of A Disproportionality Analysis for DrUg Safety Signal Detection Using Individual Case Safety Reports in PharmacoVigilance (READUS-PV): Explanation and Elaboration. Drug Saf. 2024;47:585-599. https://doi.org/10.1007/s40264-024-01423-7.
228	Normal	51. Simonsohn U, Simmons JP, Nelson LD. Specification curve analysis. Nat Hum Behav. 2020;4:1208-1214. https://doi.org/10.1038/s41562-020-0912-z.
229	Normal	52. Efron B. Bootstrap Methods: Another Look at the Jackknife. Ann Stat. 1979;7:1-26. https://doi.org/10.1214/aos/1176344552.
230	Normal	53. Benjamini Y, Hochberg Y. Controlling the False Discovery Rate: A Practical and Powerful Approach to Multiple Testing. J R Stat Soc Series B Stat Methodol. 1995;57:289-300. https://doi.org/10.1111/j.2517-6161.1995.tb02031.x.
231	Normal	54. Davis MI, Hunt JP, Herrgard S, Ciceri P, Wodicka LM, Pallares G, et al. Comprehensive analysis of kinase inhibitor selectivity. Nat Biotechnol. 2011;29:1046-1051. https://doi.org/10.1038/nbt.1990.
232	Normal	55. Szklarczyk D, Kirsch R, Koutrouli M, Nastou K, Mehryary F, Hachilif R, et al. The STRING database in 2023: protein-protein association networks and functional enrichment analyses for any sequenced genome of interest. Nucleic Acids Res. 2023;51:D638-D646. https://doi.org/10.1093/nar/gkac1000.
233	Normal	56. Adduri AK, Gautam D, Bevilacqua B, Naghipourfar M, Imran A, Shah R, et al. Predicting cellular responses to perturbation across diverse contexts with State. Cell. 2026;189:5914-5931. https://doi.org/10.1016/j.cell.2026.07.052.
234	Normal	57. Youngblut ND, Carpenter C, Nayebnazar A, Adduri A, Shah R, Ricci-Tam C, et al. scBaseCount: An AI agent-curated, standardized, auto-updated single-cell data repository. Cell. 2026;189:5932-5944. https://doi.org/10.1016/j.cell.2026.08.025.
235	Normal	58. Moeini A, Torrecilla S, Tovar V, Montironi C, Andreu-Oller C, Peix J, et al. An Immune Gene Expression Signature Associated With Development of Human Hepatocellular Carcinoma Identifies Mice That Respond to Chemopreventive Agents. Gastroenterology. 2019;157:1383-1397.e11. https://doi.org/10.1053/j.gastro.2019.07.028.
236	Normal	59. Huang X, Cai H, Ammar R, Zhang Y, Wang Y, Ravi K, et al. Molecular characterization of a precision-cut rat liver slice model for the evaluation of antifibrotic compounds. Am J Physiol Gastrointest Liver Physiol. 2019;316:G15-G24. https://doi.org/10.1152/ajpgi.00281.2018.
237	Normal	60. Huang X, Li L, Ammar R, Zhang Y, Wang Y, Ravi K, et al. Molecular characterization of a precision-cut rat lung slice model for the evaluation of antifibrotic drugs. Am J Physiol Lung Cell Mol Physiol. 2019;316:L348-L357. https://doi.org/10.1152/ajplung.00339.2018.
238	Normal	61. Zhang L, Qu S, Wang L, Wang C, Yu Q, Zhang Z, et al. Tianlongkechuanling Inhibits Pulmonary Fibrosis Through Down-Regulation of Arginase-Ornithine Pathway. Front Pharmacol. 2021;12:661129. https://doi.org/10.3389/fphar.2021.661129.
239	Normal	62. Kullak-Ublick GA, Andrade RJ, Merz M, End P, Benesic A, Gerbes AL, et al. Drug-induced liver injury: recent advances in diagnosis and risk assessment. Gut. 2017;66:1154-1164. https://doi.org/10.1136/gutjnl-2016-313369.
240	Normal	63. Weaver RJ, Blomme EA, Chadwick AE, Copple IM, Gerets HHJ, Goldring CE, et al. Managing the challenge of drug-induced liver injury: a roadmap for the development and deployment of preclinical predictive models. Nat Rev Drug Discov. 2020;19:131-148. https://doi.org/10.1038/s41573-019-0048-x.
241	Normal	64. Ramachandran P, Dobie R, Wilson-Kanamori JR, Dora EF, Henderson BEP, Luu NT, et al. Resolving the fibrotic niche of human liver cirrhosis at single-cell level. Nature. 2019;575:512-518. https://doi.org/10.1038/s41586-019-1631-3.
242	Normal	65. Chevalley M, Roohani YH, Mehrjou A, Leskovec J, Schwab P. A large-scale benchmark for network inference from single-cell perturbation data. Commun Biol. 2025;8:412. https://doi.org/10.1038/s42003-025-07764-y.
243	Normal	66. Ding BS, Nolan DJ, Butler JM, James D, Babazadeh AO, Rosenwaks Z, et al. Inductive angiocrine signals from sinusoidal endothelium are required for liver regeneration. Nature. 2010;468:310-315. https://doi.org/10.1038/nature09493.
244	Normal	67. Fang Z, Che B, Ling Y, Liu P, Liu J, Song P, et al. Liver endothelial zonation orchestrates hepatic steatosis onset through retinoic acid-regulated FGF1. Sci Adv. 2026;12:eaed4384. https://doi.org/10.1126/sciadv.aed4384.
245	Normal	68. Ding BS, Cao Z, Lis R, Nolan DJ, Guo P, Simons M, et al. Divergent angiocrine signals from vascular niche balance liver regeneration and fibrosis. Nature. 2014;505:97-102. https://doi.org/10.1038/nature12681.
246	Normal	69. Böhm F, Speicher T, Hellerbrand C, Dickson C, Partanen JM, Ornitz DM, et al. FGF receptors 1 and 2 control chemically induced injury and compound detoxification in regenerating livers of mice. Gastroenterology. 2010;139:1385-1396. https://doi.org/10.1053/j.gastro.2010.06.069.
247	Normal	70. Zhao YN, Liu ZD, Yan T, Xu TX, Jin TY, Jiang YS, et al. Macrophage-specific FGFR1 deletion alleviates high-fat-diet-induced liver inflammation by inhibiting the MAPKs/TNF pathways. Acta Pharmacol Sin. 2024;45:988-1001. https://doi.org/10.1038/s41401-024-01226-7.
248	Normal	71. Wollin L, Togbe D, Ryffel B. Effects of nintedanib in an animal model of liver fibrosis. Biomed Res Int. 2020;2020:3867198. https://doi.org/10.1155/2020/3867198.
249	Normal	72. Wu YT, Li QZ, Wu YQ, Mu M, Wu H, Tian HY, et al. Nintedanib attenuates NLRP3 inflammasome-driven liver fibrosis by targeting Src signaling. Int Immunopharmacol. 2024;143:113630. https://doi.org/10.1016/j.intimp.2024.113630.
250	Normal	73. Mu X, Zeng C, Liu H, Sun X, Cao Y, Wu M, et al. Decoupling efficacy from toxicity: Inhalable liposomal nintedanib for safe and effective treatment of pulmonary fibrosis. Eur J Pharm Biopharm. 2026;224:115097. https://doi.org/10.1016/j.ejpb.2026.115097.
251	Normal	74. Fares WH, Castagna M. Safety and Pharmacokinetic Data for Inhaled Administration of Nintedanib Dry Powder Inhalation for Treatment of Pulmonary Fibrotic Diseases. J Aerosol Med Pulm Drug Deliv. 2026;39:185-197. https://doi.org/10.1177/19412711251414386.
252	Normal	75. Miceli V, Callari A, Calzolari E, Castelbuono S, Carcione C, Lanzarone N, et al. Circulating biomarkers in patients with progressive fibrosing interstitial lung disease treated with nintedanib: a pilot study. Sci Rep. 2025;15:27115. https://doi.org/10.1038/s41598-025-12952-1.
253	Normal	76. Maher TM, Jenkins RG, Bonella F, Assassi S, Diefenbach C, Ittrich C, et al. Circulating biomarkers in subjects with progressive pulmonary fibrosis: data from the INBUILD trial. ERJ Open Res. 2026;12:00158-2025. https://doi.org/10.1183/23120541.00158-2025.
254	Normal	77. Yakubovsky O, Bahar Halpern K, Shir S, Novoselsky R, Afriat A, Egozi A, et al. A spatial atlas of the healthy human liver from live donors. Nature. 2026;653:1148-1157. https://doi.org/10.1038/s41586-026-10377-y.
255	Normal	78. Weiss CAM, Brown LA, Miranda L, Pellizzoni P, Steigerwald S, Remmert K, et al. Single-cell spatial proteomics maps human liver zonation patterns and their vulnerability to disruption in tissue architecture. Nat Metab. 2026;8:741-756. https://doi.org/10.1038/s42255-026-01459-2.
256	Normal	79. EMBL-European Bioinformatics Institute. ChEMBL: nintedanib (CHEMBL502835). https://www.ebi.ac.uk/chembl/explore/compound/CHEMBL502835. Accessed 4 Sep 2026.
257	Normal	80. U.S. Food and Drug Administration. openFDA drug adverse event API. Release updated 30 July 2026. https://api.fda.gov/drug/event.json. Accessed 4 Sep 2026.
258	Normal	81. National Center for Biotechnology Information. Gene Expression Omnibus: GSE70138 [dataset]. https://www.ncbi.nlm.nih.gov/geo/query/acc.cgi?acc=GSE70138. Accessed 4 Sep 2026.
259	Normal	82. Ma’ayan Laboratory. Harmonizome: Sci-Plex chemical perturbation gene sets. https://maayanlab.cloud/Harmonizome/. Accessed 4 Sep 2026.
260	Normal	83. National Center for Biotechnology Information. Gene Expression Omnibus: GSE115469 [dataset]. https://www.ncbi.nlm.nih.gov/geo/query/acc.cgi?acc=GSE115469. Accessed 4 Sep 2026.
261	Normal	84. National Center for Biotechnology Information. Gene Expression Omnibus: GSE125975 [dataset]. https://www.ncbi.nlm.nih.gov/geo/query/acc.cgi?acc=GSE125975. Accessed 19 Sep 2026.
262	Normal	85. National Center for Biotechnology Information. Gene Expression Omnibus: GSE278200 [dataset]. https://www.ncbi.nlm.nih.gov/geo/query/acc.cgi?acc=GSE278200. Accessed 4 Sep 2026.
263	Normal	86. National Center for Biotechnology Information. Gene Expression Omnibus: GSE308578 [dataset]. https://www.ncbi.nlm.nih.gov/geo/query/acc.cgi?acc=GSE308578. Accessed 4 Sep 2026.
264	Normal	87. National Center for Biotechnology Information. Gene Expression Omnibus: GSE151374 [dataset]. https://www.ncbi.nlm.nih.gov/geo/query/acc.cgi?acc=GSE151374. Accessed 4 Sep 2026.
265	Normal	88. National Center for Biotechnology Information. BioProject: PRJNA635636 [dataset]. https://www.ncbi.nlm.nih.gov/bioproject/PRJNA635636. Accessed 4 Sep 2026.
266	Normal	89. National Center for Biotechnology Information. Gene Expression Omnibus: GSE120804 [dataset]. https://www.ncbi.nlm.nih.gov/geo/query/acc.cgi?acc=GSE120804. Accessed 4 Sep 2026.
267	Normal	90. National Center for Biotechnology Information. Gene Expression Omnibus: GSE120679 [dataset]. https://www.ncbi.nlm.nih.gov/geo/query/acc.cgi?acc=GSE120679. Accessed 4 Sep 2026.
268	Normal	91. EMBL-European Bioinformatics Institute. PRIDE Archive: PXD024058 [dataset]. https://www.ebi.ac.uk/pride/archive/projects/PXD024058. Accessed 4 Sep 2026.
269	Normal	92. EMBL-European Bioinformatics Institute. PRIDE Archive: PXD052594 [dataset]. https://www.ebi.ac.uk/pride/archive/projects/PXD052594. Accessed 4 Sep 2026.
270	Normal	93. Lauer D, Gote-Schniering J. Radioproteomics stratifies molecular response to antifibrotic treatment in pulmonary fibrosis [dataset]. Version 1. Zenodo. 2024. https://doi.org/10.5281/zenodo.11395642. Accessed 4 Sep 2026.
271	Normal	94. National Center for Biotechnology Information. Gene Expression Omnibus: GSE299128 [dataset]. https://www.ncbi.nlm.nih.gov/geo/query/acc.cgi?acc=GSE299128. Accessed 4 Sep 2026.
272	Normal	95. DNA Data Bank of Japan. BioProject: PRJDB12477; DRA012991 [dataset]. https://ddbj.nig.ac.jp/resource/bioproject/PRJDB12477. Accessed 4 Sep 2026.
273	Normal	96. EMBL-European Bioinformatics Institute. ChEMBL activity API: nintedanib (CHEMBL502835). https://www.ebi.ac.uk/chembl/api/data/activity.json?molecule_chembl_id=CHEMBL502835&limit=1000. Accessed 4 Sep 2026.
274	Normal	97. STRING Consortium. STRING application programming interface. https://string-db.org/api/. Accessed 4 Sep 2026.