target,algorithm,sensitivity_type,specification,rank
ABL1,median,network_specification,absolute_k10_r0.3__confirmatory_DO_vs_HV,9.0
AXL,median,network_specification,absolute_k10_r0.3__confirmatory_DO_vs_HV,16.0
CDK4,median,network_specification,absolute_k10_r0.3__confirmatory_DO_vs_HV,11.0
FGFR1,median,network_specification,absolute_k10_r0.3__confirmatory_DO_vs_HV,8.0
FGFR2,median,network_specification,absolute_k10_r0.3__confirmatory_DO_vs_HV,4.0
FGFR3,median,network_specification,absolute_k10_r0.3__confirmatory_DO_vs_HV,7.0
FGFR4,median,network_specification,absolute_k10_r0.3__confirmatory_DO_vs_HV,14.0
FLT1,median,network_specification,absolute_k10_r0.3__confirmatory_DO_vs_HV,3.0
FLT3,median,network_specification,absolute_k10_r0.3__confirmatory_DO_vs_HV,10.0
FLT4,median,network_specification,absolute_k10_r0.3__confirmatory_DO_vs_HV,1.0
JAK1,median,network_specification,absolute_k10_r0.3__confirmatory_DO_vs_HV,6.0
KDR,median,network_specification,absolute_k10_r0.3__confirmatory_DO_vs_HV,5.0
LRRK2,median,network_specification,absolute_k10_r0.3__confirmatory_DO_vs_HV,13.0
LYN,median,network_specification,absolute_k10_r0.3__confirmatory_DO_vs_HV,15.0
MET,median,network_specification,absolute_k10_r0.3__confirmatory_DO_vs_HV,17.0
PDGFRA,median,network_specification,absolute_k10_r0.3__confirmatory_DO_vs_HV,2.0
TYK2,median,network_specification,absolute_k10_r0.3__confirmatory_DO_vs_HV,12.0
ABL1,mean,network_specification,absolute_k10_r0.3__confirmatory_DO_vs_HV,12.0
AXL,mean,network_specification,absolute_k10_r0.3__confirmatory_DO_vs_HV,16.0
CDK4,mean,network_specification,absolute_k10_r0.3__confirmatory_DO_vs_HV,10.0
FGFR1,mean,network_specification,absolute_k10_r0.3__confirmatory_DO_vs_HV,8.0
FGFR2,mean,network_specification,absolute_k10_r0.3__confirmatory_DO_vs_HV,4.0
FGFR3,mean,network_specification,absolute_k10_r0.3__confirmatory_DO_vs_HV,7.0
FGFR4,mean,network_specification,absolute_k10_r0.3__confirmatory_DO_vs_HV,15.0
FLT1,mean,network_specification,absolute_k10_r0.3__confirmatory_DO_vs_HV,3.0
FLT3,mean,network_specification,absolute_k10_r0.3__confirmatory_DO_vs_HV,9.0
FLT4,mean,network_specification,absolute_k10_r0.3__confirmatory_DO_vs_HV,1.0
JAK1,mean,network_specification,absolute_k10_r0.3__confirmatory_DO_vs_HV,6.0
KDR,mean,network_specification,absolute_k10_r0.3__confirmatory_DO_vs_HV,5.0
LRRK2,mean,network_specification,absolute_k10_r0.3__confirmatory_DO_vs_HV,14.0
LYN,mean,network_specification,absolute_k10_r0.3__confirmatory_DO_vs_HV,11.0
MET,mean,network_specification,absolute_k10_r0.3__confirmatory_DO_vs_HV,17.0
PDGFRA,mean,network_specification,absolute_k10_r0.3__confirmatory_DO_vs_HV,2.0
TYK2,mean,network_specification,absolute_k10_r0.3__confirmatory_DO_vs_HV,13.0
ABL1,geometric,network_specification,absolute_k10_r0.3__confirmatory_DO_vs_HV,7.0
AXL,geometric,network_specification,absolute_k10_r0.3__confirmatory_DO_vs_HV,15.0
CDK4,geometric,network_specification,absolute_k10_r0.3__confirmatory_DO_vs_HV,11.0
FGFR1,geometric,network_specification,absolute_k10_r0.3__confirmatory_DO_vs_HV,13.0
FGFR2,geometric,network_specification,absolute_k10_r0.3__confirmatory_DO_vs_HV,3.0
FGFR3,geometric,network_specification,absolute_k10_r0.3__confirmatory_DO_vs_HV,5.0
FGFR4,geometric,network_specification,absolute_k10_r0.3__confirmatory_DO_vs_HV,14.0
FLT1,geometric,network_specification,absolute_k10_r0.3__confirmatory_DO_vs_HV,6.0
FLT3,geometric,network_specification,absolute_k10_r0.3__confirmatory_DO_vs_HV,8.0
FLT4,geometric,network_specification,absolute_k10_r0.3__confirmatory_DO_vs_HV,1.0
JAK1,geometric,network_specification,absolute_k10_r0.3__confirmatory_DO_vs_HV,4.0
KDR,geometric,network_specification,absolute_k10_r0.3__confirmatory_DO_vs_HV,9.0
LRRK2,geometric,network_specification,absolute_k10_r0.3__confirmatory_DO_vs_HV,16.0
LYN,geometric,network_specification,absolute_k10_r0.3__confirmatory_DO_vs_HV,12.0
MET,geometric,network_specification,absolute_k10_r0.3__confirmatory_DO_vs_HV,17.0
PDGFRA,geometric,network_specification,absolute_k10_r0.3__confirmatory_DO_vs_HV,2.0
TYK2,geometric,network_specification,absolute_k10_r0.3__confirmatory_DO_vs_HV,10.0
ABL1,maximin,network_specification,absolute_k10_r0.3__confirmatory_DO_vs_HV,4.5
AXL,maximin,network_specification,absolute_k10_r0.3__confirmatory_DO_vs_HV,10.5
CDK4,maximin,network_specification,absolute_k10_r0.3__confirmatory_DO_vs_HV,10.5
FGFR1,maximin,network_specification,absolute_k10_r0.3__confirmatory_DO_vs_HV,16.0
FGFR2,maximin,network_specification,absolute_k10_r0.3__confirmatory_DO_vs_HV,3.0
FGFR3,maximin,network_specification,absolute_k10_r0.3__confirmatory_DO_vs_HV,6.0
FGFR4,maximin,network_specification,absolute_k10_r0.3__confirmatory_DO_vs_HV,13.5
FLT1,maximin,network_specification,absolute_k10_r0.3__confirmatory_DO_vs_HV,12.0
FLT3,maximin,network_specification,absolute_k10_r0.3__confirmatory_DO_vs_HV,8.5
FLT4,maximin,network_specification,absolute_k10_r0.3__confirmatory_DO_vs_HV,2.0
JAK1,maximin,network_specification,absolute_k10_r0.3__confirmatory_DO_vs_HV,4.5
KDR,maximin,network_specification,absolute_k10_r0.3__confirmatory_DO_vs_HV,13.5
LRRK2,maximin,network_specification,absolute_k10_r0.3__confirmatory_DO_vs_HV,16.0
LYN,maximin,network_specification,absolute_k10_r0.3__confirmatory_DO_vs_HV,8.5
MET,maximin,network_specification,absolute_k10_r0.3__confirmatory_DO_vs_HV,16.0
PDGFRA,maximin,network_specification,absolute_k10_r0.3__confirmatory_DO_vs_HV,1.0
TYK2,maximin,network_specification,absolute_k10_r0.3__confirmatory_DO_vs_HV,7.0
ABL1,RRA,network_specification,absolute_k10_r0.3__confirmatory_DO_vs_HV,8.0
AXL,RRA,network_specification,absolute_k10_r0.3__confirmatory_DO_vs_HV,15.0
CDK4,RRA,network_specification,absolute_k10_r0.3__confirmatory_DO_vs_HV,5.0
FGFR1,RRA,network_specification,absolute_k10_r0.3__confirmatory_DO_vs_HV,12.0
FGFR2,RRA,network_specification,absolute_k10_r0.3__confirmatory_DO_vs_HV,6.0
FGFR3,RRA,network_specification,absolute_k10_r0.3__confirmatory_DO_vs_HV,9.0
FGFR4,RRA,network_specification,absolute_k10_r0.3__confirmatory_DO_vs_HV,16.0
FLT1,RRA,network_specification,absolute_k10_r0.3__confirmatory_DO_vs_HV,4.0
FLT3,RRA,network_specification,absolute_k10_r0.3__confirmatory_DO_vs_HV,11.0
FLT4,RRA,network_specification,absolute_k10_r0.3__confirmatory_DO_vs_HV,3.0
JAK1,RRA,network_specification,absolute_k10_r0.3__confirmatory_DO_vs_HV,7.0
KDR,RRA,network_specification,absolute_k10_r0.3__confirmatory_DO_vs_HV,2.0
LRRK2,RRA,network_specification,absolute_k10_r0.3__confirmatory_DO_vs_HV,14.0
LYN,RRA,network_specification,absolute_k10_r0.3__confirmatory_DO_vs_HV,13.0
MET,RRA,network_specification,absolute_k10_r0.3__confirmatory_DO_vs_HV,17.0
PDGFRA,RRA,network_specification,absolute_k10_r0.3__confirmatory_DO_vs_HV,1.0
TYK2,RRA,network_specification,absolute_k10_r0.3__confirmatory_DO_vs_HV,10.0
ABL1,median,network_specification,absolute_k10_r0.3__confirmatory_DO_vs_NDO,9.0
AXL,median,network_specification,absolute_k10_r0.3__confirmatory_DO_vs_NDO,16.0
CDK4,median,network_specification,absolute_k10_r0.3__confirmatory_DO_vs_NDO,10.0
FGFR1,median,network_specification,absolute_k10_r0.3__confirmatory_DO_vs_NDO,7.0
FGFR2,median,network_specification,absolute_k10_r0.3__confirmatory_DO_vs_NDO,4.0
FGFR3,median,network_specification,absolute_k10_r0.3__confirmatory_DO_vs_NDO,6.0
FGFR4,median,network_specification,absolute_k10_r0.3__confirmatory_DO_vs_NDO,14.0
FLT1,median,network_specification,absolute_k10_r0.3__confirmatory_DO_vs_NDO,3.0
FLT3,median,network_specification,absolute_k10_r0.3__confirmatory_DO_vs_NDO,11.0
FLT4,median,network_specification,absolute_k10_r0.3__confirmatory_DO_vs_NDO,1.0
JAK1,median,network_specification,absolute_k10_r0.3__confirmatory_DO_vs_NDO,8.0
KDR,median,network_specification,absolute_k10_r0.3__confirmatory_DO_vs_NDO,5.0
LRRK2,median,network_specification,absolute_k10_r0.3__confirmatory_DO_vs_NDO,13.0
LYN,median,network_specification,absolute_k10_r0.3__confirmatory_DO_vs_NDO,15.0
MET,median,network_specification,absolute_k10_r0.3__confirmatory_DO_vs_NDO,17.0
PDGFRA,median,network_specification,absolute_k10_r0.3__confirmatory_DO_vs_NDO,2.0
TYK2,median,network_specification,absolute_k10_r0.3__confirmatory_DO_vs_NDO,12.0
ABL1,mean,network_specification,absolute_k10_r0.3__confirmatory_DO_vs_NDO,11.0
AXL,mean,network_specification,absolute_k10_r0.3__confirmatory_DO_vs_NDO,16.0
CDK4,mean,network_specification,absolute_k10_r0.3__confirmatory_DO_vs_NDO,8.0
FGFR1,mean,network_specification,absolute_k10_r0.3__confirmatory_DO_vs_NDO,7.0
FGFR2,mean,network_specification,absolute_k10_r0.3__confirmatory_DO_vs_NDO,3.0
FGFR3,mean,network_specification,absolute_k10_r0.3__confirmatory_DO_vs_NDO,6.0
FGFR4,mean,network_specification,absolute_k10_r0.3__confirmatory_DO_vs_NDO,15.0
FLT1,mean,network_specification,absolute_k10_r0.3__confirmatory_DO_vs_NDO,4.0
FLT3,mean,network_specification,absolute_k10_r0.3__confirmatory_DO_vs_NDO,10.0
FLT4,mean,network_specification,absolute_k10_r0.3__confirmatory_DO_vs_NDO,1.0
JAK1,mean,network_specification,absolute_k10_r0.3__confirmatory_DO_vs_NDO,9.0
KDR,mean,network_specification,absolute_k10_r0.3__confirmatory_DO_vs_NDO,5.0
LRRK2,mean,network_specification,absolute_k10_r0.3__confirmatory_DO_vs_NDO,14.0
LYN,mean,network_specification,absolute_k10_r0.3__confirmatory_DO_vs_NDO,13.0
MET,mean,network_specification,absolute_k10_r0.3__confirmatory_DO_vs_NDO,17.0
PDGFRA,mean,network_specification,absolute_k10_r0.3__confirmatory_DO_vs_NDO,2.0
TYK2,mean,network_specification,absolute_k10_r0.3__confirmatory_DO_vs_NDO,12.0
ABL1,geometric,network_specification,absolute_k10_r0.3__confirmatory_DO_vs_NDO,7.0
AXL,geometric,network_specification,absolute_k10_r0.3__confirmatory_DO_vs_NDO,15.0
CDK4,geometric,network_specification,absolute_k10_r0.3__confirmatory_DO_vs_NDO,11.0
FGFR1,geometric,network_specification,absolute_k10_r0.3__confirmatory_DO_vs_NDO,10.0
FGFR2,geometric,network_specification,absolute_k10_r0.3__confirmatory_DO_vs_NDO,3.0
FGFR3,geometric,network_specification,absolute_k10_r0.3__confirmatory_DO_vs_NDO,4.0
FGFR4,geometric,network_specification,absolute_k10_r0.3__confirmatory_DO_vs_NDO,14.0
FLT1,geometric,network_specification,absolute_k10_r0.3__confirmatory_DO_vs_NDO,5.0
FLT3,geometric,network_specification,absolute_k10_r0.3__confirmatory_DO_vs_NDO,9.0
FLT4,geometric,network_specification,absolute_k10_r0.3__confirmatory_DO_vs_NDO,1.0
JAK1,geometric,network_specification,absolute_k10_r0.3__confirmatory_DO_vs_NDO,6.0
KDR,geometric,network_specification,absolute_k10_r0.3__confirmatory_DO_vs_NDO,13.0
LRRK2,geometric,network_specification,absolute_k10_r0.3__confirmatory_DO_vs_NDO,16.0
LYN,geometric,network_specification,absolute_k10_r0.3__confirmatory_DO_vs_NDO,12.0
MET,geometric,network_specification,absolute_k10_r0.3__confirmatory_DO_vs_NDO,17.0
PDGFRA,geometric,network_specification,absolute_k10_r0.3__confirmatory_DO_vs_NDO,2.0
TYK2,geometric,network_specification,absolute_k10_r0.3__confirmatory_DO_vs_NDO,8.0
ABL1,maximin,network_specification,absolute_k10_r0.3__confirmatory_DO_vs_NDO,4.5
AXL,maximin,network_specification,absolute_k10_r0.3__confirmatory_DO_vs_NDO,10.5
CDK4,maximin,network_specification,absolute_k10_r0.3__confirmatory_DO_vs_NDO,10.5
FGFR1,maximin,network_specification,absolute_k10_r0.3__confirmatory_DO_vs_NDO,13.5
FGFR2,maximin,network_specification,absolute_k10_r0.3__confirmatory_DO_vs_NDO,3.0
FGFR3,maximin,network_specification,absolute_k10_r0.3__confirmatory_DO_vs_NDO,6.0
FGFR4,maximin,network_specification,absolute_k10_r0.3__confirmatory_DO_vs_NDO,13.5
FLT1,maximin,network_specification,absolute_k10_r0.3__confirmatory_DO_vs_NDO,12.0
FLT3,maximin,network_specification,absolute_k10_r0.3__confirmatory_DO_vs_NDO,8.5
FLT4,maximin,network_specification,absolute_k10_r0.3__confirmatory_DO_vs_NDO,1.0
JAK1,maximin,network_specification,absolute_k10_r0.3__confirmatory_DO_vs_NDO,4.5
KDR,maximin,network_specification,absolute_k10_r0.3__confirmatory_DO_vs_NDO,16.0
LRRK2,maximin,network_specification,absolute_k10_r0.3__confirmatory_DO_vs_NDO,16.0
LYN,maximin,network_specification,absolute_k10_r0.3__confirmatory_DO_vs_NDO,8.5
MET,maximin,network_specification,absolute_k10_r0.3__confirmatory_DO_vs_NDO,16.0
PDGFRA,maximin,network_specification,absolute_k10_r0.3__confirmatory_DO_vs_NDO,2.0
TYK2,maximin,network_specification,absolute_k10_r0.3__confirmatory_DO_vs_NDO,7.0
ABL1,RRA,network_specification,absolute_k10_r0.3__confirmatory_DO_vs_NDO,7.5
AXL,RRA,network_specification,absolute_k10_r0.3__confirmatory_DO_vs_NDO,15.0
CDK4,RRA,network_specification,absolute_k10_r0.3__confirmatory_DO_vs_NDO,4.0
FGFR1,RRA,network_specification,absolute_k10_r0.3__confirmatory_DO_vs_NDO,13.0
FGFR2,RRA,network_specification,absolute_k10_r0.3__confirmatory_DO_vs_NDO,5.0
FGFR3,RRA,network_specification,absolute_k10_r0.3__confirmatory_DO_vs_NDO,9.0
FGFR4,RRA,network_specification,absolute_k10_r0.3__confirmatory_DO_vs_NDO,16.0
FLT1,RRA,network_specification,absolute_k10_r0.3__confirmatory_DO_vs_NDO,6.0
FLT3,RRA,network_specification,absolute_k10_r0.3__confirmatory_DO_vs_NDO,11.5
FLT4,RRA,network_specification,absolute_k10_r0.3__confirmatory_DO_vs_NDO,2.0
JAK1,RRA,network_specification,absolute_k10_r0.3__confirmatory_DO_vs_NDO,7.5
KDR,RRA,network_specification,absolute_k10_r0.3__confirmatory_DO_vs_NDO,1.0
LRRK2,RRA,network_specification,absolute_k10_r0.3__confirmatory_DO_vs_NDO,11.5
LYN,RRA,network_specification,absolute_k10_r0.3__confirmatory_DO_vs_NDO,14.0
MET,RRA,network_specification,absolute_k10_r0.3__confirmatory_DO_vs_NDO,17.0
PDGFRA,RRA,network_specification,absolute_k10_r0.3__confirmatory_DO_vs_NDO,3.0
TYK2,RRA,network_specification,absolute_k10_r0.3__confirmatory_DO_vs_NDO,10.0
ABL1,median,network_specification,absolute_k10_r0.3__discovery_DO_vs_HV,9.0
AXL,median,network_specification,absolute_k10_r0.3__discovery_DO_vs_HV,16.0
CDK4,median,network_specification,absolute_k10_r0.3__discovery_DO_vs_HV,11.0
FGFR1,median,network_specification,absolute_k10_r0.3__discovery_DO_vs_HV,8.0
FGFR2,median,network_specification,absolute_k10_r0.3__discovery_DO_vs_HV,4.0
FGFR3,median,network_specification,absolute_k10_r0.3__discovery_DO_vs_HV,7.0
FGFR4,median,network_specification,absolute_k10_r0.3__discovery_DO_vs_HV,15.0
FLT1,median,network_specification,absolute_k10_r0.3__discovery_DO_vs_HV,3.0
FLT3,median,network_specification,absolute_k10_r0.3__discovery_DO_vs_HV,10.0
FLT4,median,network_specification,absolute_k10_r0.3__discovery_DO_vs_HV,2.0
JAK1,median,network_specification,absolute_k10_r0.3__discovery_DO_vs_HV,6.0
KDR,median,network_specification,absolute_k10_r0.3__discovery_DO_vs_HV,5.0
LRRK2,median,network_specification,absolute_k10_r0.3__discovery_DO_vs_HV,14.0
LYN,median,network_specification,absolute_k10_r0.3__discovery_DO_vs_HV,13.0
MET,median,network_specification,absolute_k10_r0.3__discovery_DO_vs_HV,17.0
PDGFRA,median,network_specification,absolute_k10_r0.3__discovery_DO_vs_HV,1.0
TYK2,median,network_specification,absolute_k10_r0.3__discovery_DO_vs_HV,12.0
ABL1,mean,network_specification,absolute_k10_r0.3__discovery_DO_vs_HV,8.0
AXL,mean,network_specification,absolute_k10_r0.3__discovery_DO_vs_HV,15.0
CDK4,mean,network_specification,absolute_k10_r0.3__discovery_DO_vs_HV,11.0
FGFR1,mean,network_specification,absolute_k10_r0.3__discovery_DO_vs_HV,10.0
FGFR2,mean,network_specification,absolute_k10_r0.3__discovery_DO_vs_HV,3.0
FGFR3,mean,network_specification,absolute_k10_r0.3__discovery_DO_vs_HV,7.0
FGFR4,mean,network_specification,absolute_k10_r0.3__discovery_DO_vs_HV,16.0
FLT1,mean,network_specification,absolute_k10_r0.3__discovery_DO_vs_HV,4.0
FLT3,mean,network_specification,absolute_k10_r0.3__discovery_DO_vs_HV,9.0
FLT4,mean,network_specification,absolute_k10_r0.3__discovery_DO_vs_HV,2.0
JAK1,mean,network_specification,absolute_k10_r0.3__discovery_DO_vs_HV,6.0
KDR,mean,network_specification,absolute_k10_r0.3__discovery_DO_vs_HV,5.0
LRRK2,mean,network_specification,absolute_k10_r0.3__discovery_DO_vs_HV,13.0
LYN,mean,network_specification,absolute_k10_r0.3__discovery_DO_vs_HV,12.0
MET,mean,network_specification,absolute_k10_r0.3__discovery_DO_vs_HV,17.0
PDGFRA,mean,network_specification,absolute_k10_r0.3__discovery_DO_vs_HV,1.0
TYK2,mean,network_specification,absolute_k10_r0.3__discovery_DO_vs_HV,14.0
ABL1,geometric,network_specification,absolute_k10_r0.3__discovery_DO_vs_HV,7.0
AXL,geometric,network_specification,absolute_k10_r0.3__discovery_DO_vs_HV,14.0
CDK4,geometric,network_specification,absolute_k10_r0.3__discovery_DO_vs_HV,11.0
FGFR1,geometric,network_specification,absolute_k10_r0.3__discovery_DO_vs_HV,13.0
FGFR2,geometric,network_specification,absolute_k10_r0.3__discovery_DO_vs_HV,3.0
FGFR3,geometric,network_specification,absolute_k10_r0.3__discovery_DO_vs_HV,5.0
FGFR4,geometric,network_specification,absolute_k10_r0.3__discovery_DO_vs_HV,15.0
FLT1,geometric,network_specification,absolute_k10_r0.3__discovery_DO_vs_HV,6.0
FLT3,geometric,network_specification,absolute_k10_r0.3__discovery_DO_vs_HV,8.0
FLT4,geometric,network_specification,absolute_k10_r0.3__discovery_DO_vs_HV,2.0
JAK1,geometric,network_specification,absolute_k10_r0.3__discovery_DO_vs_HV,4.0
KDR,geometric,network_specification,absolute_k10_r0.3__discovery_DO_vs_HV,9.0
LRRK2,geometric,network_specification,absolute_k10_r0.3__discovery_DO_vs_HV,16.0
LYN,geometric,network_specification,absolute_k10_r0.3__discovery_DO_vs_HV,10.0
MET,geometric,network_specification,absolute_k10_r0.3__discovery_DO_vs_HV,17.0
PDGFRA,geometric,network_specification,absolute_k10_r0.3__discovery_DO_vs_HV,1.0
TYK2,geometric,network_specification,absolute_k10_r0.3__discovery_DO_vs_HV,12.0
ABL1,maximin,network_specification,absolute_k10_r0.3__discovery_DO_vs_HV,4.5
AXL,maximin,network_specification,absolute_k10_r0.3__discovery_DO_vs_HV,10.5
CDK4,maximin,network_specification,absolute_k10_r0.3__discovery_DO_vs_HV,10.5
FGFR1,maximin,network_specification,absolute_k10_r0.3__discovery_DO_vs_HV,16.0
FGFR2,maximin,network_specification,absolute_k10_r0.3__discovery_DO_vs_HV,3.0
FGFR3,maximin,network_specification,absolute_k10_r0.3__discovery_DO_vs_HV,6.0
FGFR4,maximin,network_specification,absolute_k10_r0.3__discovery_DO_vs_HV,13.5
FLT1,maximin,network_specification,absolute_k10_r0.3__discovery_DO_vs_HV,12.0
FLT3,maximin,network_specification,absolute_k10_r0.3__discovery_DO_vs_HV,7.5
FLT4,maximin,network_specification,absolute_k10_r0.3__discovery_DO_vs_HV,2.0
JAK1,maximin,network_specification,absolute_k10_r0.3__discovery_DO_vs_HV,4.5
KDR,maximin,network_specification,absolute_k10_r0.3__discovery_DO_vs_HV,13.5
LRRK2,maximin,network_specification,absolute_k10_r0.3__discovery_DO_vs_HV,16.0
LYN,maximin,network_specification,absolute_k10_r0.3__discovery_DO_vs_HV,9.0
MET,maximin,network_specification,absolute_k10_r0.3__discovery_DO_vs_HV,16.0
PDGFRA,maximin,network_specification,absolute_k10_r0.3__discovery_DO_vs_HV,1.0
TYK2,maximin,network_specification,absolute_k10_r0.3__discovery_DO_vs_HV,7.5
ABL1,RRA,network_specification,absolute_k10_r0.3__discovery_DO_vs_HV,9.0
AXL,RRA,network_specification,absolute_k10_r0.3__discovery_DO_vs_HV,15.0
CDK4,RRA,network_specification,absolute_k10_r0.3__discovery_DO_vs_HV,6.0
FGFR1,RRA,network_specification,absolute_k10_r0.3__discovery_DO_vs_HV,13.0
FGFR2,RRA,network_specification,absolute_k10_r0.3__discovery_DO_vs_HV,7.0
FGFR3,RRA,network_specification,absolute_k10_r0.3__discovery_DO_vs_HV,10.0
FGFR4,RRA,network_specification,absolute_k10_r0.3__discovery_DO_vs_HV,16.0
FLT1,RRA,network_specification,absolute_k10_r0.3__discovery_DO_vs_HV,4.0
FLT3,RRA,network_specification,absolute_k10_r0.3__discovery_DO_vs_HV,11.5
FLT4,RRA,network_specification,absolute_k10_r0.3__discovery_DO_vs_HV,3.0
JAK1,RRA,network_specification,absolute_k10_r0.3__discovery_DO_vs_HV,8.0
KDR,RRA,network_specification,absolute_k10_r0.3__discovery_DO_vs_HV,2.0
LRRK2,RRA,network_specification,absolute_k10_r0.3__discovery_DO_vs_HV,5.0
LYN,RRA,network_specification,absolute_k10_r0.3__discovery_DO_vs_HV,14.0
MET,RRA,network_specification,absolute_k10_r0.3__discovery_DO_vs_HV,17.0
PDGFRA,RRA,network_specification,absolute_k10_r0.3__discovery_DO_vs_HV,1.0
TYK2,RRA,network_specification,absolute_k10_r0.3__discovery_DO_vs_HV,11.5
ABL1,median,network_specification,absolute_k10_r0.3__discovery_DO_vs_NDO,9.0
AXL,median,network_specification,absolute_k10_r0.3__discovery_DO_vs_NDO,16.0
CDK4,median,network_specification,absolute_k10_r0.3__discovery_DO_vs_NDO,11.0
FGFR1,median,network_specification,absolute_k10_r0.3__discovery_DO_vs_NDO,8.0
FGFR2,median,network_specification,absolute_k10_r0.3__discovery_DO_vs_NDO,4.0
FGFR3,median,network_specification,absolute_k10_r0.3__discovery_DO_vs_NDO,7.0
FGFR4,median,network_specification,absolute_k10_r0.3__discovery_DO_vs_NDO,15.0
FLT1,median,network_specification,absolute_k10_r0.3__discovery_DO_vs_NDO,3.0
FLT3,median,network_specification,absolute_k10_r0.3__discovery_DO_vs_NDO,10.0
FLT4,median,network_specification,absolute_k10_r0.3__discovery_DO_vs_NDO,1.0
JAK1,median,network_specification,absolute_k10_r0.3__discovery_DO_vs_NDO,6.0
KDR,median,network_specification,absolute_k10_r0.3__discovery_DO_vs_NDO,5.0
LRRK2,median,network_specification,absolute_k10_r0.3__discovery_DO_vs_NDO,14.0
LYN,median,network_specification,absolute_k10_r0.3__discovery_DO_vs_NDO,13.0
MET,median,network_specification,absolute_k10_r0.3__discovery_DO_vs_NDO,17.0
PDGFRA,median,network_specification,absolute_k10_r0.3__discovery_DO_vs_NDO,2.0
TYK2,median,network_specification,absolute_k10_r0.3__discovery_DO_vs_NDO,12.0
ABL1,mean,network_specification,absolute_k10_r0.3__discovery_DO_vs_NDO,12.0
AXL,mean,network_specification,absolute_k10_r0.3__discovery_DO_vs_NDO,16.0
CDK4,mean,network_specification,absolute_k10_r0.3__discovery_DO_vs_NDO,10.0
FGFR1,mean,network_specification,absolute_k10_r0.3__discovery_DO_vs_NDO,8.0
FGFR2,mean,network_specification,absolute_k10_r0.3__discovery_DO_vs_NDO,4.0
FGFR3,mean,network_specification,absolute_k10_r0.3__discovery_DO_vs_NDO,7.0
FGFR4,mean,network_specification,absolute_k10_r0.3__discovery_DO_vs_NDO,15.0
FLT1,mean,network_specification,absolute_k10_r0.3__discovery_DO_vs_NDO,3.0
FLT3,mean,network_specification,absolute_k10_r0.3__discovery_DO_vs_NDO,9.0
FLT4,mean,network_specification,absolute_k10_r0.3__discovery_DO_vs_NDO,1.0
JAK1,mean,network_specification,absolute_k10_r0.3__discovery_DO_vs_NDO,6.0
KDR,mean,network_specification,absolute_k10_r0.3__discovery_DO_vs_NDO,5.0
LRRK2,mean,network_specification,absolute_k10_r0.3__discovery_DO_vs_NDO,14.0
LYN,mean,network_specification,absolute_k10_r0.3__discovery_DO_vs_NDO,11.0
MET,mean,network_specification,absolute_k10_r0.3__discovery_DO_vs_NDO,17.0
PDGFRA,mean,network_specification,absolute_k10_r0.3__discovery_DO_vs_NDO,2.0
TYK2,mean,network_specification,absolute_k10_r0.3__discovery_DO_vs_NDO,13.0
ABL1,geometric,network_specification,absolute_k10_r0.3__discovery_DO_vs_NDO,7.0
AXL,geometric,network_specification,absolute_k10_r0.3__discovery_DO_vs_NDO,14.0
CDK4,geometric,network_specification,absolute_k10_r0.3__discovery_DO_vs_NDO,12.0
FGFR1,geometric,network_specification,absolute_k10_r0.3__discovery_DO_vs_NDO,9.0
FGFR2,geometric,network_specification,absolute_k10_r0.3__discovery_DO_vs_NDO,3.0
FGFR3,geometric,network_specification,absolute_k10_r0.3__discovery_DO_vs_NDO,5.0
FGFR4,geometric,network_specification,absolute_k10_r0.3__discovery_DO_vs_NDO,15.0
FLT1,geometric,network_specification,absolute_k10_r0.3__discovery_DO_vs_NDO,6.0
FLT3,geometric,network_specification,absolute_k10_r0.3__discovery_DO_vs_NDO,8.0
FLT4,geometric,network_specification,absolute_k10_r0.3__discovery_DO_vs_NDO,1.0
JAK1,geometric,network_specification,absolute_k10_r0.3__discovery_DO_vs_NDO,4.0
KDR,geometric,network_specification,absolute_k10_r0.3__discovery_DO_vs_NDO,13.0
LRRK2,geometric,network_specification,absolute_k10_r0.3__discovery_DO_vs_NDO,16.0
LYN,geometric,network_specification,absolute_k10_r0.3__discovery_DO_vs_NDO,11.0
MET,geometric,network_specification,absolute_k10_r0.3__discovery_DO_vs_NDO,17.0
PDGFRA,geometric,network_specification,absolute_k10_r0.3__discovery_DO_vs_NDO,2.0
TYK2,geometric,network_specification,absolute_k10_r0.3__discovery_DO_vs_NDO,10.0
ABL1,maximin,network_specification,absolute_k10_r0.3__discovery_DO_vs_NDO,4.5
AXL,maximin,network_specification,absolute_k10_r0.3__discovery_DO_vs_NDO,10.5
CDK4,maximin,network_specification,absolute_k10_r0.3__discovery_DO_vs_NDO,10.5
FGFR1,maximin,network_specification,absolute_k10_r0.3__discovery_DO_vs_NDO,13.5
FGFR2,maximin,network_specification,absolute_k10_r0.3__discovery_DO_vs_NDO,3.0
FGFR3,maximin,network_specification,absolute_k10_r0.3__discovery_DO_vs_NDO,6.0
FGFR4,maximin,network_specification,absolute_k10_r0.3__discovery_DO_vs_NDO,13.5
FLT1,maximin,network_specification,absolute_k10_r0.3__discovery_DO_vs_NDO,12.0
FLT3,maximin,network_specification,absolute_k10_r0.3__discovery_DO_vs_NDO,8.5
FLT4,maximin,network_specification,absolute_k10_r0.3__discovery_DO_vs_NDO,2.0
JAK1,maximin,network_specification,absolute_k10_r0.3__discovery_DO_vs_NDO,4.5
KDR,maximin,network_specification,absolute_k10_r0.3__discovery_DO_vs_NDO,16.0
LRRK2,maximin,network_specification,absolute_k10_r0.3__discovery_DO_vs_NDO,16.0
LYN,maximin,network_specification,absolute_k10_r0.3__discovery_DO_vs_NDO,8.5
MET,maximin,network_specification,absolute_k10_r0.3__discovery_DO_vs_NDO,16.0
PDGFRA,maximin,network_specification,absolute_k10_r0.3__discovery_DO_vs_NDO,1.0
TYK2,maximin,network_specification,absolute_k10_r0.3__discovery_DO_vs_NDO,7.0
ABL1,RRA,network_specification,absolute_k10_r0.3__discovery_DO_vs_NDO,8.0
AXL,RRA,network_specification,absolute_k10_r0.3__discovery_DO_vs_NDO,15.0
CDK4,RRA,network_specification,absolute_k10_r0.3__discovery_DO_vs_NDO,5.0
FGFR1,RRA,network_specification,absolute_k10_r0.3__discovery_DO_vs_NDO,12.0
FGFR2,RRA,network_specification,absolute_k10_r0.3__discovery_DO_vs_NDO,6.0
FGFR3,RRA,network_specification,absolute_k10_r0.3__discovery_DO_vs_NDO,9.0
FGFR4,RRA,network_specification,absolute_k10_r0.3__discovery_DO_vs_NDO,16.0
FLT1,RRA,network_specification,absolute_k10_r0.3__discovery_DO_vs_NDO,4.0
FLT3,RRA,network_specification,absolute_k10_r0.3__discovery_DO_vs_NDO,11.0
FLT4,RRA,network_specification,absolute_k10_r0.3__discovery_DO_vs_NDO,3.0
JAK1,RRA,network_specification,absolute_k10_r0.3__discovery_DO_vs_NDO,7.0
KDR,RRA,network_specification,absolute_k10_r0.3__discovery_DO_vs_NDO,2.0
LRRK2,RRA,network_specification,absolute_k10_r0.3__discovery_DO_vs_NDO,14.0
LYN,RRA,network_specification,absolute_k10_r0.3__discovery_DO_vs_NDO,13.0
MET,RRA,network_specification,absolute_k10_r0.3__discovery_DO_vs_NDO,17.0
PDGFRA,RRA,network_specification,absolute_k10_r0.3__discovery_DO_vs_NDO,1.0
TYK2,RRA,network_specification,absolute_k10_r0.3__discovery_DO_vs_NDO,10.0
ABL1,median,network_specification,absolute_k10_r0.5__confirmatory_DO_vs_HV,9.0
AXL,median,network_specification,absolute_k10_r0.5__confirmatory_DO_vs_HV,16.0
CDK4,median,network_specification,absolute_k10_r0.5__confirmatory_DO_vs_HV,13.0
FGFR1,median,network_specification,absolute_k10_r0.5__confirmatory_DO_vs_HV,8.0
FGFR2,median,network_specification,absolute_k10_r0.5__confirmatory_DO_vs_HV,4.0
FGFR3,median,network_specification,absolute_k10_r0.5__confirmatory_DO_vs_HV,7.0
FGFR4,median,network_specification,absolute_k10_r0.5__confirmatory_DO_vs_HV,11.0
FLT1,median,network_specification,absolute_k10_r0.5__confirmatory_DO_vs_HV,3.0
FLT3,median,network_specification,absolute_k10_r0.5__confirmatory_DO_vs_HV,10.0
FLT4,median,network_specification,absolute_k10_r0.5__confirmatory_DO_vs_HV,1.0
JAK1,median,network_specification,absolute_k10_r0.5__confirmatory_DO_vs_HV,6.0
KDR,median,network_specification,absolute_k10_r0.5__confirmatory_DO_vs_HV,5.0
LRRK2,median,network_specification,absolute_k10_r0.5__confirmatory_DO_vs_HV,14.0
LYN,median,network_specification,absolute_k10_r0.5__confirmatory_DO_vs_HV,15.0
MET,median,network_specification,absolute_k10_r0.5__confirmatory_DO_vs_HV,17.0
PDGFRA,median,network_specification,absolute_k10_r0.5__confirmatory_DO_vs_HV,2.0
TYK2,median,network_specification,absolute_k10_r0.5__confirmatory_DO_vs_HV,12.0
ABL1,mean,network_specification,absolute_k10_r0.5__confirmatory_DO_vs_HV,11.0
AXL,mean,network_specification,absolute_k10_r0.5__confirmatory_DO_vs_HV,16.0
CDK4,mean,network_specification,absolute_k10_r0.5__confirmatory_DO_vs_HV,10.0
FGFR1,mean,network_specification,absolute_k10_r0.5__confirmatory_DO_vs_HV,8.0
FGFR2,mean,network_specification,absolute_k10_r0.5__confirmatory_DO_vs_HV,4.0
FGFR3,mean,network_specification,absolute_k10_r0.5__confirmatory_DO_vs_HV,7.0
FGFR4,mean,network_specification,absolute_k10_r0.5__confirmatory_DO_vs_HV,15.0
FLT1,mean,network_specification,absolute_k10_r0.5__confirmatory_DO_vs_HV,3.0
FLT3,mean,network_specification,absolute_k10_r0.5__confirmatory_DO_vs_HV,9.0
FLT4,mean,network_specification,absolute_k10_r0.5__confirmatory_DO_vs_HV,1.0
JAK1,mean,network_specification,absolute_k10_r0.5__confirmatory_DO_vs_HV,6.0
KDR,mean,network_specification,absolute_k10_r0.5__confirmatory_DO_vs_HV,5.0
LRRK2,mean,network_specification,absolute_k10_r0.5__confirmatory_DO_vs_HV,13.0
LYN,mean,network_specification,absolute_k10_r0.5__confirmatory_DO_vs_HV,12.0
MET,mean,network_specification,absolute_k10_r0.5__confirmatory_DO_vs_HV,17.0
PDGFRA,mean,network_specification,absolute_k10_r0.5__confirmatory_DO_vs_HV,2.0
TYK2,mean,network_specification,absolute_k10_r0.5__confirmatory_DO_vs_HV,14.0
ABL1,geometric,network_specification,absolute_k10_r0.5__confirmatory_DO_vs_HV,7.0
AXL,geometric,network_specification,absolute_k10_r0.5__confirmatory_DO_vs_HV,15.0
CDK4,geometric,network_specification,absolute_k10_r0.5__confirmatory_DO_vs_HV,12.0
FGFR1,geometric,network_specification,absolute_k10_r0.5__confirmatory_DO_vs_HV,14.0
FGFR2,geometric,network_specification,absolute_k10_r0.5__confirmatory_DO_vs_HV,3.0
FGFR3,geometric,network_specification,absolute_k10_r0.5__confirmatory_DO_vs_HV,5.0
FGFR4,geometric,network_specification,absolute_k10_r0.5__confirmatory_DO_vs_HV,13.0
FLT1,geometric,network_specification,absolute_k10_r0.5__confirmatory_DO_vs_HV,6.0
FLT3,geometric,network_specification,absolute_k10_r0.5__confirmatory_DO_vs_HV,9.0
FLT4,geometric,network_specification,absolute_k10_r0.5__confirmatory_DO_vs_HV,1.0
JAK1,geometric,network_specification,absolute_k10_r0.5__confirmatory_DO_vs_HV,4.0
KDR,geometric,network_specification,absolute_k10_r0.5__confirmatory_DO_vs_HV,8.0
LRRK2,geometric,network_specification,absolute_k10_r0.5__confirmatory_DO_vs_HV,16.0
LYN,geometric,network_specification,absolute_k10_r0.5__confirmatory_DO_vs_HV,11.0
MET,geometric,network_specification,absolute_k10_r0.5__confirmatory_DO_vs_HV,17.0
PDGFRA,geometric,network_specification,absolute_k10_r0.5__confirmatory_DO_vs_HV,2.0
TYK2,geometric,network_specification,absolute_k10_r0.5__confirmatory_DO_vs_HV,10.0
ABL1,maximin,network_specification,absolute_k10_r0.5__confirmatory_DO_vs_HV,4.5
AXL,maximin,network_specification,absolute_k10_r0.5__confirmatory_DO_vs_HV,13.5
CDK4,maximin,network_specification,absolute_k10_r0.5__confirmatory_DO_vs_HV,10.5
FGFR1,maximin,network_specification,absolute_k10_r0.5__confirmatory_DO_vs_HV,16.0
FGFR2,maximin,network_specification,absolute_k10_r0.5__confirmatory_DO_vs_HV,3.0
FGFR3,maximin,network_specification,absolute_k10_r0.5__confirmatory_DO_vs_HV,6.0
FGFR4,maximin,network_specification,absolute_k10_r0.5__confirmatory_DO_vs_HV,13.5
FLT1,maximin,network_specification,absolute_k10_r0.5__confirmatory_DO_vs_HV,12.0
FLT3,maximin,network_specification,absolute_k10_r0.5__confirmatory_DO_vs_HV,8.5
FLT4,maximin,network_specification,absolute_k10_r0.5__confirmatory_DO_vs_HV,2.0
JAK1,maximin,network_specification,absolute_k10_r0.5__confirmatory_DO_vs_HV,4.5
KDR,maximin,network_specification,absolute_k10_r0.5__confirmatory_DO_vs_HV,10.5
LRRK2,maximin,network_specification,absolute_k10_r0.5__confirmatory_DO_vs_HV,16.0
LYN,maximin,network_specification,absolute_k10_r0.5__confirmatory_DO_vs_HV,8.5
MET,maximin,network_specification,absolute_k10_r0.5__confirmatory_DO_vs_HV,16.0
PDGFRA,maximin,network_specification,absolute_k10_r0.5__confirmatory_DO_vs_HV,1.0
TYK2,maximin,network_specification,absolute_k10_r0.5__confirmatory_DO_vs_HV,7.0
ABL1,RRA,network_specification,absolute_k10_r0.5__confirmatory_DO_vs_HV,9.0
AXL,RRA,network_specification,absolute_k10_r0.5__confirmatory_DO_vs_HV,16.0
CDK4,RRA,network_specification,absolute_k10_r0.5__confirmatory_DO_vs_HV,6.0
FGFR1,RRA,network_specification,absolute_k10_r0.5__confirmatory_DO_vs_HV,13.0
FGFR2,RRA,network_specification,absolute_k10_r0.5__confirmatory_DO_vs_HV,7.0
FGFR3,RRA,network_specification,absolute_k10_r0.5__confirmatory_DO_vs_HV,10.0
FGFR4,RRA,network_specification,absolute_k10_r0.5__confirmatory_DO_vs_HV,15.0
FLT1,RRA,network_specification,absolute_k10_r0.5__confirmatory_DO_vs_HV,4.0
FLT3,RRA,network_specification,absolute_k10_r0.5__confirmatory_DO_vs_HV,12.0
FLT4,RRA,network_specification,absolute_k10_r0.5__confirmatory_DO_vs_HV,3.0
JAK1,RRA,network_specification,absolute_k10_r0.5__confirmatory_DO_vs_HV,8.0
KDR,RRA,network_specification,absolute_k10_r0.5__confirmatory_DO_vs_HV,2.0
LRRK2,RRA,network_specification,absolute_k10_r0.5__confirmatory_DO_vs_HV,5.0
LYN,RRA,network_specification,absolute_k10_r0.5__confirmatory_DO_vs_HV,14.0
MET,RRA,network_specification,absolute_k10_r0.5__confirmatory_DO_vs_HV,17.0
PDGFRA,RRA,network_specification,absolute_k10_r0.5__confirmatory_DO_vs_HV,1.0
TYK2,RRA,network_specification,absolute_k10_r0.5__confirmatory_DO_vs_HV,11.0
ABL1,median,network_specification,absolute_k10_r0.5__confirmatory_DO_vs_NDO,9.0
AXL,median,network_specification,absolute_k10_r0.5__confirmatory_DO_vs_NDO,16.0
CDK4,median,network_specification,absolute_k10_r0.5__confirmatory_DO_vs_NDO,11.0
FGFR1,median,network_specification,absolute_k10_r0.5__confirmatory_DO_vs_NDO,8.0
FGFR2,median,network_specification,absolute_k10_r0.5__confirmatory_DO_vs_NDO,4.0
FGFR3,median,network_specification,absolute_k10_r0.5__confirmatory_DO_vs_NDO,6.0
FGFR4,median,network_specification,absolute_k10_r0.5__confirmatory_DO_vs_NDO,14.0
FLT1,median,network_specification,absolute_k10_r0.5__confirmatory_DO_vs_NDO,3.0
FLT3,median,network_specification,absolute_k10_r0.5__confirmatory_DO_vs_NDO,10.0
FLT4,median,network_specification,absolute_k10_r0.5__confirmatory_DO_vs_NDO,1.0
JAK1,median,network_specification,absolute_k10_r0.5__confirmatory_DO_vs_NDO,7.0
KDR,median,network_specification,absolute_k10_r0.5__confirmatory_DO_vs_NDO,5.0
LRRK2,median,network_specification,absolute_k10_r0.5__confirmatory_DO_vs_NDO,13.0
LYN,median,network_specification,absolute_k10_r0.5__confirmatory_DO_vs_NDO,15.0
MET,median,network_specification,absolute_k10_r0.5__confirmatory_DO_vs_NDO,17.0
PDGFRA,median,network_specification,absolute_k10_r0.5__confirmatory_DO_vs_NDO,2.0
TYK2,median,network_specification,absolute_k10_r0.5__confirmatory_DO_vs_NDO,12.0
ABL1,mean,network_specification,absolute_k10_r0.5__confirmatory_DO_vs_NDO,12.0
AXL,mean,network_specification,absolute_k10_r0.5__confirmatory_DO_vs_NDO,16.0
CDK4,mean,network_specification,absolute_k10_r0.5__confirmatory_DO_vs_NDO,10.0
FGFR1,mean,network_specification,absolute_k10_r0.5__confirmatory_DO_vs_NDO,8.0
FGFR2,mean,network_specification,absolute_k10_r0.5__confirmatory_DO_vs_NDO,3.0
FGFR3,mean,network_specification,absolute_k10_r0.5__confirmatory_DO_vs_NDO,5.0
FGFR4,mean,network_specification,absolute_k10_r0.5__confirmatory_DO_vs_NDO,15.0
FLT1,mean,network_specification,absolute_k10_r0.5__confirmatory_DO_vs_NDO,4.0
FLT3,mean,network_specification,absolute_k10_r0.5__confirmatory_DO_vs_NDO,9.0
FLT4,mean,network_specification,absolute_k10_r0.5__confirmatory_DO_vs_NDO,1.0
JAK1,mean,network_specification,absolute_k10_r0.5__confirmatory_DO_vs_NDO,7.0
KDR,mean,network_specification,absolute_k10_r0.5__confirmatory_DO_vs_NDO,6.0
LRRK2,mean,network_specification,absolute_k10_r0.5__confirmatory_DO_vs_NDO,13.0
LYN,mean,network_specification,absolute_k10_r0.5__confirmatory_DO_vs_NDO,14.0
MET,mean,network_specification,absolute_k10_r0.5__confirmatory_DO_vs_NDO,17.0
PDGFRA,mean,network_specification,absolute_k10_r0.5__confirmatory_DO_vs_NDO,2.0
TYK2,mean,network_specification,absolute_k10_r0.5__confirmatory_DO_vs_NDO,11.0
ABL1,geometric,network_specification,absolute_k10_r0.5__confirmatory_DO_vs_NDO,8.0
AXL,geometric,network_specification,absolute_k10_r0.5__confirmatory_DO_vs_NDO,15.0
CDK4,geometric,network_specification,absolute_k10_r0.5__confirmatory_DO_vs_NDO,11.0
FGFR1,geometric,network_specification,absolute_k10_r0.5__confirmatory_DO_vs_NDO,10.0
FGFR2,geometric,network_specification,absolute_k10_r0.5__confirmatory_DO_vs_NDO,3.0
FGFR3,geometric,network_specification,absolute_k10_r0.5__confirmatory_DO_vs_NDO,4.0
FGFR4,geometric,network_specification,absolute_k10_r0.5__confirmatory_DO_vs_NDO,14.0
FLT1,geometric,network_specification,absolute_k10_r0.5__confirmatory_DO_vs_NDO,6.0
FLT3,geometric,network_specification,absolute_k10_r0.5__confirmatory_DO_vs_NDO,7.0
FLT4,geometric,network_specification,absolute_k10_r0.5__confirmatory_DO_vs_NDO,1.0
JAK1,geometric,network_specification,absolute_k10_r0.5__confirmatory_DO_vs_NDO,5.0
KDR,geometric,network_specification,absolute_k10_r0.5__confirmatory_DO_vs_NDO,13.0
LRRK2,geometric,network_specification,absolute_k10_r0.5__confirmatory_DO_vs_NDO,16.0
LYN,geometric,network_specification,absolute_k10_r0.5__confirmatory_DO_vs_NDO,12.0
MET,geometric,network_specification,absolute_k10_r0.5__confirmatory_DO_vs_NDO,17.0
PDGFRA,geometric,network_specification,absolute_k10_r0.5__confirmatory_DO_vs_NDO,2.0
TYK2,geometric,network_specification,absolute_k10_r0.5__confirmatory_DO_vs_NDO,9.0
ABL1,maximin,network_specification,absolute_k10_r0.5__confirmatory_DO_vs_NDO,4.5
AXL,maximin,network_specification,absolute_k10_r0.5__confirmatory_DO_vs_NDO,10.5
CDK4,maximin,network_specification,absolute_k10_r0.5__confirmatory_DO_vs_NDO,10.5
FGFR1,maximin,network_specification,absolute_k10_r0.5__confirmatory_DO_vs_NDO,13.5
FGFR2,maximin,network_specification,absolute_k10_r0.5__confirmatory_DO_vs_NDO,3.0
FGFR3,maximin,network_specification,absolute_k10_r0.5__confirmatory_DO_vs_NDO,6.0
FGFR4,maximin,network_specification,absolute_k10_r0.5__confirmatory_DO_vs_NDO,13.5
FLT1,maximin,network_specification,absolute_k10_r0.5__confirmatory_DO_vs_NDO,12.0
FLT3,maximin,network_specification,absolute_k10_r0.5__confirmatory_DO_vs_NDO,7.5
FLT4,maximin,network_specification,absolute_k10_r0.5__confirmatory_DO_vs_NDO,1.0
JAK1,maximin,network_specification,absolute_k10_r0.5__confirmatory_DO_vs_NDO,4.5
KDR,maximin,network_specification,absolute_k10_r0.5__confirmatory_DO_vs_NDO,16.0
LRRK2,maximin,network_specification,absolute_k10_r0.5__confirmatory_DO_vs_NDO,16.0
LYN,maximin,network_specification,absolute_k10_r0.5__confirmatory_DO_vs_NDO,9.0
MET,maximin,network_specification,absolute_k10_r0.5__confirmatory_DO_vs_NDO,16.0
PDGFRA,maximin,network_specification,absolute_k10_r0.5__confirmatory_DO_vs_NDO,2.0
TYK2,maximin,network_specification,absolute_k10_r0.5__confirmatory_DO_vs_NDO,7.5
ABL1,RRA,network_specification,absolute_k10_r0.5__confirmatory_DO_vs_NDO,9.5
AXL,RRA,network_specification,absolute_k10_r0.5__confirmatory_DO_vs_NDO,15.0
CDK4,RRA,network_specification,absolute_k10_r0.5__confirmatory_DO_vs_NDO,6.0
FGFR1,RRA,network_specification,absolute_k10_r0.5__confirmatory_DO_vs_NDO,13.0
FGFR2,RRA,network_specification,absolute_k10_r0.5__confirmatory_DO_vs_NDO,7.0
FGFR3,RRA,network_specification,absolute_k10_r0.5__confirmatory_DO_vs_NDO,8.0
FGFR4,RRA,network_specification,absolute_k10_r0.5__confirmatory_DO_vs_NDO,16.0
FLT1,RRA,network_specification,absolute_k10_r0.5__confirmatory_DO_vs_NDO,4.0
FLT3,RRA,network_specification,absolute_k10_r0.5__confirmatory_DO_vs_NDO,11.5
FLT4,RRA,network_specification,absolute_k10_r0.5__confirmatory_DO_vs_NDO,2.0
JAK1,RRA,network_specification,absolute_k10_r0.5__confirmatory_DO_vs_NDO,9.5
KDR,RRA,network_specification,absolute_k10_r0.5__confirmatory_DO_vs_NDO,1.0
LRRK2,RRA,network_specification,absolute_k10_r0.5__confirmatory_DO_vs_NDO,5.0
LYN,RRA,network_specification,absolute_k10_r0.5__confirmatory_DO_vs_NDO,14.0
MET,RRA,network_specification,absolute_k10_r0.5__confirmatory_DO_vs_NDO,17.0
PDGFRA,RRA,network_specification,absolute_k10_r0.5__confirmatory_DO_vs_NDO,3.0
TYK2,RRA,network_specification,absolute_k10_r0.5__confirmatory_DO_vs_NDO,11.5
ABL1,median,network_specification,absolute_k10_r0.5__discovery_DO_vs_HV,9.0
AXL,median,network_specification,absolute_k10_r0.5__discovery_DO_vs_HV,16.0
CDK4,median,network_specification,absolute_k10_r0.5__discovery_DO_vs_HV,11.0
FGFR1,median,network_specification,absolute_k10_r0.5__discovery_DO_vs_HV,8.0
FGFR2,median,network_specification,absolute_k10_r0.5__discovery_DO_vs_HV,4.0
FGFR3,median,network_specification,absolute_k10_r0.5__discovery_DO_vs_HV,7.0
FGFR4,median,network_specification,absolute_k10_r0.5__discovery_DO_vs_HV,14.0
FLT1,median,network_specification,absolute_k10_r0.5__discovery_DO_vs_HV,3.0
FLT3,median,network_specification,absolute_k10_r0.5__discovery_DO_vs_HV,10.0
FLT4,median,network_specification,absolute_k10_r0.5__discovery_DO_vs_HV,2.0
JAK1,median,network_specification,absolute_k10_r0.5__discovery_DO_vs_HV,6.0
KDR,median,network_specification,absolute_k10_r0.5__discovery_DO_vs_HV,5.0
LRRK2,median,network_specification,absolute_k10_r0.5__discovery_DO_vs_HV,13.0
LYN,median,network_specification,absolute_k10_r0.5__discovery_DO_vs_HV,15.0
MET,median,network_specification,absolute_k10_r0.5__discovery_DO_vs_HV,17.0
PDGFRA,median,network_specification,absolute_k10_r0.5__discovery_DO_vs_HV,1.0
TYK2,median,network_specification,absolute_k10_r0.5__discovery_DO_vs_HV,12.0
ABL1,mean,network_specification,absolute_k10_r0.5__discovery_DO_vs_HV,10.0
AXL,mean,network_specification,absolute_k10_r0.5__discovery_DO_vs_HV,16.0
CDK4,mean,network_specification,absolute_k10_r0.5__discovery_DO_vs_HV,11.0
FGFR1,mean,network_specification,absolute_k10_r0.5__discovery_DO_vs_HV,9.0
FGFR2,mean,network_specification,absolute_k10_r0.5__discovery_DO_vs_HV,3.0
FGFR3,mean,network_specification,absolute_k10_r0.5__discovery_DO_vs_HV,7.0
FGFR4,mean,network_specification,absolute_k10_r0.5__discovery_DO_vs_HV,15.0
FLT1,mean,network_specification,absolute_k10_r0.5__discovery_DO_vs_HV,4.0
FLT3,mean,network_specification,absolute_k10_r0.5__discovery_DO_vs_HV,8.0
FLT4,mean,network_specification,absolute_k10_r0.5__discovery_DO_vs_HV,2.0
JAK1,mean,network_specification,absolute_k10_r0.5__discovery_DO_vs_HV,6.0
KDR,mean,network_specification,absolute_k10_r0.5__discovery_DO_vs_HV,5.0
LRRK2,mean,network_specification,absolute_k10_r0.5__discovery_DO_vs_HV,12.0
LYN,mean,network_specification,absolute_k10_r0.5__discovery_DO_vs_HV,13.0
MET,mean,network_specification,absolute_k10_r0.5__discovery_DO_vs_HV,17.0
PDGFRA,mean,network_specification,absolute_k10_r0.5__discovery_DO_vs_HV,1.0
TYK2,mean,network_specification,absolute_k10_r0.5__discovery_DO_vs_HV,14.0
ABL1,geometric,network_specification,absolute_k10_r0.5__discovery_DO_vs_HV,7.0
AXL,geometric,network_specification,absolute_k10_r0.5__discovery_DO_vs_HV,15.0
CDK4,geometric,network_specification,absolute_k10_r0.5__discovery_DO_vs_HV,10.0
FGFR1,geometric,network_specification,absolute_k10_r0.5__discovery_DO_vs_HV,13.0
FGFR2,geometric,network_specification,absolute_k10_r0.5__discovery_DO_vs_HV,3.0
FGFR3,geometric,network_specification,absolute_k10_r0.5__discovery_DO_vs_HV,5.0
FGFR4,geometric,network_specification,absolute_k10_r0.5__discovery_DO_vs_HV,14.0
FLT1,geometric,network_specification,absolute_k10_r0.5__discovery_DO_vs_HV,6.0
FLT3,geometric,network_specification,absolute_k10_r0.5__discovery_DO_vs_HV,9.0
FLT4,geometric,network_specification,absolute_k10_r0.5__discovery_DO_vs_HV,2.0
JAK1,geometric,network_specification,absolute_k10_r0.5__discovery_DO_vs_HV,4.0
KDR,geometric,network_specification,absolute_k10_r0.5__discovery_DO_vs_HV,8.0
LRRK2,geometric,network_specification,absolute_k10_r0.5__discovery_DO_vs_HV,16.0
LYN,geometric,network_specification,absolute_k10_r0.5__discovery_DO_vs_HV,12.0
MET,geometric,network_specification,absolute_k10_r0.5__discovery_DO_vs_HV,17.0
PDGFRA,geometric,network_specification,absolute_k10_r0.5__discovery_DO_vs_HV,1.0
TYK2,geometric,network_specification,absolute_k10_r0.5__discovery_DO_vs_HV,11.0
ABL1,maximin,network_specification,absolute_k10_r0.5__discovery_DO_vs_HV,4.5
AXL,maximin,network_specification,absolute_k10_r0.5__discovery_DO_vs_HV,13.5
CDK4,maximin,network_specification,absolute_k10_r0.5__discovery_DO_vs_HV,10.5
FGFR1,maximin,network_specification,absolute_k10_r0.5__discovery_DO_vs_HV,16.0
FGFR2,maximin,network_specification,absolute_k10_r0.5__discovery_DO_vs_HV,3.0
FGFR3,maximin,network_specification,absolute_k10_r0.5__discovery_DO_vs_HV,6.0
FGFR4,maximin,network_specification,absolute_k10_r0.5__discovery_DO_vs_HV,13.5
FLT1,maximin,network_specification,absolute_k10_r0.5__discovery_DO_vs_HV,12.0
FLT3,maximin,network_specification,absolute_k10_r0.5__discovery_DO_vs_HV,7.5
FLT4,maximin,network_specification,absolute_k10_r0.5__discovery_DO_vs_HV,2.0
JAK1,maximin,network_specification,absolute_k10_r0.5__discovery_DO_vs_HV,4.5
KDR,maximin,network_specification,absolute_k10_r0.5__discovery_DO_vs_HV,10.5
LRRK2,maximin,network_specification,absolute_k10_r0.5__discovery_DO_vs_HV,16.0
LYN,maximin,network_specification,absolute_k10_r0.5__discovery_DO_vs_HV,9.0
MET,maximin,network_specification,absolute_k10_r0.5__discovery_DO_vs_HV,16.0
PDGFRA,maximin,network_specification,absolute_k10_r0.5__discovery_DO_vs_HV,1.0
TYK2,maximin,network_specification,absolute_k10_r0.5__discovery_DO_vs_HV,7.5
ABL1,RRA,network_specification,absolute_k10_r0.5__discovery_DO_vs_HV,9.0
AXL,RRA,network_specification,absolute_k10_r0.5__discovery_DO_vs_HV,16.0
CDK4,RRA,network_specification,absolute_k10_r0.5__discovery_DO_vs_HV,7.0
FGFR1,RRA,network_specification,absolute_k10_r0.5__discovery_DO_vs_HV,13.0
FGFR2,RRA,network_specification,absolute_k10_r0.5__discovery_DO_vs_HV,4.0
FGFR3,RRA,network_specification,absolute_k10_r0.5__discovery_DO_vs_HV,10.0
FGFR4,RRA,network_specification,absolute_k10_r0.5__discovery_DO_vs_HV,15.0
FLT1,RRA,network_specification,absolute_k10_r0.5__discovery_DO_vs_HV,5.0
FLT3,RRA,network_specification,absolute_k10_r0.5__discovery_DO_vs_HV,11.5
FLT4,RRA,network_specification,absolute_k10_r0.5__discovery_DO_vs_HV,3.0
JAK1,RRA,network_specification,absolute_k10_r0.5__discovery_DO_vs_HV,8.0
KDR,RRA,network_specification,absolute_k10_r0.5__discovery_DO_vs_HV,2.0
LRRK2,RRA,network_specification,absolute_k10_r0.5__discovery_DO_vs_HV,6.0
LYN,RRA,network_specification,absolute_k10_r0.5__discovery_DO_vs_HV,14.0
MET,RRA,network_specification,absolute_k10_r0.5__discovery_DO_vs_HV,17.0
PDGFRA,RRA,network_specification,absolute_k10_r0.5__discovery_DO_vs_HV,1.0
TYK2,RRA,network_specification,absolute_k10_r0.5__discovery_DO_vs_HV,11.5
ABL1,median,network_specification,absolute_k10_r0.5__discovery_DO_vs_NDO,9.0
AXL,median,network_specification,absolute_k10_r0.5__discovery_DO_vs_NDO,16.0
CDK4,median,network_specification,absolute_k10_r0.5__discovery_DO_vs_NDO,11.0
FGFR1,median,network_specification,absolute_k10_r0.5__discovery_DO_vs_NDO,8.0
FGFR2,median,network_specification,absolute_k10_r0.5__discovery_DO_vs_NDO,4.0
FGFR3,median,network_specification,absolute_k10_r0.5__discovery_DO_vs_NDO,7.0
FGFR4,median,network_specification,absolute_k10_r0.5__discovery_DO_vs_NDO,14.0
FLT1,median,network_specification,absolute_k10_r0.5__discovery_DO_vs_NDO,3.0
FLT3,median,network_specification,absolute_k10_r0.5__discovery_DO_vs_NDO,10.0
FLT4,median,network_specification,absolute_k10_r0.5__discovery_DO_vs_NDO,1.0
JAK1,median,network_specification,absolute_k10_r0.5__discovery_DO_vs_NDO,6.0
KDR,median,network_specification,absolute_k10_r0.5__discovery_DO_vs_NDO,5.0
LRRK2,median,network_specification,absolute_k10_r0.5__discovery_DO_vs_NDO,13.0
LYN,median,network_specification,absolute_k10_r0.5__discovery_DO_vs_NDO,15.0
MET,median,network_specification,absolute_k10_r0.5__discovery_DO_vs_NDO,17.0
PDGFRA,median,network_specification,absolute_k10_r0.5__discovery_DO_vs_NDO,2.0
TYK2,median,network_specification,absolute_k10_r0.5__discovery_DO_vs_NDO,12.0
ABL1,mean,network_specification,absolute_k10_r0.5__discovery_DO_vs_NDO,12.0
AXL,mean,network_specification,absolute_k10_r0.5__discovery_DO_vs_NDO,16.0
CDK4,mean,network_specification,absolute_k10_r0.5__discovery_DO_vs_NDO,10.0
FGFR1,mean,network_specification,absolute_k10_r0.5__discovery_DO_vs_NDO,8.0
FGFR2,mean,network_specification,absolute_k10_r0.5__discovery_DO_vs_NDO,4.0
FGFR3,mean,network_specification,absolute_k10_r0.5__discovery_DO_vs_NDO,7.0
FGFR4,mean,network_specification,absolute_k10_r0.5__discovery_DO_vs_NDO,15.0
FLT1,mean,network_specification,absolute_k10_r0.5__discovery_DO_vs_NDO,3.0
FLT3,mean,network_specification,absolute_k10_r0.5__discovery_DO_vs_NDO,9.0
FLT4,mean,network_specification,absolute_k10_r0.5__discovery_DO_vs_NDO,1.0
JAK1,mean,network_specification,absolute_k10_r0.5__discovery_DO_vs_NDO,6.0
KDR,mean,network_specification,absolute_k10_r0.5__discovery_DO_vs_NDO,5.0
LRRK2,mean,network_specification,absolute_k10_r0.5__discovery_DO_vs_NDO,14.0
LYN,mean,network_specification,absolute_k10_r0.5__discovery_DO_vs_NDO,11.0
MET,mean,network_specification,absolute_k10_r0.5__discovery_DO_vs_NDO,17.0
PDGFRA,mean,network_specification,absolute_k10_r0.5__discovery_DO_vs_NDO,2.0
TYK2,mean,network_specification,absolute_k10_r0.5__discovery_DO_vs_NDO,13.0
ABL1,geometric,network_specification,absolute_k10_r0.5__discovery_DO_vs_NDO,7.0
AXL,geometric,network_specification,absolute_k10_r0.5__discovery_DO_vs_NDO,15.0
CDK4,geometric,network_specification,absolute_k10_r0.5__discovery_DO_vs_NDO,11.0
FGFR1,geometric,network_specification,absolute_k10_r0.5__discovery_DO_vs_NDO,13.0
FGFR2,geometric,network_specification,absolute_k10_r0.5__discovery_DO_vs_NDO,3.0
FGFR3,geometric,network_specification,absolute_k10_r0.5__discovery_DO_vs_NDO,5.0
FGFR4,geometric,network_specification,absolute_k10_r0.5__discovery_DO_vs_NDO,14.0
FLT1,geometric,network_specification,absolute_k10_r0.5__discovery_DO_vs_NDO,6.0
FLT3,geometric,network_specification,absolute_k10_r0.5__discovery_DO_vs_NDO,8.0
FLT4,geometric,network_specification,absolute_k10_r0.5__discovery_DO_vs_NDO,1.0
JAK1,geometric,network_specification,absolute_k10_r0.5__discovery_DO_vs_NDO,4.0
KDR,geometric,network_specification,absolute_k10_r0.5__discovery_DO_vs_NDO,9.0
LRRK2,geometric,network_specification,absolute_k10_r0.5__discovery_DO_vs_NDO,16.0
LYN,geometric,network_specification,absolute_k10_r0.5__discovery_DO_vs_NDO,12.0
MET,geometric,network_specification,absolute_k10_r0.5__discovery_DO_vs_NDO,17.0
PDGFRA,geometric,network_specification,absolute_k10_r0.5__discovery_DO_vs_NDO,2.0
TYK2,geometric,network_specification,absolute_k10_r0.5__discovery_DO_vs_NDO,10.0
ABL1,maximin,network_specification,absolute_k10_r0.5__discovery_DO_vs_NDO,4.5
AXL,maximin,network_specification,absolute_k10_r0.5__discovery_DO_vs_NDO,10.5
CDK4,maximin,network_specification,absolute_k10_r0.5__discovery_DO_vs_NDO,10.5
FGFR1,maximin,network_specification,absolute_k10_r0.5__discovery_DO_vs_NDO,16.0
FGFR2,maximin,network_specification,absolute_k10_r0.5__discovery_DO_vs_NDO,3.0
FGFR3,maximin,network_specification,absolute_k10_r0.5__discovery_DO_vs_NDO,6.0
FGFR4,maximin,network_specification,absolute_k10_r0.5__discovery_DO_vs_NDO,13.5
FLT1,maximin,network_specification,absolute_k10_r0.5__discovery_DO_vs_NDO,12.0
FLT3,maximin,network_specification,absolute_k10_r0.5__discovery_DO_vs_NDO,8.5
FLT4,maximin,network_specification,absolute_k10_r0.5__discovery_DO_vs_NDO,2.0
JAK1,maximin,network_specification,absolute_k10_r0.5__discovery_DO_vs_NDO,4.5
KDR,maximin,network_specification,absolute_k10_r0.5__discovery_DO_vs_NDO,13.5
LRRK2,maximin,network_specification,absolute_k10_r0.5__discovery_DO_vs_NDO,16.0
LYN,maximin,network_specification,absolute_k10_r0.5__discovery_DO_vs_NDO,8.5
MET,maximin,network_specification,absolute_k10_r0.5__discovery_DO_vs_NDO,16.0
PDGFRA,maximin,network_specification,absolute_k10_r0.5__discovery_DO_vs_NDO,1.0
TYK2,maximin,network_specification,absolute_k10_r0.5__discovery_DO_vs_NDO,7.0
ABL1,RRA,network_specification,absolute_k10_r0.5__discovery_DO_vs_NDO,8.0
AXL,RRA,network_specification,absolute_k10_r0.5__discovery_DO_vs_NDO,15.0
CDK4,RRA,network_specification,absolute_k10_r0.5__discovery_DO_vs_NDO,5.0
FGFR1,RRA,network_specification,absolute_k10_r0.5__discovery_DO_vs_NDO,13.0
FGFR2,RRA,network_specification,absolute_k10_r0.5__discovery_DO_vs_NDO,6.0
FGFR3,RRA,network_specification,absolute_k10_r0.5__discovery_DO_vs_NDO,9.0
FGFR4,RRA,network_specification,absolute_k10_r0.5__discovery_DO_vs_NDO,16.0
FLT1,RRA,network_specification,absolute_k10_r0.5__discovery_DO_vs_NDO,4.0
FLT3,RRA,network_specification,absolute_k10_r0.5__discovery_DO_vs_NDO,11.5
FLT4,RRA,network_specification,absolute_k10_r0.5__discovery_DO_vs_NDO,3.0
JAK1,RRA,network_specification,absolute_k10_r0.5__discovery_DO_vs_NDO,7.0
KDR,RRA,network_specification,absolute_k10_r0.5__discovery_DO_vs_NDO,2.0
LRRK2,RRA,network_specification,absolute_k10_r0.5__discovery_DO_vs_NDO,11.5
LYN,RRA,network_specification,absolute_k10_r0.5__discovery_DO_vs_NDO,14.0
MET,RRA,network_specification,absolute_k10_r0.5__discovery_DO_vs_NDO,17.0
PDGFRA,RRA,network_specification,absolute_k10_r0.5__discovery_DO_vs_NDO,1.0
TYK2,RRA,network_specification,absolute_k10_r0.5__discovery_DO_vs_NDO,10.0
ABL1,median,network_specification,absolute_k10_r0.7__confirmatory_DO_vs_HV,9.0
AXL,median,network_specification,absolute_k10_r0.7__confirmatory_DO_vs_HV,16.0
CDK4,median,network_specification,absolute_k10_r0.7__confirmatory_DO_vs_HV,13.0
FGFR1,median,network_specification,absolute_k10_r0.7__confirmatory_DO_vs_HV,8.0
FGFR2,median,network_specification,absolute_k10_r0.7__confirmatory_DO_vs_HV,4.0
FGFR3,median,network_specification,absolute_k10_r0.7__confirmatory_DO_vs_HV,7.0
FGFR4,median,network_specification,absolute_k10_r0.7__confirmatory_DO_vs_HV,11.0
FLT1,median,network_specification,absolute_k10_r0.7__confirmatory_DO_vs_HV,3.0
FLT3,median,network_specification,absolute_k10_r0.7__confirmatory_DO_vs_HV,10.0
FLT4,median,network_specification,absolute_k10_r0.7__confirmatory_DO_vs_HV,1.0
JAK1,median,network_specification,absolute_k10_r0.7__confirmatory_DO_vs_HV,6.0
KDR,median,network_specification,absolute_k10_r0.7__confirmatory_DO_vs_HV,5.0
LRRK2,median,network_specification,absolute_k10_r0.7__confirmatory_DO_vs_HV,14.0
LYN,median,network_specification,absolute_k10_r0.7__confirmatory_DO_vs_HV,15.0
MET,median,network_specification,absolute_k10_r0.7__confirmatory_DO_vs_HV,17.0
PDGFRA,median,network_specification,absolute_k10_r0.7__confirmatory_DO_vs_HV,2.0
TYK2,median,network_specification,absolute_k10_r0.7__confirmatory_DO_vs_HV,12.0
ABL1,mean,network_specification,absolute_k10_r0.7__confirmatory_DO_vs_HV,11.0
AXL,mean,network_specification,absolute_k10_r0.7__confirmatory_DO_vs_HV,16.0
CDK4,mean,network_specification,absolute_k10_r0.7__confirmatory_DO_vs_HV,10.0
FGFR1,mean,network_specification,absolute_k10_r0.7__confirmatory_DO_vs_HV,9.0
FGFR2,mean,network_specification,absolute_k10_r0.7__confirmatory_DO_vs_HV,4.0
FGFR3,mean,network_specification,absolute_k10_r0.7__confirmatory_DO_vs_HV,7.0
FGFR4,mean,network_specification,absolute_k10_r0.7__confirmatory_DO_vs_HV,15.0
FLT1,mean,network_specification,absolute_k10_r0.7__confirmatory_DO_vs_HV,3.0
FLT3,mean,network_specification,absolute_k10_r0.7__confirmatory_DO_vs_HV,8.0
FLT4,mean,network_specification,absolute_k10_r0.7__confirmatory_DO_vs_HV,1.0
JAK1,mean,network_specification,absolute_k10_r0.7__confirmatory_DO_vs_HV,6.0
KDR,mean,network_specification,absolute_k10_r0.7__confirmatory_DO_vs_HV,5.0
LRRK2,mean,network_specification,absolute_k10_r0.7__confirmatory_DO_vs_HV,12.0
LYN,mean,network_specification,absolute_k10_r0.7__confirmatory_DO_vs_HV,13.0
MET,mean,network_specification,absolute_k10_r0.7__confirmatory_DO_vs_HV,17.0
PDGFRA,mean,network_specification,absolute_k10_r0.7__confirmatory_DO_vs_HV,2.0
TYK2,mean,network_specification,absolute_k10_r0.7__confirmatory_DO_vs_HV,14.0
ABL1,geometric,network_specification,absolute_k10_r0.7__confirmatory_DO_vs_HV,9.0
AXL,geometric,network_specification,absolute_k10_r0.7__confirmatory_DO_vs_HV,15.0
CDK4,geometric,network_specification,absolute_k10_r0.7__confirmatory_DO_vs_HV,11.0
FGFR1,geometric,network_specification,absolute_k10_r0.7__confirmatory_DO_vs_HV,14.0
FGFR2,geometric,network_specification,absolute_k10_r0.7__confirmatory_DO_vs_HV,3.0
FGFR3,geometric,network_specification,absolute_k10_r0.7__confirmatory_DO_vs_HV,5.0
FGFR4,geometric,network_specification,absolute_k10_r0.7__confirmatory_DO_vs_HV,13.0
FLT1,geometric,network_specification,absolute_k10_r0.7__confirmatory_DO_vs_HV,6.0
FLT3,geometric,network_specification,absolute_k10_r0.7__confirmatory_DO_vs_HV,8.0
FLT4,geometric,network_specification,absolute_k10_r0.7__confirmatory_DO_vs_HV,1.0
JAK1,geometric,network_specification,absolute_k10_r0.7__confirmatory_DO_vs_HV,4.0
KDR,geometric,network_specification,absolute_k10_r0.7__confirmatory_DO_vs_HV,7.0
LRRK2,geometric,network_specification,absolute_k10_r0.7__confirmatory_DO_vs_HV,16.0
LYN,geometric,network_specification,absolute_k10_r0.7__confirmatory_DO_vs_HV,12.0
MET,geometric,network_specification,absolute_k10_r0.7__confirmatory_DO_vs_HV,17.0
PDGFRA,geometric,network_specification,absolute_k10_r0.7__confirmatory_DO_vs_HV,2.0
TYK2,geometric,network_specification,absolute_k10_r0.7__confirmatory_DO_vs_HV,10.0
ABL1,maximin,network_specification,absolute_k10_r0.7__confirmatory_DO_vs_HV,4.5
AXL,maximin,network_specification,absolute_k10_r0.7__confirmatory_DO_vs_HV,13.5
CDK4,maximin,network_specification,absolute_k10_r0.7__confirmatory_DO_vs_HV,10.5
FGFR1,maximin,network_specification,absolute_k10_r0.7__confirmatory_DO_vs_HV,16.0
FGFR2,maximin,network_specification,absolute_k10_r0.7__confirmatory_DO_vs_HV,3.0
FGFR3,maximin,network_specification,absolute_k10_r0.7__confirmatory_DO_vs_HV,6.0
FGFR4,maximin,network_specification,absolute_k10_r0.7__confirmatory_DO_vs_HV,13.5
FLT1,maximin,network_specification,absolute_k10_r0.7__confirmatory_DO_vs_HV,12.0
FLT3,maximin,network_specification,absolute_k10_r0.7__confirmatory_DO_vs_HV,7.5
FLT4,maximin,network_specification,absolute_k10_r0.7__confirmatory_DO_vs_HV,2.0
JAK1,maximin,network_specification,absolute_k10_r0.7__confirmatory_DO_vs_HV,4.5
KDR,maximin,network_specification,absolute_k10_r0.7__confirmatory_DO_vs_HV,10.5
LRRK2,maximin,network_specification,absolute_k10_r0.7__confirmatory_DO_vs_HV,16.0
LYN,maximin,network_specification,absolute_k10_r0.7__confirmatory_DO_vs_HV,9.0
MET,maximin,network_specification,absolute_k10_r0.7__confirmatory_DO_vs_HV,16.0
PDGFRA,maximin,network_specification,absolute_k10_r0.7__confirmatory_DO_vs_HV,1.0
TYK2,maximin,network_specification,absolute_k10_r0.7__confirmatory_DO_vs_HV,7.5
ABL1,RRA,network_specification,absolute_k10_r0.7__confirmatory_DO_vs_HV,9.0
AXL,RRA,network_specification,absolute_k10_r0.7__confirmatory_DO_vs_HV,16.0
CDK4,RRA,network_specification,absolute_k10_r0.7__confirmatory_DO_vs_HV,6.0
FGFR1,RRA,network_specification,absolute_k10_r0.7__confirmatory_DO_vs_HV,13.0
FGFR2,RRA,network_specification,absolute_k10_r0.7__confirmatory_DO_vs_HV,7.0
FGFR3,RRA,network_specification,absolute_k10_r0.7__confirmatory_DO_vs_HV,10.0
FGFR4,RRA,network_specification,absolute_k10_r0.7__confirmatory_DO_vs_HV,15.0
FLT1,RRA,network_specification,absolute_k10_r0.7__confirmatory_DO_vs_HV,4.0
FLT3,RRA,network_specification,absolute_k10_r0.7__confirmatory_DO_vs_HV,11.5
FLT4,RRA,network_specification,absolute_k10_r0.7__confirmatory_DO_vs_HV,3.0
JAK1,RRA,network_specification,absolute_k10_r0.7__confirmatory_DO_vs_HV,8.0
KDR,RRA,network_specification,absolute_k10_r0.7__confirmatory_DO_vs_HV,2.0
LRRK2,RRA,network_specification,absolute_k10_r0.7__confirmatory_DO_vs_HV,5.0
LYN,RRA,network_specification,absolute_k10_r0.7__confirmatory_DO_vs_HV,14.0
MET,RRA,network_specification,absolute_k10_r0.7__confirmatory_DO_vs_HV,17.0
PDGFRA,RRA,network_specification,absolute_k10_r0.7__confirmatory_DO_vs_HV,1.0
TYK2,RRA,network_specification,absolute_k10_r0.7__confirmatory_DO_vs_HV,11.5
ABL1,median,network_specification,absolute_k10_r0.7__confirmatory_DO_vs_NDO,9.0
AXL,median,network_specification,absolute_k10_r0.7__confirmatory_DO_vs_NDO,16.0
CDK4,median,network_specification,absolute_k10_r0.7__confirmatory_DO_vs_NDO,13.0
FGFR1,median,network_specification,absolute_k10_r0.7__confirmatory_DO_vs_NDO,8.0
FGFR2,median,network_specification,absolute_k10_r0.7__confirmatory_DO_vs_NDO,4.0
FGFR3,median,network_specification,absolute_k10_r0.7__confirmatory_DO_vs_NDO,6.0
FGFR4,median,network_specification,absolute_k10_r0.7__confirmatory_DO_vs_NDO,11.0
FLT1,median,network_specification,absolute_k10_r0.7__confirmatory_DO_vs_NDO,3.0
FLT3,median,network_specification,absolute_k10_r0.7__confirmatory_DO_vs_NDO,10.0
FLT4,median,network_specification,absolute_k10_r0.7__confirmatory_DO_vs_NDO,1.0
JAK1,median,network_specification,absolute_k10_r0.7__confirmatory_DO_vs_NDO,7.0
KDR,median,network_specification,absolute_k10_r0.7__confirmatory_DO_vs_NDO,5.0
LRRK2,median,network_specification,absolute_k10_r0.7__confirmatory_DO_vs_NDO,14.0
LYN,median,network_specification,absolute_k10_r0.7__confirmatory_DO_vs_NDO,15.0
MET,median,network_specification,absolute_k10_r0.7__confirmatory_DO_vs_NDO,17.0
PDGFRA,median,network_specification,absolute_k10_r0.7__confirmatory_DO_vs_NDO,2.0
TYK2,median,network_specification,absolute_k10_r0.7__confirmatory_DO_vs_NDO,12.0
ABL1,mean,network_specification,absolute_k10_r0.7__confirmatory_DO_vs_NDO,12.0
AXL,mean,network_specification,absolute_k10_r0.7__confirmatory_DO_vs_NDO,16.0
CDK4,mean,network_specification,absolute_k10_r0.7__confirmatory_DO_vs_NDO,10.0
FGFR1,mean,network_specification,absolute_k10_r0.7__confirmatory_DO_vs_NDO,9.0
FGFR2,mean,network_specification,absolute_k10_r0.7__confirmatory_DO_vs_NDO,3.0
FGFR3,mean,network_specification,absolute_k10_r0.7__confirmatory_DO_vs_NDO,6.0
FGFR4,mean,network_specification,absolute_k10_r0.7__confirmatory_DO_vs_NDO,15.0
FLT1,mean,network_specification,absolute_k10_r0.7__confirmatory_DO_vs_NDO,4.0
FLT3,mean,network_specification,absolute_k10_r0.7__confirmatory_DO_vs_NDO,8.0
FLT4,mean,network_specification,absolute_k10_r0.7__confirmatory_DO_vs_NDO,1.0
JAK1,mean,network_specification,absolute_k10_r0.7__confirmatory_DO_vs_NDO,7.0
KDR,mean,network_specification,absolute_k10_r0.7__confirmatory_DO_vs_NDO,5.0
LRRK2,mean,network_specification,absolute_k10_r0.7__confirmatory_DO_vs_NDO,13.0
LYN,mean,network_specification,absolute_k10_r0.7__confirmatory_DO_vs_NDO,14.0
MET,mean,network_specification,absolute_k10_r0.7__confirmatory_DO_vs_NDO,17.0
PDGFRA,mean,network_specification,absolute_k10_r0.7__confirmatory_DO_vs_NDO,2.0
TYK2,mean,network_specification,absolute_k10_r0.7__confirmatory_DO_vs_NDO,11.0
ABL1,geometric,network_specification,absolute_k10_r0.7__confirmatory_DO_vs_NDO,8.0
AXL,geometric,network_specification,absolute_k10_r0.7__confirmatory_DO_vs_NDO,15.0
CDK4,geometric,network_specification,absolute_k10_r0.7__confirmatory_DO_vs_NDO,11.0
FGFR1,geometric,network_specification,absolute_k10_r0.7__confirmatory_DO_vs_NDO,14.0
FGFR2,geometric,network_specification,absolute_k10_r0.7__confirmatory_DO_vs_NDO,3.0
FGFR3,geometric,network_specification,absolute_k10_r0.7__confirmatory_DO_vs_NDO,4.0
FGFR4,geometric,network_specification,absolute_k10_r0.7__confirmatory_DO_vs_NDO,13.0
FLT1,geometric,network_specification,absolute_k10_r0.7__confirmatory_DO_vs_NDO,6.0
FLT3,geometric,network_specification,absolute_k10_r0.7__confirmatory_DO_vs_NDO,7.0
FLT4,geometric,network_specification,absolute_k10_r0.7__confirmatory_DO_vs_NDO,1.0
JAK1,geometric,network_specification,absolute_k10_r0.7__confirmatory_DO_vs_NDO,5.0
KDR,geometric,network_specification,absolute_k10_r0.7__confirmatory_DO_vs_NDO,10.0
LRRK2,geometric,network_specification,absolute_k10_r0.7__confirmatory_DO_vs_NDO,16.0
LYN,geometric,network_specification,absolute_k10_r0.7__confirmatory_DO_vs_NDO,12.0
MET,geometric,network_specification,absolute_k10_r0.7__confirmatory_DO_vs_NDO,17.0
PDGFRA,geometric,network_specification,absolute_k10_r0.7__confirmatory_DO_vs_NDO,2.0
TYK2,geometric,network_specification,absolute_k10_r0.7__confirmatory_DO_vs_NDO,9.0
ABL1,maximin,network_specification,absolute_k10_r0.7__confirmatory_DO_vs_NDO,4.5
AXL,maximin,network_specification,absolute_k10_r0.7__confirmatory_DO_vs_NDO,10.5
CDK4,maximin,network_specification,absolute_k10_r0.7__confirmatory_DO_vs_NDO,10.5
FGFR1,maximin,network_specification,absolute_k10_r0.7__confirmatory_DO_vs_NDO,16.0
FGFR2,maximin,network_specification,absolute_k10_r0.7__confirmatory_DO_vs_NDO,3.0
FGFR3,maximin,network_specification,absolute_k10_r0.7__confirmatory_DO_vs_NDO,6.0
FGFR4,maximin,network_specification,absolute_k10_r0.7__confirmatory_DO_vs_NDO,13.5
FLT1,maximin,network_specification,absolute_k10_r0.7__confirmatory_DO_vs_NDO,12.0
FLT3,maximin,network_specification,absolute_k10_r0.7__confirmatory_DO_vs_NDO,7.5
FLT4,maximin,network_specification,absolute_k10_r0.7__confirmatory_DO_vs_NDO,2.0
JAK1,maximin,network_specification,absolute_k10_r0.7__confirmatory_DO_vs_NDO,4.5
KDR,maximin,network_specification,absolute_k10_r0.7__confirmatory_DO_vs_NDO,13.5
LRRK2,maximin,network_specification,absolute_k10_r0.7__confirmatory_DO_vs_NDO,16.0
LYN,maximin,network_specification,absolute_k10_r0.7__confirmatory_DO_vs_NDO,9.0
MET,maximin,network_specification,absolute_k10_r0.7__confirmatory_DO_vs_NDO,16.0
PDGFRA,maximin,network_specification,absolute_k10_r0.7__confirmatory_DO_vs_NDO,1.0
TYK2,maximin,network_specification,absolute_k10_r0.7__confirmatory_DO_vs_NDO,7.5
ABL1,RRA,network_specification,absolute_k10_r0.7__confirmatory_DO_vs_NDO,9.0
AXL,RRA,network_specification,absolute_k10_r0.7__confirmatory_DO_vs_NDO,15.0
CDK4,RRA,network_specification,absolute_k10_r0.7__confirmatory_DO_vs_NDO,6.0
FGFR1,RRA,network_specification,absolute_k10_r0.7__confirmatory_DO_vs_NDO,13.0
FGFR2,RRA,network_specification,absolute_k10_r0.7__confirmatory_DO_vs_NDO,7.0
FGFR3,RRA,network_specification,absolute_k10_r0.7__confirmatory_DO_vs_NDO,10.0
FGFR4,RRA,network_specification,absolute_k10_r0.7__confirmatory_DO_vs_NDO,16.0
FLT1,RRA,network_specification,absolute_k10_r0.7__confirmatory_DO_vs_NDO,4.0
FLT3,RRA,network_specification,absolute_k10_r0.7__confirmatory_DO_vs_NDO,11.5
FLT4,RRA,network_specification,absolute_k10_r0.7__confirmatory_DO_vs_NDO,3.0
JAK1,RRA,network_specification,absolute_k10_r0.7__confirmatory_DO_vs_NDO,8.0
KDR,RRA,network_specification,absolute_k10_r0.7__confirmatory_DO_vs_NDO,2.0
LRRK2,RRA,network_specification,absolute_k10_r0.7__confirmatory_DO_vs_NDO,5.0
LYN,RRA,network_specification,absolute_k10_r0.7__confirmatory_DO_vs_NDO,14.0
MET,RRA,network_specification,absolute_k10_r0.7__confirmatory_DO_vs_NDO,17.0
PDGFRA,RRA,network_specification,absolute_k10_r0.7__confirmatory_DO_vs_NDO,1.0
TYK2,RRA,network_specification,absolute_k10_r0.7__confirmatory_DO_vs_NDO,11.5
ABL1,median,network_specification,absolute_k10_r0.7__discovery_DO_vs_HV,9.0
AXL,median,network_specification,absolute_k10_r0.7__discovery_DO_vs_HV,16.0
CDK4,median,network_specification,absolute_k10_r0.7__discovery_DO_vs_HV,11.0
FGFR1,median,network_specification,absolute_k10_r0.7__discovery_DO_vs_HV,8.0
FGFR2,median,network_specification,absolute_k10_r0.7__discovery_DO_vs_HV,4.0
FGFR3,median,network_specification,absolute_k10_r0.7__discovery_DO_vs_HV,7.0
FGFR4,median,network_specification,absolute_k10_r0.7__discovery_DO_vs_HV,14.0
FLT1,median,network_specification,absolute_k10_r0.7__discovery_DO_vs_HV,3.0
FLT3,median,network_specification,absolute_k10_r0.7__discovery_DO_vs_HV,10.0
FLT4,median,network_specification,absolute_k10_r0.7__discovery_DO_vs_HV,2.0
JAK1,median,network_specification,absolute_k10_r0.7__discovery_DO_vs_HV,6.0
KDR,median,network_specification,absolute_k10_r0.7__discovery_DO_vs_HV,5.0
LRRK2,median,network_specification,absolute_k10_r0.7__discovery_DO_vs_HV,13.0
LYN,median,network_specification,absolute_k10_r0.7__discovery_DO_vs_HV,15.0
MET,median,network_specification,absolute_k10_r0.7__discovery_DO_vs_HV,17.0
PDGFRA,median,network_specification,absolute_k10_r0.7__discovery_DO_vs_HV,1.0
TYK2,median,network_specification,absolute_k10_r0.7__discovery_DO_vs_HV,12.0
ABL1,mean,network_specification,absolute_k10_r0.7__discovery_DO_vs_HV,10.0
AXL,mean,network_specification,absolute_k10_r0.7__discovery_DO_vs_HV,16.0
CDK4,mean,network_specification,absolute_k10_r0.7__discovery_DO_vs_HV,11.0
FGFR1,mean,network_specification,absolute_k10_r0.7__discovery_DO_vs_HV,9.0
FGFR2,mean,network_specification,absolute_k10_r0.7__discovery_DO_vs_HV,3.0
FGFR3,mean,network_specification,absolute_k10_r0.7__discovery_DO_vs_HV,7.0
FGFR4,mean,network_specification,absolute_k10_r0.7__discovery_DO_vs_HV,15.0
FLT1,mean,network_specification,absolute_k10_r0.7__discovery_DO_vs_HV,4.0
FLT3,mean,network_specification,absolute_k10_r0.7__discovery_DO_vs_HV,8.0
FLT4,mean,network_specification,absolute_k10_r0.7__discovery_DO_vs_HV,2.0
JAK1,mean,network_specification,absolute_k10_r0.7__discovery_DO_vs_HV,6.0
KDR,mean,network_specification,absolute_k10_r0.7__discovery_DO_vs_HV,5.0
LRRK2,mean,network_specification,absolute_k10_r0.7__discovery_DO_vs_HV,12.0
LYN,mean,network_specification,absolute_k10_r0.7__discovery_DO_vs_HV,13.0
MET,mean,network_specification,absolute_k10_r0.7__discovery_DO_vs_HV,17.0
PDGFRA,mean,network_specification,absolute_k10_r0.7__discovery_DO_vs_HV,1.0
TYK2,mean,network_specification,absolute_k10_r0.7__discovery_DO_vs_HV,14.0
ABL1,geometric,network_specification,absolute_k10_r0.7__discovery_DO_vs_HV,8.0
AXL,geometric,network_specification,absolute_k10_r0.7__discovery_DO_vs_HV,15.0
CDK4,geometric,network_specification,absolute_k10_r0.7__discovery_DO_vs_HV,10.0
FGFR1,geometric,network_specification,absolute_k10_r0.7__discovery_DO_vs_HV,13.0
FGFR2,geometric,network_specification,absolute_k10_r0.7__discovery_DO_vs_HV,3.0
FGFR3,geometric,network_specification,absolute_k10_r0.7__discovery_DO_vs_HV,5.0
FGFR4,geometric,network_specification,absolute_k10_r0.7__discovery_DO_vs_HV,14.0
FLT1,geometric,network_specification,absolute_k10_r0.7__discovery_DO_vs_HV,6.0
FLT3,geometric,network_specification,absolute_k10_r0.7__discovery_DO_vs_HV,9.0
FLT4,geometric,network_specification,absolute_k10_r0.7__discovery_DO_vs_HV,2.0
JAK1,geometric,network_specification,absolute_k10_r0.7__discovery_DO_vs_HV,4.0
KDR,geometric,network_specification,absolute_k10_r0.7__discovery_DO_vs_HV,7.0
LRRK2,geometric,network_specification,absolute_k10_r0.7__discovery_DO_vs_HV,16.0
LYN,geometric,network_specification,absolute_k10_r0.7__discovery_DO_vs_HV,12.0
MET,geometric,network_specification,absolute_k10_r0.7__discovery_DO_vs_HV,17.0
PDGFRA,geometric,network_specification,absolute_k10_r0.7__discovery_DO_vs_HV,1.0
TYK2,geometric,network_specification,absolute_k10_r0.7__discovery_DO_vs_HV,11.0
ABL1,maximin,network_specification,absolute_k10_r0.7__discovery_DO_vs_HV,4.5
AXL,maximin,network_specification,absolute_k10_r0.7__discovery_DO_vs_HV,13.5
CDK4,maximin,network_specification,absolute_k10_r0.7__discovery_DO_vs_HV,10.5
FGFR1,maximin,network_specification,absolute_k10_r0.7__discovery_DO_vs_HV,16.0
FGFR2,maximin,network_specification,absolute_k10_r0.7__discovery_DO_vs_HV,3.0
FGFR3,maximin,network_specification,absolute_k10_r0.7__discovery_DO_vs_HV,6.0
FGFR4,maximin,network_specification,absolute_k10_r0.7__discovery_DO_vs_HV,13.5
FLT1,maximin,network_specification,absolute_k10_r0.7__discovery_DO_vs_HV,12.0
FLT3,maximin,network_specification,absolute_k10_r0.7__discovery_DO_vs_HV,7.5
FLT4,maximin,network_specification,absolute_k10_r0.7__discovery_DO_vs_HV,2.0
JAK1,maximin,network_specification,absolute_k10_r0.7__discovery_DO_vs_HV,4.5
KDR,maximin,network_specification,absolute_k10_r0.7__discovery_DO_vs_HV,9.0
LRRK2,maximin,network_specification,absolute_k10_r0.7__discovery_DO_vs_HV,16.0
LYN,maximin,network_specification,absolute_k10_r0.7__discovery_DO_vs_HV,10.5
MET,maximin,network_specification,absolute_k10_r0.7__discovery_DO_vs_HV,16.0
PDGFRA,maximin,network_specification,absolute_k10_r0.7__discovery_DO_vs_HV,1.0
TYK2,maximin,network_specification,absolute_k10_r0.7__discovery_DO_vs_HV,7.5
ABL1,RRA,network_specification,absolute_k10_r0.7__discovery_DO_vs_HV,9.0
AXL,RRA,network_specification,absolute_k10_r0.7__discovery_DO_vs_HV,16.0
CDK4,RRA,network_specification,absolute_k10_r0.7__discovery_DO_vs_HV,7.0
FGFR1,RRA,network_specification,absolute_k10_r0.7__discovery_DO_vs_HV,13.0
FGFR2,RRA,network_specification,absolute_k10_r0.7__discovery_DO_vs_HV,5.0
FGFR3,RRA,network_specification,absolute_k10_r0.7__discovery_DO_vs_HV,10.0
FGFR4,RRA,network_specification,absolute_k10_r0.7__discovery_DO_vs_HV,15.0
FLT1,RRA,network_specification,absolute_k10_r0.7__discovery_DO_vs_HV,4.0
FLT3,RRA,network_specification,absolute_k10_r0.7__discovery_DO_vs_HV,11.5
FLT4,RRA,network_specification,absolute_k10_r0.7__discovery_DO_vs_HV,3.0
JAK1,RRA,network_specification,absolute_k10_r0.7__discovery_DO_vs_HV,8.0
KDR,RRA,network_specification,absolute_k10_r0.7__discovery_DO_vs_HV,2.0
LRRK2,RRA,network_specification,absolute_k10_r0.7__discovery_DO_vs_HV,6.0
LYN,RRA,network_specification,absolute_k10_r0.7__discovery_DO_vs_HV,14.0
MET,RRA,network_specification,absolute_k10_r0.7__discovery_DO_vs_HV,17.0
PDGFRA,RRA,network_specification,absolute_k10_r0.7__discovery_DO_vs_HV,1.0
TYK2,RRA,network_specification,absolute_k10_r0.7__discovery_DO_vs_HV,11.5
ABL1,median,network_specification,absolute_k10_r0.7__discovery_DO_vs_NDO,9.0
AXL,median,network_specification,absolute_k10_r0.7__discovery_DO_vs_NDO,16.0
CDK4,median,network_specification,absolute_k10_r0.7__discovery_DO_vs_NDO,11.0
FGFR1,median,network_specification,absolute_k10_r0.7__discovery_DO_vs_NDO,8.0
FGFR2,median,network_specification,absolute_k10_r0.7__discovery_DO_vs_NDO,4.0
FGFR3,median,network_specification,absolute_k10_r0.7__discovery_DO_vs_NDO,7.0
FGFR4,median,network_specification,absolute_k10_r0.7__discovery_DO_vs_NDO,14.0
FLT1,median,network_specification,absolute_k10_r0.7__discovery_DO_vs_NDO,3.0
FLT3,median,network_specification,absolute_k10_r0.7__discovery_DO_vs_NDO,10.0
FLT4,median,network_specification,absolute_k10_r0.7__discovery_DO_vs_NDO,1.0
JAK1,median,network_specification,absolute_k10_r0.7__discovery_DO_vs_NDO,6.0
KDR,median,network_specification,absolute_k10_r0.7__discovery_DO_vs_NDO,5.0
LRRK2,median,network_specification,absolute_k10_r0.7__discovery_DO_vs_NDO,13.0
LYN,median,network_specification,absolute_k10_r0.7__discovery_DO_vs_NDO,15.0
MET,median,network_specification,absolute_k10_r0.7__discovery_DO_vs_NDO,17.0
PDGFRA,median,network_specification,absolute_k10_r0.7__discovery_DO_vs_NDO,2.0
TYK2,median,network_specification,absolute_k10_r0.7__discovery_DO_vs_NDO,12.0
ABL1,mean,network_specification,absolute_k10_r0.7__discovery_DO_vs_NDO,11.0
AXL,mean,network_specification,absolute_k10_r0.7__discovery_DO_vs_NDO,16.0
CDK4,mean,network_specification,absolute_k10_r0.7__discovery_DO_vs_NDO,10.0
FGFR1,mean,network_specification,absolute_k10_r0.7__discovery_DO_vs_NDO,9.0
FGFR2,mean,network_specification,absolute_k10_r0.7__discovery_DO_vs_NDO,4.0
FGFR3,mean,network_specification,absolute_k10_r0.7__discovery_DO_vs_NDO,7.0
FGFR4,mean,network_specification,absolute_k10_r0.7__discovery_DO_vs_NDO,15.0
FLT1,mean,network_specification,absolute_k10_r0.7__discovery_DO_vs_NDO,3.0
FLT3,mean,network_specification,absolute_k10_r0.7__discovery_DO_vs_NDO,8.0
FLT4,mean,network_specification,absolute_k10_r0.7__discovery_DO_vs_NDO,1.0
JAK1,mean,network_specification,absolute_k10_r0.7__discovery_DO_vs_NDO,6.0
KDR,mean,network_specification,absolute_k10_r0.7__discovery_DO_vs_NDO,5.0
LRRK2,mean,network_specification,absolute_k10_r0.7__discovery_DO_vs_NDO,12.0
LYN,mean,network_specification,absolute_k10_r0.7__discovery_DO_vs_NDO,13.0
MET,mean,network_specification,absolute_k10_r0.7__discovery_DO_vs_NDO,17.0
PDGFRA,mean,network_specification,absolute_k10_r0.7__discovery_DO_vs_NDO,2.0
TYK2,mean,network_specification,absolute_k10_r0.7__discovery_DO_vs_NDO,14.0
ABL1,geometric,network_specification,absolute_k10_r0.7__discovery_DO_vs_NDO,9.0
AXL,geometric,network_specification,absolute_k10_r0.7__discovery_DO_vs_NDO,15.0
CDK4,geometric,network_specification,absolute_k10_r0.7__discovery_DO_vs_NDO,11.0
FGFR1,geometric,network_specification,absolute_k10_r0.7__discovery_DO_vs_NDO,13.0
FGFR2,geometric,network_specification,absolute_k10_r0.7__discovery_DO_vs_NDO,3.0
FGFR3,geometric,network_specification,absolute_k10_r0.7__discovery_DO_vs_NDO,5.0
FGFR4,geometric,network_specification,absolute_k10_r0.7__discovery_DO_vs_NDO,14.0
FLT1,geometric,network_specification,absolute_k10_r0.7__discovery_DO_vs_NDO,6.0
FLT3,geometric,network_specification,absolute_k10_r0.7__discovery_DO_vs_NDO,8.0
FLT4,geometric,network_specification,absolute_k10_r0.7__discovery_DO_vs_NDO,1.0
JAK1,geometric,network_specification,absolute_k10_r0.7__discovery_DO_vs_NDO,4.0
KDR,geometric,network_specification,absolute_k10_r0.7__discovery_DO_vs_NDO,7.0
LRRK2,geometric,network_specification,absolute_k10_r0.7__discovery_DO_vs_NDO,16.0
LYN,geometric,network_specification,absolute_k10_r0.7__discovery_DO_vs_NDO,12.0
MET,geometric,network_specification,absolute_k10_r0.7__discovery_DO_vs_NDO,17.0
PDGFRA,geometric,network_specification,absolute_k10_r0.7__discovery_DO_vs_NDO,2.0
TYK2,geometric,network_specification,absolute_k10_r0.7__discovery_DO_vs_NDO,10.0
ABL1,maximin,network_specification,absolute_k10_r0.7__discovery_DO_vs_NDO,4.5
AXL,maximin,network_specification,absolute_k10_r0.7__discovery_DO_vs_NDO,13.5
CDK4,maximin,network_specification,absolute_k10_r0.7__discovery_DO_vs_NDO,10.5
FGFR1,maximin,network_specification,absolute_k10_r0.7__discovery_DO_vs_NDO,16.0
FGFR2,maximin,network_specification,absolute_k10_r0.7__discovery_DO_vs_NDO,3.0
FGFR3,maximin,network_specification,absolute_k10_r0.7__discovery_DO_vs_NDO,6.0
FGFR4,maximin,network_specification,absolute_k10_r0.7__discovery_DO_vs_NDO,13.5
FLT1,maximin,network_specification,absolute_k10_r0.7__discovery_DO_vs_NDO,12.0
FLT3,maximin,network_specification,absolute_k10_r0.7__discovery_DO_vs_NDO,7.5
FLT4,maximin,network_specification,absolute_k10_r0.7__discovery_DO_vs_NDO,2.0
JAK1,maximin,network_specification,absolute_k10_r0.7__discovery_DO_vs_NDO,4.5
KDR,maximin,network_specification,absolute_k10_r0.7__discovery_DO_vs_NDO,10.5
LRRK2,maximin,network_specification,absolute_k10_r0.7__discovery_DO_vs_NDO,16.0
LYN,maximin,network_specification,absolute_k10_r0.7__discovery_DO_vs_NDO,9.0
MET,maximin,network_specification,absolute_k10_r0.7__discovery_DO_vs_NDO,16.0
PDGFRA,maximin,network_specification,absolute_k10_r0.7__discovery_DO_vs_NDO,1.0
TYK2,maximin,network_specification,absolute_k10_r0.7__discovery_DO_vs_NDO,7.5
ABL1,RRA,network_specification,absolute_k10_r0.7__discovery_DO_vs_NDO,9.0
AXL,RRA,network_specification,absolute_k10_r0.7__discovery_DO_vs_NDO,16.0
CDK4,RRA,network_specification,absolute_k10_r0.7__discovery_DO_vs_NDO,6.0
FGFR1,RRA,network_specification,absolute_k10_r0.7__discovery_DO_vs_NDO,13.0
FGFR2,RRA,network_specification,absolute_k10_r0.7__discovery_DO_vs_NDO,7.0
FGFR3,RRA,network_specification,absolute_k10_r0.7__discovery_DO_vs_NDO,10.0
FGFR4,RRA,network_specification,absolute_k10_r0.7__discovery_DO_vs_NDO,15.0
FLT1,RRA,network_specification,absolute_k10_r0.7__discovery_DO_vs_NDO,4.0
FLT3,RRA,network_specification,absolute_k10_r0.7__discovery_DO_vs_NDO,11.5
FLT4,RRA,network_specification,absolute_k10_r0.7__discovery_DO_vs_NDO,3.0
JAK1,RRA,network_specification,absolute_k10_r0.7__discovery_DO_vs_NDO,8.0
KDR,RRA,network_specification,absolute_k10_r0.7__discovery_DO_vs_NDO,2.0
LRRK2,RRA,network_specification,absolute_k10_r0.7__discovery_DO_vs_NDO,5.0
LYN,RRA,network_specification,absolute_k10_r0.7__discovery_DO_vs_NDO,14.0
MET,RRA,network_specification,absolute_k10_r0.7__discovery_DO_vs_NDO,17.0
PDGFRA,RRA,network_specification,absolute_k10_r0.7__discovery_DO_vs_NDO,1.0
TYK2,RRA,network_specification,absolute_k10_r0.7__discovery_DO_vs_NDO,11.5
ABL1,median,network_specification,absolute_k20_r0.3__confirmatory_DO_vs_HV,9.0
AXL,median,network_specification,absolute_k20_r0.3__confirmatory_DO_vs_HV,16.0
CDK4,median,network_specification,absolute_k20_r0.3__confirmatory_DO_vs_HV,13.0
FGFR1,median,network_specification,absolute_k20_r0.3__confirmatory_DO_vs_HV,8.0
FGFR2,median,network_specification,absolute_k20_r0.3__confirmatory_DO_vs_HV,3.0
FGFR3,median,network_specification,absolute_k20_r0.3__confirmatory_DO_vs_HV,7.0
FGFR4,median,network_specification,absolute_k20_r0.3__confirmatory_DO_vs_HV,15.0
FLT1,median,network_specification,absolute_k20_r0.3__confirmatory_DO_vs_HV,4.0
FLT3,median,network_specification,absolute_k20_r0.3__confirmatory_DO_vs_HV,11.0
FLT4,median,network_specification,absolute_k20_r0.3__confirmatory_DO_vs_HV,1.0
JAK1,median,network_specification,absolute_k20_r0.3__confirmatory_DO_vs_HV,6.0
KDR,median,network_specification,absolute_k20_r0.3__confirmatory_DO_vs_HV,5.0
LRRK2,median,network_specification,absolute_k20_r0.3__confirmatory_DO_vs_HV,14.0
LYN,median,network_specification,absolute_k20_r0.3__confirmatory_DO_vs_HV,10.0
MET,median,network_specification,absolute_k20_r0.3__confirmatory_DO_vs_HV,17.0
PDGFRA,median,network_specification,absolute_k20_r0.3__confirmatory_DO_vs_HV,2.0
TYK2,median,network_specification,absolute_k20_r0.3__confirmatory_DO_vs_HV,12.0
ABL1,mean,network_specification,absolute_k20_r0.3__confirmatory_DO_vs_HV,13.0
AXL,mean,network_specification,absolute_k20_r0.3__confirmatory_DO_vs_HV,16.0
CDK4,mean,network_specification,absolute_k20_r0.3__confirmatory_DO_vs_HV,11.0
FGFR1,mean,network_specification,absolute_k20_r0.3__confirmatory_DO_vs_HV,8.0
FGFR2,mean,network_specification,absolute_k20_r0.3__confirmatory_DO_vs_HV,3.0
FGFR3,mean,network_specification,absolute_k20_r0.3__confirmatory_DO_vs_HV,7.0
FGFR4,mean,network_specification,absolute_k20_r0.3__confirmatory_DO_vs_HV,15.0
FLT1,mean,network_specification,absolute_k20_r0.3__confirmatory_DO_vs_HV,4.0
FLT3,mean,network_specification,absolute_k20_r0.3__confirmatory_DO_vs_HV,10.0
FLT4,mean,network_specification,absolute_k20_r0.3__confirmatory_DO_vs_HV,2.0
JAK1,mean,network_specification,absolute_k20_r0.3__confirmatory_DO_vs_HV,6.0
KDR,mean,network_specification,absolute_k20_r0.3__confirmatory_DO_vs_HV,5.0
LRRK2,mean,network_specification,absolute_k20_r0.3__confirmatory_DO_vs_HV,12.0
LYN,mean,network_specification,absolute_k20_r0.3__confirmatory_DO_vs_HV,9.0
MET,mean,network_specification,absolute_k20_r0.3__confirmatory_DO_vs_HV,17.0
PDGFRA,mean,network_specification,absolute_k20_r0.3__confirmatory_DO_vs_HV,1.0
TYK2,mean,network_specification,absolute_k20_r0.3__confirmatory_DO_vs_HV,14.0
ABL1,geometric,network_specification,absolute_k20_r0.3__confirmatory_DO_vs_HV,9.0
AXL,geometric,network_specification,absolute_k20_r0.3__confirmatory_DO_vs_HV,16.0
CDK4,geometric,network_specification,absolute_k20_r0.3__confirmatory_DO_vs_HV,13.0
FGFR1,geometric,network_specification,absolute_k20_r0.3__confirmatory_DO_vs_HV,11.0
FGFR2,geometric,network_specification,absolute_k20_r0.3__confirmatory_DO_vs_HV,3.0
FGFR3,geometric,network_specification,absolute_k20_r0.3__confirmatory_DO_vs_HV,5.0
FGFR4,geometric,network_specification,absolute_k20_r0.3__confirmatory_DO_vs_HV,14.0
FLT1,geometric,network_specification,absolute_k20_r0.3__confirmatory_DO_vs_HV,6.0
FLT3,geometric,network_specification,absolute_k20_r0.3__confirmatory_DO_vs_HV,10.0
FLT4,geometric,network_specification,absolute_k20_r0.3__confirmatory_DO_vs_HV,2.0
JAK1,geometric,network_specification,absolute_k20_r0.3__confirmatory_DO_vs_HV,4.0
KDR,geometric,network_specification,absolute_k20_r0.3__confirmatory_DO_vs_HV,7.0
LRRK2,geometric,network_specification,absolute_k20_r0.3__confirmatory_DO_vs_HV,15.0
LYN,geometric,network_specification,absolute_k20_r0.3__confirmatory_DO_vs_HV,8.0
MET,geometric,network_specification,absolute_k20_r0.3__confirmatory_DO_vs_HV,17.0
PDGFRA,geometric,network_specification,absolute_k20_r0.3__confirmatory_DO_vs_HV,1.0
TYK2,geometric,network_specification,absolute_k20_r0.3__confirmatory_DO_vs_HV,12.0
ABL1,maximin,network_specification,absolute_k20_r0.3__confirmatory_DO_vs_HV,4.5
AXL,maximin,network_specification,absolute_k20_r0.3__confirmatory_DO_vs_HV,16.0
CDK4,maximin,network_specification,absolute_k20_r0.3__confirmatory_DO_vs_HV,10.5
FGFR1,maximin,network_specification,absolute_k20_r0.3__confirmatory_DO_vs_HV,13.5
FGFR2,maximin,network_specification,absolute_k20_r0.3__confirmatory_DO_vs_HV,3.0
FGFR3,maximin,network_specification,absolute_k20_r0.3__confirmatory_DO_vs_HV,6.0
FGFR4,maximin,network_specification,absolute_k20_r0.3__confirmatory_DO_vs_HV,13.5
FLT1,maximin,network_specification,absolute_k20_r0.3__confirmatory_DO_vs_HV,12.0
FLT3,maximin,network_specification,absolute_k20_r0.3__confirmatory_DO_vs_HV,8.5
FLT4,maximin,network_specification,absolute_k20_r0.3__confirmatory_DO_vs_HV,2.0
JAK1,maximin,network_specification,absolute_k20_r0.3__confirmatory_DO_vs_HV,4.5
KDR,maximin,network_specification,absolute_k20_r0.3__confirmatory_DO_vs_HV,10.5
LRRK2,maximin,network_specification,absolute_k20_r0.3__confirmatory_DO_vs_HV,16.0
LYN,maximin,network_specification,absolute_k20_r0.3__confirmatory_DO_vs_HV,8.5
MET,maximin,network_specification,absolute_k20_r0.3__confirmatory_DO_vs_HV,16.0
PDGFRA,maximin,network_specification,absolute_k20_r0.3__confirmatory_DO_vs_HV,1.0
TYK2,maximin,network_specification,absolute_k20_r0.3__confirmatory_DO_vs_HV,7.0
ABL1,RRA,network_specification,absolute_k20_r0.3__confirmatory_DO_vs_HV,9.0
AXL,RRA,network_specification,absolute_k20_r0.3__confirmatory_DO_vs_HV,16.0
CDK4,RRA,network_specification,absolute_k20_r0.3__confirmatory_DO_vs_HV,6.0
FGFR1,RRA,network_specification,absolute_k20_r0.3__confirmatory_DO_vs_HV,13.0
FGFR2,RRA,network_specification,absolute_k20_r0.3__confirmatory_DO_vs_HV,4.0
FGFR3,RRA,network_specification,absolute_k20_r0.3__confirmatory_DO_vs_HV,10.0
FGFR4,RRA,network_specification,absolute_k20_r0.3__confirmatory_DO_vs_HV,15.0
FLT1,RRA,network_specification,absolute_k20_r0.3__confirmatory_DO_vs_HV,7.0
FLT3,RRA,network_specification,absolute_k20_r0.3__confirmatory_DO_vs_HV,12.0
FLT4,RRA,network_specification,absolute_k20_r0.3__confirmatory_DO_vs_HV,3.0
JAK1,RRA,network_specification,absolute_k20_r0.3__confirmatory_DO_vs_HV,8.0
KDR,RRA,network_specification,absolute_k20_r0.3__confirmatory_DO_vs_HV,2.0
LRRK2,RRA,network_specification,absolute_k20_r0.3__confirmatory_DO_vs_HV,5.0
LYN,RRA,network_specification,absolute_k20_r0.3__confirmatory_DO_vs_HV,14.0
MET,RRA,network_specification,absolute_k20_r0.3__confirmatory_DO_vs_HV,17.0
PDGFRA,RRA,network_specification,absolute_k20_r0.3__confirmatory_DO_vs_HV,1.0
TYK2,RRA,network_specification,absolute_k20_r0.3__confirmatory_DO_vs_HV,11.0
ABL1,median,network_specification,absolute_k20_r0.3__confirmatory_DO_vs_NDO,10.0
AXL,median,network_specification,absolute_k20_r0.3__confirmatory_DO_vs_NDO,16.0
CDK4,median,network_specification,absolute_k20_r0.3__confirmatory_DO_vs_NDO,12.0
FGFR1,median,network_specification,absolute_k20_r0.3__confirmatory_DO_vs_NDO,8.0
FGFR2,median,network_specification,absolute_k20_r0.3__confirmatory_DO_vs_NDO,3.0
FGFR3,median,network_specification,absolute_k20_r0.3__confirmatory_DO_vs_NDO,7.0
FGFR4,median,network_specification,absolute_k20_r0.3__confirmatory_DO_vs_NDO,15.0
FLT1,median,network_specification,absolute_k20_r0.3__confirmatory_DO_vs_NDO,9.0
FLT3,median,network_specification,absolute_k20_r0.3__confirmatory_DO_vs_NDO,11.0
FLT4,median,network_specification,absolute_k20_r0.3__confirmatory_DO_vs_NDO,1.0
JAK1,median,network_specification,absolute_k20_r0.3__confirmatory_DO_vs_NDO,6.0
KDR,median,network_specification,absolute_k20_r0.3__confirmatory_DO_vs_NDO,5.0
LRRK2,median,network_specification,absolute_k20_r0.3__confirmatory_DO_vs_NDO,14.0
LYN,median,network_specification,absolute_k20_r0.3__confirmatory_DO_vs_NDO,4.0
MET,median,network_specification,absolute_k20_r0.3__confirmatory_DO_vs_NDO,17.0
PDGFRA,median,network_specification,absolute_k20_r0.3__confirmatory_DO_vs_NDO,2.0
TYK2,median,network_specification,absolute_k20_r0.3__confirmatory_DO_vs_NDO,13.0
ABL1,mean,network_specification,absolute_k20_r0.3__confirmatory_DO_vs_NDO,13.0
AXL,mean,network_specification,absolute_k20_r0.3__confirmatory_DO_vs_NDO,16.0
CDK4,mean,network_specification,absolute_k20_r0.3__confirmatory_DO_vs_NDO,11.0
FGFR1,mean,network_specification,absolute_k20_r0.3__confirmatory_DO_vs_NDO,8.0
FGFR2,mean,network_specification,absolute_k20_r0.3__confirmatory_DO_vs_NDO,3.0
FGFR3,mean,network_specification,absolute_k20_r0.3__confirmatory_DO_vs_NDO,6.0
FGFR4,mean,network_specification,absolute_k20_r0.3__confirmatory_DO_vs_NDO,15.0
FLT1,mean,network_specification,absolute_k20_r0.3__confirmatory_DO_vs_NDO,9.0
FLT3,mean,network_specification,absolute_k20_r0.3__confirmatory_DO_vs_NDO,10.0
FLT4,mean,network_specification,absolute_k20_r0.3__confirmatory_DO_vs_NDO,1.0
JAK1,mean,network_specification,absolute_k20_r0.3__confirmatory_DO_vs_NDO,7.0
KDR,mean,network_specification,absolute_k20_r0.3__confirmatory_DO_vs_NDO,5.0
LRRK2,mean,network_specification,absolute_k20_r0.3__confirmatory_DO_vs_NDO,14.0
LYN,mean,network_specification,absolute_k20_r0.3__confirmatory_DO_vs_NDO,4.0
MET,mean,network_specification,absolute_k20_r0.3__confirmatory_DO_vs_NDO,17.0
PDGFRA,mean,network_specification,absolute_k20_r0.3__confirmatory_DO_vs_NDO,2.0
TYK2,mean,network_specification,absolute_k20_r0.3__confirmatory_DO_vs_NDO,12.0
ABL1,geometric,network_specification,absolute_k20_r0.3__confirmatory_DO_vs_NDO,8.0
AXL,geometric,network_specification,absolute_k20_r0.3__confirmatory_DO_vs_NDO,15.0
CDK4,geometric,network_specification,absolute_k20_r0.3__confirmatory_DO_vs_NDO,12.0
FGFR1,geometric,network_specification,absolute_k20_r0.3__confirmatory_DO_vs_NDO,7.0
FGFR2,geometric,network_specification,absolute_k20_r0.3__confirmatory_DO_vs_NDO,3.0
FGFR3,geometric,network_specification,absolute_k20_r0.3__confirmatory_DO_vs_NDO,4.0
FGFR4,geometric,network_specification,absolute_k20_r0.3__confirmatory_DO_vs_NDO,14.0
FLT1,geometric,network_specification,absolute_k20_r0.3__confirmatory_DO_vs_NDO,11.0
FLT3,geometric,network_specification,absolute_k20_r0.3__confirmatory_DO_vs_NDO,9.0
FLT4,geometric,network_specification,absolute_k20_r0.3__confirmatory_DO_vs_NDO,1.0
JAK1,geometric,network_specification,absolute_k20_r0.3__confirmatory_DO_vs_NDO,5.0
KDR,geometric,network_specification,absolute_k20_r0.3__confirmatory_DO_vs_NDO,13.0
LRRK2,geometric,network_specification,absolute_k20_r0.3__confirmatory_DO_vs_NDO,16.0
LYN,geometric,network_specification,absolute_k20_r0.3__confirmatory_DO_vs_NDO,6.0
MET,geometric,network_specification,absolute_k20_r0.3__confirmatory_DO_vs_NDO,17.0
PDGFRA,geometric,network_specification,absolute_k20_r0.3__confirmatory_DO_vs_NDO,2.0
TYK2,geometric,network_specification,absolute_k20_r0.3__confirmatory_DO_vs_NDO,10.0
ABL1,maximin,network_specification,absolute_k20_r0.3__confirmatory_DO_vs_NDO,4.5
AXL,maximin,network_specification,absolute_k20_r0.3__confirmatory_DO_vs_NDO,13.5
CDK4,maximin,network_specification,absolute_k20_r0.3__confirmatory_DO_vs_NDO,10.5
FGFR1,maximin,network_specification,absolute_k20_r0.3__confirmatory_DO_vs_NDO,10.5
FGFR2,maximin,network_specification,absolute_k20_r0.3__confirmatory_DO_vs_NDO,3.0
FGFR3,maximin,network_specification,absolute_k20_r0.3__confirmatory_DO_vs_NDO,6.0
FGFR4,maximin,network_specification,absolute_k20_r0.3__confirmatory_DO_vs_NDO,13.5
FLT1,maximin,network_specification,absolute_k20_r0.3__confirmatory_DO_vs_NDO,12.0
FLT3,maximin,network_specification,absolute_k20_r0.3__confirmatory_DO_vs_NDO,8.5
FLT4,maximin,network_specification,absolute_k20_r0.3__confirmatory_DO_vs_NDO,1.0
JAK1,maximin,network_specification,absolute_k20_r0.3__confirmatory_DO_vs_NDO,4.5
KDR,maximin,network_specification,absolute_k20_r0.3__confirmatory_DO_vs_NDO,16.0
LRRK2,maximin,network_specification,absolute_k20_r0.3__confirmatory_DO_vs_NDO,16.0
LYN,maximin,network_specification,absolute_k20_r0.3__confirmatory_DO_vs_NDO,8.5
MET,maximin,network_specification,absolute_k20_r0.3__confirmatory_DO_vs_NDO,16.0
PDGFRA,maximin,network_specification,absolute_k20_r0.3__confirmatory_DO_vs_NDO,2.0
TYK2,maximin,network_specification,absolute_k20_r0.3__confirmatory_DO_vs_NDO,7.0
ABL1,RRA,network_specification,absolute_k20_r0.3__confirmatory_DO_vs_NDO,9.0
AXL,RRA,network_specification,absolute_k20_r0.3__confirmatory_DO_vs_NDO,15.5
CDK4,RRA,network_specification,absolute_k20_r0.3__confirmatory_DO_vs_NDO,7.0
FGFR1,RRA,network_specification,absolute_k20_r0.3__confirmatory_DO_vs_NDO,14.0
FGFR2,RRA,network_specification,absolute_k20_r0.3__confirmatory_DO_vs_NDO,5.0
FGFR3,RRA,network_specification,absolute_k20_r0.3__confirmatory_DO_vs_NDO,10.0
FGFR4,RRA,network_specification,absolute_k20_r0.3__confirmatory_DO_vs_NDO,15.5
FLT1,RRA,network_specification,absolute_k20_r0.3__confirmatory_DO_vs_NDO,12.5
FLT3,RRA,network_specification,absolute_k20_r0.3__confirmatory_DO_vs_NDO,12.5
FLT4,RRA,network_specification,absolute_k20_r0.3__confirmatory_DO_vs_NDO,2.0
JAK1,RRA,network_specification,absolute_k20_r0.3__confirmatory_DO_vs_NDO,8.0
KDR,RRA,network_specification,absolute_k20_r0.3__confirmatory_DO_vs_NDO,1.0
LRRK2,RRA,network_specification,absolute_k20_r0.3__confirmatory_DO_vs_NDO,6.0
LYN,RRA,network_specification,absolute_k20_r0.3__confirmatory_DO_vs_NDO,4.0
MET,RRA,network_specification,absolute_k20_r0.3__confirmatory_DO_vs_NDO,17.0
PDGFRA,RRA,network_specification,absolute_k20_r0.3__confirmatory_DO_vs_NDO,3.0
TYK2,RRA,network_specification,absolute_k20_r0.3__confirmatory_DO_vs_NDO,11.0
ABL1,median,network_specification,absolute_k20_r0.3__discovery_DO_vs_HV,10.0
AXL,median,network_specification,absolute_k20_r0.3__discovery_DO_vs_HV,16.0
CDK4,median,network_specification,absolute_k20_r0.3__discovery_DO_vs_HV,13.0
FGFR1,median,network_specification,absolute_k20_r0.3__discovery_DO_vs_HV,9.0
FGFR2,median,network_specification,absolute_k20_r0.3__discovery_DO_vs_HV,3.0
FGFR3,median,network_specification,absolute_k20_r0.3__discovery_DO_vs_HV,6.0
FGFR4,median,network_specification,absolute_k20_r0.3__discovery_DO_vs_HV,15.0
FLT1,median,network_specification,absolute_k20_r0.3__discovery_DO_vs_HV,4.0
FLT3,median,network_specification,absolute_k20_r0.3__discovery_DO_vs_HV,11.0
FLT4,median,network_specification,absolute_k20_r0.3__discovery_DO_vs_HV,2.0
JAK1,median,network_specification,absolute_k20_r0.3__discovery_DO_vs_HV,7.0
KDR,median,network_specification,absolute_k20_r0.3__discovery_DO_vs_HV,5.0
LRRK2,median,network_specification,absolute_k20_r0.3__discovery_DO_vs_HV,14.0
LYN,median,network_specification,absolute_k20_r0.3__discovery_DO_vs_HV,8.0
MET,median,network_specification,absolute_k20_r0.3__discovery_DO_vs_HV,17.0
PDGFRA,median,network_specification,absolute_k20_r0.3__discovery_DO_vs_HV,1.0
TYK2,median,network_specification,absolute_k20_r0.3__discovery_DO_vs_HV,12.0
ABL1,mean,network_specification,absolute_k20_r0.3__discovery_DO_vs_HV,12.0
AXL,mean,network_specification,absolute_k20_r0.3__discovery_DO_vs_HV,16.0
CDK4,mean,network_specification,absolute_k20_r0.3__discovery_DO_vs_HV,11.0
FGFR1,mean,network_specification,absolute_k20_r0.3__discovery_DO_vs_HV,9.0
FGFR2,mean,network_specification,absolute_k20_r0.3__discovery_DO_vs_HV,3.0
FGFR3,mean,network_specification,absolute_k20_r0.3__discovery_DO_vs_HV,7.0
FGFR4,mean,network_specification,absolute_k20_r0.3__discovery_DO_vs_HV,14.0
FLT1,mean,network_specification,absolute_k20_r0.3__discovery_DO_vs_HV,4.0
FLT3,mean,network_specification,absolute_k20_r0.3__discovery_DO_vs_HV,10.0
FLT4,mean,network_specification,absolute_k20_r0.3__discovery_DO_vs_HV,2.0
JAK1,mean,network_specification,absolute_k20_r0.3__discovery_DO_vs_HV,5.0
KDR,mean,network_specification,absolute_k20_r0.3__discovery_DO_vs_HV,8.0
LRRK2,mean,network_specification,absolute_k20_r0.3__discovery_DO_vs_HV,13.0
LYN,mean,network_specification,absolute_k20_r0.3__discovery_DO_vs_HV,6.0
MET,mean,network_specification,absolute_k20_r0.3__discovery_DO_vs_HV,17.0
PDGFRA,mean,network_specification,absolute_k20_r0.3__discovery_DO_vs_HV,1.0
TYK2,mean,network_specification,absolute_k20_r0.3__discovery_DO_vs_HV,15.0
ABL1,geometric,network_specification,absolute_k20_r0.3__discovery_DO_vs_HV,8.0
AXL,geometric,network_specification,absolute_k20_r0.3__discovery_DO_vs_HV,14.0
CDK4,geometric,network_specification,absolute_k20_r0.3__discovery_DO_vs_HV,11.0
FGFR1,geometric,network_specification,absolute_k20_r0.3__discovery_DO_vs_HV,10.0
FGFR2,geometric,network_specification,absolute_k20_r0.3__discovery_DO_vs_HV,3.0
FGFR3,geometric,network_specification,absolute_k20_r0.3__discovery_DO_vs_HV,5.0
FGFR4,geometric,network_specification,absolute_k20_r0.3__discovery_DO_vs_HV,15.0
FLT1,geometric,network_specification,absolute_k20_r0.3__discovery_DO_vs_HV,7.0
FLT3,geometric,network_specification,absolute_k20_r0.3__discovery_DO_vs_HV,9.0
FLT4,geometric,network_specification,absolute_k20_r0.3__discovery_DO_vs_HV,2.0
JAK1,geometric,network_specification,absolute_k20_r0.3__discovery_DO_vs_HV,4.0
KDR,geometric,network_specification,absolute_k20_r0.3__discovery_DO_vs_HV,13.0
LRRK2,geometric,network_specification,absolute_k20_r0.3__discovery_DO_vs_HV,16.0
LYN,geometric,network_specification,absolute_k20_r0.3__discovery_DO_vs_HV,6.0
MET,geometric,network_specification,absolute_k20_r0.3__discovery_DO_vs_HV,17.0
PDGFRA,geometric,network_specification,absolute_k20_r0.3__discovery_DO_vs_HV,1.0
TYK2,geometric,network_specification,absolute_k20_r0.3__discovery_DO_vs_HV,12.0
ABL1,maximin,network_specification,absolute_k20_r0.3__discovery_DO_vs_HV,4.5
AXL,maximin,network_specification,absolute_k20_r0.3__discovery_DO_vs_HV,10.5
CDK4,maximin,network_specification,absolute_k20_r0.3__discovery_DO_vs_HV,10.5
FGFR1,maximin,network_specification,absolute_k20_r0.3__discovery_DO_vs_HV,13.5
FGFR2,maximin,network_specification,absolute_k20_r0.3__discovery_DO_vs_HV,3.0
FGFR3,maximin,network_specification,absolute_k20_r0.3__discovery_DO_vs_HV,6.0
FGFR4,maximin,network_specification,absolute_k20_r0.3__discovery_DO_vs_HV,13.5
FLT1,maximin,network_specification,absolute_k20_r0.3__discovery_DO_vs_HV,12.0
FLT3,maximin,network_specification,absolute_k20_r0.3__discovery_DO_vs_HV,8.5
FLT4,maximin,network_specification,absolute_k20_r0.3__discovery_DO_vs_HV,2.0
JAK1,maximin,network_specification,absolute_k20_r0.3__discovery_DO_vs_HV,4.5
KDR,maximin,network_specification,absolute_k20_r0.3__discovery_DO_vs_HV,16.0
LRRK2,maximin,network_specification,absolute_k20_r0.3__discovery_DO_vs_HV,16.0
LYN,maximin,network_specification,absolute_k20_r0.3__discovery_DO_vs_HV,8.5
MET,maximin,network_specification,absolute_k20_r0.3__discovery_DO_vs_HV,16.0
PDGFRA,maximin,network_specification,absolute_k20_r0.3__discovery_DO_vs_HV,1.0
TYK2,maximin,network_specification,absolute_k20_r0.3__discovery_DO_vs_HV,7.0
ABL1,RRA,network_specification,absolute_k20_r0.3__discovery_DO_vs_HV,11.0
AXL,RRA,network_specification,absolute_k20_r0.3__discovery_DO_vs_HV,15.0
CDK4,RRA,network_specification,absolute_k20_r0.3__discovery_DO_vs_HV,5.0
FGFR1,RRA,network_specification,absolute_k20_r0.3__discovery_DO_vs_HV,14.0
FGFR2,RRA,network_specification,absolute_k20_r0.3__discovery_DO_vs_HV,6.0
FGFR3,RRA,network_specification,absolute_k20_r0.3__discovery_DO_vs_HV,9.5
FGFR4,RRA,network_specification,absolute_k20_r0.3__discovery_DO_vs_HV,16.0
FLT1,RRA,network_specification,absolute_k20_r0.3__discovery_DO_vs_HV,7.0
FLT3,RRA,network_specification,absolute_k20_r0.3__discovery_DO_vs_HV,13.0
FLT4,RRA,network_specification,absolute_k20_r0.3__discovery_DO_vs_HV,3.0
JAK1,RRA,network_specification,absolute_k20_r0.3__discovery_DO_vs_HV,9.5
KDR,RRA,network_specification,absolute_k20_r0.3__discovery_DO_vs_HV,2.0
LRRK2,RRA,network_specification,absolute_k20_r0.3__discovery_DO_vs_HV,4.0
LYN,RRA,network_specification,absolute_k20_r0.3__discovery_DO_vs_HV,8.0
MET,RRA,network_specification,absolute_k20_r0.3__discovery_DO_vs_HV,17.0
PDGFRA,RRA,network_specification,absolute_k20_r0.3__discovery_DO_vs_HV,1.0
TYK2,RRA,network_specification,absolute_k20_r0.3__discovery_DO_vs_HV,12.0
ABL1,median,network_specification,absolute_k20_r0.3__discovery_DO_vs_NDO,10.0
AXL,median,network_specification,absolute_k20_r0.3__discovery_DO_vs_NDO,16.0
CDK4,median,network_specification,absolute_k20_r0.3__discovery_DO_vs_NDO,12.0
FGFR1,median,network_specification,absolute_k20_r0.3__discovery_DO_vs_NDO,9.0
FGFR2,median,network_specification,absolute_k20_r0.3__discovery_DO_vs_NDO,3.0
FGFR3,median,network_specification,absolute_k20_r0.3__discovery_DO_vs_NDO,8.0
FGFR4,median,network_specification,absolute_k20_r0.3__discovery_DO_vs_NDO,15.0
FLT1,median,network_specification,absolute_k20_r0.3__discovery_DO_vs_NDO,4.0
FLT3,median,network_specification,absolute_k20_r0.3__discovery_DO_vs_NDO,11.0
FLT4,median,network_specification,absolute_k20_r0.3__discovery_DO_vs_NDO,2.0
JAK1,median,network_specification,absolute_k20_r0.3__discovery_DO_vs_NDO,7.0
KDR,median,network_specification,absolute_k20_r0.3__discovery_DO_vs_NDO,6.0
LRRK2,median,network_specification,absolute_k20_r0.3__discovery_DO_vs_NDO,14.0
LYN,median,network_specification,absolute_k20_r0.3__discovery_DO_vs_NDO,5.0
MET,median,network_specification,absolute_k20_r0.3__discovery_DO_vs_NDO,17.0
PDGFRA,median,network_specification,absolute_k20_r0.3__discovery_DO_vs_NDO,1.0
TYK2,median,network_specification,absolute_k20_r0.3__discovery_DO_vs_NDO,13.0
ABL1,mean,network_specification,absolute_k20_r0.3__discovery_DO_vs_NDO,13.0
AXL,mean,network_specification,absolute_k20_r0.3__discovery_DO_vs_NDO,16.0
CDK4,mean,network_specification,absolute_k20_r0.3__discovery_DO_vs_NDO,11.0
FGFR1,mean,network_specification,absolute_k20_r0.3__discovery_DO_vs_NDO,9.0
FGFR2,mean,network_specification,absolute_k20_r0.3__discovery_DO_vs_NDO,3.0
FGFR3,mean,network_specification,absolute_k20_r0.3__discovery_DO_vs_NDO,8.0
FGFR4,mean,network_specification,absolute_k20_r0.3__discovery_DO_vs_NDO,15.0
FLT1,mean,network_specification,absolute_k20_r0.3__discovery_DO_vs_NDO,5.0
FLT3,mean,network_specification,absolute_k20_r0.3__discovery_DO_vs_NDO,10.0
FLT4,mean,network_specification,absolute_k20_r0.3__discovery_DO_vs_NDO,2.0
JAK1,mean,network_specification,absolute_k20_r0.3__discovery_DO_vs_NDO,7.0
KDR,mean,network_specification,absolute_k20_r0.3__discovery_DO_vs_NDO,6.0
LRRK2,mean,network_specification,absolute_k20_r0.3__discovery_DO_vs_NDO,12.0
LYN,mean,network_specification,absolute_k20_r0.3__discovery_DO_vs_NDO,4.0
MET,mean,network_specification,absolute_k20_r0.3__discovery_DO_vs_NDO,17.0
PDGFRA,mean,network_specification,absolute_k20_r0.3__discovery_DO_vs_NDO,1.0
TYK2,mean,network_specification,absolute_k20_r0.3__discovery_DO_vs_NDO,14.0
ABL1,geometric,network_specification,absolute_k20_r0.3__discovery_DO_vs_NDO,10.0
AXL,geometric,network_specification,absolute_k20_r0.3__discovery_DO_vs_NDO,15.0
CDK4,geometric,network_specification,absolute_k20_r0.3__discovery_DO_vs_NDO,11.0
FGFR1,geometric,network_specification,absolute_k20_r0.3__discovery_DO_vs_NDO,8.0
FGFR2,geometric,network_specification,absolute_k20_r0.3__discovery_DO_vs_NDO,3.0
FGFR3,geometric,network_specification,absolute_k20_r0.3__discovery_DO_vs_NDO,5.0
FGFR4,geometric,network_specification,absolute_k20_r0.3__discovery_DO_vs_NDO,14.0
FLT1,geometric,network_specification,absolute_k20_r0.3__discovery_DO_vs_NDO,7.0
FLT3,geometric,network_specification,absolute_k20_r0.3__discovery_DO_vs_NDO,9.0
FLT4,geometric,network_specification,absolute_k20_r0.3__discovery_DO_vs_NDO,2.0
JAK1,geometric,network_specification,absolute_k20_r0.3__discovery_DO_vs_NDO,4.0
KDR,geometric,network_specification,absolute_k20_r0.3__discovery_DO_vs_NDO,13.0
LRRK2,geometric,network_specification,absolute_k20_r0.3__discovery_DO_vs_NDO,16.0
LYN,geometric,network_specification,absolute_k20_r0.3__discovery_DO_vs_NDO,6.0
MET,geometric,network_specification,absolute_k20_r0.3__discovery_DO_vs_NDO,17.0
PDGFRA,geometric,network_specification,absolute_k20_r0.3__discovery_DO_vs_NDO,1.0
TYK2,geometric,network_specification,absolute_k20_r0.3__discovery_DO_vs_NDO,12.0
ABL1,maximin,network_specification,absolute_k20_r0.3__discovery_DO_vs_NDO,4.5
AXL,maximin,network_specification,absolute_k20_r0.3__discovery_DO_vs_NDO,13.5
CDK4,maximin,network_specification,absolute_k20_r0.3__discovery_DO_vs_NDO,10.5
FGFR1,maximin,network_specification,absolute_k20_r0.3__discovery_DO_vs_NDO,10.5
FGFR2,maximin,network_specification,absolute_k20_r0.3__discovery_DO_vs_NDO,3.0
FGFR3,maximin,network_specification,absolute_k20_r0.3__discovery_DO_vs_NDO,6.0
FGFR4,maximin,network_specification,absolute_k20_r0.3__discovery_DO_vs_NDO,13.5
FLT1,maximin,network_specification,absolute_k20_r0.3__discovery_DO_vs_NDO,12.0
FLT3,maximin,network_specification,absolute_k20_r0.3__discovery_DO_vs_NDO,8.5
FLT4,maximin,network_specification,absolute_k20_r0.3__discovery_DO_vs_NDO,2.0
JAK1,maximin,network_specification,absolute_k20_r0.3__discovery_DO_vs_NDO,4.5
KDR,maximin,network_specification,absolute_k20_r0.3__discovery_DO_vs_NDO,16.0
LRRK2,maximin,network_specification,absolute_k20_r0.3__discovery_DO_vs_NDO,16.0
LYN,maximin,network_specification,absolute_k20_r0.3__discovery_DO_vs_NDO,8.5
MET,maximin,network_specification,absolute_k20_r0.3__discovery_DO_vs_NDO,16.0
PDGFRA,maximin,network_specification,absolute_k20_r0.3__discovery_DO_vs_NDO,1.0
TYK2,maximin,network_specification,absolute_k20_r0.3__discovery_DO_vs_NDO,7.0
ABL1,RRA,network_specification,absolute_k20_r0.3__discovery_DO_vs_NDO,10.0
AXL,RRA,network_specification,absolute_k20_r0.3__discovery_DO_vs_NDO,15.5
CDK4,RRA,network_specification,absolute_k20_r0.3__discovery_DO_vs_NDO,6.0
FGFR1,RRA,network_specification,absolute_k20_r0.3__discovery_DO_vs_NDO,14.0
FGFR2,RRA,network_specification,absolute_k20_r0.3__discovery_DO_vs_NDO,7.0
FGFR3,RRA,network_specification,absolute_k20_r0.3__discovery_DO_vs_NDO,11.0
FGFR4,RRA,network_specification,absolute_k20_r0.3__discovery_DO_vs_NDO,15.5
FLT1,RRA,network_specification,absolute_k20_r0.3__discovery_DO_vs_NDO,8.0
FLT3,RRA,network_specification,absolute_k20_r0.3__discovery_DO_vs_NDO,13.0
FLT4,RRA,network_specification,absolute_k20_r0.3__discovery_DO_vs_NDO,3.0
JAK1,RRA,network_specification,absolute_k20_r0.3__discovery_DO_vs_NDO,9.0
KDR,RRA,network_specification,absolute_k20_r0.3__discovery_DO_vs_NDO,2.0
LRRK2,RRA,network_specification,absolute_k20_r0.3__discovery_DO_vs_NDO,5.0
LYN,RRA,network_specification,absolute_k20_r0.3__discovery_DO_vs_NDO,4.0
MET,RRA,network_specification,absolute_k20_r0.3__discovery_DO_vs_NDO,17.0
PDGFRA,RRA,network_specification,absolute_k20_r0.3__discovery_DO_vs_NDO,1.0
TYK2,RRA,network_specification,absolute_k20_r0.3__discovery_DO_vs_NDO,12.0
ABL1,median,network_specification,absolute_k20_r0.5__confirmatory_DO_vs_HV,9.0
AXL,median,network_specification,absolute_k20_r0.5__confirmatory_DO_vs_HV,16.0
CDK4,median,network_specification,absolute_k20_r0.5__confirmatory_DO_vs_HV,13.0
FGFR1,median,network_specification,absolute_k20_r0.5__confirmatory_DO_vs_HV,8.0
FGFR2,median,network_specification,absolute_k20_r0.5__confirmatory_DO_vs_HV,4.0
FGFR3,median,network_specification,absolute_k20_r0.5__confirmatory_DO_vs_HV,7.0
FGFR4,median,network_specification,absolute_k20_r0.5__confirmatory_DO_vs_HV,15.0
FLT1,median,network_specification,absolute_k20_r0.5__confirmatory_DO_vs_HV,3.0
FLT3,median,network_specification,absolute_k20_r0.5__confirmatory_DO_vs_HV,11.0
FLT4,median,network_specification,absolute_k20_r0.5__confirmatory_DO_vs_HV,2.0
JAK1,median,network_specification,absolute_k20_r0.5__confirmatory_DO_vs_HV,6.0
KDR,median,network_specification,absolute_k20_r0.5__confirmatory_DO_vs_HV,5.0
LRRK2,median,network_specification,absolute_k20_r0.5__confirmatory_DO_vs_HV,14.0
LYN,median,network_specification,absolute_k20_r0.5__confirmatory_DO_vs_HV,10.0
MET,median,network_specification,absolute_k20_r0.5__confirmatory_DO_vs_HV,17.0
PDGFRA,median,network_specification,absolute_k20_r0.5__confirmatory_DO_vs_HV,1.0
TYK2,median,network_specification,absolute_k20_r0.5__confirmatory_DO_vs_HV,12.0
ABL1,mean,network_specification,absolute_k20_r0.5__confirmatory_DO_vs_HV,13.0
AXL,mean,network_specification,absolute_k20_r0.5__confirmatory_DO_vs_HV,16.0
CDK4,mean,network_specification,absolute_k20_r0.5__confirmatory_DO_vs_HV,11.0
FGFR1,mean,network_specification,absolute_k20_r0.5__confirmatory_DO_vs_HV,9.0
FGFR2,mean,network_specification,absolute_k20_r0.5__confirmatory_DO_vs_HV,3.0
FGFR3,mean,network_specification,absolute_k20_r0.5__confirmatory_DO_vs_HV,7.0
FGFR4,mean,network_specification,absolute_k20_r0.5__confirmatory_DO_vs_HV,15.0
FLT1,mean,network_specification,absolute_k20_r0.5__confirmatory_DO_vs_HV,4.0
FLT3,mean,network_specification,absolute_k20_r0.5__confirmatory_DO_vs_HV,10.0
FLT4,mean,network_specification,absolute_k20_r0.5__confirmatory_DO_vs_HV,2.0
JAK1,mean,network_specification,absolute_k20_r0.5__confirmatory_DO_vs_HV,6.0
KDR,mean,network_specification,absolute_k20_r0.5__confirmatory_DO_vs_HV,5.0
LRRK2,mean,network_specification,absolute_k20_r0.5__confirmatory_DO_vs_HV,12.0
LYN,mean,network_specification,absolute_k20_r0.5__confirmatory_DO_vs_HV,8.0
MET,mean,network_specification,absolute_k20_r0.5__confirmatory_DO_vs_HV,17.0
PDGFRA,mean,network_specification,absolute_k20_r0.5__confirmatory_DO_vs_HV,1.0
TYK2,mean,network_specification,absolute_k20_r0.5__confirmatory_DO_vs_HV,14.0
ABL1,geometric,network_specification,absolute_k20_r0.5__confirmatory_DO_vs_HV,9.0
AXL,geometric,network_specification,absolute_k20_r0.5__confirmatory_DO_vs_HV,15.0
CDK4,geometric,network_specification,absolute_k20_r0.5__confirmatory_DO_vs_HV,12.0
FGFR1,geometric,network_specification,absolute_k20_r0.5__confirmatory_DO_vs_HV,13.0
FGFR2,geometric,network_specification,absolute_k20_r0.5__confirmatory_DO_vs_HV,3.0
FGFR3,geometric,network_specification,absolute_k20_r0.5__confirmatory_DO_vs_HV,5.0
FGFR4,geometric,network_specification,absolute_k20_r0.5__confirmatory_DO_vs_HV,14.0
FLT1,geometric,network_specification,absolute_k20_r0.5__confirmatory_DO_vs_HV,6.0
FLT3,geometric,network_specification,absolute_k20_r0.5__confirmatory_DO_vs_HV,10.0
FLT4,geometric,network_specification,absolute_k20_r0.5__confirmatory_DO_vs_HV,2.0
JAK1,geometric,network_specification,absolute_k20_r0.5__confirmatory_DO_vs_HV,4.0
KDR,geometric,network_specification,absolute_k20_r0.5__confirmatory_DO_vs_HV,7.0
LRRK2,geometric,network_specification,absolute_k20_r0.5__confirmatory_DO_vs_HV,16.0
LYN,geometric,network_specification,absolute_k20_r0.5__confirmatory_DO_vs_HV,8.0
MET,geometric,network_specification,absolute_k20_r0.5__confirmatory_DO_vs_HV,17.0
PDGFRA,geometric,network_specification,absolute_k20_r0.5__confirmatory_DO_vs_HV,1.0
TYK2,geometric,network_specification,absolute_k20_r0.5__confirmatory_DO_vs_HV,11.0
ABL1,maximin,network_specification,absolute_k20_r0.5__confirmatory_DO_vs_HV,4.5
AXL,maximin,network_specification,absolute_k20_r0.5__confirmatory_DO_vs_HV,13.5
CDK4,maximin,network_specification,absolute_k20_r0.5__confirmatory_DO_vs_HV,10.5
FGFR1,maximin,network_specification,absolute_k20_r0.5__confirmatory_DO_vs_HV,16.0
FGFR2,maximin,network_specification,absolute_k20_r0.5__confirmatory_DO_vs_HV,3.0
FGFR3,maximin,network_specification,absolute_k20_r0.5__confirmatory_DO_vs_HV,6.0
FGFR4,maximin,network_specification,absolute_k20_r0.5__confirmatory_DO_vs_HV,13.5
FLT1,maximin,network_specification,absolute_k20_r0.5__confirmatory_DO_vs_HV,12.0
FLT3,maximin,network_specification,absolute_k20_r0.5__confirmatory_DO_vs_HV,8.5
FLT4,maximin,network_specification,absolute_k20_r0.5__confirmatory_DO_vs_HV,2.0
JAK1,maximin,network_specification,absolute_k20_r0.5__confirmatory_DO_vs_HV,4.5
KDR,maximin,network_specification,absolute_k20_r0.5__confirmatory_DO_vs_HV,10.5
LRRK2,maximin,network_specification,absolute_k20_r0.5__confirmatory_DO_vs_HV,16.0
LYN,maximin,network_specification,absolute_k20_r0.5__confirmatory_DO_vs_HV,8.5
MET,maximin,network_specification,absolute_k20_r0.5__confirmatory_DO_vs_HV,16.0
PDGFRA,maximin,network_specification,absolute_k20_r0.5__confirmatory_DO_vs_HV,1.0
TYK2,maximin,network_specification,absolute_k20_r0.5__confirmatory_DO_vs_HV,7.0
ABL1,RRA,network_specification,absolute_k20_r0.5__confirmatory_DO_vs_HV,9.0
AXL,RRA,network_specification,absolute_k20_r0.5__confirmatory_DO_vs_HV,15.5
CDK4,RRA,network_specification,absolute_k20_r0.5__confirmatory_DO_vs_HV,5.0
FGFR1,RRA,network_specification,absolute_k20_r0.5__confirmatory_DO_vs_HV,13.0
FGFR2,RRA,network_specification,absolute_k20_r0.5__confirmatory_DO_vs_HV,6.0
FGFR3,RRA,network_specification,absolute_k20_r0.5__confirmatory_DO_vs_HV,10.0
FGFR4,RRA,network_specification,absolute_k20_r0.5__confirmatory_DO_vs_HV,15.5
FLT1,RRA,network_specification,absolute_k20_r0.5__confirmatory_DO_vs_HV,7.0
FLT3,RRA,network_specification,absolute_k20_r0.5__confirmatory_DO_vs_HV,12.0
FLT4,RRA,network_specification,absolute_k20_r0.5__confirmatory_DO_vs_HV,3.0
JAK1,RRA,network_specification,absolute_k20_r0.5__confirmatory_DO_vs_HV,8.0
KDR,RRA,network_specification,absolute_k20_r0.5__confirmatory_DO_vs_HV,2.0
LRRK2,RRA,network_specification,absolute_k20_r0.5__confirmatory_DO_vs_HV,4.0
LYN,RRA,network_specification,absolute_k20_r0.5__confirmatory_DO_vs_HV,14.0
MET,RRA,network_specification,absolute_k20_r0.5__confirmatory_DO_vs_HV,17.0
PDGFRA,RRA,network_specification,absolute_k20_r0.5__confirmatory_DO_vs_HV,1.0
TYK2,RRA,network_specification,absolute_k20_r0.5__confirmatory_DO_vs_HV,11.0
ABL1,median,network_specification,absolute_k20_r0.5__confirmatory_DO_vs_NDO,10.0
AXL,median,network_specification,absolute_k20_r0.5__confirmatory_DO_vs_NDO,16.0
CDK4,median,network_specification,absolute_k20_r0.5__confirmatory_DO_vs_NDO,12.0
FGFR1,median,network_specification,absolute_k20_r0.5__confirmatory_DO_vs_NDO,8.0
FGFR2,median,network_specification,absolute_k20_r0.5__confirmatory_DO_vs_NDO,3.0
FGFR3,median,network_specification,absolute_k20_r0.5__confirmatory_DO_vs_NDO,7.0
FGFR4,median,network_specification,absolute_k20_r0.5__confirmatory_DO_vs_NDO,15.0
FLT1,median,network_specification,absolute_k20_r0.5__confirmatory_DO_vs_NDO,9.0
FLT3,median,network_specification,absolute_k20_r0.5__confirmatory_DO_vs_NDO,11.0
FLT4,median,network_specification,absolute_k20_r0.5__confirmatory_DO_vs_NDO,1.0
JAK1,median,network_specification,absolute_k20_r0.5__confirmatory_DO_vs_NDO,6.0
KDR,median,network_specification,absolute_k20_r0.5__confirmatory_DO_vs_NDO,5.0
LRRK2,median,network_specification,absolute_k20_r0.5__confirmatory_DO_vs_NDO,14.0
LYN,median,network_specification,absolute_k20_r0.5__confirmatory_DO_vs_NDO,4.0
MET,median,network_specification,absolute_k20_r0.5__confirmatory_DO_vs_NDO,17.0
PDGFRA,median,network_specification,absolute_k20_r0.5__confirmatory_DO_vs_NDO,2.0
TYK2,median,network_specification,absolute_k20_r0.5__confirmatory_DO_vs_NDO,13.0
ABL1,mean,network_specification,absolute_k20_r0.5__confirmatory_DO_vs_NDO,13.0
AXL,mean,network_specification,absolute_k20_r0.5__confirmatory_DO_vs_NDO,16.0
CDK4,mean,network_specification,absolute_k20_r0.5__confirmatory_DO_vs_NDO,11.0
FGFR1,mean,network_specification,absolute_k20_r0.5__confirmatory_DO_vs_NDO,8.0
FGFR2,mean,network_specification,absolute_k20_r0.5__confirmatory_DO_vs_NDO,3.0
FGFR3,mean,network_specification,absolute_k20_r0.5__confirmatory_DO_vs_NDO,7.0
FGFR4,mean,network_specification,absolute_k20_r0.5__confirmatory_DO_vs_NDO,15.0
FLT1,mean,network_specification,absolute_k20_r0.5__confirmatory_DO_vs_NDO,9.0
FLT3,mean,network_specification,absolute_k20_r0.5__confirmatory_DO_vs_NDO,10.0
FLT4,mean,network_specification,absolute_k20_r0.5__confirmatory_DO_vs_NDO,1.0
JAK1,mean,network_specification,absolute_k20_r0.5__confirmatory_DO_vs_NDO,6.0
KDR,mean,network_specification,absolute_k20_r0.5__confirmatory_DO_vs_NDO,5.0
LRRK2,mean,network_specification,absolute_k20_r0.5__confirmatory_DO_vs_NDO,14.0
LYN,mean,network_specification,absolute_k20_r0.5__confirmatory_DO_vs_NDO,4.0
MET,mean,network_specification,absolute_k20_r0.5__confirmatory_DO_vs_NDO,17.0
PDGFRA,mean,network_specification,absolute_k20_r0.5__confirmatory_DO_vs_NDO,2.0
TYK2,mean,network_specification,absolute_k20_r0.5__confirmatory_DO_vs_NDO,12.0
ABL1,geometric,network_specification,absolute_k20_r0.5__confirmatory_DO_vs_NDO,8.0
AXL,geometric,network_specification,absolute_k20_r0.5__confirmatory_DO_vs_NDO,15.0
CDK4,geometric,network_specification,absolute_k20_r0.5__confirmatory_DO_vs_NDO,12.0
FGFR1,geometric,network_specification,absolute_k20_r0.5__confirmatory_DO_vs_NDO,7.0
FGFR2,geometric,network_specification,absolute_k20_r0.5__confirmatory_DO_vs_NDO,3.0
FGFR3,geometric,network_specification,absolute_k20_r0.5__confirmatory_DO_vs_NDO,5.0
FGFR4,geometric,network_specification,absolute_k20_r0.5__confirmatory_DO_vs_NDO,14.0
FLT1,geometric,network_specification,absolute_k20_r0.5__confirmatory_DO_vs_NDO,11.0
FLT3,geometric,network_specification,absolute_k20_r0.5__confirmatory_DO_vs_NDO,9.0
FLT4,geometric,network_specification,absolute_k20_r0.5__confirmatory_DO_vs_NDO,1.0
JAK1,geometric,network_specification,absolute_k20_r0.5__confirmatory_DO_vs_NDO,4.0
KDR,geometric,network_specification,absolute_k20_r0.5__confirmatory_DO_vs_NDO,13.0
LRRK2,geometric,network_specification,absolute_k20_r0.5__confirmatory_DO_vs_NDO,16.0
LYN,geometric,network_specification,absolute_k20_r0.5__confirmatory_DO_vs_NDO,6.0
MET,geometric,network_specification,absolute_k20_r0.5__confirmatory_DO_vs_NDO,17.0
PDGFRA,geometric,network_specification,absolute_k20_r0.5__confirmatory_DO_vs_NDO,2.0
TYK2,geometric,network_specification,absolute_k20_r0.5__confirmatory_DO_vs_NDO,10.0
ABL1,maximin,network_specification,absolute_k20_r0.5__confirmatory_DO_vs_NDO,4.5
AXL,maximin,network_specification,absolute_k20_r0.5__confirmatory_DO_vs_NDO,13.5
CDK4,maximin,network_specification,absolute_k20_r0.5__confirmatory_DO_vs_NDO,10.5
FGFR1,maximin,network_specification,absolute_k20_r0.5__confirmatory_DO_vs_NDO,10.5
FGFR2,maximin,network_specification,absolute_k20_r0.5__confirmatory_DO_vs_NDO,3.0
FGFR3,maximin,network_specification,absolute_k20_r0.5__confirmatory_DO_vs_NDO,6.0
FGFR4,maximin,network_specification,absolute_k20_r0.5__confirmatory_DO_vs_NDO,13.5
FLT1,maximin,network_specification,absolute_k20_r0.5__confirmatory_DO_vs_NDO,12.0
FLT3,maximin,network_specification,absolute_k20_r0.5__confirmatory_DO_vs_NDO,8.5
FLT4,maximin,network_specification,absolute_k20_r0.5__confirmatory_DO_vs_NDO,1.0
JAK1,maximin,network_specification,absolute_k20_r0.5__confirmatory_DO_vs_NDO,4.5
KDR,maximin,network_specification,absolute_k20_r0.5__confirmatory_DO_vs_NDO,16.0
LRRK2,maximin,network_specification,absolute_k20_r0.5__confirmatory_DO_vs_NDO,16.0
LYN,maximin,network_specification,absolute_k20_r0.5__confirmatory_DO_vs_NDO,8.5
MET,maximin,network_specification,absolute_k20_r0.5__confirmatory_DO_vs_NDO,16.0
PDGFRA,maximin,network_specification,absolute_k20_r0.5__confirmatory_DO_vs_NDO,2.0
TYK2,maximin,network_specification,absolute_k20_r0.5__confirmatory_DO_vs_NDO,7.0
ABL1,RRA,network_specification,absolute_k20_r0.5__confirmatory_DO_vs_NDO,9.0
AXL,RRA,network_specification,absolute_k20_r0.5__confirmatory_DO_vs_NDO,15.5
CDK4,RRA,network_specification,absolute_k20_r0.5__confirmatory_DO_vs_NDO,6.0
FGFR1,RRA,network_specification,absolute_k20_r0.5__confirmatory_DO_vs_NDO,14.0
FGFR2,RRA,network_specification,absolute_k20_r0.5__confirmatory_DO_vs_NDO,7.0
FGFR3,RRA,network_specification,absolute_k20_r0.5__confirmatory_DO_vs_NDO,10.0
FGFR4,RRA,network_specification,absolute_k20_r0.5__confirmatory_DO_vs_NDO,15.5
FLT1,RRA,network_specification,absolute_k20_r0.5__confirmatory_DO_vs_NDO,12.5
FLT3,RRA,network_specification,absolute_k20_r0.5__confirmatory_DO_vs_NDO,12.5
FLT4,RRA,network_specification,absolute_k20_r0.5__confirmatory_DO_vs_NDO,2.0
JAK1,RRA,network_specification,absolute_k20_r0.5__confirmatory_DO_vs_NDO,8.0
KDR,RRA,network_specification,absolute_k20_r0.5__confirmatory_DO_vs_NDO,1.0
LRRK2,RRA,network_specification,absolute_k20_r0.5__confirmatory_DO_vs_NDO,5.0
LYN,RRA,network_specification,absolute_k20_r0.5__confirmatory_DO_vs_NDO,4.0
MET,RRA,network_specification,absolute_k20_r0.5__confirmatory_DO_vs_NDO,17.0
PDGFRA,RRA,network_specification,absolute_k20_r0.5__confirmatory_DO_vs_NDO,3.0
TYK2,RRA,network_specification,absolute_k20_r0.5__confirmatory_DO_vs_NDO,11.0
ABL1,median,network_specification,absolute_k20_r0.5__discovery_DO_vs_HV,10.0
AXL,median,network_specification,absolute_k20_r0.5__discovery_DO_vs_HV,16.0
CDK4,median,network_specification,absolute_k20_r0.5__discovery_DO_vs_HV,13.0
FGFR1,median,network_specification,absolute_k20_r0.5__discovery_DO_vs_HV,9.0
FGFR2,median,network_specification,absolute_k20_r0.5__discovery_DO_vs_HV,3.0
FGFR3,median,network_specification,absolute_k20_r0.5__discovery_DO_vs_HV,6.0
FGFR4,median,network_specification,absolute_k20_r0.5__discovery_DO_vs_HV,15.0
FLT1,median,network_specification,absolute_k20_r0.5__discovery_DO_vs_HV,4.0
FLT3,median,network_specification,absolute_k20_r0.5__discovery_DO_vs_HV,11.0
FLT4,median,network_specification,absolute_k20_r0.5__discovery_DO_vs_HV,2.0
JAK1,median,network_specification,absolute_k20_r0.5__discovery_DO_vs_HV,7.0
KDR,median,network_specification,absolute_k20_r0.5__discovery_DO_vs_HV,5.0
LRRK2,median,network_specification,absolute_k20_r0.5__discovery_DO_vs_HV,14.0
LYN,median,network_specification,absolute_k20_r0.5__discovery_DO_vs_HV,8.0
MET,median,network_specification,absolute_k20_r0.5__discovery_DO_vs_HV,17.0
PDGFRA,median,network_specification,absolute_k20_r0.5__discovery_DO_vs_HV,1.0
TYK2,median,network_specification,absolute_k20_r0.5__discovery_DO_vs_HV,12.0
ABL1,mean,network_specification,absolute_k20_r0.5__discovery_DO_vs_HV,12.0
AXL,mean,network_specification,absolute_k20_r0.5__discovery_DO_vs_HV,16.0
CDK4,mean,network_specification,absolute_k20_r0.5__discovery_DO_vs_HV,11.0
FGFR1,mean,network_specification,absolute_k20_r0.5__discovery_DO_vs_HV,9.0
FGFR2,mean,network_specification,absolute_k20_r0.5__discovery_DO_vs_HV,3.0
FGFR3,mean,network_specification,absolute_k20_r0.5__discovery_DO_vs_HV,8.0
FGFR4,mean,network_specification,absolute_k20_r0.5__discovery_DO_vs_HV,14.0
FLT1,mean,network_specification,absolute_k20_r0.5__discovery_DO_vs_HV,5.0
FLT3,mean,network_specification,absolute_k20_r0.5__discovery_DO_vs_HV,10.0
FLT4,mean,network_specification,absolute_k20_r0.5__discovery_DO_vs_HV,2.0
JAK1,mean,network_specification,absolute_k20_r0.5__discovery_DO_vs_HV,6.0
KDR,mean,network_specification,absolute_k20_r0.5__discovery_DO_vs_HV,4.0
LRRK2,mean,network_specification,absolute_k20_r0.5__discovery_DO_vs_HV,13.0
LYN,mean,network_specification,absolute_k20_r0.5__discovery_DO_vs_HV,7.0
MET,mean,network_specification,absolute_k20_r0.5__discovery_DO_vs_HV,17.0
PDGFRA,mean,network_specification,absolute_k20_r0.5__discovery_DO_vs_HV,1.0
TYK2,mean,network_specification,absolute_k20_r0.5__discovery_DO_vs_HV,15.0
ABL1,geometric,network_specification,absolute_k20_r0.5__discovery_DO_vs_HV,9.0
AXL,geometric,network_specification,absolute_k20_r0.5__discovery_DO_vs_HV,15.0
CDK4,geometric,network_specification,absolute_k20_r0.5__discovery_DO_vs_HV,11.0
FGFR1,geometric,network_specification,absolute_k20_r0.5__discovery_DO_vs_HV,13.0
FGFR2,geometric,network_specification,absolute_k20_r0.5__discovery_DO_vs_HV,3.0
FGFR3,geometric,network_specification,absolute_k20_r0.5__discovery_DO_vs_HV,5.0
FGFR4,geometric,network_specification,absolute_k20_r0.5__discovery_DO_vs_HV,14.0
FLT1,geometric,network_specification,absolute_k20_r0.5__discovery_DO_vs_HV,7.0
FLT3,geometric,network_specification,absolute_k20_r0.5__discovery_DO_vs_HV,10.0
FLT4,geometric,network_specification,absolute_k20_r0.5__discovery_DO_vs_HV,2.0
JAK1,geometric,network_specification,absolute_k20_r0.5__discovery_DO_vs_HV,4.0
KDR,geometric,network_specification,absolute_k20_r0.5__discovery_DO_vs_HV,8.0
LRRK2,geometric,network_specification,absolute_k20_r0.5__discovery_DO_vs_HV,16.0
LYN,geometric,network_specification,absolute_k20_r0.5__discovery_DO_vs_HV,6.0
MET,geometric,network_specification,absolute_k20_r0.5__discovery_DO_vs_HV,17.0
PDGFRA,geometric,network_specification,absolute_k20_r0.5__discovery_DO_vs_HV,1.0
TYK2,geometric,network_specification,absolute_k20_r0.5__discovery_DO_vs_HV,12.0
ABL1,maximin,network_specification,absolute_k20_r0.5__discovery_DO_vs_HV,4.5
AXL,maximin,network_specification,absolute_k20_r0.5__discovery_DO_vs_HV,13.5
CDK4,maximin,network_specification,absolute_k20_r0.5__discovery_DO_vs_HV,10.5
FGFR1,maximin,network_specification,absolute_k20_r0.5__discovery_DO_vs_HV,16.0
FGFR2,maximin,network_specification,absolute_k20_r0.5__discovery_DO_vs_HV,3.0
FGFR3,maximin,network_specification,absolute_k20_r0.5__discovery_DO_vs_HV,6.0
FGFR4,maximin,network_specification,absolute_k20_r0.5__discovery_DO_vs_HV,13.5
FLT1,maximin,network_specification,absolute_k20_r0.5__discovery_DO_vs_HV,12.0
FLT3,maximin,network_specification,absolute_k20_r0.5__discovery_DO_vs_HV,8.5
FLT4,maximin,network_specification,absolute_k20_r0.5__discovery_DO_vs_HV,2.0
JAK1,maximin,network_specification,absolute_k20_r0.5__discovery_DO_vs_HV,4.5
KDR,maximin,network_specification,absolute_k20_r0.5__discovery_DO_vs_HV,10.5
LRRK2,maximin,network_specification,absolute_k20_r0.5__discovery_DO_vs_HV,16.0
LYN,maximin,network_specification,absolute_k20_r0.5__discovery_DO_vs_HV,8.5
MET,maximin,network_specification,absolute_k20_r0.5__discovery_DO_vs_HV,16.0
PDGFRA,maximin,network_specification,absolute_k20_r0.5__discovery_DO_vs_HV,1.0
TYK2,maximin,network_specification,absolute_k20_r0.5__discovery_DO_vs_HV,7.0
ABL1,RRA,network_specification,absolute_k20_r0.5__discovery_DO_vs_HV,11.0
AXL,RRA,network_specification,absolute_k20_r0.5__discovery_DO_vs_HV,15.5
CDK4,RRA,network_specification,absolute_k20_r0.5__discovery_DO_vs_HV,5.0
FGFR1,RRA,network_specification,absolute_k20_r0.5__discovery_DO_vs_HV,14.0
FGFR2,RRA,network_specification,absolute_k20_r0.5__discovery_DO_vs_HV,6.0
FGFR3,RRA,network_specification,absolute_k20_r0.5__discovery_DO_vs_HV,9.5
FGFR4,RRA,network_specification,absolute_k20_r0.5__discovery_DO_vs_HV,15.5
FLT1,RRA,network_specification,absolute_k20_r0.5__discovery_DO_vs_HV,7.0
FLT3,RRA,network_specification,absolute_k20_r0.5__discovery_DO_vs_HV,13.0
FLT4,RRA,network_specification,absolute_k20_r0.5__discovery_DO_vs_HV,3.0
JAK1,RRA,network_specification,absolute_k20_r0.5__discovery_DO_vs_HV,9.5
KDR,RRA,network_specification,absolute_k20_r0.5__discovery_DO_vs_HV,2.0
LRRK2,RRA,network_specification,absolute_k20_r0.5__discovery_DO_vs_HV,4.0
LYN,RRA,network_specification,absolute_k20_r0.5__discovery_DO_vs_HV,8.0
MET,RRA,network_specification,absolute_k20_r0.5__discovery_DO_vs_HV,17.0
PDGFRA,RRA,network_specification,absolute_k20_r0.5__discovery_DO_vs_HV,1.0
TYK2,RRA,network_specification,absolute_k20_r0.5__discovery_DO_vs_HV,12.0
ABL1,median,network_specification,absolute_k20_r0.5__discovery_DO_vs_NDO,10.0
AXL,median,network_specification,absolute_k20_r0.5__discovery_DO_vs_NDO,16.0
CDK4,median,network_specification,absolute_k20_r0.5__discovery_DO_vs_NDO,12.0
FGFR1,median,network_specification,absolute_k20_r0.5__discovery_DO_vs_NDO,9.0
FGFR2,median,network_specification,absolute_k20_r0.5__discovery_DO_vs_NDO,4.0
FGFR3,median,network_specification,absolute_k20_r0.5__discovery_DO_vs_NDO,8.0
FGFR4,median,network_specification,absolute_k20_r0.5__discovery_DO_vs_NDO,15.0
FLT1,median,network_specification,absolute_k20_r0.5__discovery_DO_vs_NDO,3.0
FLT3,median,network_specification,absolute_k20_r0.5__discovery_DO_vs_NDO,11.0
FLT4,median,network_specification,absolute_k20_r0.5__discovery_DO_vs_NDO,2.0
JAK1,median,network_specification,absolute_k20_r0.5__discovery_DO_vs_NDO,7.0
KDR,median,network_specification,absolute_k20_r0.5__discovery_DO_vs_NDO,6.0
LRRK2,median,network_specification,absolute_k20_r0.5__discovery_DO_vs_NDO,14.0
LYN,median,network_specification,absolute_k20_r0.5__discovery_DO_vs_NDO,5.0
MET,median,network_specification,absolute_k20_r0.5__discovery_DO_vs_NDO,17.0
PDGFRA,median,network_specification,absolute_k20_r0.5__discovery_DO_vs_NDO,1.0
TYK2,median,network_specification,absolute_k20_r0.5__discovery_DO_vs_NDO,13.0
ABL1,mean,network_specification,absolute_k20_r0.5__discovery_DO_vs_NDO,13.0
AXL,mean,network_specification,absolute_k20_r0.5__discovery_DO_vs_NDO,16.0
CDK4,mean,network_specification,absolute_k20_r0.5__discovery_DO_vs_NDO,11.0
FGFR1,mean,network_specification,absolute_k20_r0.5__discovery_DO_vs_NDO,9.0
FGFR2,mean,network_specification,absolute_k20_r0.5__discovery_DO_vs_NDO,3.0
FGFR3,mean,network_specification,absolute_k20_r0.5__discovery_DO_vs_NDO,8.0
FGFR4,mean,network_specification,absolute_k20_r0.5__discovery_DO_vs_NDO,15.0
FLT1,mean,network_specification,absolute_k20_r0.5__discovery_DO_vs_NDO,6.0
FLT3,mean,network_specification,absolute_k20_r0.5__discovery_DO_vs_NDO,10.0
FLT4,mean,network_specification,absolute_k20_r0.5__discovery_DO_vs_NDO,2.0
JAK1,mean,network_specification,absolute_k20_r0.5__discovery_DO_vs_NDO,7.0
KDR,mean,network_specification,absolute_k20_r0.5__discovery_DO_vs_NDO,5.0
LRRK2,mean,network_specification,absolute_k20_r0.5__discovery_DO_vs_NDO,12.0
LYN,mean,network_specification,absolute_k20_r0.5__discovery_DO_vs_NDO,4.0
MET,mean,network_specification,absolute_k20_r0.5__discovery_DO_vs_NDO,17.0
PDGFRA,mean,network_specification,absolute_k20_r0.5__discovery_DO_vs_NDO,1.0
TYK2,mean,network_specification,absolute_k20_r0.5__discovery_DO_vs_NDO,14.0
ABL1,geometric,network_specification,absolute_k20_r0.5__discovery_DO_vs_NDO,10.0
AXL,geometric,network_specification,absolute_k20_r0.5__discovery_DO_vs_NDO,15.0
CDK4,geometric,network_specification,absolute_k20_r0.5__discovery_DO_vs_NDO,12.0
FGFR1,geometric,network_specification,absolute_k20_r0.5__discovery_DO_vs_NDO,13.0
FGFR2,geometric,network_specification,absolute_k20_r0.5__discovery_DO_vs_NDO,3.0
FGFR3,geometric,network_specification,absolute_k20_r0.5__discovery_DO_vs_NDO,5.0
FGFR4,geometric,network_specification,absolute_k20_r0.5__discovery_DO_vs_NDO,14.0
FLT1,geometric,network_specification,absolute_k20_r0.5__discovery_DO_vs_NDO,7.0
FLT3,geometric,network_specification,absolute_k20_r0.5__discovery_DO_vs_NDO,9.0
FLT4,geometric,network_specification,absolute_k20_r0.5__discovery_DO_vs_NDO,2.0
JAK1,geometric,network_specification,absolute_k20_r0.5__discovery_DO_vs_NDO,4.0
KDR,geometric,network_specification,absolute_k20_r0.5__discovery_DO_vs_NDO,8.0
LRRK2,geometric,network_specification,absolute_k20_r0.5__discovery_DO_vs_NDO,16.0
LYN,geometric,network_specification,absolute_k20_r0.5__discovery_DO_vs_NDO,6.0
MET,geometric,network_specification,absolute_k20_r0.5__discovery_DO_vs_NDO,17.0
PDGFRA,geometric,network_specification,absolute_k20_r0.5__discovery_DO_vs_NDO,1.0
TYK2,geometric,network_specification,absolute_k20_r0.5__discovery_DO_vs_NDO,11.0
ABL1,maximin,network_specification,absolute_k20_r0.5__discovery_DO_vs_NDO,4.5
AXL,maximin,network_specification,absolute_k20_r0.5__discovery_DO_vs_NDO,13.5
CDK4,maximin,network_specification,absolute_k20_r0.5__discovery_DO_vs_NDO,10.5
FGFR1,maximin,network_specification,absolute_k20_r0.5__discovery_DO_vs_NDO,16.0
FGFR2,maximin,network_specification,absolute_k20_r0.5__discovery_DO_vs_NDO,3.0
FGFR3,maximin,network_specification,absolute_k20_r0.5__discovery_DO_vs_NDO,6.0
FGFR4,maximin,network_specification,absolute_k20_r0.5__discovery_DO_vs_NDO,13.5
FLT1,maximin,network_specification,absolute_k20_r0.5__discovery_DO_vs_NDO,12.0
FLT3,maximin,network_specification,absolute_k20_r0.5__discovery_DO_vs_NDO,8.5
FLT4,maximin,network_specification,absolute_k20_r0.5__discovery_DO_vs_NDO,2.0
JAK1,maximin,network_specification,absolute_k20_r0.5__discovery_DO_vs_NDO,4.5
KDR,maximin,network_specification,absolute_k20_r0.5__discovery_DO_vs_NDO,10.5
LRRK2,maximin,network_specification,absolute_k20_r0.5__discovery_DO_vs_NDO,16.0
LYN,maximin,network_specification,absolute_k20_r0.5__discovery_DO_vs_NDO,8.5
MET,maximin,network_specification,absolute_k20_r0.5__discovery_DO_vs_NDO,16.0
PDGFRA,maximin,network_specification,absolute_k20_r0.5__discovery_DO_vs_NDO,1.0
TYK2,maximin,network_specification,absolute_k20_r0.5__discovery_DO_vs_NDO,7.0
ABL1,RRA,network_specification,absolute_k20_r0.5__discovery_DO_vs_NDO,10.0
AXL,RRA,network_specification,absolute_k20_r0.5__discovery_DO_vs_NDO,15.5
CDK4,RRA,network_specification,absolute_k20_r0.5__discovery_DO_vs_NDO,6.0
FGFR1,RRA,network_specification,absolute_k20_r0.5__discovery_DO_vs_NDO,14.0
FGFR2,RRA,network_specification,absolute_k20_r0.5__discovery_DO_vs_NDO,7.0
FGFR3,RRA,network_specification,absolute_k20_r0.5__discovery_DO_vs_NDO,11.0
FGFR4,RRA,network_specification,absolute_k20_r0.5__discovery_DO_vs_NDO,15.5
FLT1,RRA,network_specification,absolute_k20_r0.5__discovery_DO_vs_NDO,8.0
FLT3,RRA,network_specification,absolute_k20_r0.5__discovery_DO_vs_NDO,13.0
FLT4,RRA,network_specification,absolute_k20_r0.5__discovery_DO_vs_NDO,3.0
JAK1,RRA,network_specification,absolute_k20_r0.5__discovery_DO_vs_NDO,9.0
KDR,RRA,network_specification,absolute_k20_r0.5__discovery_DO_vs_NDO,2.0
LRRK2,RRA,network_specification,absolute_k20_r0.5__discovery_DO_vs_NDO,5.0
LYN,RRA,network_specification,absolute_k20_r0.5__discovery_DO_vs_NDO,4.0
MET,RRA,network_specification,absolute_k20_r0.5__discovery_DO_vs_NDO,17.0
PDGFRA,RRA,network_specification,absolute_k20_r0.5__discovery_DO_vs_NDO,1.0
TYK2,RRA,network_specification,absolute_k20_r0.5__discovery_DO_vs_NDO,12.0
ABL1,median,network_specification,absolute_k20_r0.7__confirmatory_DO_vs_HV,10.0
AXL,median,network_specification,absolute_k20_r0.7__confirmatory_DO_vs_HV,16.0
CDK4,median,network_specification,absolute_k20_r0.7__confirmatory_DO_vs_HV,13.0
FGFR1,median,network_specification,absolute_k20_r0.7__confirmatory_DO_vs_HV,8.0
FGFR2,median,network_specification,absolute_k20_r0.7__confirmatory_DO_vs_HV,5.0
FGFR3,median,network_specification,absolute_k20_r0.7__confirmatory_DO_vs_HV,7.0
FGFR4,median,network_specification,absolute_k20_r0.7__confirmatory_DO_vs_HV,15.0
FLT1,median,network_specification,absolute_k20_r0.7__confirmatory_DO_vs_HV,3.0
FLT3,median,network_specification,absolute_k20_r0.7__confirmatory_DO_vs_HV,11.0
FLT4,median,network_specification,absolute_k20_r0.7__confirmatory_DO_vs_HV,2.0
JAK1,median,network_specification,absolute_k20_r0.7__confirmatory_DO_vs_HV,6.0
KDR,median,network_specification,absolute_k20_r0.7__confirmatory_DO_vs_HV,4.0
LRRK2,median,network_specification,absolute_k20_r0.7__confirmatory_DO_vs_HV,14.0
LYN,median,network_specification,absolute_k20_r0.7__confirmatory_DO_vs_HV,9.0
MET,median,network_specification,absolute_k20_r0.7__confirmatory_DO_vs_HV,17.0
PDGFRA,median,network_specification,absolute_k20_r0.7__confirmatory_DO_vs_HV,1.0
TYK2,median,network_specification,absolute_k20_r0.7__confirmatory_DO_vs_HV,12.0
ABL1,mean,network_specification,absolute_k20_r0.7__confirmatory_DO_vs_HV,13.0
AXL,mean,network_specification,absolute_k20_r0.7__confirmatory_DO_vs_HV,16.0
CDK4,mean,network_specification,absolute_k20_r0.7__confirmatory_DO_vs_HV,11.0
FGFR1,mean,network_specification,absolute_k20_r0.7__confirmatory_DO_vs_HV,9.0
FGFR2,mean,network_specification,absolute_k20_r0.7__confirmatory_DO_vs_HV,3.0
FGFR3,mean,network_specification,absolute_k20_r0.7__confirmatory_DO_vs_HV,7.0
FGFR4,mean,network_specification,absolute_k20_r0.7__confirmatory_DO_vs_HV,15.0
FLT1,mean,network_specification,absolute_k20_r0.7__confirmatory_DO_vs_HV,4.0
FLT3,mean,network_specification,absolute_k20_r0.7__confirmatory_DO_vs_HV,10.0
FLT4,mean,network_specification,absolute_k20_r0.7__confirmatory_DO_vs_HV,2.0
JAK1,mean,network_specification,absolute_k20_r0.7__confirmatory_DO_vs_HV,6.0
KDR,mean,network_specification,absolute_k20_r0.7__confirmatory_DO_vs_HV,5.0
LRRK2,mean,network_specification,absolute_k20_r0.7__confirmatory_DO_vs_HV,12.0
LYN,mean,network_specification,absolute_k20_r0.7__confirmatory_DO_vs_HV,8.0
MET,mean,network_specification,absolute_k20_r0.7__confirmatory_DO_vs_HV,17.0
PDGFRA,mean,network_specification,absolute_k20_r0.7__confirmatory_DO_vs_HV,1.0
TYK2,mean,network_specification,absolute_k20_r0.7__confirmatory_DO_vs_HV,14.0
ABL1,geometric,network_specification,absolute_k20_r0.7__confirmatory_DO_vs_HV,9.0
AXL,geometric,network_specification,absolute_k20_r0.7__confirmatory_DO_vs_HV,15.0
CDK4,geometric,network_specification,absolute_k20_r0.7__confirmatory_DO_vs_HV,12.0
FGFR1,geometric,network_specification,absolute_k20_r0.7__confirmatory_DO_vs_HV,13.0
FGFR2,geometric,network_specification,absolute_k20_r0.7__confirmatory_DO_vs_HV,3.0
FGFR3,geometric,network_specification,absolute_k20_r0.7__confirmatory_DO_vs_HV,5.0
FGFR4,geometric,network_specification,absolute_k20_r0.7__confirmatory_DO_vs_HV,14.0
FLT1,geometric,network_specification,absolute_k20_r0.7__confirmatory_DO_vs_HV,6.0
FLT3,geometric,network_specification,absolute_k20_r0.7__confirmatory_DO_vs_HV,10.0
FLT4,geometric,network_specification,absolute_k20_r0.7__confirmatory_DO_vs_HV,2.0
JAK1,geometric,network_specification,absolute_k20_r0.7__confirmatory_DO_vs_HV,4.0
KDR,geometric,network_specification,absolute_k20_r0.7__confirmatory_DO_vs_HV,8.0
LRRK2,geometric,network_specification,absolute_k20_r0.7__confirmatory_DO_vs_HV,16.0
LYN,geometric,network_specification,absolute_k20_r0.7__confirmatory_DO_vs_HV,7.0
MET,geometric,network_specification,absolute_k20_r0.7__confirmatory_DO_vs_HV,17.0
PDGFRA,geometric,network_specification,absolute_k20_r0.7__confirmatory_DO_vs_HV,1.0
TYK2,geometric,network_specification,absolute_k20_r0.7__confirmatory_DO_vs_HV,11.0
ABL1,maximin,network_specification,absolute_k20_r0.7__confirmatory_DO_vs_HV,4.5
AXL,maximin,network_specification,absolute_k20_r0.7__confirmatory_DO_vs_HV,13.5
CDK4,maximin,network_specification,absolute_k20_r0.7__confirmatory_DO_vs_HV,10.5
FGFR1,maximin,network_specification,absolute_k20_r0.7__confirmatory_DO_vs_HV,16.0
FGFR2,maximin,network_specification,absolute_k20_r0.7__confirmatory_DO_vs_HV,3.0
FGFR3,maximin,network_specification,absolute_k20_r0.7__confirmatory_DO_vs_HV,6.0
FGFR4,maximin,network_specification,absolute_k20_r0.7__confirmatory_DO_vs_HV,13.5
FLT1,maximin,network_specification,absolute_k20_r0.7__confirmatory_DO_vs_HV,12.0
FLT3,maximin,network_specification,absolute_k20_r0.7__confirmatory_DO_vs_HV,8.5
FLT4,maximin,network_specification,absolute_k20_r0.7__confirmatory_DO_vs_HV,2.0
JAK1,maximin,network_specification,absolute_k20_r0.7__confirmatory_DO_vs_HV,4.5
KDR,maximin,network_specification,absolute_k20_r0.7__confirmatory_DO_vs_HV,10.5
LRRK2,maximin,network_specification,absolute_k20_r0.7__confirmatory_DO_vs_HV,16.0
LYN,maximin,network_specification,absolute_k20_r0.7__confirmatory_DO_vs_HV,8.5
MET,maximin,network_specification,absolute_k20_r0.7__confirmatory_DO_vs_HV,16.0
PDGFRA,maximin,network_specification,absolute_k20_r0.7__confirmatory_DO_vs_HV,1.0
TYK2,maximin,network_specification,absolute_k20_r0.7__confirmatory_DO_vs_HV,7.0
ABL1,RRA,network_specification,absolute_k20_r0.7__confirmatory_DO_vs_HV,9.0
AXL,RRA,network_specification,absolute_k20_r0.7__confirmatory_DO_vs_HV,15.5
CDK4,RRA,network_specification,absolute_k20_r0.7__confirmatory_DO_vs_HV,5.0
FGFR1,RRA,network_specification,absolute_k20_r0.7__confirmatory_DO_vs_HV,13.0
FGFR2,RRA,network_specification,absolute_k20_r0.7__confirmatory_DO_vs_HV,6.0
FGFR3,RRA,network_specification,absolute_k20_r0.7__confirmatory_DO_vs_HV,10.0
FGFR4,RRA,network_specification,absolute_k20_r0.7__confirmatory_DO_vs_HV,15.5
FLT1,RRA,network_specification,absolute_k20_r0.7__confirmatory_DO_vs_HV,7.0
FLT3,RRA,network_specification,absolute_k20_r0.7__confirmatory_DO_vs_HV,12.0
FLT4,RRA,network_specification,absolute_k20_r0.7__confirmatory_DO_vs_HV,3.0
JAK1,RRA,network_specification,absolute_k20_r0.7__confirmatory_DO_vs_HV,8.0
KDR,RRA,network_specification,absolute_k20_r0.7__confirmatory_DO_vs_HV,2.0
LRRK2,RRA,network_specification,absolute_k20_r0.7__confirmatory_DO_vs_HV,4.0
LYN,RRA,network_specification,absolute_k20_r0.7__confirmatory_DO_vs_HV,14.0
MET,RRA,network_specification,absolute_k20_r0.7__confirmatory_DO_vs_HV,17.0
PDGFRA,RRA,network_specification,absolute_k20_r0.7__confirmatory_DO_vs_HV,1.0
TYK2,RRA,network_specification,absolute_k20_r0.7__confirmatory_DO_vs_HV,11.0
ABL1,median,network_specification,absolute_k20_r0.7__confirmatory_DO_vs_NDO,10.0
AXL,median,network_specification,absolute_k20_r0.7__confirmatory_DO_vs_NDO,16.0
CDK4,median,network_specification,absolute_k20_r0.7__confirmatory_DO_vs_NDO,12.0
FGFR1,median,network_specification,absolute_k20_r0.7__confirmatory_DO_vs_NDO,8.0
FGFR2,median,network_specification,absolute_k20_r0.7__confirmatory_DO_vs_NDO,3.0
FGFR3,median,network_specification,absolute_k20_r0.7__confirmatory_DO_vs_NDO,7.0
FGFR4,median,network_specification,absolute_k20_r0.7__confirmatory_DO_vs_NDO,15.0
FLT1,median,network_specification,absolute_k20_r0.7__confirmatory_DO_vs_NDO,9.0
FLT3,median,network_specification,absolute_k20_r0.7__confirmatory_DO_vs_NDO,11.0
FLT4,median,network_specification,absolute_k20_r0.7__confirmatory_DO_vs_NDO,1.0
JAK1,median,network_specification,absolute_k20_r0.7__confirmatory_DO_vs_NDO,6.0
KDR,median,network_specification,absolute_k20_r0.7__confirmatory_DO_vs_NDO,5.0
LRRK2,median,network_specification,absolute_k20_r0.7__confirmatory_DO_vs_NDO,14.0
LYN,median,network_specification,absolute_k20_r0.7__confirmatory_DO_vs_NDO,4.0
MET,median,network_specification,absolute_k20_r0.7__confirmatory_DO_vs_NDO,17.0
PDGFRA,median,network_specification,absolute_k20_r0.7__confirmatory_DO_vs_NDO,2.0
TYK2,median,network_specification,absolute_k20_r0.7__confirmatory_DO_vs_NDO,13.0
ABL1,mean,network_specification,absolute_k20_r0.7__confirmatory_DO_vs_NDO,13.0
AXL,mean,network_specification,absolute_k20_r0.7__confirmatory_DO_vs_NDO,16.0
CDK4,mean,network_specification,absolute_k20_r0.7__confirmatory_DO_vs_NDO,11.0
FGFR1,mean,network_specification,absolute_k20_r0.7__confirmatory_DO_vs_NDO,9.0
FGFR2,mean,network_specification,absolute_k20_r0.7__confirmatory_DO_vs_NDO,3.0
FGFR3,mean,network_specification,absolute_k20_r0.7__confirmatory_DO_vs_NDO,7.0
FGFR4,mean,network_specification,absolute_k20_r0.7__confirmatory_DO_vs_NDO,15.0
FLT1,mean,network_specification,absolute_k20_r0.7__confirmatory_DO_vs_NDO,8.0
FLT3,mean,network_specification,absolute_k20_r0.7__confirmatory_DO_vs_NDO,10.0
FLT4,mean,network_specification,absolute_k20_r0.7__confirmatory_DO_vs_NDO,1.0
JAK1,mean,network_specification,absolute_k20_r0.7__confirmatory_DO_vs_NDO,6.0
KDR,mean,network_specification,absolute_k20_r0.7__confirmatory_DO_vs_NDO,5.0
LRRK2,mean,network_specification,absolute_k20_r0.7__confirmatory_DO_vs_NDO,14.0
LYN,mean,network_specification,absolute_k20_r0.7__confirmatory_DO_vs_NDO,4.0
MET,mean,network_specification,absolute_k20_r0.7__confirmatory_DO_vs_NDO,17.0
PDGFRA,mean,network_specification,absolute_k20_r0.7__confirmatory_DO_vs_NDO,2.0
TYK2,mean,network_specification,absolute_k20_r0.7__confirmatory_DO_vs_NDO,12.0
ABL1,geometric,network_specification,absolute_k20_r0.7__confirmatory_DO_vs_NDO,7.0
AXL,geometric,network_specification,absolute_k20_r0.7__confirmatory_DO_vs_NDO,14.0
CDK4,geometric,network_specification,absolute_k20_r0.7__confirmatory_DO_vs_NDO,12.0
FGFR1,geometric,network_specification,absolute_k20_r0.7__confirmatory_DO_vs_NDO,13.0
FGFR2,geometric,network_specification,absolute_k20_r0.7__confirmatory_DO_vs_NDO,3.0
FGFR3,geometric,network_specification,absolute_k20_r0.7__confirmatory_DO_vs_NDO,5.0
FGFR4,geometric,network_specification,absolute_k20_r0.7__confirmatory_DO_vs_NDO,15.0
FLT1,geometric,network_specification,absolute_k20_r0.7__confirmatory_DO_vs_NDO,11.0
FLT3,geometric,network_specification,absolute_k20_r0.7__confirmatory_DO_vs_NDO,8.0
FLT4,geometric,network_specification,absolute_k20_r0.7__confirmatory_DO_vs_NDO,1.0
JAK1,geometric,network_specification,absolute_k20_r0.7__confirmatory_DO_vs_NDO,4.0
KDR,geometric,network_specification,absolute_k20_r0.7__confirmatory_DO_vs_NDO,10.0
LRRK2,geometric,network_specification,absolute_k20_r0.7__confirmatory_DO_vs_NDO,16.0
LYN,geometric,network_specification,absolute_k20_r0.7__confirmatory_DO_vs_NDO,6.0
MET,geometric,network_specification,absolute_k20_r0.7__confirmatory_DO_vs_NDO,17.0
PDGFRA,geometric,network_specification,absolute_k20_r0.7__confirmatory_DO_vs_NDO,2.0
TYK2,geometric,network_specification,absolute_k20_r0.7__confirmatory_DO_vs_NDO,9.0
ABL1,maximin,network_specification,absolute_k20_r0.7__confirmatory_DO_vs_NDO,4.5
AXL,maximin,network_specification,absolute_k20_r0.7__confirmatory_DO_vs_NDO,10.5
CDK4,maximin,network_specification,absolute_k20_r0.7__confirmatory_DO_vs_NDO,10.5
FGFR1,maximin,network_specification,absolute_k20_r0.7__confirmatory_DO_vs_NDO,16.0
FGFR2,maximin,network_specification,absolute_k20_r0.7__confirmatory_DO_vs_NDO,3.0
FGFR3,maximin,network_specification,absolute_k20_r0.7__confirmatory_DO_vs_NDO,6.0
FGFR4,maximin,network_specification,absolute_k20_r0.7__confirmatory_DO_vs_NDO,13.5
FLT1,maximin,network_specification,absolute_k20_r0.7__confirmatory_DO_vs_NDO,12.0
FLT3,maximin,network_specification,absolute_k20_r0.7__confirmatory_DO_vs_NDO,8.5
FLT4,maximin,network_specification,absolute_k20_r0.7__confirmatory_DO_vs_NDO,1.0
JAK1,maximin,network_specification,absolute_k20_r0.7__confirmatory_DO_vs_NDO,4.5
KDR,maximin,network_specification,absolute_k20_r0.7__confirmatory_DO_vs_NDO,13.5
LRRK2,maximin,network_specification,absolute_k20_r0.7__confirmatory_DO_vs_NDO,16.0
LYN,maximin,network_specification,absolute_k20_r0.7__confirmatory_DO_vs_NDO,8.5
MET,maximin,network_specification,absolute_k20_r0.7__confirmatory_DO_vs_NDO,16.0
PDGFRA,maximin,network_specification,absolute_k20_r0.7__confirmatory_DO_vs_NDO,2.0
TYK2,maximin,network_specification,absolute_k20_r0.7__confirmatory_DO_vs_NDO,7.0
ABL1,RRA,network_specification,absolute_k20_r0.7__confirmatory_DO_vs_NDO,9.0
AXL,RRA,network_specification,absolute_k20_r0.7__confirmatory_DO_vs_NDO,15.0
CDK4,RRA,network_specification,absolute_k20_r0.7__confirmatory_DO_vs_NDO,6.0
FGFR1,RRA,network_specification,absolute_k20_r0.7__confirmatory_DO_vs_NDO,14.0
FGFR2,RRA,network_specification,absolute_k20_r0.7__confirmatory_DO_vs_NDO,7.0
FGFR3,RRA,network_specification,absolute_k20_r0.7__confirmatory_DO_vs_NDO,10.0
FGFR4,RRA,network_specification,absolute_k20_r0.7__confirmatory_DO_vs_NDO,16.0
FLT1,RRA,network_specification,absolute_k20_r0.7__confirmatory_DO_vs_NDO,12.5
FLT3,RRA,network_specification,absolute_k20_r0.7__confirmatory_DO_vs_NDO,12.5
FLT4,RRA,network_specification,absolute_k20_r0.7__confirmatory_DO_vs_NDO,2.0
JAK1,RRA,network_specification,absolute_k20_r0.7__confirmatory_DO_vs_NDO,8.0
KDR,RRA,network_specification,absolute_k20_r0.7__confirmatory_DO_vs_NDO,1.0
LRRK2,RRA,network_specification,absolute_k20_r0.7__confirmatory_DO_vs_NDO,5.0
LYN,RRA,network_specification,absolute_k20_r0.7__confirmatory_DO_vs_NDO,4.0
MET,RRA,network_specification,absolute_k20_r0.7__confirmatory_DO_vs_NDO,17.0
PDGFRA,RRA,network_specification,absolute_k20_r0.7__confirmatory_DO_vs_NDO,3.0
TYK2,RRA,network_specification,absolute_k20_r0.7__confirmatory_DO_vs_NDO,11.0
ABL1,median,network_specification,absolute_k20_r0.7__discovery_DO_vs_HV,10.0
AXL,median,network_specification,absolute_k20_r0.7__discovery_DO_vs_HV,16.0
CDK4,median,network_specification,absolute_k20_r0.7__discovery_DO_vs_HV,13.0
FGFR1,median,network_specification,absolute_k20_r0.7__discovery_DO_vs_HV,9.0
FGFR2,median,network_specification,absolute_k20_r0.7__discovery_DO_vs_HV,3.0
FGFR3,median,network_specification,absolute_k20_r0.7__discovery_DO_vs_HV,6.0
FGFR4,median,network_specification,absolute_k20_r0.7__discovery_DO_vs_HV,15.0
FLT1,median,network_specification,absolute_k20_r0.7__discovery_DO_vs_HV,4.0
FLT3,median,network_specification,absolute_k20_r0.7__discovery_DO_vs_HV,11.0
FLT4,median,network_specification,absolute_k20_r0.7__discovery_DO_vs_HV,2.0
JAK1,median,network_specification,absolute_k20_r0.7__discovery_DO_vs_HV,7.0
KDR,median,network_specification,absolute_k20_r0.7__discovery_DO_vs_HV,5.0
LRRK2,median,network_specification,absolute_k20_r0.7__discovery_DO_vs_HV,14.0
LYN,median,network_specification,absolute_k20_r0.7__discovery_DO_vs_HV,8.0
MET,median,network_specification,absolute_k20_r0.7__discovery_DO_vs_HV,17.0
PDGFRA,median,network_specification,absolute_k20_r0.7__discovery_DO_vs_HV,1.0
TYK2,median,network_specification,absolute_k20_r0.7__discovery_DO_vs_HV,12.0
ABL1,mean,network_specification,absolute_k20_r0.7__discovery_DO_vs_HV,12.0
AXL,mean,network_specification,absolute_k20_r0.7__discovery_DO_vs_HV,16.0
CDK4,mean,network_specification,absolute_k20_r0.7__discovery_DO_vs_HV,11.0
FGFR1,mean,network_specification,absolute_k20_r0.7__discovery_DO_vs_HV,9.0
FGFR2,mean,network_specification,absolute_k20_r0.7__discovery_DO_vs_HV,3.0
FGFR3,mean,network_specification,absolute_k20_r0.7__discovery_DO_vs_HV,8.0
FGFR4,mean,network_specification,absolute_k20_r0.7__discovery_DO_vs_HV,14.0
FLT1,mean,network_specification,absolute_k20_r0.7__discovery_DO_vs_HV,5.0
FLT3,mean,network_specification,absolute_k20_r0.7__discovery_DO_vs_HV,10.0
FLT4,mean,network_specification,absolute_k20_r0.7__discovery_DO_vs_HV,2.0
JAK1,mean,network_specification,absolute_k20_r0.7__discovery_DO_vs_HV,6.0
KDR,mean,network_specification,absolute_k20_r0.7__discovery_DO_vs_HV,4.0
LRRK2,mean,network_specification,absolute_k20_r0.7__discovery_DO_vs_HV,13.0
LYN,mean,network_specification,absolute_k20_r0.7__discovery_DO_vs_HV,7.0
MET,mean,network_specification,absolute_k20_r0.7__discovery_DO_vs_HV,17.0
PDGFRA,mean,network_specification,absolute_k20_r0.7__discovery_DO_vs_HV,1.0
TYK2,mean,network_specification,absolute_k20_r0.7__discovery_DO_vs_HV,15.0
ABL1,geometric,network_specification,absolute_k20_r0.7__discovery_DO_vs_HV,9.0
AXL,geometric,network_specification,absolute_k20_r0.7__discovery_DO_vs_HV,15.0
CDK4,geometric,network_specification,absolute_k20_r0.7__discovery_DO_vs_HV,11.0
FGFR1,geometric,network_specification,absolute_k20_r0.7__discovery_DO_vs_HV,13.0
FGFR2,geometric,network_specification,absolute_k20_r0.7__discovery_DO_vs_HV,3.0
FGFR3,geometric,network_specification,absolute_k20_r0.7__discovery_DO_vs_HV,5.0
FGFR4,geometric,network_specification,absolute_k20_r0.7__discovery_DO_vs_HV,14.0
FLT1,geometric,network_specification,absolute_k20_r0.7__discovery_DO_vs_HV,7.0
FLT3,geometric,network_specification,absolute_k20_r0.7__discovery_DO_vs_HV,10.0
FLT4,geometric,network_specification,absolute_k20_r0.7__discovery_DO_vs_HV,2.0
JAK1,geometric,network_specification,absolute_k20_r0.7__discovery_DO_vs_HV,4.0
KDR,geometric,network_specification,absolute_k20_r0.7__discovery_DO_vs_HV,8.0
LRRK2,geometric,network_specification,absolute_k20_r0.7__discovery_DO_vs_HV,16.0
LYN,geometric,network_specification,absolute_k20_r0.7__discovery_DO_vs_HV,6.0
MET,geometric,network_specification,absolute_k20_r0.7__discovery_DO_vs_HV,17.0
PDGFRA,geometric,network_specification,absolute_k20_r0.7__discovery_DO_vs_HV,1.0
TYK2,geometric,network_specification,absolute_k20_r0.7__discovery_DO_vs_HV,12.0
ABL1,maximin,network_specification,absolute_k20_r0.7__discovery_DO_vs_HV,4.5
AXL,maximin,network_specification,absolute_k20_r0.7__discovery_DO_vs_HV,13.5
CDK4,maximin,network_specification,absolute_k20_r0.7__discovery_DO_vs_HV,10.5
FGFR1,maximin,network_specification,absolute_k20_r0.7__discovery_DO_vs_HV,16.0
FGFR2,maximin,network_specification,absolute_k20_r0.7__discovery_DO_vs_HV,3.0
FGFR3,maximin,network_specification,absolute_k20_r0.7__discovery_DO_vs_HV,6.0
FGFR4,maximin,network_specification,absolute_k20_r0.7__discovery_DO_vs_HV,13.5
FLT1,maximin,network_specification,absolute_k20_r0.7__discovery_DO_vs_HV,12.0
FLT3,maximin,network_specification,absolute_k20_r0.7__discovery_DO_vs_HV,8.5
FLT4,maximin,network_specification,absolute_k20_r0.7__discovery_DO_vs_HV,2.0
JAK1,maximin,network_specification,absolute_k20_r0.7__discovery_DO_vs_HV,4.5
KDR,maximin,network_specification,absolute_k20_r0.7__discovery_DO_vs_HV,10.5
LRRK2,maximin,network_specification,absolute_k20_r0.7__discovery_DO_vs_HV,16.0
LYN,maximin,network_specification,absolute_k20_r0.7__discovery_DO_vs_HV,8.5
MET,maximin,network_specification,absolute_k20_r0.7__discovery_DO_vs_HV,16.0
PDGFRA,maximin,network_specification,absolute_k20_r0.7__discovery_DO_vs_HV,1.0
TYK2,maximin,network_specification,absolute_k20_r0.7__discovery_DO_vs_HV,7.0
ABL1,RRA,network_specification,absolute_k20_r0.7__discovery_DO_vs_HV,11.0
AXL,RRA,network_specification,absolute_k20_r0.7__discovery_DO_vs_HV,15.5
CDK4,RRA,network_specification,absolute_k20_r0.7__discovery_DO_vs_HV,5.0
FGFR1,RRA,network_specification,absolute_k20_r0.7__discovery_DO_vs_HV,14.0
FGFR2,RRA,network_specification,absolute_k20_r0.7__discovery_DO_vs_HV,6.0
FGFR3,RRA,network_specification,absolute_k20_r0.7__discovery_DO_vs_HV,9.5
FGFR4,RRA,network_specification,absolute_k20_r0.7__discovery_DO_vs_HV,15.5
FLT1,RRA,network_specification,absolute_k20_r0.7__discovery_DO_vs_HV,7.0
FLT3,RRA,network_specification,absolute_k20_r0.7__discovery_DO_vs_HV,13.0
FLT4,RRA,network_specification,absolute_k20_r0.7__discovery_DO_vs_HV,3.0
JAK1,RRA,network_specification,absolute_k20_r0.7__discovery_DO_vs_HV,9.5
KDR,RRA,network_specification,absolute_k20_r0.7__discovery_DO_vs_HV,2.0
LRRK2,RRA,network_specification,absolute_k20_r0.7__discovery_DO_vs_HV,4.0
LYN,RRA,network_specification,absolute_k20_r0.7__discovery_DO_vs_HV,8.0
MET,RRA,network_specification,absolute_k20_r0.7__discovery_DO_vs_HV,17.0
PDGFRA,RRA,network_specification,absolute_k20_r0.7__discovery_DO_vs_HV,1.0
TYK2,RRA,network_specification,absolute_k20_r0.7__discovery_DO_vs_HV,12.0
ABL1,median,network_specification,absolute_k20_r0.7__discovery_DO_vs_NDO,10.0
AXL,median,network_specification,absolute_k20_r0.7__discovery_DO_vs_NDO,16.0
CDK4,median,network_specification,absolute_k20_r0.7__discovery_DO_vs_NDO,12.0
FGFR1,median,network_specification,absolute_k20_r0.7__discovery_DO_vs_NDO,9.0
FGFR2,median,network_specification,absolute_k20_r0.7__discovery_DO_vs_NDO,4.0
FGFR3,median,network_specification,absolute_k20_r0.7__discovery_DO_vs_NDO,8.0
FGFR4,median,network_specification,absolute_k20_r0.7__discovery_DO_vs_NDO,15.0
FLT1,median,network_specification,absolute_k20_r0.7__discovery_DO_vs_NDO,3.0
FLT3,median,network_specification,absolute_k20_r0.7__discovery_DO_vs_NDO,11.0
FLT4,median,network_specification,absolute_k20_r0.7__discovery_DO_vs_NDO,2.0
JAK1,median,network_specification,absolute_k20_r0.7__discovery_DO_vs_NDO,7.0
KDR,median,network_specification,absolute_k20_r0.7__discovery_DO_vs_NDO,6.0
LRRK2,median,network_specification,absolute_k20_r0.7__discovery_DO_vs_NDO,14.0
LYN,median,network_specification,absolute_k20_r0.7__discovery_DO_vs_NDO,5.0
MET,median,network_specification,absolute_k20_r0.7__discovery_DO_vs_NDO,17.0
PDGFRA,median,network_specification,absolute_k20_r0.7__discovery_DO_vs_NDO,1.0
TYK2,median,network_specification,absolute_k20_r0.7__discovery_DO_vs_NDO,13.0
ABL1,mean,network_specification,absolute_k20_r0.7__discovery_DO_vs_NDO,13.0
AXL,mean,network_specification,absolute_k20_r0.7__discovery_DO_vs_NDO,16.0
CDK4,mean,network_specification,absolute_k20_r0.7__discovery_DO_vs_NDO,11.0
FGFR1,mean,network_specification,absolute_k20_r0.7__discovery_DO_vs_NDO,9.0
FGFR2,mean,network_specification,absolute_k20_r0.7__discovery_DO_vs_NDO,3.0
FGFR3,mean,network_specification,absolute_k20_r0.7__discovery_DO_vs_NDO,8.0
FGFR4,mean,network_specification,absolute_k20_r0.7__discovery_DO_vs_NDO,15.0
FLT1,mean,network_specification,absolute_k20_r0.7__discovery_DO_vs_NDO,6.0
FLT3,mean,network_specification,absolute_k20_r0.7__discovery_DO_vs_NDO,10.0
FLT4,mean,network_specification,absolute_k20_r0.7__discovery_DO_vs_NDO,2.0
JAK1,mean,network_specification,absolute_k20_r0.7__discovery_DO_vs_NDO,7.0
KDR,mean,network_specification,absolute_k20_r0.7__discovery_DO_vs_NDO,5.0
LRRK2,mean,network_specification,absolute_k20_r0.7__discovery_DO_vs_NDO,12.0
LYN,mean,network_specification,absolute_k20_r0.7__discovery_DO_vs_NDO,4.0
MET,mean,network_specification,absolute_k20_r0.7__discovery_DO_vs_NDO,17.0
PDGFRA,mean,network_specification,absolute_k20_r0.7__discovery_DO_vs_NDO,1.0
TYK2,mean,network_specification,absolute_k20_r0.7__discovery_DO_vs_NDO,14.0
ABL1,geometric,network_specification,absolute_k20_r0.7__discovery_DO_vs_NDO,10.0
AXL,geometric,network_specification,absolute_k20_r0.7__discovery_DO_vs_NDO,15.0
CDK4,geometric,network_specification,absolute_k20_r0.7__discovery_DO_vs_NDO,12.0
FGFR1,geometric,network_specification,absolute_k20_r0.7__discovery_DO_vs_NDO,13.0
FGFR2,geometric,network_specification,absolute_k20_r0.7__discovery_DO_vs_NDO,3.0
FGFR3,geometric,network_specification,absolute_k20_r0.7__discovery_DO_vs_NDO,5.0
FGFR4,geometric,network_specification,absolute_k20_r0.7__discovery_DO_vs_NDO,14.0
FLT1,geometric,network_specification,absolute_k20_r0.7__discovery_DO_vs_NDO,7.0
FLT3,geometric,network_specification,absolute_k20_r0.7__discovery_DO_vs_NDO,9.0
FLT4,geometric,network_specification,absolute_k20_r0.7__discovery_DO_vs_NDO,2.0
JAK1,geometric,network_specification,absolute_k20_r0.7__discovery_DO_vs_NDO,4.0
KDR,geometric,network_specification,absolute_k20_r0.7__discovery_DO_vs_NDO,8.0
LRRK2,geometric,network_specification,absolute_k20_r0.7__discovery_DO_vs_NDO,16.0
LYN,geometric,network_specification,absolute_k20_r0.7__discovery_DO_vs_NDO,6.0
MET,geometric,network_specification,absolute_k20_r0.7__discovery_DO_vs_NDO,17.0
PDGFRA,geometric,network_specification,absolute_k20_r0.7__discovery_DO_vs_NDO,1.0
TYK2,geometric,network_specification,absolute_k20_r0.7__discovery_DO_vs_NDO,11.0
ABL1,maximin,network_specification,absolute_k20_r0.7__discovery_DO_vs_NDO,4.5
AXL,maximin,network_specification,absolute_k20_r0.7__discovery_DO_vs_NDO,13.5
CDK4,maximin,network_specification,absolute_k20_r0.7__discovery_DO_vs_NDO,10.5
FGFR1,maximin,network_specification,absolute_k20_r0.7__discovery_DO_vs_NDO,16.0
FGFR2,maximin,network_specification,absolute_k20_r0.7__discovery_DO_vs_NDO,3.0
FGFR3,maximin,network_specification,absolute_k20_r0.7__discovery_DO_vs_NDO,6.0
FGFR4,maximin,network_specification,absolute_k20_r0.7__discovery_DO_vs_NDO,13.5
FLT1,maximin,network_specification,absolute_k20_r0.7__discovery_DO_vs_NDO,12.0
FLT3,maximin,network_specification,absolute_k20_r0.7__discovery_DO_vs_NDO,8.5
FLT4,maximin,network_specification,absolute_k20_r0.7__discovery_DO_vs_NDO,2.0
JAK1,maximin,network_specification,absolute_k20_r0.7__discovery_DO_vs_NDO,4.5
KDR,maximin,network_specification,absolute_k20_r0.7__discovery_DO_vs_NDO,10.5
LRRK2,maximin,network_specification,absolute_k20_r0.7__discovery_DO_vs_NDO,16.0
LYN,maximin,network_specification,absolute_k20_r0.7__discovery_DO_vs_NDO,8.5
MET,maximin,network_specification,absolute_k20_r0.7__discovery_DO_vs_NDO,16.0
PDGFRA,maximin,network_specification,absolute_k20_r0.7__discovery_DO_vs_NDO,1.0
TYK2,maximin,network_specification,absolute_k20_r0.7__discovery_DO_vs_NDO,7.0
ABL1,RRA,network_specification,absolute_k20_r0.7__discovery_DO_vs_NDO,10.0
AXL,RRA,network_specification,absolute_k20_r0.7__discovery_DO_vs_NDO,15.5
CDK4,RRA,network_specification,absolute_k20_r0.7__discovery_DO_vs_NDO,6.0
FGFR1,RRA,network_specification,absolute_k20_r0.7__discovery_DO_vs_NDO,14.0
FGFR2,RRA,network_specification,absolute_k20_r0.7__discovery_DO_vs_NDO,7.0
FGFR3,RRA,network_specification,absolute_k20_r0.7__discovery_DO_vs_NDO,11.0
FGFR4,RRA,network_specification,absolute_k20_r0.7__discovery_DO_vs_NDO,15.5
FLT1,RRA,network_specification,absolute_k20_r0.7__discovery_DO_vs_NDO,8.0
FLT3,RRA,network_specification,absolute_k20_r0.7__discovery_DO_vs_NDO,13.0
FLT4,RRA,network_specification,absolute_k20_r0.7__discovery_DO_vs_NDO,3.0
JAK1,RRA,network_specification,absolute_k20_r0.7__discovery_DO_vs_NDO,9.0
KDR,RRA,network_specification,absolute_k20_r0.7__discovery_DO_vs_NDO,2.0
LRRK2,RRA,network_specification,absolute_k20_r0.7__discovery_DO_vs_NDO,5.0
LYN,RRA,network_specification,absolute_k20_r0.7__discovery_DO_vs_NDO,4.0
MET,RRA,network_specification,absolute_k20_r0.7__discovery_DO_vs_NDO,17.0
PDGFRA,RRA,network_specification,absolute_k20_r0.7__discovery_DO_vs_NDO,1.0
TYK2,RRA,network_specification,absolute_k20_r0.7__discovery_DO_vs_NDO,12.0
ABL1,median,network_specification,absolute_k40_r0.3__confirmatory_DO_vs_HV,9.0
AXL,median,network_specification,absolute_k40_r0.3__confirmatory_DO_vs_HV,16.0
CDK4,median,network_specification,absolute_k40_r0.3__confirmatory_DO_vs_HV,13.0
FGFR1,median,network_specification,absolute_k40_r0.3__confirmatory_DO_vs_HV,8.0
FGFR2,median,network_specification,absolute_k40_r0.3__confirmatory_DO_vs_HV,4.0
FGFR3,median,network_specification,absolute_k40_r0.3__confirmatory_DO_vs_HV,7.0
FGFR4,median,network_specification,absolute_k40_r0.3__confirmatory_DO_vs_HV,15.0
FLT1,median,network_specification,absolute_k40_r0.3__confirmatory_DO_vs_HV,3.0
FLT3,median,network_specification,absolute_k40_r0.3__confirmatory_DO_vs_HV,11.0
FLT4,median,network_specification,absolute_k40_r0.3__confirmatory_DO_vs_HV,1.0
JAK1,median,network_specification,absolute_k40_r0.3__confirmatory_DO_vs_HV,6.0
KDR,median,network_specification,absolute_k40_r0.3__confirmatory_DO_vs_HV,5.0
LRRK2,median,network_specification,absolute_k40_r0.3__confirmatory_DO_vs_HV,14.0
LYN,median,network_specification,absolute_k40_r0.3__confirmatory_DO_vs_HV,10.0
MET,median,network_specification,absolute_k40_r0.3__confirmatory_DO_vs_HV,17.0
PDGFRA,median,network_specification,absolute_k40_r0.3__confirmatory_DO_vs_HV,2.0
TYK2,median,network_specification,absolute_k40_r0.3__confirmatory_DO_vs_HV,12.0
ABL1,mean,network_specification,absolute_k40_r0.3__confirmatory_DO_vs_HV,12.0
AXL,mean,network_specification,absolute_k40_r0.3__confirmatory_DO_vs_HV,16.0
CDK4,mean,network_specification,absolute_k40_r0.3__confirmatory_DO_vs_HV,11.0
FGFR1,mean,network_specification,absolute_k40_r0.3__confirmatory_DO_vs_HV,8.0
FGFR2,mean,network_specification,absolute_k40_r0.3__confirmatory_DO_vs_HV,3.0
FGFR3,mean,network_specification,absolute_k40_r0.3__confirmatory_DO_vs_HV,7.0
FGFR4,mean,network_specification,absolute_k40_r0.3__confirmatory_DO_vs_HV,15.0
FLT1,mean,network_specification,absolute_k40_r0.3__confirmatory_DO_vs_HV,5.0
FLT3,mean,network_specification,absolute_k40_r0.3__confirmatory_DO_vs_HV,10.0
FLT4,mean,network_specification,absolute_k40_r0.3__confirmatory_DO_vs_HV,2.0
JAK1,mean,network_specification,absolute_k40_r0.3__confirmatory_DO_vs_HV,6.0
KDR,mean,network_specification,absolute_k40_r0.3__confirmatory_DO_vs_HV,4.0
LRRK2,mean,network_specification,absolute_k40_r0.3__confirmatory_DO_vs_HV,14.0
LYN,mean,network_specification,absolute_k40_r0.3__confirmatory_DO_vs_HV,9.0
MET,mean,network_specification,absolute_k40_r0.3__confirmatory_DO_vs_HV,17.0
PDGFRA,mean,network_specification,absolute_k40_r0.3__confirmatory_DO_vs_HV,1.0
TYK2,mean,network_specification,absolute_k40_r0.3__confirmatory_DO_vs_HV,13.0
ABL1,geometric,network_specification,absolute_k40_r0.3__confirmatory_DO_vs_HV,10.0
AXL,geometric,network_specification,absolute_k40_r0.3__confirmatory_DO_vs_HV,16.0
CDK4,geometric,network_specification,absolute_k40_r0.3__confirmatory_DO_vs_HV,13.0
FGFR1,geometric,network_specification,absolute_k40_r0.3__confirmatory_DO_vs_HV,11.0
FGFR2,geometric,network_specification,absolute_k40_r0.3__confirmatory_DO_vs_HV,3.0
FGFR3,geometric,network_specification,absolute_k40_r0.3__confirmatory_DO_vs_HV,5.0
FGFR4,geometric,network_specification,absolute_k40_r0.3__confirmatory_DO_vs_HV,14.0
FLT1,geometric,network_specification,absolute_k40_r0.3__confirmatory_DO_vs_HV,6.0
FLT3,geometric,network_specification,absolute_k40_r0.3__confirmatory_DO_vs_HV,8.0
FLT4,geometric,network_specification,absolute_k40_r0.3__confirmatory_DO_vs_HV,2.0
JAK1,geometric,network_specification,absolute_k40_r0.3__confirmatory_DO_vs_HV,4.0
KDR,geometric,network_specification,absolute_k40_r0.3__confirmatory_DO_vs_HV,7.0
LRRK2,geometric,network_specification,absolute_k40_r0.3__confirmatory_DO_vs_HV,15.0
LYN,geometric,network_specification,absolute_k40_r0.3__confirmatory_DO_vs_HV,9.0
MET,geometric,network_specification,absolute_k40_r0.3__confirmatory_DO_vs_HV,17.0
PDGFRA,geometric,network_specification,absolute_k40_r0.3__confirmatory_DO_vs_HV,1.0
TYK2,geometric,network_specification,absolute_k40_r0.3__confirmatory_DO_vs_HV,12.0
ABL1,maximin,network_specification,absolute_k40_r0.3__confirmatory_DO_vs_HV,4.5
AXL,maximin,network_specification,absolute_k40_r0.3__confirmatory_DO_vs_HV,16.0
CDK4,maximin,network_specification,absolute_k40_r0.3__confirmatory_DO_vs_HV,10.5
FGFR1,maximin,network_specification,absolute_k40_r0.3__confirmatory_DO_vs_HV,13.5
FGFR2,maximin,network_specification,absolute_k40_r0.3__confirmatory_DO_vs_HV,3.0
FGFR3,maximin,network_specification,absolute_k40_r0.3__confirmatory_DO_vs_HV,6.0
FGFR4,maximin,network_specification,absolute_k40_r0.3__confirmatory_DO_vs_HV,13.5
FLT1,maximin,network_specification,absolute_k40_r0.3__confirmatory_DO_vs_HV,12.0
FLT3,maximin,network_specification,absolute_k40_r0.3__confirmatory_DO_vs_HV,7.5
FLT4,maximin,network_specification,absolute_k40_r0.3__confirmatory_DO_vs_HV,2.0
JAK1,maximin,network_specification,absolute_k40_r0.3__confirmatory_DO_vs_HV,4.5
KDR,maximin,network_specification,absolute_k40_r0.3__confirmatory_DO_vs_HV,10.5
LRRK2,maximin,network_specification,absolute_k40_r0.3__confirmatory_DO_vs_HV,16.0
LYN,maximin,network_specification,absolute_k40_r0.3__confirmatory_DO_vs_HV,9.0
MET,maximin,network_specification,absolute_k40_r0.3__confirmatory_DO_vs_HV,16.0
PDGFRA,maximin,network_specification,absolute_k40_r0.3__confirmatory_DO_vs_HV,1.0
TYK2,maximin,network_specification,absolute_k40_r0.3__confirmatory_DO_vs_HV,7.5
ABL1,RRA,network_specification,absolute_k40_r0.3__confirmatory_DO_vs_HV,8.0
AXL,RRA,network_specification,absolute_k40_r0.3__confirmatory_DO_vs_HV,17.0
CDK4,RRA,network_specification,absolute_k40_r0.3__confirmatory_DO_vs_HV,4.0
FGFR1,RRA,network_specification,absolute_k40_r0.3__confirmatory_DO_vs_HV,12.0
FGFR2,RRA,network_specification,absolute_k40_r0.3__confirmatory_DO_vs_HV,5.0
FGFR3,RRA,network_specification,absolute_k40_r0.3__confirmatory_DO_vs_HV,9.0
FGFR4,RRA,network_specification,absolute_k40_r0.3__confirmatory_DO_vs_HV,15.0
FLT1,RRA,network_specification,absolute_k40_r0.3__confirmatory_DO_vs_HV,6.0
FLT3,RRA,network_specification,absolute_k40_r0.3__confirmatory_DO_vs_HV,10.5
FLT4,RRA,network_specification,absolute_k40_r0.3__confirmatory_DO_vs_HV,3.0
JAK1,RRA,network_specification,absolute_k40_r0.3__confirmatory_DO_vs_HV,7.0
KDR,RRA,network_specification,absolute_k40_r0.3__confirmatory_DO_vs_HV,2.0
LRRK2,RRA,network_specification,absolute_k40_r0.3__confirmatory_DO_vs_HV,14.0
LYN,RRA,network_specification,absolute_k40_r0.3__confirmatory_DO_vs_HV,13.0
MET,RRA,network_specification,absolute_k40_r0.3__confirmatory_DO_vs_HV,16.0
PDGFRA,RRA,network_specification,absolute_k40_r0.3__confirmatory_DO_vs_HV,1.0
TYK2,RRA,network_specification,absolute_k40_r0.3__confirmatory_DO_vs_HV,10.5
ABL1,median,network_specification,absolute_k40_r0.3__confirmatory_DO_vs_NDO,10.0
AXL,median,network_specification,absolute_k40_r0.3__confirmatory_DO_vs_NDO,16.0
CDK4,median,network_specification,absolute_k40_r0.3__confirmatory_DO_vs_NDO,11.0
FGFR1,median,network_specification,absolute_k40_r0.3__confirmatory_DO_vs_NDO,8.0
FGFR2,median,network_specification,absolute_k40_r0.3__confirmatory_DO_vs_NDO,3.0
FGFR3,median,network_specification,absolute_k40_r0.3__confirmatory_DO_vs_NDO,7.0
FGFR4,median,network_specification,absolute_k40_r0.3__confirmatory_DO_vs_NDO,15.0
FLT1,median,network_specification,absolute_k40_r0.3__confirmatory_DO_vs_NDO,9.0
FLT3,median,network_specification,absolute_k40_r0.3__confirmatory_DO_vs_NDO,12.0
FLT4,median,network_specification,absolute_k40_r0.3__confirmatory_DO_vs_NDO,1.0
JAK1,median,network_specification,absolute_k40_r0.3__confirmatory_DO_vs_NDO,6.0
KDR,median,network_specification,absolute_k40_r0.3__confirmatory_DO_vs_NDO,5.0
LRRK2,median,network_specification,absolute_k40_r0.3__confirmatory_DO_vs_NDO,14.0
LYN,median,network_specification,absolute_k40_r0.3__confirmatory_DO_vs_NDO,4.0
MET,median,network_specification,absolute_k40_r0.3__confirmatory_DO_vs_NDO,17.0
PDGFRA,median,network_specification,absolute_k40_r0.3__confirmatory_DO_vs_NDO,2.0
TYK2,median,network_specification,absolute_k40_r0.3__confirmatory_DO_vs_NDO,13.0
ABL1,mean,network_specification,absolute_k40_r0.3__confirmatory_DO_vs_NDO,13.0
AXL,mean,network_specification,absolute_k40_r0.3__confirmatory_DO_vs_NDO,16.0
CDK4,mean,network_specification,absolute_k40_r0.3__confirmatory_DO_vs_NDO,11.0
FGFR1,mean,network_specification,absolute_k40_r0.3__confirmatory_DO_vs_NDO,8.0
FGFR2,mean,network_specification,absolute_k40_r0.3__confirmatory_DO_vs_NDO,3.0
FGFR3,mean,network_specification,absolute_k40_r0.3__confirmatory_DO_vs_NDO,7.0
FGFR4,mean,network_specification,absolute_k40_r0.3__confirmatory_DO_vs_NDO,15.0
FLT1,mean,network_specification,absolute_k40_r0.3__confirmatory_DO_vs_NDO,12.0
FLT3,mean,network_specification,absolute_k40_r0.3__confirmatory_DO_vs_NDO,9.0
FLT4,mean,network_specification,absolute_k40_r0.3__confirmatory_DO_vs_NDO,1.0
JAK1,mean,network_specification,absolute_k40_r0.3__confirmatory_DO_vs_NDO,6.0
KDR,mean,network_specification,absolute_k40_r0.3__confirmatory_DO_vs_NDO,5.0
LRRK2,mean,network_specification,absolute_k40_r0.3__confirmatory_DO_vs_NDO,14.0
LYN,mean,network_specification,absolute_k40_r0.3__confirmatory_DO_vs_NDO,4.0
MET,mean,network_specification,absolute_k40_r0.3__confirmatory_DO_vs_NDO,17.0
PDGFRA,mean,network_specification,absolute_k40_r0.3__confirmatory_DO_vs_NDO,2.0
TYK2,mean,network_specification,absolute_k40_r0.3__confirmatory_DO_vs_NDO,10.0
ABL1,geometric,network_specification,absolute_k40_r0.3__confirmatory_DO_vs_NDO,10.0
AXL,geometric,network_specification,absolute_k40_r0.3__confirmatory_DO_vs_NDO,15.0
CDK4,geometric,network_specification,absolute_k40_r0.3__confirmatory_DO_vs_NDO,11.0
FGFR1,geometric,network_specification,absolute_k40_r0.3__confirmatory_DO_vs_NDO,7.0
FGFR2,geometric,network_specification,absolute_k40_r0.3__confirmatory_DO_vs_NDO,3.0
FGFR3,geometric,network_specification,absolute_k40_r0.3__confirmatory_DO_vs_NDO,5.0
FGFR4,geometric,network_specification,absolute_k40_r0.3__confirmatory_DO_vs_NDO,14.0
FLT1,geometric,network_specification,absolute_k40_r0.3__confirmatory_DO_vs_NDO,12.0
FLT3,geometric,network_specification,absolute_k40_r0.3__confirmatory_DO_vs_NDO,8.0
FLT4,geometric,network_specification,absolute_k40_r0.3__confirmatory_DO_vs_NDO,1.0
JAK1,geometric,network_specification,absolute_k40_r0.3__confirmatory_DO_vs_NDO,4.0
KDR,geometric,network_specification,absolute_k40_r0.3__confirmatory_DO_vs_NDO,13.0
LRRK2,geometric,network_specification,absolute_k40_r0.3__confirmatory_DO_vs_NDO,16.0
LYN,geometric,network_specification,absolute_k40_r0.3__confirmatory_DO_vs_NDO,6.0
MET,geometric,network_specification,absolute_k40_r0.3__confirmatory_DO_vs_NDO,17.0
PDGFRA,geometric,network_specification,absolute_k40_r0.3__confirmatory_DO_vs_NDO,2.0
TYK2,geometric,network_specification,absolute_k40_r0.3__confirmatory_DO_vs_NDO,9.0
ABL1,maximin,network_specification,absolute_k40_r0.3__confirmatory_DO_vs_NDO,4.5
AXL,maximin,network_specification,absolute_k40_r0.3__confirmatory_DO_vs_NDO,13.5
CDK4,maximin,network_specification,absolute_k40_r0.3__confirmatory_DO_vs_NDO,10.5
FGFR1,maximin,network_specification,absolute_k40_r0.3__confirmatory_DO_vs_NDO,10.5
FGFR2,maximin,network_specification,absolute_k40_r0.3__confirmatory_DO_vs_NDO,3.0
FGFR3,maximin,network_specification,absolute_k40_r0.3__confirmatory_DO_vs_NDO,6.0
FGFR4,maximin,network_specification,absolute_k40_r0.3__confirmatory_DO_vs_NDO,13.5
FLT1,maximin,network_specification,absolute_k40_r0.3__confirmatory_DO_vs_NDO,12.0
FLT3,maximin,network_specification,absolute_k40_r0.3__confirmatory_DO_vs_NDO,7.5
FLT4,maximin,network_specification,absolute_k40_r0.3__confirmatory_DO_vs_NDO,1.0
JAK1,maximin,network_specification,absolute_k40_r0.3__confirmatory_DO_vs_NDO,4.5
KDR,maximin,network_specification,absolute_k40_r0.3__confirmatory_DO_vs_NDO,16.0
LRRK2,maximin,network_specification,absolute_k40_r0.3__confirmatory_DO_vs_NDO,16.0
LYN,maximin,network_specification,absolute_k40_r0.3__confirmatory_DO_vs_NDO,9.0
MET,maximin,network_specification,absolute_k40_r0.3__confirmatory_DO_vs_NDO,16.0
PDGFRA,maximin,network_specification,absolute_k40_r0.3__confirmatory_DO_vs_NDO,2.0
TYK2,maximin,network_specification,absolute_k40_r0.3__confirmatory_DO_vs_NDO,7.5
ABL1,RRA,network_specification,absolute_k40_r0.3__confirmatory_DO_vs_NDO,9.0
AXL,RRA,network_specification,absolute_k40_r0.3__confirmatory_DO_vs_NDO,16.0
CDK4,RRA,network_specification,absolute_k40_r0.3__confirmatory_DO_vs_NDO,6.0
FGFR1,RRA,network_specification,absolute_k40_r0.3__confirmatory_DO_vs_NDO,13.0
FGFR2,RRA,network_specification,absolute_k40_r0.3__confirmatory_DO_vs_NDO,7.0
FGFR3,RRA,network_specification,absolute_k40_r0.3__confirmatory_DO_vs_NDO,10.0
FGFR4,RRA,network_specification,absolute_k40_r0.3__confirmatory_DO_vs_NDO,15.0
FLT1,RRA,network_specification,absolute_k40_r0.3__confirmatory_DO_vs_NDO,12.0
FLT3,RRA,network_specification,absolute_k40_r0.3__confirmatory_DO_vs_NDO,11.0
FLT4,RRA,network_specification,absolute_k40_r0.3__confirmatory_DO_vs_NDO,2.0
JAK1,RRA,network_specification,absolute_k40_r0.3__confirmatory_DO_vs_NDO,8.0
KDR,RRA,network_specification,absolute_k40_r0.3__confirmatory_DO_vs_NDO,1.0
LRRK2,RRA,network_specification,absolute_k40_r0.3__confirmatory_DO_vs_NDO,14.0
LYN,RRA,network_specification,absolute_k40_r0.3__confirmatory_DO_vs_NDO,4.0
MET,RRA,network_specification,absolute_k40_r0.3__confirmatory_DO_vs_NDO,17.0
PDGFRA,RRA,network_specification,absolute_k40_r0.3__confirmatory_DO_vs_NDO,3.0
TYK2,RRA,network_specification,absolute_k40_r0.3__confirmatory_DO_vs_NDO,5.0
ABL1,median,network_specification,absolute_k40_r0.3__discovery_DO_vs_HV,10.0
AXL,median,network_specification,absolute_k40_r0.3__discovery_DO_vs_HV,16.0
CDK4,median,network_specification,absolute_k40_r0.3__discovery_DO_vs_HV,13.0
FGFR1,median,network_specification,absolute_k40_r0.3__discovery_DO_vs_HV,9.0
FGFR2,median,network_specification,absolute_k40_r0.3__discovery_DO_vs_HV,3.0
FGFR3,median,network_specification,absolute_k40_r0.3__discovery_DO_vs_HV,8.0
FGFR4,median,network_specification,absolute_k40_r0.3__discovery_DO_vs_HV,15.0
FLT1,median,network_specification,absolute_k40_r0.3__discovery_DO_vs_HV,7.0
FLT3,median,network_specification,absolute_k40_r0.3__discovery_DO_vs_HV,11.0
FLT4,median,network_specification,absolute_k40_r0.3__discovery_DO_vs_HV,2.0
JAK1,median,network_specification,absolute_k40_r0.3__discovery_DO_vs_HV,6.0
KDR,median,network_specification,absolute_k40_r0.3__discovery_DO_vs_HV,5.0
LRRK2,median,network_specification,absolute_k40_r0.3__discovery_DO_vs_HV,14.0
LYN,median,network_specification,absolute_k40_r0.3__discovery_DO_vs_HV,4.0
MET,median,network_specification,absolute_k40_r0.3__discovery_DO_vs_HV,17.0
PDGFRA,median,network_specification,absolute_k40_r0.3__discovery_DO_vs_HV,1.0
TYK2,median,network_specification,absolute_k40_r0.3__discovery_DO_vs_HV,12.0
ABL1,mean,network_specification,absolute_k40_r0.3__discovery_DO_vs_HV,13.0
AXL,mean,network_specification,absolute_k40_r0.3__discovery_DO_vs_HV,16.0
CDK4,mean,network_specification,absolute_k40_r0.3__discovery_DO_vs_HV,11.0
FGFR1,mean,network_specification,absolute_k40_r0.3__discovery_DO_vs_HV,9.0
FGFR2,mean,network_specification,absolute_k40_r0.3__discovery_DO_vs_HV,3.0
FGFR3,mean,network_specification,absolute_k40_r0.3__discovery_DO_vs_HV,8.0
FGFR4,mean,network_specification,absolute_k40_r0.3__discovery_DO_vs_HV,15.0
FLT1,mean,network_specification,absolute_k40_r0.3__discovery_DO_vs_HV,7.0
FLT3,mean,network_specification,absolute_k40_r0.3__discovery_DO_vs_HV,10.0
FLT4,mean,network_specification,absolute_k40_r0.3__discovery_DO_vs_HV,2.0
JAK1,mean,network_specification,absolute_k40_r0.3__discovery_DO_vs_HV,6.0
KDR,mean,network_specification,absolute_k40_r0.3__discovery_DO_vs_HV,5.0
LRRK2,mean,network_specification,absolute_k40_r0.3__discovery_DO_vs_HV,14.0
LYN,mean,network_specification,absolute_k40_r0.3__discovery_DO_vs_HV,4.0
MET,mean,network_specification,absolute_k40_r0.3__discovery_DO_vs_HV,17.0
PDGFRA,mean,network_specification,absolute_k40_r0.3__discovery_DO_vs_HV,1.0
TYK2,mean,network_specification,absolute_k40_r0.3__discovery_DO_vs_HV,12.0
ABL1,geometric,network_specification,absolute_k40_r0.3__discovery_DO_vs_HV,10.0
AXL,geometric,network_specification,absolute_k40_r0.3__discovery_DO_vs_HV,16.0
CDK4,geometric,network_specification,absolute_k40_r0.3__discovery_DO_vs_HV,13.0
FGFR1,geometric,network_specification,absolute_k40_r0.3__discovery_DO_vs_HV,12.0
FGFR2,geometric,network_specification,absolute_k40_r0.3__discovery_DO_vs_HV,3.0
FGFR3,geometric,network_specification,absolute_k40_r0.3__discovery_DO_vs_HV,5.0
FGFR4,geometric,network_specification,absolute_k40_r0.3__discovery_DO_vs_HV,14.0
FLT1,geometric,network_specification,absolute_k40_r0.3__discovery_DO_vs_HV,9.0
FLT3,geometric,network_specification,absolute_k40_r0.3__discovery_DO_vs_HV,8.0
FLT4,geometric,network_specification,absolute_k40_r0.3__discovery_DO_vs_HV,2.0
JAK1,geometric,network_specification,absolute_k40_r0.3__discovery_DO_vs_HV,4.0
KDR,geometric,network_specification,absolute_k40_r0.3__discovery_DO_vs_HV,7.0
LRRK2,geometric,network_specification,absolute_k40_r0.3__discovery_DO_vs_HV,15.0
LYN,geometric,network_specification,absolute_k40_r0.3__discovery_DO_vs_HV,6.0
MET,geometric,network_specification,absolute_k40_r0.3__discovery_DO_vs_HV,17.0
PDGFRA,geometric,network_specification,absolute_k40_r0.3__discovery_DO_vs_HV,1.0
TYK2,geometric,network_specification,absolute_k40_r0.3__discovery_DO_vs_HV,11.0
ABL1,maximin,network_specification,absolute_k40_r0.3__discovery_DO_vs_HV,4.5
AXL,maximin,network_specification,absolute_k40_r0.3__discovery_DO_vs_HV,16.0
CDK4,maximin,network_specification,absolute_k40_r0.3__discovery_DO_vs_HV,10.5
FGFR1,maximin,network_specification,absolute_k40_r0.3__discovery_DO_vs_HV,13.5
FGFR2,maximin,network_specification,absolute_k40_r0.3__discovery_DO_vs_HV,3.0
FGFR3,maximin,network_specification,absolute_k40_r0.3__discovery_DO_vs_HV,6.0
FGFR4,maximin,network_specification,absolute_k40_r0.3__discovery_DO_vs_HV,13.5
FLT1,maximin,network_specification,absolute_k40_r0.3__discovery_DO_vs_HV,12.0
FLT3,maximin,network_specification,absolute_k40_r0.3__discovery_DO_vs_HV,7.5
FLT4,maximin,network_specification,absolute_k40_r0.3__discovery_DO_vs_HV,2.0
JAK1,maximin,network_specification,absolute_k40_r0.3__discovery_DO_vs_HV,4.5
KDR,maximin,network_specification,absolute_k40_r0.3__discovery_DO_vs_HV,10.5
LRRK2,maximin,network_specification,absolute_k40_r0.3__discovery_DO_vs_HV,16.0
LYN,maximin,network_specification,absolute_k40_r0.3__discovery_DO_vs_HV,9.0
MET,maximin,network_specification,absolute_k40_r0.3__discovery_DO_vs_HV,16.0
PDGFRA,maximin,network_specification,absolute_k40_r0.3__discovery_DO_vs_HV,1.0
TYK2,maximin,network_specification,absolute_k40_r0.3__discovery_DO_vs_HV,7.5
ABL1,RRA,network_specification,absolute_k40_r0.3__discovery_DO_vs_HV,8.0
AXL,RRA,network_specification,absolute_k40_r0.3__discovery_DO_vs_HV,16.5
CDK4,RRA,network_specification,absolute_k40_r0.3__discovery_DO_vs_HV,5.0
FGFR1,RRA,network_specification,absolute_k40_r0.3__discovery_DO_vs_HV,13.0
FGFR2,RRA,network_specification,absolute_k40_r0.3__discovery_DO_vs_HV,6.0
FGFR3,RRA,network_specification,absolute_k40_r0.3__discovery_DO_vs_HV,9.0
FGFR4,RRA,network_specification,absolute_k40_r0.3__discovery_DO_vs_HV,15.0
FLT1,RRA,network_specification,absolute_k40_r0.3__discovery_DO_vs_HV,12.0
FLT3,RRA,network_specification,absolute_k40_r0.3__discovery_DO_vs_HV,10.5
FLT4,RRA,network_specification,absolute_k40_r0.3__discovery_DO_vs_HV,3.0
JAK1,RRA,network_specification,absolute_k40_r0.3__discovery_DO_vs_HV,7.0
KDR,RRA,network_specification,absolute_k40_r0.3__discovery_DO_vs_HV,2.0
LRRK2,RRA,network_specification,absolute_k40_r0.3__discovery_DO_vs_HV,14.0
LYN,RRA,network_specification,absolute_k40_r0.3__discovery_DO_vs_HV,4.0
MET,RRA,network_specification,absolute_k40_r0.3__discovery_DO_vs_HV,16.5
PDGFRA,RRA,network_specification,absolute_k40_r0.3__discovery_DO_vs_HV,1.0
TYK2,RRA,network_specification,absolute_k40_r0.3__discovery_DO_vs_HV,10.5
ABL1,median,network_specification,absolute_k40_r0.3__discovery_DO_vs_NDO,10.0
AXL,median,network_specification,absolute_k40_r0.3__discovery_DO_vs_NDO,16.0
CDK4,median,network_specification,absolute_k40_r0.3__discovery_DO_vs_NDO,12.0
FGFR1,median,network_specification,absolute_k40_r0.3__discovery_DO_vs_NDO,9.0
FGFR2,median,network_specification,absolute_k40_r0.3__discovery_DO_vs_NDO,3.0
FGFR3,median,network_specification,absolute_k40_r0.3__discovery_DO_vs_NDO,8.0
FGFR4,median,network_specification,absolute_k40_r0.3__discovery_DO_vs_NDO,15.0
FLT1,median,network_specification,absolute_k40_r0.3__discovery_DO_vs_NDO,7.0
FLT3,median,network_specification,absolute_k40_r0.3__discovery_DO_vs_NDO,11.0
FLT4,median,network_specification,absolute_k40_r0.3__discovery_DO_vs_NDO,2.0
JAK1,median,network_specification,absolute_k40_r0.3__discovery_DO_vs_NDO,6.0
KDR,median,network_specification,absolute_k40_r0.3__discovery_DO_vs_NDO,5.0
LRRK2,median,network_specification,absolute_k40_r0.3__discovery_DO_vs_NDO,14.0
LYN,median,network_specification,absolute_k40_r0.3__discovery_DO_vs_NDO,4.0
MET,median,network_specification,absolute_k40_r0.3__discovery_DO_vs_NDO,17.0
PDGFRA,median,network_specification,absolute_k40_r0.3__discovery_DO_vs_NDO,1.0
TYK2,median,network_specification,absolute_k40_r0.3__discovery_DO_vs_NDO,13.0
ABL1,mean,network_specification,absolute_k40_r0.3__discovery_DO_vs_NDO,13.0
AXL,mean,network_specification,absolute_k40_r0.3__discovery_DO_vs_NDO,16.0
CDK4,mean,network_specification,absolute_k40_r0.3__discovery_DO_vs_NDO,12.0
FGFR1,mean,network_specification,absolute_k40_r0.3__discovery_DO_vs_NDO,9.0
FGFR2,mean,network_specification,absolute_k40_r0.3__discovery_DO_vs_NDO,3.0
FGFR3,mean,network_specification,absolute_k40_r0.3__discovery_DO_vs_NDO,7.0
FGFR4,mean,network_specification,absolute_k40_r0.3__discovery_DO_vs_NDO,15.0
FLT1,mean,network_specification,absolute_k40_r0.3__discovery_DO_vs_NDO,6.0
FLT3,mean,network_specification,absolute_k40_r0.3__discovery_DO_vs_NDO,10.0
FLT4,mean,network_specification,absolute_k40_r0.3__discovery_DO_vs_NDO,2.0
JAK1,mean,network_specification,absolute_k40_r0.3__discovery_DO_vs_NDO,8.0
KDR,mean,network_specification,absolute_k40_r0.3__discovery_DO_vs_NDO,5.0
LRRK2,mean,network_specification,absolute_k40_r0.3__discovery_DO_vs_NDO,14.0
LYN,mean,network_specification,absolute_k40_r0.3__discovery_DO_vs_NDO,4.0
MET,mean,network_specification,absolute_k40_r0.3__discovery_DO_vs_NDO,17.0
PDGFRA,mean,network_specification,absolute_k40_r0.3__discovery_DO_vs_NDO,1.0
TYK2,mean,network_specification,absolute_k40_r0.3__discovery_DO_vs_NDO,11.0
ABL1,geometric,network_specification,absolute_k40_r0.3__discovery_DO_vs_NDO,11.0
AXL,geometric,network_specification,absolute_k40_r0.3__discovery_DO_vs_NDO,16.0
CDK4,geometric,network_specification,absolute_k40_r0.3__discovery_DO_vs_NDO,13.0
FGFR1,geometric,network_specification,absolute_k40_r0.3__discovery_DO_vs_NDO,7.0
FGFR2,geometric,network_specification,absolute_k40_r0.3__discovery_DO_vs_NDO,3.0
FGFR3,geometric,network_specification,absolute_k40_r0.3__discovery_DO_vs_NDO,5.0
FGFR4,geometric,network_specification,absolute_k40_r0.3__discovery_DO_vs_NDO,14.0
FLT1,geometric,network_specification,absolute_k40_r0.3__discovery_DO_vs_NDO,9.0
FLT3,geometric,network_specification,absolute_k40_r0.3__discovery_DO_vs_NDO,8.0
FLT4,geometric,network_specification,absolute_k40_r0.3__discovery_DO_vs_NDO,2.0
JAK1,geometric,network_specification,absolute_k40_r0.3__discovery_DO_vs_NDO,4.0
KDR,geometric,network_specification,absolute_k40_r0.3__discovery_DO_vs_NDO,12.0
LRRK2,geometric,network_specification,absolute_k40_r0.3__discovery_DO_vs_NDO,15.0
LYN,geometric,network_specification,absolute_k40_r0.3__discovery_DO_vs_NDO,6.0
MET,geometric,network_specification,absolute_k40_r0.3__discovery_DO_vs_NDO,17.0
PDGFRA,geometric,network_specification,absolute_k40_r0.3__discovery_DO_vs_NDO,1.0
TYK2,geometric,network_specification,absolute_k40_r0.3__discovery_DO_vs_NDO,10.0
ABL1,maximin,network_specification,absolute_k40_r0.3__discovery_DO_vs_NDO,4.5
AXL,maximin,network_specification,absolute_k40_r0.3__discovery_DO_vs_NDO,16.0
CDK4,maximin,network_specification,absolute_k40_r0.3__discovery_DO_vs_NDO,10.5
FGFR1,maximin,network_specification,absolute_k40_r0.3__discovery_DO_vs_NDO,10.5
FGFR2,maximin,network_specification,absolute_k40_r0.3__discovery_DO_vs_NDO,3.0
FGFR3,maximin,network_specification,absolute_k40_r0.3__discovery_DO_vs_NDO,6.0
FGFR4,maximin,network_specification,absolute_k40_r0.3__discovery_DO_vs_NDO,13.5
FLT1,maximin,network_specification,absolute_k40_r0.3__discovery_DO_vs_NDO,12.0
FLT3,maximin,network_specification,absolute_k40_r0.3__discovery_DO_vs_NDO,7.5
FLT4,maximin,network_specification,absolute_k40_r0.3__discovery_DO_vs_NDO,2.0
JAK1,maximin,network_specification,absolute_k40_r0.3__discovery_DO_vs_NDO,4.5
KDR,maximin,network_specification,absolute_k40_r0.3__discovery_DO_vs_NDO,13.5
LRRK2,maximin,network_specification,absolute_k40_r0.3__discovery_DO_vs_NDO,16.0
LYN,maximin,network_specification,absolute_k40_r0.3__discovery_DO_vs_NDO,9.0
MET,maximin,network_specification,absolute_k40_r0.3__discovery_DO_vs_NDO,16.0
PDGFRA,maximin,network_specification,absolute_k40_r0.3__discovery_DO_vs_NDO,1.0
TYK2,maximin,network_specification,absolute_k40_r0.3__discovery_DO_vs_NDO,7.5
ABL1,RRA,network_specification,absolute_k40_r0.3__discovery_DO_vs_NDO,9.0
AXL,RRA,network_specification,absolute_k40_r0.3__discovery_DO_vs_NDO,17.0
CDK4,RRA,network_specification,absolute_k40_r0.3__discovery_DO_vs_NDO,6.0
FGFR1,RRA,network_specification,absolute_k40_r0.3__discovery_DO_vs_NDO,13.0
FGFR2,RRA,network_specification,absolute_k40_r0.3__discovery_DO_vs_NDO,7.0
FGFR3,RRA,network_specification,absolute_k40_r0.3__discovery_DO_vs_NDO,10.0
FGFR4,RRA,network_specification,absolute_k40_r0.3__discovery_DO_vs_NDO,15.0
FLT1,RRA,network_specification,absolute_k40_r0.3__discovery_DO_vs_NDO,12.0
FLT3,RRA,network_specification,absolute_k40_r0.3__discovery_DO_vs_NDO,11.0
FLT4,RRA,network_specification,absolute_k40_r0.3__discovery_DO_vs_NDO,3.0
JAK1,RRA,network_specification,absolute_k40_r0.3__discovery_DO_vs_NDO,8.0
KDR,RRA,network_specification,absolute_k40_r0.3__discovery_DO_vs_NDO,2.0
LRRK2,RRA,network_specification,absolute_k40_r0.3__discovery_DO_vs_NDO,14.0
LYN,RRA,network_specification,absolute_k40_r0.3__discovery_DO_vs_NDO,4.0
MET,RRA,network_specification,absolute_k40_r0.3__discovery_DO_vs_NDO,16.0
PDGFRA,RRA,network_specification,absolute_k40_r0.3__discovery_DO_vs_NDO,1.0
TYK2,RRA,network_specification,absolute_k40_r0.3__discovery_DO_vs_NDO,5.0
ABL1,median,network_specification,absolute_k40_r0.5__confirmatory_DO_vs_HV,10.0
AXL,median,network_specification,absolute_k40_r0.5__confirmatory_DO_vs_HV,16.0
CDK4,median,network_specification,absolute_k40_r0.5__confirmatory_DO_vs_HV,13.0
FGFR1,median,network_specification,absolute_k40_r0.5__confirmatory_DO_vs_HV,8.0
FGFR2,median,network_specification,absolute_k40_r0.5__confirmatory_DO_vs_HV,5.0
FGFR3,median,network_specification,absolute_k40_r0.5__confirmatory_DO_vs_HV,7.0
FGFR4,median,network_specification,absolute_k40_r0.5__confirmatory_DO_vs_HV,15.0
FLT1,median,network_specification,absolute_k40_r0.5__confirmatory_DO_vs_HV,3.0
FLT3,median,network_specification,absolute_k40_r0.5__confirmatory_DO_vs_HV,11.0
FLT4,median,network_specification,absolute_k40_r0.5__confirmatory_DO_vs_HV,1.0
JAK1,median,network_specification,absolute_k40_r0.5__confirmatory_DO_vs_HV,6.0
KDR,median,network_specification,absolute_k40_r0.5__confirmatory_DO_vs_HV,4.0
LRRK2,median,network_specification,absolute_k40_r0.5__confirmatory_DO_vs_HV,14.0
LYN,median,network_specification,absolute_k40_r0.5__confirmatory_DO_vs_HV,9.0
MET,median,network_specification,absolute_k40_r0.5__confirmatory_DO_vs_HV,17.0
PDGFRA,median,network_specification,absolute_k40_r0.5__confirmatory_DO_vs_HV,2.0
TYK2,median,network_specification,absolute_k40_r0.5__confirmatory_DO_vs_HV,12.0
ABL1,mean,network_specification,absolute_k40_r0.5__confirmatory_DO_vs_HV,12.0
AXL,mean,network_specification,absolute_k40_r0.5__confirmatory_DO_vs_HV,16.0
CDK4,mean,network_specification,absolute_k40_r0.5__confirmatory_DO_vs_HV,11.0
FGFR1,mean,network_specification,absolute_k40_r0.5__confirmatory_DO_vs_HV,9.0
FGFR2,mean,network_specification,absolute_k40_r0.5__confirmatory_DO_vs_HV,3.0
FGFR3,mean,network_specification,absolute_k40_r0.5__confirmatory_DO_vs_HV,7.0
FGFR4,mean,network_specification,absolute_k40_r0.5__confirmatory_DO_vs_HV,15.0
FLT1,mean,network_specification,absolute_k40_r0.5__confirmatory_DO_vs_HV,5.0
FLT3,mean,network_specification,absolute_k40_r0.5__confirmatory_DO_vs_HV,10.0
FLT4,mean,network_specification,absolute_k40_r0.5__confirmatory_DO_vs_HV,2.0
JAK1,mean,network_specification,absolute_k40_r0.5__confirmatory_DO_vs_HV,6.0
KDR,mean,network_specification,absolute_k40_r0.5__confirmatory_DO_vs_HV,4.0
LRRK2,mean,network_specification,absolute_k40_r0.5__confirmatory_DO_vs_HV,14.0
LYN,mean,network_specification,absolute_k40_r0.5__confirmatory_DO_vs_HV,8.0
MET,mean,network_specification,absolute_k40_r0.5__confirmatory_DO_vs_HV,17.0
PDGFRA,mean,network_specification,absolute_k40_r0.5__confirmatory_DO_vs_HV,1.0
TYK2,mean,network_specification,absolute_k40_r0.5__confirmatory_DO_vs_HV,13.0
ABL1,geometric,network_specification,absolute_k40_r0.5__confirmatory_DO_vs_HV,10.0
AXL,geometric,network_specification,absolute_k40_r0.5__confirmatory_DO_vs_HV,16.0
CDK4,geometric,network_specification,absolute_k40_r0.5__confirmatory_DO_vs_HV,13.0
FGFR1,geometric,network_specification,absolute_k40_r0.5__confirmatory_DO_vs_HV,11.0
FGFR2,geometric,network_specification,absolute_k40_r0.5__confirmatory_DO_vs_HV,3.0
FGFR3,geometric,network_specification,absolute_k40_r0.5__confirmatory_DO_vs_HV,5.0
FGFR4,geometric,network_specification,absolute_k40_r0.5__confirmatory_DO_vs_HV,14.0
FLT1,geometric,network_specification,absolute_k40_r0.5__confirmatory_DO_vs_HV,6.0
FLT3,geometric,network_specification,absolute_k40_r0.5__confirmatory_DO_vs_HV,9.0
FLT4,geometric,network_specification,absolute_k40_r0.5__confirmatory_DO_vs_HV,2.0
JAK1,geometric,network_specification,absolute_k40_r0.5__confirmatory_DO_vs_HV,4.0
KDR,geometric,network_specification,absolute_k40_r0.5__confirmatory_DO_vs_HV,8.0
LRRK2,geometric,network_specification,absolute_k40_r0.5__confirmatory_DO_vs_HV,15.0
LYN,geometric,network_specification,absolute_k40_r0.5__confirmatory_DO_vs_HV,7.0
MET,geometric,network_specification,absolute_k40_r0.5__confirmatory_DO_vs_HV,17.0
PDGFRA,geometric,network_specification,absolute_k40_r0.5__confirmatory_DO_vs_HV,1.0
TYK2,geometric,network_specification,absolute_k40_r0.5__confirmatory_DO_vs_HV,12.0
ABL1,maximin,network_specification,absolute_k40_r0.5__confirmatory_DO_vs_HV,4.5
AXL,maximin,network_specification,absolute_k40_r0.5__confirmatory_DO_vs_HV,16.0
CDK4,maximin,network_specification,absolute_k40_r0.5__confirmatory_DO_vs_HV,10.5
FGFR1,maximin,network_specification,absolute_k40_r0.5__confirmatory_DO_vs_HV,13.5
FGFR2,maximin,network_specification,absolute_k40_r0.5__confirmatory_DO_vs_HV,3.0
FGFR3,maximin,network_specification,absolute_k40_r0.5__confirmatory_DO_vs_HV,6.0
FGFR4,maximin,network_specification,absolute_k40_r0.5__confirmatory_DO_vs_HV,13.5
FLT1,maximin,network_specification,absolute_k40_r0.5__confirmatory_DO_vs_HV,12.0
FLT3,maximin,network_specification,absolute_k40_r0.5__confirmatory_DO_vs_HV,7.5
FLT4,maximin,network_specification,absolute_k40_r0.5__confirmatory_DO_vs_HV,2.0
JAK1,maximin,network_specification,absolute_k40_r0.5__confirmatory_DO_vs_HV,4.5
KDR,maximin,network_specification,absolute_k40_r0.5__confirmatory_DO_vs_HV,10.5
LRRK2,maximin,network_specification,absolute_k40_r0.5__confirmatory_DO_vs_HV,16.0
LYN,maximin,network_specification,absolute_k40_r0.5__confirmatory_DO_vs_HV,9.0
MET,maximin,network_specification,absolute_k40_r0.5__confirmatory_DO_vs_HV,16.0
PDGFRA,maximin,network_specification,absolute_k40_r0.5__confirmatory_DO_vs_HV,1.0
TYK2,maximin,network_specification,absolute_k40_r0.5__confirmatory_DO_vs_HV,7.5
ABL1,RRA,network_specification,absolute_k40_r0.5__confirmatory_DO_vs_HV,8.0
AXL,RRA,network_specification,absolute_k40_r0.5__confirmatory_DO_vs_HV,17.0
CDK4,RRA,network_specification,absolute_k40_r0.5__confirmatory_DO_vs_HV,4.0
FGFR1,RRA,network_specification,absolute_k40_r0.5__confirmatory_DO_vs_HV,12.0
FGFR2,RRA,network_specification,absolute_k40_r0.5__confirmatory_DO_vs_HV,5.0
FGFR3,RRA,network_specification,absolute_k40_r0.5__confirmatory_DO_vs_HV,9.0
FGFR4,RRA,network_specification,absolute_k40_r0.5__confirmatory_DO_vs_HV,15.0
FLT1,RRA,network_specification,absolute_k40_r0.5__confirmatory_DO_vs_HV,6.0
FLT3,RRA,network_specification,absolute_k40_r0.5__confirmatory_DO_vs_HV,10.5
FLT4,RRA,network_specification,absolute_k40_r0.5__confirmatory_DO_vs_HV,3.0
JAK1,RRA,network_specification,absolute_k40_r0.5__confirmatory_DO_vs_HV,7.0
KDR,RRA,network_specification,absolute_k40_r0.5__confirmatory_DO_vs_HV,2.0
LRRK2,RRA,network_specification,absolute_k40_r0.5__confirmatory_DO_vs_HV,14.0
LYN,RRA,network_specification,absolute_k40_r0.5__confirmatory_DO_vs_HV,13.0
MET,RRA,network_specification,absolute_k40_r0.5__confirmatory_DO_vs_HV,16.0
PDGFRA,RRA,network_specification,absolute_k40_r0.5__confirmatory_DO_vs_HV,1.0
TYK2,RRA,network_specification,absolute_k40_r0.5__confirmatory_DO_vs_HV,10.5
ABL1,median,network_specification,absolute_k40_r0.5__confirmatory_DO_vs_NDO,10.0
AXL,median,network_specification,absolute_k40_r0.5__confirmatory_DO_vs_NDO,16.0
CDK4,median,network_specification,absolute_k40_r0.5__confirmatory_DO_vs_NDO,11.0
FGFR1,median,network_specification,absolute_k40_r0.5__confirmatory_DO_vs_NDO,8.0
FGFR2,median,network_specification,absolute_k40_r0.5__confirmatory_DO_vs_NDO,3.0
FGFR3,median,network_specification,absolute_k40_r0.5__confirmatory_DO_vs_NDO,7.0
FGFR4,median,network_specification,absolute_k40_r0.5__confirmatory_DO_vs_NDO,15.0
FLT1,median,network_specification,absolute_k40_r0.5__confirmatory_DO_vs_NDO,9.0
FLT3,median,network_specification,absolute_k40_r0.5__confirmatory_DO_vs_NDO,12.0
FLT4,median,network_specification,absolute_k40_r0.5__confirmatory_DO_vs_NDO,1.0
JAK1,median,network_specification,absolute_k40_r0.5__confirmatory_DO_vs_NDO,5.0
KDR,median,network_specification,absolute_k40_r0.5__confirmatory_DO_vs_NDO,4.0
LRRK2,median,network_specification,absolute_k40_r0.5__confirmatory_DO_vs_NDO,14.0
LYN,median,network_specification,absolute_k40_r0.5__confirmatory_DO_vs_NDO,6.0
MET,median,network_specification,absolute_k40_r0.5__confirmatory_DO_vs_NDO,17.0
PDGFRA,median,network_specification,absolute_k40_r0.5__confirmatory_DO_vs_NDO,2.0
TYK2,median,network_specification,absolute_k40_r0.5__confirmatory_DO_vs_NDO,13.0
ABL1,mean,network_specification,absolute_k40_r0.5__confirmatory_DO_vs_NDO,13.0
AXL,mean,network_specification,absolute_k40_r0.5__confirmatory_DO_vs_NDO,16.0
CDK4,mean,network_specification,absolute_k40_r0.5__confirmatory_DO_vs_NDO,11.0
FGFR1,mean,network_specification,absolute_k40_r0.5__confirmatory_DO_vs_NDO,8.0
FGFR2,mean,network_specification,absolute_k40_r0.5__confirmatory_DO_vs_NDO,3.0
FGFR3,mean,network_specification,absolute_k40_r0.5__confirmatory_DO_vs_NDO,7.0
FGFR4,mean,network_specification,absolute_k40_r0.5__confirmatory_DO_vs_NDO,15.0
FLT1,mean,network_specification,absolute_k40_r0.5__confirmatory_DO_vs_NDO,9.0
FLT3,mean,network_specification,absolute_k40_r0.5__confirmatory_DO_vs_NDO,12.0
FLT4,mean,network_specification,absolute_k40_r0.5__confirmatory_DO_vs_NDO,1.0
JAK1,mean,network_specification,absolute_k40_r0.5__confirmatory_DO_vs_NDO,6.0
KDR,mean,network_specification,absolute_k40_r0.5__confirmatory_DO_vs_NDO,5.0
LRRK2,mean,network_specification,absolute_k40_r0.5__confirmatory_DO_vs_NDO,14.0
LYN,mean,network_specification,absolute_k40_r0.5__confirmatory_DO_vs_NDO,4.0
MET,mean,network_specification,absolute_k40_r0.5__confirmatory_DO_vs_NDO,17.0
PDGFRA,mean,network_specification,absolute_k40_r0.5__confirmatory_DO_vs_NDO,2.0
TYK2,mean,network_specification,absolute_k40_r0.5__confirmatory_DO_vs_NDO,10.0
ABL1,geometric,network_specification,absolute_k40_r0.5__confirmatory_DO_vs_NDO,9.0
AXL,geometric,network_specification,absolute_k40_r0.5__confirmatory_DO_vs_NDO,15.0
CDK4,geometric,network_specification,absolute_k40_r0.5__confirmatory_DO_vs_NDO,11.0
FGFR1,geometric,network_specification,absolute_k40_r0.5__confirmatory_DO_vs_NDO,7.0
FGFR2,geometric,network_specification,absolute_k40_r0.5__confirmatory_DO_vs_NDO,3.0
FGFR3,geometric,network_specification,absolute_k40_r0.5__confirmatory_DO_vs_NDO,5.0
FGFR4,geometric,network_specification,absolute_k40_r0.5__confirmatory_DO_vs_NDO,14.0
FLT1,geometric,network_specification,absolute_k40_r0.5__confirmatory_DO_vs_NDO,12.0
FLT3,geometric,network_specification,absolute_k40_r0.5__confirmatory_DO_vs_NDO,10.0
FLT4,geometric,network_specification,absolute_k40_r0.5__confirmatory_DO_vs_NDO,1.0
JAK1,geometric,network_specification,absolute_k40_r0.5__confirmatory_DO_vs_NDO,4.0
KDR,geometric,network_specification,absolute_k40_r0.5__confirmatory_DO_vs_NDO,13.0
LRRK2,geometric,network_specification,absolute_k40_r0.5__confirmatory_DO_vs_NDO,16.0
LYN,geometric,network_specification,absolute_k40_r0.5__confirmatory_DO_vs_NDO,6.0
MET,geometric,network_specification,absolute_k40_r0.5__confirmatory_DO_vs_NDO,17.0
PDGFRA,geometric,network_specification,absolute_k40_r0.5__confirmatory_DO_vs_NDO,2.0
TYK2,geometric,network_specification,absolute_k40_r0.5__confirmatory_DO_vs_NDO,8.0
ABL1,maximin,network_specification,absolute_k40_r0.5__confirmatory_DO_vs_NDO,4.5
AXL,maximin,network_specification,absolute_k40_r0.5__confirmatory_DO_vs_NDO,13.5
CDK4,maximin,network_specification,absolute_k40_r0.5__confirmatory_DO_vs_NDO,10.5
FGFR1,maximin,network_specification,absolute_k40_r0.5__confirmatory_DO_vs_NDO,10.5
FGFR2,maximin,network_specification,absolute_k40_r0.5__confirmatory_DO_vs_NDO,3.0
FGFR3,maximin,network_specification,absolute_k40_r0.5__confirmatory_DO_vs_NDO,6.0
FGFR4,maximin,network_specification,absolute_k40_r0.5__confirmatory_DO_vs_NDO,13.5
FLT1,maximin,network_specification,absolute_k40_r0.5__confirmatory_DO_vs_NDO,12.0
FLT3,maximin,network_specification,absolute_k40_r0.5__confirmatory_DO_vs_NDO,8.5
FLT4,maximin,network_specification,absolute_k40_r0.5__confirmatory_DO_vs_NDO,1.0
JAK1,maximin,network_specification,absolute_k40_r0.5__confirmatory_DO_vs_NDO,4.5
KDR,maximin,network_specification,absolute_k40_r0.5__confirmatory_DO_vs_NDO,16.0
LRRK2,maximin,network_specification,absolute_k40_r0.5__confirmatory_DO_vs_NDO,16.0
LYN,maximin,network_specification,absolute_k40_r0.5__confirmatory_DO_vs_NDO,8.5
MET,maximin,network_specification,absolute_k40_r0.5__confirmatory_DO_vs_NDO,16.0
PDGFRA,maximin,network_specification,absolute_k40_r0.5__confirmatory_DO_vs_NDO,2.0
TYK2,maximin,network_specification,absolute_k40_r0.5__confirmatory_DO_vs_NDO,7.0
ABL1,RRA,network_specification,absolute_k40_r0.5__confirmatory_DO_vs_NDO,9.0
AXL,RRA,network_specification,absolute_k40_r0.5__confirmatory_DO_vs_NDO,16.0
CDK4,RRA,network_specification,absolute_k40_r0.5__confirmatory_DO_vs_NDO,6.0
FGFR1,RRA,network_specification,absolute_k40_r0.5__confirmatory_DO_vs_NDO,14.0
FGFR2,RRA,network_specification,absolute_k40_r0.5__confirmatory_DO_vs_NDO,7.0
FGFR3,RRA,network_specification,absolute_k40_r0.5__confirmatory_DO_vs_NDO,10.0
FGFR4,RRA,network_specification,absolute_k40_r0.5__confirmatory_DO_vs_NDO,15.0
FLT1,RRA,network_specification,absolute_k40_r0.5__confirmatory_DO_vs_NDO,12.0
FLT3,RRA,network_specification,absolute_k40_r0.5__confirmatory_DO_vs_NDO,12.0
FLT4,RRA,network_specification,absolute_k40_r0.5__confirmatory_DO_vs_NDO,2.0
JAK1,RRA,network_specification,absolute_k40_r0.5__confirmatory_DO_vs_NDO,8.0
KDR,RRA,network_specification,absolute_k40_r0.5__confirmatory_DO_vs_NDO,1.0
LRRK2,RRA,network_specification,absolute_k40_r0.5__confirmatory_DO_vs_NDO,12.0
LYN,RRA,network_specification,absolute_k40_r0.5__confirmatory_DO_vs_NDO,4.0
MET,RRA,network_specification,absolute_k40_r0.5__confirmatory_DO_vs_NDO,17.0
PDGFRA,RRA,network_specification,absolute_k40_r0.5__confirmatory_DO_vs_NDO,3.0
TYK2,RRA,network_specification,absolute_k40_r0.5__confirmatory_DO_vs_NDO,5.0
ABL1,median,network_specification,absolute_k40_r0.5__discovery_DO_vs_HV,10.0
AXL,median,network_specification,absolute_k40_r0.5__discovery_DO_vs_HV,16.0
CDK4,median,network_specification,absolute_k40_r0.5__discovery_DO_vs_HV,13.0
FGFR1,median,network_specification,absolute_k40_r0.5__discovery_DO_vs_HV,9.0
FGFR2,median,network_specification,absolute_k40_r0.5__discovery_DO_vs_HV,5.0
FGFR3,median,network_specification,absolute_k40_r0.5__discovery_DO_vs_HV,8.0
FGFR4,median,network_specification,absolute_k40_r0.5__discovery_DO_vs_HV,15.0
FLT1,median,network_specification,absolute_k40_r0.5__discovery_DO_vs_HV,6.0
FLT3,median,network_specification,absolute_k40_r0.5__discovery_DO_vs_HV,11.0
FLT4,median,network_specification,absolute_k40_r0.5__discovery_DO_vs_HV,2.0
JAK1,median,network_specification,absolute_k40_r0.5__discovery_DO_vs_HV,7.0
KDR,median,network_specification,absolute_k40_r0.5__discovery_DO_vs_HV,4.0
LRRK2,median,network_specification,absolute_k40_r0.5__discovery_DO_vs_HV,14.0
LYN,median,network_specification,absolute_k40_r0.5__discovery_DO_vs_HV,3.0
MET,median,network_specification,absolute_k40_r0.5__discovery_DO_vs_HV,17.0
PDGFRA,median,network_specification,absolute_k40_r0.5__discovery_DO_vs_HV,1.0
TYK2,median,network_specification,absolute_k40_r0.5__discovery_DO_vs_HV,12.0
ABL1,mean,network_specification,absolute_k40_r0.5__discovery_DO_vs_HV,13.0
AXL,mean,network_specification,absolute_k40_r0.5__discovery_DO_vs_HV,16.0
CDK4,mean,network_specification,absolute_k40_r0.5__discovery_DO_vs_HV,11.0
FGFR1,mean,network_specification,absolute_k40_r0.5__discovery_DO_vs_HV,9.0
FGFR2,mean,network_specification,absolute_k40_r0.5__discovery_DO_vs_HV,3.0
FGFR3,mean,network_specification,absolute_k40_r0.5__discovery_DO_vs_HV,8.0
FGFR4,mean,network_specification,absolute_k40_r0.5__discovery_DO_vs_HV,15.0
FLT1,mean,network_specification,absolute_k40_r0.5__discovery_DO_vs_HV,6.5
FLT3,mean,network_specification,absolute_k40_r0.5__discovery_DO_vs_HV,10.0
FLT4,mean,network_specification,absolute_k40_r0.5__discovery_DO_vs_HV,2.0
JAK1,mean,network_specification,absolute_k40_r0.5__discovery_DO_vs_HV,6.5
KDR,mean,network_specification,absolute_k40_r0.5__discovery_DO_vs_HV,5.0
LRRK2,mean,network_specification,absolute_k40_r0.5__discovery_DO_vs_HV,14.0
LYN,mean,network_specification,absolute_k40_r0.5__discovery_DO_vs_HV,4.0
MET,mean,network_specification,absolute_k40_r0.5__discovery_DO_vs_HV,17.0
PDGFRA,mean,network_specification,absolute_k40_r0.5__discovery_DO_vs_HV,1.0
TYK2,mean,network_specification,absolute_k40_r0.5__discovery_DO_vs_HV,12.0
ABL1,geometric,network_specification,absolute_k40_r0.5__discovery_DO_vs_HV,10.0
AXL,geometric,network_specification,absolute_k40_r0.5__discovery_DO_vs_HV,16.0
CDK4,geometric,network_specification,absolute_k40_r0.5__discovery_DO_vs_HV,13.0
FGFR1,geometric,network_specification,absolute_k40_r0.5__discovery_DO_vs_HV,12.0
FGFR2,geometric,network_specification,absolute_k40_r0.5__discovery_DO_vs_HV,3.0
FGFR3,geometric,network_specification,absolute_k40_r0.5__discovery_DO_vs_HV,5.0
FGFR4,geometric,network_specification,absolute_k40_r0.5__discovery_DO_vs_HV,14.0
FLT1,geometric,network_specification,absolute_k40_r0.5__discovery_DO_vs_HV,8.0
FLT3,geometric,network_specification,absolute_k40_r0.5__discovery_DO_vs_HV,9.0
FLT4,geometric,network_specification,absolute_k40_r0.5__discovery_DO_vs_HV,2.0
JAK1,geometric,network_specification,absolute_k40_r0.5__discovery_DO_vs_HV,4.0
KDR,geometric,network_specification,absolute_k40_r0.5__discovery_DO_vs_HV,7.0
LRRK2,geometric,network_specification,absolute_k40_r0.5__discovery_DO_vs_HV,15.0
LYN,geometric,network_specification,absolute_k40_r0.5__discovery_DO_vs_HV,6.0
MET,geometric,network_specification,absolute_k40_r0.5__discovery_DO_vs_HV,17.0
PDGFRA,geometric,network_specification,absolute_k40_r0.5__discovery_DO_vs_HV,1.0
TYK2,geometric,network_specification,absolute_k40_r0.5__discovery_DO_vs_HV,11.0
ABL1,maximin,network_specification,absolute_k40_r0.5__discovery_DO_vs_HV,4.5
AXL,maximin,network_specification,absolute_k40_r0.5__discovery_DO_vs_HV,16.0
CDK4,maximin,network_specification,absolute_k40_r0.5__discovery_DO_vs_HV,10.5
FGFR1,maximin,network_specification,absolute_k40_r0.5__discovery_DO_vs_HV,13.5
FGFR2,maximin,network_specification,absolute_k40_r0.5__discovery_DO_vs_HV,3.0
FGFR3,maximin,network_specification,absolute_k40_r0.5__discovery_DO_vs_HV,6.0
FGFR4,maximin,network_specification,absolute_k40_r0.5__discovery_DO_vs_HV,13.5
FLT1,maximin,network_specification,absolute_k40_r0.5__discovery_DO_vs_HV,12.0
FLT3,maximin,network_specification,absolute_k40_r0.5__discovery_DO_vs_HV,7.5
FLT4,maximin,network_specification,absolute_k40_r0.5__discovery_DO_vs_HV,2.0
JAK1,maximin,network_specification,absolute_k40_r0.5__discovery_DO_vs_HV,4.5
KDR,maximin,network_specification,absolute_k40_r0.5__discovery_DO_vs_HV,10.5
LRRK2,maximin,network_specification,absolute_k40_r0.5__discovery_DO_vs_HV,16.0
LYN,maximin,network_specification,absolute_k40_r0.5__discovery_DO_vs_HV,9.0
MET,maximin,network_specification,absolute_k40_r0.5__discovery_DO_vs_HV,16.0
PDGFRA,maximin,network_specification,absolute_k40_r0.5__discovery_DO_vs_HV,1.0
TYK2,maximin,network_specification,absolute_k40_r0.5__discovery_DO_vs_HV,7.5
ABL1,RRA,network_specification,absolute_k40_r0.5__discovery_DO_vs_HV,9.0
AXL,RRA,network_specification,absolute_k40_r0.5__discovery_DO_vs_HV,16.5
CDK4,RRA,network_specification,absolute_k40_r0.5__discovery_DO_vs_HV,5.0
FGFR1,RRA,network_specification,absolute_k40_r0.5__discovery_DO_vs_HV,13.0
FGFR2,RRA,network_specification,absolute_k40_r0.5__discovery_DO_vs_HV,6.0
FGFR3,RRA,network_specification,absolute_k40_r0.5__discovery_DO_vs_HV,10.0
FGFR4,RRA,network_specification,absolute_k40_r0.5__discovery_DO_vs_HV,15.0
FLT1,RRA,network_specification,absolute_k40_r0.5__discovery_DO_vs_HV,7.5
FLT3,RRA,network_specification,absolute_k40_r0.5__discovery_DO_vs_HV,11.5
FLT4,RRA,network_specification,absolute_k40_r0.5__discovery_DO_vs_HV,3.0
JAK1,RRA,network_specification,absolute_k40_r0.5__discovery_DO_vs_HV,7.5
KDR,RRA,network_specification,absolute_k40_r0.5__discovery_DO_vs_HV,2.0
LRRK2,RRA,network_specification,absolute_k40_r0.5__discovery_DO_vs_HV,14.0
LYN,RRA,network_specification,absolute_k40_r0.5__discovery_DO_vs_HV,4.0
MET,RRA,network_specification,absolute_k40_r0.5__discovery_DO_vs_HV,16.5
PDGFRA,RRA,network_specification,absolute_k40_r0.5__discovery_DO_vs_HV,1.0
TYK2,RRA,network_specification,absolute_k40_r0.5__discovery_DO_vs_HV,11.5
ABL1,median,network_specification,absolute_k40_r0.5__discovery_DO_vs_NDO,10.0
AXL,median,network_specification,absolute_k40_r0.5__discovery_DO_vs_NDO,16.0
CDK4,median,network_specification,absolute_k40_r0.5__discovery_DO_vs_NDO,12.0
FGFR1,median,network_specification,absolute_k40_r0.5__discovery_DO_vs_NDO,9.0
FGFR2,median,network_specification,absolute_k40_r0.5__discovery_DO_vs_NDO,5.0
FGFR3,median,network_specification,absolute_k40_r0.5__discovery_DO_vs_NDO,8.0
FGFR4,median,network_specification,absolute_k40_r0.5__discovery_DO_vs_NDO,15.0
FLT1,median,network_specification,absolute_k40_r0.5__discovery_DO_vs_NDO,6.0
FLT3,median,network_specification,absolute_k40_r0.5__discovery_DO_vs_NDO,11.0
FLT4,median,network_specification,absolute_k40_r0.5__discovery_DO_vs_NDO,2.0
JAK1,median,network_specification,absolute_k40_r0.5__discovery_DO_vs_NDO,7.0
KDR,median,network_specification,absolute_k40_r0.5__discovery_DO_vs_NDO,4.0
LRRK2,median,network_specification,absolute_k40_r0.5__discovery_DO_vs_NDO,14.0
LYN,median,network_specification,absolute_k40_r0.5__discovery_DO_vs_NDO,3.0
MET,median,network_specification,absolute_k40_r0.5__discovery_DO_vs_NDO,17.0
PDGFRA,median,network_specification,absolute_k40_r0.5__discovery_DO_vs_NDO,1.0
TYK2,median,network_specification,absolute_k40_r0.5__discovery_DO_vs_NDO,13.0
ABL1,mean,network_specification,absolute_k40_r0.5__discovery_DO_vs_NDO,13.0
AXL,mean,network_specification,absolute_k40_r0.5__discovery_DO_vs_NDO,16.0
CDK4,mean,network_specification,absolute_k40_r0.5__discovery_DO_vs_NDO,12.0
FGFR1,mean,network_specification,absolute_k40_r0.5__discovery_DO_vs_NDO,9.0
FGFR2,mean,network_specification,absolute_k40_r0.5__discovery_DO_vs_NDO,3.0
FGFR3,mean,network_specification,absolute_k40_r0.5__discovery_DO_vs_NDO,8.0
FGFR4,mean,network_specification,absolute_k40_r0.5__discovery_DO_vs_NDO,15.0
FLT1,mean,network_specification,absolute_k40_r0.5__discovery_DO_vs_NDO,6.0
FLT3,mean,network_specification,absolute_k40_r0.5__discovery_DO_vs_NDO,10.0
FLT4,mean,network_specification,absolute_k40_r0.5__discovery_DO_vs_NDO,2.0
JAK1,mean,network_specification,absolute_k40_r0.5__discovery_DO_vs_NDO,7.0
KDR,mean,network_specification,absolute_k40_r0.5__discovery_DO_vs_NDO,5.0
LRRK2,mean,network_specification,absolute_k40_r0.5__discovery_DO_vs_NDO,14.0
LYN,mean,network_specification,absolute_k40_r0.5__discovery_DO_vs_NDO,4.0
MET,mean,network_specification,absolute_k40_r0.5__discovery_DO_vs_NDO,17.0
PDGFRA,mean,network_specification,absolute_k40_r0.5__discovery_DO_vs_NDO,1.0
TYK2,mean,network_specification,absolute_k40_r0.5__discovery_DO_vs_NDO,11.0
ABL1,geometric,network_specification,absolute_k40_r0.5__discovery_DO_vs_NDO,11.0
AXL,geometric,network_specification,absolute_k40_r0.5__discovery_DO_vs_NDO,16.0
CDK4,geometric,network_specification,absolute_k40_r0.5__discovery_DO_vs_NDO,13.0
FGFR1,geometric,network_specification,absolute_k40_r0.5__discovery_DO_vs_NDO,7.0
FGFR2,geometric,network_specification,absolute_k40_r0.5__discovery_DO_vs_NDO,3.0
FGFR3,geometric,network_specification,absolute_k40_r0.5__discovery_DO_vs_NDO,5.0
FGFR4,geometric,network_specification,absolute_k40_r0.5__discovery_DO_vs_NDO,14.0
FLT1,geometric,network_specification,absolute_k40_r0.5__discovery_DO_vs_NDO,8.0
FLT3,geometric,network_specification,absolute_k40_r0.5__discovery_DO_vs_NDO,9.0
FLT4,geometric,network_specification,absolute_k40_r0.5__discovery_DO_vs_NDO,2.0
JAK1,geometric,network_specification,absolute_k40_r0.5__discovery_DO_vs_NDO,4.0
KDR,geometric,network_specification,absolute_k40_r0.5__discovery_DO_vs_NDO,12.0
LRRK2,geometric,network_specification,absolute_k40_r0.5__discovery_DO_vs_NDO,15.0
LYN,geometric,network_specification,absolute_k40_r0.5__discovery_DO_vs_NDO,6.0
MET,geometric,network_specification,absolute_k40_r0.5__discovery_DO_vs_NDO,17.0
PDGFRA,geometric,network_specification,absolute_k40_r0.5__discovery_DO_vs_NDO,1.0
TYK2,geometric,network_specification,absolute_k40_r0.5__discovery_DO_vs_NDO,10.0
ABL1,maximin,network_specification,absolute_k40_r0.5__discovery_DO_vs_NDO,4.5
AXL,maximin,network_specification,absolute_k40_r0.5__discovery_DO_vs_NDO,16.0
CDK4,maximin,network_specification,absolute_k40_r0.5__discovery_DO_vs_NDO,10.5
FGFR1,maximin,network_specification,absolute_k40_r0.5__discovery_DO_vs_NDO,10.5
FGFR2,maximin,network_specification,absolute_k40_r0.5__discovery_DO_vs_NDO,3.0
FGFR3,maximin,network_specification,absolute_k40_r0.5__discovery_DO_vs_NDO,6.0
FGFR4,maximin,network_specification,absolute_k40_r0.5__discovery_DO_vs_NDO,13.5
FLT1,maximin,network_specification,absolute_k40_r0.5__discovery_DO_vs_NDO,12.0
FLT3,maximin,network_specification,absolute_k40_r0.5__discovery_DO_vs_NDO,7.5
FLT4,maximin,network_specification,absolute_k40_r0.5__discovery_DO_vs_NDO,2.0
JAK1,maximin,network_specification,absolute_k40_r0.5__discovery_DO_vs_NDO,4.5
KDR,maximin,network_specification,absolute_k40_r0.5__discovery_DO_vs_NDO,13.5
LRRK2,maximin,network_specification,absolute_k40_r0.5__discovery_DO_vs_NDO,16.0
LYN,maximin,network_specification,absolute_k40_r0.5__discovery_DO_vs_NDO,9.0
MET,maximin,network_specification,absolute_k40_r0.5__discovery_DO_vs_NDO,16.0
PDGFRA,maximin,network_specification,absolute_k40_r0.5__discovery_DO_vs_NDO,1.0
TYK2,maximin,network_specification,absolute_k40_r0.5__discovery_DO_vs_NDO,7.5
ABL1,RRA,network_specification,absolute_k40_r0.5__discovery_DO_vs_NDO,10.0
AXL,RRA,network_specification,absolute_k40_r0.5__discovery_DO_vs_NDO,16.0
CDK4,RRA,network_specification,absolute_k40_r0.5__discovery_DO_vs_NDO,6.0
FGFR1,RRA,network_specification,absolute_k40_r0.5__discovery_DO_vs_NDO,13.0
FGFR2,RRA,network_specification,absolute_k40_r0.5__discovery_DO_vs_NDO,7.0
FGFR3,RRA,network_specification,absolute_k40_r0.5__discovery_DO_vs_NDO,11.0
FGFR4,RRA,network_specification,absolute_k40_r0.5__discovery_DO_vs_NDO,15.0
FLT1,RRA,network_specification,absolute_k40_r0.5__discovery_DO_vs_NDO,8.5
FLT3,RRA,network_specification,absolute_k40_r0.5__discovery_DO_vs_NDO,12.0
FLT4,RRA,network_specification,absolute_k40_r0.5__discovery_DO_vs_NDO,3.0
JAK1,RRA,network_specification,absolute_k40_r0.5__discovery_DO_vs_NDO,8.5
KDR,RRA,network_specification,absolute_k40_r0.5__discovery_DO_vs_NDO,2.0
LRRK2,RRA,network_specification,absolute_k40_r0.5__discovery_DO_vs_NDO,14.0
LYN,RRA,network_specification,absolute_k40_r0.5__discovery_DO_vs_NDO,4.0
MET,RRA,network_specification,absolute_k40_r0.5__discovery_DO_vs_NDO,17.0
PDGFRA,RRA,network_specification,absolute_k40_r0.5__discovery_DO_vs_NDO,1.0
TYK2,RRA,network_specification,absolute_k40_r0.5__discovery_DO_vs_NDO,5.0
ABL1,median,network_specification,absolute_k40_r0.7__confirmatory_DO_vs_HV,10.0
AXL,median,network_specification,absolute_k40_r0.7__confirmatory_DO_vs_HV,16.0
CDK4,median,network_specification,absolute_k40_r0.7__confirmatory_DO_vs_HV,13.0
FGFR1,median,network_specification,absolute_k40_r0.7__confirmatory_DO_vs_HV,8.0
FGFR2,median,network_specification,absolute_k40_r0.7__confirmatory_DO_vs_HV,5.0
FGFR3,median,network_specification,absolute_k40_r0.7__confirmatory_DO_vs_HV,7.0
FGFR4,median,network_specification,absolute_k40_r0.7__confirmatory_DO_vs_HV,15.0
FLT1,median,network_specification,absolute_k40_r0.7__confirmatory_DO_vs_HV,3.0
FLT3,median,network_specification,absolute_k40_r0.7__confirmatory_DO_vs_HV,11.0
FLT4,median,network_specification,absolute_k40_r0.7__confirmatory_DO_vs_HV,1.0
JAK1,median,network_specification,absolute_k40_r0.7__confirmatory_DO_vs_HV,6.0
KDR,median,network_specification,absolute_k40_r0.7__confirmatory_DO_vs_HV,4.0
LRRK2,median,network_specification,absolute_k40_r0.7__confirmatory_DO_vs_HV,14.0
LYN,median,network_specification,absolute_k40_r0.7__confirmatory_DO_vs_HV,9.0
MET,median,network_specification,absolute_k40_r0.7__confirmatory_DO_vs_HV,17.0
PDGFRA,median,network_specification,absolute_k40_r0.7__confirmatory_DO_vs_HV,2.0
TYK2,median,network_specification,absolute_k40_r0.7__confirmatory_DO_vs_HV,12.0
ABL1,mean,network_specification,absolute_k40_r0.7__confirmatory_DO_vs_HV,12.0
AXL,mean,network_specification,absolute_k40_r0.7__confirmatory_DO_vs_HV,16.0
CDK4,mean,network_specification,absolute_k40_r0.7__confirmatory_DO_vs_HV,11.0
FGFR1,mean,network_specification,absolute_k40_r0.7__confirmatory_DO_vs_HV,10.0
FGFR2,mean,network_specification,absolute_k40_r0.7__confirmatory_DO_vs_HV,3.0
FGFR3,mean,network_specification,absolute_k40_r0.7__confirmatory_DO_vs_HV,7.0
FGFR4,mean,network_specification,absolute_k40_r0.7__confirmatory_DO_vs_HV,15.0
FLT1,mean,network_specification,absolute_k40_r0.7__confirmatory_DO_vs_HV,5.0
FLT3,mean,network_specification,absolute_k40_r0.7__confirmatory_DO_vs_HV,9.0
FLT4,mean,network_specification,absolute_k40_r0.7__confirmatory_DO_vs_HV,2.0
JAK1,mean,network_specification,absolute_k40_r0.7__confirmatory_DO_vs_HV,6.0
KDR,mean,network_specification,absolute_k40_r0.7__confirmatory_DO_vs_HV,4.0
LRRK2,mean,network_specification,absolute_k40_r0.7__confirmatory_DO_vs_HV,13.0
LYN,mean,network_specification,absolute_k40_r0.7__confirmatory_DO_vs_HV,8.0
MET,mean,network_specification,absolute_k40_r0.7__confirmatory_DO_vs_HV,17.0
PDGFRA,mean,network_specification,absolute_k40_r0.7__confirmatory_DO_vs_HV,1.0
TYK2,mean,network_specification,absolute_k40_r0.7__confirmatory_DO_vs_HV,14.0
ABL1,geometric,network_specification,absolute_k40_r0.7__confirmatory_DO_vs_HV,10.0
AXL,geometric,network_specification,absolute_k40_r0.7__confirmatory_DO_vs_HV,15.0
CDK4,geometric,network_specification,absolute_k40_r0.7__confirmatory_DO_vs_HV,12.0
FGFR1,geometric,network_specification,absolute_k40_r0.7__confirmatory_DO_vs_HV,13.0
FGFR2,geometric,network_specification,absolute_k40_r0.7__confirmatory_DO_vs_HV,3.0
FGFR3,geometric,network_specification,absolute_k40_r0.7__confirmatory_DO_vs_HV,5.0
FGFR4,geometric,network_specification,absolute_k40_r0.7__confirmatory_DO_vs_HV,14.0
FLT1,geometric,network_specification,absolute_k40_r0.7__confirmatory_DO_vs_HV,6.0
FLT3,geometric,network_specification,absolute_k40_r0.7__confirmatory_DO_vs_HV,9.0
FLT4,geometric,network_specification,absolute_k40_r0.7__confirmatory_DO_vs_HV,2.0
JAK1,geometric,network_specification,absolute_k40_r0.7__confirmatory_DO_vs_HV,4.0
KDR,geometric,network_specification,absolute_k40_r0.7__confirmatory_DO_vs_HV,8.0
LRRK2,geometric,network_specification,absolute_k40_r0.7__confirmatory_DO_vs_HV,16.0
LYN,geometric,network_specification,absolute_k40_r0.7__confirmatory_DO_vs_HV,7.0
MET,geometric,network_specification,absolute_k40_r0.7__confirmatory_DO_vs_HV,17.0
PDGFRA,geometric,network_specification,absolute_k40_r0.7__confirmatory_DO_vs_HV,1.0
TYK2,geometric,network_specification,absolute_k40_r0.7__confirmatory_DO_vs_HV,11.0
ABL1,maximin,network_specification,absolute_k40_r0.7__confirmatory_DO_vs_HV,4.5
AXL,maximin,network_specification,absolute_k40_r0.7__confirmatory_DO_vs_HV,13.5
CDK4,maximin,network_specification,absolute_k40_r0.7__confirmatory_DO_vs_HV,10.5
FGFR1,maximin,network_specification,absolute_k40_r0.7__confirmatory_DO_vs_HV,16.0
FGFR2,maximin,network_specification,absolute_k40_r0.7__confirmatory_DO_vs_HV,3.0
FGFR3,maximin,network_specification,absolute_k40_r0.7__confirmatory_DO_vs_HV,6.0
FGFR4,maximin,network_specification,absolute_k40_r0.7__confirmatory_DO_vs_HV,13.5
FLT1,maximin,network_specification,absolute_k40_r0.7__confirmatory_DO_vs_HV,12.0
FLT3,maximin,network_specification,absolute_k40_r0.7__confirmatory_DO_vs_HV,7.5
FLT4,maximin,network_specification,absolute_k40_r0.7__confirmatory_DO_vs_HV,2.0
JAK1,maximin,network_specification,absolute_k40_r0.7__confirmatory_DO_vs_HV,4.5
KDR,maximin,network_specification,absolute_k40_r0.7__confirmatory_DO_vs_HV,10.5
LRRK2,maximin,network_specification,absolute_k40_r0.7__confirmatory_DO_vs_HV,16.0
LYN,maximin,network_specification,absolute_k40_r0.7__confirmatory_DO_vs_HV,9.0
MET,maximin,network_specification,absolute_k40_r0.7__confirmatory_DO_vs_HV,16.0
PDGFRA,maximin,network_specification,absolute_k40_r0.7__confirmatory_DO_vs_HV,1.0
TYK2,maximin,network_specification,absolute_k40_r0.7__confirmatory_DO_vs_HV,7.5
ABL1,RRA,network_specification,absolute_k40_r0.7__confirmatory_DO_vs_HV,8.0
AXL,RRA,network_specification,absolute_k40_r0.7__confirmatory_DO_vs_HV,15.5
CDK4,RRA,network_specification,absolute_k40_r0.7__confirmatory_DO_vs_HV,4.0
FGFR1,RRA,network_specification,absolute_k40_r0.7__confirmatory_DO_vs_HV,13.0
FGFR2,RRA,network_specification,absolute_k40_r0.7__confirmatory_DO_vs_HV,5.0
FGFR3,RRA,network_specification,absolute_k40_r0.7__confirmatory_DO_vs_HV,9.0
FGFR4,RRA,network_specification,absolute_k40_r0.7__confirmatory_DO_vs_HV,15.5
FLT1,RRA,network_specification,absolute_k40_r0.7__confirmatory_DO_vs_HV,6.0
FLT3,RRA,network_specification,absolute_k40_r0.7__confirmatory_DO_vs_HV,10.5
FLT4,RRA,network_specification,absolute_k40_r0.7__confirmatory_DO_vs_HV,3.0
JAK1,RRA,network_specification,absolute_k40_r0.7__confirmatory_DO_vs_HV,7.0
KDR,RRA,network_specification,absolute_k40_r0.7__confirmatory_DO_vs_HV,2.0
LRRK2,RRA,network_specification,absolute_k40_r0.7__confirmatory_DO_vs_HV,12.0
LYN,RRA,network_specification,absolute_k40_r0.7__confirmatory_DO_vs_HV,14.0
MET,RRA,network_specification,absolute_k40_r0.7__confirmatory_DO_vs_HV,17.0
PDGFRA,RRA,network_specification,absolute_k40_r0.7__confirmatory_DO_vs_HV,1.0
TYK2,RRA,network_specification,absolute_k40_r0.7__confirmatory_DO_vs_HV,10.5
ABL1,median,network_specification,absolute_k40_r0.7__confirmatory_DO_vs_NDO,10.0
AXL,median,network_specification,absolute_k40_r0.7__confirmatory_DO_vs_NDO,16.0
CDK4,median,network_specification,absolute_k40_r0.7__confirmatory_DO_vs_NDO,12.0
FGFR1,median,network_specification,absolute_k40_r0.7__confirmatory_DO_vs_NDO,8.0
FGFR2,median,network_specification,absolute_k40_r0.7__confirmatory_DO_vs_NDO,3.0
FGFR3,median,network_specification,absolute_k40_r0.7__confirmatory_DO_vs_NDO,7.0
FGFR4,median,network_specification,absolute_k40_r0.7__confirmatory_DO_vs_NDO,15.0
FLT1,median,network_specification,absolute_k40_r0.7__confirmatory_DO_vs_NDO,9.0
FLT3,median,network_specification,absolute_k40_r0.7__confirmatory_DO_vs_NDO,11.0
FLT4,median,network_specification,absolute_k40_r0.7__confirmatory_DO_vs_NDO,1.0
JAK1,median,network_specification,absolute_k40_r0.7__confirmatory_DO_vs_NDO,5.0
KDR,median,network_specification,absolute_k40_r0.7__confirmatory_DO_vs_NDO,4.0
LRRK2,median,network_specification,absolute_k40_r0.7__confirmatory_DO_vs_NDO,14.0
LYN,median,network_specification,absolute_k40_r0.7__confirmatory_DO_vs_NDO,6.0
MET,median,network_specification,absolute_k40_r0.7__confirmatory_DO_vs_NDO,17.0
PDGFRA,median,network_specification,absolute_k40_r0.7__confirmatory_DO_vs_NDO,2.0
TYK2,median,network_specification,absolute_k40_r0.7__confirmatory_DO_vs_NDO,13.0
ABL1,mean,network_specification,absolute_k40_r0.7__confirmatory_DO_vs_NDO,13.0
AXL,mean,network_specification,absolute_k40_r0.7__confirmatory_DO_vs_NDO,16.0
CDK4,mean,network_specification,absolute_k40_r0.7__confirmatory_DO_vs_NDO,12.0
FGFR1,mean,network_specification,absolute_k40_r0.7__confirmatory_DO_vs_NDO,8.0
FGFR2,mean,network_specification,absolute_k40_r0.7__confirmatory_DO_vs_NDO,3.0
FGFR3,mean,network_specification,absolute_k40_r0.7__confirmatory_DO_vs_NDO,7.0
FGFR4,mean,network_specification,absolute_k40_r0.7__confirmatory_DO_vs_NDO,15.0
FLT1,mean,network_specification,absolute_k40_r0.7__confirmatory_DO_vs_NDO,9.0
FLT3,mean,network_specification,absolute_k40_r0.7__confirmatory_DO_vs_NDO,11.0
FLT4,mean,network_specification,absolute_k40_r0.7__confirmatory_DO_vs_NDO,1.0
JAK1,mean,network_specification,absolute_k40_r0.7__confirmatory_DO_vs_NDO,6.0
KDR,mean,network_specification,absolute_k40_r0.7__confirmatory_DO_vs_NDO,5.0
LRRK2,mean,network_specification,absolute_k40_r0.7__confirmatory_DO_vs_NDO,14.0
LYN,mean,network_specification,absolute_k40_r0.7__confirmatory_DO_vs_NDO,4.0
MET,mean,network_specification,absolute_k40_r0.7__confirmatory_DO_vs_NDO,17.0
PDGFRA,mean,network_specification,absolute_k40_r0.7__confirmatory_DO_vs_NDO,2.0
TYK2,mean,network_specification,absolute_k40_r0.7__confirmatory_DO_vs_NDO,10.0
ABL1,geometric,network_specification,absolute_k40_r0.7__confirmatory_DO_vs_NDO,8.0
AXL,geometric,network_specification,absolute_k40_r0.7__confirmatory_DO_vs_NDO,15.0
CDK4,geometric,network_specification,absolute_k40_r0.7__confirmatory_DO_vs_NDO,12.0
FGFR1,geometric,network_specification,absolute_k40_r0.7__confirmatory_DO_vs_NDO,7.0
FGFR2,geometric,network_specification,absolute_k40_r0.7__confirmatory_DO_vs_NDO,3.0
FGFR3,geometric,network_specification,absolute_k40_r0.7__confirmatory_DO_vs_NDO,5.0
FGFR4,geometric,network_specification,absolute_k40_r0.7__confirmatory_DO_vs_NDO,14.0
FLT1,geometric,network_specification,absolute_k40_r0.7__confirmatory_DO_vs_NDO,11.0
FLT3,geometric,network_specification,absolute_k40_r0.7__confirmatory_DO_vs_NDO,10.0
FLT4,geometric,network_specification,absolute_k40_r0.7__confirmatory_DO_vs_NDO,1.0
JAK1,geometric,network_specification,absolute_k40_r0.7__confirmatory_DO_vs_NDO,4.0
KDR,geometric,network_specification,absolute_k40_r0.7__confirmatory_DO_vs_NDO,13.0
LRRK2,geometric,network_specification,absolute_k40_r0.7__confirmatory_DO_vs_NDO,16.0
LYN,geometric,network_specification,absolute_k40_r0.7__confirmatory_DO_vs_NDO,6.0
MET,geometric,network_specification,absolute_k40_r0.7__confirmatory_DO_vs_NDO,17.0
PDGFRA,geometric,network_specification,absolute_k40_r0.7__confirmatory_DO_vs_NDO,2.0
TYK2,geometric,network_specification,absolute_k40_r0.7__confirmatory_DO_vs_NDO,9.0
ABL1,maximin,network_specification,absolute_k40_r0.7__confirmatory_DO_vs_NDO,4.5
AXL,maximin,network_specification,absolute_k40_r0.7__confirmatory_DO_vs_NDO,13.5
CDK4,maximin,network_specification,absolute_k40_r0.7__confirmatory_DO_vs_NDO,10.5
FGFR1,maximin,network_specification,absolute_k40_r0.7__confirmatory_DO_vs_NDO,10.5
FGFR2,maximin,network_specification,absolute_k40_r0.7__confirmatory_DO_vs_NDO,3.0
FGFR3,maximin,network_specification,absolute_k40_r0.7__confirmatory_DO_vs_NDO,6.0
FGFR4,maximin,network_specification,absolute_k40_r0.7__confirmatory_DO_vs_NDO,13.5
FLT1,maximin,network_specification,absolute_k40_r0.7__confirmatory_DO_vs_NDO,12.0
FLT3,maximin,network_specification,absolute_k40_r0.7__confirmatory_DO_vs_NDO,8.5
FLT4,maximin,network_specification,absolute_k40_r0.7__confirmatory_DO_vs_NDO,1.0
JAK1,maximin,network_specification,absolute_k40_r0.7__confirmatory_DO_vs_NDO,4.5
KDR,maximin,network_specification,absolute_k40_r0.7__confirmatory_DO_vs_NDO,16.0
LRRK2,maximin,network_specification,absolute_k40_r0.7__confirmatory_DO_vs_NDO,16.0
LYN,maximin,network_specification,absolute_k40_r0.7__confirmatory_DO_vs_NDO,8.5
MET,maximin,network_specification,absolute_k40_r0.7__confirmatory_DO_vs_NDO,16.0
PDGFRA,maximin,network_specification,absolute_k40_r0.7__confirmatory_DO_vs_NDO,2.0
TYK2,maximin,network_specification,absolute_k40_r0.7__confirmatory_DO_vs_NDO,7.0
ABL1,RRA,network_specification,absolute_k40_r0.7__confirmatory_DO_vs_NDO,9.0
AXL,RRA,network_specification,absolute_k40_r0.7__confirmatory_DO_vs_NDO,15.5
CDK4,RRA,network_specification,absolute_k40_r0.7__confirmatory_DO_vs_NDO,6.0
FGFR1,RRA,network_specification,absolute_k40_r0.7__confirmatory_DO_vs_NDO,14.0
FGFR2,RRA,network_specification,absolute_k40_r0.7__confirmatory_DO_vs_NDO,7.0
FGFR3,RRA,network_specification,absolute_k40_r0.7__confirmatory_DO_vs_NDO,10.0
FGFR4,RRA,network_specification,absolute_k40_r0.7__confirmatory_DO_vs_NDO,15.5
FLT1,RRA,network_specification,absolute_k40_r0.7__confirmatory_DO_vs_NDO,12.0
FLT3,RRA,network_specification,absolute_k40_r0.7__confirmatory_DO_vs_NDO,12.0
FLT4,RRA,network_specification,absolute_k40_r0.7__confirmatory_DO_vs_NDO,2.0
JAK1,RRA,network_specification,absolute_k40_r0.7__confirmatory_DO_vs_NDO,8.0
KDR,RRA,network_specification,absolute_k40_r0.7__confirmatory_DO_vs_NDO,1.0
LRRK2,RRA,network_specification,absolute_k40_r0.7__confirmatory_DO_vs_NDO,12.0
LYN,RRA,network_specification,absolute_k40_r0.7__confirmatory_DO_vs_NDO,4.0
MET,RRA,network_specification,absolute_k40_r0.7__confirmatory_DO_vs_NDO,17.0
PDGFRA,RRA,network_specification,absolute_k40_r0.7__confirmatory_DO_vs_NDO,3.0
TYK2,RRA,network_specification,absolute_k40_r0.7__confirmatory_DO_vs_NDO,5.0
ABL1,median,network_specification,absolute_k40_r0.7__discovery_DO_vs_HV,10.0
AXL,median,network_specification,absolute_k40_r0.7__discovery_DO_vs_HV,16.0
CDK4,median,network_specification,absolute_k40_r0.7__discovery_DO_vs_HV,13.0
FGFR1,median,network_specification,absolute_k40_r0.7__discovery_DO_vs_HV,9.0
FGFR2,median,network_specification,absolute_k40_r0.7__discovery_DO_vs_HV,5.0
FGFR3,median,network_specification,absolute_k40_r0.7__discovery_DO_vs_HV,8.0
FGFR4,median,network_specification,absolute_k40_r0.7__discovery_DO_vs_HV,15.0
FLT1,median,network_specification,absolute_k40_r0.7__discovery_DO_vs_HV,6.0
FLT3,median,network_specification,absolute_k40_r0.7__discovery_DO_vs_HV,11.0
FLT4,median,network_specification,absolute_k40_r0.7__discovery_DO_vs_HV,2.0
JAK1,median,network_specification,absolute_k40_r0.7__discovery_DO_vs_HV,7.0
KDR,median,network_specification,absolute_k40_r0.7__discovery_DO_vs_HV,4.0
LRRK2,median,network_specification,absolute_k40_r0.7__discovery_DO_vs_HV,14.0
LYN,median,network_specification,absolute_k40_r0.7__discovery_DO_vs_HV,3.0
MET,median,network_specification,absolute_k40_r0.7__discovery_DO_vs_HV,17.0
PDGFRA,median,network_specification,absolute_k40_r0.7__discovery_DO_vs_HV,1.0
TYK2,median,network_specification,absolute_k40_r0.7__discovery_DO_vs_HV,12.0
ABL1,mean,network_specification,absolute_k40_r0.7__discovery_DO_vs_HV,13.0
AXL,mean,network_specification,absolute_k40_r0.7__discovery_DO_vs_HV,16.0
CDK4,mean,network_specification,absolute_k40_r0.7__discovery_DO_vs_HV,11.0
FGFR1,mean,network_specification,absolute_k40_r0.7__discovery_DO_vs_HV,10.0
FGFR2,mean,network_specification,absolute_k40_r0.7__discovery_DO_vs_HV,3.0
FGFR3,mean,network_specification,absolute_k40_r0.7__discovery_DO_vs_HV,8.0
FGFR4,mean,network_specification,absolute_k40_r0.7__discovery_DO_vs_HV,15.0
FLT1,mean,network_specification,absolute_k40_r0.7__discovery_DO_vs_HV,6.5
FLT3,mean,network_specification,absolute_k40_r0.7__discovery_DO_vs_HV,9.0
FLT4,mean,network_specification,absolute_k40_r0.7__discovery_DO_vs_HV,2.0
JAK1,mean,network_specification,absolute_k40_r0.7__discovery_DO_vs_HV,6.5
KDR,mean,network_specification,absolute_k40_r0.7__discovery_DO_vs_HV,5.0
LRRK2,mean,network_specification,absolute_k40_r0.7__discovery_DO_vs_HV,14.0
LYN,mean,network_specification,absolute_k40_r0.7__discovery_DO_vs_HV,4.0
MET,mean,network_specification,absolute_k40_r0.7__discovery_DO_vs_HV,17.0
PDGFRA,mean,network_specification,absolute_k40_r0.7__discovery_DO_vs_HV,1.0
TYK2,mean,network_specification,absolute_k40_r0.7__discovery_DO_vs_HV,12.0
ABL1,geometric,network_specification,absolute_k40_r0.7__discovery_DO_vs_HV,10.0
AXL,geometric,network_specification,absolute_k40_r0.7__discovery_DO_vs_HV,15.0
CDK4,geometric,network_specification,absolute_k40_r0.7__discovery_DO_vs_HV,12.0
FGFR1,geometric,network_specification,absolute_k40_r0.7__discovery_DO_vs_HV,13.0
FGFR2,geometric,network_specification,absolute_k40_r0.7__discovery_DO_vs_HV,3.0
FGFR3,geometric,network_specification,absolute_k40_r0.7__discovery_DO_vs_HV,5.0
FGFR4,geometric,network_specification,absolute_k40_r0.7__discovery_DO_vs_HV,14.0
FLT1,geometric,network_specification,absolute_k40_r0.7__discovery_DO_vs_HV,8.0
FLT3,geometric,network_specification,absolute_k40_r0.7__discovery_DO_vs_HV,9.0
FLT4,geometric,network_specification,absolute_k40_r0.7__discovery_DO_vs_HV,2.0
JAK1,geometric,network_specification,absolute_k40_r0.7__discovery_DO_vs_HV,4.0
KDR,geometric,network_specification,absolute_k40_r0.7__discovery_DO_vs_HV,7.0
LRRK2,geometric,network_specification,absolute_k40_r0.7__discovery_DO_vs_HV,16.0
LYN,geometric,network_specification,absolute_k40_r0.7__discovery_DO_vs_HV,6.0
MET,geometric,network_specification,absolute_k40_r0.7__discovery_DO_vs_HV,17.0
PDGFRA,geometric,network_specification,absolute_k40_r0.7__discovery_DO_vs_HV,1.0
TYK2,geometric,network_specification,absolute_k40_r0.7__discovery_DO_vs_HV,11.0
ABL1,maximin,network_specification,absolute_k40_r0.7__discovery_DO_vs_HV,4.5
AXL,maximin,network_specification,absolute_k40_r0.7__discovery_DO_vs_HV,13.5
CDK4,maximin,network_specification,absolute_k40_r0.7__discovery_DO_vs_HV,10.5
FGFR1,maximin,network_specification,absolute_k40_r0.7__discovery_DO_vs_HV,16.0
FGFR2,maximin,network_specification,absolute_k40_r0.7__discovery_DO_vs_HV,3.0
FGFR3,maximin,network_specification,absolute_k40_r0.7__discovery_DO_vs_HV,6.0
FGFR4,maximin,network_specification,absolute_k40_r0.7__discovery_DO_vs_HV,13.5
FLT1,maximin,network_specification,absolute_k40_r0.7__discovery_DO_vs_HV,12.0
FLT3,maximin,network_specification,absolute_k40_r0.7__discovery_DO_vs_HV,7.5
FLT4,maximin,network_specification,absolute_k40_r0.7__discovery_DO_vs_HV,2.0
JAK1,maximin,network_specification,absolute_k40_r0.7__discovery_DO_vs_HV,4.5
KDR,maximin,network_specification,absolute_k40_r0.7__discovery_DO_vs_HV,10.5
LRRK2,maximin,network_specification,absolute_k40_r0.7__discovery_DO_vs_HV,16.0
LYN,maximin,network_specification,absolute_k40_r0.7__discovery_DO_vs_HV,9.0
MET,maximin,network_specification,absolute_k40_r0.7__discovery_DO_vs_HV,16.0
PDGFRA,maximin,network_specification,absolute_k40_r0.7__discovery_DO_vs_HV,1.0
TYK2,maximin,network_specification,absolute_k40_r0.7__discovery_DO_vs_HV,7.5
ABL1,RRA,network_specification,absolute_k40_r0.7__discovery_DO_vs_HV,9.0
AXL,RRA,network_specification,absolute_k40_r0.7__discovery_DO_vs_HV,15.5
CDK4,RRA,network_specification,absolute_k40_r0.7__discovery_DO_vs_HV,5.0
FGFR1,RRA,network_specification,absolute_k40_r0.7__discovery_DO_vs_HV,13.0
FGFR2,RRA,network_specification,absolute_k40_r0.7__discovery_DO_vs_HV,6.0
FGFR3,RRA,network_specification,absolute_k40_r0.7__discovery_DO_vs_HV,10.0
FGFR4,RRA,network_specification,absolute_k40_r0.7__discovery_DO_vs_HV,15.5
FLT1,RRA,network_specification,absolute_k40_r0.7__discovery_DO_vs_HV,7.5
FLT3,RRA,network_specification,absolute_k40_r0.7__discovery_DO_vs_HV,11.5
FLT4,RRA,network_specification,absolute_k40_r0.7__discovery_DO_vs_HV,3.0
JAK1,RRA,network_specification,absolute_k40_r0.7__discovery_DO_vs_HV,7.5
KDR,RRA,network_specification,absolute_k40_r0.7__discovery_DO_vs_HV,2.0
LRRK2,RRA,network_specification,absolute_k40_r0.7__discovery_DO_vs_HV,14.0
LYN,RRA,network_specification,absolute_k40_r0.7__discovery_DO_vs_HV,4.0
MET,RRA,network_specification,absolute_k40_r0.7__discovery_DO_vs_HV,17.0
PDGFRA,RRA,network_specification,absolute_k40_r0.7__discovery_DO_vs_HV,1.0
TYK2,RRA,network_specification,absolute_k40_r0.7__discovery_DO_vs_HV,11.5
ABL1,median,network_specification,absolute_k40_r0.7__discovery_DO_vs_NDO,10.0
AXL,median,network_specification,absolute_k40_r0.7__discovery_DO_vs_NDO,16.0
CDK4,median,network_specification,absolute_k40_r0.7__discovery_DO_vs_NDO,12.0
FGFR1,median,network_specification,absolute_k40_r0.7__discovery_DO_vs_NDO,9.0
FGFR2,median,network_specification,absolute_k40_r0.7__discovery_DO_vs_NDO,5.0
FGFR3,median,network_specification,absolute_k40_r0.7__discovery_DO_vs_NDO,8.0
FGFR4,median,network_specification,absolute_k40_r0.7__discovery_DO_vs_NDO,15.0
FLT1,median,network_specification,absolute_k40_r0.7__discovery_DO_vs_NDO,6.0
FLT3,median,network_specification,absolute_k40_r0.7__discovery_DO_vs_NDO,11.0
FLT4,median,network_specification,absolute_k40_r0.7__discovery_DO_vs_NDO,2.0
JAK1,median,network_specification,absolute_k40_r0.7__discovery_DO_vs_NDO,7.0
KDR,median,network_specification,absolute_k40_r0.7__discovery_DO_vs_NDO,4.0
LRRK2,median,network_specification,absolute_k40_r0.7__discovery_DO_vs_NDO,14.0
LYN,median,network_specification,absolute_k40_r0.7__discovery_DO_vs_NDO,3.0
MET,median,network_specification,absolute_k40_r0.7__discovery_DO_vs_NDO,17.0
PDGFRA,median,network_specification,absolute_k40_r0.7__discovery_DO_vs_NDO,1.0
TYK2,median,network_specification,absolute_k40_r0.7__discovery_DO_vs_NDO,13.0
ABL1,mean,network_specification,absolute_k40_r0.7__discovery_DO_vs_NDO,13.0
AXL,mean,network_specification,absolute_k40_r0.7__discovery_DO_vs_NDO,15.0
CDK4,mean,network_specification,absolute_k40_r0.7__discovery_DO_vs_NDO,12.0
FGFR1,mean,network_specification,absolute_k40_r0.7__discovery_DO_vs_NDO,11.0
FGFR2,mean,network_specification,absolute_k40_r0.7__discovery_DO_vs_NDO,3.0
FGFR3,mean,network_specification,absolute_k40_r0.7__discovery_DO_vs_NDO,8.0
FGFR4,mean,network_specification,absolute_k40_r0.7__discovery_DO_vs_NDO,16.0
FLT1,mean,network_specification,absolute_k40_r0.7__discovery_DO_vs_NDO,6.0
FLT3,mean,network_specification,absolute_k40_r0.7__discovery_DO_vs_NDO,9.0
FLT4,mean,network_specification,absolute_k40_r0.7__discovery_DO_vs_NDO,2.0
JAK1,mean,network_specification,absolute_k40_r0.7__discovery_DO_vs_NDO,7.0
KDR,mean,network_specification,absolute_k40_r0.7__discovery_DO_vs_NDO,5.0
LRRK2,mean,network_specification,absolute_k40_r0.7__discovery_DO_vs_NDO,14.0
LYN,mean,network_specification,absolute_k40_r0.7__discovery_DO_vs_NDO,4.0
MET,mean,network_specification,absolute_k40_r0.7__discovery_DO_vs_NDO,17.0
PDGFRA,mean,network_specification,absolute_k40_r0.7__discovery_DO_vs_NDO,1.0
TYK2,mean,network_specification,absolute_k40_r0.7__discovery_DO_vs_NDO,10.0
ABL1,geometric,network_specification,absolute_k40_r0.7__discovery_DO_vs_NDO,10.0
AXL,geometric,network_specification,absolute_k40_r0.7__discovery_DO_vs_NDO,14.0
CDK4,geometric,network_specification,absolute_k40_r0.7__discovery_DO_vs_NDO,12.0
FGFR1,geometric,network_specification,absolute_k40_r0.7__discovery_DO_vs_NDO,13.0
FGFR2,geometric,network_specification,absolute_k40_r0.7__discovery_DO_vs_NDO,3.0
FGFR3,geometric,network_specification,absolute_k40_r0.7__discovery_DO_vs_NDO,5.0
FGFR4,geometric,network_specification,absolute_k40_r0.7__discovery_DO_vs_NDO,15.0
FLT1,geometric,network_specification,absolute_k40_r0.7__discovery_DO_vs_NDO,7.0
FLT3,geometric,network_specification,absolute_k40_r0.7__discovery_DO_vs_NDO,8.0
FLT4,geometric,network_specification,absolute_k40_r0.7__discovery_DO_vs_NDO,2.0
JAK1,geometric,network_specification,absolute_k40_r0.7__discovery_DO_vs_NDO,4.0
KDR,geometric,network_specification,absolute_k40_r0.7__discovery_DO_vs_NDO,11.0
LRRK2,geometric,network_specification,absolute_k40_r0.7__discovery_DO_vs_NDO,16.0
LYN,geometric,network_specification,absolute_k40_r0.7__discovery_DO_vs_NDO,6.0
MET,geometric,network_specification,absolute_k40_r0.7__discovery_DO_vs_NDO,17.0
PDGFRA,geometric,network_specification,absolute_k40_r0.7__discovery_DO_vs_NDO,1.0
TYK2,geometric,network_specification,absolute_k40_r0.7__discovery_DO_vs_NDO,9.0
ABL1,maximin,network_specification,absolute_k40_r0.7__discovery_DO_vs_NDO,4.5
AXL,maximin,network_specification,absolute_k40_r0.7__discovery_DO_vs_NDO,10.5
CDK4,maximin,network_specification,absolute_k40_r0.7__discovery_DO_vs_NDO,10.5
FGFR1,maximin,network_specification,absolute_k40_r0.7__discovery_DO_vs_NDO,16.0
FGFR2,maximin,network_specification,absolute_k40_r0.7__discovery_DO_vs_NDO,3.0
FGFR3,maximin,network_specification,absolute_k40_r0.7__discovery_DO_vs_NDO,6.0
FGFR4,maximin,network_specification,absolute_k40_r0.7__discovery_DO_vs_NDO,13.5
FLT1,maximin,network_specification,absolute_k40_r0.7__discovery_DO_vs_NDO,12.0
FLT3,maximin,network_specification,absolute_k40_r0.7__discovery_DO_vs_NDO,7.5
FLT4,maximin,network_specification,absolute_k40_r0.7__discovery_DO_vs_NDO,2.0
JAK1,maximin,network_specification,absolute_k40_r0.7__discovery_DO_vs_NDO,4.5
KDR,maximin,network_specification,absolute_k40_r0.7__discovery_DO_vs_NDO,13.5
LRRK2,maximin,network_specification,absolute_k40_r0.7__discovery_DO_vs_NDO,16.0
LYN,maximin,network_specification,absolute_k40_r0.7__discovery_DO_vs_NDO,9.0
MET,maximin,network_specification,absolute_k40_r0.7__discovery_DO_vs_NDO,16.0
PDGFRA,maximin,network_specification,absolute_k40_r0.7__discovery_DO_vs_NDO,1.0
TYK2,maximin,network_specification,absolute_k40_r0.7__discovery_DO_vs_NDO,7.5
ABL1,RRA,network_specification,absolute_k40_r0.7__discovery_DO_vs_NDO,10.0
AXL,RRA,network_specification,absolute_k40_r0.7__discovery_DO_vs_NDO,14.0
CDK4,RRA,network_specification,absolute_k40_r0.7__discovery_DO_vs_NDO,6.0
FGFR1,RRA,network_specification,absolute_k40_r0.7__discovery_DO_vs_NDO,13.0
FGFR2,RRA,network_specification,absolute_k40_r0.7__discovery_DO_vs_NDO,7.0
FGFR3,RRA,network_specification,absolute_k40_r0.7__discovery_DO_vs_NDO,11.0
FGFR4,RRA,network_specification,absolute_k40_r0.7__discovery_DO_vs_NDO,16.0
FLT1,RRA,network_specification,absolute_k40_r0.7__discovery_DO_vs_NDO,8.5
FLT3,RRA,network_specification,absolute_k40_r0.7__discovery_DO_vs_NDO,12.0
FLT4,RRA,network_specification,absolute_k40_r0.7__discovery_DO_vs_NDO,3.0
JAK1,RRA,network_specification,absolute_k40_r0.7__discovery_DO_vs_NDO,8.5
KDR,RRA,network_specification,absolute_k40_r0.7__discovery_DO_vs_NDO,2.0
LRRK2,RRA,network_specification,absolute_k40_r0.7__discovery_DO_vs_NDO,15.0
LYN,RRA,network_specification,absolute_k40_r0.7__discovery_DO_vs_NDO,4.0
MET,RRA,network_specification,absolute_k40_r0.7__discovery_DO_vs_NDO,17.0
PDGFRA,RRA,network_specification,absolute_k40_r0.7__discovery_DO_vs_NDO,1.0
TYK2,RRA,network_specification,absolute_k40_r0.7__discovery_DO_vs_NDO,5.0
ABL1,median,network_specification,positive_k10_r0.3__confirmatory_DO_vs_HV,10.0
AXL,median,network_specification,positive_k10_r0.3__confirmatory_DO_vs_HV,16.0
CDK4,median,network_specification,positive_k10_r0.3__confirmatory_DO_vs_HV,13.0
FGFR1,median,network_specification,positive_k10_r0.3__confirmatory_DO_vs_HV,8.0
FGFR2,median,network_specification,positive_k10_r0.3__confirmatory_DO_vs_HV,4.0
FGFR3,median,network_specification,positive_k10_r0.3__confirmatory_DO_vs_HV,7.0
FGFR4,median,network_specification,positive_k10_r0.3__confirmatory_DO_vs_HV,9.0
FLT1,median,network_specification,positive_k10_r0.3__confirmatory_DO_vs_HV,3.0
FLT3,median,network_specification,positive_k10_r0.3__confirmatory_DO_vs_HV,11.0
FLT4,median,network_specification,positive_k10_r0.3__confirmatory_DO_vs_HV,1.0
JAK1,median,network_specification,positive_k10_r0.3__confirmatory_DO_vs_HV,6.0
KDR,median,network_specification,positive_k10_r0.3__confirmatory_DO_vs_HV,5.0
LRRK2,median,network_specification,positive_k10_r0.3__confirmatory_DO_vs_HV,14.0
LYN,median,network_specification,positive_k10_r0.3__confirmatory_DO_vs_HV,15.0
MET,median,network_specification,positive_k10_r0.3__confirmatory_DO_vs_HV,17.0
PDGFRA,median,network_specification,positive_k10_r0.3__confirmatory_DO_vs_HV,2.0
TYK2,median,network_specification,positive_k10_r0.3__confirmatory_DO_vs_HV,12.0
ABL1,mean,network_specification,positive_k10_r0.3__confirmatory_DO_vs_HV,13.0
AXL,mean,network_specification,positive_k10_r0.3__confirmatory_DO_vs_HV,16.0
CDK4,mean,network_specification,positive_k10_r0.3__confirmatory_DO_vs_HV,10.0
FGFR1,mean,network_specification,positive_k10_r0.3__confirmatory_DO_vs_HV,8.0
FGFR2,mean,network_specification,positive_k10_r0.3__confirmatory_DO_vs_HV,3.0
FGFR3,mean,network_specification,positive_k10_r0.3__confirmatory_DO_vs_HV,7.0
FGFR4,mean,network_specification,positive_k10_r0.3__confirmatory_DO_vs_HV,12.0
FLT1,mean,network_specification,positive_k10_r0.3__confirmatory_DO_vs_HV,4.0
FLT3,mean,network_specification,positive_k10_r0.3__confirmatory_DO_vs_HV,9.0
FLT4,mean,network_specification,positive_k10_r0.3__confirmatory_DO_vs_HV,2.0
JAK1,mean,network_specification,positive_k10_r0.3__confirmatory_DO_vs_HV,6.0
KDR,mean,network_specification,positive_k10_r0.3__confirmatory_DO_vs_HV,5.0
LRRK2,mean,network_specification,positive_k10_r0.3__confirmatory_DO_vs_HV,14.0
LYN,mean,network_specification,positive_k10_r0.3__confirmatory_DO_vs_HV,11.0
MET,mean,network_specification,positive_k10_r0.3__confirmatory_DO_vs_HV,17.0
PDGFRA,mean,network_specification,positive_k10_r0.3__confirmatory_DO_vs_HV,1.0
TYK2,mean,network_specification,positive_k10_r0.3__confirmatory_DO_vs_HV,15.0
ABL1,geometric,network_specification,positive_k10_r0.3__confirmatory_DO_vs_HV,8.0
AXL,geometric,network_specification,positive_k10_r0.3__confirmatory_DO_vs_HV,15.0
CDK4,geometric,network_specification,positive_k10_r0.3__confirmatory_DO_vs_HV,11.0
FGFR1,geometric,network_specification,positive_k10_r0.3__confirmatory_DO_vs_HV,14.0
FGFR2,geometric,network_specification,positive_k10_r0.3__confirmatory_DO_vs_HV,3.0
FGFR3,geometric,network_specification,positive_k10_r0.3__confirmatory_DO_vs_HV,5.0
FGFR4,geometric,network_specification,positive_k10_r0.3__confirmatory_DO_vs_HV,13.0
FLT1,geometric,network_specification,positive_k10_r0.3__confirmatory_DO_vs_HV,6.0
FLT3,geometric,network_specification,positive_k10_r0.3__confirmatory_DO_vs_HV,9.0
FLT4,geometric,network_specification,positive_k10_r0.3__confirmatory_DO_vs_HV,2.0
JAK1,geometric,network_specification,positive_k10_r0.3__confirmatory_DO_vs_HV,4.0
KDR,geometric,network_specification,positive_k10_r0.3__confirmatory_DO_vs_HV,7.0
LRRK2,geometric,network_specification,positive_k10_r0.3__confirmatory_DO_vs_HV,16.0
LYN,geometric,network_specification,positive_k10_r0.3__confirmatory_DO_vs_HV,10.0
MET,geometric,network_specification,positive_k10_r0.3__confirmatory_DO_vs_HV,17.0
PDGFRA,geometric,network_specification,positive_k10_r0.3__confirmatory_DO_vs_HV,1.0
TYK2,geometric,network_specification,positive_k10_r0.3__confirmatory_DO_vs_HV,12.0
ABL1,maximin,network_specification,positive_k10_r0.3__confirmatory_DO_vs_HV,4.5
AXL,maximin,network_specification,positive_k10_r0.3__confirmatory_DO_vs_HV,13.5
CDK4,maximin,network_specification,positive_k10_r0.3__confirmatory_DO_vs_HV,10.5
FGFR1,maximin,network_specification,positive_k10_r0.3__confirmatory_DO_vs_HV,16.0
FGFR2,maximin,network_specification,positive_k10_r0.3__confirmatory_DO_vs_HV,3.0
FGFR3,maximin,network_specification,positive_k10_r0.3__confirmatory_DO_vs_HV,6.0
FGFR4,maximin,network_specification,positive_k10_r0.3__confirmatory_DO_vs_HV,13.5
FLT1,maximin,network_specification,positive_k10_r0.3__confirmatory_DO_vs_HV,12.0
FLT3,maximin,network_specification,positive_k10_r0.3__confirmatory_DO_vs_HV,8.5
FLT4,maximin,network_specification,positive_k10_r0.3__confirmatory_DO_vs_HV,2.0
JAK1,maximin,network_specification,positive_k10_r0.3__confirmatory_DO_vs_HV,4.5
KDR,maximin,network_specification,positive_k10_r0.3__confirmatory_DO_vs_HV,10.5
LRRK2,maximin,network_specification,positive_k10_r0.3__confirmatory_DO_vs_HV,16.0
LYN,maximin,network_specification,positive_k10_r0.3__confirmatory_DO_vs_HV,8.5
MET,maximin,network_specification,positive_k10_r0.3__confirmatory_DO_vs_HV,16.0
PDGFRA,maximin,network_specification,positive_k10_r0.3__confirmatory_DO_vs_HV,1.0
TYK2,maximin,network_specification,positive_k10_r0.3__confirmatory_DO_vs_HV,7.0
ABL1,RRA,network_specification,positive_k10_r0.3__confirmatory_DO_vs_HV,8.0
AXL,RRA,network_specification,positive_k10_r0.3__confirmatory_DO_vs_HV,16.0
CDK4,RRA,network_specification,positive_k10_r0.3__confirmatory_DO_vs_HV,4.0
FGFR1,RRA,network_specification,positive_k10_r0.3__confirmatory_DO_vs_HV,13.0
FGFR2,RRA,network_specification,positive_k10_r0.3__confirmatory_DO_vs_HV,5.0
FGFR3,RRA,network_specification,positive_k10_r0.3__confirmatory_DO_vs_HV,9.0
FGFR4,RRA,network_specification,positive_k10_r0.3__confirmatory_DO_vs_HV,15.0
FLT1,RRA,network_specification,positive_k10_r0.3__confirmatory_DO_vs_HV,6.0
FLT3,RRA,network_specification,positive_k10_r0.3__confirmatory_DO_vs_HV,11.5
FLT4,RRA,network_specification,positive_k10_r0.3__confirmatory_DO_vs_HV,3.0
JAK1,RRA,network_specification,positive_k10_r0.3__confirmatory_DO_vs_HV,7.0
KDR,RRA,network_specification,positive_k10_r0.3__confirmatory_DO_vs_HV,2.0
LRRK2,RRA,network_specification,positive_k10_r0.3__confirmatory_DO_vs_HV,11.5
LYN,RRA,network_specification,positive_k10_r0.3__confirmatory_DO_vs_HV,14.0
MET,RRA,network_specification,positive_k10_r0.3__confirmatory_DO_vs_HV,17.0
PDGFRA,RRA,network_specification,positive_k10_r0.3__confirmatory_DO_vs_HV,1.0
TYK2,RRA,network_specification,positive_k10_r0.3__confirmatory_DO_vs_HV,10.0
ABL1,median,network_specification,positive_k10_r0.3__confirmatory_DO_vs_NDO,9.0
AXL,median,network_specification,positive_k10_r0.3__confirmatory_DO_vs_NDO,16.0
CDK4,median,network_specification,positive_k10_r0.3__confirmatory_DO_vs_NDO,12.0
FGFR1,median,network_specification,positive_k10_r0.3__confirmatory_DO_vs_NDO,7.0
FGFR2,median,network_specification,positive_k10_r0.3__confirmatory_DO_vs_NDO,2.0
FGFR3,median,network_specification,positive_k10_r0.3__confirmatory_DO_vs_NDO,6.0
FGFR4,median,network_specification,positive_k10_r0.3__confirmatory_DO_vs_NDO,10.0
FLT1,median,network_specification,positive_k10_r0.3__confirmatory_DO_vs_NDO,4.0
FLT3,median,network_specification,positive_k10_r0.3__confirmatory_DO_vs_NDO,11.0
FLT4,median,network_specification,positive_k10_r0.3__confirmatory_DO_vs_NDO,1.0
JAK1,median,network_specification,positive_k10_r0.3__confirmatory_DO_vs_NDO,8.0
KDR,median,network_specification,positive_k10_r0.3__confirmatory_DO_vs_NDO,5.0
LRRK2,median,network_specification,positive_k10_r0.3__confirmatory_DO_vs_NDO,14.0
LYN,median,network_specification,positive_k10_r0.3__confirmatory_DO_vs_NDO,15.0
MET,median,network_specification,positive_k10_r0.3__confirmatory_DO_vs_NDO,17.0
PDGFRA,median,network_specification,positive_k10_r0.3__confirmatory_DO_vs_NDO,3.0
TYK2,median,network_specification,positive_k10_r0.3__confirmatory_DO_vs_NDO,13.0
ABL1,mean,network_specification,positive_k10_r0.3__confirmatory_DO_vs_NDO,13.0
AXL,mean,network_specification,positive_k10_r0.3__confirmatory_DO_vs_NDO,16.0
CDK4,mean,network_specification,positive_k10_r0.3__confirmatory_DO_vs_NDO,9.0
FGFR1,mean,network_specification,positive_k10_r0.3__confirmatory_DO_vs_NDO,7.0
FGFR2,mean,network_specification,positive_k10_r0.3__confirmatory_DO_vs_NDO,3.0
FGFR3,mean,network_specification,positive_k10_r0.3__confirmatory_DO_vs_NDO,6.0
FGFR4,mean,network_specification,positive_k10_r0.3__confirmatory_DO_vs_NDO,15.0
FLT1,mean,network_specification,positive_k10_r0.3__confirmatory_DO_vs_NDO,4.0
FLT3,mean,network_specification,positive_k10_r0.3__confirmatory_DO_vs_NDO,8.0
FLT4,mean,network_specification,positive_k10_r0.3__confirmatory_DO_vs_NDO,1.0
JAK1,mean,network_specification,positive_k10_r0.3__confirmatory_DO_vs_NDO,10.0
KDR,mean,network_specification,positive_k10_r0.3__confirmatory_DO_vs_NDO,5.0
LRRK2,mean,network_specification,positive_k10_r0.3__confirmatory_DO_vs_NDO,14.0
LYN,mean,network_specification,positive_k10_r0.3__confirmatory_DO_vs_NDO,12.0
MET,mean,network_specification,positive_k10_r0.3__confirmatory_DO_vs_NDO,17.0
PDGFRA,mean,network_specification,positive_k10_r0.3__confirmatory_DO_vs_NDO,2.0
TYK2,mean,network_specification,positive_k10_r0.3__confirmatory_DO_vs_NDO,11.0
ABL1,geometric,network_specification,positive_k10_r0.3__confirmatory_DO_vs_NDO,7.0
AXL,geometric,network_specification,positive_k10_r0.3__confirmatory_DO_vs_NDO,15.0
CDK4,geometric,network_specification,positive_k10_r0.3__confirmatory_DO_vs_NDO,11.0
FGFR1,geometric,network_specification,positive_k10_r0.3__confirmatory_DO_vs_NDO,10.0
FGFR2,geometric,network_specification,positive_k10_r0.3__confirmatory_DO_vs_NDO,3.0
FGFR3,geometric,network_specification,positive_k10_r0.3__confirmatory_DO_vs_NDO,4.0
FGFR4,geometric,network_specification,positive_k10_r0.3__confirmatory_DO_vs_NDO,13.0
FLT1,geometric,network_specification,positive_k10_r0.3__confirmatory_DO_vs_NDO,5.0
FLT3,geometric,network_specification,positive_k10_r0.3__confirmatory_DO_vs_NDO,8.0
FLT4,geometric,network_specification,positive_k10_r0.3__confirmatory_DO_vs_NDO,1.0
JAK1,geometric,network_specification,positive_k10_r0.3__confirmatory_DO_vs_NDO,6.0
KDR,geometric,network_specification,positive_k10_r0.3__confirmatory_DO_vs_NDO,14.0
LRRK2,geometric,network_specification,positive_k10_r0.3__confirmatory_DO_vs_NDO,16.0
LYN,geometric,network_specification,positive_k10_r0.3__confirmatory_DO_vs_NDO,12.0
MET,geometric,network_specification,positive_k10_r0.3__confirmatory_DO_vs_NDO,17.0
PDGFRA,geometric,network_specification,positive_k10_r0.3__confirmatory_DO_vs_NDO,2.0
TYK2,geometric,network_specification,positive_k10_r0.3__confirmatory_DO_vs_NDO,9.0
ABL1,maximin,network_specification,positive_k10_r0.3__confirmatory_DO_vs_NDO,4.5
AXL,maximin,network_specification,positive_k10_r0.3__confirmatory_DO_vs_NDO,10.5
CDK4,maximin,network_specification,positive_k10_r0.3__confirmatory_DO_vs_NDO,10.5
FGFR1,maximin,network_specification,positive_k10_r0.3__confirmatory_DO_vs_NDO,13.5
FGFR2,maximin,network_specification,positive_k10_r0.3__confirmatory_DO_vs_NDO,3.0
FGFR3,maximin,network_specification,positive_k10_r0.3__confirmatory_DO_vs_NDO,6.0
FGFR4,maximin,network_specification,positive_k10_r0.3__confirmatory_DO_vs_NDO,13.5
FLT1,maximin,network_specification,positive_k10_r0.3__confirmatory_DO_vs_NDO,12.0
FLT3,maximin,network_specification,positive_k10_r0.3__confirmatory_DO_vs_NDO,8.5
FLT4,maximin,network_specification,positive_k10_r0.3__confirmatory_DO_vs_NDO,2.0
JAK1,maximin,network_specification,positive_k10_r0.3__confirmatory_DO_vs_NDO,4.5
KDR,maximin,network_specification,positive_k10_r0.3__confirmatory_DO_vs_NDO,16.0
LRRK2,maximin,network_specification,positive_k10_r0.3__confirmatory_DO_vs_NDO,16.0
LYN,maximin,network_specification,positive_k10_r0.3__confirmatory_DO_vs_NDO,8.5
MET,maximin,network_specification,positive_k10_r0.3__confirmatory_DO_vs_NDO,16.0
PDGFRA,maximin,network_specification,positive_k10_r0.3__confirmatory_DO_vs_NDO,1.0
TYK2,maximin,network_specification,positive_k10_r0.3__confirmatory_DO_vs_NDO,7.0
ABL1,RRA,network_specification,positive_k10_r0.3__confirmatory_DO_vs_NDO,8.5
AXL,RRA,network_specification,positive_k10_r0.3__confirmatory_DO_vs_NDO,15.0
CDK4,RRA,network_specification,positive_k10_r0.3__confirmatory_DO_vs_NDO,6.0
FGFR1,RRA,network_specification,positive_k10_r0.3__confirmatory_DO_vs_NDO,13.0
FGFR2,RRA,network_specification,positive_k10_r0.3__confirmatory_DO_vs_NDO,4.0
FGFR3,RRA,network_specification,positive_k10_r0.3__confirmatory_DO_vs_NDO,10.0
FGFR4,RRA,network_specification,positive_k10_r0.3__confirmatory_DO_vs_NDO,16.0
FLT1,RRA,network_specification,positive_k10_r0.3__confirmatory_DO_vs_NDO,7.0
FLT3,RRA,network_specification,positive_k10_r0.3__confirmatory_DO_vs_NDO,12.0
FLT4,RRA,network_specification,positive_k10_r0.3__confirmatory_DO_vs_NDO,3.0
JAK1,RRA,network_specification,positive_k10_r0.3__confirmatory_DO_vs_NDO,8.5
KDR,RRA,network_specification,positive_k10_r0.3__confirmatory_DO_vs_NDO,2.0
LRRK2,RRA,network_specification,positive_k10_r0.3__confirmatory_DO_vs_NDO,5.0
LYN,RRA,network_specification,positive_k10_r0.3__confirmatory_DO_vs_NDO,14.0
MET,RRA,network_specification,positive_k10_r0.3__confirmatory_DO_vs_NDO,17.0
PDGFRA,RRA,network_specification,positive_k10_r0.3__confirmatory_DO_vs_NDO,1.0
TYK2,RRA,network_specification,positive_k10_r0.3__confirmatory_DO_vs_NDO,11.0
ABL1,median,network_specification,positive_k10_r0.3__discovery_DO_vs_HV,9.0
AXL,median,network_specification,positive_k10_r0.3__discovery_DO_vs_HV,16.0
CDK4,median,network_specification,positive_k10_r0.3__discovery_DO_vs_HV,13.0
FGFR1,median,network_specification,positive_k10_r0.3__discovery_DO_vs_HV,8.0
FGFR2,median,network_specification,positive_k10_r0.3__discovery_DO_vs_HV,4.0
FGFR3,median,network_specification,positive_k10_r0.3__discovery_DO_vs_HV,7.0
FGFR4,median,network_specification,positive_k10_r0.3__discovery_DO_vs_HV,10.0
FLT1,median,network_specification,positive_k10_r0.3__discovery_DO_vs_HV,3.0
FLT3,median,network_specification,positive_k10_r0.3__discovery_DO_vs_HV,11.0
FLT4,median,network_specification,positive_k10_r0.3__discovery_DO_vs_HV,2.0
JAK1,median,network_specification,positive_k10_r0.3__discovery_DO_vs_HV,6.0
KDR,median,network_specification,positive_k10_r0.3__discovery_DO_vs_HV,5.0
LRRK2,median,network_specification,positive_k10_r0.3__discovery_DO_vs_HV,14.0
LYN,median,network_specification,positive_k10_r0.3__discovery_DO_vs_HV,15.0
MET,median,network_specification,positive_k10_r0.3__discovery_DO_vs_HV,17.0
PDGFRA,median,network_specification,positive_k10_r0.3__discovery_DO_vs_HV,1.0
TYK2,median,network_specification,positive_k10_r0.3__discovery_DO_vs_HV,12.0
ABL1,mean,network_specification,positive_k10_r0.3__discovery_DO_vs_HV,10.0
AXL,mean,network_specification,positive_k10_r0.3__discovery_DO_vs_HV,16.0
CDK4,mean,network_specification,positive_k10_r0.3__discovery_DO_vs_HV,11.0
FGFR1,mean,network_specification,positive_k10_r0.3__discovery_DO_vs_HV,8.0
FGFR2,mean,network_specification,positive_k10_r0.3__discovery_DO_vs_HV,3.0
FGFR3,mean,network_specification,positive_k10_r0.3__discovery_DO_vs_HV,7.0
FGFR4,mean,network_specification,positive_k10_r0.3__discovery_DO_vs_HV,14.0
FLT1,mean,network_specification,positive_k10_r0.3__discovery_DO_vs_HV,4.0
FLT3,mean,network_specification,positive_k10_r0.3__discovery_DO_vs_HV,9.0
FLT4,mean,network_specification,positive_k10_r0.3__discovery_DO_vs_HV,2.0
JAK1,mean,network_specification,positive_k10_r0.3__discovery_DO_vs_HV,6.0
KDR,mean,network_specification,positive_k10_r0.3__discovery_DO_vs_HV,5.0
LRRK2,mean,network_specification,positive_k10_r0.3__discovery_DO_vs_HV,13.0
LYN,mean,network_specification,positive_k10_r0.3__discovery_DO_vs_HV,12.0
MET,mean,network_specification,positive_k10_r0.3__discovery_DO_vs_HV,17.0
PDGFRA,mean,network_specification,positive_k10_r0.3__discovery_DO_vs_HV,1.0
TYK2,mean,network_specification,positive_k10_r0.3__discovery_DO_vs_HV,15.0
ABL1,geometric,network_specification,positive_k10_r0.3__discovery_DO_vs_HV,7.0
AXL,geometric,network_specification,positive_k10_r0.3__discovery_DO_vs_HV,15.0
CDK4,geometric,network_specification,positive_k10_r0.3__discovery_DO_vs_HV,11.0
FGFR1,geometric,network_specification,positive_k10_r0.3__discovery_DO_vs_HV,14.0
FGFR2,geometric,network_specification,positive_k10_r0.3__discovery_DO_vs_HV,3.0
FGFR3,geometric,network_specification,positive_k10_r0.3__discovery_DO_vs_HV,5.0
FGFR4,geometric,network_specification,positive_k10_r0.3__discovery_DO_vs_HV,13.0
FLT1,geometric,network_specification,positive_k10_r0.3__discovery_DO_vs_HV,6.0
FLT3,geometric,network_specification,positive_k10_r0.3__discovery_DO_vs_HV,9.0
FLT4,geometric,network_specification,positive_k10_r0.3__discovery_DO_vs_HV,2.0
JAK1,geometric,network_specification,positive_k10_r0.3__discovery_DO_vs_HV,4.0
KDR,geometric,network_specification,positive_k10_r0.3__discovery_DO_vs_HV,8.0
LRRK2,geometric,network_specification,positive_k10_r0.3__discovery_DO_vs_HV,16.0
LYN,geometric,network_specification,positive_k10_r0.3__discovery_DO_vs_HV,10.0
MET,geometric,network_specification,positive_k10_r0.3__discovery_DO_vs_HV,17.0
PDGFRA,geometric,network_specification,positive_k10_r0.3__discovery_DO_vs_HV,1.0
TYK2,geometric,network_specification,positive_k10_r0.3__discovery_DO_vs_HV,12.0
ABL1,maximin,network_specification,positive_k10_r0.3__discovery_DO_vs_HV,4.5
AXL,maximin,network_specification,positive_k10_r0.3__discovery_DO_vs_HV,13.5
CDK4,maximin,network_specification,positive_k10_r0.3__discovery_DO_vs_HV,10.5
FGFR1,maximin,network_specification,positive_k10_r0.3__discovery_DO_vs_HV,16.0
FGFR2,maximin,network_specification,positive_k10_r0.3__discovery_DO_vs_HV,3.0
FGFR3,maximin,network_specification,positive_k10_r0.3__discovery_DO_vs_HV,6.0
FGFR4,maximin,network_specification,positive_k10_r0.3__discovery_DO_vs_HV,13.5
FLT1,maximin,network_specification,positive_k10_r0.3__discovery_DO_vs_HV,12.0
FLT3,maximin,network_specification,positive_k10_r0.3__discovery_DO_vs_HV,8.5
FLT4,maximin,network_specification,positive_k10_r0.3__discovery_DO_vs_HV,2.0
JAK1,maximin,network_specification,positive_k10_r0.3__discovery_DO_vs_HV,4.5
KDR,maximin,network_specification,positive_k10_r0.3__discovery_DO_vs_HV,10.5
LRRK2,maximin,network_specification,positive_k10_r0.3__discovery_DO_vs_HV,16.0
LYN,maximin,network_specification,positive_k10_r0.3__discovery_DO_vs_HV,8.5
MET,maximin,network_specification,positive_k10_r0.3__discovery_DO_vs_HV,16.0
PDGFRA,maximin,network_specification,positive_k10_r0.3__discovery_DO_vs_HV,1.0
TYK2,maximin,network_specification,positive_k10_r0.3__discovery_DO_vs_HV,7.0
ABL1,RRA,network_specification,positive_k10_r0.3__discovery_DO_vs_HV,8.0
AXL,RRA,network_specification,positive_k10_r0.3__discovery_DO_vs_HV,16.0
CDK4,RRA,network_specification,positive_k10_r0.3__discovery_DO_vs_HV,6.0
FGFR1,RRA,network_specification,positive_k10_r0.3__discovery_DO_vs_HV,13.0
FGFR2,RRA,network_specification,positive_k10_r0.3__discovery_DO_vs_HV,4.0
FGFR3,RRA,network_specification,positive_k10_r0.3__discovery_DO_vs_HV,9.0
FGFR4,RRA,network_specification,positive_k10_r0.3__discovery_DO_vs_HV,15.0
FLT1,RRA,network_specification,positive_k10_r0.3__discovery_DO_vs_HV,5.0
FLT3,RRA,network_specification,positive_k10_r0.3__discovery_DO_vs_HV,11.5
FLT4,RRA,network_specification,positive_k10_r0.3__discovery_DO_vs_HV,3.0
JAK1,RRA,network_specification,positive_k10_r0.3__discovery_DO_vs_HV,7.0
KDR,RRA,network_specification,positive_k10_r0.3__discovery_DO_vs_HV,2.0
LRRK2,RRA,network_specification,positive_k10_r0.3__discovery_DO_vs_HV,11.5
LYN,RRA,network_specification,positive_k10_r0.3__discovery_DO_vs_HV,14.0
MET,RRA,network_specification,positive_k10_r0.3__discovery_DO_vs_HV,17.0
PDGFRA,RRA,network_specification,positive_k10_r0.3__discovery_DO_vs_HV,1.0
TYK2,RRA,network_specification,positive_k10_r0.3__discovery_DO_vs_HV,10.0
ABL1,median,network_specification,positive_k10_r0.3__discovery_DO_vs_NDO,9.0
AXL,median,network_specification,positive_k10_r0.3__discovery_DO_vs_NDO,16.0
CDK4,median,network_specification,positive_k10_r0.3__discovery_DO_vs_NDO,13.0
FGFR1,median,network_specification,positive_k10_r0.3__discovery_DO_vs_NDO,8.0
FGFR2,median,network_specification,positive_k10_r0.3__discovery_DO_vs_NDO,3.0
FGFR3,median,network_specification,positive_k10_r0.3__discovery_DO_vs_NDO,7.0
FGFR4,median,network_specification,positive_k10_r0.3__discovery_DO_vs_NDO,10.0
FLT1,median,network_specification,positive_k10_r0.3__discovery_DO_vs_NDO,4.0
FLT3,median,network_specification,positive_k10_r0.3__discovery_DO_vs_NDO,11.0
FLT4,median,network_specification,positive_k10_r0.3__discovery_DO_vs_NDO,1.0
JAK1,median,network_specification,positive_k10_r0.3__discovery_DO_vs_NDO,6.0
KDR,median,network_specification,positive_k10_r0.3__discovery_DO_vs_NDO,5.0
LRRK2,median,network_specification,positive_k10_r0.3__discovery_DO_vs_NDO,14.0
LYN,median,network_specification,positive_k10_r0.3__discovery_DO_vs_NDO,15.0
MET,median,network_specification,positive_k10_r0.3__discovery_DO_vs_NDO,17.0
PDGFRA,median,network_specification,positive_k10_r0.3__discovery_DO_vs_NDO,2.0
TYK2,median,network_specification,positive_k10_r0.3__discovery_DO_vs_NDO,12.0
ABL1,mean,network_specification,positive_k10_r0.3__discovery_DO_vs_NDO,12.0
AXL,mean,network_specification,positive_k10_r0.3__discovery_DO_vs_NDO,16.0
CDK4,mean,network_specification,positive_k10_r0.3__discovery_DO_vs_NDO,10.0
FGFR1,mean,network_specification,positive_k10_r0.3__discovery_DO_vs_NDO,8.0
FGFR2,mean,network_specification,positive_k10_r0.3__discovery_DO_vs_NDO,3.0
FGFR3,mean,network_specification,positive_k10_r0.3__discovery_DO_vs_NDO,6.0
FGFR4,mean,network_specification,positive_k10_r0.3__discovery_DO_vs_NDO,13.0
FLT1,mean,network_specification,positive_k10_r0.3__discovery_DO_vs_NDO,4.0
FLT3,mean,network_specification,positive_k10_r0.3__discovery_DO_vs_NDO,9.0
FLT4,mean,network_specification,positive_k10_r0.3__discovery_DO_vs_NDO,2.0
JAK1,mean,network_specification,positive_k10_r0.3__discovery_DO_vs_NDO,7.0
KDR,mean,network_specification,positive_k10_r0.3__discovery_DO_vs_NDO,5.0
LRRK2,mean,network_specification,positive_k10_r0.3__discovery_DO_vs_NDO,15.0
LYN,mean,network_specification,positive_k10_r0.3__discovery_DO_vs_NDO,11.0
MET,mean,network_specification,positive_k10_r0.3__discovery_DO_vs_NDO,17.0
PDGFRA,mean,network_specification,positive_k10_r0.3__discovery_DO_vs_NDO,1.0
TYK2,mean,network_specification,positive_k10_r0.3__discovery_DO_vs_NDO,14.0
ABL1,geometric,network_specification,positive_k10_r0.3__discovery_DO_vs_NDO,7.0
AXL,geometric,network_specification,positive_k10_r0.3__discovery_DO_vs_NDO,15.0
CDK4,geometric,network_specification,positive_k10_r0.3__discovery_DO_vs_NDO,12.0
FGFR1,geometric,network_specification,positive_k10_r0.3__discovery_DO_vs_NDO,14.0
FGFR2,geometric,network_specification,positive_k10_r0.3__discovery_DO_vs_NDO,3.0
FGFR3,geometric,network_specification,positive_k10_r0.3__discovery_DO_vs_NDO,4.0
FGFR4,geometric,network_specification,positive_k10_r0.3__discovery_DO_vs_NDO,13.0
FLT1,geometric,network_specification,positive_k10_r0.3__discovery_DO_vs_NDO,6.0
FLT3,geometric,network_specification,positive_k10_r0.3__discovery_DO_vs_NDO,8.0
FLT4,geometric,network_specification,positive_k10_r0.3__discovery_DO_vs_NDO,2.0
JAK1,geometric,network_specification,positive_k10_r0.3__discovery_DO_vs_NDO,5.0
KDR,geometric,network_specification,positive_k10_r0.3__discovery_DO_vs_NDO,9.0
LRRK2,geometric,network_specification,positive_k10_r0.3__discovery_DO_vs_NDO,16.0
LYN,geometric,network_specification,positive_k10_r0.3__discovery_DO_vs_NDO,11.0
MET,geometric,network_specification,positive_k10_r0.3__discovery_DO_vs_NDO,17.0
PDGFRA,geometric,network_specification,positive_k10_r0.3__discovery_DO_vs_NDO,1.0
TYK2,geometric,network_specification,positive_k10_r0.3__discovery_DO_vs_NDO,10.0
ABL1,maximin,network_specification,positive_k10_r0.3__discovery_DO_vs_NDO,4.5
AXL,maximin,network_specification,positive_k10_r0.3__discovery_DO_vs_NDO,10.5
CDK4,maximin,network_specification,positive_k10_r0.3__discovery_DO_vs_NDO,10.5
FGFR1,maximin,network_specification,positive_k10_r0.3__discovery_DO_vs_NDO,16.0
FGFR2,maximin,network_specification,positive_k10_r0.3__discovery_DO_vs_NDO,3.0
FGFR3,maximin,network_specification,positive_k10_r0.3__discovery_DO_vs_NDO,6.0
FGFR4,maximin,network_specification,positive_k10_r0.3__discovery_DO_vs_NDO,13.5
FLT1,maximin,network_specification,positive_k10_r0.3__discovery_DO_vs_NDO,12.0
FLT3,maximin,network_specification,positive_k10_r0.3__discovery_DO_vs_NDO,8.5
FLT4,maximin,network_specification,positive_k10_r0.3__discovery_DO_vs_NDO,2.0
JAK1,maximin,network_specification,positive_k10_r0.3__discovery_DO_vs_NDO,4.5
KDR,maximin,network_specification,positive_k10_r0.3__discovery_DO_vs_NDO,13.5
LRRK2,maximin,network_specification,positive_k10_r0.3__discovery_DO_vs_NDO,16.0
LYN,maximin,network_specification,positive_k10_r0.3__discovery_DO_vs_NDO,8.5
MET,maximin,network_specification,positive_k10_r0.3__discovery_DO_vs_NDO,16.0
PDGFRA,maximin,network_specification,positive_k10_r0.3__discovery_DO_vs_NDO,1.0
TYK2,maximin,network_specification,positive_k10_r0.3__discovery_DO_vs_NDO,7.0
ABL1,RRA,network_specification,positive_k10_r0.3__discovery_DO_vs_NDO,8.0
AXL,RRA,network_specification,positive_k10_r0.3__discovery_DO_vs_NDO,15.0
CDK4,RRA,network_specification,positive_k10_r0.3__discovery_DO_vs_NDO,5.0
FGFR1,RRA,network_specification,positive_k10_r0.3__discovery_DO_vs_NDO,12.0
FGFR2,RRA,network_specification,positive_k10_r0.3__discovery_DO_vs_NDO,4.0
FGFR3,RRA,network_specification,positive_k10_r0.3__discovery_DO_vs_NDO,9.0
FGFR4,RRA,network_specification,positive_k10_r0.3__discovery_DO_vs_NDO,16.0
FLT1,RRA,network_specification,positive_k10_r0.3__discovery_DO_vs_NDO,6.0
FLT3,RRA,network_specification,positive_k10_r0.3__discovery_DO_vs_NDO,11.0
FLT4,RRA,network_specification,positive_k10_r0.3__discovery_DO_vs_NDO,3.0
JAK1,RRA,network_specification,positive_k10_r0.3__discovery_DO_vs_NDO,7.0
KDR,RRA,network_specification,positive_k10_r0.3__discovery_DO_vs_NDO,2.0
LRRK2,RRA,network_specification,positive_k10_r0.3__discovery_DO_vs_NDO,14.0
LYN,RRA,network_specification,positive_k10_r0.3__discovery_DO_vs_NDO,13.0
MET,RRA,network_specification,positive_k10_r0.3__discovery_DO_vs_NDO,17.0
PDGFRA,RRA,network_specification,positive_k10_r0.3__discovery_DO_vs_NDO,1.0
TYK2,RRA,network_specification,positive_k10_r0.3__discovery_DO_vs_NDO,10.0
ABL1,median,network_specification,positive_k10_r0.5__confirmatory_DO_vs_HV,9.0
AXL,median,network_specification,positive_k10_r0.5__confirmatory_DO_vs_HV,16.0
CDK4,median,network_specification,positive_k10_r0.5__confirmatory_DO_vs_HV,13.0
FGFR1,median,network_specification,positive_k10_r0.5__confirmatory_DO_vs_HV,8.0
FGFR2,median,network_specification,positive_k10_r0.5__confirmatory_DO_vs_HV,4.0
FGFR3,median,network_specification,positive_k10_r0.5__confirmatory_DO_vs_HV,7.0
FGFR4,median,network_specification,positive_k10_r0.5__confirmatory_DO_vs_HV,10.0
FLT1,median,network_specification,positive_k10_r0.5__confirmatory_DO_vs_HV,3.0
FLT3,median,network_specification,positive_k10_r0.5__confirmatory_DO_vs_HV,11.0
FLT4,median,network_specification,positive_k10_r0.5__confirmatory_DO_vs_HV,2.0
JAK1,median,network_specification,positive_k10_r0.5__confirmatory_DO_vs_HV,6.0
KDR,median,network_specification,positive_k10_r0.5__confirmatory_DO_vs_HV,5.0
LRRK2,median,network_specification,positive_k10_r0.5__confirmatory_DO_vs_HV,14.0
LYN,median,network_specification,positive_k10_r0.5__confirmatory_DO_vs_HV,15.0
MET,median,network_specification,positive_k10_r0.5__confirmatory_DO_vs_HV,17.0
PDGFRA,median,network_specification,positive_k10_r0.5__confirmatory_DO_vs_HV,1.0
TYK2,median,network_specification,positive_k10_r0.5__confirmatory_DO_vs_HV,12.0
ABL1,mean,network_specification,positive_k10_r0.5__confirmatory_DO_vs_HV,13.0
AXL,mean,network_specification,positive_k10_r0.5__confirmatory_DO_vs_HV,16.0
CDK4,mean,network_specification,positive_k10_r0.5__confirmatory_DO_vs_HV,10.0
FGFR1,mean,network_specification,positive_k10_r0.5__confirmatory_DO_vs_HV,8.0
FGFR2,mean,network_specification,positive_k10_r0.5__confirmatory_DO_vs_HV,3.0
FGFR3,mean,network_specification,positive_k10_r0.5__confirmatory_DO_vs_HV,7.0
FGFR4,mean,network_specification,positive_k10_r0.5__confirmatory_DO_vs_HV,14.0
FLT1,mean,network_specification,positive_k10_r0.5__confirmatory_DO_vs_HV,4.0
FLT3,mean,network_specification,positive_k10_r0.5__confirmatory_DO_vs_HV,9.0
FLT4,mean,network_specification,positive_k10_r0.5__confirmatory_DO_vs_HV,2.0
JAK1,mean,network_specification,positive_k10_r0.5__confirmatory_DO_vs_HV,6.0
KDR,mean,network_specification,positive_k10_r0.5__confirmatory_DO_vs_HV,5.0
LRRK2,mean,network_specification,positive_k10_r0.5__confirmatory_DO_vs_HV,12.0
LYN,mean,network_specification,positive_k10_r0.5__confirmatory_DO_vs_HV,11.0
MET,mean,network_specification,positive_k10_r0.5__confirmatory_DO_vs_HV,17.0
PDGFRA,mean,network_specification,positive_k10_r0.5__confirmatory_DO_vs_HV,1.0
TYK2,mean,network_specification,positive_k10_r0.5__confirmatory_DO_vs_HV,15.0
ABL1,geometric,network_specification,positive_k10_r0.5__confirmatory_DO_vs_HV,8.0
AXL,geometric,network_specification,positive_k10_r0.5__confirmatory_DO_vs_HV,15.0
CDK4,geometric,network_specification,positive_k10_r0.5__confirmatory_DO_vs_HV,12.0
FGFR1,geometric,network_specification,positive_k10_r0.5__confirmatory_DO_vs_HV,14.0
FGFR2,geometric,network_specification,positive_k10_r0.5__confirmatory_DO_vs_HV,3.0
FGFR3,geometric,network_specification,positive_k10_r0.5__confirmatory_DO_vs_HV,5.0
FGFR4,geometric,network_specification,positive_k10_r0.5__confirmatory_DO_vs_HV,13.0
FLT1,geometric,network_specification,positive_k10_r0.5__confirmatory_DO_vs_HV,6.0
FLT3,geometric,network_specification,positive_k10_r0.5__confirmatory_DO_vs_HV,9.0
FLT4,geometric,network_specification,positive_k10_r0.5__confirmatory_DO_vs_HV,2.0
JAK1,geometric,network_specification,positive_k10_r0.5__confirmatory_DO_vs_HV,4.0
KDR,geometric,network_specification,positive_k10_r0.5__confirmatory_DO_vs_HV,7.0
LRRK2,geometric,network_specification,positive_k10_r0.5__confirmatory_DO_vs_HV,16.0
LYN,geometric,network_specification,positive_k10_r0.5__confirmatory_DO_vs_HV,11.0
MET,geometric,network_specification,positive_k10_r0.5__confirmatory_DO_vs_HV,17.0
PDGFRA,geometric,network_specification,positive_k10_r0.5__confirmatory_DO_vs_HV,1.0
TYK2,geometric,network_specification,positive_k10_r0.5__confirmatory_DO_vs_HV,10.0
ABL1,maximin,network_specification,positive_k10_r0.5__confirmatory_DO_vs_HV,4.5
AXL,maximin,network_specification,positive_k10_r0.5__confirmatory_DO_vs_HV,13.5
CDK4,maximin,network_specification,positive_k10_r0.5__confirmatory_DO_vs_HV,10.5
FGFR1,maximin,network_specification,positive_k10_r0.5__confirmatory_DO_vs_HV,16.0
FGFR2,maximin,network_specification,positive_k10_r0.5__confirmatory_DO_vs_HV,3.0
FGFR3,maximin,network_specification,positive_k10_r0.5__confirmatory_DO_vs_HV,6.0
FGFR4,maximin,network_specification,positive_k10_r0.5__confirmatory_DO_vs_HV,13.5
FLT1,maximin,network_specification,positive_k10_r0.5__confirmatory_DO_vs_HV,12.0
FLT3,maximin,network_specification,positive_k10_r0.5__confirmatory_DO_vs_HV,8.5
FLT4,maximin,network_specification,positive_k10_r0.5__confirmatory_DO_vs_HV,2.0
JAK1,maximin,network_specification,positive_k10_r0.5__confirmatory_DO_vs_HV,4.5
KDR,maximin,network_specification,positive_k10_r0.5__confirmatory_DO_vs_HV,10.5
LRRK2,maximin,network_specification,positive_k10_r0.5__confirmatory_DO_vs_HV,16.0
LYN,maximin,network_specification,positive_k10_r0.5__confirmatory_DO_vs_HV,8.5
MET,maximin,network_specification,positive_k10_r0.5__confirmatory_DO_vs_HV,16.0
PDGFRA,maximin,network_specification,positive_k10_r0.5__confirmatory_DO_vs_HV,1.0
TYK2,maximin,network_specification,positive_k10_r0.5__confirmatory_DO_vs_HV,7.0
ABL1,RRA,network_specification,positive_k10_r0.5__confirmatory_DO_vs_HV,9.0
AXL,RRA,network_specification,positive_k10_r0.5__confirmatory_DO_vs_HV,16.0
CDK4,RRA,network_specification,positive_k10_r0.5__confirmatory_DO_vs_HV,6.0
FGFR1,RRA,network_specification,positive_k10_r0.5__confirmatory_DO_vs_HV,13.0
FGFR2,RRA,network_specification,positive_k10_r0.5__confirmatory_DO_vs_HV,7.0
FGFR3,RRA,network_specification,positive_k10_r0.5__confirmatory_DO_vs_HV,10.0
FGFR4,RRA,network_specification,positive_k10_r0.5__confirmatory_DO_vs_HV,15.0
FLT1,RRA,network_specification,positive_k10_r0.5__confirmatory_DO_vs_HV,4.0
FLT3,RRA,network_specification,positive_k10_r0.5__confirmatory_DO_vs_HV,12.0
FLT4,RRA,network_specification,positive_k10_r0.5__confirmatory_DO_vs_HV,3.0
JAK1,RRA,network_specification,positive_k10_r0.5__confirmatory_DO_vs_HV,8.0
KDR,RRA,network_specification,positive_k10_r0.5__confirmatory_DO_vs_HV,2.0
LRRK2,RRA,network_specification,positive_k10_r0.5__confirmatory_DO_vs_HV,5.0
LYN,RRA,network_specification,positive_k10_r0.5__confirmatory_DO_vs_HV,14.0
MET,RRA,network_specification,positive_k10_r0.5__confirmatory_DO_vs_HV,17.0
PDGFRA,RRA,network_specification,positive_k10_r0.5__confirmatory_DO_vs_HV,1.0
TYK2,RRA,network_specification,positive_k10_r0.5__confirmatory_DO_vs_HV,11.0
ABL1,median,network_specification,positive_k10_r0.5__confirmatory_DO_vs_NDO,9.0
AXL,median,network_specification,positive_k10_r0.5__confirmatory_DO_vs_NDO,16.0
CDK4,median,network_specification,positive_k10_r0.5__confirmatory_DO_vs_NDO,13.0
FGFR1,median,network_specification,positive_k10_r0.5__confirmatory_DO_vs_NDO,7.0
FGFR2,median,network_specification,positive_k10_r0.5__confirmatory_DO_vs_NDO,2.0
FGFR3,median,network_specification,positive_k10_r0.5__confirmatory_DO_vs_NDO,6.0
FGFR4,median,network_specification,positive_k10_r0.5__confirmatory_DO_vs_NDO,10.0
FLT1,median,network_specification,positive_k10_r0.5__confirmatory_DO_vs_NDO,4.0
FLT3,median,network_specification,positive_k10_r0.5__confirmatory_DO_vs_NDO,11.0
FLT4,median,network_specification,positive_k10_r0.5__confirmatory_DO_vs_NDO,1.0
JAK1,median,network_specification,positive_k10_r0.5__confirmatory_DO_vs_NDO,8.0
KDR,median,network_specification,positive_k10_r0.5__confirmatory_DO_vs_NDO,5.0
LRRK2,median,network_specification,positive_k10_r0.5__confirmatory_DO_vs_NDO,14.0
LYN,median,network_specification,positive_k10_r0.5__confirmatory_DO_vs_NDO,15.0
MET,median,network_specification,positive_k10_r0.5__confirmatory_DO_vs_NDO,17.0
PDGFRA,median,network_specification,positive_k10_r0.5__confirmatory_DO_vs_NDO,3.0
TYK2,median,network_specification,positive_k10_r0.5__confirmatory_DO_vs_NDO,12.0
ABL1,mean,network_specification,positive_k10_r0.5__confirmatory_DO_vs_NDO,12.0
AXL,mean,network_specification,positive_k10_r0.5__confirmatory_DO_vs_NDO,16.0
CDK4,mean,network_specification,positive_k10_r0.5__confirmatory_DO_vs_NDO,10.0
FGFR1,mean,network_specification,positive_k10_r0.5__confirmatory_DO_vs_NDO,7.0
FGFR2,mean,network_specification,positive_k10_r0.5__confirmatory_DO_vs_NDO,3.0
FGFR3,mean,network_specification,positive_k10_r0.5__confirmatory_DO_vs_NDO,6.0
FGFR4,mean,network_specification,positive_k10_r0.5__confirmatory_DO_vs_NDO,15.0
FLT1,mean,network_specification,positive_k10_r0.5__confirmatory_DO_vs_NDO,4.0
FLT3,mean,network_specification,positive_k10_r0.5__confirmatory_DO_vs_NDO,8.0
FLT4,mean,network_specification,positive_k10_r0.5__confirmatory_DO_vs_NDO,1.0
JAK1,mean,network_specification,positive_k10_r0.5__confirmatory_DO_vs_NDO,9.0
KDR,mean,network_specification,positive_k10_r0.5__confirmatory_DO_vs_NDO,5.0
LRRK2,mean,network_specification,positive_k10_r0.5__confirmatory_DO_vs_NDO,13.0
LYN,mean,network_specification,positive_k10_r0.5__confirmatory_DO_vs_NDO,14.0
MET,mean,network_specification,positive_k10_r0.5__confirmatory_DO_vs_NDO,17.0
PDGFRA,mean,network_specification,positive_k10_r0.5__confirmatory_DO_vs_NDO,2.0
TYK2,mean,network_specification,positive_k10_r0.5__confirmatory_DO_vs_NDO,11.0
ABL1,geometric,network_specification,positive_k10_r0.5__confirmatory_DO_vs_NDO,8.0
AXL,geometric,network_specification,positive_k10_r0.5__confirmatory_DO_vs_NDO,15.0
CDK4,geometric,network_specification,positive_k10_r0.5__confirmatory_DO_vs_NDO,11.0
FGFR1,geometric,network_specification,positive_k10_r0.5__confirmatory_DO_vs_NDO,10.0
FGFR2,geometric,network_specification,positive_k10_r0.5__confirmatory_DO_vs_NDO,3.0
FGFR3,geometric,network_specification,positive_k10_r0.5__confirmatory_DO_vs_NDO,4.0
FGFR4,geometric,network_specification,positive_k10_r0.5__confirmatory_DO_vs_NDO,13.0
FLT1,geometric,network_specification,positive_k10_r0.5__confirmatory_DO_vs_NDO,6.0
FLT3,geometric,network_specification,positive_k10_r0.5__confirmatory_DO_vs_NDO,7.0
FLT4,geometric,network_specification,positive_k10_r0.5__confirmatory_DO_vs_NDO,1.0
JAK1,geometric,network_specification,positive_k10_r0.5__confirmatory_DO_vs_NDO,5.0
KDR,geometric,network_specification,positive_k10_r0.5__confirmatory_DO_vs_NDO,14.0
LRRK2,geometric,network_specification,positive_k10_r0.5__confirmatory_DO_vs_NDO,16.0
LYN,geometric,network_specification,positive_k10_r0.5__confirmatory_DO_vs_NDO,12.0
MET,geometric,network_specification,positive_k10_r0.5__confirmatory_DO_vs_NDO,17.0
PDGFRA,geometric,network_specification,positive_k10_r0.5__confirmatory_DO_vs_NDO,2.0
TYK2,geometric,network_specification,positive_k10_r0.5__confirmatory_DO_vs_NDO,9.0
ABL1,maximin,network_specification,positive_k10_r0.5__confirmatory_DO_vs_NDO,4.5
AXL,maximin,network_specification,positive_k10_r0.5__confirmatory_DO_vs_NDO,10.5
CDK4,maximin,network_specification,positive_k10_r0.5__confirmatory_DO_vs_NDO,10.5
FGFR1,maximin,network_specification,positive_k10_r0.5__confirmatory_DO_vs_NDO,13.5
FGFR2,maximin,network_specification,positive_k10_r0.5__confirmatory_DO_vs_NDO,3.0
FGFR3,maximin,network_specification,positive_k10_r0.5__confirmatory_DO_vs_NDO,6.0
FGFR4,maximin,network_specification,positive_k10_r0.5__confirmatory_DO_vs_NDO,13.5
FLT1,maximin,network_specification,positive_k10_r0.5__confirmatory_DO_vs_NDO,12.0
FLT3,maximin,network_specification,positive_k10_r0.5__confirmatory_DO_vs_NDO,7.5
FLT4,maximin,network_specification,positive_k10_r0.5__confirmatory_DO_vs_NDO,2.0
JAK1,maximin,network_specification,positive_k10_r0.5__confirmatory_DO_vs_NDO,4.5
KDR,maximin,network_specification,positive_k10_r0.5__confirmatory_DO_vs_NDO,16.0
LRRK2,maximin,network_specification,positive_k10_r0.5__confirmatory_DO_vs_NDO,16.0
LYN,maximin,network_specification,positive_k10_r0.5__confirmatory_DO_vs_NDO,9.0
MET,maximin,network_specification,positive_k10_r0.5__confirmatory_DO_vs_NDO,16.0
PDGFRA,maximin,network_specification,positive_k10_r0.5__confirmatory_DO_vs_NDO,1.0
TYK2,maximin,network_specification,positive_k10_r0.5__confirmatory_DO_vs_NDO,7.5
ABL1,RRA,network_specification,positive_k10_r0.5__confirmatory_DO_vs_NDO,8.5
AXL,RRA,network_specification,positive_k10_r0.5__confirmatory_DO_vs_NDO,15.0
CDK4,RRA,network_specification,positive_k10_r0.5__confirmatory_DO_vs_NDO,6.0
FGFR1,RRA,network_specification,positive_k10_r0.5__confirmatory_DO_vs_NDO,13.0
FGFR2,RRA,network_specification,positive_k10_r0.5__confirmatory_DO_vs_NDO,4.0
FGFR3,RRA,network_specification,positive_k10_r0.5__confirmatory_DO_vs_NDO,10.0
FGFR4,RRA,network_specification,positive_k10_r0.5__confirmatory_DO_vs_NDO,16.0
FLT1,RRA,network_specification,positive_k10_r0.5__confirmatory_DO_vs_NDO,7.0
FLT3,RRA,network_specification,positive_k10_r0.5__confirmatory_DO_vs_NDO,11.5
FLT4,RRA,network_specification,positive_k10_r0.5__confirmatory_DO_vs_NDO,3.0
JAK1,RRA,network_specification,positive_k10_r0.5__confirmatory_DO_vs_NDO,8.5
KDR,RRA,network_specification,positive_k10_r0.5__confirmatory_DO_vs_NDO,2.0
LRRK2,RRA,network_specification,positive_k10_r0.5__confirmatory_DO_vs_NDO,5.0
LYN,RRA,network_specification,positive_k10_r0.5__confirmatory_DO_vs_NDO,14.0
MET,RRA,network_specification,positive_k10_r0.5__confirmatory_DO_vs_NDO,17.0
PDGFRA,RRA,network_specification,positive_k10_r0.5__confirmatory_DO_vs_NDO,1.0
TYK2,RRA,network_specification,positive_k10_r0.5__confirmatory_DO_vs_NDO,11.5
ABL1,median,network_specification,positive_k10_r0.5__discovery_DO_vs_HV,9.0
AXL,median,network_specification,positive_k10_r0.5__discovery_DO_vs_HV,16.0
CDK4,median,network_specification,positive_k10_r0.5__discovery_DO_vs_HV,13.0
FGFR1,median,network_specification,positive_k10_r0.5__discovery_DO_vs_HV,8.0
FGFR2,median,network_specification,positive_k10_r0.5__discovery_DO_vs_HV,4.0
FGFR3,median,network_specification,positive_k10_r0.5__discovery_DO_vs_HV,7.0
FGFR4,median,network_specification,positive_k10_r0.5__discovery_DO_vs_HV,10.0
FLT1,median,network_specification,positive_k10_r0.5__discovery_DO_vs_HV,3.0
FLT3,median,network_specification,positive_k10_r0.5__discovery_DO_vs_HV,11.0
FLT4,median,network_specification,positive_k10_r0.5__discovery_DO_vs_HV,2.0
JAK1,median,network_specification,positive_k10_r0.5__discovery_DO_vs_HV,6.0
KDR,median,network_specification,positive_k10_r0.5__discovery_DO_vs_HV,5.0
LRRK2,median,network_specification,positive_k10_r0.5__discovery_DO_vs_HV,14.0
LYN,median,network_specification,positive_k10_r0.5__discovery_DO_vs_HV,15.0
MET,median,network_specification,positive_k10_r0.5__discovery_DO_vs_HV,17.0
PDGFRA,median,network_specification,positive_k10_r0.5__discovery_DO_vs_HV,1.0
TYK2,median,network_specification,positive_k10_r0.5__discovery_DO_vs_HV,12.0
ABL1,mean,network_specification,positive_k10_r0.5__discovery_DO_vs_HV,11.0
AXL,mean,network_specification,positive_k10_r0.5__discovery_DO_vs_HV,16.0
CDK4,mean,network_specification,positive_k10_r0.5__discovery_DO_vs_HV,10.0
FGFR1,mean,network_specification,positive_k10_r0.5__discovery_DO_vs_HV,9.0
FGFR2,mean,network_specification,positive_k10_r0.5__discovery_DO_vs_HV,3.0
FGFR3,mean,network_specification,positive_k10_r0.5__discovery_DO_vs_HV,7.0
FGFR4,mean,network_specification,positive_k10_r0.5__discovery_DO_vs_HV,14.0
FLT1,mean,network_specification,positive_k10_r0.5__discovery_DO_vs_HV,4.0
FLT3,mean,network_specification,positive_k10_r0.5__discovery_DO_vs_HV,8.0
FLT4,mean,network_specification,positive_k10_r0.5__discovery_DO_vs_HV,2.0
JAK1,mean,network_specification,positive_k10_r0.5__discovery_DO_vs_HV,6.0
KDR,mean,network_specification,positive_k10_r0.5__discovery_DO_vs_HV,5.0
LRRK2,mean,network_specification,positive_k10_r0.5__discovery_DO_vs_HV,12.0
LYN,mean,network_specification,positive_k10_r0.5__discovery_DO_vs_HV,13.0
MET,mean,network_specification,positive_k10_r0.5__discovery_DO_vs_HV,17.0
PDGFRA,mean,network_specification,positive_k10_r0.5__discovery_DO_vs_HV,1.0
TYK2,mean,network_specification,positive_k10_r0.5__discovery_DO_vs_HV,15.0
ABL1,geometric,network_specification,positive_k10_r0.5__discovery_DO_vs_HV,7.0
AXL,geometric,network_specification,positive_k10_r0.5__discovery_DO_vs_HV,15.0
CDK4,geometric,network_specification,positive_k10_r0.5__discovery_DO_vs_HV,10.0
FGFR1,geometric,network_specification,positive_k10_r0.5__discovery_DO_vs_HV,14.0
FGFR2,geometric,network_specification,positive_k10_r0.5__discovery_DO_vs_HV,3.0
FGFR3,geometric,network_specification,positive_k10_r0.5__discovery_DO_vs_HV,5.0
FGFR4,geometric,network_specification,positive_k10_r0.5__discovery_DO_vs_HV,13.0
FLT1,geometric,network_specification,positive_k10_r0.5__discovery_DO_vs_HV,6.0
FLT3,geometric,network_specification,positive_k10_r0.5__discovery_DO_vs_HV,9.0
FLT4,geometric,network_specification,positive_k10_r0.5__discovery_DO_vs_HV,2.0
JAK1,geometric,network_specification,positive_k10_r0.5__discovery_DO_vs_HV,4.0
KDR,geometric,network_specification,positive_k10_r0.5__discovery_DO_vs_HV,8.0
LRRK2,geometric,network_specification,positive_k10_r0.5__discovery_DO_vs_HV,16.0
LYN,geometric,network_specification,positive_k10_r0.5__discovery_DO_vs_HV,11.0
MET,geometric,network_specification,positive_k10_r0.5__discovery_DO_vs_HV,17.0
PDGFRA,geometric,network_specification,positive_k10_r0.5__discovery_DO_vs_HV,1.0
TYK2,geometric,network_specification,positive_k10_r0.5__discovery_DO_vs_HV,12.0
ABL1,maximin,network_specification,positive_k10_r0.5__discovery_DO_vs_HV,4.5
AXL,maximin,network_specification,positive_k10_r0.5__discovery_DO_vs_HV,13.5
CDK4,maximin,network_specification,positive_k10_r0.5__discovery_DO_vs_HV,10.5
FGFR1,maximin,network_specification,positive_k10_r0.5__discovery_DO_vs_HV,16.0
FGFR2,maximin,network_specification,positive_k10_r0.5__discovery_DO_vs_HV,3.0
FGFR3,maximin,network_specification,positive_k10_r0.5__discovery_DO_vs_HV,6.0
FGFR4,maximin,network_specification,positive_k10_r0.5__discovery_DO_vs_HV,13.5
FLT1,maximin,network_specification,positive_k10_r0.5__discovery_DO_vs_HV,12.0
FLT3,maximin,network_specification,positive_k10_r0.5__discovery_DO_vs_HV,7.5
FLT4,maximin,network_specification,positive_k10_r0.5__discovery_DO_vs_HV,2.0
JAK1,maximin,network_specification,positive_k10_r0.5__discovery_DO_vs_HV,4.5
KDR,maximin,network_specification,positive_k10_r0.5__discovery_DO_vs_HV,10.5
LRRK2,maximin,network_specification,positive_k10_r0.5__discovery_DO_vs_HV,16.0
LYN,maximin,network_specification,positive_k10_r0.5__discovery_DO_vs_HV,9.0
MET,maximin,network_specification,positive_k10_r0.5__discovery_DO_vs_HV,16.0
PDGFRA,maximin,network_specification,positive_k10_r0.5__discovery_DO_vs_HV,1.0
TYK2,maximin,network_specification,positive_k10_r0.5__discovery_DO_vs_HV,7.5
ABL1,RRA,network_specification,positive_k10_r0.5__discovery_DO_vs_HV,9.0
AXL,RRA,network_specification,positive_k10_r0.5__discovery_DO_vs_HV,16.0
CDK4,RRA,network_specification,positive_k10_r0.5__discovery_DO_vs_HV,7.0
FGFR1,RRA,network_specification,positive_k10_r0.5__discovery_DO_vs_HV,13.0
FGFR2,RRA,network_specification,positive_k10_r0.5__discovery_DO_vs_HV,4.0
FGFR3,RRA,network_specification,positive_k10_r0.5__discovery_DO_vs_HV,10.0
FGFR4,RRA,network_specification,positive_k10_r0.5__discovery_DO_vs_HV,15.0
FLT1,RRA,network_specification,positive_k10_r0.5__discovery_DO_vs_HV,5.0
FLT3,RRA,network_specification,positive_k10_r0.5__discovery_DO_vs_HV,11.5
FLT4,RRA,network_specification,positive_k10_r0.5__discovery_DO_vs_HV,3.0
JAK1,RRA,network_specification,positive_k10_r0.5__discovery_DO_vs_HV,8.0
KDR,RRA,network_specification,positive_k10_r0.5__discovery_DO_vs_HV,2.0
LRRK2,RRA,network_specification,positive_k10_r0.5__discovery_DO_vs_HV,6.0
LYN,RRA,network_specification,positive_k10_r0.5__discovery_DO_vs_HV,14.0
MET,RRA,network_specification,positive_k10_r0.5__discovery_DO_vs_HV,17.0
PDGFRA,RRA,network_specification,positive_k10_r0.5__discovery_DO_vs_HV,1.0
TYK2,RRA,network_specification,positive_k10_r0.5__discovery_DO_vs_HV,11.5
ABL1,median,network_specification,positive_k10_r0.5__discovery_DO_vs_NDO,9.0
AXL,median,network_specification,positive_k10_r0.5__discovery_DO_vs_NDO,16.0
CDK4,median,network_specification,positive_k10_r0.5__discovery_DO_vs_NDO,13.0
FGFR1,median,network_specification,positive_k10_r0.5__discovery_DO_vs_NDO,8.0
FGFR2,median,network_specification,positive_k10_r0.5__discovery_DO_vs_NDO,4.0
FGFR3,median,network_specification,positive_k10_r0.5__discovery_DO_vs_NDO,7.0
FGFR4,median,network_specification,positive_k10_r0.5__discovery_DO_vs_NDO,10.0
FLT1,median,network_specification,positive_k10_r0.5__discovery_DO_vs_NDO,3.0
FLT3,median,network_specification,positive_k10_r0.5__discovery_DO_vs_NDO,11.0
FLT4,median,network_specification,positive_k10_r0.5__discovery_DO_vs_NDO,2.0
JAK1,median,network_specification,positive_k10_r0.5__discovery_DO_vs_NDO,6.0
KDR,median,network_specification,positive_k10_r0.5__discovery_DO_vs_NDO,5.0
LRRK2,median,network_specification,positive_k10_r0.5__discovery_DO_vs_NDO,14.0
LYN,median,network_specification,positive_k10_r0.5__discovery_DO_vs_NDO,15.0
MET,median,network_specification,positive_k10_r0.5__discovery_DO_vs_NDO,17.0
PDGFRA,median,network_specification,positive_k10_r0.5__discovery_DO_vs_NDO,1.0
TYK2,median,network_specification,positive_k10_r0.5__discovery_DO_vs_NDO,12.0
ABL1,mean,network_specification,positive_k10_r0.5__discovery_DO_vs_NDO,13.0
AXL,mean,network_specification,positive_k10_r0.5__discovery_DO_vs_NDO,16.0
CDK4,mean,network_specification,positive_k10_r0.5__discovery_DO_vs_NDO,10.0
FGFR1,mean,network_specification,positive_k10_r0.5__discovery_DO_vs_NDO,9.0
FGFR2,mean,network_specification,positive_k10_r0.5__discovery_DO_vs_NDO,3.0
FGFR3,mean,network_specification,positive_k10_r0.5__discovery_DO_vs_NDO,7.0
FGFR4,mean,network_specification,positive_k10_r0.5__discovery_DO_vs_NDO,14.0
FLT1,mean,network_specification,positive_k10_r0.5__discovery_DO_vs_NDO,4.0
FLT3,mean,network_specification,positive_k10_r0.5__discovery_DO_vs_NDO,8.0
FLT4,mean,network_specification,positive_k10_r0.5__discovery_DO_vs_NDO,2.0
JAK1,mean,network_specification,positive_k10_r0.5__discovery_DO_vs_NDO,6.0
KDR,mean,network_specification,positive_k10_r0.5__discovery_DO_vs_NDO,5.0
LRRK2,mean,network_specification,positive_k10_r0.5__discovery_DO_vs_NDO,11.0
LYN,mean,network_specification,positive_k10_r0.5__discovery_DO_vs_NDO,12.0
MET,mean,network_specification,positive_k10_r0.5__discovery_DO_vs_NDO,17.0
PDGFRA,mean,network_specification,positive_k10_r0.5__discovery_DO_vs_NDO,1.0
TYK2,mean,network_specification,positive_k10_r0.5__discovery_DO_vs_NDO,15.0
ABL1,geometric,network_specification,positive_k10_r0.5__discovery_DO_vs_NDO,8.0
AXL,geometric,network_specification,positive_k10_r0.5__discovery_DO_vs_NDO,15.0
CDK4,geometric,network_specification,positive_k10_r0.5__discovery_DO_vs_NDO,11.0
FGFR1,geometric,network_specification,positive_k10_r0.5__discovery_DO_vs_NDO,14.0
FGFR2,geometric,network_specification,positive_k10_r0.5__discovery_DO_vs_NDO,3.0
FGFR3,geometric,network_specification,positive_k10_r0.5__discovery_DO_vs_NDO,5.0
FGFR4,geometric,network_specification,positive_k10_r0.5__discovery_DO_vs_NDO,13.0
FLT1,geometric,network_specification,positive_k10_r0.5__discovery_DO_vs_NDO,6.0
FLT3,geometric,network_specification,positive_k10_r0.5__discovery_DO_vs_NDO,7.0
FLT4,geometric,network_specification,positive_k10_r0.5__discovery_DO_vs_NDO,2.0
JAK1,geometric,network_specification,positive_k10_r0.5__discovery_DO_vs_NDO,4.0
KDR,geometric,network_specification,positive_k10_r0.5__discovery_DO_vs_NDO,9.0
LRRK2,geometric,network_specification,positive_k10_r0.5__discovery_DO_vs_NDO,16.0
LYN,geometric,network_specification,positive_k10_r0.5__discovery_DO_vs_NDO,12.0
MET,geometric,network_specification,positive_k10_r0.5__discovery_DO_vs_NDO,17.0
PDGFRA,geometric,network_specification,positive_k10_r0.5__discovery_DO_vs_NDO,1.0
TYK2,geometric,network_specification,positive_k10_r0.5__discovery_DO_vs_NDO,10.0
ABL1,maximin,network_specification,positive_k10_r0.5__discovery_DO_vs_NDO,4.5
AXL,maximin,network_specification,positive_k10_r0.5__discovery_DO_vs_NDO,10.5
CDK4,maximin,network_specification,positive_k10_r0.5__discovery_DO_vs_NDO,10.5
FGFR1,maximin,network_specification,positive_k10_r0.5__discovery_DO_vs_NDO,16.0
FGFR2,maximin,network_specification,positive_k10_r0.5__discovery_DO_vs_NDO,3.0
FGFR3,maximin,network_specification,positive_k10_r0.5__discovery_DO_vs_NDO,6.0
FGFR4,maximin,network_specification,positive_k10_r0.5__discovery_DO_vs_NDO,13.5
FLT1,maximin,network_specification,positive_k10_r0.5__discovery_DO_vs_NDO,12.0
FLT3,maximin,network_specification,positive_k10_r0.5__discovery_DO_vs_NDO,7.5
FLT4,maximin,network_specification,positive_k10_r0.5__discovery_DO_vs_NDO,2.0
JAK1,maximin,network_specification,positive_k10_r0.5__discovery_DO_vs_NDO,4.5
KDR,maximin,network_specification,positive_k10_r0.5__discovery_DO_vs_NDO,13.5
LRRK2,maximin,network_specification,positive_k10_r0.5__discovery_DO_vs_NDO,16.0
LYN,maximin,network_specification,positive_k10_r0.5__discovery_DO_vs_NDO,9.0
MET,maximin,network_specification,positive_k10_r0.5__discovery_DO_vs_NDO,16.0
PDGFRA,maximin,network_specification,positive_k10_r0.5__discovery_DO_vs_NDO,1.0
TYK2,maximin,network_specification,positive_k10_r0.5__discovery_DO_vs_NDO,7.5
ABL1,RRA,network_specification,positive_k10_r0.5__discovery_DO_vs_NDO,9.0
AXL,RRA,network_specification,positive_k10_r0.5__discovery_DO_vs_NDO,15.0
CDK4,RRA,network_specification,positive_k10_r0.5__discovery_DO_vs_NDO,7.0
FGFR1,RRA,network_specification,positive_k10_r0.5__discovery_DO_vs_NDO,13.0
FGFR2,RRA,network_specification,positive_k10_r0.5__discovery_DO_vs_NDO,4.0
FGFR3,RRA,network_specification,positive_k10_r0.5__discovery_DO_vs_NDO,10.0
FGFR4,RRA,network_specification,positive_k10_r0.5__discovery_DO_vs_NDO,16.0
FLT1,RRA,network_specification,positive_k10_r0.5__discovery_DO_vs_NDO,5.0
FLT3,RRA,network_specification,positive_k10_r0.5__discovery_DO_vs_NDO,11.5
FLT4,RRA,network_specification,positive_k10_r0.5__discovery_DO_vs_NDO,3.0
JAK1,RRA,network_specification,positive_k10_r0.5__discovery_DO_vs_NDO,8.0
KDR,RRA,network_specification,positive_k10_r0.5__discovery_DO_vs_NDO,2.0
LRRK2,RRA,network_specification,positive_k10_r0.5__discovery_DO_vs_NDO,6.0
LYN,RRA,network_specification,positive_k10_r0.5__discovery_DO_vs_NDO,14.0
MET,RRA,network_specification,positive_k10_r0.5__discovery_DO_vs_NDO,17.0
PDGFRA,RRA,network_specification,positive_k10_r0.5__discovery_DO_vs_NDO,1.0
TYK2,RRA,network_specification,positive_k10_r0.5__discovery_DO_vs_NDO,11.5
ABL1,median,network_specification,positive_k10_r0.7__confirmatory_DO_vs_HV,9.0
AXL,median,network_specification,positive_k10_r0.7__confirmatory_DO_vs_HV,16.0
CDK4,median,network_specification,positive_k10_r0.7__confirmatory_DO_vs_HV,13.0
FGFR1,median,network_specification,positive_k10_r0.7__confirmatory_DO_vs_HV,8.0
FGFR2,median,network_specification,positive_k10_r0.7__confirmatory_DO_vs_HV,4.0
FGFR3,median,network_specification,positive_k10_r0.7__confirmatory_DO_vs_HV,7.0
FGFR4,median,network_specification,positive_k10_r0.7__confirmatory_DO_vs_HV,10.0
FLT1,median,network_specification,positive_k10_r0.7__confirmatory_DO_vs_HV,3.0
FLT3,median,network_specification,positive_k10_r0.7__confirmatory_DO_vs_HV,11.0
FLT4,median,network_specification,positive_k10_r0.7__confirmatory_DO_vs_HV,2.0
JAK1,median,network_specification,positive_k10_r0.7__confirmatory_DO_vs_HV,6.0
KDR,median,network_specification,positive_k10_r0.7__confirmatory_DO_vs_HV,5.0
LRRK2,median,network_specification,positive_k10_r0.7__confirmatory_DO_vs_HV,14.0
LYN,median,network_specification,positive_k10_r0.7__confirmatory_DO_vs_HV,15.0
MET,median,network_specification,positive_k10_r0.7__confirmatory_DO_vs_HV,17.0
PDGFRA,median,network_specification,positive_k10_r0.7__confirmatory_DO_vs_HV,1.0
TYK2,median,network_specification,positive_k10_r0.7__confirmatory_DO_vs_HV,12.0
ABL1,mean,network_specification,positive_k10_r0.7__confirmatory_DO_vs_HV,12.0
AXL,mean,network_specification,positive_k10_r0.7__confirmatory_DO_vs_HV,16.0
CDK4,mean,network_specification,positive_k10_r0.7__confirmatory_DO_vs_HV,10.0
FGFR1,mean,network_specification,positive_k10_r0.7__confirmatory_DO_vs_HV,9.0
FGFR2,mean,network_specification,positive_k10_r0.7__confirmatory_DO_vs_HV,3.0
FGFR3,mean,network_specification,positive_k10_r0.7__confirmatory_DO_vs_HV,7.0
FGFR4,mean,network_specification,positive_k10_r0.7__confirmatory_DO_vs_HV,14.0
FLT1,mean,network_specification,positive_k10_r0.7__confirmatory_DO_vs_HV,4.0
FLT3,mean,network_specification,positive_k10_r0.7__confirmatory_DO_vs_HV,8.0
FLT4,mean,network_specification,positive_k10_r0.7__confirmatory_DO_vs_HV,2.0
JAK1,mean,network_specification,positive_k10_r0.7__confirmatory_DO_vs_HV,6.0
KDR,mean,network_specification,positive_k10_r0.7__confirmatory_DO_vs_HV,5.0
LRRK2,mean,network_specification,positive_k10_r0.7__confirmatory_DO_vs_HV,11.0
LYN,mean,network_specification,positive_k10_r0.7__confirmatory_DO_vs_HV,13.0
MET,mean,network_specification,positive_k10_r0.7__confirmatory_DO_vs_HV,17.0
PDGFRA,mean,network_specification,positive_k10_r0.7__confirmatory_DO_vs_HV,1.0
TYK2,mean,network_specification,positive_k10_r0.7__confirmatory_DO_vs_HV,15.0
ABL1,geometric,network_specification,positive_k10_r0.7__confirmatory_DO_vs_HV,9.0
AXL,geometric,network_specification,positive_k10_r0.7__confirmatory_DO_vs_HV,15.0
CDK4,geometric,network_specification,positive_k10_r0.7__confirmatory_DO_vs_HV,11.0
FGFR1,geometric,network_specification,positive_k10_r0.7__confirmatory_DO_vs_HV,14.0
FGFR2,geometric,network_specification,positive_k10_r0.7__confirmatory_DO_vs_HV,3.0
FGFR3,geometric,network_specification,positive_k10_r0.7__confirmatory_DO_vs_HV,5.0
FGFR4,geometric,network_specification,positive_k10_r0.7__confirmatory_DO_vs_HV,13.0
FLT1,geometric,network_specification,positive_k10_r0.7__confirmatory_DO_vs_HV,6.0
FLT3,geometric,network_specification,positive_k10_r0.7__confirmatory_DO_vs_HV,8.0
FLT4,geometric,network_specification,positive_k10_r0.7__confirmatory_DO_vs_HV,2.0
JAK1,geometric,network_specification,positive_k10_r0.7__confirmatory_DO_vs_HV,4.0
KDR,geometric,network_specification,positive_k10_r0.7__confirmatory_DO_vs_HV,7.0
LRRK2,geometric,network_specification,positive_k10_r0.7__confirmatory_DO_vs_HV,16.0
LYN,geometric,network_specification,positive_k10_r0.7__confirmatory_DO_vs_HV,12.0
MET,geometric,network_specification,positive_k10_r0.7__confirmatory_DO_vs_HV,17.0
PDGFRA,geometric,network_specification,positive_k10_r0.7__confirmatory_DO_vs_HV,1.0
TYK2,geometric,network_specification,positive_k10_r0.7__confirmatory_DO_vs_HV,10.0
ABL1,maximin,network_specification,positive_k10_r0.7__confirmatory_DO_vs_HV,4.5
AXL,maximin,network_specification,positive_k10_r0.7__confirmatory_DO_vs_HV,13.5
CDK4,maximin,network_specification,positive_k10_r0.7__confirmatory_DO_vs_HV,10.5
FGFR1,maximin,network_specification,positive_k10_r0.7__confirmatory_DO_vs_HV,16.0
FGFR2,maximin,network_specification,positive_k10_r0.7__confirmatory_DO_vs_HV,3.0
FGFR3,maximin,network_specification,positive_k10_r0.7__confirmatory_DO_vs_HV,6.0
FGFR4,maximin,network_specification,positive_k10_r0.7__confirmatory_DO_vs_HV,13.5
FLT1,maximin,network_specification,positive_k10_r0.7__confirmatory_DO_vs_HV,12.0
FLT3,maximin,network_specification,positive_k10_r0.7__confirmatory_DO_vs_HV,7.5
FLT4,maximin,network_specification,positive_k10_r0.7__confirmatory_DO_vs_HV,2.0
JAK1,maximin,network_specification,positive_k10_r0.7__confirmatory_DO_vs_HV,4.5
KDR,maximin,network_specification,positive_k10_r0.7__confirmatory_DO_vs_HV,9.0
LRRK2,maximin,network_specification,positive_k10_r0.7__confirmatory_DO_vs_HV,16.0
LYN,maximin,network_specification,positive_k10_r0.7__confirmatory_DO_vs_HV,10.5
MET,maximin,network_specification,positive_k10_r0.7__confirmatory_DO_vs_HV,16.0
PDGFRA,maximin,network_specification,positive_k10_r0.7__confirmatory_DO_vs_HV,1.0
TYK2,maximin,network_specification,positive_k10_r0.7__confirmatory_DO_vs_HV,7.5
ABL1,RRA,network_specification,positive_k10_r0.7__confirmatory_DO_vs_HV,9.0
AXL,RRA,network_specification,positive_k10_r0.7__confirmatory_DO_vs_HV,16.0
CDK4,RRA,network_specification,positive_k10_r0.7__confirmatory_DO_vs_HV,6.0
FGFR1,RRA,network_specification,positive_k10_r0.7__confirmatory_DO_vs_HV,13.0
FGFR2,RRA,network_specification,positive_k10_r0.7__confirmatory_DO_vs_HV,7.0
FGFR3,RRA,network_specification,positive_k10_r0.7__confirmatory_DO_vs_HV,10.0
FGFR4,RRA,network_specification,positive_k10_r0.7__confirmatory_DO_vs_HV,15.0
FLT1,RRA,network_specification,positive_k10_r0.7__confirmatory_DO_vs_HV,4.0
FLT3,RRA,network_specification,positive_k10_r0.7__confirmatory_DO_vs_HV,11.5
FLT4,RRA,network_specification,positive_k10_r0.7__confirmatory_DO_vs_HV,3.0
JAK1,RRA,network_specification,positive_k10_r0.7__confirmatory_DO_vs_HV,8.0
KDR,RRA,network_specification,positive_k10_r0.7__confirmatory_DO_vs_HV,2.0
LRRK2,RRA,network_specification,positive_k10_r0.7__confirmatory_DO_vs_HV,5.0
LYN,RRA,network_specification,positive_k10_r0.7__confirmatory_DO_vs_HV,14.0
MET,RRA,network_specification,positive_k10_r0.7__confirmatory_DO_vs_HV,17.0
PDGFRA,RRA,network_specification,positive_k10_r0.7__confirmatory_DO_vs_HV,1.0
TYK2,RRA,network_specification,positive_k10_r0.7__confirmatory_DO_vs_HV,11.5
ABL1,median,network_specification,positive_k10_r0.7__confirmatory_DO_vs_NDO,9.0
AXL,median,network_specification,positive_k10_r0.7__confirmatory_DO_vs_NDO,16.0
CDK4,median,network_specification,positive_k10_r0.7__confirmatory_DO_vs_NDO,13.0
FGFR1,median,network_specification,positive_k10_r0.7__confirmatory_DO_vs_NDO,7.0
FGFR2,median,network_specification,positive_k10_r0.7__confirmatory_DO_vs_NDO,3.0
FGFR3,median,network_specification,positive_k10_r0.7__confirmatory_DO_vs_NDO,6.0
FGFR4,median,network_specification,positive_k10_r0.7__confirmatory_DO_vs_NDO,10.0
FLT1,median,network_specification,positive_k10_r0.7__confirmatory_DO_vs_NDO,4.0
FLT3,median,network_specification,positive_k10_r0.7__confirmatory_DO_vs_NDO,11.0
FLT4,median,network_specification,positive_k10_r0.7__confirmatory_DO_vs_NDO,1.0
JAK1,median,network_specification,positive_k10_r0.7__confirmatory_DO_vs_NDO,8.0
KDR,median,network_specification,positive_k10_r0.7__confirmatory_DO_vs_NDO,5.0
LRRK2,median,network_specification,positive_k10_r0.7__confirmatory_DO_vs_NDO,14.0
LYN,median,network_specification,positive_k10_r0.7__confirmatory_DO_vs_NDO,15.0
MET,median,network_specification,positive_k10_r0.7__confirmatory_DO_vs_NDO,17.0
PDGFRA,median,network_specification,positive_k10_r0.7__confirmatory_DO_vs_NDO,2.0
TYK2,median,network_specification,positive_k10_r0.7__confirmatory_DO_vs_NDO,12.0
ABL1,mean,network_specification,positive_k10_r0.7__confirmatory_DO_vs_NDO,14.0
AXL,mean,network_specification,positive_k10_r0.7__confirmatory_DO_vs_NDO,16.0
CDK4,mean,network_specification,positive_k10_r0.7__confirmatory_DO_vs_NDO,11.0
FGFR1,mean,network_specification,positive_k10_r0.7__confirmatory_DO_vs_NDO,9.0
FGFR2,mean,network_specification,positive_k10_r0.7__confirmatory_DO_vs_NDO,3.0
FGFR3,mean,network_specification,positive_k10_r0.7__confirmatory_DO_vs_NDO,6.0
FGFR4,mean,network_specification,positive_k10_r0.7__confirmatory_DO_vs_NDO,15.0
FLT1,mean,network_specification,positive_k10_r0.7__confirmatory_DO_vs_NDO,5.0
FLT3,mean,network_specification,positive_k10_r0.7__confirmatory_DO_vs_NDO,8.0
FLT4,mean,network_specification,positive_k10_r0.7__confirmatory_DO_vs_NDO,1.0
JAK1,mean,network_specification,positive_k10_r0.7__confirmatory_DO_vs_NDO,7.0
KDR,mean,network_specification,positive_k10_r0.7__confirmatory_DO_vs_NDO,4.0
LRRK2,mean,network_specification,positive_k10_r0.7__confirmatory_DO_vs_NDO,12.0
LYN,mean,network_specification,positive_k10_r0.7__confirmatory_DO_vs_NDO,13.0
MET,mean,network_specification,positive_k10_r0.7__confirmatory_DO_vs_NDO,17.0
PDGFRA,mean,network_specification,positive_k10_r0.7__confirmatory_DO_vs_NDO,2.0
TYK2,mean,network_specification,positive_k10_r0.7__confirmatory_DO_vs_NDO,10.0
ABL1,geometric,network_specification,positive_k10_r0.7__confirmatory_DO_vs_NDO,8.0
AXL,geometric,network_specification,positive_k10_r0.7__confirmatory_DO_vs_NDO,15.0
CDK4,geometric,network_specification,positive_k10_r0.7__confirmatory_DO_vs_NDO,11.0
FGFR1,geometric,network_specification,positive_k10_r0.7__confirmatory_DO_vs_NDO,14.0
FGFR2,geometric,network_specification,positive_k10_r0.7__confirmatory_DO_vs_NDO,3.0
FGFR3,geometric,network_specification,positive_k10_r0.7__confirmatory_DO_vs_NDO,4.0
FGFR4,geometric,network_specification,positive_k10_r0.7__confirmatory_DO_vs_NDO,13.0
FLT1,geometric,network_specification,positive_k10_r0.7__confirmatory_DO_vs_NDO,6.0
FLT3,geometric,network_specification,positive_k10_r0.7__confirmatory_DO_vs_NDO,7.0
FLT4,geometric,network_specification,positive_k10_r0.7__confirmatory_DO_vs_NDO,1.0
JAK1,geometric,network_specification,positive_k10_r0.7__confirmatory_DO_vs_NDO,5.0
KDR,geometric,network_specification,positive_k10_r0.7__confirmatory_DO_vs_NDO,10.0
LRRK2,geometric,network_specification,positive_k10_r0.7__confirmatory_DO_vs_NDO,16.0
LYN,geometric,network_specification,positive_k10_r0.7__confirmatory_DO_vs_NDO,12.0
MET,geometric,network_specification,positive_k10_r0.7__confirmatory_DO_vs_NDO,17.0
PDGFRA,geometric,network_specification,positive_k10_r0.7__confirmatory_DO_vs_NDO,2.0
TYK2,geometric,network_specification,positive_k10_r0.7__confirmatory_DO_vs_NDO,9.0
ABL1,maximin,network_specification,positive_k10_r0.7__confirmatory_DO_vs_NDO,4.5
AXL,maximin,network_specification,positive_k10_r0.7__confirmatory_DO_vs_NDO,10.5
CDK4,maximin,network_specification,positive_k10_r0.7__confirmatory_DO_vs_NDO,10.5
FGFR1,maximin,network_specification,positive_k10_r0.7__confirmatory_DO_vs_NDO,16.0
FGFR2,maximin,network_specification,positive_k10_r0.7__confirmatory_DO_vs_NDO,3.0
FGFR3,maximin,network_specification,positive_k10_r0.7__confirmatory_DO_vs_NDO,6.0
FGFR4,maximin,network_specification,positive_k10_r0.7__confirmatory_DO_vs_NDO,13.5
FLT1,maximin,network_specification,positive_k10_r0.7__confirmatory_DO_vs_NDO,12.0
FLT3,maximin,network_specification,positive_k10_r0.7__confirmatory_DO_vs_NDO,7.5
FLT4,maximin,network_specification,positive_k10_r0.7__confirmatory_DO_vs_NDO,2.0
JAK1,maximin,network_specification,positive_k10_r0.7__confirmatory_DO_vs_NDO,4.5
KDR,maximin,network_specification,positive_k10_r0.7__confirmatory_DO_vs_NDO,13.5
LRRK2,maximin,network_specification,positive_k10_r0.7__confirmatory_DO_vs_NDO,16.0
LYN,maximin,network_specification,positive_k10_r0.7__confirmatory_DO_vs_NDO,9.0
MET,maximin,network_specification,positive_k10_r0.7__confirmatory_DO_vs_NDO,16.0
PDGFRA,maximin,network_specification,positive_k10_r0.7__confirmatory_DO_vs_NDO,1.0
TYK2,maximin,network_specification,positive_k10_r0.7__confirmatory_DO_vs_NDO,7.5
ABL1,RRA,network_specification,positive_k10_r0.7__confirmatory_DO_vs_NDO,9.5
AXL,RRA,network_specification,positive_k10_r0.7__confirmatory_DO_vs_NDO,15.0
CDK4,RRA,network_specification,positive_k10_r0.7__confirmatory_DO_vs_NDO,6.0
FGFR1,RRA,network_specification,positive_k10_r0.7__confirmatory_DO_vs_NDO,13.0
FGFR2,RRA,network_specification,positive_k10_r0.7__confirmatory_DO_vs_NDO,4.0
FGFR3,RRA,network_specification,positive_k10_r0.7__confirmatory_DO_vs_NDO,8.0
FGFR4,RRA,network_specification,positive_k10_r0.7__confirmatory_DO_vs_NDO,16.0
FLT1,RRA,network_specification,positive_k10_r0.7__confirmatory_DO_vs_NDO,7.0
FLT3,RRA,network_specification,positive_k10_r0.7__confirmatory_DO_vs_NDO,11.5
FLT4,RRA,network_specification,positive_k10_r0.7__confirmatory_DO_vs_NDO,3.0
JAK1,RRA,network_specification,positive_k10_r0.7__confirmatory_DO_vs_NDO,9.5
KDR,RRA,network_specification,positive_k10_r0.7__confirmatory_DO_vs_NDO,2.0
LRRK2,RRA,network_specification,positive_k10_r0.7__confirmatory_DO_vs_NDO,5.0
LYN,RRA,network_specification,positive_k10_r0.7__confirmatory_DO_vs_NDO,14.0
MET,RRA,network_specification,positive_k10_r0.7__confirmatory_DO_vs_NDO,17.0
PDGFRA,RRA,network_specification,positive_k10_r0.7__confirmatory_DO_vs_NDO,1.0
TYK2,RRA,network_specification,positive_k10_r0.7__confirmatory_DO_vs_NDO,11.5
ABL1,median,network_specification,positive_k10_r0.7__discovery_DO_vs_HV,10.0
AXL,median,network_specification,positive_k10_r0.7__discovery_DO_vs_HV,16.0
CDK4,median,network_specification,positive_k10_r0.7__discovery_DO_vs_HV,14.0
FGFR1,median,network_specification,positive_k10_r0.7__discovery_DO_vs_HV,8.0
FGFR2,median,network_specification,positive_k10_r0.7__discovery_DO_vs_HV,4.0
FGFR3,median,network_specification,positive_k10_r0.7__discovery_DO_vs_HV,7.0
FGFR4,median,network_specification,positive_k10_r0.7__discovery_DO_vs_HV,9.0
FLT1,median,network_specification,positive_k10_r0.7__discovery_DO_vs_HV,3.0
FLT3,median,network_specification,positive_k10_r0.7__discovery_DO_vs_HV,11.0
FLT4,median,network_specification,positive_k10_r0.7__discovery_DO_vs_HV,2.0
JAK1,median,network_specification,positive_k10_r0.7__discovery_DO_vs_HV,6.0
KDR,median,network_specification,positive_k10_r0.7__discovery_DO_vs_HV,5.0
LRRK2,median,network_specification,positive_k10_r0.7__discovery_DO_vs_HV,13.0
LYN,median,network_specification,positive_k10_r0.7__discovery_DO_vs_HV,15.0
MET,median,network_specification,positive_k10_r0.7__discovery_DO_vs_HV,17.0
PDGFRA,median,network_specification,positive_k10_r0.7__discovery_DO_vs_HV,1.0
TYK2,median,network_specification,positive_k10_r0.7__discovery_DO_vs_HV,12.0
ABL1,mean,network_specification,positive_k10_r0.7__discovery_DO_vs_HV,10.0
AXL,mean,network_specification,positive_k10_r0.7__discovery_DO_vs_HV,16.0
CDK4,mean,network_specification,positive_k10_r0.7__discovery_DO_vs_HV,11.0
FGFR1,mean,network_specification,positive_k10_r0.7__discovery_DO_vs_HV,8.0
FGFR2,mean,network_specification,positive_k10_r0.7__discovery_DO_vs_HV,3.0
FGFR3,mean,network_specification,positive_k10_r0.7__discovery_DO_vs_HV,7.0
FGFR4,mean,network_specification,positive_k10_r0.7__discovery_DO_vs_HV,12.0
FLT1,mean,network_specification,positive_k10_r0.7__discovery_DO_vs_HV,5.0
FLT3,mean,network_specification,positive_k10_r0.7__discovery_DO_vs_HV,9.0
FLT4,mean,network_specification,positive_k10_r0.7__discovery_DO_vs_HV,2.0
JAK1,mean,network_specification,positive_k10_r0.7__discovery_DO_vs_HV,6.0
KDR,mean,network_specification,positive_k10_r0.7__discovery_DO_vs_HV,4.0
LRRK2,mean,network_specification,positive_k10_r0.7__discovery_DO_vs_HV,13.0
LYN,mean,network_specification,positive_k10_r0.7__discovery_DO_vs_HV,14.0
MET,mean,network_specification,positive_k10_r0.7__discovery_DO_vs_HV,17.0
PDGFRA,mean,network_specification,positive_k10_r0.7__discovery_DO_vs_HV,1.0
TYK2,mean,network_specification,positive_k10_r0.7__discovery_DO_vs_HV,15.0
ABL1,geometric,network_specification,positive_k10_r0.7__discovery_DO_vs_HV,8.0
AXL,geometric,network_specification,positive_k10_r0.7__discovery_DO_vs_HV,15.0
CDK4,geometric,network_specification,positive_k10_r0.7__discovery_DO_vs_HV,10.0
FGFR1,geometric,network_specification,positive_k10_r0.7__discovery_DO_vs_HV,14.0
FGFR2,geometric,network_specification,positive_k10_r0.7__discovery_DO_vs_HV,3.0
FGFR3,geometric,network_specification,positive_k10_r0.7__discovery_DO_vs_HV,6.0
FGFR4,geometric,network_specification,positive_k10_r0.7__discovery_DO_vs_HV,11.0
FLT1,geometric,network_specification,positive_k10_r0.7__discovery_DO_vs_HV,7.0
FLT3,geometric,network_specification,positive_k10_r0.7__discovery_DO_vs_HV,9.0
FLT4,geometric,network_specification,positive_k10_r0.7__discovery_DO_vs_HV,2.0
JAK1,geometric,network_specification,positive_k10_r0.7__discovery_DO_vs_HV,4.0
KDR,geometric,network_specification,positive_k10_r0.7__discovery_DO_vs_HV,5.0
LRRK2,geometric,network_specification,positive_k10_r0.7__discovery_DO_vs_HV,16.0
LYN,geometric,network_specification,positive_k10_r0.7__discovery_DO_vs_HV,13.0
MET,geometric,network_specification,positive_k10_r0.7__discovery_DO_vs_HV,17.0
PDGFRA,geometric,network_specification,positive_k10_r0.7__discovery_DO_vs_HV,1.0
TYK2,geometric,network_specification,positive_k10_r0.7__discovery_DO_vs_HV,12.0
ABL1,maximin,network_specification,positive_k10_r0.7__discovery_DO_vs_HV,4.5
AXL,maximin,network_specification,positive_k10_r0.7__discovery_DO_vs_HV,13.5
CDK4,maximin,network_specification,positive_k10_r0.7__discovery_DO_vs_HV,10.5
FGFR1,maximin,network_specification,positive_k10_r0.7__discovery_DO_vs_HV,16.0
FGFR2,maximin,network_specification,positive_k10_r0.7__discovery_DO_vs_HV,3.0
FGFR3,maximin,network_specification,positive_k10_r0.7__discovery_DO_vs_HV,6.0
FGFR4,maximin,network_specification,positive_k10_r0.7__discovery_DO_vs_HV,13.5
FLT1,maximin,network_specification,positive_k10_r0.7__discovery_DO_vs_HV,12.0
FLT3,maximin,network_specification,positive_k10_r0.7__discovery_DO_vs_HV,9.0
FLT4,maximin,network_specification,positive_k10_r0.7__discovery_DO_vs_HV,2.0
JAK1,maximin,network_specification,positive_k10_r0.7__discovery_DO_vs_HV,4.5
KDR,maximin,network_specification,positive_k10_r0.7__discovery_DO_vs_HV,8.0
LRRK2,maximin,network_specification,positive_k10_r0.7__discovery_DO_vs_HV,16.0
LYN,maximin,network_specification,positive_k10_r0.7__discovery_DO_vs_HV,10.5
MET,maximin,network_specification,positive_k10_r0.7__discovery_DO_vs_HV,16.0
PDGFRA,maximin,network_specification,positive_k10_r0.7__discovery_DO_vs_HV,1.0
TYK2,maximin,network_specification,positive_k10_r0.7__discovery_DO_vs_HV,7.0
ABL1,RRA,network_specification,positive_k10_r0.7__discovery_DO_vs_HV,9.0
AXL,RRA,network_specification,positive_k10_r0.7__discovery_DO_vs_HV,16.0
CDK4,RRA,network_specification,positive_k10_r0.7__discovery_DO_vs_HV,7.0
FGFR1,RRA,network_specification,positive_k10_r0.7__discovery_DO_vs_HV,13.0
FGFR2,RRA,network_specification,positive_k10_r0.7__discovery_DO_vs_HV,4.0
FGFR3,RRA,network_specification,positive_k10_r0.7__discovery_DO_vs_HV,10.0
FGFR4,RRA,network_specification,positive_k10_r0.7__discovery_DO_vs_HV,15.0
FLT1,RRA,network_specification,positive_k10_r0.7__discovery_DO_vs_HV,5.0
FLT3,RRA,network_specification,positive_k10_r0.7__discovery_DO_vs_HV,12.0
FLT4,RRA,network_specification,positive_k10_r0.7__discovery_DO_vs_HV,3.0
JAK1,RRA,network_specification,positive_k10_r0.7__discovery_DO_vs_HV,8.0
KDR,RRA,network_specification,positive_k10_r0.7__discovery_DO_vs_HV,2.0
LRRK2,RRA,network_specification,positive_k10_r0.7__discovery_DO_vs_HV,6.0
LYN,RRA,network_specification,positive_k10_r0.7__discovery_DO_vs_HV,14.0
MET,RRA,network_specification,positive_k10_r0.7__discovery_DO_vs_HV,17.0
PDGFRA,RRA,network_specification,positive_k10_r0.7__discovery_DO_vs_HV,1.0
TYK2,RRA,network_specification,positive_k10_r0.7__discovery_DO_vs_HV,11.0
ABL1,median,network_specification,positive_k10_r0.7__discovery_DO_vs_NDO,9.0
AXL,median,network_specification,positive_k10_r0.7__discovery_DO_vs_NDO,16.0
CDK4,median,network_specification,positive_k10_r0.7__discovery_DO_vs_NDO,13.0
FGFR1,median,network_specification,positive_k10_r0.7__discovery_DO_vs_NDO,8.0
FGFR2,median,network_specification,positive_k10_r0.7__discovery_DO_vs_NDO,4.0
FGFR3,median,network_specification,positive_k10_r0.7__discovery_DO_vs_NDO,7.0
FGFR4,median,network_specification,positive_k10_r0.7__discovery_DO_vs_NDO,10.0
FLT1,median,network_specification,positive_k10_r0.7__discovery_DO_vs_NDO,3.0
FLT3,median,network_specification,positive_k10_r0.7__discovery_DO_vs_NDO,11.0
FLT4,median,network_specification,positive_k10_r0.7__discovery_DO_vs_NDO,2.0
JAK1,median,network_specification,positive_k10_r0.7__discovery_DO_vs_NDO,6.0
KDR,median,network_specification,positive_k10_r0.7__discovery_DO_vs_NDO,5.0
LRRK2,median,network_specification,positive_k10_r0.7__discovery_DO_vs_NDO,14.0
LYN,median,network_specification,positive_k10_r0.7__discovery_DO_vs_NDO,15.0
MET,median,network_specification,positive_k10_r0.7__discovery_DO_vs_NDO,17.0
PDGFRA,median,network_specification,positive_k10_r0.7__discovery_DO_vs_NDO,1.0
TYK2,median,network_specification,positive_k10_r0.7__discovery_DO_vs_NDO,12.0
ABL1,mean,network_specification,positive_k10_r0.7__discovery_DO_vs_NDO,13.0
AXL,mean,network_specification,positive_k10_r0.7__discovery_DO_vs_NDO,16.0
CDK4,mean,network_specification,positive_k10_r0.7__discovery_DO_vs_NDO,10.0
FGFR1,mean,network_specification,positive_k10_r0.7__discovery_DO_vs_NDO,9.0
FGFR2,mean,network_specification,positive_k10_r0.7__discovery_DO_vs_NDO,3.0
FGFR3,mean,network_specification,positive_k10_r0.7__discovery_DO_vs_NDO,7.0
FGFR4,mean,network_specification,positive_k10_r0.7__discovery_DO_vs_NDO,14.0
FLT1,mean,network_specification,positive_k10_r0.7__discovery_DO_vs_NDO,4.0
FLT3,mean,network_specification,positive_k10_r0.7__discovery_DO_vs_NDO,8.0
FLT4,mean,network_specification,positive_k10_r0.7__discovery_DO_vs_NDO,2.0
JAK1,mean,network_specification,positive_k10_r0.7__discovery_DO_vs_NDO,6.0
KDR,mean,network_specification,positive_k10_r0.7__discovery_DO_vs_NDO,5.0
LRRK2,mean,network_specification,positive_k10_r0.7__discovery_DO_vs_NDO,11.0
LYN,mean,network_specification,positive_k10_r0.7__discovery_DO_vs_NDO,12.0
MET,mean,network_specification,positive_k10_r0.7__discovery_DO_vs_NDO,17.0
PDGFRA,mean,network_specification,positive_k10_r0.7__discovery_DO_vs_NDO,1.0
TYK2,mean,network_specification,positive_k10_r0.7__discovery_DO_vs_NDO,15.0
ABL1,geometric,network_specification,positive_k10_r0.7__discovery_DO_vs_NDO,9.0
AXL,geometric,network_specification,positive_k10_r0.7__discovery_DO_vs_NDO,15.0
CDK4,geometric,network_specification,positive_k10_r0.7__discovery_DO_vs_NDO,11.0
FGFR1,geometric,network_specification,positive_k10_r0.7__discovery_DO_vs_NDO,14.0
FGFR2,geometric,network_specification,positive_k10_r0.7__discovery_DO_vs_NDO,3.0
FGFR3,geometric,network_specification,positive_k10_r0.7__discovery_DO_vs_NDO,5.0
FGFR4,geometric,network_specification,positive_k10_r0.7__discovery_DO_vs_NDO,13.0
FLT1,geometric,network_specification,positive_k10_r0.7__discovery_DO_vs_NDO,6.0
FLT3,geometric,network_specification,positive_k10_r0.7__discovery_DO_vs_NDO,8.0
FLT4,geometric,network_specification,positive_k10_r0.7__discovery_DO_vs_NDO,2.0
JAK1,geometric,network_specification,positive_k10_r0.7__discovery_DO_vs_NDO,4.0
KDR,geometric,network_specification,positive_k10_r0.7__discovery_DO_vs_NDO,7.0
LRRK2,geometric,network_specification,positive_k10_r0.7__discovery_DO_vs_NDO,16.0
LYN,geometric,network_specification,positive_k10_r0.7__discovery_DO_vs_NDO,12.0
MET,geometric,network_specification,positive_k10_r0.7__discovery_DO_vs_NDO,17.0
PDGFRA,geometric,network_specification,positive_k10_r0.7__discovery_DO_vs_NDO,1.0
TYK2,geometric,network_specification,positive_k10_r0.7__discovery_DO_vs_NDO,10.0
ABL1,maximin,network_specification,positive_k10_r0.7__discovery_DO_vs_NDO,4.5
AXL,maximin,network_specification,positive_k10_r0.7__discovery_DO_vs_NDO,13.5
CDK4,maximin,network_specification,positive_k10_r0.7__discovery_DO_vs_NDO,10.5
FGFR1,maximin,network_specification,positive_k10_r0.7__discovery_DO_vs_NDO,16.0
FGFR2,maximin,network_specification,positive_k10_r0.7__discovery_DO_vs_NDO,3.0
FGFR3,maximin,network_specification,positive_k10_r0.7__discovery_DO_vs_NDO,6.0
FGFR4,maximin,network_specification,positive_k10_r0.7__discovery_DO_vs_NDO,13.5
FLT1,maximin,network_specification,positive_k10_r0.7__discovery_DO_vs_NDO,12.0
FLT3,maximin,network_specification,positive_k10_r0.7__discovery_DO_vs_NDO,7.5
FLT4,maximin,network_specification,positive_k10_r0.7__discovery_DO_vs_NDO,2.0
JAK1,maximin,network_specification,positive_k10_r0.7__discovery_DO_vs_NDO,4.5
KDR,maximin,network_specification,positive_k10_r0.7__discovery_DO_vs_NDO,10.5
LRRK2,maximin,network_specification,positive_k10_r0.7__discovery_DO_vs_NDO,16.0
LYN,maximin,network_specification,positive_k10_r0.7__discovery_DO_vs_NDO,9.0
MET,maximin,network_specification,positive_k10_r0.7__discovery_DO_vs_NDO,16.0
PDGFRA,maximin,network_specification,positive_k10_r0.7__discovery_DO_vs_NDO,1.0
TYK2,maximin,network_specification,positive_k10_r0.7__discovery_DO_vs_NDO,7.5
ABL1,RRA,network_specification,positive_k10_r0.7__discovery_DO_vs_NDO,9.0
AXL,RRA,network_specification,positive_k10_r0.7__discovery_DO_vs_NDO,16.0
CDK4,RRA,network_specification,positive_k10_r0.7__discovery_DO_vs_NDO,7.0
FGFR1,RRA,network_specification,positive_k10_r0.7__discovery_DO_vs_NDO,13.0
FGFR2,RRA,network_specification,positive_k10_r0.7__discovery_DO_vs_NDO,4.0
FGFR3,RRA,network_specification,positive_k10_r0.7__discovery_DO_vs_NDO,10.0
FGFR4,RRA,network_specification,positive_k10_r0.7__discovery_DO_vs_NDO,15.0
FLT1,RRA,network_specification,positive_k10_r0.7__discovery_DO_vs_NDO,5.0
FLT3,RRA,network_specification,positive_k10_r0.7__discovery_DO_vs_NDO,11.5
FLT4,RRA,network_specification,positive_k10_r0.7__discovery_DO_vs_NDO,3.0
JAK1,RRA,network_specification,positive_k10_r0.7__discovery_DO_vs_NDO,8.0
KDR,RRA,network_specification,positive_k10_r0.7__discovery_DO_vs_NDO,2.0
LRRK2,RRA,network_specification,positive_k10_r0.7__discovery_DO_vs_NDO,6.0
LYN,RRA,network_specification,positive_k10_r0.7__discovery_DO_vs_NDO,14.0
MET,RRA,network_specification,positive_k10_r0.7__discovery_DO_vs_NDO,17.0
PDGFRA,RRA,network_specification,positive_k10_r0.7__discovery_DO_vs_NDO,1.0
TYK2,RRA,network_specification,positive_k10_r0.7__discovery_DO_vs_NDO,11.5
ABL1,median,network_specification,positive_k20_r0.3__confirmatory_DO_vs_HV,10.0
AXL,median,network_specification,positive_k20_r0.3__confirmatory_DO_vs_HV,16.0
CDK4,median,network_specification,positive_k20_r0.3__confirmatory_DO_vs_HV,15.0
FGFR1,median,network_specification,positive_k20_r0.3__confirmatory_DO_vs_HV,8.0
FGFR2,median,network_specification,positive_k20_r0.3__confirmatory_DO_vs_HV,5.0
FGFR3,median,network_specification,positive_k20_r0.3__confirmatory_DO_vs_HV,7.0
FGFR4,median,network_specification,positive_k20_r0.3__confirmatory_DO_vs_HV,9.0
FLT1,median,network_specification,positive_k20_r0.3__confirmatory_DO_vs_HV,3.0
FLT3,median,network_specification,positive_k20_r0.3__confirmatory_DO_vs_HV,11.0
FLT4,median,network_specification,positive_k20_r0.3__confirmatory_DO_vs_HV,1.0
JAK1,median,network_specification,positive_k20_r0.3__confirmatory_DO_vs_HV,6.0
KDR,median,network_specification,positive_k20_r0.3__confirmatory_DO_vs_HV,4.0
LRRK2,median,network_specification,positive_k20_r0.3__confirmatory_DO_vs_HV,14.0
LYN,median,network_specification,positive_k20_r0.3__confirmatory_DO_vs_HV,13.0
MET,median,network_specification,positive_k20_r0.3__confirmatory_DO_vs_HV,17.0
PDGFRA,median,network_specification,positive_k20_r0.3__confirmatory_DO_vs_HV,2.0
TYK2,median,network_specification,positive_k20_r0.3__confirmatory_DO_vs_HV,12.0
ABL1,mean,network_specification,positive_k20_r0.3__confirmatory_DO_vs_HV,14.0
AXL,mean,network_specification,positive_k20_r0.3__confirmatory_DO_vs_HV,16.0
CDK4,mean,network_specification,positive_k20_r0.3__confirmatory_DO_vs_HV,11.0
FGFR1,mean,network_specification,positive_k20_r0.3__confirmatory_DO_vs_HV,8.0
FGFR2,mean,network_specification,positive_k20_r0.3__confirmatory_DO_vs_HV,4.0
FGFR3,mean,network_specification,positive_k20_r0.3__confirmatory_DO_vs_HV,7.0
FGFR4,mean,network_specification,positive_k20_r0.3__confirmatory_DO_vs_HV,12.0
FLT1,mean,network_specification,positive_k20_r0.3__confirmatory_DO_vs_HV,3.0
FLT3,mean,network_specification,positive_k20_r0.3__confirmatory_DO_vs_HV,9.0
FLT4,mean,network_specification,positive_k20_r0.3__confirmatory_DO_vs_HV,2.0
JAK1,mean,network_specification,positive_k20_r0.3__confirmatory_DO_vs_HV,6.0
KDR,mean,network_specification,positive_k20_r0.3__confirmatory_DO_vs_HV,5.0
LRRK2,mean,network_specification,positive_k20_r0.3__confirmatory_DO_vs_HV,13.0
LYN,mean,network_specification,positive_k20_r0.3__confirmatory_DO_vs_HV,10.0
MET,mean,network_specification,positive_k20_r0.3__confirmatory_DO_vs_HV,17.0
PDGFRA,mean,network_specification,positive_k20_r0.3__confirmatory_DO_vs_HV,1.0
TYK2,mean,network_specification,positive_k20_r0.3__confirmatory_DO_vs_HV,15.0
ABL1,geometric,network_specification,positive_k20_r0.3__confirmatory_DO_vs_HV,8.0
AXL,geometric,network_specification,positive_k20_r0.3__confirmatory_DO_vs_HV,16.0
CDK4,geometric,network_specification,positive_k20_r0.3__confirmatory_DO_vs_HV,13.0
FGFR1,geometric,network_specification,positive_k20_r0.3__confirmatory_DO_vs_HV,10.0
FGFR2,geometric,network_specification,positive_k20_r0.3__confirmatory_DO_vs_HV,3.0
FGFR3,geometric,network_specification,positive_k20_r0.3__confirmatory_DO_vs_HV,5.0
FGFR4,geometric,network_specification,positive_k20_r0.3__confirmatory_DO_vs_HV,14.0
FLT1,geometric,network_specification,positive_k20_r0.3__confirmatory_DO_vs_HV,6.0
FLT3,geometric,network_specification,positive_k20_r0.3__confirmatory_DO_vs_HV,9.0
FLT4,geometric,network_specification,positive_k20_r0.3__confirmatory_DO_vs_HV,2.0
JAK1,geometric,network_specification,positive_k20_r0.3__confirmatory_DO_vs_HV,4.0
KDR,geometric,network_specification,positive_k20_r0.3__confirmatory_DO_vs_HV,7.0
LRRK2,geometric,network_specification,positive_k20_r0.3__confirmatory_DO_vs_HV,15.0
LYN,geometric,network_specification,positive_k20_r0.3__confirmatory_DO_vs_HV,12.0
MET,geometric,network_specification,positive_k20_r0.3__confirmatory_DO_vs_HV,17.0
PDGFRA,geometric,network_specification,positive_k20_r0.3__confirmatory_DO_vs_HV,1.0
TYK2,geometric,network_specification,positive_k20_r0.3__confirmatory_DO_vs_HV,11.0
ABL1,maximin,network_specification,positive_k20_r0.3__confirmatory_DO_vs_HV,4.5
AXL,maximin,network_specification,positive_k20_r0.3__confirmatory_DO_vs_HV,16.0
CDK4,maximin,network_specification,positive_k20_r0.3__confirmatory_DO_vs_HV,10.5
FGFR1,maximin,network_specification,positive_k20_r0.3__confirmatory_DO_vs_HV,13.5
FGFR2,maximin,network_specification,positive_k20_r0.3__confirmatory_DO_vs_HV,3.0
FGFR3,maximin,network_specification,positive_k20_r0.3__confirmatory_DO_vs_HV,6.0
FGFR4,maximin,network_specification,positive_k20_r0.3__confirmatory_DO_vs_HV,13.5
FLT1,maximin,network_specification,positive_k20_r0.3__confirmatory_DO_vs_HV,12.0
FLT3,maximin,network_specification,positive_k20_r0.3__confirmatory_DO_vs_HV,8.5
FLT4,maximin,network_specification,positive_k20_r0.3__confirmatory_DO_vs_HV,2.0
JAK1,maximin,network_specification,positive_k20_r0.3__confirmatory_DO_vs_HV,4.5
KDR,maximin,network_specification,positive_k20_r0.3__confirmatory_DO_vs_HV,10.5
LRRK2,maximin,network_specification,positive_k20_r0.3__confirmatory_DO_vs_HV,16.0
LYN,maximin,network_specification,positive_k20_r0.3__confirmatory_DO_vs_HV,8.5
MET,maximin,network_specification,positive_k20_r0.3__confirmatory_DO_vs_HV,16.0
PDGFRA,maximin,network_specification,positive_k20_r0.3__confirmatory_DO_vs_HV,1.0
TYK2,maximin,network_specification,positive_k20_r0.3__confirmatory_DO_vs_HV,7.0
ABL1,RRA,network_specification,positive_k20_r0.3__confirmatory_DO_vs_HV,9.0
AXL,RRA,network_specification,positive_k20_r0.3__confirmatory_DO_vs_HV,16.0
CDK4,RRA,network_specification,positive_k20_r0.3__confirmatory_DO_vs_HV,5.0
FGFR1,RRA,network_specification,positive_k20_r0.3__confirmatory_DO_vs_HV,13.0
FGFR2,RRA,network_specification,positive_k20_r0.3__confirmatory_DO_vs_HV,6.0
FGFR3,RRA,network_specification,positive_k20_r0.3__confirmatory_DO_vs_HV,10.0
FGFR4,RRA,network_specification,positive_k20_r0.3__confirmatory_DO_vs_HV,15.0
FLT1,RRA,network_specification,positive_k20_r0.3__confirmatory_DO_vs_HV,7.0
FLT3,RRA,network_specification,positive_k20_r0.3__confirmatory_DO_vs_HV,12.0
FLT4,RRA,network_specification,positive_k20_r0.3__confirmatory_DO_vs_HV,3.0
JAK1,RRA,network_specification,positive_k20_r0.3__confirmatory_DO_vs_HV,8.0
KDR,RRA,network_specification,positive_k20_r0.3__confirmatory_DO_vs_HV,2.0
LRRK2,RRA,network_specification,positive_k20_r0.3__confirmatory_DO_vs_HV,4.0
LYN,RRA,network_specification,positive_k20_r0.3__confirmatory_DO_vs_HV,14.0
MET,RRA,network_specification,positive_k20_r0.3__confirmatory_DO_vs_HV,17.0
PDGFRA,RRA,network_specification,positive_k20_r0.3__confirmatory_DO_vs_HV,1.0
TYK2,RRA,network_specification,positive_k20_r0.3__confirmatory_DO_vs_HV,11.0
ABL1,median,network_specification,positive_k20_r0.3__confirmatory_DO_vs_NDO,11.0
AXL,median,network_specification,positive_k20_r0.3__confirmatory_DO_vs_NDO,16.0
CDK4,median,network_specification,positive_k20_r0.3__confirmatory_DO_vs_NDO,15.0
FGFR1,median,network_specification,positive_k20_r0.3__confirmatory_DO_vs_NDO,7.0
FGFR2,median,network_specification,positive_k20_r0.3__confirmatory_DO_vs_NDO,3.0
FGFR3,median,network_specification,positive_k20_r0.3__confirmatory_DO_vs_NDO,6.0
FGFR4,median,network_specification,positive_k20_r0.3__confirmatory_DO_vs_NDO,8.0
FLT1,median,network_specification,positive_k20_r0.3__confirmatory_DO_vs_NDO,5.0
FLT3,median,network_specification,positive_k20_r0.3__confirmatory_DO_vs_NDO,12.0
FLT4,median,network_specification,positive_k20_r0.3__confirmatory_DO_vs_NDO,1.0
JAK1,median,network_specification,positive_k20_r0.3__confirmatory_DO_vs_NDO,9.0
KDR,median,network_specification,positive_k20_r0.3__confirmatory_DO_vs_NDO,4.0
LRRK2,median,network_specification,positive_k20_r0.3__confirmatory_DO_vs_NDO,14.0
LYN,median,network_specification,positive_k20_r0.3__confirmatory_DO_vs_NDO,10.0
MET,median,network_specification,positive_k20_r0.3__confirmatory_DO_vs_NDO,17.0
PDGFRA,median,network_specification,positive_k20_r0.3__confirmatory_DO_vs_NDO,2.0
TYK2,median,network_specification,positive_k20_r0.3__confirmatory_DO_vs_NDO,13.0
ABL1,mean,network_specification,positive_k20_r0.3__confirmatory_DO_vs_NDO,15.0
AXL,mean,network_specification,positive_k20_r0.3__confirmatory_DO_vs_NDO,16.0
CDK4,mean,network_specification,positive_k20_r0.3__confirmatory_DO_vs_NDO,13.0
FGFR1,mean,network_specification,positive_k20_r0.3__confirmatory_DO_vs_NDO,7.0
FGFR2,mean,network_specification,positive_k20_r0.3__confirmatory_DO_vs_NDO,3.0
FGFR3,mean,network_specification,positive_k20_r0.3__confirmatory_DO_vs_NDO,6.0
FGFR4,mean,network_specification,positive_k20_r0.3__confirmatory_DO_vs_NDO,12.0
FLT1,mean,network_specification,positive_k20_r0.3__confirmatory_DO_vs_NDO,5.0
FLT3,mean,network_specification,positive_k20_r0.3__confirmatory_DO_vs_NDO,10.0
FLT4,mean,network_specification,positive_k20_r0.3__confirmatory_DO_vs_NDO,1.0
JAK1,mean,network_specification,positive_k20_r0.3__confirmatory_DO_vs_NDO,9.0
KDR,mean,network_specification,positive_k20_r0.3__confirmatory_DO_vs_NDO,4.0
LRRK2,mean,network_specification,positive_k20_r0.3__confirmatory_DO_vs_NDO,14.0
LYN,mean,network_specification,positive_k20_r0.3__confirmatory_DO_vs_NDO,8.0
MET,mean,network_specification,positive_k20_r0.3__confirmatory_DO_vs_NDO,17.0
PDGFRA,mean,network_specification,positive_k20_r0.3__confirmatory_DO_vs_NDO,2.0
TYK2,mean,network_specification,positive_k20_r0.3__confirmatory_DO_vs_NDO,11.0
ABL1,geometric,network_specification,positive_k20_r0.3__confirmatory_DO_vs_NDO,11.0
AXL,geometric,network_specification,positive_k20_r0.3__confirmatory_DO_vs_NDO,15.0
CDK4,geometric,network_specification,positive_k20_r0.3__confirmatory_DO_vs_NDO,13.0
FGFR1,geometric,network_specification,positive_k20_r0.3__confirmatory_DO_vs_NDO,6.0
FGFR2,geometric,network_specification,positive_k20_r0.3__confirmatory_DO_vs_NDO,3.0
FGFR3,geometric,network_specification,positive_k20_r0.3__confirmatory_DO_vs_NDO,4.0
FGFR4,geometric,network_specification,positive_k20_r0.3__confirmatory_DO_vs_NDO,12.0
FLT1,geometric,network_specification,positive_k20_r0.3__confirmatory_DO_vs_NDO,8.0
FLT3,geometric,network_specification,positive_k20_r0.3__confirmatory_DO_vs_NDO,10.0
FLT4,geometric,network_specification,positive_k20_r0.3__confirmatory_DO_vs_NDO,1.0
JAK1,geometric,network_specification,positive_k20_r0.3__confirmatory_DO_vs_NDO,5.0
KDR,geometric,network_specification,positive_k20_r0.3__confirmatory_DO_vs_NDO,14.0
LRRK2,geometric,network_specification,positive_k20_r0.3__confirmatory_DO_vs_NDO,16.0
LYN,geometric,network_specification,positive_k20_r0.3__confirmatory_DO_vs_NDO,7.0
MET,geometric,network_specification,positive_k20_r0.3__confirmatory_DO_vs_NDO,17.0
PDGFRA,geometric,network_specification,positive_k20_r0.3__confirmatory_DO_vs_NDO,2.0
TYK2,geometric,network_specification,positive_k20_r0.3__confirmatory_DO_vs_NDO,9.0
ABL1,maximin,network_specification,positive_k20_r0.3__confirmatory_DO_vs_NDO,4.5
AXL,maximin,network_specification,positive_k20_r0.3__confirmatory_DO_vs_NDO,13.5
CDK4,maximin,network_specification,positive_k20_r0.3__confirmatory_DO_vs_NDO,10.5
FGFR1,maximin,network_specification,positive_k20_r0.3__confirmatory_DO_vs_NDO,10.5
FGFR2,maximin,network_specification,positive_k20_r0.3__confirmatory_DO_vs_NDO,3.0
FGFR3,maximin,network_specification,positive_k20_r0.3__confirmatory_DO_vs_NDO,6.0
FGFR4,maximin,network_specification,positive_k20_r0.3__confirmatory_DO_vs_NDO,13.5
FLT1,maximin,network_specification,positive_k20_r0.3__confirmatory_DO_vs_NDO,12.0
FLT3,maximin,network_specification,positive_k20_r0.3__confirmatory_DO_vs_NDO,8.5
FLT4,maximin,network_specification,positive_k20_r0.3__confirmatory_DO_vs_NDO,1.0
JAK1,maximin,network_specification,positive_k20_r0.3__confirmatory_DO_vs_NDO,4.5
KDR,maximin,network_specification,positive_k20_r0.3__confirmatory_DO_vs_NDO,16.0
LRRK2,maximin,network_specification,positive_k20_r0.3__confirmatory_DO_vs_NDO,16.0
LYN,maximin,network_specification,positive_k20_r0.3__confirmatory_DO_vs_NDO,8.5
MET,maximin,network_specification,positive_k20_r0.3__confirmatory_DO_vs_NDO,16.0
PDGFRA,maximin,network_specification,positive_k20_r0.3__confirmatory_DO_vs_NDO,2.0
TYK2,maximin,network_specification,positive_k20_r0.3__confirmatory_DO_vs_NDO,7.0
ABL1,RRA,network_specification,positive_k20_r0.3__confirmatory_DO_vs_NDO,7.5
AXL,RRA,network_specification,positive_k20_r0.3__confirmatory_DO_vs_NDO,16.0
CDK4,RRA,network_specification,positive_k20_r0.3__confirmatory_DO_vs_NDO,6.0
FGFR1,RRA,network_specification,positive_k20_r0.3__confirmatory_DO_vs_NDO,13.0
FGFR2,RRA,network_specification,positive_k20_r0.3__confirmatory_DO_vs_NDO,4.0
FGFR3,RRA,network_specification,positive_k20_r0.3__confirmatory_DO_vs_NDO,9.0
FGFR4,RRA,network_specification,positive_k20_r0.3__confirmatory_DO_vs_NDO,15.0
FLT1,RRA,network_specification,positive_k20_r0.3__confirmatory_DO_vs_NDO,11.5
FLT3,RRA,network_specification,positive_k20_r0.3__confirmatory_DO_vs_NDO,11.5
FLT4,RRA,network_specification,positive_k20_r0.3__confirmatory_DO_vs_NDO,2.0
JAK1,RRA,network_specification,positive_k20_r0.3__confirmatory_DO_vs_NDO,7.5
KDR,RRA,network_specification,positive_k20_r0.3__confirmatory_DO_vs_NDO,1.0
LRRK2,RRA,network_specification,positive_k20_r0.3__confirmatory_DO_vs_NDO,5.0
LYN,RRA,network_specification,positive_k20_r0.3__confirmatory_DO_vs_NDO,14.0
MET,RRA,network_specification,positive_k20_r0.3__confirmatory_DO_vs_NDO,17.0
PDGFRA,RRA,network_specification,positive_k20_r0.3__confirmatory_DO_vs_NDO,3.0
TYK2,RRA,network_specification,positive_k20_r0.3__confirmatory_DO_vs_NDO,10.0
ABL1,median,network_specification,positive_k20_r0.3__discovery_DO_vs_HV,11.0
AXL,median,network_specification,positive_k20_r0.3__discovery_DO_vs_HV,16.0
CDK4,median,network_specification,positive_k20_r0.3__discovery_DO_vs_HV,15.0
FGFR1,median,network_specification,positive_k20_r0.3__discovery_DO_vs_HV,8.0
FGFR2,median,network_specification,positive_k20_r0.3__discovery_DO_vs_HV,4.0
FGFR3,median,network_specification,positive_k20_r0.3__discovery_DO_vs_HV,7.0
FGFR4,median,network_specification,positive_k20_r0.3__discovery_DO_vs_HV,9.0
FLT1,median,network_specification,positive_k20_r0.3__discovery_DO_vs_HV,3.0
FLT3,median,network_specification,positive_k20_r0.3__discovery_DO_vs_HV,12.0
FLT4,median,network_specification,positive_k20_r0.3__discovery_DO_vs_HV,2.0
JAK1,median,network_specification,positive_k20_r0.3__discovery_DO_vs_HV,6.0
KDR,median,network_specification,positive_k20_r0.3__discovery_DO_vs_HV,5.0
LRRK2,median,network_specification,positive_k20_r0.3__discovery_DO_vs_HV,14.0
LYN,median,network_specification,positive_k20_r0.3__discovery_DO_vs_HV,10.0
MET,median,network_specification,positive_k20_r0.3__discovery_DO_vs_HV,17.0
PDGFRA,median,network_specification,positive_k20_r0.3__discovery_DO_vs_HV,1.0
TYK2,median,network_specification,positive_k20_r0.3__discovery_DO_vs_HV,13.0
ABL1,mean,network_specification,positive_k20_r0.3__discovery_DO_vs_HV,15.0
AXL,mean,network_specification,positive_k20_r0.3__discovery_DO_vs_HV,16.0
CDK4,mean,network_specification,positive_k20_r0.3__discovery_DO_vs_HV,12.0
FGFR1,mean,network_specification,positive_k20_r0.3__discovery_DO_vs_HV,9.0
FGFR2,mean,network_specification,positive_k20_r0.3__discovery_DO_vs_HV,3.0
FGFR3,mean,network_specification,positive_k20_r0.3__discovery_DO_vs_HV,7.0
FGFR4,mean,network_specification,positive_k20_r0.3__discovery_DO_vs_HV,14.0
FLT1,mean,network_specification,positive_k20_r0.3__discovery_DO_vs_HV,4.0
FLT3,mean,network_specification,positive_k20_r0.3__discovery_DO_vs_HV,10.0
FLT4,mean,network_specification,positive_k20_r0.3__discovery_DO_vs_HV,2.0
JAK1,mean,network_specification,positive_k20_r0.3__discovery_DO_vs_HV,6.0
KDR,mean,network_specification,positive_k20_r0.3__discovery_DO_vs_HV,5.0
LRRK2,mean,network_specification,positive_k20_r0.3__discovery_DO_vs_HV,13.0
LYN,mean,network_specification,positive_k20_r0.3__discovery_DO_vs_HV,8.0
MET,mean,network_specification,positive_k20_r0.3__discovery_DO_vs_HV,17.0
PDGFRA,mean,network_specification,positive_k20_r0.3__discovery_DO_vs_HV,1.0
TYK2,mean,network_specification,positive_k20_r0.3__discovery_DO_vs_HV,11.0
ABL1,geometric,network_specification,positive_k20_r0.3__discovery_DO_vs_HV,11.0
AXL,geometric,network_specification,positive_k20_r0.3__discovery_DO_vs_HV,15.0
CDK4,geometric,network_specification,positive_k20_r0.3__discovery_DO_vs_HV,12.0
FGFR1,geometric,network_specification,positive_k20_r0.3__discovery_DO_vs_HV,14.0
FGFR2,geometric,network_specification,positive_k20_r0.3__discovery_DO_vs_HV,3.0
FGFR3,geometric,network_specification,positive_k20_r0.3__discovery_DO_vs_HV,5.0
FGFR4,geometric,network_specification,positive_k20_r0.3__discovery_DO_vs_HV,13.0
FLT1,geometric,network_specification,positive_k20_r0.3__discovery_DO_vs_HV,6.0
FLT3,geometric,network_specification,positive_k20_r0.3__discovery_DO_vs_HV,10.0
FLT4,geometric,network_specification,positive_k20_r0.3__discovery_DO_vs_HV,2.0
JAK1,geometric,network_specification,positive_k20_r0.3__discovery_DO_vs_HV,4.0
KDR,geometric,network_specification,positive_k20_r0.3__discovery_DO_vs_HV,7.0
LRRK2,geometric,network_specification,positive_k20_r0.3__discovery_DO_vs_HV,16.0
LYN,geometric,network_specification,positive_k20_r0.3__discovery_DO_vs_HV,8.0
MET,geometric,network_specification,positive_k20_r0.3__discovery_DO_vs_HV,17.0
PDGFRA,geometric,network_specification,positive_k20_r0.3__discovery_DO_vs_HV,1.0
TYK2,geometric,network_specification,positive_k20_r0.3__discovery_DO_vs_HV,9.0
ABL1,maximin,network_specification,positive_k20_r0.3__discovery_DO_vs_HV,4.5
AXL,maximin,network_specification,positive_k20_r0.3__discovery_DO_vs_HV,13.5
CDK4,maximin,network_specification,positive_k20_r0.3__discovery_DO_vs_HV,10.5
FGFR1,maximin,network_specification,positive_k20_r0.3__discovery_DO_vs_HV,16.0
FGFR2,maximin,network_specification,positive_k20_r0.3__discovery_DO_vs_HV,3.0
FGFR3,maximin,network_specification,positive_k20_r0.3__discovery_DO_vs_HV,6.0
FGFR4,maximin,network_specification,positive_k20_r0.3__discovery_DO_vs_HV,13.5
FLT1,maximin,network_specification,positive_k20_r0.3__discovery_DO_vs_HV,12.0
FLT3,maximin,network_specification,positive_k20_r0.3__discovery_DO_vs_HV,8.5
FLT4,maximin,network_specification,positive_k20_r0.3__discovery_DO_vs_HV,2.0
JAK1,maximin,network_specification,positive_k20_r0.3__discovery_DO_vs_HV,4.5
KDR,maximin,network_specification,positive_k20_r0.3__discovery_DO_vs_HV,10.5
LRRK2,maximin,network_specification,positive_k20_r0.3__discovery_DO_vs_HV,16.0
LYN,maximin,network_specification,positive_k20_r0.3__discovery_DO_vs_HV,8.5
MET,maximin,network_specification,positive_k20_r0.3__discovery_DO_vs_HV,16.0
PDGFRA,maximin,network_specification,positive_k20_r0.3__discovery_DO_vs_HV,1.0
TYK2,maximin,network_specification,positive_k20_r0.3__discovery_DO_vs_HV,7.0
ABL1,RRA,network_specification,positive_k20_r0.3__discovery_DO_vs_HV,9.0
AXL,RRA,network_specification,positive_k20_r0.3__discovery_DO_vs_HV,16.0
CDK4,RRA,network_specification,positive_k20_r0.3__discovery_DO_vs_HV,5.0
FGFR1,RRA,network_specification,positive_k20_r0.3__discovery_DO_vs_HV,13.0
FGFR2,RRA,network_specification,positive_k20_r0.3__discovery_DO_vs_HV,6.0
FGFR3,RRA,network_specification,positive_k20_r0.3__discovery_DO_vs_HV,10.0
FGFR4,RRA,network_specification,positive_k20_r0.3__discovery_DO_vs_HV,15.0
FLT1,RRA,network_specification,positive_k20_r0.3__discovery_DO_vs_HV,7.0
FLT3,RRA,network_specification,positive_k20_r0.3__discovery_DO_vs_HV,12.0
FLT4,RRA,network_specification,positive_k20_r0.3__discovery_DO_vs_HV,3.0
JAK1,RRA,network_specification,positive_k20_r0.3__discovery_DO_vs_HV,8.0
KDR,RRA,network_specification,positive_k20_r0.3__discovery_DO_vs_HV,2.0
LRRK2,RRA,network_specification,positive_k20_r0.3__discovery_DO_vs_HV,4.0
LYN,RRA,network_specification,positive_k20_r0.3__discovery_DO_vs_HV,14.0
MET,RRA,network_specification,positive_k20_r0.3__discovery_DO_vs_HV,17.0
PDGFRA,RRA,network_specification,positive_k20_r0.3__discovery_DO_vs_HV,1.0
TYK2,RRA,network_specification,positive_k20_r0.3__discovery_DO_vs_HV,11.0
ABL1,median,network_specification,positive_k20_r0.3__discovery_DO_vs_NDO,10.0
AXL,median,network_specification,positive_k20_r0.3__discovery_DO_vs_NDO,16.0
CDK4,median,network_specification,positive_k20_r0.3__discovery_DO_vs_NDO,15.0
FGFR1,median,network_specification,positive_k20_r0.3__discovery_DO_vs_NDO,8.0
FGFR2,median,network_specification,positive_k20_r0.3__discovery_DO_vs_NDO,3.0
FGFR3,median,network_specification,positive_k20_r0.3__discovery_DO_vs_NDO,6.0
FGFR4,median,network_specification,positive_k20_r0.3__discovery_DO_vs_NDO,9.0
FLT1,median,network_specification,positive_k20_r0.3__discovery_DO_vs_NDO,4.0
FLT3,median,network_specification,positive_k20_r0.3__discovery_DO_vs_NDO,11.0
FLT4,median,network_specification,positive_k20_r0.3__discovery_DO_vs_NDO,2.0
JAK1,median,network_specification,positive_k20_r0.3__discovery_DO_vs_NDO,7.0
KDR,median,network_specification,positive_k20_r0.3__discovery_DO_vs_NDO,5.0
LRRK2,median,network_specification,positive_k20_r0.3__discovery_DO_vs_NDO,14.0
LYN,median,network_specification,positive_k20_r0.3__discovery_DO_vs_NDO,12.0
MET,median,network_specification,positive_k20_r0.3__discovery_DO_vs_NDO,17.0
PDGFRA,median,network_specification,positive_k20_r0.3__discovery_DO_vs_NDO,1.0
TYK2,median,network_specification,positive_k20_r0.3__discovery_DO_vs_NDO,13.0
ABL1,mean,network_specification,positive_k20_r0.3__discovery_DO_vs_NDO,15.0
AXL,mean,network_specification,positive_k20_r0.3__discovery_DO_vs_NDO,16.0
CDK4,mean,network_specification,positive_k20_r0.3__discovery_DO_vs_NDO,12.0
FGFR1,mean,network_specification,positive_k20_r0.3__discovery_DO_vs_NDO,8.0
FGFR2,mean,network_specification,positive_k20_r0.3__discovery_DO_vs_NDO,3.0
FGFR3,mean,network_specification,positive_k20_r0.3__discovery_DO_vs_NDO,6.0
FGFR4,mean,network_specification,positive_k20_r0.3__discovery_DO_vs_NDO,13.0
FLT1,mean,network_specification,positive_k20_r0.3__discovery_DO_vs_NDO,4.0
FLT3,mean,network_specification,positive_k20_r0.3__discovery_DO_vs_NDO,9.0
FLT4,mean,network_specification,positive_k20_r0.3__discovery_DO_vs_NDO,2.0
JAK1,mean,network_specification,positive_k20_r0.3__discovery_DO_vs_NDO,7.0
KDR,mean,network_specification,positive_k20_r0.3__discovery_DO_vs_NDO,5.0
LRRK2,mean,network_specification,positive_k20_r0.3__discovery_DO_vs_NDO,14.0
LYN,mean,network_specification,positive_k20_r0.3__discovery_DO_vs_NDO,11.0
MET,mean,network_specification,positive_k20_r0.3__discovery_DO_vs_NDO,17.0
PDGFRA,mean,network_specification,positive_k20_r0.3__discovery_DO_vs_NDO,1.0
TYK2,mean,network_specification,positive_k20_r0.3__discovery_DO_vs_NDO,10.0
ABL1,geometric,network_specification,positive_k20_r0.3__discovery_DO_vs_NDO,11.0
AXL,geometric,network_specification,positive_k20_r0.3__discovery_DO_vs_NDO,15.0
CDK4,geometric,network_specification,positive_k20_r0.3__discovery_DO_vs_NDO,12.0
FGFR1,geometric,network_specification,positive_k20_r0.3__discovery_DO_vs_NDO,14.0
FGFR2,geometric,network_specification,positive_k20_r0.3__discovery_DO_vs_NDO,3.0
FGFR3,geometric,network_specification,positive_k20_r0.3__discovery_DO_vs_NDO,4.0
FGFR4,geometric,network_specification,positive_k20_r0.3__discovery_DO_vs_NDO,13.0
FLT1,geometric,network_specification,positive_k20_r0.3__discovery_DO_vs_NDO,6.0
FLT3,geometric,network_specification,positive_k20_r0.3__discovery_DO_vs_NDO,9.0
FLT4,geometric,network_specification,positive_k20_r0.3__discovery_DO_vs_NDO,2.0
JAK1,geometric,network_specification,positive_k20_r0.3__discovery_DO_vs_NDO,5.0
KDR,geometric,network_specification,positive_k20_r0.3__discovery_DO_vs_NDO,7.0
LRRK2,geometric,network_specification,positive_k20_r0.3__discovery_DO_vs_NDO,16.0
LYN,geometric,network_specification,positive_k20_r0.3__discovery_DO_vs_NDO,10.0
MET,geometric,network_specification,positive_k20_r0.3__discovery_DO_vs_NDO,17.0
PDGFRA,geometric,network_specification,positive_k20_r0.3__discovery_DO_vs_NDO,1.0
TYK2,geometric,network_specification,positive_k20_r0.3__discovery_DO_vs_NDO,8.0
ABL1,maximin,network_specification,positive_k20_r0.3__discovery_DO_vs_NDO,4.5
AXL,maximin,network_specification,positive_k20_r0.3__discovery_DO_vs_NDO,13.5
CDK4,maximin,network_specification,positive_k20_r0.3__discovery_DO_vs_NDO,10.5
FGFR1,maximin,network_specification,positive_k20_r0.3__discovery_DO_vs_NDO,16.0
FGFR2,maximin,network_specification,positive_k20_r0.3__discovery_DO_vs_NDO,3.0
FGFR3,maximin,network_specification,positive_k20_r0.3__discovery_DO_vs_NDO,6.0
FGFR4,maximin,network_specification,positive_k20_r0.3__discovery_DO_vs_NDO,13.5
FLT1,maximin,network_specification,positive_k20_r0.3__discovery_DO_vs_NDO,12.0
FLT3,maximin,network_specification,positive_k20_r0.3__discovery_DO_vs_NDO,8.5
FLT4,maximin,network_specification,positive_k20_r0.3__discovery_DO_vs_NDO,2.0
JAK1,maximin,network_specification,positive_k20_r0.3__discovery_DO_vs_NDO,4.5
KDR,maximin,network_specification,positive_k20_r0.3__discovery_DO_vs_NDO,10.5
LRRK2,maximin,network_specification,positive_k20_r0.3__discovery_DO_vs_NDO,16.0
LYN,maximin,network_specification,positive_k20_r0.3__discovery_DO_vs_NDO,8.5
MET,maximin,network_specification,positive_k20_r0.3__discovery_DO_vs_NDO,16.0
PDGFRA,maximin,network_specification,positive_k20_r0.3__discovery_DO_vs_NDO,1.0
TYK2,maximin,network_specification,positive_k20_r0.3__discovery_DO_vs_NDO,7.0
ABL1,RRA,network_specification,positive_k20_r0.3__discovery_DO_vs_NDO,9.0
AXL,RRA,network_specification,positive_k20_r0.3__discovery_DO_vs_NDO,16.0
CDK4,RRA,network_specification,positive_k20_r0.3__discovery_DO_vs_NDO,6.0
FGFR1,RRA,network_specification,positive_k20_r0.3__discovery_DO_vs_NDO,13.0
FGFR2,RRA,network_specification,positive_k20_r0.3__discovery_DO_vs_NDO,4.0
FGFR3,RRA,network_specification,positive_k20_r0.3__discovery_DO_vs_NDO,10.0
FGFR4,RRA,network_specification,positive_k20_r0.3__discovery_DO_vs_NDO,15.0
FLT1,RRA,network_specification,positive_k20_r0.3__discovery_DO_vs_NDO,7.0
FLT3,RRA,network_specification,positive_k20_r0.3__discovery_DO_vs_NDO,12.0
FLT4,RRA,network_specification,positive_k20_r0.3__discovery_DO_vs_NDO,3.0
JAK1,RRA,network_specification,positive_k20_r0.3__discovery_DO_vs_NDO,8.0
KDR,RRA,network_specification,positive_k20_r0.3__discovery_DO_vs_NDO,2.0
LRRK2,RRA,network_specification,positive_k20_r0.3__discovery_DO_vs_NDO,5.0
LYN,RRA,network_specification,positive_k20_r0.3__discovery_DO_vs_NDO,14.0
MET,RRA,network_specification,positive_k20_r0.3__discovery_DO_vs_NDO,17.0
PDGFRA,RRA,network_specification,positive_k20_r0.3__discovery_DO_vs_NDO,1.0
TYK2,RRA,network_specification,positive_k20_r0.3__discovery_DO_vs_NDO,11.0
ABL1,median,network_specification,positive_k20_r0.5__confirmatory_DO_vs_HV,10.0
AXL,median,network_specification,positive_k20_r0.5__confirmatory_DO_vs_HV,16.0
CDK4,median,network_specification,positive_k20_r0.5__confirmatory_DO_vs_HV,15.0
FGFR1,median,network_specification,positive_k20_r0.5__confirmatory_DO_vs_HV,8.0
FGFR2,median,network_specification,positive_k20_r0.5__confirmatory_DO_vs_HV,5.0
FGFR3,median,network_specification,positive_k20_r0.5__confirmatory_DO_vs_HV,7.0
FGFR4,median,network_specification,positive_k20_r0.5__confirmatory_DO_vs_HV,9.0
FLT1,median,network_specification,positive_k20_r0.5__confirmatory_DO_vs_HV,3.0
FLT3,median,network_specification,positive_k20_r0.5__confirmatory_DO_vs_HV,11.0
FLT4,median,network_specification,positive_k20_r0.5__confirmatory_DO_vs_HV,2.0
JAK1,median,network_specification,positive_k20_r0.5__confirmatory_DO_vs_HV,6.0
KDR,median,network_specification,positive_k20_r0.5__confirmatory_DO_vs_HV,4.0
LRRK2,median,network_specification,positive_k20_r0.5__confirmatory_DO_vs_HV,14.0
LYN,median,network_specification,positive_k20_r0.5__confirmatory_DO_vs_HV,12.0
MET,median,network_specification,positive_k20_r0.5__confirmatory_DO_vs_HV,17.0
PDGFRA,median,network_specification,positive_k20_r0.5__confirmatory_DO_vs_HV,1.0
TYK2,median,network_specification,positive_k20_r0.5__confirmatory_DO_vs_HV,13.0
ABL1,mean,network_specification,positive_k20_r0.5__confirmatory_DO_vs_HV,15.0
AXL,mean,network_specification,positive_k20_r0.5__confirmatory_DO_vs_HV,16.0
CDK4,mean,network_specification,positive_k20_r0.5__confirmatory_DO_vs_HV,11.0
FGFR1,mean,network_specification,positive_k20_r0.5__confirmatory_DO_vs_HV,8.0
FGFR2,mean,network_specification,positive_k20_r0.5__confirmatory_DO_vs_HV,4.0
FGFR3,mean,network_specification,positive_k20_r0.5__confirmatory_DO_vs_HV,7.0
FGFR4,mean,network_specification,positive_k20_r0.5__confirmatory_DO_vs_HV,13.0
FLT1,mean,network_specification,positive_k20_r0.5__confirmatory_DO_vs_HV,3.0
FLT3,mean,network_specification,positive_k20_r0.5__confirmatory_DO_vs_HV,9.0
FLT4,mean,network_specification,positive_k20_r0.5__confirmatory_DO_vs_HV,2.0
JAK1,mean,network_specification,positive_k20_r0.5__confirmatory_DO_vs_HV,6.0
KDR,mean,network_specification,positive_k20_r0.5__confirmatory_DO_vs_HV,5.0
LRRK2,mean,network_specification,positive_k20_r0.5__confirmatory_DO_vs_HV,12.0
LYN,mean,network_specification,positive_k20_r0.5__confirmatory_DO_vs_HV,10.0
MET,mean,network_specification,positive_k20_r0.5__confirmatory_DO_vs_HV,17.0
PDGFRA,mean,network_specification,positive_k20_r0.5__confirmatory_DO_vs_HV,1.0
TYK2,mean,network_specification,positive_k20_r0.5__confirmatory_DO_vs_HV,14.0
ABL1,geometric,network_specification,positive_k20_r0.5__confirmatory_DO_vs_HV,10.0
AXL,geometric,network_specification,positive_k20_r0.5__confirmatory_DO_vs_HV,15.0
CDK4,geometric,network_specification,positive_k20_r0.5__confirmatory_DO_vs_HV,12.0
FGFR1,geometric,network_specification,positive_k20_r0.5__confirmatory_DO_vs_HV,14.0
FGFR2,geometric,network_specification,positive_k20_r0.5__confirmatory_DO_vs_HV,3.0
FGFR3,geometric,network_specification,positive_k20_r0.5__confirmatory_DO_vs_HV,5.0
FGFR4,geometric,network_specification,positive_k20_r0.5__confirmatory_DO_vs_HV,13.0
FLT1,geometric,network_specification,positive_k20_r0.5__confirmatory_DO_vs_HV,6.0
FLT3,geometric,network_specification,positive_k20_r0.5__confirmatory_DO_vs_HV,8.0
FLT4,geometric,network_specification,positive_k20_r0.5__confirmatory_DO_vs_HV,2.0
JAK1,geometric,network_specification,positive_k20_r0.5__confirmatory_DO_vs_HV,4.0
KDR,geometric,network_specification,positive_k20_r0.5__confirmatory_DO_vs_HV,7.0
LRRK2,geometric,network_specification,positive_k20_r0.5__confirmatory_DO_vs_HV,16.0
LYN,geometric,network_specification,positive_k20_r0.5__confirmatory_DO_vs_HV,9.0
MET,geometric,network_specification,positive_k20_r0.5__confirmatory_DO_vs_HV,17.0
PDGFRA,geometric,network_specification,positive_k20_r0.5__confirmatory_DO_vs_HV,1.0
TYK2,geometric,network_specification,positive_k20_r0.5__confirmatory_DO_vs_HV,11.0
ABL1,maximin,network_specification,positive_k20_r0.5__confirmatory_DO_vs_HV,4.5
AXL,maximin,network_specification,positive_k20_r0.5__confirmatory_DO_vs_HV,13.5
CDK4,maximin,network_specification,positive_k20_r0.5__confirmatory_DO_vs_HV,10.5
FGFR1,maximin,network_specification,positive_k20_r0.5__confirmatory_DO_vs_HV,16.0
FGFR2,maximin,network_specification,positive_k20_r0.5__confirmatory_DO_vs_HV,3.0
FGFR3,maximin,network_specification,positive_k20_r0.5__confirmatory_DO_vs_HV,6.0
FGFR4,maximin,network_specification,positive_k20_r0.5__confirmatory_DO_vs_HV,13.5
FLT1,maximin,network_specification,positive_k20_r0.5__confirmatory_DO_vs_HV,12.0
FLT3,maximin,network_specification,positive_k20_r0.5__confirmatory_DO_vs_HV,8.5
FLT4,maximin,network_specification,positive_k20_r0.5__confirmatory_DO_vs_HV,2.0
JAK1,maximin,network_specification,positive_k20_r0.5__confirmatory_DO_vs_HV,4.5
KDR,maximin,network_specification,positive_k20_r0.5__confirmatory_DO_vs_HV,10.5
LRRK2,maximin,network_specification,positive_k20_r0.5__confirmatory_DO_vs_HV,16.0
LYN,maximin,network_specification,positive_k20_r0.5__confirmatory_DO_vs_HV,8.5
MET,maximin,network_specification,positive_k20_r0.5__confirmatory_DO_vs_HV,16.0
PDGFRA,maximin,network_specification,positive_k20_r0.5__confirmatory_DO_vs_HV,1.0
TYK2,maximin,network_specification,positive_k20_r0.5__confirmatory_DO_vs_HV,7.0
ABL1,RRA,network_specification,positive_k20_r0.5__confirmatory_DO_vs_HV,9.0
AXL,RRA,network_specification,positive_k20_r0.5__confirmatory_DO_vs_HV,16.0
CDK4,RRA,network_specification,positive_k20_r0.5__confirmatory_DO_vs_HV,6.0
FGFR1,RRA,network_specification,positive_k20_r0.5__confirmatory_DO_vs_HV,13.0
FGFR2,RRA,network_specification,positive_k20_r0.5__confirmatory_DO_vs_HV,7.0
FGFR3,RRA,network_specification,positive_k20_r0.5__confirmatory_DO_vs_HV,10.0
FGFR4,RRA,network_specification,positive_k20_r0.5__confirmatory_DO_vs_HV,15.0
FLT1,RRA,network_specification,positive_k20_r0.5__confirmatory_DO_vs_HV,4.0
FLT3,RRA,network_specification,positive_k20_r0.5__confirmatory_DO_vs_HV,12.0
FLT4,RRA,network_specification,positive_k20_r0.5__confirmatory_DO_vs_HV,3.0
JAK1,RRA,network_specification,positive_k20_r0.5__confirmatory_DO_vs_HV,8.0
KDR,RRA,network_specification,positive_k20_r0.5__confirmatory_DO_vs_HV,2.0
LRRK2,RRA,network_specification,positive_k20_r0.5__confirmatory_DO_vs_HV,5.0
LYN,RRA,network_specification,positive_k20_r0.5__confirmatory_DO_vs_HV,14.0
MET,RRA,network_specification,positive_k20_r0.5__confirmatory_DO_vs_HV,17.0
PDGFRA,RRA,network_specification,positive_k20_r0.5__confirmatory_DO_vs_HV,1.0
TYK2,RRA,network_specification,positive_k20_r0.5__confirmatory_DO_vs_HV,11.0
ABL1,median,network_specification,positive_k20_r0.5__confirmatory_DO_vs_NDO,11.0
AXL,median,network_specification,positive_k20_r0.5__confirmatory_DO_vs_NDO,16.0
CDK4,median,network_specification,positive_k20_r0.5__confirmatory_DO_vs_NDO,15.0
FGFR1,median,network_specification,positive_k20_r0.5__confirmatory_DO_vs_NDO,6.0
FGFR2,median,network_specification,positive_k20_r0.5__confirmatory_DO_vs_NDO,3.0
FGFR3,median,network_specification,positive_k20_r0.5__confirmatory_DO_vs_NDO,7.0
FGFR4,median,network_specification,positive_k20_r0.5__confirmatory_DO_vs_NDO,9.0
FLT1,median,network_specification,positive_k20_r0.5__confirmatory_DO_vs_NDO,5.0
FLT3,median,network_specification,positive_k20_r0.5__confirmatory_DO_vs_NDO,12.0
FLT4,median,network_specification,positive_k20_r0.5__confirmatory_DO_vs_NDO,1.0
JAK1,median,network_specification,positive_k20_r0.5__confirmatory_DO_vs_NDO,8.0
KDR,median,network_specification,positive_k20_r0.5__confirmatory_DO_vs_NDO,4.0
LRRK2,median,network_specification,positive_k20_r0.5__confirmatory_DO_vs_NDO,14.0
LYN,median,network_specification,positive_k20_r0.5__confirmatory_DO_vs_NDO,10.0
MET,median,network_specification,positive_k20_r0.5__confirmatory_DO_vs_NDO,17.0
PDGFRA,median,network_specification,positive_k20_r0.5__confirmatory_DO_vs_NDO,2.0
TYK2,median,network_specification,positive_k20_r0.5__confirmatory_DO_vs_NDO,13.0
ABL1,mean,network_specification,positive_k20_r0.5__confirmatory_DO_vs_NDO,15.0
AXL,mean,network_specification,positive_k20_r0.5__confirmatory_DO_vs_NDO,16.0
CDK4,mean,network_specification,positive_k20_r0.5__confirmatory_DO_vs_NDO,13.0
FGFR1,mean,network_specification,positive_k20_r0.5__confirmatory_DO_vs_NDO,7.0
FGFR2,mean,network_specification,positive_k20_r0.5__confirmatory_DO_vs_NDO,3.0
FGFR3,mean,network_specification,positive_k20_r0.5__confirmatory_DO_vs_NDO,6.0
FGFR4,mean,network_specification,positive_k20_r0.5__confirmatory_DO_vs_NDO,10.0
FLT1,mean,network_specification,positive_k20_r0.5__confirmatory_DO_vs_NDO,5.0
FLT3,mean,network_specification,positive_k20_r0.5__confirmatory_DO_vs_NDO,11.0
FLT4,mean,network_specification,positive_k20_r0.5__confirmatory_DO_vs_NDO,1.0
JAK1,mean,network_specification,positive_k20_r0.5__confirmatory_DO_vs_NDO,9.0
KDR,mean,network_specification,positive_k20_r0.5__confirmatory_DO_vs_NDO,4.0
LRRK2,mean,network_specification,positive_k20_r0.5__confirmatory_DO_vs_NDO,14.0
LYN,mean,network_specification,positive_k20_r0.5__confirmatory_DO_vs_NDO,8.0
MET,mean,network_specification,positive_k20_r0.5__confirmatory_DO_vs_NDO,17.0
PDGFRA,mean,network_specification,positive_k20_r0.5__confirmatory_DO_vs_NDO,2.0
TYK2,mean,network_specification,positive_k20_r0.5__confirmatory_DO_vs_NDO,12.0
ABL1,geometric,network_specification,positive_k20_r0.5__confirmatory_DO_vs_NDO,11.0
AXL,geometric,network_specification,positive_k20_r0.5__confirmatory_DO_vs_NDO,15.0
CDK4,geometric,network_specification,positive_k20_r0.5__confirmatory_DO_vs_NDO,13.0
FGFR1,geometric,network_specification,positive_k20_r0.5__confirmatory_DO_vs_NDO,6.0
FGFR2,geometric,network_specification,positive_k20_r0.5__confirmatory_DO_vs_NDO,3.0
FGFR3,geometric,network_specification,positive_k20_r0.5__confirmatory_DO_vs_NDO,4.0
FGFR4,geometric,network_specification,positive_k20_r0.5__confirmatory_DO_vs_NDO,12.0
FLT1,geometric,network_specification,positive_k20_r0.5__confirmatory_DO_vs_NDO,8.0
FLT3,geometric,network_specification,positive_k20_r0.5__confirmatory_DO_vs_NDO,10.0
FLT4,geometric,network_specification,positive_k20_r0.5__confirmatory_DO_vs_NDO,1.0
JAK1,geometric,network_specification,positive_k20_r0.5__confirmatory_DO_vs_NDO,5.0
KDR,geometric,network_specification,positive_k20_r0.5__confirmatory_DO_vs_NDO,14.0
LRRK2,geometric,network_specification,positive_k20_r0.5__confirmatory_DO_vs_NDO,16.0
LYN,geometric,network_specification,positive_k20_r0.5__confirmatory_DO_vs_NDO,7.0
MET,geometric,network_specification,positive_k20_r0.5__confirmatory_DO_vs_NDO,17.0
PDGFRA,geometric,network_specification,positive_k20_r0.5__confirmatory_DO_vs_NDO,2.0
TYK2,geometric,network_specification,positive_k20_r0.5__confirmatory_DO_vs_NDO,9.0
ABL1,maximin,network_specification,positive_k20_r0.5__confirmatory_DO_vs_NDO,4.5
AXL,maximin,network_specification,positive_k20_r0.5__confirmatory_DO_vs_NDO,13.5
CDK4,maximin,network_specification,positive_k20_r0.5__confirmatory_DO_vs_NDO,10.5
FGFR1,maximin,network_specification,positive_k20_r0.5__confirmatory_DO_vs_NDO,10.5
FGFR2,maximin,network_specification,positive_k20_r0.5__confirmatory_DO_vs_NDO,3.0
FGFR3,maximin,network_specification,positive_k20_r0.5__confirmatory_DO_vs_NDO,6.0
FGFR4,maximin,network_specification,positive_k20_r0.5__confirmatory_DO_vs_NDO,13.5
FLT1,maximin,network_specification,positive_k20_r0.5__confirmatory_DO_vs_NDO,12.0
FLT3,maximin,network_specification,positive_k20_r0.5__confirmatory_DO_vs_NDO,8.5
FLT4,maximin,network_specification,positive_k20_r0.5__confirmatory_DO_vs_NDO,1.0
JAK1,maximin,network_specification,positive_k20_r0.5__confirmatory_DO_vs_NDO,4.5
KDR,maximin,network_specification,positive_k20_r0.5__confirmatory_DO_vs_NDO,16.0
LRRK2,maximin,network_specification,positive_k20_r0.5__confirmatory_DO_vs_NDO,16.0
LYN,maximin,network_specification,positive_k20_r0.5__confirmatory_DO_vs_NDO,8.5
MET,maximin,network_specification,positive_k20_r0.5__confirmatory_DO_vs_NDO,16.0
PDGFRA,maximin,network_specification,positive_k20_r0.5__confirmatory_DO_vs_NDO,2.0
TYK2,maximin,network_specification,positive_k20_r0.5__confirmatory_DO_vs_NDO,7.0
ABL1,RRA,network_specification,positive_k20_r0.5__confirmatory_DO_vs_NDO,7.5
AXL,RRA,network_specification,positive_k20_r0.5__confirmatory_DO_vs_NDO,16.0
CDK4,RRA,network_specification,positive_k20_r0.5__confirmatory_DO_vs_NDO,6.0
FGFR1,RRA,network_specification,positive_k20_r0.5__confirmatory_DO_vs_NDO,13.0
FGFR2,RRA,network_specification,positive_k20_r0.5__confirmatory_DO_vs_NDO,4.0
FGFR3,RRA,network_specification,positive_k20_r0.5__confirmatory_DO_vs_NDO,9.0
FGFR4,RRA,network_specification,positive_k20_r0.5__confirmatory_DO_vs_NDO,15.0
FLT1,RRA,network_specification,positive_k20_r0.5__confirmatory_DO_vs_NDO,11.5
FLT3,RRA,network_specification,positive_k20_r0.5__confirmatory_DO_vs_NDO,11.5
FLT4,RRA,network_specification,positive_k20_r0.5__confirmatory_DO_vs_NDO,2.0
JAK1,RRA,network_specification,positive_k20_r0.5__confirmatory_DO_vs_NDO,7.5
KDR,RRA,network_specification,positive_k20_r0.5__confirmatory_DO_vs_NDO,1.0
LRRK2,RRA,network_specification,positive_k20_r0.5__confirmatory_DO_vs_NDO,5.0
LYN,RRA,network_specification,positive_k20_r0.5__confirmatory_DO_vs_NDO,14.0
MET,RRA,network_specification,positive_k20_r0.5__confirmatory_DO_vs_NDO,17.0
PDGFRA,RRA,network_specification,positive_k20_r0.5__confirmatory_DO_vs_NDO,3.0
TYK2,RRA,network_specification,positive_k20_r0.5__confirmatory_DO_vs_NDO,10.0
ABL1,median,network_specification,positive_k20_r0.5__discovery_DO_vs_HV,11.0
AXL,median,network_specification,positive_k20_r0.5__discovery_DO_vs_HV,16.0
CDK4,median,network_specification,positive_k20_r0.5__discovery_DO_vs_HV,15.0
FGFR1,median,network_specification,positive_k20_r0.5__discovery_DO_vs_HV,8.0
FGFR2,median,network_specification,positive_k20_r0.5__discovery_DO_vs_HV,4.0
FGFR3,median,network_specification,positive_k20_r0.5__discovery_DO_vs_HV,7.0
FGFR4,median,network_specification,positive_k20_r0.5__discovery_DO_vs_HV,9.0
FLT1,median,network_specification,positive_k20_r0.5__discovery_DO_vs_HV,3.0
FLT3,median,network_specification,positive_k20_r0.5__discovery_DO_vs_HV,12.0
FLT4,median,network_specification,positive_k20_r0.5__discovery_DO_vs_HV,2.0
JAK1,median,network_specification,positive_k20_r0.5__discovery_DO_vs_HV,6.0
KDR,median,network_specification,positive_k20_r0.5__discovery_DO_vs_HV,5.0
LRRK2,median,network_specification,positive_k20_r0.5__discovery_DO_vs_HV,14.0
LYN,median,network_specification,positive_k20_r0.5__discovery_DO_vs_HV,10.0
MET,median,network_specification,positive_k20_r0.5__discovery_DO_vs_HV,17.0
PDGFRA,median,network_specification,positive_k20_r0.5__discovery_DO_vs_HV,1.0
TYK2,median,network_specification,positive_k20_r0.5__discovery_DO_vs_HV,13.0
ABL1,mean,network_specification,positive_k20_r0.5__discovery_DO_vs_HV,15.0
AXL,mean,network_specification,positive_k20_r0.5__discovery_DO_vs_HV,16.0
CDK4,mean,network_specification,positive_k20_r0.5__discovery_DO_vs_HV,12.0
FGFR1,mean,network_specification,positive_k20_r0.5__discovery_DO_vs_HV,9.0
FGFR2,mean,network_specification,positive_k20_r0.5__discovery_DO_vs_HV,3.0
FGFR3,mean,network_specification,positive_k20_r0.5__discovery_DO_vs_HV,7.0
FGFR4,mean,network_specification,positive_k20_r0.5__discovery_DO_vs_HV,13.0
FLT1,mean,network_specification,positive_k20_r0.5__discovery_DO_vs_HV,4.0
FLT3,mean,network_specification,positive_k20_r0.5__discovery_DO_vs_HV,10.0
FLT4,mean,network_specification,positive_k20_r0.5__discovery_DO_vs_HV,2.0
JAK1,mean,network_specification,positive_k20_r0.5__discovery_DO_vs_HV,6.0
KDR,mean,network_specification,positive_k20_r0.5__discovery_DO_vs_HV,5.0
LRRK2,mean,network_specification,positive_k20_r0.5__discovery_DO_vs_HV,14.0
LYN,mean,network_specification,positive_k20_r0.5__discovery_DO_vs_HV,8.0
MET,mean,network_specification,positive_k20_r0.5__discovery_DO_vs_HV,17.0
PDGFRA,mean,network_specification,positive_k20_r0.5__discovery_DO_vs_HV,1.0
TYK2,mean,network_specification,positive_k20_r0.5__discovery_DO_vs_HV,11.0
ABL1,geometric,network_specification,positive_k20_r0.5__discovery_DO_vs_HV,11.0
AXL,geometric,network_specification,positive_k20_r0.5__discovery_DO_vs_HV,15.0
CDK4,geometric,network_specification,positive_k20_r0.5__discovery_DO_vs_HV,12.0
FGFR1,geometric,network_specification,positive_k20_r0.5__discovery_DO_vs_HV,14.0
FGFR2,geometric,network_specification,positive_k20_r0.5__discovery_DO_vs_HV,3.0
FGFR3,geometric,network_specification,positive_k20_r0.5__discovery_DO_vs_HV,5.0
FGFR4,geometric,network_specification,positive_k20_r0.5__discovery_DO_vs_HV,13.0
FLT1,geometric,network_specification,positive_k20_r0.5__discovery_DO_vs_HV,6.0
FLT3,geometric,network_specification,positive_k20_r0.5__discovery_DO_vs_HV,10.0
FLT4,geometric,network_specification,positive_k20_r0.5__discovery_DO_vs_HV,2.0
JAK1,geometric,network_specification,positive_k20_r0.5__discovery_DO_vs_HV,4.0
KDR,geometric,network_specification,positive_k20_r0.5__discovery_DO_vs_HV,7.0
LRRK2,geometric,network_specification,positive_k20_r0.5__discovery_DO_vs_HV,16.0
LYN,geometric,network_specification,positive_k20_r0.5__discovery_DO_vs_HV,8.0
MET,geometric,network_specification,positive_k20_r0.5__discovery_DO_vs_HV,17.0
PDGFRA,geometric,network_specification,positive_k20_r0.5__discovery_DO_vs_HV,1.0
TYK2,geometric,network_specification,positive_k20_r0.5__discovery_DO_vs_HV,9.0
ABL1,maximin,network_specification,positive_k20_r0.5__discovery_DO_vs_HV,4.5
AXL,maximin,network_specification,positive_k20_r0.5__discovery_DO_vs_HV,13.5
CDK4,maximin,network_specification,positive_k20_r0.5__discovery_DO_vs_HV,10.5
FGFR1,maximin,network_specification,positive_k20_r0.5__discovery_DO_vs_HV,16.0
FGFR2,maximin,network_specification,positive_k20_r0.5__discovery_DO_vs_HV,3.0
FGFR3,maximin,network_specification,positive_k20_r0.5__discovery_DO_vs_HV,6.0
FGFR4,maximin,network_specification,positive_k20_r0.5__discovery_DO_vs_HV,13.5
FLT1,maximin,network_specification,positive_k20_r0.5__discovery_DO_vs_HV,12.0
FLT3,maximin,network_specification,positive_k20_r0.5__discovery_DO_vs_HV,8.5
FLT4,maximin,network_specification,positive_k20_r0.5__discovery_DO_vs_HV,2.0
JAK1,maximin,network_specification,positive_k20_r0.5__discovery_DO_vs_HV,4.5
KDR,maximin,network_specification,positive_k20_r0.5__discovery_DO_vs_HV,10.5
LRRK2,maximin,network_specification,positive_k20_r0.5__discovery_DO_vs_HV,16.0
LYN,maximin,network_specification,positive_k20_r0.5__discovery_DO_vs_HV,8.5
MET,maximin,network_specification,positive_k20_r0.5__discovery_DO_vs_HV,16.0
PDGFRA,maximin,network_specification,positive_k20_r0.5__discovery_DO_vs_HV,1.0
TYK2,maximin,network_specification,positive_k20_r0.5__discovery_DO_vs_HV,7.0
ABL1,RRA,network_specification,positive_k20_r0.5__discovery_DO_vs_HV,9.0
AXL,RRA,network_specification,positive_k20_r0.5__discovery_DO_vs_HV,16.0
CDK4,RRA,network_specification,positive_k20_r0.5__discovery_DO_vs_HV,5.0
FGFR1,RRA,network_specification,positive_k20_r0.5__discovery_DO_vs_HV,13.0
FGFR2,RRA,network_specification,positive_k20_r0.5__discovery_DO_vs_HV,6.0
FGFR3,RRA,network_specification,positive_k20_r0.5__discovery_DO_vs_HV,10.0
FGFR4,RRA,network_specification,positive_k20_r0.5__discovery_DO_vs_HV,15.0
FLT1,RRA,network_specification,positive_k20_r0.5__discovery_DO_vs_HV,7.0
FLT3,RRA,network_specification,positive_k20_r0.5__discovery_DO_vs_HV,12.0
FLT4,RRA,network_specification,positive_k20_r0.5__discovery_DO_vs_HV,3.0
JAK1,RRA,network_specification,positive_k20_r0.5__discovery_DO_vs_HV,8.0
KDR,RRA,network_specification,positive_k20_r0.5__discovery_DO_vs_HV,2.0
LRRK2,RRA,network_specification,positive_k20_r0.5__discovery_DO_vs_HV,4.0
LYN,RRA,network_specification,positive_k20_r0.5__discovery_DO_vs_HV,14.0
MET,RRA,network_specification,positive_k20_r0.5__discovery_DO_vs_HV,17.0
PDGFRA,RRA,network_specification,positive_k20_r0.5__discovery_DO_vs_HV,1.0
TYK2,RRA,network_specification,positive_k20_r0.5__discovery_DO_vs_HV,11.0
ABL1,median,network_specification,positive_k20_r0.5__discovery_DO_vs_NDO,11.0
AXL,median,network_specification,positive_k20_r0.5__discovery_DO_vs_NDO,16.0
CDK4,median,network_specification,positive_k20_r0.5__discovery_DO_vs_NDO,14.0
FGFR1,median,network_specification,positive_k20_r0.5__discovery_DO_vs_NDO,7.0
FGFR2,median,network_specification,positive_k20_r0.5__discovery_DO_vs_NDO,4.0
FGFR3,median,network_specification,positive_k20_r0.5__discovery_DO_vs_NDO,8.0
FGFR4,median,network_specification,positive_k20_r0.5__discovery_DO_vs_NDO,9.0
FLT1,median,network_specification,positive_k20_r0.5__discovery_DO_vs_NDO,3.0
FLT3,median,network_specification,positive_k20_r0.5__discovery_DO_vs_NDO,12.0
FLT4,median,network_specification,positive_k20_r0.5__discovery_DO_vs_NDO,2.0
JAK1,median,network_specification,positive_k20_r0.5__discovery_DO_vs_NDO,6.0
KDR,median,network_specification,positive_k20_r0.5__discovery_DO_vs_NDO,5.0
LRRK2,median,network_specification,positive_k20_r0.5__discovery_DO_vs_NDO,15.0
LYN,median,network_specification,positive_k20_r0.5__discovery_DO_vs_NDO,10.0
MET,median,network_specification,positive_k20_r0.5__discovery_DO_vs_NDO,17.0
PDGFRA,median,network_specification,positive_k20_r0.5__discovery_DO_vs_NDO,1.0
TYK2,median,network_specification,positive_k20_r0.5__discovery_DO_vs_NDO,13.0
ABL1,mean,network_specification,positive_k20_r0.5__discovery_DO_vs_NDO,15.0
AXL,mean,network_specification,positive_k20_r0.5__discovery_DO_vs_NDO,16.0
CDK4,mean,network_specification,positive_k20_r0.5__discovery_DO_vs_NDO,12.0
FGFR1,mean,network_specification,positive_k20_r0.5__discovery_DO_vs_NDO,9.0
FGFR2,mean,network_specification,positive_k20_r0.5__discovery_DO_vs_NDO,3.0
FGFR3,mean,network_specification,positive_k20_r0.5__discovery_DO_vs_NDO,7.0
FGFR4,mean,network_specification,positive_k20_r0.5__discovery_DO_vs_NDO,13.0
FLT1,mean,network_specification,positive_k20_r0.5__discovery_DO_vs_NDO,4.0
FLT3,mean,network_specification,positive_k20_r0.5__discovery_DO_vs_NDO,10.0
FLT4,mean,network_specification,positive_k20_r0.5__discovery_DO_vs_NDO,2.0
JAK1,mean,network_specification,positive_k20_r0.5__discovery_DO_vs_NDO,6.0
KDR,mean,network_specification,positive_k20_r0.5__discovery_DO_vs_NDO,5.0
LRRK2,mean,network_specification,positive_k20_r0.5__discovery_DO_vs_NDO,14.0
LYN,mean,network_specification,positive_k20_r0.5__discovery_DO_vs_NDO,8.0
MET,mean,network_specification,positive_k20_r0.5__discovery_DO_vs_NDO,17.0
PDGFRA,mean,network_specification,positive_k20_r0.5__discovery_DO_vs_NDO,1.0
TYK2,mean,network_specification,positive_k20_r0.5__discovery_DO_vs_NDO,11.0
ABL1,geometric,network_specification,positive_k20_r0.5__discovery_DO_vs_NDO,11.0
AXL,geometric,network_specification,positive_k20_r0.5__discovery_DO_vs_NDO,15.0
CDK4,geometric,network_specification,positive_k20_r0.5__discovery_DO_vs_NDO,12.0
FGFR1,geometric,network_specification,positive_k20_r0.5__discovery_DO_vs_NDO,14.0
FGFR2,geometric,network_specification,positive_k20_r0.5__discovery_DO_vs_NDO,3.0
FGFR3,geometric,network_specification,positive_k20_r0.5__discovery_DO_vs_NDO,5.0
FGFR4,geometric,network_specification,positive_k20_r0.5__discovery_DO_vs_NDO,13.0
FLT1,geometric,network_specification,positive_k20_r0.5__discovery_DO_vs_NDO,6.0
FLT3,geometric,network_specification,positive_k20_r0.5__discovery_DO_vs_NDO,10.0
FLT4,geometric,network_specification,positive_k20_r0.5__discovery_DO_vs_NDO,2.0
JAK1,geometric,network_specification,positive_k20_r0.5__discovery_DO_vs_NDO,4.0
KDR,geometric,network_specification,positive_k20_r0.5__discovery_DO_vs_NDO,7.0
LRRK2,geometric,network_specification,positive_k20_r0.5__discovery_DO_vs_NDO,16.0
LYN,geometric,network_specification,positive_k20_r0.5__discovery_DO_vs_NDO,8.0
MET,geometric,network_specification,positive_k20_r0.5__discovery_DO_vs_NDO,17.0
PDGFRA,geometric,network_specification,positive_k20_r0.5__discovery_DO_vs_NDO,1.0
TYK2,geometric,network_specification,positive_k20_r0.5__discovery_DO_vs_NDO,9.0
ABL1,maximin,network_specification,positive_k20_r0.5__discovery_DO_vs_NDO,6.5
AXL,maximin,network_specification,positive_k20_r0.5__discovery_DO_vs_NDO,13.5
CDK4,maximin,network_specification,positive_k20_r0.5__discovery_DO_vs_NDO,10.5
FGFR1,maximin,network_specification,positive_k20_r0.5__discovery_DO_vs_NDO,16.0
FGFR2,maximin,network_specification,positive_k20_r0.5__discovery_DO_vs_NDO,3.0
FGFR3,maximin,network_specification,positive_k20_r0.5__discovery_DO_vs_NDO,5.0
FGFR4,maximin,network_specification,positive_k20_r0.5__discovery_DO_vs_NDO,13.5
FLT1,maximin,network_specification,positive_k20_r0.5__discovery_DO_vs_NDO,12.0
FLT3,maximin,network_specification,positive_k20_r0.5__discovery_DO_vs_NDO,8.5
FLT4,maximin,network_specification,positive_k20_r0.5__discovery_DO_vs_NDO,2.0
JAK1,maximin,network_specification,positive_k20_r0.5__discovery_DO_vs_NDO,4.0
KDR,maximin,network_specification,positive_k20_r0.5__discovery_DO_vs_NDO,10.5
LRRK2,maximin,network_specification,positive_k20_r0.5__discovery_DO_vs_NDO,16.0
LYN,maximin,network_specification,positive_k20_r0.5__discovery_DO_vs_NDO,8.5
MET,maximin,network_specification,positive_k20_r0.5__discovery_DO_vs_NDO,16.0
PDGFRA,maximin,network_specification,positive_k20_r0.5__discovery_DO_vs_NDO,1.0
TYK2,maximin,network_specification,positive_k20_r0.5__discovery_DO_vs_NDO,6.5
ABL1,RRA,network_specification,positive_k20_r0.5__discovery_DO_vs_NDO,10.5
AXL,RRA,network_specification,positive_k20_r0.5__discovery_DO_vs_NDO,16.0
CDK4,RRA,network_specification,positive_k20_r0.5__discovery_DO_vs_NDO,5.0
FGFR1,RRA,network_specification,positive_k20_r0.5__discovery_DO_vs_NDO,13.0
FGFR2,RRA,network_specification,positive_k20_r0.5__discovery_DO_vs_NDO,6.0
FGFR3,RRA,network_specification,positive_k20_r0.5__discovery_DO_vs_NDO,9.0
FGFR4,RRA,network_specification,positive_k20_r0.5__discovery_DO_vs_NDO,15.0
FLT1,RRA,network_specification,positive_k20_r0.5__discovery_DO_vs_NDO,7.0
FLT3,RRA,network_specification,positive_k20_r0.5__discovery_DO_vs_NDO,12.0
FLT4,RRA,network_specification,positive_k20_r0.5__discovery_DO_vs_NDO,3.0
JAK1,RRA,network_specification,positive_k20_r0.5__discovery_DO_vs_NDO,8.0
KDR,RRA,network_specification,positive_k20_r0.5__discovery_DO_vs_NDO,2.0
LRRK2,RRA,network_specification,positive_k20_r0.5__discovery_DO_vs_NDO,4.0
LYN,RRA,network_specification,positive_k20_r0.5__discovery_DO_vs_NDO,14.0
MET,RRA,network_specification,positive_k20_r0.5__discovery_DO_vs_NDO,17.0
PDGFRA,RRA,network_specification,positive_k20_r0.5__discovery_DO_vs_NDO,1.0
TYK2,RRA,network_specification,positive_k20_r0.5__discovery_DO_vs_NDO,10.5
ABL1,median,network_specification,positive_k20_r0.7__confirmatory_DO_vs_HV,10.0
AXL,median,network_specification,positive_k20_r0.7__confirmatory_DO_vs_HV,16.0
CDK4,median,network_specification,positive_k20_r0.7__confirmatory_DO_vs_HV,15.0
FGFR1,median,network_specification,positive_k20_r0.7__confirmatory_DO_vs_HV,8.0
FGFR2,median,network_specification,positive_k20_r0.7__confirmatory_DO_vs_HV,5.0
FGFR3,median,network_specification,positive_k20_r0.7__confirmatory_DO_vs_HV,7.0
FGFR4,median,network_specification,positive_k20_r0.7__confirmatory_DO_vs_HV,9.0
FLT1,median,network_specification,positive_k20_r0.7__confirmatory_DO_vs_HV,3.0
FLT3,median,network_specification,positive_k20_r0.7__confirmatory_DO_vs_HV,11.0
FLT4,median,network_specification,positive_k20_r0.7__confirmatory_DO_vs_HV,2.0
JAK1,median,network_specification,positive_k20_r0.7__confirmatory_DO_vs_HV,6.0
KDR,median,network_specification,positive_k20_r0.7__confirmatory_DO_vs_HV,4.0
LRRK2,median,network_specification,positive_k20_r0.7__confirmatory_DO_vs_HV,14.0
LYN,median,network_specification,positive_k20_r0.7__confirmatory_DO_vs_HV,12.0
MET,median,network_specification,positive_k20_r0.7__confirmatory_DO_vs_HV,17.0
PDGFRA,median,network_specification,positive_k20_r0.7__confirmatory_DO_vs_HV,1.0
TYK2,median,network_specification,positive_k20_r0.7__confirmatory_DO_vs_HV,13.0
ABL1,mean,network_specification,positive_k20_r0.7__confirmatory_DO_vs_HV,15.0
AXL,mean,network_specification,positive_k20_r0.7__confirmatory_DO_vs_HV,16.0
CDK4,mean,network_specification,positive_k20_r0.7__confirmatory_DO_vs_HV,12.0
FGFR1,mean,network_specification,positive_k20_r0.7__confirmatory_DO_vs_HV,9.0
FGFR2,mean,network_specification,positive_k20_r0.7__confirmatory_DO_vs_HV,4.0
FGFR3,mean,network_specification,positive_k20_r0.7__confirmatory_DO_vs_HV,7.0
FGFR4,mean,network_specification,positive_k20_r0.7__confirmatory_DO_vs_HV,13.0
FLT1,mean,network_specification,positive_k20_r0.7__confirmatory_DO_vs_HV,3.0
FLT3,mean,network_specification,positive_k20_r0.7__confirmatory_DO_vs_HV,8.0
FLT4,mean,network_specification,positive_k20_r0.7__confirmatory_DO_vs_HV,2.0
JAK1,mean,network_specification,positive_k20_r0.7__confirmatory_DO_vs_HV,6.0
KDR,mean,network_specification,positive_k20_r0.7__confirmatory_DO_vs_HV,5.0
LRRK2,mean,network_specification,positive_k20_r0.7__confirmatory_DO_vs_HV,11.0
LYN,mean,network_specification,positive_k20_r0.7__confirmatory_DO_vs_HV,10.0
MET,mean,network_specification,positive_k20_r0.7__confirmatory_DO_vs_HV,17.0
PDGFRA,mean,network_specification,positive_k20_r0.7__confirmatory_DO_vs_HV,1.0
TYK2,mean,network_specification,positive_k20_r0.7__confirmatory_DO_vs_HV,14.0
ABL1,geometric,network_specification,positive_k20_r0.7__confirmatory_DO_vs_HV,10.0
AXL,geometric,network_specification,positive_k20_r0.7__confirmatory_DO_vs_HV,15.0
CDK4,geometric,network_specification,positive_k20_r0.7__confirmatory_DO_vs_HV,13.0
FGFR1,geometric,network_specification,positive_k20_r0.7__confirmatory_DO_vs_HV,14.0
FGFR2,geometric,network_specification,positive_k20_r0.7__confirmatory_DO_vs_HV,3.0
FGFR3,geometric,network_specification,positive_k20_r0.7__confirmatory_DO_vs_HV,5.0
FGFR4,geometric,network_specification,positive_k20_r0.7__confirmatory_DO_vs_HV,12.0
FLT1,geometric,network_specification,positive_k20_r0.7__confirmatory_DO_vs_HV,6.0
FLT3,geometric,network_specification,positive_k20_r0.7__confirmatory_DO_vs_HV,8.0
FLT4,geometric,network_specification,positive_k20_r0.7__confirmatory_DO_vs_HV,2.0
JAK1,geometric,network_specification,positive_k20_r0.7__confirmatory_DO_vs_HV,4.0
KDR,geometric,network_specification,positive_k20_r0.7__confirmatory_DO_vs_HV,7.0
LRRK2,geometric,network_specification,positive_k20_r0.7__confirmatory_DO_vs_HV,16.0
LYN,geometric,network_specification,positive_k20_r0.7__confirmatory_DO_vs_HV,9.0
MET,geometric,network_specification,positive_k20_r0.7__confirmatory_DO_vs_HV,17.0
PDGFRA,geometric,network_specification,positive_k20_r0.7__confirmatory_DO_vs_HV,1.0
TYK2,geometric,network_specification,positive_k20_r0.7__confirmatory_DO_vs_HV,11.0
ABL1,maximin,network_specification,positive_k20_r0.7__confirmatory_DO_vs_HV,4.5
AXL,maximin,network_specification,positive_k20_r0.7__confirmatory_DO_vs_HV,13.5
CDK4,maximin,network_specification,positive_k20_r0.7__confirmatory_DO_vs_HV,10.5
FGFR1,maximin,network_specification,positive_k20_r0.7__confirmatory_DO_vs_HV,16.0
FGFR2,maximin,network_specification,positive_k20_r0.7__confirmatory_DO_vs_HV,3.0
FGFR3,maximin,network_specification,positive_k20_r0.7__confirmatory_DO_vs_HV,6.0
FGFR4,maximin,network_specification,positive_k20_r0.7__confirmatory_DO_vs_HV,13.5
FLT1,maximin,network_specification,positive_k20_r0.7__confirmatory_DO_vs_HV,12.0
FLT3,maximin,network_specification,positive_k20_r0.7__confirmatory_DO_vs_HV,7.5
FLT4,maximin,network_specification,positive_k20_r0.7__confirmatory_DO_vs_HV,2.0
JAK1,maximin,network_specification,positive_k20_r0.7__confirmatory_DO_vs_HV,4.5
KDR,maximin,network_specification,positive_k20_r0.7__confirmatory_DO_vs_HV,10.5
LRRK2,maximin,network_specification,positive_k20_r0.7__confirmatory_DO_vs_HV,16.0
LYN,maximin,network_specification,positive_k20_r0.7__confirmatory_DO_vs_HV,9.0
MET,maximin,network_specification,positive_k20_r0.7__confirmatory_DO_vs_HV,16.0
PDGFRA,maximin,network_specification,positive_k20_r0.7__confirmatory_DO_vs_HV,1.0
TYK2,maximin,network_specification,positive_k20_r0.7__confirmatory_DO_vs_HV,7.5
ABL1,RRA,network_specification,positive_k20_r0.7__confirmatory_DO_vs_HV,9.0
AXL,RRA,network_specification,positive_k20_r0.7__confirmatory_DO_vs_HV,16.0
CDK4,RRA,network_specification,positive_k20_r0.7__confirmatory_DO_vs_HV,6.0
FGFR1,RRA,network_specification,positive_k20_r0.7__confirmatory_DO_vs_HV,13.0
FGFR2,RRA,network_specification,positive_k20_r0.7__confirmatory_DO_vs_HV,7.0
FGFR3,RRA,network_specification,positive_k20_r0.7__confirmatory_DO_vs_HV,10.0
FGFR4,RRA,network_specification,positive_k20_r0.7__confirmatory_DO_vs_HV,15.0
FLT1,RRA,network_specification,positive_k20_r0.7__confirmatory_DO_vs_HV,4.0
FLT3,RRA,network_specification,positive_k20_r0.7__confirmatory_DO_vs_HV,11.5
FLT4,RRA,network_specification,positive_k20_r0.7__confirmatory_DO_vs_HV,3.0
JAK1,RRA,network_specification,positive_k20_r0.7__confirmatory_DO_vs_HV,8.0
KDR,RRA,network_specification,positive_k20_r0.7__confirmatory_DO_vs_HV,2.0
LRRK2,RRA,network_specification,positive_k20_r0.7__confirmatory_DO_vs_HV,5.0
LYN,RRA,network_specification,positive_k20_r0.7__confirmatory_DO_vs_HV,14.0
MET,RRA,network_specification,positive_k20_r0.7__confirmatory_DO_vs_HV,17.0
PDGFRA,RRA,network_specification,positive_k20_r0.7__confirmatory_DO_vs_HV,1.0
TYK2,RRA,network_specification,positive_k20_r0.7__confirmatory_DO_vs_HV,11.5
ABL1,median,network_specification,positive_k20_r0.7__confirmatory_DO_vs_NDO,11.0
AXL,median,network_specification,positive_k20_r0.7__confirmatory_DO_vs_NDO,16.0
CDK4,median,network_specification,positive_k20_r0.7__confirmatory_DO_vs_NDO,15.0
FGFR1,median,network_specification,positive_k20_r0.7__confirmatory_DO_vs_NDO,6.0
FGFR2,median,network_specification,positive_k20_r0.7__confirmatory_DO_vs_NDO,3.0
FGFR3,median,network_specification,positive_k20_r0.7__confirmatory_DO_vs_NDO,7.0
FGFR4,median,network_specification,positive_k20_r0.7__confirmatory_DO_vs_NDO,9.0
FLT1,median,network_specification,positive_k20_r0.7__confirmatory_DO_vs_NDO,5.0
FLT3,median,network_specification,positive_k20_r0.7__confirmatory_DO_vs_NDO,12.0
FLT4,median,network_specification,positive_k20_r0.7__confirmatory_DO_vs_NDO,1.0
JAK1,median,network_specification,positive_k20_r0.7__confirmatory_DO_vs_NDO,8.0
KDR,median,network_specification,positive_k20_r0.7__confirmatory_DO_vs_NDO,4.0
LRRK2,median,network_specification,positive_k20_r0.7__confirmatory_DO_vs_NDO,14.0
LYN,median,network_specification,positive_k20_r0.7__confirmatory_DO_vs_NDO,10.0
MET,median,network_specification,positive_k20_r0.7__confirmatory_DO_vs_NDO,17.0
PDGFRA,median,network_specification,positive_k20_r0.7__confirmatory_DO_vs_NDO,2.0
TYK2,median,network_specification,positive_k20_r0.7__confirmatory_DO_vs_NDO,13.0
ABL1,mean,network_specification,positive_k20_r0.7__confirmatory_DO_vs_NDO,15.0
AXL,mean,network_specification,positive_k20_r0.7__confirmatory_DO_vs_NDO,16.0
CDK4,mean,network_specification,positive_k20_r0.7__confirmatory_DO_vs_NDO,13.0
FGFR1,mean,network_specification,positive_k20_r0.7__confirmatory_DO_vs_NDO,9.0
FGFR2,mean,network_specification,positive_k20_r0.7__confirmatory_DO_vs_NDO,3.0
FGFR3,mean,network_specification,positive_k20_r0.7__confirmatory_DO_vs_NDO,7.0
FGFR4,mean,network_specification,positive_k20_r0.7__confirmatory_DO_vs_NDO,10.0
FLT1,mean,network_specification,positive_k20_r0.7__confirmatory_DO_vs_NDO,5.0
FLT3,mean,network_specification,positive_k20_r0.7__confirmatory_DO_vs_NDO,11.0
FLT4,mean,network_specification,positive_k20_r0.7__confirmatory_DO_vs_NDO,1.0
JAK1,mean,network_specification,positive_k20_r0.7__confirmatory_DO_vs_NDO,8.0
KDR,mean,network_specification,positive_k20_r0.7__confirmatory_DO_vs_NDO,4.0
LRRK2,mean,network_specification,positive_k20_r0.7__confirmatory_DO_vs_NDO,14.0
LYN,mean,network_specification,positive_k20_r0.7__confirmatory_DO_vs_NDO,6.0
MET,mean,network_specification,positive_k20_r0.7__confirmatory_DO_vs_NDO,17.0
PDGFRA,mean,network_specification,positive_k20_r0.7__confirmatory_DO_vs_NDO,2.0
TYK2,mean,network_specification,positive_k20_r0.7__confirmatory_DO_vs_NDO,12.0
ABL1,geometric,network_specification,positive_k20_r0.7__confirmatory_DO_vs_NDO,11.0
AXL,geometric,network_specification,positive_k20_r0.7__confirmatory_DO_vs_NDO,15.0
CDK4,geometric,network_specification,positive_k20_r0.7__confirmatory_DO_vs_NDO,13.0
FGFR1,geometric,network_specification,positive_k20_r0.7__confirmatory_DO_vs_NDO,14.0
FGFR2,geometric,network_specification,positive_k20_r0.7__confirmatory_DO_vs_NDO,3.0
FGFR3,geometric,network_specification,positive_k20_r0.7__confirmatory_DO_vs_NDO,4.0
FGFR4,geometric,network_specification,positive_k20_r0.7__confirmatory_DO_vs_NDO,12.0
FLT1,geometric,network_specification,positive_k20_r0.7__confirmatory_DO_vs_NDO,8.0
FLT3,geometric,network_specification,positive_k20_r0.7__confirmatory_DO_vs_NDO,10.0
FLT4,geometric,network_specification,positive_k20_r0.7__confirmatory_DO_vs_NDO,1.0
JAK1,geometric,network_specification,positive_k20_r0.7__confirmatory_DO_vs_NDO,5.0
KDR,geometric,network_specification,positive_k20_r0.7__confirmatory_DO_vs_NDO,7.0
LRRK2,geometric,network_specification,positive_k20_r0.7__confirmatory_DO_vs_NDO,16.0
LYN,geometric,network_specification,positive_k20_r0.7__confirmatory_DO_vs_NDO,6.0
MET,geometric,network_specification,positive_k20_r0.7__confirmatory_DO_vs_NDO,17.0
PDGFRA,geometric,network_specification,positive_k20_r0.7__confirmatory_DO_vs_NDO,2.0
TYK2,geometric,network_specification,positive_k20_r0.7__confirmatory_DO_vs_NDO,9.0
ABL1,maximin,network_specification,positive_k20_r0.7__confirmatory_DO_vs_NDO,4.5
AXL,maximin,network_specification,positive_k20_r0.7__confirmatory_DO_vs_NDO,13.5
CDK4,maximin,network_specification,positive_k20_r0.7__confirmatory_DO_vs_NDO,10.5
FGFR1,maximin,network_specification,positive_k20_r0.7__confirmatory_DO_vs_NDO,16.0
FGFR2,maximin,network_specification,positive_k20_r0.7__confirmatory_DO_vs_NDO,3.0
FGFR3,maximin,network_specification,positive_k20_r0.7__confirmatory_DO_vs_NDO,6.0
FGFR4,maximin,network_specification,positive_k20_r0.7__confirmatory_DO_vs_NDO,13.5
FLT1,maximin,network_specification,positive_k20_r0.7__confirmatory_DO_vs_NDO,12.0
FLT3,maximin,network_specification,positive_k20_r0.7__confirmatory_DO_vs_NDO,8.5
FLT4,maximin,network_specification,positive_k20_r0.7__confirmatory_DO_vs_NDO,1.0
JAK1,maximin,network_specification,positive_k20_r0.7__confirmatory_DO_vs_NDO,4.5
KDR,maximin,network_specification,positive_k20_r0.7__confirmatory_DO_vs_NDO,10.5
LRRK2,maximin,network_specification,positive_k20_r0.7__confirmatory_DO_vs_NDO,16.0
LYN,maximin,network_specification,positive_k20_r0.7__confirmatory_DO_vs_NDO,8.5
MET,maximin,network_specification,positive_k20_r0.7__confirmatory_DO_vs_NDO,16.0
PDGFRA,maximin,network_specification,positive_k20_r0.7__confirmatory_DO_vs_NDO,2.0
TYK2,maximin,network_specification,positive_k20_r0.7__confirmatory_DO_vs_NDO,7.0
ABL1,RRA,network_specification,positive_k20_r0.7__confirmatory_DO_vs_NDO,8.5
AXL,RRA,network_specification,positive_k20_r0.7__confirmatory_DO_vs_NDO,16.0
CDK4,RRA,network_specification,positive_k20_r0.7__confirmatory_DO_vs_NDO,6.0
FGFR1,RRA,network_specification,positive_k20_r0.7__confirmatory_DO_vs_NDO,13.0
FGFR2,RRA,network_specification,positive_k20_r0.7__confirmatory_DO_vs_NDO,4.0
FGFR3,RRA,network_specification,positive_k20_r0.7__confirmatory_DO_vs_NDO,10.0
FGFR4,RRA,network_specification,positive_k20_r0.7__confirmatory_DO_vs_NDO,15.0
FLT1,RRA,network_specification,positive_k20_r0.7__confirmatory_DO_vs_NDO,7.0
FLT3,RRA,network_specification,positive_k20_r0.7__confirmatory_DO_vs_NDO,12.0
FLT4,RRA,network_specification,positive_k20_r0.7__confirmatory_DO_vs_NDO,2.0
JAK1,RRA,network_specification,positive_k20_r0.7__confirmatory_DO_vs_NDO,8.5
KDR,RRA,network_specification,positive_k20_r0.7__confirmatory_DO_vs_NDO,1.0
LRRK2,RRA,network_specification,positive_k20_r0.7__confirmatory_DO_vs_NDO,5.0
LYN,RRA,network_specification,positive_k20_r0.7__confirmatory_DO_vs_NDO,14.0
MET,RRA,network_specification,positive_k20_r0.7__confirmatory_DO_vs_NDO,17.0
PDGFRA,RRA,network_specification,positive_k20_r0.7__confirmatory_DO_vs_NDO,3.0
TYK2,RRA,network_specification,positive_k20_r0.7__confirmatory_DO_vs_NDO,11.0
ABL1,median,network_specification,positive_k20_r0.7__discovery_DO_vs_HV,11.0
AXL,median,network_specification,positive_k20_r0.7__discovery_DO_vs_HV,16.0
CDK4,median,network_specification,positive_k20_r0.7__discovery_DO_vs_HV,15.0
FGFR1,median,network_specification,positive_k20_r0.7__discovery_DO_vs_HV,8.0
FGFR2,median,network_specification,positive_k20_r0.7__discovery_DO_vs_HV,4.0
FGFR3,median,network_specification,positive_k20_r0.7__discovery_DO_vs_HV,7.0
FGFR4,median,network_specification,positive_k20_r0.7__discovery_DO_vs_HV,9.0
FLT1,median,network_specification,positive_k20_r0.7__discovery_DO_vs_HV,3.0
FLT3,median,network_specification,positive_k20_r0.7__discovery_DO_vs_HV,12.0
FLT4,median,network_specification,positive_k20_r0.7__discovery_DO_vs_HV,2.0
JAK1,median,network_specification,positive_k20_r0.7__discovery_DO_vs_HV,6.0
KDR,median,network_specification,positive_k20_r0.7__discovery_DO_vs_HV,5.0
LRRK2,median,network_specification,positive_k20_r0.7__discovery_DO_vs_HV,14.0
LYN,median,network_specification,positive_k20_r0.7__discovery_DO_vs_HV,10.0
MET,median,network_specification,positive_k20_r0.7__discovery_DO_vs_HV,17.0
PDGFRA,median,network_specification,positive_k20_r0.7__discovery_DO_vs_HV,1.0
TYK2,median,network_specification,positive_k20_r0.7__discovery_DO_vs_HV,13.0
ABL1,mean,network_specification,positive_k20_r0.7__discovery_DO_vs_HV,15.0
AXL,mean,network_specification,positive_k20_r0.7__discovery_DO_vs_HV,16.0
CDK4,mean,network_specification,positive_k20_r0.7__discovery_DO_vs_HV,14.0
FGFR1,mean,network_specification,positive_k20_r0.7__discovery_DO_vs_HV,10.0
FGFR2,mean,network_specification,positive_k20_r0.7__discovery_DO_vs_HV,3.0
FGFR3,mean,network_specification,positive_k20_r0.7__discovery_DO_vs_HV,7.0
FGFR4,mean,network_specification,positive_k20_r0.7__discovery_DO_vs_HV,12.0
FLT1,mean,network_specification,positive_k20_r0.7__discovery_DO_vs_HV,4.0
FLT3,mean,network_specification,positive_k20_r0.7__discovery_DO_vs_HV,9.0
FLT4,mean,network_specification,positive_k20_r0.7__discovery_DO_vs_HV,2.0
JAK1,mean,network_specification,positive_k20_r0.7__discovery_DO_vs_HV,6.0
KDR,mean,network_specification,positive_k20_r0.7__discovery_DO_vs_HV,5.0
LRRK2,mean,network_specification,positive_k20_r0.7__discovery_DO_vs_HV,13.0
LYN,mean,network_specification,positive_k20_r0.7__discovery_DO_vs_HV,8.0
MET,mean,network_specification,positive_k20_r0.7__discovery_DO_vs_HV,17.0
PDGFRA,mean,network_specification,positive_k20_r0.7__discovery_DO_vs_HV,1.0
TYK2,mean,network_specification,positive_k20_r0.7__discovery_DO_vs_HV,11.0
ABL1,geometric,network_specification,positive_k20_r0.7__discovery_DO_vs_HV,11.0
AXL,geometric,network_specification,positive_k20_r0.7__discovery_DO_vs_HV,15.0
CDK4,geometric,network_specification,positive_k20_r0.7__discovery_DO_vs_HV,13.0
FGFR1,geometric,network_specification,positive_k20_r0.7__discovery_DO_vs_HV,14.0
FGFR2,geometric,network_specification,positive_k20_r0.7__discovery_DO_vs_HV,3.0
FGFR3,geometric,network_specification,positive_k20_r0.7__discovery_DO_vs_HV,5.0
FGFR4,geometric,network_specification,positive_k20_r0.7__discovery_DO_vs_HV,12.0
FLT1,geometric,network_specification,positive_k20_r0.7__discovery_DO_vs_HV,6.0
FLT3,geometric,network_specification,positive_k20_r0.7__discovery_DO_vs_HV,8.0
FLT4,geometric,network_specification,positive_k20_r0.7__discovery_DO_vs_HV,2.0
JAK1,geometric,network_specification,positive_k20_r0.7__discovery_DO_vs_HV,4.0
KDR,geometric,network_specification,positive_k20_r0.7__discovery_DO_vs_HV,7.0
LRRK2,geometric,network_specification,positive_k20_r0.7__discovery_DO_vs_HV,16.0
LYN,geometric,network_specification,positive_k20_r0.7__discovery_DO_vs_HV,9.0
MET,geometric,network_specification,positive_k20_r0.7__discovery_DO_vs_HV,17.0
PDGFRA,geometric,network_specification,positive_k20_r0.7__discovery_DO_vs_HV,1.0
TYK2,geometric,network_specification,positive_k20_r0.7__discovery_DO_vs_HV,10.0
ABL1,maximin,network_specification,positive_k20_r0.7__discovery_DO_vs_HV,4.5
AXL,maximin,network_specification,positive_k20_r0.7__discovery_DO_vs_HV,13.5
CDK4,maximin,network_specification,positive_k20_r0.7__discovery_DO_vs_HV,10.5
FGFR1,maximin,network_specification,positive_k20_r0.7__discovery_DO_vs_HV,16.0
FGFR2,maximin,network_specification,positive_k20_r0.7__discovery_DO_vs_HV,3.0
FGFR3,maximin,network_specification,positive_k20_r0.7__discovery_DO_vs_HV,6.0
FGFR4,maximin,network_specification,positive_k20_r0.7__discovery_DO_vs_HV,13.5
FLT1,maximin,network_specification,positive_k20_r0.7__discovery_DO_vs_HV,12.0
FLT3,maximin,network_specification,positive_k20_r0.7__discovery_DO_vs_HV,7.5
FLT4,maximin,network_specification,positive_k20_r0.7__discovery_DO_vs_HV,2.0
JAK1,maximin,network_specification,positive_k20_r0.7__discovery_DO_vs_HV,4.5
KDR,maximin,network_specification,positive_k20_r0.7__discovery_DO_vs_HV,10.5
LRRK2,maximin,network_specification,positive_k20_r0.7__discovery_DO_vs_HV,16.0
LYN,maximin,network_specification,positive_k20_r0.7__discovery_DO_vs_HV,9.0
MET,maximin,network_specification,positive_k20_r0.7__discovery_DO_vs_HV,16.0
PDGFRA,maximin,network_specification,positive_k20_r0.7__discovery_DO_vs_HV,1.0
TYK2,maximin,network_specification,positive_k20_r0.7__discovery_DO_vs_HV,7.5
ABL1,RRA,network_specification,positive_k20_r0.7__discovery_DO_vs_HV,9.0
AXL,RRA,network_specification,positive_k20_r0.7__discovery_DO_vs_HV,16.0
CDK4,RRA,network_specification,positive_k20_r0.7__discovery_DO_vs_HV,5.0
FGFR1,RRA,network_specification,positive_k20_r0.7__discovery_DO_vs_HV,13.0
FGFR2,RRA,network_specification,positive_k20_r0.7__discovery_DO_vs_HV,6.0
FGFR3,RRA,network_specification,positive_k20_r0.7__discovery_DO_vs_HV,10.0
FGFR4,RRA,network_specification,positive_k20_r0.7__discovery_DO_vs_HV,15.0
FLT1,RRA,network_specification,positive_k20_r0.7__discovery_DO_vs_HV,7.0
FLT3,RRA,network_specification,positive_k20_r0.7__discovery_DO_vs_HV,11.5
FLT4,RRA,network_specification,positive_k20_r0.7__discovery_DO_vs_HV,3.0
JAK1,RRA,network_specification,positive_k20_r0.7__discovery_DO_vs_HV,8.0
KDR,RRA,network_specification,positive_k20_r0.7__discovery_DO_vs_HV,2.0
LRRK2,RRA,network_specification,positive_k20_r0.7__discovery_DO_vs_HV,4.0
LYN,RRA,network_specification,positive_k20_r0.7__discovery_DO_vs_HV,14.0
MET,RRA,network_specification,positive_k20_r0.7__discovery_DO_vs_HV,17.0
PDGFRA,RRA,network_specification,positive_k20_r0.7__discovery_DO_vs_HV,1.0
TYK2,RRA,network_specification,positive_k20_r0.7__discovery_DO_vs_HV,11.5
ABL1,median,network_specification,positive_k20_r0.7__discovery_DO_vs_NDO,11.0
AXL,median,network_specification,positive_k20_r0.7__discovery_DO_vs_NDO,16.0
CDK4,median,network_specification,positive_k20_r0.7__discovery_DO_vs_NDO,15.0
FGFR1,median,network_specification,positive_k20_r0.7__discovery_DO_vs_NDO,7.0
FGFR2,median,network_specification,positive_k20_r0.7__discovery_DO_vs_NDO,4.0
FGFR3,median,network_specification,positive_k20_r0.7__discovery_DO_vs_NDO,8.0
FGFR4,median,network_specification,positive_k20_r0.7__discovery_DO_vs_NDO,9.0
FLT1,median,network_specification,positive_k20_r0.7__discovery_DO_vs_NDO,3.0
FLT3,median,network_specification,positive_k20_r0.7__discovery_DO_vs_NDO,12.0
FLT4,median,network_specification,positive_k20_r0.7__discovery_DO_vs_NDO,2.0
JAK1,median,network_specification,positive_k20_r0.7__discovery_DO_vs_NDO,6.0
KDR,median,network_specification,positive_k20_r0.7__discovery_DO_vs_NDO,5.0
LRRK2,median,network_specification,positive_k20_r0.7__discovery_DO_vs_NDO,14.0
LYN,median,network_specification,positive_k20_r0.7__discovery_DO_vs_NDO,10.0
MET,median,network_specification,positive_k20_r0.7__discovery_DO_vs_NDO,17.0
PDGFRA,median,network_specification,positive_k20_r0.7__discovery_DO_vs_NDO,1.0
TYK2,median,network_specification,positive_k20_r0.7__discovery_DO_vs_NDO,13.0
ABL1,mean,network_specification,positive_k20_r0.7__discovery_DO_vs_NDO,15.0
AXL,mean,network_specification,positive_k20_r0.7__discovery_DO_vs_NDO,16.0
CDK4,mean,network_specification,positive_k20_r0.7__discovery_DO_vs_NDO,12.0
FGFR1,mean,network_specification,positive_k20_r0.7__discovery_DO_vs_NDO,10.0
FGFR2,mean,network_specification,positive_k20_r0.7__discovery_DO_vs_NDO,3.0
FGFR3,mean,network_specification,positive_k20_r0.7__discovery_DO_vs_NDO,7.0
FGFR4,mean,network_specification,positive_k20_r0.7__discovery_DO_vs_NDO,13.0
FLT1,mean,network_specification,positive_k20_r0.7__discovery_DO_vs_NDO,4.0
FLT3,mean,network_specification,positive_k20_r0.7__discovery_DO_vs_NDO,8.0
FLT4,mean,network_specification,positive_k20_r0.7__discovery_DO_vs_NDO,2.0
JAK1,mean,network_specification,positive_k20_r0.7__discovery_DO_vs_NDO,6.0
KDR,mean,network_specification,positive_k20_r0.7__discovery_DO_vs_NDO,5.0
LRRK2,mean,network_specification,positive_k20_r0.7__discovery_DO_vs_NDO,14.0
LYN,mean,network_specification,positive_k20_r0.7__discovery_DO_vs_NDO,9.0
MET,mean,network_specification,positive_k20_r0.7__discovery_DO_vs_NDO,17.0
PDGFRA,mean,network_specification,positive_k20_r0.7__discovery_DO_vs_NDO,1.0
TYK2,mean,network_specification,positive_k20_r0.7__discovery_DO_vs_NDO,11.0
ABL1,geometric,network_specification,positive_k20_r0.7__discovery_DO_vs_NDO,11.0
AXL,geometric,network_specification,positive_k20_r0.7__discovery_DO_vs_NDO,15.0
CDK4,geometric,network_specification,positive_k20_r0.7__discovery_DO_vs_NDO,12.0
FGFR1,geometric,network_specification,positive_k20_r0.7__discovery_DO_vs_NDO,14.0
FGFR2,geometric,network_specification,positive_k20_r0.7__discovery_DO_vs_NDO,3.0
FGFR3,geometric,network_specification,positive_k20_r0.7__discovery_DO_vs_NDO,5.0
FGFR4,geometric,network_specification,positive_k20_r0.7__discovery_DO_vs_NDO,13.0
FLT1,geometric,network_specification,positive_k20_r0.7__discovery_DO_vs_NDO,6.0
FLT3,geometric,network_specification,positive_k20_r0.7__discovery_DO_vs_NDO,7.0
FLT4,geometric,network_specification,positive_k20_r0.7__discovery_DO_vs_NDO,2.0
JAK1,geometric,network_specification,positive_k20_r0.7__discovery_DO_vs_NDO,4.0
KDR,geometric,network_specification,positive_k20_r0.7__discovery_DO_vs_NDO,8.0
LRRK2,geometric,network_specification,positive_k20_r0.7__discovery_DO_vs_NDO,16.0
LYN,geometric,network_specification,positive_k20_r0.7__discovery_DO_vs_NDO,9.0
MET,geometric,network_specification,positive_k20_r0.7__discovery_DO_vs_NDO,17.0
PDGFRA,geometric,network_specification,positive_k20_r0.7__discovery_DO_vs_NDO,1.0
TYK2,geometric,network_specification,positive_k20_r0.7__discovery_DO_vs_NDO,10.0
ABL1,maximin,network_specification,positive_k20_r0.7__discovery_DO_vs_NDO,8.5
AXL,maximin,network_specification,positive_k20_r0.7__discovery_DO_vs_NDO,13.5
CDK4,maximin,network_specification,positive_k20_r0.7__discovery_DO_vs_NDO,10.5
FGFR1,maximin,network_specification,positive_k20_r0.7__discovery_DO_vs_NDO,16.0
FGFR2,maximin,network_specification,positive_k20_r0.7__discovery_DO_vs_NDO,3.0
FGFR3,maximin,network_specification,positive_k20_r0.7__discovery_DO_vs_NDO,6.0
FGFR4,maximin,network_specification,positive_k20_r0.7__discovery_DO_vs_NDO,13.5
FLT1,maximin,network_specification,positive_k20_r0.7__discovery_DO_vs_NDO,12.0
FLT3,maximin,network_specification,positive_k20_r0.7__discovery_DO_vs_NDO,4.5
FLT4,maximin,network_specification,positive_k20_r0.7__discovery_DO_vs_NDO,2.0
JAK1,maximin,network_specification,positive_k20_r0.7__discovery_DO_vs_NDO,4.5
KDR,maximin,network_specification,positive_k20_r0.7__discovery_DO_vs_NDO,10.5
LRRK2,maximin,network_specification,positive_k20_r0.7__discovery_DO_vs_NDO,16.0
LYN,maximin,network_specification,positive_k20_r0.7__discovery_DO_vs_NDO,8.5
MET,maximin,network_specification,positive_k20_r0.7__discovery_DO_vs_NDO,16.0
PDGFRA,maximin,network_specification,positive_k20_r0.7__discovery_DO_vs_NDO,1.0
TYK2,maximin,network_specification,positive_k20_r0.7__discovery_DO_vs_NDO,7.0
ABL1,RRA,network_specification,positive_k20_r0.7__discovery_DO_vs_NDO,14.0
AXL,RRA,network_specification,positive_k20_r0.7__discovery_DO_vs_NDO,16.0
CDK4,RRA,network_specification,positive_k20_r0.7__discovery_DO_vs_NDO,5.0
FGFR1,RRA,network_specification,positive_k20_r0.7__discovery_DO_vs_NDO,12.0
FGFR2,RRA,network_specification,positive_k20_r0.7__discovery_DO_vs_NDO,6.0
FGFR3,RRA,network_specification,positive_k20_r0.7__discovery_DO_vs_NDO,10.0
FGFR4,RRA,network_specification,positive_k20_r0.7__discovery_DO_vs_NDO,15.0
FLT1,RRA,network_specification,positive_k20_r0.7__discovery_DO_vs_NDO,7.0
FLT3,RRA,network_specification,positive_k20_r0.7__discovery_DO_vs_NDO,9.0
FLT4,RRA,network_specification,positive_k20_r0.7__discovery_DO_vs_NDO,3.0
JAK1,RRA,network_specification,positive_k20_r0.7__discovery_DO_vs_NDO,8.0
KDR,RRA,network_specification,positive_k20_r0.7__discovery_DO_vs_NDO,2.0
LRRK2,RRA,network_specification,positive_k20_r0.7__discovery_DO_vs_NDO,4.0
LYN,RRA,network_specification,positive_k20_r0.7__discovery_DO_vs_NDO,13.0
MET,RRA,network_specification,positive_k20_r0.7__discovery_DO_vs_NDO,17.0
PDGFRA,RRA,network_specification,positive_k20_r0.7__discovery_DO_vs_NDO,1.0
TYK2,RRA,network_specification,positive_k20_r0.7__discovery_DO_vs_NDO,11.0
ABL1,median,network_specification,positive_k40_r0.3__confirmatory_DO_vs_HV,10.0
AXL,median,network_specification,positive_k40_r0.3__confirmatory_DO_vs_HV,16.0
CDK4,median,network_specification,positive_k40_r0.3__confirmatory_DO_vs_HV,14.0
FGFR1,median,network_specification,positive_k40_r0.3__confirmatory_DO_vs_HV,8.0
FGFR2,median,network_specification,positive_k40_r0.3__confirmatory_DO_vs_HV,4.0
FGFR3,median,network_specification,positive_k40_r0.3__confirmatory_DO_vs_HV,7.0
FGFR4,median,network_specification,positive_k40_r0.3__confirmatory_DO_vs_HV,9.0
FLT1,median,network_specification,positive_k40_r0.3__confirmatory_DO_vs_HV,3.0
FLT3,median,network_specification,positive_k40_r0.3__confirmatory_DO_vs_HV,11.0
FLT4,median,network_specification,positive_k40_r0.3__confirmatory_DO_vs_HV,1.0
JAK1,median,network_specification,positive_k40_r0.3__confirmatory_DO_vs_HV,6.0
KDR,median,network_specification,positive_k40_r0.3__confirmatory_DO_vs_HV,5.0
LRRK2,median,network_specification,positive_k40_r0.3__confirmatory_DO_vs_HV,13.0
LYN,median,network_specification,positive_k40_r0.3__confirmatory_DO_vs_HV,15.0
MET,median,network_specification,positive_k40_r0.3__confirmatory_DO_vs_HV,17.0
PDGFRA,median,network_specification,positive_k40_r0.3__confirmatory_DO_vs_HV,2.0
TYK2,median,network_specification,positive_k40_r0.3__confirmatory_DO_vs_HV,12.0
ABL1,mean,network_specification,positive_k40_r0.3__confirmatory_DO_vs_HV,13.0
AXL,mean,network_specification,positive_k40_r0.3__confirmatory_DO_vs_HV,15.0
CDK4,mean,network_specification,positive_k40_r0.3__confirmatory_DO_vs_HV,10.0
FGFR1,mean,network_specification,positive_k40_r0.3__confirmatory_DO_vs_HV,7.0
FGFR2,mean,network_specification,positive_k40_r0.3__confirmatory_DO_vs_HV,3.0
FGFR3,mean,network_specification,positive_k40_r0.3__confirmatory_DO_vs_HV,6.0
FGFR4,mean,network_specification,positive_k40_r0.3__confirmatory_DO_vs_HV,11.0
FLT1,mean,network_specification,positive_k40_r0.3__confirmatory_DO_vs_HV,4.0
FLT3,mean,network_specification,positive_k40_r0.3__confirmatory_DO_vs_HV,9.0
FLT4,mean,network_specification,positive_k40_r0.3__confirmatory_DO_vs_HV,2.0
JAK1,mean,network_specification,positive_k40_r0.3__confirmatory_DO_vs_HV,8.0
KDR,mean,network_specification,positive_k40_r0.3__confirmatory_DO_vs_HV,5.0
LRRK2,mean,network_specification,positive_k40_r0.3__confirmatory_DO_vs_HV,17.0
LYN,mean,network_specification,positive_k40_r0.3__confirmatory_DO_vs_HV,14.0
MET,mean,network_specification,positive_k40_r0.3__confirmatory_DO_vs_HV,16.0
PDGFRA,mean,network_specification,positive_k40_r0.3__confirmatory_DO_vs_HV,1.0
TYK2,mean,network_specification,positive_k40_r0.3__confirmatory_DO_vs_HV,12.0
ABL1,geometric,network_specification,positive_k40_r0.3__confirmatory_DO_vs_HV,9.0
AXL,geometric,network_specification,positive_k40_r0.3__confirmatory_DO_vs_HV,16.0
CDK4,geometric,network_specification,positive_k40_r0.3__confirmatory_DO_vs_HV,12.0
FGFR1,geometric,network_specification,positive_k40_r0.3__confirmatory_DO_vs_HV,7.0
FGFR2,geometric,network_specification,positive_k40_r0.3__confirmatory_DO_vs_HV,3.0
FGFR3,geometric,network_specification,positive_k40_r0.3__confirmatory_DO_vs_HV,4.0
FGFR4,geometric,network_specification,positive_k40_r0.3__confirmatory_DO_vs_HV,13.0
FLT1,geometric,network_specification,positive_k40_r0.3__confirmatory_DO_vs_HV,6.0
FLT3,geometric,network_specification,positive_k40_r0.3__confirmatory_DO_vs_HV,8.0
FLT4,geometric,network_specification,positive_k40_r0.3__confirmatory_DO_vs_HV,2.0
JAK1,geometric,network_specification,positive_k40_r0.3__confirmatory_DO_vs_HV,5.0
KDR,geometric,network_specification,positive_k40_r0.3__confirmatory_DO_vs_HV,11.0
LRRK2,geometric,network_specification,positive_k40_r0.3__confirmatory_DO_vs_HV,15.0
LYN,geometric,network_specification,positive_k40_r0.3__confirmatory_DO_vs_HV,14.0
MET,geometric,network_specification,positive_k40_r0.3__confirmatory_DO_vs_HV,17.0
PDGFRA,geometric,network_specification,positive_k40_r0.3__confirmatory_DO_vs_HV,1.0
TYK2,geometric,network_specification,positive_k40_r0.3__confirmatory_DO_vs_HV,10.0
ABL1,maximin,network_specification,positive_k40_r0.3__confirmatory_DO_vs_HV,5.0
AXL,maximin,network_specification,positive_k40_r0.3__confirmatory_DO_vs_HV,16.0
CDK4,maximin,network_specification,positive_k40_r0.3__confirmatory_DO_vs_HV,10.5
FGFR1,maximin,network_specification,positive_k40_r0.3__confirmatory_DO_vs_HV,9.0
FGFR2,maximin,network_specification,positive_k40_r0.3__confirmatory_DO_vs_HV,3.0
FGFR3,maximin,network_specification,positive_k40_r0.3__confirmatory_DO_vs_HV,7.0
FGFR4,maximin,network_specification,positive_k40_r0.3__confirmatory_DO_vs_HV,13.5
FLT1,maximin,network_specification,positive_k40_r0.3__confirmatory_DO_vs_HV,12.0
FLT3,maximin,network_specification,positive_k40_r0.3__confirmatory_DO_vs_HV,5.0
FLT4,maximin,network_specification,positive_k40_r0.3__confirmatory_DO_vs_HV,2.0
JAK1,maximin,network_specification,positive_k40_r0.3__confirmatory_DO_vs_HV,5.0
KDR,maximin,network_specification,positive_k40_r0.3__confirmatory_DO_vs_HV,13.5
LRRK2,maximin,network_specification,positive_k40_r0.3__confirmatory_DO_vs_HV,16.0
LYN,maximin,network_specification,positive_k40_r0.3__confirmatory_DO_vs_HV,10.5
MET,maximin,network_specification,positive_k40_r0.3__confirmatory_DO_vs_HV,16.0
PDGFRA,maximin,network_specification,positive_k40_r0.3__confirmatory_DO_vs_HV,1.0
TYK2,maximin,network_specification,positive_k40_r0.3__confirmatory_DO_vs_HV,8.0
ABL1,RRA,network_specification,positive_k40_r0.3__confirmatory_DO_vs_HV,8.5
AXL,RRA,network_specification,positive_k40_r0.3__confirmatory_DO_vs_HV,17.0
CDK4,RRA,network_specification,positive_k40_r0.3__confirmatory_DO_vs_HV,6.0
FGFR1,RRA,network_specification,positive_k40_r0.3__confirmatory_DO_vs_HV,12.0
FGFR2,RRA,network_specification,positive_k40_r0.3__confirmatory_DO_vs_HV,4.0
FGFR3,RRA,network_specification,positive_k40_r0.3__confirmatory_DO_vs_HV,10.0
FGFR4,RRA,network_specification,positive_k40_r0.3__confirmatory_DO_vs_HV,14.0
FLT1,RRA,network_specification,positive_k40_r0.3__confirmatory_DO_vs_HV,5.0
FLT3,RRA,network_specification,positive_k40_r0.3__confirmatory_DO_vs_HV,8.5
FLT4,RRA,network_specification,positive_k40_r0.3__confirmatory_DO_vs_HV,3.0
JAK1,RRA,network_specification,positive_k40_r0.3__confirmatory_DO_vs_HV,7.0
KDR,RRA,network_specification,positive_k40_r0.3__confirmatory_DO_vs_HV,2.0
LRRK2,RRA,network_specification,positive_k40_r0.3__confirmatory_DO_vs_HV,16.0
LYN,RRA,network_specification,positive_k40_r0.3__confirmatory_DO_vs_HV,13.0
MET,RRA,network_specification,positive_k40_r0.3__confirmatory_DO_vs_HV,15.0
PDGFRA,RRA,network_specification,positive_k40_r0.3__confirmatory_DO_vs_HV,1.0
TYK2,RRA,network_specification,positive_k40_r0.3__confirmatory_DO_vs_HV,11.0
ABL1,median,network_specification,positive_k40_r0.3__confirmatory_DO_vs_NDO,10.0
AXL,median,network_specification,positive_k40_r0.3__confirmatory_DO_vs_NDO,16.0
CDK4,median,network_specification,positive_k40_r0.3__confirmatory_DO_vs_NDO,15.0
FGFR1,median,network_specification,positive_k40_r0.3__confirmatory_DO_vs_NDO,4.0
FGFR2,median,network_specification,positive_k40_r0.3__confirmatory_DO_vs_NDO,3.0
FGFR3,median,network_specification,positive_k40_r0.3__confirmatory_DO_vs_NDO,6.0
FGFR4,median,network_specification,positive_k40_r0.3__confirmatory_DO_vs_NDO,9.0
FLT1,median,network_specification,positive_k40_r0.3__confirmatory_DO_vs_NDO,7.0
FLT3,median,network_specification,positive_k40_r0.3__confirmatory_DO_vs_NDO,11.0
FLT4,median,network_specification,positive_k40_r0.3__confirmatory_DO_vs_NDO,1.0
JAK1,median,network_specification,positive_k40_r0.3__confirmatory_DO_vs_NDO,8.0
KDR,median,network_specification,positive_k40_r0.3__confirmatory_DO_vs_NDO,5.0
LRRK2,median,network_specification,positive_k40_r0.3__confirmatory_DO_vs_NDO,14.0
LYN,median,network_specification,positive_k40_r0.3__confirmatory_DO_vs_NDO,13.0
MET,median,network_specification,positive_k40_r0.3__confirmatory_DO_vs_NDO,17.0
PDGFRA,median,network_specification,positive_k40_r0.3__confirmatory_DO_vs_NDO,2.0
TYK2,median,network_specification,positive_k40_r0.3__confirmatory_DO_vs_NDO,12.0
ABL1,mean,network_specification,positive_k40_r0.3__confirmatory_DO_vs_NDO,14.0
AXL,mean,network_specification,positive_k40_r0.3__confirmatory_DO_vs_NDO,16.0
CDK4,mean,network_specification,positive_k40_r0.3__confirmatory_DO_vs_NDO,12.0
FGFR1,mean,network_specification,positive_k40_r0.3__confirmatory_DO_vs_NDO,3.0
FGFR2,mean,network_specification,positive_k40_r0.3__confirmatory_DO_vs_NDO,4.0
FGFR3,mean,network_specification,positive_k40_r0.3__confirmatory_DO_vs_NDO,6.0
FGFR4,mean,network_specification,positive_k40_r0.3__confirmatory_DO_vs_NDO,13.0
FLT1,mean,network_specification,positive_k40_r0.3__confirmatory_DO_vs_NDO,7.0
FLT3,mean,network_specification,positive_k40_r0.3__confirmatory_DO_vs_NDO,9.0
FLT4,mean,network_specification,positive_k40_r0.3__confirmatory_DO_vs_NDO,1.0
JAK1,mean,network_specification,positive_k40_r0.3__confirmatory_DO_vs_NDO,11.0
KDR,mean,network_specification,positive_k40_r0.3__confirmatory_DO_vs_NDO,5.0
LRRK2,mean,network_specification,positive_k40_r0.3__confirmatory_DO_vs_NDO,15.0
LYN,mean,network_specification,positive_k40_r0.3__confirmatory_DO_vs_NDO,10.0
MET,mean,network_specification,positive_k40_r0.3__confirmatory_DO_vs_NDO,17.0
PDGFRA,mean,network_specification,positive_k40_r0.3__confirmatory_DO_vs_NDO,2.0
TYK2,mean,network_specification,positive_k40_r0.3__confirmatory_DO_vs_NDO,8.0
ABL1,geometric,network_specification,positive_k40_r0.3__confirmatory_DO_vs_NDO,9.0
AXL,geometric,network_specification,positive_k40_r0.3__confirmatory_DO_vs_NDO,16.0
CDK4,geometric,network_specification,positive_k40_r0.3__confirmatory_DO_vs_NDO,14.0
FGFR1,geometric,network_specification,positive_k40_r0.3__confirmatory_DO_vs_NDO,3.0
FGFR2,geometric,network_specification,positive_k40_r0.3__confirmatory_DO_vs_NDO,4.0
FGFR3,geometric,network_specification,positive_k40_r0.3__confirmatory_DO_vs_NDO,5.0
FGFR4,geometric,network_specification,positive_k40_r0.3__confirmatory_DO_vs_NDO,13.0
FLT1,geometric,network_specification,positive_k40_r0.3__confirmatory_DO_vs_NDO,8.0
FLT3,geometric,network_specification,positive_k40_r0.3__confirmatory_DO_vs_NDO,12.0
FLT4,geometric,network_specification,positive_k40_r0.3__confirmatory_DO_vs_NDO,1.0
JAK1,geometric,network_specification,positive_k40_r0.3__confirmatory_DO_vs_NDO,7.0
KDR,geometric,network_specification,positive_k40_r0.3__confirmatory_DO_vs_NDO,10.0
LRRK2,geometric,network_specification,positive_k40_r0.3__confirmatory_DO_vs_NDO,15.0
LYN,geometric,network_specification,positive_k40_r0.3__confirmatory_DO_vs_NDO,11.0
MET,geometric,network_specification,positive_k40_r0.3__confirmatory_DO_vs_NDO,17.0
PDGFRA,geometric,network_specification,positive_k40_r0.3__confirmatory_DO_vs_NDO,2.0
TYK2,geometric,network_specification,positive_k40_r0.3__confirmatory_DO_vs_NDO,6.0
ABL1,maximin,network_specification,positive_k40_r0.3__confirmatory_DO_vs_NDO,5.0
AXL,maximin,network_specification,positive_k40_r0.3__confirmatory_DO_vs_NDO,16.0
CDK4,maximin,network_specification,positive_k40_r0.3__confirmatory_DO_vs_NDO,10.5
FGFR1,maximin,network_specification,positive_k40_r0.3__confirmatory_DO_vs_NDO,3.0
FGFR2,maximin,network_specification,positive_k40_r0.3__confirmatory_DO_vs_NDO,4.0
FGFR3,maximin,network_specification,positive_k40_r0.3__confirmatory_DO_vs_NDO,6.0
FGFR4,maximin,network_specification,positive_k40_r0.3__confirmatory_DO_vs_NDO,13.5
FLT1,maximin,network_specification,positive_k40_r0.3__confirmatory_DO_vs_NDO,12.0
FLT3,maximin,network_specification,positive_k40_r0.3__confirmatory_DO_vs_NDO,10.5
FLT4,maximin,network_specification,positive_k40_r0.3__confirmatory_DO_vs_NDO,1.0
JAK1,maximin,network_specification,positive_k40_r0.3__confirmatory_DO_vs_NDO,7.5
KDR,maximin,network_specification,positive_k40_r0.3__confirmatory_DO_vs_NDO,13.5
LRRK2,maximin,network_specification,positive_k40_r0.3__confirmatory_DO_vs_NDO,16.0
LYN,maximin,network_specification,positive_k40_r0.3__confirmatory_DO_vs_NDO,9.0
MET,maximin,network_specification,positive_k40_r0.3__confirmatory_DO_vs_NDO,16.0
PDGFRA,maximin,network_specification,positive_k40_r0.3__confirmatory_DO_vs_NDO,2.0
TYK2,maximin,network_specification,positive_k40_r0.3__confirmatory_DO_vs_NDO,7.5
ABL1,RRA,network_specification,positive_k40_r0.3__confirmatory_DO_vs_NDO,8.0
AXL,RRA,network_specification,positive_k40_r0.3__confirmatory_DO_vs_NDO,16.5
CDK4,RRA,network_specification,positive_k40_r0.3__confirmatory_DO_vs_NDO,7.0
FGFR1,RRA,network_specification,positive_k40_r0.3__confirmatory_DO_vs_NDO,4.0
FGFR2,RRA,network_specification,positive_k40_r0.3__confirmatory_DO_vs_NDO,5.0
FGFR3,RRA,network_specification,positive_k40_r0.3__confirmatory_DO_vs_NDO,9.0
FGFR4,RRA,network_specification,positive_k40_r0.3__confirmatory_DO_vs_NDO,14.0
FLT1,RRA,network_specification,positive_k40_r0.3__confirmatory_DO_vs_NDO,11.5
FLT3,RRA,network_specification,positive_k40_r0.3__confirmatory_DO_vs_NDO,11.5
FLT4,RRA,network_specification,positive_k40_r0.3__confirmatory_DO_vs_NDO,2.0
JAK1,RRA,network_specification,positive_k40_r0.3__confirmatory_DO_vs_NDO,10.0
KDR,RRA,network_specification,positive_k40_r0.3__confirmatory_DO_vs_NDO,1.0
LRRK2,RRA,network_specification,positive_k40_r0.3__confirmatory_DO_vs_NDO,15.0
LYN,RRA,network_specification,positive_k40_r0.3__confirmatory_DO_vs_NDO,13.0
MET,RRA,network_specification,positive_k40_r0.3__confirmatory_DO_vs_NDO,16.5
PDGFRA,RRA,network_specification,positive_k40_r0.3__confirmatory_DO_vs_NDO,3.0
TYK2,RRA,network_specification,positive_k40_r0.3__confirmatory_DO_vs_NDO,6.0
ABL1,median,network_specification,positive_k40_r0.3__discovery_DO_vs_HV,10.0
AXL,median,network_specification,positive_k40_r0.3__discovery_DO_vs_HV,16.0
CDK4,median,network_specification,positive_k40_r0.3__discovery_DO_vs_HV,15.0
FGFR1,median,network_specification,positive_k40_r0.3__discovery_DO_vs_HV,8.0
FGFR2,median,network_specification,positive_k40_r0.3__discovery_DO_vs_HV,4.0
FGFR3,median,network_specification,positive_k40_r0.3__discovery_DO_vs_HV,6.0
FGFR4,median,network_specification,positive_k40_r0.3__discovery_DO_vs_HV,9.0
FLT1,median,network_specification,positive_k40_r0.3__discovery_DO_vs_HV,3.0
FLT3,median,network_specification,positive_k40_r0.3__discovery_DO_vs_HV,11.0
FLT4,median,network_specification,positive_k40_r0.3__discovery_DO_vs_HV,1.0
JAK1,median,network_specification,positive_k40_r0.3__discovery_DO_vs_HV,7.0
KDR,median,network_specification,positive_k40_r0.3__discovery_DO_vs_HV,5.0
LRRK2,median,network_specification,positive_k40_r0.3__discovery_DO_vs_HV,14.0
LYN,median,network_specification,positive_k40_r0.3__discovery_DO_vs_HV,13.0
MET,median,network_specification,positive_k40_r0.3__discovery_DO_vs_HV,17.0
PDGFRA,median,network_specification,positive_k40_r0.3__discovery_DO_vs_HV,2.0
TYK2,median,network_specification,positive_k40_r0.3__discovery_DO_vs_HV,12.0
ABL1,mean,network_specification,positive_k40_r0.3__discovery_DO_vs_HV,14.0
AXL,mean,network_specification,positive_k40_r0.3__discovery_DO_vs_HV,16.0
CDK4,mean,network_specification,positive_k40_r0.3__discovery_DO_vs_HV,12.0
FGFR1,mean,network_specification,positive_k40_r0.3__discovery_DO_vs_HV,7.0
FGFR2,mean,network_specification,positive_k40_r0.3__discovery_DO_vs_HV,3.0
FGFR3,mean,network_specification,positive_k40_r0.3__discovery_DO_vs_HV,6.0
FGFR4,mean,network_specification,positive_k40_r0.3__discovery_DO_vs_HV,13.0
FLT1,mean,network_specification,positive_k40_r0.3__discovery_DO_vs_HV,4.0
FLT3,mean,network_specification,positive_k40_r0.3__discovery_DO_vs_HV,9.0
FLT4,mean,network_specification,positive_k40_r0.3__discovery_DO_vs_HV,2.0
JAK1,mean,network_specification,positive_k40_r0.3__discovery_DO_vs_HV,8.0
KDR,mean,network_specification,positive_k40_r0.3__discovery_DO_vs_HV,5.0
LRRK2,mean,network_specification,positive_k40_r0.3__discovery_DO_vs_HV,15.0
LYN,mean,network_specification,positive_k40_r0.3__discovery_DO_vs_HV,11.0
MET,mean,network_specification,positive_k40_r0.3__discovery_DO_vs_HV,17.0
PDGFRA,mean,network_specification,positive_k40_r0.3__discovery_DO_vs_HV,1.0
TYK2,mean,network_specification,positive_k40_r0.3__discovery_DO_vs_HV,10.0
ABL1,geometric,network_specification,positive_k40_r0.3__discovery_DO_vs_HV,10.0
AXL,geometric,network_specification,positive_k40_r0.3__discovery_DO_vs_HV,16.0
CDK4,geometric,network_specification,positive_k40_r0.3__discovery_DO_vs_HV,14.0
FGFR1,geometric,network_specification,positive_k40_r0.3__discovery_DO_vs_HV,7.0
FGFR2,geometric,network_specification,positive_k40_r0.3__discovery_DO_vs_HV,3.0
FGFR3,geometric,network_specification,positive_k40_r0.3__discovery_DO_vs_HV,4.0
FGFR4,geometric,network_specification,positive_k40_r0.3__discovery_DO_vs_HV,13.0
FLT1,geometric,network_specification,positive_k40_r0.3__discovery_DO_vs_HV,6.0
FLT3,geometric,network_specification,positive_k40_r0.3__discovery_DO_vs_HV,8.0
FLT4,geometric,network_specification,positive_k40_r0.3__discovery_DO_vs_HV,2.0
JAK1,geometric,network_specification,positive_k40_r0.3__discovery_DO_vs_HV,5.0
KDR,geometric,network_specification,positive_k40_r0.3__discovery_DO_vs_HV,11.0
LRRK2,geometric,network_specification,positive_k40_r0.3__discovery_DO_vs_HV,15.0
LYN,geometric,network_specification,positive_k40_r0.3__discovery_DO_vs_HV,12.0
MET,geometric,network_specification,positive_k40_r0.3__discovery_DO_vs_HV,17.0
PDGFRA,geometric,network_specification,positive_k40_r0.3__discovery_DO_vs_HV,1.0
TYK2,geometric,network_specification,positive_k40_r0.3__discovery_DO_vs_HV,9.0
ABL1,maximin,network_specification,positive_k40_r0.3__discovery_DO_vs_HV,4.5
AXL,maximin,network_specification,positive_k40_r0.3__discovery_DO_vs_HV,16.0
CDK4,maximin,network_specification,positive_k40_r0.3__discovery_DO_vs_HV,10.5
FGFR1,maximin,network_specification,positive_k40_r0.3__discovery_DO_vs_HV,10.5
FGFR2,maximin,network_specification,positive_k40_r0.3__discovery_DO_vs_HV,3.0
FGFR3,maximin,network_specification,positive_k40_r0.3__discovery_DO_vs_HV,6.0
FGFR4,maximin,network_specification,positive_k40_r0.3__discovery_DO_vs_HV,13.5
FLT1,maximin,network_specification,positive_k40_r0.3__discovery_DO_vs_HV,12.0
FLT3,maximin,network_specification,positive_k40_r0.3__discovery_DO_vs_HV,7.5
FLT4,maximin,network_specification,positive_k40_r0.3__discovery_DO_vs_HV,2.0
JAK1,maximin,network_specification,positive_k40_r0.3__discovery_DO_vs_HV,4.5
KDR,maximin,network_specification,positive_k40_r0.3__discovery_DO_vs_HV,13.5
LRRK2,maximin,network_specification,positive_k40_r0.3__discovery_DO_vs_HV,16.0
LYN,maximin,network_specification,positive_k40_r0.3__discovery_DO_vs_HV,9.0
MET,maximin,network_specification,positive_k40_r0.3__discovery_DO_vs_HV,16.0
PDGFRA,maximin,network_specification,positive_k40_r0.3__discovery_DO_vs_HV,1.0
TYK2,maximin,network_specification,positive_k40_r0.3__discovery_DO_vs_HV,7.5
ABL1,RRA,network_specification,positive_k40_r0.3__discovery_DO_vs_HV,7.5
AXL,RRA,network_specification,positive_k40_r0.3__discovery_DO_vs_HV,16.5
CDK4,RRA,network_specification,positive_k40_r0.3__discovery_DO_vs_HV,4.0
FGFR1,RRA,network_specification,positive_k40_r0.3__discovery_DO_vs_HV,12.0
FGFR2,RRA,network_specification,positive_k40_r0.3__discovery_DO_vs_HV,5.0
FGFR3,RRA,network_specification,positive_k40_r0.3__discovery_DO_vs_HV,9.0
FGFR4,RRA,network_specification,positive_k40_r0.3__discovery_DO_vs_HV,14.0
FLT1,RRA,network_specification,positive_k40_r0.3__discovery_DO_vs_HV,6.0
FLT3,RRA,network_specification,positive_k40_r0.3__discovery_DO_vs_HV,10.5
FLT4,RRA,network_specification,positive_k40_r0.3__discovery_DO_vs_HV,3.0
JAK1,RRA,network_specification,positive_k40_r0.3__discovery_DO_vs_HV,7.5
KDR,RRA,network_specification,positive_k40_r0.3__discovery_DO_vs_HV,2.0
LRRK2,RRA,network_specification,positive_k40_r0.3__discovery_DO_vs_HV,15.0
LYN,RRA,network_specification,positive_k40_r0.3__discovery_DO_vs_HV,13.0
MET,RRA,network_specification,positive_k40_r0.3__discovery_DO_vs_HV,16.5
PDGFRA,RRA,network_specification,positive_k40_r0.3__discovery_DO_vs_HV,1.0
TYK2,RRA,network_specification,positive_k40_r0.3__discovery_DO_vs_HV,10.5
ABL1,median,network_specification,positive_k40_r0.3__discovery_DO_vs_NDO,10.0
AXL,median,network_specification,positive_k40_r0.3__discovery_DO_vs_NDO,15.0
CDK4,median,network_specification,positive_k40_r0.3__discovery_DO_vs_NDO,16.0
FGFR1,median,network_specification,positive_k40_r0.3__discovery_DO_vs_NDO,7.0
FGFR2,median,network_specification,positive_k40_r0.3__discovery_DO_vs_NDO,4.0
FGFR3,median,network_specification,positive_k40_r0.3__discovery_DO_vs_NDO,6.0
FGFR4,median,network_specification,positive_k40_r0.3__discovery_DO_vs_NDO,9.0
FLT1,median,network_specification,positive_k40_r0.3__discovery_DO_vs_NDO,3.0
FLT3,median,network_specification,positive_k40_r0.3__discovery_DO_vs_NDO,11.0
FLT4,median,network_specification,positive_k40_r0.3__discovery_DO_vs_NDO,1.0
JAK1,median,network_specification,positive_k40_r0.3__discovery_DO_vs_NDO,8.0
KDR,median,network_specification,positive_k40_r0.3__discovery_DO_vs_NDO,5.0
LRRK2,median,network_specification,positive_k40_r0.3__discovery_DO_vs_NDO,13.0
LYN,median,network_specification,positive_k40_r0.3__discovery_DO_vs_NDO,14.0
MET,median,network_specification,positive_k40_r0.3__discovery_DO_vs_NDO,17.0
PDGFRA,median,network_specification,positive_k40_r0.3__discovery_DO_vs_NDO,2.0
TYK2,median,network_specification,positive_k40_r0.3__discovery_DO_vs_NDO,12.0
ABL1,mean,network_specification,positive_k40_r0.3__discovery_DO_vs_NDO,14.0
AXL,mean,network_specification,positive_k40_r0.3__discovery_DO_vs_NDO,16.0
CDK4,mean,network_specification,positive_k40_r0.3__discovery_DO_vs_NDO,13.0
FGFR1,mean,network_specification,positive_k40_r0.3__discovery_DO_vs_NDO,6.0
FGFR2,mean,network_specification,positive_k40_r0.3__discovery_DO_vs_NDO,3.0
FGFR3,mean,network_specification,positive_k40_r0.3__discovery_DO_vs_NDO,7.0
FGFR4,mean,network_specification,positive_k40_r0.3__discovery_DO_vs_NDO,12.0
FLT1,mean,network_specification,positive_k40_r0.3__discovery_DO_vs_NDO,4.0
FLT3,mean,network_specification,positive_k40_r0.3__discovery_DO_vs_NDO,10.0
FLT4,mean,network_specification,positive_k40_r0.3__discovery_DO_vs_NDO,1.0
JAK1,mean,network_specification,positive_k40_r0.3__discovery_DO_vs_NDO,8.0
KDR,mean,network_specification,positive_k40_r0.3__discovery_DO_vs_NDO,5.0
LRRK2,mean,network_specification,positive_k40_r0.3__discovery_DO_vs_NDO,15.0
LYN,mean,network_specification,positive_k40_r0.3__discovery_DO_vs_NDO,11.0
MET,mean,network_specification,positive_k40_r0.3__discovery_DO_vs_NDO,17.0
PDGFRA,mean,network_specification,positive_k40_r0.3__discovery_DO_vs_NDO,2.0
TYK2,mean,network_specification,positive_k40_r0.3__discovery_DO_vs_NDO,9.0
ABL1,geometric,network_specification,positive_k40_r0.3__discovery_DO_vs_NDO,10.0
AXL,geometric,network_specification,positive_k40_r0.3__discovery_DO_vs_NDO,16.0
CDK4,geometric,network_specification,positive_k40_r0.3__discovery_DO_vs_NDO,14.0
FGFR1,geometric,network_specification,positive_k40_r0.3__discovery_DO_vs_NDO,4.0
FGFR2,geometric,network_specification,positive_k40_r0.3__discovery_DO_vs_NDO,3.0
FGFR3,geometric,network_specification,positive_k40_r0.3__discovery_DO_vs_NDO,5.0
FGFR4,geometric,network_specification,positive_k40_r0.3__discovery_DO_vs_NDO,13.0
FLT1,geometric,network_specification,positive_k40_r0.3__discovery_DO_vs_NDO,7.0
FLT3,geometric,network_specification,positive_k40_r0.3__discovery_DO_vs_NDO,9.0
FLT4,geometric,network_specification,positive_k40_r0.3__discovery_DO_vs_NDO,1.0
JAK1,geometric,network_specification,positive_k40_r0.3__discovery_DO_vs_NDO,6.0
KDR,geometric,network_specification,positive_k40_r0.3__discovery_DO_vs_NDO,11.0
LRRK2,geometric,network_specification,positive_k40_r0.3__discovery_DO_vs_NDO,15.0
LYN,geometric,network_specification,positive_k40_r0.3__discovery_DO_vs_NDO,12.0
MET,geometric,network_specification,positive_k40_r0.3__discovery_DO_vs_NDO,17.0
PDGFRA,geometric,network_specification,positive_k40_r0.3__discovery_DO_vs_NDO,2.0
TYK2,geometric,network_specification,positive_k40_r0.3__discovery_DO_vs_NDO,8.0
ABL1,maximin,network_specification,positive_k40_r0.3__discovery_DO_vs_NDO,5.5
AXL,maximin,network_specification,positive_k40_r0.3__discovery_DO_vs_NDO,16.0
CDK4,maximin,network_specification,positive_k40_r0.3__discovery_DO_vs_NDO,11.0
FGFR1,maximin,network_specification,positive_k40_r0.3__discovery_DO_vs_NDO,3.5
FGFR2,maximin,network_specification,positive_k40_r0.3__discovery_DO_vs_NDO,3.5
FGFR3,maximin,network_specification,positive_k40_r0.3__discovery_DO_vs_NDO,7.0
FGFR4,maximin,network_specification,positive_k40_r0.3__discovery_DO_vs_NDO,13.5
FLT1,maximin,network_specification,positive_k40_r0.3__discovery_DO_vs_NDO,12.0
FLT3,maximin,network_specification,positive_k40_r0.3__discovery_DO_vs_NDO,9.5
FLT4,maximin,network_specification,positive_k40_r0.3__discovery_DO_vs_NDO,2.0
JAK1,maximin,network_specification,positive_k40_r0.3__discovery_DO_vs_NDO,5.5
KDR,maximin,network_specification,positive_k40_r0.3__discovery_DO_vs_NDO,13.5
LRRK2,maximin,network_specification,positive_k40_r0.3__discovery_DO_vs_NDO,16.0
LYN,maximin,network_specification,positive_k40_r0.3__discovery_DO_vs_NDO,9.5
MET,maximin,network_specification,positive_k40_r0.3__discovery_DO_vs_NDO,16.0
PDGFRA,maximin,network_specification,positive_k40_r0.3__discovery_DO_vs_NDO,1.0
TYK2,maximin,network_specification,positive_k40_r0.3__discovery_DO_vs_NDO,8.0
ABL1,RRA,network_specification,positive_k40_r0.3__discovery_DO_vs_NDO,9.5
AXL,RRA,network_specification,positive_k40_r0.3__discovery_DO_vs_NDO,17.0
CDK4,RRA,network_specification,positive_k40_r0.3__discovery_DO_vs_NDO,6.0
FGFR1,RRA,network_specification,positive_k40_r0.3__discovery_DO_vs_NDO,7.0
FGFR2,RRA,network_specification,positive_k40_r0.3__discovery_DO_vs_NDO,4.0
FGFR3,RRA,network_specification,positive_k40_r0.3__discovery_DO_vs_NDO,11.0
FGFR4,RRA,network_specification,positive_k40_r0.3__discovery_DO_vs_NDO,14.0
FLT1,RRA,network_specification,positive_k40_r0.3__discovery_DO_vs_NDO,8.0
FLT3,RRA,network_specification,positive_k40_r0.3__discovery_DO_vs_NDO,12.0
FLT4,RRA,network_specification,positive_k40_r0.3__discovery_DO_vs_NDO,3.0
JAK1,RRA,network_specification,positive_k40_r0.3__discovery_DO_vs_NDO,9.5
KDR,RRA,network_specification,positive_k40_r0.3__discovery_DO_vs_NDO,2.0
LRRK2,RRA,network_specification,positive_k40_r0.3__discovery_DO_vs_NDO,15.0
LYN,RRA,network_specification,positive_k40_r0.3__discovery_DO_vs_NDO,13.0
MET,RRA,network_specification,positive_k40_r0.3__discovery_DO_vs_NDO,16.0
PDGFRA,RRA,network_specification,positive_k40_r0.3__discovery_DO_vs_NDO,1.0
TYK2,RRA,network_specification,positive_k40_r0.3__discovery_DO_vs_NDO,5.0
ABL1,median,network_specification,positive_k40_r0.5__confirmatory_DO_vs_HV,9.0
AXL,median,network_specification,positive_k40_r0.5__confirmatory_DO_vs_HV,16.0
CDK4,median,network_specification,positive_k40_r0.5__confirmatory_DO_vs_HV,14.0
FGFR1,median,network_specification,positive_k40_r0.5__confirmatory_DO_vs_HV,8.0
FGFR2,median,network_specification,positive_k40_r0.5__confirmatory_DO_vs_HV,4.0
FGFR3,median,network_specification,positive_k40_r0.5__confirmatory_DO_vs_HV,7.0
FGFR4,median,network_specification,positive_k40_r0.5__confirmatory_DO_vs_HV,10.0
FLT1,median,network_specification,positive_k40_r0.5__confirmatory_DO_vs_HV,3.0
FLT3,median,network_specification,positive_k40_r0.5__confirmatory_DO_vs_HV,11.0
FLT4,median,network_specification,positive_k40_r0.5__confirmatory_DO_vs_HV,1.0
JAK1,median,network_specification,positive_k40_r0.5__confirmatory_DO_vs_HV,6.0
KDR,median,network_specification,positive_k40_r0.5__confirmatory_DO_vs_HV,5.0
LRRK2,median,network_specification,positive_k40_r0.5__confirmatory_DO_vs_HV,13.0
LYN,median,network_specification,positive_k40_r0.5__confirmatory_DO_vs_HV,15.0
MET,median,network_specification,positive_k40_r0.5__confirmatory_DO_vs_HV,17.0
PDGFRA,median,network_specification,positive_k40_r0.5__confirmatory_DO_vs_HV,2.0
TYK2,median,network_specification,positive_k40_r0.5__confirmatory_DO_vs_HV,12.0
ABL1,mean,network_specification,positive_k40_r0.5__confirmatory_DO_vs_HV,12.0
AXL,mean,network_specification,positive_k40_r0.5__confirmatory_DO_vs_HV,16.0
CDK4,mean,network_specification,positive_k40_r0.5__confirmatory_DO_vs_HV,11.0
FGFR1,mean,network_specification,positive_k40_r0.5__confirmatory_DO_vs_HV,6.0
FGFR2,mean,network_specification,positive_k40_r0.5__confirmatory_DO_vs_HV,3.0
FGFR3,mean,network_specification,positive_k40_r0.5__confirmatory_DO_vs_HV,8.0
FGFR4,mean,network_specification,positive_k40_r0.5__confirmatory_DO_vs_HV,14.0
FLT1,mean,network_specification,positive_k40_r0.5__confirmatory_DO_vs_HV,4.0
FLT3,mean,network_specification,positive_k40_r0.5__confirmatory_DO_vs_HV,9.0
FLT4,mean,network_specification,positive_k40_r0.5__confirmatory_DO_vs_HV,2.0
JAK1,mean,network_specification,positive_k40_r0.5__confirmatory_DO_vs_HV,7.0
KDR,mean,network_specification,positive_k40_r0.5__confirmatory_DO_vs_HV,5.0
LRRK2,mean,network_specification,positive_k40_r0.5__confirmatory_DO_vs_HV,15.0
LYN,mean,network_specification,positive_k40_r0.5__confirmatory_DO_vs_HV,13.0
MET,mean,network_specification,positive_k40_r0.5__confirmatory_DO_vs_HV,17.0
PDGFRA,mean,network_specification,positive_k40_r0.5__confirmatory_DO_vs_HV,1.0
TYK2,mean,network_specification,positive_k40_r0.5__confirmatory_DO_vs_HV,10.0
ABL1,geometric,network_specification,positive_k40_r0.5__confirmatory_DO_vs_HV,9.0
AXL,geometric,network_specification,positive_k40_r0.5__confirmatory_DO_vs_HV,16.0
CDK4,geometric,network_specification,positive_k40_r0.5__confirmatory_DO_vs_HV,12.0
FGFR1,geometric,network_specification,positive_k40_r0.5__confirmatory_DO_vs_HV,4.0
FGFR2,geometric,network_specification,positive_k40_r0.5__confirmatory_DO_vs_HV,3.0
FGFR3,geometric,network_specification,positive_k40_r0.5__confirmatory_DO_vs_HV,6.0
FGFR4,geometric,network_specification,positive_k40_r0.5__confirmatory_DO_vs_HV,13.0
FLT1,geometric,network_specification,positive_k40_r0.5__confirmatory_DO_vs_HV,7.0
FLT3,geometric,network_specification,positive_k40_r0.5__confirmatory_DO_vs_HV,8.0
FLT4,geometric,network_specification,positive_k40_r0.5__confirmatory_DO_vs_HV,2.0
JAK1,geometric,network_specification,positive_k40_r0.5__confirmatory_DO_vs_HV,5.0
KDR,geometric,network_specification,positive_k40_r0.5__confirmatory_DO_vs_HV,11.0
LRRK2,geometric,network_specification,positive_k40_r0.5__confirmatory_DO_vs_HV,15.0
LYN,geometric,network_specification,positive_k40_r0.5__confirmatory_DO_vs_HV,14.0
MET,geometric,network_specification,positive_k40_r0.5__confirmatory_DO_vs_HV,17.0
PDGFRA,geometric,network_specification,positive_k40_r0.5__confirmatory_DO_vs_HV,1.0
TYK2,geometric,network_specification,positive_k40_r0.5__confirmatory_DO_vs_HV,10.0
ABL1,maximin,network_specification,positive_k40_r0.5__confirmatory_DO_vs_HV,5.5
AXL,maximin,network_specification,positive_k40_r0.5__confirmatory_DO_vs_HV,16.0
CDK4,maximin,network_specification,positive_k40_r0.5__confirmatory_DO_vs_HV,10.5
FGFR1,maximin,network_specification,positive_k40_r0.5__confirmatory_DO_vs_HV,4.0
FGFR2,maximin,network_specification,positive_k40_r0.5__confirmatory_DO_vs_HV,3.0
FGFR3,maximin,network_specification,positive_k40_r0.5__confirmatory_DO_vs_HV,7.0
FGFR4,maximin,network_specification,positive_k40_r0.5__confirmatory_DO_vs_HV,13.5
FLT1,maximin,network_specification,positive_k40_r0.5__confirmatory_DO_vs_HV,12.0
FLT3,maximin,network_specification,positive_k40_r0.5__confirmatory_DO_vs_HV,8.5
FLT4,maximin,network_specification,positive_k40_r0.5__confirmatory_DO_vs_HV,2.0
JAK1,maximin,network_specification,positive_k40_r0.5__confirmatory_DO_vs_HV,5.5
KDR,maximin,network_specification,positive_k40_r0.5__confirmatory_DO_vs_HV,13.5
LRRK2,maximin,network_specification,positive_k40_r0.5__confirmatory_DO_vs_HV,16.0
LYN,maximin,network_specification,positive_k40_r0.5__confirmatory_DO_vs_HV,10.5
MET,maximin,network_specification,positive_k40_r0.5__confirmatory_DO_vs_HV,16.0
PDGFRA,maximin,network_specification,positive_k40_r0.5__confirmatory_DO_vs_HV,1.0
TYK2,maximin,network_specification,positive_k40_r0.5__confirmatory_DO_vs_HV,8.5
ABL1,RRA,network_specification,positive_k40_r0.5__confirmatory_DO_vs_HV,9.0
AXL,RRA,network_specification,positive_k40_r0.5__confirmatory_DO_vs_HV,17.0
CDK4,RRA,network_specification,positive_k40_r0.5__confirmatory_DO_vs_HV,5.0
FGFR1,RRA,network_specification,positive_k40_r0.5__confirmatory_DO_vs_HV,7.0
FGFR2,RRA,network_specification,positive_k40_r0.5__confirmatory_DO_vs_HV,6.0
FGFR3,RRA,network_specification,positive_k40_r0.5__confirmatory_DO_vs_HV,10.0
FGFR4,RRA,network_specification,positive_k40_r0.5__confirmatory_DO_vs_HV,15.5
FLT1,RRA,network_specification,positive_k40_r0.5__confirmatory_DO_vs_HV,4.0
FLT3,RRA,network_specification,positive_k40_r0.5__confirmatory_DO_vs_HV,11.5
FLT4,RRA,network_specification,positive_k40_r0.5__confirmatory_DO_vs_HV,3.0
JAK1,RRA,network_specification,positive_k40_r0.5__confirmatory_DO_vs_HV,8.0
KDR,RRA,network_specification,positive_k40_r0.5__confirmatory_DO_vs_HV,2.0
LRRK2,RRA,network_specification,positive_k40_r0.5__confirmatory_DO_vs_HV,15.5
LYN,RRA,network_specification,positive_k40_r0.5__confirmatory_DO_vs_HV,13.0
MET,RRA,network_specification,positive_k40_r0.5__confirmatory_DO_vs_HV,14.0
PDGFRA,RRA,network_specification,positive_k40_r0.5__confirmatory_DO_vs_HV,1.0
TYK2,RRA,network_specification,positive_k40_r0.5__confirmatory_DO_vs_HV,11.5
ABL1,median,network_specification,positive_k40_r0.5__confirmatory_DO_vs_NDO,10.0
AXL,median,network_specification,positive_k40_r0.5__confirmatory_DO_vs_NDO,16.0
CDK4,median,network_specification,positive_k40_r0.5__confirmatory_DO_vs_NDO,15.0
FGFR1,median,network_specification,positive_k40_r0.5__confirmatory_DO_vs_NDO,4.0
FGFR2,median,network_specification,positive_k40_r0.5__confirmatory_DO_vs_NDO,3.0
FGFR3,median,network_specification,positive_k40_r0.5__confirmatory_DO_vs_NDO,7.0
FGFR4,median,network_specification,positive_k40_r0.5__confirmatory_DO_vs_NDO,9.0
FLT1,median,network_specification,positive_k40_r0.5__confirmatory_DO_vs_NDO,6.0
FLT3,median,network_specification,positive_k40_r0.5__confirmatory_DO_vs_NDO,11.0
FLT4,median,network_specification,positive_k40_r0.5__confirmatory_DO_vs_NDO,1.0
JAK1,median,network_specification,positive_k40_r0.5__confirmatory_DO_vs_NDO,8.0
KDR,median,network_specification,positive_k40_r0.5__confirmatory_DO_vs_NDO,5.0
LRRK2,median,network_specification,positive_k40_r0.5__confirmatory_DO_vs_NDO,14.0
LYN,median,network_specification,positive_k40_r0.5__confirmatory_DO_vs_NDO,12.0
MET,median,network_specification,positive_k40_r0.5__confirmatory_DO_vs_NDO,17.0
PDGFRA,median,network_specification,positive_k40_r0.5__confirmatory_DO_vs_NDO,2.0
TYK2,median,network_specification,positive_k40_r0.5__confirmatory_DO_vs_NDO,13.0
ABL1,mean,network_specification,positive_k40_r0.5__confirmatory_DO_vs_NDO,14.0
AXL,mean,network_specification,positive_k40_r0.5__confirmatory_DO_vs_NDO,16.0
CDK4,mean,network_specification,positive_k40_r0.5__confirmatory_DO_vs_NDO,12.0
FGFR1,mean,network_specification,positive_k40_r0.5__confirmatory_DO_vs_NDO,3.0
FGFR2,mean,network_specification,positive_k40_r0.5__confirmatory_DO_vs_NDO,4.0
FGFR3,mean,network_specification,positive_k40_r0.5__confirmatory_DO_vs_NDO,7.0
FGFR4,mean,network_specification,positive_k40_r0.5__confirmatory_DO_vs_NDO,13.0
FLT1,mean,network_specification,positive_k40_r0.5__confirmatory_DO_vs_NDO,6.0
FLT3,mean,network_specification,positive_k40_r0.5__confirmatory_DO_vs_NDO,10.0
FLT4,mean,network_specification,positive_k40_r0.5__confirmatory_DO_vs_NDO,1.0
JAK1,mean,network_specification,positive_k40_r0.5__confirmatory_DO_vs_NDO,11.0
KDR,mean,network_specification,positive_k40_r0.5__confirmatory_DO_vs_NDO,5.0
LRRK2,mean,network_specification,positive_k40_r0.5__confirmatory_DO_vs_NDO,15.0
LYN,mean,network_specification,positive_k40_r0.5__confirmatory_DO_vs_NDO,9.0
MET,mean,network_specification,positive_k40_r0.5__confirmatory_DO_vs_NDO,17.0
PDGFRA,mean,network_specification,positive_k40_r0.5__confirmatory_DO_vs_NDO,2.0
TYK2,mean,network_specification,positive_k40_r0.5__confirmatory_DO_vs_NDO,8.0
ABL1,geometric,network_specification,positive_k40_r0.5__confirmatory_DO_vs_NDO,10.0
AXL,geometric,network_specification,positive_k40_r0.5__confirmatory_DO_vs_NDO,16.0
CDK4,geometric,network_specification,positive_k40_r0.5__confirmatory_DO_vs_NDO,14.0
FGFR1,geometric,network_specification,positive_k40_r0.5__confirmatory_DO_vs_NDO,3.0
FGFR2,geometric,network_specification,positive_k40_r0.5__confirmatory_DO_vs_NDO,4.0
FGFR3,geometric,network_specification,positive_k40_r0.5__confirmatory_DO_vs_NDO,5.0
FGFR4,geometric,network_specification,positive_k40_r0.5__confirmatory_DO_vs_NDO,13.0
FLT1,geometric,network_specification,positive_k40_r0.5__confirmatory_DO_vs_NDO,6.0
FLT3,geometric,network_specification,positive_k40_r0.5__confirmatory_DO_vs_NDO,12.0
FLT4,geometric,network_specification,positive_k40_r0.5__confirmatory_DO_vs_NDO,1.0
JAK1,geometric,network_specification,positive_k40_r0.5__confirmatory_DO_vs_NDO,8.0
KDR,geometric,network_specification,positive_k40_r0.5__confirmatory_DO_vs_NDO,11.0
LRRK2,geometric,network_specification,positive_k40_r0.5__confirmatory_DO_vs_NDO,15.0
LYN,geometric,network_specification,positive_k40_r0.5__confirmatory_DO_vs_NDO,9.0
MET,geometric,network_specification,positive_k40_r0.5__confirmatory_DO_vs_NDO,17.0
PDGFRA,geometric,network_specification,positive_k40_r0.5__confirmatory_DO_vs_NDO,2.0
TYK2,geometric,network_specification,positive_k40_r0.5__confirmatory_DO_vs_NDO,7.0
ABL1,maximin,network_specification,positive_k40_r0.5__confirmatory_DO_vs_NDO,5.0
AXL,maximin,network_specification,positive_k40_r0.5__confirmatory_DO_vs_NDO,16.0
CDK4,maximin,network_specification,positive_k40_r0.5__confirmatory_DO_vs_NDO,10.5
FGFR1,maximin,network_specification,positive_k40_r0.5__confirmatory_DO_vs_NDO,3.0
FGFR2,maximin,network_specification,positive_k40_r0.5__confirmatory_DO_vs_NDO,4.0
FGFR3,maximin,network_specification,positive_k40_r0.5__confirmatory_DO_vs_NDO,6.0
FGFR4,maximin,network_specification,positive_k40_r0.5__confirmatory_DO_vs_NDO,13.5
FLT1,maximin,network_specification,positive_k40_r0.5__confirmatory_DO_vs_NDO,12.0
FLT3,maximin,network_specification,positive_k40_r0.5__confirmatory_DO_vs_NDO,10.5
FLT4,maximin,network_specification,positive_k40_r0.5__confirmatory_DO_vs_NDO,1.0
JAK1,maximin,network_specification,positive_k40_r0.5__confirmatory_DO_vs_NDO,7.5
KDR,maximin,network_specification,positive_k40_r0.5__confirmatory_DO_vs_NDO,13.5
LRRK2,maximin,network_specification,positive_k40_r0.5__confirmatory_DO_vs_NDO,16.0
LYN,maximin,network_specification,positive_k40_r0.5__confirmatory_DO_vs_NDO,9.0
MET,maximin,network_specification,positive_k40_r0.5__confirmatory_DO_vs_NDO,16.0
PDGFRA,maximin,network_specification,positive_k40_r0.5__confirmatory_DO_vs_NDO,2.0
TYK2,maximin,network_specification,positive_k40_r0.5__confirmatory_DO_vs_NDO,7.5
ABL1,RRA,network_specification,positive_k40_r0.5__confirmatory_DO_vs_NDO,8.0
AXL,RRA,network_specification,positive_k40_r0.5__confirmatory_DO_vs_NDO,17.0
CDK4,RRA,network_specification,positive_k40_r0.5__confirmatory_DO_vs_NDO,7.0
FGFR1,RRA,network_specification,positive_k40_r0.5__confirmatory_DO_vs_NDO,4.0
FGFR2,RRA,network_specification,positive_k40_r0.5__confirmatory_DO_vs_NDO,5.0
FGFR3,RRA,network_specification,positive_k40_r0.5__confirmatory_DO_vs_NDO,9.0
FGFR4,RRA,network_specification,positive_k40_r0.5__confirmatory_DO_vs_NDO,14.0
FLT1,RRA,network_specification,positive_k40_r0.5__confirmatory_DO_vs_NDO,11.5
FLT3,RRA,network_specification,positive_k40_r0.5__confirmatory_DO_vs_NDO,11.5
FLT4,RRA,network_specification,positive_k40_r0.5__confirmatory_DO_vs_NDO,2.0
JAK1,RRA,network_specification,positive_k40_r0.5__confirmatory_DO_vs_NDO,10.0
KDR,RRA,network_specification,positive_k40_r0.5__confirmatory_DO_vs_NDO,1.0
LRRK2,RRA,network_specification,positive_k40_r0.5__confirmatory_DO_vs_NDO,15.0
LYN,RRA,network_specification,positive_k40_r0.5__confirmatory_DO_vs_NDO,13.0
MET,RRA,network_specification,positive_k40_r0.5__confirmatory_DO_vs_NDO,16.0
PDGFRA,RRA,network_specification,positive_k40_r0.5__confirmatory_DO_vs_NDO,3.0
TYK2,RRA,network_specification,positive_k40_r0.5__confirmatory_DO_vs_NDO,6.0
ABL1,median,network_specification,positive_k40_r0.5__discovery_DO_vs_HV,9.0
AXL,median,network_specification,positive_k40_r0.5__discovery_DO_vs_HV,16.0
CDK4,median,network_specification,positive_k40_r0.5__discovery_DO_vs_HV,15.0
FGFR1,median,network_specification,positive_k40_r0.5__discovery_DO_vs_HV,8.0
FGFR2,median,network_specification,positive_k40_r0.5__discovery_DO_vs_HV,4.0
FGFR3,median,network_specification,positive_k40_r0.5__discovery_DO_vs_HV,7.0
FGFR4,median,network_specification,positive_k40_r0.5__discovery_DO_vs_HV,10.0
FLT1,median,network_specification,positive_k40_r0.5__discovery_DO_vs_HV,3.0
FLT3,median,network_specification,positive_k40_r0.5__discovery_DO_vs_HV,11.0
FLT4,median,network_specification,positive_k40_r0.5__discovery_DO_vs_HV,2.0
JAK1,median,network_specification,positive_k40_r0.5__discovery_DO_vs_HV,6.0
KDR,median,network_specification,positive_k40_r0.5__discovery_DO_vs_HV,5.0
LRRK2,median,network_specification,positive_k40_r0.5__discovery_DO_vs_HV,14.0
LYN,median,network_specification,positive_k40_r0.5__discovery_DO_vs_HV,13.0
MET,median,network_specification,positive_k40_r0.5__discovery_DO_vs_HV,17.0
PDGFRA,median,network_specification,positive_k40_r0.5__discovery_DO_vs_HV,1.0
TYK2,median,network_specification,positive_k40_r0.5__discovery_DO_vs_HV,12.0
ABL1,mean,network_specification,positive_k40_r0.5__discovery_DO_vs_HV,13.0
AXL,mean,network_specification,positive_k40_r0.5__discovery_DO_vs_HV,16.0
CDK4,mean,network_specification,positive_k40_r0.5__discovery_DO_vs_HV,12.0
FGFR1,mean,network_specification,positive_k40_r0.5__discovery_DO_vs_HV,8.0
FGFR2,mean,network_specification,positive_k40_r0.5__discovery_DO_vs_HV,3.0
FGFR3,mean,network_specification,positive_k40_r0.5__discovery_DO_vs_HV,6.0
FGFR4,mean,network_specification,positive_k40_r0.5__discovery_DO_vs_HV,14.0
FLT1,mean,network_specification,positive_k40_r0.5__discovery_DO_vs_HV,4.0
FLT3,mean,network_specification,positive_k40_r0.5__discovery_DO_vs_HV,9.0
FLT4,mean,network_specification,positive_k40_r0.5__discovery_DO_vs_HV,2.0
JAK1,mean,network_specification,positive_k40_r0.5__discovery_DO_vs_HV,7.0
KDR,mean,network_specification,positive_k40_r0.5__discovery_DO_vs_HV,5.0
LRRK2,mean,network_specification,positive_k40_r0.5__discovery_DO_vs_HV,15.0
LYN,mean,network_specification,positive_k40_r0.5__discovery_DO_vs_HV,11.0
MET,mean,network_specification,positive_k40_r0.5__discovery_DO_vs_HV,17.0
PDGFRA,mean,network_specification,positive_k40_r0.5__discovery_DO_vs_HV,1.0
TYK2,mean,network_specification,positive_k40_r0.5__discovery_DO_vs_HV,10.0
ABL1,geometric,network_specification,positive_k40_r0.5__discovery_DO_vs_HV,10.0
AXL,geometric,network_specification,positive_k40_r0.5__discovery_DO_vs_HV,16.0
CDK4,geometric,network_specification,positive_k40_r0.5__discovery_DO_vs_HV,13.0
FGFR1,geometric,network_specification,positive_k40_r0.5__discovery_DO_vs_HV,7.0
FGFR2,geometric,network_specification,positive_k40_r0.5__discovery_DO_vs_HV,3.0
FGFR3,geometric,network_specification,positive_k40_r0.5__discovery_DO_vs_HV,4.0
FGFR4,geometric,network_specification,positive_k40_r0.5__discovery_DO_vs_HV,14.0
FLT1,geometric,network_specification,positive_k40_r0.5__discovery_DO_vs_HV,6.0
FLT3,geometric,network_specification,positive_k40_r0.5__discovery_DO_vs_HV,8.0
FLT4,geometric,network_specification,positive_k40_r0.5__discovery_DO_vs_HV,2.0
JAK1,geometric,network_specification,positive_k40_r0.5__discovery_DO_vs_HV,5.0
KDR,geometric,network_specification,positive_k40_r0.5__discovery_DO_vs_HV,11.0
LRRK2,geometric,network_specification,positive_k40_r0.5__discovery_DO_vs_HV,15.0
LYN,geometric,network_specification,positive_k40_r0.5__discovery_DO_vs_HV,12.0
MET,geometric,network_specification,positive_k40_r0.5__discovery_DO_vs_HV,17.0
PDGFRA,geometric,network_specification,positive_k40_r0.5__discovery_DO_vs_HV,1.0
TYK2,geometric,network_specification,positive_k40_r0.5__discovery_DO_vs_HV,9.0
ABL1,maximin,network_specification,positive_k40_r0.5__discovery_DO_vs_HV,4.5
AXL,maximin,network_specification,positive_k40_r0.5__discovery_DO_vs_HV,16.0
CDK4,maximin,network_specification,positive_k40_r0.5__discovery_DO_vs_HV,10.5
FGFR1,maximin,network_specification,positive_k40_r0.5__discovery_DO_vs_HV,10.5
FGFR2,maximin,network_specification,positive_k40_r0.5__discovery_DO_vs_HV,3.0
FGFR3,maximin,network_specification,positive_k40_r0.5__discovery_DO_vs_HV,6.0
FGFR4,maximin,network_specification,positive_k40_r0.5__discovery_DO_vs_HV,13.5
FLT1,maximin,network_specification,positive_k40_r0.5__discovery_DO_vs_HV,12.0
FLT3,maximin,network_specification,positive_k40_r0.5__discovery_DO_vs_HV,7.5
FLT4,maximin,network_specification,positive_k40_r0.5__discovery_DO_vs_HV,2.0
JAK1,maximin,network_specification,positive_k40_r0.5__discovery_DO_vs_HV,4.5
KDR,maximin,network_specification,positive_k40_r0.5__discovery_DO_vs_HV,13.5
LRRK2,maximin,network_specification,positive_k40_r0.5__discovery_DO_vs_HV,16.0
LYN,maximin,network_specification,positive_k40_r0.5__discovery_DO_vs_HV,9.0
MET,maximin,network_specification,positive_k40_r0.5__discovery_DO_vs_HV,16.0
PDGFRA,maximin,network_specification,positive_k40_r0.5__discovery_DO_vs_HV,1.0
TYK2,maximin,network_specification,positive_k40_r0.5__discovery_DO_vs_HV,7.5
ABL1,RRA,network_specification,positive_k40_r0.5__discovery_DO_vs_HV,8.0
AXL,RRA,network_specification,positive_k40_r0.5__discovery_DO_vs_HV,16.5
CDK4,RRA,network_specification,positive_k40_r0.5__discovery_DO_vs_HV,5.0
FGFR1,RRA,network_specification,positive_k40_r0.5__discovery_DO_vs_HV,12.0
FGFR2,RRA,network_specification,positive_k40_r0.5__discovery_DO_vs_HV,6.0
FGFR3,RRA,network_specification,positive_k40_r0.5__discovery_DO_vs_HV,9.0
FGFR4,RRA,network_specification,positive_k40_r0.5__discovery_DO_vs_HV,14.5
FLT1,RRA,network_specification,positive_k40_r0.5__discovery_DO_vs_HV,4.0
FLT3,RRA,network_specification,positive_k40_r0.5__discovery_DO_vs_HV,10.5
FLT4,RRA,network_specification,positive_k40_r0.5__discovery_DO_vs_HV,3.0
JAK1,RRA,network_specification,positive_k40_r0.5__discovery_DO_vs_HV,7.0
KDR,RRA,network_specification,positive_k40_r0.5__discovery_DO_vs_HV,2.0
LRRK2,RRA,network_specification,positive_k40_r0.5__discovery_DO_vs_HV,14.5
LYN,RRA,network_specification,positive_k40_r0.5__discovery_DO_vs_HV,13.0
MET,RRA,network_specification,positive_k40_r0.5__discovery_DO_vs_HV,16.5
PDGFRA,RRA,network_specification,positive_k40_r0.5__discovery_DO_vs_HV,1.0
TYK2,RRA,network_specification,positive_k40_r0.5__discovery_DO_vs_HV,10.5
ABL1,median,network_specification,positive_k40_r0.5__discovery_DO_vs_NDO,10.0
AXL,median,network_specification,positive_k40_r0.5__discovery_DO_vs_NDO,15.0
CDK4,median,network_specification,positive_k40_r0.5__discovery_DO_vs_NDO,16.0
FGFR1,median,network_specification,positive_k40_r0.5__discovery_DO_vs_NDO,8.0
FGFR2,median,network_specification,positive_k40_r0.5__discovery_DO_vs_NDO,4.0
FGFR3,median,network_specification,positive_k40_r0.5__discovery_DO_vs_NDO,6.0
FGFR4,median,network_specification,positive_k40_r0.5__discovery_DO_vs_NDO,9.0
FLT1,median,network_specification,positive_k40_r0.5__discovery_DO_vs_NDO,3.0
FLT3,median,network_specification,positive_k40_r0.5__discovery_DO_vs_NDO,11.0
FLT4,median,network_specification,positive_k40_r0.5__discovery_DO_vs_NDO,1.0
JAK1,median,network_specification,positive_k40_r0.5__discovery_DO_vs_NDO,7.0
KDR,median,network_specification,positive_k40_r0.5__discovery_DO_vs_NDO,5.0
LRRK2,median,network_specification,positive_k40_r0.5__discovery_DO_vs_NDO,14.0
LYN,median,network_specification,positive_k40_r0.5__discovery_DO_vs_NDO,13.0
MET,median,network_specification,positive_k40_r0.5__discovery_DO_vs_NDO,17.0
PDGFRA,median,network_specification,positive_k40_r0.5__discovery_DO_vs_NDO,2.0
TYK2,median,network_specification,positive_k40_r0.5__discovery_DO_vs_NDO,12.0
ABL1,mean,network_specification,positive_k40_r0.5__discovery_DO_vs_NDO,14.0
AXL,mean,network_specification,positive_k40_r0.5__discovery_DO_vs_NDO,16.0
CDK4,mean,network_specification,positive_k40_r0.5__discovery_DO_vs_NDO,13.0
FGFR1,mean,network_specification,positive_k40_r0.5__discovery_DO_vs_NDO,6.0
FGFR2,mean,network_specification,positive_k40_r0.5__discovery_DO_vs_NDO,3.0
FGFR3,mean,network_specification,positive_k40_r0.5__discovery_DO_vs_NDO,7.0
FGFR4,mean,network_specification,positive_k40_r0.5__discovery_DO_vs_NDO,12.0
FLT1,mean,network_specification,positive_k40_r0.5__discovery_DO_vs_NDO,4.0
FLT3,mean,network_specification,positive_k40_r0.5__discovery_DO_vs_NDO,10.0
FLT4,mean,network_specification,positive_k40_r0.5__discovery_DO_vs_NDO,2.0
JAK1,mean,network_specification,positive_k40_r0.5__discovery_DO_vs_NDO,8.0
KDR,mean,network_specification,positive_k40_r0.5__discovery_DO_vs_NDO,5.0
LRRK2,mean,network_specification,positive_k40_r0.5__discovery_DO_vs_NDO,15.0
LYN,mean,network_specification,positive_k40_r0.5__discovery_DO_vs_NDO,11.0
MET,mean,network_specification,positive_k40_r0.5__discovery_DO_vs_NDO,17.0
PDGFRA,mean,network_specification,positive_k40_r0.5__discovery_DO_vs_NDO,1.0
TYK2,mean,network_specification,positive_k40_r0.5__discovery_DO_vs_NDO,9.0
ABL1,geometric,network_specification,positive_k40_r0.5__discovery_DO_vs_NDO,12.0
AXL,geometric,network_specification,positive_k40_r0.5__discovery_DO_vs_NDO,16.0
CDK4,geometric,network_specification,positive_k40_r0.5__discovery_DO_vs_NDO,14.0
FGFR1,geometric,network_specification,positive_k40_r0.5__discovery_DO_vs_NDO,4.0
FGFR2,geometric,network_specification,positive_k40_r0.5__discovery_DO_vs_NDO,3.0
FGFR3,geometric,network_specification,positive_k40_r0.5__discovery_DO_vs_NDO,5.0
FGFR4,geometric,network_specification,positive_k40_r0.5__discovery_DO_vs_NDO,13.0
FLT1,geometric,network_specification,positive_k40_r0.5__discovery_DO_vs_NDO,7.0
FLT3,geometric,network_specification,positive_k40_r0.5__discovery_DO_vs_NDO,9.0
FLT4,geometric,network_specification,positive_k40_r0.5__discovery_DO_vs_NDO,2.0
JAK1,geometric,network_specification,positive_k40_r0.5__discovery_DO_vs_NDO,6.0
KDR,geometric,network_specification,positive_k40_r0.5__discovery_DO_vs_NDO,10.0
LRRK2,geometric,network_specification,positive_k40_r0.5__discovery_DO_vs_NDO,15.0
LYN,geometric,network_specification,positive_k40_r0.5__discovery_DO_vs_NDO,11.0
MET,geometric,network_specification,positive_k40_r0.5__discovery_DO_vs_NDO,17.0
PDGFRA,geometric,network_specification,positive_k40_r0.5__discovery_DO_vs_NDO,1.0
TYK2,geometric,network_specification,positive_k40_r0.5__discovery_DO_vs_NDO,8.0
ABL1,maximin,network_specification,positive_k40_r0.5__discovery_DO_vs_NDO,7.5
AXL,maximin,network_specification,positive_k40_r0.5__discovery_DO_vs_NDO,16.0
CDK4,maximin,network_specification,positive_k40_r0.5__discovery_DO_vs_NDO,11.0
FGFR1,maximin,network_specification,positive_k40_r0.5__discovery_DO_vs_NDO,3.5
FGFR2,maximin,network_specification,positive_k40_r0.5__discovery_DO_vs_NDO,3.5
FGFR3,maximin,network_specification,positive_k40_r0.5__discovery_DO_vs_NDO,6.0
FGFR4,maximin,network_specification,positive_k40_r0.5__discovery_DO_vs_NDO,13.5
FLT1,maximin,network_specification,positive_k40_r0.5__discovery_DO_vs_NDO,12.0
FLT3,maximin,network_specification,positive_k40_r0.5__discovery_DO_vs_NDO,9.5
FLT4,maximin,network_specification,positive_k40_r0.5__discovery_DO_vs_NDO,2.0
JAK1,maximin,network_specification,positive_k40_r0.5__discovery_DO_vs_NDO,5.0
KDR,maximin,network_specification,positive_k40_r0.5__discovery_DO_vs_NDO,13.5
LRRK2,maximin,network_specification,positive_k40_r0.5__discovery_DO_vs_NDO,16.0
LYN,maximin,network_specification,positive_k40_r0.5__discovery_DO_vs_NDO,9.5
MET,maximin,network_specification,positive_k40_r0.5__discovery_DO_vs_NDO,16.0
PDGFRA,maximin,network_specification,positive_k40_r0.5__discovery_DO_vs_NDO,1.0
TYK2,maximin,network_specification,positive_k40_r0.5__discovery_DO_vs_NDO,7.5
ABL1,RRA,network_specification,positive_k40_r0.5__discovery_DO_vs_NDO,11.0
AXL,RRA,network_specification,positive_k40_r0.5__discovery_DO_vs_NDO,17.0
CDK4,RRA,network_specification,positive_k40_r0.5__discovery_DO_vs_NDO,5.0
FGFR1,RRA,network_specification,positive_k40_r0.5__discovery_DO_vs_NDO,6.5
FGFR2,RRA,network_specification,positive_k40_r0.5__discovery_DO_vs_NDO,6.5
FGFR3,RRA,network_specification,positive_k40_r0.5__discovery_DO_vs_NDO,10.0
FGFR4,RRA,network_specification,positive_k40_r0.5__discovery_DO_vs_NDO,14.0
FLT1,RRA,network_specification,positive_k40_r0.5__discovery_DO_vs_NDO,8.0
FLT3,RRA,network_specification,positive_k40_r0.5__discovery_DO_vs_NDO,12.0
FLT4,RRA,network_specification,positive_k40_r0.5__discovery_DO_vs_NDO,3.0
JAK1,RRA,network_specification,positive_k40_r0.5__discovery_DO_vs_NDO,9.0
KDR,RRA,network_specification,positive_k40_r0.5__discovery_DO_vs_NDO,2.0
LRRK2,RRA,network_specification,positive_k40_r0.5__discovery_DO_vs_NDO,15.0
LYN,RRA,network_specification,positive_k40_r0.5__discovery_DO_vs_NDO,13.0
MET,RRA,network_specification,positive_k40_r0.5__discovery_DO_vs_NDO,16.0
PDGFRA,RRA,network_specification,positive_k40_r0.5__discovery_DO_vs_NDO,1.0
TYK2,RRA,network_specification,positive_k40_r0.5__discovery_DO_vs_NDO,4.0
ABL1,median,network_specification,positive_k40_r0.7__confirmatory_DO_vs_HV,9.0
AXL,median,network_specification,positive_k40_r0.7__confirmatory_DO_vs_HV,16.0
CDK4,median,network_specification,positive_k40_r0.7__confirmatory_DO_vs_HV,14.0
FGFR1,median,network_specification,positive_k40_r0.7__confirmatory_DO_vs_HV,8.0
FGFR2,median,network_specification,positive_k40_r0.7__confirmatory_DO_vs_HV,4.0
FGFR3,median,network_specification,positive_k40_r0.7__confirmatory_DO_vs_HV,7.0
FGFR4,median,network_specification,positive_k40_r0.7__confirmatory_DO_vs_HV,10.0
FLT1,median,network_specification,positive_k40_r0.7__confirmatory_DO_vs_HV,3.0
FLT3,median,network_specification,positive_k40_r0.7__confirmatory_DO_vs_HV,11.0
FLT4,median,network_specification,positive_k40_r0.7__confirmatory_DO_vs_HV,1.0
JAK1,median,network_specification,positive_k40_r0.7__confirmatory_DO_vs_HV,6.0
KDR,median,network_specification,positive_k40_r0.7__confirmatory_DO_vs_HV,5.0
LRRK2,median,network_specification,positive_k40_r0.7__confirmatory_DO_vs_HV,13.0
LYN,median,network_specification,positive_k40_r0.7__confirmatory_DO_vs_HV,15.0
MET,median,network_specification,positive_k40_r0.7__confirmatory_DO_vs_HV,17.0
PDGFRA,median,network_specification,positive_k40_r0.7__confirmatory_DO_vs_HV,2.0
TYK2,median,network_specification,positive_k40_r0.7__confirmatory_DO_vs_HV,12.0
ABL1,mean,network_specification,positive_k40_r0.7__confirmatory_DO_vs_HV,12.0
AXL,mean,network_specification,positive_k40_r0.7__confirmatory_DO_vs_HV,16.0
CDK4,mean,network_specification,positive_k40_r0.7__confirmatory_DO_vs_HV,11.0
FGFR1,mean,network_specification,positive_k40_r0.7__confirmatory_DO_vs_HV,6.0
FGFR2,mean,network_specification,positive_k40_r0.7__confirmatory_DO_vs_HV,4.0
FGFR3,mean,network_specification,positive_k40_r0.7__confirmatory_DO_vs_HV,8.0
FGFR4,mean,network_specification,positive_k40_r0.7__confirmatory_DO_vs_HV,14.0
FLT1,mean,network_specification,positive_k40_r0.7__confirmatory_DO_vs_HV,3.0
FLT3,mean,network_specification,positive_k40_r0.7__confirmatory_DO_vs_HV,9.0
FLT4,mean,network_specification,positive_k40_r0.7__confirmatory_DO_vs_HV,2.0
JAK1,mean,network_specification,positive_k40_r0.7__confirmatory_DO_vs_HV,7.0
KDR,mean,network_specification,positive_k40_r0.7__confirmatory_DO_vs_HV,5.0
LRRK2,mean,network_specification,positive_k40_r0.7__confirmatory_DO_vs_HV,15.0
LYN,mean,network_specification,positive_k40_r0.7__confirmatory_DO_vs_HV,13.0
MET,mean,network_specification,positive_k40_r0.7__confirmatory_DO_vs_HV,17.0
PDGFRA,mean,network_specification,positive_k40_r0.7__confirmatory_DO_vs_HV,1.0
TYK2,mean,network_specification,positive_k40_r0.7__confirmatory_DO_vs_HV,10.0
ABL1,geometric,network_specification,positive_k40_r0.7__confirmatory_DO_vs_HV,9.0
AXL,geometric,network_specification,positive_k40_r0.7__confirmatory_DO_vs_HV,16.0
CDK4,geometric,network_specification,positive_k40_r0.7__confirmatory_DO_vs_HV,12.0
FGFR1,geometric,network_specification,positive_k40_r0.7__confirmatory_DO_vs_HV,4.0
FGFR2,geometric,network_specification,positive_k40_r0.7__confirmatory_DO_vs_HV,3.0
FGFR3,geometric,network_specification,positive_k40_r0.7__confirmatory_DO_vs_HV,6.0
FGFR4,geometric,network_specification,positive_k40_r0.7__confirmatory_DO_vs_HV,13.0
FLT1,geometric,network_specification,positive_k40_r0.7__confirmatory_DO_vs_HV,7.0
FLT3,geometric,network_specification,positive_k40_r0.7__confirmatory_DO_vs_HV,8.0
FLT4,geometric,network_specification,positive_k40_r0.7__confirmatory_DO_vs_HV,2.0
JAK1,geometric,network_specification,positive_k40_r0.7__confirmatory_DO_vs_HV,5.0
KDR,geometric,network_specification,positive_k40_r0.7__confirmatory_DO_vs_HV,11.0
LRRK2,geometric,network_specification,positive_k40_r0.7__confirmatory_DO_vs_HV,15.0
LYN,geometric,network_specification,positive_k40_r0.7__confirmatory_DO_vs_HV,14.0
MET,geometric,network_specification,positive_k40_r0.7__confirmatory_DO_vs_HV,17.0
PDGFRA,geometric,network_specification,positive_k40_r0.7__confirmatory_DO_vs_HV,1.0
TYK2,geometric,network_specification,positive_k40_r0.7__confirmatory_DO_vs_HV,10.0
ABL1,maximin,network_specification,positive_k40_r0.7__confirmatory_DO_vs_HV,5.5
AXL,maximin,network_specification,positive_k40_r0.7__confirmatory_DO_vs_HV,16.0
CDK4,maximin,network_specification,positive_k40_r0.7__confirmatory_DO_vs_HV,10.5
FGFR1,maximin,network_specification,positive_k40_r0.7__confirmatory_DO_vs_HV,4.0
FGFR2,maximin,network_specification,positive_k40_r0.7__confirmatory_DO_vs_HV,3.0
FGFR3,maximin,network_specification,positive_k40_r0.7__confirmatory_DO_vs_HV,7.0
FGFR4,maximin,network_specification,positive_k40_r0.7__confirmatory_DO_vs_HV,13.5
FLT1,maximin,network_specification,positive_k40_r0.7__confirmatory_DO_vs_HV,12.0
FLT3,maximin,network_specification,positive_k40_r0.7__confirmatory_DO_vs_HV,8.5
FLT4,maximin,network_specification,positive_k40_r0.7__confirmatory_DO_vs_HV,2.0
JAK1,maximin,network_specification,positive_k40_r0.7__confirmatory_DO_vs_HV,5.5
KDR,maximin,network_specification,positive_k40_r0.7__confirmatory_DO_vs_HV,13.5
LRRK2,maximin,network_specification,positive_k40_r0.7__confirmatory_DO_vs_HV,16.0
LYN,maximin,network_specification,positive_k40_r0.7__confirmatory_DO_vs_HV,10.5
MET,maximin,network_specification,positive_k40_r0.7__confirmatory_DO_vs_HV,16.0
PDGFRA,maximin,network_specification,positive_k40_r0.7__confirmatory_DO_vs_HV,1.0
TYK2,maximin,network_specification,positive_k40_r0.7__confirmatory_DO_vs_HV,8.5
ABL1,RRA,network_specification,positive_k40_r0.7__confirmatory_DO_vs_HV,9.0
AXL,RRA,network_specification,positive_k40_r0.7__confirmatory_DO_vs_HV,17.0
CDK4,RRA,network_specification,positive_k40_r0.7__confirmatory_DO_vs_HV,5.0
FGFR1,RRA,network_specification,positive_k40_r0.7__confirmatory_DO_vs_HV,7.0
FGFR2,RRA,network_specification,positive_k40_r0.7__confirmatory_DO_vs_HV,6.0
FGFR3,RRA,network_specification,positive_k40_r0.7__confirmatory_DO_vs_HV,10.0
FGFR4,RRA,network_specification,positive_k40_r0.7__confirmatory_DO_vs_HV,15.5
FLT1,RRA,network_specification,positive_k40_r0.7__confirmatory_DO_vs_HV,4.0
FLT3,RRA,network_specification,positive_k40_r0.7__confirmatory_DO_vs_HV,11.5
FLT4,RRA,network_specification,positive_k40_r0.7__confirmatory_DO_vs_HV,3.0
JAK1,RRA,network_specification,positive_k40_r0.7__confirmatory_DO_vs_HV,8.0
KDR,RRA,network_specification,positive_k40_r0.7__confirmatory_DO_vs_HV,2.0
LRRK2,RRA,network_specification,positive_k40_r0.7__confirmatory_DO_vs_HV,15.5
LYN,RRA,network_specification,positive_k40_r0.7__confirmatory_DO_vs_HV,13.0
MET,RRA,network_specification,positive_k40_r0.7__confirmatory_DO_vs_HV,14.0
PDGFRA,RRA,network_specification,positive_k40_r0.7__confirmatory_DO_vs_HV,1.0
TYK2,RRA,network_specification,positive_k40_r0.7__confirmatory_DO_vs_HV,11.5
ABL1,median,network_specification,positive_k40_r0.7__confirmatory_DO_vs_NDO,10.0
AXL,median,network_specification,positive_k40_r0.7__confirmatory_DO_vs_NDO,16.0
CDK4,median,network_specification,positive_k40_r0.7__confirmatory_DO_vs_NDO,15.0
FGFR1,median,network_specification,positive_k40_r0.7__confirmatory_DO_vs_NDO,4.0
FGFR2,median,network_specification,positive_k40_r0.7__confirmatory_DO_vs_NDO,3.0
FGFR3,median,network_specification,positive_k40_r0.7__confirmatory_DO_vs_NDO,7.0
FGFR4,median,network_specification,positive_k40_r0.7__confirmatory_DO_vs_NDO,9.0
FLT1,median,network_specification,positive_k40_r0.7__confirmatory_DO_vs_NDO,6.0
FLT3,median,network_specification,positive_k40_r0.7__confirmatory_DO_vs_NDO,11.0
FLT4,median,network_specification,positive_k40_r0.7__confirmatory_DO_vs_NDO,1.0
JAK1,median,network_specification,positive_k40_r0.7__confirmatory_DO_vs_NDO,8.0
KDR,median,network_specification,positive_k40_r0.7__confirmatory_DO_vs_NDO,5.0
LRRK2,median,network_specification,positive_k40_r0.7__confirmatory_DO_vs_NDO,14.0
LYN,median,network_specification,positive_k40_r0.7__confirmatory_DO_vs_NDO,12.0
MET,median,network_specification,positive_k40_r0.7__confirmatory_DO_vs_NDO,17.0
PDGFRA,median,network_specification,positive_k40_r0.7__confirmatory_DO_vs_NDO,2.0
TYK2,median,network_specification,positive_k40_r0.7__confirmatory_DO_vs_NDO,13.0
ABL1,mean,network_specification,positive_k40_r0.7__confirmatory_DO_vs_NDO,14.0
AXL,mean,network_specification,positive_k40_r0.7__confirmatory_DO_vs_NDO,16.0
CDK4,mean,network_specification,positive_k40_r0.7__confirmatory_DO_vs_NDO,12.0
FGFR1,mean,network_specification,positive_k40_r0.7__confirmatory_DO_vs_NDO,3.0
FGFR2,mean,network_specification,positive_k40_r0.7__confirmatory_DO_vs_NDO,4.0
FGFR3,mean,network_specification,positive_k40_r0.7__confirmatory_DO_vs_NDO,7.0
FGFR4,mean,network_specification,positive_k40_r0.7__confirmatory_DO_vs_NDO,13.0
FLT1,mean,network_specification,positive_k40_r0.7__confirmatory_DO_vs_NDO,6.0
FLT3,mean,network_specification,positive_k40_r0.7__confirmatory_DO_vs_NDO,11.0
FLT4,mean,network_specification,positive_k40_r0.7__confirmatory_DO_vs_NDO,1.0
JAK1,mean,network_specification,positive_k40_r0.7__confirmatory_DO_vs_NDO,10.0
KDR,mean,network_specification,positive_k40_r0.7__confirmatory_DO_vs_NDO,5.0
LRRK2,mean,network_specification,positive_k40_r0.7__confirmatory_DO_vs_NDO,15.0
LYN,mean,network_specification,positive_k40_r0.7__confirmatory_DO_vs_NDO,9.0
MET,mean,network_specification,positive_k40_r0.7__confirmatory_DO_vs_NDO,17.0
PDGFRA,mean,network_specification,positive_k40_r0.7__confirmatory_DO_vs_NDO,2.0
TYK2,mean,network_specification,positive_k40_r0.7__confirmatory_DO_vs_NDO,8.0
ABL1,geometric,network_specification,positive_k40_r0.7__confirmatory_DO_vs_NDO,11.0
AXL,geometric,network_specification,positive_k40_r0.7__confirmatory_DO_vs_NDO,16.0
CDK4,geometric,network_specification,positive_k40_r0.7__confirmatory_DO_vs_NDO,13.0
FGFR1,geometric,network_specification,positive_k40_r0.7__confirmatory_DO_vs_NDO,3.0
FGFR2,geometric,network_specification,positive_k40_r0.7__confirmatory_DO_vs_NDO,4.0
FGFR3,geometric,network_specification,positive_k40_r0.7__confirmatory_DO_vs_NDO,5.0
FGFR4,geometric,network_specification,positive_k40_r0.7__confirmatory_DO_vs_NDO,14.0
FLT1,geometric,network_specification,positive_k40_r0.7__confirmatory_DO_vs_NDO,7.0
FLT3,geometric,network_specification,positive_k40_r0.7__confirmatory_DO_vs_NDO,12.0
FLT4,geometric,network_specification,positive_k40_r0.7__confirmatory_DO_vs_NDO,1.0
JAK1,geometric,network_specification,positive_k40_r0.7__confirmatory_DO_vs_NDO,6.0
KDR,geometric,network_specification,positive_k40_r0.7__confirmatory_DO_vs_NDO,10.0
LRRK2,geometric,network_specification,positive_k40_r0.7__confirmatory_DO_vs_NDO,15.0
LYN,geometric,network_specification,positive_k40_r0.7__confirmatory_DO_vs_NDO,9.0
MET,geometric,network_specification,positive_k40_r0.7__confirmatory_DO_vs_NDO,17.0
PDGFRA,geometric,network_specification,positive_k40_r0.7__confirmatory_DO_vs_NDO,2.0
TYK2,geometric,network_specification,positive_k40_r0.7__confirmatory_DO_vs_NDO,8.0
ABL1,maximin,network_specification,positive_k40_r0.7__confirmatory_DO_vs_NDO,7.5
AXL,maximin,network_specification,positive_k40_r0.7__confirmatory_DO_vs_NDO,16.0
CDK4,maximin,network_specification,positive_k40_r0.7__confirmatory_DO_vs_NDO,10.5
FGFR1,maximin,network_specification,positive_k40_r0.7__confirmatory_DO_vs_NDO,3.0
FGFR2,maximin,network_specification,positive_k40_r0.7__confirmatory_DO_vs_NDO,4.0
FGFR3,maximin,network_specification,positive_k40_r0.7__confirmatory_DO_vs_NDO,6.0
FGFR4,maximin,network_specification,positive_k40_r0.7__confirmatory_DO_vs_NDO,13.5
FLT1,maximin,network_specification,positive_k40_r0.7__confirmatory_DO_vs_NDO,12.0
FLT3,maximin,network_specification,positive_k40_r0.7__confirmatory_DO_vs_NDO,10.5
FLT4,maximin,network_specification,positive_k40_r0.7__confirmatory_DO_vs_NDO,1.0
JAK1,maximin,network_specification,positive_k40_r0.7__confirmatory_DO_vs_NDO,5.0
KDR,maximin,network_specification,positive_k40_r0.7__confirmatory_DO_vs_NDO,13.5
LRRK2,maximin,network_specification,positive_k40_r0.7__confirmatory_DO_vs_NDO,16.0
LYN,maximin,network_specification,positive_k40_r0.7__confirmatory_DO_vs_NDO,9.0
MET,maximin,network_specification,positive_k40_r0.7__confirmatory_DO_vs_NDO,16.0
PDGFRA,maximin,network_specification,positive_k40_r0.7__confirmatory_DO_vs_NDO,2.0
TYK2,maximin,network_specification,positive_k40_r0.7__confirmatory_DO_vs_NDO,7.5
ABL1,RRA,network_specification,positive_k40_r0.7__confirmatory_DO_vs_NDO,11.0
AXL,RRA,network_specification,positive_k40_r0.7__confirmatory_DO_vs_NDO,17.0
CDK4,RRA,network_specification,positive_k40_r0.7__confirmatory_DO_vs_NDO,7.0
FGFR1,RRA,network_specification,positive_k40_r0.7__confirmatory_DO_vs_NDO,4.0
FGFR2,RRA,network_specification,positive_k40_r0.7__confirmatory_DO_vs_NDO,5.0
FGFR3,RRA,network_specification,positive_k40_r0.7__confirmatory_DO_vs_NDO,10.0
FGFR4,RRA,network_specification,positive_k40_r0.7__confirmatory_DO_vs_NDO,15.0
FLT1,RRA,network_specification,positive_k40_r0.7__confirmatory_DO_vs_NDO,8.0
FLT3,RRA,network_specification,positive_k40_r0.7__confirmatory_DO_vs_NDO,12.0
FLT4,RRA,network_specification,positive_k40_r0.7__confirmatory_DO_vs_NDO,2.0
JAK1,RRA,network_specification,positive_k40_r0.7__confirmatory_DO_vs_NDO,9.0
KDR,RRA,network_specification,positive_k40_r0.7__confirmatory_DO_vs_NDO,1.0
LRRK2,RRA,network_specification,positive_k40_r0.7__confirmatory_DO_vs_NDO,14.0
LYN,RRA,network_specification,positive_k40_r0.7__confirmatory_DO_vs_NDO,13.0
MET,RRA,network_specification,positive_k40_r0.7__confirmatory_DO_vs_NDO,16.0
PDGFRA,RRA,network_specification,positive_k40_r0.7__confirmatory_DO_vs_NDO,3.0
TYK2,RRA,network_specification,positive_k40_r0.7__confirmatory_DO_vs_NDO,6.0
ABL1,median,network_specification,positive_k40_r0.7__discovery_DO_vs_HV,9.0
AXL,median,network_specification,positive_k40_r0.7__discovery_DO_vs_HV,16.0
CDK4,median,network_specification,positive_k40_r0.7__discovery_DO_vs_HV,15.0
FGFR1,median,network_specification,positive_k40_r0.7__discovery_DO_vs_HV,8.0
FGFR2,median,network_specification,positive_k40_r0.7__discovery_DO_vs_HV,4.0
FGFR3,median,network_specification,positive_k40_r0.7__discovery_DO_vs_HV,7.0
FGFR4,median,network_specification,positive_k40_r0.7__discovery_DO_vs_HV,10.0
FLT1,median,network_specification,positive_k40_r0.7__discovery_DO_vs_HV,3.0
FLT3,median,network_specification,positive_k40_r0.7__discovery_DO_vs_HV,11.0
FLT4,median,network_specification,positive_k40_r0.7__discovery_DO_vs_HV,2.0
JAK1,median,network_specification,positive_k40_r0.7__discovery_DO_vs_HV,6.0
KDR,median,network_specification,positive_k40_r0.7__discovery_DO_vs_HV,5.0
LRRK2,median,network_specification,positive_k40_r0.7__discovery_DO_vs_HV,14.0
LYN,median,network_specification,positive_k40_r0.7__discovery_DO_vs_HV,13.0
MET,median,network_specification,positive_k40_r0.7__discovery_DO_vs_HV,17.0
PDGFRA,median,network_specification,positive_k40_r0.7__discovery_DO_vs_HV,1.0
TYK2,median,network_specification,positive_k40_r0.7__discovery_DO_vs_HV,12.0
ABL1,mean,network_specification,positive_k40_r0.7__discovery_DO_vs_HV,13.0
AXL,mean,network_specification,positive_k40_r0.7__discovery_DO_vs_HV,16.0
CDK4,mean,network_specification,positive_k40_r0.7__discovery_DO_vs_HV,12.0
FGFR1,mean,network_specification,positive_k40_r0.7__discovery_DO_vs_HV,8.0
FGFR2,mean,network_specification,positive_k40_r0.7__discovery_DO_vs_HV,4.0
FGFR3,mean,network_specification,positive_k40_r0.7__discovery_DO_vs_HV,6.0
FGFR4,mean,network_specification,positive_k40_r0.7__discovery_DO_vs_HV,14.0
FLT1,mean,network_specification,positive_k40_r0.7__discovery_DO_vs_HV,3.0
FLT3,mean,network_specification,positive_k40_r0.7__discovery_DO_vs_HV,9.0
FLT4,mean,network_specification,positive_k40_r0.7__discovery_DO_vs_HV,2.0
JAK1,mean,network_specification,positive_k40_r0.7__discovery_DO_vs_HV,7.0
KDR,mean,network_specification,positive_k40_r0.7__discovery_DO_vs_HV,5.0
LRRK2,mean,network_specification,positive_k40_r0.7__discovery_DO_vs_HV,15.0
LYN,mean,network_specification,positive_k40_r0.7__discovery_DO_vs_HV,11.0
MET,mean,network_specification,positive_k40_r0.7__discovery_DO_vs_HV,17.0
PDGFRA,mean,network_specification,positive_k40_r0.7__discovery_DO_vs_HV,1.0
TYK2,mean,network_specification,positive_k40_r0.7__discovery_DO_vs_HV,10.0
ABL1,geometric,network_specification,positive_k40_r0.7__discovery_DO_vs_HV,10.0
AXL,geometric,network_specification,positive_k40_r0.7__discovery_DO_vs_HV,16.0
CDK4,geometric,network_specification,positive_k40_r0.7__discovery_DO_vs_HV,13.0
FGFR1,geometric,network_specification,positive_k40_r0.7__discovery_DO_vs_HV,7.0
FGFR2,geometric,network_specification,positive_k40_r0.7__discovery_DO_vs_HV,3.0
FGFR3,geometric,network_specification,positive_k40_r0.7__discovery_DO_vs_HV,5.0
FGFR4,geometric,network_specification,positive_k40_r0.7__discovery_DO_vs_HV,14.0
FLT1,geometric,network_specification,positive_k40_r0.7__discovery_DO_vs_HV,6.0
FLT3,geometric,network_specification,positive_k40_r0.7__discovery_DO_vs_HV,8.0
FLT4,geometric,network_specification,positive_k40_r0.7__discovery_DO_vs_HV,2.0
JAK1,geometric,network_specification,positive_k40_r0.7__discovery_DO_vs_HV,4.0
KDR,geometric,network_specification,positive_k40_r0.7__discovery_DO_vs_HV,11.0
LRRK2,geometric,network_specification,positive_k40_r0.7__discovery_DO_vs_HV,15.0
LYN,geometric,network_specification,positive_k40_r0.7__discovery_DO_vs_HV,12.0
MET,geometric,network_specification,positive_k40_r0.7__discovery_DO_vs_HV,17.0
PDGFRA,geometric,network_specification,positive_k40_r0.7__discovery_DO_vs_HV,1.0
TYK2,geometric,network_specification,positive_k40_r0.7__discovery_DO_vs_HV,9.0
ABL1,maximin,network_specification,positive_k40_r0.7__discovery_DO_vs_HV,4.5
AXL,maximin,network_specification,positive_k40_r0.7__discovery_DO_vs_HV,16.0
CDK4,maximin,network_specification,positive_k40_r0.7__discovery_DO_vs_HV,10.5
FGFR1,maximin,network_specification,positive_k40_r0.7__discovery_DO_vs_HV,10.5
FGFR2,maximin,network_specification,positive_k40_r0.7__discovery_DO_vs_HV,3.0
FGFR3,maximin,network_specification,positive_k40_r0.7__discovery_DO_vs_HV,6.0
FGFR4,maximin,network_specification,positive_k40_r0.7__discovery_DO_vs_HV,13.5
FLT1,maximin,network_specification,positive_k40_r0.7__discovery_DO_vs_HV,12.0
FLT3,maximin,network_specification,positive_k40_r0.7__discovery_DO_vs_HV,7.5
FLT4,maximin,network_specification,positive_k40_r0.7__discovery_DO_vs_HV,2.0
JAK1,maximin,network_specification,positive_k40_r0.7__discovery_DO_vs_HV,4.5
KDR,maximin,network_specification,positive_k40_r0.7__discovery_DO_vs_HV,13.5
LRRK2,maximin,network_specification,positive_k40_r0.7__discovery_DO_vs_HV,16.0
LYN,maximin,network_specification,positive_k40_r0.7__discovery_DO_vs_HV,9.0
MET,maximin,network_specification,positive_k40_r0.7__discovery_DO_vs_HV,16.0
PDGFRA,maximin,network_specification,positive_k40_r0.7__discovery_DO_vs_HV,1.0
TYK2,maximin,network_specification,positive_k40_r0.7__discovery_DO_vs_HV,7.5
ABL1,RRA,network_specification,positive_k40_r0.7__discovery_DO_vs_HV,8.0
AXL,RRA,network_specification,positive_k40_r0.7__discovery_DO_vs_HV,16.5
CDK4,RRA,network_specification,positive_k40_r0.7__discovery_DO_vs_HV,5.0
FGFR1,RRA,network_specification,positive_k40_r0.7__discovery_DO_vs_HV,12.0
FGFR2,RRA,network_specification,positive_k40_r0.7__discovery_DO_vs_HV,6.0
FGFR3,RRA,network_specification,positive_k40_r0.7__discovery_DO_vs_HV,9.0
FGFR4,RRA,network_specification,positive_k40_r0.7__discovery_DO_vs_HV,14.5
FLT1,RRA,network_specification,positive_k40_r0.7__discovery_DO_vs_HV,4.0
FLT3,RRA,network_specification,positive_k40_r0.7__discovery_DO_vs_HV,10.5
FLT4,RRA,network_specification,positive_k40_r0.7__discovery_DO_vs_HV,3.0
JAK1,RRA,network_specification,positive_k40_r0.7__discovery_DO_vs_HV,7.0
KDR,RRA,network_specification,positive_k40_r0.7__discovery_DO_vs_HV,2.0
LRRK2,RRA,network_specification,positive_k40_r0.7__discovery_DO_vs_HV,14.5
LYN,RRA,network_specification,positive_k40_r0.7__discovery_DO_vs_HV,13.0
MET,RRA,network_specification,positive_k40_r0.7__discovery_DO_vs_HV,16.5
PDGFRA,RRA,network_specification,positive_k40_r0.7__discovery_DO_vs_HV,1.0
TYK2,RRA,network_specification,positive_k40_r0.7__discovery_DO_vs_HV,10.5
ABL1,median,network_specification,positive_k40_r0.7__discovery_DO_vs_NDO,10.0
AXL,median,network_specification,positive_k40_r0.7__discovery_DO_vs_NDO,15.0
CDK4,median,network_specification,positive_k40_r0.7__discovery_DO_vs_NDO,16.0
FGFR1,median,network_specification,positive_k40_r0.7__discovery_DO_vs_NDO,7.0
FGFR2,median,network_specification,positive_k40_r0.7__discovery_DO_vs_NDO,4.0
FGFR3,median,network_specification,positive_k40_r0.7__discovery_DO_vs_NDO,8.0
FGFR4,median,network_specification,positive_k40_r0.7__discovery_DO_vs_NDO,9.0
FLT1,median,network_specification,positive_k40_r0.7__discovery_DO_vs_NDO,3.0
FLT3,median,network_specification,positive_k40_r0.7__discovery_DO_vs_NDO,11.0
FLT4,median,network_specification,positive_k40_r0.7__discovery_DO_vs_NDO,1.0
JAK1,median,network_specification,positive_k40_r0.7__discovery_DO_vs_NDO,6.0
KDR,median,network_specification,positive_k40_r0.7__discovery_DO_vs_NDO,5.0
LRRK2,median,network_specification,positive_k40_r0.7__discovery_DO_vs_NDO,14.0
LYN,median,network_specification,positive_k40_r0.7__discovery_DO_vs_NDO,13.0
MET,median,network_specification,positive_k40_r0.7__discovery_DO_vs_NDO,17.0
PDGFRA,median,network_specification,positive_k40_r0.7__discovery_DO_vs_NDO,2.0
TYK2,median,network_specification,positive_k40_r0.7__discovery_DO_vs_NDO,12.0
ABL1,mean,network_specification,positive_k40_r0.7__discovery_DO_vs_NDO,14.0
AXL,mean,network_specification,positive_k40_r0.7__discovery_DO_vs_NDO,16.0
CDK4,mean,network_specification,positive_k40_r0.7__discovery_DO_vs_NDO,13.0
FGFR1,mean,network_specification,positive_k40_r0.7__discovery_DO_vs_NDO,5.0
FGFR2,mean,network_specification,positive_k40_r0.7__discovery_DO_vs_NDO,3.0
FGFR3,mean,network_specification,positive_k40_r0.7__discovery_DO_vs_NDO,7.0
FGFR4,mean,network_specification,positive_k40_r0.7__discovery_DO_vs_NDO,12.0
FLT1,mean,network_specification,positive_k40_r0.7__discovery_DO_vs_NDO,4.0
FLT3,mean,network_specification,positive_k40_r0.7__discovery_DO_vs_NDO,10.0
FLT4,mean,network_specification,positive_k40_r0.7__discovery_DO_vs_NDO,2.0
JAK1,mean,network_specification,positive_k40_r0.7__discovery_DO_vs_NDO,8.0
KDR,mean,network_specification,positive_k40_r0.7__discovery_DO_vs_NDO,6.0
LRRK2,mean,network_specification,positive_k40_r0.7__discovery_DO_vs_NDO,15.0
LYN,mean,network_specification,positive_k40_r0.7__discovery_DO_vs_NDO,11.0
MET,mean,network_specification,positive_k40_r0.7__discovery_DO_vs_NDO,17.0
PDGFRA,mean,network_specification,positive_k40_r0.7__discovery_DO_vs_NDO,1.0
TYK2,mean,network_specification,positive_k40_r0.7__discovery_DO_vs_NDO,9.0
ABL1,geometric,network_specification,positive_k40_r0.7__discovery_DO_vs_NDO,12.0
AXL,geometric,network_specification,positive_k40_r0.7__discovery_DO_vs_NDO,16.0
CDK4,geometric,network_specification,positive_k40_r0.7__discovery_DO_vs_NDO,14.0
FGFR1,geometric,network_specification,positive_k40_r0.7__discovery_DO_vs_NDO,4.0
FGFR2,geometric,network_specification,positive_k40_r0.7__discovery_DO_vs_NDO,3.0
FGFR3,geometric,network_specification,positive_k40_r0.7__discovery_DO_vs_NDO,5.0
FGFR4,geometric,network_specification,positive_k40_r0.7__discovery_DO_vs_NDO,13.0
FLT1,geometric,network_specification,positive_k40_r0.7__discovery_DO_vs_NDO,7.0
FLT3,geometric,network_specification,positive_k40_r0.7__discovery_DO_vs_NDO,9.0
FLT4,geometric,network_specification,positive_k40_r0.7__discovery_DO_vs_NDO,2.0
JAK1,geometric,network_specification,positive_k40_r0.7__discovery_DO_vs_NDO,6.0
KDR,geometric,network_specification,positive_k40_r0.7__discovery_DO_vs_NDO,10.0
LRRK2,geometric,network_specification,positive_k40_r0.7__discovery_DO_vs_NDO,15.0
LYN,geometric,network_specification,positive_k40_r0.7__discovery_DO_vs_NDO,11.0
MET,geometric,network_specification,positive_k40_r0.7__discovery_DO_vs_NDO,17.0
PDGFRA,geometric,network_specification,positive_k40_r0.7__discovery_DO_vs_NDO,1.0
TYK2,geometric,network_specification,positive_k40_r0.7__discovery_DO_vs_NDO,8.0
ABL1,maximin,network_specification,positive_k40_r0.7__discovery_DO_vs_NDO,7.5
AXL,maximin,network_specification,positive_k40_r0.7__discovery_DO_vs_NDO,16.0
CDK4,maximin,network_specification,positive_k40_r0.7__discovery_DO_vs_NDO,11.0
FGFR1,maximin,network_specification,positive_k40_r0.7__discovery_DO_vs_NDO,3.0
FGFR2,maximin,network_specification,positive_k40_r0.7__discovery_DO_vs_NDO,4.0
FGFR3,maximin,network_specification,positive_k40_r0.7__discovery_DO_vs_NDO,6.0
FGFR4,maximin,network_specification,positive_k40_r0.7__discovery_DO_vs_NDO,13.5
FLT1,maximin,network_specification,positive_k40_r0.7__discovery_DO_vs_NDO,12.0
FLT3,maximin,network_specification,positive_k40_r0.7__discovery_DO_vs_NDO,9.5
FLT4,maximin,network_specification,positive_k40_r0.7__discovery_DO_vs_NDO,2.0
JAK1,maximin,network_specification,positive_k40_r0.7__discovery_DO_vs_NDO,5.0
KDR,maximin,network_specification,positive_k40_r0.7__discovery_DO_vs_NDO,13.5
LRRK2,maximin,network_specification,positive_k40_r0.7__discovery_DO_vs_NDO,16.0
LYN,maximin,network_specification,positive_k40_r0.7__discovery_DO_vs_NDO,9.5
MET,maximin,network_specification,positive_k40_r0.7__discovery_DO_vs_NDO,16.0
PDGFRA,maximin,network_specification,positive_k40_r0.7__discovery_DO_vs_NDO,1.0
TYK2,maximin,network_specification,positive_k40_r0.7__discovery_DO_vs_NDO,7.5
ABL1,RRA,network_specification,positive_k40_r0.7__discovery_DO_vs_NDO,11.0
AXL,RRA,network_specification,positive_k40_r0.7__discovery_DO_vs_NDO,17.0
CDK4,RRA,network_specification,positive_k40_r0.7__discovery_DO_vs_NDO,6.0
FGFR1,RRA,network_specification,positive_k40_r0.7__discovery_DO_vs_NDO,4.0
FGFR2,RRA,network_specification,positive_k40_r0.7__discovery_DO_vs_NDO,7.0
FGFR3,RRA,network_specification,positive_k40_r0.7__discovery_DO_vs_NDO,10.0
FGFR4,RRA,network_specification,positive_k40_r0.7__discovery_DO_vs_NDO,14.0
FLT1,RRA,network_specification,positive_k40_r0.7__discovery_DO_vs_NDO,8.0
FLT3,RRA,network_specification,positive_k40_r0.7__discovery_DO_vs_NDO,12.0
FLT4,RRA,network_specification,positive_k40_r0.7__discovery_DO_vs_NDO,3.0
JAK1,RRA,network_specification,positive_k40_r0.7__discovery_DO_vs_NDO,9.0
KDR,RRA,network_specification,positive_k40_r0.7__discovery_DO_vs_NDO,2.0
LRRK2,RRA,network_specification,positive_k40_r0.7__discovery_DO_vs_NDO,15.0
LYN,RRA,network_specification,positive_k40_r0.7__discovery_DO_vs_NDO,13.0
MET,RRA,network_specification,positive_k40_r0.7__discovery_DO_vs_NDO,16.0
PDGFRA,RRA,network_specification,positive_k40_r0.7__discovery_DO_vs_NDO,1.0
TYK2,RRA,network_specification,positive_k40_r0.7__discovery_DO_vs_NDO,5.0
ABL1,median,donor_omission,P1TLH__discovery_DO_vs_HV,10.0
AXL,median,donor_omission,P1TLH__discovery_DO_vs_HV,16.0
CDK4,median,donor_omission,P1TLH__discovery_DO_vs_HV,11.0
FGFR1,median,donor_omission,P1TLH__discovery_DO_vs_HV,7.0
FGFR2,median,donor_omission,P1TLH__discovery_DO_vs_HV,4.0
FGFR3,median,donor_omission,P1TLH__discovery_DO_vs_HV,5.0
FGFR4,median,donor_omission,P1TLH__discovery_DO_vs_HV,8.0
FLT1,median,donor_omission,P1TLH__discovery_DO_vs_HV,3.0
FLT3,median,donor_omission,P1TLH__discovery_DO_vs_HV,12.0
FLT4,median,donor_omission,P1TLH__discovery_DO_vs_HV,1.0
JAK1,median,donor_omission,P1TLH__discovery_DO_vs_HV,9.0
KDR,median,donor_omission,P1TLH__discovery_DO_vs_HV,6.0
LRRK2,median,donor_omission,P1TLH__discovery_DO_vs_HV,15.0
LYN,median,donor_omission,P1TLH__discovery_DO_vs_HV,14.0
MET,median,donor_omission,P1TLH__discovery_DO_vs_HV,17.0
PDGFRA,median,donor_omission,P1TLH__discovery_DO_vs_HV,2.0
TYK2,median,donor_omission,P1TLH__discovery_DO_vs_HV,13.0
ABL1,mean,donor_omission,P1TLH__discovery_DO_vs_HV,8.0
AXL,mean,donor_omission,P1TLH__discovery_DO_vs_HV,15.0
CDK4,mean,donor_omission,P1TLH__discovery_DO_vs_HV,9.0
FGFR1,mean,donor_omission,P1TLH__discovery_DO_vs_HV,5.0
FGFR2,mean,donor_omission,P1TLH__discovery_DO_vs_HV,3.0
FGFR3,mean,donor_omission,P1TLH__discovery_DO_vs_HV,6.0
FGFR4,mean,donor_omission,P1TLH__discovery_DO_vs_HV,11.0
FLT1,mean,donor_omission,P1TLH__discovery_DO_vs_HV,4.0
FLT3,mean,donor_omission,P1TLH__discovery_DO_vs_HV,12.0
FLT4,mean,donor_omission,P1TLH__discovery_DO_vs_HV,2.0
JAK1,mean,donor_omission,P1TLH__discovery_DO_vs_HV,10.0
KDR,mean,donor_omission,P1TLH__discovery_DO_vs_HV,7.0
LRRK2,mean,donor_omission,P1TLH__discovery_DO_vs_HV,17.0
LYN,mean,donor_omission,P1TLH__discovery_DO_vs_HV,13.0
MET,mean,donor_omission,P1TLH__discovery_DO_vs_HV,16.0
PDGFRA,mean,donor_omission,P1TLH__discovery_DO_vs_HV,1.0
TYK2,mean,donor_omission,P1TLH__discovery_DO_vs_HV,14.0
ABL1,geometric,donor_omission,P1TLH__discovery_DO_vs_HV,7.0
AXL,geometric,donor_omission,P1TLH__discovery_DO_vs_HV,15.0
CDK4,geometric,donor_omission,P1TLH__discovery_DO_vs_HV,9.0
FGFR1,geometric,donor_omission,P1TLH__discovery_DO_vs_HV,4.0
FGFR2,geometric,donor_omission,P1TLH__discovery_DO_vs_HV,3.0
FGFR3,geometric,donor_omission,P1TLH__discovery_DO_vs_HV,5.0
FGFR4,geometric,donor_omission,P1TLH__discovery_DO_vs_HV,12.0
FLT1,geometric,donor_omission,P1TLH__discovery_DO_vs_HV,6.0
FLT3,geometric,donor_omission,P1TLH__discovery_DO_vs_HV,10.0
FLT4,geometric,donor_omission,P1TLH__discovery_DO_vs_HV,2.0
JAK1,geometric,donor_omission,P1TLH__discovery_DO_vs_HV,8.0
KDR,geometric,donor_omission,P1TLH__discovery_DO_vs_HV,14.0
LRRK2,geometric,donor_omission,P1TLH__discovery_DO_vs_HV,16.0
LYN,geometric,donor_omission,P1TLH__discovery_DO_vs_HV,11.0
MET,geometric,donor_omission,P1TLH__discovery_DO_vs_HV,17.0
PDGFRA,geometric,donor_omission,P1TLH__discovery_DO_vs_HV,1.0
TYK2,geometric,donor_omission,P1TLH__discovery_DO_vs_HV,13.0
ABL1,maximin,donor_omission,P1TLH__discovery_DO_vs_HV,5.5
AXL,maximin,donor_omission,P1TLH__discovery_DO_vs_HV,13.5
CDK4,maximin,donor_omission,P1TLH__discovery_DO_vs_HV,10.5
FGFR1,maximin,donor_omission,P1TLH__discovery_DO_vs_HV,3.0
FGFR2,maximin,donor_omission,P1TLH__discovery_DO_vs_HV,4.0
FGFR3,maximin,donor_omission,P1TLH__discovery_DO_vs_HV,7.0
FGFR4,maximin,donor_omission,P1TLH__discovery_DO_vs_HV,13.5
FLT1,maximin,donor_omission,P1TLH__discovery_DO_vs_HV,12.0
FLT3,maximin,donor_omission,P1TLH__discovery_DO_vs_HV,10.5
FLT4,maximin,donor_omission,P1TLH__discovery_DO_vs_HV,2.0
JAK1,maximin,donor_omission,P1TLH__discovery_DO_vs_HV,5.5
KDR,maximin,donor_omission,P1TLH__discovery_DO_vs_HV,16.0
LRRK2,maximin,donor_omission,P1TLH__discovery_DO_vs_HV,16.0
LYN,maximin,donor_omission,P1TLH__discovery_DO_vs_HV,9.0
MET,maximin,donor_omission,P1TLH__discovery_DO_vs_HV,16.0
PDGFRA,maximin,donor_omission,P1TLH__discovery_DO_vs_HV,1.0
TYK2,maximin,donor_omission,P1TLH__discovery_DO_vs_HV,8.0
ABL1,RRA,donor_omission,P1TLH__discovery_DO_vs_HV,9.5
AXL,RRA,donor_omission,P1TLH__discovery_DO_vs_HV,15.0
CDK4,RRA,donor_omission,P1TLH__discovery_DO_vs_HV,7.0
FGFR1,RRA,donor_omission,P1TLH__discovery_DO_vs_HV,5.0
FGFR2,RRA,donor_omission,P1TLH__discovery_DO_vs_HV,6.0
FGFR3,RRA,donor_omission,P1TLH__discovery_DO_vs_HV,8.0
FGFR4,RRA,donor_omission,P1TLH__discovery_DO_vs_HV,14.0
FLT1,RRA,donor_omission,P1TLH__discovery_DO_vs_HV,4.0
FLT3,RRA,donor_omission,P1TLH__discovery_DO_vs_HV,12.0
FLT4,RRA,donor_omission,P1TLH__discovery_DO_vs_HV,3.0
JAK1,RRA,donor_omission,P1TLH__discovery_DO_vs_HV,9.5
KDR,RRA,donor_omission,P1TLH__discovery_DO_vs_HV,2.0
LRRK2,RRA,donor_omission,P1TLH__discovery_DO_vs_HV,16.0
LYN,RRA,donor_omission,P1TLH__discovery_DO_vs_HV,13.0
MET,RRA,donor_omission,P1TLH__discovery_DO_vs_HV,17.0
PDGFRA,RRA,donor_omission,P1TLH__discovery_DO_vs_HV,1.0
TYK2,RRA,donor_omission,P1TLH__discovery_DO_vs_HV,11.0
ABL1,median,donor_omission,P2TLH__discovery_DO_vs_HV,9.0
AXL,median,donor_omission,P2TLH__discovery_DO_vs_HV,16.0
CDK4,median,donor_omission,P2TLH__discovery_DO_vs_HV,13.0
FGFR1,median,donor_omission,P2TLH__discovery_DO_vs_HV,6.0
FGFR2,median,donor_omission,P2TLH__discovery_DO_vs_HV,4.0
FGFR3,median,donor_omission,P2TLH__discovery_DO_vs_HV,8.0
FGFR4,median,donor_omission,P2TLH__discovery_DO_vs_HV,11.0
FLT1,median,donor_omission,P2TLH__discovery_DO_vs_HV,2.0
FLT3,median,donor_omission,P2TLH__discovery_DO_vs_HV,12.0
FLT4,median,donor_omission,P2TLH__discovery_DO_vs_HV,3.0
JAK1,median,donor_omission,P2TLH__discovery_DO_vs_HV,10.0
KDR,median,donor_omission,P2TLH__discovery_DO_vs_HV,5.0
LRRK2,median,donor_omission,P2TLH__discovery_DO_vs_HV,15.0
LYN,median,donor_omission,P2TLH__discovery_DO_vs_HV,7.0
MET,median,donor_omission,P2TLH__discovery_DO_vs_HV,17.0
PDGFRA,median,donor_omission,P2TLH__discovery_DO_vs_HV,1.0
TYK2,median,donor_omission,P2TLH__discovery_DO_vs_HV,14.0
ABL1,mean,donor_omission,P2TLH__discovery_DO_vs_HV,12.0
AXL,mean,donor_omission,P2TLH__discovery_DO_vs_HV,16.0
CDK4,mean,donor_omission,P2TLH__discovery_DO_vs_HV,11.0
FGFR1,mean,donor_omission,P2TLH__discovery_DO_vs_HV,6.0
FGFR2,mean,donor_omission,P2TLH__discovery_DO_vs_HV,2.0
FGFR3,mean,donor_omission,P2TLH__discovery_DO_vs_HV,8.0
FGFR4,mean,donor_omission,P2TLH__discovery_DO_vs_HV,14.0
FLT1,mean,donor_omission,P2TLH__discovery_DO_vs_HV,3.0
FLT3,mean,donor_omission,P2TLH__discovery_DO_vs_HV,9.0
FLT4,mean,donor_omission,P2TLH__discovery_DO_vs_HV,4.0
JAK1,mean,donor_omission,P2TLH__discovery_DO_vs_HV,13.0
KDR,mean,donor_omission,P2TLH__discovery_DO_vs_HV,5.0
LRRK2,mean,donor_omission,P2TLH__discovery_DO_vs_HV,15.0
LYN,mean,donor_omission,P2TLH__discovery_DO_vs_HV,7.0
MET,mean,donor_omission,P2TLH__discovery_DO_vs_HV,17.0
PDGFRA,mean,donor_omission,P2TLH__discovery_DO_vs_HV,1.0
TYK2,mean,donor_omission,P2TLH__discovery_DO_vs_HV,10.0
ABL1,geometric,donor_omission,P2TLH__discovery_DO_vs_HV,8.0
AXL,geometric,donor_omission,P2TLH__discovery_DO_vs_HV,16.0
CDK4,geometric,donor_omission,P2TLH__discovery_DO_vs_HV,13.0
FGFR1,geometric,donor_omission,P2TLH__discovery_DO_vs_HV,3.0
FGFR2,geometric,donor_omission,P2TLH__discovery_DO_vs_HV,2.0
FGFR3,geometric,donor_omission,P2TLH__discovery_DO_vs_HV,6.0
FGFR4,geometric,donor_omission,P2TLH__discovery_DO_vs_HV,14.0
FLT1,geometric,donor_omission,P2TLH__discovery_DO_vs_HV,4.0
FLT3,geometric,donor_omission,P2TLH__discovery_DO_vs_HV,12.0
FLT4,geometric,donor_omission,P2TLH__discovery_DO_vs_HV,5.0
JAK1,geometric,donor_omission,P2TLH__discovery_DO_vs_HV,10.0
KDR,geometric,donor_omission,P2TLH__discovery_DO_vs_HV,9.0
LRRK2,geometric,donor_omission,P2TLH__discovery_DO_vs_HV,15.0
LYN,geometric,donor_omission,P2TLH__discovery_DO_vs_HV,7.0
MET,geometric,donor_omission,P2TLH__discovery_DO_vs_HV,17.0
PDGFRA,geometric,donor_omission,P2TLH__discovery_DO_vs_HV,1.0
TYK2,geometric,donor_omission,P2TLH__discovery_DO_vs_HV,11.0
ABL1,maximin,donor_omission,P2TLH__discovery_DO_vs_HV,4.0
AXL,maximin,donor_omission,P2TLH__discovery_DO_vs_HV,16.0
CDK4,maximin,donor_omission,P2TLH__discovery_DO_vs_HV,10.5
FGFR1,maximin,donor_omission,P2TLH__discovery_DO_vs_HV,2.0
FGFR2,maximin,donor_omission,P2TLH__discovery_DO_vs_HV,3.0
FGFR3,maximin,donor_omission,P2TLH__discovery_DO_vs_HV,5.0
FGFR4,maximin,donor_omission,P2TLH__discovery_DO_vs_HV,13.5
FLT1,maximin,donor_omission,P2TLH__discovery_DO_vs_HV,12.0
FLT3,maximin,donor_omission,P2TLH__discovery_DO_vs_HV,8.5
FLT4,maximin,donor_omission,P2TLH__discovery_DO_vs_HV,13.5
JAK1,maximin,donor_omission,P2TLH__discovery_DO_vs_HV,6.5
KDR,maximin,donor_omission,P2TLH__discovery_DO_vs_HV,10.5
LRRK2,maximin,donor_omission,P2TLH__discovery_DO_vs_HV,16.0
LYN,maximin,donor_omission,P2TLH__discovery_DO_vs_HV,8.5
MET,maximin,donor_omission,P2TLH__discovery_DO_vs_HV,16.0
PDGFRA,maximin,donor_omission,P2TLH__discovery_DO_vs_HV,1.0
TYK2,maximin,donor_omission,P2TLH__discovery_DO_vs_HV,6.5
ABL1,RRA,donor_omission,P2TLH__discovery_DO_vs_HV,8.0
AXL,RRA,donor_omission,P2TLH__discovery_DO_vs_HV,16.0
CDK4,RRA,donor_omission,P2TLH__discovery_DO_vs_HV,7.0
FGFR1,RRA,donor_omission,P2TLH__discovery_DO_vs_HV,5.0
FGFR2,RRA,donor_omission,P2TLH__discovery_DO_vs_HV,6.0
FGFR3,RRA,donor_omission,P2TLH__discovery_DO_vs_HV,9.0
FGFR4,RRA,donor_omission,P2TLH__discovery_DO_vs_HV,15.0
FLT1,RRA,donor_omission,P2TLH__discovery_DO_vs_HV,3.0
FLT3,RRA,donor_omission,P2TLH__discovery_DO_vs_HV,12.0
FLT4,RRA,donor_omission,P2TLH__discovery_DO_vs_HV,4.0
JAK1,RRA,donor_omission,P2TLH__discovery_DO_vs_HV,10.5
KDR,RRA,donor_omission,P2TLH__discovery_DO_vs_HV,2.0
LRRK2,RRA,donor_omission,P2TLH__discovery_DO_vs_HV,14.0
LYN,RRA,donor_omission,P2TLH__discovery_DO_vs_HV,13.0
MET,RRA,donor_omission,P2TLH__discovery_DO_vs_HV,17.0
PDGFRA,RRA,donor_omission,P2TLH__discovery_DO_vs_HV,1.0
TYK2,RRA,donor_omission,P2TLH__discovery_DO_vs_HV,10.5
ABL1,median,donor_omission,P3TLH__discovery_DO_vs_HV,11.0
AXL,median,donor_omission,P3TLH__discovery_DO_vs_HV,8.0
CDK4,median,donor_omission,P3TLH__discovery_DO_vs_HV,16.0
FGFR1,median,donor_omission,P3TLH__discovery_DO_vs_HV,7.0
FGFR2,median,donor_omission,P3TLH__discovery_DO_vs_HV,6.0
FGFR3,median,donor_omission,P3TLH__discovery_DO_vs_HV,9.0
FGFR4,median,donor_omission,P3TLH__discovery_DO_vs_HV,12.0
FLT1,median,donor_omission,P3TLH__discovery_DO_vs_HV,4.0
FLT3,median,donor_omission,P3TLH__discovery_DO_vs_HV,13.0
FLT4,median,donor_omission,P3TLH__discovery_DO_vs_HV,3.0
JAK1,median,donor_omission,P3TLH__discovery_DO_vs_HV,5.0
KDR,median,donor_omission,P3TLH__discovery_DO_vs_HV,2.0
LRRK2,median,donor_omission,P3TLH__discovery_DO_vs_HV,15.0
LYN,median,donor_omission,P3TLH__discovery_DO_vs_HV,10.0
MET,median,donor_omission,P3TLH__discovery_DO_vs_HV,17.0
PDGFRA,median,donor_omission,P3TLH__discovery_DO_vs_HV,1.0
TYK2,median,donor_omission,P3TLH__discovery_DO_vs_HV,14.0
ABL1,mean,donor_omission,P3TLH__discovery_DO_vs_HV,13.0
AXL,mean,donor_omission,P3TLH__discovery_DO_vs_HV,11.0
CDK4,mean,donor_omission,P3TLH__discovery_DO_vs_HV,14.0
FGFR1,mean,donor_omission,P3TLH__discovery_DO_vs_HV,10.0
FGFR2,mean,donor_omission,P3TLH__discovery_DO_vs_HV,5.0
FGFR3,mean,donor_omission,P3TLH__discovery_DO_vs_HV,8.0
FGFR4,mean,donor_omission,P3TLH__discovery_DO_vs_HV,15.0
FLT1,mean,donor_omission,P3TLH__discovery_DO_vs_HV,4.0
FLT3,mean,donor_omission,P3TLH__discovery_DO_vs_HV,12.0
FLT4,mean,donor_omission,P3TLH__discovery_DO_vs_HV,3.0
JAK1,mean,donor_omission,P3TLH__discovery_DO_vs_HV,6.0
KDR,mean,donor_omission,P3TLH__discovery_DO_vs_HV,2.0
LRRK2,mean,donor_omission,P3TLH__discovery_DO_vs_HV,16.0
LYN,mean,donor_omission,P3TLH__discovery_DO_vs_HV,7.0
MET,mean,donor_omission,P3TLH__discovery_DO_vs_HV,17.0
PDGFRA,mean,donor_omission,P3TLH__discovery_DO_vs_HV,1.0
TYK2,mean,donor_omission,P3TLH__discovery_DO_vs_HV,9.0
ABL1,geometric,donor_omission,P3TLH__discovery_DO_vs_HV,10.0
AXL,geometric,donor_omission,P3TLH__discovery_DO_vs_HV,11.0
CDK4,geometric,donor_omission,P3TLH__discovery_DO_vs_HV,15.0
FGFR1,geometric,donor_omission,P3TLH__discovery_DO_vs_HV,14.0
FGFR2,geometric,donor_omission,P3TLH__discovery_DO_vs_HV,4.0
FGFR3,geometric,donor_omission,P3TLH__discovery_DO_vs_HV,7.0
FGFR4,geometric,donor_omission,P3TLH__discovery_DO_vs_HV,13.0
FLT1,geometric,donor_omission,P3TLH__discovery_DO_vs_HV,6.0
FLT3,geometric,donor_omission,P3TLH__discovery_DO_vs_HV,12.0
FLT4,geometric,donor_omission,P3TLH__discovery_DO_vs_HV,3.0
JAK1,geometric,donor_omission,P3TLH__discovery_DO_vs_HV,5.0
KDR,geometric,donor_omission,P3TLH__discovery_DO_vs_HV,2.0
LRRK2,geometric,donor_omission,P3TLH__discovery_DO_vs_HV,16.0
LYN,geometric,donor_omission,P3TLH__discovery_DO_vs_HV,8.0
MET,geometric,donor_omission,P3TLH__discovery_DO_vs_HV,17.0
PDGFRA,geometric,donor_omission,P3TLH__discovery_DO_vs_HV,1.0
TYK2,geometric,donor_omission,P3TLH__discovery_DO_vs_HV,9.0
ABL1,maximin,donor_omission,P3TLH__discovery_DO_vs_HV,3.5
AXL,maximin,donor_omission,P3TLH__discovery_DO_vs_HV,10.0
CDK4,maximin,donor_omission,P3TLH__discovery_DO_vs_HV,11.0
FGFR1,maximin,donor_omission,P3TLH__discovery_DO_vs_HV,16.0
FGFR2,maximin,donor_omission,P3TLH__discovery_DO_vs_HV,2.0
FGFR3,maximin,donor_omission,P3TLH__discovery_DO_vs_HV,5.0
FGFR4,maximin,donor_omission,P3TLH__discovery_DO_vs_HV,13.5
FLT1,maximin,donor_omission,P3TLH__discovery_DO_vs_HV,12.0
FLT3,maximin,donor_omission,P3TLH__discovery_DO_vs_HV,13.5
FLT4,maximin,donor_omission,P3TLH__discovery_DO_vs_HV,8.5
JAK1,maximin,donor_omission,P3TLH__discovery_DO_vs_HV,3.5
KDR,maximin,donor_omission,P3TLH__discovery_DO_vs_HV,7.0
LRRK2,maximin,donor_omission,P3TLH__discovery_DO_vs_HV,16.0
LYN,maximin,donor_omission,P3TLH__discovery_DO_vs_HV,8.5
MET,maximin,donor_omission,P3TLH__discovery_DO_vs_HV,16.0
PDGFRA,maximin,donor_omission,P3TLH__discovery_DO_vs_HV,1.0
TYK2,maximin,donor_omission,P3TLH__discovery_DO_vs_HV,6.0
ABL1,RRA,donor_omission,P3TLH__discovery_DO_vs_HV,9.0
AXL,RRA,donor_omission,P3TLH__discovery_DO_vs_HV,14.0
CDK4,RRA,donor_omission,P3TLH__discovery_DO_vs_HV,6.0
FGFR1,RRA,donor_omission,P3TLH__discovery_DO_vs_HV,12.0
FGFR2,RRA,donor_omission,P3TLH__discovery_DO_vs_HV,7.0
FGFR3,RRA,donor_omission,P3TLH__discovery_DO_vs_HV,10.0
FGFR4,RRA,donor_omission,P3TLH__discovery_DO_vs_HV,15.5
FLT1,RRA,donor_omission,P3TLH__discovery_DO_vs_HV,4.0
FLT3,RRA,donor_omission,P3TLH__discovery_DO_vs_HV,11.0
FLT4,RRA,donor_omission,P3TLH__discovery_DO_vs_HV,3.0
JAK1,RRA,donor_omission,P3TLH__discovery_DO_vs_HV,8.0
KDR,RRA,donor_omission,P3TLH__discovery_DO_vs_HV,2.0
LRRK2,RRA,donor_omission,P3TLH__discovery_DO_vs_HV,15.5
LYN,RRA,donor_omission,P3TLH__discovery_DO_vs_HV,13.0
MET,RRA,donor_omission,P3TLH__discovery_DO_vs_HV,17.0
PDGFRA,RRA,donor_omission,P3TLH__discovery_DO_vs_HV,1.0
TYK2,RRA,donor_omission,P3TLH__discovery_DO_vs_HV,5.0
ABL1,median,donor_omission,P4TLH__discovery_DO_vs_HV,11.0
AXL,median,donor_omission,P4TLH__discovery_DO_vs_HV,16.0
CDK4,median,donor_omission,P4TLH__discovery_DO_vs_HV,10.0
FGFR1,median,donor_omission,P4TLH__discovery_DO_vs_HV,7.0
FGFR2,median,donor_omission,P4TLH__discovery_DO_vs_HV,6.0
FGFR3,median,donor_omission,P4TLH__discovery_DO_vs_HV,8.0
FGFR4,median,donor_omission,P4TLH__discovery_DO_vs_HV,9.0
FLT1,median,donor_omission,P4TLH__discovery_DO_vs_HV,4.0
FLT3,median,donor_omission,P4TLH__discovery_DO_vs_HV,12.0
FLT4,median,donor_omission,P4TLH__discovery_DO_vs_HV,2.0
JAK1,median,donor_omission,P4TLH__discovery_DO_vs_HV,5.0
KDR,median,donor_omission,P4TLH__discovery_DO_vs_HV,1.0
LRRK2,median,donor_omission,P4TLH__discovery_DO_vs_HV,14.0
LYN,median,donor_omission,P4TLH__discovery_DO_vs_HV,15.0
MET,median,donor_omission,P4TLH__discovery_DO_vs_HV,17.0
PDGFRA,median,donor_omission,P4TLH__discovery_DO_vs_HV,3.0
TYK2,median,donor_omission,P4TLH__discovery_DO_vs_HV,13.0
ABL1,mean,donor_omission,P4TLH__discovery_DO_vs_HV,13.0
AXL,mean,donor_omission,P4TLH__discovery_DO_vs_HV,15.0
CDK4,mean,donor_omission,P4TLH__discovery_DO_vs_HV,8.0
FGFR1,mean,donor_omission,P4TLH__discovery_DO_vs_HV,9.0
FGFR2,mean,donor_omission,P4TLH__discovery_DO_vs_HV,5.0
FGFR3,mean,donor_omission,P4TLH__discovery_DO_vs_HV,7.0
FGFR4,mean,donor_omission,P4TLH__discovery_DO_vs_HV,11.0
FLT1,mean,donor_omission,P4TLH__discovery_DO_vs_HV,6.0
FLT3,mean,donor_omission,P4TLH__discovery_DO_vs_HV,10.0
FLT4,mean,donor_omission,P4TLH__discovery_DO_vs_HV,2.0
JAK1,mean,donor_omission,P4TLH__discovery_DO_vs_HV,4.0
KDR,mean,donor_omission,P4TLH__discovery_DO_vs_HV,3.0
LRRK2,mean,donor_omission,P4TLH__discovery_DO_vs_HV,16.0
LYN,mean,donor_omission,P4TLH__discovery_DO_vs_HV,12.0
MET,mean,donor_omission,P4TLH__discovery_DO_vs_HV,17.0
PDGFRA,mean,donor_omission,P4TLH__discovery_DO_vs_HV,1.0
TYK2,mean,donor_omission,P4TLH__discovery_DO_vs_HV,14.0
ABL1,geometric,donor_omission,P4TLH__discovery_DO_vs_HV,12.0
AXL,geometric,donor_omission,P4TLH__discovery_DO_vs_HV,15.0
CDK4,geometric,donor_omission,P4TLH__discovery_DO_vs_HV,9.0
FGFR1,geometric,donor_omission,P4TLH__discovery_DO_vs_HV,14.0
FGFR2,geometric,donor_omission,P4TLH__discovery_DO_vs_HV,4.0
FGFR3,geometric,donor_omission,P4TLH__discovery_DO_vs_HV,6.0
FGFR4,geometric,donor_omission,P4TLH__discovery_DO_vs_HV,11.0
FLT1,geometric,donor_omission,P4TLH__discovery_DO_vs_HV,7.0
FLT3,geometric,donor_omission,P4TLH__discovery_DO_vs_HV,8.0
FLT4,geometric,donor_omission,P4TLH__discovery_DO_vs_HV,2.0
JAK1,geometric,donor_omission,P4TLH__discovery_DO_vs_HV,5.0
KDR,geometric,donor_omission,P4TLH__discovery_DO_vs_HV,3.0
LRRK2,geometric,donor_omission,P4TLH__discovery_DO_vs_HV,16.0
LYN,geometric,donor_omission,P4TLH__discovery_DO_vs_HV,10.0
MET,geometric,donor_omission,P4TLH__discovery_DO_vs_HV,17.0
PDGFRA,geometric,donor_omission,P4TLH__discovery_DO_vs_HV,1.0
TYK2,geometric,donor_omission,P4TLH__discovery_DO_vs_HV,13.0
ABL1,maximin,donor_omission,P4TLH__discovery_DO_vs_HV,10.5
AXL,maximin,donor_omission,P4TLH__discovery_DO_vs_HV,13.5
CDK4,maximin,donor_omission,P4TLH__discovery_DO_vs_HV,10.5
FGFR1,maximin,donor_omission,P4TLH__discovery_DO_vs_HV,16.0
FGFR2,maximin,donor_omission,P4TLH__discovery_DO_vs_HV,3.0
FGFR3,maximin,donor_omission,P4TLH__discovery_DO_vs_HV,5.0
FGFR4,maximin,donor_omission,P4TLH__discovery_DO_vs_HV,13.5
FLT1,maximin,donor_omission,P4TLH__discovery_DO_vs_HV,12.0
FLT3,maximin,donor_omission,P4TLH__discovery_DO_vs_HV,8.5
FLT4,maximin,donor_omission,P4TLH__discovery_DO_vs_HV,2.0
JAK1,maximin,donor_omission,P4TLH__discovery_DO_vs_HV,4.0
KDR,maximin,donor_omission,P4TLH__discovery_DO_vs_HV,7.0
LRRK2,maximin,donor_omission,P4TLH__discovery_DO_vs_HV,16.0
LYN,maximin,donor_omission,P4TLH__discovery_DO_vs_HV,8.5
MET,maximin,donor_omission,P4TLH__discovery_DO_vs_HV,16.0
PDGFRA,maximin,donor_omission,P4TLH__discovery_DO_vs_HV,1.0
TYK2,maximin,donor_omission,P4TLH__discovery_DO_vs_HV,6.0
ABL1,RRA,donor_omission,P4TLH__discovery_DO_vs_HV,14.0
AXL,RRA,donor_omission,P4TLH__discovery_DO_vs_HV,17.0
CDK4,RRA,donor_omission,P4TLH__discovery_DO_vs_HV,4.0
FGFR1,RRA,donor_omission,P4TLH__discovery_DO_vs_HV,11.0
FGFR2,RRA,donor_omission,P4TLH__discovery_DO_vs_HV,5.0
FGFR3,RRA,donor_omission,P4TLH__discovery_DO_vs_HV,8.0
FGFR4,RRA,donor_omission,P4TLH__discovery_DO_vs_HV,13.0
FLT1,RRA,donor_omission,P4TLH__discovery_DO_vs_HV,6.0
FLT3,RRA,donor_omission,P4TLH__discovery_DO_vs_HV,10.0
FLT4,RRA,donor_omission,P4TLH__discovery_DO_vs_HV,3.0
JAK1,RRA,donor_omission,P4TLH__discovery_DO_vs_HV,7.0
KDR,RRA,donor_omission,P4TLH__discovery_DO_vs_HV,2.0
LRRK2,RRA,donor_omission,P4TLH__discovery_DO_vs_HV,16.0
LYN,RRA,donor_omission,P4TLH__discovery_DO_vs_HV,12.0
MET,RRA,donor_omission,P4TLH__discovery_DO_vs_HV,15.0
PDGFRA,RRA,donor_omission,P4TLH__discovery_DO_vs_HV,1.0
TYK2,RRA,donor_omission,P4TLH__discovery_DO_vs_HV,9.0
ABL1,median,donor_omission,P5TLH__discovery_DO_vs_HV,11.0
AXL,median,donor_omission,P5TLH__discovery_DO_vs_HV,16.0
CDK4,median,donor_omission,P5TLH__discovery_DO_vs_HV,10.0
FGFR1,median,donor_omission,P5TLH__discovery_DO_vs_HV,8.0
FGFR2,median,donor_omission,P5TLH__discovery_DO_vs_HV,4.0
FGFR3,median,donor_omission,P5TLH__discovery_DO_vs_HV,7.0
FGFR4,median,donor_omission,P5TLH__discovery_DO_vs_HV,9.0
FLT1,median,donor_omission,P5TLH__discovery_DO_vs_HV,5.0
FLT3,median,donor_omission,P5TLH__discovery_DO_vs_HV,12.0
FLT4,median,donor_omission,P5TLH__discovery_DO_vs_HV,3.0
JAK1,median,donor_omission,P5TLH__discovery_DO_vs_HV,6.0
KDR,median,donor_omission,P5TLH__discovery_DO_vs_HV,1.0
LRRK2,median,donor_omission,P5TLH__discovery_DO_vs_HV,14.0
LYN,median,donor_omission,P5TLH__discovery_DO_vs_HV,15.0
MET,median,donor_omission,P5TLH__discovery_DO_vs_HV,17.0
PDGFRA,median,donor_omission,P5TLH__discovery_DO_vs_HV,2.0
TYK2,median,donor_omission,P5TLH__discovery_DO_vs_HV,13.0
ABL1,mean,donor_omission,P5TLH__discovery_DO_vs_HV,14.0
AXL,mean,donor_omission,P5TLH__discovery_DO_vs_HV,15.0
CDK4,mean,donor_omission,P5TLH__discovery_DO_vs_HV,8.0
FGFR1,mean,donor_omission,P5TLH__discovery_DO_vs_HV,9.0
FGFR2,mean,donor_omission,P5TLH__discovery_DO_vs_HV,4.0
FGFR3,mean,donor_omission,P5TLH__discovery_DO_vs_HV,6.0
FGFR4,mean,donor_omission,P5TLH__discovery_DO_vs_HV,12.0
FLT1,mean,donor_omission,P5TLH__discovery_DO_vs_HV,5.0
FLT3,mean,donor_omission,P5TLH__discovery_DO_vs_HV,10.0
FLT4,mean,donor_omission,P5TLH__discovery_DO_vs_HV,3.0
JAK1,mean,donor_omission,P5TLH__discovery_DO_vs_HV,7.0
KDR,mean,donor_omission,P5TLH__discovery_DO_vs_HV,2.0
LRRK2,mean,donor_omission,P5TLH__discovery_DO_vs_HV,17.0
LYN,mean,donor_omission,P5TLH__discovery_DO_vs_HV,13.0
MET,mean,donor_omission,P5TLH__discovery_DO_vs_HV,16.0
PDGFRA,mean,donor_omission,P5TLH__discovery_DO_vs_HV,1.0
TYK2,mean,donor_omission,P5TLH__discovery_DO_vs_HV,11.0
ABL1,geometric,donor_omission,P5TLH__discovery_DO_vs_HV,10.0
AXL,geometric,donor_omission,P5TLH__discovery_DO_vs_HV,13.0
CDK4,geometric,donor_omission,P5TLH__discovery_DO_vs_HV,9.0
FGFR1,geometric,donor_omission,P5TLH__discovery_DO_vs_HV,14.0
FGFR2,geometric,donor_omission,P5TLH__discovery_DO_vs_HV,4.0
FGFR3,geometric,donor_omission,P5TLH__discovery_DO_vs_HV,6.0
FGFR4,geometric,donor_omission,P5TLH__discovery_DO_vs_HV,12.0
FLT1,geometric,donor_omission,P5TLH__discovery_DO_vs_HV,7.0
FLT3,geometric,donor_omission,P5TLH__discovery_DO_vs_HV,11.0
FLT4,geometric,donor_omission,P5TLH__discovery_DO_vs_HV,3.0
JAK1,geometric,donor_omission,P5TLH__discovery_DO_vs_HV,5.0
KDR,geometric,donor_omission,P5TLH__discovery_DO_vs_HV,2.0
LRRK2,geometric,donor_omission,P5TLH__discovery_DO_vs_HV,16.0
LYN,geometric,donor_omission,P5TLH__discovery_DO_vs_HV,15.0
MET,geometric,donor_omission,P5TLH__discovery_DO_vs_HV,17.0
PDGFRA,geometric,donor_omission,P5TLH__discovery_DO_vs_HV,1.0
TYK2,geometric,donor_omission,P5TLH__discovery_DO_vs_HV,8.0
ABL1,maximin,donor_omission,P5TLH__discovery_DO_vs_HV,6.5
AXL,maximin,donor_omission,P5TLH__discovery_DO_vs_HV,9.0
CDK4,maximin,donor_omission,P5TLH__discovery_DO_vs_HV,10.5
FGFR1,maximin,donor_omission,P5TLH__discovery_DO_vs_HV,16.0
FGFR2,maximin,donor_omission,P5TLH__discovery_DO_vs_HV,2.5
FGFR3,maximin,donor_omission,P5TLH__discovery_DO_vs_HV,5.0
FGFR4,maximin,donor_omission,P5TLH__discovery_DO_vs_HV,13.5
FLT1,maximin,donor_omission,P5TLH__discovery_DO_vs_HV,12.0
FLT3,maximin,donor_omission,P5TLH__discovery_DO_vs_HV,10.5
FLT4,maximin,donor_omission,P5TLH__discovery_DO_vs_HV,2.5
JAK1,maximin,donor_omission,P5TLH__discovery_DO_vs_HV,4.0
KDR,maximin,donor_omission,P5TLH__discovery_DO_vs_HV,8.0
LRRK2,maximin,donor_omission,P5TLH__discovery_DO_vs_HV,16.0
LYN,maximin,donor_omission,P5TLH__discovery_DO_vs_HV,13.5
MET,maximin,donor_omission,P5TLH__discovery_DO_vs_HV,16.0
PDGFRA,maximin,donor_omission,P5TLH__discovery_DO_vs_HV,1.0
TYK2,maximin,donor_omission,P5TLH__discovery_DO_vs_HV,6.5
ABL1,RRA,donor_omission,P5TLH__discovery_DO_vs_HV,9.5
AXL,RRA,donor_omission,P5TLH__discovery_DO_vs_HV,14.0
CDK4,RRA,donor_omission,P5TLH__discovery_DO_vs_HV,5.0
FGFR1,RRA,donor_omission,P5TLH__discovery_DO_vs_HV,12.0
FGFR2,RRA,donor_omission,P5TLH__discovery_DO_vs_HV,4.0
FGFR3,RRA,donor_omission,P5TLH__discovery_DO_vs_HV,8.0
FGFR4,RRA,donor_omission,P5TLH__discovery_DO_vs_HV,15.0
FLT1,RRA,donor_omission,P5TLH__discovery_DO_vs_HV,6.0
FLT3,RRA,donor_omission,P5TLH__discovery_DO_vs_HV,11.0
FLT4,RRA,donor_omission,P5TLH__discovery_DO_vs_HV,3.0
JAK1,RRA,donor_omission,P5TLH__discovery_DO_vs_HV,7.0
KDR,RRA,donor_omission,P5TLH__discovery_DO_vs_HV,1.0
LRRK2,RRA,donor_omission,P5TLH__discovery_DO_vs_HV,16.0
LYN,RRA,donor_omission,P5TLH__discovery_DO_vs_HV,13.0
MET,RRA,donor_omission,P5TLH__discovery_DO_vs_HV,17.0
PDGFRA,RRA,donor_omission,P5TLH__discovery_DO_vs_HV,2.0
TYK2,RRA,donor_omission,P5TLH__discovery_DO_vs_HV,9.5
ABL1,median,missingness,floor,11.0
AXL,median,missingness,floor,16.0
CDK4,median,missingness,floor,15.0
FGFR1,median,missingness,floor,8.0
FGFR2,median,missingness,floor,4.0
FGFR3,median,missingness,floor,7.0
FGFR4,median,missingness,floor,9.0
FLT1,median,missingness,floor,3.0
FLT3,median,missingness,floor,12.0
FLT4,median,missingness,floor,2.0
JAK1,median,missingness,floor,6.0
KDR,median,missingness,floor,5.0
LRRK2,median,missingness,floor,14.0
LYN,median,missingness,floor,10.0
MET,median,missingness,floor,17.0
PDGFRA,median,missingness,floor,1.0
TYK2,median,missingness,floor,13.0
ABL1,mean,missingness,floor,15.0
AXL,mean,missingness,floor,16.0
CDK4,mean,missingness,floor,12.0
FGFR1,mean,missingness,floor,9.0
FGFR2,mean,missingness,floor,3.0
FGFR3,mean,missingness,floor,7.0
FGFR4,mean,missingness,floor,13.0
FLT1,mean,missingness,floor,4.0
FLT3,mean,missingness,floor,10.0
FLT4,mean,missingness,floor,2.0
JAK1,mean,missingness,floor,6.0
KDR,mean,missingness,floor,5.0
LRRK2,mean,missingness,floor,14.0
LYN,mean,missingness,floor,8.0
MET,mean,missingness,floor,17.0
PDGFRA,mean,missingness,floor,1.0
TYK2,mean,missingness,floor,11.0
ABL1,geometric,missingness,floor,11.0
AXL,geometric,missingness,floor,15.0
CDK4,geometric,missingness,floor,12.0
FGFR1,geometric,missingness,floor,14.0
FGFR2,geometric,missingness,floor,3.0
FGFR3,geometric,missingness,floor,5.0
FGFR4,geometric,missingness,floor,13.0
FLT1,geometric,missingness,floor,6.0
FLT3,geometric,missingness,floor,10.0
FLT4,geometric,missingness,floor,2.0
JAK1,geometric,missingness,floor,4.0
KDR,geometric,missingness,floor,7.0
LRRK2,geometric,missingness,floor,16.0
LYN,geometric,missingness,floor,8.0
MET,geometric,missingness,floor,17.0
PDGFRA,geometric,missingness,floor,1.0
TYK2,geometric,missingness,floor,9.0
ABL1,maximin,missingness,floor,4.5
AXL,maximin,missingness,floor,13.5
CDK4,maximin,missingness,floor,10.5
FGFR1,maximin,missingness,floor,16.0
FGFR2,maximin,missingness,floor,3.0
FGFR3,maximin,missingness,floor,6.0
FGFR4,maximin,missingness,floor,13.5
FLT1,maximin,missingness,floor,12.0
FLT3,maximin,missingness,floor,8.5
FLT4,maximin,missingness,floor,2.0
JAK1,maximin,missingness,floor,4.5
KDR,maximin,missingness,floor,10.5
LRRK2,maximin,missingness,floor,16.0
LYN,maximin,missingness,floor,8.5
MET,maximin,missingness,floor,16.0
PDGFRA,maximin,missingness,floor,1.0
TYK2,maximin,missingness,floor,7.0
ABL1,RRA,missingness,floor,9.0
AXL,RRA,missingness,floor,16.0
CDK4,RRA,missingness,floor,5.0
FGFR1,RRA,missingness,floor,13.0
FGFR2,RRA,missingness,floor,6.0
FGFR3,RRA,missingness,floor,10.0
FGFR4,RRA,missingness,floor,15.0
FLT1,RRA,missingness,floor,7.0
FLT3,RRA,missingness,floor,12.0
FLT4,RRA,missingness,floor,3.0
JAK1,RRA,missingness,floor,8.0
KDR,RRA,missingness,floor,2.0
LRRK2,RRA,missingness,floor,4.0
LYN,RRA,missingness,floor,14.0
MET,RRA,missingness,floor,17.0
PDGFRA,RRA,missingness,floor,1.0
TYK2,RRA,missingness,floor,11.0
ABL1,median,missingness,neutral,12.0
AXL,median,missingness,neutral,16.0
CDK4,median,missingness,neutral,15.0
FGFR1,median,missingness,neutral,8.0
FGFR2,median,missingness,neutral,4.0
FGFR3,median,missingness,neutral,7.0
FGFR4,median,missingness,neutral,9.0
FLT1,median,missingness,neutral,3.0
FLT3,median,missingness,neutral,13.0
FLT4,median,missingness,neutral,2.0
JAK1,median,missingness,neutral,6.0
KDR,median,missingness,neutral,5.0
LRRK2,median,missingness,neutral,10.0
LYN,median,missingness,neutral,11.0
MET,median,missingness,neutral,17.0
PDGFRA,median,missingness,neutral,1.0
TYK2,median,missingness,neutral,14.0
ABL1,mean,missingness,neutral,15.0
AXL,mean,missingness,neutral,16.0
CDK4,mean,missingness,neutral,13.0
FGFR1,mean,missingness,neutral,10.0
FGFR2,mean,missingness,neutral,3.0
FGFR3,mean,missingness,neutral,8.0
FGFR4,mean,missingness,neutral,14.0
FLT1,mean,missingness,neutral,4.0
FLT3,mean,missingness,neutral,11.0
FLT4,mean,missingness,neutral,2.0
JAK1,mean,missingness,neutral,6.0
KDR,mean,missingness,neutral,5.0
LRRK2,mean,missingness,neutral,7.0
LYN,mean,missingness,neutral,9.0
MET,mean,missingness,neutral,17.0
PDGFRA,mean,missingness,neutral,1.0
TYK2,mean,missingness,neutral,12.0
ABL1,geometric,missingness,neutral,12.0
AXL,geometric,missingness,neutral,16.0
CDK4,geometric,missingness,neutral,13.0
FGFR1,geometric,missingness,neutral,15.0
FGFR2,geometric,missingness,neutral,3.0
FGFR3,geometric,missingness,neutral,5.0
FGFR4,geometric,missingness,neutral,14.0
FLT1,geometric,missingness,neutral,7.0
FLT3,geometric,missingness,neutral,11.0
FLT4,geometric,missingness,neutral,2.0
JAK1,geometric,missingness,neutral,4.0
KDR,geometric,missingness,neutral,8.0
LRRK2,geometric,missingness,neutral,6.0
LYN,geometric,missingness,neutral,9.0
MET,geometric,missingness,neutral,17.0
PDGFRA,geometric,missingness,neutral,1.0
TYK2,geometric,missingness,neutral,10.0
ABL1,maximin,missingness,neutral,5.0
AXL,maximin,missingness,neutral,14.5
CDK4,maximin,missingness,neutral,11.5
FGFR1,maximin,missingness,neutral,16.5
FGFR2,maximin,missingness,neutral,3.0
FGFR3,maximin,missingness,neutral,7.0
FGFR4,maximin,missingness,neutral,14.5
FLT1,maximin,missingness,neutral,13.0
FLT3,maximin,missingness,neutral,9.5
FLT4,maximin,missingness,neutral,2.0
JAK1,maximin,missingness,neutral,5.0
KDR,maximin,missingness,neutral,11.5
LRRK2,maximin,missingness,neutral,5.0
LYN,maximin,missingness,neutral,9.5
MET,maximin,missingness,neutral,16.5
PDGFRA,maximin,missingness,neutral,1.0
TYK2,maximin,missingness,neutral,8.0
ABL1,RRA,missingness,neutral,9.0
AXL,RRA,missingness,neutral,16.0
CDK4,RRA,missingness,neutral,5.0
FGFR1,RRA,missingness,neutral,13.0
FGFR2,RRA,missingness,neutral,6.0
FGFR3,RRA,missingness,neutral,10.0
FGFR4,RRA,missingness,neutral,15.0
FLT1,RRA,missingness,neutral,7.0
FLT3,RRA,missingness,neutral,12.0
FLT4,RRA,missingness,neutral,3.0
JAK1,RRA,missingness,neutral,8.0
KDR,RRA,missingness,neutral,2.0
LRRK2,RRA,missingness,neutral,4.0
LYN,RRA,missingness,neutral,14.0
MET,RRA,missingness,neutral,17.0
PDGFRA,RRA,missingness,neutral,1.0
TYK2,RRA,missingness,neutral,11.0
ABL1,median,missingness,observed_only,11.0
AXL,median,missingness,observed_only,16.0
CDK4,median,missingness,observed_only,15.0
FGFR1,median,missingness,observed_only,8.0
FGFR2,median,missingness,observed_only,4.0
FGFR3,median,missingness,observed_only,7.0
FGFR4,median,missingness,observed_only,9.0
FLT1,median,missingness,observed_only,3.0
FLT3,median,missingness,observed_only,12.0
FLT4,median,missingness,observed_only,2.0
JAK1,median,missingness,observed_only,6.0
KDR,median,missingness,observed_only,5.0
LRRK2,median,missingness,observed_only,13.0
LYN,median,missingness,observed_only,10.0
MET,median,missingness,observed_only,17.0
PDGFRA,median,missingness,observed_only,1.0
TYK2,median,missingness,observed_only,14.0
ABL1,mean,missingness,observed_only,15.0
AXL,mean,missingness,observed_only,16.0
CDK4,mean,missingness,observed_only,13.0
FGFR1,mean,missingness,observed_only,10.0
FGFR2,mean,missingness,observed_only,3.0
FGFR3,mean,missingness,observed_only,8.0
FGFR4,mean,missingness,observed_only,14.0
FLT1,mean,missingness,observed_only,4.0
FLT3,mean,missingness,observed_only,11.0
FLT4,mean,missingness,observed_only,2.0
JAK1,mean,missingness,observed_only,6.0
KDR,mean,missingness,observed_only,5.0
LRRK2,mean,missingness,observed_only,7.0
LYN,mean,missingness,observed_only,9.0
MET,mean,missingness,observed_only,17.0
PDGFRA,mean,missingness,observed_only,1.0
TYK2,mean,missingness,observed_only,12.0
ABL1,geometric,missingness,observed_only,12.0
AXL,geometric,missingness,observed_only,16.0
CDK4,geometric,missingness,observed_only,13.0
FGFR1,geometric,missingness,observed_only,15.0
FGFR2,geometric,missingness,observed_only,3.0
FGFR3,geometric,missingness,observed_only,5.0
FGFR4,geometric,missingness,observed_only,14.0
FLT1,geometric,missingness,observed_only,6.0
FLT3,geometric,missingness,observed_only,11.0
FLT4,geometric,missingness,observed_only,2.0
JAK1,geometric,missingness,observed_only,4.0
KDR,geometric,missingness,observed_only,8.0
LRRK2,geometric,missingness,observed_only,7.0
LYN,geometric,missingness,observed_only,9.0
MET,geometric,missingness,observed_only,17.0
PDGFRA,geometric,missingness,observed_only,1.0
TYK2,geometric,missingness,observed_only,10.0
ABL1,maximin,missingness,observed_only,5.0
AXL,maximin,missingness,observed_only,14.5
CDK4,maximin,missingness,observed_only,11.5
FGFR1,maximin,missingness,observed_only,16.5
FGFR2,maximin,missingness,observed_only,3.0
FGFR3,maximin,missingness,observed_only,7.0
FGFR4,maximin,missingness,observed_only,14.5
FLT1,maximin,missingness,observed_only,13.0
FLT3,maximin,missingness,observed_only,9.5
FLT4,maximin,missingness,observed_only,2.0
JAK1,maximin,missingness,observed_only,5.0
KDR,maximin,missingness,observed_only,11.5
LRRK2,maximin,missingness,observed_only,5.0
LYN,maximin,missingness,observed_only,9.5
MET,maximin,missingness,observed_only,16.5
PDGFRA,maximin,missingness,observed_only,1.0
TYK2,maximin,missingness,observed_only,8.0
ABL1,RRA,missingness,observed_only,9.0
AXL,RRA,missingness,observed_only,16.0
CDK4,RRA,missingness,observed_only,5.0
FGFR1,RRA,missingness,observed_only,13.0
FGFR2,RRA,missingness,observed_only,6.0
FGFR3,RRA,missingness,observed_only,10.0
FGFR4,RRA,missingness,observed_only,15.0
FLT1,RRA,missingness,observed_only,7.0
FLT3,RRA,missingness,observed_only,12.0
FLT4,RRA,missingness,observed_only,3.0
JAK1,RRA,missingness,observed_only,8.0
KDR,RRA,missingness,observed_only,2.0
LRRK2,RRA,missingness,observed_only,4.0
LYN,RRA,missingness,observed_only,14.0
MET,RRA,missingness,observed_only,17.0
PDGFRA,RRA,missingness,observed_only,1.0
TYK2,RRA,missingness,observed_only,11.0
ABL1,median,measurement,HepG2_landmarks_only,10.0
AXL,median,measurement,HepG2_landmarks_only,16.0
CDK4,median,measurement,HepG2_landmarks_only,12.0
FGFR1,median,measurement,HepG2_landmarks_only,14.0
FGFR2,median,measurement,HepG2_landmarks_only,4.0
FGFR3,median,measurement,HepG2_landmarks_only,6.0
FGFR4,median,measurement,HepG2_landmarks_only,7.0
FLT1,median,measurement,HepG2_landmarks_only,3.0
FLT3,median,measurement,HepG2_landmarks_only,15.0
FLT4,median,measurement,HepG2_landmarks_only,2.0
JAK1,median,measurement,HepG2_landmarks_only,8.0
KDR,median,measurement,HepG2_landmarks_only,5.0
LRRK2,median,measurement,HepG2_landmarks_only,11.0
LYN,median,measurement,HepG2_landmarks_only,9.0
MET,median,measurement,HepG2_landmarks_only,17.0
PDGFRA,median,measurement,HepG2_landmarks_only,1.0
TYK2,median,measurement,HepG2_landmarks_only,13.0
ABL1,mean,measurement,HepG2_landmarks_only,12.0
AXL,mean,measurement,HepG2_landmarks_only,16.0
CDK4,mean,measurement,HepG2_landmarks_only,8.0
FGFR1,mean,measurement,HepG2_landmarks_only,15.0
FGFR2,mean,measurement,HepG2_landmarks_only,2.0
FGFR3,mean,measurement,HepG2_landmarks_only,7.0
FGFR4,mean,measurement,HepG2_landmarks_only,9.0
FLT1,mean,measurement,HepG2_landmarks_only,4.0
FLT3,mean,measurement,HepG2_landmarks_only,13.5
FLT4,mean,measurement,HepG2_landmarks_only,3.0
JAK1,mean,measurement,HepG2_landmarks_only,10.5
KDR,mean,measurement,HepG2_landmarks_only,5.0
LRRK2,mean,measurement,HepG2_landmarks_only,10.5
LYN,mean,measurement,HepG2_landmarks_only,6.0
MET,mean,measurement,HepG2_landmarks_only,17.0
PDGFRA,mean,measurement,HepG2_landmarks_only,1.0
TYK2,mean,measurement,HepG2_landmarks_only,13.5
ABL1,geometric,measurement,HepG2_landmarks_only,3.0
AXL,geometric,measurement,HepG2_landmarks_only,15.0
CDK4,geometric,measurement,HepG2_landmarks_only,7.0
FGFR1,geometric,measurement,HepG2_landmarks_only,16.0
FGFR2,geometric,measurement,HepG2_landmarks_only,1.0
FGFR3,geometric,measurement,HepG2_landmarks_only,9.0
FGFR4,geometric,measurement,HepG2_landmarks_only,8.0
FLT1,geometric,measurement,HepG2_landmarks_only,6.0
FLT3,geometric,measurement,HepG2_landmarks_only,14.0
FLT4,geometric,measurement,HepG2_landmarks_only,5.0
JAK1,geometric,measurement,HepG2_landmarks_only,11.0
KDR,geometric,measurement,HepG2_landmarks_only,10.0
LRRK2,geometric,measurement,HepG2_landmarks_only,12.0
LYN,geometric,measurement,HepG2_landmarks_only,2.0
MET,geometric,measurement,HepG2_landmarks_only,17.0
PDGFRA,geometric,measurement,HepG2_landmarks_only,4.0
TYK2,geometric,measurement,HepG2_landmarks_only,13.0
ABL1,maximin,measurement,HepG2_landmarks_only,2.0
AXL,maximin,measurement,HepG2_landmarks_only,11.5
CDK4,maximin,measurement,HepG2_landmarks_only,4.0
FGFR1,maximin,measurement,HepG2_landmarks_only,11.5
FGFR2,maximin,measurement,HepG2_landmarks_only,1.0
FGFR3,maximin,measurement,HepG2_landmarks_only,11.5
FGFR4,maximin,measurement,HepG2_landmarks_only,5.0
FLT1,maximin,measurement,HepG2_landmarks_only,11.5
FLT3,maximin,measurement,HepG2_landmarks_only,11.5
FLT4,maximin,measurement,HepG2_landmarks_only,11.5
JAK1,maximin,measurement,HepG2_landmarks_only,11.5
KDR,maximin,measurement,HepG2_landmarks_only,11.5
LRRK2,maximin,measurement,HepG2_landmarks_only,11.5
LYN,maximin,measurement,HepG2_landmarks_only,3.0
MET,maximin,measurement,HepG2_landmarks_only,11.5
PDGFRA,maximin,measurement,HepG2_landmarks_only,11.5
TYK2,maximin,measurement,HepG2_landmarks_only,11.5
ABL1,RRA,measurement,HepG2_landmarks_only,8.0
AXL,RRA,measurement,HepG2_landmarks_only,16.0
CDK4,RRA,measurement,HepG2_landmarks_only,5.0
FGFR1,RRA,measurement,HepG2_landmarks_only,15.0
FGFR2,RRA,measurement,HepG2_landmarks_only,6.0
FGFR3,RRA,measurement,HepG2_landmarks_only,11.0
FGFR4,RRA,measurement,HepG2_landmarks_only,13.0
FLT1,RRA,measurement,HepG2_landmarks_only,7.0
FLT3,RRA,measurement,HepG2_landmarks_only,9.0
FLT4,RRA,measurement,HepG2_landmarks_only,3.0
JAK1,RRA,measurement,HepG2_landmarks_only,14.0
KDR,RRA,measurement,HepG2_landmarks_only,1.0
LRRK2,RRA,measurement,HepG2_landmarks_only,4.0
LYN,RRA,measurement,HepG2_landmarks_only,10.0
MET,RRA,measurement,HepG2_landmarks_only,17.0
PDGFRA,RRA,measurement,HepG2_landmarks_only,2.0
TYK2,RRA,measurement,HepG2_landmarks_only,12.0
