target,detection_weighted_network_z,n_available_compartments,maximum_detection_fraction,sum_compartment_detection,specification,weight_profile
ABL1,-0.2893180474218555,3,0.0707541445148114,0.1675912167742252,absolute_k10_r0.3,confirmatory_DO_vs_HV
AXL,-0.9708040035869386,3,0.2616738214506223,0.272114912945247,absolute_k10_r0.3,confirmatory_DO_vs_HV
CDK4,-0.492597235971854,3,0.1331932845130286,0.31412371767841457,absolute_k10_r0.3,confirmatory_DO_vs_HV
FGFR1,-1.1650506712151316,3,0.2220832025848527,0.2390878263633168,absolute_k10_r0.3,confirmatory_DO_vs_HV
FGFR2,-0.2610325145965132,2,0.0368410344793124,0.0399802161332969,absolute_k10_r0.3,confirmatory_DO_vs_HV
FGFR3,-0.28897768465150697,3,0.1307017986721793,0.1875979783960152,absolute_k10_r0.3,confirmatory_DO_vs_HV
FGFR4,-0.5481596095905994,3,0.1173547261588983,0.1333677296886207,absolute_k10_r0.3,confirmatory_DO_vs_HV
FLT1,2.6106993476717357,3,0.5224055110178328,0.5829631545703581,absolute_k10_r0.3,confirmatory_DO_vs_HV
FLT3,-0.6846053149464874,3,0.0737652027697184,0.07645157241594776,absolute_k10_r0.3,confirmatory_DO_vs_HV
FLT4,2.249782597643014,3,0.1622116607290365,0.1744779217943729,absolute_k10_r0.3,confirmatory_DO_vs_HV
JAK1,0.32272802642116694,3,0.4176041667255624,0.9704904043901976,absolute_k10_r0.3,confirmatory_DO_vs_HV
KDR,-1.0675176152262358,3,0.3186318252827135,0.3624427084261987,absolute_k10_r0.3,confirmatory_DO_vs_HV
LRRK2,1.9413999963979012,3,0.1357242845915267,0.207422799820841,absolute_k10_r0.3,confirmatory_DO_vs_HV
LYN,-0.6217941519614494,3,0.3584021152629523,0.4761732498718506,absolute_k10_r0.3,confirmatory_DO_vs_HV
MET,-0.13784614864671518,3,0.1107100774743403,0.12679757695112578,absolute_k10_r0.3,confirmatory_DO_vs_HV
PDGFRA,1.6139197011450674,3,0.0363187056173693,0.0410481469245975,absolute_k10_r0.3,confirmatory_DO_vs_HV
TYK2,-0.20292285174267136,3,0.0863856785754188,0.2118461195341978,absolute_k10_r0.3,confirmatory_DO_vs_HV
ABL1,-0.3401487349871522,3,0.0707541445148114,0.1675912167742252,absolute_k10_r0.3,confirmatory_DO_vs_NDO
AXL,-0.7266848660584372,3,0.2616738214506223,0.272114912945247,absolute_k10_r0.3,confirmatory_DO_vs_NDO
CDK4,-0.4550329023335668,3,0.1331932845130286,0.31412371767841457,absolute_k10_r0.3,confirmatory_DO_vs_NDO
FGFR1,-0.907321012244693,3,0.2220832025848527,0.2390878263633168,absolute_k10_r0.3,confirmatory_DO_vs_NDO
FGFR2,-0.2605479963291065,2,0.0368410344793124,0.0399802161332969,absolute_k10_r0.3,confirmatory_DO_vs_NDO
FGFR3,-0.3484084170767453,3,0.1307017986721793,0.1875979783960152,absolute_k10_r0.3,confirmatory_DO_vs_NDO
FGFR4,-0.5284559649685715,3,0.1173547261588983,0.1333677296886207,absolute_k10_r0.3,confirmatory_DO_vs_NDO
FLT1,0.237099290556367,3,0.5224055110178328,0.5829631545703581,absolute_k10_r0.3,confirmatory_DO_vs_NDO
FLT3,-0.6559709986543819,3,0.0737652027697184,0.07645157241594776,absolute_k10_r0.3,confirmatory_DO_vs_NDO
FLT4,1.6559987947582788,3,0.1622116607290365,0.1744779217943729,absolute_k10_r0.3,confirmatory_DO_vs_NDO
JAK1,-0.4613778604947382,3,0.4176041667255624,0.9704904043901976,absolute_k10_r0.3,confirmatory_DO_vs_NDO
KDR,-1.316263948325426,3,0.3186318252827135,0.3624427084261987,absolute_k10_r0.3,confirmatory_DO_vs_NDO
LRRK2,1.4517264711021705,3,0.1357242845915267,0.207422799820841,absolute_k10_r0.3,confirmatory_DO_vs_NDO
LYN,-0.6241420355631087,3,0.3584021152629523,0.4761732498718506,absolute_k10_r0.3,confirmatory_DO_vs_NDO
MET,-0.08132276994048852,3,0.1107100774743403,0.12679757695112578,absolute_k10_r0.3,confirmatory_DO_vs_NDO
PDGFRA,-0.16710323921245854,3,0.0363187056173693,0.0410481469245975,absolute_k10_r0.3,confirmatory_DO_vs_NDO
TYK2,0.24673721337055463,3,0.0863856785754188,0.2118461195341978,absolute_k10_r0.3,confirmatory_DO_vs_NDO
ABL1,-0.2800950334417014,3,0.0707541445148114,0.1675912167742252,absolute_k10_r0.3,discovery_DO_vs_HV
AXL,-0.918345980173532,3,0.2616738214506223,0.272114912945247,absolute_k10_r0.3,discovery_DO_vs_HV
CDK4,-0.5278278741196053,3,0.1331932845130286,0.31412371767841457,absolute_k10_r0.3,discovery_DO_vs_HV
FGFR1,-1.1475848236391344,3,0.2220832025848527,0.2390878263633168,absolute_k10_r0.3,discovery_DO_vs_HV
FGFR2,-0.31000908123532805,2,0.0368410344793124,0.0399802161332969,absolute_k10_r0.3,discovery_DO_vs_HV
FGFR3,-0.49336448338729055,3,0.1307017986721793,0.1875979783960152,absolute_k10_r0.3,discovery_DO_vs_HV
FGFR4,-0.715076237359291,3,0.1173547261588983,0.1333677296886207,absolute_k10_r0.3,discovery_DO_vs_HV
FLT1,1.7573872597556939,3,0.5224055110178328,0.5829631545703581,absolute_k10_r0.3,discovery_DO_vs_HV
FLT3,-0.695479233425705,3,0.0737652027697184,0.07645157241594776,absolute_k10_r0.3,discovery_DO_vs_HV
FLT4,1.0429507851744906,3,0.1622116607290365,0.1744779217943729,absolute_k10_r0.3,discovery_DO_vs_HV
JAK1,0.395429011543142,3,0.4176041667255624,0.9704904043901976,absolute_k10_r0.3,discovery_DO_vs_HV
KDR,-1.0468216815149705,3,0.3186318252827135,0.3624427084261987,absolute_k10_r0.3,discovery_DO_vs_HV
LRRK2,2.3098874445833326,3,0.1357242845915267,0.207422799820841,absolute_k10_r0.3,discovery_DO_vs_HV
LYN,-0.6540307641921327,3,0.3584021152629523,0.4761732498718506,absolute_k10_r0.3,discovery_DO_vs_HV
MET,-0.32870408209867313,3,0.1107100774743403,0.12679757695112578,absolute_k10_r0.3,discovery_DO_vs_HV
PDGFRA,1.9068588087936476,3,0.0363187056173693,0.0410481469245975,absolute_k10_r0.3,discovery_DO_vs_HV
TYK2,-0.46763222224546025,3,0.0863856785754188,0.2118461195341978,absolute_k10_r0.3,discovery_DO_vs_HV
ABL1,-0.46174672810517325,3,0.0707541445148114,0.1675912167742252,absolute_k10_r0.3,discovery_DO_vs_NDO
AXL,-0.894019553786796,3,0.2616738214506223,0.272114912945247,absolute_k10_r0.3,discovery_DO_vs_NDO
CDK4,-0.5262738784689527,3,0.1331932845130286,0.31412371767841457,absolute_k10_r0.3,discovery_DO_vs_NDO
FGFR1,-1.156432680960177,3,0.2220832025848527,0.2390878263633168,absolute_k10_r0.3,discovery_DO_vs_NDO
FGFR2,-0.2415680985183235,2,0.0368410344793124,0.0399802161332969,absolute_k10_r0.3,discovery_DO_vs_NDO
FGFR3,-0.3680107887428572,3,0.1307017986721793,0.1875979783960152,absolute_k10_r0.3,discovery_DO_vs_NDO
FGFR4,-0.7195340430696642,3,0.1173547261588983,0.1333677296886207,absolute_k10_r0.3,discovery_DO_vs_NDO
FLT1,1.6585666436768998,3,0.5224055110178328,0.5829631545703581,absolute_k10_r0.3,discovery_DO_vs_NDO
FLT3,-0.7206044946694686,3,0.0737652027697184,0.07645157241594776,absolute_k10_r0.3,discovery_DO_vs_NDO
FLT4,1.583501257580498,3,0.1622116607290365,0.1744779217943729,absolute_k10_r0.3,discovery_DO_vs_NDO
JAK1,0.0229210250466952,3,0.4176041667255624,0.9704904043901976,absolute_k10_r0.3,discovery_DO_vs_NDO
KDR,-1.2532339852846812,3,0.3186318252827135,0.3624427084261987,absolute_k10_r0.3,discovery_DO_vs_NDO
LRRK2,0.9631125335109263,3,0.1357242845915267,0.207422799820841,absolute_k10_r0.3,discovery_DO_vs_NDO
LYN,-0.6707691714197814,3,0.3584021152629523,0.4761732498718506,absolute_k10_r0.3,discovery_DO_vs_NDO
MET,-0.21908982339871053,3,0.1107100774743403,0.12679757695112578,absolute_k10_r0.3,discovery_DO_vs_NDO
PDGFRA,0.9106485295178975,3,0.0363187056173693,0.0410481469245975,absolute_k10_r0.3,discovery_DO_vs_NDO
TYK2,-0.16826909045672822,3,0.0863856785754188,0.2118461195341978,absolute_k10_r0.3,discovery_DO_vs_NDO
ABL1,-0.29103134593596713,3,0.0707541445148114,0.1675912167742252,absolute_k10_r0.5,confirmatory_DO_vs_HV
AXL,-0.8681428104966894,3,0.2616738214506223,0.272114912945247,absolute_k10_r0.5,confirmatory_DO_vs_HV
CDK4,-0.48337175273504046,3,0.1331932845130286,0.31412371767841457,absolute_k10_r0.5,confirmatory_DO_vs_HV
FGFR1,-1.1021624685419782,3,0.2220832025848527,0.2390878263633168,absolute_k10_r0.5,confirmatory_DO_vs_HV
FGFR2,-0.2681599518687394,2,0.0368410344793124,0.0399802161332969,absolute_k10_r0.5,confirmatory_DO_vs_HV
FGFR3,-0.2981037747869945,3,0.1307017986721793,0.1875979783960152,absolute_k10_r0.5,confirmatory_DO_vs_HV
FGFR4,-0.4805432259180251,3,0.1173547261588983,0.1333677296886207,absolute_k10_r0.5,confirmatory_DO_vs_HV
FLT1,2.8458858277310033,3,0.5224055110178328,0.5829631545703581,absolute_k10_r0.5,confirmatory_DO_vs_HV
FLT3,-0.6116338397792642,3,0.0737652027697184,0.07645157241594776,absolute_k10_r0.5,confirmatory_DO_vs_HV
FLT4,2.2766461243907483,3,0.1622116607290365,0.1744779217943729,absolute_k10_r0.5,confirmatory_DO_vs_HV
JAK1,0.48077904847024405,3,0.4176041667255624,0.9704904043901976,absolute_k10_r0.5,confirmatory_DO_vs_HV
KDR,-0.7798522607275864,3,0.3186318252827135,0.3624427084261987,absolute_k10_r0.5,confirmatory_DO_vs_HV
LRRK2,3.1580010160168452,3,0.1357242845915267,0.207422799820841,absolute_k10_r0.5,confirmatory_DO_vs_HV
LYN,-0.5937384937646077,3,0.3584021152629523,0.4761732498718506,absolute_k10_r0.5,confirmatory_DO_vs_HV
MET,-0.14813502708556972,3,0.1107100774743403,0.12679757695112578,absolute_k10_r0.5,confirmatory_DO_vs_HV
PDGFRA,1.7116347667337817,3,0.0363187056173693,0.0410481469245975,absolute_k10_r0.5,confirmatory_DO_vs_HV
TYK2,-0.16331063112732194,3,0.0863856785754188,0.2118461195341978,absolute_k10_r0.5,confirmatory_DO_vs_HV
ABL1,-0.3448704113394181,3,0.0707541445148114,0.1675912167742252,absolute_k10_r0.5,confirmatory_DO_vs_NDO
AXL,-0.6778788096707028,3,0.2616738214506223,0.272114912945247,absolute_k10_r0.5,confirmatory_DO_vs_NDO
CDK4,-0.4376369029246404,3,0.1331932845130286,0.31412371767841457,absolute_k10_r0.5,confirmatory_DO_vs_NDO
FGFR1,-0.8686973926938265,3,0.2220832025848527,0.2390878263633168,absolute_k10_r0.5,confirmatory_DO_vs_NDO
FGFR2,-0.23750030168915515,2,0.0368410344793124,0.0399802161332969,absolute_k10_r0.5,confirmatory_DO_vs_NDO
FGFR3,-0.3104792459405925,3,0.1307017986721793,0.1875979783960152,absolute_k10_r0.5,confirmatory_DO_vs_NDO
FGFR4,-0.4438281056729465,3,0.1173547261588983,0.1333677296886207,absolute_k10_r0.5,confirmatory_DO_vs_NDO
FLT1,0.3471365896895331,3,0.5224055110178328,0.5829631545703581,absolute_k10_r0.5,confirmatory_DO_vs_NDO
FLT3,-0.5809291632518876,3,0.0737652027697184,0.07645157241594776,absolute_k10_r0.5,confirmatory_DO_vs_NDO
FLT4,1.6829887753630188,3,0.1622116607290365,0.1744779217943729,absolute_k10_r0.5,confirmatory_DO_vs_NDO
JAK1,-0.31975571966390437,3,0.4176041667255624,0.9704904043901976,absolute_k10_r0.5,confirmatory_DO_vs_NDO
KDR,-0.975757954841437,3,0.3186318252827135,0.3624427084261987,absolute_k10_r0.5,confirmatory_DO_vs_NDO
LRRK2,2.2775189408950562,3,0.1357242845915267,0.207422799820841,absolute_k10_r0.5,confirmatory_DO_vs_NDO
LYN,-0.584764267953297,3,0.3584021152629523,0.4761732498718506,absolute_k10_r0.5,confirmatory_DO_vs_NDO
MET,-0.08486390189106208,3,0.1107100774743403,0.12679757695112578,absolute_k10_r0.5,confirmatory_DO_vs_NDO
PDGFRA,-0.11492217712311521,3,0.0363187056173693,0.0410481469245975,absolute_k10_r0.5,confirmatory_DO_vs_NDO
TYK2,0.2849985034235587,3,0.0863856785754188,0.2118461195341978,absolute_k10_r0.5,confirmatory_DO_vs_NDO
ABL1,-0.2906684511502548,3,0.0707541445148114,0.1675912167742252,absolute_k10_r0.5,discovery_DO_vs_HV
AXL,-0.8523234655115507,3,0.2616738214506223,0.272114912945247,absolute_k10_r0.5,discovery_DO_vs_HV
CDK4,-0.5133864176979598,3,0.1331932845130286,0.31412371767841457,absolute_k10_r0.5,discovery_DO_vs_HV
FGFR1,-1.1003467146136579,3,0.2220832025848527,0.2390878263633168,absolute_k10_r0.5,discovery_DO_vs_HV
FGFR2,-0.29055155270590594,2,0.0368410344793124,0.0399802161332969,absolute_k10_r0.5,discovery_DO_vs_HV
FGFR3,-0.4823420718657568,3,0.1307017986721793,0.1875979783960152,absolute_k10_r0.5,discovery_DO_vs_HV
FGFR4,-0.586126728001593,3,0.1173547261588983,0.1333677296886207,absolute_k10_r0.5,discovery_DO_vs_HV
FLT1,1.977292535755892,3,0.5224055110178328,0.5829631545703581,absolute_k10_r0.5,discovery_DO_vs_HV
FLT3,-0.623623832660204,3,0.0737652027697184,0.07645157241594776,absolute_k10_r0.5,discovery_DO_vs_HV
FLT4,1.0896660280500665,3,0.1622116607290365,0.1744779217943729,absolute_k10_r0.5,discovery_DO_vs_HV
JAK1,0.5516443776215075,3,0.4176041667255624,0.9704904043901976,absolute_k10_r0.5,discovery_DO_vs_HV
KDR,-0.7492709811886957,3,0.3186318252827135,0.3624427084261987,absolute_k10_r0.5,discovery_DO_vs_HV
LRRK2,3.6216077214269413,3,0.1357242845915267,0.207422799820841,absolute_k10_r0.5,discovery_DO_vs_HV
LYN,-0.6283172288944809,3,0.3584021152629523,0.4761732498718506,absolute_k10_r0.5,discovery_DO_vs_HV
MET,-0.3142514464813622,3,0.1107100774743403,0.12679757695112578,absolute_k10_r0.5,discovery_DO_vs_HV
PDGFRA,1.9988780625588205,3,0.0363187056173693,0.0410481469245975,absolute_k10_r0.5,discovery_DO_vs_HV
TYK2,-0.4218212512357917,3,0.0863856785754188,0.2118461195341978,absolute_k10_r0.5,discovery_DO_vs_HV
ABL1,-0.47502529786470926,3,0.0707541445148114,0.1675912167742252,absolute_k10_r0.5,discovery_DO_vs_NDO
AXL,-0.8344355277989824,3,0.2616738214506223,0.272114912945247,absolute_k10_r0.5,discovery_DO_vs_NDO
CDK4,-0.5114274180205542,3,0.1331932845130286,0.31412371767841457,absolute_k10_r0.5,discovery_DO_vs_NDO
FGFR1,-1.0973330149570932,3,0.2220832025848527,0.2390878263633168,absolute_k10_r0.5,discovery_DO_vs_NDO
FGFR2,-0.2450924175810279,2,0.0368410344793124,0.0399802161332969,absolute_k10_r0.5,discovery_DO_vs_NDO
FGFR3,-0.36643852157850965,3,0.1307017986721793,0.1875979783960152,absolute_k10_r0.5,discovery_DO_vs_NDO
FGFR4,-0.5872129840890651,3,0.1173547261588983,0.1333677296886207,absolute_k10_r0.5,discovery_DO_vs_NDO
FLT1,1.8690704700773497,3,0.5224055110178328,0.5829631545703581,absolute_k10_r0.5,discovery_DO_vs_NDO
FLT3,-0.6421903414758515,3,0.0737652027697184,0.07645157241594776,absolute_k10_r0.5,discovery_DO_vs_NDO
FLT4,1.6276976826945508,3,0.1622116607290365,0.1744779217943729,absolute_k10_r0.5,discovery_DO_vs_NDO
JAK1,0.1784350293817198,3,0.4176041667255624,0.9704904043901976,absolute_k10_r0.5,discovery_DO_vs_NDO
KDR,-0.9135590339542888,3,0.3186318252827135,0.3624427084261987,absolute_k10_r0.5,discovery_DO_vs_NDO
LRRK2,1.6479980608490128,3,0.1357242845915267,0.207422799820841,absolute_k10_r0.5,discovery_DO_vs_NDO
LYN,-0.6385175119336618,3,0.3584021152629523,0.4761732498718506,absolute_k10_r0.5,discovery_DO_vs_NDO
MET,-0.21944005740779474,3,0.1107100774743403,0.12679757695112578,absolute_k10_r0.5,discovery_DO_vs_NDO
PDGFRA,0.9869604632949154,3,0.0363187056173693,0.0410481469245975,absolute_k10_r0.5,discovery_DO_vs_NDO
TYK2,-0.1285893494787335,3,0.0863856785754188,0.2118461195341978,absolute_k10_r0.5,discovery_DO_vs_NDO
ABL1,-0.28982674133537994,3,0.0707541445148114,0.1675912167742252,absolute_k10_r0.7,confirmatory_DO_vs_HV
AXL,-0.7999765028119482,3,0.2616738214506223,0.272114912945247,absolute_k10_r0.7,confirmatory_DO_vs_HV
CDK4,-0.46625164075688674,3,0.1331932845130286,0.31412371767841457,absolute_k10_r0.7,confirmatory_DO_vs_HV
FGFR1,-1.061614208515584,3,0.2220832025848527,0.2390878263633168,absolute_k10_r0.7,confirmatory_DO_vs_HV
FGFR2,-0.2456665873662866,2,0.0368410344793124,0.0399802161332969,absolute_k10_r0.7,confirmatory_DO_vs_HV
FGFR3,-0.28123230675778443,3,0.1307017986721793,0.1875979783960152,absolute_k10_r0.7,confirmatory_DO_vs_HV
FGFR4,-0.44204440386866445,3,0.1173547261588983,0.1333677296886207,absolute_k10_r0.7,confirmatory_DO_vs_HV
FLT1,2.978267726741577,3,0.5224055110178328,0.5829631545703581,absolute_k10_r0.7,confirmatory_DO_vs_HV
FLT3,-0.5619477139967352,3,0.0737652027697184,0.07645157241594776,absolute_k10_r0.7,confirmatory_DO_vs_HV
FLT4,2.2842949805389727,3,0.1622116607290365,0.1744779217943729,absolute_k10_r0.7,confirmatory_DO_vs_HV
JAK1,0.5604244876369731,3,0.4176041667255624,0.9704904043901976,absolute_k10_r0.7,confirmatory_DO_vs_HV
KDR,-0.6029041530439286,3,0.3186318252827135,0.3624427084261987,absolute_k10_r0.7,confirmatory_DO_vs_HV
LRRK2,5.820096932926831,3,0.1357242845915267,0.207422799820841,absolute_k10_r0.7,confirmatory_DO_vs_HV
LYN,-0.5799998344789633,3,0.3584021152629523,0.4761732498718506,absolute_k10_r0.7,confirmatory_DO_vs_HV
MET,-0.1563548072575723,3,0.1107100774743403,0.12679757695112578,absolute_k10_r0.7,confirmatory_DO_vs_HV
PDGFRA,1.7911550362505984,3,0.0363187056173693,0.0410481469245975,absolute_k10_r0.7,confirmatory_DO_vs_HV
TYK2,-0.14014888695975872,3,0.0863856785754188,0.2118461195341978,absolute_k10_r0.7,confirmatory_DO_vs_HV
ABL1,-0.34705079421443347,3,0.0707541445148114,0.1675912167742252,absolute_k10_r0.7,confirmatory_DO_vs_NDO
AXL,-0.6328595226532727,3,0.2616738214506223,0.272114912945247,absolute_k10_r0.7,confirmatory_DO_vs_NDO
CDK4,-0.41852648710698764,3,0.1331932845130286,0.31412371767841457,absolute_k10_r0.7,confirmatory_DO_vs_NDO
FGFR1,-0.8477422281713977,3,0.2220832025848527,0.2390878263633168,absolute_k10_r0.7,confirmatory_DO_vs_NDO
FGFR2,-0.20257351023302103,2,0.0368410344793124,0.0399802161332969,absolute_k10_r0.7,confirmatory_DO_vs_NDO
FGFR3,-0.27319571071040777,3,0.1307017986721793,0.1875979783960152,absolute_k10_r0.7,confirmatory_DO_vs_NDO
FGFR4,-0.395114208074447,3,0.1173547261588983,0.1333677296886207,absolute_k10_r0.7,confirmatory_DO_vs_NDO
FLT1,0.40494113592094894,3,0.5224055110178328,0.5829631545703581,absolute_k10_r0.7,confirmatory_DO_vs_NDO
FLT3,-0.5263042464835352,3,0.0737652027697184,0.07645157241594776,absolute_k10_r0.7,confirmatory_DO_vs_NDO
FLT4,1.6936522279817536,3,0.1622116607290365,0.1744779217943729,absolute_k10_r0.7,confirmatory_DO_vs_NDO
JAK1,-0.23176014358176444,3,0.4176041667255624,0.9704904043901976,absolute_k10_r0.7,confirmatory_DO_vs_NDO
KDR,-0.7023605258217336,3,0.3186318252827135,0.3624427084261987,absolute_k10_r0.7,confirmatory_DO_vs_NDO
LRRK2,4.114756357287002,3,0.1357242845915267,0.207422799820841,absolute_k10_r0.7,confirmatory_DO_vs_NDO
LYN,-0.5522516129088405,3,0.3584021152629523,0.4761732498718506,absolute_k10_r0.7,confirmatory_DO_vs_NDO
MET,-0.09003037427290904,3,0.1107100774743403,0.12679757695112578,absolute_k10_r0.7,confirmatory_DO_vs_NDO
PDGFRA,-0.07295226184136047,3,0.0363187056173693,0.0410481469245975,absolute_k10_r0.7,confirmatory_DO_vs_NDO
TYK2,0.30249757261200133,3,0.0863856785754188,0.2118461195341978,absolute_k10_r0.7,confirmatory_DO_vs_NDO
ABL1,-0.29720922109306186,3,0.0707541445148114,0.1675912167742252,absolute_k10_r0.7,discovery_DO_vs_HV
AXL,-0.8039081402887128,3,0.2616738214506223,0.272114912945247,absolute_k10_r0.7,discovery_DO_vs_HV
CDK4,-0.49472810694902786,3,0.1331932845130286,0.31412371767841457,absolute_k10_r0.7,discovery_DO_vs_HV
FGFR1,-1.0740767144170082,3,0.2220832025848527,0.2390878263633168,absolute_k10_r0.7,discovery_DO_vs_HV
FGFR2,-0.2572351039622856,2,0.0368410344793124,0.0399802161332969,absolute_k10_r0.7,discovery_DO_vs_HV
FGFR3,-0.41625054062377126,3,0.1307017986721793,0.1875979783960152,absolute_k10_r0.7,discovery_DO_vs_HV
FGFR4,-0.5032539044712808,3,0.1173547261588983,0.1333677296886207,absolute_k10_r0.7,discovery_DO_vs_HV
FLT1,2.101420641948488,3,0.5224055110178328,0.5829631545703581,absolute_k10_r0.7,discovery_DO_vs_HV
FLT3,-0.5736048449963174,3,0.0737652027697184,0.07645157241594776,absolute_k10_r0.7,discovery_DO_vs_HV
FLT4,1.1173780022052846,3,0.1622116607290365,0.1744779217943729,absolute_k10_r0.7,discovery_DO_vs_HV
JAK1,0.6331421860424998,3,0.4176041667255624,0.9704904043901976,absolute_k10_r0.7,discovery_DO_vs_HV
KDR,-0.5752052376960174,3,0.3186318252827135,0.3624427084261987,absolute_k10_r0.7,discovery_DO_vs_HV
LRRK2,6.510438338737947,3,0.1357242845915267,0.207422799820841,absolute_k10_r0.7,discovery_DO_vs_HV
LYN,-0.6120783711343041,3,0.3584021152629523,0.4761732498718506,absolute_k10_r0.7,discovery_DO_vs_HV
MET,-0.3050676010887158,3,0.1107100774743403,0.12679757695112578,absolute_k10_r0.7,discovery_DO_vs_HV
PDGFRA,2.0711308456334585,3,0.0363187056173693,0.0410481469245975,absolute_k10_r0.7,discovery_DO_vs_HV
TYK2,-0.39461818652381675,3,0.0863856785754188,0.2118461195341978,absolute_k10_r0.7,discovery_DO_vs_HV
ABL1,-0.4817163443848678,3,0.0707541445148114,0.1675912167742252,absolute_k10_r0.7,discovery_DO_vs_NDO
AXL,-0.7863688684512532,3,0.2616738214506223,0.272114912945247,absolute_k10_r0.7,discovery_DO_vs_NDO
CDK4,-0.49172616901172767,3,0.1331932845130286,0.31412371767841457,absolute_k10_r0.7,discovery_DO_vs_NDO
FGFR1,-1.0635562012027733,3,0.2220832025848527,0.2390878263633168,absolute_k10_r0.7,discovery_DO_vs_NDO
FGFR2,-0.21799222421168238,2,0.0368410344793124,0.0399802161332969,absolute_k10_r0.7,discovery_DO_vs_NDO
FGFR3,-0.32840761182490297,3,0.1307017986721793,0.1875979783960152,absolute_k10_r0.7,discovery_DO_vs_NDO
FGFR4,-0.5025925697661231,3,0.1173547261588983,0.1333677296886207,absolute_k10_r0.7,discovery_DO_vs_NDO
FLT1,1.98567571890563,3,0.5224055110178328,0.5829631545703581,absolute_k10_r0.7,discovery_DO_vs_NDO
FLT3,-0.5864877026860795,3,0.0737652027697184,0.07645157241594776,absolute_k10_r0.7,discovery_DO_vs_NDO
FLT4,1.6503844773018161,3,0.1622116607290365,0.1744779217943729,absolute_k10_r0.7,discovery_DO_vs_NDO
JAK1,0.2632623528642271,3,0.4176041667255624,0.9704904043901976,absolute_k10_r0.7,discovery_DO_vs_NDO
KDR,-0.6763261348631702,3,0.3186318252827135,0.3624427084261987,absolute_k10_r0.7,discovery_DO_vs_NDO
LRRK2,3.1267287150169896,3,0.1357242845915267,0.207422799820841,absolute_k10_r0.7,discovery_DO_vs_NDO
LYN,-0.6157688204611137,3,0.3584021152629523,0.4761732498718506,absolute_k10_r0.7,discovery_DO_vs_NDO
MET,-0.21944721069168618,3,0.1107100774743403,0.12679757695112578,absolute_k10_r0.7,discovery_DO_vs_NDO
PDGFRA,1.0487075722092176,3,0.0363187056173693,0.0410481469245975,absolute_k10_r0.7,discovery_DO_vs_NDO
TYK2,-0.10777188042542096,3,0.0863856785754188,0.2118461195341978,absolute_k10_r0.7,discovery_DO_vs_NDO
ABL1,-0.39032097698086543,3,0.0707541445148114,0.1675912167742252,absolute_k20_r0.3,confirmatory_DO_vs_HV
AXL,-1.2690418996986526,3,0.2616738214506223,0.272114912945247,absolute_k20_r0.3,confirmatory_DO_vs_HV
CDK4,-0.516400893689341,3,0.1331932845130286,0.31412371767841457,absolute_k20_r0.3,confirmatory_DO_vs_HV
FGFR1,-1.1790001055915216,3,0.2220832025848527,0.2390878263633168,absolute_k20_r0.3,confirmatory_DO_vs_HV
FGFR2,-0.19562649184403788,2,0.0368410344793124,0.0399802161332969,absolute_k20_r0.3,confirmatory_DO_vs_HV
FGFR3,-0.3026470835567994,3,0.1307017986721793,0.1875979783960152,absolute_k20_r0.3,confirmatory_DO_vs_HV
FGFR4,-0.5878167612599049,3,0.1173547261588983,0.1333677296886207,absolute_k20_r0.3,confirmatory_DO_vs_HV
FLT1,0.2975024061103525,3,0.5224055110178328,0.5829631545703581,absolute_k20_r0.3,confirmatory_DO_vs_HV
FLT3,-0.7557490106502461,3,0.0737652027697184,0.07645157241594776,absolute_k20_r0.3,confirmatory_DO_vs_HV
FLT4,0.9111070554769057,3,0.1622116607290365,0.1744779217943729,absolute_k20_r0.3,confirmatory_DO_vs_HV
JAK1,0.8715112838239745,3,0.4176041667255624,0.9704904043901976,absolute_k20_r0.3,confirmatory_DO_vs_HV
KDR,-1.1442878496086728,3,0.3186318252827135,0.3624427084261987,absolute_k20_r0.3,confirmatory_DO_vs_HV
LRRK2,4.328699158025174,3,0.1357242845915267,0.207422799820841,absolute_k20_r0.3,confirmatory_DO_vs_HV
LYN,-0.3307002129401696,3,0.3584021152629523,0.4761732498718506,absolute_k20_r0.3,confirmatory_DO_vs_HV
MET,-0.19742743176017805,3,0.1107100774743403,0.12679757695112578,absolute_k20_r0.3,confirmatory_DO_vs_HV
PDGFRA,1.5506356808467152,3,0.0363187056173693,0.0410481469245975,absolute_k20_r0.3,confirmatory_DO_vs_HV
TYK2,-0.2862096153424728,3,0.0863856785754188,0.2118461195341978,absolute_k20_r0.3,confirmatory_DO_vs_HV
ABL1,-0.4075844184482088,3,0.0707541445148114,0.1675912167742252,absolute_k20_r0.3,confirmatory_DO_vs_NDO
AXL,-0.9533030471791829,3,0.2616738214506223,0.272114912945247,absolute_k20_r0.3,confirmatory_DO_vs_NDO
CDK4,-0.4725634581136076,3,0.1331932845130286,0.31412371767841457,absolute_k20_r0.3,confirmatory_DO_vs_NDO
FGFR1,-0.8358731396226402,3,0.2220832025848527,0.2390878263633168,absolute_k20_r0.3,confirmatory_DO_vs_NDO
FGFR2,-0.15448013537313396,2,0.0368410344793124,0.0399802161332969,absolute_k20_r0.3,confirmatory_DO_vs_NDO
FGFR3,-0.3638141230774842,3,0.1307017986721793,0.1875979783960152,absolute_k20_r0.3,confirmatory_DO_vs_NDO
FGFR4,-0.6323739689856175,3,0.1173547261588983,0.1333677296886207,absolute_k20_r0.3,confirmatory_DO_vs_NDO
FLT1,-0.6176741685472742,3,0.5224055110178328,0.5829631545703581,absolute_k20_r0.3,confirmatory_DO_vs_NDO
FLT3,-0.7200933602628743,3,0.0737652027697184,0.07645157241594776,absolute_k20_r0.3,confirmatory_DO_vs_NDO
FLT4,0.8276889165556186,3,0.1622116607290365,0.1744779217943729,absolute_k20_r0.3,confirmatory_DO_vs_NDO
JAK1,-0.16125109549551322,3,0.4176041667255624,0.9704904043901976,absolute_k20_r0.3,confirmatory_DO_vs_NDO
KDR,-1.2285114123091756,3,0.3186318252827135,0.3624427084261987,absolute_k20_r0.3,confirmatory_DO_vs_NDO
LRRK2,3.5211607146500477,3,0.1357242845915267,0.207422799820841,absolute_k20_r0.3,confirmatory_DO_vs_NDO
LYN,1.1187147914543714,3,0.3584021152629523,0.4761732498718506,absolute_k20_r0.3,confirmatory_DO_vs_NDO
MET,-0.14822299589409027,3,0.1107100774743403,0.12679757695112578,absolute_k20_r0.3,confirmatory_DO_vs_NDO
PDGFRA,-0.24244418560313158,3,0.0363187056173693,0.0410481469245975,absolute_k20_r0.3,confirmatory_DO_vs_NDO
TYK2,0.16078348874646645,3,0.0863856785754188,0.2118461195341978,absolute_k20_r0.3,confirmatory_DO_vs_NDO
ABL1,-0.3889278318059057,3,0.0707541445148114,0.1675912167742252,absolute_k20_r0.3,discovery_DO_vs_HV
AXL,-1.179740686526536,3,0.2616738214506223,0.272114912945247,absolute_k20_r0.3,discovery_DO_vs_HV
CDK4,-0.5552140995404533,3,0.1331932845130286,0.31412371767841457,absolute_k20_r0.3,discovery_DO_vs_HV
FGFR1,-1.18080793046701,3,0.2220832025848527,0.2390878263633168,absolute_k20_r0.3,discovery_DO_vs_HV
FGFR2,-0.22688682374156377,2,0.0368410344793124,0.0399802161332969,absolute_k20_r0.3,discovery_DO_vs_HV
FGFR3,-0.3710732669846766,3,0.1307017986721793,0.1875979783960152,absolute_k20_r0.3,discovery_DO_vs_HV
FGFR4,-0.7244455890948437,3,0.1173547261588983,0.1333677296886207,absolute_k20_r0.3,discovery_DO_vs_HV
FLT1,-0.10695832154503383,3,0.5224055110178328,0.5829631545703581,absolute_k20_r0.3,discovery_DO_vs_HV
FLT3,-0.7651058167334065,3,0.0737652027697184,0.07645157241594776,absolute_k20_r0.3,discovery_DO_vs_HV
FLT4,0.15760374495193846,3,0.1622116607290365,0.1744779217943729,absolute_k20_r0.3,discovery_DO_vs_HV
JAK1,0.8980244857099521,3,0.4176041667255624,0.9704904043901976,absolute_k20_r0.3,discovery_DO_vs_HV
KDR,-1.1943502803711297,3,0.3186318252827135,0.3624427084261987,absolute_k20_r0.3,discovery_DO_vs_HV
LRRK2,4.677012086487643,3,0.1357242845915267,0.207422799820841,absolute_k20_r0.3,discovery_DO_vs_HV
LYN,0.8705118818377502,3,0.3584021152629523,0.4761732498718506,absolute_k20_r0.3,discovery_DO_vs_HV
MET,-0.38297400857352176,3,0.1107100774743403,0.12679757695112578,absolute_k20_r0.3,discovery_DO_vs_HV
PDGFRA,1.8012088161051263,3,0.0363187056173693,0.0410481469245975,absolute_k20_r0.3,discovery_DO_vs_HV
TYK2,-0.5271850601471134,3,0.0863856785754188,0.2118461195341978,absolute_k20_r0.3,discovery_DO_vs_HV
ABL1,-0.5564699960655302,3,0.0707541445148114,0.1675912167742252,absolute_k20_r0.3,discovery_DO_vs_NDO
AXL,-1.161958493812053,3,0.2616738214506223,0.272114912945247,absolute_k20_r0.3,discovery_DO_vs_NDO
CDK4,-0.5448076042324379,3,0.1331932845130286,0.31412371767841457,absolute_k20_r0.3,discovery_DO_vs_NDO
FGFR1,-1.1347833320459997,3,0.2220832025848527,0.2390878263633168,absolute_k20_r0.3,discovery_DO_vs_NDO
FGFR2,-0.1612909609931694,2,0.0368410344793124,0.0399802161332969,absolute_k20_r0.3,discovery_DO_vs_NDO
FGFR3,-0.28115508960127367,3,0.1307017986721793,0.1875979783960152,absolute_k20_r0.3,discovery_DO_vs_NDO
FGFR4,-0.7434891567017752,3,0.1173547261588983,0.1333677296886207,absolute_k20_r0.3,discovery_DO_vs_NDO
FLT1,-0.08195374223929681,3,0.5224055110178328,0.5829631545703581,absolute_k20_r0.3,discovery_DO_vs_NDO
FLT3,-0.7965712184488601,3,0.0737652027697184,0.07645157241594776,absolute_k20_r0.3,discovery_DO_vs_NDO
FLT4,0.5880433300678438,3,0.1622116607290365,0.1744779217943729,absolute_k20_r0.3,discovery_DO_vs_NDO
JAK1,0.4014450155836265,3,0.4176041667255624,0.9704904043901976,absolute_k20_r0.3,discovery_DO_vs_NDO
KDR,-1.2816413111497424,3,0.3186318252827135,0.3624427084261987,absolute_k20_r0.3,discovery_DO_vs_NDO
LRRK2,3.5615392236159034,3,0.1357242845915267,0.207422799820841,absolute_k20_r0.3,discovery_DO_vs_NDO
LYN,0.8566705606060097,3,0.3584021152629523,0.4761732498718506,absolute_k20_r0.3,discovery_DO_vs_NDO
MET,-0.2875514318096772,3,0.1107100774743403,0.12679757695112578,absolute_k20_r0.3,discovery_DO_vs_NDO
PDGFRA,0.8014613317334773,3,0.0363187056173693,0.0410481469245975,absolute_k20_r0.3,discovery_DO_vs_NDO
TYK2,-0.24749076502517778,3,0.0863856785754188,0.2118461195341978,absolute_k20_r0.3,discovery_DO_vs_NDO
ABL1,-0.38900619898098315,3,0.0707541445148114,0.1675912167742252,absolute_k20_r0.5,confirmatory_DO_vs_HV
AXL,-1.0743504498183143,3,0.2616738214506223,0.272114912945247,absolute_k20_r0.5,confirmatory_DO_vs_HV
CDK4,-0.5148010498235114,3,0.1331932845130286,0.31412371767841457,absolute_k20_r0.5,confirmatory_DO_vs_HV
FGFR1,-1.1228428721916077,3,0.2220832025848527,0.2390878263633168,absolute_k20_r0.5,confirmatory_DO_vs_HV
FGFR2,-0.25529608418198313,2,0.0368410344793124,0.0399802161332969,absolute_k20_r0.5,confirmatory_DO_vs_HV
FGFR3,-0.34108270215491904,3,0.1307017986721793,0.1875979783960152,absolute_k20_r0.5,confirmatory_DO_vs_HV
FGFR4,-0.5559829277106799,3,0.1173547261588983,0.1333677296886207,absolute_k20_r0.5,confirmatory_DO_vs_HV
FLT1,0.4543117643216856,3,0.5224055110178328,0.5829631545703581,absolute_k20_r0.5,confirmatory_DO_vs_HV
FLT3,-0.6729281911540457,3,0.0737652027697184,0.07645157241594776,absolute_k20_r0.5,confirmatory_DO_vs_HV
FLT4,0.9387829581082625,3,0.1622116607290365,0.1744779217943729,absolute_k20_r0.5,confirmatory_DO_vs_HV
JAK1,1.1288840163317888,3,0.4176041667255624,0.9704904043901976,absolute_k20_r0.5,confirmatory_DO_vs_HV
KDR,-0.9071260850937517,3,0.3186318252827135,0.3624427084261987,absolute_k20_r0.5,confirmatory_DO_vs_HV
LRRK2,6.617669466931291,3,0.1357242845915267,0.207422799820841,absolute_k20_r0.5,confirmatory_DO_vs_HV
LYN,-0.26491876995342595,3,0.3584021152629523,0.4761732498718506,absolute_k20_r0.5,confirmatory_DO_vs_HV
MET,-0.2150398467960429,3,0.1107100774743403,0.12679757695112578,absolute_k20_r0.5,confirmatory_DO_vs_HV
PDGFRA,1.5807565935147572,3,0.0363187056173693,0.0410481469245975,absolute_k20_r0.5,confirmatory_DO_vs_HV
TYK2,-0.2429444351049716,3,0.0863856785754188,0.2118461195341978,absolute_k20_r0.5,confirmatory_DO_vs_HV
ABL1,-0.41074739233425467,3,0.0707541445148114,0.1675912167742252,absolute_k20_r0.5,confirmatory_DO_vs_NDO
AXL,-0.8405262982165733,3,0.2616738214506223,0.272114912945247,absolute_k20_r0.5,confirmatory_DO_vs_NDO
CDK4,-0.46392217846958317,3,0.1331932845130286,0.31412371767841457,absolute_k20_r0.5,confirmatory_DO_vs_NDO
FGFR1,-0.8303996990269232,3,0.2220832025848527,0.2390878263633168,absolute_k20_r0.5,confirmatory_DO_vs_NDO
FGFR2,-0.1668521167293201,2,0.0368410344793124,0.0399802161332969,absolute_k20_r0.5,confirmatory_DO_vs_NDO
FGFR3,-0.361253289194489,3,0.1307017986721793,0.1875979783960152,absolute_k20_r0.5,confirmatory_DO_vs_NDO
FGFR4,-0.5562992851227644,3,0.1173547261588983,0.1333677296886207,absolute_k20_r0.5,confirmatory_DO_vs_NDO
FLT1,-0.5228431198143907,3,0.5224055110178328,0.5829631545703581,absolute_k20_r0.5,confirmatory_DO_vs_NDO
FLT3,-0.6425574551350358,3,0.0737652027697184,0.07645157241594776,absolute_k20_r0.5,confirmatory_DO_vs_NDO
FLT4,0.8419969309172551,3,0.1622116607290365,0.1744779217943729,absolute_k20_r0.5,confirmatory_DO_vs_NDO
JAK1,0.04158332521747784,3,0.4176041667255624,0.9704904043901976,absolute_k20_r0.5,confirmatory_DO_vs_NDO
KDR,-0.9863488358646023,3,0.3186318252827135,0.3624427084261987,absolute_k20_r0.5,confirmatory_DO_vs_NDO
LRRK2,5.332536568027713,3,0.1357242845915267,0.207422799820841,absolute_k20_r0.5,confirmatory_DO_vs_NDO
LYN,1.2436580820560412,3,0.3584021152629523,0.4761732498718506,absolute_k20_r0.5,confirmatory_DO_vs_NDO
MET,-0.15232113263025493,3,0.1107100774743403,0.12679757695112578,absolute_k20_r0.5,confirmatory_DO_vs_NDO
PDGFRA,-0.218615004021808,3,0.0363187056173693,0.0410481469245975,absolute_k20_r0.5,confirmatory_DO_vs_NDO
TYK2,0.2014245035085833,3,0.0863856785754188,0.2118461195341978,absolute_k20_r0.5,confirmatory_DO_vs_NDO
ABL1,-0.3922454659574431,3,0.0707541445148114,0.1675912167742252,absolute_k20_r0.5,discovery_DO_vs_HV
AXL,-1.0258313849376328,3,0.2616738214506223,0.272114912945247,absolute_k20_r0.5,discovery_DO_vs_HV
CDK4,-0.5477331419620959,3,0.1331932845130286,0.31412371767841457,absolute_k20_r0.5,discovery_DO_vs_HV
FGFR1,-1.129555597623493,3,0.2220832025848527,0.2390878263633168,absolute_k20_r0.5,discovery_DO_vs_HV
FGFR2,-0.2686535632226741,2,0.0368410344793124,0.0399802161332969,absolute_k20_r0.5,discovery_DO_vs_HV
FGFR3,-0.3728287641263254,3,0.1307017986721793,0.1875979783960152,absolute_k20_r0.5,discovery_DO_vs_HV
FGFR4,-0.6504051800101344,3,0.1173547261588983,0.1333677296886207,absolute_k20_r0.5,discovery_DO_vs_HV
FLT1,0.0405263256243654,3,0.5224055110178328,0.5829631545703581,absolute_k20_r0.5,discovery_DO_vs_HV
FLT3,-0.68713028305608,3,0.0737652027697184,0.07645157241594776,absolute_k20_r0.5,discovery_DO_vs_HV
FLT4,0.1842188450219337,3,0.1622116607290365,0.1744779217943729,absolute_k20_r0.5,discovery_DO_vs_HV
JAK1,1.1648801817678722,3,0.4176041667255624,0.9704904043901976,absolute_k20_r0.5,discovery_DO_vs_HV
KDR,-0.930376770875626,3,0.3186318252827135,0.3624427084261987,absolute_k20_r0.5,discovery_DO_vs_HV
LRRK2,7.1428345880191895,3,0.1357242845915267,0.207422799820841,absolute_k20_r0.5,discovery_DO_vs_HV
LYN,0.9911600781430051,3,0.3584021152629523,0.4761732498718506,absolute_k20_r0.5,discovery_DO_vs_HV
MET,-0.3777291128094287,3,0.1107100774743403,0.12679757695112578,absolute_k20_r0.5,discovery_DO_vs_HV
PDGFRA,1.832098946883327,3,0.0363187056173693,0.0410481469245975,absolute_k20_r0.5,discovery_DO_vs_HV
TYK2,-0.4804368081051416,3,0.0863856785754188,0.2118461195341978,absolute_k20_r0.5,discovery_DO_vs_HV
ABL1,-0.5641196884723402,3,0.0707541445148114,0.1675912167742252,absolute_k20_r0.5,discovery_DO_vs_NDO
AXL,-1.0219975985543897,3,0.2616738214506223,0.272114912945247,absolute_k20_r0.5,discovery_DO_vs_NDO
CDK4,-0.5418126615328883,3,0.1331932845130286,0.31412371767841457,absolute_k20_r0.5,discovery_DO_vs_NDO
FGFR1,-1.091404514341561,3,0.2220832025848527,0.2390878263633168,absolute_k20_r0.5,discovery_DO_vs_NDO
FGFR2,-0.21163659126088535,2,0.0368410344793124,0.0399802161332969,absolute_k20_r0.5,discovery_DO_vs_NDO
FGFR3,-0.3313425882799785,3,0.1307017986721793,0.1875979783960152,absolute_k20_r0.5,discovery_DO_vs_NDO
FGFR4,-0.6517603771587904,3,0.1173547261588983,0.1333677296886207,absolute_k20_r0.5,discovery_DO_vs_NDO
FLT1,0.07801684089185949,3,0.5224055110178328,0.5829631545703581,absolute_k20_r0.5,discovery_DO_vs_NDO
FLT3,-0.7098262203647551,3,0.0737652027697184,0.07645157241594776,absolute_k20_r0.5,discovery_DO_vs_NDO
FLT4,0.6113829188031896,3,0.1622116607290365,0.1744779217943729,absolute_k20_r0.5,discovery_DO_vs_NDO
JAK1,0.6574331360769415,3,0.4176041667255624,0.9704904043901976,absolute_k20_r0.5,discovery_DO_vs_NDO
KDR,-1.001285687833404,3,0.3186318252827135,0.3624427084261987,absolute_k20_r0.5,discovery_DO_vs_NDO
LRRK2,5.506552883364882,3,0.1357242845915267,0.207422799820841,absolute_k20_r0.5,discovery_DO_vs_NDO
LYN,0.9820372646229528,3,0.3584021152629523,0.4761732498718506,absolute_k20_r0.5,discovery_DO_vs_NDO
MET,-0.2931891663942579,3,0.1107100774743403,0.12679757695112578,absolute_k20_r0.5,discovery_DO_vs_NDO
PDGFRA,0.8378407019671044,3,0.0363187056173693,0.0410481469245975,absolute_k20_r0.5,discovery_DO_vs_NDO
TYK2,-0.20170071322817465,3,0.0863856785754188,0.2118461195341978,absolute_k20_r0.5,discovery_DO_vs_NDO
ABL1,-0.38619642918887803,3,0.0707541445148114,0.1675912167742252,absolute_k20_r0.7,confirmatory_DO_vs_HV
AXL,-0.9477695374734929,3,0.2616738214506223,0.272114912945247,absolute_k20_r0.7,confirmatory_DO_vs_HV
CDK4,-0.5077106503174412,3,0.1331932845130286,0.31412371767841457,absolute_k20_r0.7,confirmatory_DO_vs_HV
FGFR1,-1.0944079668665392,3,0.2220832025848527,0.2390878263633168,absolute_k20_r0.7,confirmatory_DO_vs_HV
FGFR2,-0.2777321062366138,2,0.0368410344793124,0.0399802161332969,absolute_k20_r0.7,confirmatory_DO_vs_HV
FGFR3,-0.3560412572744348,3,0.1307017986721793,0.1875979783960152,absolute_k20_r0.7,confirmatory_DO_vs_HV
FGFR4,-0.5440462341444369,3,0.1173547261588983,0.1333677296886207,absolute_k20_r0.7,confirmatory_DO_vs_HV
FLT1,0.5425434005754868,3,0.5224055110178328,0.5829631545703581,absolute_k20_r0.7,confirmatory_DO_vs_HV
FLT3,-0.6216597102276847,3,0.0737652027697184,0.07645157241594776,absolute_k20_r0.7,confirmatory_DO_vs_HV
FLT4,0.9573628463841659,3,0.1622116607290365,0.1744779217943729,absolute_k20_r0.7,confirmatory_DO_vs_HV
JAK1,1.285746593000425,3,0.4176041667255624,0.9704904043901976,absolute_k20_r0.7,confirmatory_DO_vs_HV
KDR,-0.7407005277684607,3,0.3186318252827135,0.3624427084261987,absolute_k20_r0.7,confirmatory_DO_vs_HV
LRRK2,11.55674835268543,3,0.1357242845915267,0.207422799820841,absolute_k20_r0.7,confirmatory_DO_vs_HV
LYN,-0.22242752968488716,3,0.3584021152629523,0.4761732498718506,absolute_k20_r0.7,confirmatory_DO_vs_HV
MET,-0.22843772581564026,3,0.1107100774743403,0.12679757695112578,absolute_k20_r0.7,confirmatory_DO_vs_HV
PDGFRA,1.5923600539668978,3,0.0363187056173693,0.0410481469245975,absolute_k20_r0.7,confirmatory_DO_vs_HV
TYK2,-0.21640224619544082,3,0.0863856785754188,0.2118461195341978,absolute_k20_r0.7,confirmatory_DO_vs_HV
ABL1,-0.4133075374864522,3,0.0707541445148114,0.1675912167742252,absolute_k20_r0.7,confirmatory_DO_vs_NDO
AXL,-0.7553848506677403,3,0.2616738214506223,0.272114912945247,absolute_k20_r0.7,confirmatory_DO_vs_NDO
CDK4,-0.4534702768001641,3,0.1331932845130286,0.31412371767841457,absolute_k20_r0.7,confirmatory_DO_vs_NDO
FGFR1,-0.8416710306352535,3,0.2220832025848527,0.2390878263633168,absolute_k20_r0.7,confirmatory_DO_vs_NDO
FGFR2,-0.15937824091823663,2,0.0368410344793124,0.0399802161332969,absolute_k20_r0.7,confirmatory_DO_vs_NDO
FGFR3,-0.3492033822062169,3,0.1307017986721793,0.1875979783960152,absolute_k20_r0.7,confirmatory_DO_vs_NDO
FGFR4,-0.5092281311624425,3,0.1173547261588983,0.1333677296886207,absolute_k20_r0.7,confirmatory_DO_vs_NDO
FLT1,-0.46752152772926503,3,0.5224055110178328,0.5829631545703581,absolute_k20_r0.7,confirmatory_DO_vs_NDO
FLT3,-0.5888218259560244,3,0.0737652027697184,0.07645157241594776,absolute_k20_r0.7,confirmatory_DO_vs_NDO
FLT4,0.8513945717587741,3,0.1622116607290365,0.1744779217943729,absolute_k20_r0.7,confirmatory_DO_vs_NDO
JAK1,0.18269989253552688,3,0.4176041667255624,0.9704904043901976,absolute_k20_r0.7,confirmatory_DO_vs_NDO
KDR,-0.7683682287651844,3,0.3186318252827135,0.3624427084261987,absolute_k20_r0.7,confirmatory_DO_vs_NDO
LRRK2,9.295133659161968,3,0.1357242845915267,0.207422799820841,absolute_k20_r0.7,confirmatory_DO_vs_NDO
LYN,1.3424860971295933,3,0.3584021152629523,0.4761732498718506,absolute_k20_r0.7,confirmatory_DO_vs_NDO
MET,-0.15585510294142266,3,0.1107100774743403,0.12679757695112578,absolute_k20_r0.7,confirmatory_DO_vs_NDO
PDGFRA,-0.2053107518447571,3,0.0363187056173693,0.0410481469245975,absolute_k20_r0.7,confirmatory_DO_vs_NDO
TYK2,0.22112773941630126,3,0.0863856785754188,0.2118461195341978,absolute_k20_r0.7,confirmatory_DO_vs_NDO
ABL1,-0.3932114899275187,3,0.0707541445148114,0.1675912167742252,absolute_k20_r0.7,discovery_DO_vs_HV
AXL,-0.9256920610492313,3,0.2616738214506223,0.272114912945247,absolute_k20_r0.7,discovery_DO_vs_HV
CDK4,-0.5381275046542401,3,0.1331932845130286,0.31412371767841457,absolute_k20_r0.7,discovery_DO_vs_HV
FGFR1,-1.1089689011931314,3,0.2220832025848527,0.2390878263633168,absolute_k20_r0.7,discovery_DO_vs_HV
FGFR2,-0.2830677449721258,2,0.0368410344793124,0.0399802161332969,absolute_k20_r0.7,discovery_DO_vs_HV
FGFR3,-0.36255113725463095,3,0.1307017986721793,0.1875979783960152,absolute_k20_r0.7,discovery_DO_vs_HV
FGFR4,-0.6041001081281099,3,0.1173547261588983,0.1333677296886207,absolute_k20_r0.7,discovery_DO_vs_HV
FLT1,0.11906435540889922,3,0.5224055110178328,0.5829631545703581,absolute_k20_r0.7,discovery_DO_vs_HV
FLT3,-0.6362829519307507,3,0.0737652027697184,0.07645157241594776,absolute_k20_r0.7,discovery_DO_vs_HV
FLT4,0.20245277481678073,3,0.1622116607290365,0.1744779217943729,absolute_k20_r0.7,discovery_DO_vs_HV
JAK1,1.3252283755830532,3,0.4176041667255624,0.9704904043901976,absolute_k20_r0.7,discovery_DO_vs_HV
KDR,-0.7468139389327397,3,0.3186318252827135,0.3624427084261987,absolute_k20_r0.7,discovery_DO_vs_HV
LRRK2,12.49522792308352,3,0.1357242845915267,0.207422799820841,absolute_k20_r0.7,discovery_DO_vs_HV
LYN,1.0840965879260385,3,0.3584021152629523,0.4761732498718506,absolute_k20_r0.7,discovery_DO_vs_HV
MET,-0.3729679768020313,3,0.1107100774743403,0.12679757695112578,absolute_k20_r0.7,discovery_DO_vs_HV
PDGFRA,1.841724046191454,3,0.0363187056173693,0.0410481469245975,absolute_k20_r0.7,discovery_DO_vs_HV
TYK2,-0.4549873268904637,3,0.0863856785754188,0.2118461195341978,absolute_k20_r0.7,discovery_DO_vs_HV
ABL1,-0.567926448407672,3,0.0707541445148114,0.1675912167742252,absolute_k20_r0.7,discovery_DO_vs_NDO
AXL,-0.9249303687246135,3,0.2616738214506223,0.272114912945247,absolute_k20_r0.7,discovery_DO_vs_NDO
CDK4,-0.5332926983439179,3,0.1331932845130286,0.31412371767841457,absolute_k20_r0.7,discovery_DO_vs_NDO
FGFR1,-1.0783647199936022,3,0.2220832025848527,0.2390878263633168,absolute_k20_r0.7,discovery_DO_vs_NDO
FGFR2,-0.22431346237134628,2,0.0368410344793124,0.0399802161332969,absolute_k20_r0.7,discovery_DO_vs_NDO
FGFR3,-0.3522703341355326,3,0.1307017986721793,0.1875979783960152,absolute_k20_r0.7,discovery_DO_vs_NDO
FGFR4,-0.5983169067146267,3,0.1173547261588983,0.1333677296886207,absolute_k20_r0.7,discovery_DO_vs_NDO
FLT1,0.16968675920085813,3,0.5224055110178328,0.5829631545703581,absolute_k20_r0.7,discovery_DO_vs_NDO
FLT3,-0.6522954751966431,3,0.0737652027697184,0.07645157241594776,absolute_k20_r0.7,discovery_DO_vs_NDO
FLT4,0.6269639911982564,3,0.1622116607290365,0.1744779217943729,absolute_k20_r0.7,discovery_DO_vs_NDO
JAK1,0.8183958097875851,3,0.4176041667255624,0.9704904043901976,absolute_k20_r0.7,discovery_DO_vs_NDO
KDR,-0.7834611036697562,3,0.3186318252827135,0.3624427084261987,absolute_k20_r0.7,discovery_DO_vs_NDO
LRRK2,9.668124446936744,3,0.1357242845915267,0.207422799820841,absolute_k20_r0.7,discovery_DO_vs_NDO
LYN,1.0788997716107505,3,0.3584021152629523,0.4761732498718506,absolute_k20_r0.7,discovery_DO_vs_NDO
MET,-0.2949265834801171,3,0.1107100774743403,0.12679757695112578,absolute_k20_r0.7,discovery_DO_vs_NDO
PDGFRA,0.8581507772512342,3,0.0363187056173693,0.0410481469245975,absolute_k20_r0.7,discovery_DO_vs_NDO
TYK2,-0.17752860442678944,3,0.0863856785754188,0.2118461195341978,absolute_k20_r0.7,discovery_DO_vs_NDO
ABL1,-0.5715508181290884,3,0.0707541445148114,0.1675912167742252,absolute_k40_r0.3,confirmatory_DO_vs_HV
AXL,-1.6518414826420094,3,0.2616738214506223,0.272114912945247,absolute_k40_r0.3,confirmatory_DO_vs_HV
CDK4,-0.583907911099514,3,0.1331932845130286,0.31412371767841457,absolute_k40_r0.3,confirmatory_DO_vs_HV
FGFR1,-1.5087837019754577,3,0.2220832025848527,0.2390878263633168,absolute_k40_r0.3,confirmatory_DO_vs_HV
FGFR2,-0.15026770095836828,2,0.0368410344793124,0.0399802161332969,absolute_k40_r0.3,confirmatory_DO_vs_HV
FGFR3,-0.4432907211170963,3,0.1307017986721793,0.1875979783960152,absolute_k40_r0.3,confirmatory_DO_vs_HV
FGFR4,-0.8582432344405464,3,0.1173547261588983,0.1333677296886207,absolute_k40_r0.3,confirmatory_DO_vs_HV
FLT1,0.030710273828374893,3,0.5224055110178328,0.5829631545703581,absolute_k40_r0.3,confirmatory_DO_vs_HV
FLT3,-0.8074967205472496,3,0.0737652027697184,0.07645157241594776,absolute_k40_r0.3,confirmatory_DO_vs_HV
FLT4,0.8576372252153545,3,0.1622116607290365,0.1744779217943729,absolute_k40_r0.3,confirmatory_DO_vs_HV
JAK1,0.6940399995328739,3,0.4176041667255624,0.9704904043901976,absolute_k40_r0.3,confirmatory_DO_vs_HV
KDR,-1.4655071504834245,3,0.3186318252827135,0.3624427084261987,absolute_k40_r0.3,confirmatory_DO_vs_HV
LRRK2,0.6669163025700268,3,0.1357242845915267,0.207422799820841,absolute_k40_r0.3,confirmatory_DO_vs_HV
LYN,-0.3346922520158213,3,0.3584021152629523,0.4761732498718506,absolute_k40_r0.3,confirmatory_DO_vs_HV
MET,0.5696741672074203,3,0.1107100774743403,0.12679757695112578,absolute_k40_r0.3,confirmatory_DO_vs_HV
PDGFRA,1.5445723094898216,3,0.0363187056173693,0.0410481469245975,absolute_k40_r0.3,confirmatory_DO_vs_HV
TYK2,-0.04212597875381621,3,0.0863856785754188,0.2118461195341978,absolute_k40_r0.3,confirmatory_DO_vs_HV
ABL1,-0.5732515830583262,3,0.0707541445148114,0.1675912167742252,absolute_k40_r0.3,confirmatory_DO_vs_NDO
AXL,-1.287557702595274,3,0.2616738214506223,0.272114912945247,absolute_k40_r0.3,confirmatory_DO_vs_NDO
CDK4,-0.5206852562027084,3,0.1331932845130286,0.31412371767841457,absolute_k40_r0.3,confirmatory_DO_vs_NDO
FGFR1,-1.1280186859147416,3,0.2220832025848527,0.2390878263633168,absolute_k40_r0.3,confirmatory_DO_vs_NDO
FGFR2,-0.10655299631530167,2,0.0368410344793124,0.0399802161332969,absolute_k40_r0.3,confirmatory_DO_vs_NDO
FGFR3,-0.48947386012931215,3,0.1307017986721793,0.1875979783960152,absolute_k40_r0.3,confirmatory_DO_vs_NDO
FGFR4,-0.7284141848162438,3,0.1173547261588983,0.1333677296886207,absolute_k40_r0.3,confirmatory_DO_vs_NDO
FLT1,-0.7755943655460532,3,0.5224055110178328,0.5829631545703581,absolute_k40_r0.3,confirmatory_DO_vs_NDO
FLT3,-0.7691578177740757,3,0.0737652027697184,0.07645157241594776,absolute_k40_r0.3,confirmatory_DO_vs_NDO
FLT4,0.741311242851484,3,0.1622116607290365,0.1744779217943729,absolute_k40_r0.3,confirmatory_DO_vs_NDO
JAK1,0.08609869167983965,3,0.4176041667255624,0.9704904043901976,absolute_k40_r0.3,confirmatory_DO_vs_NDO
KDR,-1.3009317615998774,3,0.3186318252827135,0.3624427084261987,absolute_k40_r0.3,confirmatory_DO_vs_NDO
LRRK2,1.3359485353386689,3,0.1357242845915267,0.207422799820841,absolute_k40_r0.3,confirmatory_DO_vs_NDO
LYN,1.375035350465352,3,0.3584021152629523,0.4761732498718506,absolute_k40_r0.3,confirmatory_DO_vs_NDO
MET,0.06954176101304942,3,0.1107100774743403,0.12679757695112578,absolute_k40_r0.3,confirmatory_DO_vs_NDO
PDGFRA,-0.2788130732087044,3,0.0363187056173693,0.0410481469245975,absolute_k40_r0.3,confirmatory_DO_vs_NDO
TYK2,2.1157591812573315,3,0.0863856785754188,0.2118461195341978,absolute_k40_r0.3,confirmatory_DO_vs_NDO
ABL1,-0.5800595293315052,3,0.0707541445148114,0.1675912167742252,absolute_k40_r0.3,discovery_DO_vs_HV
AXL,-1.5774327053046786,3,0.2616738214506223,0.272114912945247,absolute_k40_r0.3,discovery_DO_vs_HV
CDK4,-0.5987377024793867,3,0.1331932845130286,0.31412371767841457,absolute_k40_r0.3,discovery_DO_vs_HV
FGFR1,-1.4996107993923136,3,0.2220832025848527,0.2390878263633168,absolute_k40_r0.3,discovery_DO_vs_HV
FGFR2,-0.18253559221964866,2,0.0368410344793124,0.0399802161332969,absolute_k40_r0.3,discovery_DO_vs_HV
FGFR3,-0.5348362737400055,3,0.1307017986721793,0.1875979783960152,absolute_k40_r0.3,discovery_DO_vs_HV
FGFR4,-0.9545332210666,3,0.1173547261588983,0.1333677296886207,absolute_k40_r0.3,discovery_DO_vs_HV
FLT1,-0.34028413762153864,3,0.5224055110178328,0.5829631545703581,absolute_k40_r0.3,discovery_DO_vs_HV
FLT3,-0.8299190608303133,3,0.0737652027697184,0.07645157241594776,absolute_k40_r0.3,discovery_DO_vs_HV
FLT4,0.08342180883207749,3,0.1622116607290365,0.1744779217943729,absolute_k40_r0.3,discovery_DO_vs_HV
JAK1,0.35563486818104495,3,0.4176041667255624,0.9704904043901976,absolute_k40_r0.3,discovery_DO_vs_HV
KDR,-1.4797644661638618,3,0.3186318252827135,0.3624427084261987,absolute_k40_r0.3,discovery_DO_vs_HV
LRRK2,0.8476293424441593,3,0.1357242845915267,0.207422799820841,absolute_k40_r0.3,discovery_DO_vs_HV
LYN,1.0990527832811003,3,0.3584021152629523,0.4761732498718506,absolute_k40_r0.3,discovery_DO_vs_HV
MET,0.14960875798815382,3,0.1107100774743403,0.12679757695112578,absolute_k40_r0.3,discovery_DO_vs_HV
PDGFRA,1.7980043903552858,3,0.0363187056173693,0.0410481469245975,absolute_k40_r0.3,discovery_DO_vs_HV
TYK2,0.8357852408602902,3,0.0863856785754188,0.2118461195341978,absolute_k40_r0.3,discovery_DO_vs_HV
ABL1,-0.7437988870756568,3,0.0707541445148114,0.1675912167742252,absolute_k40_r0.3,discovery_DO_vs_NDO
AXL,-1.5403123063895037,3,0.2616738214506223,0.272114912945247,absolute_k40_r0.3,discovery_DO_vs_NDO
CDK4,-0.6056973310343609,3,0.1331932845130286,0.31412371767841457,absolute_k40_r0.3,discovery_DO_vs_NDO
FGFR1,-1.479295886799329,3,0.2220832025848527,0.2390878263633168,absolute_k40_r0.3,discovery_DO_vs_NDO
FGFR2,-0.12799741084083927,2,0.0368410344793124,0.0399802161332969,absolute_k40_r0.3,discovery_DO_vs_NDO
FGFR3,-0.45287438529623764,3,0.1307017986721793,0.1875979783960152,absolute_k40_r0.3,discovery_DO_vs_NDO
FGFR4,-0.9488632957045567,3,0.1173547261588983,0.1333677296886207,absolute_k40_r0.3,discovery_DO_vs_NDO
FLT1,-0.32472609579432204,3,0.5224055110178328,0.5829631545703581,absolute_k40_r0.3,discovery_DO_vs_NDO
FLT3,-0.8408046413144563,3,0.0737652027697184,0.07645157241594776,absolute_k40_r0.3,discovery_DO_vs_NDO
FLT4,0.48875666095797954,3,0.1622116607290365,0.1744779217943729,absolute_k40_r0.3,discovery_DO_vs_NDO
JAK1,0.27132377596415,3,0.4176041667255624,0.9704904043901976,absolute_k40_r0.3,discovery_DO_vs_NDO
KDR,-1.5199743346818213,3,0.3186318252827135,0.3624427084261987,absolute_k40_r0.3,discovery_DO_vs_NDO
LRRK2,0.30075574066246386,3,0.1357242845915267,0.207422799820841,absolute_k40_r0.3,discovery_DO_vs_NDO
LYN,1.111781306131914,3,0.3584021152629523,0.4761732498718506,absolute_k40_r0.3,discovery_DO_vs_NDO
MET,0.31549031709212105,3,0.1107100774743403,0.12679757695112578,absolute_k40_r0.3,discovery_DO_vs_NDO
PDGFRA,0.7580131974105379,3,0.0363187056173693,0.0410481469245975,absolute_k40_r0.3,discovery_DO_vs_NDO
TYK2,1.1169404392997244,3,0.0863856785754188,0.2118461195341978,absolute_k40_r0.3,discovery_DO_vs_NDO
ABL1,-0.5557008004370486,3,0.0707541445148114,0.1675912167742252,absolute_k40_r0.5,confirmatory_DO_vs_HV
AXL,-1.476449565531933,3,0.2616738214506223,0.272114912945247,absolute_k40_r0.5,confirmatory_DO_vs_HV
CDK4,-0.6076141164328872,3,0.1331932845130286,0.31412371767841457,absolute_k40_r0.5,confirmatory_DO_vs_HV
FGFR1,-1.4244230414628487,3,0.2220832025848527,0.2390878263633168,absolute_k40_r0.5,confirmatory_DO_vs_HV
FGFR2,-0.27558448413614095,2,0.0368410344793124,0.0399802161332969,absolute_k40_r0.5,confirmatory_DO_vs_HV
FGFR3,-0.5013614313420549,3,0.1307017986721793,0.1875979783960152,absolute_k40_r0.5,confirmatory_DO_vs_HV
FGFR4,-0.8051948023489434,3,0.1173547261588983,0.1333677296886207,absolute_k40_r0.5,confirmatory_DO_vs_HV
FLT1,0.22225731723464387,3,0.5224055110178328,0.5829631545703581,absolute_k40_r0.5,confirmatory_DO_vs_HV
FLT3,-0.7498918473720847,3,0.0737652027697184,0.07645157241594776,absolute_k40_r0.5,confirmatory_DO_vs_HV
FLT4,0.8834632136387919,3,0.1622116607290365,0.1744779217943729,absolute_k40_r0.5,confirmatory_DO_vs_HV
JAK1,0.7978329524704562,3,0.4176041667255624,0.9704904043901976,absolute_k40_r0.5,confirmatory_DO_vs_HV
KDR,-1.3835886503429609,3,0.3186318252827135,0.3624427084261987,absolute_k40_r0.5,confirmatory_DO_vs_HV
LRRK2,0.8394252725687363,3,0.1357242845915267,0.207422799820841,absolute_k40_r0.5,confirmatory_DO_vs_HV
LYN,-0.26133238992907787,3,0.3584021152629523,0.4761732498718506,absolute_k40_r0.5,confirmatory_DO_vs_HV
MET,0.5751306421188596,3,0.1107100774743403,0.12679757695112578,absolute_k40_r0.5,confirmatory_DO_vs_HV
PDGFRA,1.5890065000084803,3,0.0363187056173693,0.0410481469245975,absolute_k40_r0.5,confirmatory_DO_vs_HV
TYK2,-0.0002732585645334872,3,0.0863856785754188,0.2118461195341978,absolute_k40_r0.5,confirmatory_DO_vs_HV
ABL1,-0.5576057918210292,3,0.0707541445148114,0.1675912167742252,absolute_k40_r0.5,confirmatory_DO_vs_NDO
AXL,-1.188950126604036,3,0.2616738214506223,0.272114912945247,absolute_k40_r0.5,confirmatory_DO_vs_NDO
CDK4,-0.5416598634611338,3,0.1331932845130286,0.31412371767841457,absolute_k40_r0.5,confirmatory_DO_vs_NDO
FGFR1,-1.0934159931472505,3,0.2220832025848527,0.2390878263633168,absolute_k40_r0.5,confirmatory_DO_vs_NDO
FGFR2,-0.1752969303818475,2,0.0368410344793124,0.0399802161332969,absolute_k40_r0.5,confirmatory_DO_vs_NDO
FGFR3,-0.4973386299405856,3,0.1307017986721793,0.1875979783960152,absolute_k40_r0.5,confirmatory_DO_vs_NDO
FGFR4,-0.6538975433604274,3,0.1173547261588983,0.1333677296886207,absolute_k40_r0.5,confirmatory_DO_vs_NDO
FLT1,-0.6666904406416005,3,0.5224055110178328,0.5829631545703581,absolute_k40_r0.5,confirmatory_DO_vs_NDO
FLT3,-0.7174966374648258,3,0.0737652027697184,0.07645157241594776,absolute_k40_r0.5,confirmatory_DO_vs_NDO
FLT4,0.7674604302538346,3,0.1622116607290365,0.1744779217943729,absolute_k40_r0.5,confirmatory_DO_vs_NDO
JAK1,0.15747983353186837,3,0.4176041667255624,0.9704904043901976,absolute_k40_r0.5,confirmatory_DO_vs_NDO
KDR,-1.2054863527119055,3,0.3186318252827135,0.3624427084261987,absolute_k40_r0.5,confirmatory_DO_vs_NDO
LRRK2,1.549823962527835,3,0.1357242845915267,0.207422799820841,absolute_k40_r0.5,confirmatory_DO_vs_NDO
LYN,1.469571585322492,3,0.3584021152629523,0.4761732498718506,absolute_k40_r0.5,confirmatory_DO_vs_NDO
MET,0.08576565874232164,3,0.1107100774743403,0.12679757695112578,absolute_k40_r0.5,confirmatory_DO_vs_NDO
PDGFRA,-0.24608687962206102,3,0.0363187056173693,0.0410481469245975,absolute_k40_r0.5,confirmatory_DO_vs_NDO
TYK2,2.281355961673453,3,0.0863856785754188,0.2118461195341978,absolute_k40_r0.5,confirmatory_DO_vs_NDO
ABL1,-0.5663075420746477,3,0.0707541445148114,0.1675912167742252,absolute_k40_r0.5,discovery_DO_vs_HV
AXL,-1.449007915046116,3,0.2616738214506223,0.272114912945247,absolute_k40_r0.5,discovery_DO_vs_HV
CDK4,-0.6181919014487286,3,0.1331932845130286,0.31412371767841457,absolute_k40_r0.5,discovery_DO_vs_HV
FGFR1,-1.4257507852723919,3,0.2220832025848527,0.2390878263633168,absolute_k40_r0.5,discovery_DO_vs_HV
FGFR2,-0.28800712327039824,2,0.0368410344793124,0.0399802161332969,absolute_k40_r0.5,discovery_DO_vs_HV
FGFR3,-0.5541596144862916,3,0.1307017986721793,0.1875979783960152,absolute_k40_r0.5,discovery_DO_vs_HV
FGFR4,-0.87621966659417,3,0.1173547261588983,0.1333677296886207,absolute_k40_r0.5,discovery_DO_vs_HV
FLT1,-0.17207652596969705,3,0.5224055110178328,0.5829631545703581,absolute_k40_r0.5,discovery_DO_vs_HV
FLT3,-0.774404080486809,3,0.0737652027697184,0.07645157241594776,absolute_k40_r0.5,discovery_DO_vs_HV
FLT4,0.11489932577526295,3,0.1622116607290365,0.1744779217943729,absolute_k40_r0.5,discovery_DO_vs_HV
JAK1,0.45670574842808237,3,0.4176041667255624,0.9704904043901976,absolute_k40_r0.5,discovery_DO_vs_HV
KDR,-1.4005845538051316,3,0.3186318252827135,0.3624427084261987,absolute_k40_r0.5,discovery_DO_vs_HV
LRRK2,1.0187798630415537,3,0.1357242845915267,0.207422799820841,absolute_k40_r0.5,discovery_DO_vs_HV
LYN,1.1905879539826267,3,0.3584021152629523,0.4761732498718506,absolute_k40_r0.5,discovery_DO_vs_HV
MET,0.16650628850242863,3,0.1107100774743403,0.12679757695112578,absolute_k40_r0.5,discovery_DO_vs_HV
PDGFRA,1.8484176188646222,3,0.0363187056173693,0.0410481469245975,absolute_k40_r0.5,discovery_DO_vs_HV
TYK2,0.928156022957702,3,0.0863856785754188,0.2118461195341978,absolute_k40_r0.5,discovery_DO_vs_HV
ABL1,-0.732904686605203,3,0.0707541445148114,0.1675912167742252,absolute_k40_r0.5,discovery_DO_vs_NDO
AXL,-1.428014973543112,3,0.2616738214506223,0.272114912945247,absolute_k40_r0.5,discovery_DO_vs_NDO
CDK4,-0.6304711374880463,3,0.1331932845130286,0.31412371767841457,absolute_k40_r0.5,discovery_DO_vs_NDO
FGFR1,-1.403779435973804,3,0.2220832025848527,0.2390878263633168,absolute_k40_r0.5,discovery_DO_vs_NDO
FGFR2,-0.23300328424019337,2,0.0368410344793124,0.0399802161332969,absolute_k40_r0.5,discovery_DO_vs_NDO
FGFR3,-0.5153056647767265,3,0.1307017986721793,0.1875979783960152,absolute_k40_r0.5,discovery_DO_vs_NDO
FGFR4,-0.8451327415880316,3,0.1173547261588983,0.1333677296886207,absolute_k40_r0.5,discovery_DO_vs_NDO
FLT1,-0.1432830832947747,3,0.5224055110178328,0.5829631545703581,absolute_k40_r0.5,discovery_DO_vs_NDO
FLT3,-0.7849288851683665,3,0.0737652027697184,0.07645157241594776,absolute_k40_r0.5,discovery_DO_vs_NDO
FLT4,0.5250644871971687,3,0.1622116607290365,0.1744779217943729,absolute_k40_r0.5,discovery_DO_vs_NDO
JAK1,0.3790231774878336,3,0.4176041667255624,0.9704904043901976,absolute_k40_r0.5,discovery_DO_vs_NDO
KDR,-1.4186731670068142,3,0.3186318252827135,0.3624427084261987,absolute_k40_r0.5,discovery_DO_vs_NDO
LRRK2,0.4443209493423168,3,0.1357242845915267,0.207422799820841,absolute_k40_r0.5,discovery_DO_vs_NDO
LYN,1.203879254411454,3,0.3584021152629523,0.4761732498718506,absolute_k40_r0.5,discovery_DO_vs_NDO
MET,0.3323913240890887,3,0.1107100774743403,0.12679757695112578,absolute_k40_r0.5,discovery_DO_vs_NDO
PDGFRA,0.8054651835760787,3,0.0363187056173693,0.0410481469245975,absolute_k40_r0.5,discovery_DO_vs_NDO
TYK2,1.2220208054104371,3,0.0863856785754188,0.2118461195341978,absolute_k40_r0.5,discovery_DO_vs_NDO
ABL1,-0.5418407707789372,3,0.0707541445148114,0.1675912167742252,absolute_k40_r0.7,confirmatory_DO_vs_HV
AXL,-1.3474702042517148,3,0.2616738214506223,0.272114912945247,absolute_k40_r0.7,confirmatory_DO_vs_HV
CDK4,-0.6241398755308167,3,0.1331932845130286,0.31412371767841457,absolute_k40_r0.7,confirmatory_DO_vs_HV
FGFR1,-1.3722508285092303,3,0.2220832025848527,0.2390878263633168,absolute_k40_r0.7,confirmatory_DO_vs_HV
FGFR2,-0.3664264030697403,2,0.0368410344793124,0.0399802161332969,absolute_k40_r0.7,confirmatory_DO_vs_HV
FGFR3,-0.5144018268233598,3,0.1307017986721793,0.1875979783960152,absolute_k40_r0.7,confirmatory_DO_vs_HV
FGFR4,-0.7800039117841747,3,0.1173547261588983,0.1333677296886207,absolute_k40_r0.7,confirmatory_DO_vs_HV
FLT1,0.33547359171954044,3,0.5224055110178328,0.5829631545703581,absolute_k40_r0.7,confirmatory_DO_vs_HV
FLT3,-0.7163958980866425,3,0.0737652027697184,0.07645157241594776,absolute_k40_r0.7,confirmatory_DO_vs_HV
FLT4,0.900164891574772,3,0.1622116607290365,0.1744779217943729,absolute_k40_r0.7,confirmatory_DO_vs_HV
JAK1,0.8662520972217695,3,0.4176041667255624,0.9704904043901976,absolute_k40_r0.7,confirmatory_DO_vs_HV
KDR,-1.332543234616828,3,0.3186318252827135,0.3624427084261987,absolute_k40_r0.7,confirmatory_DO_vs_HV
LRRK2,0.9431126801055383,3,0.1357242845915267,0.207422799820841,absolute_k40_r0.7,confirmatory_DO_vs_HV
LYN,-0.2144742378101714,3,0.3584021152629523,0.4761732498718506,absolute_k40_r0.7,confirmatory_DO_vs_HV
MET,0.5815807533326246,3,0.1107100774743403,0.12679757695112578,absolute_k40_r0.7,confirmatory_DO_vs_HV
PDGFRA,1.6114295483918681,3,0.0363187056173693,0.0410481469245975,absolute_k40_r0.7,confirmatory_DO_vs_HV
TYK2,0.02141933527630839,3,0.0863856785754188,0.2118461195341978,absolute_k40_r0.7,confirmatory_DO_vs_HV
ABL1,-0.5436138783527179,3,0.0707541445148114,0.1675912167742252,absolute_k40_r0.7,confirmatory_DO_vs_NDO
AXL,-1.1050377268504095,3,0.2616738214506223,0.272114912945247,absolute_k40_r0.7,confirmatory_DO_vs_NDO
CDK4,-0.5580721024002041,3,0.1331932845130286,0.31412371767841457,absolute_k40_r0.7,confirmatory_DO_vs_NDO
FGFR1,-1.077990625086718,3,0.2220832025848527,0.2390878263633168,absolute_k40_r0.7,confirmatory_DO_vs_NDO
FGFR2,-0.22239127441397868,2,0.0368410344793124,0.0399802161332969,absolute_k40_r0.7,confirmatory_DO_vs_NDO
FGFR3,-0.48116579761945116,3,0.1307017986721793,0.1875979783960152,absolute_k40_r0.7,confirmatory_DO_vs_NDO
FGFR4,-0.6031490607106286,3,0.1173547261588983,0.1333677296886207,absolute_k40_r0.7,confirmatory_DO_vs_NDO
FLT1,-0.5991090395715832,3,0.5224055110178328,0.5829631545703581,absolute_k40_r0.7,confirmatory_DO_vs_NDO
FLT3,-0.6823230475133124,3,0.0737652027697184,0.07645157241594776,absolute_k40_r0.7,confirmatory_DO_vs_NDO
FLT4,0.7878651600733392,3,0.1622116607290365,0.1744779217943729,absolute_k40_r0.7,confirmatory_DO_vs_NDO
JAK1,0.20862936450781847,3,0.4176041667255624,0.9704904043901976,absolute_k40_r0.7,confirmatory_DO_vs_NDO
KDR,-1.1291520866550915,3,0.3186318252827135,0.3624427084261987,absolute_k40_r0.7,confirmatory_DO_vs_NDO
LRRK2,1.6840744016900395,3,0.1357242845915267,0.207422799820841,absolute_k40_r0.7,confirmatory_DO_vs_NDO
LYN,1.5378446887037287,3,0.3584021152629523,0.4761732498718506,absolute_k40_r0.7,confirmatory_DO_vs_NDO
MET,0.1003419901663225,3,0.1107100774743403,0.12679757695112578,absolute_k40_r0.7,confirmatory_DO_vs_NDO
PDGFRA,-0.22685692609706756,3,0.0363187056173693,0.0410481469245975,absolute_k40_r0.7,confirmatory_DO_vs_NDO
TYK2,2.373193918272642,3,0.0863856785754188,0.2118461195341978,absolute_k40_r0.7,confirmatory_DO_vs_NDO
ABL1,-0.5544309122939237,3,0.0707541445148114,0.1675912167742252,absolute_k40_r0.7,discovery_DO_vs_HV
AXL,-1.3525262101600706,3,0.2616738214506223,0.272114912945247,absolute_k40_r0.7,discovery_DO_vs_HV
CDK4,-0.6324113964913641,3,0.1331932845130286,0.31412371767841457,absolute_k40_r0.7,discovery_DO_vs_HV
FGFR1,-1.3821734110759245,3,0.2220832025848527,0.2390878263633168,absolute_k40_r0.7,discovery_DO_vs_HV
FGFR2,-0.3649883595302448,2,0.0368410344793124,0.0399802161332969,absolute_k40_r0.7,discovery_DO_vs_HV
FGFR3,-0.5382436814133886,3,0.1307017986721793,0.1875979783960152,absolute_k40_r0.7,discovery_DO_vs_HV
FGFR4,-0.8318675310098379,3,0.1173547261588983,0.1333677296886207,absolute_k40_r0.7,discovery_DO_vs_HV
FLT1,-0.07414275515272205,3,0.5224055110178328,0.5829631545703581,absolute_k40_r0.7,discovery_DO_vs_HV
FLT3,-0.7384325250634058,3,0.0737652027697184,0.07645157241594776,absolute_k40_r0.7,discovery_DO_vs_HV
FLT4,0.13836072597375926,3,0.1622116607290365,0.1744779217943729,absolute_k40_r0.7,discovery_DO_vs_HV
JAK1,0.5249342668235677,3,0.4176041667255624,0.9704904043901976,absolute_k40_r0.7,discovery_DO_vs_HV
KDR,-1.3486706893572409,3,0.3186318252827135,0.3624427084261987,absolute_k40_r0.7,discovery_DO_vs_HV
LRRK2,1.125901606587151,3,0.1357242845915267,0.207422799820841,absolute_k40_r0.7,discovery_DO_vs_HV
LYN,1.2563895050423748,3,0.3584021152629523,0.4761732498718506,absolute_k40_r0.7,discovery_DO_vs_HV
MET,0.18201641986731,3,0.1107100774743403,0.12679757695112578,absolute_k40_r0.7,discovery_DO_vs_HV
PDGFRA,1.8766474137590905,3,0.0363187056173693,0.0410481469245975,absolute_k40_r0.7,discovery_DO_vs_HV
TYK2,0.9758818422609712,3,0.0863856785754188,0.2118461195341978,absolute_k40_r0.7,discovery_DO_vs_HV
ABL1,-0.722484526256787,3,0.0707541445148114,0.1675912167742252,absolute_k40_r0.7,discovery_DO_vs_NDO
AXL,-1.337537403232804,3,0.2616738214506223,0.272114912945247,absolute_k40_r0.7,discovery_DO_vs_NDO
CDK4,-0.646685330281389,3,0.1331932845130286,0.31412371767841457,absolute_k40_r0.7,discovery_DO_vs_NDO
FGFR1,-1.358382652133144,3,0.2220832025848527,0.2390878263633168,absolute_k40_r0.7,discovery_DO_vs_NDO
FGFR2,-0.3050111691421014,2,0.0368410344793124,0.0399802161332969,absolute_k40_r0.7,discovery_DO_vs_NDO
FGFR3,-0.5257413870682082,3,0.1307017986721793,0.1875979783960152,absolute_k40_r0.7,discovery_DO_vs_NDO
FGFR4,-0.7865188647962112,3,0.1173547261588983,0.1333677296886207,absolute_k40_r0.7,discovery_DO_vs_NDO
FLT1,-0.0325431171322131,3,0.5224055110178328,0.5829631545703581,absolute_k40_r0.7,discovery_DO_vs_NDO
FLT3,-0.7494755739960969,3,0.0737652027697184,0.07645157241594776,absolute_k40_r0.7,discovery_DO_vs_NDO
FLT4,0.5533382665979388,3,0.1622116607290365,0.1744779217943729,absolute_k40_r0.7,discovery_DO_vs_NDO
JAK1,0.45383236191564214,3,0.4176041667255624,0.9704904043901976,absolute_k40_r0.7,discovery_DO_vs_NDO
KDR,-1.341411398402306,3,0.3186318252827135,0.3624427084261987,absolute_k40_r0.7,discovery_DO_vs_NDO
LRRK2,0.5333942041518973,3,0.1357242845915267,0.207422799820841,absolute_k40_r0.7,discovery_DO_vs_NDO
LYN,1.2685702208992415,3,0.3584021152629523,0.4761732498718506,absolute_k40_r0.7,discovery_DO_vs_NDO
MET,0.3504297110225559,3,0.1107100774743403,0.12679757695112578,absolute_k40_r0.7,discovery_DO_vs_NDO
PDGFRA,0.834542146507859,3,0.0363187056173693,0.0410481469245975,absolute_k40_r0.7,discovery_DO_vs_NDO
TYK2,1.27888656704556,3,0.0863856785754188,0.2118461195341978,absolute_k40_r0.7,discovery_DO_vs_NDO
ABL1,-0.38359857757261917,3,0.0707541445148114,0.1675912167742252,positive_k10_r0.3,confirmatory_DO_vs_HV
AXL,-0.9575358688384461,3,0.2616738214506223,0.272114912945247,positive_k10_r0.3,confirmatory_DO_vs_HV
CDK4,-0.5928174284719117,3,0.1331932845130286,0.31412371767841457,positive_k10_r0.3,confirmatory_DO_vs_HV
FGFR1,-1.2071102938727614,3,0.2220832025848527,0.2390878263633168,positive_k10_r0.3,confirmatory_DO_vs_HV
FGFR2,-0.2844592240296846,2,0.0368410344793124,0.0399802161332969,positive_k10_r0.3,confirmatory_DO_vs_HV
FGFR3,-0.30413918021870234,3,0.1307017986721793,0.1875979783960152,positive_k10_r0.3,confirmatory_DO_vs_HV
FGFR4,-0.2932272816953445,3,0.1173547261588983,0.1333677296886207,positive_k10_r0.3,confirmatory_DO_vs_HV
FLT1,1.102648902214161,3,0.5224055110178328,0.5829631545703581,positive_k10_r0.3,confirmatory_DO_vs_HV
FLT3,-0.6990518837884715,3,0.0737652027697184,0.07645157241594776,positive_k10_r0.3,confirmatory_DO_vs_HV
FLT4,1.1514285750308872,3,0.1622116607290365,0.1744779217943729,positive_k10_r0.3,confirmatory_DO_vs_HV
JAK1,-0.07344022416164939,3,0.4176041667255624,0.9704904043901976,positive_k10_r0.3,confirmatory_DO_vs_HV
KDR,-0.9527626985550922,3,0.3186318252827135,0.3624427084261987,positive_k10_r0.3,confirmatory_DO_vs_HV
LRRK2,1.416472408876402,3,0.1357242845915267,0.207422799820841,positive_k10_r0.3,confirmatory_DO_vs_HV
LYN,-0.648578068966742,3,0.3584021152629523,0.4761732498718506,positive_k10_r0.3,confirmatory_DO_vs_HV
MET,-0.15937615138623532,3,0.1107100774743403,0.12679757695112578,positive_k10_r0.3,confirmatory_DO_vs_HV
PDGFRA,1.7482487964939255,3,0.0363187056173693,0.0410481469245975,positive_k10_r0.3,confirmatory_DO_vs_HV
TYK2,-0.31318969835390026,3,0.0863856785754188,0.2118461195341978,positive_k10_r0.3,confirmatory_DO_vs_HV
ABL1,-0.37492243890701893,3,0.0707541445148114,0.1675912167742252,positive_k10_r0.3,confirmatory_DO_vs_NDO
AXL,-0.7545895400629528,3,0.2616738214506223,0.272114912945247,positive_k10_r0.3,confirmatory_DO_vs_NDO
CDK4,-0.512481828859789,3,0.1331932845130286,0.31412371767841457,positive_k10_r0.3,confirmatory_DO_vs_NDO
FGFR1,-0.9471772617213391,3,0.2220832025848527,0.2390878263633168,positive_k10_r0.3,confirmatory_DO_vs_NDO
FGFR2,0.3173526218453508,2,0.0368410344793124,0.0399802161332969,positive_k10_r0.3,confirmatory_DO_vs_NDO
FGFR3,-0.34603844093631053,3,0.1307017986721793,0.1875979783960152,positive_k10_r0.3,confirmatory_DO_vs_NDO
FGFR4,-0.3218240400168069,3,0.1173547261588983,0.1333677296886207,positive_k10_r0.3,confirmatory_DO_vs_NDO
FLT1,-0.3113831952102263,3,0.5224055110178328,0.5829631545703581,positive_k10_r0.3,confirmatory_DO_vs_NDO
FLT3,-0.6666557198374303,3,0.0737652027697184,0.07645157241594776,positive_k10_r0.3,confirmatory_DO_vs_NDO
FLT4,0.952517355848005,3,0.1622116607290365,0.1744779217943729,positive_k10_r0.3,confirmatory_DO_vs_NDO
JAK1,-0.5676872866503129,3,0.4176041667255624,0.9704904043901976,positive_k10_r0.3,confirmatory_DO_vs_NDO
KDR,-1.2488924645211954,3,0.3186318252827135,0.3624427084261987,positive_k10_r0.3,confirmatory_DO_vs_NDO
LRRK2,1.1604572982060284,3,0.1357242845915267,0.207422799820841,positive_k10_r0.3,confirmatory_DO_vs_NDO
LYN,-0.6638803144655474,3,0.3584021152629523,0.4761732498718506,positive_k10_r0.3,confirmatory_DO_vs_NDO
MET,-0.1026912996497484,3,0.1107100774743403,0.12679757695112578,positive_k10_r0.3,confirmatory_DO_vs_NDO
PDGFRA,-0.09659266910187901,3,0.0363187056173693,0.0410481469245975,positive_k10_r0.3,confirmatory_DO_vs_NDO
TYK2,0.0982232502366496,3,0.0863856785754188,0.2118461195341978,positive_k10_r0.3,confirmatory_DO_vs_NDO
ABL1,-0.3880298682502451,3,0.0707541445148114,0.1675912167742252,positive_k10_r0.3,discovery_DO_vs_HV
AXL,-0.9334669766154706,3,0.2616738214506223,0.272114912945247,positive_k10_r0.3,discovery_DO_vs_HV
CDK4,-0.5976457015670817,3,0.1331932845130286,0.31412371767841457,positive_k10_r0.3,discovery_DO_vs_HV
FGFR1,-1.1946326790837354,3,0.2220832025848527,0.2390878263633168,positive_k10_r0.3,discovery_DO_vs_HV
FGFR2,0.1646684163771805,2,0.0368410344793124,0.0399802161332969,positive_k10_r0.3,discovery_DO_vs_HV
FGFR3,-0.4737808430540235,3,0.1307017986721793,0.1875979783960152,positive_k10_r0.3,discovery_DO_vs_HV
FGFR4,-0.4048142987379378,3,0.1173547261588983,0.1333677296886207,positive_k10_r0.3,discovery_DO_vs_HV
FLT1,0.5555469374823488,3,0.5224055110178328,0.5829631545703581,positive_k10_r0.3,discovery_DO_vs_HV
FLT3,-0.7096710139053608,3,0.0737652027697184,0.07645157241594776,positive_k10_r0.3,discovery_DO_vs_HV
FLT4,0.31828262002532476,3,0.1622116607290365,0.1744779217943729,positive_k10_r0.3,discovery_DO_vs_HV
JAK1,-0.05701676063732282,3,0.4176041667255624,0.9704904043901976,positive_k10_r0.3,discovery_DO_vs_HV
KDR,-0.9225237494961959,3,0.3186318252827135,0.3624427084261987,positive_k10_r0.3,discovery_DO_vs_HV
LRRK2,1.675667123565788,3,0.1357242845915267,0.207422799820841,positive_k10_r0.3,discovery_DO_vs_HV
LYN,-0.6950955897014345,3,0.3584021152629523,0.4761732498718506,positive_k10_r0.3,discovery_DO_vs_HV
MET,-0.3569848727137271,3,0.1107100774743403,0.12679757695112578,positive_k10_r0.3,discovery_DO_vs_HV
PDGFRA,1.97841359026378,3,0.0363187056173693,0.0410481469245975,positive_k10_r0.3,discovery_DO_vs_HV
TYK2,-0.5631677002863317,3,0.0863856785754188,0.2118461195341978,positive_k10_r0.3,discovery_DO_vs_HV
ABL1,-0.5236629991235623,3,0.0707541445148114,0.1675912167742252,positive_k10_r0.3,discovery_DO_vs_NDO
AXL,-0.9039763044315691,3,0.2616738214506223,0.272114912945247,positive_k10_r0.3,discovery_DO_vs_NDO
CDK4,-0.6049174705795534,3,0.1331932845130286,0.31412371767841457,positive_k10_r0.3,discovery_DO_vs_NDO
FGFR1,-1.2015137100401196,3,0.2220832025848527,0.2390878263633168,positive_k10_r0.3,discovery_DO_vs_NDO
FGFR2,0.2436761186827478,2,0.0368410344793124,0.0399802161332969,positive_k10_r0.3,discovery_DO_vs_NDO
FGFR3,-0.3665204457083178,3,0.1307017986721793,0.1875979783960152,positive_k10_r0.3,discovery_DO_vs_NDO
FGFR4,-0.35403062301097427,3,0.1173547261588983,0.1333677296886207,positive_k10_r0.3,discovery_DO_vs_NDO
FLT1,0.6272963545550168,3,0.5224055110178328,0.5829631545703581,positive_k10_r0.3,discovery_DO_vs_NDO
FLT3,-0.7371798786631633,3,0.0737652027697184,0.07645157241594776,positive_k10_r0.3,discovery_DO_vs_NDO
FLT4,0.756205879490914,3,0.1622116607290365,0.1744779217943729,positive_k10_r0.3,discovery_DO_vs_NDO
JAK1,-0.28713114479602925,3,0.4176041667255624,0.9704904043901976,positive_k10_r0.3,discovery_DO_vs_NDO
KDR,-1.1306633512393178,3,0.3186318252827135,0.3624427084261987,positive_k10_r0.3,discovery_DO_vs_NDO
LRRK2,0.7227945687511054,3,0.1357242845915267,0.207422799820841,positive_k10_r0.3,discovery_DO_vs_NDO
LYN,-0.7146307706311459,3,0.3584021152629523,0.4761732498718506,positive_k10_r0.3,discovery_DO_vs_NDO
MET,-0.24571302148542173,3,0.1107100774743403,0.12679757695112578,positive_k10_r0.3,discovery_DO_vs_NDO
PDGFRA,0.9779762818601303,3,0.0363187056173693,0.0410481469245975,positive_k10_r0.3,discovery_DO_vs_NDO
TYK2,-0.28439979647286756,3,0.0863856785754188,0.2118461195341978,positive_k10_r0.3,discovery_DO_vs_NDO
ABL1,-0.3911233288536449,3,0.0707541445148114,0.1675912167742252,positive_k10_r0.5,confirmatory_DO_vs_HV
AXL,-0.8548614063052382,3,0.2616738214506223,0.272114912945247,positive_k10_r0.5,confirmatory_DO_vs_HV
CDK4,-0.5773015058562871,3,0.1331932845130286,0.31412371767841457,positive_k10_r0.5,confirmatory_DO_vs_HV
FGFR1,-1.131562350451851,3,0.2220832025848527,0.2390878263633168,positive_k10_r0.5,confirmatory_DO_vs_HV
FGFR2,-0.25819638487883867,2,0.0368410344793124,0.0399802161332969,positive_k10_r0.5,confirmatory_DO_vs_HV
FGFR3,-0.3052426845829794,3,0.1307017986721793,0.1875979783960152,positive_k10_r0.5,confirmatory_DO_vs_HV
FGFR4,-0.2975432208814194,3,0.1173547261588983,0.1333677296886207,positive_k10_r0.5,confirmatory_DO_vs_HV
FLT1,1.294927515100036,3,0.5224055110178328,0.5829631545703581,positive_k10_r0.5,confirmatory_DO_vs_HV
FLT3,-0.6239241845390318,3,0.0737652027697184,0.07645157241594776,positive_k10_r0.5,confirmatory_DO_vs_HV
FLT4,1.1833338460980263,3,0.1622116607290365,0.1744779217943729,positive_k10_r0.5,confirmatory_DO_vs_HV
JAK1,0.03798470646502271,3,0.4176041667255624,0.9704904043901976,positive_k10_r0.5,confirmatory_DO_vs_HV
KDR,-0.7227937829888893,3,0.3186318252827135,0.3624427084261987,positive_k10_r0.5,confirmatory_DO_vs_HV
LRRK2,2.3392806880852386,3,0.1357242845915267,0.207422799820841,positive_k10_r0.5,confirmatory_DO_vs_HV
LYN,-0.6101331226760587,3,0.3584021152629523,0.4761732498718506,positive_k10_r0.5,confirmatory_DO_vs_HV
MET,-0.170734545793905,3,0.1107100774743403,0.12679757695112578,positive_k10_r0.5,confirmatory_DO_vs_HV
PDGFRA,1.8153525501319256,3,0.0363187056173693,0.0410481469245975,positive_k10_r0.5,confirmatory_DO_vs_HV
TYK2,-0.2678607220314886,3,0.0863856785754188,0.2118461195341978,positive_k10_r0.5,confirmatory_DO_vs_HV
ABL1,-0.3942145941424074,3,0.0707541445148114,0.1675912167742252,positive_k10_r0.5,confirmatory_DO_vs_NDO
AXL,-0.6854122752796381,3,0.2616738214506223,0.272114912945247,positive_k10_r0.5,confirmatory_DO_vs_NDO
CDK4,-0.5025095184360859,3,0.1331932845130286,0.31412371767841457,positive_k10_r0.5,confirmatory_DO_vs_NDO
FGFR1,-0.8948881170119884,3,0.2220832025848527,0.2390878263633168,positive_k10_r0.5,confirmatory_DO_vs_NDO
FGFR2,0.17973744499933506,2,0.0368410344793124,0.0399802161332969,positive_k10_r0.5,confirmatory_DO_vs_NDO
FGFR3,-0.30925935914428576,3,0.1307017986721793,0.1875979783960152,positive_k10_r0.5,confirmatory_DO_vs_NDO
FGFR4,-0.29658060462139524,3,0.1173547261588983,0.1333677296886207,positive_k10_r0.5,confirmatory_DO_vs_NDO
FLT1,-0.2057637798695214,3,0.5224055110178328,0.5829631545703581,positive_k10_r0.5,confirmatory_DO_vs_NDO
FLT3,-0.5910572640376448,3,0.0737652027697184,0.07645157241594776,positive_k10_r0.5,confirmatory_DO_vs_NDO
FLT4,0.9864152777259584,3,0.1622116607290365,0.1744779217943729,positive_k10_r0.5,confirmatory_DO_vs_NDO
JAK1,-0.45969686928432696,3,0.4176041667255624,0.9704904043901976,positive_k10_r0.5,confirmatory_DO_vs_NDO
KDR,-0.9566890058112617,3,0.3186318252827135,0.3624427084261987,positive_k10_r0.5,confirmatory_DO_vs_NDO
LRRK2,1.8108045108480757,3,0.1357242845915267,0.207422799820841,positive_k10_r0.5,confirmatory_DO_vs_NDO
LYN,-0.6052054002470804,3,0.3584021152629523,0.4761732498718506,positive_k10_r0.5,confirmatory_DO_vs_NDO
MET,-0.10648395627233695,3,0.1107100774743403,0.12679757695112578,positive_k10_r0.5,confirmatory_DO_vs_NDO
PDGFRA,-0.05827653790861452,3,0.0363187056173693,0.0410481469245975,positive_k10_r0.5,confirmatory_DO_vs_NDO
TYK2,0.14741882405021725,3,0.0863856785754188,0.2118461195341978,positive_k10_r0.5,confirmatory_DO_vs_NDO
ABL1,-0.4003717924262168,3,0.0707541445148114,0.1675912167742252,positive_k10_r0.5,discovery_DO_vs_HV
AXL,-0.8452637938057147,3,0.2616738214506223,0.272114912945247,positive_k10_r0.5,discovery_DO_vs_HV
CDK4,-0.5855449497628804,3,0.1331932845130286,0.31412371767841457,positive_k10_r0.5,discovery_DO_vs_HV
FGFR1,-1.132757659368223,3,0.2220832025848527,0.2390878263633168,positive_k10_r0.5,discovery_DO_vs_HV
FGFR2,0.06038667454418241,2,0.0368410344793124,0.0399802161332969,positive_k10_r0.5,discovery_DO_vs_HV
FGFR3,-0.4676429450444352,3,0.1307017986721793,0.1875979783960152,positive_k10_r0.5,discovery_DO_vs_HV
FGFR4,-0.3599040229705447,3,0.1173547261588983,0.1333677296886207,positive_k10_r0.5,discovery_DO_vs_HV
FLT1,0.7269566503384525,3,0.5224055110178328,0.5829631545703581,positive_k10_r0.5,discovery_DO_vs_HV
FLT3,-0.6356845214124718,3,0.0737652027697184,0.07645157241594776,positive_k10_r0.5,discovery_DO_vs_HV
FLT4,0.3638829018453744,3,0.1622116607290365,0.1744779217943729,positive_k10_r0.5,discovery_DO_vs_HV
JAK1,0.05455288353196338,3,0.4176041667255624,0.9704904043901976,positive_k10_r0.5,discovery_DO_vs_HV
KDR,-0.6868381465939573,3,0.3186318252827135,0.3624427084261987,positive_k10_r0.5,discovery_DO_vs_HV
LRRK2,2.6972324886328165,3,0.1357242845915267,0.207422799820841,positive_k10_r0.5,discovery_DO_vs_HV
LYN,-0.6508273001415656,3,0.3584021152629523,0.4761732498718506,positive_k10_r0.5,discovery_DO_vs_HV
MET,-0.3403745249094719,3,0.1107100774743403,0.12679757695112578,positive_k10_r0.5,discovery_DO_vs_HV
PDGFRA,2.056227362513425,3,0.0363187056173693,0.0410481469245975,positive_k10_r0.5,discovery_DO_vs_HV
TYK2,-0.5112171968636411,3,0.0863856785754188,0.2118461195341978,positive_k10_r0.5,discovery_DO_vs_HV
ABL1,-0.5456417805513741,3,0.0707541445148114,0.1675912167742252,positive_k10_r0.5,discovery_DO_vs_NDO
AXL,-0.8288888908376695,3,0.2616738214506223,0.272114912945247,positive_k10_r0.5,discovery_DO_vs_NDO
CDK4,-0.591642644231617,3,0.1331932845130286,0.31412371767841457,positive_k10_r0.5,discovery_DO_vs_NDO
FGFR1,-1.1286514729261616,3,0.2220832025848527,0.2390878263633168,positive_k10_r0.5,discovery_DO_vs_NDO
FGFR2,0.10637652742536034,2,0.0368410344793124,0.0399802161332969,positive_k10_r0.5,discovery_DO_vs_NDO
FGFR3,-0.36714941062490625,3,0.1307017986721793,0.1875979783960152,positive_k10_r0.5,discovery_DO_vs_NDO
FGFR4,-0.344871114101964,3,0.1173547261588983,0.1333677296886207,positive_k10_r0.5,discovery_DO_vs_NDO
FLT1,0.7998145305424609,3,0.5224055110178328,0.5829631545703581,positive_k10_r0.5,discovery_DO_vs_NDO
FLT3,-0.6566801142212788,3,0.0737652027697184,0.07645157241594776,positive_k10_r0.5,discovery_DO_vs_NDO
FLT4,0.7982385963449338,3,0.1622116607290365,0.1744779217943729,positive_k10_r0.5,discovery_DO_vs_NDO
JAK1,-0.16668480819731887,3,0.4176041667255624,0.9704904043901976,positive_k10_r0.5,discovery_DO_vs_NDO
KDR,-0.8605893113372479,3,0.3186318252827135,0.3624427084261987,positive_k10_r0.5,discovery_DO_vs_NDO
LRRK2,1.260996389214871,3,0.1357242845915267,0.207422799820841,positive_k10_r0.5,discovery_DO_vs_NDO
LYN,-0.6626078241526353,3,0.3584021152629523,0.4761732498718506,positive_k10_r0.5,discovery_DO_vs_NDO
MET,-0.24546738962030082,3,0.1107100774743403,0.12679757695112578,positive_k10_r0.5,discovery_DO_vs_NDO
PDGFRA,1.0419218382970963,3,0.0363187056173693,0.0410481469245975,positive_k10_r0.5,discovery_DO_vs_NDO
TYK2,-0.23687168878274453,3,0.0863856785754188,0.2118461195341978,positive_k10_r0.5,discovery_DO_vs_NDO
ABL1,-0.39658224014751314,3,0.0707541445148114,0.1675912167742252,positive_k10_r0.7,confirmatory_DO_vs_HV
AXL,-0.7914402661330567,3,0.2616738214506223,0.272114912945247,positive_k10_r0.7,confirmatory_DO_vs_HV
CDK4,-0.5610616407241444,3,0.1331932845130286,0.31412371767841457,positive_k10_r0.7,confirmatory_DO_vs_HV
FGFR1,-1.080563254668725,3,0.2220832025848527,0.2390878263633168,positive_k10_r0.7,confirmatory_DO_vs_HV
FGFR2,-0.2316150524721208,2,0.0368410344793124,0.0399802161332969,positive_k10_r0.7,confirmatory_DO_vs_HV
FGFR3,-0.2840938636196897,3,0.1307017986721793,0.1875979783960152,positive_k10_r0.7,confirmatory_DO_vs_HV
FGFR4,-0.29843849393877475,3,0.1173547261588983,0.1333677296886207,positive_k10_r0.7,confirmatory_DO_vs_HV
FLT1,1.4153642309816314,3,0.5224055110178328,0.5829631545703581,positive_k10_r0.7,confirmatory_DO_vs_HV
FLT3,-0.5732994006655605,3,0.0737652027697184,0.07645157241594776,positive_k10_r0.7,confirmatory_DO_vs_HV
FLT4,1.2037844966685207,3,0.1622116607290365,0.1744779217943729,positive_k10_r0.7,confirmatory_DO_vs_HV
JAK1,0.11029416531038098,3,0.4176041667255624,0.9704904043901976,positive_k10_r0.7,confirmatory_DO_vs_HV
KDR,-0.5788774012152079,3,0.3186318252827135,0.3624427084261987,positive_k10_r0.7,confirmatory_DO_vs_HV
LRRK2,4.355657191892107,3,0.1357242845915267,0.207422799820841,positive_k10_r0.7,confirmatory_DO_vs_HV
LYN,-0.5887620222936578,3,0.3584021152629523,0.4761732498718506,positive_k10_r0.7,confirmatory_DO_vs_HV
MET,-0.17882557865355833,3,0.1107100774743403,0.12679757695112578,positive_k10_r0.7,confirmatory_DO_vs_HV
PDGFRA,1.8626479387749435,3,0.0363187056173693,0.0410481469245975,positive_k10_r0.7,confirmatory_DO_vs_HV
TYK2,-0.2423478938381145,3,0.0863856785754188,0.2118461195341978,positive_k10_r0.7,confirmatory_DO_vs_HV
ABL1,-0.4108945256147429,3,0.0707541445148114,0.1675912167742252,positive_k10_r0.7,confirmatory_DO_vs_NDO
AXL,-0.6331164089932704,3,0.2616738214506223,0.272114912945247,positive_k10_r0.7,confirmatory_DO_vs_NDO
CDK4,-0.49285122378893104,3,0.1331932845130286,0.31412371767841457,positive_k10_r0.7,confirmatory_DO_vs_NDO
FGFR1,-0.8645185304442293,3,0.2220832025848527,0.2390878263633168,positive_k10_r0.7,confirmatory_DO_vs_NDO
FGFR2,0.04005320620680065,2,0.0368410344793124,0.0399802161332969,positive_k10_r0.7,confirmatory_DO_vs_NDO
FGFR3,-0.27369320544445924,3,0.1307017986721793,0.1875979783960152,positive_k10_r0.7,confirmatory_DO_vs_NDO
FGFR4,-0.2790728433409426,3,0.1173547261588983,0.1333677296886207,positive_k10_r0.7,confirmatory_DO_vs_NDO
FLT1,-0.1411292519145063,3,0.5224055110178328,0.5829631545703581,positive_k10_r0.7,confirmatory_DO_vs_NDO
FLT3,-0.5358896013952478,3,0.0737652027697184,0.07645157241594776,positive_k10_r0.7,confirmatory_DO_vs_NDO
FLT4,1.0074905909598622,3,0.1622116607290365,0.1744779217943729,positive_k10_r0.7,confirmatory_DO_vs_NDO
JAK1,-0.37761431875839296,3,0.4176041667255624,0.9704904043901976,positive_k10_r0.7,confirmatory_DO_vs_NDO
KDR,-0.698274769503409,3,0.3186318252827135,0.3624427084261987,positive_k10_r0.7,confirmatory_DO_vs_NDO
LRRK2,3.237017178646926,3,0.1357242845915267,0.207422799820841,positive_k10_r0.7,confirmatory_DO_vs_NDO
LYN,-0.5616373070626138,3,0.3584021152629523,0.4761732498718506,positive_k10_r0.7,confirmatory_DO_vs_NDO
MET,-0.1101880397953213,3,0.1107100774743403,0.12679757695112578,positive_k10_r0.7,confirmatory_DO_vs_NDO
PDGFRA,-0.030722452355284344,3,0.0363187056173693,0.0410481469245975,positive_k10_r0.7,confirmatory_DO_vs_NDO
TYK2,0.1709804543545853,3,0.0863856785754188,0.2118461195341978,positive_k10_r0.7,confirmatory_DO_vs_NDO
ABL1,-0.4091200788349796,3,0.0707541445148114,0.1675912167742252,positive_k10_r0.7,discovery_DO_vs_HV
AXL,-0.7910741800648637,3,0.2616738214506223,0.272114912945247,positive_k10_r0.7,discovery_DO_vs_HV
CDK4,-0.5752598705573077,3,0.1331932845130286,0.31412371767841457,positive_k10_r0.7,discovery_DO_vs_HV
FGFR1,-1.0943346065684911,3,0.2220832025848527,0.2390878263633168,positive_k10_r0.7,discovery_DO_vs_HV
FGFR2,-0.04959125877136714,2,0.0368410344793124,0.0399802161332969,positive_k10_r0.7,discovery_DO_vs_HV
FGFR3,-0.4113827195215358,3,0.1307017986721793,0.1875979783960152,positive_k10_r0.7,discovery_DO_vs_HV
FGFR4,-0.32641424721486395,3,0.1173547261588983,0.1333677296886207,positive_k10_r0.7,discovery_DO_vs_HV
FLT1,0.8308204837241835,3,0.5224055110178328,0.5829631545703581,positive_k10_r0.7,discovery_DO_vs_HV
FLT3,-0.585016609026248,3,0.0737652027697184,0.07645157241594776,positive_k10_r0.7,discovery_DO_vs_HV
FLT4,0.3977146764492015,3,0.1622116607290365,0.1744779217943729,positive_k10_r0.7,discovery_DO_vs_HV
JAK1,0.1288316865703148,3,0.4176041667255624,0.9704904043901976,positive_k10_r0.7,discovery_DO_vs_HV
KDR,-0.547691505445187,3,0.3186318252827135,0.3624427084261987,positive_k10_r0.7,discovery_DO_vs_HV
LRRK2,4.946928213315564,3,0.1357242845915267,0.207422799820841,positive_k10_r0.7,discovery_DO_vs_HV
LYN,-0.6232194144278026,3,0.3584021152629523,0.4761732498718506,positive_k10_r0.7,discovery_DO_vs_HV
MET,-0.3284619277106882,3,0.1107100774743403,0.12679757695112578,positive_k10_r0.7,discovery_DO_vs_HV
PDGFRA,2.1111342936372006,3,0.0363187056173693,0.0410481469245975,positive_k10_r0.7,discovery_DO_vs_HV
TYK2,-0.4804359945312579,3,0.0863856785754188,0.2118461195341978,positive_k10_r0.7,discovery_DO_vs_HV
ABL1,-0.5608527882270963,3,0.0707541445148114,0.1675912167742252,positive_k10_r0.7,discovery_DO_vs_NDO
AXL,-0.7779940445722272,3,0.2616738214506223,0.272114912945247,positive_k10_r0.7,discovery_DO_vs_NDO
CDK4,-0.579881020663827,3,0.1331932845130286,0.31412371767841457,positive_k10_r0.7,discovery_DO_vs_NDO
FGFR1,-1.0836672566141716,3,0.2220832025848527,0.2390878263633168,positive_k10_r0.7,discovery_DO_vs_NDO
FGFR2,-0.016286555615283204,2,0.0368410344793124,0.0399802161332969,positive_k10_r0.7,discovery_DO_vs_NDO
FGFR3,-0.3309834565492742,3,0.1307017986721793,0.1875979783960152,positive_k10_r0.7,discovery_DO_vs_NDO
FGFR4,-0.32824894453175824,3,0.1173547261588983,0.1333677296886207,positive_k10_r0.7,discovery_DO_vs_NDO
FLT1,0.9038348984477286,3,0.5224055110178328,0.5829631545703581,positive_k10_r0.7,discovery_DO_vs_NDO
FLT3,-0.599820906897198,3,0.0737652027697184,0.07645157241594776,positive_k10_r0.7,discovery_DO_vs_NDO
FLT4,0.8272168870846972,3,0.1622116607290365,0.1744779217943729,positive_k10_r0.7,discovery_DO_vs_NDO
JAK1,-0.08220588115810468,3,0.4176041667255624,0.9704904043901976,positive_k10_r0.7,discovery_DO_vs_NDO
KDR,-0.657082062807432,3,0.3186318252827135,0.3624427084261987,positive_k10_r0.7,discovery_DO_vs_NDO
LRRK2,2.4151522262893215,3,0.1357242845915267,0.207422799820841,positive_k10_r0.7,discovery_DO_vs_NDO
LYN,-0.6276886760744737,3,0.3584021152629523,0.4761732498718506,positive_k10_r0.7,discovery_DO_vs_NDO
MET,-0.24331239289284567,3,0.1107100774743403,0.12679757695112578,positive_k10_r0.7,discovery_DO_vs_NDO
PDGFRA,1.0891143960337208,3,0.0363187056173693,0.0410481469245975,positive_k10_r0.7,discovery_DO_vs_NDO
TYK2,-0.2111908494781196,3,0.0863856785754188,0.2118461195341978,positive_k10_r0.7,discovery_DO_vs_NDO
ABL1,-0.5637593861415268,3,0.0707541445148114,0.1675912167742252,positive_k20_r0.3,confirmatory_DO_vs_HV
AXL,-1.303890321961493,3,0.2616738214506223,0.272114912945247,positive_k20_r0.3,confirmatory_DO_vs_HV
CDK4,-0.6757407037046154,3,0.1331932845130286,0.31412371767841457,positive_k20_r0.3,confirmatory_DO_vs_HV
FGFR1,-1.2742674095145858,3,0.2220832025848527,0.2390878263633168,positive_k20_r0.3,confirmatory_DO_vs_HV
FGFR2,-0.3117368347780326,2,0.0368410344793124,0.0399802161332969,positive_k20_r0.3,confirmatory_DO_vs_HV
FGFR3,-0.33664414144218674,3,0.1307017986721793,0.1875979783960152,positive_k20_r0.3,confirmatory_DO_vs_HV
FGFR4,-0.22270620502662378,3,0.1173547261588983,0.1333677296886207,positive_k20_r0.3,confirmatory_DO_vs_HV
FLT1,0.7819240691701839,3,0.5224055110178328,0.5829631545703581,positive_k20_r0.3,confirmatory_DO_vs_HV
FLT3,-0.7568965851956141,3,0.0737652027697184,0.07645157241594776,positive_k20_r0.3,confirmatory_DO_vs_HV
FLT4,0.9452206578753886,3,0.1622116607290365,0.1744779217943729,positive_k20_r0.3,confirmatory_DO_vs_HV
JAK1,0.11089780378951265,3,0.4176041667255624,0.9704904043901976,positive_k20_r0.3,confirmatory_DO_vs_HV
KDR,-1.1109016471041804,3,0.3186318252827135,0.3624427084261987,positive_k20_r0.3,confirmatory_DO_vs_HV
LRRK2,2.934077837623373,3,0.1357242845915267,0.207422799820841,positive_k20_r0.3,confirmatory_DO_vs_HV
LYN,-0.5917251851450759,3,0.3584021152629523,0.4761732498718506,positive_k20_r0.3,confirmatory_DO_vs_HV
MET,-0.24095194911815485,3,0.1107100774743403,0.12679757695112578,positive_k20_r0.3,confirmatory_DO_vs_HV
PDGFRA,1.6247482821401875,3,0.0363187056173693,0.0410481469245975,positive_k20_r0.3,confirmatory_DO_vs_HV
TYK2,0.03495006059122941,3,0.0863856785754188,0.2118461195341978,positive_k20_r0.3,confirmatory_DO_vs_HV
ABL1,-0.5461576014674568,3,0.0707541445148114,0.1675912167742252,positive_k20_r0.3,confirmatory_DO_vs_NDO
AXL,-0.9646484697420397,3,0.2616738214506223,0.272114912945247,positive_k20_r0.3,confirmatory_DO_vs_NDO
CDK4,-0.5954693341474587,3,0.1331932845130286,0.31412371767841457,positive_k20_r0.3,confirmatory_DO_vs_NDO
FGFR1,-0.9416145272865969,3,0.2220832025848527,0.2390878263633168,positive_k20_r0.3,confirmatory_DO_vs_NDO
FGFR2,-0.058969603774392955,2,0.0368410344793124,0.0399802161332969,positive_k20_r0.3,confirmatory_DO_vs_NDO
FGFR3,-0.43053322069945793,3,0.1307017986721793,0.1875979783960152,positive_k20_r0.3,confirmatory_DO_vs_NDO
FGFR4,-0.07253505427346978,3,0.1173547261588983,0.1333677296886207,positive_k20_r0.3,confirmatory_DO_vs_NDO
FLT1,-0.37087584651581046,3,0.5224055110178328,0.5829631545703581,positive_k20_r0.3,confirmatory_DO_vs_NDO
FLT3,-0.7091232068556294,3,0.0737652027697184,0.07645157241594776,positive_k20_r0.3,confirmatory_DO_vs_NDO
FLT4,0.8017030225226197,3,0.1622116607290365,0.1744779217943729,positive_k20_r0.3,confirmatory_DO_vs_NDO
JAK1,-0.45395385213504347,3,0.4176041667255624,0.9704904043901976,positive_k20_r0.3,confirmatory_DO_vs_NDO
KDR,-1.1380396639718366,3,0.3186318252827135,0.3624427084261987,positive_k20_r0.3,confirmatory_DO_vs_NDO
LRRK2,2.3184121825307145,3,0.1357242845915267,0.207422799820841,positive_k20_r0.3,confirmatory_DO_vs_NDO
LYN,-0.3185611795225986,3,0.3584021152629523,0.4761732498718506,positive_k20_r0.3,confirmatory_DO_vs_NDO
MET,-0.21547616201083317,3,0.1107100774743403,0.12679757695112578,positive_k20_r0.3,confirmatory_DO_vs_NDO
PDGFRA,-0.20219874248055655,3,0.0363187056173693,0.0410481469245975,positive_k20_r0.3,confirmatory_DO_vs_NDO
TYK2,2.1099922984171604,3,0.0863856785754188,0.2118461195341978,positive_k20_r0.3,confirmatory_DO_vs_NDO
ABL1,-0.5802403392653118,3,0.0707541445148114,0.1675912167742252,positive_k20_r0.3,discovery_DO_vs_HV
AXL,-1.2225404698215037,3,0.2616738214506223,0.272114912945247,positive_k20_r0.3,discovery_DO_vs_HV
CDK4,-0.6913781844719342,3,0.1331932845130286,0.31412371767841457,positive_k20_r0.3,discovery_DO_vs_HV
FGFR1,-1.2553460812872028,3,0.2220832025848527,0.2390878263633168,positive_k20_r0.3,discovery_DO_vs_HV
FGFR2,-0.15820928315710464,2,0.0368410344793124,0.0399802161332969,positive_k20_r0.3,discovery_DO_vs_HV
FGFR3,-0.4236608890428763,3,0.1307017986721793,0.1875979783960152,positive_k20_r0.3,discovery_DO_vs_HV
FGFR4,-0.18519537604137581,3,0.1173547261588983,0.1333677296886207,positive_k20_r0.3,discovery_DO_vs_HV
FLT1,0.34667541883748915,3,0.5224055110178328,0.5829631545703581,positive_k20_r0.3,discovery_DO_vs_HV
FLT3,-0.7659305501451454,3,0.0737652027697184,0.07645157241594776,positive_k20_r0.3,discovery_DO_vs_HV
FLT4,0.2346488440977244,3,0.1622116607290365,0.1744779217943729,positive_k20_r0.3,discovery_DO_vs_HV
JAK1,0.10816579925164417,3,0.4176041667255624,0.9704904043901976,positive_k20_r0.3,discovery_DO_vs_HV
KDR,-1.0368197768434881,3,0.3186318252827135,0.3624427084261987,positive_k20_r0.3,discovery_DO_vs_HV
LRRK2,3.140105617441352,3,0.1357242845915267,0.207422799820841,positive_k20_r0.3,discovery_DO_vs_HV
LYN,-0.36449893200700756,3,0.3584021152629523,0.4761732498718506,positive_k20_r0.3,discovery_DO_vs_HV
MET,-0.4488907242860351,3,0.1107100774743403,0.12679757695112578,positive_k20_r0.3,discovery_DO_vs_HV
PDGFRA,1.8454562021832437,3,0.0363187056173693,0.0410481469245975,positive_k20_r0.3,discovery_DO_vs_HV
TYK2,0.8937790766724165,3,0.0863856785754188,0.2118461195341978,positive_k20_r0.3,discovery_DO_vs_HV
ABL1,-0.6911295757339407,3,0.0707541445148114,0.1675912167742252,positive_k20_r0.3,discovery_DO_vs_NDO
AXL,-1.1852535893205827,3,0.2616738214506223,0.272114912945247,positive_k20_r0.3,discovery_DO_vs_NDO
CDK4,-0.7138902290950464,3,0.1331932845130286,0.31412371767841457,positive_k20_r0.3,discovery_DO_vs_NDO
FGFR1,-1.24156250018306,3,0.2220832025848527,0.2390878263633168,positive_k20_r0.3,discovery_DO_vs_NDO
FGFR2,-0.06575475606389748,2,0.0368410344793124,0.0399802161332969,positive_k20_r0.3,discovery_DO_vs_NDO
FGFR3,-0.34741940823001033,3,0.1307017986721793,0.1875979783960152,positive_k20_r0.3,discovery_DO_vs_NDO
FGFR4,-0.10371135772175251,3,0.1173547261588983,0.1333677296886207,positive_k20_r0.3,discovery_DO_vs_NDO
FLT1,0.41586306392459493,3,0.5224055110178328,0.5829631545703581,positive_k20_r0.3,discovery_DO_vs_NDO
FLT3,-0.7951196064369268,3,0.0737652027697184,0.07645157241594776,positive_k20_r0.3,discovery_DO_vs_NDO
FLT4,0.6227249312489322,3,0.1622116607290365,0.1744779217943729,positive_k20_r0.3,discovery_DO_vs_NDO
JAK1,-0.1749300462655602,3,0.4176041667255624,0.9704904043901976,positive_k20_r0.3,discovery_DO_vs_NDO
KDR,-1.1136268719881313,3,0.3186318252827135,0.3624427084261987,positive_k20_r0.3,discovery_DO_vs_NDO
LRRK2,2.216628863196662,3,0.1357242845915267,0.207422799820841,positive_k20_r0.3,discovery_DO_vs_NDO
LYN,-0.3774076753760733,3,0.3584021152629523,0.4761732498718506,positive_k20_r0.3,discovery_DO_vs_NDO
MET,-0.34924886766455193,3,0.1107100774743403,0.12679757695112578,positive_k20_r0.3,discovery_DO_vs_NDO
PDGFRA,0.8378486656031802,3,0.0363187056173693,0.0410481469245975,positive_k20_r0.3,discovery_DO_vs_NDO
TYK2,1.2047416206432713,3,0.0863856785754188,0.2118461195341978,positive_k20_r0.3,discovery_DO_vs_NDO
ABL1,-0.5522876409190433,3,0.0707541445148114,0.1675912167742252,positive_k20_r0.5,confirmatory_DO_vs_HV
AXL,-1.1949066912651636,3,0.2616738214506223,0.272114912945247,positive_k20_r0.5,confirmatory_DO_vs_HV
CDK4,-0.651044620094785,3,0.1331932845130286,0.31412371767841457,positive_k20_r0.5,confirmatory_DO_vs_HV
FGFR1,-1.2188075082824388,3,0.2220832025848527,0.2390878263633168,positive_k20_r0.5,confirmatory_DO_vs_HV
FGFR2,-0.3394696651715795,2,0.0368410344793124,0.0399802161332969,positive_k20_r0.5,confirmatory_DO_vs_HV
FGFR3,-0.3788379500053822,3,0.1307017986721793,0.1875979783960152,positive_k20_r0.5,confirmatory_DO_vs_HV
FGFR4,-0.27770276165384694,3,0.1173547261588983,0.1333677296886207,positive_k20_r0.5,confirmatory_DO_vs_HV
FLT1,1.0153163447636169,3,0.5224055110178328,0.5829631545703581,positive_k20_r0.5,confirmatory_DO_vs_HV
FLT3,-0.6757054891373402,3,0.0737652027697184,0.07645157241594776,positive_k20_r0.5,confirmatory_DO_vs_HV
FLT4,0.956921532032977,3,0.1622116607290365,0.1744779217943729,positive_k20_r0.5,confirmatory_DO_vs_HV
JAK1,0.2877633949618396,3,0.4176041667255624,0.9704904043901976,positive_k20_r0.5,confirmatory_DO_vs_HV
KDR,-0.9226239188480598,3,0.3186318252827135,0.3624427084261987,positive_k20_r0.5,confirmatory_DO_vs_HV
LRRK2,4.659874138446372,3,0.1357242845915267,0.207422799820841,positive_k20_r0.5,confirmatory_DO_vs_HV
LYN,-0.5446447937867215,3,0.3584021152629523,0.4761732498718506,positive_k20_r0.5,confirmatory_DO_vs_HV
MET,-0.2666224682027435,3,0.1107100774743403,0.12679757695112578,positive_k20_r0.5,confirmatory_DO_vs_HV
PDGFRA,1.6403119570239464,3,0.0363187056173693,0.0410481469245975,positive_k20_r0.5,confirmatory_DO_vs_HV
TYK2,0.08913168724657211,3,0.0863856785754188,0.2118461195341978,positive_k20_r0.5,confirmatory_DO_vs_HV
ABL1,-0.5392261650348916,3,0.0707541445148114,0.1675912167742252,positive_k20_r0.5,confirmatory_DO_vs_NDO
AXL,-0.926523677413604,3,0.2616738214506223,0.272114912945247,positive_k20_r0.5,confirmatory_DO_vs_NDO
CDK4,-0.5756945634861801,3,0.1331932845130286,0.31412371767841457,positive_k20_r0.5,confirmatory_DO_vs_NDO
FGFR1,-0.9192667620403105,3,0.2220832025848527,0.2390878263633168,positive_k20_r0.5,confirmatory_DO_vs_NDO
FGFR2,-0.12075601469237879,2,0.0368410344793124,0.0399802161332969,positive_k20_r0.5,confirmatory_DO_vs_NDO
FGFR3,-0.43054145099456853,3,0.1307017986721793,0.1875979783960152,positive_k20_r0.5,confirmatory_DO_vs_NDO
FGFR4,-0.10301236613073397,3,0.1173547261588983,0.1333677296886207,positive_k20_r0.5,confirmatory_DO_vs_NDO
FLT1,-0.2674391349390313,3,0.5224055110178328,0.5829631545703581,positive_k20_r0.5,confirmatory_DO_vs_NDO
FLT3,-0.6374146667405205,3,0.0737652027697184,0.07645157241594776,positive_k20_r0.5,confirmatory_DO_vs_NDO
FLT4,0.8114811076946006,3,0.1622116607290365,0.1744779217943729,positive_k20_r0.5,confirmatory_DO_vs_NDO
JAK1,-0.3319647601821951,3,0.4176041667255624,0.9704904043901976,positive_k20_r0.5,confirmatory_DO_vs_NDO
KDR,-0.9526463885503794,3,0.3186318252827135,0.3624427084261987,positive_k20_r0.5,confirmatory_DO_vs_NDO
LRRK2,3.6358409328462304,3,0.1357242845915267,0.207422799820841,positive_k20_r0.5,confirmatory_DO_vs_NDO
LYN,-0.2501143458428269,3,0.3584021152629523,0.4761732498718506,positive_k20_r0.5,confirmatory_DO_vs_NDO
MET,-0.2206740943121336,3,0.1107100774743403,0.12679757695112578,positive_k20_r0.5,confirmatory_DO_vs_NDO
PDGFRA,-0.18723351655605167,3,0.0363187056173693,0.0410481469245975,positive_k20_r0.5,confirmatory_DO_vs_NDO
TYK2,2.4160299325222483,3,0.0863856785754188,0.2118461195341978,positive_k20_r0.5,confirmatory_DO_vs_NDO
ABL1,-0.5719452114639415,3,0.0707541445148114,0.1675912167742252,positive_k20_r0.5,discovery_DO_vs_HV
AXL,-1.1511765717910967,3,0.2616738214506223,0.272114912945247,positive_k20_r0.5,discovery_DO_vs_HV
CDK4,-0.6650354781007453,3,0.1331932845130286,0.31412371767841457,positive_k20_r0.5,discovery_DO_vs_HV
FGFR1,-1.213925715371444,3,0.2220832025848527,0.2390878263633168,positive_k20_r0.5,discovery_DO_vs_HV
FGFR2,-0.2049955546242161,2,0.0368410344793124,0.0399802161332969,positive_k20_r0.5,discovery_DO_vs_HV
FGFR3,-0.427469213997974,3,0.1307017986721793,0.1875979783960152,positive_k20_r0.5,discovery_DO_vs_HV
FGFR4,-0.18280915460133473,3,0.1173547261588983,0.1333677296886207,positive_k20_r0.5,discovery_DO_vs_HV
FLT1,0.5257246919662412,3,0.5224055110178328,0.5829631545703581,positive_k20_r0.5,discovery_DO_vs_HV
FLT3,-0.687040287117748,3,0.0737652027697184,0.07645157241594776,positive_k20_r0.5,discovery_DO_vs_HV
FLT4,0.24792110234517226,3,0.1622116607290365,0.1744779217943729,positive_k20_r0.5,discovery_DO_vs_HV
JAK1,0.27054216460988784,3,0.4176041667255624,0.9704904043901976,positive_k20_r0.5,discovery_DO_vs_HV
KDR,-0.8591873205763432,3,0.3186318252827135,0.3624427084261987,positive_k20_r0.5,discovery_DO_vs_HV
LRRK2,4.991713665678731,3,0.1357242845915267,0.207422799820841,positive_k20_r0.5,discovery_DO_vs_HV
LYN,-0.3099758614574412,3,0.3584021152629523,0.4761732498718506,positive_k20_r0.5,discovery_DO_vs_HV
MET,-0.4465018849351074,3,0.1107100774743403,0.12679757695112578,positive_k20_r0.5,discovery_DO_vs_HV
PDGFRA,1.8722354200456068,3,0.0363187056173693,0.0410481469245975,positive_k20_r0.5,discovery_DO_vs_HV
TYK2,1.0635413643379947,3,0.0863856785754188,0.2118461195341978,positive_k20_r0.5,discovery_DO_vs_HV
ABL1,-0.6888282786699658,3,0.0707541445148114,0.1675912167742252,positive_k20_r0.5,discovery_DO_vs_NDO
AXL,-1.1347764646382197,3,0.2616738214506223,0.272114912945247,positive_k20_r0.5,discovery_DO_vs_NDO
CDK4,-0.6828132910070174,3,0.1331932845130286,0.31412371767841457,positive_k20_r0.5,discovery_DO_vs_NDO
FGFR1,-1.1950978630185776,3,0.2220832025848527,0.2390878263633168,positive_k20_r0.5,discovery_DO_vs_NDO
FGFR2,-0.1578486431986675,2,0.0368410344793124,0.0399802161332969,positive_k20_r0.5,discovery_DO_vs_NDO
FGFR3,-0.395841448187181,3,0.1307017986721793,0.1875979783960152,positive_k20_r0.5,discovery_DO_vs_NDO
FGFR4,-0.15782829944926355,3,0.1173547261588983,0.1333677296886207,positive_k20_r0.5,discovery_DO_vs_NDO
FLT1,0.6014487461495323,3,0.5224055110178328,0.5829631545703581,positive_k20_r0.5,discovery_DO_vs_NDO
FLT3,-0.7096808985582788,3,0.0737652027697184,0.07645157241594776,positive_k20_r0.5,discovery_DO_vs_NDO
FLT4,0.6317740423906438,3,0.1622116607290365,0.1744779217943729,positive_k20_r0.5,discovery_DO_vs_NDO
JAK1,-0.013746828764758834,3,0.4176041667255624,0.9704904043901976,positive_k20_r0.5,discovery_DO_vs_NDO
KDR,-0.9196317154045206,3,0.3186318252827135,0.3624427084261987,positive_k20_r0.5,discovery_DO_vs_NDO
LRRK2,3.6368943981859196,3,0.1357242845915267,0.207422799820841,positive_k20_r0.5,discovery_DO_vs_NDO
LYN,-0.31499527884370226,3,0.3584021152629523,0.4761732498718506,positive_k20_r0.5,discovery_DO_vs_NDO
MET,-0.36128699342784937,3,0.1107100774743403,0.12679757695112578,positive_k20_r0.5,discovery_DO_vs_NDO
PDGFRA,0.8663905398577861,3,0.0363187056173693,0.0410481469245975,positive_k20_r0.5,discovery_DO_vs_NDO
TYK2,1.3770349976324927,3,0.0863856785754188,0.2118461195341978,positive_k20_r0.5,discovery_DO_vs_NDO
ABL1,-0.5436455294010403,3,0.0707541445148114,0.1675912167742252,positive_k20_r0.7,confirmatory_DO_vs_HV
AXL,-1.1184920519753765,3,0.2616738214506223,0.272114912945247,positive_k20_r0.7,confirmatory_DO_vs_HV
CDK4,-0.6308052721012133,3,0.1331932845130286,0.31412371767841457,positive_k20_r0.7,confirmatory_DO_vs_HV
FGFR1,-1.193453091088246,3,0.2220832025848527,0.2390878263633168,positive_k20_r0.7,confirmatory_DO_vs_HV
FGFR2,-0.32700036203567756,2,0.0368410344793124,0.0399802161332969,positive_k20_r0.7,confirmatory_DO_vs_HV
FGFR3,-0.3990536133577849,3,0.1307017986721793,0.1875979783960152,positive_k20_r0.7,confirmatory_DO_vs_HV
FGFR4,-0.30316030959499685,3,0.1173547261588983,0.1333677296886207,positive_k20_r0.7,confirmatory_DO_vs_HV
FLT1,1.1565237336069294,3,0.5224055110178328,0.5829631545703581,positive_k20_r0.7,confirmatory_DO_vs_HV
FLT3,-0.6233743801430901,3,0.0737652027697184,0.07645157241594776,positive_k20_r0.7,confirmatory_DO_vs_HV
FLT4,0.9631501005318354,3,0.1622116607290365,0.1744779217943729,positive_k20_r0.7,confirmatory_DO_vs_HV
JAK1,0.41147066722032993,3,0.4176041667255624,0.9704904043901976,positive_k20_r0.7,confirmatory_DO_vs_HV
KDR,-0.7487938446967545,3,0.3186318252827135,0.3624427084261987,positive_k20_r0.7,confirmatory_DO_vs_HV
LRRK2,8.42781100582134,3,0.1357242845915267,0.207422799820841,positive_k20_r0.7,confirmatory_DO_vs_HV
LYN,-0.5256740438126382,3,0.3584021152629523,0.4761732498718506,positive_k20_r0.7,confirmatory_DO_vs_HV
MET,-0.2852570273809074,3,0.1107100774743403,0.12679757695112578,positive_k20_r0.7,confirmatory_DO_vs_HV
PDGFRA,1.634404286389809,3,0.0363187056173693,0.0410481469245975,positive_k20_r0.7,confirmatory_DO_vs_HV
TYK2,0.10753159531856184,3,0.0863856785754188,0.2118461195341978,positive_k20_r0.7,confirmatory_DO_vs_HV
ABL1,-0.5342822733977471,3,0.0707541445148114,0.1675912167742252,positive_k20_r0.7,confirmatory_DO_vs_NDO
AXL,-0.8917836984111214,3,0.2616738214506223,0.272114912945247,positive_k20_r0.7,confirmatory_DO_vs_NDO
CDK4,-0.5602736663443941,3,0.1331932845130286,0.31412371767841457,positive_k20_r0.7,confirmatory_DO_vs_NDO
FGFR1,-0.9248046210682077,3,0.2220832025848527,0.2390878263633168,positive_k20_r0.7,confirmatory_DO_vs_NDO
FGFR2,-0.1699767615616267,2,0.0368410344793124,0.0399802161332969,positive_k20_r0.7,confirmatory_DO_vs_NDO
FGFR3,-0.42069225068430177,3,0.1307017986721793,0.1875979783960152,positive_k20_r0.7,confirmatory_DO_vs_NDO
FGFR4,-0.1277517069696029,3,0.1173547261588983,0.1333677296886207,positive_k20_r0.7,confirmatory_DO_vs_NDO
FLT1,-0.21095979989888472,3,0.5224055110178328,0.5829631545703581,positive_k20_r0.7,confirmatory_DO_vs_NDO
FLT3,-0.5858954682029409,3,0.0737652027697184,0.07645157241594776,positive_k20_r0.7,confirmatory_DO_vs_NDO
FLT4,0.8174152438111055,3,0.1622116607290365,0.1744779217943729,positive_k20_r0.7,confirmatory_DO_vs_NDO
JAK1,-0.24156798296718707,3,0.4176041667255624,0.9704904043901976,positive_k20_r0.7,confirmatory_DO_vs_NDO
KDR,-0.7474764219390237,3,0.3186318252827135,0.3624427084261987,positive_k20_r0.7,confirmatory_DO_vs_NDO
LRRK2,6.531345519687431,3,0.1357242845915267,0.207422799820841,positive_k20_r0.7,confirmatory_DO_vs_NDO
LYN,-0.20694050994553784,3,0.3584021152629523,0.4761732498718506,positive_k20_r0.7,confirmatory_DO_vs_NDO
MET,-0.2243617937811773,3,0.1107100774743403,0.12679757695112578,positive_k20_r0.7,confirmatory_DO_vs_NDO
PDGFRA,-0.18552914048316602,3,0.0363187056173693,0.0410481469245975,positive_k20_r0.7,confirmatory_DO_vs_NDO
TYK2,2.562321126350677,3,0.0863856785754188,0.2118461195341978,positive_k20_r0.7,confirmatory_DO_vs_NDO
ABL1,-0.5663201865438242,3,0.0707541445148114,0.1675912167742252,positive_k20_r0.7,discovery_DO_vs_HV
AXL,-1.104866430076782,3,0.2616738214506223,0.272114912945247,positive_k20_r0.7,discovery_DO_vs_HV
CDK4,-0.6451417960375541,3,0.1331932845130286,0.31412371767841457,positive_k20_r0.7,discovery_DO_vs_HV
FGFR1,-1.2008318305507426,3,0.2220832025848527,0.2390878263633168,positive_k20_r0.7,discovery_DO_vs_HV
FGFR2,-0.23960860103668422,2,0.0368410344793124,0.0399802161332969,positive_k20_r0.7,discovery_DO_vs_HV
FGFR3,-0.4219942264674361,3,0.1307017986721793,0.1875979783960152,positive_k20_r0.7,discovery_DO_vs_HV
FGFR4,-0.17270559539167724,3,0.1173547261588983,0.1333677296886207,positive_k20_r0.7,discovery_DO_vs_HV
FLT1,0.628588103959856,3,0.5224055110178328,0.5829631545703581,positive_k20_r0.7,discovery_DO_vs_HV
FLT3,-0.6357165309411136,3,0.0737652027697184,0.07645157241594776,positive_k20_r0.7,discovery_DO_vs_HV
FLT4,0.2582373786186651,3,0.1622116607290365,0.1744779217943729,positive_k20_r0.7,discovery_DO_vs_HV
JAK1,0.3828515447188103,3,0.4176041667255624,0.9704904043901976,positive_k20_r0.7,discovery_DO_vs_HV
KDR,-0.7033714370723888,3,0.3186318252827135,0.3624427084261987,positive_k20_r0.7,discovery_DO_vs_HV
LRRK2,9.045507618258549,3,0.1357242845915267,0.207422799820841,positive_k20_r0.7,discovery_DO_vs_HV
LYN,-0.2830049500369942,3,0.3584021152629523,0.4761732498718506,positive_k20_r0.7,discovery_DO_vs_HV
MET,-0.44377363007386733,3,0.1107100774743403,0.12679757695112578,positive_k20_r0.7,discovery_DO_vs_HV
PDGFRA,1.8748387582663242,3,0.0363187056173693,0.0410481469245975,positive_k20_r0.7,discovery_DO_vs_HV
TYK2,1.142691537243878,3,0.0863856785754188,0.2118461195341978,positive_k20_r0.7,discovery_DO_vs_HV
ABL1,-0.6857107730157417,3,0.0707541445148114,0.1675912167742252,positive_k20_r0.7,discovery_DO_vs_NDO
AXL,-1.095853777527121,3,0.2616738214506223,0.272114912945247,positive_k20_r0.7,discovery_DO_vs_NDO
CDK4,-0.6586066698444508,3,0.1331932845130286,0.31412371767841457,positive_k20_r0.7,discovery_DO_vs_NDO
FGFR1,-1.1814077790977562,3,0.2220832025848527,0.2390878263633168,positive_k20_r0.7,discovery_DO_vs_NDO
FGFR2,-0.21200176814096003,2,0.0368410344793124,0.0399802161332969,positive_k20_r0.7,discovery_DO_vs_NDO
FGFR3,-0.4164310645205665,3,0.1307017986721793,0.1875979783960152,positive_k20_r0.7,discovery_DO_vs_NDO
FGFR4,-0.18127544297965686,3,0.1173547261588983,0.1333677296886207,positive_k20_r0.7,discovery_DO_vs_NDO
FLT1,0.7066109249721243,3,0.5224055110178328,0.5829631545703581,positive_k20_r0.7,discovery_DO_vs_NDO
FLT3,-0.6521401765172936,3,0.0737652027697184,0.07645157241594776,positive_k20_r0.7,discovery_DO_vs_NDO
FLT4,0.6372083377490967,3,0.1622116607290365,0.1744779217943729,positive_k20_r0.7,discovery_DO_vs_NDO
JAK1,0.10055624639007235,3,0.4176041667255624,0.9704904043901976,positive_k20_r0.7,discovery_DO_vs_NDO
KDR,-0.7340509363732545,3,0.3186318252827135,0.3624427084261987,positive_k20_r0.7,discovery_DO_vs_NDO
LRRK2,6.70523768125494,3,0.1357242845915267,0.207422799820841,positive_k20_r0.7,discovery_DO_vs_NDO
LYN,-0.2813513199324394,3,0.3584021152629523,0.4761732498718506,positive_k20_r0.7,discovery_DO_vs_NDO
MET,-0.36597504189480895,3,0.1107100774743403,0.12679757695112578,positive_k20_r0.7,discovery_DO_vs_NDO
PDGFRA,0.8773641205784966,3,0.0363187056173693,0.0410481469245975,positive_k20_r0.7,discovery_DO_vs_NDO
TYK2,1.4505008816429343,3,0.0863856785754188,0.2118461195341978,positive_k20_r0.7,discovery_DO_vs_NDO
ABL1,-0.5444878011230065,3,0.0707541445148114,0.1675912167742252,positive_k40_r0.3,confirmatory_DO_vs_HV
AXL,-1.5256771163321907,3,0.2616738214506223,0.272114912945247,positive_k40_r0.3,confirmatory_DO_vs_HV
CDK4,-0.8064471685479622,3,0.1331932845130286,0.31412371767841457,positive_k40_r0.3,confirmatory_DO_vs_HV
FGFR1,-0.8143612527237661,3,0.2220832025848527,0.2390878263633168,positive_k40_r0.3,confirmatory_DO_vs_HV
FGFR2,-0.2240112487917865,2,0.0368410344793124,0.0399802161332969,positive_k40_r0.3,confirmatory_DO_vs_HV
FGFR3,-0.40175337334812833,3,0.1307017986721793,0.1875979783960152,positive_k40_r0.3,confirmatory_DO_vs_HV
FGFR4,-0.3060024851511184,3,0.1173547261588983,0.1333677296886207,positive_k40_r0.3,confirmatory_DO_vs_HV
FLT1,0.49665034182373363,3,0.5224055110178328,0.5829631545703581,positive_k40_r0.3,confirmatory_DO_vs_HV
FLT3,-0.796564431721023,3,0.0737652027697184,0.07645157241594776,positive_k40_r0.3,confirmatory_DO_vs_HV
FLT4,0.9328684318436478,3,0.1622116607290365,0.1744779217943729,positive_k40_r0.3,confirmatory_DO_vs_HV
JAK1,-0.35284467432226096,3,0.4176041667255624,0.9704904043901976,positive_k40_r0.3,confirmatory_DO_vs_HV
KDR,-1.2405388835347255,3,0.3186318252827135,0.3624427084261987,positive_k40_r0.3,confirmatory_DO_vs_HV
LRRK2,-0.3734634252966042,3,0.1357242845915267,0.207422799820841,positive_k40_r0.3,confirmatory_DO_vs_HV
LYN,-0.9075949815385794,3,0.3584021152629523,0.4761732498718506,positive_k40_r0.3,confirmatory_DO_vs_HV
MET,0.3160267278759624,3,0.1107100774743403,0.12679757695112578,positive_k40_r0.3,confirmatory_DO_vs_HV
PDGFRA,1.2905032160533023,3,0.0363187056173693,0.0410481469245975,positive_k40_r0.3,confirmatory_DO_vs_HV
TYK2,0.005102344244095096,3,0.0863856785754188,0.2118461195341978,positive_k40_r0.3,confirmatory_DO_vs_HV
ABL1,-0.6281132107970531,3,0.0707541445148114,0.1675912167742252,positive_k40_r0.3,confirmatory_DO_vs_NDO
AXL,-1.1653440431491924,3,0.2616738214506223,0.272114912945247,positive_k40_r0.3,confirmatory_DO_vs_NDO
CDK4,-0.7141245583042933,3,0.1331932845130286,0.31412371767841457,positive_k40_r0.3,confirmatory_DO_vs_NDO
FGFR1,0.24330081811782986,3,0.2220832025848527,0.2390878263633168,positive_k40_r0.3,confirmatory_DO_vs_NDO
FGFR2,-0.12288136893238899,2,0.0368410344793124,0.0399802161332969,positive_k40_r0.3,confirmatory_DO_vs_NDO
FGFR3,-0.5032893276694829,3,0.1307017986721793,0.1875979783960152,positive_k40_r0.3,confirmatory_DO_vs_NDO
FGFR4,-0.3459675962565558,3,0.1173547261588983,0.1333677296886207,positive_k40_r0.3,confirmatory_DO_vs_NDO
FLT1,-0.5401575189109764,3,0.5224055110178328,0.5829631545703581,positive_k40_r0.3,confirmatory_DO_vs_NDO
FLT3,-0.782795958866718,3,0.0737652027697184,0.07645157241594776,positive_k40_r0.3,confirmatory_DO_vs_NDO
FLT4,0.7610100233816879,3,0.1622116607290365,0.1744779217943729,positive_k40_r0.3,confirmatory_DO_vs_NDO
JAK1,-0.7039455858549576,3,0.4176041667255624,0.9704904043901976,positive_k40_r0.3,confirmatory_DO_vs_NDO
KDR,-1.0776846837011542,3,0.3186318252827135,0.3624427084261987,positive_k40_r0.3,confirmatory_DO_vs_NDO
LRRK2,-0.015134151416681708,3,0.1357242845915267,0.207422799820841,positive_k40_r0.3,confirmatory_DO_vs_NDO
LYN,-0.6284720486769408,3,0.3584021152629523,0.4761732498718506,positive_k40_r0.3,confirmatory_DO_vs_NDO
MET,-0.15206293050362296,3,0.1107100774743403,0.12679757695112578,positive_k40_r0.3,confirmatory_DO_vs_NDO
PDGFRA,-0.30468365369664036,3,0.0363187056173693,0.0410481469245975,positive_k40_r0.3,confirmatory_DO_vs_NDO
TYK2,1.0330635596066968,3,0.0863856785754188,0.2118461195341978,positive_k40_r0.3,confirmatory_DO_vs_NDO
ABL1,-0.5656005740104034,3,0.0707541445148114,0.1675912167742252,positive_k40_r0.3,discovery_DO_vs_HV
AXL,-1.496635238181112,3,0.2616738214506223,0.272114912945247,positive_k40_r0.3,discovery_DO_vs_HV
CDK4,-0.8149004410483155,3,0.1331932845130286,0.31412371767841457,positive_k40_r0.3,discovery_DO_vs_HV
FGFR1,-1.2014097445113956,3,0.2220832025848527,0.2390878263633168,positive_k40_r0.3,discovery_DO_vs_HV
FGFR2,-0.22103332977831047,2,0.0368410344793124,0.0399802161332969,positive_k40_r0.3,discovery_DO_vs_HV
FGFR3,-0.5307985388670288,3,0.1307017986721793,0.1875979783960152,positive_k40_r0.3,discovery_DO_vs_HV
FGFR4,-0.3291506747859289,3,0.1173547261588983,0.1333677296886207,positive_k40_r0.3,discovery_DO_vs_HV
FLT1,0.09233727220627275,3,0.5224055110178328,0.5829631545703581,positive_k40_r0.3,discovery_DO_vs_HV
FLT3,-0.8143257707990783,3,0.0737652027697184,0.07645157241594776,positive_k40_r0.3,discovery_DO_vs_HV
FLT4,0.21564977384178316,3,0.1622116607290365,0.1744779217943729,positive_k40_r0.3,discovery_DO_vs_HV
JAK1,-0.4089103884354463,3,0.4176041667255624,0.9704904043901976,positive_k40_r0.3,discovery_DO_vs_HV
KDR,-1.2183411580088828,3,0.3186318252827135,0.3624427084261987,positive_k40_r0.3,discovery_DO_vs_HV
LRRK2,-0.10445888828962592,3,0.1357242845915267,0.207422799820841,positive_k40_r0.3,discovery_DO_vs_HV
LYN,-0.6755900860759267,3,0.3584021152629523,0.4761732498718506,positive_k40_r0.3,discovery_DO_vs_HV
MET,-0.10475723812206156,3,0.1107100774743403,0.12679757695112578,positive_k40_r0.3,discovery_DO_vs_HV
PDGFRA,1.4733967417978668,3,0.0363187056173693,0.0410481469245975,positive_k40_r0.3,discovery_DO_vs_HV
TYK2,0.41817047872266566,3,0.0863856785754188,0.2118461195341978,positive_k40_r0.3,discovery_DO_vs_HV
ABL1,-0.6770590726531089,3,0.0707541445148114,0.1675912167742252,positive_k40_r0.3,discovery_DO_vs_NDO
AXL,-1.4257178706286755,3,0.2616738214506223,0.272114912945247,positive_k40_r0.3,discovery_DO_vs_NDO
CDK4,-0.8436150366896527,3,0.1331932845130286,0.31412371767841457,positive_k40_r0.3,discovery_DO_vs_NDO
FGFR1,-0.6475086359721478,3,0.2220832025848527,0.2390878263633168,positive_k40_r0.3,discovery_DO_vs_NDO
FGFR2,-0.10135313728697928,2,0.0368410344793124,0.0399802161332969,positive_k40_r0.3,discovery_DO_vs_NDO
FGFR3,-0.4642416354867141,3,0.1307017986721793,0.1875979783960152,positive_k40_r0.3,discovery_DO_vs_NDO
FGFR4,-0.24967320142921184,3,0.1173547261588983,0.1333677296886207,positive_k40_r0.3,discovery_DO_vs_NDO
FLT1,0.13434358562887996,3,0.5224055110178328,0.5829631545703581,positive_k40_r0.3,discovery_DO_vs_NDO
FLT3,-0.8415444321148807,3,0.0737652027697184,0.07645157241594776,positive_k40_r0.3,discovery_DO_vs_NDO
FLT4,0.5984959780290736,3,0.1622116607290365,0.1744779217943729,positive_k40_r0.3,discovery_DO_vs_NDO
JAK1,-0.5866409686018472,3,0.4176041667255624,0.9704904043901976,positive_k40_r0.3,discovery_DO_vs_NDO
KDR,-1.2339527852054533,3,0.3186318252827135,0.3624427084261987,positive_k40_r0.3,discovery_DO_vs_NDO
LRRK2,-0.1221851083197658,3,0.1357242845915267,0.207422799820841,positive_k40_r0.3,discovery_DO_vs_NDO
LYN,-0.693615001534686,3,0.3584021152629523,0.4761732498718506,positive_k40_r0.3,discovery_DO_vs_NDO
MET,0.05122920360765585,3,0.1107100774743403,0.12679757695112578,positive_k40_r0.3,discovery_DO_vs_NDO
PDGFRA,0.5696546818090815,3,0.0363187056173693,0.0410481469245975,positive_k40_r0.3,discovery_DO_vs_NDO
TYK2,0.6145405899054875,3,0.0863856785754188,0.2118461195341978,positive_k40_r0.3,discovery_DO_vs_NDO
ABL1,-0.5439918336523024,3,0.0707541445148114,0.1675912167742252,positive_k40_r0.5,confirmatory_DO_vs_HV
AXL,-1.4088133857498466,3,0.2616738214506223,0.272114912945247,positive_k40_r0.5,confirmatory_DO_vs_HV
CDK4,-0.8000596755084051,3,0.1331932845130286,0.31412371767841457,positive_k40_r0.5,confirmatory_DO_vs_HV
FGFR1,-0.7213537090720237,3,0.2220832025848527,0.2390878263633168,positive_k40_r0.5,confirmatory_DO_vs_HV
FGFR2,-0.27765120351670863,2,0.0368410344793124,0.0399802161332969,positive_k40_r0.5,confirmatory_DO_vs_HV
FGFR3,-0.48194293375515024,3,0.1307017986721793,0.1875979783960152,positive_k40_r0.5,confirmatory_DO_vs_HV
FGFR4,-0.3668623963969435,3,0.1173547261588983,0.1333677296886207,positive_k40_r0.5,confirmatory_DO_vs_HV
FLT1,0.7276902507002397,3,0.5224055110178328,0.5829631545703581,positive_k40_r0.5,confirmatory_DO_vs_HV
FLT3,-0.7689765196521711,3,0.0737652027697184,0.07645157241594776,positive_k40_r0.5,confirmatory_DO_vs_HV
FLT4,0.9341868586590014,3,0.1622116607290365,0.1744779217943729,positive_k40_r0.5,confirmatory_DO_vs_HV
JAK1,-0.23767033078758193,3,0.4176041667255624,0.9704904043901976,positive_k40_r0.5,confirmatory_DO_vs_HV
KDR,-1.254715902923876,3,0.3186318252827135,0.3624427084261987,positive_k40_r0.5,confirmatory_DO_vs_HV
LRRK2,-0.3089603677465689,3,0.1357242845915267,0.207422799820841,positive_k40_r0.5,confirmatory_DO_vs_HV
LYN,-0.8523351093694456,3,0.3584021152629523,0.4761732498718506,positive_k40_r0.5,confirmatory_DO_vs_HV
MET,0.32181085354233663,3,0.1107100774743403,0.12679757695112578,positive_k40_r0.5,confirmatory_DO_vs_HV
PDGFRA,1.3252144120974034,3,0.0363187056173693,0.0410481469245975,positive_k40_r0.5,confirmatory_DO_vs_HV
TYK2,0.015980412066898316,3,0.0863856785754188,0.2118461195341978,positive_k40_r0.5,confirmatory_DO_vs_HV
ABL1,-0.6266774242766345,3,0.0707541445148114,0.1675912167742252,positive_k40_r0.5,confirmatory_DO_vs_NDO
AXL,-1.116347074273097,3,0.2616738214506223,0.272114912945247,positive_k40_r0.5,confirmatory_DO_vs_NDO
CDK4,-0.7175589260262462,3,0.1331932845130286,0.31412371767841457,positive_k40_r0.5,confirmatory_DO_vs_NDO
FGFR1,0.3396806775722445,3,0.2220832025848527,0.2390878263633168,positive_k40_r0.5,confirmatory_DO_vs_NDO
FGFR2,-0.17768876687673144,2,0.0368410344793124,0.0399802161332969,positive_k40_r0.5,confirmatory_DO_vs_NDO
FGFR3,-0.5236158509528751,3,0.1307017986721793,0.1875979783960152,positive_k40_r0.5,confirmatory_DO_vs_NDO
FGFR4,-0.3726796341515129,3,0.1173547261588983,0.1333677296886207,positive_k40_r0.5,confirmatory_DO_vs_NDO
FLT1,-0.439146406725829,3,0.5224055110178328,0.5829631545703581,positive_k40_r0.5,confirmatory_DO_vs_NDO
FLT3,-0.75808527392986,3,0.0737652027697184,0.07645157241594776,positive_k40_r0.5,confirmatory_DO_vs_NDO
FLT4,0.7673466784280515,3,0.1622116607290365,0.1744779217943729,positive_k40_r0.5,confirmatory_DO_vs_NDO
JAK1,-0.6409633491224703,3,0.4176041667255624,0.9704904043901976,positive_k40_r0.5,confirmatory_DO_vs_NDO
KDR,-1.0503574852559703,3,0.3186318252827135,0.3624427084261987,positive_k40_r0.5,confirmatory_DO_vs_NDO
LRRK2,0.024276993129362212,3,0.1357242845915267,0.207422799820841,positive_k40_r0.5,confirmatory_DO_vs_NDO
LYN,-0.5651659442442288,3,0.3584021152629523,0.4761732498718506,positive_k40_r0.5,confirmatory_DO_vs_NDO
MET,-0.13769857112911077,3,0.1107100774743403,0.12679757695112578,positive_k40_r0.5,confirmatory_DO_vs_NDO
PDGFRA,-0.28523535958235496,3,0.0363187056173693,0.0410481469245975,positive_k40_r0.5,confirmatory_DO_vs_NDO
TYK2,1.070005115693427,3,0.0863856785754188,0.2118461195341978,positive_k40_r0.5,confirmatory_DO_vs_NDO
ABL1,-0.5657779073968685,3,0.0707541445148114,0.1675912167742252,positive_k40_r0.5,discovery_DO_vs_HV
AXL,-1.4038366167285754,3,0.2616738214506223,0.272114912945247,positive_k40_r0.5,discovery_DO_vs_HV
CDK4,-0.8054347962343882,3,0.1331932845130286,0.31412371767841457,positive_k40_r0.5,discovery_DO_vs_HV
FGFR1,-1.1374582435390233,3,0.2220832025848527,0.2390878263633168,positive_k40_r0.5,discovery_DO_vs_HV
FGFR2,-0.2552157355797516,2,0.0368410344793124,0.0399802161332969,positive_k40_r0.5,discovery_DO_vs_HV
FGFR3,-0.5631529040995743,3,0.1307017986721793,0.1875979783960152,positive_k40_r0.5,discovery_DO_vs_HV
FGFR4,-0.3381258899501053,3,0.1173547261588983,0.1333677296886207,positive_k40_r0.5,discovery_DO_vs_HV
FLT1,0.2577623454743594,3,0.5224055110178328,0.5829631545703581,positive_k40_r0.5,discovery_DO_vs_HV
FLT3,-0.7886469219165738,3,0.0737652027697184,0.07645157241594776,positive_k40_r0.5,discovery_DO_vs_HV
FLT4,0.2180703895405776,3,0.1622116607290365,0.1744779217943729,positive_k40_r0.5,discovery_DO_vs_HV
JAK1,-0.3005078130384865,3,0.4176041667255624,0.9704904043901976,positive_k40_r0.5,discovery_DO_vs_HV
KDR,-1.2462008809910432,3,0.3186318252827135,0.3624427084261987,positive_k40_r0.5,discovery_DO_vs_HV
LRRK2,-0.03765694979997151,3,0.1357242845915267,0.207422799820841,positive_k40_r0.5,discovery_DO_vs_HV
LYN,-0.626891766361865,3,0.3584021152629523,0.4761732498718506,positive_k40_r0.5,discovery_DO_vs_HV
MET,-0.08336059580179526,3,0.1107100774743403,0.12679757695112578,positive_k40_r0.5,discovery_DO_vs_HV
PDGFRA,1.5120594642191676,3,0.0363187056173693,0.0410481469245975,positive_k40_r0.5,discovery_DO_vs_HV
TYK2,0.45582084509258064,3,0.0863856785754188,0.2118461195341978,positive_k40_r0.5,discovery_DO_vs_HV
ABL1,-0.684449850312114,3,0.0707541445148114,0.1675912167742252,positive_k40_r0.5,discovery_DO_vs_NDO
AXL,-1.3616214999041956,3,0.2616738214506223,0.272114912945247,positive_k40_r0.5,discovery_DO_vs_NDO
CDK4,-0.8333271246349673,3,0.1331932845130286,0.31412371767841457,positive_k40_r0.5,discovery_DO_vs_NDO
FGFR1,-0.5539718475968298,3,0.2220832025848527,0.2390878263633168,positive_k40_r0.5,discovery_DO_vs_NDO
FGFR2,-0.1892335272526168,2,0.0368410344793124,0.0399802161332969,positive_k40_r0.5,discovery_DO_vs_NDO
FGFR3,-0.5393375235777926,3,0.1307017986721793,0.1875979783960152,positive_k40_r0.5,discovery_DO_vs_NDO
FGFR4,-0.3242713435492773,3,0.1173547261588983,0.1333677296886207,positive_k40_r0.5,discovery_DO_vs_NDO
FLT1,0.3106900554903641,3,0.5224055110178328,0.5829631545703581,positive_k40_r0.5,discovery_DO_vs_NDO
FLT3,-0.8180348803901294,3,0.0737652027697184,0.07645157241594776,positive_k40_r0.5,discovery_DO_vs_NDO
FLT4,0.5978920676191813,3,0.1622116607290365,0.1744779217943729,positive_k40_r0.5,discovery_DO_vs_NDO
JAK1,-0.4945821952979337,3,0.4176041667255624,0.9704904043901976,positive_k40_r0.5,discovery_DO_vs_NDO
KDR,-1.2455853714204965,3,0.3186318252827135,0.3624427084261987,positive_k40_r0.5,discovery_DO_vs_NDO
LRRK2,-0.07334099766440916,3,0.1357242845915267,0.207422799820841,positive_k40_r0.5,discovery_DO_vs_NDO
LYN,-0.6415136621985622,3,0.3584021152629523,0.4761732498718506,positive_k40_r0.5,discovery_DO_vs_NDO
MET,0.06217831004203,3,0.1107100774743403,0.12679757695112578,positive_k40_r0.5,discovery_DO_vs_NDO
PDGFRA,0.6024749759357154,3,0.0363187056173693,0.0410481469245975,positive_k40_r0.5,discovery_DO_vs_NDO
TYK2,0.6459684908292147,3,0.0863856785754188,0.2118461195341978,positive_k40_r0.5,discovery_DO_vs_NDO
ABL1,-0.5422857237018255,3,0.0707541445148114,0.1675912167742252,positive_k40_r0.7,confirmatory_DO_vs_HV
AXL,-1.2947176707424772,3,0.2616738214506223,0.272114912945247,positive_k40_r0.7,confirmatory_DO_vs_HV
CDK4,-0.7987803939203434,3,0.1331932845130286,0.31412371767841457,positive_k40_r0.7,confirmatory_DO_vs_HV
FGFR1,-0.6577180018676771,3,0.2220832025848527,0.2390878263633168,positive_k40_r0.7,confirmatory_DO_vs_HV
FGFR2,-0.28584875471963017,2,0.0368410344793124,0.0399802161332969,positive_k40_r0.7,confirmatory_DO_vs_HV
FGFR3,-0.5171756017799,3,0.1307017986721793,0.1875979783960152,positive_k40_r0.7,confirmatory_DO_vs_HV
FGFR4,-0.38186918297079864,3,0.1173547261588983,0.1333677296886207,positive_k40_r0.7,confirmatory_DO_vs_HV
FLT1,0.8854867143008622,3,0.5224055110178328,0.5829631545703581,positive_k40_r0.7,confirmatory_DO_vs_HV
FLT3,-0.7501405323024828,3,0.0737652027697184,0.07645157241594776,positive_k40_r0.7,confirmatory_DO_vs_HV
FLT4,0.9390469784768581,3,0.1622116607290365,0.1744779217943729,positive_k40_r0.7,confirmatory_DO_vs_HV
JAK1,-0.1580927117250259,3,0.4176041667255624,0.9704904043901976,positive_k40_r0.7,confirmatory_DO_vs_HV
KDR,-1.2544972735065727,3,0.3186318252827135,0.3624427084261987,positive_k40_r0.7,confirmatory_DO_vs_HV
LRRK2,-0.26005243585636334,3,0.1357242845915267,0.207422799820841,positive_k40_r0.7,confirmatory_DO_vs_HV
LYN,-0.8223627944748704,3,0.3584021152629523,0.4761732498718506,positive_k40_r0.7,confirmatory_DO_vs_HV
MET,0.3328639136358278,3,0.1107100774743403,0.12679757695112578,positive_k40_r0.7,confirmatory_DO_vs_HV
PDGFRA,1.3398432220258945,3,0.0363187056173693,0.0410481469245975,positive_k40_r0.7,confirmatory_DO_vs_HV
TYK2,0.01874492852778306,3,0.0863856785754188,0.2118461195341978,positive_k40_r0.7,confirmatory_DO_vs_HV
ABL1,-0.6242001424287323,3,0.0707541445148114,0.1675912167742252,positive_k40_r0.7,confirmatory_DO_vs_NDO
AXL,-1.0498148662420768,3,0.2616738214506223,0.272114912945247,positive_k40_r0.7,confirmatory_DO_vs_NDO
CDK4,-0.7247771649947005,3,0.1331932845130286,0.31412371767841457,positive_k40_r0.7,confirmatory_DO_vs_NDO
FGFR1,0.4039540253379546,3,0.2220832025848527,0.2390878263633168,positive_k40_r0.7,confirmatory_DO_vs_NDO
FGFR2,-0.2049266602388619,2,0.0368410344793124,0.0399802161332969,positive_k40_r0.7,confirmatory_DO_vs_NDO
FGFR3,-0.5187193005323205,3,0.1307017986721793,0.1875979783960152,positive_k40_r0.7,confirmatory_DO_vs_NDO
FGFR4,-0.3718867905246062,3,0.1173547261588983,0.1333677296886207,positive_k40_r0.7,confirmatory_DO_vs_NDO
FLT1,-0.36436975584457554,3,0.5224055110178328,0.5829631545703581,positive_k40_r0.7,confirmatory_DO_vs_NDO
FLT3,-0.7365727758204913,3,0.0737652027697184,0.07645157241594776,positive_k40_r0.7,confirmatory_DO_vs_NDO
FLT4,0.77833357581696,3,0.1622116607290365,0.1744779217943729,positive_k40_r0.7,confirmatory_DO_vs_NDO
JAK1,-0.5964415032134384,3,0.4176041667255624,0.9704904043901976,positive_k40_r0.7,confirmatory_DO_vs_NDO
KDR,-1.0125172802539442,3,0.3186318252827135,0.3624427084261987,positive_k40_r0.7,confirmatory_DO_vs_NDO
LRRK2,0.0543847972497803,3,0.1357242845915267,0.207422799820841,positive_k40_r0.7,confirmatory_DO_vs_NDO
LYN,-0.5262437381286941,3,0.3584021152629523,0.4761732498718506,positive_k40_r0.7,confirmatory_DO_vs_NDO
MET,-0.12170481116456655,3,0.1107100774743403,0.12679757695112578,positive_k40_r0.7,confirmatory_DO_vs_NDO
PDGFRA,-0.27539450564464524,3,0.0363187056173693,0.0410481469245975,positive_k40_r0.7,confirmatory_DO_vs_NDO
TYK2,1.0842214435598205,3,0.0863856785754188,0.2118461195341978,positive_k40_r0.7,confirmatory_DO_vs_NDO
ABL1,-0.5653913399993694,3,0.0707541445148114,0.1675912167742252,positive_k40_r0.7,discovery_DO_vs_HV
AXL,-1.3087398616099009,3,0.2616738214506223,0.272114912945247,positive_k40_r0.7,discovery_DO_vs_HV
CDK4,-0.802034908332583,3,0.1331932845130286,0.31412371767841457,positive_k40_r0.7,discovery_DO_vs_HV
FGFR1,-1.0955827734301045,3,0.2220832025848527,0.2390878263633168,positive_k40_r0.7,discovery_DO_vs_HV
FGFR2,-0.2652282956575271,2,0.0368410344793124,0.0399802161332969,positive_k40_r0.7,discovery_DO_vs_HV
FGFR3,-0.5638510208499353,3,0.1307017986721793,0.1875979783960152,positive_k40_r0.7,discovery_DO_vs_HV
FGFR4,-0.3205646243135474,3,0.1173547261588983,0.1333677296886207,positive_k40_r0.7,discovery_DO_vs_HV
FLT1,0.37501977541442333,3,0.5224055110178328,0.5829631545703581,positive_k40_r0.7,discovery_DO_vs_HV
FLT3,-0.7715808646960439,3,0.0737652027697184,0.07645157241594776,positive_k40_r0.7,discovery_DO_vs_HV
FLT4,0.22741448387960622,3,0.1622116607290365,0.1744779217943729,positive_k40_r0.7,discovery_DO_vs_HV
JAK1,-0.2232130065245087,3,0.4176041667255624,0.9704904043901976,positive_k40_r0.7,discovery_DO_vs_HV
KDR,-1.248457652676264,3,0.3186318252827135,0.3624427084261987,positive_k40_r0.7,discovery_DO_vs_HV
LRRK2,0.011714634399801336,3,0.1357242845915267,0.207422799820841,positive_k40_r0.7,discovery_DO_vs_HV
LYN,-0.602942979040273,3,0.3584021152629523,0.4761732498718506,positive_k40_r0.7,discovery_DO_vs_HV
MET,-0.06136078303698026,3,0.1107100774743403,0.12679757695112578,positive_k40_r0.7,discovery_DO_vs_HV
PDGFRA,1.5315054525831793,3,0.0363187056173693,0.0410481469245975,positive_k40_r0.7,discovery_DO_vs_HV
TYK2,0.4719610730723119,3,0.0863856785754188,0.2118461195341978,positive_k40_r0.7,discovery_DO_vs_HV
ABL1,-0.6873768486493795,3,0.0707541445148114,0.1675912167742252,positive_k40_r0.7,discovery_DO_vs_NDO
AXL,-1.283839342825396,3,0.2616738214506223,0.272114912945247,positive_k40_r0.7,discovery_DO_vs_NDO
CDK4,-0.8297727501204288,3,0.1331932845130286,0.31412371767841457,positive_k40_r0.7,discovery_DO_vs_NDO
FGFR1,-0.4896855914607314,3,0.2220832025848527,0.2390878263633168,positive_k40_r0.7,discovery_DO_vs_NDO
FGFR2,-0.2274535849727902,2,0.0368410344793124,0.0399802161332969,positive_k40_r0.7,discovery_DO_vs_NDO
FGFR3,-0.5630643338774942,3,0.1307017986721793,0.1875979783960152,positive_k40_r0.7,discovery_DO_vs_NDO
FGFR4,-0.3442920718391358,3,0.1173547261588983,0.1333677296886207,positive_k40_r0.7,discovery_DO_vs_NDO
FLT1,0.43700541201601456,3,0.5224055110178328,0.5829631545703581,positive_k40_r0.7,discovery_DO_vs_NDO
FLT3,-0.8013682756926191,3,0.0737652027697184,0.07645157241594776,positive_k40_r0.7,discovery_DO_vs_NDO
FLT4,0.6051340809896808,3,0.1622116607290365,0.1744779217943729,positive_k40_r0.7,discovery_DO_vs_NDO
JAK1,-0.42853065248451133,3,0.4176041667255624,0.9704904043901976,positive_k40_r0.7,discovery_DO_vs_NDO
KDR,-1.2314233525525375,3,0.3186318252827135,0.3624427084261987,positive_k40_r0.7,discovery_DO_vs_NDO
LRRK2,-0.035808788030521406,3,0.1357242845915267,0.207422799820841,positive_k40_r0.7,discovery_DO_vs_NDO
LYN,-0.6142867130044982,3,0.3584021152629523,0.4761732498718506,positive_k40_r0.7,discovery_DO_vs_NDO
MET,0.0803782852422456,3,0.1107100774743403,0.12679757695112578,positive_k40_r0.7,discovery_DO_vs_NDO
PDGFRA,0.6222319839576114,3,0.0363187056173693,0.0410481469245975,positive_k40_r0.7,discovery_DO_vs_NDO
TYK2,0.6585481471800227,3,0.0863856785754188,0.2118461195341978,positive_k40_r0.7,discovery_DO_vs_NDO
