panel,source_file,nintedanib_event,nintedanib_nonevent,pirfenidone_event,pirfenidone_nonevent,nintedanib_total,pirfenidone_total,continuity_corrected,ROR,ROR_low95,ROR_high95,PRR,PRR_low95,PRR_high95,IC_median,IC_low95,IC_high95,fisher_exact_p,pearson_yates_chi2,pearson_yates_p,analysis,endpoint,start_date,end_date,filter_query,interpretation_boundary,temporal_window,first_year,last_year,prespecification,year,MH_ROR_year_adjusted,MH_ROR_RBG_check,MH_low95_RBG,MH_high95_RBG,MH_low95_bootstrap_sensitivity,MH_high95_bootstrap_sensitivity,n_year_strata,window,test,statistic,degrees_of_freedom,p_value,i2_percent,calendar_strata_total,estimable_strata,continuity_corrected_strata,interpretation,dimension,stratum,drug,outcome,events,endpoint_reports,percent,safetyreportid,time_to_onset_days,matching_drug_role,exact_date_pairs_0_365,date_pair_completeness_percent,median_days,q1_days,q3_days,weibull_shape_beta,weibull_scale_days
A-B-F,overall_active_comparator_signals.csv,340.0,29893.0,112.0,39355.0,30233.0,39467.0,False,3.996605750988048,3.2264349947394404,4.950621213467427,3.962905954231658,3.2026060218358814,4.903701390370244,0.7937161242611681,0.7124515464967504,0.8655239261614368,3.3086256871431112e-43,186.54499097350097,1.8051798300714006e-42,primary_generic_exclusive,narrow,20141015.0,20260630.0,,,,,,,,,,,,,,,,,,,,,,,,,,,,,,,,,,,,,,,,,
A-B-F,overall_active_comparator_signals.csv,1773.0,28460.0,717.0,38750.0,30233.0,39467.0,False,3.366870334051756,3.0829903271105863,3.6768898515947783,3.228066341650282,2.9637106946572898,3.5160018570234994,0.7150364995719496,0.6782418545526208,0.7500929776993989,1.2372807000003e-179,813.0443635933117,7.870640724923089e-179,primary_generic_exclusive,broad,20141015.0,20260630.0,,,,,,,,,,,,,,,,,,,,,,,,,,,,,,,,,,,,,,,,,
A-B-F,overall_active_comparator_signals.csv,19.0,30214.0,12.0,39455.0,30233.0,39467.0,False,2.067598353963946,1.0035195514337016,4.259969770600775,2.0669274192659235,1.003505524797358,4.25726500845722,0.4955443666735032,0.0167157261910829,0.824123718430077,0.0475392066035045,3.355532389469653,0.0669795492599455,primary_generic_exclusive,hy_proxy,20141015.0,20260630.0,,,,,,,,,,,,,,,,,,,,,,,,,,,,,,,,,,,,,,,,,
C_alias,alias_sensitivity_signals.csv,341.0,30042.0,111.0,39344.0,30383.0,39455.0,False,4.023287517595486,3.245890567474345,4.98687251241337,3.989356008412718,3.2218931510157507,4.939630402343175,0.7936677991237171,0.7128739534768972,0.8650316025523871,1.7351837553465274e-43,187.4984416606592,1.1178558013652681e-42,expanded_exact_aliases_exclusive,narrow,20141015.0,20260630.0,,,,,,,,,,,,,,,,,,,,,,,,,,,,,,,,,,,,,,,,,
C_alias,alias_sensitivity_signals.csv,1787.0,28596.0,715.0,38740.0,30383.0,39455.0,False,3.385889952822391,3.100452129325149,3.697606121439761,3.245561961982329,2.979797789323003,3.5350292851448115,0.7150133017412674,0.6785121997511895,0.7499386299236082,1.1221056770551966e-181,821.7240145835599,1.0208162233938117e-180,expanded_exact_aliases_exclusive,broad,20141015.0,20260630.0,,,,,,,,,,,,,,,,,,,,,,,,,,,,,,,,,,,,,,,,,
C_context,report_level_specification_signals.csv,227.0,19282.0,101.0,31589.0,19509.0,31690.0,False,3.682038139505269,2.910572501585541,4.657985620830953,3.650830868109108,2.8898394499291697,4.612216788674884,0.8599051798473623,0.7497170227090432,0.9580942538306422,3.6388941652196875e-30,134.08167062044345,5.2433611290909184e-31,ild_indication_report_filter,narrow,20141015.0,20260630.0,"(patient.drug.drugindication:""IDIOPATHIC PULMONARY FIBROSIS"" OR patient.drug.drugindication:""PULMONARY FIBROSIS"" OR patient.drug.drugindication:""INTERSTITIAL LUNG DISEASE"" OR patient.drug.drugindication:""IDIOPATHIC INTERSTITIAL PNEUMONIA"" OR patient.drug.drugindication:""PROGRESSIVE FIBROSING INTERSTITIAL LUNG DISEASE"" OR patient.drug.drugindication:""FIBROSING INTERSTITIAL LUNG DISEASE"" OR patient.drug.drugindication:""SYSTEMIC SCLEROSIS ASSOCIATED INTERSTITIAL LUNG DISEASE"" OR patient.drug.drugindication:""SYSTEMIC SCLEROSIS PULMONARY"")",report-level openFDA filter; role/indication cannot be proven to belong to the same drug-array element as the indexed product,,,,,,,,,,,,,,,,,,,,,,,,,,,,,,,,,,,,,,,
C_context,report_level_specification_signals.csv,1390.0,18119.0,607.0,31083.0,19509.0,31690.0,False,3.928391951688967,3.564883361825026,4.328967250752958,3.7197464643319695,3.387132079982313,4.085023386210095,0.8692049136277489,0.8264068982477615,0.9099699930265096,8.302908867220502e-186,872.8849130727975,7.698655807881118e-192,ild_indication_report_filter,broad,20141015.0,20260630.0,"(patient.drug.drugindication:""IDIOPATHIC PULMONARY FIBROSIS"" OR patient.drug.drugindication:""PULMONARY FIBROSIS"" OR patient.drug.drugindication:""INTERSTITIAL LUNG DISEASE"" OR patient.drug.drugindication:""IDIOPATHIC INTERSTITIAL PNEUMONIA"" OR patient.drug.drugindication:""PROGRESSIVE FIBROSING INTERSTITIAL LUNG DISEASE"" OR patient.drug.drugindication:""FIBROSING INTERSTITIAL LUNG DISEASE"" OR patient.drug.drugindication:""SYSTEMIC SCLEROSIS ASSOCIATED INTERSTITIAL LUNG DISEASE"" OR patient.drug.drugindication:""SYSTEMIC SCLEROSIS PULMONARY"")",report-level openFDA filter; role/indication cannot be proven to belong to the same drug-array element as the indexed product,,,,,,,,,,,,,,,,,,,,,,,,,,,,,,,,,,,,,,,
C_context,report_level_specification_signals.csv,94.0,8893.0,72.0,22114.0,8987.0,22186.0,False,3.2464922473356075,2.3860311481858587,4.417256631382926,3.2229949433131804,2.3734206727039107,4.376677309711046,0.9732920169752376,0.7656523931030667,1.1490113216274582,8.343548219494438e-14,61.49292844590953,4.443361449803406e-15,ild_indication_exact_keyword_sensitivity,narrow,20141015.0,20260630.0,"(patient.drug.drugindication.exact:""IDIOPATHIC PULMONARY FIBROSIS"" OR patient.drug.drugindication.exact:""PULMONARY FIBROSIS"" OR patient.drug.drugindication.exact:""INTERSTITIAL LUNG DISEASE"" OR patient.drug.drugindication.exact:""IDIOPATHIC INTERSTITIAL PNEUMONIA"" OR patient.drug.drugindication.exact:""PROGRESSIVE FIBROSING INTERSTITIAL LUNG DISEASE"" OR patient.drug.drugindication.exact:""FIBROSING INTERSTITIAL LUNG DISEASE"" OR patient.drug.drugindication.exact:""SYSTEMIC SCLEROSIS ASSOCIATED INTERSTITIAL LUNG DISEASE"" OR patient.drug.drugindication.exact:""SYSTEMIC SCLEROSIS PULMONARY"")",report-level openFDA filter; role/indication cannot be proven to belong to the same drug-array element as the indexed product,,,,,,,,,,,,,,,,,,,,,,,,,,,,,,,,,,,,,,,
C_context,report_level_specification_signals.csv,698.0,8289.0,461.0,21725.0,8987.0,22186.0,False,3.9683698621569135,3.518497882199896,4.475762069530953,3.737823276668372,3.3316055043750885,4.193570586090292,1.0627362590302656,0.9937024921684846,1.1277676473312606,1.3611677019490222e-113,576.6672902586425,1.990748980936489e-127,ild_indication_exact_keyword_sensitivity,broad,20141015.0,20260630.0,"(patient.drug.drugindication.exact:""IDIOPATHIC PULMONARY FIBROSIS"" OR patient.drug.drugindication.exact:""PULMONARY FIBROSIS"" OR patient.drug.drugindication.exact:""INTERSTITIAL LUNG DISEASE"" OR patient.drug.drugindication.exact:""IDIOPATHIC INTERSTITIAL PNEUMONIA"" OR patient.drug.drugindication.exact:""PROGRESSIVE FIBROSING INTERSTITIAL LUNG DISEASE"" OR patient.drug.drugindication.exact:""FIBROSING INTERSTITIAL LUNG DISEASE"" OR patient.drug.drugindication.exact:""SYSTEMIC SCLEROSIS ASSOCIATED INTERSTITIAL LUNG DISEASE"" OR patient.drug.drugindication.exact:""SYSTEMIC SCLEROSIS PULMONARY"")",report-level openFDA filter; role/indication cannot be proven to belong to the same drug-array element as the indexed product,,,,,,,,,,,,,,,,,,,,,,,,,,,,,,,,,,,,,,,
C_context,report_level_specification_signals.csv,340.0,29861.0,107.0,39338.0,30201.0,39445.0,False,4.18603704954451,3.366841025819448,5.2045540748079855,4.150168945943796,3.3414578071513006,5.154607142730964,0.8104417359364271,0.7301477503093406,0.8809540449532947,4.4102888749182897e-45,194.5257450527804,3.269776701934406e-44,suspect_drug_report_filter,narrow,20141015.0,20260630.0,"patient.drug.drugcharacterization:""1""",report-level openFDA filter; role/indication cannot be proven to belong to the same drug-array element as the indexed product,,,,,,,,,,,,,,,,,,,,,,,,,,,,,,,,,,,,,,,
C_context,report_level_specification_signals.csv,1769.0,28432.0,710.0,38735.0,30201.0,39445.0,False,3.3944204407650176,3.107198122469758,3.708192936060684,3.254169132539684,2.9866720722697027,3.5456241887066517,0.7185407826244367,0.6819364702173218,0.7536150157603578,7.259733311091754e-181,819.1374146718227,3.7265207776225867e-180,suspect_drug_report_filter,broad,20141015.0,20260630.0,"patient.drug.drugcharacterization:""1""",report-level openFDA filter; role/indication cannot be proven to belong to the same drug-array element as the indexed product,,,,,,,,,,,,,,,,,,,,,,,,,,,,,,,,,,,,,,,
C_context,report_level_specification_signals.csv,227.0,19254.0,96.0,31577.0,19481.0,31673.0,False,3.8779707030573736,3.0526769275258423,4.926383345112105,3.844435496979964,3.030337477828395,4.87724037292078,0.8836391065811648,0.7746506032346531,0.9789717469450032,1.0464532054678732e-31,141.52032041967072,1.2381326459064817e-32,ild_plus_suspect_drug_report_filter,narrow,20141015.0,20260630.0,"((patient.drug.drugindication:""IDIOPATHIC PULMONARY FIBROSIS"" OR patient.drug.drugindication:""PULMONARY FIBROSIS"" OR patient.drug.drugindication:""INTERSTITIAL LUNG DISEASE"" OR patient.drug.drugindication:""IDIOPATHIC INTERSTITIAL PNEUMONIA"" OR patient.drug.drugindication:""PROGRESSIVE FIBROSING INTERSTITIAL LUNG DISEASE"" OR patient.drug.drugindication:""FIBROSING INTERSTITIAL LUNG DISEASE"" OR patient.drug.drugindication:""SYSTEMIC SCLEROSIS ASSOCIATED INTERSTITIAL LUNG DISEASE"" OR patient.drug.drugindication:""SYSTEMIC SCLEROSIS PULMONARY"")) AND patient.drug.drugcharacterization:""1""",report-level openFDA filter; role/indication cannot be proven to belong to the same drug-array element as the indexed product,,,,,,,,,,,,,,,,,,,,,,,,,,,,,,,,,,,,,,,
C_context,report_level_specification_signals.csv,1386.0,18095.0,600.0,31073.0,19481.0,31673.0,False,3.966765957446809,3.5981876498570244,4.373099374565455,3.755691699604743,3.418379811568496,4.126288159889376,0.8738291611615852,0.8306061701022235,0.9145348920576416,2.7553833548555134e-187,879.4550029975725,2.8715301542383795e-193,ild_plus_suspect_drug_report_filter,broad,20141015.0,20260630.0,"((patient.drug.drugindication:""IDIOPATHIC PULMONARY FIBROSIS"" OR patient.drug.drugindication:""PULMONARY FIBROSIS"" OR patient.drug.drugindication:""INTERSTITIAL LUNG DISEASE"" OR patient.drug.drugindication:""IDIOPATHIC INTERSTITIAL PNEUMONIA"" OR patient.drug.drugindication:""PROGRESSIVE FIBROSING INTERSTITIAL LUNG DISEASE"" OR patient.drug.drugindication:""FIBROSING INTERSTITIAL LUNG DISEASE"" OR patient.drug.drugindication:""SYSTEMIC SCLEROSIS ASSOCIATED INTERSTITIAL LUNG DISEASE"" OR patient.drug.drugindication:""SYSTEMIC SCLEROSIS PULMONARY"")) AND patient.drug.drugcharacterization:""1""",report-level openFDA filter; role/indication cannot be proven to belong to the same drug-array element as the indexed product,,,,,,,,,,,,,,,,,,,,,,,,,,,,,,,,,,,,,,,
C_temporal,temporal_influence_signals.csv,340.0,29893.0,112.0,39355.0,30233.0,39467.0,False,3.996605750988048,3.2264349947394404,4.950621213467427,3.962905954231658,3.2026060218358814,4.903701390370244,0.7937161242611681,0.7124515464967504,0.8655239261614368,3.3086256871431112e-43,186.54499097350097,1.8051798300714006e-42,,narrow,,,,,all_years_primary,2014.0,2026.0,primary,,,,,,,,,,,,,,,,,,,,,,,,,,,,,,,,,,,
C_temporal,temporal_influence_signals.csv,217.0,26359.0,112.0,34697.0,26576.0,34809.0,False,2.5503789028415342,2.0291929710179253,3.20542828649574,2.53771965307044,2.021385869293263,3.1859434338638053,0.6069407169501915,0.4881759767580515,0.7119975082359744,1.2228465565835606e-16,68.27823694854418,1.4197932575029602e-16,,narrow,,,,,exclude_2022_posthoc,2014.0,2026.0,post_hoc_influence_analysis,,,,,,,,,,,,,,,,,,,,,,,,,,,,,,,,,,,
C_temporal,temporal_influence_signals.csv,145.0,12575.0,87.0,27692.0,12720.0,27779.0,False,3.670245195493704,2.8112332306761894,4.791740382139868,3.6398060796645697,2.7925609156357023,4.744100020660545,0.99260085394985,0.8384988313833976,1.1255260530674571,1.980329252529495e-22,103.25673533112196,2.944130046456749e-24,,narrow,,,,,pre_2022,2014.0,2021.0,post_hoc_influence_analysis,,,,,,,,,,,,,,,,,,,,,,,,,,,,,,,,,,,
C_temporal,temporal_influence_signals.csv,123.0,3534.0,0.0,4658.0,3657.0,4658.0,True,325.54802659499234,20.240831806838617,5236.025803252152,314.59075997813017,19.572904143534306,5056.344502474367,1.1795833357607224,1.139847454144596,1.2162906596395495,4.111326934015511e-45,156.72058454823977,5.891233548108702e-36,,narrow,,,,,year_2022_only,2022.0,2022.0,post_hoc_influence_analysis,,,,,,,,,,,,,,,,,,,,,,,,,,,,,,,,,,,
C_temporal,temporal_influence_signals.csv,72.0,13784.0,25.0,7005.0,13856.0,7030.0,False,1.4636099825885085,0.9277471431473984,2.3089849394366646,1.4612009237875287,0.9279018849377264,2.301006361055964,0.1600993869942835,-0.0306959117175382,0.3080909464277077,0.1066987425493238,2.370692642755627,0.1236321859807202,,narrow,,,,,post_2022,2023.0,2026.0,post_hoc_influence_analysis,,,,,,,,,,,,,,,,,,,,,,,,,,,,,,,,,,,
C_temporal,temporal_influence_signals.csv,1773.0,28460.0,717.0,38750.0,30233.0,39467.0,False,3.366870334051756,3.0829903271105863,3.6768898515947783,3.228066341650282,2.9637106946572898,3.5160018570234994,0.7150364995719496,0.6782418545526208,0.7500929776993989,1.2372807000003e-179,813.0443635933117,7.870640724923089e-179,,broad,,,,,all_years_primary,2014.0,2026.0,primary,,,,,,,,,,,,,,,,,,,,,,,,,,,,,,,,,,,
C_temporal,temporal_influence_signals.csv,1461.0,25115.0,660.0,34149.0,26576.0,34809.0,False,3.009893218467776,2.7416167322185685,3.304421467856748,2.8994005185813587,2.648456645759151,3.1741215702400942,0.6698421260961476,0.6280733379823403,0.7098633757408858,3.694967485735613e-129,584.8562155334954,3.294295337274336e-129,,broad,,,,,exclude_2022_posthoc,2014.0,2026.0,post_hoc_influence_analysis,,,,,,,,,,,,,,,,,,,,,,,,,,,,,,,,,,,
C_temporal,temporal_influence_signals.csv,916.0,11804.0,574.0,27205.0,12720.0,27779.0,False,3.677927047702486,3.3061942849642354,4.091455674501552,3.4850826156509545,3.146481288391658,3.860121743841957,0.9688077631006736,0.9096794715716908,1.0253654786570698,9.001660393714138e-131,647.7378201717532,6.935727360383408e-143,,broad,,,,,pre_2022,2014.0,2021.0,post_hoc_influence_analysis,,,,,,,,,,,,,,,,,,,,,,,,,,,,,,,,,,,
C_temporal,temporal_influence_signals.csv,312.0,3345.0,57.0,4601.0,3657.0,4658.0,False,7.5289749036267795,5.657259072978509,10.019951776682085,6.971949973374782,5.27462356819262,9.21546074384536,0.9422228222964734,0.8710418715929956,1.006063781704412,5.4765377824542456e-61,256.2648821578217,1.1186775279588774e-57,,broad,,,,,year_2022_only,2022.0,2022.0,post_hoc_influence_analysis,,,,,,,,,,,,,,,,,,,,,,,,,,,,,,,,,,,
C_temporal,temporal_influence_signals.csv,545.0,13311.0,86.0,6944.0,13856.0,7030.0,False,3.3059560810869835,2.6286361972559424,4.157800771930802,3.215255585692035,2.565896549353225,4.028949835849638,0.3801979846777464,0.3322682692737693,0.4225423892463399,4.3984669375641475e-31,115.97857727379474,4.804586091016211e-27,,broad,,,,,post_2022,2023.0,2026.0,post_hoc_influence_analysis,,,,,,,,,,,,,,,,,,,,,,,,,,,,,,,,,,,
D-E,annual_active_comparator_signals.csv,0.0,36.0,0.0,96.0,36.0,96.0,False,,,,,,,,,,,,,,narrow,,,,,,,,,2014.0,,,,,,,,,,,,,,,,,,,,,,,,,,,,,,,,,,
D-E,annual_active_comparator_signals.csv,2.0,34.0,2.0,94.0,36.0,96.0,False,2.764705882352941,0.3745876343912772,20.40536823469404,2.6666666666666665,0.3900907835325784,18.22937483094169,0.857177252444933,-1.120449340231209,1.7350637846003871,0.2993635159443787,0.217529296875,0.6409289530481574,,broad,,,,,,,,,2014.0,,,,,,,,,,,,,,,,,,,,,,,,,,,,,,,,,,
D-E,annual_active_comparator_signals.csv,5.0,921.0,17.0,2832.0,926.0,2849.0,False,0.9043878137574248,0.332734949876569,2.458164728341127,0.9049040782619744,0.3347704193003876,2.4460087978095904,-0.0870102453111476,-1.4136681816519638,0.7982377235763014,1.0,0.0,1.0,,narrow,,,,,,,,,2015.0,,,,,,,,,,,,,,,,,,,,,,,,,,,,,,,,,,
D-E,annual_active_comparator_signals.csv,52.0,874.0,89.0,2760.0,926.0,2849.0,False,1.8450620934358368,1.2995840877554643,2.619495083625856,1.797607202659742,1.2872066201245735,2.5103907985972405,0.5892108963035314,0.2624079023094057,0.8717279982115831,0.0009166446410005,11.383706073283598,0.0007409114522109,,broad,,,,,,,,,2015.0,,,,,,,,,,,,,,,,,,,,,,,,,,,,,,,,,,
D-E,annual_active_comparator_signals.csv,7.0,1249.0,10.0,4125.0,1256.0,4135.0,False,2.311849479583667,0.8781632821304783,6.086166576316908,2.304538216560509,0.8790163295757131,6.041863174659539,0.8256600183664142,-0.1564385260705781,1.4637919805270263,0.0887078906826769,2.129279962818927,0.1445086241569305,,narrow,,,,,,,,,2016.0,,,,,,,,,,,,,,,,,,,,,,,,,,,,,,,,,,
D-E,annual_active_comparator_signals.csv,84.0,1172.0,117.0,4018.0,1256.0,4135.0,False,2.4613634374726523,1.845892785543491,3.28204867518534,2.363628940062061,1.79877334465964,3.105861993610992,0.8428460856806517,0.5999009573756979,1.05844360597365,3.812178264720468e-09,38.88849626645374,4.4871710834101884e-10,,broad,,,,,,,,,2016.0,,,,,,,,,,,,,,,,,,,,,,,,,,,,,,,,,,
D-E,annual_active_comparator_signals.csv,19.0,1404.0,9.0,2381.0,1423.0,2390.0,False,3.580167774612219,1.6153565310838465,7.934843514559387,3.5457171859139534,1.6085670837901616,7.815720270032334,0.8570253162973296,0.40937830752999,1.1503520749077376,0.001283710130794,9.968224480622611,0.0015926500421507,,narrow,,,,,,,,,2017.0,,,,,,,,,,,,,,,,,,,,,,,,,,,,,,,,,,
D-E,annual_active_comparator_signals.csv,99.0,1324.0,51.0,2339.0,1423.0,2390.0,False,3.42931402168118,2.429948620842736,4.839688608403815,3.2603034186267625,2.340642483956204,4.541307976066048,0.8206486855149854,0.6427519272096178,0.9736841905055978,6.737957538181668e-13,53.637097753413016,2.411622797519131e-13,,broad,,,,,,,,,2017.0,,,,,,,,,,,,,,,,,,,,,,,,,,,,,,,,,,
D-E,annual_active_comparator_signals.csv,29.0,1817.0,9.0,4224.0,1846.0,4233.0,False,7.49073564483581,3.538757210000835,15.856165645452837,7.388768508486819,3.504644947724399,15.577583717133711,1.3239058504393757,1.011641678507714,1.5329563527418022,6.258819162928771e-09,36.02521343144034,1.947807677489743e-09,,narrow,,,,,,,,,2018.0,,,,,,,,,,,,,,,,,,,,,,,,,,,,,,,,,,
D-E,annual_active_comparator_signals.csv,143.0,1703.0,78.0,4155.0,1846.0,4233.0,False,4.472988843217851,3.375223083956209,5.927794606127123,4.203954496208017,3.207864684494114,5.509345045511077,1.0907086543243063,0.9414508259978408,1.2226852093271934,1.2323244590288558e-26,126.2101090496098,2.7659264296519064e-29,,broad,,,,,,,,,2018.0,,,,,,,,,,,,,,,,,,,,,,,,,,,,,,,,,,
D-E,annual_active_comparator_signals.csv,38.0,1946.0,13.0,4233.0,1984.0,4246.0,False,6.358368250454581,3.379488143994264,11.96300891903868,6.255738213399503,3.3400810325100507,11.716560231228176,1.223593675643854,0.9495060125490404,1.4188611425958124,4.230658448097967e-10,41.16450715832339,1.3994073532960935e-10,,narrow,,,,,,,,,2019.0,,,,,,,,,,,,,,,,,,,,,,,,,,,,,,,,,,
D-E,annual_active_comparator_signals.csv,149.0,1835.0,69.0,4177.0,1984.0,4246.0,False,4.915476049441219,3.6757214601954815,6.57337751357941,4.6214206404862095,3.4914431627598845,6.117106233924615,1.1003562680299273,0.960270606802232,1.22350133111011,3.332791060990359e-29,136.94795642831068,1.2378729183032402e-31,,broad,,,,,,,,,2019.0,,,,,,,,,,,,,,,,,,,,,,,,,,,,,,,,,,
D-E,annual_active_comparator_signals.csv,17.0,2329.0,20.0,4961.0,2346.0,4981.0,False,1.8105839416058396,0.9466790971186364,3.462856864146137,1.804710144927536,0.947140848316622,3.438748009858387,0.5207845761527031,-0.0579496614995443,0.9484456766058592,0.0776397190171643,2.7020635875112724,0.1002184548736288,,narrow,,,,,,,,,2020.0,,,,,,,,,,,,,,,,,,,,,,,,,,,,,,,,,,
D-E,annual_active_comparator_signals.csv,200.0,2146.0,83.0,4898.0,2346.0,4981.0,False,5.499724901469812,4.236773303056199,7.139153272616324,5.116116640474943,3.979798709728678,6.57687772373017,1.1410088942991266,1.024401246850251,1.2450514826794503,4.510739090892304e-42,200.20921574647664,1.88008054619628e-45,,broad,,,,,,,,,2020.0,,,,,,,,,,,,,,,,,,,,,,,,,,,,,,,,,,
D-E,annual_active_comparator_signals.csv,30.0,2873.0,9.0,4840.0,2903.0,4849.0,False,5.615500638125073,2.662291543787899,11.844625916482782,5.567803421747618,2.6472129470103525,11.71059358040502,1.0345869708071191,0.7322507020764535,1.2342961572015014,8.217072257622155e-07,24.408571901540014,7.792121262107004e-07,,narrow,,,,,,,,,2021.0,,,,,,,,,,,,,,,,,,,,,,,,,,,,,,,,,,
D-E,annual_active_comparator_signals.csv,187.0,2716.0,85.0,4764.0,2903.0,4849.0,False,3.8589101620029456,2.973365626691487,5.008192569636742,3.674750258353428,2.855506077326016,4.729035447864971,0.875630228534662,0.7529650258679138,0.9837011115412228,2.059208770454168e-26,116.52697713260318,3.6438880116046786e-27,,broad,,,,,,,,,2021.0,,,,,,,,,,,,,,,,,,,,,,,,,,,,,,,,,,
D-E,annual_active_comparator_signals.csv,123.0,3534.0,0.0,4658.0,3657.0,4658.0,True,325.54802659499234,20.240831806838617,5236.025803252152,314.59075997813017,19.572904143534306,5056.344502474367,1.1795833357607224,1.139847454144596,1.2162906596395495,4.111326934015511e-45,156.72058454823977,5.891233548108702e-36,,narrow,,,,,,,,,2022.0,,,,,,,,,,,,,,,,,,,,,,,,,,,,,,,,,,
D-E,annual_active_comparator_signals.csv,312.0,3345.0,57.0,4601.0,3657.0,4658.0,False,7.5289749036267795,5.657259072978509,10.019951776682085,6.971949973374782,5.27462356819262,9.21546074384536,0.9422228222964734,0.8710418715929956,1.006063781704412,5.4765377824542456e-61,256.2648821578217,1.1186775279588774e-57,,broad,,,,,,,,,2022.0,,,,,,,,,,,,,,,,,,,,,,,,,,,,,,,,,,
D-E,annual_active_comparator_signals.csv,20.0,3688.0,13.0,3471.0,3708.0,3484.0,False,1.447939262472885,0.7191609200427358,2.9152419846255517,1.4455231930960089,0.7201682667053042,2.9014570599422544,0.2300865935315286,-0.2380857713638796,0.556043665204878,0.3831123985552354,0.7533564892496227,0.3854156226794678,,narrow,,,,,,,,,2023.0,,,,,,,,,,,,,,,,,,,,,,,,,,,,,,,,,,
D-E,annual_active_comparator_signals.csv,154.0,3554.0,40.0,3444.0,3708.0,3484.0,False,3.73083849184018,2.626521432755919,5.299464028203803,3.6174217907227617,2.5625937799218024,5.1064435239498565,0.6211584526613682,0.5069865361680117,0.7162867274181183,6.40445800585291e-16,60.66243876127948,6.775061411001707e-15,,broad,,,,,,,,,2023.0,,,,,,,,,,,,,,,,,,,,,,,,,,,,,,,,,,
D-E,annual_active_comparator_signals.csv,13.0,4179.0,4.0,1842.0,4192.0,1846.0,False,1.4325197415649678,0.4664624494254178,4.399309767594641,1.4311784351145038,0.4672753663159003,4.38343610810434,0.1281240637429538,-0.3766755709638617,0.396744191361806,0.6096251205201524,0.1351739710140171,0.7131266731655399,,narrow,,,,,,,,,2024.0,,,,,,,,,,,,,,,,,,,,,,,,,,,,,,,,,,
D-E,annual_active_comparator_signals.csv,153.0,4039.0,23.0,1823.0,4192.0,1846.0,False,3.002454331140941,1.930199835361813,4.670362024405208,2.929368569532028,1.8962683045453843,4.525309100823366,0.3232375610408862,0.2300151040410517,0.3965866561782158,6.862437290798146e-08,25.327835369018366,4.836782858738075e-07,,broad,,,,,,,,,2024.0,,,,,,,,,,,,,,,,,,,,,,,,,,,,,,,,,,
D-E,annual_active_comparator_signals.csv,32.0,3747.0,6.0,1164.0,3779.0,1170.0,False,1.656792100346944,0.6910417832232946,3.9722056327309914,1.6512304842550938,0.6921369487472999,3.939339052868254,0.1358279093732449,-0.1178505930857089,0.2874099497086864,0.3376856071619485,0.9061726294707662,0.341131976369888,,narrow,,,,,,,,,2025.0,,,,,,,,,,,,,,,,,,,,,,,,,,,,,,,,,,
D-E,annual_active_comparator_signals.csv,159.0,3620.0,18.0,1152.0,3779.0,1170.0,False,2.8110497237569056,1.7188306440781431,4.597311885646442,2.734850489547499,1.6872208821257286,4.432974531914811,0.2331025112511641,0.1510261417565744,0.2962394747422998,5.151396427492185e-06,17.688738397841693,2.601623141598538e-05,,broad,,,,,,,,,2025.0,,,,,,,,,,,,,,,,,,,,,,,,,,,,,,,,,,
D-E,annual_active_comparator_signals.csv,7.0,2170.0,2.0,528.0,2177.0,530.0,False,0.8516129032258064,0.1764011104310439,4.111337707390389,0.8520900321543409,0.1775169929762103,4.090072790913527,-0.0684260061309669,-0.8156597918625166,0.2426973424568917,0.6915526973963658,0.0,1.0,,narrow,,,,,,,,,2026.0,,,,,,,,,,,,,,,,,,,,,,,,,,,,,,,,,,
D-E,annual_active_comparator_signals.csv,79.0,2098.0,5.0,525.0,2177.0,530.0,False,3.953765490943757,1.5932405712387523,9.811614039694936,3.846577859439596,1.5656982434018076,9.450199801325155,0.2227590008583105,0.1223637825167461,0.2857257713553654,0.0006580350601269,9.34939813303463,0.0022305870939553,,broad,,,,,,,,,2026.0,,,,,,,,,,,,,,,,,,,,,,,,,,,,,,,,,,
F_MH,year_adjusted_mantel_haenszel_signals.csv,,,,,,,,,,,,,,,,,,,,,narrow,,,,,,,,,,4.511587193291437,4.511587193291437,3.6056881245985086,5.645085847500401,3.4975930463501443,5.417777998361887,12.0,,,,,,,,,,,,,,,,,,,,,,,,,,,
F_MH,year_adjusted_mantel_haenszel_signals.csv,,,,,,,,,,,,,,,,,,,,,broad,,,,,,,,,,4.048094766549167,4.048094766549166,3.686607722804624,4.445027101092307,3.666280336705642,4.411886147767167,13.0,,,,,,,,,,,,,,,,,,,,,,,,,,,
F_heterogeneity,year_effect_heterogeneity_tests.csv,,,,,,,,,,,,,,,,,,,,,narrow,,,,,,,,,,,,,,,,,all_years,Tarone-adjusted Breslow-Day,88.25434621529466,11.0,3.6637359812630166e-14,,13.0,12.0,0.0,tests equality of annual odds ratios,,,,,,,,,,,,,,,,,
F_heterogeneity,year_effect_heterogeneity_tests.csv,,,,,,,,,,,,,,,,,,,,,narrow,,,,,,,,,,,,,,,,,all_years,Inverse-variance Cochran Q,43.11266305705881,11.0,1.038131030941004e-05,74.48545457411967,13.0,12.0,1.0,heterogeneity of estimable annual log-RORs,,,,,,,,,,,,,,,,,
F_heterogeneity,year_effect_heterogeneity_tests.csv,,,,,,,,,,,,,,,,,,,,,narrow,,,,,,,,,,,,,,,,,exclude_2022,Tarone-adjusted Breslow-Day,33.92521640584324,10.0,0.000190162980991,,12.0,11.0,0.0,tests equality of annual odds ratios,,,,,,,,,,,,,,,,,
F_heterogeneity,year_effect_heterogeneity_tests.csv,,,,,,,,,,,,,,,,,,,,,narrow,,,,,,,,,,,,,,,,,exclude_2022,Inverse-variance Cochran Q,31.945370273909425,10.0,0.0004089179642641,68.69655942549132,12.0,11.0,0.0,heterogeneity of estimable annual log-RORs,,,,,,,,,,,,,,,,,
F_heterogeneity,year_effect_heterogeneity_tests.csv,,,,,,,,,,,,,,,,,,,,,broad,,,,,,,,,,,,,,,,,all_years,Tarone-adjusted Breslow-Day,63.325369250923984,12.0,5.5522008102215645e-09,,13.0,13.0,0.0,tests equality of annual odds ratios,,,,,,,,,,,,,,,,,
F_heterogeneity,year_effect_heterogeneity_tests.csv,,,,,,,,,,,,,,,,,,,,,broad,,,,,,,,,,,,,,,,,all_years,Inverse-variance Cochran Q,61.39384545688669,12.0,1.256004261089914e-08,80.45406683569463,13.0,13.0,0.0,heterogeneity of estimable annual log-RORs,,,,,,,,,,,,,,,,,
F_heterogeneity,year_effect_heterogeneity_tests.csv,,,,,,,,,,,,,,,,,,,,,broad,,,,,,,,,,,,,,,,,exclude_2022,Tarone-adjusted Breslow-Day,40.28344742835485,11.0,3.199346023374794e-05,,12.0,12.0,0.0,tests equality of annual odds ratios,,,,,,,,,,,,,,,,,
F_heterogeneity,year_effect_heterogeneity_tests.csv,,,,,,,,,,,,,,,,,,,,,broad,,,,,,,,,,,,,,,,,exclude_2022,Inverse-variance Cochran Q,39.52913773121904,11.0,4.305171178772789e-05,72.17242613589191,12.0,12.0,0.0,heterogeneity of estimable annual log-RORs,,,,,,,,,,,,,,,,,
G-H,sex_age_stratified_signals.csv,150.0,15384.0,65.0,23743.0,15534.0,23808.0,False,3.561592463698548,2.660324407964382,4.768193247221497,3.536857117390141,2.645573286859108,4.728411165537857,0.8207548518914285,0.6835921075384473,0.9374479121771035,3.029184134684236e-19,81.70045073839205,1.5835737382869765e-19,,narrow,,,,,,,,,,,,,,,,,,,,,,,,,,,sex,male,,,,,,,,,,,,,,,
G-H,sex_age_stratified_signals.csv,808.0,14726.0,391.0,23417.0,15534.0,23808.0,False,3.2861021774386554,2.9072554428717505,3.714316726809696,3.167190721318504,2.8117401702115545,3.5675761122875334,0.771081336319553,0.7128814603153524,0.8261424909862858,2.6103595182737056e-87,401.8200216184558,2.2117755178494327e-89,,broad,,,,,,,,,,,,,,,,,,,,,,,,,,,sex,male,,,,,,,,,,,,,,,
G-H,sex_age_stratified_signals.csv,170.0,11005.0,37.0,13892.0,11175.0,13929.0,False,5.799918955757212,4.06089261785432,8.28366151457753,5.7269000544168325,4.016794609673026,8.165063793478174,0.8819514350950632,0.7811189831451428,0.9656040165692572,9.589982304213763e-29,118.00846373126409,1.726497151302431e-27,,narrow,,,,,,,,,,,,,,,,,,,,,,,,,,,sex,female,,,,,,,,,,,,,,,
G-H,sex_age_stratified_signals.csv,861.0,10314.0,262.0,13667.0,11175.0,13929.0,False,4.35459658331446,3.783304857229198,5.012155276670371,4.096135047902044,3.575165406378814,4.693019881182443,0.7842061872109234,0.7354462478292564,0.8300464286249529,1.5886464810537574e-111,490.7522634448519,9.775262191484512e-109,,broad,,,,,,,,,,,,,,,,,,,,,,,,,,,sex,female,,,,,,,,,,,,,,,
G-H,sex_age_stratified_signals.csv,99.0,4087.0,14.0,2301.0,4186.0,2315.0,False,3.98124715998462,2.2696422841186843,6.983624274095854,3.910739881236776,2.2398020257706506,6.828231353810678,0.4422099176435548,0.324085450198955,0.5286303549573018,2.63017733705116e-08,26.02176876257809,3.3758931489074535e-07,,narrow,,,,,,,,,,,,,,,,,,,,,,,,,,,age,18-64_years,,,,,,,,,,,,,,,
G-H,sex_age_stratified_signals.csv,359.0,3827.0,71.0,2244.0,4186.0,2315.0,False,2.964834736140912,2.286376358909367,3.844618572255015,2.7963264537055106,2.1789557078114203,3.588618900173614,0.374154073815516,0.3094735412398887,0.4317896480302537,2.3753154637793084e-19,72.35730828524562,1.7955661198362858e-17,,broad,,,,,,,,,,,,,,,,,,,,,,,,,,,age,18-64_years,,,,,,,,,,,,,,,
G-H,sex_age_stratified_signals.csv,193.0,14536.0,57.0,15167.0,14729.0,15224.0,False,3.532947841535594,2.626863018008529,4.751568835315069,3.4997576091086566,2.6067277132703537,4.69872755031535,0.6499789675714556,0.5447887118038919,0.7393818715172193,1.090101705734972e-19,78.10330121625871,9.779038380940557e-19,,narrow,,,,,,,,,,,,,,,,,,,,,,,,,,,age,65plus_years,,,,,,,,,,,,,,,
G-H,sex_age_stratified_signals.csv,1088.0,13641.0,302.0,14922.0,14729.0,15224.0,False,3.940966826245964,3.4620053406873468,4.486191671353001,3.723723842543364,3.2846890787672414,4.221440423435734,0.6702807411011327,0.6286128243409784,0.7096502358786636,3.333661538970827e-115,492.64248692859104,3.7917542807209914e-109,,broad,,,,,,,,,,,,,,,,,,,,,,,,,,,age,65plus_years,,,,,,,,,,,,,,,
I,serious_outcome_profiles.csv,,,,,,,,,,,,,,,,,,,,,narrow,,,,,,,,,,,,,,,,,,,,,,,,,,,,,nintedanib,serious,334.0,340.0,98.23529411764706,,,,,,,,,,
I,serious_outcome_profiles.csv,,,,,,,,,,,,,,,,,,,,,narrow,,,,,,,,,,,,,,,,,,,,,,,,,,,,,nintedanib,death,48.0,340.0,14.117647058823527,,,,,,,,,,
I,serious_outcome_profiles.csv,,,,,,,,,,,,,,,,,,,,,narrow,,,,,,,,,,,,,,,,,,,,,,,,,,,,,nintedanib,hospitalization,114.0,340.0,33.529411764705884,,,,,,,,,,
I,serious_outcome_profiles.csv,,,,,,,,,,,,,,,,,,,,,narrow,,,,,,,,,,,,,,,,,,,,,,,,,,,,,nintedanib,life_threatening,19.0,340.0,5.588235294117647,,,,,,,,,,
I,serious_outcome_profiles.csv,,,,,,,,,,,,,,,,,,,,,narrow,,,,,,,,,,,,,,,,,,,,,,,,,,,,,nintedanib,disabling,5.0,340.0,1.4705882352941178,,,,,,,,,,
I,serious_outcome_profiles.csv,,,,,,,,,,,,,,,,,,,,,narrow,,,,,,,,,,,,,,,,,,,,,,,,,,,,,nintedanib,congenital_anomaly,0.0,340.0,0.0,,,,,,,,,,
I,serious_outcome_profiles.csv,,,,,,,,,,,,,,,,,,,,,narrow,,,,,,,,,,,,,,,,,,,,,,,,,,,,,nintedanib,other_serious,270.0,340.0,79.41176470588235,,,,,,,,,,
I,serious_outcome_profiles.csv,,,,,,,,,,,,,,,,,,,,,narrow,,,,,,,,,,,,,,,,,,,,,,,,,,,,,nintedanib,fatal_hepatic_reaction,20.0,340.0,5.882352941176471,,,,,,,,,,
I,serious_outcome_profiles.csv,,,,,,,,,,,,,,,,,,,,,narrow,,,,,,,,,,,,,,,,,,,,,,,,,,,,,pirfenidone,serious,111.0,112.0,99.10714285714286,,,,,,,,,,
I,serious_outcome_profiles.csv,,,,,,,,,,,,,,,,,,,,,narrow,,,,,,,,,,,,,,,,,,,,,,,,,,,,,pirfenidone,death,34.0,112.0,30.357142857142858,,,,,,,,,,
I,serious_outcome_profiles.csv,,,,,,,,,,,,,,,,,,,,,narrow,,,,,,,,,,,,,,,,,,,,,,,,,,,,,pirfenidone,hospitalization,43.0,112.0,38.392857142857146,,,,,,,,,,
I,serious_outcome_profiles.csv,,,,,,,,,,,,,,,,,,,,,narrow,,,,,,,,,,,,,,,,,,,,,,,,,,,,,pirfenidone,life_threatening,13.0,112.0,11.607142857142858,,,,,,,,,,
I,serious_outcome_profiles.csv,,,,,,,,,,,,,,,,,,,,,narrow,,,,,,,,,,,,,,,,,,,,,,,,,,,,,pirfenidone,disabling,0.0,112.0,0.0,,,,,,,,,,
I,serious_outcome_profiles.csv,,,,,,,,,,,,,,,,,,,,,narrow,,,,,,,,,,,,,,,,,,,,,,,,,,,,,pirfenidone,congenital_anomaly,0.0,112.0,0.0,,,,,,,,,,
I,serious_outcome_profiles.csv,,,,,,,,,,,,,,,,,,,,,narrow,,,,,,,,,,,,,,,,,,,,,,,,,,,,,pirfenidone,other_serious,67.0,112.0,59.82142857142857,,,,,,,,,,
I,serious_outcome_profiles.csv,,,,,,,,,,,,,,,,,,,,,narrow,,,,,,,,,,,,,,,,,,,,,,,,,,,,,pirfenidone,fatal_hepatic_reaction,23.0,112.0,20.535714285714285,,,,,,,,,,
I,serious_outcome_profiles.csv,,,,,,,,,,,,,,,,,,,,,broad,,,,,,,,,,,,,,,,,,,,,,,,,,,,,nintedanib,serious,1469.0,1773.0,82.85391990975748,,,,,,,,,,
I,serious_outcome_profiles.csv,,,,,,,,,,,,,,,,,,,,,broad,,,,,,,,,,,,,,,,,,,,,,,,,,,,,nintedanib,death,228.0,1773.0,12.859560067681896,,,,,,,,,,
I,serious_outcome_profiles.csv,,,,,,,,,,,,,,,,,,,,,broad,,,,,,,,,,,,,,,,,,,,,,,,,,,,,nintedanib,hospitalization,749.0,1773.0,42.24478285391991,,,,,,,,,,
I,serious_outcome_profiles.csv,,,,,,,,,,,,,,,,,,,,,broad,,,,,,,,,,,,,,,,,,,,,,,,,,,,,nintedanib,life_threatening,59.0,1773.0,3.3276931754089114,,,,,,,,,,
I,serious_outcome_profiles.csv,,,,,,,,,,,,,,,,,,,,,broad,,,,,,,,,,,,,,,,,,,,,,,,,,,,,nintedanib,disabling,40.0,1773.0,2.256063169768753,,,,,,,,,,
I,serious_outcome_profiles.csv,,,,,,,,,,,,,,,,,,,,,broad,,,,,,,,,,,,,,,,,,,,,,,,,,,,,nintedanib,congenital_anomaly,1.0,1773.0,0.0564015792442188,,,,,,,,,,
I,serious_outcome_profiles.csv,,,,,,,,,,,,,,,,,,,,,broad,,,,,,,,,,,,,,,,,,,,,,,,,,,,,nintedanib,other_serious,969.0,1773.0,54.65313028764805,,,,,,,,,,
I,serious_outcome_profiles.csv,,,,,,,,,,,,,,,,,,,,,broad,,,,,,,,,,,,,,,,,,,,,,,,,,,,,nintedanib,fatal_hepatic_reaction,41.0,1773.0,2.3124647490129724,,,,,,,,,,
I,serious_outcome_profiles.csv,,,,,,,,,,,,,,,,,,,,,broad,,,,,,,,,,,,,,,,,,,,,,,,,,,,,pirfenidone,serious,498.0,717.0,69.4560669456067,,,,,,,,,,
I,serious_outcome_profiles.csv,,,,,,,,,,,,,,,,,,,,,broad,,,,,,,,,,,,,,,,,,,,,,,,,,,,,pirfenidone,death,63.0,717.0,8.786610878661088,,,,,,,,,,
I,serious_outcome_profiles.csv,,,,,,,,,,,,,,,,,,,,,broad,,,,,,,,,,,,,,,,,,,,,,,,,,,,,pirfenidone,hospitalization,209.0,717.0,29.14923291492329,,,,,,,,,,
I,serious_outcome_profiles.csv,,,,,,,,,,,,,,,,,,,,,broad,,,,,,,,,,,,,,,,,,,,,,,,,,,,,pirfenidone,life_threatening,30.0,717.0,4.184100418410042,,,,,,,,,,
I,serious_outcome_profiles.csv,,,,,,,,,,,,,,,,,,,,,broad,,,,,,,,,,,,,,,,,,,,,,,,,,,,,pirfenidone,disabling,7.0,717.0,0.9762900976290098,,,,,,,,,,
I,serious_outcome_profiles.csv,,,,,,,,,,,,,,,,,,,,,broad,,,,,,,,,,,,,,,,,,,,,,,,,,,,,pirfenidone,congenital_anomaly,0.0,717.0,0.0,,,,,,,,,,
I,serious_outcome_profiles.csv,,,,,,,,,,,,,,,,,,,,,broad,,,,,,,,,,,,,,,,,,,,,,,,,,,,,pirfenidone,other_serious,326.0,717.0,45.467224546722456,,,,,,,,,,
I,serious_outcome_profiles.csv,,,,,,,,,,,,,,,,,,,,,broad,,,,,,,,,,,,,,,,,,,,,,,,,,,,,pirfenidone,fatal_hepatic_reaction,24.0,717.0,3.3472803347280333,,,,,,,,,,
J_values,time_to_onset_case_values.csv,,,,,,,,,,,,,,,,,,,,,narrow,,,,,,,,,,,,,,,,,,,,,,,,,,,,,nintedanib,,,,,11561700.0,3.0,suspect,,,,,,,
J_values,time_to_onset_case_values.csv,,,,,,,,,,,,,,,,,,,,,narrow,,,,,,,,,,,,,,,,,,,,,,,,,,,,,nintedanib,,,,,11687917.0,16.0,suspect,,,,,,,
J_values,time_to_onset_case_values.csv,,,,,,,,,,,,,,,,,,,,,narrow,,,,,,,,,,,,,,,,,,,,,,,,,,,,,nintedanib,,,,,11798269.0,18.0,suspect,,,,,,,
J_values,time_to_onset_case_values.csv,,,,,,,,,,,,,,,,,,,,,narrow,,,,,,,,,,,,,,,,,,,,,,,,,,,,,nintedanib,,,,,11878582.0,0.0,suspect,,,,,,,
J_values,time_to_onset_case_values.csv,,,,,,,,,,,,,,,,,,,,,narrow,,,,,,,,,,,,,,,,,,,,,,,,,,,,,nintedanib,,,,,12767641.0,91.0,suspect,,,,,,,
J_values,time_to_onset_case_values.csv,,,,,,,,,,,,,,,,,,,,,narrow,,,,,,,,,,,,,,,,,,,,,,,,,,,,,nintedanib,,,,,12899556.0,54.0,suspect,,,,,,,
J_values,time_to_onset_case_values.csv,,,,,,,,,,,,,,,,,,,,,narrow,,,,,,,,,,,,,,,,,,,,,,,,,,,,,nintedanib,,,,,12934772.0,51.0,suspect,,,,,,,
J_values,time_to_onset_case_values.csv,,,,,,,,,,,,,,,,,,,,,narrow,,,,,,,,,,,,,,,,,,,,,,,,,,,,,nintedanib,,,,,13418347.0,29.0,suspect,,,,,,,
J_values,time_to_onset_case_values.csv,,,,,,,,,,,,,,,,,,,,,narrow,,,,,,,,,,,,,,,,,,,,,,,,,,,,,nintedanib,,,,,13712665.0,14.0,suspect,,,,,,,
J_values,time_to_onset_case_values.csv,,,,,,,,,,,,,,,,,,,,,narrow,,,,,,,,,,,,,,,,,,,,,,,,,,,,,nintedanib,,,,,13766301.0,19.0,suspect,,,,,,,
J_values,time_to_onset_case_values.csv,,,,,,,,,,,,,,,,,,,,,narrow,,,,,,,,,,,,,,,,,,,,,,,,,,,,,nintedanib,,,,,13795191.0,0.0,suspect,,,,,,,
J_values,time_to_onset_case_values.csv,,,,,,,,,,,,,,,,,,,,,narrow,,,,,,,,,,,,,,,,,,,,,,,,,,,,,nintedanib,,,,,13897761.0,0.0,suspect,,,,,,,
J_values,time_to_onset_case_values.csv,,,,,,,,,,,,,,,,,,,,,narrow,,,,,,,,,,,,,,,,,,,,,,,,,,,,,nintedanib,,,,,14030190.0,6.0,suspect,,,,,,,
J_values,time_to_onset_case_values.csv,,,,,,,,,,,,,,,,,,,,,narrow,,,,,,,,,,,,,,,,,,,,,,,,,,,,,nintedanib,,,,,14064980.0,3.0,suspect,,,,,,,
J_values,time_to_onset_case_values.csv,,,,,,,,,,,,,,,,,,,,,narrow,,,,,,,,,,,,,,,,,,,,,,,,,,,,,nintedanib,,,,,14100421.0,7.0,suspect,,,,,,,
J_values,time_to_onset_case_values.csv,,,,,,,,,,,,,,,,,,,,,narrow,,,,,,,,,,,,,,,,,,,,,,,,,,,,,nintedanib,,,,,14105189.0,7.0,suspect,,,,,,,
J_values,time_to_onset_case_values.csv,,,,,,,,,,,,,,,,,,,,,narrow,,,,,,,,,,,,,,,,,,,,,,,,,,,,,nintedanib,,,,,14107792.0,21.0,suspect,,,,,,,
J_values,time_to_onset_case_values.csv,,,,,,,,,,,,,,,,,,,,,narrow,,,,,,,,,,,,,,,,,,,,,,,,,,,,,nintedanib,,,,,14157283.0,186.0,suspect,,,,,,,
J_values,time_to_onset_case_values.csv,,,,,,,,,,,,,,,,,,,,,narrow,,,,,,,,,,,,,,,,,,,,,,,,,,,,,nintedanib,,,,,14276472.0,5.0,suspect,,,,,,,
J_values,time_to_onset_case_values.csv,,,,,,,,,,,,,,,,,,,,,narrow,,,,,,,,,,,,,,,,,,,,,,,,,,,,,nintedanib,,,,,14510968.0,219.0,suspect,,,,,,,
J_values,time_to_onset_case_values.csv,,,,,,,,,,,,,,,,,,,,,narrow,,,,,,,,,,,,,,,,,,,,,,,,,,,,,nintedanib,,,,,14541655.0,14.0,suspect,,,,,,,
J_values,time_to_onset_case_values.csv,,,,,,,,,,,,,,,,,,,,,narrow,,,,,,,,,,,,,,,,,,,,,,,,,,,,,nintedanib,,,,,14596666.0,2.0,suspect,,,,,,,
J_values,time_to_onset_case_values.csv,,,,,,,,,,,,,,,,,,,,,narrow,,,,,,,,,,,,,,,,,,,,,,,,,,,,,nintedanib,,,,,14659158.0,314.0,suspect,,,,,,,
J_values,time_to_onset_case_values.csv,,,,,,,,,,,,,,,,,,,,,narrow,,,,,,,,,,,,,,,,,,,,,,,,,,,,,nintedanib,,,,,14716935.0,5.0,suspect,,,,,,,
J_values,time_to_onset_case_values.csv,,,,,,,,,,,,,,,,,,,,,narrow,,,,,,,,,,,,,,,,,,,,,,,,,,,,,nintedanib,,,,,14722971.0,15.0,suspect,,,,,,,
J_values,time_to_onset_case_values.csv,,,,,,,,,,,,,,,,,,,,,narrow,,,,,,,,,,,,,,,,,,,,,,,,,,,,,nintedanib,,,,,14791049.0,29.0,suspect,,,,,,,
J_values,time_to_onset_case_values.csv,,,,,,,,,,,,,,,,,,,,,narrow,,,,,,,,,,,,,,,,,,,,,,,,,,,,,nintedanib,,,,,14889343.0,5.0,suspect,,,,,,,
J_values,time_to_onset_case_values.csv,,,,,,,,,,,,,,,,,,,,,narrow,,,,,,,,,,,,,,,,,,,,,,,,,,,,,nintedanib,,,,,15349716.0,102.0,suspect,,,,,,,
J_values,time_to_onset_case_values.csv,,,,,,,,,,,,,,,,,,,,,narrow,,,,,,,,,,,,,,,,,,,,,,,,,,,,,nintedanib,,,,,15405703.0,0.0,suspect,,,,,,,
J_values,time_to_onset_case_values.csv,,,,,,,,,,,,,,,,,,,,,narrow,,,,,,,,,,,,,,,,,,,,,,,,,,,,,nintedanib,,,,,15841635.0,43.0,suspect,,,,,,,
J_values,time_to_onset_case_values.csv,,,,,,,,,,,,,,,,,,,,,narrow,,,,,,,,,,,,,,,,,,,,,,,,,,,,,nintedanib,,,,,16214310.0,154.0,suspect,,,,,,,
J_values,time_to_onset_case_values.csv,,,,,,,,,,,,,,,,,,,,,narrow,,,,,,,,,,,,,,,,,,,,,,,,,,,,,nintedanib,,,,,16397955.0,14.0,suspect,,,,,,,
J_values,time_to_onset_case_values.csv,,,,,,,,,,,,,,,,,,,,,narrow,,,,,,,,,,,,,,,,,,,,,,,,,,,,,nintedanib,,,,,16587932.0,12.0,suspect,,,,,,,
J_values,time_to_onset_case_values.csv,,,,,,,,,,,,,,,,,,,,,narrow,,,,,,,,,,,,,,,,,,,,,,,,,,,,,nintedanib,,,,,16598247.0,14.0,suspect,,,,,,,
J_values,time_to_onset_case_values.csv,,,,,,,,,,,,,,,,,,,,,narrow,,,,,,,,,,,,,,,,,,,,,,,,,,,,,nintedanib,,,,,16710551.0,5.0,suspect,,,,,,,
J_values,time_to_onset_case_values.csv,,,,,,,,,,,,,,,,,,,,,narrow,,,,,,,,,,,,,,,,,,,,,,,,,,,,,nintedanib,,,,,16778311.0,114.0,suspect,,,,,,,
J_values,time_to_onset_case_values.csv,,,,,,,,,,,,,,,,,,,,,narrow,,,,,,,,,,,,,,,,,,,,,,,,,,,,,nintedanib,,,,,16783153.0,114.0,suspect,,,,,,,
J_values,time_to_onset_case_values.csv,,,,,,,,,,,,,,,,,,,,,narrow,,,,,,,,,,,,,,,,,,,,,,,,,,,,,nintedanib,,,,,16797519.0,114.0,suspect,,,,,,,
J_values,time_to_onset_case_values.csv,,,,,,,,,,,,,,,,,,,,,narrow,,,,,,,,,,,,,,,,,,,,,,,,,,,,,nintedanib,,,,,16817825.0,114.0,suspect,,,,,,,
J_values,time_to_onset_case_values.csv,,,,,,,,,,,,,,,,,,,,,narrow,,,,,,,,,,,,,,,,,,,,,,,,,,,,,nintedanib,,,,,16823928.0,114.0,suspect,,,,,,,
J_values,time_to_onset_case_values.csv,,,,,,,,,,,,,,,,,,,,,narrow,,,,,,,,,,,,,,,,,,,,,,,,,,,,,nintedanib,,,,,16964128.0,84.0,suspect,,,,,,,
J_values,time_to_onset_case_values.csv,,,,,,,,,,,,,,,,,,,,,narrow,,,,,,,,,,,,,,,,,,,,,,,,,,,,,nintedanib,,,,,17203083.0,114.0,suspect,,,,,,,
J_values,time_to_onset_case_values.csv,,,,,,,,,,,,,,,,,,,,,narrow,,,,,,,,,,,,,,,,,,,,,,,,,,,,,nintedanib,,,,,17212715.0,72.0,suspect,,,,,,,
J_values,time_to_onset_case_values.csv,,,,,,,,,,,,,,,,,,,,,narrow,,,,,,,,,,,,,,,,,,,,,,,,,,,,,nintedanib,,,,,17214490.0,2.0,suspect,,,,,,,
J_values,time_to_onset_case_values.csv,,,,,,,,,,,,,,,,,,,,,narrow,,,,,,,,,,,,,,,,,,,,,,,,,,,,,nintedanib,,,,,18017887.0,30.0,suspect,,,,,,,
J_values,time_to_onset_case_values.csv,,,,,,,,,,,,,,,,,,,,,narrow,,,,,,,,,,,,,,,,,,,,,,,,,,,,,nintedanib,,,,,18182524.0,29.0,suspect,,,,,,,
J_values,time_to_onset_case_values.csv,,,,,,,,,,,,,,,,,,,,,narrow,,,,,,,,,,,,,,,,,,,,,,,,,,,,,nintedanib,,,,,18446060.0,7.0,suspect,,,,,,,
J_values,time_to_onset_case_values.csv,,,,,,,,,,,,,,,,,,,,,narrow,,,,,,,,,,,,,,,,,,,,,,,,,,,,,nintedanib,,,,,18469332.0,7.0,suspect,,,,,,,
J_values,time_to_onset_case_values.csv,,,,,,,,,,,,,,,,,,,,,narrow,,,,,,,,,,,,,,,,,,,,,,,,,,,,,nintedanib,,,,,18689792.0,3.0,suspect,,,,,,,
J_values,time_to_onset_case_values.csv,,,,,,,,,,,,,,,,,,,,,narrow,,,,,,,,,,,,,,,,,,,,,,,,,,,,,nintedanib,,,,,18701959.0,2.0,suspect,,,,,,,
J_values,time_to_onset_case_values.csv,,,,,,,,,,,,,,,,,,,,,narrow,,,,,,,,,,,,,,,,,,,,,,,,,,,,,nintedanib,,,,,18902154.0,9.0,suspect,,,,,,,
J_values,time_to_onset_case_values.csv,,,,,,,,,,,,,,,,,,,,,narrow,,,,,,,,,,,,,,,,,,,,,,,,,,,,,nintedanib,,,,,18961460.0,0.0,suspect,,,,,,,
J_values,time_to_onset_case_values.csv,,,,,,,,,,,,,,,,,,,,,narrow,,,,,,,,,,,,,,,,,,,,,,,,,,,,,nintedanib,,,,,18998803.0,23.0,suspect,,,,,,,
J_values,time_to_onset_case_values.csv,,,,,,,,,,,,,,,,,,,,,narrow,,,,,,,,,,,,,,,,,,,,,,,,,,,,,nintedanib,,,,,19034604.0,63.0,suspect,,,,,,,
J_values,time_to_onset_case_values.csv,,,,,,,,,,,,,,,,,,,,,narrow,,,,,,,,,,,,,,,,,,,,,,,,,,,,,nintedanib,,,,,19113828.0,3.0,suspect,,,,,,,
J_values,time_to_onset_case_values.csv,,,,,,,,,,,,,,,,,,,,,narrow,,,,,,,,,,,,,,,,,,,,,,,,,,,,,nintedanib,,,,,19180573.0,3.0,suspect,,,,,,,
J_values,time_to_onset_case_values.csv,,,,,,,,,,,,,,,,,,,,,narrow,,,,,,,,,,,,,,,,,,,,,,,,,,,,,nintedanib,,,,,19531222.0,3.0,suspect,,,,,,,
J_values,time_to_onset_case_values.csv,,,,,,,,,,,,,,,,,,,,,narrow,,,,,,,,,,,,,,,,,,,,,,,,,,,,,nintedanib,,,,,19885801.0,3.0,suspect,,,,,,,
J_values,time_to_onset_case_values.csv,,,,,,,,,,,,,,,,,,,,,narrow,,,,,,,,,,,,,,,,,,,,,,,,,,,,,nintedanib,,,,,20029799.0,15.0,suspect,,,,,,,
J_values,time_to_onset_case_values.csv,,,,,,,,,,,,,,,,,,,,,narrow,,,,,,,,,,,,,,,,,,,,,,,,,,,,,nintedanib,,,,,20070122.0,155.0,suspect,,,,,,,
J_values,time_to_onset_case_values.csv,,,,,,,,,,,,,,,,,,,,,narrow,,,,,,,,,,,,,,,,,,,,,,,,,,,,,nintedanib,,,,,20145404.0,2.0,suspect,,,,,,,
J_values,time_to_onset_case_values.csv,,,,,,,,,,,,,,,,,,,,,narrow,,,,,,,,,,,,,,,,,,,,,,,,,,,,,nintedanib,,,,,20246653.0,90.0,suspect,,,,,,,
J_values,time_to_onset_case_values.csv,,,,,,,,,,,,,,,,,,,,,narrow,,,,,,,,,,,,,,,,,,,,,,,,,,,,,nintedanib,,,,,20643184.0,14.0,suspect,,,,,,,
J_values,time_to_onset_case_values.csv,,,,,,,,,,,,,,,,,,,,,narrow,,,,,,,,,,,,,,,,,,,,,,,,,,,,,nintedanib,,,,,20749212.0,57.0,suspect,,,,,,,
J_values,time_to_onset_case_values.csv,,,,,,,,,,,,,,,,,,,,,narrow,,,,,,,,,,,,,,,,,,,,,,,,,,,,,nintedanib,,,,,20872959.0,2.0,suspect,,,,,,,
J_values,time_to_onset_case_values.csv,,,,,,,,,,,,,,,,,,,,,narrow,,,,,,,,,,,,,,,,,,,,,,,,,,,,,nintedanib,,,,,21160170.0,2.0,suspect,,,,,,,
J_values,time_to_onset_case_values.csv,,,,,,,,,,,,,,,,,,,,,narrow,,,,,,,,,,,,,,,,,,,,,,,,,,,,,nintedanib,,,,,21327080.0,55.0,suspect,,,,,,,
J_values,time_to_onset_case_values.csv,,,,,,,,,,,,,,,,,,,,,narrow,,,,,,,,,,,,,,,,,,,,,,,,,,,,,nintedanib,,,,,21452337.0,6.0,suspect,,,,,,,
J_values,time_to_onset_case_values.csv,,,,,,,,,,,,,,,,,,,,,narrow,,,,,,,,,,,,,,,,,,,,,,,,,,,,,nintedanib,,,,,21569903.0,11.0,suspect,,,,,,,
J_values,time_to_onset_case_values.csv,,,,,,,,,,,,,,,,,,,,,narrow,,,,,,,,,,,,,,,,,,,,,,,,,,,,,nintedanib,,,,,21658792.0,5.0,suspect,,,,,,,
J_values,time_to_onset_case_values.csv,,,,,,,,,,,,,,,,,,,,,narrow,,,,,,,,,,,,,,,,,,,,,,,,,,,,,nintedanib,,,,,22094401.0,14.0,suspect,,,,,,,
J_values,time_to_onset_case_values.csv,,,,,,,,,,,,,,,,,,,,,narrow,,,,,,,,,,,,,,,,,,,,,,,,,,,,,nintedanib,,,,,22102365.0,4.0,suspect,,,,,,,
J_values,time_to_onset_case_values.csv,,,,,,,,,,,,,,,,,,,,,narrow,,,,,,,,,,,,,,,,,,,,,,,,,,,,,nintedanib,,,,,22167256.0,58.0,suspect,,,,,,,
J_values,time_to_onset_case_values.csv,,,,,,,,,,,,,,,,,,,,,narrow,,,,,,,,,,,,,,,,,,,,,,,,,,,,,nintedanib,,,,,23376213.0,237.0,suspect,,,,,,,
J_values,time_to_onset_case_values.csv,,,,,,,,,,,,,,,,,,,,,narrow,,,,,,,,,,,,,,,,,,,,,,,,,,,,,nintedanib,,,,,23808954.0,6.0,suspect,,,,,,,
J_values,time_to_onset_case_values.csv,,,,,,,,,,,,,,,,,,,,,narrow,,,,,,,,,,,,,,,,,,,,,,,,,,,,,nintedanib,,,,,24015322.0,59.0,suspect,,,,,,,
J_values,time_to_onset_case_values.csv,,,,,,,,,,,,,,,,,,,,,narrow,,,,,,,,,,,,,,,,,,,,,,,,,,,,,nintedanib,,,,,24090453.0,63.0,suspect,,,,,,,
J_values,time_to_onset_case_values.csv,,,,,,,,,,,,,,,,,,,,,narrow,,,,,,,,,,,,,,,,,,,,,,,,,,,,,nintedanib,,,,,24146368.0,20.0,suspect,,,,,,,
J_values,time_to_onset_case_values.csv,,,,,,,,,,,,,,,,,,,,,narrow,,,,,,,,,,,,,,,,,,,,,,,,,,,,,nintedanib,,,,,24214533.0,6.0,suspect,,,,,,,
J_values,time_to_onset_case_values.csv,,,,,,,,,,,,,,,,,,,,,narrow,,,,,,,,,,,,,,,,,,,,,,,,,,,,,nintedanib,,,,,24331023.0,117.0,suspect,,,,,,,
J_values,time_to_onset_case_values.csv,,,,,,,,,,,,,,,,,,,,,narrow,,,,,,,,,,,,,,,,,,,,,,,,,,,,,nintedanib,,,,,24334974.0,306.0,suspect,,,,,,,
J_values,time_to_onset_case_values.csv,,,,,,,,,,,,,,,,,,,,,narrow,,,,,,,,,,,,,,,,,,,,,,,,,,,,,nintedanib,,,,,24573603.0,4.0,suspect,,,,,,,
J_values,time_to_onset_case_values.csv,,,,,,,,,,,,,,,,,,,,,narrow,,,,,,,,,,,,,,,,,,,,,,,,,,,,,nintedanib,,,,,24924093.0,35.0,suspect,,,,,,,
J_values,time_to_onset_case_values.csv,,,,,,,,,,,,,,,,,,,,,narrow,,,,,,,,,,,,,,,,,,,,,,,,,,,,,nintedanib,,,,,25002268.0,17.0,suspect,,,,,,,
J_values,time_to_onset_case_values.csv,,,,,,,,,,,,,,,,,,,,,narrow,,,,,,,,,,,,,,,,,,,,,,,,,,,,,nintedanib,,,,,25411672.0,42.0,suspect,,,,,,,
J_values,time_to_onset_case_values.csv,,,,,,,,,,,,,,,,,,,,,narrow,,,,,,,,,,,,,,,,,,,,,,,,,,,,,nintedanib,,,,,25587783.0,17.0,suspect,,,,,,,
J_values,time_to_onset_case_values.csv,,,,,,,,,,,,,,,,,,,,,narrow,,,,,,,,,,,,,,,,,,,,,,,,,,,,,nintedanib,,,,,25778258.0,14.0,suspect,,,,,,,
J_values,time_to_onset_case_values.csv,,,,,,,,,,,,,,,,,,,,,narrow,,,,,,,,,,,,,,,,,,,,,,,,,,,,,nintedanib,,,,,25902036.0,280.0,suspect,,,,,,,
J_values,time_to_onset_case_values.csv,,,,,,,,,,,,,,,,,,,,,narrow,,,,,,,,,,,,,,,,,,,,,,,,,,,,,nintedanib,,,,,25919831.0,1.0,suspect,,,,,,,
J_values,time_to_onset_case_values.csv,,,,,,,,,,,,,,,,,,,,,narrow,,,,,,,,,,,,,,,,,,,,,,,,,,,,,nintedanib,,,,,25943793.0,64.0,suspect,,,,,,,
J_values,time_to_onset_case_values.csv,,,,,,,,,,,,,,,,,,,,,narrow,,,,,,,,,,,,,,,,,,,,,,,,,,,,,nintedanib,,,,,26183799.0,36.0,suspect,,,,,,,
J_values,time_to_onset_case_values.csv,,,,,,,,,,,,,,,,,,,,,narrow,,,,,,,,,,,,,,,,,,,,,,,,,,,,,nintedanib,,,,,26577640.0,2.0,suspect,,,,,,,
J_values,time_to_onset_case_values.csv,,,,,,,,,,,,,,,,,,,,,narrow,,,,,,,,,,,,,,,,,,,,,,,,,,,,,nintedanib,,,,,26801200.0,3.0,suspect,,,,,,,
J_values,time_to_onset_case_values.csv,,,,,,,,,,,,,,,,,,,,,narrow,,,,,,,,,,,,,,,,,,,,,,,,,,,,,nintedanib,,,,,26897320.0,29.0,suspect,,,,,,,
J_values,time_to_onset_case_values.csv,,,,,,,,,,,,,,,,,,,,,narrow,,,,,,,,,,,,,,,,,,,,,,,,,,,,,pirfenidone,,,,,10723919.0,48.0,suspect,,,,,,,
J_values,time_to_onset_case_values.csv,,,,,,,,,,,,,,,,,,,,,narrow,,,,,,,,,,,,,,,,,,,,,,,,,,,,,pirfenidone,,,,,10750031.0,215.0,suspect,,,,,,,
J_values,time_to_onset_case_values.csv,,,,,,,,,,,,,,,,,,,,,narrow,,,,,,,,,,,,,,,,,,,,,,,,,,,,,pirfenidone,,,,,10880185.0,67.0,suspect,,,,,,,
J_values,time_to_onset_case_values.csv,,,,,,,,,,,,,,,,,,,,,narrow,,,,,,,,,,,,,,,,,,,,,,,,,,,,,pirfenidone,,,,,11011815.0,48.0,suspect,,,,,,,
J_values,time_to_onset_case_values.csv,,,,,,,,,,,,,,,,,,,,,narrow,,,,,,,,,,,,,,,,,,,,,,,,,,,,,pirfenidone,,,,,11152641.0,43.0,suspect,,,,,,,
J_values,time_to_onset_case_values.csv,,,,,,,,,,,,,,,,,,,,,narrow,,,,,,,,,,,,,,,,,,,,,,,,,,,,,pirfenidone,,,,,11165983.0,122.0,suspect,,,,,,,
J_values,time_to_onset_case_values.csv,,,,,,,,,,,,,,,,,,,,,narrow,,,,,,,,,,,,,,,,,,,,,,,,,,,,,pirfenidone,,,,,11257587.0,303.0,suspect,,,,,,,
J_values,time_to_onset_case_values.csv,,,,,,,,,,,,,,,,,,,,,narrow,,,,,,,,,,,,,,,,,,,,,,,,,,,,,pirfenidone,,,,,11335009.0,74.0,suspect,,,,,,,
J_values,time_to_onset_case_values.csv,,,,,,,,,,,,,,,,,,,,,narrow,,,,,,,,,,,,,,,,,,,,,,,,,,,,,pirfenidone,,,,,11645994.0,209.0,suspect,,,,,,,
J_values,time_to_onset_case_values.csv,,,,,,,,,,,,,,,,,,,,,narrow,,,,,,,,,,,,,,,,,,,,,,,,,,,,,pirfenidone,,,,,11938387.0,36.0,suspect,,,,,,,
J_values,time_to_onset_case_values.csv,,,,,,,,,,,,,,,,,,,,,narrow,,,,,,,,,,,,,,,,,,,,,,,,,,,,,pirfenidone,,,,,11987702.0,67.0,suspect,,,,,,,
J_values,time_to_onset_case_values.csv,,,,,,,,,,,,,,,,,,,,,narrow,,,,,,,,,,,,,,,,,,,,,,,,,,,,,pirfenidone,,,,,12267394.0,63.0,suspect,,,,,,,
J_values,time_to_onset_case_values.csv,,,,,,,,,,,,,,,,,,,,,narrow,,,,,,,,,,,,,,,,,,,,,,,,,,,,,pirfenidone,,,,,13060852.0,54.0,suspect,,,,,,,
J_values,time_to_onset_case_values.csv,,,,,,,,,,,,,,,,,,,,,narrow,,,,,,,,,,,,,,,,,,,,,,,,,,,,,pirfenidone,,,,,13357057.0,268.0,suspect,,,,,,,
J_values,time_to_onset_case_values.csv,,,,,,,,,,,,,,,,,,,,,narrow,,,,,,,,,,,,,,,,,,,,,,,,,,,,,pirfenidone,,,,,13754988.0,56.0,suspect,,,,,,,
J_values,time_to_onset_case_values.csv,,,,,,,,,,,,,,,,,,,,,narrow,,,,,,,,,,,,,,,,,,,,,,,,,,,,,pirfenidone,,,,,15693864.0,41.0,suspect,,,,,,,
J_values,time_to_onset_case_values.csv,,,,,,,,,,,,,,,,,,,,,narrow,,,,,,,,,,,,,,,,,,,,,,,,,,,,,pirfenidone,,,,,15703706.0,16.0,suspect,,,,,,,
J_values,time_to_onset_case_values.csv,,,,,,,,,,,,,,,,,,,,,narrow,,,,,,,,,,,,,,,,,,,,,,,,,,,,,pirfenidone,,,,,15771030.0,36.0,suspect,,,,,,,
J_values,time_to_onset_case_values.csv,,,,,,,,,,,,,,,,,,,,,narrow,,,,,,,,,,,,,,,,,,,,,,,,,,,,,pirfenidone,,,,,16137938.0,158.0,suspect,,,,,,,
J_values,time_to_onset_case_values.csv,,,,,,,,,,,,,,,,,,,,,narrow,,,,,,,,,,,,,,,,,,,,,,,,,,,,,pirfenidone,,,,,17395960.0,176.0,suspect,,,,,,,
J_values,time_to_onset_case_values.csv,,,,,,,,,,,,,,,,,,,,,narrow,,,,,,,,,,,,,,,,,,,,,,,,,,,,,pirfenidone,,,,,17456838.0,0.0,suspect,,,,,,,
J_values,time_to_onset_case_values.csv,,,,,,,,,,,,,,,,,,,,,narrow,,,,,,,,,,,,,,,,,,,,,,,,,,,,,pirfenidone,,,,,17666135.0,86.0,suspect,,,,,,,
J_values,time_to_onset_case_values.csv,,,,,,,,,,,,,,,,,,,,,narrow,,,,,,,,,,,,,,,,,,,,,,,,,,,,,pirfenidone,,,,,17818423.0,42.0,suspect,,,,,,,
J_values,time_to_onset_case_values.csv,,,,,,,,,,,,,,,,,,,,,narrow,,,,,,,,,,,,,,,,,,,,,,,,,,,,,pirfenidone,,,,,17870239.0,176.0,suspect,,,,,,,
J_values,time_to_onset_case_values.csv,,,,,,,,,,,,,,,,,,,,,narrow,,,,,,,,,,,,,,,,,,,,,,,,,,,,,pirfenidone,,,,,17879450.0,308.0,suspect,,,,,,,
J_values,time_to_onset_case_values.csv,,,,,,,,,,,,,,,,,,,,,narrow,,,,,,,,,,,,,,,,,,,,,,,,,,,,,pirfenidone,,,,,18740593.0,34.0,suspect,,,,,,,
J_values,time_to_onset_case_values.csv,,,,,,,,,,,,,,,,,,,,,narrow,,,,,,,,,,,,,,,,,,,,,,,,,,,,,pirfenidone,,,,,20144502.0,129.0,suspect,,,,,,,
J_values,time_to_onset_case_values.csv,,,,,,,,,,,,,,,,,,,,,narrow,,,,,,,,,,,,,,,,,,,,,,,,,,,,,pirfenidone,,,,,22247121.0,40.0,suspect,,,,,,,
J_values,time_to_onset_case_values.csv,,,,,,,,,,,,,,,,,,,,,narrow,,,,,,,,,,,,,,,,,,,,,,,,,,,,,pirfenidone,,,,,23350429.0,126.0,suspect,,,,,,,
J_values,time_to_onset_case_values.csv,,,,,,,,,,,,,,,,,,,,,narrow,,,,,,,,,,,,,,,,,,,,,,,,,,,,,pirfenidone,,,,,24659601.0,56.0,suspect,,,,,,,
J_values,time_to_onset_case_values.csv,,,,,,,,,,,,,,,,,,,,,narrow,,,,,,,,,,,,,,,,,,,,,,,,,,,,,pirfenidone,,,,,24914478.0,65.0,suspect,,,,,,,
J_values,time_to_onset_case_values.csv,,,,,,,,,,,,,,,,,,,,,narrow,,,,,,,,,,,,,,,,,,,,,,,,,,,,,pirfenidone,,,,,24950659.0,65.0,suspect,,,,,,,
J_values,time_to_onset_case_values.csv,,,,,,,,,,,,,,,,,,,,,narrow,,,,,,,,,,,,,,,,,,,,,,,,,,,,,pirfenidone,,,,,24997699.0,65.0,suspect,,,,,,,
J_values,time_to_onset_case_values.csv,,,,,,,,,,,,,,,,,,,,,narrow,,,,,,,,,,,,,,,,,,,,,,,,,,,,,pirfenidone,,,,,25263088.0,41.0,suspect,,,,,,,
J_values,time_to_onset_case_values.csv,,,,,,,,,,,,,,,,,,,,,broad,,,,,,,,,,,,,,,,,,,,,,,,,,,,,nintedanib,,,,,10674582.0,0.0,suspect,,,,,,,
J_values,time_to_onset_case_values.csv,,,,,,,,,,,,,,,,,,,,,broad,,,,,,,,,,,,,,,,,,,,,,,,,,,,,nintedanib,,,,,11114009.0,7.0,suspect,,,,,,,
J_values,time_to_onset_case_values.csv,,,,,,,,,,,,,,,,,,,,,broad,,,,,,,,,,,,,,,,,,,,,,,,,,,,,nintedanib,,,,,11172281.0,0.0,suspect,,,,,,,
J_values,time_to_onset_case_values.csv,,,,,,,,,,,,,,,,,,,,,broad,,,,,,,,,,,,,,,,,,,,,,,,,,,,,nintedanib,,,,,11274344.0,18.0,suspect,,,,,,,
J_values,time_to_onset_case_values.csv,,,,,,,,,,,,,,,,,,,,,broad,,,,,,,,,,,,,,,,,,,,,,,,,,,,,nintedanib,,,,,11287769.0,2.0,suspect,,,,,,,
J_values,time_to_onset_case_values.csv,,,,,,,,,,,,,,,,,,,,,broad,,,,,,,,,,,,,,,,,,,,,,,,,,,,,nintedanib,,,,,11310855.0,10.0,suspect,,,,,,,
J_values,time_to_onset_case_values.csv,,,,,,,,,,,,,,,,,,,,,broad,,,,,,,,,,,,,,,,,,,,,,,,,,,,,nintedanib,,,,,11435140.0,28.0,suspect,,,,,,,
J_values,time_to_onset_case_values.csv,,,,,,,,,,,,,,,,,,,,,broad,,,,,,,,,,,,,,,,,,,,,,,,,,,,,nintedanib,,,,,11539990.0,21.0,suspect,,,,,,,
J_values,time_to_onset_case_values.csv,,,,,,,,,,,,,,,,,,,,,broad,,,,,,,,,,,,,,,,,,,,,,,,,,,,,nintedanib,,,,,11556973.0,17.0,suspect,,,,,,,
J_values,time_to_onset_case_values.csv,,,,,,,,,,,,,,,,,,,,,broad,,,,,,,,,,,,,,,,,,,,,,,,,,,,,nintedanib,,,,,11561700.0,3.0,suspect,,,,,,,
J_values,time_to_onset_case_values.csv,,,,,,,,,,,,,,,,,,,,,broad,,,,,,,,,,,,,,,,,,,,,,,,,,,,,nintedanib,,,,,11564576.0,189.0,suspect,,,,,,,
J_values,time_to_onset_case_values.csv,,,,,,,,,,,,,,,,,,,,,broad,,,,,,,,,,,,,,,,,,,,,,,,,,,,,nintedanib,,,,,11592894.0,35.0,suspect,,,,,,,
J_values,time_to_onset_case_values.csv,,,,,,,,,,,,,,,,,,,,,broad,,,,,,,,,,,,,,,,,,,,,,,,,,,,,nintedanib,,,,,11662077.0,20.0,suspect,,,,,,,
J_values,time_to_onset_case_values.csv,,,,,,,,,,,,,,,,,,,,,broad,,,,,,,,,,,,,,,,,,,,,,,,,,,,,nintedanib,,,,,11686886.0,360.0,suspect,,,,,,,
J_values,time_to_onset_case_values.csv,,,,,,,,,,,,,,,,,,,,,broad,,,,,,,,,,,,,,,,,,,,,,,,,,,,,nintedanib,,,,,11687917.0,16.0,suspect,,,,,,,
J_values,time_to_onset_case_values.csv,,,,,,,,,,,,,,,,,,,,,broad,,,,,,,,,,,,,,,,,,,,,,,,,,,,,nintedanib,,,,,11690776.0,38.0,suspect,,,,,,,
J_values,time_to_onset_case_values.csv,,,,,,,,,,,,,,,,,,,,,broad,,,,,,,,,,,,,,,,,,,,,,,,,,,,,nintedanib,,,,,11716850.0,4.0,suspect,,,,,,,
J_values,time_to_onset_case_values.csv,,,,,,,,,,,,,,,,,,,,,broad,,,,,,,,,,,,,,,,,,,,,,,,,,,,,nintedanib,,,,,11746729.0,16.0,suspect,,,,,,,
J_values,time_to_onset_case_values.csv,,,,,,,,,,,,,,,,,,,,,broad,,,,,,,,,,,,,,,,,,,,,,,,,,,,,nintedanib,,,,,11757761.0,89.0,suspect,,,,,,,
J_values,time_to_onset_case_values.csv,,,,,,,,,,,,,,,,,,,,,broad,,,,,,,,,,,,,,,,,,,,,,,,,,,,,nintedanib,,,,,11798269.0,18.0,suspect,,,,,,,
J_values,time_to_onset_case_values.csv,,,,,,,,,,,,,,,,,,,,,broad,,,,,,,,,,,,,,,,,,,,,,,,,,,,,nintedanib,,,,,11808612.0,120.0,suspect,,,,,,,
J_values,time_to_onset_case_values.csv,,,,,,,,,,,,,,,,,,,,,broad,,,,,,,,,,,,,,,,,,,,,,,,,,,,,nintedanib,,,,,11810913.0,6.0,suspect,,,,,,,
J_values,time_to_onset_case_values.csv,,,,,,,,,,,,,,,,,,,,,broad,,,,,,,,,,,,,,,,,,,,,,,,,,,,,nintedanib,,,,,11878582.0,0.0,suspect,,,,,,,
J_values,time_to_onset_case_values.csv,,,,,,,,,,,,,,,,,,,,,broad,,,,,,,,,,,,,,,,,,,,,,,,,,,,,nintedanib,,,,,11899131.0,16.0,suspect,,,,,,,
J_values,time_to_onset_case_values.csv,,,,,,,,,,,,,,,,,,,,,broad,,,,,,,,,,,,,,,,,,,,,,,,,,,,,nintedanib,,,,,11940659.0,46.0,suspect,,,,,,,
J_values,time_to_onset_case_values.csv,,,,,,,,,,,,,,,,,,,,,broad,,,,,,,,,,,,,,,,,,,,,,,,,,,,,nintedanib,,,,,11941412.0,15.0,suspect,,,,,,,
J_values,time_to_onset_case_values.csv,,,,,,,,,,,,,,,,,,,,,broad,,,,,,,,,,,,,,,,,,,,,,,,,,,,,nintedanib,,,,,11976667.0,19.0,suspect,,,,,,,
J_values,time_to_onset_case_values.csv,,,,,,,,,,,,,,,,,,,,,broad,,,,,,,,,,,,,,,,,,,,,,,,,,,,,nintedanib,,,,,12060099.0,5.0,suspect,,,,,,,
J_values,time_to_onset_case_values.csv,,,,,,,,,,,,,,,,,,,,,broad,,,,,,,,,,,,,,,,,,,,,,,,,,,,,nintedanib,,,,,12081774.0,0.0,suspect,,,,,,,
J_values,time_to_onset_case_values.csv,,,,,,,,,,,,,,,,,,,,,broad,,,,,,,,,,,,,,,,,,,,,,,,,,,,,nintedanib,,,,,12084438.0,0.0,suspect,,,,,,,
J_values,time_to_onset_case_values.csv,,,,,,,,,,,,,,,,,,,,,broad,,,,,,,,,,,,,,,,,,,,,,,,,,,,,nintedanib,,,,,12084695.0,42.0,suspect,,,,,,,
J_values,time_to_onset_case_values.csv,,,,,,,,,,,,,,,,,,,,,broad,,,,,,,,,,,,,,,,,,,,,,,,,,,,,nintedanib,,,,,12118967.0,162.0,suspect,,,,,,,
J_values,time_to_onset_case_values.csv,,,,,,,,,,,,,,,,,,,,,broad,,,,,,,,,,,,,,,,,,,,,,,,,,,,,nintedanib,,,,,12126828.0,33.0,suspect,,,,,,,
J_values,time_to_onset_case_values.csv,,,,,,,,,,,,,,,,,,,,,broad,,,,,,,,,,,,,,,,,,,,,,,,,,,,,nintedanib,,,,,12138712.0,4.0,suspect,,,,,,,
J_values,time_to_onset_case_values.csv,,,,,,,,,,,,,,,,,,,,,broad,,,,,,,,,,,,,,,,,,,,,,,,,,,,,nintedanib,,,,,12159755.0,7.0,suspect,,,,,,,
J_values,time_to_onset_case_values.csv,,,,,,,,,,,,,,,,,,,,,broad,,,,,,,,,,,,,,,,,,,,,,,,,,,,,nintedanib,,,,,12214045.0,5.0,suspect,,,,,,,
J_values,time_to_onset_case_values.csv,,,,,,,,,,,,,,,,,,,,,broad,,,,,,,,,,,,,,,,,,,,,,,,,,,,,nintedanib,,,,,12221193.0,23.0,suspect,,,,,,,
J_values,time_to_onset_case_values.csv,,,,,,,,,,,,,,,,,,,,,broad,,,,,,,,,,,,,,,,,,,,,,,,,,,,,nintedanib,,,,,12221955.0,1.0,suspect,,,,,,,
J_values,time_to_onset_case_values.csv,,,,,,,,,,,,,,,,,,,,,broad,,,,,,,,,,,,,,,,,,,,,,,,,,,,,nintedanib,,,,,12278786.0,18.0,suspect,,,,,,,
J_values,time_to_onset_case_values.csv,,,,,,,,,,,,,,,,,,,,,broad,,,,,,,,,,,,,,,,,,,,,,,,,,,,,nintedanib,,,,,12287696.0,110.0,suspect,,,,,,,
J_values,time_to_onset_case_values.csv,,,,,,,,,,,,,,,,,,,,,broad,,,,,,,,,,,,,,,,,,,,,,,,,,,,,nintedanib,,,,,12327010.0,40.0,suspect,,,,,,,
J_values,time_to_onset_case_values.csv,,,,,,,,,,,,,,,,,,,,,broad,,,,,,,,,,,,,,,,,,,,,,,,,,,,,nintedanib,,,,,12372691.0,0.0,suspect,,,,,,,
J_values,time_to_onset_case_values.csv,,,,,,,,,,,,,,,,,,,,,broad,,,,,,,,,,,,,,,,,,,,,,,,,,,,,nintedanib,,,,,12398962.0,85.0,suspect,,,,,,,
J_values,time_to_onset_case_values.csv,,,,,,,,,,,,,,,,,,,,,broad,,,,,,,,,,,,,,,,,,,,,,,,,,,,,nintedanib,,,,,12428476.0,30.0,suspect,,,,,,,
J_values,time_to_onset_case_values.csv,,,,,,,,,,,,,,,,,,,,,broad,,,,,,,,,,,,,,,,,,,,,,,,,,,,,nintedanib,,,,,12451091.0,6.0,suspect,,,,,,,
J_values,time_to_onset_case_values.csv,,,,,,,,,,,,,,,,,,,,,broad,,,,,,,,,,,,,,,,,,,,,,,,,,,,,nintedanib,,,,,12451224.0,96.0,suspect,,,,,,,
J_values,time_to_onset_case_values.csv,,,,,,,,,,,,,,,,,,,,,broad,,,,,,,,,,,,,,,,,,,,,,,,,,,,,nintedanib,,,,,12464843.0,28.0,suspect,,,,,,,
J_values,time_to_onset_case_values.csv,,,,,,,,,,,,,,,,,,,,,broad,,,,,,,,,,,,,,,,,,,,,,,,,,,,,nintedanib,,,,,12488935.0,28.0,suspect,,,,,,,
J_values,time_to_onset_case_values.csv,,,,,,,,,,,,,,,,,,,,,broad,,,,,,,,,,,,,,,,,,,,,,,,,,,,,nintedanib,,,,,12497916.0,3.0,suspect,,,,,,,
J_values,time_to_onset_case_values.csv,,,,,,,,,,,,,,,,,,,,,broad,,,,,,,,,,,,,,,,,,,,,,,,,,,,,nintedanib,,,,,12531611.0,8.0,suspect,,,,,,,
J_values,time_to_onset_case_values.csv,,,,,,,,,,,,,,,,,,,,,broad,,,,,,,,,,,,,,,,,,,,,,,,,,,,,nintedanib,,,,,12557278.0,28.0,concomitant,,,,,,,
J_values,time_to_onset_case_values.csv,,,,,,,,,,,,,,,,,,,,,broad,,,,,,,,,,,,,,,,,,,,,,,,,,,,,nintedanib,,,,,12583235.0,3.0,suspect,,,,,,,
J_values,time_to_onset_case_values.csv,,,,,,,,,,,,,,,,,,,,,broad,,,,,,,,,,,,,,,,,,,,,,,,,,,,,nintedanib,,,,,12590370.0,27.0,suspect,,,,,,,
J_values,time_to_onset_case_values.csv,,,,,,,,,,,,,,,,,,,,,broad,,,,,,,,,,,,,,,,,,,,,,,,,,,,,nintedanib,,,,,12597216.0,7.0,suspect,,,,,,,
J_values,time_to_onset_case_values.csv,,,,,,,,,,,,,,,,,,,,,broad,,,,,,,,,,,,,,,,,,,,,,,,,,,,,nintedanib,,,,,12613571.0,10.0,suspect,,,,,,,
J_values,time_to_onset_case_values.csv,,,,,,,,,,,,,,,,,,,,,broad,,,,,,,,,,,,,,,,,,,,,,,,,,,,,nintedanib,,,,,12622511.0,28.0,suspect,,,,,,,
J_values,time_to_onset_case_values.csv,,,,,,,,,,,,,,,,,,,,,broad,,,,,,,,,,,,,,,,,,,,,,,,,,,,,nintedanib,,,,,12652900.0,15.0,suspect,,,,,,,
J_values,time_to_onset_case_values.csv,,,,,,,,,,,,,,,,,,,,,broad,,,,,,,,,,,,,,,,,,,,,,,,,,,,,nintedanib,,,,,12767641.0,91.0,suspect,,,,,,,
J_values,time_to_onset_case_values.csv,,,,,,,,,,,,,,,,,,,,,broad,,,,,,,,,,,,,,,,,,,,,,,,,,,,,nintedanib,,,,,12781712.0,5.0,suspect,,,,,,,
J_values,time_to_onset_case_values.csv,,,,,,,,,,,,,,,,,,,,,broad,,,,,,,,,,,,,,,,,,,,,,,,,,,,,nintedanib,,,,,12789695.0,47.0,suspect,,,,,,,
J_values,time_to_onset_case_values.csv,,,,,,,,,,,,,,,,,,,,,broad,,,,,,,,,,,,,,,,,,,,,,,,,,,,,nintedanib,,,,,12836905.0,0.0,suspect,,,,,,,
J_values,time_to_onset_case_values.csv,,,,,,,,,,,,,,,,,,,,,broad,,,,,,,,,,,,,,,,,,,,,,,,,,,,,nintedanib,,,,,12853767.0,14.0,suspect,,,,,,,
J_values,time_to_onset_case_values.csv,,,,,,,,,,,,,,,,,,,,,broad,,,,,,,,,,,,,,,,,,,,,,,,,,,,,nintedanib,,,,,12869752.0,12.0,suspect,,,,,,,
J_values,time_to_onset_case_values.csv,,,,,,,,,,,,,,,,,,,,,broad,,,,,,,,,,,,,,,,,,,,,,,,,,,,,nintedanib,,,,,12899556.0,54.0,suspect,,,,,,,
J_values,time_to_onset_case_values.csv,,,,,,,,,,,,,,,,,,,,,broad,,,,,,,,,,,,,,,,,,,,,,,,,,,,,nintedanib,,,,,12907149.0,8.0,suspect,,,,,,,
J_values,time_to_onset_case_values.csv,,,,,,,,,,,,,,,,,,,,,broad,,,,,,,,,,,,,,,,,,,,,,,,,,,,,nintedanib,,,,,12922372.0,287.0,suspect,,,,,,,
J_values,time_to_onset_case_values.csv,,,,,,,,,,,,,,,,,,,,,broad,,,,,,,,,,,,,,,,,,,,,,,,,,,,,nintedanib,,,,,12934772.0,51.0,suspect,,,,,,,
J_values,time_to_onset_case_values.csv,,,,,,,,,,,,,,,,,,,,,broad,,,,,,,,,,,,,,,,,,,,,,,,,,,,,nintedanib,,,,,12957880.0,9.0,suspect,,,,,,,
J_values,time_to_onset_case_values.csv,,,,,,,,,,,,,,,,,,,,,broad,,,,,,,,,,,,,,,,,,,,,,,,,,,,,nintedanib,,,,,12979582.0,6.0,suspect,,,,,,,
J_values,time_to_onset_case_values.csv,,,,,,,,,,,,,,,,,,,,,broad,,,,,,,,,,,,,,,,,,,,,,,,,,,,,nintedanib,,,,,12992047.0,66.0,suspect,,,,,,,
J_values,time_to_onset_case_values.csv,,,,,,,,,,,,,,,,,,,,,broad,,,,,,,,,,,,,,,,,,,,,,,,,,,,,nintedanib,,,,,13005918.0,41.0,suspect,,,,,,,
J_values,time_to_onset_case_values.csv,,,,,,,,,,,,,,,,,,,,,broad,,,,,,,,,,,,,,,,,,,,,,,,,,,,,nintedanib,,,,,13087843.0,1.0,suspect,,,,,,,
J_values,time_to_onset_case_values.csv,,,,,,,,,,,,,,,,,,,,,broad,,,,,,,,,,,,,,,,,,,,,,,,,,,,,nintedanib,,,,,13131618.0,31.0,suspect,,,,,,,
J_values,time_to_onset_case_values.csv,,,,,,,,,,,,,,,,,,,,,broad,,,,,,,,,,,,,,,,,,,,,,,,,,,,,nintedanib,,,,,13185658.0,30.0,suspect,,,,,,,
J_values,time_to_onset_case_values.csv,,,,,,,,,,,,,,,,,,,,,broad,,,,,,,,,,,,,,,,,,,,,,,,,,,,,nintedanib,,,,,13195046.0,78.0,suspect,,,,,,,
J_values,time_to_onset_case_values.csv,,,,,,,,,,,,,,,,,,,,,broad,,,,,,,,,,,,,,,,,,,,,,,,,,,,,nintedanib,,,,,13207588.0,11.0,suspect,,,,,,,
J_values,time_to_onset_case_values.csv,,,,,,,,,,,,,,,,,,,,,broad,,,,,,,,,,,,,,,,,,,,,,,,,,,,,nintedanib,,,,,13227922.0,9.0,suspect,,,,,,,
J_values,time_to_onset_case_values.csv,,,,,,,,,,,,,,,,,,,,,broad,,,,,,,,,,,,,,,,,,,,,,,,,,,,,nintedanib,,,,,13272999.0,26.0,suspect,,,,,,,
J_values,time_to_onset_case_values.csv,,,,,,,,,,,,,,,,,,,,,broad,,,,,,,,,,,,,,,,,,,,,,,,,,,,,nintedanib,,,,,13341435.0,71.0,suspect,,,,,,,
J_values,time_to_onset_case_values.csv,,,,,,,,,,,,,,,,,,,,,broad,,,,,,,,,,,,,,,,,,,,,,,,,,,,,nintedanib,,,,,13377006.0,28.0,suspect,,,,,,,
J_values,time_to_onset_case_values.csv,,,,,,,,,,,,,,,,,,,,,broad,,,,,,,,,,,,,,,,,,,,,,,,,,,,,nintedanib,,,,,13385863.0,24.0,suspect,,,,,,,
J_values,time_to_onset_case_values.csv,,,,,,,,,,,,,,,,,,,,,broad,,,,,,,,,,,,,,,,,,,,,,,,,,,,,nintedanib,,,,,13418347.0,29.0,suspect,,,,,,,
J_values,time_to_onset_case_values.csv,,,,,,,,,,,,,,,,,,,,,broad,,,,,,,,,,,,,,,,,,,,,,,,,,,,,nintedanib,,,,,13472083.0,25.0,suspect,,,,,,,
J_values,time_to_onset_case_values.csv,,,,,,,,,,,,,,,,,,,,,broad,,,,,,,,,,,,,,,,,,,,,,,,,,,,,nintedanib,,,,,13561743.0,21.0,suspect,,,,,,,
J_values,time_to_onset_case_values.csv,,,,,,,,,,,,,,,,,,,,,broad,,,,,,,,,,,,,,,,,,,,,,,,,,,,,nintedanib,,,,,13586187.0,6.0,suspect,,,,,,,
J_values,time_to_onset_case_values.csv,,,,,,,,,,,,,,,,,,,,,broad,,,,,,,,,,,,,,,,,,,,,,,,,,,,,nintedanib,,,,,13628456.0,0.0,suspect,,,,,,,
J_values,time_to_onset_case_values.csv,,,,,,,,,,,,,,,,,,,,,broad,,,,,,,,,,,,,,,,,,,,,,,,,,,,,nintedanib,,,,,13638506.0,4.0,suspect,,,,,,,
J_values,time_to_onset_case_values.csv,,,,,,,,,,,,,,,,,,,,,broad,,,,,,,,,,,,,,,,,,,,,,,,,,,,,nintedanib,,,,,13707163.0,26.0,suspect,,,,,,,
J_values,time_to_onset_case_values.csv,,,,,,,,,,,,,,,,,,,,,broad,,,,,,,,,,,,,,,,,,,,,,,,,,,,,nintedanib,,,,,13712665.0,14.0,suspect,,,,,,,
J_values,time_to_onset_case_values.csv,,,,,,,,,,,,,,,,,,,,,broad,,,,,,,,,,,,,,,,,,,,,,,,,,,,,nintedanib,,,,,13726560.0,19.0,suspect,,,,,,,
J_values,time_to_onset_case_values.csv,,,,,,,,,,,,,,,,,,,,,broad,,,,,,,,,,,,,,,,,,,,,,,,,,,,,nintedanib,,,,,13745477.0,35.0,suspect,,,,,,,
J_values,time_to_onset_case_values.csv,,,,,,,,,,,,,,,,,,,,,broad,,,,,,,,,,,,,,,,,,,,,,,,,,,,,nintedanib,,,,,13766301.0,19.0,suspect,,,,,,,
J_values,time_to_onset_case_values.csv,,,,,,,,,,,,,,,,,,,,,broad,,,,,,,,,,,,,,,,,,,,,,,,,,,,,nintedanib,,,,,13781102.0,51.0,suspect,,,,,,,
J_values,time_to_onset_case_values.csv,,,,,,,,,,,,,,,,,,,,,broad,,,,,,,,,,,,,,,,,,,,,,,,,,,,,nintedanib,,,,,13795191.0,0.0,suspect,,,,,,,
J_values,time_to_onset_case_values.csv,,,,,,,,,,,,,,,,,,,,,broad,,,,,,,,,,,,,,,,,,,,,,,,,,,,,nintedanib,,,,,13816392.0,26.0,suspect,,,,,,,
J_values,time_to_onset_case_values.csv,,,,,,,,,,,,,,,,,,,,,broad,,,,,,,,,,,,,,,,,,,,,,,,,,,,,nintedanib,,,,,13847241.0,101.0,suspect,,,,,,,
J_values,time_to_onset_case_values.csv,,,,,,,,,,,,,,,,,,,,,broad,,,,,,,,,,,,,,,,,,,,,,,,,,,,,nintedanib,,,,,13888417.0,0.0,suspect,,,,,,,
J_values,time_to_onset_case_values.csv,,,,,,,,,,,,,,,,,,,,,broad,,,,,,,,,,,,,,,,,,,,,,,,,,,,,nintedanib,,,,,13897761.0,0.0,suspect,,,,,,,
J_values,time_to_onset_case_values.csv,,,,,,,,,,,,,,,,,,,,,broad,,,,,,,,,,,,,,,,,,,,,,,,,,,,,nintedanib,,,,,13975042.0,85.0,suspect,,,,,,,
J_values,time_to_onset_case_values.csv,,,,,,,,,,,,,,,,,,,,,broad,,,,,,,,,,,,,,,,,,,,,,,,,,,,,nintedanib,,,,,14006635.0,17.0,suspect,,,,,,,
J_values,time_to_onset_case_values.csv,,,,,,,,,,,,,,,,,,,,,broad,,,,,,,,,,,,,,,,,,,,,,,,,,,,,nintedanib,,,,,14015627.0,124.0,suspect,,,,,,,
J_values,time_to_onset_case_values.csv,,,,,,,,,,,,,,,,,,,,,broad,,,,,,,,,,,,,,,,,,,,,,,,,,,,,nintedanib,,,,,14019320.0,24.0,suspect,,,,,,,
J_values,time_to_onset_case_values.csv,,,,,,,,,,,,,,,,,,,,,broad,,,,,,,,,,,,,,,,,,,,,,,,,,,,,nintedanib,,,,,14030190.0,6.0,suspect,,,,,,,
J_values,time_to_onset_case_values.csv,,,,,,,,,,,,,,,,,,,,,broad,,,,,,,,,,,,,,,,,,,,,,,,,,,,,nintedanib,,,,,14064980.0,3.0,suspect,,,,,,,
J_values,time_to_onset_case_values.csv,,,,,,,,,,,,,,,,,,,,,broad,,,,,,,,,,,,,,,,,,,,,,,,,,,,,nintedanib,,,,,14078007.0,60.0,suspect,,,,,,,
J_values,time_to_onset_case_values.csv,,,,,,,,,,,,,,,,,,,,,broad,,,,,,,,,,,,,,,,,,,,,,,,,,,,,nintedanib,,,,,14078028.0,2.0,suspect,,,,,,,
J_values,time_to_onset_case_values.csv,,,,,,,,,,,,,,,,,,,,,broad,,,,,,,,,,,,,,,,,,,,,,,,,,,,,nintedanib,,,,,14099149.0,6.0,suspect,,,,,,,
J_values,time_to_onset_case_values.csv,,,,,,,,,,,,,,,,,,,,,broad,,,,,,,,,,,,,,,,,,,,,,,,,,,,,nintedanib,,,,,14100421.0,7.0,suspect,,,,,,,
J_values,time_to_onset_case_values.csv,,,,,,,,,,,,,,,,,,,,,broad,,,,,,,,,,,,,,,,,,,,,,,,,,,,,nintedanib,,,,,14105189.0,7.0,suspect,,,,,,,
J_values,time_to_onset_case_values.csv,,,,,,,,,,,,,,,,,,,,,broad,,,,,,,,,,,,,,,,,,,,,,,,,,,,,nintedanib,,,,,14107792.0,21.0,suspect,,,,,,,
J_values,time_to_onset_case_values.csv,,,,,,,,,,,,,,,,,,,,,broad,,,,,,,,,,,,,,,,,,,,,,,,,,,,,nintedanib,,,,,14157283.0,186.0,suspect,,,,,,,
J_values,time_to_onset_case_values.csv,,,,,,,,,,,,,,,,,,,,,broad,,,,,,,,,,,,,,,,,,,,,,,,,,,,,nintedanib,,,,,14159270.0,39.0,suspect,,,,,,,
J_values,time_to_onset_case_values.csv,,,,,,,,,,,,,,,,,,,,,broad,,,,,,,,,,,,,,,,,,,,,,,,,,,,,nintedanib,,,,,14230496.0,49.0,suspect,,,,,,,
J_values,time_to_onset_case_values.csv,,,,,,,,,,,,,,,,,,,,,broad,,,,,,,,,,,,,,,,,,,,,,,,,,,,,nintedanib,,,,,14244029.0,73.0,suspect,,,,,,,
J_values,time_to_onset_case_values.csv,,,,,,,,,,,,,,,,,,,,,broad,,,,,,,,,,,,,,,,,,,,,,,,,,,,,nintedanib,,,,,14276472.0,5.0,suspect,,,,,,,
J_values,time_to_onset_case_values.csv,,,,,,,,,,,,,,,,,,,,,broad,,,,,,,,,,,,,,,,,,,,,,,,,,,,,nintedanib,,,,,14326331.0,21.0,suspect,,,,,,,
J_values,time_to_onset_case_values.csv,,,,,,,,,,,,,,,,,,,,,broad,,,,,,,,,,,,,,,,,,,,,,,,,,,,,nintedanib,,,,,14337013.0,354.0,suspect,,,,,,,
J_values,time_to_onset_case_values.csv,,,,,,,,,,,,,,,,,,,,,broad,,,,,,,,,,,,,,,,,,,,,,,,,,,,,nintedanib,,,,,14337817.0,42.0,suspect,,,,,,,
J_values,time_to_onset_case_values.csv,,,,,,,,,,,,,,,,,,,,,broad,,,,,,,,,,,,,,,,,,,,,,,,,,,,,nintedanib,,,,,14374439.0,19.0,suspect,,,,,,,
J_values,time_to_onset_case_values.csv,,,,,,,,,,,,,,,,,,,,,broad,,,,,,,,,,,,,,,,,,,,,,,,,,,,,nintedanib,,,,,14378206.0,62.0,suspect,,,,,,,
J_values,time_to_onset_case_values.csv,,,,,,,,,,,,,,,,,,,,,broad,,,,,,,,,,,,,,,,,,,,,,,,,,,,,nintedanib,,,,,14434344.0,0.0,suspect,,,,,,,
J_values,time_to_onset_case_values.csv,,,,,,,,,,,,,,,,,,,,,broad,,,,,,,,,,,,,,,,,,,,,,,,,,,,,nintedanib,,,,,14481459.0,36.0,suspect,,,,,,,
J_values,time_to_onset_case_values.csv,,,,,,,,,,,,,,,,,,,,,broad,,,,,,,,,,,,,,,,,,,,,,,,,,,,,nintedanib,,,,,14510968.0,219.0,suspect,,,,,,,
J_values,time_to_onset_case_values.csv,,,,,,,,,,,,,,,,,,,,,broad,,,,,,,,,,,,,,,,,,,,,,,,,,,,,nintedanib,,,,,14523879.0,2.0,suspect,,,,,,,
J_values,time_to_onset_case_values.csv,,,,,,,,,,,,,,,,,,,,,broad,,,,,,,,,,,,,,,,,,,,,,,,,,,,,nintedanib,,,,,14541655.0,14.0,suspect,,,,,,,
J_values,time_to_onset_case_values.csv,,,,,,,,,,,,,,,,,,,,,broad,,,,,,,,,,,,,,,,,,,,,,,,,,,,,nintedanib,,,,,14559828.0,168.0,suspect,,,,,,,
J_values,time_to_onset_case_values.csv,,,,,,,,,,,,,,,,,,,,,broad,,,,,,,,,,,,,,,,,,,,,,,,,,,,,nintedanib,,,,,14563690.0,6.0,suspect,,,,,,,
J_values,time_to_onset_case_values.csv,,,,,,,,,,,,,,,,,,,,,broad,,,,,,,,,,,,,,,,,,,,,,,,,,,,,nintedanib,,,,,14578499.0,105.0,suspect,,,,,,,
J_values,time_to_onset_case_values.csv,,,,,,,,,,,,,,,,,,,,,broad,,,,,,,,,,,,,,,,,,,,,,,,,,,,,nintedanib,,,,,14596666.0,2.0,suspect,,,,,,,
J_values,time_to_onset_case_values.csv,,,,,,,,,,,,,,,,,,,,,broad,,,,,,,,,,,,,,,,,,,,,,,,,,,,,nintedanib,,,,,14618738.0,118.0,suspect,,,,,,,
J_values,time_to_onset_case_values.csv,,,,,,,,,,,,,,,,,,,,,broad,,,,,,,,,,,,,,,,,,,,,,,,,,,,,nintedanib,,,,,14659158.0,314.0,suspect,,,,,,,
J_values,time_to_onset_case_values.csv,,,,,,,,,,,,,,,,,,,,,broad,,,,,,,,,,,,,,,,,,,,,,,,,,,,,nintedanib,,,,,14668850.0,14.0,suspect,,,,,,,
J_values,time_to_onset_case_values.csv,,,,,,,,,,,,,,,,,,,,,broad,,,,,,,,,,,,,,,,,,,,,,,,,,,,,nintedanib,,,,,14692404.0,20.0,suspect,,,,,,,
J_values,time_to_onset_case_values.csv,,,,,,,,,,,,,,,,,,,,,broad,,,,,,,,,,,,,,,,,,,,,,,,,,,,,nintedanib,,,,,14716935.0,5.0,suspect,,,,,,,
J_values,time_to_onset_case_values.csv,,,,,,,,,,,,,,,,,,,,,broad,,,,,,,,,,,,,,,,,,,,,,,,,,,,,nintedanib,,,,,14722971.0,15.0,suspect,,,,,,,
J_values,time_to_onset_case_values.csv,,,,,,,,,,,,,,,,,,,,,broad,,,,,,,,,,,,,,,,,,,,,,,,,,,,,nintedanib,,,,,14768115.0,28.0,suspect,,,,,,,
J_values,time_to_onset_case_values.csv,,,,,,,,,,,,,,,,,,,,,broad,,,,,,,,,,,,,,,,,,,,,,,,,,,,,nintedanib,,,,,14791049.0,29.0,suspect,,,,,,,
J_values,time_to_onset_case_values.csv,,,,,,,,,,,,,,,,,,,,,broad,,,,,,,,,,,,,,,,,,,,,,,,,,,,,nintedanib,,,,,14843627.0,3.0,suspect,,,,,,,
J_values,time_to_onset_case_values.csv,,,,,,,,,,,,,,,,,,,,,broad,,,,,,,,,,,,,,,,,,,,,,,,,,,,,nintedanib,,,,,14871865.0,0.0,suspect,,,,,,,
J_values,time_to_onset_case_values.csv,,,,,,,,,,,,,,,,,,,,,broad,,,,,,,,,,,,,,,,,,,,,,,,,,,,,nintedanib,,,,,14889343.0,5.0,suspect,,,,,,,
J_values,time_to_onset_case_values.csv,,,,,,,,,,,,,,,,,,,,,broad,,,,,,,,,,,,,,,,,,,,,,,,,,,,,nintedanib,,,,,14924831.0,0.0,suspect,,,,,,,
J_values,time_to_onset_case_values.csv,,,,,,,,,,,,,,,,,,,,,broad,,,,,,,,,,,,,,,,,,,,,,,,,,,,,nintedanib,,,,,14949267.0,129.0,suspect,,,,,,,
J_values,time_to_onset_case_values.csv,,,,,,,,,,,,,,,,,,,,,broad,,,,,,,,,,,,,,,,,,,,,,,,,,,,,nintedanib,,,,,15095471.0,21.0,suspect,,,,,,,
J_values,time_to_onset_case_values.csv,,,,,,,,,,,,,,,,,,,,,broad,,,,,,,,,,,,,,,,,,,,,,,,,,,,,nintedanib,,,,,15111996.0,95.0,suspect,,,,,,,
J_values,time_to_onset_case_values.csv,,,,,,,,,,,,,,,,,,,,,broad,,,,,,,,,,,,,,,,,,,,,,,,,,,,,nintedanib,,,,,15117856.0,63.0,suspect,,,,,,,
J_values,time_to_onset_case_values.csv,,,,,,,,,,,,,,,,,,,,,broad,,,,,,,,,,,,,,,,,,,,,,,,,,,,,nintedanib,,,,,15127469.0,16.0,suspect,,,,,,,
J_values,time_to_onset_case_values.csv,,,,,,,,,,,,,,,,,,,,,broad,,,,,,,,,,,,,,,,,,,,,,,,,,,,,nintedanib,,,,,15148046.0,3.0,suspect,,,,,,,
J_values,time_to_onset_case_values.csv,,,,,,,,,,,,,,,,,,,,,broad,,,,,,,,,,,,,,,,,,,,,,,,,,,,,nintedanib,,,,,15185034.0,2.0,suspect,,,,,,,
J_values,time_to_onset_case_values.csv,,,,,,,,,,,,,,,,,,,,,broad,,,,,,,,,,,,,,,,,,,,,,,,,,,,,nintedanib,,,,,15185856.0,18.0,suspect,,,,,,,
J_values,time_to_onset_case_values.csv,,,,,,,,,,,,,,,,,,,,,broad,,,,,,,,,,,,,,,,,,,,,,,,,,,,,nintedanib,,,,,15192466.0,89.0,suspect,,,,,,,
J_values,time_to_onset_case_values.csv,,,,,,,,,,,,,,,,,,,,,broad,,,,,,,,,,,,,,,,,,,,,,,,,,,,,nintedanib,,,,,15208010.0,21.0,suspect,,,,,,,
J_values,time_to_onset_case_values.csv,,,,,,,,,,,,,,,,,,,,,broad,,,,,,,,,,,,,,,,,,,,,,,,,,,,,nintedanib,,,,,15234735.0,28.0,suspect,,,,,,,
J_values,time_to_onset_case_values.csv,,,,,,,,,,,,,,,,,,,,,broad,,,,,,,,,,,,,,,,,,,,,,,,,,,,,nintedanib,,,,,15261376.0,4.0,suspect,,,,,,,
J_values,time_to_onset_case_values.csv,,,,,,,,,,,,,,,,,,,,,broad,,,,,,,,,,,,,,,,,,,,,,,,,,,,,nintedanib,,,,,15270617.0,0.0,suspect,,,,,,,
J_values,time_to_onset_case_values.csv,,,,,,,,,,,,,,,,,,,,,broad,,,,,,,,,,,,,,,,,,,,,,,,,,,,,nintedanib,,,,,15319585.0,60.0,suspect,,,,,,,
J_values,time_to_onset_case_values.csv,,,,,,,,,,,,,,,,,,,,,broad,,,,,,,,,,,,,,,,,,,,,,,,,,,,,nintedanib,,,,,15322857.0,0.0,suspect,,,,,,,
J_values,time_to_onset_case_values.csv,,,,,,,,,,,,,,,,,,,,,broad,,,,,,,,,,,,,,,,,,,,,,,,,,,,,nintedanib,,,,,15327236.0,17.0,suspect,,,,,,,
J_values,time_to_onset_case_values.csv,,,,,,,,,,,,,,,,,,,,,broad,,,,,,,,,,,,,,,,,,,,,,,,,,,,,nintedanib,,,,,15331939.0,0.0,suspect,,,,,,,
J_values,time_to_onset_case_values.csv,,,,,,,,,,,,,,,,,,,,,broad,,,,,,,,,,,,,,,,,,,,,,,,,,,,,nintedanib,,,,,15349716.0,102.0,suspect,,,,,,,
J_values,time_to_onset_case_values.csv,,,,,,,,,,,,,,,,,,,,,broad,,,,,,,,,,,,,,,,,,,,,,,,,,,,,nintedanib,,,,,15350676.0,0.0,suspect,,,,,,,
J_values,time_to_onset_case_values.csv,,,,,,,,,,,,,,,,,,,,,broad,,,,,,,,,,,,,,,,,,,,,,,,,,,,,nintedanib,,,,,15351149.0,296.0,suspect,,,,,,,
J_values,time_to_onset_case_values.csv,,,,,,,,,,,,,,,,,,,,,broad,,,,,,,,,,,,,,,,,,,,,,,,,,,,,nintedanib,,,,,15397766.0,31.0,suspect,,,,,,,
J_values,time_to_onset_case_values.csv,,,,,,,,,,,,,,,,,,,,,broad,,,,,,,,,,,,,,,,,,,,,,,,,,,,,nintedanib,,,,,15405703.0,0.0,suspect,,,,,,,
J_values,time_to_onset_case_values.csv,,,,,,,,,,,,,,,,,,,,,broad,,,,,,,,,,,,,,,,,,,,,,,,,,,,,nintedanib,,,,,15464405.0,28.0,suspect,,,,,,,
J_values,time_to_onset_case_values.csv,,,,,,,,,,,,,,,,,,,,,broad,,,,,,,,,,,,,,,,,,,,,,,,,,,,,nintedanib,,,,,15486658.0,23.0,suspect,,,,,,,
J_values,time_to_onset_case_values.csv,,,,,,,,,,,,,,,,,,,,,broad,,,,,,,,,,,,,,,,,,,,,,,,,,,,,nintedanib,,,,,15496825.0,287.0,suspect,,,,,,,
J_values,time_to_onset_case_values.csv,,,,,,,,,,,,,,,,,,,,,broad,,,,,,,,,,,,,,,,,,,,,,,,,,,,,nintedanib,,,,,15532731.0,30.0,suspect,,,,,,,
J_values,time_to_onset_case_values.csv,,,,,,,,,,,,,,,,,,,,,broad,,,,,,,,,,,,,,,,,,,,,,,,,,,,,nintedanib,,,,,15617748.0,0.0,suspect,,,,,,,
J_values,time_to_onset_case_values.csv,,,,,,,,,,,,,,,,,,,,,broad,,,,,,,,,,,,,,,,,,,,,,,,,,,,,nintedanib,,,,,15651564.0,93.0,suspect,,,,,,,
J_values,time_to_onset_case_values.csv,,,,,,,,,,,,,,,,,,,,,broad,,,,,,,,,,,,,,,,,,,,,,,,,,,,,nintedanib,,,,,15688170.0,0.0,suspect,,,,,,,
J_values,time_to_onset_case_values.csv,,,,,,,,,,,,,,,,,,,,,broad,,,,,,,,,,,,,,,,,,,,,,,,,,,,,nintedanib,,,,,15733338.0,12.0,suspect,,,,,,,
J_values,time_to_onset_case_values.csv,,,,,,,,,,,,,,,,,,,,,broad,,,,,,,,,,,,,,,,,,,,,,,,,,,,,nintedanib,,,,,15799496.0,14.0,suspect,,,,,,,
J_values,time_to_onset_case_values.csv,,,,,,,,,,,,,,,,,,,,,broad,,,,,,,,,,,,,,,,,,,,,,,,,,,,,nintedanib,,,,,15814847.0,11.0,suspect,,,,,,,
J_values,time_to_onset_case_values.csv,,,,,,,,,,,,,,,,,,,,,broad,,,,,,,,,,,,,,,,,,,,,,,,,,,,,nintedanib,,,,,15841635.0,43.0,suspect,,,,,,,
J_values,time_to_onset_case_values.csv,,,,,,,,,,,,,,,,,,,,,broad,,,,,,,,,,,,,,,,,,,,,,,,,,,,,nintedanib,,,,,15859284.0,5.0,suspect,,,,,,,
J_values,time_to_onset_case_values.csv,,,,,,,,,,,,,,,,,,,,,broad,,,,,,,,,,,,,,,,,,,,,,,,,,,,,nintedanib,,,,,15889182.0,202.0,suspect,,,,,,,
J_values,time_to_onset_case_values.csv,,,,,,,,,,,,,,,,,,,,,broad,,,,,,,,,,,,,,,,,,,,,,,,,,,,,nintedanib,,,,,15921184.0,27.0,suspect,,,,,,,
J_values,time_to_onset_case_values.csv,,,,,,,,,,,,,,,,,,,,,broad,,,,,,,,,,,,,,,,,,,,,,,,,,,,,nintedanib,,,,,16037966.0,5.0,suspect,,,,,,,
J_values,time_to_onset_case_values.csv,,,,,,,,,,,,,,,,,,,,,broad,,,,,,,,,,,,,,,,,,,,,,,,,,,,,nintedanib,,,,,16055060.0,0.0,suspect,,,,,,,
J_values,time_to_onset_case_values.csv,,,,,,,,,,,,,,,,,,,,,broad,,,,,,,,,,,,,,,,,,,,,,,,,,,,,nintedanib,,,,,16057128.0,18.0,suspect,,,,,,,
J_values,time_to_onset_case_values.csv,,,,,,,,,,,,,,,,,,,,,broad,,,,,,,,,,,,,,,,,,,,,,,,,,,,,nintedanib,,,,,16072955.0,154.0,suspect,,,,,,,
J_values,time_to_onset_case_values.csv,,,,,,,,,,,,,,,,,,,,,broad,,,,,,,,,,,,,,,,,,,,,,,,,,,,,nintedanib,,,,,16087905.0,20.0,suspect,,,,,,,
J_values,time_to_onset_case_values.csv,,,,,,,,,,,,,,,,,,,,,broad,,,,,,,,,,,,,,,,,,,,,,,,,,,,,nintedanib,,,,,16129324.0,56.0,suspect,,,,,,,
J_values,time_to_onset_case_values.csv,,,,,,,,,,,,,,,,,,,,,broad,,,,,,,,,,,,,,,,,,,,,,,,,,,,,nintedanib,,,,,16164338.0,0.0,suspect,,,,,,,
J_values,time_to_onset_case_values.csv,,,,,,,,,,,,,,,,,,,,,broad,,,,,,,,,,,,,,,,,,,,,,,,,,,,,nintedanib,,,,,16175016.0,31.0,suspect,,,,,,,
J_values,time_to_onset_case_values.csv,,,,,,,,,,,,,,,,,,,,,broad,,,,,,,,,,,,,,,,,,,,,,,,,,,,,nintedanib,,,,,16181526.0,20.0,suspect,,,,,,,
J_values,time_to_onset_case_values.csv,,,,,,,,,,,,,,,,,,,,,broad,,,,,,,,,,,,,,,,,,,,,,,,,,,,,nintedanib,,,,,16196747.0,365.0,suspect,,,,,,,
J_values,time_to_onset_case_values.csv,,,,,,,,,,,,,,,,,,,,,broad,,,,,,,,,,,,,,,,,,,,,,,,,,,,,nintedanib,,,,,16211752.0,0.0,suspect,,,,,,,
J_values,time_to_onset_case_values.csv,,,,,,,,,,,,,,,,,,,,,broad,,,,,,,,,,,,,,,,,,,,,,,,,,,,,nintedanib,,,,,16214310.0,154.0,suspect,,,,,,,
J_values,time_to_onset_case_values.csv,,,,,,,,,,,,,,,,,,,,,broad,,,,,,,,,,,,,,,,,,,,,,,,,,,,,nintedanib,,,,,16334081.0,101.0,suspect,,,,,,,
J_values,time_to_onset_case_values.csv,,,,,,,,,,,,,,,,,,,,,broad,,,,,,,,,,,,,,,,,,,,,,,,,,,,,nintedanib,,,,,16397955.0,14.0,suspect,,,,,,,
J_values,time_to_onset_case_values.csv,,,,,,,,,,,,,,,,,,,,,broad,,,,,,,,,,,,,,,,,,,,,,,,,,,,,nintedanib,,,,,16400004.0,15.0,suspect,,,,,,,
J_values,time_to_onset_case_values.csv,,,,,,,,,,,,,,,,,,,,,broad,,,,,,,,,,,,,,,,,,,,,,,,,,,,,nintedanib,,,,,16407414.0,30.0,suspect,,,,,,,
J_values,time_to_onset_case_values.csv,,,,,,,,,,,,,,,,,,,,,broad,,,,,,,,,,,,,,,,,,,,,,,,,,,,,nintedanib,,,,,16460235.0,60.0,suspect,,,,,,,
J_values,time_to_onset_case_values.csv,,,,,,,,,,,,,,,,,,,,,broad,,,,,,,,,,,,,,,,,,,,,,,,,,,,,nintedanib,,,,,16462088.0,155.0,suspect,,,,,,,
J_values,time_to_onset_case_values.csv,,,,,,,,,,,,,,,,,,,,,broad,,,,,,,,,,,,,,,,,,,,,,,,,,,,,nintedanib,,,,,16587932.0,12.0,suspect,,,,,,,
J_values,time_to_onset_case_values.csv,,,,,,,,,,,,,,,,,,,,,broad,,,,,,,,,,,,,,,,,,,,,,,,,,,,,nintedanib,,,,,16588971.0,0.0,suspect,,,,,,,
J_values,time_to_onset_case_values.csv,,,,,,,,,,,,,,,,,,,,,broad,,,,,,,,,,,,,,,,,,,,,,,,,,,,,nintedanib,,,,,16598247.0,14.0,suspect,,,,,,,
J_values,time_to_onset_case_values.csv,,,,,,,,,,,,,,,,,,,,,broad,,,,,,,,,,,,,,,,,,,,,,,,,,,,,nintedanib,,,,,16607891.0,0.0,suspect,,,,,,,
J_values,time_to_onset_case_values.csv,,,,,,,,,,,,,,,,,,,,,broad,,,,,,,,,,,,,,,,,,,,,,,,,,,,,nintedanib,,,,,16710551.0,5.0,suspect,,,,,,,
J_values,time_to_onset_case_values.csv,,,,,,,,,,,,,,,,,,,,,broad,,,,,,,,,,,,,,,,,,,,,,,,,,,,,nintedanib,,,,,16718257.0,4.0,suspect,,,,,,,
J_values,time_to_onset_case_values.csv,,,,,,,,,,,,,,,,,,,,,broad,,,,,,,,,,,,,,,,,,,,,,,,,,,,,nintedanib,,,,,16751795.0,12.0,suspect,,,,,,,
J_values,time_to_onset_case_values.csv,,,,,,,,,,,,,,,,,,,,,broad,,,,,,,,,,,,,,,,,,,,,,,,,,,,,nintedanib,,,,,16778311.0,114.0,suspect,,,,,,,
J_values,time_to_onset_case_values.csv,,,,,,,,,,,,,,,,,,,,,broad,,,,,,,,,,,,,,,,,,,,,,,,,,,,,nintedanib,,,,,16783153.0,114.0,suspect,,,,,,,
J_values,time_to_onset_case_values.csv,,,,,,,,,,,,,,,,,,,,,broad,,,,,,,,,,,,,,,,,,,,,,,,,,,,,nintedanib,,,,,16783848.0,52.0,suspect,,,,,,,
J_values,time_to_onset_case_values.csv,,,,,,,,,,,,,,,,,,,,,broad,,,,,,,,,,,,,,,,,,,,,,,,,,,,,nintedanib,,,,,16797519.0,114.0,suspect,,,,,,,
J_values,time_to_onset_case_values.csv,,,,,,,,,,,,,,,,,,,,,broad,,,,,,,,,,,,,,,,,,,,,,,,,,,,,nintedanib,,,,,16807930.0,44.0,suspect,,,,,,,
J_values,time_to_onset_case_values.csv,,,,,,,,,,,,,,,,,,,,,broad,,,,,,,,,,,,,,,,,,,,,,,,,,,,,nintedanib,,,,,16817825.0,114.0,suspect,,,,,,,
J_values,time_to_onset_case_values.csv,,,,,,,,,,,,,,,,,,,,,broad,,,,,,,,,,,,,,,,,,,,,,,,,,,,,nintedanib,,,,,16823928.0,114.0,suspect,,,,,,,
J_values,time_to_onset_case_values.csv,,,,,,,,,,,,,,,,,,,,,broad,,,,,,,,,,,,,,,,,,,,,,,,,,,,,nintedanib,,,,,16872029.0,13.0,suspect,,,,,,,
J_values,time_to_onset_case_values.csv,,,,,,,,,,,,,,,,,,,,,broad,,,,,,,,,,,,,,,,,,,,,,,,,,,,,nintedanib,,,,,16916428.0,4.0,suspect,,,,,,,
J_values,time_to_onset_case_values.csv,,,,,,,,,,,,,,,,,,,,,broad,,,,,,,,,,,,,,,,,,,,,,,,,,,,,nintedanib,,,,,16953078.0,85.0,suspect,,,,,,,
J_values,time_to_onset_case_values.csv,,,,,,,,,,,,,,,,,,,,,broad,,,,,,,,,,,,,,,,,,,,,,,,,,,,,nintedanib,,,,,16964128.0,84.0,suspect,,,,,,,
J_values,time_to_onset_case_values.csv,,,,,,,,,,,,,,,,,,,,,broad,,,,,,,,,,,,,,,,,,,,,,,,,,,,,nintedanib,,,,,16982014.0,26.0,suspect,,,,,,,
J_values,time_to_onset_case_values.csv,,,,,,,,,,,,,,,,,,,,,broad,,,,,,,,,,,,,,,,,,,,,,,,,,,,,nintedanib,,,,,16983082.0,27.0,suspect,,,,,,,
J_values,time_to_onset_case_values.csv,,,,,,,,,,,,,,,,,,,,,broad,,,,,,,,,,,,,,,,,,,,,,,,,,,,,nintedanib,,,,,17013393.0,182.0,suspect,,,,,,,
J_values,time_to_onset_case_values.csv,,,,,,,,,,,,,,,,,,,,,broad,,,,,,,,,,,,,,,,,,,,,,,,,,,,,nintedanib,,,,,17027294.0,0.0,suspect,,,,,,,
J_values,time_to_onset_case_values.csv,,,,,,,,,,,,,,,,,,,,,broad,,,,,,,,,,,,,,,,,,,,,,,,,,,,,nintedanib,,,,,17077324.0,23.0,suspect,,,,,,,
J_values,time_to_onset_case_values.csv,,,,,,,,,,,,,,,,,,,,,broad,,,,,,,,,,,,,,,,,,,,,,,,,,,,,nintedanib,,,,,17122286.0,22.0,suspect,,,,,,,
J_values,time_to_onset_case_values.csv,,,,,,,,,,,,,,,,,,,,,broad,,,,,,,,,,,,,,,,,,,,,,,,,,,,,nintedanib,,,,,17147964.0,56.0,suspect,,,,,,,
J_values,time_to_onset_case_values.csv,,,,,,,,,,,,,,,,,,,,,broad,,,,,,,,,,,,,,,,,,,,,,,,,,,,,nintedanib,,,,,17149986.0,98.0,suspect,,,,,,,
J_values,time_to_onset_case_values.csv,,,,,,,,,,,,,,,,,,,,,broad,,,,,,,,,,,,,,,,,,,,,,,,,,,,,nintedanib,,,,,17203083.0,114.0,suspect,,,,,,,
J_values,time_to_onset_case_values.csv,,,,,,,,,,,,,,,,,,,,,broad,,,,,,,,,,,,,,,,,,,,,,,,,,,,,nintedanib,,,,,17205559.0,174.0,suspect,,,,,,,
J_values,time_to_onset_case_values.csv,,,,,,,,,,,,,,,,,,,,,broad,,,,,,,,,,,,,,,,,,,,,,,,,,,,,nintedanib,,,,,17212715.0,72.0,suspect,,,,,,,
J_values,time_to_onset_case_values.csv,,,,,,,,,,,,,,,,,,,,,broad,,,,,,,,,,,,,,,,,,,,,,,,,,,,,nintedanib,,,,,17214490.0,2.0,suspect,,,,,,,
J_values,time_to_onset_case_values.csv,,,,,,,,,,,,,,,,,,,,,broad,,,,,,,,,,,,,,,,,,,,,,,,,,,,,nintedanib,,,,,17228546.0,6.0,suspect,,,,,,,
J_values,time_to_onset_case_values.csv,,,,,,,,,,,,,,,,,,,,,broad,,,,,,,,,,,,,,,,,,,,,,,,,,,,,nintedanib,,,,,17337263.0,1.0,suspect,,,,,,,
J_values,time_to_onset_case_values.csv,,,,,,,,,,,,,,,,,,,,,broad,,,,,,,,,,,,,,,,,,,,,,,,,,,,,nintedanib,,,,,17350047.0,169.0,suspect,,,,,,,
J_values,time_to_onset_case_values.csv,,,,,,,,,,,,,,,,,,,,,broad,,,,,,,,,,,,,,,,,,,,,,,,,,,,,nintedanib,,,,,17373389.0,12.0,suspect,,,,,,,
J_values,time_to_onset_case_values.csv,,,,,,,,,,,,,,,,,,,,,broad,,,,,,,,,,,,,,,,,,,,,,,,,,,,,nintedanib,,,,,17420510.0,42.0,suspect,,,,,,,
J_values,time_to_onset_case_values.csv,,,,,,,,,,,,,,,,,,,,,broad,,,,,,,,,,,,,,,,,,,,,,,,,,,,,nintedanib,,,,,17429610.0,44.0,suspect,,,,,,,
J_values,time_to_onset_case_values.csv,,,,,,,,,,,,,,,,,,,,,broad,,,,,,,,,,,,,,,,,,,,,,,,,,,,,nintedanib,,,,,17442634.0,64.0,suspect,,,,,,,
J_values,time_to_onset_case_values.csv,,,,,,,,,,,,,,,,,,,,,broad,,,,,,,,,,,,,,,,,,,,,,,,,,,,,nintedanib,,,,,17458371.0,209.0,suspect,,,,,,,
J_values,time_to_onset_case_values.csv,,,,,,,,,,,,,,,,,,,,,broad,,,,,,,,,,,,,,,,,,,,,,,,,,,,,nintedanib,,,,,17507886.0,116.0,suspect,,,,,,,
J_values,time_to_onset_case_values.csv,,,,,,,,,,,,,,,,,,,,,broad,,,,,,,,,,,,,,,,,,,,,,,,,,,,,nintedanib,,,,,17509572.0,178.0,suspect,,,,,,,
J_values,time_to_onset_case_values.csv,,,,,,,,,,,,,,,,,,,,,broad,,,,,,,,,,,,,,,,,,,,,,,,,,,,,nintedanib,,,,,17568600.0,96.0,suspect,,,,,,,
J_values,time_to_onset_case_values.csv,,,,,,,,,,,,,,,,,,,,,broad,,,,,,,,,,,,,,,,,,,,,,,,,,,,,nintedanib,,,,,17655699.0,94.0,suspect,,,,,,,
J_values,time_to_onset_case_values.csv,,,,,,,,,,,,,,,,,,,,,broad,,,,,,,,,,,,,,,,,,,,,,,,,,,,,nintedanib,,,,,17691060.0,139.0,suspect,,,,,,,
J_values,time_to_onset_case_values.csv,,,,,,,,,,,,,,,,,,,,,broad,,,,,,,,,,,,,,,,,,,,,,,,,,,,,nintedanib,,,,,17706202.0,2.0,suspect,,,,,,,
J_values,time_to_onset_case_values.csv,,,,,,,,,,,,,,,,,,,,,broad,,,,,,,,,,,,,,,,,,,,,,,,,,,,,nintedanib,,,,,17732536.0,94.0,suspect,,,,,,,
J_values,time_to_onset_case_values.csv,,,,,,,,,,,,,,,,,,,,,broad,,,,,,,,,,,,,,,,,,,,,,,,,,,,,nintedanib,,,,,17866788.0,1.0,suspect,,,,,,,
J_values,time_to_onset_case_values.csv,,,,,,,,,,,,,,,,,,,,,broad,,,,,,,,,,,,,,,,,,,,,,,,,,,,,nintedanib,,,,,17868745.0,0.0,suspect,,,,,,,
J_values,time_to_onset_case_values.csv,,,,,,,,,,,,,,,,,,,,,broad,,,,,,,,,,,,,,,,,,,,,,,,,,,,,nintedanib,,,,,17875259.0,14.0,suspect,,,,,,,
J_values,time_to_onset_case_values.csv,,,,,,,,,,,,,,,,,,,,,broad,,,,,,,,,,,,,,,,,,,,,,,,,,,,,nintedanib,,,,,17881092.0,0.0,suspect,,,,,,,
J_values,time_to_onset_case_values.csv,,,,,,,,,,,,,,,,,,,,,broad,,,,,,,,,,,,,,,,,,,,,,,,,,,,,nintedanib,,,,,17894264.0,14.0,suspect,,,,,,,
J_values,time_to_onset_case_values.csv,,,,,,,,,,,,,,,,,,,,,broad,,,,,,,,,,,,,,,,,,,,,,,,,,,,,nintedanib,,,,,17917597.0,0.0,suspect,,,,,,,
J_values,time_to_onset_case_values.csv,,,,,,,,,,,,,,,,,,,,,broad,,,,,,,,,,,,,,,,,,,,,,,,,,,,,nintedanib,,,,,17919893.0,115.0,suspect,,,,,,,
J_values,time_to_onset_case_values.csv,,,,,,,,,,,,,,,,,,,,,broad,,,,,,,,,,,,,,,,,,,,,,,,,,,,,nintedanib,,,,,17944606.0,16.0,suspect,,,,,,,
J_values,time_to_onset_case_values.csv,,,,,,,,,,,,,,,,,,,,,broad,,,,,,,,,,,,,,,,,,,,,,,,,,,,,nintedanib,,,,,17944666.0,12.0,suspect,,,,,,,
J_values,time_to_onset_case_values.csv,,,,,,,,,,,,,,,,,,,,,broad,,,,,,,,,,,,,,,,,,,,,,,,,,,,,nintedanib,,,,,18017887.0,30.0,suspect,,,,,,,
J_values,time_to_onset_case_values.csv,,,,,,,,,,,,,,,,,,,,,broad,,,,,,,,,,,,,,,,,,,,,,,,,,,,,nintedanib,,,,,18019431.0,1.0,suspect,,,,,,,
J_values,time_to_onset_case_values.csv,,,,,,,,,,,,,,,,,,,,,broad,,,,,,,,,,,,,,,,,,,,,,,,,,,,,nintedanib,,,,,18069491.0,3.0,suspect,,,,,,,
J_values,time_to_onset_case_values.csv,,,,,,,,,,,,,,,,,,,,,broad,,,,,,,,,,,,,,,,,,,,,,,,,,,,,nintedanib,,,,,18076417.0,0.0,suspect,,,,,,,
J_values,time_to_onset_case_values.csv,,,,,,,,,,,,,,,,,,,,,broad,,,,,,,,,,,,,,,,,,,,,,,,,,,,,nintedanib,,,,,18115697.0,2.0,suspect,,,,,,,
J_values,time_to_onset_case_values.csv,,,,,,,,,,,,,,,,,,,,,broad,,,,,,,,,,,,,,,,,,,,,,,,,,,,,nintedanib,,,,,18120666.0,0.0,suspect,,,,,,,
J_values,time_to_onset_case_values.csv,,,,,,,,,,,,,,,,,,,,,broad,,,,,,,,,,,,,,,,,,,,,,,,,,,,,nintedanib,,,,,18172606.0,4.0,suspect,,,,,,,
J_values,time_to_onset_case_values.csv,,,,,,,,,,,,,,,,,,,,,broad,,,,,,,,,,,,,,,,,,,,,,,,,,,,,nintedanib,,,,,18182524.0,29.0,suspect,,,,,,,
J_values,time_to_onset_case_values.csv,,,,,,,,,,,,,,,,,,,,,broad,,,,,,,,,,,,,,,,,,,,,,,,,,,,,nintedanib,,,,,18190356.0,9.0,suspect,,,,,,,
J_values,time_to_onset_case_values.csv,,,,,,,,,,,,,,,,,,,,,broad,,,,,,,,,,,,,,,,,,,,,,,,,,,,,nintedanib,,,,,18195792.0,345.0,suspect,,,,,,,
J_values,time_to_onset_case_values.csv,,,,,,,,,,,,,,,,,,,,,broad,,,,,,,,,,,,,,,,,,,,,,,,,,,,,nintedanib,,,,,18242312.0,0.0,suspect,,,,,,,
J_values,time_to_onset_case_values.csv,,,,,,,,,,,,,,,,,,,,,broad,,,,,,,,,,,,,,,,,,,,,,,,,,,,,nintedanib,,,,,18259681.0,1.0,suspect,,,,,,,
J_values,time_to_onset_case_values.csv,,,,,,,,,,,,,,,,,,,,,broad,,,,,,,,,,,,,,,,,,,,,,,,,,,,,nintedanib,,,,,18276300.0,4.0,suspect,,,,,,,
J_values,time_to_onset_case_values.csv,,,,,,,,,,,,,,,,,,,,,broad,,,,,,,,,,,,,,,,,,,,,,,,,,,,,nintedanib,,,,,18347092.0,77.0,suspect,,,,,,,
J_values,time_to_onset_case_values.csv,,,,,,,,,,,,,,,,,,,,,broad,,,,,,,,,,,,,,,,,,,,,,,,,,,,,nintedanib,,,,,18369176.0,357.0,suspect,,,,,,,
J_values,time_to_onset_case_values.csv,,,,,,,,,,,,,,,,,,,,,broad,,,,,,,,,,,,,,,,,,,,,,,,,,,,,nintedanib,,,,,18385186.0,304.0,suspect,,,,,,,
J_values,time_to_onset_case_values.csv,,,,,,,,,,,,,,,,,,,,,broad,,,,,,,,,,,,,,,,,,,,,,,,,,,,,nintedanib,,,,,18446060.0,7.0,suspect,,,,,,,
J_values,time_to_onset_case_values.csv,,,,,,,,,,,,,,,,,,,,,broad,,,,,,,,,,,,,,,,,,,,,,,,,,,,,nintedanib,,,,,18464614.0,73.0,suspect,,,,,,,
J_values,time_to_onset_case_values.csv,,,,,,,,,,,,,,,,,,,,,broad,,,,,,,,,,,,,,,,,,,,,,,,,,,,,nintedanib,,,,,18466652.0,51.0,suspect,,,,,,,
J_values,time_to_onset_case_values.csv,,,,,,,,,,,,,,,,,,,,,broad,,,,,,,,,,,,,,,,,,,,,,,,,,,,,nintedanib,,,,,18467629.0,16.0,suspect,,,,,,,
J_values,time_to_onset_case_values.csv,,,,,,,,,,,,,,,,,,,,,broad,,,,,,,,,,,,,,,,,,,,,,,,,,,,,nintedanib,,,,,18469332.0,7.0,suspect,,,,,,,
J_values,time_to_onset_case_values.csv,,,,,,,,,,,,,,,,,,,,,broad,,,,,,,,,,,,,,,,,,,,,,,,,,,,,nintedanib,,,,,18502420.0,6.0,suspect,,,,,,,
J_values,time_to_onset_case_values.csv,,,,,,,,,,,,,,,,,,,,,broad,,,,,,,,,,,,,,,,,,,,,,,,,,,,,nintedanib,,,,,18504048.0,56.0,suspect,,,,,,,
J_values,time_to_onset_case_values.csv,,,,,,,,,,,,,,,,,,,,,broad,,,,,,,,,,,,,,,,,,,,,,,,,,,,,nintedanib,,,,,18599034.0,11.0,suspect,,,,,,,
J_values,time_to_onset_case_values.csv,,,,,,,,,,,,,,,,,,,,,broad,,,,,,,,,,,,,,,,,,,,,,,,,,,,,nintedanib,,,,,18652478.0,31.0,suspect,,,,,,,
J_values,time_to_onset_case_values.csv,,,,,,,,,,,,,,,,,,,,,broad,,,,,,,,,,,,,,,,,,,,,,,,,,,,,nintedanib,,,,,18654595.0,24.0,suspect,,,,,,,
J_values,time_to_onset_case_values.csv,,,,,,,,,,,,,,,,,,,,,broad,,,,,,,,,,,,,,,,,,,,,,,,,,,,,nintedanib,,,,,18664649.0,2.0,suspect,,,,,,,
J_values,time_to_onset_case_values.csv,,,,,,,,,,,,,,,,,,,,,broad,,,,,,,,,,,,,,,,,,,,,,,,,,,,,nintedanib,,,,,18664768.0,1.0,suspect,,,,,,,
J_values,time_to_onset_case_values.csv,,,,,,,,,,,,,,,,,,,,,broad,,,,,,,,,,,,,,,,,,,,,,,,,,,,,nintedanib,,,,,18689792.0,3.0,suspect,,,,,,,
J_values,time_to_onset_case_values.csv,,,,,,,,,,,,,,,,,,,,,broad,,,,,,,,,,,,,,,,,,,,,,,,,,,,,nintedanib,,,,,18701959.0,2.0,suspect,,,,,,,
J_values,time_to_onset_case_values.csv,,,,,,,,,,,,,,,,,,,,,broad,,,,,,,,,,,,,,,,,,,,,,,,,,,,,nintedanib,,,,,18711789.0,3.0,suspect,,,,,,,
J_values,time_to_onset_case_values.csv,,,,,,,,,,,,,,,,,,,,,broad,,,,,,,,,,,,,,,,,,,,,,,,,,,,,nintedanib,,,,,18752960.0,1.0,suspect,,,,,,,
J_values,time_to_onset_case_values.csv,,,,,,,,,,,,,,,,,,,,,broad,,,,,,,,,,,,,,,,,,,,,,,,,,,,,nintedanib,,,,,18875825.0,48.0,suspect,,,,,,,
J_values,time_to_onset_case_values.csv,,,,,,,,,,,,,,,,,,,,,broad,,,,,,,,,,,,,,,,,,,,,,,,,,,,,nintedanib,,,,,18901425.0,10.0,suspect,,,,,,,
J_values,time_to_onset_case_values.csv,,,,,,,,,,,,,,,,,,,,,broad,,,,,,,,,,,,,,,,,,,,,,,,,,,,,nintedanib,,,,,18902154.0,9.0,suspect,,,,,,,
J_values,time_to_onset_case_values.csv,,,,,,,,,,,,,,,,,,,,,broad,,,,,,,,,,,,,,,,,,,,,,,,,,,,,nintedanib,,,,,18951226.0,0.0,suspect,,,,,,,
J_values,time_to_onset_case_values.csv,,,,,,,,,,,,,,,,,,,,,broad,,,,,,,,,,,,,,,,,,,,,,,,,,,,,nintedanib,,,,,18953868.0,0.0,suspect,,,,,,,
J_values,time_to_onset_case_values.csv,,,,,,,,,,,,,,,,,,,,,broad,,,,,,,,,,,,,,,,,,,,,,,,,,,,,nintedanib,,,,,18961460.0,0.0,suspect,,,,,,,
J_values,time_to_onset_case_values.csv,,,,,,,,,,,,,,,,,,,,,broad,,,,,,,,,,,,,,,,,,,,,,,,,,,,,nintedanib,,,,,18979500.0,17.0,suspect,,,,,,,
J_values,time_to_onset_case_values.csv,,,,,,,,,,,,,,,,,,,,,broad,,,,,,,,,,,,,,,,,,,,,,,,,,,,,nintedanib,,,,,18988056.0,29.0,suspect,,,,,,,
J_values,time_to_onset_case_values.csv,,,,,,,,,,,,,,,,,,,,,broad,,,,,,,,,,,,,,,,,,,,,,,,,,,,,nintedanib,,,,,18998803.0,23.0,suspect,,,,,,,
J_values,time_to_onset_case_values.csv,,,,,,,,,,,,,,,,,,,,,broad,,,,,,,,,,,,,,,,,,,,,,,,,,,,,nintedanib,,,,,19034604.0,63.0,suspect,,,,,,,
J_values,time_to_onset_case_values.csv,,,,,,,,,,,,,,,,,,,,,broad,,,,,,,,,,,,,,,,,,,,,,,,,,,,,nintedanib,,,,,19048783.0,1.0,suspect,,,,,,,
J_values,time_to_onset_case_values.csv,,,,,,,,,,,,,,,,,,,,,broad,,,,,,,,,,,,,,,,,,,,,,,,,,,,,nintedanib,,,,,19061416.0,11.0,suspect,,,,,,,
J_values,time_to_onset_case_values.csv,,,,,,,,,,,,,,,,,,,,,broad,,,,,,,,,,,,,,,,,,,,,,,,,,,,,nintedanib,,,,,19075010.0,0.0,suspect,,,,,,,
J_values,time_to_onset_case_values.csv,,,,,,,,,,,,,,,,,,,,,broad,,,,,,,,,,,,,,,,,,,,,,,,,,,,,nintedanib,,,,,19086363.0,27.0,suspect,,,,,,,
J_values,time_to_onset_case_values.csv,,,,,,,,,,,,,,,,,,,,,broad,,,,,,,,,,,,,,,,,,,,,,,,,,,,,nintedanib,,,,,19113828.0,3.0,suspect,,,,,,,
J_values,time_to_onset_case_values.csv,,,,,,,,,,,,,,,,,,,,,broad,,,,,,,,,,,,,,,,,,,,,,,,,,,,,nintedanib,,,,,19127405.0,0.0,suspect,,,,,,,
J_values,time_to_onset_case_values.csv,,,,,,,,,,,,,,,,,,,,,broad,,,,,,,,,,,,,,,,,,,,,,,,,,,,,nintedanib,,,,,19162545.0,3.0,suspect,,,,,,,
J_values,time_to_onset_case_values.csv,,,,,,,,,,,,,,,,,,,,,broad,,,,,,,,,,,,,,,,,,,,,,,,,,,,,nintedanib,,,,,19180573.0,3.0,suspect,,,,,,,
J_values,time_to_onset_case_values.csv,,,,,,,,,,,,,,,,,,,,,broad,,,,,,,,,,,,,,,,,,,,,,,,,,,,,nintedanib,,,,,19189086.0,7.0,suspect,,,,,,,
J_values,time_to_onset_case_values.csv,,,,,,,,,,,,,,,,,,,,,broad,,,,,,,,,,,,,,,,,,,,,,,,,,,,,nintedanib,,,,,19282087.0,39.0,suspect,,,,,,,
J_values,time_to_onset_case_values.csv,,,,,,,,,,,,,,,,,,,,,broad,,,,,,,,,,,,,,,,,,,,,,,,,,,,,nintedanib,,,,,19351336.0,75.0,suspect,,,,,,,
J_values,time_to_onset_case_values.csv,,,,,,,,,,,,,,,,,,,,,broad,,,,,,,,,,,,,,,,,,,,,,,,,,,,,nintedanib,,,,,19369958.0,117.0,suspect,,,,,,,
J_values,time_to_onset_case_values.csv,,,,,,,,,,,,,,,,,,,,,broad,,,,,,,,,,,,,,,,,,,,,,,,,,,,,nintedanib,,,,,19390576.0,153.0,suspect,,,,,,,
J_values,time_to_onset_case_values.csv,,,,,,,,,,,,,,,,,,,,,broad,,,,,,,,,,,,,,,,,,,,,,,,,,,,,nintedanib,,,,,19393038.0,3.0,suspect,,,,,,,
J_values,time_to_onset_case_values.csv,,,,,,,,,,,,,,,,,,,,,broad,,,,,,,,,,,,,,,,,,,,,,,,,,,,,nintedanib,,,,,19413779.0,0.0,suspect,,,,,,,
J_values,time_to_onset_case_values.csv,,,,,,,,,,,,,,,,,,,,,broad,,,,,,,,,,,,,,,,,,,,,,,,,,,,,nintedanib,,,,,19424774.0,2.0,suspect,,,,,,,
J_values,time_to_onset_case_values.csv,,,,,,,,,,,,,,,,,,,,,broad,,,,,,,,,,,,,,,,,,,,,,,,,,,,,nintedanib,,,,,19430044.0,2.0,suspect,,,,,,,
J_values,time_to_onset_case_values.csv,,,,,,,,,,,,,,,,,,,,,broad,,,,,,,,,,,,,,,,,,,,,,,,,,,,,nintedanib,,,,,19449649.0,5.0,suspect,,,,,,,
J_values,time_to_onset_case_values.csv,,,,,,,,,,,,,,,,,,,,,broad,,,,,,,,,,,,,,,,,,,,,,,,,,,,,nintedanib,,,,,19474634.0,14.0,suspect,,,,,,,
J_values,time_to_onset_case_values.csv,,,,,,,,,,,,,,,,,,,,,broad,,,,,,,,,,,,,,,,,,,,,,,,,,,,,nintedanib,,,,,19479804.0,25.0,suspect,,,,,,,
J_values,time_to_onset_case_values.csv,,,,,,,,,,,,,,,,,,,,,broad,,,,,,,,,,,,,,,,,,,,,,,,,,,,,nintedanib,,,,,19482574.0,57.0,suspect,,,,,,,
J_values,time_to_onset_case_values.csv,,,,,,,,,,,,,,,,,,,,,broad,,,,,,,,,,,,,,,,,,,,,,,,,,,,,nintedanib,,,,,19511542.0,2.0,suspect,,,,,,,
J_values,time_to_onset_case_values.csv,,,,,,,,,,,,,,,,,,,,,broad,,,,,,,,,,,,,,,,,,,,,,,,,,,,,nintedanib,,,,,19531222.0,3.0,suspect,,,,,,,
J_values,time_to_onset_case_values.csv,,,,,,,,,,,,,,,,,,,,,broad,,,,,,,,,,,,,,,,,,,,,,,,,,,,,nintedanib,,,,,19576782.0,2.0,suspect,,,,,,,
J_values,time_to_onset_case_values.csv,,,,,,,,,,,,,,,,,,,,,broad,,,,,,,,,,,,,,,,,,,,,,,,,,,,,nintedanib,,,,,19598510.0,2.0,suspect,,,,,,,
J_values,time_to_onset_case_values.csv,,,,,,,,,,,,,,,,,,,,,broad,,,,,,,,,,,,,,,,,,,,,,,,,,,,,nintedanib,,,,,19716221.0,7.0,suspect,,,,,,,
J_values,time_to_onset_case_values.csv,,,,,,,,,,,,,,,,,,,,,broad,,,,,,,,,,,,,,,,,,,,,,,,,,,,,nintedanib,,,,,19748641.0,183.0,suspect,,,,,,,
J_values,time_to_onset_case_values.csv,,,,,,,,,,,,,,,,,,,,,broad,,,,,,,,,,,,,,,,,,,,,,,,,,,,,nintedanib,,,,,19752026.0,9.0,suspect,,,,,,,
J_values,time_to_onset_case_values.csv,,,,,,,,,,,,,,,,,,,,,broad,,,,,,,,,,,,,,,,,,,,,,,,,,,,,nintedanib,,,,,19753133.0,18.0,suspect,,,,,,,
J_values,time_to_onset_case_values.csv,,,,,,,,,,,,,,,,,,,,,broad,,,,,,,,,,,,,,,,,,,,,,,,,,,,,nintedanib,,,,,19772168.0,7.0,suspect,,,,,,,
J_values,time_to_onset_case_values.csv,,,,,,,,,,,,,,,,,,,,,broad,,,,,,,,,,,,,,,,,,,,,,,,,,,,,nintedanib,,,,,19801330.0,0.0,suspect,,,,,,,
J_values,time_to_onset_case_values.csv,,,,,,,,,,,,,,,,,,,,,broad,,,,,,,,,,,,,,,,,,,,,,,,,,,,,nintedanib,,,,,19828739.0,0.0,suspect,,,,,,,
J_values,time_to_onset_case_values.csv,,,,,,,,,,,,,,,,,,,,,broad,,,,,,,,,,,,,,,,,,,,,,,,,,,,,nintedanib,,,,,19867653.0,70.0,suspect,,,,,,,
J_values,time_to_onset_case_values.csv,,,,,,,,,,,,,,,,,,,,,broad,,,,,,,,,,,,,,,,,,,,,,,,,,,,,nintedanib,,,,,19879550.0,3.0,suspect,,,,,,,
J_values,time_to_onset_case_values.csv,,,,,,,,,,,,,,,,,,,,,broad,,,,,,,,,,,,,,,,,,,,,,,,,,,,,nintedanib,,,,,19885589.0,1.0,suspect,,,,,,,
J_values,time_to_onset_case_values.csv,,,,,,,,,,,,,,,,,,,,,broad,,,,,,,,,,,,,,,,,,,,,,,,,,,,,nintedanib,,,,,19885801.0,3.0,suspect,,,,,,,
J_values,time_to_onset_case_values.csv,,,,,,,,,,,,,,,,,,,,,broad,,,,,,,,,,,,,,,,,,,,,,,,,,,,,nintedanib,,,,,19890332.0,84.0,suspect,,,,,,,
J_values,time_to_onset_case_values.csv,,,,,,,,,,,,,,,,,,,,,broad,,,,,,,,,,,,,,,,,,,,,,,,,,,,,nintedanib,,,,,19933615.0,95.0,suspect,,,,,,,
J_values,time_to_onset_case_values.csv,,,,,,,,,,,,,,,,,,,,,broad,,,,,,,,,,,,,,,,,,,,,,,,,,,,,nintedanib,,,,,19995744.0,3.0,suspect,,,,,,,
J_values,time_to_onset_case_values.csv,,,,,,,,,,,,,,,,,,,,,broad,,,,,,,,,,,,,,,,,,,,,,,,,,,,,nintedanib,,,,,20019848.0,5.0,suspect,,,,,,,
J_values,time_to_onset_case_values.csv,,,,,,,,,,,,,,,,,,,,,broad,,,,,,,,,,,,,,,,,,,,,,,,,,,,,nintedanib,,,,,20029799.0,15.0,suspect,,,,,,,
J_values,time_to_onset_case_values.csv,,,,,,,,,,,,,,,,,,,,,broad,,,,,,,,,,,,,,,,,,,,,,,,,,,,,nintedanib,,,,,20057851.0,4.0,suspect,,,,,,,
J_values,time_to_onset_case_values.csv,,,,,,,,,,,,,,,,,,,,,broad,,,,,,,,,,,,,,,,,,,,,,,,,,,,,nintedanib,,,,,20070122.0,155.0,suspect,,,,,,,
J_values,time_to_onset_case_values.csv,,,,,,,,,,,,,,,,,,,,,broad,,,,,,,,,,,,,,,,,,,,,,,,,,,,,nintedanib,,,,,20119268.0,15.0,suspect,,,,,,,
J_values,time_to_onset_case_values.csv,,,,,,,,,,,,,,,,,,,,,broad,,,,,,,,,,,,,,,,,,,,,,,,,,,,,nintedanib,,,,,20130952.0,360.0,suspect,,,,,,,
J_values,time_to_onset_case_values.csv,,,,,,,,,,,,,,,,,,,,,broad,,,,,,,,,,,,,,,,,,,,,,,,,,,,,nintedanib,,,,,20145404.0,2.0,suspect,,,,,,,
J_values,time_to_onset_case_values.csv,,,,,,,,,,,,,,,,,,,,,broad,,,,,,,,,,,,,,,,,,,,,,,,,,,,,nintedanib,,,,,20191450.0,2.0,suspect,,,,,,,
J_values,time_to_onset_case_values.csv,,,,,,,,,,,,,,,,,,,,,broad,,,,,,,,,,,,,,,,,,,,,,,,,,,,,nintedanib,,,,,20195008.0,170.0,suspect,,,,,,,
J_values,time_to_onset_case_values.csv,,,,,,,,,,,,,,,,,,,,,broad,,,,,,,,,,,,,,,,,,,,,,,,,,,,,nintedanib,,,,,20197476.0,80.0,suspect,,,,,,,
J_values,time_to_onset_case_values.csv,,,,,,,,,,,,,,,,,,,,,broad,,,,,,,,,,,,,,,,,,,,,,,,,,,,,nintedanib,,,,,20239621.0,68.0,suspect,,,,,,,
J_values,time_to_onset_case_values.csv,,,,,,,,,,,,,,,,,,,,,broad,,,,,,,,,,,,,,,,,,,,,,,,,,,,,nintedanib,,,,,20246653.0,90.0,suspect,,,,,,,
J_values,time_to_onset_case_values.csv,,,,,,,,,,,,,,,,,,,,,broad,,,,,,,,,,,,,,,,,,,,,,,,,,,,,nintedanib,,,,,20298584.0,2.0,suspect,,,,,,,
J_values,time_to_onset_case_values.csv,,,,,,,,,,,,,,,,,,,,,broad,,,,,,,,,,,,,,,,,,,,,,,,,,,,,nintedanib,,,,,20305242.0,7.0,suspect,,,,,,,
J_values,time_to_onset_case_values.csv,,,,,,,,,,,,,,,,,,,,,broad,,,,,,,,,,,,,,,,,,,,,,,,,,,,,nintedanib,,,,,20319203.0,0.0,suspect,,,,,,,
J_values,time_to_onset_case_values.csv,,,,,,,,,,,,,,,,,,,,,broad,,,,,,,,,,,,,,,,,,,,,,,,,,,,,nintedanib,,,,,20348112.0,18.0,suspect,,,,,,,
J_values,time_to_onset_case_values.csv,,,,,,,,,,,,,,,,,,,,,broad,,,,,,,,,,,,,,,,,,,,,,,,,,,,,nintedanib,,,,,20350891.0,0.0,suspect,,,,,,,
J_values,time_to_onset_case_values.csv,,,,,,,,,,,,,,,,,,,,,broad,,,,,,,,,,,,,,,,,,,,,,,,,,,,,nintedanib,,,,,20356611.0,112.0,suspect,,,,,,,
J_values,time_to_onset_case_values.csv,,,,,,,,,,,,,,,,,,,,,broad,,,,,,,,,,,,,,,,,,,,,,,,,,,,,nintedanib,,,,,20361657.0,14.0,suspect,,,,,,,
J_values,time_to_onset_case_values.csv,,,,,,,,,,,,,,,,,,,,,broad,,,,,,,,,,,,,,,,,,,,,,,,,,,,,nintedanib,,,,,20379086.0,34.0,suspect,,,,,,,
J_values,time_to_onset_case_values.csv,,,,,,,,,,,,,,,,,,,,,broad,,,,,,,,,,,,,,,,,,,,,,,,,,,,,nintedanib,,,,,20379554.0,2.0,suspect,,,,,,,
J_values,time_to_onset_case_values.csv,,,,,,,,,,,,,,,,,,,,,broad,,,,,,,,,,,,,,,,,,,,,,,,,,,,,nintedanib,,,,,20423579.0,10.0,suspect,,,,,,,
J_values,time_to_onset_case_values.csv,,,,,,,,,,,,,,,,,,,,,broad,,,,,,,,,,,,,,,,,,,,,,,,,,,,,nintedanib,,,,,20473334.0,7.0,suspect,,,,,,,
J_values,time_to_onset_case_values.csv,,,,,,,,,,,,,,,,,,,,,broad,,,,,,,,,,,,,,,,,,,,,,,,,,,,,nintedanib,,,,,20474662.0,16.0,suspect,,,,,,,
J_values,time_to_onset_case_values.csv,,,,,,,,,,,,,,,,,,,,,broad,,,,,,,,,,,,,,,,,,,,,,,,,,,,,nintedanib,,,,,20508509.0,0.0,suspect,,,,,,,
J_values,time_to_onset_case_values.csv,,,,,,,,,,,,,,,,,,,,,broad,,,,,,,,,,,,,,,,,,,,,,,,,,,,,nintedanib,,,,,20521034.0,0.0,suspect,,,,,,,
J_values,time_to_onset_case_values.csv,,,,,,,,,,,,,,,,,,,,,broad,,,,,,,,,,,,,,,,,,,,,,,,,,,,,nintedanib,,,,,20558442.0,34.0,suspect,,,,,,,
J_values,time_to_onset_case_values.csv,,,,,,,,,,,,,,,,,,,,,broad,,,,,,,,,,,,,,,,,,,,,,,,,,,,,nintedanib,,,,,20566838.0,58.0,suspect,,,,,,,
J_values,time_to_onset_case_values.csv,,,,,,,,,,,,,,,,,,,,,broad,,,,,,,,,,,,,,,,,,,,,,,,,,,,,nintedanib,,,,,20573459.0,84.0,suspect,,,,,,,
J_values,time_to_onset_case_values.csv,,,,,,,,,,,,,,,,,,,,,broad,,,,,,,,,,,,,,,,,,,,,,,,,,,,,nintedanib,,,,,20611413.0,63.0,suspect,,,,,,,
J_values,time_to_onset_case_values.csv,,,,,,,,,,,,,,,,,,,,,broad,,,,,,,,,,,,,,,,,,,,,,,,,,,,,nintedanib,,,,,20618868.0,195.0,suspect,,,,,,,
J_values,time_to_onset_case_values.csv,,,,,,,,,,,,,,,,,,,,,broad,,,,,,,,,,,,,,,,,,,,,,,,,,,,,nintedanib,,,,,20629616.0,7.0,suspect,,,,,,,
J_values,time_to_onset_case_values.csv,,,,,,,,,,,,,,,,,,,,,broad,,,,,,,,,,,,,,,,,,,,,,,,,,,,,nintedanib,,,,,20642246.0,52.0,suspect,,,,,,,
J_values,time_to_onset_case_values.csv,,,,,,,,,,,,,,,,,,,,,broad,,,,,,,,,,,,,,,,,,,,,,,,,,,,,nintedanib,,,,,20643184.0,14.0,suspect,,,,,,,
J_values,time_to_onset_case_values.csv,,,,,,,,,,,,,,,,,,,,,broad,,,,,,,,,,,,,,,,,,,,,,,,,,,,,nintedanib,,,,,20692690.0,14.0,suspect,,,,,,,
J_values,time_to_onset_case_values.csv,,,,,,,,,,,,,,,,,,,,,broad,,,,,,,,,,,,,,,,,,,,,,,,,,,,,nintedanib,,,,,20743422.0,0.0,suspect,,,,,,,
J_values,time_to_onset_case_values.csv,,,,,,,,,,,,,,,,,,,,,broad,,,,,,,,,,,,,,,,,,,,,,,,,,,,,nintedanib,,,,,20748861.0,183.0,suspect,,,,,,,
J_values,time_to_onset_case_values.csv,,,,,,,,,,,,,,,,,,,,,broad,,,,,,,,,,,,,,,,,,,,,,,,,,,,,nintedanib,,,,,20749212.0,57.0,suspect,,,,,,,
J_values,time_to_onset_case_values.csv,,,,,,,,,,,,,,,,,,,,,broad,,,,,,,,,,,,,,,,,,,,,,,,,,,,,nintedanib,,,,,20755370.0,24.0,suspect,,,,,,,
J_values,time_to_onset_case_values.csv,,,,,,,,,,,,,,,,,,,,,broad,,,,,,,,,,,,,,,,,,,,,,,,,,,,,nintedanib,,,,,20777228.0,2.0,suspect,,,,,,,
J_values,time_to_onset_case_values.csv,,,,,,,,,,,,,,,,,,,,,broad,,,,,,,,,,,,,,,,,,,,,,,,,,,,,nintedanib,,,,,20788254.0,24.0,suspect,,,,,,,
J_values,time_to_onset_case_values.csv,,,,,,,,,,,,,,,,,,,,,broad,,,,,,,,,,,,,,,,,,,,,,,,,,,,,nintedanib,,,,,20856237.0,1.0,suspect,,,,,,,
J_values,time_to_onset_case_values.csv,,,,,,,,,,,,,,,,,,,,,broad,,,,,,,,,,,,,,,,,,,,,,,,,,,,,nintedanib,,,,,20859262.0,22.0,suspect,,,,,,,
J_values,time_to_onset_case_values.csv,,,,,,,,,,,,,,,,,,,,,broad,,,,,,,,,,,,,,,,,,,,,,,,,,,,,nintedanib,,,,,20868406.0,2.0,suspect,,,,,,,
J_values,time_to_onset_case_values.csv,,,,,,,,,,,,,,,,,,,,,broad,,,,,,,,,,,,,,,,,,,,,,,,,,,,,nintedanib,,,,,20872959.0,2.0,suspect,,,,,,,
J_values,time_to_onset_case_values.csv,,,,,,,,,,,,,,,,,,,,,broad,,,,,,,,,,,,,,,,,,,,,,,,,,,,,nintedanib,,,,,20881733.0,7.0,suspect,,,,,,,
J_values,time_to_onset_case_values.csv,,,,,,,,,,,,,,,,,,,,,broad,,,,,,,,,,,,,,,,,,,,,,,,,,,,,nintedanib,,,,,20898923.0,29.0,suspect,,,,,,,
J_values,time_to_onset_case_values.csv,,,,,,,,,,,,,,,,,,,,,broad,,,,,,,,,,,,,,,,,,,,,,,,,,,,,nintedanib,,,,,20908791.0,2.0,suspect,,,,,,,
J_values,time_to_onset_case_values.csv,,,,,,,,,,,,,,,,,,,,,broad,,,,,,,,,,,,,,,,,,,,,,,,,,,,,nintedanib,,,,,20913602.0,2.0,suspect,,,,,,,
J_values,time_to_onset_case_values.csv,,,,,,,,,,,,,,,,,,,,,broad,,,,,,,,,,,,,,,,,,,,,,,,,,,,,nintedanib,,,,,20921515.0,172.0,suspect,,,,,,,
J_values,time_to_onset_case_values.csv,,,,,,,,,,,,,,,,,,,,,broad,,,,,,,,,,,,,,,,,,,,,,,,,,,,,nintedanib,,,,,20927634.0,299.0,suspect,,,,,,,
J_values,time_to_onset_case_values.csv,,,,,,,,,,,,,,,,,,,,,broad,,,,,,,,,,,,,,,,,,,,,,,,,,,,,nintedanib,,,,,20928726.0,61.0,suspect,,,,,,,
J_values,time_to_onset_case_values.csv,,,,,,,,,,,,,,,,,,,,,broad,,,,,,,,,,,,,,,,,,,,,,,,,,,,,nintedanib,,,,,20950057.0,83.0,suspect,,,,,,,
J_values,time_to_onset_case_values.csv,,,,,,,,,,,,,,,,,,,,,broad,,,,,,,,,,,,,,,,,,,,,,,,,,,,,nintedanib,,,,,20985256.0,0.0,suspect,,,,,,,
J_values,time_to_onset_case_values.csv,,,,,,,,,,,,,,,,,,,,,broad,,,,,,,,,,,,,,,,,,,,,,,,,,,,,nintedanib,,,,,21006906.0,153.0,suspect,,,,,,,
J_values,time_to_onset_case_values.csv,,,,,,,,,,,,,,,,,,,,,broad,,,,,,,,,,,,,,,,,,,,,,,,,,,,,nintedanib,,,,,21055852.0,4.0,suspect,,,,,,,
J_values,time_to_onset_case_values.csv,,,,,,,,,,,,,,,,,,,,,broad,,,,,,,,,,,,,,,,,,,,,,,,,,,,,nintedanib,,,,,21062338.0,0.0,suspect,,,,,,,
J_values,time_to_onset_case_values.csv,,,,,,,,,,,,,,,,,,,,,broad,,,,,,,,,,,,,,,,,,,,,,,,,,,,,nintedanib,,,,,21066761.0,2.0,suspect,,,,,,,
J_values,time_to_onset_case_values.csv,,,,,,,,,,,,,,,,,,,,,broad,,,,,,,,,,,,,,,,,,,,,,,,,,,,,nintedanib,,,,,21079569.0,12.0,suspect,,,,,,,
J_values,time_to_onset_case_values.csv,,,,,,,,,,,,,,,,,,,,,broad,,,,,,,,,,,,,,,,,,,,,,,,,,,,,nintedanib,,,,,21079865.0,6.0,suspect,,,,,,,
J_values,time_to_onset_case_values.csv,,,,,,,,,,,,,,,,,,,,,broad,,,,,,,,,,,,,,,,,,,,,,,,,,,,,nintedanib,,,,,21085634.0,6.0,suspect,,,,,,,
J_values,time_to_onset_case_values.csv,,,,,,,,,,,,,,,,,,,,,broad,,,,,,,,,,,,,,,,,,,,,,,,,,,,,nintedanib,,,,,21160170.0,2.0,suspect,,,,,,,
J_values,time_to_onset_case_values.csv,,,,,,,,,,,,,,,,,,,,,broad,,,,,,,,,,,,,,,,,,,,,,,,,,,,,nintedanib,,,,,21168461.0,56.0,suspect,,,,,,,
J_values,time_to_onset_case_values.csv,,,,,,,,,,,,,,,,,,,,,broad,,,,,,,,,,,,,,,,,,,,,,,,,,,,,nintedanib,,,,,21170112.0,61.0,suspect,,,,,,,
J_values,time_to_onset_case_values.csv,,,,,,,,,,,,,,,,,,,,,broad,,,,,,,,,,,,,,,,,,,,,,,,,,,,,nintedanib,,,,,21174703.0,167.0,suspect,,,,,,,
J_values,time_to_onset_case_values.csv,,,,,,,,,,,,,,,,,,,,,broad,,,,,,,,,,,,,,,,,,,,,,,,,,,,,nintedanib,,,,,21194100.0,49.0,suspect,,,,,,,
J_values,time_to_onset_case_values.csv,,,,,,,,,,,,,,,,,,,,,broad,,,,,,,,,,,,,,,,,,,,,,,,,,,,,nintedanib,,,,,21210612.0,3.0,suspect,,,,,,,
J_values,time_to_onset_case_values.csv,,,,,,,,,,,,,,,,,,,,,broad,,,,,,,,,,,,,,,,,,,,,,,,,,,,,nintedanib,,,,,21216138.0,87.0,suspect,,,,,,,
J_values,time_to_onset_case_values.csv,,,,,,,,,,,,,,,,,,,,,broad,,,,,,,,,,,,,,,,,,,,,,,,,,,,,nintedanib,,,,,21224418.0,0.0,suspect,,,,,,,
J_values,time_to_onset_case_values.csv,,,,,,,,,,,,,,,,,,,,,broad,,,,,,,,,,,,,,,,,,,,,,,,,,,,,nintedanib,,,,,21230420.0,107.0,suspect,,,,,,,
J_values,time_to_onset_case_values.csv,,,,,,,,,,,,,,,,,,,,,broad,,,,,,,,,,,,,,,,,,,,,,,,,,,,,nintedanib,,,,,21264427.0,20.0,suspect,,,,,,,
J_values,time_to_onset_case_values.csv,,,,,,,,,,,,,,,,,,,,,broad,,,,,,,,,,,,,,,,,,,,,,,,,,,,,nintedanib,,,,,21267973.0,1.0,suspect,,,,,,,
J_values,time_to_onset_case_values.csv,,,,,,,,,,,,,,,,,,,,,broad,,,,,,,,,,,,,,,,,,,,,,,,,,,,,nintedanib,,,,,21291435.0,20.0,suspect,,,,,,,
J_values,time_to_onset_case_values.csv,,,,,,,,,,,,,,,,,,,,,broad,,,,,,,,,,,,,,,,,,,,,,,,,,,,,nintedanib,,,,,21311491.0,35.0,suspect,,,,,,,
J_values,time_to_onset_case_values.csv,,,,,,,,,,,,,,,,,,,,,broad,,,,,,,,,,,,,,,,,,,,,,,,,,,,,nintedanib,,,,,21326185.0,64.0,suspect,,,,,,,
J_values,time_to_onset_case_values.csv,,,,,,,,,,,,,,,,,,,,,broad,,,,,,,,,,,,,,,,,,,,,,,,,,,,,nintedanib,,,,,21327080.0,55.0,suspect,,,,,,,
J_values,time_to_onset_case_values.csv,,,,,,,,,,,,,,,,,,,,,broad,,,,,,,,,,,,,,,,,,,,,,,,,,,,,nintedanib,,,,,21336243.0,1.0,suspect,,,,,,,
J_values,time_to_onset_case_values.csv,,,,,,,,,,,,,,,,,,,,,broad,,,,,,,,,,,,,,,,,,,,,,,,,,,,,nintedanib,,,,,21379714.0,126.0,suspect,,,,,,,
J_values,time_to_onset_case_values.csv,,,,,,,,,,,,,,,,,,,,,broad,,,,,,,,,,,,,,,,,,,,,,,,,,,,,nintedanib,,,,,21387426.0,11.0,suspect,,,,,,,
J_values,time_to_onset_case_values.csv,,,,,,,,,,,,,,,,,,,,,broad,,,,,,,,,,,,,,,,,,,,,,,,,,,,,nintedanib,,,,,21390266.0,33.0,suspect,,,,,,,
J_values,time_to_onset_case_values.csv,,,,,,,,,,,,,,,,,,,,,broad,,,,,,,,,,,,,,,,,,,,,,,,,,,,,nintedanib,,,,,21443432.0,79.0,suspect,,,,,,,
J_values,time_to_onset_case_values.csv,,,,,,,,,,,,,,,,,,,,,broad,,,,,,,,,,,,,,,,,,,,,,,,,,,,,nintedanib,,,,,21452337.0,6.0,suspect,,,,,,,
J_values,time_to_onset_case_values.csv,,,,,,,,,,,,,,,,,,,,,broad,,,,,,,,,,,,,,,,,,,,,,,,,,,,,nintedanib,,,,,21463108.0,0.0,suspect,,,,,,,
J_values,time_to_onset_case_values.csv,,,,,,,,,,,,,,,,,,,,,broad,,,,,,,,,,,,,,,,,,,,,,,,,,,,,nintedanib,,,,,21463931.0,2.0,suspect,,,,,,,
J_values,time_to_onset_case_values.csv,,,,,,,,,,,,,,,,,,,,,broad,,,,,,,,,,,,,,,,,,,,,,,,,,,,,nintedanib,,,,,21464001.0,62.0,suspect,,,,,,,
J_values,time_to_onset_case_values.csv,,,,,,,,,,,,,,,,,,,,,broad,,,,,,,,,,,,,,,,,,,,,,,,,,,,,nintedanib,,,,,21466680.0,102.0,suspect,,,,,,,
J_values,time_to_onset_case_values.csv,,,,,,,,,,,,,,,,,,,,,broad,,,,,,,,,,,,,,,,,,,,,,,,,,,,,nintedanib,,,,,21469082.0,92.0,suspect,,,,,,,
J_values,time_to_onset_case_values.csv,,,,,,,,,,,,,,,,,,,,,broad,,,,,,,,,,,,,,,,,,,,,,,,,,,,,nintedanib,,,,,21471161.0,10.0,suspect,,,,,,,
J_values,time_to_onset_case_values.csv,,,,,,,,,,,,,,,,,,,,,broad,,,,,,,,,,,,,,,,,,,,,,,,,,,,,nintedanib,,,,,21475551.0,3.0,suspect,,,,,,,
J_values,time_to_onset_case_values.csv,,,,,,,,,,,,,,,,,,,,,broad,,,,,,,,,,,,,,,,,,,,,,,,,,,,,nintedanib,,,,,21478452.0,65.0,suspect,,,,,,,
J_values,time_to_onset_case_values.csv,,,,,,,,,,,,,,,,,,,,,broad,,,,,,,,,,,,,,,,,,,,,,,,,,,,,nintedanib,,,,,21479989.0,202.0,suspect,,,,,,,
J_values,time_to_onset_case_values.csv,,,,,,,,,,,,,,,,,,,,,broad,,,,,,,,,,,,,,,,,,,,,,,,,,,,,nintedanib,,,,,21487798.0,101.0,suspect,,,,,,,
J_values,time_to_onset_case_values.csv,,,,,,,,,,,,,,,,,,,,,broad,,,,,,,,,,,,,,,,,,,,,,,,,,,,,nintedanib,,,,,21487824.0,20.0,suspect,,,,,,,
J_values,time_to_onset_case_values.csv,,,,,,,,,,,,,,,,,,,,,broad,,,,,,,,,,,,,,,,,,,,,,,,,,,,,nintedanib,,,,,21492961.0,44.0,suspect,,,,,,,
J_values,time_to_onset_case_values.csv,,,,,,,,,,,,,,,,,,,,,broad,,,,,,,,,,,,,,,,,,,,,,,,,,,,,nintedanib,,,,,21494058.0,1.0,suspect,,,,,,,
J_values,time_to_onset_case_values.csv,,,,,,,,,,,,,,,,,,,,,broad,,,,,,,,,,,,,,,,,,,,,,,,,,,,,nintedanib,,,,,21494121.0,111.0,suspect,,,,,,,
J_values,time_to_onset_case_values.csv,,,,,,,,,,,,,,,,,,,,,broad,,,,,,,,,,,,,,,,,,,,,,,,,,,,,nintedanib,,,,,21494748.0,20.0,suspect,,,,,,,
J_values,time_to_onset_case_values.csv,,,,,,,,,,,,,,,,,,,,,broad,,,,,,,,,,,,,,,,,,,,,,,,,,,,,nintedanib,,,,,21497619.0,36.0,suspect,,,,,,,
J_values,time_to_onset_case_values.csv,,,,,,,,,,,,,,,,,,,,,broad,,,,,,,,,,,,,,,,,,,,,,,,,,,,,nintedanib,,,,,21542928.0,1.0,suspect,,,,,,,
J_values,time_to_onset_case_values.csv,,,,,,,,,,,,,,,,,,,,,broad,,,,,,,,,,,,,,,,,,,,,,,,,,,,,nintedanib,,,,,21569903.0,11.0,suspect,,,,,,,
J_values,time_to_onset_case_values.csv,,,,,,,,,,,,,,,,,,,,,broad,,,,,,,,,,,,,,,,,,,,,,,,,,,,,nintedanib,,,,,21610151.0,229.0,concomitant,,,,,,,
J_values,time_to_onset_case_values.csv,,,,,,,,,,,,,,,,,,,,,broad,,,,,,,,,,,,,,,,,,,,,,,,,,,,,nintedanib,,,,,21617089.0,30.0,suspect,,,,,,,
J_values,time_to_onset_case_values.csv,,,,,,,,,,,,,,,,,,,,,broad,,,,,,,,,,,,,,,,,,,,,,,,,,,,,nintedanib,,,,,21658792.0,5.0,suspect,,,,,,,
J_values,time_to_onset_case_values.csv,,,,,,,,,,,,,,,,,,,,,broad,,,,,,,,,,,,,,,,,,,,,,,,,,,,,nintedanib,,,,,21701992.0,171.0,suspect,,,,,,,
J_values,time_to_onset_case_values.csv,,,,,,,,,,,,,,,,,,,,,broad,,,,,,,,,,,,,,,,,,,,,,,,,,,,,nintedanib,,,,,21745909.0,140.0,suspect,,,,,,,
J_values,time_to_onset_case_values.csv,,,,,,,,,,,,,,,,,,,,,broad,,,,,,,,,,,,,,,,,,,,,,,,,,,,,nintedanib,,,,,21769884.0,1.0,suspect,,,,,,,
J_values,time_to_onset_case_values.csv,,,,,,,,,,,,,,,,,,,,,broad,,,,,,,,,,,,,,,,,,,,,,,,,,,,,nintedanib,,,,,21851890.0,76.0,suspect,,,,,,,
J_values,time_to_onset_case_values.csv,,,,,,,,,,,,,,,,,,,,,broad,,,,,,,,,,,,,,,,,,,,,,,,,,,,,nintedanib,,,,,21888697.0,0.0,suspect,,,,,,,
J_values,time_to_onset_case_values.csv,,,,,,,,,,,,,,,,,,,,,broad,,,,,,,,,,,,,,,,,,,,,,,,,,,,,nintedanib,,,,,21915202.0,58.0,suspect,,,,,,,
J_values,time_to_onset_case_values.csv,,,,,,,,,,,,,,,,,,,,,broad,,,,,,,,,,,,,,,,,,,,,,,,,,,,,nintedanib,,,,,21921879.0,25.0,suspect,,,,,,,
J_values,time_to_onset_case_values.csv,,,,,,,,,,,,,,,,,,,,,broad,,,,,,,,,,,,,,,,,,,,,,,,,,,,,nintedanib,,,,,21975602.0,0.0,suspect,,,,,,,
J_values,time_to_onset_case_values.csv,,,,,,,,,,,,,,,,,,,,,broad,,,,,,,,,,,,,,,,,,,,,,,,,,,,,nintedanib,,,,,21993067.0,13.0,suspect,,,,,,,
J_values,time_to_onset_case_values.csv,,,,,,,,,,,,,,,,,,,,,broad,,,,,,,,,,,,,,,,,,,,,,,,,,,,,nintedanib,,,,,22019702.0,0.0,suspect,,,,,,,
J_values,time_to_onset_case_values.csv,,,,,,,,,,,,,,,,,,,,,broad,,,,,,,,,,,,,,,,,,,,,,,,,,,,,nintedanib,,,,,22020756.0,7.0,suspect,,,,,,,
J_values,time_to_onset_case_values.csv,,,,,,,,,,,,,,,,,,,,,broad,,,,,,,,,,,,,,,,,,,,,,,,,,,,,nintedanib,,,,,22046522.0,11.0,suspect,,,,,,,
J_values,time_to_onset_case_values.csv,,,,,,,,,,,,,,,,,,,,,broad,,,,,,,,,,,,,,,,,,,,,,,,,,,,,nintedanib,,,,,22046687.0,0.0,suspect,,,,,,,
J_values,time_to_onset_case_values.csv,,,,,,,,,,,,,,,,,,,,,broad,,,,,,,,,,,,,,,,,,,,,,,,,,,,,nintedanib,,,,,22076057.0,35.0,suspect,,,,,,,
J_values,time_to_onset_case_values.csv,,,,,,,,,,,,,,,,,,,,,broad,,,,,,,,,,,,,,,,,,,,,,,,,,,,,nintedanib,,,,,22084936.0,27.0,suspect,,,,,,,
J_values,time_to_onset_case_values.csv,,,,,,,,,,,,,,,,,,,,,broad,,,,,,,,,,,,,,,,,,,,,,,,,,,,,nintedanib,,,,,22088776.0,0.0,suspect,,,,,,,
J_values,time_to_onset_case_values.csv,,,,,,,,,,,,,,,,,,,,,broad,,,,,,,,,,,,,,,,,,,,,,,,,,,,,nintedanib,,,,,22092583.0,0.0,suspect,,,,,,,
J_values,time_to_onset_case_values.csv,,,,,,,,,,,,,,,,,,,,,broad,,,,,,,,,,,,,,,,,,,,,,,,,,,,,nintedanib,,,,,22094401.0,14.0,suspect,,,,,,,
J_values,time_to_onset_case_values.csv,,,,,,,,,,,,,,,,,,,,,broad,,,,,,,,,,,,,,,,,,,,,,,,,,,,,nintedanib,,,,,22102365.0,4.0,suspect,,,,,,,
J_values,time_to_onset_case_values.csv,,,,,,,,,,,,,,,,,,,,,broad,,,,,,,,,,,,,,,,,,,,,,,,,,,,,nintedanib,,,,,22115672.0,7.0,suspect,,,,,,,
J_values,time_to_onset_case_values.csv,,,,,,,,,,,,,,,,,,,,,broad,,,,,,,,,,,,,,,,,,,,,,,,,,,,,nintedanib,,,,,22143754.0,28.0,suspect,,,,,,,
J_values,time_to_onset_case_values.csv,,,,,,,,,,,,,,,,,,,,,broad,,,,,,,,,,,,,,,,,,,,,,,,,,,,,nintedanib,,,,,22167256.0,58.0,suspect,,,,,,,
J_values,time_to_onset_case_values.csv,,,,,,,,,,,,,,,,,,,,,broad,,,,,,,,,,,,,,,,,,,,,,,,,,,,,nintedanib,,,,,22182143.0,5.0,suspect,,,,,,,
J_values,time_to_onset_case_values.csv,,,,,,,,,,,,,,,,,,,,,broad,,,,,,,,,,,,,,,,,,,,,,,,,,,,,nintedanib,,,,,22219193.0,6.0,suspect,,,,,,,
J_values,time_to_onset_case_values.csv,,,,,,,,,,,,,,,,,,,,,broad,,,,,,,,,,,,,,,,,,,,,,,,,,,,,nintedanib,,,,,22256488.0,17.0,suspect,,,,,,,
J_values,time_to_onset_case_values.csv,,,,,,,,,,,,,,,,,,,,,broad,,,,,,,,,,,,,,,,,,,,,,,,,,,,,nintedanib,,,,,22263215.0,8.0,suspect,,,,,,,
J_values,time_to_onset_case_values.csv,,,,,,,,,,,,,,,,,,,,,broad,,,,,,,,,,,,,,,,,,,,,,,,,,,,,nintedanib,,,,,22272451.0,249.0,concomitant,,,,,,,
J_values,time_to_onset_case_values.csv,,,,,,,,,,,,,,,,,,,,,broad,,,,,,,,,,,,,,,,,,,,,,,,,,,,,nintedanib,,,,,22317306.0,1.0,suspect,,,,,,,
J_values,time_to_onset_case_values.csv,,,,,,,,,,,,,,,,,,,,,broad,,,,,,,,,,,,,,,,,,,,,,,,,,,,,nintedanib,,,,,22321236.0,92.0,suspect,,,,,,,
J_values,time_to_onset_case_values.csv,,,,,,,,,,,,,,,,,,,,,broad,,,,,,,,,,,,,,,,,,,,,,,,,,,,,nintedanib,,,,,22358504.0,14.0,suspect,,,,,,,
J_values,time_to_onset_case_values.csv,,,,,,,,,,,,,,,,,,,,,broad,,,,,,,,,,,,,,,,,,,,,,,,,,,,,nintedanib,,,,,22391225.0,7.0,suspect,,,,,,,
J_values,time_to_onset_case_values.csv,,,,,,,,,,,,,,,,,,,,,broad,,,,,,,,,,,,,,,,,,,,,,,,,,,,,nintedanib,,,,,22393623.0,1.0,suspect,,,,,,,
J_values,time_to_onset_case_values.csv,,,,,,,,,,,,,,,,,,,,,broad,,,,,,,,,,,,,,,,,,,,,,,,,,,,,nintedanib,,,,,22616774.0,30.0,suspect,,,,,,,
J_values,time_to_onset_case_values.csv,,,,,,,,,,,,,,,,,,,,,broad,,,,,,,,,,,,,,,,,,,,,,,,,,,,,nintedanib,,,,,22647918.0,16.0,suspect,,,,,,,
J_values,time_to_onset_case_values.csv,,,,,,,,,,,,,,,,,,,,,broad,,,,,,,,,,,,,,,,,,,,,,,,,,,,,nintedanib,,,,,22666583.0,7.0,suspect,,,,,,,
J_values,time_to_onset_case_values.csv,,,,,,,,,,,,,,,,,,,,,broad,,,,,,,,,,,,,,,,,,,,,,,,,,,,,nintedanib,,,,,22731167.0,136.0,suspect,,,,,,,
J_values,time_to_onset_case_values.csv,,,,,,,,,,,,,,,,,,,,,broad,,,,,,,,,,,,,,,,,,,,,,,,,,,,,nintedanib,,,,,22758778.0,3.0,suspect,,,,,,,
J_values,time_to_onset_case_values.csv,,,,,,,,,,,,,,,,,,,,,broad,,,,,,,,,,,,,,,,,,,,,,,,,,,,,nintedanib,,,,,22775450.0,177.0,suspect,,,,,,,
J_values,time_to_onset_case_values.csv,,,,,,,,,,,,,,,,,,,,,broad,,,,,,,,,,,,,,,,,,,,,,,,,,,,,nintedanib,,,,,22919497.0,0.0,suspect,,,,,,,
J_values,time_to_onset_case_values.csv,,,,,,,,,,,,,,,,,,,,,broad,,,,,,,,,,,,,,,,,,,,,,,,,,,,,nintedanib,,,,,22951794.0,185.0,suspect,,,,,,,
J_values,time_to_onset_case_values.csv,,,,,,,,,,,,,,,,,,,,,broad,,,,,,,,,,,,,,,,,,,,,,,,,,,,,nintedanib,,,,,22969663.0,61.0,suspect,,,,,,,
J_values,time_to_onset_case_values.csv,,,,,,,,,,,,,,,,,,,,,broad,,,,,,,,,,,,,,,,,,,,,,,,,,,,,nintedanib,,,,,22970651.0,16.0,suspect,,,,,,,
J_values,time_to_onset_case_values.csv,,,,,,,,,,,,,,,,,,,,,broad,,,,,,,,,,,,,,,,,,,,,,,,,,,,,nintedanib,,,,,23081921.0,98.0,suspect,,,,,,,
J_values,time_to_onset_case_values.csv,,,,,,,,,,,,,,,,,,,,,broad,,,,,,,,,,,,,,,,,,,,,,,,,,,,,nintedanib,,,,,23082560.0,10.0,suspect,,,,,,,
J_values,time_to_onset_case_values.csv,,,,,,,,,,,,,,,,,,,,,broad,,,,,,,,,,,,,,,,,,,,,,,,,,,,,nintedanib,,,,,23112292.0,13.0,suspect,,,,,,,
J_values,time_to_onset_case_values.csv,,,,,,,,,,,,,,,,,,,,,broad,,,,,,,,,,,,,,,,,,,,,,,,,,,,,nintedanib,,,,,23135958.0,40.0,suspect,,,,,,,
J_values,time_to_onset_case_values.csv,,,,,,,,,,,,,,,,,,,,,broad,,,,,,,,,,,,,,,,,,,,,,,,,,,,,nintedanib,,,,,23220620.0,0.0,suspect,,,,,,,
J_values,time_to_onset_case_values.csv,,,,,,,,,,,,,,,,,,,,,broad,,,,,,,,,,,,,,,,,,,,,,,,,,,,,nintedanib,,,,,23237415.0,11.0,suspect,,,,,,,
J_values,time_to_onset_case_values.csv,,,,,,,,,,,,,,,,,,,,,broad,,,,,,,,,,,,,,,,,,,,,,,,,,,,,nintedanib,,,,,23248960.0,21.0,suspect,,,,,,,
J_values,time_to_onset_case_values.csv,,,,,,,,,,,,,,,,,,,,,broad,,,,,,,,,,,,,,,,,,,,,,,,,,,,,nintedanib,,,,,23298702.0,7.0,suspect,,,,,,,
J_values,time_to_onset_case_values.csv,,,,,,,,,,,,,,,,,,,,,broad,,,,,,,,,,,,,,,,,,,,,,,,,,,,,nintedanib,,,,,23344688.0,7.0,suspect,,,,,,,
J_values,time_to_onset_case_values.csv,,,,,,,,,,,,,,,,,,,,,broad,,,,,,,,,,,,,,,,,,,,,,,,,,,,,nintedanib,,,,,23355535.0,6.0,suspect,,,,,,,
J_values,time_to_onset_case_values.csv,,,,,,,,,,,,,,,,,,,,,broad,,,,,,,,,,,,,,,,,,,,,,,,,,,,,nintedanib,,,,,23357189.0,35.0,suspect,,,,,,,
J_values,time_to_onset_case_values.csv,,,,,,,,,,,,,,,,,,,,,broad,,,,,,,,,,,,,,,,,,,,,,,,,,,,,nintedanib,,,,,23376213.0,237.0,suspect,,,,,,,
J_values,time_to_onset_case_values.csv,,,,,,,,,,,,,,,,,,,,,broad,,,,,,,,,,,,,,,,,,,,,,,,,,,,,nintedanib,,,,,23381413.0,5.0,suspect,,,,,,,
J_values,time_to_onset_case_values.csv,,,,,,,,,,,,,,,,,,,,,broad,,,,,,,,,,,,,,,,,,,,,,,,,,,,,nintedanib,,,,,23386820.0,323.0,suspect,,,,,,,
J_values,time_to_onset_case_values.csv,,,,,,,,,,,,,,,,,,,,,broad,,,,,,,,,,,,,,,,,,,,,,,,,,,,,nintedanib,,,,,23405030.0,11.0,suspect,,,,,,,
J_values,time_to_onset_case_values.csv,,,,,,,,,,,,,,,,,,,,,broad,,,,,,,,,,,,,,,,,,,,,,,,,,,,,nintedanib,,,,,23437596.0,5.0,suspect,,,,,,,
J_values,time_to_onset_case_values.csv,,,,,,,,,,,,,,,,,,,,,broad,,,,,,,,,,,,,,,,,,,,,,,,,,,,,nintedanib,,,,,23453793.0,121.0,suspect,,,,,,,
J_values,time_to_onset_case_values.csv,,,,,,,,,,,,,,,,,,,,,broad,,,,,,,,,,,,,,,,,,,,,,,,,,,,,nintedanib,,,,,23525594.0,131.0,suspect,,,,,,,
J_values,time_to_onset_case_values.csv,,,,,,,,,,,,,,,,,,,,,broad,,,,,,,,,,,,,,,,,,,,,,,,,,,,,nintedanib,,,,,23578110.0,35.0,suspect,,,,,,,
J_values,time_to_onset_case_values.csv,,,,,,,,,,,,,,,,,,,,,broad,,,,,,,,,,,,,,,,,,,,,,,,,,,,,nintedanib,,,,,23587475.0,8.0,suspect,,,,,,,
J_values,time_to_onset_case_values.csv,,,,,,,,,,,,,,,,,,,,,broad,,,,,,,,,,,,,,,,,,,,,,,,,,,,,nintedanib,,,,,23599212.0,227.0,suspect,,,,,,,
J_values,time_to_onset_case_values.csv,,,,,,,,,,,,,,,,,,,,,broad,,,,,,,,,,,,,,,,,,,,,,,,,,,,,nintedanib,,,,,23608392.0,0.0,suspect,,,,,,,
J_values,time_to_onset_case_values.csv,,,,,,,,,,,,,,,,,,,,,broad,,,,,,,,,,,,,,,,,,,,,,,,,,,,,nintedanib,,,,,23619504.0,19.0,suspect,,,,,,,
J_values,time_to_onset_case_values.csv,,,,,,,,,,,,,,,,,,,,,broad,,,,,,,,,,,,,,,,,,,,,,,,,,,,,nintedanib,,,,,23640475.0,15.0,suspect,,,,,,,
J_values,time_to_onset_case_values.csv,,,,,,,,,,,,,,,,,,,,,broad,,,,,,,,,,,,,,,,,,,,,,,,,,,,,nintedanib,,,,,23695037.0,7.0,suspect,,,,,,,
J_values,time_to_onset_case_values.csv,,,,,,,,,,,,,,,,,,,,,broad,,,,,,,,,,,,,,,,,,,,,,,,,,,,,nintedanib,,,,,23745131.0,209.0,suspect,,,,,,,
J_values,time_to_onset_case_values.csv,,,,,,,,,,,,,,,,,,,,,broad,,,,,,,,,,,,,,,,,,,,,,,,,,,,,nintedanib,,,,,23780849.0,58.0,suspect,,,,,,,
J_values,time_to_onset_case_values.csv,,,,,,,,,,,,,,,,,,,,,broad,,,,,,,,,,,,,,,,,,,,,,,,,,,,,nintedanib,,,,,23793308.0,55.0,suspect,,,,,,,
J_values,time_to_onset_case_values.csv,,,,,,,,,,,,,,,,,,,,,broad,,,,,,,,,,,,,,,,,,,,,,,,,,,,,nintedanib,,,,,23797695.0,0.0,suspect,,,,,,,
J_values,time_to_onset_case_values.csv,,,,,,,,,,,,,,,,,,,,,broad,,,,,,,,,,,,,,,,,,,,,,,,,,,,,nintedanib,,,,,23805028.0,1.0,suspect,,,,,,,
J_values,time_to_onset_case_values.csv,,,,,,,,,,,,,,,,,,,,,broad,,,,,,,,,,,,,,,,,,,,,,,,,,,,,nintedanib,,,,,23808954.0,6.0,suspect,,,,,,,
J_values,time_to_onset_case_values.csv,,,,,,,,,,,,,,,,,,,,,broad,,,,,,,,,,,,,,,,,,,,,,,,,,,,,nintedanib,,,,,23812435.0,9.0,suspect,,,,,,,
J_values,time_to_onset_case_values.csv,,,,,,,,,,,,,,,,,,,,,broad,,,,,,,,,,,,,,,,,,,,,,,,,,,,,nintedanib,,,,,23817266.0,0.0,suspect,,,,,,,
J_values,time_to_onset_case_values.csv,,,,,,,,,,,,,,,,,,,,,broad,,,,,,,,,,,,,,,,,,,,,,,,,,,,,nintedanib,,,,,23839062.0,17.0,suspect,,,,,,,
J_values,time_to_onset_case_values.csv,,,,,,,,,,,,,,,,,,,,,broad,,,,,,,,,,,,,,,,,,,,,,,,,,,,,nintedanib,,,,,23863888.0,3.0,suspect,,,,,,,
J_values,time_to_onset_case_values.csv,,,,,,,,,,,,,,,,,,,,,broad,,,,,,,,,,,,,,,,,,,,,,,,,,,,,nintedanib,,,,,23902846.0,37.0,suspect,,,,,,,
J_values,time_to_onset_case_values.csv,,,,,,,,,,,,,,,,,,,,,broad,,,,,,,,,,,,,,,,,,,,,,,,,,,,,nintedanib,,,,,23958150.0,0.0,suspect,,,,,,,
J_values,time_to_onset_case_values.csv,,,,,,,,,,,,,,,,,,,,,broad,,,,,,,,,,,,,,,,,,,,,,,,,,,,,nintedanib,,,,,23973186.0,9.0,concomitant,,,,,,,
J_values,time_to_onset_case_values.csv,,,,,,,,,,,,,,,,,,,,,broad,,,,,,,,,,,,,,,,,,,,,,,,,,,,,nintedanib,,,,,23980498.0,64.0,suspect,,,,,,,
J_values,time_to_onset_case_values.csv,,,,,,,,,,,,,,,,,,,,,broad,,,,,,,,,,,,,,,,,,,,,,,,,,,,,nintedanib,,,,,23990512.0,0.0,suspect,,,,,,,
J_values,time_to_onset_case_values.csv,,,,,,,,,,,,,,,,,,,,,broad,,,,,,,,,,,,,,,,,,,,,,,,,,,,,nintedanib,,,,,24015109.0,0.0,suspect,,,,,,,
J_values,time_to_onset_case_values.csv,,,,,,,,,,,,,,,,,,,,,broad,,,,,,,,,,,,,,,,,,,,,,,,,,,,,nintedanib,,,,,24015322.0,59.0,suspect,,,,,,,
J_values,time_to_onset_case_values.csv,,,,,,,,,,,,,,,,,,,,,broad,,,,,,,,,,,,,,,,,,,,,,,,,,,,,nintedanib,,,,,24017332.0,6.0,suspect,,,,,,,
J_values,time_to_onset_case_values.csv,,,,,,,,,,,,,,,,,,,,,broad,,,,,,,,,,,,,,,,,,,,,,,,,,,,,nintedanib,,,,,24063202.0,56.0,suspect,,,,,,,
J_values,time_to_onset_case_values.csv,,,,,,,,,,,,,,,,,,,,,broad,,,,,,,,,,,,,,,,,,,,,,,,,,,,,nintedanib,,,,,24080359.0,11.0,suspect,,,,,,,
J_values,time_to_onset_case_values.csv,,,,,,,,,,,,,,,,,,,,,broad,,,,,,,,,,,,,,,,,,,,,,,,,,,,,nintedanib,,,,,24090453.0,63.0,suspect,,,,,,,
J_values,time_to_onset_case_values.csv,,,,,,,,,,,,,,,,,,,,,broad,,,,,,,,,,,,,,,,,,,,,,,,,,,,,nintedanib,,,,,24146368.0,20.0,suspect,,,,,,,
J_values,time_to_onset_case_values.csv,,,,,,,,,,,,,,,,,,,,,broad,,,,,,,,,,,,,,,,,,,,,,,,,,,,,nintedanib,,,,,24147805.0,52.0,suspect,,,,,,,
J_values,time_to_onset_case_values.csv,,,,,,,,,,,,,,,,,,,,,broad,,,,,,,,,,,,,,,,,,,,,,,,,,,,,nintedanib,,,,,24214533.0,6.0,suspect,,,,,,,
J_values,time_to_onset_case_values.csv,,,,,,,,,,,,,,,,,,,,,broad,,,,,,,,,,,,,,,,,,,,,,,,,,,,,nintedanib,,,,,24215385.0,179.0,suspect,,,,,,,
J_values,time_to_onset_case_values.csv,,,,,,,,,,,,,,,,,,,,,broad,,,,,,,,,,,,,,,,,,,,,,,,,,,,,nintedanib,,,,,24222640.0,30.0,suspect,,,,,,,
J_values,time_to_onset_case_values.csv,,,,,,,,,,,,,,,,,,,,,broad,,,,,,,,,,,,,,,,,,,,,,,,,,,,,nintedanib,,,,,24225522.0,352.0,suspect,,,,,,,
J_values,time_to_onset_case_values.csv,,,,,,,,,,,,,,,,,,,,,broad,,,,,,,,,,,,,,,,,,,,,,,,,,,,,nintedanib,,,,,24266166.0,32.0,suspect,,,,,,,
J_values,time_to_onset_case_values.csv,,,,,,,,,,,,,,,,,,,,,broad,,,,,,,,,,,,,,,,,,,,,,,,,,,,,nintedanib,,,,,24301983.0,60.0,suspect,,,,,,,
J_values,time_to_onset_case_values.csv,,,,,,,,,,,,,,,,,,,,,broad,,,,,,,,,,,,,,,,,,,,,,,,,,,,,nintedanib,,,,,24309463.0,0.0,suspect,,,,,,,
J_values,time_to_onset_case_values.csv,,,,,,,,,,,,,,,,,,,,,broad,,,,,,,,,,,,,,,,,,,,,,,,,,,,,nintedanib,,,,,24331023.0,117.0,suspect,,,,,,,
J_values,time_to_onset_case_values.csv,,,,,,,,,,,,,,,,,,,,,broad,,,,,,,,,,,,,,,,,,,,,,,,,,,,,nintedanib,,,,,24334974.0,306.0,suspect,,,,,,,
J_values,time_to_onset_case_values.csv,,,,,,,,,,,,,,,,,,,,,broad,,,,,,,,,,,,,,,,,,,,,,,,,,,,,nintedanib,,,,,24381751.0,4.0,suspect,,,,,,,
J_values,time_to_onset_case_values.csv,,,,,,,,,,,,,,,,,,,,,broad,,,,,,,,,,,,,,,,,,,,,,,,,,,,,nintedanib,,,,,24414297.0,28.0,suspect,,,,,,,
J_values,time_to_onset_case_values.csv,,,,,,,,,,,,,,,,,,,,,broad,,,,,,,,,,,,,,,,,,,,,,,,,,,,,nintedanib,,,,,24431290.0,35.0,suspect,,,,,,,
J_values,time_to_onset_case_values.csv,,,,,,,,,,,,,,,,,,,,,broad,,,,,,,,,,,,,,,,,,,,,,,,,,,,,nintedanib,,,,,24443335.0,0.0,suspect,,,,,,,
J_values,time_to_onset_case_values.csv,,,,,,,,,,,,,,,,,,,,,broad,,,,,,,,,,,,,,,,,,,,,,,,,,,,,nintedanib,,,,,24573603.0,4.0,suspect,,,,,,,
J_values,time_to_onset_case_values.csv,,,,,,,,,,,,,,,,,,,,,broad,,,,,,,,,,,,,,,,,,,,,,,,,,,,,nintedanib,,,,,24594581.0,11.0,suspect,,,,,,,
J_values,time_to_onset_case_values.csv,,,,,,,,,,,,,,,,,,,,,broad,,,,,,,,,,,,,,,,,,,,,,,,,,,,,nintedanib,,,,,24693501.0,4.0,suspect,,,,,,,
J_values,time_to_onset_case_values.csv,,,,,,,,,,,,,,,,,,,,,broad,,,,,,,,,,,,,,,,,,,,,,,,,,,,,nintedanib,,,,,24699777.0,189.0,suspect,,,,,,,
J_values,time_to_onset_case_values.csv,,,,,,,,,,,,,,,,,,,,,broad,,,,,,,,,,,,,,,,,,,,,,,,,,,,,nintedanib,,,,,24824038.0,0.0,suspect,,,,,,,
J_values,time_to_onset_case_values.csv,,,,,,,,,,,,,,,,,,,,,broad,,,,,,,,,,,,,,,,,,,,,,,,,,,,,nintedanib,,,,,24856216.0,58.0,suspect,,,,,,,
J_values,time_to_onset_case_values.csv,,,,,,,,,,,,,,,,,,,,,broad,,,,,,,,,,,,,,,,,,,,,,,,,,,,,nintedanib,,,,,24924093.0,35.0,suspect,,,,,,,
J_values,time_to_onset_case_values.csv,,,,,,,,,,,,,,,,,,,,,broad,,,,,,,,,,,,,,,,,,,,,,,,,,,,,nintedanib,,,,,24934975.0,2.0,suspect,,,,,,,
J_values,time_to_onset_case_values.csv,,,,,,,,,,,,,,,,,,,,,broad,,,,,,,,,,,,,,,,,,,,,,,,,,,,,nintedanib,,,,,24988107.0,4.0,suspect,,,,,,,
J_values,time_to_onset_case_values.csv,,,,,,,,,,,,,,,,,,,,,broad,,,,,,,,,,,,,,,,,,,,,,,,,,,,,nintedanib,,,,,25002268.0,17.0,suspect,,,,,,,
J_values,time_to_onset_case_values.csv,,,,,,,,,,,,,,,,,,,,,broad,,,,,,,,,,,,,,,,,,,,,,,,,,,,,nintedanib,,,,,25034188.0,3.0,suspect,,,,,,,
J_values,time_to_onset_case_values.csv,,,,,,,,,,,,,,,,,,,,,broad,,,,,,,,,,,,,,,,,,,,,,,,,,,,,nintedanib,,,,,25044447.0,104.0,suspect,,,,,,,
J_values,time_to_onset_case_values.csv,,,,,,,,,,,,,,,,,,,,,broad,,,,,,,,,,,,,,,,,,,,,,,,,,,,,nintedanib,,,,,25147126.0,57.0,suspect,,,,,,,
J_values,time_to_onset_case_values.csv,,,,,,,,,,,,,,,,,,,,,broad,,,,,,,,,,,,,,,,,,,,,,,,,,,,,nintedanib,,,,,25152277.0,12.0,suspect,,,,,,,
J_values,time_to_onset_case_values.csv,,,,,,,,,,,,,,,,,,,,,broad,,,,,,,,,,,,,,,,,,,,,,,,,,,,,nintedanib,,,,,25182509.0,10.0,suspect,,,,,,,
J_values,time_to_onset_case_values.csv,,,,,,,,,,,,,,,,,,,,,broad,,,,,,,,,,,,,,,,,,,,,,,,,,,,,nintedanib,,,,,25213411.0,28.0,suspect,,,,,,,
J_values,time_to_onset_case_values.csv,,,,,,,,,,,,,,,,,,,,,broad,,,,,,,,,,,,,,,,,,,,,,,,,,,,,nintedanib,,,,,25213472.0,10.0,suspect,,,,,,,
J_values,time_to_onset_case_values.csv,,,,,,,,,,,,,,,,,,,,,broad,,,,,,,,,,,,,,,,,,,,,,,,,,,,,nintedanib,,,,,25242297.0,173.0,suspect,,,,,,,
J_values,time_to_onset_case_values.csv,,,,,,,,,,,,,,,,,,,,,broad,,,,,,,,,,,,,,,,,,,,,,,,,,,,,nintedanib,,,,,25371774.0,7.0,suspect,,,,,,,
J_values,time_to_onset_case_values.csv,,,,,,,,,,,,,,,,,,,,,broad,,,,,,,,,,,,,,,,,,,,,,,,,,,,,nintedanib,,,,,25393027.0,31.0,suspect,,,,,,,
J_values,time_to_onset_case_values.csv,,,,,,,,,,,,,,,,,,,,,broad,,,,,,,,,,,,,,,,,,,,,,,,,,,,,nintedanib,,,,,25411672.0,42.0,suspect,,,,,,,
J_values,time_to_onset_case_values.csv,,,,,,,,,,,,,,,,,,,,,broad,,,,,,,,,,,,,,,,,,,,,,,,,,,,,nintedanib,,,,,25439662.0,323.0,suspect,,,,,,,
J_values,time_to_onset_case_values.csv,,,,,,,,,,,,,,,,,,,,,broad,,,,,,,,,,,,,,,,,,,,,,,,,,,,,nintedanib,,,,,25502524.0,0.0,suspect,,,,,,,
J_values,time_to_onset_case_values.csv,,,,,,,,,,,,,,,,,,,,,broad,,,,,,,,,,,,,,,,,,,,,,,,,,,,,nintedanib,,,,,25510494.0,23.0,suspect,,,,,,,
J_values,time_to_onset_case_values.csv,,,,,,,,,,,,,,,,,,,,,broad,,,,,,,,,,,,,,,,,,,,,,,,,,,,,nintedanib,,,,,25530154.0,48.0,suspect,,,,,,,
J_values,time_to_onset_case_values.csv,,,,,,,,,,,,,,,,,,,,,broad,,,,,,,,,,,,,,,,,,,,,,,,,,,,,nintedanib,,,,,25567324.0,0.0,suspect,,,,,,,
J_values,time_to_onset_case_values.csv,,,,,,,,,,,,,,,,,,,,,broad,,,,,,,,,,,,,,,,,,,,,,,,,,,,,nintedanib,,,,,25587783.0,17.0,suspect,,,,,,,
J_values,time_to_onset_case_values.csv,,,,,,,,,,,,,,,,,,,,,broad,,,,,,,,,,,,,,,,,,,,,,,,,,,,,nintedanib,,,,,25611208.0,63.0,suspect,,,,,,,
J_values,time_to_onset_case_values.csv,,,,,,,,,,,,,,,,,,,,,broad,,,,,,,,,,,,,,,,,,,,,,,,,,,,,nintedanib,,,,,25620781.0,280.0,suspect,,,,,,,
J_values,time_to_onset_case_values.csv,,,,,,,,,,,,,,,,,,,,,broad,,,,,,,,,,,,,,,,,,,,,,,,,,,,,nintedanib,,,,,25624410.0,12.0,suspect,,,,,,,
J_values,time_to_onset_case_values.csv,,,,,,,,,,,,,,,,,,,,,broad,,,,,,,,,,,,,,,,,,,,,,,,,,,,,nintedanib,,,,,25685477.0,121.0,suspect,,,,,,,
J_values,time_to_onset_case_values.csv,,,,,,,,,,,,,,,,,,,,,broad,,,,,,,,,,,,,,,,,,,,,,,,,,,,,nintedanib,,,,,25710208.0,77.0,suspect,,,,,,,
J_values,time_to_onset_case_values.csv,,,,,,,,,,,,,,,,,,,,,broad,,,,,,,,,,,,,,,,,,,,,,,,,,,,,nintedanib,,,,,25754681.0,7.0,suspect,,,,,,,
J_values,time_to_onset_case_values.csv,,,,,,,,,,,,,,,,,,,,,broad,,,,,,,,,,,,,,,,,,,,,,,,,,,,,nintedanib,,,,,25755379.0,6.0,suspect,,,,,,,
J_values,time_to_onset_case_values.csv,,,,,,,,,,,,,,,,,,,,,broad,,,,,,,,,,,,,,,,,,,,,,,,,,,,,nintedanib,,,,,25778258.0,14.0,suspect,,,,,,,
J_values,time_to_onset_case_values.csv,,,,,,,,,,,,,,,,,,,,,broad,,,,,,,,,,,,,,,,,,,,,,,,,,,,,nintedanib,,,,,25848124.0,30.0,suspect,,,,,,,
J_values,time_to_onset_case_values.csv,,,,,,,,,,,,,,,,,,,,,broad,,,,,,,,,,,,,,,,,,,,,,,,,,,,,nintedanib,,,,,25891292.0,27.0,suspect,,,,,,,
J_values,time_to_onset_case_values.csv,,,,,,,,,,,,,,,,,,,,,broad,,,,,,,,,,,,,,,,,,,,,,,,,,,,,nintedanib,,,,,25902036.0,280.0,suspect,,,,,,,
J_values,time_to_onset_case_values.csv,,,,,,,,,,,,,,,,,,,,,broad,,,,,,,,,,,,,,,,,,,,,,,,,,,,,nintedanib,,,,,25918472.0,65.0,suspect,,,,,,,
J_values,time_to_onset_case_values.csv,,,,,,,,,,,,,,,,,,,,,broad,,,,,,,,,,,,,,,,,,,,,,,,,,,,,nintedanib,,,,,25919304.0,203.0,suspect,,,,,,,
J_values,time_to_onset_case_values.csv,,,,,,,,,,,,,,,,,,,,,broad,,,,,,,,,,,,,,,,,,,,,,,,,,,,,nintedanib,,,,,25919831.0,1.0,suspect,,,,,,,
J_values,time_to_onset_case_values.csv,,,,,,,,,,,,,,,,,,,,,broad,,,,,,,,,,,,,,,,,,,,,,,,,,,,,nintedanib,,,,,25943793.0,64.0,suspect,,,,,,,
J_values,time_to_onset_case_values.csv,,,,,,,,,,,,,,,,,,,,,broad,,,,,,,,,,,,,,,,,,,,,,,,,,,,,nintedanib,,,,,26054692.0,60.0,suspect,,,,,,,
J_values,time_to_onset_case_values.csv,,,,,,,,,,,,,,,,,,,,,broad,,,,,,,,,,,,,,,,,,,,,,,,,,,,,nintedanib,,,,,26083766.0,30.0,suspect,,,,,,,
J_values,time_to_onset_case_values.csv,,,,,,,,,,,,,,,,,,,,,broad,,,,,,,,,,,,,,,,,,,,,,,,,,,,,nintedanib,,,,,26100028.0,2.0,suspect,,,,,,,
J_values,time_to_onset_case_values.csv,,,,,,,,,,,,,,,,,,,,,broad,,,,,,,,,,,,,,,,,,,,,,,,,,,,,nintedanib,,,,,26138025.0,2.0,suspect,,,,,,,
J_values,time_to_onset_case_values.csv,,,,,,,,,,,,,,,,,,,,,broad,,,,,,,,,,,,,,,,,,,,,,,,,,,,,nintedanib,,,,,26152110.0,0.0,suspect,,,,,,,
J_values,time_to_onset_case_values.csv,,,,,,,,,,,,,,,,,,,,,broad,,,,,,,,,,,,,,,,,,,,,,,,,,,,,nintedanib,,,,,26153588.0,35.0,suspect,,,,,,,
J_values,time_to_onset_case_values.csv,,,,,,,,,,,,,,,,,,,,,broad,,,,,,,,,,,,,,,,,,,,,,,,,,,,,nintedanib,,,,,26162983.0,57.0,suspect,,,,,,,
J_values,time_to_onset_case_values.csv,,,,,,,,,,,,,,,,,,,,,broad,,,,,,,,,,,,,,,,,,,,,,,,,,,,,nintedanib,,,,,26183799.0,36.0,suspect,,,,,,,
J_values,time_to_onset_case_values.csv,,,,,,,,,,,,,,,,,,,,,broad,,,,,,,,,,,,,,,,,,,,,,,,,,,,,nintedanib,,,,,26232419.0,31.0,suspect,,,,,,,
J_values,time_to_onset_case_values.csv,,,,,,,,,,,,,,,,,,,,,broad,,,,,,,,,,,,,,,,,,,,,,,,,,,,,nintedanib,,,,,26280368.0,200.0,suspect,,,,,,,
J_values,time_to_onset_case_values.csv,,,,,,,,,,,,,,,,,,,,,broad,,,,,,,,,,,,,,,,,,,,,,,,,,,,,nintedanib,,,,,26396396.0,86.0,suspect,,,,,,,
J_values,time_to_onset_case_values.csv,,,,,,,,,,,,,,,,,,,,,broad,,,,,,,,,,,,,,,,,,,,,,,,,,,,,nintedanib,,,,,26397392.0,30.0,suspect,,,,,,,
J_values,time_to_onset_case_values.csv,,,,,,,,,,,,,,,,,,,,,broad,,,,,,,,,,,,,,,,,,,,,,,,,,,,,nintedanib,,,,,26436421.0,66.0,suspect,,,,,,,
J_values,time_to_onset_case_values.csv,,,,,,,,,,,,,,,,,,,,,broad,,,,,,,,,,,,,,,,,,,,,,,,,,,,,nintedanib,,,,,26465649.0,5.0,suspect,,,,,,,
J_values,time_to_onset_case_values.csv,,,,,,,,,,,,,,,,,,,,,broad,,,,,,,,,,,,,,,,,,,,,,,,,,,,,nintedanib,,,,,26558915.0,60.0,suspect,,,,,,,
J_values,time_to_onset_case_values.csv,,,,,,,,,,,,,,,,,,,,,broad,,,,,,,,,,,,,,,,,,,,,,,,,,,,,nintedanib,,,,,26577640.0,2.0,suspect,,,,,,,
J_values,time_to_onset_case_values.csv,,,,,,,,,,,,,,,,,,,,,broad,,,,,,,,,,,,,,,,,,,,,,,,,,,,,nintedanib,,,,,26642656.0,76.0,suspect,,,,,,,
J_values,time_to_onset_case_values.csv,,,,,,,,,,,,,,,,,,,,,broad,,,,,,,,,,,,,,,,,,,,,,,,,,,,,nintedanib,,,,,26702770.0,2.0,suspect,,,,,,,
J_values,time_to_onset_case_values.csv,,,,,,,,,,,,,,,,,,,,,broad,,,,,,,,,,,,,,,,,,,,,,,,,,,,,nintedanib,,,,,26738327.0,31.0,suspect,,,,,,,
J_values,time_to_onset_case_values.csv,,,,,,,,,,,,,,,,,,,,,broad,,,,,,,,,,,,,,,,,,,,,,,,,,,,,nintedanib,,,,,26801200.0,3.0,suspect,,,,,,,
J_values,time_to_onset_case_values.csv,,,,,,,,,,,,,,,,,,,,,broad,,,,,,,,,,,,,,,,,,,,,,,,,,,,,nintedanib,,,,,26822850.0,0.0,suspect,,,,,,,
J_values,time_to_onset_case_values.csv,,,,,,,,,,,,,,,,,,,,,broad,,,,,,,,,,,,,,,,,,,,,,,,,,,,,nintedanib,,,,,26897320.0,29.0,suspect,,,,,,,
J_values,time_to_onset_case_values.csv,,,,,,,,,,,,,,,,,,,,,broad,,,,,,,,,,,,,,,,,,,,,,,,,,,,,pirfenidone,,,,,10567804.0,54.0,suspect,,,,,,,
J_values,time_to_onset_case_values.csv,,,,,,,,,,,,,,,,,,,,,broad,,,,,,,,,,,,,,,,,,,,,,,,,,,,,pirfenidone,,,,,10723919.0,48.0,suspect,,,,,,,
J_values,time_to_onset_case_values.csv,,,,,,,,,,,,,,,,,,,,,broad,,,,,,,,,,,,,,,,,,,,,,,,,,,,,pirfenidone,,,,,10750031.0,215.0,suspect,,,,,,,
J_values,time_to_onset_case_values.csv,,,,,,,,,,,,,,,,,,,,,broad,,,,,,,,,,,,,,,,,,,,,,,,,,,,,pirfenidone,,,,,10880185.0,67.0,suspect,,,,,,,
J_values,time_to_onset_case_values.csv,,,,,,,,,,,,,,,,,,,,,broad,,,,,,,,,,,,,,,,,,,,,,,,,,,,,pirfenidone,,,,,10914825.0,47.0,suspect,,,,,,,
J_values,time_to_onset_case_values.csv,,,,,,,,,,,,,,,,,,,,,broad,,,,,,,,,,,,,,,,,,,,,,,,,,,,,pirfenidone,,,,,11010353.0,5.0,suspect,,,,,,,
J_values,time_to_onset_case_values.csv,,,,,,,,,,,,,,,,,,,,,broad,,,,,,,,,,,,,,,,,,,,,,,,,,,,,pirfenidone,,,,,11011815.0,48.0,suspect,,,,,,,
J_values,time_to_onset_case_values.csv,,,,,,,,,,,,,,,,,,,,,broad,,,,,,,,,,,,,,,,,,,,,,,,,,,,,pirfenidone,,,,,11088260.0,213.0,suspect,,,,,,,
J_values,time_to_onset_case_values.csv,,,,,,,,,,,,,,,,,,,,,broad,,,,,,,,,,,,,,,,,,,,,,,,,,,,,pirfenidone,,,,,11098677.0,216.0,suspect,,,,,,,
J_values,time_to_onset_case_values.csv,,,,,,,,,,,,,,,,,,,,,broad,,,,,,,,,,,,,,,,,,,,,,,,,,,,,pirfenidone,,,,,11128894.0,53.0,suspect,,,,,,,
J_values,time_to_onset_case_values.csv,,,,,,,,,,,,,,,,,,,,,broad,,,,,,,,,,,,,,,,,,,,,,,,,,,,,pirfenidone,,,,,11132550.0,31.0,suspect,,,,,,,
J_values,time_to_onset_case_values.csv,,,,,,,,,,,,,,,,,,,,,broad,,,,,,,,,,,,,,,,,,,,,,,,,,,,,pirfenidone,,,,,11152641.0,43.0,suspect,,,,,,,
J_values,time_to_onset_case_values.csv,,,,,,,,,,,,,,,,,,,,,broad,,,,,,,,,,,,,,,,,,,,,,,,,,,,,pirfenidone,,,,,11165983.0,122.0,suspect,,,,,,,
J_values,time_to_onset_case_values.csv,,,,,,,,,,,,,,,,,,,,,broad,,,,,,,,,,,,,,,,,,,,,,,,,,,,,pirfenidone,,,,,11253576.0,10.0,suspect,,,,,,,
J_values,time_to_onset_case_values.csv,,,,,,,,,,,,,,,,,,,,,broad,,,,,,,,,,,,,,,,,,,,,,,,,,,,,pirfenidone,,,,,11257587.0,303.0,suspect,,,,,,,
J_values,time_to_onset_case_values.csv,,,,,,,,,,,,,,,,,,,,,broad,,,,,,,,,,,,,,,,,,,,,,,,,,,,,pirfenidone,,,,,11263708.0,36.0,suspect,,,,,,,
J_values,time_to_onset_case_values.csv,,,,,,,,,,,,,,,,,,,,,broad,,,,,,,,,,,,,,,,,,,,,,,,,,,,,pirfenidone,,,,,11264556.0,97.0,suspect,,,,,,,
J_values,time_to_onset_case_values.csv,,,,,,,,,,,,,,,,,,,,,broad,,,,,,,,,,,,,,,,,,,,,,,,,,,,,pirfenidone,,,,,11312093.0,78.0,suspect,,,,,,,
J_values,time_to_onset_case_values.csv,,,,,,,,,,,,,,,,,,,,,broad,,,,,,,,,,,,,,,,,,,,,,,,,,,,,pirfenidone,,,,,11323418.0,45.0,suspect,,,,,,,
J_values,time_to_onset_case_values.csv,,,,,,,,,,,,,,,,,,,,,broad,,,,,,,,,,,,,,,,,,,,,,,,,,,,,pirfenidone,,,,,11335009.0,74.0,suspect,,,,,,,
J_values,time_to_onset_case_values.csv,,,,,,,,,,,,,,,,,,,,,broad,,,,,,,,,,,,,,,,,,,,,,,,,,,,,pirfenidone,,,,,11398169.0,20.0,suspect,,,,,,,
J_values,time_to_onset_case_values.csv,,,,,,,,,,,,,,,,,,,,,broad,,,,,,,,,,,,,,,,,,,,,,,,,,,,,pirfenidone,,,,,11465541.0,0.0,suspect,,,,,,,
J_values,time_to_onset_case_values.csv,,,,,,,,,,,,,,,,,,,,,broad,,,,,,,,,,,,,,,,,,,,,,,,,,,,,pirfenidone,,,,,11499603.0,105.0,suspect,,,,,,,
J_values,time_to_onset_case_values.csv,,,,,,,,,,,,,,,,,,,,,broad,,,,,,,,,,,,,,,,,,,,,,,,,,,,,pirfenidone,,,,,11528957.0,19.0,suspect,,,,,,,
J_values,time_to_onset_case_values.csv,,,,,,,,,,,,,,,,,,,,,broad,,,,,,,,,,,,,,,,,,,,,,,,,,,,,pirfenidone,,,,,11534607.0,7.0,suspect,,,,,,,
J_values,time_to_onset_case_values.csv,,,,,,,,,,,,,,,,,,,,,broad,,,,,,,,,,,,,,,,,,,,,,,,,,,,,pirfenidone,,,,,11566250.0,277.0,suspect,,,,,,,
J_values,time_to_onset_case_values.csv,,,,,,,,,,,,,,,,,,,,,broad,,,,,,,,,,,,,,,,,,,,,,,,,,,,,pirfenidone,,,,,11627622.0,47.0,suspect,,,,,,,
J_values,time_to_onset_case_values.csv,,,,,,,,,,,,,,,,,,,,,broad,,,,,,,,,,,,,,,,,,,,,,,,,,,,,pirfenidone,,,,,11645994.0,209.0,suspect,,,,,,,
J_values,time_to_onset_case_values.csv,,,,,,,,,,,,,,,,,,,,,broad,,,,,,,,,,,,,,,,,,,,,,,,,,,,,pirfenidone,,,,,11646338.0,0.0,suspect,,,,,,,
J_values,time_to_onset_case_values.csv,,,,,,,,,,,,,,,,,,,,,broad,,,,,,,,,,,,,,,,,,,,,,,,,,,,,pirfenidone,,,,,11647801.0,12.0,suspect,,,,,,,
J_values,time_to_onset_case_values.csv,,,,,,,,,,,,,,,,,,,,,broad,,,,,,,,,,,,,,,,,,,,,,,,,,,,,pirfenidone,,,,,11672250.0,14.0,suspect,,,,,,,
J_values,time_to_onset_case_values.csv,,,,,,,,,,,,,,,,,,,,,broad,,,,,,,,,,,,,,,,,,,,,,,,,,,,,pirfenidone,,,,,11741548.0,74.0,suspect,,,,,,,
J_values,time_to_onset_case_values.csv,,,,,,,,,,,,,,,,,,,,,broad,,,,,,,,,,,,,,,,,,,,,,,,,,,,,pirfenidone,,,,,11745137.0,48.0,suspect,,,,,,,
J_values,time_to_onset_case_values.csv,,,,,,,,,,,,,,,,,,,,,broad,,,,,,,,,,,,,,,,,,,,,,,,,,,,,pirfenidone,,,,,11771438.0,201.0,suspect,,,,,,,
J_values,time_to_onset_case_values.csv,,,,,,,,,,,,,,,,,,,,,broad,,,,,,,,,,,,,,,,,,,,,,,,,,,,,pirfenidone,,,,,11809371.0,1.0,suspect,,,,,,,
J_values,time_to_onset_case_values.csv,,,,,,,,,,,,,,,,,,,,,broad,,,,,,,,,,,,,,,,,,,,,,,,,,,,,pirfenidone,,,,,11820243.0,0.0,suspect,,,,,,,
J_values,time_to_onset_case_values.csv,,,,,,,,,,,,,,,,,,,,,broad,,,,,,,,,,,,,,,,,,,,,,,,,,,,,pirfenidone,,,,,11838951.0,35.0,suspect,,,,,,,
J_values,time_to_onset_case_values.csv,,,,,,,,,,,,,,,,,,,,,broad,,,,,,,,,,,,,,,,,,,,,,,,,,,,,pirfenidone,,,,,11843415.0,68.0,suspect,,,,,,,
J_values,time_to_onset_case_values.csv,,,,,,,,,,,,,,,,,,,,,broad,,,,,,,,,,,,,,,,,,,,,,,,,,,,,pirfenidone,,,,,11897719.0,15.0,suspect,,,,,,,
J_values,time_to_onset_case_values.csv,,,,,,,,,,,,,,,,,,,,,broad,,,,,,,,,,,,,,,,,,,,,,,,,,,,,pirfenidone,,,,,11919579.0,15.0,suspect,,,,,,,
J_values,time_to_onset_case_values.csv,,,,,,,,,,,,,,,,,,,,,broad,,,,,,,,,,,,,,,,,,,,,,,,,,,,,pirfenidone,,,,,11933318.0,0.0,suspect,,,,,,,
J_values,time_to_onset_case_values.csv,,,,,,,,,,,,,,,,,,,,,broad,,,,,,,,,,,,,,,,,,,,,,,,,,,,,pirfenidone,,,,,11938387.0,36.0,suspect,,,,,,,
J_values,time_to_onset_case_values.csv,,,,,,,,,,,,,,,,,,,,,broad,,,,,,,,,,,,,,,,,,,,,,,,,,,,,pirfenidone,,,,,11942304.0,202.0,suspect,,,,,,,
J_values,time_to_onset_case_values.csv,,,,,,,,,,,,,,,,,,,,,broad,,,,,,,,,,,,,,,,,,,,,,,,,,,,,pirfenidone,,,,,11965271.0,0.0,suspect,,,,,,,
J_values,time_to_onset_case_values.csv,,,,,,,,,,,,,,,,,,,,,broad,,,,,,,,,,,,,,,,,,,,,,,,,,,,,pirfenidone,,,,,11987702.0,67.0,suspect,,,,,,,
J_values,time_to_onset_case_values.csv,,,,,,,,,,,,,,,,,,,,,broad,,,,,,,,,,,,,,,,,,,,,,,,,,,,,pirfenidone,,,,,12047116.0,15.0,suspect,,,,,,,
J_values,time_to_onset_case_values.csv,,,,,,,,,,,,,,,,,,,,,broad,,,,,,,,,,,,,,,,,,,,,,,,,,,,,pirfenidone,,,,,12197910.0,55.0,suspect,,,,,,,
J_values,time_to_onset_case_values.csv,,,,,,,,,,,,,,,,,,,,,broad,,,,,,,,,,,,,,,,,,,,,,,,,,,,,pirfenidone,,,,,12248873.0,15.0,suspect,,,,,,,
J_values,time_to_onset_case_values.csv,,,,,,,,,,,,,,,,,,,,,broad,,,,,,,,,,,,,,,,,,,,,,,,,,,,,pirfenidone,,,,,12255287.0,6.0,suspect,,,,,,,
J_values,time_to_onset_case_values.csv,,,,,,,,,,,,,,,,,,,,,broad,,,,,,,,,,,,,,,,,,,,,,,,,,,,,pirfenidone,,,,,12255356.0,77.0,suspect,,,,,,,
J_values,time_to_onset_case_values.csv,,,,,,,,,,,,,,,,,,,,,broad,,,,,,,,,,,,,,,,,,,,,,,,,,,,,pirfenidone,,,,,12267394.0,63.0,suspect,,,,,,,
J_values,time_to_onset_case_values.csv,,,,,,,,,,,,,,,,,,,,,broad,,,,,,,,,,,,,,,,,,,,,,,,,,,,,pirfenidone,,,,,12271819.0,34.0,interacting,,,,,,,
J_values,time_to_onset_case_values.csv,,,,,,,,,,,,,,,,,,,,,broad,,,,,,,,,,,,,,,,,,,,,,,,,,,,,pirfenidone,,,,,12276016.0,34.0,suspect,,,,,,,
J_values,time_to_onset_case_values.csv,,,,,,,,,,,,,,,,,,,,,broad,,,,,,,,,,,,,,,,,,,,,,,,,,,,,pirfenidone,,,,,12277149.0,34.0,interacting,,,,,,,
J_values,time_to_onset_case_values.csv,,,,,,,,,,,,,,,,,,,,,broad,,,,,,,,,,,,,,,,,,,,,,,,,,,,,pirfenidone,,,,,12317054.0,34.0,interacting,,,,,,,
J_values,time_to_onset_case_values.csv,,,,,,,,,,,,,,,,,,,,,broad,,,,,,,,,,,,,,,,,,,,,,,,,,,,,pirfenidone,,,,,12319941.0,16.0,suspect,,,,,,,
J_values,time_to_onset_case_values.csv,,,,,,,,,,,,,,,,,,,,,broad,,,,,,,,,,,,,,,,,,,,,,,,,,,,,pirfenidone,,,,,12320074.0,54.0,suspect,,,,,,,
J_values,time_to_onset_case_values.csv,,,,,,,,,,,,,,,,,,,,,broad,,,,,,,,,,,,,,,,,,,,,,,,,,,,,pirfenidone,,,,,12330129.0,43.0,suspect,,,,,,,
J_values,time_to_onset_case_values.csv,,,,,,,,,,,,,,,,,,,,,broad,,,,,,,,,,,,,,,,,,,,,,,,,,,,,pirfenidone,,,,,12332146.0,98.0,suspect,,,,,,,
J_values,time_to_onset_case_values.csv,,,,,,,,,,,,,,,,,,,,,broad,,,,,,,,,,,,,,,,,,,,,,,,,,,,,pirfenidone,,,,,12332386.0,11.0,suspect,,,,,,,
J_values,time_to_onset_case_values.csv,,,,,,,,,,,,,,,,,,,,,broad,,,,,,,,,,,,,,,,,,,,,,,,,,,,,pirfenidone,,,,,12332619.0,0.0,suspect,,,,,,,
J_values,time_to_onset_case_values.csv,,,,,,,,,,,,,,,,,,,,,broad,,,,,,,,,,,,,,,,,,,,,,,,,,,,,pirfenidone,,,,,12410186.0,42.0,suspect,,,,,,,
J_values,time_to_onset_case_values.csv,,,,,,,,,,,,,,,,,,,,,broad,,,,,,,,,,,,,,,,,,,,,,,,,,,,,pirfenidone,,,,,12427423.0,25.0,suspect,,,,,,,
J_values,time_to_onset_case_values.csv,,,,,,,,,,,,,,,,,,,,,broad,,,,,,,,,,,,,,,,,,,,,,,,,,,,,pirfenidone,,,,,12494574.0,63.0,suspect,,,,,,,
J_values,time_to_onset_case_values.csv,,,,,,,,,,,,,,,,,,,,,broad,,,,,,,,,,,,,,,,,,,,,,,,,,,,,pirfenidone,,,,,12547727.0,31.0,suspect,,,,,,,
J_values,time_to_onset_case_values.csv,,,,,,,,,,,,,,,,,,,,,broad,,,,,,,,,,,,,,,,,,,,,,,,,,,,,pirfenidone,,,,,12565004.0,47.0,suspect,,,,,,,
J_values,time_to_onset_case_values.csv,,,,,,,,,,,,,,,,,,,,,broad,,,,,,,,,,,,,,,,,,,,,,,,,,,,,pirfenidone,,,,,12595813.0,14.0,suspect,,,,,,,
J_values,time_to_onset_case_values.csv,,,,,,,,,,,,,,,,,,,,,broad,,,,,,,,,,,,,,,,,,,,,,,,,,,,,pirfenidone,,,,,12612847.0,33.0,suspect,,,,,,,
J_values,time_to_onset_case_values.csv,,,,,,,,,,,,,,,,,,,,,broad,,,,,,,,,,,,,,,,,,,,,,,,,,,,,pirfenidone,,,,,12658560.0,39.0,suspect,,,,,,,
J_values,time_to_onset_case_values.csv,,,,,,,,,,,,,,,,,,,,,broad,,,,,,,,,,,,,,,,,,,,,,,,,,,,,pirfenidone,,,,,12715394.0,66.0,suspect,,,,,,,
J_values,time_to_onset_case_values.csv,,,,,,,,,,,,,,,,,,,,,broad,,,,,,,,,,,,,,,,,,,,,,,,,,,,,pirfenidone,,,,,12770367.0,72.0,suspect,,,,,,,
J_values,time_to_onset_case_values.csv,,,,,,,,,,,,,,,,,,,,,broad,,,,,,,,,,,,,,,,,,,,,,,,,,,,,pirfenidone,,,,,12821520.0,3.0,suspect,,,,,,,
J_values,time_to_onset_case_values.csv,,,,,,,,,,,,,,,,,,,,,broad,,,,,,,,,,,,,,,,,,,,,,,,,,,,,pirfenidone,,,,,12849463.0,56.0,suspect,,,,,,,
J_values,time_to_onset_case_values.csv,,,,,,,,,,,,,,,,,,,,,broad,,,,,,,,,,,,,,,,,,,,,,,,,,,,,pirfenidone,,,,,12849543.0,37.0,suspect,,,,,,,
J_values,time_to_onset_case_values.csv,,,,,,,,,,,,,,,,,,,,,broad,,,,,,,,,,,,,,,,,,,,,,,,,,,,,pirfenidone,,,,,12849552.0,18.0,suspect,,,,,,,
J_values,time_to_onset_case_values.csv,,,,,,,,,,,,,,,,,,,,,broad,,,,,,,,,,,,,,,,,,,,,,,,,,,,,pirfenidone,,,,,12909204.0,217.0,suspect,,,,,,,
J_values,time_to_onset_case_values.csv,,,,,,,,,,,,,,,,,,,,,broad,,,,,,,,,,,,,,,,,,,,,,,,,,,,,pirfenidone,,,,,13060852.0,54.0,suspect,,,,,,,
J_values,time_to_onset_case_values.csv,,,,,,,,,,,,,,,,,,,,,broad,,,,,,,,,,,,,,,,,,,,,,,,,,,,,pirfenidone,,,,,13143731.0,84.0,suspect,,,,,,,
J_values,time_to_onset_case_values.csv,,,,,,,,,,,,,,,,,,,,,broad,,,,,,,,,,,,,,,,,,,,,,,,,,,,,pirfenidone,,,,,13357057.0,268.0,suspect,,,,,,,
J_values,time_to_onset_case_values.csv,,,,,,,,,,,,,,,,,,,,,broad,,,,,,,,,,,,,,,,,,,,,,,,,,,,,pirfenidone,,,,,13501385.0,78.0,suspect,,,,,,,
J_values,time_to_onset_case_values.csv,,,,,,,,,,,,,,,,,,,,,broad,,,,,,,,,,,,,,,,,,,,,,,,,,,,,pirfenidone,,,,,13601227.0,64.0,suspect,,,,,,,
J_values,time_to_onset_case_values.csv,,,,,,,,,,,,,,,,,,,,,broad,,,,,,,,,,,,,,,,,,,,,,,,,,,,,pirfenidone,,,,,13754988.0,56.0,suspect,,,,,,,
J_values,time_to_onset_case_values.csv,,,,,,,,,,,,,,,,,,,,,broad,,,,,,,,,,,,,,,,,,,,,,,,,,,,,pirfenidone,,,,,14032081.0,104.0,suspect,,,,,,,
J_values,time_to_onset_case_values.csv,,,,,,,,,,,,,,,,,,,,,broad,,,,,,,,,,,,,,,,,,,,,,,,,,,,,pirfenidone,,,,,14077902.0,49.0,suspect,,,,,,,
J_values,time_to_onset_case_values.csv,,,,,,,,,,,,,,,,,,,,,broad,,,,,,,,,,,,,,,,,,,,,,,,,,,,,pirfenidone,,,,,14323586.0,49.0,suspect,,,,,,,
J_values,time_to_onset_case_values.csv,,,,,,,,,,,,,,,,,,,,,broad,,,,,,,,,,,,,,,,,,,,,,,,,,,,,pirfenidone,,,,,14525448.0,43.0,suspect,,,,,,,
J_values,time_to_onset_case_values.csv,,,,,,,,,,,,,,,,,,,,,broad,,,,,,,,,,,,,,,,,,,,,,,,,,,,,pirfenidone,,,,,14533152.0,43.0,suspect,,,,,,,
J_values,time_to_onset_case_values.csv,,,,,,,,,,,,,,,,,,,,,broad,,,,,,,,,,,,,,,,,,,,,,,,,,,,,pirfenidone,,,,,14540062.0,43.0,suspect,,,,,,,
J_values,time_to_onset_case_values.csv,,,,,,,,,,,,,,,,,,,,,broad,,,,,,,,,,,,,,,,,,,,,,,,,,,,,pirfenidone,,,,,14545786.0,74.0,suspect,,,,,,,
J_values,time_to_onset_case_values.csv,,,,,,,,,,,,,,,,,,,,,broad,,,,,,,,,,,,,,,,,,,,,,,,,,,,,pirfenidone,,,,,14583709.0,43.0,suspect,,,,,,,
J_values,time_to_onset_case_values.csv,,,,,,,,,,,,,,,,,,,,,broad,,,,,,,,,,,,,,,,,,,,,,,,,,,,,pirfenidone,,,,,14598060.0,10.0,suspect,,,,,,,
J_values,time_to_onset_case_values.csv,,,,,,,,,,,,,,,,,,,,,broad,,,,,,,,,,,,,,,,,,,,,,,,,,,,,pirfenidone,,,,,14682573.0,57.0,suspect,,,,,,,
J_values,time_to_onset_case_values.csv,,,,,,,,,,,,,,,,,,,,,broad,,,,,,,,,,,,,,,,,,,,,,,,,,,,,pirfenidone,,,,,14698841.0,66.0,suspect,,,,,,,
J_values,time_to_onset_case_values.csv,,,,,,,,,,,,,,,,,,,,,broad,,,,,,,,,,,,,,,,,,,,,,,,,,,,,pirfenidone,,,,,14715644.0,33.0,suspect,,,,,,,
J_values,time_to_onset_case_values.csv,,,,,,,,,,,,,,,,,,,,,broad,,,,,,,,,,,,,,,,,,,,,,,,,,,,,pirfenidone,,,,,14854866.0,29.0,suspect,,,,,,,
J_values,time_to_onset_case_values.csv,,,,,,,,,,,,,,,,,,,,,broad,,,,,,,,,,,,,,,,,,,,,,,,,,,,,pirfenidone,,,,,14855604.0,161.0,suspect,,,,,,,
J_values,time_to_onset_case_values.csv,,,,,,,,,,,,,,,,,,,,,broad,,,,,,,,,,,,,,,,,,,,,,,,,,,,,pirfenidone,,,,,14855657.0,14.0,suspect,,,,,,,
J_values,time_to_onset_case_values.csv,,,,,,,,,,,,,,,,,,,,,broad,,,,,,,,,,,,,,,,,,,,,,,,,,,,,pirfenidone,,,,,14856590.0,57.0,suspect,,,,,,,
J_values,time_to_onset_case_values.csv,,,,,,,,,,,,,,,,,,,,,broad,,,,,,,,,,,,,,,,,,,,,,,,,,,,,pirfenidone,,,,,14878445.0,52.0,suspect,,,,,,,
J_values,time_to_onset_case_values.csv,,,,,,,,,,,,,,,,,,,,,broad,,,,,,,,,,,,,,,,,,,,,,,,,,,,,pirfenidone,,,,,14928237.0,102.0,suspect,,,,,,,
J_values,time_to_onset_case_values.csv,,,,,,,,,,,,,,,,,,,,,broad,,,,,,,,,,,,,,,,,,,,,,,,,,,,,pirfenidone,,,,,15048084.0,108.0,suspect,,,,,,,
J_values,time_to_onset_case_values.csv,,,,,,,,,,,,,,,,,,,,,broad,,,,,,,,,,,,,,,,,,,,,,,,,,,,,pirfenidone,,,,,15090316.0,102.0,suspect,,,,,,,
J_values,time_to_onset_case_values.csv,,,,,,,,,,,,,,,,,,,,,broad,,,,,,,,,,,,,,,,,,,,,,,,,,,,,pirfenidone,,,,,15258314.0,26.0,suspect,,,,,,,
J_values,time_to_onset_case_values.csv,,,,,,,,,,,,,,,,,,,,,broad,,,,,,,,,,,,,,,,,,,,,,,,,,,,,pirfenidone,,,,,15481845.0,20.0,suspect,,,,,,,
J_values,time_to_onset_case_values.csv,,,,,,,,,,,,,,,,,,,,,broad,,,,,,,,,,,,,,,,,,,,,,,,,,,,,pirfenidone,,,,,15591779.0,256.0,suspect,,,,,,,
J_values,time_to_onset_case_values.csv,,,,,,,,,,,,,,,,,,,,,broad,,,,,,,,,,,,,,,,,,,,,,,,,,,,,pirfenidone,,,,,15693864.0,41.0,suspect,,,,,,,
J_values,time_to_onset_case_values.csv,,,,,,,,,,,,,,,,,,,,,broad,,,,,,,,,,,,,,,,,,,,,,,,,,,,,pirfenidone,,,,,15703706.0,16.0,suspect,,,,,,,
J_values,time_to_onset_case_values.csv,,,,,,,,,,,,,,,,,,,,,broad,,,,,,,,,,,,,,,,,,,,,,,,,,,,,pirfenidone,,,,,15763819.0,289.0,suspect,,,,,,,
J_values,time_to_onset_case_values.csv,,,,,,,,,,,,,,,,,,,,,broad,,,,,,,,,,,,,,,,,,,,,,,,,,,,,pirfenidone,,,,,15771030.0,36.0,suspect,,,,,,,
J_values,time_to_onset_case_values.csv,,,,,,,,,,,,,,,,,,,,,broad,,,,,,,,,,,,,,,,,,,,,,,,,,,,,pirfenidone,,,,,16028653.0,0.0,suspect,,,,,,,
J_values,time_to_onset_case_values.csv,,,,,,,,,,,,,,,,,,,,,broad,,,,,,,,,,,,,,,,,,,,,,,,,,,,,pirfenidone,,,,,16137938.0,158.0,suspect,,,,,,,
J_values,time_to_onset_case_values.csv,,,,,,,,,,,,,,,,,,,,,broad,,,,,,,,,,,,,,,,,,,,,,,,,,,,,pirfenidone,,,,,16294651.0,55.0,suspect,,,,,,,
J_values,time_to_onset_case_values.csv,,,,,,,,,,,,,,,,,,,,,broad,,,,,,,,,,,,,,,,,,,,,,,,,,,,,pirfenidone,,,,,16424414.0,0.0,suspect,,,,,,,
J_values,time_to_onset_case_values.csv,,,,,,,,,,,,,,,,,,,,,broad,,,,,,,,,,,,,,,,,,,,,,,,,,,,,pirfenidone,,,,,17082221.0,7.0,suspect,,,,,,,
J_values,time_to_onset_case_values.csv,,,,,,,,,,,,,,,,,,,,,broad,,,,,,,,,,,,,,,,,,,,,,,,,,,,,pirfenidone,,,,,17395960.0,176.0,suspect,,,,,,,
J_values,time_to_onset_case_values.csv,,,,,,,,,,,,,,,,,,,,,broad,,,,,,,,,,,,,,,,,,,,,,,,,,,,,pirfenidone,,,,,17435800.0,96.0,suspect,,,,,,,
J_values,time_to_onset_case_values.csv,,,,,,,,,,,,,,,,,,,,,broad,,,,,,,,,,,,,,,,,,,,,,,,,,,,,pirfenidone,,,,,17438971.0,96.0,suspect,,,,,,,
J_values,time_to_onset_case_values.csv,,,,,,,,,,,,,,,,,,,,,broad,,,,,,,,,,,,,,,,,,,,,,,,,,,,,pirfenidone,,,,,17447870.0,96.0,suspect,,,,,,,
J_values,time_to_onset_case_values.csv,,,,,,,,,,,,,,,,,,,,,broad,,,,,,,,,,,,,,,,,,,,,,,,,,,,,pirfenidone,,,,,17454971.0,96.0,suspect,,,,,,,
J_values,time_to_onset_case_values.csv,,,,,,,,,,,,,,,,,,,,,broad,,,,,,,,,,,,,,,,,,,,,,,,,,,,,pirfenidone,,,,,17456838.0,0.0,suspect,,,,,,,
J_values,time_to_onset_case_values.csv,,,,,,,,,,,,,,,,,,,,,broad,,,,,,,,,,,,,,,,,,,,,,,,,,,,,pirfenidone,,,,,17467790.0,96.0,suspect,,,,,,,
J_values,time_to_onset_case_values.csv,,,,,,,,,,,,,,,,,,,,,broad,,,,,,,,,,,,,,,,,,,,,,,,,,,,,pirfenidone,,,,,17471667.0,96.0,suspect,,,,,,,
J_values,time_to_onset_case_values.csv,,,,,,,,,,,,,,,,,,,,,broad,,,,,,,,,,,,,,,,,,,,,,,,,,,,,pirfenidone,,,,,17474677.0,96.0,suspect,,,,,,,
J_values,time_to_onset_case_values.csv,,,,,,,,,,,,,,,,,,,,,broad,,,,,,,,,,,,,,,,,,,,,,,,,,,,,pirfenidone,,,,,17486878.0,96.0,suspect,,,,,,,
J_values,time_to_onset_case_values.csv,,,,,,,,,,,,,,,,,,,,,broad,,,,,,,,,,,,,,,,,,,,,,,,,,,,,pirfenidone,,,,,17500481.0,96.0,suspect,,,,,,,
J_values,time_to_onset_case_values.csv,,,,,,,,,,,,,,,,,,,,,broad,,,,,,,,,,,,,,,,,,,,,,,,,,,,,pirfenidone,,,,,17534374.0,96.0,suspect,,,,,,,
J_values,time_to_onset_case_values.csv,,,,,,,,,,,,,,,,,,,,,broad,,,,,,,,,,,,,,,,,,,,,,,,,,,,,pirfenidone,,,,,17666135.0,86.0,suspect,,,,,,,
J_values,time_to_onset_case_values.csv,,,,,,,,,,,,,,,,,,,,,broad,,,,,,,,,,,,,,,,,,,,,,,,,,,,,pirfenidone,,,,,17679003.0,30.0,suspect,,,,,,,
J_values,time_to_onset_case_values.csv,,,,,,,,,,,,,,,,,,,,,broad,,,,,,,,,,,,,,,,,,,,,,,,,,,,,pirfenidone,,,,,17753239.0,96.0,suspect,,,,,,,
J_values,time_to_onset_case_values.csv,,,,,,,,,,,,,,,,,,,,,broad,,,,,,,,,,,,,,,,,,,,,,,,,,,,,pirfenidone,,,,,17753406.0,72.0,suspect,,,,,,,
J_values,time_to_onset_case_values.csv,,,,,,,,,,,,,,,,,,,,,broad,,,,,,,,,,,,,,,,,,,,,,,,,,,,,pirfenidone,,,,,17818423.0,42.0,suspect,,,,,,,
J_values,time_to_onset_case_values.csv,,,,,,,,,,,,,,,,,,,,,broad,,,,,,,,,,,,,,,,,,,,,,,,,,,,,pirfenidone,,,,,17870239.0,176.0,suspect,,,,,,,
J_values,time_to_onset_case_values.csv,,,,,,,,,,,,,,,,,,,,,broad,,,,,,,,,,,,,,,,,,,,,,,,,,,,,pirfenidone,,,,,17879450.0,308.0,suspect,,,,,,,
J_values,time_to_onset_case_values.csv,,,,,,,,,,,,,,,,,,,,,broad,,,,,,,,,,,,,,,,,,,,,,,,,,,,,pirfenidone,,,,,18272182.0,43.0,suspect,,,,,,,
J_values,time_to_onset_case_values.csv,,,,,,,,,,,,,,,,,,,,,broad,,,,,,,,,,,,,,,,,,,,,,,,,,,,,pirfenidone,,,,,18690819.0,35.0,suspect,,,,,,,
J_values,time_to_onset_case_values.csv,,,,,,,,,,,,,,,,,,,,,broad,,,,,,,,,,,,,,,,,,,,,,,,,,,,,pirfenidone,,,,,18740593.0,34.0,suspect,,,,,,,
J_values,time_to_onset_case_values.csv,,,,,,,,,,,,,,,,,,,,,broad,,,,,,,,,,,,,,,,,,,,,,,,,,,,,pirfenidone,,,,,18918489.0,68.0,suspect,,,,,,,
J_values,time_to_onset_case_values.csv,,,,,,,,,,,,,,,,,,,,,broad,,,,,,,,,,,,,,,,,,,,,,,,,,,,,pirfenidone,,,,,18918773.0,30.0,suspect,,,,,,,
J_values,time_to_onset_case_values.csv,,,,,,,,,,,,,,,,,,,,,broad,,,,,,,,,,,,,,,,,,,,,,,,,,,,,pirfenidone,,,,,18990278.0,0.0,suspect,,,,,,,
J_values,time_to_onset_case_values.csv,,,,,,,,,,,,,,,,,,,,,broad,,,,,,,,,,,,,,,,,,,,,,,,,,,,,pirfenidone,,,,,19011862.0,0.0,suspect,,,,,,,
J_values,time_to_onset_case_values.csv,,,,,,,,,,,,,,,,,,,,,broad,,,,,,,,,,,,,,,,,,,,,,,,,,,,,pirfenidone,,,,,19219319.0,60.0,suspect,,,,,,,
J_values,time_to_onset_case_values.csv,,,,,,,,,,,,,,,,,,,,,broad,,,,,,,,,,,,,,,,,,,,,,,,,,,,,pirfenidone,,,,,19224649.0,86.0,suspect,,,,,,,
J_values,time_to_onset_case_values.csv,,,,,,,,,,,,,,,,,,,,,broad,,,,,,,,,,,,,,,,,,,,,,,,,,,,,pirfenidone,,,,,19224692.0,0.0,suspect,,,,,,,
J_values,time_to_onset_case_values.csv,,,,,,,,,,,,,,,,,,,,,broad,,,,,,,,,,,,,,,,,,,,,,,,,,,,,pirfenidone,,,,,19226505.0,24.0,suspect,,,,,,,
J_values,time_to_onset_case_values.csv,,,,,,,,,,,,,,,,,,,,,broad,,,,,,,,,,,,,,,,,,,,,,,,,,,,,pirfenidone,,,,,19226556.0,49.0,suspect,,,,,,,
J_values,time_to_onset_case_values.csv,,,,,,,,,,,,,,,,,,,,,broad,,,,,,,,,,,,,,,,,,,,,,,,,,,,,pirfenidone,,,,,19226619.0,261.0,suspect,,,,,,,
J_values,time_to_onset_case_values.csv,,,,,,,,,,,,,,,,,,,,,broad,,,,,,,,,,,,,,,,,,,,,,,,,,,,,pirfenidone,,,,,19226877.0,69.0,suspect,,,,,,,
J_values,time_to_onset_case_values.csv,,,,,,,,,,,,,,,,,,,,,broad,,,,,,,,,,,,,,,,,,,,,,,,,,,,,pirfenidone,,,,,19227540.0,225.0,suspect,,,,,,,
J_values,time_to_onset_case_values.csv,,,,,,,,,,,,,,,,,,,,,broad,,,,,,,,,,,,,,,,,,,,,,,,,,,,,pirfenidone,,,,,19405452.0,30.0,suspect,,,,,,,
J_values,time_to_onset_case_values.csv,,,,,,,,,,,,,,,,,,,,,broad,,,,,,,,,,,,,,,,,,,,,,,,,,,,,pirfenidone,,,,,19574547.0,2.0,suspect,,,,,,,
J_values,time_to_onset_case_values.csv,,,,,,,,,,,,,,,,,,,,,broad,,,,,,,,,,,,,,,,,,,,,,,,,,,,,pirfenidone,,,,,19724769.0,0.0,suspect,,,,,,,
J_values,time_to_onset_case_values.csv,,,,,,,,,,,,,,,,,,,,,broad,,,,,,,,,,,,,,,,,,,,,,,,,,,,,pirfenidone,,,,,20028563.0,151.0,suspect,,,,,,,
J_values,time_to_onset_case_values.csv,,,,,,,,,,,,,,,,,,,,,broad,,,,,,,,,,,,,,,,,,,,,,,,,,,,,pirfenidone,,,,,20130638.0,22.0,suspect,,,,,,,
J_values,time_to_onset_case_values.csv,,,,,,,,,,,,,,,,,,,,,broad,,,,,,,,,,,,,,,,,,,,,,,,,,,,,pirfenidone,,,,,20144502.0,129.0,suspect,,,,,,,
J_values,time_to_onset_case_values.csv,,,,,,,,,,,,,,,,,,,,,broad,,,,,,,,,,,,,,,,,,,,,,,,,,,,,pirfenidone,,,,,20500140.0,163.0,suspect,,,,,,,
J_values,time_to_onset_case_values.csv,,,,,,,,,,,,,,,,,,,,,broad,,,,,,,,,,,,,,,,,,,,,,,,,,,,,pirfenidone,,,,,20649174.0,340.0,concomitant,,,,,,,
J_values,time_to_onset_case_values.csv,,,,,,,,,,,,,,,,,,,,,broad,,,,,,,,,,,,,,,,,,,,,,,,,,,,,pirfenidone,,,,,20705586.0,61.0,suspect,,,,,,,
J_values,time_to_onset_case_values.csv,,,,,,,,,,,,,,,,,,,,,broad,,,,,,,,,,,,,,,,,,,,,,,,,,,,,pirfenidone,,,,,20753004.0,136.0,suspect,,,,,,,
J_values,time_to_onset_case_values.csv,,,,,,,,,,,,,,,,,,,,,broad,,,,,,,,,,,,,,,,,,,,,,,,,,,,,pirfenidone,,,,,20753254.0,15.0,suspect,,,,,,,
J_values,time_to_onset_case_values.csv,,,,,,,,,,,,,,,,,,,,,broad,,,,,,,,,,,,,,,,,,,,,,,,,,,,,pirfenidone,,,,,20847886.0,123.0,suspect,,,,,,,
J_values,time_to_onset_case_values.csv,,,,,,,,,,,,,,,,,,,,,broad,,,,,,,,,,,,,,,,,,,,,,,,,,,,,pirfenidone,,,,,21769802.0,42.0,suspect,,,,,,,
J_values,time_to_onset_case_values.csv,,,,,,,,,,,,,,,,,,,,,broad,,,,,,,,,,,,,,,,,,,,,,,,,,,,,pirfenidone,,,,,22020777.0,42.0,suspect,,,,,,,
J_values,time_to_onset_case_values.csv,,,,,,,,,,,,,,,,,,,,,broad,,,,,,,,,,,,,,,,,,,,,,,,,,,,,pirfenidone,,,,,22031846.0,193.0,suspect,,,,,,,
J_values,time_to_onset_case_values.csv,,,,,,,,,,,,,,,,,,,,,broad,,,,,,,,,,,,,,,,,,,,,,,,,,,,,pirfenidone,,,,,22034209.0,208.0,suspect,,,,,,,
J_values,time_to_onset_case_values.csv,,,,,,,,,,,,,,,,,,,,,broad,,,,,,,,,,,,,,,,,,,,,,,,,,,,,pirfenidone,,,,,22233893.0,195.0,suspect,,,,,,,
J_values,time_to_onset_case_values.csv,,,,,,,,,,,,,,,,,,,,,broad,,,,,,,,,,,,,,,,,,,,,,,,,,,,,pirfenidone,,,,,22234449.0,32.0,suspect,,,,,,,
J_values,time_to_onset_case_values.csv,,,,,,,,,,,,,,,,,,,,,broad,,,,,,,,,,,,,,,,,,,,,,,,,,,,,pirfenidone,,,,,22247121.0,40.0,suspect,,,,,,,
J_values,time_to_onset_case_values.csv,,,,,,,,,,,,,,,,,,,,,broad,,,,,,,,,,,,,,,,,,,,,,,,,,,,,pirfenidone,,,,,23350429.0,126.0,suspect,,,,,,,
J_values,time_to_onset_case_values.csv,,,,,,,,,,,,,,,,,,,,,broad,,,,,,,,,,,,,,,,,,,,,,,,,,,,,pirfenidone,,,,,23446724.0,66.0,suspect,,,,,,,
J_values,time_to_onset_case_values.csv,,,,,,,,,,,,,,,,,,,,,broad,,,,,,,,,,,,,,,,,,,,,,,,,,,,,pirfenidone,,,,,23776094.0,170.0,suspect,,,,,,,
J_values,time_to_onset_case_values.csv,,,,,,,,,,,,,,,,,,,,,broad,,,,,,,,,,,,,,,,,,,,,,,,,,,,,pirfenidone,,,,,23784273.0,31.0,suspect,,,,,,,
J_values,time_to_onset_case_values.csv,,,,,,,,,,,,,,,,,,,,,broad,,,,,,,,,,,,,,,,,,,,,,,,,,,,,pirfenidone,,,,,24659601.0,56.0,suspect,,,,,,,
J_values,time_to_onset_case_values.csv,,,,,,,,,,,,,,,,,,,,,broad,,,,,,,,,,,,,,,,,,,,,,,,,,,,,pirfenidone,,,,,24914478.0,65.0,suspect,,,,,,,
J_values,time_to_onset_case_values.csv,,,,,,,,,,,,,,,,,,,,,broad,,,,,,,,,,,,,,,,,,,,,,,,,,,,,pirfenidone,,,,,24950659.0,65.0,suspect,,,,,,,
J_values,time_to_onset_case_values.csv,,,,,,,,,,,,,,,,,,,,,broad,,,,,,,,,,,,,,,,,,,,,,,,,,,,,pirfenidone,,,,,24997699.0,65.0,suspect,,,,,,,
J_values,time_to_onset_case_values.csv,,,,,,,,,,,,,,,,,,,,,broad,,,,,,,,,,,,,,,,,,,,,,,,,,,,,pirfenidone,,,,,25238331.0,205.0,suspect,,,,,,,
J_values,time_to_onset_case_values.csv,,,,,,,,,,,,,,,,,,,,,broad,,,,,,,,,,,,,,,,,,,,,,,,,,,,,pirfenidone,,,,,25263088.0,41.0,suspect,,,,,,,
J_values,time_to_onset_case_values.csv,,,,,,,,,,,,,,,,,,,,,broad,,,,,,,,,,,,,,,,,,,,,,,,,,,,,pirfenidone,,,,,25418770.0,14.0,suspect,,,,,,,
J_values,time_to_onset_case_values.csv,,,,,,,,,,,,,,,,,,,,,broad,,,,,,,,,,,,,,,,,,,,,,,,,,,,,pirfenidone,,,,,25900510.0,32.0,suspect,,,,,,,
J_values,time_to_onset_case_values.csv,,,,,,,,,,,,,,,,,,,,,broad,,,,,,,,,,,,,,,,,,,,,,,,,,,,,pirfenidone,,,,,26878092.0,246.0,suspect,,,,,,,
J_summary,time_to_onset_summary.csv,,,,,,,,,,,,,,,,,,,,,narrow,,,,,,,,,,,,,,,,,,,,,,,,,,,,,nintedanib,,,340.0,,,,,94.0,27.647058823529413,15.0,5.0,58.75,0.6927419278824112,35.949892357296804
J_summary,time_to_onset_summary.csv,,,,,,,,,,,,,,,,,,,,,narrow,,,,,,,,,,,,,,,,,,,,,,,,,,,,,pirfenidone,,,112.0,,,,,34.0,30.357142857142858,65.0,42.25,128.25,1.2478719595133898,105.75030663633147
J_summary,time_to_onset_summary.csv,,,,,,,,,,,,,,,,,,,,,broad,,,,,,,,,,,,,,,,,,,,,,,,,,,,,nintedanib,,,1773.0,,,,,600.0,33.840947546531304,17.5,4.0,58.25,0.6507308795633967,34.024465307018495
J_summary,time_to_onset_summary.csv,,,,,,,,,,,,,,,,,,,,,broad,,,,,,,,,,,,,,,,,,,,,,,,,,,,,pirfenidone,,,717.0,,,,,180.0,25.10460251046025,50.5,30.0,96.0,0.9564207172956704,73.65912105651688
