compound,gene_symbol,activity_id,molecule_chembl_id,parent_molecule_chembl_id,target_chembl_id,target_organism,target_tax_id,standard_type,standard_relation,standard_value,standard_units,pchembl_value,standard_text_value,activity_comment,assay_chembl_id,assay_description,assay_type,assay_variant_accession,assay_variant_mutation,bao_format,bao_label,data_validity_comment,potential_duplicate,document_chembl_id,document_year,wild_type_status,target_species_provenance,interpreted_assay_context,assay_format_note,source_type,document_title,document_doi,document_pubmed_id,document_primary_status,eligible_exact_human_mapped_nonvariant,eligible_biochemical_exact_human_mapped_nonvariant,eligible_explicit_human_sensitivity,disposition,activity_url,document_url
nintedanib,PDGFRA,2298755,CHEMBL502835,CHEMBL502835,CHEMBL2007,Homo sapiens,9606,IC50,=,18.0,nM,7.75,,,CHEMBL1017193,Inhibition of human PDGFRalpha,B,,,BAO_0000357,single protein format,,0,CHEMBL1137777,2009,no_variant_described_not_proven_wild_type,explicit_human_in_description,biochemical,,PUBLICATION,"Design, synthesis, and evaluation of indolinones as triple angiokinase inhibitors and the discovery of a highly specific 6-methoxycarbonyl-substituted indolinone (BIBF 1120).",10.1021/jm900431g,19522465,publication_primary_status_not_fully_manually_reviewed,True,True,True,eligible,https://www.ebi.ac.uk/chembl/api/data/activity/2298755.json,https://doi.org/10.1021/jm900431g
nintedanib,FLT4,2298791,CHEMBL502835,CHEMBL502835,CHEMBL1955,Homo sapiens,9606,IC50,=,5.0,nM,8.30,,,CHEMBL1017195,Inhibition of human VEGFR3,B,,,BAO_0000357,single protein format,,0,CHEMBL1137777,2009,no_variant_described_not_proven_wild_type,explicit_human_in_description,biochemical,,PUBLICATION,"Design, synthesis, and evaluation of indolinones as triple angiokinase inhibitors and the discovery of a highly specific 6-methoxycarbonyl-substituted indolinone (BIBF 1120).",10.1021/jm900431g,19522465,publication_primary_status_not_fully_manually_reviewed,True,True,True,eligible,https://www.ebi.ac.uk/chembl/api/data/activity/2298791.json,https://doi.org/10.1021/jm900431g
nintedanib,FLT4,3441498,CHEMBL502835,CHEMBL502835,CHEMBL1955,Homo sapiens,9606,IC50,=,13.0,nM,7.89,,,CHEMBL1244081,Inhibition of human VEGFR3,B,,,BAO_0000357,single protein format,,0,CHEMBL1240338,2008,no_variant_described_not_proven_wild_type,explicit_human_in_description,biochemical,,PUBLICATION,BIBF 1120: triple angiokinase inhibitor with sustained receptor blockade and good antitumor efficacy.,10.1158/0008-5472.can-07-6307,18559524,publication_primary_status_not_fully_manually_reviewed,True,True,True,eligible,https://www.ebi.ac.uk/chembl/api/data/activity/3441498.json,https://doi.org/10.1158/0008-5472.can-07-6307
nintedanib,PDGFRA,3441503,CHEMBL502835,CHEMBL502835,CHEMBL2007,Homo sapiens,9606,IC50,=,59.0,nM,7.23,,,CHEMBL1244086,Inhibition of human PDGFRalpha,B,,,BAO_0000357,single protein format,,0,CHEMBL1240338,2008,no_variant_described_not_proven_wild_type,explicit_human_in_description,biochemical,,PUBLICATION,BIBF 1120: triple angiokinase inhibitor with sustained receptor blockade and good antitumor efficacy.,10.1158/0008-5472.can-07-6307,18559524,publication_primary_status_not_fully_manually_reviewed,True,True,True,eligible,https://www.ebi.ac.uk/chembl/api/data/activity/3441503.json,https://doi.org/10.1158/0008-5472.can-07-6307
nintedanib,FLT4,7573179,CHEMBL502835,CHEMBL502835,CHEMBL1955,Homo sapiens,9606,Kd,=,95.0,nM,7.02,,,CHEMBL1908551,Binding constant for FLT4 kinase domain,B,,,BAO_0000357,single protein format,,0,CHEMBL1908390,2011,no_variant_described_not_proven_wild_type,ChEMBL_human_target_mapping_only,biochemical,,PUBLICATION,Comprehensive analysis of kinase inhibitor selectivity.,10.1038/nbt.1990,22037378,verified_primary_publication,True,True,False,eligible,https://www.ebi.ac.uk/chembl/api/data/activity/7573179.json,https://doi.org/10.1038/nbt.1990
nintedanib,PDGFRA,7574898,CHEMBL502835,CHEMBL502835,CHEMBL2007,Homo sapiens,9606,Kd,=,16.0,nM,7.80,,,CHEMBL1908731,Binding constant for PDGFRA kinase domain,B,,,BAO_0000357,single protein format,,0,CHEMBL1908390,2011,no_variant_described_not_proven_wild_type,ChEMBL_human_target_mapping_only,biochemical,,PUBLICATION,Comprehensive analysis of kinase inhibitor selectivity.,10.1038/nbt.1990,22037378,verified_primary_publication,True,True,False,eligible,https://www.ebi.ac.uk/chembl/api/data/activity/7574898.json,https://doi.org/10.1038/nbt.1990
nintedanib,PDGFRA,13392451,CHEMBL502835,CHEMBL502835,CHEMBL2007,Homo sapiens,9606,IC50,=,4.0,nM,8.40,,,CHEMBL2411326,"Inhibition of PDGFRalpha (unknown origin) using poly (Glu, Tyr)4:1 as substrate by ELISA",B,,,BAO_0000357,single protein format,,0,CHEMBL2407039,2013,no_variant_described_not_proven_wild_type,unknown_origin_in_description,biochemical,,PUBLICATION,Naphthalimides exhibit in vitro antiproliferative and antiangiogenic activities by inhibiting both topoisomerase II (topo II) and receptor tyrosine kinases (RTKs).,10.1016/j.ejmech.2013.05.002,23770449,publication_primary_status_not_fully_manually_reviewed,True,True,False,eligible,https://www.ebi.ac.uk/chembl/api/data/activity/13392451.json,https://doi.org/10.1016/j.ejmech.2013.05.002
nintedanib,FLT4,17957988,CHEMBL502835,CHEMBL502835,CHEMBL1955,Homo sapiens,9606,IC50,=,3.0,nM,8.52,,,CHEMBL3993999,Inhibition of recombinant human GST-tagged VEGFR3 cytoplasmic domain expressed in baculovirus expression system preincubated for 10 mins followed by FAM-labeled peptide substrate addition measured after 1 hr by mobility shift assay,B,,,BAO_0000019,assay format,,0,CHEMBL3992544,2017,no_variant_described_not_proven_wild_type,explicit_human_in_description,biochemical,,PUBLICATION,Novel 6-methoxycarbonyl indolinones bearing a pyrrole Mannich base moiety as angiokinase inhibitors.,10.1016/j.bmc.2017.01.039,28190652,publication_primary_status_not_fully_manually_reviewed,True,True,True,eligible,https://www.ebi.ac.uk/chembl/api/data/activity/17957988.json,https://doi.org/10.1016/j.bmc.2017.01.039
nintedanib,PDGFRA,17957990,CHEMBL502835,CHEMBL502835,CHEMBL2007,Homo sapiens,9606,IC50,=,1.9,nM,8.72,,,CHEMBL3994000,Inhibition of PDGFRalpha (unknown origin) preincubated for 10 mins followed by FAM-labeled peptide substrate addition measured after 1 hr by mobility shift assay,B,,,BAO_0000357,single protein format,,0,CHEMBL3992544,2017,no_variant_described_not_proven_wild_type,unknown_origin_in_description,biochemical,,PUBLICATION,Novel 6-methoxycarbonyl indolinones bearing a pyrrole Mannich base moiety as angiokinase inhibitors.,10.1016/j.bmc.2017.01.039,28190652,publication_primary_status_not_fully_manually_reviewed,True,True,False,eligible,https://www.ebi.ac.uk/chembl/api/data/activity/17957990.json,https://doi.org/10.1016/j.bmc.2017.01.039
nintedanib,PDGFRA,18314194,CHEMBL502835,CHEMBL502835,CHEMBL2007,Homo sapiens,9606,IC50,=,2.3,nM,8.64,,,CHEMBL4132790,Inhibition of N-terminal GST tagged human PDGFRalpha (550 to 1089 end residues) cytoplasmic domain expressed in baculovirus expression system preincubated for 10 mins followed by fluorescein amidite-labelled peptide substrate addition measured after 1 hr by mobility shift assay,B,,,BAO_0000019,assay format,,0,CHEMBL4130391,2017,no_variant_described_not_proven_wild_type,explicit_human_in_description,biochemical,,PUBLICATION,Novel methyl indolinone-6-carboxylates containing an indole moiety as angiokinase inhibitors.,10.1016/j.ejmech.2017.08.031,28826084,publication_primary_status_not_fully_manually_reviewed,True,True,True,eligible,https://www.ebi.ac.uk/chembl/api/data/activity/18314194.json,https://doi.org/10.1016/j.ejmech.2017.08.031
nintedanib,FLT4,18314196,CHEMBL502835,CHEMBL502835,CHEMBL1955,Homo sapiens,9606,IC50,=,3.2,nM,8.49,,,CHEMBL4132791,Inhibition of N-terminal GST tagged human VEGFR3 (798 to 1298 end residues) cytoplasmic domain expressed in baculovirus expression system preincubated for 10 mins followed by fluorescein amidite-labelled peptide substrate addition measured after 1 hr by mobility shift assay,B,,,BAO_0000019,assay format,,0,CHEMBL4130391,2017,no_variant_described_not_proven_wild_type,explicit_human_in_description,biochemical,,PUBLICATION,Novel methyl indolinone-6-carboxylates containing an indole moiety as angiokinase inhibitors.,10.1016/j.ejmech.2017.08.031,28826084,publication_primary_status_not_fully_manually_reviewed,True,True,True,eligible,https://www.ebi.ac.uk/chembl/api/data/activity/18314196.json,https://doi.org/10.1016/j.ejmech.2017.08.031
nintedanib,PDGFRA,18330827,CHEMBL502835,CHEMBL502835,CHEMBL2007,Homo sapiens,9606,Inhibition,=,100.0,%,,,,CHEMBL4136274,Inhibition of recombinant PDGFRalpha (unknown origin) at 1 uM by off-chip mobility shift assay,B,,,BAO_0000357,single protein format,,0,CHEMBL4130560,2017,no_variant_described_not_proven_wild_type,unknown_origin_in_description,biochemical,,PUBLICATION,Discovery of Indolinone-Based Multikinase Inhibitors as Potential Therapeutics for Idiopathic Pulmonary Fibrosis.,10.1021/acsmedchemlett.7b00164,29152045,publication_primary_status_not_fully_manually_reviewed,False,False,False,endpoint_outside_Kd_Ki_IC50;no_numeric_nM_value,https://www.ebi.ac.uk/chembl/api/data/activity/18330827.json,https://doi.org/10.1021/acsmedchemlett.7b00164
nintedanib,FLT4,18854178,CHEMBL502835,CHEMBL502835,CHEMBL1955,Homo sapiens,9606,IC50,=,34.0,nM,7.47,,,CHEMBL4307052,Inhibition of VEGFR3 (unknown origin),B,,,BAO_0000357,single protein format,,0,CHEMBL4304778,2019,no_variant_described_not_proven_wild_type,unknown_origin_in_description,biochemical,,PUBLICATION,Evolution in medicinal chemistry of sorafenib derivatives for hepatocellular carcinoma.,10.1016/j.ejmech.2019.06.070,31306818,secondary_review_or_reanalysis,False,False,False,secondary_source,https://www.ebi.ac.uk/chembl/api/data/activity/18854178.json,https://doi.org/10.1016/j.ejmech.2019.06.070
nintedanib,PDGFRA,25500464,CHEMBL502835,CHEMBL502835,CHEMBL2007,Homo sapiens,9606,IC50,=,59.0,nM,7.23,,,CHEMBL5331984,Inhibition of PDGFRalpha (unknown origin),B,,,BAO_0000357,single protein format,,1,CHEMBL5331057,2022,no_variant_described_not_proven_wild_type,unknown_origin_in_description,biochemical,,PUBLICATION,"A decade of approved first-in-class small molecule orphan drugs: Achievements, challenges and perspectives.",10.1016/j.ejmech.2022.114742,36155354,publication_primary_status_not_fully_manually_reviewed,False,False,False,potential_duplicate,https://www.ebi.ac.uk/chembl/api/data/activity/25500464.json,https://doi.org/10.1016/j.ejmech.2022.114742
nintedanib,FLT4,25500467,CHEMBL502835,CHEMBL502835,CHEMBL1955,Homo sapiens,9606,IC50,=,13.0,nM,7.89,,,CHEMBL5331987,Inhibition of GST-tagged VEGFR3 CD (unknown origin),B,,,BAO_0000357,single protein format,,1,CHEMBL5331057,2022,no_variant_described_not_proven_wild_type,unknown_origin_in_description,biochemical,,PUBLICATION,"A decade of approved first-in-class small molecule orphan drugs: Achievements, challenges and perspectives.",10.1016/j.ejmech.2022.114742,36155354,publication_primary_status_not_fully_manually_reviewed,False,False,False,potential_duplicate,https://www.ebi.ac.uk/chembl/api/data/activity/25500467.json,https://doi.org/10.1016/j.ejmech.2022.114742
nintedanib,PDGFRA,25500471,CHEMBL502835,CHEMBL502835,CHEMBL2007,Homo sapiens,9606,IC50,=,59.0,nM,7.23,,,CHEMBL5331991,Inhibition of GST-tagged PDGFRalpha CD (unknown origin),B,,,BAO_0000357,single protein format,,1,CHEMBL5331057,2022,no_variant_described_not_proven_wild_type,unknown_origin_in_description,biochemical,,PUBLICATION,"A decade of approved first-in-class small molecule orphan drugs: Achievements, challenges and perspectives.",10.1016/j.ejmech.2022.114742,36155354,publication_primary_status_not_fully_manually_reviewed,False,False,False,potential_duplicate,https://www.ebi.ac.uk/chembl/api/data/activity/25500471.json,https://doi.org/10.1016/j.ejmech.2022.114742
nintedanib,PDGFRA,27981020,CHEMBL502835,CHEMBL502835,CHEMBL2007,Homo sapiens,9606,Ki,=,8.4,nM,8.08,,911032,CHEMBL5735255,"PDGFR alpha Enzyme Inhibition: The inhibitory activities of compounds of the invention against PDGFRα (PDGFRα Kinase Enzyme System: Promega), were evaluated by mixing the PDGFRα protein (12.5 ng/mL, 2 μL), substrate (Poly (4:1 Glu4, Tyr1), 100 ng/mL, 2 μL) with the test compound (2 μL at either 3 μM, 0.67 μM, 0.15 μM, 0.033 μM, 0.0073 μM, 0.0016 μM, 0.0036 μM or 0.00008 μM) for 90 min at 25° C. The kinase reaction was initiated by adding ATP (25 μM, 2 μL) and the mixture was incubated for 1 hr at 25° C. ADP-Glo reagent was added for 40 min (8 μL) then development reagent (16 μL) was added for 40 min prior to detection in a microplate reader (EnVision® Multilabel Reader, Perkin Elmer).",B,,,BAO_0000357,single protein format,,0,CHEMBL5727732,2020,no_variant_described_not_proven_wild_type,ChEMBL_human_target_mapping_only,biochemical,,PATENT,Indole derivatives and their use as protein kinase inhibitors,,,patent,True,True,False,eligible,https://www.ebi.ac.uk/chembl/api/data/activity/27981020.json,https://www.ebi.ac.uk/chembl/api/data/document/CHEMBL5727732.json
nintedanib,PDGFRA,27981021,CHEMBL502835,CHEMBL502835,CHEMBL2007,Homo sapiens,9606,kon,=,,,,,911032,CHEMBL5735255,"PDGFR alpha Enzyme Inhibition: The inhibitory activities of compounds of the invention against PDGFRα (PDGFRα Kinase Enzyme System: Promega), were evaluated by mixing the PDGFRα protein (12.5 ng/mL, 2 μL), substrate (Poly (4:1 Glu4, Tyr1), 100 ng/mL, 2 μL) with the test compound (2 μL at either 3 μM, 0.67 μM, 0.15 μM, 0.033 μM, 0.0073 μM, 0.0016 μM, 0.0036 μM or 0.00008 μM) for 90 min at 25° C. The kinase reaction was initiated by adding ATP (25 μM, 2 μL) and the mixture was incubated for 1 hr at 25° C. ADP-Glo reagent was added for 40 min (8 μL) then development reagent (16 μL) was added for 40 min prior to detection in a microplate reader (EnVision® Multilabel Reader, Perkin Elmer).",B,,,BAO_0000357,single protein format,,0,CHEMBL5727732,2020,no_variant_described_not_proven_wild_type,ChEMBL_human_target_mapping_only,biochemical,,PATENT,Indole derivatives and their use as protein kinase inhibitors,,,patent,False,False,False,endpoint_outside_Kd_Ki_IC50;no_numeric_nM_value,https://www.ebi.ac.uk/chembl/api/data/activity/27981021.json,https://www.ebi.ac.uk/chembl/api/data/document/CHEMBL5727732.json
nintedanib,PDGFRA,27981022,CHEMBL502835,CHEMBL502835,CHEMBL2007,Homo sapiens,9606,k_off,=,,s-1,,,911032,CHEMBL5735255,"PDGFR alpha Enzyme Inhibition: The inhibitory activities of compounds of the invention against PDGFRα (PDGFRα Kinase Enzyme System: Promega), were evaluated by mixing the PDGFRα protein (12.5 ng/mL, 2 μL), substrate (Poly (4:1 Glu4, Tyr1), 100 ng/mL, 2 μL) with the test compound (2 μL at either 3 μM, 0.67 μM, 0.15 μM, 0.033 μM, 0.0073 μM, 0.0016 μM, 0.0036 μM or 0.00008 μM) for 90 min at 25° C. The kinase reaction was initiated by adding ATP (25 μM, 2 μL) and the mixture was incubated for 1 hr at 25° C. ADP-Glo reagent was added for 40 min (8 μL) then development reagent (16 μL) was added for 40 min prior to detection in a microplate reader (EnVision® Multilabel Reader, Perkin Elmer).",B,,,BAO_0000357,single protein format,,0,CHEMBL5727732,2020,no_variant_described_not_proven_wild_type,ChEMBL_human_target_mapping_only,biochemical,,PATENT,Indole derivatives and their use as protein kinase inhibitors,,,patent,False,False,False,endpoint_outside_Kd_Ki_IC50;no_numeric_nM_value,https://www.ebi.ac.uk/chembl/api/data/activity/27981022.json,https://www.ebi.ac.uk/chembl/api/data/document/CHEMBL5727732.json
nintedanib,PDGFRA,28409684,CHEMBL502835,CHEMBL502835,CHEMBL2007,Homo sapiens,9606,Ki,=,8.4,nM,8.08,,1060859,CHEMBL5737025,"PDGFRalpha Enzyme Inhibition: The inhibitory activities of compounds of the invention against PDGFRα (PDGFRα Kinase Enzyme System: Promega), were evaluated by mixing the PDGFRα protein (12.5 ng/mL, 2 μL), substrate (Poly (4:1 Glu4, Tyr1), 100 ng/mL, 2 μL) with the test compound (2 μL at either 3 μM, 0.67 μM, 0.15 μM, 0.033 μM, 0.0073 μM, 0.0016 μM, 0.0036 μM or 0.00008 μM) for 90 min at 25° C. The kinase reaction was initiated by adding ATP (25 μM, 2 μL) and the mixture was incubated for 1 hr at 25° C. ADP-Glo reagent was added for 40 min (8 μL) then development reagent (16 μL) was added for 40 min prior to detection in a microplate reader (EnVision® Multilabel Reader, Perkin Elmer).",B,,,BAO_0000357,single protein format,,1,CHEMBL5728567,2021,no_variant_described_not_proven_wild_type,ChEMBL_human_target_mapping_only,biochemical,,PATENT,Indolinones compounds and their use in the treatment of fibrotic diseases,,,patent,False,False,False,potential_duplicate,https://www.ebi.ac.uk/chembl/api/data/activity/28409684.json,https://www.ebi.ac.uk/chembl/api/data/document/CHEMBL5728567.json
nintedanib,PDGFRA,28409685,CHEMBL502835,CHEMBL502835,CHEMBL2007,Homo sapiens,9606,kon,=,,,,,1060859,CHEMBL5737025,"PDGFRalpha Enzyme Inhibition: The inhibitory activities of compounds of the invention against PDGFRα (PDGFRα Kinase Enzyme System: Promega), were evaluated by mixing the PDGFRα protein (12.5 ng/mL, 2 μL), substrate (Poly (4:1 Glu4, Tyr1), 100 ng/mL, 2 μL) with the test compound (2 μL at either 3 μM, 0.67 μM, 0.15 μM, 0.033 μM, 0.0073 μM, 0.0016 μM, 0.0036 μM or 0.00008 μM) for 90 min at 25° C. The kinase reaction was initiated by adding ATP (25 μM, 2 μL) and the mixture was incubated for 1 hr at 25° C. ADP-Glo reagent was added for 40 min (8 μL) then development reagent (16 μL) was added for 40 min prior to detection in a microplate reader (EnVision® Multilabel Reader, Perkin Elmer).",B,,,BAO_0000357,single protein format,,0,CHEMBL5728567,2021,no_variant_described_not_proven_wild_type,ChEMBL_human_target_mapping_only,biochemical,,PATENT,Indolinones compounds and their use in the treatment of fibrotic diseases,,,patent,False,False,False,endpoint_outside_Kd_Ki_IC50;no_numeric_nM_value,https://www.ebi.ac.uk/chembl/api/data/activity/28409685.json,https://www.ebi.ac.uk/chembl/api/data/document/CHEMBL5728567.json
nintedanib,PDGFRA,28409686,CHEMBL502835,CHEMBL502835,CHEMBL2007,Homo sapiens,9606,k_off,=,,s-1,,,1060859,CHEMBL5737025,"PDGFRalpha Enzyme Inhibition: The inhibitory activities of compounds of the invention against PDGFRα (PDGFRα Kinase Enzyme System: Promega), were evaluated by mixing the PDGFRα protein (12.5 ng/mL, 2 μL), substrate (Poly (4:1 Glu4, Tyr1), 100 ng/mL, 2 μL) with the test compound (2 μL at either 3 μM, 0.67 μM, 0.15 μM, 0.033 μM, 0.0073 μM, 0.0016 μM, 0.0036 μM or 0.00008 μM) for 90 min at 25° C. The kinase reaction was initiated by adding ATP (25 μM, 2 μL) and the mixture was incubated for 1 hr at 25° C. ADP-Glo reagent was added for 40 min (8 μL) then development reagent (16 μL) was added for 40 min prior to detection in a microplate reader (EnVision® Multilabel Reader, Perkin Elmer).",B,,,BAO_0000357,single protein format,,0,CHEMBL5728567,2021,no_variant_described_not_proven_wild_type,ChEMBL_human_target_mapping_only,biochemical,,PATENT,Indolinones compounds and their use in the treatment of fibrotic diseases,,,patent,False,False,False,endpoint_outside_Kd_Ki_IC50;no_numeric_nM_value,https://www.ebi.ac.uk/chembl/api/data/activity/28409686.json,https://www.ebi.ac.uk/chembl/api/data/document/CHEMBL5728567.json
nintedanib,PDGFRA,28576658,CHEMBL502835,CHEMBL502835,CHEMBL2007,Homo sapiens,9606,Ki,=,8.4,nM,8.08,,1124292,CHEMBL5737699,"PDGFRalpha Enzyme Inhibition: Assay was performed in buffer containing 40 mM Tris pH 7.5, 20 mM MgCl2, 0.1 mg/mL BSA and 1 mM DTT. The inhibitory activities of compounds of the invention against PDGFRα (PDGFRα Kinase Enzyme System: Promega), were evaluated by mixing the PDGFRα protein (12.5 ng/mL, 2 μL), substrate (Poly (4:1 Glu4, Tyr1), 100 ng/mL, 2 μL) with the test compound (2 μL at either 3 μM, 0.67 μM, 0.15 μM, 0.033 μM, 0.0073 μM, 0.0016 μM, 0.0036 μM or 0.00008 μM) for 90 min at 25° C. The kinase reaction was initiated by adding ATP (25 μM, 2 μL) and the mixture was incubated for 1 hr at 25° C. ADP-Glo reagent was added for 40 min (8 μL) then development reagent (16 μL) was added for 40 min prior to detection in a microplate reader (EnVision Multilabel Reader, Perkin Elmer).",B,,,BAO_0000357,single protein format,,1,CHEMBL5728892,2021,no_variant_described_not_proven_wild_type,ChEMBL_human_target_mapping_only,biochemical,,PATENT,Indole derivatives and their use as protein kinase inhibitors,,,patent,False,False,False,potential_duplicate,https://www.ebi.ac.uk/chembl/api/data/activity/28576658.json,https://www.ebi.ac.uk/chembl/api/data/document/CHEMBL5728892.json
nintedanib,PDGFRA,28576659,CHEMBL502835,CHEMBL502835,CHEMBL2007,Homo sapiens,9606,kon,=,,,,,1124292,CHEMBL5737699,"PDGFRalpha Enzyme Inhibition: Assay was performed in buffer containing 40 mM Tris pH 7.5, 20 mM MgCl2, 0.1 mg/mL BSA and 1 mM DTT. The inhibitory activities of compounds of the invention against PDGFRα (PDGFRα Kinase Enzyme System: Promega), were evaluated by mixing the PDGFRα protein (12.5 ng/mL, 2 μL), substrate (Poly (4:1 Glu4, Tyr1), 100 ng/mL, 2 μL) with the test compound (2 μL at either 3 μM, 0.67 μM, 0.15 μM, 0.033 μM, 0.0073 μM, 0.0016 μM, 0.0036 μM or 0.00008 μM) for 90 min at 25° C. The kinase reaction was initiated by adding ATP (25 μM, 2 μL) and the mixture was incubated for 1 hr at 25° C. ADP-Glo reagent was added for 40 min (8 μL) then development reagent (16 μL) was added for 40 min prior to detection in a microplate reader (EnVision Multilabel Reader, Perkin Elmer).",B,,,BAO_0000357,single protein format,,0,CHEMBL5728892,2021,no_variant_described_not_proven_wild_type,ChEMBL_human_target_mapping_only,biochemical,,PATENT,Indole derivatives and their use as protein kinase inhibitors,,,patent,False,False,False,endpoint_outside_Kd_Ki_IC50;no_numeric_nM_value,https://www.ebi.ac.uk/chembl/api/data/activity/28576659.json,https://www.ebi.ac.uk/chembl/api/data/document/CHEMBL5728892.json
nintedanib,PDGFRA,28576660,CHEMBL502835,CHEMBL502835,CHEMBL2007,Homo sapiens,9606,k_off,=,,s-1,,,1124292,CHEMBL5737699,"PDGFRalpha Enzyme Inhibition: Assay was performed in buffer containing 40 mM Tris pH 7.5, 20 mM MgCl2, 0.1 mg/mL BSA and 1 mM DTT. The inhibitory activities of compounds of the invention against PDGFRα (PDGFRα Kinase Enzyme System: Promega), were evaluated by mixing the PDGFRα protein (12.5 ng/mL, 2 μL), substrate (Poly (4:1 Glu4, Tyr1), 100 ng/mL, 2 μL) with the test compound (2 μL at either 3 μM, 0.67 μM, 0.15 μM, 0.033 μM, 0.0073 μM, 0.0016 μM, 0.0036 μM or 0.00008 μM) for 90 min at 25° C. The kinase reaction was initiated by adding ATP (25 μM, 2 μL) and the mixture was incubated for 1 hr at 25° C. ADP-Glo reagent was added for 40 min (8 μL) then development reagent (16 μL) was added for 40 min prior to detection in a microplate reader (EnVision Multilabel Reader, Perkin Elmer).",B,,,BAO_0000357,single protein format,,0,CHEMBL5728892,2021,no_variant_described_not_proven_wild_type,ChEMBL_human_target_mapping_only,biochemical,,PATENT,Indole derivatives and their use as protein kinase inhibitors,,,patent,False,False,False,endpoint_outside_Kd_Ki_IC50;no_numeric_nM_value,https://www.ebi.ac.uk/chembl/api/data/activity/28576660.json,https://www.ebi.ac.uk/chembl/api/data/document/CHEMBL5728892.json
nintedanib,PDGFRA,29179496,CHEMBL502835,CHEMBL502835,CHEMBL2007,Homo sapiens,9606,IC50,=,560.0,nM,6.25,,,CHEMBL6111923,Binding affinity to human PDGFRalpha by KINOMEscan assay,B,,,BAO_0000357,single protein format,,0,CHEMBL6109120,2025,no_variant_described_not_proven_wild_type,explicit_human_in_description,biochemical,,PUBLICATION,Discovery of Novel SIK2/3 Inhibitors for the Potential Treatment of MEF2C+ Acute Myeloid Leukemia (AML).,10.1021/acs.jmedchem.4c03225,40111261,publication_primary_status_not_fully_manually_reviewed,True,True,True,eligible,https://www.ebi.ac.uk/chembl/api/data/activity/29179496.json,https://doi.org/10.1021/acs.jmedchem.4c03225
imatinib,FLT4,1651693,CHEMBL941,CHEMBL941,CHEMBL1955,Homo sapiens,9606,Kd,,,,,Not active,,CHEMBL860889,Average Binding Constant for FLT4; NA=Not Active at 10 uM,B,,,BAO_0000357,single protein format,,0,CHEMBL1144455,2005,no_variant_described_not_proven_wild_type,ChEMBL_human_target_mapping_only,biochemical,,PUBLICATION,A small molecule-kinase interaction map for clinical kinase inhibitors.,10.1038/nbt1068,15711537,verified_primary_publication,False,False,False,no_numeric_nM_value;nonexact_relation,https://www.ebi.ac.uk/chembl/api/data/activity/1651693.json,https://doi.org/10.1038/nbt1068
imatinib,PDGFRA,1699240,CHEMBL941,CHEMBL941,CHEMBL2007,Homo sapiens,9606,IC50,=,96.0,nM,7.02,,,CHEMBL860933,Inhibition of PDGFR alpha phosphorylation in G292 cell,F,,,BAO_0000219,cell-based format,,0,CHEMBL1146076,2006,no_variant_described_not_proven_wild_type,ChEMBL_human_target_mapping_only,cellular,,PUBLICATION,Identification of potent and selective inhibitors of PDGF receptor autophosphorylation.,10.1021/jm0506423,16570914,publication_primary_status_not_fully_manually_reviewed,True,False,False,eligible,https://www.ebi.ac.uk/chembl/api/data/activity/1699240.json,https://doi.org/10.1021/jm0506423
imatinib,PDGFRA,2206925,CHEMBL941,CHEMBL941,CHEMBL2007,Homo sapiens,9606,EC50,=,90.0,nM,7.05,,,CHEMBL973096,Inhibition of PDGFRalpha by cellular assay,B,,,BAO_0000357,single protein format,,0,CHEMBL1149823,2007,no_variant_described_not_proven_wild_type,ChEMBL_human_target_mapping_only,biochemical,,PUBLICATION,Identification of genotype-correlated sensitivity to selective kinase inhibitors by using high-throughput tumor cell line profiling.,10.1073/pnas.0707498104,18077425,publication_primary_status_not_fully_manually_reviewed,False,False,False,endpoint_outside_Kd_Ki_IC50,https://www.ebi.ac.uk/chembl/api/data/activity/2206925.json,https://doi.org/10.1073/pnas.0707498104
imatinib,PDGFRA,2356931,CHEMBL941,CHEMBL941,CHEMBL2007,Homo sapiens,9606,IC50,=,18.0,nM,7.75,,,CHEMBL955829,Inhibition of PDGFRalpha by TR-FRET assay,B,,,BAO_0000357,single protein format,,0,CHEMBL1150317,2008,no_variant_described_not_proven_wild_type,ChEMBL_human_target_mapping_only,biochemical,,PUBLICATION,"Discovery of aryl aminoquinazoline pyridones as potent, selective, and orally efficacious inhibitors of receptor tyrosine kinase c-Kit.",10.1021/jm800188g,18447379,publication_primary_status_not_fully_manually_reviewed,True,True,False,eligible,https://www.ebi.ac.uk/chembl/api/data/activity/2356931.json,https://doi.org/10.1021/jm800188g
imatinib,FLT4,2890899,CHEMBL941,CHEMBL941,CHEMBL1955,Homo sapiens,9606,Kd,>,10000.0,nM,,,,CHEMBL1060246,Binding constant for FLT4 kinase domain,B,,,BAO_0000357,single protein format,,0,CHEMBL1150977,2008,no_variant_described_not_proven_wild_type,ChEMBL_human_target_mapping_only,biochemical,,PUBLICATION,A quantitative analysis of kinase inhibitor selectivity.,10.1038/nbt1358,18183025,verified_primary_publication,False,False,False,nonexact_relation,https://www.ebi.ac.uk/chembl/api/data/activity/2890899.json,https://doi.org/10.1038/nbt1358
imatinib,PDGFRA,2899043,CHEMBL941,CHEMBL941,CHEMBL2007,Homo sapiens,9606,Kd,=,31.0,nM,7.51,,,CHEMBL1062783,Binding constant for PDGFRA kinase domain,B,,,BAO_0000357,single protein format,,0,CHEMBL1150977,2008,no_variant_described_not_proven_wild_type,ChEMBL_human_target_mapping_only,biochemical,,PUBLICATION,A quantitative analysis of kinase inhibitor selectivity.,10.1038/nbt1358,18183025,verified_primary_publication,True,True,False,eligible,https://www.ebi.ac.uk/chembl/api/data/activity/2899043.json,https://doi.org/10.1038/nbt1358
imatinib,FLT4,3448087,CHEMBL941,CHEMBL941,CHEMBL1955,Homo sapiens,9606,Inhibition,=,79.0,%,,,,CHEMBL1249714,Inhibition of human Flt-4 activity at 10 uM by radiometric assay,B,,,BAO_0000357,single protein format,,0,CHEMBL1240306,2006,no_variant_described_not_proven_wild_type,explicit_human_in_description,biochemical,,PUBLICATION,Allosteric inhibitors of Bcr-abl-dependent cell proliferation.,10.1038/nchembio760,16415863,publication_primary_status_not_fully_manually_reviewed,False,False,False,endpoint_outside_Kd_Ki_IC50;no_numeric_nM_value,https://www.ebi.ac.uk/chembl/api/data/activity/3448087.json,https://doi.org/10.1038/nchembio760
imatinib,PDGFRA,3448094,CHEMBL941,CHEMBL941,CHEMBL2007,Homo sapiens,9606,Inhibition,=,89.0,%,,,,CHEMBL1249707,Inhibition of human PDGFRalpha activity at 10 uM by radiometric assay,B,,,BAO_0000357,single protein format,,0,CHEMBL1240306,2006,no_variant_described_not_proven_wild_type,explicit_human_in_description,biochemical,,PUBLICATION,Allosteric inhibitors of Bcr-abl-dependent cell proliferation.,10.1038/nchembio760,16415863,publication_primary_status_not_fully_manually_reviewed,False,False,False,endpoint_outside_Kd_Ki_IC50;no_numeric_nM_value,https://www.ebi.ac.uk/chembl/api/data/activity/3448094.json,https://doi.org/10.1038/nchembio760
imatinib,PDGFRA,3471358,CHEMBL941,CHEMBL941,CHEMBL2007,Homo sapiens,9606,IC50,=,72.0,nM,7.14,,,CHEMBL1251493,Inhibition of human PDGFRalpha autophosphorylation in human A31 cells by ELISA,B,,,BAO_0000219,cell-based format,,0,CHEMBL1250538,2010,no_variant_described_not_proven_wild_type,explicit_human_in_description,cellular,,PUBLICATION,Structural resemblances and comparisons of the relative pharmacological properties of imatinib and nilotinib.,10.1016/j.bmc.2010.08.026,20817538,secondary_review_or_reanalysis,False,False,False,secondary_source,https://www.ebi.ac.uk/chembl/api/data/activity/3471358.json,https://doi.org/10.1016/j.bmc.2010.08.026
imatinib,PDGFRA,6167551,CHEMBL941,CHEMBL941,CHEMBL2007,Homo sapiens,9606,IC50,=,160.0,nM,6.80,,,CHEMBL1768767,Inhibition of human wild type PDGFRalpha assessed as [gamma33P]ATP incorporation into poly-Ala-Glu-Lys-Tyr after 60 mins by microplate scintillation counting,B,,,BAO_0000357,single protein format,,0,CHEMBL1764978,2011,explicit_wild_type,explicit_human_in_description,biochemical,,PUBLICATION,Cysteine mapping in conformationally distinct kinase nucleotide binding sites: application to the design of selective covalent inhibitors.,10.1021/jm101396q,21322567,publication_primary_status_not_fully_manually_reviewed,True,True,True,eligible,https://www.ebi.ac.uk/chembl/api/data/activity/6167551.json,https://doi.org/10.1021/jm101396q
imatinib,FLT4,6167583,CHEMBL941,CHEMBL941,CHEMBL1955,Homo sapiens,9606,Activity,=,85.0,%,,,,CHEMBL1769226,Binding affinity to human Flt4 assessed as residual binding at 10 uM by site dependent competitive binding assay,B,,,BAO_0000357,single protein format,,0,CHEMBL1764978,2011,no_variant_described_not_proven_wild_type,explicit_human_in_description,biochemical,,PUBLICATION,Cysteine mapping in conformationally distinct kinase nucleotide binding sites: application to the design of selective covalent inhibitors.,10.1021/jm101396q,21322567,publication_primary_status_not_fully_manually_reviewed,False,False,False,endpoint_outside_Kd_Ki_IC50;no_numeric_nM_value,https://www.ebi.ac.uk/chembl/api/data/activity/6167583.json,https://doi.org/10.1021/jm101396q
imatinib,PDGFRA,6167586,CHEMBL941,CHEMBL941,CHEMBL2007,Homo sapiens,9606,Activity,=,0.15,%,,,,CHEMBL1769229,Binding affinity to human PDGFRalpha assessed as residual binding at 10 uM by site dependent competitive binding assay,B,,,BAO_0000357,single protein format,,0,CHEMBL1764978,2011,no_variant_described_not_proven_wild_type,explicit_human_in_description,biochemical,,PUBLICATION,Cysteine mapping in conformationally distinct kinase nucleotide binding sites: application to the design of selective covalent inhibitors.,10.1021/jm101396q,21322567,publication_primary_status_not_fully_manually_reviewed,False,False,False,endpoint_outside_Kd_Ki_IC50;no_numeric_nM_value,https://www.ebi.ac.uk/chembl/api/data/activity/6167586.json,https://doi.org/10.1021/jm101396q
imatinib,PDGFRA,6167635,CHEMBL941,CHEMBL941,CHEMBL2007,Homo sapiens,9606,Activity,=,0.0,%,,,,CHEMBL1768770,Binding affinity to human PDGFRalpha cysteine residue assessed as residual binding at 10 uM by site dependent competitive binding assay,B,,,BAO_0000357,single protein format,,0,CHEMBL1764978,2011,no_variant_described_not_proven_wild_type,explicit_human_in_description,biochemical,,PUBLICATION,Cysteine mapping in conformationally distinct kinase nucleotide binding sites: application to the design of selective covalent inhibitors.,10.1021/jm101396q,21322567,publication_primary_status_not_fully_manually_reviewed,False,False,False,endpoint_outside_Kd_Ki_IC50;no_numeric_nM_value,https://www.ebi.ac.uk/chembl/api/data/activity/6167635.json,https://doi.org/10.1021/jm101396q
imatinib,FLT4,7568179,CHEMBL941,CHEMBL941,CHEMBL1955,Homo sapiens,9606,Kd,>,10000.0,nM,,,,CHEMBL1908551,Binding constant for FLT4 kinase domain,B,,,BAO_0000357,single protein format,,1,CHEMBL1908390,2011,no_variant_described_not_proven_wild_type,ChEMBL_human_target_mapping_only,biochemical,,PUBLICATION,Comprehensive analysis of kinase inhibitor selectivity.,10.1038/nbt.1990,22037378,verified_primary_publication,False,False,False,potential_duplicate;nonexact_relation,https://www.ebi.ac.uk/chembl/api/data/activity/7568179.json,https://doi.org/10.1038/nbt.1990
imatinib,PDGFRA,7569895,CHEMBL941,CHEMBL941,CHEMBL2007,Homo sapiens,9606,Kd,=,31.0,nM,7.51,,,CHEMBL1908731,Binding constant for PDGFRA kinase domain,B,,,BAO_0000357,single protein format,,1,CHEMBL1908390,2011,no_variant_described_not_proven_wild_type,ChEMBL_human_target_mapping_only,biochemical,,PUBLICATION,Comprehensive analysis of kinase inhibitor selectivity.,10.1038/nbt.1990,22037378,verified_primary_publication,False,False,False,potential_duplicate,https://www.ebi.ac.uk/chembl/api/data/activity/7569895.json,https://doi.org/10.1038/nbt.1990
imatinib,PDGFRA,9627089,CHEMBL941,CHEMBL941,CHEMBL2007,Homo sapiens,9606,Ki,=,158.49,nM,6.80,,active,CHEMBL1963805,PUBCHEM_BIOASSAY: Navigating the Kinome. (Class of assay: other) Panel member name: PDGFRA,F,,,BAO_0000019,assay format,,0,CHEMBL1201862,,no_variant_described_not_proven_wild_type,ChEMBL_human_target_mapping_only,assay_context_uncertain,,DATASET,PubChem BioAssay data set,,,publication_primary_status_not_fully_manually_reviewed,True,False,False,eligible,https://www.ebi.ac.uk/chembl/api/data/activity/9627089.json,https://www.ebi.ac.uk/chembl/api/data/document/CHEMBL1201862.json
imatinib,FLT4,9635497,CHEMBL941,CHEMBL941,CHEMBL1955,Homo sapiens,9606,Ki,>,6309.57,nM,,,inactive,CHEMBL1963812,PUBCHEM_BIOASSAY: Navigating the Kinome. (Class of assay: other) Panel member name: FLT4,F,,,BAO_0000019,assay format,,0,CHEMBL1201862,,no_variant_described_not_proven_wild_type,ChEMBL_human_target_mapping_only,assay_context_uncertain,,DATASET,PubChem BioAssay data set,,,publication_primary_status_not_fully_manually_reviewed,False,False,False,nonexact_relation,https://www.ebi.ac.uk/chembl/api/data/activity/9635497.json,https://www.ebi.ac.uk/chembl/api/data/document/CHEMBL1201862.json
imatinib,PDGFRA,13418824,CHEMBL941,CHEMBL941,CHEMBL2007,Homo sapiens,9606,IC50,=,1.995,nM,8.70,,,CHEMBL2422658,Inhibition of PDGFRA (unknown origin),B,,,BAO_0000357,single protein format,,0,CHEMBL2417410,2013,no_variant_described_not_proven_wild_type,unknown_origin_in_description,biochemical,,PUBLICATION,"Selectivity data: assessment, predictions, concordance, and implications.",10.1021/jm400798j,23937569,secondary_review_or_reanalysis,False,False,False,secondary_source,https://www.ebi.ac.uk/chembl/api/data/activity/13418824.json,https://doi.org/10.1021/jm400798j
imatinib,PDGFRA,16854246,CHEMBL941,CHEMBL941,CHEMBL2007,Homo sapiens,9606,GI50,=,34.0,nM,,,,CHEMBL3879000,Inhibition of Tel-fused PDGFR-alpha (unknown origin) expressed in BAF3 cells assessed as growth inhibition measured after 72 hrs by CellTiter-Glo or CCK8 assay,B,,,BAO_0000219,cell-based format,,0,CHEMBL3877303,2017,variant_or_fusion,unknown_origin_in_description,cellular,,PUBLICATION,Discovery of 4-Methyl-N-(4-((4-methylpiperazin-1-yl)methyl)-3-(trifluoromethyl)phenyl)-3-((1-nicotinoylpiperidin-4-yl)oxy)benzamide (CHMFL-ABL/KIT-155) as a Novel Highly Potent Type II ABL/KIT Dual Kinase Inhibitor with a Distinct Hinge Binding.,10.1021/acs.jmedchem.6b01290,27966954,publication_primary_status_not_fully_manually_reviewed,False,False,False,variant_or_fusion;endpoint_outside_Kd_Ki_IC50,https://www.ebi.ac.uk/chembl/api/data/activity/16854246.json,https://doi.org/10.1021/acs.jmedchem.6b01290
imatinib,PDGFRA,18057687,CHEMBL941,CHEMBL941,CHEMBL2007,Homo sapiens,9606,GI50,=,10.7,nM,,,,CHEMBL4012629,Inhibition of TEL-fused PDGFRalpha (unknown origin) expressed in mouse BAF3 cells assessed as cell growth inhibition after 72 hrs by cell titer-glo assay,B,,,BAO_0000219,cell-based format,,0,CHEMBL4011618,2017,variant_or_fusion,unknown_origin_in_description,cellular,,PUBLICATION,"Discovery of Potent, Selective Stem Cell Factor Receptor/Platelet Derived Growth Factor Receptor Alpha (c-KIT/PDGFRα) Dual Inhibitor for the Treatment of Imatinib-Resistant Gastrointestinal Stromal Tumors (GISTs).",10.1021/acs.jmedchem.7b00468,28541695,publication_primary_status_not_fully_manually_reviewed,False,False,False,variant_or_fusion;endpoint_outside_Kd_Ki_IC50,https://www.ebi.ac.uk/chembl/api/data/activity/18057687.json,https://doi.org/10.1021/acs.jmedchem.7b00468
imatinib,PDGFRA,18057848,CHEMBL941,CHEMBL941,CHEMBL2007,Homo sapiens,9606,GI50,>,10000.0,nM,,,,CHEMBL4012630,Inhibition of TEL-fused PDGFRalpha T674I mutant (unknown origin) expressed in mouse BAF3 cells assessed as cell growth inhibition after 72 hrs by cell titer-glo assay,B,P16234,T674I,BAO_0000219,cell-based format,,0,CHEMBL4011618,2017,variant_or_fusion,unknown_origin_in_description,cellular,,PUBLICATION,"Discovery of Potent, Selective Stem Cell Factor Receptor/Platelet Derived Growth Factor Receptor Alpha (c-KIT/PDGFRα) Dual Inhibitor for the Treatment of Imatinib-Resistant Gastrointestinal Stromal Tumors (GISTs).",10.1021/acs.jmedchem.7b00468,28541695,publication_primary_status_not_fully_manually_reviewed,False,False,False,variant_or_fusion;endpoint_outside_Kd_Ki_IC50;nonexact_relation,https://www.ebi.ac.uk/chembl/api/data/activity/18057848.json,https://doi.org/10.1021/acs.jmedchem.7b00468
imatinib,PDGFRA,18057971,CHEMBL941,CHEMBL941,CHEMBL2007,Homo sapiens,9606,IC50,=,4.6,nM,8.34,,,CHEMBL4012619,Inhibition of PDGFRalpha (unknown origin) using FAM-labeled peptide as substrate preincubated for 10 mins followed by substrate addition in presence of ATP by mobility shift assay,B,,,BAO_0000357,single protein format,,0,CHEMBL4011618,2017,no_variant_described_not_proven_wild_type,unknown_origin_in_description,biochemical,,PUBLICATION,"Discovery of Potent, Selective Stem Cell Factor Receptor/Platelet Derived Growth Factor Receptor Alpha (c-KIT/PDGFRα) Dual Inhibitor for the Treatment of Imatinib-Resistant Gastrointestinal Stromal Tumors (GISTs).",10.1021/acs.jmedchem.7b00468,28541695,publication_primary_status_not_fully_manually_reviewed,True,True,False,eligible,https://www.ebi.ac.uk/chembl/api/data/activity/18057971.json,https://doi.org/10.1021/acs.jmedchem.7b00468
imatinib,PDGFRA,18561768,CHEMBL941,CHEMBL941,CHEMBL2007,Homo sapiens,9606,GI50,=,46.0,nM,,,,CHEMBL4201725,Inhibition of TEL-fused PDGFRalpha (unknown origin) transfected in mouse BA/F3 cells assessed as inhibition of cell growth incubated for 72 hrs by MTS assay,B,,,BAO_0000219,cell-based format,,0,CHEMBL4196201,2018,variant_or_fusion,unknown_origin_in_description,cellular,,PUBLICATION,"Discovery of N-(4-{[5-Fluoro-7-(2-methoxyethoxy)quinazolin-4-yl]amino}phenyl)-2-[4-(propan-2-yl)-1 H-1,2,3-triazol-1-yl]acetamide (AZD3229), a Potent Pan-KIT Mutant Inhibitor for the Treatment of Gastrointestinal Stromal Tumors.",10.1021/acs.jmedchem.8b00938,30204441,publication_primary_status_not_fully_manually_reviewed,False,False,False,variant_or_fusion;endpoint_outside_Kd_Ki_IC50,https://www.ebi.ac.uk/chembl/api/data/activity/18561768.json,https://doi.org/10.1021/acs.jmedchem.8b00938
imatinib,PDGFRA,18561780,CHEMBL941,CHEMBL941,CHEMBL2007,Homo sapiens,9606,GI50,=,567.0,nM,,,,CHEMBL4201727,Inhibition of PDGFRalpha V561D/D842V mutant (unknown origin) transfected in mouse BA/F3 cells assessed as inhibition of cell growth incubated for 72 hrs by MTS assay,B,P16234,"V561D,D842V",BAO_0000219,cell-based format,,0,CHEMBL4196201,2018,variant_or_fusion,unknown_origin_in_description,cellular,,PUBLICATION,"Discovery of N-(4-{[5-Fluoro-7-(2-methoxyethoxy)quinazolin-4-yl]amino}phenyl)-2-[4-(propan-2-yl)-1 H-1,2,3-triazol-1-yl]acetamide (AZD3229), a Potent Pan-KIT Mutant Inhibitor for the Treatment of Gastrointestinal Stromal Tumors.",10.1021/acs.jmedchem.8b00938,30204441,publication_primary_status_not_fully_manually_reviewed,False,False,False,variant_or_fusion;endpoint_outside_Kd_Ki_IC50,https://www.ebi.ac.uk/chembl/api/data/activity/18561780.json,https://doi.org/10.1021/acs.jmedchem.8b00938
imatinib,PDGFRA,18654968,CHEMBL941,CHEMBL941,CHEMBL2007,Homo sapiens,9606,Inhibition,,,%,,Active,,CHEMBL4231076,Inhibition of PDGFRalpha in human EOL-1 cells assessed as decrease in ERK phosphorylation at T202/Y204 residues at 1 uM after 2 hrs in presence of PDGF-AA by Western blot analysis,B,,,BAO_0000219,cell-based format,,0,CHEMBL4229344,2018,no_variant_described_not_proven_wild_type,explicit_human_in_description,cellular,,PUBLICATION,Discovery of 4-((N-(2-(dimethylamino)ethyl)acrylamido)methyl)-N-(4-methyl-3-((4-(pyridin-3-yl)pyrimidin-2-yl)amino)phenyl)benzamide (CHMFL-PDGFR-159) as a highly selective type II PDGFRα kinase inhibitor for PDGFRα driving chronic eosinophilic leukemia.,10.1016/j.ejmech.2018.03.003,29544149,publication_primary_status_not_fully_manually_reviewed,False,False,False,endpoint_outside_Kd_Ki_IC50;no_numeric_nM_value;nonexact_relation,https://www.ebi.ac.uk/chembl/api/data/activity/18654968.json,https://doi.org/10.1016/j.ejmech.2018.03.003
imatinib,PDGFRA,18654969,CHEMBL941,CHEMBL941,CHEMBL2007,Homo sapiens,9606,Inhibition,,,%,,Active,,CHEMBL4231075,Inhibition of PDGFRalpha in human EOL-1 cells assessed as decrease in STAT5 phosphorylation at Y694 residue at 1 uM after 2 hrs in presence of PDGF-AA by Western blot analysis,B,,,BAO_0000219,cell-based format,,0,CHEMBL4229344,2018,no_variant_described_not_proven_wild_type,explicit_human_in_description,cellular,,PUBLICATION,Discovery of 4-((N-(2-(dimethylamino)ethyl)acrylamido)methyl)-N-(4-methyl-3-((4-(pyridin-3-yl)pyrimidin-2-yl)amino)phenyl)benzamide (CHMFL-PDGFR-159) as a highly selective type II PDGFRα kinase inhibitor for PDGFRα driving chronic eosinophilic leukemia.,10.1016/j.ejmech.2018.03.003,29544149,publication_primary_status_not_fully_manually_reviewed,False,False,False,endpoint_outside_Kd_Ki_IC50;no_numeric_nM_value;nonexact_relation,https://www.ebi.ac.uk/chembl/api/data/activity/18654969.json,https://doi.org/10.1016/j.ejmech.2018.03.003
imatinib,PDGFRA,18654970,CHEMBL941,CHEMBL941,CHEMBL2007,Homo sapiens,9606,Inhibition,,,%,,Active,,CHEMBL4231074,Inhibition of PDGF-induced PDGFRalpha autophosphorylation at Y849 residue in human NCI-H1703 cells at 1 uM after 2 hrs in presence of PDGF-AA by Western blot analysis,B,,,BAO_0000219,cell-based format,,0,CHEMBL4229344,2018,no_variant_described_not_proven_wild_type,explicit_human_in_description,cellular,,PUBLICATION,Discovery of 4-((N-(2-(dimethylamino)ethyl)acrylamido)methyl)-N-(4-methyl-3-((4-(pyridin-3-yl)pyrimidin-2-yl)amino)phenyl)benzamide (CHMFL-PDGFR-159) as a highly selective type II PDGFRα kinase inhibitor for PDGFRα driving chronic eosinophilic leukemia.,10.1016/j.ejmech.2018.03.003,29544149,publication_primary_status_not_fully_manually_reviewed,False,False,False,endpoint_outside_Kd_Ki_IC50;no_numeric_nM_value;nonexact_relation,https://www.ebi.ac.uk/chembl/api/data/activity/18654970.json,https://doi.org/10.1016/j.ejmech.2018.03.003
imatinib,PDGFRA,18654971,CHEMBL941,CHEMBL941,CHEMBL2007,Homo sapiens,9606,Inhibition,,,%,,Active,,CHEMBL4231073,Inhibition of PDGF-induced PDGFRalpha autophosphorylation at Y754 residue in human NCI-H1703 cells at 1 uM after 2 hrs in presence of PDGF-AA by Western blot analysis,B,,,BAO_0000219,cell-based format,,0,CHEMBL4229344,2018,no_variant_described_not_proven_wild_type,explicit_human_in_description,cellular,,PUBLICATION,Discovery of 4-((N-(2-(dimethylamino)ethyl)acrylamido)methyl)-N-(4-methyl-3-((4-(pyridin-3-yl)pyrimidin-2-yl)amino)phenyl)benzamide (CHMFL-PDGFR-159) as a highly selective type II PDGFRα kinase inhibitor for PDGFRα driving chronic eosinophilic leukemia.,10.1016/j.ejmech.2018.03.003,29544149,publication_primary_status_not_fully_manually_reviewed,False,False,False,endpoint_outside_Kd_Ki_IC50;no_numeric_nM_value;nonexact_relation,https://www.ebi.ac.uk/chembl/api/data/activity/18654971.json,https://doi.org/10.1016/j.ejmech.2018.03.003
imatinib,PDGFRA,18654972,CHEMBL941,CHEMBL941,CHEMBL2007,Homo sapiens,9606,Inhibition,,,%,,Active,,CHEMBL4231072,Inhibition of PDGF-induced PDGFRalpha autophosphorylation at Y1018 residue in human NCI-H1703 cells at 1 uM after 2 hrs in presence of PDGF-AA by Western blot analysis,B,,,BAO_0000219,cell-based format,,0,CHEMBL4229344,2018,no_variant_described_not_proven_wild_type,explicit_human_in_description,cellular,,PUBLICATION,Discovery of 4-((N-(2-(dimethylamino)ethyl)acrylamido)methyl)-N-(4-methyl-3-((4-(pyridin-3-yl)pyrimidin-2-yl)amino)phenyl)benzamide (CHMFL-PDGFR-159) as a highly selective type II PDGFRα kinase inhibitor for PDGFRα driving chronic eosinophilic leukemia.,10.1016/j.ejmech.2018.03.003,29544149,publication_primary_status_not_fully_manually_reviewed,False,False,False,endpoint_outside_Kd_Ki_IC50;no_numeric_nM_value;nonexact_relation,https://www.ebi.ac.uk/chembl/api/data/activity/18654972.json,https://doi.org/10.1016/j.ejmech.2018.03.003
imatinib,PDGFRA,18654978,CHEMBL941,CHEMBL941,CHEMBL2007,Homo sapiens,9606,Inhibition,,,%,,Not active,,CHEMBL4231066,Inhibition of PDGFRalpha autophosphorylation at Y754 residue in human EOL-1 cells at 100 nM after 2 hrs by Western blot method,B,,,BAO_0000219,cell-based format,,0,CHEMBL4229344,2018,no_variant_described_not_proven_wild_type,explicit_human_in_description,cellular,,PUBLICATION,Discovery of 4-((N-(2-(dimethylamino)ethyl)acrylamido)methyl)-N-(4-methyl-3-((4-(pyridin-3-yl)pyrimidin-2-yl)amino)phenyl)benzamide (CHMFL-PDGFR-159) as a highly selective type II PDGFRα kinase inhibitor for PDGFRα driving chronic eosinophilic leukemia.,10.1016/j.ejmech.2018.03.003,29544149,publication_primary_status_not_fully_manually_reviewed,False,False,False,endpoint_outside_Kd_Ki_IC50;no_numeric_nM_value;nonexact_relation,https://www.ebi.ac.uk/chembl/api/data/activity/18654978.json,https://doi.org/10.1016/j.ejmech.2018.03.003
imatinib,PDGFRA,18655177,CHEMBL941,CHEMBL941,CHEMBL2007,Homo sapiens,9606,GI50,=,34.0,nM,,,,CHEMBL4231025,Inhibition of TEL-fused PDGFRalpha (unknown origin) expressed in mouse BA/F3 cells assessed as growth inhibition after 72 hrs by CellTiter-Glo or CCK-8 assay,B,,,BAO_0000219,cell-based format,,1,CHEMBL4229344,2018,variant_or_fusion,unknown_origin_in_description,cellular,,PUBLICATION,Discovery of 4-((N-(2-(dimethylamino)ethyl)acrylamido)methyl)-N-(4-methyl-3-((4-(pyridin-3-yl)pyrimidin-2-yl)amino)phenyl)benzamide (CHMFL-PDGFR-159) as a highly selective type II PDGFRα kinase inhibitor for PDGFRα driving chronic eosinophilic leukemia.,10.1016/j.ejmech.2018.03.003,29544149,publication_primary_status_not_fully_manually_reviewed,False,False,False,variant_or_fusion;potential_duplicate;endpoint_outside_Kd_Ki_IC50,https://www.ebi.ac.uk/chembl/api/data/activity/18655177.json,https://doi.org/10.1016/j.ejmech.2018.03.003
imatinib,PDGFRA,19400465,CHEMBL941,CHEMBL941,CHEMBL2007,Homo sapiens,9606,IC50,=,642.0,nM,6.19,,,CHEMBL4425255,Inhibition of imatinib-resistant PDGFR D842V mutant (unknown origin) expressed in mouse BA/F3 cells assessed as decrease in cell viability after 48 hrs by CellTiter 96 aqueous one solution cell proliferation assay,B,P16234,D842V,BAO_0000219,cell-based format,,0,CHEMBL4425084,2016,variant_or_fusion,unknown_origin_in_description,cellular,,PUBLICATION,Development of Heat Shock Protein (Hsp90) Inhibitors To Combat Resistance to Tyrosine Kinase Inhibitors through Hsp90-Kinase Interactions.,10.1021/acs.jmedchem.5b01106,26844689,publication_primary_status_not_fully_manually_reviewed,False,False,False,variant_or_fusion,https://www.ebi.ac.uk/chembl/api/data/activity/19400465.json,https://doi.org/10.1021/acs.jmedchem.5b01106
imatinib,FLT4,22969943,CHEMBL941,CHEMBL941,CHEMBL1955,Homo sapiens,9606,Kd,>,10000.0,nM,,,,CHEMBL4770459,Binding affinity to human FLT4,B,,,BAO_0000357,single protein format,,1,CHEMBL4765332,2020,no_variant_described_not_proven_wild_type,explicit_human_in_description,biochemical,,PUBLICATION,A multi-scale systems pharmacology approach uncovers the anti-cancer molecular mechanism of Ixabepilone.,10.1016/j.ejmech.2020.112421,32428794,publication_primary_status_not_fully_manually_reviewed,False,False,False,potential_duplicate;nonexact_relation,https://www.ebi.ac.uk/chembl/api/data/activity/22969943.json,https://doi.org/10.1016/j.ejmech.2020.112421
imatinib,FLT4,24687302,CHEMBL941,CHEMBL941,CHEMBL1955,Homo sapiens,9606,Inhibition,=,89.6,%,,,,CHEMBL5104331,Inhibition of VEGFR3 (unknown origin) at 10 uM by ELISA relative to control,B,,,BAO_0000357,single protein format,,0,CHEMBL5104091,2021,no_variant_described_not_proven_wild_type,unknown_origin_in_description,biochemical,,PUBLICATION,Pyridazine as a privileged structure: An updated review on anticancer activity of pyridazine containing bioactive molecules.,10.1016/j.ejmech.2020.112946,33129590,secondary_review_or_reanalysis,False,False,False,endpoint_outside_Kd_Ki_IC50;no_numeric_nM_value;secondary_source,https://www.ebi.ac.uk/chembl/api/data/activity/24687302.json,https://doi.org/10.1016/j.ejmech.2020.112946
imatinib,PDGFRA,24900277,CHEMBL941,CHEMBL941,CHEMBL2007,Homo sapiens,9606,IC50,=,71.0,nM,7.15,,,CHEMBL5160550,Inhibition of PDGFRalpha (unknown origin) by caliper mobility shift assay,B,,,BAO_0000357,single protein format,,1,CHEMBL5154776,2022,no_variant_described_not_proven_wild_type,unknown_origin_in_description,biochemical,,PUBLICATION,Discovery of Potent and Orally Bioavailable Platelet-Derived Growth Factor Receptor (PDGFR) Inhibitors for the Treatment of Osteosarcoma.,10.1021/acs.jmedchem.1c01732,35239349,publication_primary_status_not_fully_manually_reviewed,False,False,False,potential_duplicate,https://www.ebi.ac.uk/chembl/api/data/activity/24900277.json,https://doi.org/10.1021/acs.jmedchem.1c01732
imatinib,PDGFRA,26186124,CHEMBL941,CHEMBL941,CHEMBL2007,Homo sapiens,9606,IC50,=,759.0,nM,6.12,,,CHEMBL5635412,Inhibition of PDGFRA exon 18 (unknown origin),B,,,BAO_0000357,single protein format,,0,CHEMBL5634097,2023,variant_or_fusion,unknown_origin_in_description,biochemical,,PUBLICATION,A review: FDA-approved fluorine-containing small molecules from 2015 to 2022.,10.1016/j.ejmech.2023.115758,37657268,secondary_review_or_reanalysis,False,False,False,variant_or_fusion;secondary_source,https://www.ebi.ac.uk/chembl/api/data/activity/26186124.json,https://doi.org/10.1016/j.ejmech.2023.115758
imatinib,PDGFRA,29279125,CHEMBL941,CHEMBL941,CHEMBL2007,Homo sapiens,9606,IC50,=,2.8,nM,8.55,,,CHEMBL6155899,Inhibition of wild type PDGFRA (unknown origin) extracted from Sf9 cells by HTRF assay,B,,,BAO_0000219,cell-based format,,0,CHEMBL6153081,2025,explicit_wild_type,unknown_origin_in_description,biochemical_recombinant_protein,ChEMBL cell-based BAO conflicts with extracted-protein HTRF description; classified biochemical by description,PUBLICATION,"Design, Synthesis, and SAR of Covalent KIT and PDGFRA Inhibitors─Exploring Their Potential in Targeting GIST.",10.1021/acs.jmedchem.4c02472,39841084,verified_primary_publication,True,True,False,eligible,https://www.ebi.ac.uk/chembl/api/data/activity/29279125.json,https://doi.org/10.1021/acs.jmedchem.4c02472
imatinib,PDGFRA,29279159,CHEMBL941,CHEMBL941,CHEMBL2007,Homo sapiens,9606,IC50,=,774.0,nM,6.11,,,CHEMBL6155900,Inhibition of PDGFRA D842V mutant (unknown origin) extracted from Sf9 cells by HTRF assay,B,P16234,D842V,BAO_0000219,cell-based format,,1,CHEMBL6153081,2025,variant_or_fusion,unknown_origin_in_description,biochemical_recombinant_protein,ChEMBL cell-based BAO conflicts with extracted-protein HTRF description; classified biochemical by description,PUBLICATION,"Design, Synthesis, and SAR of Covalent KIT and PDGFRA Inhibitors─Exploring Their Potential in Targeting GIST.",10.1021/acs.jmedchem.4c02472,39841084,verified_primary_publication,False,False,False,variant_or_fusion;potential_duplicate,https://www.ebi.ac.uk/chembl/api/data/activity/29279159.json,https://doi.org/10.1021/acs.jmedchem.4c02472
imatinib,PDGFRA,29279193,CHEMBL941,CHEMBL941,CHEMBL2007,Homo sapiens,9606,IC50,>=,10000.0,nM,,,,CHEMBL6155901,Inhibition of N-terminal His10-tagged human PDGFRA T674I mutant (550 to 973 residues) extracted from Sf9 cells by HTRF assay,B,P16234,T674I,BAO_0000219,cell-based format,,0,CHEMBL6153081,2025,variant_or_fusion,explicit_human_in_description,biochemical_recombinant_protein,ChEMBL cell-based BAO conflicts with extracted-protein HTRF description; classified biochemical by description,PUBLICATION,"Design, Synthesis, and SAR of Covalent KIT and PDGFRA Inhibitors─Exploring Their Potential in Targeting GIST.",10.1021/acs.jmedchem.4c02472,39841084,verified_primary_publication,False,False,False,variant_or_fusion;nonexact_relation,https://www.ebi.ac.uk/chembl/api/data/activity/29279193.json,https://doi.org/10.1021/acs.jmedchem.4c02472
crenolanib,PDGFRA,25638894,CHEMBL2105728,CHEMBL2105728,CHEMBL2007,Homo sapiens,9606,IC50,=,10.0,nM,8.00,,,CHEMBL5367833,Inhibition of wildtype human PDGFRalpha transfected with CHO cells by ADP-Glo assay,B,,,BAO_0000219,cell-based format,,0,CHEMBL5365465,2023,explicit_wild_type,explicit_human_in_description,cellular,,PUBLICATION,Oxetanes in Drug Discovery Campaigns.,10.1021/acs.jmedchem.3c01101,37676858,secondary_review_or_reanalysis,False,False,False,secondary_source,https://www.ebi.ac.uk/chembl/api/data/activity/25638894.json,https://doi.org/10.1021/acs.jmedchem.3c01101
avapritinib,PDGFRA,18561772,CHEMBL4204794,CHEMBL4204794,CHEMBL2007,Homo sapiens,9606,GI50,=,34.0,nM,,,,CHEMBL4201725,Inhibition of TEL-fused PDGFRalpha (unknown origin) transfected in mouse BA/F3 cells assessed as inhibition of cell growth incubated for 72 hrs by MTS assay,B,,,BAO_0000219,cell-based format,,0,CHEMBL4196201,2018,variant_or_fusion,unknown_origin_in_description,cellular,,PUBLICATION,"Discovery of N-(4-{[5-Fluoro-7-(2-methoxyethoxy)quinazolin-4-yl]amino}phenyl)-2-[4-(propan-2-yl)-1 H-1,2,3-triazol-1-yl]acetamide (AZD3229), a Potent Pan-KIT Mutant Inhibitor for the Treatment of Gastrointestinal Stromal Tumors.",10.1021/acs.jmedchem.8b00938,30204441,publication_primary_status_not_fully_manually_reviewed,False,False,False,variant_or_fusion;endpoint_outside_Kd_Ki_IC50,https://www.ebi.ac.uk/chembl/api/data/activity/18561772.json,https://doi.org/10.1021/acs.jmedchem.8b00938
avapritinib,PDGFRA,18561784,CHEMBL4204794,CHEMBL4204794,CHEMBL2007,Homo sapiens,9606,GI50,=,10.0,nM,,,,CHEMBL4201727,Inhibition of PDGFRalpha V561D/D842V mutant (unknown origin) transfected in mouse BA/F3 cells assessed as inhibition of cell growth incubated for 72 hrs by MTS assay,B,P16234,"V561D,D842V",BAO_0000219,cell-based format,,0,CHEMBL4196201,2018,variant_or_fusion,unknown_origin_in_description,cellular,,PUBLICATION,"Discovery of N-(4-{[5-Fluoro-7-(2-methoxyethoxy)quinazolin-4-yl]amino}phenyl)-2-[4-(propan-2-yl)-1 H-1,2,3-triazol-1-yl]acetamide (AZD3229), a Potent Pan-KIT Mutant Inhibitor for the Treatment of Gastrointestinal Stromal Tumors.",10.1021/acs.jmedchem.8b00938,30204441,publication_primary_status_not_fully_manually_reviewed,False,False,False,variant_or_fusion;endpoint_outside_Kd_Ki_IC50,https://www.ebi.ac.uk/chembl/api/data/activity/18561784.json,https://doi.org/10.1021/acs.jmedchem.8b00938
avapritinib,PDGFRA,26186122,CHEMBL4204794,CHEMBL4204794,CHEMBL2007,Homo sapiens,9606,IC50,=,0.24,nM,9.62,,,CHEMBL5635410,Inhibition of PDGFRA (unknown origin),B,,,BAO_0000357,single protein format,,0,CHEMBL5634097,2023,no_variant_described_not_proven_wild_type,unknown_origin_in_description,biochemical,,PUBLICATION,A review: FDA-approved fluorine-containing small molecules from 2015 to 2022.,10.1016/j.ejmech.2023.115758,37657268,secondary_review_or_reanalysis,False,False,False,secondary_source,https://www.ebi.ac.uk/chembl/api/data/activity/26186122.json,https://doi.org/10.1016/j.ejmech.2023.115758
avapritinib,PDGFRA,29055503,CHEMBL4204794,CHEMBL4204794,CHEMBL2007,Homo sapiens,9606,IC50,=,0.24,nM,9.62,,,CHEMBL6071609,Inhibition of PDGFR-alpha D842V mutant (unknown origin),B,P16234,D842V,BAO_0000357,single protein format,,1,CHEMBL6071132,2024,variant_or_fusion,unknown_origin_in_description,biochemical,,PUBLICATION,Synthetic approaches and application of representative clinically approved fluorine-enriched anti-cancer medications.,10.1016/j.ejmech.2024.116722,39079309,publication_primary_status_not_fully_manually_reviewed,False,False,False,variant_or_fusion;potential_duplicate,https://www.ebi.ac.uk/chembl/api/data/activity/29055503.json,https://doi.org/10.1016/j.ejmech.2024.116722
avapritinib,PDGFRA,29168393,CHEMBL4204794,CHEMBL4204794,CHEMBL2007,Homo sapiens,9606,IC50,=,19.1,nM,7.72,,,CHEMBL6108702,Inhibition of PDGFR-alpha D842V mutant (unknown origin) using Tyr 04 peptide as substrate incubated for 1 hr in presence of ATP by FRET-based Z'-Lyte assay,B,P16234,D842V,BAO_0000357,single protein format,,0,CHEMBL6103658,2025,variant_or_fusion,unknown_origin_in_description,biochemical,,PUBLICATION,Designing Macrocyclic Kinase Inhibitors Using Macrocycle Scaffold Hopping with Reinforced Learning (Macro-Hop).,10.1021/acs.jmedchem.5c00087,40101196,publication_primary_status_not_fully_manually_reviewed,False,False,False,variant_or_fusion,https://www.ebi.ac.uk/chembl/api/data/activity/29168393.json,https://doi.org/10.1021/acs.jmedchem.5c00087
avapritinib,PDGFRA,29168405,CHEMBL4204794,CHEMBL4204794,CHEMBL2007,Homo sapiens,9606,IC50,=,3.3,nM,8.48,,,CHEMBL6108703,Inhibition of PDGFR-alpha D842V mutant (unknown origin) expressed in mouse BaF3 cells,B,P16234,D842V,BAO_0000219,cell-based format,,0,CHEMBL6103658,2025,variant_or_fusion,unknown_origin_in_description,cellular,,PUBLICATION,Designing Macrocyclic Kinase Inhibitors Using Macrocycle Scaffold Hopping with Reinforced Learning (Macro-Hop).,10.1021/acs.jmedchem.5c00087,40101196,publication_primary_status_not_fully_manually_reviewed,False,False,False,variant_or_fusion,https://www.ebi.ac.uk/chembl/api/data/activity/29168405.json,https://doi.org/10.1021/acs.jmedchem.5c00087
avapritinib,PDGFRA,29279129,CHEMBL4204794,CHEMBL4204794,CHEMBL2007,Homo sapiens,9606,IC50,<=,0.1,nM,,,,CHEMBL6155899,Inhibition of wild type PDGFRA (unknown origin) extracted from Sf9 cells by HTRF assay,B,,,BAO_0000219,cell-based format,,0,CHEMBL6153081,2025,explicit_wild_type,unknown_origin_in_description,biochemical_recombinant_protein,ChEMBL cell-based BAO conflicts with extracted-protein HTRF description; classified biochemical by description,PUBLICATION,"Design, Synthesis, and SAR of Covalent KIT and PDGFRA Inhibitors─Exploring Their Potential in Targeting GIST.",10.1021/acs.jmedchem.4c02472,39841084,verified_primary_publication,False,False,False,nonexact_relation,https://www.ebi.ac.uk/chembl/api/data/activity/29279129.json,https://doi.org/10.1021/acs.jmedchem.4c02472
avapritinib,PDGFRA,29279163,CHEMBL4204794,CHEMBL4204794,CHEMBL2007,Homo sapiens,9606,IC50,<=,0.1,nM,,,,CHEMBL6155900,Inhibition of PDGFRA D842V mutant (unknown origin) extracted from Sf9 cells by HTRF assay,B,P16234,D842V,BAO_0000219,cell-based format,,0,CHEMBL6153081,2025,variant_or_fusion,unknown_origin_in_description,biochemical_recombinant_protein,ChEMBL cell-based BAO conflicts with extracted-protein HTRF description; classified biochemical by description,PUBLICATION,"Design, Synthesis, and SAR of Covalent KIT and PDGFRA Inhibitors─Exploring Their Potential in Targeting GIST.",10.1021/acs.jmedchem.4c02472,39841084,verified_primary_publication,False,False,False,variant_or_fusion;nonexact_relation,https://www.ebi.ac.uk/chembl/api/data/activity/29279163.json,https://doi.org/10.1021/acs.jmedchem.4c02472
avapritinib,PDGFRA,29279197,CHEMBL4204794,CHEMBL4204794,CHEMBL2007,Homo sapiens,9606,IC50,=,4039.0,nM,5.39,,,CHEMBL6155901,Inhibition of N-terminal His10-tagged human PDGFRA T674I mutant (550 to 973 residues) extracted from Sf9 cells by HTRF assay,B,P16234,T674I,BAO_0000219,cell-based format,,0,CHEMBL6153081,2025,variant_or_fusion,explicit_human_in_description,biochemical_recombinant_protein,ChEMBL cell-based BAO conflicts with extracted-protein HTRF description; classified biochemical by description,PUBLICATION,"Design, Synthesis, and SAR of Covalent KIT and PDGFRA Inhibitors─Exploring Their Potential in Targeting GIST.",10.1021/acs.jmedchem.4c02472,39841084,verified_primary_publication,False,False,False,variant_or_fusion,https://www.ebi.ac.uk/chembl/api/data/activity/29279197.json,https://doi.org/10.1021/acs.jmedchem.4c02472
ripretinib,PDGFRA,18561771,CHEMBL4216467,CHEMBL4216467,CHEMBL2007,Homo sapiens,9606,GI50,=,40.0,nM,,,,CHEMBL4201725,Inhibition of TEL-fused PDGFRalpha (unknown origin) transfected in mouse BA/F3 cells assessed as inhibition of cell growth incubated for 72 hrs by MTS assay,B,,,BAO_0000219,cell-based format,,0,CHEMBL4196201,2018,variant_or_fusion,unknown_origin_in_description,cellular,,PUBLICATION,"Discovery of N-(4-{[5-Fluoro-7-(2-methoxyethoxy)quinazolin-4-yl]amino}phenyl)-2-[4-(propan-2-yl)-1 H-1,2,3-triazol-1-yl]acetamide (AZD3229), a Potent Pan-KIT Mutant Inhibitor for the Treatment of Gastrointestinal Stromal Tumors.",10.1021/acs.jmedchem.8b00938,30204441,publication_primary_status_not_fully_manually_reviewed,False,False,False,variant_or_fusion;endpoint_outside_Kd_Ki_IC50,https://www.ebi.ac.uk/chembl/api/data/activity/18561771.json,https://doi.org/10.1021/acs.jmedchem.8b00938
ripretinib,PDGFRA,18561783,CHEMBL4216467,CHEMBL4216467,CHEMBL2007,Homo sapiens,9606,GI50,=,188.0,nM,,,,CHEMBL4201727,Inhibition of PDGFRalpha V561D/D842V mutant (unknown origin) transfected in mouse BA/F3 cells assessed as inhibition of cell growth incubated for 72 hrs by MTS assay,B,P16234,"V561D,D842V",BAO_0000219,cell-based format,,0,CHEMBL4196201,2018,variant_or_fusion,unknown_origin_in_description,cellular,,PUBLICATION,"Discovery of N-(4-{[5-Fluoro-7-(2-methoxyethoxy)quinazolin-4-yl]amino}phenyl)-2-[4-(propan-2-yl)-1 H-1,2,3-triazol-1-yl]acetamide (AZD3229), a Potent Pan-KIT Mutant Inhibitor for the Treatment of Gastrointestinal Stromal Tumors.",10.1021/acs.jmedchem.8b00938,30204441,publication_primary_status_not_fully_manually_reviewed,False,False,False,variant_or_fusion;endpoint_outside_Kd_Ki_IC50,https://www.ebi.ac.uk/chembl/api/data/activity/18561783.json,https://doi.org/10.1021/acs.jmedchem.8b00938
ripretinib,PDGFRA,25016219,CHEMBL4216467,CHEMBL4216467,CHEMBL2007,Homo sapiens,9606,IC50,=,36000.0,nM,4.44,,,CHEMBL5238317,Inhibition of PDGFRalpha D842V mutant (unknown origin),B,P16234,D842V,BAO_0000357,single protein format,,0,CHEMBL5236591,2022,variant_or_fusion,unknown_origin_in_description,biochemical,,PUBLICATION,Targeting Gatekeeper Mutations for Kinase Drug Discovery.,10.1021/acs.jmedchem.2c01361,36395392,publication_primary_status_not_fully_manually_reviewed,False,False,False,variant_or_fusion,https://www.ebi.ac.uk/chembl/api/data/activity/25016219.json,https://doi.org/10.1021/acs.jmedchem.2c01361
ripretinib,PDGFRA,29279128,CHEMBL4216467,CHEMBL4216467,CHEMBL2007,Homo sapiens,9606,IC50,=,0.6,nM,9.22,,,CHEMBL6155899,Inhibition of wild type PDGFRA (unknown origin) extracted from Sf9 cells by HTRF assay,B,,,BAO_0000219,cell-based format,,0,CHEMBL6153081,2025,explicit_wild_type,unknown_origin_in_description,biochemical_recombinant_protein,ChEMBL cell-based BAO conflicts with extracted-protein HTRF description; classified biochemical by description,PUBLICATION,"Design, Synthesis, and SAR of Covalent KIT and PDGFRA Inhibitors─Exploring Their Potential in Targeting GIST.",10.1021/acs.jmedchem.4c02472,39841084,verified_primary_publication,True,True,False,eligible,https://www.ebi.ac.uk/chembl/api/data/activity/29279128.json,https://doi.org/10.1021/acs.jmedchem.4c02472
ripretinib,PDGFRA,29279162,CHEMBL4216467,CHEMBL4216467,CHEMBL2007,Homo sapiens,9606,IC50,=,0.7,nM,9.15,,,CHEMBL6155900,Inhibition of PDGFRA D842V mutant (unknown origin) extracted from Sf9 cells by HTRF assay,B,P16234,D842V,BAO_0000219,cell-based format,,0,CHEMBL6153081,2025,variant_or_fusion,unknown_origin_in_description,biochemical_recombinant_protein,ChEMBL cell-based BAO conflicts with extracted-protein HTRF description; classified biochemical by description,PUBLICATION,"Design, Synthesis, and SAR of Covalent KIT and PDGFRA Inhibitors─Exploring Their Potential in Targeting GIST.",10.1021/acs.jmedchem.4c02472,39841084,verified_primary_publication,False,False,False,variant_or_fusion,https://www.ebi.ac.uk/chembl/api/data/activity/29279162.json,https://doi.org/10.1021/acs.jmedchem.4c02472
ripretinib,PDGFRA,29279196,CHEMBL4216467,CHEMBL4216467,CHEMBL2007,Homo sapiens,9606,IC50,=,375.0,nM,6.43,,,CHEMBL6155901,Inhibition of N-terminal His10-tagged human PDGFRA T674I mutant (550 to 973 residues) extracted from Sf9 cells by HTRF assay,B,P16234,T674I,BAO_0000219,cell-based format,,0,CHEMBL6153081,2025,variant_or_fusion,explicit_human_in_description,biochemical_recombinant_protein,ChEMBL cell-based BAO conflicts with extracted-protein HTRF description; classified biochemical by description,PUBLICATION,"Design, Synthesis, and SAR of Covalent KIT and PDGFRA Inhibitors─Exploring Their Potential in Targeting GIST.",10.1021/acs.jmedchem.4c02472,39841084,verified_primary_publication,False,False,False,variant_or_fusion,https://www.ebi.ac.uk/chembl/api/data/activity/29279196.json,https://doi.org/10.1021/acs.jmedchem.4c02472
axitinib,FLT4,7587692,CHEMBL1289926,CHEMBL1289926,CHEMBL1955,Homo sapiens,9606,Kd,=,170.0,nM,6.77,,,CHEMBL1908551,Binding constant for FLT4 kinase domain,B,,,BAO_0000357,single protein format,,0,CHEMBL1908390,2011,no_variant_described_not_proven_wild_type,ChEMBL_human_target_mapping_only,biochemical,,PUBLICATION,Comprehensive analysis of kinase inhibitor selectivity.,10.1038/nbt.1990,22037378,verified_primary_publication,True,True,False,eligible,https://www.ebi.ac.uk/chembl/api/data/activity/7587692.json,https://doi.org/10.1038/nbt.1990
axitinib,PDGFRA,7589398,CHEMBL1289926,CHEMBL1289926,CHEMBL2007,Homo sapiens,9606,Kd,=,0.51,nM,9.29,,,CHEMBL1908731,Binding constant for PDGFRA kinase domain,B,,,BAO_0000357,single protein format,,0,CHEMBL1908390,2011,no_variant_described_not_proven_wild_type,ChEMBL_human_target_mapping_only,biochemical,,PUBLICATION,Comprehensive analysis of kinase inhibitor selectivity.,10.1038/nbt.1990,22037378,verified_primary_publication,True,True,False,eligible,https://www.ebi.ac.uk/chembl/api/data/activity/7589398.json,https://doi.org/10.1038/nbt.1990
axitinib,FLT4,18784844,CHEMBL1289926,CHEMBL1289926,CHEMBL1955,Homo sapiens,9606,IC50,=,0.1,nM,10.00,,,CHEMBL4271315,Inhibition of VEGFR3 (unknown origin),B,,,BAO_0000357,single protein format,,0,CHEMBL4270503,2017,no_variant_described_not_proven_wild_type,unknown_origin_in_description,biochemical,,PUBLICATION,Recent developments in small molecule therapies for renal cell carcinoma.,10.1016/j.ejmech.2017.08.007,28844802,secondary_review_or_reanalysis,False,False,False,secondary_source,https://www.ebi.ac.uk/chembl/api/data/activity/18784844.json,https://doi.org/10.1016/j.ejmech.2017.08.007
axitinib,FLT4,18854179,CHEMBL1289926,CHEMBL1289926,CHEMBL1955,Homo sapiens,9606,IC50,=,0.1,nM,10.00,,,CHEMBL4307052,Inhibition of VEGFR3 (unknown origin),B,,,BAO_0000357,single protein format,,1,CHEMBL4304778,2019,no_variant_described_not_proven_wild_type,unknown_origin_in_description,biochemical,,PUBLICATION,Evolution in medicinal chemistry of sorafenib derivatives for hepatocellular carcinoma.,10.1016/j.ejmech.2019.06.070,31306818,secondary_review_or_reanalysis,False,False,False,potential_duplicate;secondary_source,https://www.ebi.ac.uk/chembl/api/data/activity/18854179.json,https://doi.org/10.1016/j.ejmech.2019.06.070
axitinib,FLT4,26023192,CHEMBL1289926,CHEMBL1289926,CHEMBL1955,Homo sapiens,9606,IC50,<,5.0,nM,,,,CHEMBL5580746,Inhibition of VEGFR3 (unknown origin),B,,,BAO_0000357,single protein format,,0,CHEMBL5579821,2024,no_variant_described_not_proven_wild_type,unknown_origin_in_description,biochemical,,PUBLICATION,Non-kinase off-target inhibitory activities of clinically-relevant kinase inhibitors.,10.1016/j.ejmech.2024.116540,38852338,publication_primary_status_not_fully_manually_reviewed,False,False,False,nonexact_relation,https://www.ebi.ac.uk/chembl/api/data/activity/26023192.json,https://doi.org/10.1016/j.ejmech.2024.116540
tivozanib,FLT4,12138556,CHEMBL1289494,CHEMBL1289494,CHEMBL1955,Homo sapiens,9606,IC50,=,0.24,nM,9.62,,,CHEMBL2186467,Inhibition of VEGFR3,B,,,BAO_0000357,single protein format,,1,CHEMBL2177017,2012,no_variant_described_not_proven_wild_type,ChEMBL_human_target_mapping_only,biochemical,,PUBLICATION,Vascular endothelial growth factor (VEGF) receptors: drugs and new inhibitors.,10.1021/jm301085w,23098265,secondary_review_or_reanalysis,False,False,False,potential_duplicate;secondary_source,https://www.ebi.ac.uk/chembl/api/data/activity/12138556.json,https://doi.org/10.1021/jm301085w
tivozanib,FLT4,12245224,CHEMBL1289494,CHEMBL1289494,CHEMBL1955,Homo sapiens,9606,Residual Activity,=,-1.0,%,,,,CHEMBL2219080,"Millipore: Percentage of residual kinase activity of FLT4 at 1uM relative to control. Control inhibitor: Staurosporine at 100.0uM. Buffer: 8 mM MOPS pH 7.0, 0.2 mM EDTA",B,,,BAO_0000357,single protein format,,0,CHEMBL2218924,2013,no_variant_described_not_proven_wild_type,ChEMBL_human_target_mapping_only,biochemical,,PUBLICATION,A broad activity screen in support of a chemogenomic map for kinase signalling research and drug discovery.,10.1042/bj20121418,23398362,publication_primary_status_not_fully_manually_reviewed,False,False,False,endpoint_outside_Kd_Ki_IC50;no_numeric_nM_value,https://www.ebi.ac.uk/chembl/api/data/activity/12245224.json,https://doi.org/10.1042/bj20121418
tivozanib,FLT4,12245382,CHEMBL1289494,CHEMBL1289494,CHEMBL1955,Homo sapiens,9606,Residual Activity,=,-1.0,%,,,,CHEMBL2219081,"Millipore: Percentage of residual kinase activity of FLT4 at 10uM relative to control. Control inhibitor: Staurosporine at 100.0uM. Buffer: 8 mM MOPS pH 7.0, 0.2 mM EDTA",B,,,BAO_0000357,single protein format,,0,CHEMBL2218924,2013,no_variant_described_not_proven_wild_type,ChEMBL_human_target_mapping_only,biochemical,,PUBLICATION,A broad activity screen in support of a chemogenomic map for kinase signalling research and drug discovery.,10.1042/bj20121418,23398362,publication_primary_status_not_fully_manually_reviewed,False,False,False,endpoint_outside_Kd_Ki_IC50;no_numeric_nM_value,https://www.ebi.ac.uk/chembl/api/data/activity/12245382.json,https://doi.org/10.1042/bj20121418
tivozanib,PDGFRA,12273548,CHEMBL1289494,CHEMBL1289494,CHEMBL2007,Homo sapiens,9606,Residual Activity,=,3.0,%,,,,CHEMBL2219384,"Millipore: Percentage of residual kinase activity of PDGFRA at 1uM relative to control. Control inhibitor: Staurosporine at 100.0uM. Buffer: 8 mM MOPS pH 7.0, 0.2 mM EDTA",B,,,BAO_0000357,single protein format,,0,CHEMBL2218924,2013,no_variant_described_not_proven_wild_type,ChEMBL_human_target_mapping_only,biochemical,,PUBLICATION,A broad activity screen in support of a chemogenomic map for kinase signalling research and drug discovery.,10.1042/bj20121418,23398362,publication_primary_status_not_fully_manually_reviewed,False,False,False,endpoint_outside_Kd_Ki_IC50;no_numeric_nM_value,https://www.ebi.ac.uk/chembl/api/data/activity/12273548.json,https://doi.org/10.1042/bj20121418
tivozanib,PDGFRA,12275349,CHEMBL1289494,CHEMBL1289494,CHEMBL2007,Homo sapiens,9606,Residual Activity,=,0.0,%,,,,CHEMBL2219385,"Millipore: Percentage of residual kinase activity of PDGFRA at 10uM relative to control. Control inhibitor: Staurosporine at 100.0uM. Buffer: 8 mM MOPS pH 7.0, 0.2 mM EDTA",B,,,BAO_0000357,single protein format,,0,CHEMBL2218924,2013,no_variant_described_not_proven_wild_type,ChEMBL_human_target_mapping_only,biochemical,,PUBLICATION,A broad activity screen in support of a chemogenomic map for kinase signalling research and drug discovery.,10.1042/bj20121418,23398362,publication_primary_status_not_fully_manually_reviewed,False,False,False,endpoint_outside_Kd_Ki_IC50;no_numeric_nM_value,https://www.ebi.ac.uk/chembl/api/data/activity/12275349.json,https://doi.org/10.1042/bj20121418
tivozanib,PDGFRA,15249764,CHEMBL1289494,CHEMBL1289494,CHEMBL2007,Homo sapiens,9606,IC50,=,2.26,nM,8.65,,,CHEMBL3429406,Inhibition of recombinant PDGFRalpha (unknown origin) by cell-free assay,B,,,BAO_0000357,single protein format,,0,CHEMBL3425418,2015,no_variant_described_not_proven_wild_type,unknown_origin_in_description,biochemical,,PUBLICATION,"Design, synthesis and biological evaluation of deuterated Tivozanib for improving pharmacokinetic properties.",10.1016/j.bmcl.2015.03.088,25908516,publication_primary_status_not_fully_manually_reviewed,True,True,False,eligible,https://www.ebi.ac.uk/chembl/api/data/activity/15249764.json,https://doi.org/10.1016/j.bmcl.2015.03.088
tivozanib,FLT4,15249766,CHEMBL1289494,CHEMBL1289494,CHEMBL1955,Homo sapiens,9606,IC50,=,3.11,nM,8.51,,,CHEMBL3429405,Inhibition of recombinant VEGFR3 (unknown origin) by cell-free assay,B,,,BAO_0000357,single protein format,,0,CHEMBL3425418,2015,no_variant_described_not_proven_wild_type,unknown_origin_in_description,biochemical,,PUBLICATION,"Design, synthesis and biological evaluation of deuterated Tivozanib for improving pharmacokinetic properties.",10.1016/j.bmcl.2015.03.088,25908516,publication_primary_status_not_fully_manually_reviewed,True,True,False,eligible,https://www.ebi.ac.uk/chembl/api/data/activity/15249766.json,https://doi.org/10.1016/j.bmcl.2015.03.088
tivozanib,FLT4,26238377,CHEMBL1289494,CHEMBL1289494,CHEMBL1955,Homo sapiens,9606,IC50,=,15.0,nM,7.82,,,CHEMBL5662414,Inhibition of VEGFR-3 (unknown origin) in presence of ATP,B,,,BAO_0000357,single protein format,,0,CHEMBL5661970,2006,no_variant_described_not_proven_wild_type,unknown_origin_in_description,biochemical,,PUBLICATION,"KRN951, a highly potent inhibitor of vascular endothelial growth factor receptor tyrosine kinases, has antitumor activities and affects functional vascular properties.",10.1158/0008-5472.can-05-4290,16982756,publication_primary_status_not_fully_manually_reviewed,True,True,False,eligible,https://www.ebi.ac.uk/chembl/api/data/activity/26238377.json,https://doi.org/10.1158/0008-5472.can-05-4290
tivozanib,PDGFRA,26238379,CHEMBL1289494,CHEMBL1289494,CHEMBL2007,Homo sapiens,9606,IC50,=,40.0,nM,7.40,,,CHEMBL5662416,Inhibition of PDGFR-alpha (unknown origin) in presence of ATP,B,,,BAO_0000357,single protein format,,0,CHEMBL5661970,2006,no_variant_described_not_proven_wild_type,unknown_origin_in_description,biochemical,,PUBLICATION,"KRN951, a highly potent inhibitor of vascular endothelial growth factor receptor tyrosine kinases, has antitumor activities and affects functional vascular properties.",10.1158/0008-5472.can-05-4290,16982756,publication_primary_status_not_fully_manually_reviewed,True,True,False,eligible,https://www.ebi.ac.uk/chembl/api/data/activity/26238379.json,https://doi.org/10.1158/0008-5472.can-05-4290
tivozanib,FLT4,26238407,CHEMBL1289494,CHEMBL1289494,CHEMBL1955,Homo sapiens,9606,IC50,=,0.24,nM,9.62,,,CHEMBL5662444,Inhibition of VEGFR-3 phosphorylation in serum starved human HUVEC cells incubated for 1 hr by immunoblotting analysis,B,,,BAO_0000219,cell-based format,,0,CHEMBL5661970,2006,no_variant_described_not_proven_wild_type,explicit_human_in_description,cellular,,PUBLICATION,"KRN951, a highly potent inhibitor of vascular endothelial growth factor receptor tyrosine kinases, has antitumor activities and affects functional vascular properties.",10.1158/0008-5472.can-05-4290,16982756,publication_primary_status_not_fully_manually_reviewed,True,False,True,eligible,https://www.ebi.ac.uk/chembl/api/data/activity/26238407.json,https://doi.org/10.1158/0008-5472.can-05-4290
lenvatinib,FLT4,12138554,CHEMBL1289601,CHEMBL1289601,CHEMBL1955,Homo sapiens,9606,IC50,=,5.2,nM,8.28,,,CHEMBL2186467,Inhibition of VEGFR3,B,,,BAO_0000357,single protein format,,0,CHEMBL2177017,2012,no_variant_described_not_proven_wild_type,ChEMBL_human_target_mapping_only,biochemical,,PUBLICATION,Vascular endothelial growth factor (VEGF) receptors: drugs and new inhibitors.,10.1021/jm301085w,23098265,secondary_review_or_reanalysis,False,False,False,secondary_source,https://www.ebi.ac.uk/chembl/api/data/activity/12138554.json,https://doi.org/10.1021/jm301085w
lenvatinib,FLT4,18854176,CHEMBL1289601,CHEMBL1289601,CHEMBL1955,Homo sapiens,9606,IC50,=,5.2,nM,8.28,,,CHEMBL4307052,Inhibition of VEGFR3 (unknown origin),B,,,BAO_0000357,single protein format,,1,CHEMBL4304778,2019,no_variant_described_not_proven_wild_type,unknown_origin_in_description,biochemical,,PUBLICATION,Evolution in medicinal chemistry of sorafenib derivatives for hepatocellular carcinoma.,10.1016/j.ejmech.2019.06.070,31306818,secondary_review_or_reanalysis,False,False,False,potential_duplicate;secondary_source,https://www.ebi.ac.uk/chembl/api/data/activity/18854176.json,https://doi.org/10.1016/j.ejmech.2019.06.070
lenvatinib,FLT4,22809995,CHEMBL1289601,CHEMBL1289601,CHEMBL1955,Homo sapiens,9606,IC50,=,5.2,nM,8.28,,,CHEMBL4713433,Inhibition of VEGFR3 (unknown origin),B,,,BAO_0000357,single protein format,,1,CHEMBL4706659,2021,no_variant_described_not_proven_wild_type,unknown_origin_in_description,biochemical,,PUBLICATION,"Design, synthesis and biological evaluation of novel 2,4-diaryl pyrimidine derivatives as selective EGFR inhibitors.",10.1016/j.ejmech.2020.113019,33429247,publication_primary_status_not_fully_manually_reviewed,False,False,False,potential_duplicate,https://www.ebi.ac.uk/chembl/api/data/activity/22809995.json,https://doi.org/10.1016/j.ejmech.2020.113019
lenvatinib,FLT4,23289722,CHEMBL1289601,CHEMBL1289601,CHEMBL1955,Homo sapiens,9606,IC50,=,5.2,nM,8.28,,,CHEMBL4839223,Inhibition of VEGFR3 (unknown origin),B,,,BAO_0000357,single protein format,,1,CHEMBL4837240,2021,no_variant_described_not_proven_wild_type,unknown_origin_in_description,biochemical,,PUBLICATION,"Discovery, Synthesis, and Evaluation of Highly Selective Vascular Endothelial Growth Factor Receptor 3 (VEGFR3) Inhibitor for the Potential Treatment of Metastatic Triple-Negative Breast Cancer.",10.1021/acs.jmedchem.1c00678,34351741,publication_primary_status_not_fully_manually_reviewed,False,False,False,potential_duplicate,https://www.ebi.ac.uk/chembl/api/data/activity/23289722.json,https://doi.org/10.1021/acs.jmedchem.1c00678
lenvatinib,PDGFRA,23289732,CHEMBL1289601,CHEMBL1289601,CHEMBL2007,Homo sapiens,9606,IC50,=,51.0,nM,7.29,,,CHEMBL4839227,Inhibition of PDGFRalpha (unknown origin),B,,,BAO_0000357,single protein format,,0,CHEMBL4837240,2021,no_variant_described_not_proven_wild_type,unknown_origin_in_description,biochemical,,PUBLICATION,"Discovery, Synthesis, and Evaluation of Highly Selective Vascular Endothelial Growth Factor Receptor 3 (VEGFR3) Inhibitor for the Potential Treatment of Metastatic Triple-Negative Breast Cancer.",10.1021/acs.jmedchem.1c00678,34351741,publication_primary_status_not_fully_manually_reviewed,True,True,False,eligible,https://www.ebi.ac.uk/chembl/api/data/activity/23289732.json,https://doi.org/10.1021/acs.jmedchem.1c00678
lenvatinib,FLT4,29153333,CHEMBL1289601,CHEMBL1289601,CHEMBL1955,Homo sapiens,9606,IC50,=,2.0,nM,8.70,,,CHEMBL6103892,Inhibition of VEGFR3 (unknown origin),B,,,BAO_0000357,single protein format,,0,CHEMBL6103541,2024,no_variant_described_not_proven_wild_type,unknown_origin_in_description,biochemical,,PUBLICATION,Ringing medicinal chemistry: The importance of 3-membered rings in drug discovery.,10.1016/j.bmc.2024.117980,39536361,secondary_review_or_reanalysis,False,False,False,secondary_source,https://www.ebi.ac.uk/chembl/api/data/activity/29153333.json,https://doi.org/10.1016/j.bmc.2024.117980
sunitinib,FLT4,1650246,CHEMBL535,CHEMBL535,CHEMBL1955,Homo sapiens,9606,Kd,=,35.0,nM,7.46,,,CHEMBL860889,Average Binding Constant for FLT4; NA=Not Active at 10 uM,B,,,BAO_0000357,single protein format,,0,CHEMBL1144455,2005,no_variant_described_not_proven_wild_type,ChEMBL_human_target_mapping_only,biochemical,,PUBLICATION,A small molecule-kinase interaction map for clinical kinase inhibitors.,10.1038/nbt1068,15711537,verified_primary_publication,True,True,False,eligible,https://www.ebi.ac.uk/chembl/api/data/activity/1650246.json,https://doi.org/10.1038/nbt1068
sunitinib,FLT4,2206826,CHEMBL535,CHEMBL535,CHEMBL1955,Homo sapiens,9606,Kd,=,35.0,nM,7.46,,,CHEMBL990525,Inhibition of FLT4,B,,,BAO_0000357,single protein format,,1,CHEMBL1149823,2007,no_variant_described_not_proven_wild_type,ChEMBL_human_target_mapping_only,biochemical,,PUBLICATION,Identification of genotype-correlated sensitivity to selective kinase inhibitors by using high-throughput tumor cell line profiling.,10.1073/pnas.0707498104,18077425,publication_primary_status_not_fully_manually_reviewed,False,False,False,potential_duplicate,https://www.ebi.ac.uk/chembl/api/data/activity/2206826.json,https://doi.org/10.1073/pnas.0707498104
sunitinib,FLT4,2890915,CHEMBL535,CHEMBL535,CHEMBL1955,Homo sapiens,9606,Kd,=,50.0,nM,7.30,,,CHEMBL1060246,Binding constant for FLT4 kinase domain,B,,,BAO_0000357,single protein format,,0,CHEMBL1150977,2008,no_variant_described_not_proven_wild_type,ChEMBL_human_target_mapping_only,biochemical,,PUBLICATION,A quantitative analysis of kinase inhibitor selectivity.,10.1038/nbt1358,18183025,verified_primary_publication,True,True,False,eligible,https://www.ebi.ac.uk/chembl/api/data/activity/2890915.json,https://doi.org/10.1038/nbt1358
sunitinib,PDGFRA,2899059,CHEMBL535,CHEMBL535,CHEMBL2007,Homo sapiens,9606,Kd,=,0.79,nM,9.10,,,CHEMBL1062783,Binding constant for PDGFRA kinase domain,B,,,BAO_0000357,single protein format,,0,CHEMBL1150977,2008,no_variant_described_not_proven_wild_type,ChEMBL_human_target_mapping_only,biochemical,,PUBLICATION,A quantitative analysis of kinase inhibitor selectivity.,10.1038/nbt1358,18183025,verified_primary_publication,True,True,False,eligible,https://www.ebi.ac.uk/chembl/api/data/activity/2899059.json,https://doi.org/10.1038/nbt1358
sunitinib,FLT4,3369991,CHEMBL535,CHEMBL535,CHEMBL1955,Homo sapiens,9606,Inhibition,=,81.3,%,,,,CHEMBL1176711,Inhibition of VEGFR3 at 0.1 uM,B,,,BAO_0000357,single protein format,,0,CHEMBL1177651,2010,no_variant_described_not_proven_wild_type,ChEMBL_human_target_mapping_only,biochemical,,PUBLICATION,Synthesis and structure-activity relationship of 6-arylureido-3-pyrrol-2-ylmethylideneindolin-2-one derivatives as potent receptor tyrosine kinase inhibitors.,10.1016/j.bmc.2010.05.021,20570526,publication_primary_status_not_fully_manually_reviewed,False,False,False,endpoint_outside_Kd_Ki_IC50;no_numeric_nM_value,https://www.ebi.ac.uk/chembl/api/data/activity/3369991.json,https://doi.org/10.1016/j.bmc.2010.05.021
sunitinib,FLT4,3370081,CHEMBL535,CHEMBL535,CHEMBL1955,Homo sapiens,9606,IC50,=,8.9,nM,8.05,,,CHEMBL1176707,Inhibition of VEGFR3,B,,,BAO_0000357,single protein format,,0,CHEMBL1177651,2010,no_variant_described_not_proven_wild_type,ChEMBL_human_target_mapping_only,biochemical,,PUBLICATION,Synthesis and structure-activity relationship of 6-arylureido-3-pyrrol-2-ylmethylideneindolin-2-one derivatives as potent receptor tyrosine kinase inhibitors.,10.1016/j.bmc.2010.05.021,20570526,publication_primary_status_not_fully_manually_reviewed,True,True,False,eligible,https://www.ebi.ac.uk/chembl/api/data/activity/3370081.json,https://doi.org/10.1016/j.bmc.2010.05.021
sunitinib,FLT4,3449197,CHEMBL535,CHEMBL535,CHEMBL1955,Homo sapiens,9606,Kd,=,50.0,nM,7.30,,,CHEMBL1244851,Binding affinity to FLT4,B,,,BAO_0000357,single protein format,,1,CHEMBL1240346,2009,no_variant_described_not_proven_wild_type,ChEMBL_human_target_mapping_only,biochemical,,PUBLICATION,AC220 is a uniquely potent and selective inhibitor of FLT3 for the treatment of acute myeloid leukemia (AML).,10.1182/blood-2009-05-222034,19654408,publication_primary_status_not_fully_manually_reviewed,False,False,False,potential_duplicate,https://www.ebi.ac.uk/chembl/api/data/activity/3449197.json,https://doi.org/10.1182/blood-2009-05-222034
sunitinib,PDGFRA,3449296,CHEMBL535,CHEMBL535,CHEMBL2007,Homo sapiens,9606,Kd,=,0.79,nM,9.10,,,CHEMBL1244558,Binding affinity to PDGFRA,B,,,BAO_0000357,single protein format,,1,CHEMBL1240346,2009,no_variant_described_not_proven_wild_type,ChEMBL_human_target_mapping_only,biochemical,,PUBLICATION,AC220 is a uniquely potent and selective inhibitor of FLT3 for the treatment of acute myeloid leukemia (AML).,10.1182/blood-2009-05-222034,19654408,publication_primary_status_not_fully_manually_reviewed,False,False,False,potential_duplicate,https://www.ebi.ac.uk/chembl/api/data/activity/3449296.json,https://doi.org/10.1182/blood-2009-05-222034
sunitinib,FLT4,7570602,CHEMBL535,CHEMBL535,CHEMBL1955,Homo sapiens,9606,Kd,=,50.0,nM,7.30,,,CHEMBL1908551,Binding constant for FLT4 kinase domain,B,,,BAO_0000357,single protein format,,1,CHEMBL1908390,2011,no_variant_described_not_proven_wild_type,ChEMBL_human_target_mapping_only,biochemical,,PUBLICATION,Comprehensive analysis of kinase inhibitor selectivity.,10.1038/nbt.1990,22037378,verified_primary_publication,False,False,False,potential_duplicate,https://www.ebi.ac.uk/chembl/api/data/activity/7570602.json,https://doi.org/10.1038/nbt.1990
sunitinib,PDGFRA,7570785,CHEMBL535,CHEMBL535,CHEMBL2007,Homo sapiens,9606,Kd,=,0.79,nM,9.10,,,CHEMBL1908731,Binding constant for PDGFRA kinase domain,B,,,BAO_0000357,single protein format,,1,CHEMBL1908390,2011,no_variant_described_not_proven_wild_type,ChEMBL_human_target_mapping_only,biochemical,,PUBLICATION,Comprehensive analysis of kinase inhibitor selectivity.,10.1038/nbt.1990,22037378,verified_primary_publication,False,False,False,potential_duplicate,https://www.ebi.ac.uk/chembl/api/data/activity/7570785.json,https://doi.org/10.1038/nbt.1990
sunitinib,PDGFRA,7991852,CHEMBL535,CHEMBL535,CHEMBL2007,Homo sapiens,9606,Inhibition,=,93.0,%,,,,CHEMBL1937676,Inhibition of PDGFRalpha at 10 uM,B,,,BAO_0000357,single protein format,,0,CHEMBL1933031,2012,no_variant_described_not_proven_wild_type,ChEMBL_human_target_mapping_only,biochemical,,PUBLICATION,"Discovery and bioactivity of 4-(2-arylpyrido[3',2':3,4]pyrrolo[1,2-f][1,2,4]triazin-4-yl) morpholine derivatives as novel PI3K inhibitors.",10.1016/j.bmcl.2011.11.003,22130133,publication_primary_status_not_fully_manually_reviewed,False,False,False,endpoint_outside_Kd_Ki_IC50;no_numeric_nM_value,https://www.ebi.ac.uk/chembl/api/data/activity/7991852.json,https://doi.org/10.1016/j.bmcl.2011.11.003
sunitinib,FLT4,14713692,CHEMBL535,CHEMBL535,CHEMBL1955,Homo sapiens,9606,Ki,=,17.0,nM,7.77,,,CHEMBL3296756,Binding affinity to VEGFR3 (unknown origin),B,,,BAO_0000357,single protein format,,0,CHEMBL3286339,2014,no_variant_described_not_proven_wild_type,unknown_origin_in_description,biochemical,,PUBLICATION,Synthesis and in vivo SAR study of indolin-2-one-based multi-targeted inhibitors as potential anticancer agents.,10.1016/j.ejmech.2014.05.051,24904961,publication_primary_status_not_fully_manually_reviewed,True,True,False,eligible,https://www.ebi.ac.uk/chembl/api/data/activity/14713692.json,https://doi.org/10.1016/j.ejmech.2014.05.051
sunitinib,PDGFRA,14992043,CHEMBL535,CHEMBL535,CHEMBL2007,Homo sapiens,9606,Inhibition,=,68.4,%,,,,CHEMBL3374157,Inhibition of PDGFRalpha (unknown origin) at 1 uM by ELISA method,B,,,BAO_0000357,single protein format,,0,CHEMBL3352075,2015,no_variant_described_not_proven_wild_type,unknown_origin_in_description,biochemical,,PUBLICATION,"Discovery of potent 1H-imidazo[4,5-b]pyridine-based c-Met kinase inhibitors via mechanism-directed structural optimization.",10.1016/j.bmcl.2014.11.070,25529740,publication_primary_status_not_fully_manually_reviewed,False,False,False,endpoint_outside_Kd_Ki_IC50;no_numeric_nM_value,https://www.ebi.ac.uk/chembl/api/data/activity/14992043.json,https://doi.org/10.1016/j.bmcl.2014.11.070
sunitinib,PDGFRA,14994883,CHEMBL535,CHEMBL535,CHEMBL2007,Homo sapiens,9606,Inhibition,=,71.4,%,,,,CHEMBL3372474,Inhibition of PDGFRalpha (unknown origin) at 100 uM,B,,,BAO_0000357,single protein format,,0,CHEMBL3352320,2014,no_variant_described_not_proven_wild_type,unknown_origin_in_description,biochemical,,PUBLICATION,Novel benzothiazinones (BTOs) as allosteric modulator or substrate competitive inhibitor of glycogen synthase kinase 3β (GSK-3β) with cellular activity of promoting glucose uptake.,10.1016/j.bmcl.2014.10.078,25467150,publication_primary_status_not_fully_manually_reviewed,False,False,False,endpoint_outside_Kd_Ki_IC50;no_numeric_nM_value,https://www.ebi.ac.uk/chembl/api/data/activity/14994883.json,https://doi.org/10.1016/j.bmcl.2014.10.078
sunitinib,PDGFRA,18033132,CHEMBL535,CHEMBL535,CHEMBL2007,Homo sapiens,9606,IC50,=,130.0,nM,6.89,,,CHEMBL4007942,Inhibition of human PDGFRalpha,B,,,BAO_0000357,single protein format,,0,CHEMBL4007390,2017,no_variant_described_not_proven_wild_type,explicit_human_in_description,biochemical,,PUBLICATION,"Design, synthesis and biological evaluation of indolin-2-one-based derivatives as potent, selective and efficacious inhibitors of FMS-like tyrosine kinase3 (FLT3).",10.1016/j.ejmech.2016.12.038,28038328,publication_primary_status_not_fully_manually_reviewed,True,True,True,eligible,https://www.ebi.ac.uk/chembl/api/data/activity/18033132.json,https://doi.org/10.1016/j.ejmech.2016.12.038
sunitinib,FLT4,18149677,CHEMBL535,CHEMBL535,CHEMBL1955,Homo sapiens,9606,Inhibition,,,%,,Active,,CHEMBL4033355,Inhibition of human Flt4 at 0.5 uM relative to control,B,,,BAO_0000357,single protein format,,0,CHEMBL4028913,2018,no_variant_described_not_proven_wild_type,explicit_human_in_description,biochemical,,PUBLICATION,Discovery of Novel Potent VEGFR-2 Inhibitors Exerting Significant Antiproliferative Activity against Cancer Cell Lines.,10.1021/acs.jmedchem.7b01091,29189002,publication_primary_status_not_fully_manually_reviewed,False,False,False,endpoint_outside_Kd_Ki_IC50;no_numeric_nM_value;nonexact_relation,https://www.ebi.ac.uk/chembl/api/data/activity/18149677.json,https://doi.org/10.1021/acs.jmedchem.7b01091
sunitinib,PDGFRA,18250445,CHEMBL535,CHEMBL535,CHEMBL2007,Homo sapiens,9606,Inhibition,=,94.0,%,,,,CHEMBL4054262,"Inhibition of PDGFRalpha (unknown origin) using poly (Glu, Tyr) 4:1 as substrate at 1 uM after 1 hr by ELISA relative to control",B,,,BAO_0000357,single protein format,,1,CHEMBL4052632,2017,no_variant_described_not_proven_wild_type,unknown_origin_in_description,biochemical,,PUBLICATION,The discovery of novel benzothiazinones as highly selective non-ATP competitive glycogen synthase kinase 3β inhibitors for the treatment of ovarian cancer.,10.1016/j.ejmech.2017.04.039,28460311,publication_primary_status_not_fully_manually_reviewed,False,False,False,potential_duplicate;endpoint_outside_Kd_Ki_IC50;no_numeric_nM_value,https://www.ebi.ac.uk/chembl/api/data/activity/18250445.json,https://doi.org/10.1016/j.ejmech.2017.04.039
sunitinib,PDGFRA,18561769,CHEMBL535,CHEMBL535,CHEMBL2007,Homo sapiens,9606,GI50,=,30.0,nM,,,,CHEMBL4201725,Inhibition of TEL-fused PDGFRalpha (unknown origin) transfected in mouse BA/F3 cells assessed as inhibition of cell growth incubated for 72 hrs by MTS assay,B,,,BAO_0000219,cell-based format,,0,CHEMBL4196201,2018,variant_or_fusion,unknown_origin_in_description,cellular,,PUBLICATION,"Discovery of N-(4-{[5-Fluoro-7-(2-methoxyethoxy)quinazolin-4-yl]amino}phenyl)-2-[4-(propan-2-yl)-1 H-1,2,3-triazol-1-yl]acetamide (AZD3229), a Potent Pan-KIT Mutant Inhibitor for the Treatment of Gastrointestinal Stromal Tumors.",10.1021/acs.jmedchem.8b00938,30204441,publication_primary_status_not_fully_manually_reviewed,False,False,False,variant_or_fusion;endpoint_outside_Kd_Ki_IC50,https://www.ebi.ac.uk/chembl/api/data/activity/18561769.json,https://doi.org/10.1021/acs.jmedchem.8b00938
sunitinib,PDGFRA,18561781,CHEMBL535,CHEMBL535,CHEMBL2007,Homo sapiens,9606,GI50,=,631.0,nM,,,,CHEMBL4201727,Inhibition of PDGFRalpha V561D/D842V mutant (unknown origin) transfected in mouse BA/F3 cells assessed as inhibition of cell growth incubated for 72 hrs by MTS assay,B,P16234,"V561D,D842V",BAO_0000219,cell-based format,,0,CHEMBL4196201,2018,variant_or_fusion,unknown_origin_in_description,cellular,,PUBLICATION,"Discovery of N-(4-{[5-Fluoro-7-(2-methoxyethoxy)quinazolin-4-yl]amino}phenyl)-2-[4-(propan-2-yl)-1 H-1,2,3-triazol-1-yl]acetamide (AZD3229), a Potent Pan-KIT Mutant Inhibitor for the Treatment of Gastrointestinal Stromal Tumors.",10.1021/acs.jmedchem.8b00938,30204441,publication_primary_status_not_fully_manually_reviewed,False,False,False,variant_or_fusion;endpoint_outside_Kd_Ki_IC50,https://www.ebi.ac.uk/chembl/api/data/activity/18561781.json,https://doi.org/10.1021/acs.jmedchem.8b00938
sunitinib,PDGFRA,18811985,CHEMBL535,CHEMBL535,CHEMBL2007,Homo sapiens,9606,Inhibition,=,71.4,%,,,,CHEMBL4276180,Inhibition of human PDGFRalpha at 100 uM,B,,,BAO_0000357,single protein format,,1,CHEMBL4270659,2018,no_variant_described_not_proven_wild_type,explicit_human_in_description,biochemical,,PUBLICATION,Discovery and anti-inflammatory evaluation of benzothiazepinones (BTZs) as novel non-ATP competitive inhibitors of glycogen synthase kinase-3β (GSK-3β).,10.1016/j.bmc.2018.09.027,30293796,publication_primary_status_not_fully_manually_reviewed,False,False,False,potential_duplicate;endpoint_outside_Kd_Ki_IC50;no_numeric_nM_value,https://www.ebi.ac.uk/chembl/api/data/activity/18811985.json,https://doi.org/10.1016/j.bmc.2018.09.027
sunitinib,PDGFRA,23216538,CHEMBL535,CHEMBL535,CHEMBL2007,Homo sapiens,9606,IC50,=,27.3,nM,7.56,,,CHEMBL4823738,Inhibition of PDGFRalpha (unknown origin) incubated for 30 mins in presence of ATP by mobility shift assay,B,,,BAO_0000357,single protein format,,0,CHEMBL4823252,2021,no_variant_described_not_proven_wild_type,unknown_origin_in_description,biochemical,,PUBLICATION,Discovery of a Potent and Selective FLT3 Inhibitor (<i>Z</i>)-<i>N</i>-(5-((5-Fluoro-2-oxoindolin-3-ylidene)methyl)-4-methyl-1<i>H</i>-pyrrol-3-yl)-3-(pyrrolidin-1-yl)propanamide with Improved Drug-like Properties and Superior Efficacy in FLT3-ITD-Positive Acute Myeloid Leukemia.,10.1021/acs.jmedchem.0c02247,33797247,publication_primary_status_not_fully_manually_reviewed,True,True,False,eligible,https://www.ebi.ac.uk/chembl/api/data/activity/23216538.json,https://doi.org/10.1021/acs.jmedchem.0c02247
sunitinib,PDGFRA,24375185,CHEMBL535,CHEMBL535,CHEMBL2007,Homo sapiens,9606,Inhibition,=,71.4,%,,,,CHEMBL5036875,Inhibition of PDGFRalpha (unknown origin) at 100 uM incubated for 60 mins by ELISA relative to control,B,,,BAO_0000357,single protein format,,1,CHEMBL5036319,2021,no_variant_described_not_proven_wild_type,unknown_origin_in_description,biochemical,,PUBLICATION,Discovery of Novel Benzothiazepinones as Irreversible Covalent Glycogen Synthase Kinase 3β Inhibitors for the Treatment of Acute Promyelocytic Leukemia.,10.1021/acs.jmedchem.0c02254,34027661,publication_primary_status_not_fully_manually_reviewed,False,False,False,potential_duplicate;endpoint_outside_Kd_Ki_IC50;no_numeric_nM_value,https://www.ebi.ac.uk/chembl/api/data/activity/24375185.json,https://doi.org/10.1021/acs.jmedchem.0c02254
sunitinib,PDGFRA,24867143,CHEMBL535,CHEMBL535,CHEMBL2007,Homo sapiens,9606,IC50,=,6.9,nM,8.16,,,CHEMBL5151928,Inhibition of PDGFRalpha (unknown origin),B,,,BAO_0000357,single protein format,,0,CHEMBL5150004,2021,no_variant_described_not_proven_wild_type,unknown_origin_in_description,biochemical,,PUBLICATION,Targeting Rearranged during Transfection in Cancer: A Perspective on Small-Molecule Inhibitors and Their Clinical Development.,10.1021/acs.jmedchem.0c02167,34402300,secondary_review_or_reanalysis,False,False,False,secondary_source,https://www.ebi.ac.uk/chembl/api/data/activity/24867143.json,https://doi.org/10.1021/acs.jmedchem.0c02167
sunitinib,FLT4,25070221,CHEMBL535,CHEMBL535,CHEMBL1955,Homo sapiens,9606,IC50,=,24.0,nM,7.62,,,CHEMBL5252744,Inhibition of human recombinant GST-fused VEGFR3 kinase domain transphosphorylation expressed in baculovirus expression system using poly-Glu-Tyr (4:1) as substrate measured after 10 mins in presence of gamma-[33P]-ATP by scintillation counting analysis,B,,,BAO_0000019,assay format,,0,CHEMBL5252510,2016,no_variant_described_not_proven_wild_type,explicit_human_in_description,biochemical,,PUBLICATION,A Novel Potent Oral Series of VEGFR2 Inhibitors Abrogate Tumor Growth by Inhibiting Angiogenesis.,10.1021/acs.jmedchem.5b01582,26629594,publication_primary_status_not_fully_manually_reviewed,True,True,True,eligible,https://www.ebi.ac.uk/chembl/api/data/activity/25070221.json,https://doi.org/10.1021/acs.jmedchem.5b01582
sunitinib,PDGFRA,26186125,CHEMBL535,CHEMBL535,CHEMBL2007,Homo sapiens,9606,IC50,=,120.0,nM,6.92,,,CHEMBL5635412,Inhibition of PDGFRA exon 18 (unknown origin),B,,,BAO_0000357,single protein format,,0,CHEMBL5634097,2023,variant_or_fusion,unknown_origin_in_description,biochemical,,PUBLICATION,A review: FDA-approved fluorine-containing small molecules from 2015 to 2022.,10.1016/j.ejmech.2023.115758,37657268,secondary_review_or_reanalysis,False,False,False,variant_or_fusion;secondary_source,https://www.ebi.ac.uk/chembl/api/data/activity/26186125.json,https://doi.org/10.1016/j.ejmech.2023.115758
sunitinib,PDGFRA,29279126,CHEMBL535,CHEMBL535,CHEMBL2007,Homo sapiens,9606,IC50,=,3.3,nM,8.48,,,CHEMBL6155899,Inhibition of wild type PDGFRA (unknown origin) extracted from Sf9 cells by HTRF assay,B,,,BAO_0000219,cell-based format,,0,CHEMBL6153081,2025,explicit_wild_type,unknown_origin_in_description,biochemical_recombinant_protein,ChEMBL cell-based BAO conflicts with extracted-protein HTRF description; classified biochemical by description,PUBLICATION,"Design, Synthesis, and SAR of Covalent KIT and PDGFRA Inhibitors─Exploring Their Potential in Targeting GIST.",10.1021/acs.jmedchem.4c02472,39841084,verified_primary_publication,True,True,False,eligible,https://www.ebi.ac.uk/chembl/api/data/activity/29279126.json,https://doi.org/10.1021/acs.jmedchem.4c02472
sunitinib,PDGFRA,29279160,CHEMBL535,CHEMBL535,CHEMBL2007,Homo sapiens,9606,IC50,=,152.0,nM,6.82,,,CHEMBL6155900,Inhibition of PDGFRA D842V mutant (unknown origin) extracted from Sf9 cells by HTRF assay,B,P16234,D842V,BAO_0000219,cell-based format,,0,CHEMBL6153081,2025,variant_or_fusion,unknown_origin_in_description,biochemical_recombinant_protein,ChEMBL cell-based BAO conflicts with extracted-protein HTRF description; classified biochemical by description,PUBLICATION,"Design, Synthesis, and SAR of Covalent KIT and PDGFRA Inhibitors─Exploring Their Potential in Targeting GIST.",10.1021/acs.jmedchem.4c02472,39841084,verified_primary_publication,False,False,False,variant_or_fusion,https://www.ebi.ac.uk/chembl/api/data/activity/29279160.json,https://doi.org/10.1021/acs.jmedchem.4c02472
sunitinib,PDGFRA,29279194,CHEMBL535,CHEMBL535,CHEMBL2007,Homo sapiens,9606,IC50,=,31.3,nM,7.50,,,CHEMBL6155901,Inhibition of N-terminal His10-tagged human PDGFRA T674I mutant (550 to 973 residues) extracted from Sf9 cells by HTRF assay,B,P16234,T674I,BAO_0000219,cell-based format,,0,CHEMBL6153081,2025,variant_or_fusion,explicit_human_in_description,biochemical_recombinant_protein,ChEMBL cell-based BAO conflicts with extracted-protein HTRF description; classified biochemical by description,PUBLICATION,"Design, Synthesis, and SAR of Covalent KIT and PDGFRA Inhibitors─Exploring Their Potential in Targeting GIST.",10.1021/acs.jmedchem.4c02472,39841084,verified_primary_publication,False,False,False,variant_or_fusion,https://www.ebi.ac.uk/chembl/api/data/activity/29279194.json,https://doi.org/10.1021/acs.jmedchem.4c02472
pazopanib,FLT4,2561551,CHEMBL477772,CHEMBL477772,CHEMBL1955,Homo sapiens,9606,IC50,=,47.0,nM,7.33,,,CHEMBL981077,Inhibition of human GST-tagged VEGFR3 by HTRF assay,B,,,BAO_0000357,single protein format,,0,CHEMBL1155848,2008,no_variant_described_not_proven_wild_type,explicit_human_in_description,biochemical,,PUBLICATION,"Discovery of 5-[[4-[(2,3-dimethyl-2H-indazol-6-yl)methylamino]-2-pyrimidinyl]amino]-2-methyl-benzenesulfonamide (Pazopanib), a novel and potent vascular endothelial growth factor receptor inhibitor.",10.1021/jm800566m,18620382,publication_primary_status_not_fully_manually_reviewed,True,True,True,eligible,https://www.ebi.ac.uk/chembl/api/data/activity/2561551.json,https://doi.org/10.1021/jm800566m
pazopanib,FLT4,2890898,CHEMBL477772,CHEMBL477772,CHEMBL1955,Homo sapiens,9606,Kd,=,27.0,nM,7.57,,,CHEMBL1060246,Binding constant for FLT4 kinase domain,B,,,BAO_0000357,single protein format,,0,CHEMBL1150977,2008,no_variant_described_not_proven_wild_type,ChEMBL_human_target_mapping_only,biochemical,,PUBLICATION,A quantitative analysis of kinase inhibitor selectivity.,10.1038/nbt1358,18183025,verified_primary_publication,True,True,False,eligible,https://www.ebi.ac.uk/chembl/api/data/activity/2890898.json,https://doi.org/10.1038/nbt1358
pazopanib,PDGFRA,2899042,CHEMBL477772,CHEMBL477772,CHEMBL2007,Homo sapiens,9606,Kd,=,4.9,nM,8.31,,,CHEMBL1062783,Binding constant for PDGFRA kinase domain,B,,,BAO_0000357,single protein format,,0,CHEMBL1150977,2008,no_variant_described_not_proven_wild_type,ChEMBL_human_target_mapping_only,biochemical,,PUBLICATION,A quantitative analysis of kinase inhibitor selectivity.,10.1038/nbt1358,18183025,verified_primary_publication,True,True,False,eligible,https://www.ebi.ac.uk/chembl/api/data/activity/2899042.json,https://doi.org/10.1038/nbt1358
pazopanib,FLT4,7596512,CHEMBL477772,CHEMBL477772,CHEMBL1955,Homo sapiens,9606,Kd,=,27.0,nM,7.57,,,CHEMBL1908551,Binding constant for FLT4 kinase domain,B,,,BAO_0000357,single protein format,,1,CHEMBL1908390,2011,no_variant_described_not_proven_wild_type,ChEMBL_human_target_mapping_only,biochemical,,PUBLICATION,Comprehensive analysis of kinase inhibitor selectivity.,10.1038/nbt.1990,22037378,verified_primary_publication,False,False,False,potential_duplicate,https://www.ebi.ac.uk/chembl/api/data/activity/7596512.json,https://doi.org/10.1038/nbt.1990
pazopanib,PDGFRA,7598232,CHEMBL477772,CHEMBL477772,CHEMBL2007,Homo sapiens,9606,Kd,=,4.9,nM,8.31,,,CHEMBL1908731,Binding constant for PDGFRA kinase domain,B,,,BAO_0000357,single protein format,,1,CHEMBL1908390,2011,no_variant_described_not_proven_wild_type,ChEMBL_human_target_mapping_only,biochemical,,PUBLICATION,Comprehensive analysis of kinase inhibitor selectivity.,10.1038/nbt.1990,22037378,verified_primary_publication,False,False,False,potential_duplicate,https://www.ebi.ac.uk/chembl/api/data/activity/7598232.json,https://doi.org/10.1038/nbt.1990
pazopanib,PDGFRA,9627076,CHEMBL477772,CHEMBL477772,CHEMBL2007,Homo sapiens,9606,Ki,=,630.96,nM,6.20,,active,CHEMBL1963805,PUBCHEM_BIOASSAY: Navigating the Kinome. (Class of assay: other) Panel member name: PDGFRA,F,,,BAO_0000019,assay format,,0,CHEMBL1201862,,no_variant_described_not_proven_wild_type,ChEMBL_human_target_mapping_only,assay_context_uncertain,,DATASET,PubChem BioAssay data set,,,publication_primary_status_not_fully_manually_reviewed,True,False,False,eligible,https://www.ebi.ac.uk/chembl/api/data/activity/9627076.json,https://www.ebi.ac.uk/chembl/api/data/document/CHEMBL1201862.json
pazopanib,PDGFRA,13910025,CHEMBL477772,CHEMBL477772,CHEMBL2007,Homo sapiens,9606,IC50,=,71.0,nM,7.15,,,CHEMBL3116993,Inhibition of PDGFR-alpha tyrosine kinase (unknown origin) after 30 mins by HTRF method,B,,,BAO_0000357,single protein format,,0,CHEMBL3112549,2014,no_variant_described_not_proven_wild_type,unknown_origin_in_description,biochemical,,PUBLICATION,Synthesis and biological evaluation of novel pazopanib derivatives as antitumor agents.,10.1016/j.bmcl.2014.01.003,24456902,publication_primary_status_not_fully_manually_reviewed,True,True,False,eligible,https://www.ebi.ac.uk/chembl/api/data/activity/13910025.json,https://doi.org/10.1016/j.bmcl.2014.01.003
pazopanib,FLT4,18531083,CHEMBL477772,CHEMBL477772,CHEMBL1955,Homo sapiens,9606,IC50,=,46.0,nM,7.34,,,CHEMBL4195391,Inhibition of VEGFR-3 (unknown origin) after 40 mins by kinase-Glo assay,B,,,BAO_0000357,single protein format,,1,CHEMBL4190394,2018,no_variant_described_not_proven_wild_type,unknown_origin_in_description,biochemical,,PUBLICATION,Discovery of Novel Pazopanib-Based HDAC and VEGFR Dual Inhibitors Targeting Cancer Epigenetics and Angiogenesis Simultaneously.,10.1021/acs.jmedchem.8b00384,29787262,publication_primary_status_not_fully_manually_reviewed,False,False,False,potential_duplicate,https://www.ebi.ac.uk/chembl/api/data/activity/18531083.json,https://doi.org/10.1021/acs.jmedchem.8b00384
pazopanib,FLT4,18854177,CHEMBL477772,CHEMBL477772,CHEMBL1955,Homo sapiens,9606,IC50,=,47.0,nM,7.33,,,CHEMBL4307052,Inhibition of VEGFR3 (unknown origin),B,,,BAO_0000357,single protein format,,1,CHEMBL4304778,2019,no_variant_described_not_proven_wild_type,unknown_origin_in_description,biochemical,,PUBLICATION,Evolution in medicinal chemistry of sorafenib derivatives for hepatocellular carcinoma.,10.1016/j.ejmech.2019.06.070,31306818,secondary_review_or_reanalysis,False,False,False,potential_duplicate;secondary_source,https://www.ebi.ac.uk/chembl/api/data/activity/18854177.json,https://doi.org/10.1016/j.ejmech.2019.06.070
pazopanib,FLT4,23289718,CHEMBL477772,CHEMBL477772,CHEMBL1955,Homo sapiens,9606,IC50,=,47.0,nM,7.33,,,CHEMBL4839223,Inhibition of VEGFR3 (unknown origin),B,,,BAO_0000357,single protein format,,1,CHEMBL4837240,2021,no_variant_described_not_proven_wild_type,unknown_origin_in_description,biochemical,,PUBLICATION,"Discovery, Synthesis, and Evaluation of Highly Selective Vascular Endothelial Growth Factor Receptor 3 (VEGFR3) Inhibitor for the Potential Treatment of Metastatic Triple-Negative Breast Cancer.",10.1021/acs.jmedchem.1c00678,34351741,publication_primary_status_not_fully_manually_reviewed,False,False,False,potential_duplicate,https://www.ebi.ac.uk/chembl/api/data/activity/23289718.json,https://doi.org/10.1021/acs.jmedchem.1c00678
pazopanib,FLT4,25471085,CHEMBL477772,CHEMBL477772,CHEMBL1955,Homo sapiens,9606,Inhibition,,,%,,Active,,CHEMBL5324767,"Inhibition of VEGFR3 phosphorylation at tyr1230 residue in human MDA-MB-231 cells xenografted in BALB/c nude mouse at 50 mg/kg, po for 14 days in presence of 1:1 of compound:Olaparib by H and E staining based IHC analysis",B,,,BAO_0000218,organism-based format,,0,CHEMBL5321287,2023,no_variant_described_not_proven_wild_type,explicit_human_in_description,assay_context_uncertain,,PUBLICATION,"Discovery, Synthesis, and Evaluation of Novel Dual Inhibitors of a Vascular Endothelial Growth Factor Receptor and Poly(ADP-Ribose) Polymerase for BRCA Wild-Type Breast Cancer Therapy.",10.1021/acs.jmedchem.3c00640,37616488,publication_primary_status_not_fully_manually_reviewed,False,False,False,endpoint_outside_Kd_Ki_IC50;no_numeric_nM_value;nonexact_relation,https://www.ebi.ac.uk/chembl/api/data/activity/25471085.json,https://doi.org/10.1021/acs.jmedchem.3c00640
pazopanib,FLT4,25471096,CHEMBL477772,CHEMBL477772,CHEMBL1955,Homo sapiens,9606,Inhibition,,,%,,Active,,CHEMBL5324778,"Inhibition of VEGFR3 phosphorylation at tyr1230 residue in human MDA-MB-231 cells xenografted in BALB/c nude mouse at 25 to 50 mg/kg, po for 14 days in presence of 1:1 of compound:Olaparib by Western blot analysis",B,,,BAO_0000218,organism-based format,,0,CHEMBL5321287,2023,no_variant_described_not_proven_wild_type,explicit_human_in_description,assay_context_uncertain,,PUBLICATION,"Discovery, Synthesis, and Evaluation of Novel Dual Inhibitors of a Vascular Endothelial Growth Factor Receptor and Poly(ADP-Ribose) Polymerase for BRCA Wild-Type Breast Cancer Therapy.",10.1021/acs.jmedchem.3c00640,37616488,publication_primary_status_not_fully_manually_reviewed,False,False,False,endpoint_outside_Kd_Ki_IC50;no_numeric_nM_value;nonexact_relation,https://www.ebi.ac.uk/chembl/api/data/activity/25471096.json,https://doi.org/10.1021/acs.jmedchem.3c00640
sorafenib,FLT4,1650249,CHEMBL1336,CHEMBL1336,CHEMBL1955,Homo sapiens,9606,Kd,=,16.0,nM,7.80,,,CHEMBL860889,Average Binding Constant for FLT4; NA=Not Active at 10 uM,B,,,BAO_0000357,single protein format,,0,CHEMBL1144455,2005,no_variant_described_not_proven_wild_type,ChEMBL_human_target_mapping_only,biochemical,,PUBLICATION,A small molecule-kinase interaction map for clinical kinase inhibitors.,10.1038/nbt1068,15711537,verified_primary_publication,True,True,False,eligible,https://www.ebi.ac.uk/chembl/api/data/activity/1650249.json,https://doi.org/10.1038/nbt1068
sorafenib,FLT4,2206918,CHEMBL1336,CHEMBL1336,CHEMBL1955,Homo sapiens,9606,Kd,=,16.0,nM,7.80,,,CHEMBL990525,Inhibition of FLT4,B,,,BAO_0000357,single protein format,,1,CHEMBL1149823,2007,no_variant_described_not_proven_wild_type,ChEMBL_human_target_mapping_only,biochemical,,PUBLICATION,Identification of genotype-correlated sensitivity to selective kinase inhibitors by using high-throughput tumor cell line profiling.,10.1073/pnas.0707498104,18077425,publication_primary_status_not_fully_manually_reviewed,False,False,False,potential_duplicate,https://www.ebi.ac.uk/chembl/api/data/activity/2206918.json,https://doi.org/10.1073/pnas.0707498104
sorafenib,FLT4,2890912,CHEMBL1336,CHEMBL1336,CHEMBL1955,Homo sapiens,9606,Kd,=,95.0,nM,7.02,,,CHEMBL1060246,Binding constant for FLT4 kinase domain,B,,,BAO_0000357,single protein format,,0,CHEMBL1150977,2008,no_variant_described_not_proven_wild_type,ChEMBL_human_target_mapping_only,biochemical,,PUBLICATION,A quantitative analysis of kinase inhibitor selectivity.,10.1038/nbt1358,18183025,verified_primary_publication,True,True,False,eligible,https://www.ebi.ac.uk/chembl/api/data/activity/2890912.json,https://doi.org/10.1038/nbt1358
sorafenib,PDGFRA,2899056,CHEMBL1336,CHEMBL1336,CHEMBL2007,Homo sapiens,9606,Kd,=,62.0,nM,7.21,,,CHEMBL1062783,Binding constant for PDGFRA kinase domain,B,,,BAO_0000357,single protein format,,0,CHEMBL1150977,2008,no_variant_described_not_proven_wild_type,ChEMBL_human_target_mapping_only,biochemical,,PUBLICATION,A quantitative analysis of kinase inhibitor selectivity.,10.1038/nbt1358,18183025,verified_primary_publication,True,True,False,eligible,https://www.ebi.ac.uk/chembl/api/data/activity/2899056.json,https://doi.org/10.1038/nbt1358
sorafenib,FLT4,3370572,CHEMBL1336,CHEMBL1336,CHEMBL1955,Homo sapiens,9606,IC50,=,3.0,nM,8.52,,,CHEMBL1176707,Inhibition of VEGFR3,B,,,BAO_0000357,single protein format,,0,CHEMBL1177651,2010,no_variant_described_not_proven_wild_type,ChEMBL_human_target_mapping_only,biochemical,,PUBLICATION,Synthesis and structure-activity relationship of 6-arylureido-3-pyrrol-2-ylmethylideneindolin-2-one derivatives as potent receptor tyrosine kinase inhibitors.,10.1016/j.bmc.2010.05.021,20570526,publication_primary_status_not_fully_manually_reviewed,True,True,False,eligible,https://www.ebi.ac.uk/chembl/api/data/activity/3370572.json,https://doi.org/10.1016/j.bmc.2010.05.021
sorafenib,FLT4,3449198,CHEMBL1336,CHEMBL1336,CHEMBL1955,Homo sapiens,9606,Kd,=,95.0,nM,7.02,,,CHEMBL1244851,Binding affinity to FLT4,B,,,BAO_0000357,single protein format,,1,CHEMBL1240346,2009,no_variant_described_not_proven_wild_type,ChEMBL_human_target_mapping_only,biochemical,,PUBLICATION,AC220 is a uniquely potent and selective inhibitor of FLT3 for the treatment of acute myeloid leukemia (AML).,10.1182/blood-2009-05-222034,19654408,publication_primary_status_not_fully_manually_reviewed,False,False,False,potential_duplicate,https://www.ebi.ac.uk/chembl/api/data/activity/3449198.json,https://doi.org/10.1182/blood-2009-05-222034
sorafenib,PDGFRA,3449297,CHEMBL1336,CHEMBL1336,CHEMBL2007,Homo sapiens,9606,Kd,=,62.0,nM,7.21,,,CHEMBL1244558,Binding affinity to PDGFRA,B,,,BAO_0000357,single protein format,,1,CHEMBL1240346,2009,no_variant_described_not_proven_wild_type,ChEMBL_human_target_mapping_only,biochemical,,PUBLICATION,AC220 is a uniquely potent and selective inhibitor of FLT3 for the treatment of acute myeloid leukemia (AML).,10.1182/blood-2009-05-222034,19654408,publication_primary_status_not_fully_manually_reviewed,False,False,False,potential_duplicate,https://www.ebi.ac.uk/chembl/api/data/activity/3449297.json,https://doi.org/10.1182/blood-2009-05-222034
sorafenib,FLT4,7594987,CHEMBL1336,CHEMBL1336,CHEMBL1955,Homo sapiens,9606,Kd,=,95.0,nM,7.02,,,CHEMBL1908551,Binding constant for FLT4 kinase domain,B,,,BAO_0000357,single protein format,,1,CHEMBL1908390,2011,no_variant_described_not_proven_wild_type,ChEMBL_human_target_mapping_only,biochemical,,PUBLICATION,Comprehensive analysis of kinase inhibitor selectivity.,10.1038/nbt.1990,22037378,verified_primary_publication,False,False,False,potential_duplicate,https://www.ebi.ac.uk/chembl/api/data/activity/7594987.json,https://doi.org/10.1038/nbt.1990
sorafenib,PDGFRA,7596700,CHEMBL1336,CHEMBL1336,CHEMBL2007,Homo sapiens,9606,Kd,=,62.0,nM,7.21,,,CHEMBL1908731,Binding constant for PDGFRA kinase domain,B,,,BAO_0000357,single protein format,,1,CHEMBL1908390,2011,no_variant_described_not_proven_wild_type,ChEMBL_human_target_mapping_only,biochemical,,PUBLICATION,Comprehensive analysis of kinase inhibitor selectivity.,10.1038/nbt.1990,22037378,verified_primary_publication,False,False,False,potential_duplicate,https://www.ebi.ac.uk/chembl/api/data/activity/7596700.json,https://doi.org/10.1038/nbt.1990
sorafenib,PDGFRA,9630679,CHEMBL1336,CHEMBL1336,CHEMBL2007,Homo sapiens,9606,Ki,=,1000.0,nM,6.00,,active,CHEMBL1963805,PUBCHEM_BIOASSAY: Navigating the Kinome. (Class of assay: other) Panel member name: PDGFRA,F,,,BAO_0000019,assay format,,0,CHEMBL1201862,,no_variant_described_not_proven_wild_type,ChEMBL_human_target_mapping_only,assay_context_uncertain,,DATASET,PubChem BioAssay data set,,,publication_primary_status_not_fully_manually_reviewed,True,False,False,eligible,https://www.ebi.ac.uk/chembl/api/data/activity/9630679.json,https://www.ebi.ac.uk/chembl/api/data/document/CHEMBL1201862.json
sorafenib,FLT4,9635523,CHEMBL1336,CHEMBL1336,CHEMBL1955,Homo sapiens,9606,Ki,=,100.0,nM,7.00,,active,CHEMBL1963812,PUBCHEM_BIOASSAY: Navigating the Kinome. (Class of assay: other) Panel member name: FLT4,F,,,BAO_0000019,assay format,,0,CHEMBL1201862,,no_variant_described_not_proven_wild_type,ChEMBL_human_target_mapping_only,assay_context_uncertain,,DATASET,PubChem BioAssay data set,,,publication_primary_status_not_fully_manually_reviewed,True,False,False,eligible,https://www.ebi.ac.uk/chembl/api/data/activity/9635523.json,https://www.ebi.ac.uk/chembl/api/data/document/CHEMBL1201862.json
sorafenib,FLT4,12081328,CHEMBL1336,CHEMBL1336,CHEMBL1955,Homo sapiens,9606,IC50,=,16.0,nM,7.80,,,CHEMBL2167674,Inhibition of VEGFR3,B,,,BAO_0000357,single protein format,,0,CHEMBL2163296,2012,no_variant_described_not_proven_wild_type,ChEMBL_human_target_mapping_only,biochemical,,PUBLICATION,Life beyond kinases: structure-based discovery of sorafenib as nanomolar antagonist of 5-HT receptors.,10.1021/jm300338m,22694093,publication_primary_status_not_fully_manually_reviewed,True,True,False,eligible,https://www.ebi.ac.uk/chembl/api/data/activity/12081328.json,https://doi.org/10.1021/jm300338m
sorafenib,PDGFRA,22853399,CHEMBL1336,CHEMBL1336,CHEMBL2007,Homo sapiens,9606,Activity,=,-55.0,%,,,,CHEMBL4724258,Effect on human recombinant N-terminal GST-tagged PDGFRalpha (550 to end residues) expressed in baculovirus infected Sf9 insect cells in presence of substrate and [gamma-32ATP] at 10 uM incubated for 30 mins by scintillation counting based radiometry assay relative to control,A,,,BAO_0000219,cell-based format,,0,CHEMBL4715878,2020,no_variant_described_not_proven_wild_type,explicit_human_in_description,cellular,,PUBLICATION,"HER2 Kinase-Targeted Breast Cancer Therapy: Design, Synthesis, and In Vitro and In Vivo Evaluation of Novel Lapatinib Congeners as Selective and Potent HER2 Inhibitors with Favorable Metabolic Stability.",10.1021/acs.jmedchem.0c01647,33314925,publication_primary_status_not_fully_manually_reviewed,False,False,False,endpoint_outside_Kd_Ki_IC50;no_numeric_nM_value,https://www.ebi.ac.uk/chembl/api/data/activity/22853399.json,https://doi.org/10.1021/acs.jmedchem.0c01647
sorafenib,FLT4,22853496,CHEMBL1336,CHEMBL1336,CHEMBL1955,Homo sapiens,9606,Activity,=,-97.0,%,,,,CHEMBL4724270,Effect on human FLT4 in presence of substrate and [gamma-32ATP] at 10 uM incubated for 30 mins by scintillation counting based radiometry assay relative to control,B,,,BAO_0000357,single protein format,,0,CHEMBL4715878,2020,no_variant_described_not_proven_wild_type,explicit_human_in_description,biochemical,,PUBLICATION,"HER2 Kinase-Targeted Breast Cancer Therapy: Design, Synthesis, and In Vitro and In Vivo Evaluation of Novel Lapatinib Congeners as Selective and Potent HER2 Inhibitors with Favorable Metabolic Stability.",10.1021/acs.jmedchem.0c01647,33314925,publication_primary_status_not_fully_manually_reviewed,False,False,False,endpoint_outside_Kd_Ki_IC50;no_numeric_nM_value,https://www.ebi.ac.uk/chembl/api/data/activity/22853496.json,https://doi.org/10.1021/acs.jmedchem.0c01647
sorafenib,FLT4,22916318,CHEMBL1336,CHEMBL1336,CHEMBL1955,Homo sapiens,9606,Inhibition,=,9934.0,%,,,,CHEMBL4735610,Inhibition of Flt4 (unknown origin) in presence of [gamma33]-ATP at 10 uM by liquid scintillation counting analysis relative to control,B,,,BAO_0000357,single protein format,Outside typical range,0,CHEMBL4732124,2021,no_variant_described_not_proven_wild_type,unknown_origin_in_description,biochemical,,PUBLICATION,"Design, synthesis, biological evaluation, and modeling studies of novel conformationally-restricted analogues of sorafenib as selective kinase-inhibitory antiproliferative agents against hepatocellular carcinoma cells.",10.1016/j.ejmech.2020.113081,33310290,publication_primary_status_not_fully_manually_reviewed,False,False,False,validity_flag;endpoint_outside_Kd_Ki_IC50;no_numeric_nM_value,https://www.ebi.ac.uk/chembl/api/data/activity/22916318.json,https://doi.org/10.1016/j.ejmech.2020.113081
sorafenib,PDGFRA,22916324,CHEMBL1336,CHEMBL1336,CHEMBL2007,Homo sapiens,9606,Inhibition,=,99.39,%,,,,CHEMBL4735613,Inhibition of PDGFRalpha (unknown origin) in presence of [gamma33]-ATP at 10 uM by liquid scintillation counting analysis relative to control,B,,,BAO_0000357,single protein format,,0,CHEMBL4732124,2021,no_variant_described_not_proven_wild_type,unknown_origin_in_description,biochemical,,PUBLICATION,"Design, synthesis, biological evaluation, and modeling studies of novel conformationally-restricted analogues of sorafenib as selective kinase-inhibitory antiproliferative agents against hepatocellular carcinoma cells.",10.1016/j.ejmech.2020.113081,33310290,publication_primary_status_not_fully_manually_reviewed,False,False,False,endpoint_outside_Kd_Ki_IC50;no_numeric_nM_value,https://www.ebi.ac.uk/chembl/api/data/activity/22916324.json,https://doi.org/10.1016/j.ejmech.2020.113081
sorafenib,FLT4,22916328,CHEMBL1336,CHEMBL1336,CHEMBL1955,Homo sapiens,9606,IC50,=,36.5,nM,7.44,,,CHEMBL4735615,Inhibition of Flt4 (unknown origin) in presence of [gamma33]-ATP by liquid scintillation counting analysis,B,,,BAO_0000357,single protein format,,0,CHEMBL4732124,2021,no_variant_described_not_proven_wild_type,unknown_origin_in_description,biochemical,,PUBLICATION,"Design, synthesis, biological evaluation, and modeling studies of novel conformationally-restricted analogues of sorafenib as selective kinase-inhibitory antiproliferative agents against hepatocellular carcinoma cells.",10.1016/j.ejmech.2020.113081,33310290,publication_primary_status_not_fully_manually_reviewed,True,True,False,eligible,https://www.ebi.ac.uk/chembl/api/data/activity/22916328.json,https://doi.org/10.1016/j.ejmech.2020.113081
sorafenib,PDGFRA,22916334,CHEMBL1336,CHEMBL1336,CHEMBL2007,Homo sapiens,9606,IC50,=,427.0,nM,6.37,,,CHEMBL4735618,Inhibition of PDGFRalpha (unknown origin) in presence of [gamma33]-ATP by liquid scintillation counting analysis,B,,,BAO_0000357,single protein format,,0,CHEMBL4732124,2021,no_variant_described_not_proven_wild_type,unknown_origin_in_description,biochemical,,PUBLICATION,"Design, synthesis, biological evaluation, and modeling studies of novel conformationally-restricted analogues of sorafenib as selective kinase-inhibitory antiproliferative agents against hepatocellular carcinoma cells.",10.1016/j.ejmech.2020.113081,33310290,publication_primary_status_not_fully_manually_reviewed,True,True,False,eligible,https://www.ebi.ac.uk/chembl/api/data/activity/22916334.json,https://doi.org/10.1016/j.ejmech.2020.113081
sorafenib,PDGFRA,22969939,CHEMBL1336,CHEMBL1336,CHEMBL2007,Homo sapiens,9606,Kd,=,62.0,nM,7.21,,,CHEMBL4770455,Binding affinity to human PDGFRA,B,,,BAO_0000357,single protein format,,1,CHEMBL4765332,2020,no_variant_described_not_proven_wild_type,explicit_human_in_description,biochemical,,PUBLICATION,A multi-scale systems pharmacology approach uncovers the anti-cancer molecular mechanism of Ixabepilone.,10.1016/j.ejmech.2020.112421,32428794,publication_primary_status_not_fully_manually_reviewed,False,False,False,potential_duplicate,https://www.ebi.ac.uk/chembl/api/data/activity/22969939.json,https://doi.org/10.1016/j.ejmech.2020.112421
sorafenib,FLT4,23289715,CHEMBL1336,CHEMBL1336,CHEMBL1955,Homo sapiens,9606,IC50,=,20.0,nM,7.70,,,CHEMBL4839223,Inhibition of VEGFR3 (unknown origin),B,,,BAO_0000357,single protein format,,1,CHEMBL4837240,2021,no_variant_described_not_proven_wild_type,unknown_origin_in_description,biochemical,,PUBLICATION,"Discovery, Synthesis, and Evaluation of Highly Selective Vascular Endothelial Growth Factor Receptor 3 (VEGFR3) Inhibitor for the Potential Treatment of Metastatic Triple-Negative Breast Cancer.",10.1021/acs.jmedchem.1c00678,34351741,publication_primary_status_not_fully_manually_reviewed,False,False,False,potential_duplicate,https://www.ebi.ac.uk/chembl/api/data/activity/23289715.json,https://doi.org/10.1021/acs.jmedchem.1c00678
sorafenib,FLT4,24867121,CHEMBL1336,CHEMBL1336,CHEMBL1955,Homo sapiens,9606,IC50,=,20.0,nM,7.70,,,CHEMBL5151912,Inhibition of VEGFR3 (unknown origin),B,,,BAO_0000357,single protein format,,0,CHEMBL5150004,2021,no_variant_described_not_proven_wild_type,unknown_origin_in_description,biochemical,,PUBLICATION,Targeting Rearranged during Transfection in Cancer: A Perspective on Small-Molecule Inhibitors and Their Clinical Development.,10.1021/acs.jmedchem.0c02167,34402300,secondary_review_or_reanalysis,False,False,False,secondary_source,https://www.ebi.ac.uk/chembl/api/data/activity/24867121.json,https://doi.org/10.1021/acs.jmedchem.0c02167
sorafenib,FLT4,25029676,CHEMBL1336,CHEMBL1336,CHEMBL1955,Homo sapiens,9606,IC50,=,90.0,nM,7.05,,,CHEMBL5241257,Inhibition of VEGFR-3 (unknown origin),B,,,BAO_0000357,single protein format,,0,CHEMBL5241055,2021,no_variant_described_not_proven_wild_type,unknown_origin_in_description,biochemical,,PUBLICATION,Angel or Devil ? - CDK8 as the new drug target.,10.1016/j.ejmech.2020.113043,33257171,secondary_review_or_reanalysis,False,False,False,secondary_source,https://www.ebi.ac.uk/chembl/api/data/activity/25029676.json,https://doi.org/10.1016/j.ejmech.2020.113043
sorafenib,FLT4,25070222,CHEMBL1336,CHEMBL1336,CHEMBL1955,Homo sapiens,9606,IC50,=,245.0,nM,6.61,,,CHEMBL5252744,Inhibition of human recombinant GST-fused VEGFR3 kinase domain transphosphorylation expressed in baculovirus expression system using poly-Glu-Tyr (4:1) as substrate measured after 10 mins in presence of gamma-[33P]-ATP by scintillation counting analysis,B,,,BAO_0000019,assay format,,0,CHEMBL5252510,2016,no_variant_described_not_proven_wild_type,explicit_human_in_description,biochemical,,PUBLICATION,A Novel Potent Oral Series of VEGFR2 Inhibitors Abrogate Tumor Growth by Inhibiting Angiogenesis.,10.1021/acs.jmedchem.5b01582,26629594,publication_primary_status_not_fully_manually_reviewed,True,True,True,eligible,https://www.ebi.ac.uk/chembl/api/data/activity/25070222.json,https://doi.org/10.1021/acs.jmedchem.5b01582
sorafenib,FLT4,26038448,CHEMBL1336,CHEMBL1336,CHEMBL1955,Homo sapiens,9606,IC50,=,762.3,nM,6.12,,,CHEMBL5585340,Inhibition of FLT4 (unknown origin) using myelin basic protein as substrate measured after 40 mins in presence of [gamma-33P]-ATP by scintillation counting method,B,,,BAO_0000357,single protein format,,0,CHEMBL5584237,2024,no_variant_described_not_proven_wild_type,unknown_origin_in_description,biochemical,,PUBLICATION,"Design, synthesis, biological evaluation, and in silico studies of novel pyridopyridine derivatives as anticancer candidates targeting FMS kinase.",10.1016/j.ejmech.2024.116557,38850857,publication_primary_status_not_fully_manually_reviewed,True,True,False,eligible,https://www.ebi.ac.uk/chembl/api/data/activity/26038448.json,https://doi.org/10.1016/j.ejmech.2024.116557
sorafenib,PDGFRA,26038472,CHEMBL1336,CHEMBL1336,CHEMBL2007,Homo sapiens,9606,IC50,=,103.2,nM,6.99,,,CHEMBL5585342,Inhibition of PDGFRalpha (unknown origin) using myelin basic protein as substrate measured after 40 mins in presence of [gamma-33P]-ATP by scintillation counting method,B,,,BAO_0000357,single protein format,,0,CHEMBL5584237,2024,no_variant_described_not_proven_wild_type,unknown_origin_in_description,biochemical,,PUBLICATION,"Design, synthesis, biological evaluation, and in silico studies of novel pyridopyridine derivatives as anticancer candidates targeting FMS kinase.",10.1016/j.ejmech.2024.116557,38850857,publication_primary_status_not_fully_manually_reviewed,True,True,False,eligible,https://www.ebi.ac.uk/chembl/api/data/activity/26038472.json,https://doi.org/10.1016/j.ejmech.2024.116557
sorafenib,FLT4,29065529,CHEMBL1336,CHEMBL1336,CHEMBL1955,Homo sapiens,9606,IC50,=,20.0,nM,7.70,,,CHEMBL6074903,Inhibition of VEGFR-3 (unknown origin),B,,,BAO_0000357,single protein format,,1,CHEMBL6074624,2024,no_variant_described_not_proven_wild_type,unknown_origin_in_description,biochemical,,PUBLICATION,"FDA-approved small molecule kinase inhibitors for cancer treatment (2001-2015): Medical indication, structural optimization, and binding mode Part I.",10.1016/j.bmc.2024.117870,39128361,publication_primary_status_not_fully_manually_reviewed,False,False,False,potential_duplicate,https://www.ebi.ac.uk/chembl/api/data/activity/29065529.json,https://doi.org/10.1016/j.bmc.2024.117870
sorafenib,FLT4,29096308,CHEMBL1336,CHEMBL1336,CHEMBL1955,Homo sapiens,9606,IC50,=,11.0,nM,7.96,,,CHEMBL6084696,Inhibition of FLT4 (unknown origin),B,,,BAO_0000357,single protein format,,0,CHEMBL6083222,2024,no_variant_described_not_proven_wild_type,unknown_origin_in_description,biochemical,,PUBLICATION,"Discovery of novel, orally bioavailable phenylacetamide derivatives as multikinase inhibitors and in vivo efficacy study in hepatocellular carcinoma animal models.",10.1016/j.bmcl.2024.129971,39306048,publication_primary_status_not_fully_manually_reviewed,True,True,False,eligible,https://www.ebi.ac.uk/chembl/api/data/activity/29096308.json,https://doi.org/10.1016/j.bmcl.2024.129971
sorafenib,PDGFRA,29096333,CHEMBL1336,CHEMBL1336,CHEMBL2007,Homo sapiens,9606,IC50,=,2.0,nM,8.70,,,CHEMBL6084698,Inhibition of PDGFR-alpha (unknown origin),B,,,BAO_0000357,single protein format,,0,CHEMBL6083222,2024,no_variant_described_not_proven_wild_type,unknown_origin_in_description,biochemical,,PUBLICATION,"Discovery of novel, orally bioavailable phenylacetamide derivatives as multikinase inhibitors and in vivo efficacy study in hepatocellular carcinoma animal models.",10.1016/j.bmcl.2024.129971,39306048,publication_primary_status_not_fully_manually_reviewed,True,True,False,eligible,https://www.ebi.ac.uk/chembl/api/data/activity/29096333.json,https://doi.org/10.1016/j.bmcl.2024.129971
regorafenib,PDGFRA,18561770,CHEMBL1946170,CHEMBL1946170,CHEMBL2007,Homo sapiens,9606,GI50,=,51.0,nM,,,,CHEMBL4201725,Inhibition of TEL-fused PDGFRalpha (unknown origin) transfected in mouse BA/F3 cells assessed as inhibition of cell growth incubated for 72 hrs by MTS assay,B,,,BAO_0000219,cell-based format,,0,CHEMBL4196201,2018,variant_or_fusion,unknown_origin_in_description,cellular,,PUBLICATION,"Discovery of N-(4-{[5-Fluoro-7-(2-methoxyethoxy)quinazolin-4-yl]amino}phenyl)-2-[4-(propan-2-yl)-1 H-1,2,3-triazol-1-yl]acetamide (AZD3229), a Potent Pan-KIT Mutant Inhibitor for the Treatment of Gastrointestinal Stromal Tumors.",10.1021/acs.jmedchem.8b00938,30204441,publication_primary_status_not_fully_manually_reviewed,False,False,False,variant_or_fusion;endpoint_outside_Kd_Ki_IC50,https://www.ebi.ac.uk/chembl/api/data/activity/18561770.json,https://doi.org/10.1021/acs.jmedchem.8b00938
regorafenib,PDGFRA,18561782,CHEMBL1946170,CHEMBL1946170,CHEMBL2007,Homo sapiens,9606,GI50,=,522.0,nM,,,,CHEMBL4201727,Inhibition of PDGFRalpha V561D/D842V mutant (unknown origin) transfected in mouse BA/F3 cells assessed as inhibition of cell growth incubated for 72 hrs by MTS assay,B,P16234,"V561D,D842V",BAO_0000219,cell-based format,,0,CHEMBL4196201,2018,variant_or_fusion,unknown_origin_in_description,cellular,,PUBLICATION,"Discovery of N-(4-{[5-Fluoro-7-(2-methoxyethoxy)quinazolin-4-yl]amino}phenyl)-2-[4-(propan-2-yl)-1 H-1,2,3-triazol-1-yl]acetamide (AZD3229), a Potent Pan-KIT Mutant Inhibitor for the Treatment of Gastrointestinal Stromal Tumors.",10.1021/acs.jmedchem.8b00938,30204441,publication_primary_status_not_fully_manually_reviewed,False,False,False,variant_or_fusion;endpoint_outside_Kd_Ki_IC50,https://www.ebi.ac.uk/chembl/api/data/activity/18561782.json,https://doi.org/10.1021/acs.jmedchem.8b00938
regorafenib,FLT4,22874809,CHEMBL1946170,CHEMBL1946170,CHEMBL1955,Homo sapiens,9606,Activity,=,0.0,%,,,,CHEMBL4725500,Inhibition of human VEGFR3 assessed as remaining enzyme activity at 1 uM,B,,,BAO_0000357,single protein format,,0,CHEMBL4725218,2020,no_variant_described_not_proven_wild_type,explicit_human_in_description,biochemical,,PUBLICATION,Deep Learning Enhancing Kinome-Wide Polypharmacology Profiling: Model Construction and Experiment Validation.,10.1021/acs.jmedchem.9b00855,31364850,publication_primary_status_not_fully_manually_reviewed,False,False,False,endpoint_outside_Kd_Ki_IC50;no_numeric_nM_value,https://www.ebi.ac.uk/chembl/api/data/activity/22874809.json,https://doi.org/10.1021/acs.jmedchem.9b00855
regorafenib,PDGFRA,22874839,CHEMBL1946170,CHEMBL1946170,CHEMBL2007,Homo sapiens,9606,Activity,=,35.0,%,,,,CHEMBL4725530,Inhibition of human PDGFRAlpha assessed as remaining enzyme activity at 1 uM,B,,,BAO_0000357,single protein format,,0,CHEMBL4725218,2020,no_variant_described_not_proven_wild_type,explicit_human_in_description,biochemical,,PUBLICATION,Deep Learning Enhancing Kinome-Wide Polypharmacology Profiling: Model Construction and Experiment Validation.,10.1021/acs.jmedchem.9b00855,31364850,publication_primary_status_not_fully_manually_reviewed,False,False,False,endpoint_outside_Kd_Ki_IC50;no_numeric_nM_value,https://www.ebi.ac.uk/chembl/api/data/activity/22874839.json,https://doi.org/10.1021/acs.jmedchem.9b00855
regorafenib,FLT4,22874844,CHEMBL1946170,CHEMBL1946170,CHEMBL1955,Homo sapiens,9606,Activity,=,1.0,%,,,,CHEMBL4725535,Inhibition of human VEGFR3 assessed as remaining enzyme activity at 0.1 uM,B,,,BAO_0000357,single protein format,,0,CHEMBL4725218,2020,no_variant_described_not_proven_wild_type,explicit_human_in_description,biochemical,,PUBLICATION,Deep Learning Enhancing Kinome-Wide Polypharmacology Profiling: Model Construction and Experiment Validation.,10.1021/acs.jmedchem.9b00855,31364850,publication_primary_status_not_fully_manually_reviewed,False,False,False,endpoint_outside_Kd_Ki_IC50;no_numeric_nM_value,https://www.ebi.ac.uk/chembl/api/data/activity/22874844.json,https://doi.org/10.1021/acs.jmedchem.9b00855
regorafenib,FLT4,22874870,CHEMBL1946170,CHEMBL1946170,CHEMBL1955,Homo sapiens,9606,Activity,=,38.0,%,,,,CHEMBL4725561,Inhibition of human VEGFR3 assessed as remaining enzyme activity at 0.01 uM,B,,,BAO_0000357,single protein format,,0,CHEMBL4725218,2020,no_variant_described_not_proven_wild_type,explicit_human_in_description,biochemical,,PUBLICATION,Deep Learning Enhancing Kinome-Wide Polypharmacology Profiling: Model Construction and Experiment Validation.,10.1021/acs.jmedchem.9b00855,31364850,publication_primary_status_not_fully_manually_reviewed,False,False,False,endpoint_outside_Kd_Ki_IC50;no_numeric_nM_value,https://www.ebi.ac.uk/chembl/api/data/activity/22874870.json,https://doi.org/10.1021/acs.jmedchem.9b00855
regorafenib,FLT4,24867139,CHEMBL1946170,CHEMBL1946170,CHEMBL1955,Homo sapiens,9606,IC50,=,46.0,nM,7.34,,,CHEMBL5151924,Inhibition of VEGFR3 (unknown origin) by HTRF assay,B,,,BAO_0000357,single protein format,,0,CHEMBL5150004,2021,no_variant_described_not_proven_wild_type,unknown_origin_in_description,biochemical,,PUBLICATION,Targeting Rearranged during Transfection in Cancer: A Perspective on Small-Molecule Inhibitors and Their Clinical Development.,10.1021/acs.jmedchem.0c02167,34402300,secondary_review_or_reanalysis,False,False,False,secondary_source,https://www.ebi.ac.uk/chembl/api/data/activity/24867139.json,https://doi.org/10.1021/acs.jmedchem.0c02167
regorafenib,FLT4,25484234,CHEMBL1946170,CHEMBL1946170,CHEMBL1955,Homo sapiens,9606,IC50,=,42.0,nM,7.38,,,CHEMBL5328006,Inhibition of VEGFR3 (unknown origin),B,,,BAO_0000357,single protein format,,0,CHEMBL5325476,2023,no_variant_described_not_proven_wild_type,unknown_origin_in_description,biochemical,,PUBLICATION,Design and discovery of new selective and potent VEGF receptor 2 tyrosine kinase inhibitors.,10.1016/j.bmc.2023.117404,37429211,publication_primary_status_not_fully_manually_reviewed,True,True,False,eligible,https://www.ebi.ac.uk/chembl/api/data/activity/25484234.json,https://doi.org/10.1016/j.bmc.2023.117404
regorafenib,PDGFRA,26186126,CHEMBL1946170,CHEMBL1946170,CHEMBL2007,Homo sapiens,9606,IC50,=,810.0,nM,6.09,,,CHEMBL5635412,Inhibition of PDGFRA exon 18 (unknown origin),B,,,BAO_0000357,single protein format,,0,CHEMBL5634097,2023,variant_or_fusion,unknown_origin_in_description,biochemical,,PUBLICATION,A review: FDA-approved fluorine-containing small molecules from 2015 to 2022.,10.1016/j.ejmech.2023.115758,37657268,secondary_review_or_reanalysis,False,False,False,variant_or_fusion;secondary_source,https://www.ebi.ac.uk/chembl/api/data/activity/26186126.json,https://doi.org/10.1016/j.ejmech.2023.115758
regorafenib,PDGFRA,29279127,CHEMBL1946170,CHEMBL1946170,CHEMBL2007,Homo sapiens,9606,IC50,=,4.2,nM,8.38,,,CHEMBL6155899,Inhibition of wild type PDGFRA (unknown origin) extracted from Sf9 cells by HTRF assay,B,,,BAO_0000219,cell-based format,,0,CHEMBL6153081,2025,explicit_wild_type,unknown_origin_in_description,biochemical_recombinant_protein,ChEMBL cell-based BAO conflicts with extracted-protein HTRF description; classified biochemical by description,PUBLICATION,"Design, Synthesis, and SAR of Covalent KIT and PDGFRA Inhibitors─Exploring Their Potential in Targeting GIST.",10.1021/acs.jmedchem.4c02472,39841084,verified_primary_publication,True,True,False,eligible,https://www.ebi.ac.uk/chembl/api/data/activity/29279127.json,https://doi.org/10.1021/acs.jmedchem.4c02472
regorafenib,PDGFRA,29279161,CHEMBL1946170,CHEMBL1946170,CHEMBL2007,Homo sapiens,9606,IC50,=,186.0,nM,6.73,,,CHEMBL6155900,Inhibition of PDGFRA D842V mutant (unknown origin) extracted from Sf9 cells by HTRF assay,B,P16234,D842V,BAO_0000219,cell-based format,,0,CHEMBL6153081,2025,variant_or_fusion,unknown_origin_in_description,biochemical_recombinant_protein,ChEMBL cell-based BAO conflicts with extracted-protein HTRF description; classified biochemical by description,PUBLICATION,"Design, Synthesis, and SAR of Covalent KIT and PDGFRA Inhibitors─Exploring Their Potential in Targeting GIST.",10.1021/acs.jmedchem.4c02472,39841084,verified_primary_publication,False,False,False,variant_or_fusion,https://www.ebi.ac.uk/chembl/api/data/activity/29279161.json,https://doi.org/10.1021/acs.jmedchem.4c02472
regorafenib,PDGFRA,29279195,CHEMBL1946170,CHEMBL1946170,CHEMBL2007,Homo sapiens,9606,IC50,=,322.0,nM,6.49,,,CHEMBL6155901,Inhibition of N-terminal His10-tagged human PDGFRA T674I mutant (550 to 973 residues) extracted from Sf9 cells by HTRF assay,B,P16234,T674I,BAO_0000219,cell-based format,,0,CHEMBL6153081,2025,variant_or_fusion,explicit_human_in_description,biochemical_recombinant_protein,ChEMBL cell-based BAO conflicts with extracted-protein HTRF description; classified biochemical by description,PUBLICATION,"Design, Synthesis, and SAR of Covalent KIT and PDGFRA Inhibitors─Exploring Their Potential in Targeting GIST.",10.1021/acs.jmedchem.4c02472,39841084,verified_primary_publication,False,False,False,variant_or_fusion,https://www.ebi.ac.uk/chembl/api/data/activity/29279195.json,https://doi.org/10.1021/acs.jmedchem.4c02472
ponatinib,PDGFRA,3360865,CHEMBL1171837,CHEMBL1171837,CHEMBL2007,Homo sapiens,9606,Inhibition,,,%,,Active,,CHEMBL1176896,Inhibition of recombinant PDGFRalpha by Hotspot assay,B,,,BAO_0000357,single protein format,,0,CHEMBL1177713,2010,no_variant_described_not_proven_wild_type,ChEMBL_human_target_mapping_only,biochemical,,PUBLICATION,"Discovery of 3-[2-(imidazo[1,2-b]pyridazin-3-yl)ethynyl]-4-methyl-N-{4-[(4-methylpiperazin-1-yl)methyl]-3-(trifluoromethyl)phenyl}benzamide (AP24534), a potent, orally active pan-inhibitor of breakpoint cluster region-abelson (BCR-ABL) kinase including the T315I gatekeeper mutant.",10.1021/jm100395q,20513156,publication_primary_status_not_fully_manually_reviewed,False,False,False,endpoint_outside_Kd_Ki_IC50;no_numeric_nM_value;nonexact_relation,https://www.ebi.ac.uk/chembl/api/data/activity/3360865.json,https://doi.org/10.1021/jm100395q
ponatinib,PDGFRA,18002379,CHEMBL1171837,CHEMBL1171837,CHEMBL2007,Homo sapiens,9606,IC50,=,2.6,nM,8.59,,,CHEMBL4002772,"Inhibition of recombinant PDGFRalpha (unknown origin) using poly (Glu,Tyr) 4:1 as substrate after 60 mins by ELISA",B,,,BAO_0000357,single protein format,,0,CHEMBL4002548,2017,no_variant_described_not_proven_wild_type,unknown_origin_in_description,biochemical,,PUBLICATION,Discovery of novel Ponatinib analogues for reducing KDR activity as potent FGFRs inhibitors.,10.1016/j.ejmech.2016.10.003,27750146,publication_primary_status_not_fully_manually_reviewed,True,True,False,eligible,https://www.ebi.ac.uk/chembl/api/data/activity/18002379.json,https://doi.org/10.1016/j.ejmech.2016.10.003
ponatinib,PDGFRA,20609048,CHEMBL1171837,CHEMBL1171837,CHEMBL2007,Homo sapiens,9606,Activity,=,25.0,%,,,,CHEMBL4605652,Inhibition of PDGFRalpha (unknown origin) assessed as residual activity at 10 uM incubated for 5 mins in presence of [gamma-33ATP] by scintillation counting based radiometry assay relative to control,B,,,BAO_0000357,single protein format,,0,CHEMBL4602709,2020,no_variant_described_not_proven_wild_type,unknown_origin_in_description,biochemical,,PUBLICATION,Accelerated Discovery of Novel Ponatinib Analogs with Improved Properties for the Treatment of Parkinson's Disease.,10.1021/acsmedchemlett.9b00612,32292555,publication_primary_status_not_fully_manually_reviewed,False,False,False,endpoint_outside_Kd_Ki_IC50;no_numeric_nM_value,https://www.ebi.ac.uk/chembl/api/data/activity/20609048.json,https://doi.org/10.1021/acsmedchemlett.9b00612
ponatinib,PDGFRA,22845490,CHEMBL1171837,CHEMBL1171837,CHEMBL2007,Homo sapiens,9606,Delta Tm,=,6.31,degrees C,,,,CHEMBL4721771,Binding affinity to Nluc-tagged PDGFRalpha (unknown origin) expressed in HeLa cells assessed as change in melting temperature incubated for 30 to 60 mins by NaLTSA assay,B,,,BAO_0000219,cell-based format,,0,CHEMBL4715823,2018,no_variant_described_not_proven_wild_type,unknown_origin_in_description,cellular,,PUBLICATION,Homogeneous Assay for Target Engagement Utilizing Bioluminescent Thermal Shift.,10.1021/acsmedchemlett.8b00081,29937980,publication_primary_status_not_fully_manually_reviewed,False,False,False,endpoint_outside_Kd_Ki_IC50;no_numeric_nM_value,https://www.ebi.ac.uk/chembl/api/data/activity/22845490.json,https://doi.org/10.1021/acsmedchemlett.8b00081
ponatinib,PDGFRA,22845510,CHEMBL1171837,CHEMBL1171837,CHEMBL2007,Homo sapiens,9606,IC50,=,1.1,nM,8.96,,,CHEMBL4721791,Binding affinity to human PDGFRalpha using poly[Glu:Tyr] (4:1) as substrate by radiometric hotspot kinase assay,B,,,BAO_0000357,single protein format,,0,CHEMBL4715823,2018,no_variant_described_not_proven_wild_type,explicit_human_in_description,biochemical,,PUBLICATION,Homogeneous Assay for Target Engagement Utilizing Bioluminescent Thermal Shift.,10.1021/acsmedchemlett.8b00081,29937980,publication_primary_status_not_fully_manually_reviewed,True,True,True,eligible,https://www.ebi.ac.uk/chembl/api/data/activity/22845510.json,https://doi.org/10.1021/acsmedchemlett.8b00081
ponatinib,PDGFRA,24707078,CHEMBL1171837,CHEMBL1171837,CHEMBL2007,Homo sapiens,9606,IC50,=,1.1,nM,8.96,,,CHEMBL5108971,Inhibition of recombinant PDGFRalpha (unknown origin) in presence of [33P]-ATP by kinase hotspot assay,B,,,BAO_0000357,single protein format,,1,CHEMBL5107965,2022,no_variant_described_not_proven_wild_type,unknown_origin_in_description,biochemical,,PUBLICATION,The progress of small-molecules and degraders against BCR-ABL for the treatment of CML.,10.1016/j.ejmech.2022.114442,35551036,publication_primary_status_not_fully_manually_reviewed,False,False,False,potential_duplicate,https://www.ebi.ac.uk/chembl/api/data/activity/24707078.json,https://doi.org/10.1016/j.ejmech.2022.114442
ponatinib,PDGFRA,29279130,CHEMBL1171837,CHEMBL1171837,CHEMBL2007,Homo sapiens,9606,IC50,=,0.6,nM,9.22,,,CHEMBL6155899,Inhibition of wild type PDGFRA (unknown origin) extracted from Sf9 cells by HTRF assay,B,,,BAO_0000219,cell-based format,,0,CHEMBL6153081,2025,explicit_wild_type,unknown_origin_in_description,biochemical_recombinant_protein,ChEMBL cell-based BAO conflicts with extracted-protein HTRF description; classified biochemical by description,PUBLICATION,"Design, Synthesis, and SAR of Covalent KIT and PDGFRA Inhibitors─Exploring Their Potential in Targeting GIST.",10.1021/acs.jmedchem.4c02472,39841084,verified_primary_publication,True,True,False,eligible,https://www.ebi.ac.uk/chembl/api/data/activity/29279130.json,https://doi.org/10.1021/acs.jmedchem.4c02472
ponatinib,PDGFRA,29279164,CHEMBL1171837,CHEMBL1171837,CHEMBL2007,Homo sapiens,9606,IC50,=,16.3,nM,7.79,,,CHEMBL6155900,Inhibition of PDGFRA D842V mutant (unknown origin) extracted from Sf9 cells by HTRF assay,B,P16234,D842V,BAO_0000219,cell-based format,,0,CHEMBL6153081,2025,variant_or_fusion,unknown_origin_in_description,biochemical_recombinant_protein,ChEMBL cell-based BAO conflicts with extracted-protein HTRF description; classified biochemical by description,PUBLICATION,"Design, Synthesis, and SAR of Covalent KIT and PDGFRA Inhibitors─Exploring Their Potential in Targeting GIST.",10.1021/acs.jmedchem.4c02472,39841084,verified_primary_publication,False,False,False,variant_or_fusion,https://www.ebi.ac.uk/chembl/api/data/activity/29279164.json,https://doi.org/10.1021/acs.jmedchem.4c02472
ponatinib,PDGFRA,29279198,CHEMBL1171837,CHEMBL1171837,CHEMBL2007,Homo sapiens,9606,IC50,=,8.9,nM,8.05,,,CHEMBL6155901,Inhibition of N-terminal His10-tagged human PDGFRA T674I mutant (550 to 973 residues) extracted from Sf9 cells by HTRF assay,B,P16234,T674I,BAO_0000219,cell-based format,,0,CHEMBL6153081,2025,variant_or_fusion,explicit_human_in_description,biochemical_recombinant_protein,ChEMBL cell-based BAO conflicts with extracted-protein HTRF description; classified biochemical by description,PUBLICATION,"Design, Synthesis, and SAR of Covalent KIT and PDGFRA Inhibitors─Exploring Their Potential in Targeting GIST.",10.1021/acs.jmedchem.4c02472,39841084,verified_primary_publication,False,False,False,variant_or_fusion,https://www.ebi.ac.uk/chembl/api/data/activity/29279198.json,https://doi.org/10.1021/acs.jmedchem.4c02472
