CellName,Sample,CellType,compartment,PC1,PC2
P1TLH_TGAGGGACACAGACTT_1,P1TLH,Hepatocyte_5,Hepatocyte,-0.072647706,-2.0144074
P1TLH_CTCTACGAGGATATAC_1,P1TLH,Hepatocyte_5,Hepatocyte,-7.0289793,0.054860342
P1TLH_CCTTACGCACTACAGT_1,P1TLH,Hepatocyte_5,Hepatocyte,-6.163408,-2.8431516
P1TLH_CTAGCCTTCCATGCTC_1,P1TLH,Hepatocyte_5,Hepatocyte,-1.1193544,-2.7498486
P1TLH_GTAACTGAGCCAACAG_1,P1TLH,Hepatocyte_5,Hepatocyte,-0.9805246,-1.7980089
P1TLH_AGGGATGGTCAGAAGC_1,P1TLH,Hepatocyte_5,Hepatocyte,-11.985631,-0.6882684
P1TLH_ACGGAGAAGCGCCTTG_1,P1TLH,Hepatocyte_5,Hepatocyte,-3.8884752,-1.4359105
P1TLH_GGCTGGTGTAGGGTAC_1,P1TLH,Hepatocyte_5,Hepatocyte,-1.0313534,-1.620072
P1TLH_TGACGGCGTTGGTGGA_1,P1TLH,Hepatocyte_5,Hepatocyte,-4.1278973,-2.169402
P1TLH_AGCCTAACAAGGTTCT_1,P1TLH,Hepatocyte_5,Hepatocyte,-2.8057904,-1.3739916
P1TLH_CCTAAAGGTCGAGATG_1,P1TLH,Hepatocyte_5,Hepatocyte,-6.715862,-1.0884907
P1TLH_TCGCGAGAGCTGCGAA_1,P1TLH,Hepatocyte_5,Hepatocyte,-1.7159549,-2.7586806
P1TLH_ACGGAGAAGATATACG_1,P1TLH,Hepatocyte_5,Hepatocyte,-5.5057583,-1.3622025
P1TLH_CACACCTCACGGTGTC_1,P1TLH,Hepatocyte_5,Hepatocyte,1.7413242,0.34340546
P1TLH_CATTCGCTCCGTAGTA_1,P1TLH,Hepatocyte_6,Hepatocyte,35.10545,-7.358549
P1TLH_ATTGGTGCAAGTCTGT_1,P1TLH,Hepatocyte_5,Hepatocyte,-0.35643348,0.35556617
P1TLH_CAGCATAGTTGCGCAC_1,P1TLH,Hepatocyte_5,Hepatocyte,-1.8954378,-0.07635439
P1TLH_GATCAGTCACTACAGT_1,P1TLH,Hepatocyte_5,Hepatocyte,-6.8821383,-4.487032
P1TLH_ACAGCCGCATCGTCGG_1,P1TLH,Hepatocyte_5,Hepatocyte,-14.163818,-3.3191497
P1TLH_ACACCGGAGGATGGAA_1,P1TLH,Hepatocyte_5,Hepatocyte,28.565308,24.245436
P1TLH_CCTTACGCACGACTCG_1,P1TLH,Hepatocyte_5,Hepatocyte,-5.8017073,-5.860313
P1TLH_TTAGTTCGTCCGTCAG_1,P1TLH,Hepatocyte_5,Hepatocyte,-1.0782478,0.6853933
P1TLH_CAGTAACCAAGCGTAG_1,P1TLH,Hepatocyte_5,Hepatocyte,1.9853373,-1.4129275
P1TLH_GACGCGTAGACCTTTG_1,P1TLH,Hepatocyte_5,Hepatocyte,-1.4922217,-5.821899
P1TLH_AGCTCTCCACGTAAGG_1,P1TLH,Hepatocyte_5,Hepatocyte,0.70380414,-0.049018554
P1TLH_CGTAGGCAGTTGTAGA_1,P1TLH,Hepatocyte_5,Hepatocyte,0.3366333,-1.2238066
P1TLH_CCTTTCTCATCTCGCT_1,P1TLH,Hepatocyte_5,Hepatocyte,-3.6143646,-6.456283
P1TLH_CAAGATCCAACACGCC_1,P1TLH,Hepatocyte_5,Hepatocyte,-4.2301974,-1.3919171
P1TLH_GCACATAAGAACAACT_1,P1TLH,Hepatocyte_5,Hepatocyte,-5.052951,-4.8650117
P1TLH_CGAGAAGGTTATGCGT_1,P1TLH,Hepatocyte_5,Hepatocyte,-5.2056437,-0.76315176
P1TLH_CCCATACAGAGTAAGG_1,P1TLH,Hepatocyte_5,Hepatocyte,-7.7695327,-4.30915
P1TLH_ACAGCTATCAGTGCAT_1,P1TLH,Hepatocyte_5,Hepatocyte,-0.21123013,-2.037473
P1TLH_ACGAGGAGTGCGAAAC_1,P1TLH,Hepatocyte_5,Hepatocyte,-1.5189321,-2.1204023
P1TLH_TTTATGCTCCTCAACC_1,P1TLH,Hepatocyte_5,Hepatocyte,-3.7845573,-1.0021954
P1TLH_ACTGAACGTGAGGCTA_1,P1TLH,Hepatocyte_5,Hepatocyte,-0.82816577,-0.4169517
P1TLH_CTGCGGACAAGTCATC_1,P1TLH,Hepatocyte_6,Hepatocyte,3.587894,-14.128589
P1TLH_GGACATTAGATAGCAT_1,P1TLH,Hepatocyte_2,Hepatocyte,-2.6986322,-9.604891
P1TLH_CTCGGGACAAAGGAAG_1,P1TLH,Hepatocyte_5,Hepatocyte,2.7225418,0.23267414
P1TLH_ATAAGAGGTGTCTGAT_1,P1TLH,Hepatocyte_5,Hepatocyte,0.81274396,-4.9375706
P1TLH_TACACGAGTCGCATAT_1,P1TLH,Hepatocyte_5,Hepatocyte,-6.1514277,-2.9161792
P1TLH_ATGCGATTCGTTGCCT_1,P1TLH,Hepatocyte_5,Hepatocyte,-0.64808655,-1.1159259
P1TLH_ACTGCTCGTGAGGGAG_1,P1TLH,Hepatocyte_6,Hepatocyte,6.2192936,-14.326631
P1TLH_AGTCTTTGTTGTTTGG_1,P1TLH,Hepatocyte_5,Hepatocyte,-8.402303,-2.973587
P1TLH_GACAGAGGTGTGGCTC_1,P1TLH,Hepatocyte_5,Hepatocyte,-0.28296405,-0.15351361
P1TLH_CCTATTAAGTGAAGAG_1,P1TLH,Hepatocyte_5,Hepatocyte,1.9571617,-0.5857345
P1TLH_CTCATTAAGCCCTAAT_1,P1TLH,Hepatocyte_5,Hepatocyte,-5.3073487,-1.288141
P1TLH_ATTTCTGCAAACGCGA_1,P1TLH,Hepatocyte_6,Hepatocyte,20.542372,-8.043278
P1TLH_TATCTCAAGACTAAGT_1,P1TLH,Hepatocyte_5,Hepatocyte,-9.198956,-1.643463
P1TLH_TGAGCATTCAACACCA_1,P1TLH,Hepatocyte_5,Hepatocyte,-0.6370513,-3.8619666
P1TLH_TGTGTTTGTTTGGGCC_1,P1TLH,Hepatocyte_5,Hepatocyte,-1.7671186,-2.3825266
P1TLH_TCACGAATCGGCCGAT_1,P1TLH,Hepatocyte_5,Hepatocyte,-3.2868662,-4.480782
P1TLH_GGATGTTAGCCACGTC_1,P1TLH,Hepatocyte_5,Hepatocyte,0.37651983,-2.8610568
P1TLH_GACAGAGAGAAACCGC_1,P1TLH,Hepatocyte_6,Hepatocyte,11.114635,-11.537029
P1TLH_AGTCTTTTCTCCAACC_1,P1TLH,Hepatocyte_5,Hepatocyte,0.3992852,-2.900264
P1TLH_CGGGTCACACATGTGT_1,P1TLH,Hepatocyte_5,Hepatocyte,-0.47321144,0.56375897
P1TLH_CATTATCGTTATCGGT_1,P1TLH,Hepatocyte_5,Hepatocyte,0.6478703,-1.3259532
P1TLH_TACGGATAGATGCCAG_1,P1TLH,Hepatocyte_5,Hepatocyte,-4.167231,-1.2829198
P1TLH_TCTTTCCCATGTTCCC_1,P1TLH,Hepatocyte_5,Hepatocyte,-11.6865225,-1.3219185
P1TLH_CACACTCAGATACACA_1,P1TLH,Hepatocyte_5,Hepatocyte,2.193642,-1.1172639
P1TLH_GTGCGGTTCGGAAACG_1,P1TLH,Hepatocyte_5,Hepatocyte,-3.3836052,-1.7163514
P1TLH_TAAGAGATCATGTGGT_1,P1TLH,Hepatocyte_5,Hepatocyte,-7.6988893,-2.6739757
P1TLH_CGAACATCACGTCTCT_1,P1TLH,Hepatocyte_5,Hepatocyte,-7.4589257,-2.7689464
P1TLH_CCTTACGTCCCTAATT_1,P1TLH,Hepatocyte_5,Hepatocyte,-3.399087,-0.5749087
P1TLH_ATGAGGGGTCACCCAG_1,P1TLH,Hepatocyte_5,Hepatocyte,-0.36602458,-2.581846
P1TLH_GGACAGAGTCTCGTTC_1,P1TLH,Hepatocyte_5,Hepatocyte,-3.0667672,-1.9981036
P1TLH_CGCGTTTAGAGGTACC_1,P1TLH,Hepatocyte_5,Hepatocyte,-1.7260551,-0.3110481
P1TLH_GCTTGAACAAAGTGCG_1,P1TLH,Hepatocyte_5,Hepatocyte,-3.4766343,0.09351908
P1TLH_GTGCAGCCATATGGTC_1,P1TLH,Hepatocyte_5,Hepatocyte,-4.8657465,-0.56874233
P1TLH_TACTCATTCAGCTTAG_1,P1TLH,Hepatocyte_5,Hepatocyte,-4.031178,-5.5071926
P1TLH_TAGAGCTAGCCATCGC_1,P1TLH,Hepatocyte_5,Hepatocyte,-1.9804662,-0.6492887
P1TLH_CCGGGATAGATCCCAT_1,P1TLH,Hepatocyte_5,Hepatocyte,-2.6821902,-1.1798241
P1TLH_CACTCCACATCCAACA_1,P1TLH,Hepatocyte_5,Hepatocyte,-0.50148004,-1.559355
P1TLH_CGATGGCGTCATGCCG_1,P1TLH,Hepatocyte_5,Hepatocyte,-1.7785908,-1.3397868
P1TLH_TTTGTCATCCTAAGTG_1,P1TLH,Hepatocyte_5,Hepatocyte,1.464797,-0.23502104
P1TLH_TCACAAGAGTCCCACG_1,P1TLH,Hepatocyte_5,Hepatocyte,-1.4091841,-4.0155663
P1TLH_CGTCACTAGTACATGA_1,P1TLH,Hepatocyte_5,Hepatocyte,-2.3332326,-0.80894077
P1TLH_TAGCCGGCAAGGACTG_1,P1TLH,Hepatocyte_5,Hepatocyte,0.76438785,-2.9306653
P1TLH_CGGAGCTCATGCCTAA_1,P1TLH,Hepatocyte_5,Hepatocyte,-13.358434,-3.085201
P1TLH_AGCGGTCGTGTGTGCC_1,P1TLH,Hepatocyte_5,Hepatocyte,-1.5596719,-0.6768117
P1TLH_GCCTCTACACACAGAG_1,P1TLH,Hepatocyte_5,Hepatocyte,-1.7149066,-0.9455549
P1TLH_GCAGTTACAAGTTCTG_1,P1TLH,Hepatocyte_5,Hepatocyte,-8.119328,-1.4990994
P1TLH_TCAGGTAGTTGCTCCT_1,P1TLH,Hepatocyte_5,Hepatocyte,-3.707769,-3.2265306
P1TLH_AACTCTTCAGACAAGC_1,P1TLH,Hepatocyte_5,Hepatocyte,-9.302267,-1.6348866
P1TLH_GACGTGCTCTTCGGTC_1,P1TLH,Hepatocyte_5,Hepatocyte,-3.3330865,-1.4557959
P1TLH_TCGCGAGTCACTTACT_1,P1TLH,Hepatocyte_5,Hepatocyte,-4.935844,-2.3746238
P1TLH_CGTGAGCTCCTGCAGG_1,P1TLH,Hepatocyte_5,Hepatocyte,-1.6507659,-2.988571
P1TLH_AGGGTGAGTCCGAAGA_1,P1TLH,Hepatocyte_5,Hepatocyte,-1.318191,0.6860545
P1TLH_TGACTAGAGAGTTGGC_1,P1TLH,Hepatocyte_5,Hepatocyte,-0.91699165,-2.2681236
P1TLH_CTGCTGTAGCAATCTC_1,P1TLH,Hepatocyte_5,Hepatocyte,-1.118203,0.068189725
P1TLH_CCTAAAGCAGCGATCC_1,P1TLH,Hepatocyte_5,Hepatocyte,0.0052067395,-3.37951
P1TLH_ATGAGGGTCTGTCAAG_1,P1TLH,Hepatocyte_5,Hepatocyte,-1.8538547,0.70552963
P1TLH_TGAAAGAGTCCAAGTT_1,P1TLH,Hepatocyte_5,Hepatocyte,-2.905568,0.3259851
P1TLH_AGAGCGAAGCTGAACG_1,P1TLH,Hepatocyte_5,Hepatocyte,3.176063,-7.114592
P1TLH_GATCAGTCACGAGAGT_1,P1TLH,Hepatocyte_5,Hepatocyte,-1.1623082,-3.3894815
P1TLH_GAACCTAAGCTCAACT_1,P1TLH,Hepatocyte_5,Hepatocyte,-3.1296952,-1.0901599
P1TLH_ACTTTCACATGCAACT_1,P1TLH,Hepatocyte_5,Hepatocyte,2.8080266,-1.3876814
P2TLH_GGATTACGTTTGTGTG_1,P2TLH,Hepatocyte_3,Hepatocyte,4.553351,1.9000082
P2TLH_ACTATCTTCCCACTTG_1,P2TLH,Hepatocyte_3,Hepatocyte,-0.64285314,7.643982
P2TLH_GTCGTAAGTCGCCATG_1,P2TLH,Hepatocyte_3,Hepatocyte,2.4478061,3.2236304
P2TLH_GACTACAGTCTCCATC_1,P2TLH,Hepatocyte_3,Hepatocyte,-2.018008,0.23074868
P2TLH_CCTTTCTAGGACAGAA_1,P2TLH,Hepatocyte_3,Hepatocyte,-4.431941,3.7597027
P2TLH_AGGGTGATCGTACCGG_1,P2TLH,Hepatocyte_3,Hepatocyte,19.577738,15.553717
P2TLH_AGCTTGAAGAAGATTC_1,P2TLH,Hepatocyte_3,Hepatocyte,0.7128318,0.27063444
P2TLH_AGGCCGTTCGCCATAA_1,P2TLH,Hepatocyte_3,Hepatocyte,4.861076,4.9172354
P2TLH_CAAGTTGCAGTCGATT_1,P2TLH,Hepatocyte_3,Hepatocyte,-4.368093,13.286877
P2TLH_CTAAGACGTCTCATCC_1,P2TLH,Hepatocyte_3,Hepatocyte,3.2375014,2.4922216
P2TLH_CATATGGCACATGACT_1,P2TLH,Hepatocyte_3,Hepatocyte,-2.6514246,-1.1252308
P2TLH_AGAGTGGGTTCAGTAC_1,P2TLH,Hepatocyte_3,Hepatocyte,-1.9734689,4.05221
P2TLH_CGTTAGATCTCCCTGA_1,P2TLH,Hepatocyte_3,Hepatocyte,-1.9393791,-0.09358644
P2TLH_GACTGCGCAATCCAAC_1,P2TLH,Hepatocyte_3,Hepatocyte,0.8156999,1.1288925
P2TLH_GAAATGACAGCTGCTG_1,P2TLH,Hepatocyte_3,Hepatocyte,-10.83188,7.692904
P2TLH_CTCATTATCCAAACAC_1,P2TLH,Hepatocyte_3,Hepatocyte,17.133223,33.63497
P2TLH_TCACGAAGTAAGAGAG_1,P2TLH,Hepatocyte_3,Hepatocyte,3.2864652,-0.18187512
P2TLH_CAAGATCTCGTTGCCT_1,P2TLH,Hepatocyte_3,Hepatocyte,-4.9146676,3.286966
P2TLH_CACAAACGTCAAAGCG_1,P2TLH,Hepatocyte_3,Hepatocyte,1.0540352,8.435211
P2TLH_GCGGGTTGTATCTGCA_1,P2TLH,Hepatocyte_3,Hepatocyte,-1.5006033,-1.8290385
P2TLH_CCAGCGAGTACGAAAT_1,P2TLH,Hepatocyte_3,Hepatocyte,-2.3733656,4.5189066
P2TLH_ACTTTCACAATGGACG_1,P2TLH,Hepatocyte_3,Hepatocyte,-2.5665748,-0.6419039
P2TLH_GAGGTGAAGAAGGTGA_1,P2TLH,Hepatocyte_3,Hepatocyte,-2.431177,1.9584471
P2TLH_GTACGTAAGAGCTGCA_1,P2TLH,Hepatocyte_3,Hepatocyte,-0.1740794,1.3554108
P2TLH_AGTGTCATCGTCGTTC_1,P2TLH,Hepatocyte_3,Hepatocyte,6.4071746,16.727455
P2TLH_GGCAATTAGTGGAGTC_1,P2TLH,Hepatocyte_3,Hepatocyte,-0.7989183,4.5626464
P2TLH_CGAGCCAGTCACCCAG_1,P2TLH,Hepatocyte_3,Hepatocyte,-1.4513932,-2.5066726
P2TLH_GACGGCTGTCCTCTTG_1,P2TLH,Hepatocyte_3,Hepatocyte,1.1778469,5.976565
P2TLH_CGAACATTCTGCTGTC_1,P2TLH,Hepatocyte_3,Hepatocyte,-5.293039,-0.86936617
P2TLH_CTCGAAACAGACACTT_1,P2TLH,Hepatocyte_3,Hepatocyte,-0.2392458,9.917256
P2TLH_CAGCTGGTCACAACGT_1,P2TLH,Hepatocyte_3,Hepatocyte,-6.2193546,-0.41660744
P2TLH_CCTCTGAGTGTAAGTA_1,P2TLH,Hepatocyte_3,Hepatocyte,2.1428573,1.4066371
P2TLH_AGCTTGAAGCCACTAT_1,P2TLH,Hepatocyte_3,Hepatocyte,0.5548015,0.2712113
P2TLH_TATCTCACAGTTTACG_1,P2TLH,Hepatocyte_3,Hepatocyte,16.326532,22.859169
P2TLH_AAAGATGGTGTAACGG_1,P2TLH,Hepatocyte_3,Hepatocyte,-2.2805676,-0.2917457
P2TLH_TAGACCAAGTCCAGGA_1,P2TLH,Hepatocyte_3,Hepatocyte,-0.61258847,8.106305
P2TLH_CATGGCGGTAAACGCG_1,P2TLH,Hepatocyte_3,Hepatocyte,-10.616175,1.6273249
P2TLH_GTTCTCGTCGTAGATC_1,P2TLH,Hepatocyte_3,Hepatocyte,5.7275925,12.970162
P2TLH_CTTACCGTCCATGAAC_1,P2TLH,Hepatocyte_3,Hepatocyte,-2.1824892,3.2305083
P2TLH_AGGCCGTCAGGGTTAG_1,P2TLH,Hepatocyte_3,Hepatocyte,-0.97380316,0.79796135
P2TLH_TCTATTGGTCTAGAGG_1,P2TLH,Hepatocyte_3,Hepatocyte,-8.342478,-5.2508154
P2TLH_AAGCCGCCAGGTCTCG_1,P2TLH,Hepatocyte_3,Hepatocyte,0.08215783,3.4264443
P2TLH_GAGGTGAAGACTGTAA_1,P2TLH,Hepatocyte_3,Hepatocyte,-2.6892104,2.0909457
P2TLH_GGAACTTGTAATAGCA_1,P2TLH,Hepatocyte_3,Hepatocyte,-0.3767509,2.0056467
P2TLH_ACGGCCAGTCCATGAT_1,P2TLH,Hepatocyte_3,Hepatocyte,2.002439,1.9577806
P2TLH_CTGATCCGTCGGGTCT_1,P2TLH,Hepatocyte_3,Hepatocyte,4.233989,1.5237385
P2TLH_CCTCAGTAGGGAGTAA_1,P2TLH,Hepatocyte_3,Hepatocyte,1.8672777,6.668923
P2TLH_TCCACACGTATAATGG_1,P2TLH,Hepatocyte_3,Hepatocyte,2.7051177,2.1017046
P2TLH_ACTATCTCATCTATGG_1,P2TLH,Hepatocyte_3,Hepatocyte,3.9999077,5.9521985
P2TLH_TGGGAAGCAGGATCGA_1,P2TLH,Hepatocyte_3,Hepatocyte,1.3793418,1.3156333
P2TLH_ACACTGAGTCGAGTTT_1,P2TLH,Hepatocyte_3,Hepatocyte,5.0180864,5.6010885
P2TLH_GTGAAGGGTCCGAATT_1,P2TLH,Hepatocyte_3,Hepatocyte,-2.8868146,2.9466856
P2TLH_AGACGTTAGTTGAGAT_1,P2TLH,Hepatocyte_3,Hepatocyte,7.8534036,5.9220133
P2TLH_AAGGCAGTCCCTTGTG_1,P2TLH,Hepatocyte_3,Hepatocyte,0.28815952,4.2373743
P2TLH_TACAGTGGTGGTCCGT_1,P2TLH,Hepatocyte_3,Hepatocyte,8.197089,7.950382
P2TLH_CTTGGCTCATAAAGGT_1,P2TLH,Hepatocyte_3,Hepatocyte,8.192185,23.777857
P2TLH_TCTGAGAGTCGCGGTT_1,P2TLH,Hepatocyte_3,Hepatocyte,7.4249926,7.8301735
P2TLH_TCGTACCAGCTCTCGG_1,P2TLH,Hepatocyte_3,Hepatocyte,-2.9528039,-0.05523356
P2TLH_AGTAGTCCATTGGGCC_1,P2TLH,Hepatocyte_3,Hepatocyte,-3.8618736,6.7405305
P2TLH_GTCGGGTGTCCGAATT_1,P2TLH,Hepatocyte_3,Hepatocyte,-6.166225,0.93707645
P2TLH_TGCGCAGCACGGACAA_1,P2TLH,Hepatocyte_3,Hepatocyte,2.7896156,7.339134
P2TLH_CCGTTCAGTGTCTGAT_1,P2TLH,Hepatocyte_3,Hepatocyte,-6.138444,7.4639115
P2TLH_GGAAAGCGTTACCAGT_1,P2TLH,Hepatocyte_3,Hepatocyte,0.31099916,12.875707
P2TLH_TTGCCGTGTAGAGGAA_1,P2TLH,Hepatocyte_3,Hepatocyte,8.821004,6.135659
P2TLH_TTTATGCCAAGACGTG_1,P2TLH,Hepatocyte_3,Hepatocyte,-0.17058812,-0.91890156
P2TLH_CCCAGTTAGTGCCAGA_1,P2TLH,Hepatocyte_3,Hepatocyte,-0.44998303,-0.6919551
P2TLH_CACATAGAGTTAGCGG_1,P2TLH,Hepatocyte_3,Hepatocyte,-1.5865808,4.046233
P2TLH_CTACACCTCTATCGCC_1,P2TLH,Hepatocyte_3,Hepatocyte,3.5023296,0.20755148
P2TLH_CCTTCCCCACGTAAGG_1,P2TLH,Hepatocyte_3,Hepatocyte,-3.2024949,-3.6159713
P2TLH_GGATGTTAGTCGAGTG_1,P2TLH,Hepatocyte_3,Hepatocyte,1.1852509,0.36542603
P2TLH_ACGCCGACAATGTAAG_1,P2TLH,Hepatocyte_3,Hepatocyte,1.5096288,2.7067738
P2TLH_CGGAGTCAGGGAACGG_1,P2TLH,Hepatocyte_3,Hepatocyte,-1.5893614,5.754547
P2TLH_GGGCATCAGCCACCTG_1,P2TLH,Hepatocyte_3,Hepatocyte,-0.5650115,7.400257
P2TLH_ATCCACCCAACTGGCC_1,P2TLH,Hepatocyte_3,Hepatocyte,-11.437984,1.320415
P2TLH_CCAGCGACACGCATCG_1,P2TLH,Hepatocyte_3,Hepatocyte,-3.5987315,5.026753
P2TLH_GAATAAGTCCTGTACC_1,P2TLH,Hepatocyte_3,Hepatocyte,-6.2526765,0.99175864
P2TLH_CTCATTAGTTCAGGCC_1,P2TLH,Hepatocyte_3,Hepatocyte,1.0391053,3.8491602
P2TLH_TGACAACGTCCGACGT_1,P2TLH,Hepatocyte_3,Hepatocyte,-8.005721,1.4396371
P2TLH_TTGCCGTGTGCTCTTC_1,P2TLH,Hepatocyte_3,Hepatocyte,8.812451,28.511837
P2TLH_TGTCCCATCGCCAAAT_1,P2TLH,Hepatocyte_3,Hepatocyte,7.1666856,5.8557234
P2TLH_TTCCCAGCAGATGAGC_1,P2TLH,Hepatocyte_3,Hepatocyte,3.4819503,5.8037605
P2TLH_GTGTGCGTCGCAAGCC_1,P2TLH,Hepatocyte_3,Hepatocyte,-10.416624,5.8274755
P2TLH_ACGAGGAAGCGGCTTC_1,P2TLH,Hepatocyte_3,Hepatocyte,9.264457,7.7104993
P2TLH_AGCGTCGAGGGAAACA_1,P2TLH,Hepatocyte_3,Hepatocyte,16.260672,21.857738
P2TLH_TCAACGACACACGCTG_1,P2TLH,Hepatocyte_3,Hepatocyte,2.8274646,-1.1259247
P2TLH_ACACCCTCACGCTTTC_1,P2TLH,Hepatocyte_3,Hepatocyte,-5.795182,1.3081063
P2TLH_AGTGGGAAGGGAACGG_1,P2TLH,Hepatocyte_3,Hepatocyte,-4.7821007,-3.9655838
P2TLH_CTGATAGTCCACGCAG_1,P2TLH,Hepatocyte_3,Hepatocyte,2.170574,3.26143
P2TLH_CACAGGCAGTTTCCTT_1,P2TLH,Hepatocyte_3,Hepatocyte,-5.722957,4.8040996
P2TLH_CACCTTGGTTGGAGGT_1,P2TLH,Hepatocyte_3,Hepatocyte,-9.538729,2.3088999
P2TLH_GAAGCAGTCTGGCGTG_1,P2TLH,Hepatocyte_3,Hepatocyte,4.3210144,6.8635035
P2TLH_CAGGTGCGTACCGTTA_1,P2TLH,Hepatocyte_3,Hepatocyte,-2.873906,-1.6741177
P2TLH_GGGTTGCCAACGATCT_1,P2TLH,Hepatocyte_3,Hepatocyte,-7.239723,2.9301133
P2TLH_TCTATTGGTCTCCATC_1,P2TLH,Hepatocyte_3,Hepatocyte,0.4557563,0.63793856
P2TLH_CTCTAATAGTCAATAG_1,P2TLH,Hepatocyte_3,Hepatocyte,-1.8050305,-0.9554955
P2TLH_TGACTAGGTAAAGGAG_1,P2TLH,Hepatocyte_3,Hepatocyte,4.0357103,7.1729007
P2TLH_AACACGTTCATCGATG_1,P2TLH,Hepatocyte_3,Hepatocyte,-3.2320826,-2.023438
P2TLH_ACTATCTCAGCATGAG_1,P2TLH,Hepatocyte_3,Hepatocyte,-1.6092579,2.887477
P2TLH_GGACAAGGTTCGGCAC_1,P2TLH,Hepatocyte_3,Hepatocyte,-2.7742014,16.573595
P2TLH_GACCTGGTCAAACAAG_1,P2TLH,Hepatocyte_3,Hepatocyte,-2.7297463,-1.2000037
P2TLH_TGCCAAAGTGAACCTT_1,P2TLH,Hepatocyte_3,Hepatocyte,1.287819,2.4599192
P2TLH_GTTACAGAGCAATATG_1,P2TLH,Hepatocyte_3,Hepatocyte,0.8385582,2.8588922
P2TLH_TTTCCTCGTACGACCC_1,P2TLH,Hepatocyte_3,Hepatocyte,-1.3913974,-2.3191993
P2TLH_CAGCGACCAATCCAAC_1,P2TLH,Hepatocyte_3,Hepatocyte,-4.8565583,3.3598983
P2TLH_GTTTCTAGTAGCGTCC_1,P2TLH,Hepatocyte_3,Hepatocyte,-3.6680634,11.882962
P2TLH_CATATGGTCCACGTGG_1,P2TLH,Hepatocyte_3,Hepatocyte,-0.8224877,1.7361083
P2TLH_CGGCTAGTCACGCATA_1,P2TLH,Hepatocyte_3,Hepatocyte,-1.6383551,-5.83158
P2TLH_CGTGTAAAGGTGATAT_1,P2TLH,Hepatocyte_3,Hepatocyte,-5.7535186,14.041992
P2TLH_CGCTTCAAGAAGAAGC_1,P2TLH,Hepatocyte_3,Hepatocyte,2.6502998,10.788586
P2TLH_CTAACTTGTATGCTTG_1,P2TLH,Hepatocyte_3,Hepatocyte,-0.87013865,-0.9497876
P2TLH_GCAGTTAAGGATATAC_1,P2TLH,Hepatocyte_3,Hepatocyte,-0.96792,-1.8083823
P2TLH_ATCCACCAGCCGTCGT_1,P2TLH,Hepatocyte_3,Hepatocyte,0.78682756,-0.636104
P2TLH_CAAGATCGTCGACTAT_1,P2TLH,Hepatocyte_3,Hepatocyte,2.3522882,3.4832876
P2TLH_CACATTTGTAGCTTGT_1,P2TLH,Hepatocyte_3,Hepatocyte,-0.1492629,4.1135077
P2TLH_GACGGCTGTCGCCATG_1,P2TLH,Hepatocyte_3,Hepatocyte,-1.6359764,12.09628
P2TLH_TAAGTGCGTTAAGGGC_1,P2TLH,Hepatocyte_3,Hepatocyte,-1.9856354,1.8064911
P2TLH_TAAACCGAGACCTAGG_1,P2TLH,Hepatocyte_3,Hepatocyte,-1.7679353,1.3952678
P2TLH_GTTCGGGGTCATATGC_1,P2TLH,Hepatocyte_3,Hepatocyte,-2.6675472,3.2428107
P2TLH_TCGCGAGGTAGATTAG_1,P2TLH,Hepatocyte_3,Hepatocyte,-4.119572,0.67960453
P2TLH_AGAGCGAAGCCCAATT_1,P2TLH,Hepatocyte_3,Hepatocyte,-7.9039383,10.73011
P2TLH_TCGCGAGGTAGGACAC_1,P2TLH,Hepatocyte_3,Hepatocyte,-0.6381341,0.56773794
P2TLH_CAGCGACTCTCTAGGA_1,P2TLH,Hepatocyte_3,Hepatocyte,1.5489043,4.3286543
P2TLH_TCACAAGGTAGGACAC_1,P2TLH,Hepatocyte_3,Hepatocyte,0.0796492,7.3778405
P2TLH_GCTGCGAAGTTCGCGC_1,P2TLH,Hepatocyte_3,Hepatocyte,0.8288503,-1.4183834
P2TLH_AGGGAGTCATTCTTAC_1,P2TLH,Hepatocyte_3,Hepatocyte,1.0632116,2.0491588
P2TLH_GTCATTTCATTAGGCT_1,P2TLH,Hepatocyte_3,Hepatocyte,1.9200718,1.5664929
P2TLH_GGATGTTCAGACGCCT_1,P2TLH,Hepatocyte_3,Hepatocyte,13.236048,23.248241
P2TLH_CCGTTCAAGAGCTTCT_1,P2TLH,Hepatocyte_3,Hepatocyte,-10.149345,9.399553
P2TLH_GCGGGTTGTCTAGTGT_1,P2TLH,Hepatocyte_3,Hepatocyte,3.4465404,4.5952497
P2TLH_ATAGACCTCACCAGGC_1,P2TLH,Hepatocyte_3,Hepatocyte,6.596264,4.8690114
P2TLH_CAGAATCAGATCCGAG_1,P2TLH,Hepatocyte_3,Hepatocyte,-1.0803636,-0.6068729
P2TLH_ATTGGTGTCTTCTGGC_1,P2TLH,Hepatocyte_3,Hepatocyte,-0.742773,-1.7024536
P2TLH_GACAGAGAGGGAGTAA_1,P2TLH,Hepatocyte_3,Hepatocyte,7.042284,20.230593
P2TLH_CCTAAAGGTGTGTGCC_1,P2TLH,Hepatocyte_3,Hepatocyte,0.11236339,2.1793654
P2TLH_GTCGTAACACGGTAAG_1,P2TLH,Hepatocyte_3,Hepatocyte,5.1820107,1.6481622
P2TLH_GTGCAGCAGTCCGGTC_1,P2TLH,Hepatocyte_3,Hepatocyte,-5.839322,4.0263057
P2TLH_ACGGAGAGTACGACCC_1,P2TLH,Hepatocyte_3,Hepatocyte,-1.3927842,9.702105
P2TLH_TCAGCAAGTCTAGGTT_1,P2TLH,Hepatocyte_3,Hepatocyte,-4.0075283,-0.8862605
P2TLH_ACTTGTTTCGGCGCAT_1,P2TLH,Hepatocyte_3,Hepatocyte,1.3272735,1.9231131
P2TLH_ACGCCAGCATGGTCTA_1,P2TLH,Hepatocyte_3,Hepatocyte,-1.1249485,0.82137847
P2TLH_TGTTCCGGTTGGTAAA_1,P2TLH,Hepatocyte_3,Hepatocyte,-3.9872334,1.429825
P2TLH_AAAGCAACACAGCGTC_1,P2TLH,Hepatocyte_3,Hepatocyte,-4.4612336,2.202322
P2TLH_GTGCTTCGTACCGGCT_1,P2TLH,Hepatocyte_3,Hepatocyte,1.8005602,1.822133
P2TLH_CAGATCAGTCTAGTCA_1,P2TLH,Hepatocyte_3,Hepatocyte,0.42225114,8.912636
P2TLH_AGCCTAAGTTCTCATT_1,P2TLH,Hepatocyte_3,Hepatocyte,2.5148566,10.726722
P2TLH_CAGGTGCAGCAGGTCA_1,P2TLH,Hepatocyte_3,Hepatocyte,-2.48838,-0.535411
P2TLH_GTTAAGCAGGCATGTG_1,P2TLH,Hepatocyte_3,Hepatocyte,-11.823077,12.083159
P2TLH_CGTCACTTCCTCGCAT_1,P2TLH,Hepatocyte_3,Hepatocyte,1.1453564,2.1353111
P2TLH_GTCATTTTCTGTGCAA_1,P2TLH,Hepatocyte_3,Hepatocyte,-3.6925035,12.8970175
P2TLH_GAGGTGAGTCAGATAA_1,P2TLH,Hepatocyte_3,Hepatocyte,-4.583911,2.0176501
P2TLH_CTGATCCTCTTCATGT_1,P2TLH,Hepatocyte_3,Hepatocyte,-2.9212472,0.465665
P2TLH_TGACAACAGTTGAGTA_1,P2TLH,Hepatocyte_3,Hepatocyte,0.6401364,11.330373
P2TLH_AACGTTGTCAGGCGAA_1,P2TLH,Hepatocyte_3,Hepatocyte,0.9564484,13.886865
P2TLH_AGTCTTTTCGAACGGA_1,P2TLH,Hepatocyte_3,Hepatocyte,0.55264777,2.4396017
P2TLH_TGACTAGGTCTAGGTT_1,P2TLH,Hepatocyte_3,Hepatocyte,11.256304,6.753175
P2TLH_CAGCGACCATAGGATA_1,P2TLH,Hepatocyte_3,Hepatocyte,5.080131,15.156475
P2TLH_CTCATTATCATGTGGT_1,P2TLH,Hepatocyte_3,Hepatocyte,0.90912676,0.18390435
P2TLH_ACTGCTCTCGAATCCA_1,P2TLH,Hepatocyte_3,Hepatocyte,0.74652714,1.081166
P2TLH_TCGAGGCTCAACGGCC_1,P2TLH,Hepatocyte_3,Hepatocyte,4.6324916,2.98337
P2TLH_CGATTGACACCTTGTC_1,P2TLH,Hepatocyte_3,Hepatocyte,-5.1643777,-3.4268634
P2TLH_AACCGCGCAACTGCTA_1,P2TLH,Hepatocyte_3,Hepatocyte,3.4883773,3.3239546
P2TLH_GGACGTCAGTGTACTC_1,P2TLH,Hepatocyte_3,Hepatocyte,-3.3603933,2.050815
P2TLH_GCTGGGTGTTCCCGAG_1,P2TLH,Hepatocyte_3,Hepatocyte,0.2606854,11.723606
P2TLH_TGAGAGGTCGCCCTTA_1,P2TLH,Hepatocyte_3,Hepatocyte,6.4012,6.462139
P2TLH_CACACTCTCTAGAGTC_1,P2TLH,Hepatocyte_3,Hepatocyte,2.1466708,0.7702373
P2TLH_CTCAGAACAGACAGGT_1,P2TLH,Hepatocyte_3,Hepatocyte,-4.4155536,-0.9532658
P2TLH_TTTGTCAGTCATGCAT_1,P2TLH,Hepatocyte_3,Hepatocyte,-4.757918,7.1291213
P2TLH_CTAGCCTCAATGGATA_1,P2TLH,Hepatocyte_3,Hepatocyte,2.2367218,1.230611
P2TLH_ACTGTCCCAATGTAAG_1,P2TLH,Hepatocyte_3,Hepatocyte,4.058564,3.6599936
P2TLH_TTTCCTCAGGTGATTA_1,P2TLH,Hepatocyte_3,Hepatocyte,2.1503115,1.9150592
P2TLH_TTCTTAGGTAGGAGTC_1,P2TLH,Hepatocyte_3,Hepatocyte,0.42067602,2.7751648
P2TLH_CTTCTCTCACGAGAGT_1,P2TLH,Hepatocyte_3,Hepatocyte,-2.227711,-0.8285796
P2TLH_TCTATTGTCCGCAGTG_1,P2TLH,Hepatocyte_3,Hepatocyte,6.6162996,7.1407003
P2TLH_CGATCGGAGACCGGAT_1,P2TLH,Hepatocyte_3,Hepatocyte,-1.6592146,1.6852187
P2TLH_CGCTATCGTCATATGC_1,P2TLH,Hepatocyte_3,Hepatocyte,2.9401839,11.10034
P2TLH_TGCACCTAGTACGATA_1,P2TLH,Hepatocyte_3,Hepatocyte,-1.6668003,-1.4680663
P2TLH_AAACGGGAGCGAGAAA_1,P2TLH,Hepatocyte_3,Hepatocyte,-7.7080073,2.4425433
P2TLH_ACTATCTGTCGGCTCA_1,P2TLH,Hepatocyte_3,Hepatocyte,-6.5165205,-6.311036
P2TLH_GGACAAGAGTTAAGTG_1,P2TLH,Hepatocyte_3,Hepatocyte,0.41185915,-0.11056369
P2TLH_CAGCAGCCATAAAGGT_1,P2TLH,Hepatocyte_3,Hepatocyte,4.2063,4.9949403
P2TLH_GGGTTGCAGCTACCGC_1,P2TLH,Hepatocyte_3,Hepatocyte,0.8098167,1.7696383
P2TLH_GACTAACAGATTACCC_1,P2TLH,Hepatocyte_3,Hepatocyte,7.2725024,11.263803
P2TLH_ACTTGTTCACCTCGTT_1,P2TLH,Hepatocyte_3,Hepatocyte,-1.5715053,3.3638644
P2TLH_TGAGAGGCACAAGACG_1,P2TLH,Hepatocyte_3,Hepatocyte,2.4209702,0.5969239
P2TLH_CTTAGGAGTAAGGATT_1,P2TLH,Hepatocyte_3,Hepatocyte,2.4052403,2.4862065
P2TLH_GGAACTTCACTACAGT_1,P2TLH,Hepatocyte_3,Hepatocyte,-11.616921,-3.3999598
P2TLH_AAGTCTGCAAGCCATT_1,P2TLH,Hepatocyte_3,Hepatocyte,-4.8437276,-2.7825847
P2TLH_CGTTCTGCATGCTAGT_1,P2TLH,Hepatocyte_3,Hepatocyte,0.21154216,0.7830312
P2TLH_CTGCGGAGTATTCGTG_1,P2TLH,Hepatocyte_3,Hepatocyte,4.039372,5.129481
P2TLH_GGATGTTCACTAGTAC_1,P2TLH,Hepatocyte_3,Hepatocyte,9.092171,12.809318
P2TLH_TCTCATAAGGACCACA_1,P2TLH,Hepatocyte_3,Hepatocyte,-0.8276123,-0.50207037
P2TLH_TCAGATGTCTATGTGG_1,P2TLH,Hepatocyte_3,Hepatocyte,5.83564,1.3578817
P2TLH_ATGAGGGTCCACTCCA_1,P2TLH,Hepatocyte_3,Hepatocyte,0.79781944,3.1379895
P2TLH_CACCACTAGGACTGGT_1,P2TLH,Hepatocyte_3,Hepatocyte,10.740981,14.300913
P2TLH_CGCGTTTTCCAGTATG_1,P2TLH,Hepatocyte_3,Hepatocyte,2.835161,2.161236
P2TLH_GCAGCCACACTTGGAT_1,P2TLH,Hepatocyte_3,Hepatocyte,-2.3455029,-1.2450484
P2TLH_CGGTTAAGTCGAACAG_1,P2TLH,Hepatocyte_3,Hepatocyte,0.73445594,1.6675433
P2TLH_CAGCCGAGTCTTCAAG_1,P2TLH,Hepatocyte_3,Hepatocyte,2.9098487,6.7720375
P2TLH_CTGAAACAGCACCGTC_1,P2TLH,Hepatocyte_3,Hepatocyte,4.9043074,0.14560735
P2TLH_GACTGCGCATATGCTG_1,P2TLH,Hepatocyte_3,Hepatocyte,1.7255032,-0.17415199
P2TLH_CGGAGCTTCGAGGTAG_1,P2TLH,Hepatocyte_3,Hepatocyte,-1.0521991,0.938882
P2TLH_AGAATAGTCCACGTGG_1,P2TLH,Hepatocyte_3,Hepatocyte,2.957009,0.54019195
P2TLH_TCAGGTAGTAAACGCG_1,P2TLH,Hepatocyte_3,Hepatocyte,1.681646,2.8879433
P2TLH_CTTGGCTCATTCCTGC_1,P2TLH,Hepatocyte_3,Hepatocyte,-6.1686974,1.2763091
P2TLH_GCGACCAAGAGCTATA_1,P2TLH,Hepatocyte_3,Hepatocyte,-5.4516215,0.982905
P2TLH_TCAGCAAGTGAGTGAC_1,P2TLH,Hepatocyte_3,Hepatocyte,-1.6668043,-2.4250805
P2TLH_GCACATAGTACACCGC_1,P2TLH,Hepatocyte_3,Hepatocyte,3.2265015,14.172671
P2TLH_TTTCCTCCAGCGTCCA_1,P2TLH,Hepatocyte_3,Hepatocyte,-2.160399,-0.3331187
P2TLH_TTGGCAAAGGAACTGC_1,P2TLH,Hepatocyte_3,Hepatocyte,1.2402219,2.291328
P2TLH_CTAGCCTAGACTAGGC_1,P2TLH,Hepatocyte_3,Hepatocyte,-1.9510673,4.7855425
P2TLH_CTACATTGTGCTCTTC_1,P2TLH,Hepatocyte_3,Hepatocyte,-3.9686532,5.8898644
P2TLH_TGCGTGGAGTAAGTAC_1,P2TLH,Hepatocyte_3,Hepatocyte,-3.1600578,1.2681986
P2TLH_CCACCTAAGATATGCA_1,P2TLH,Hepatocyte_3,Hepatocyte,-3.3592377,4.1904507
P2TLH_ACCAGTAGTTATTCTC_1,P2TLH,Hepatocyte_3,Hepatocyte,-5.971737,10.265786
P2TLH_TTAACTCAGAGTGAGA_1,P2TLH,Hepatocyte_3,Hepatocyte,-2.470993,-1.1910814
P2TLH_ATGTGTGCAACCGCCA_1,P2TLH,Hepatocyte_3,Hepatocyte,-0.1161809,2.260641
P2TLH_TTAGGACGTAAGCACG_1,P2TLH,Hepatocyte_3,Hepatocyte,-3.0424213,0.9520545
P2TLH_GTCACGGGTAGTAGTA_1,P2TLH,Hepatocyte_3,Hepatocyte,-4.5066295,-1.2468626
P2TLH_CCCAGTTTCGCAAACT_1,P2TLH,Hepatocyte_3,Hepatocyte,-9.996875,1.5824548
P2TLH_TGGCCAGGTACTTAGC_1,P2TLH,Hepatocyte_3,Hepatocyte,7.255911,4.1816916
P2TLH_AGCGTCGCATGGATGG_1,P2TLH,Hepatocyte_3,Hepatocyte,3.6119666,9.691331
P2TLH_ATGAGGGTCAGTGTTG_1,P2TLH,Hepatocyte_3,Hepatocyte,-1.3630655,-0.9074406
P2TLH_CTCACACTCTGACCTC_1,P2TLH,Hepatocyte_3,Hepatocyte,0.24240816,0.1575456
P2TLH_TCGTACCCATAGTAAG_1,P2TLH,Hepatocyte_3,Hepatocyte,1.4129969,1.0096672
P2TLH_CACCTTGGTAGCCTCG_1,P2TLH,Hepatocyte_3,Hepatocyte,7.9736276,7.6821713
P2TLH_GTCGTAAAGTCCGTAT_1,P2TLH,Hepatocyte_3,Hepatocyte,4.4288,3.8611612
P2TLH_GATGAAATCGGTCTAA_1,P2TLH,Hepatocyte_3,Hepatocyte,2.9405417,3.448467
P2TLH_CCATGTCCAAGTCTAC_1,P2TLH,Hepatocyte_3,Hepatocyte,-9.537926,-4.4756923
P2TLH_CAGAATCTCCGGCACA_1,P2TLH,Hepatocyte_3,Hepatocyte,-3.8533874,2.738642
P2TLH_TCCACACAGTACGTTC_1,P2TLH,Hepatocyte_3,Hepatocyte,-2.0644832,-5.1250544
P2TLH_AGTTGGTTCGCGGATC_1,P2TLH,Hepatocyte_3,Hepatocyte,2.0929825,2.1894248
P2TLH_CGATGGCTCTCCGGTT_1,P2TLH,Hepatocyte_3,Hepatocyte,-0.056520957,2.7823431
P2TLH_GTGCATAGTACAGTTC_1,P2TLH,Hepatocyte_3,Hepatocyte,-1.0106361,4.7557464
P2TLH_ACGAGGAGTTCCGGCA_1,P2TLH,Hepatocyte_3,Hepatocyte,0.63196945,0.8784959
P2TLH_GAAGCAGCAAATACAG_1,P2TLH,Hepatocyte_3,Hepatocyte,-7.3204274,-0.49076825
P2TLH_CGAGAAGTCCAGTAGT_1,P2TLH,Hepatocyte_3,Hepatocyte,-2.438887,9.320604
P2TLH_GCGCAACCACGACTCG_1,P2TLH,Hepatocyte_3,Hepatocyte,0.6372935,-1.4624457
P2TLH_CGTAGGCCACGCATCG_1,P2TLH,Hepatocyte_3,Hepatocyte,-6.6631327,1.6780497
P2TLH_AAGTCTGGTTCCCTTG_1,P2TLH,Hepatocyte_3,Hepatocyte,-3.0772626,5.3645487
P2TLH_CGGACACCAGATCTGT_1,P2TLH,Hepatocyte_3,Hepatocyte,4.97253,17.049517
P2TLH_CTAGAGTTCAACTCTT_1,P2TLH,Hepatocyte_3,Hepatocyte,3.055292,1.5091724
P2TLH_ACGCCAGGTAGCTCCG_1,P2TLH,Hepatocyte_3,Hepatocyte,4.3664784,3.945488
P2TLH_TCGGGACAGAGATGAG_1,P2TLH,Hepatocyte_3,Hepatocyte,-0.59782207,4.6089396
P2TLH_GCGCCAAGTCTCCCTA_1,P2TLH,Hepatocyte_3,Hepatocyte,-0.5620875,0.6382746
P2TLH_CGCCAAGTCAACGCTA_1,P2TLH,Hepatocyte_3,Hepatocyte,-7.144358,0.6036099
P2TLH_AGTCTTTCACTTACGA_1,P2TLH,Hepatocyte_3,Hepatocyte,2.464756,2.3008249
P2TLH_TCTCTAACACCCATTC_1,P2TLH,Hepatocyte_3,Hepatocyte,-10.511887,1.75877
P2TLH_TTCCCAGGTAAATGTG_1,P2TLH,Hepatocyte_3,Hepatocyte,4.632255,1.3364974
P2TLH_GGAATAACAAGCGCTC_1,P2TLH,Hepatocyte_3,Hepatocyte,1.738433,0.089850985
P2TLH_TCAGGATCAGAAGCAC_1,P2TLH,Hepatocyte_3,Hepatocyte,10.162659,11.576322
P3TLH_AGAGCGACAAGGACTG_1,P3TLH,Hepatocyte_4,Hepatocyte,-6.94491,7.795113
P3TLH_CGATGTACATGCATGT_1,P3TLH,Hepatocyte_1,Hepatocyte,1.050508,-3.1029675
P3TLH_CATCAGATCATCGATG_1,P3TLH,Hepatocyte_2,Hepatocyte,6.481651,-3.2881992
P3TLH_TTAGTTCAGCAGGCTA_1,P3TLH,Hepatocyte_2,Hepatocyte,7.057048,-2.8912246
P3TLH_AAGGTTCGTATCGCAT_1,P3TLH,Hepatocyte_4,Hepatocyte,-4.346286,0.6453559
P3TLH_TTCGAAGAGCTCCTTC_1,P3TLH,Hepatocyte_4,Hepatocyte,-4.2686048,-1.1351917
P3TLH_CTAATGGTCTCGCATC_1,P3TLH,Hepatocyte_4,Hepatocyte,-4.676425,-3.892456
P3TLH_TACCTTAAGATGCCAG_1,P3TLH,Hepatocyte_1,Hepatocyte,4.9196916,0.10532245
P3TLH_ACCGTAAAGCCAGTAG_1,P3TLH,Hepatocyte_1,Hepatocyte,5.4831233,-0.106268674
P3TLH_GATCTAGAGTGTTAGA_1,P3TLH,Hepatocyte_2,Hepatocyte,6.387656,-5.1858897
P3TLH_CTTACCGTCAACCATG_1,P3TLH,Hepatocyte_1,Hepatocyte,3.425376,-9.281043
P3TLH_TCAGATGAGTAAGTAC_1,P3TLH,Hepatocyte_1,Hepatocyte,1.3823777,-1.8723654
P3TLH_CGTGAGCTCCTAGAAC_1,P3TLH,Hepatocyte_1,Hepatocyte,-0.38890064,-5.3459754
P3TLH_CAGAATCAGGATATAC_1,P3TLH,Hepatocyte_1,Hepatocyte,8.642798,-1.3435395
P3TLH_AGCGTCGGTCAGATAA_1,P3TLH,Hepatocyte_2,Hepatocyte,-0.37337345,1.7016441
P3TLH_TTTCCTCAGCGGCTTC_1,P3TLH,Hepatocyte_1,Hepatocyte,11.079651,-4.094366
P3TLH_GTTCGGGTCCACGACG_1,P3TLH,Hepatocyte_1,Hepatocyte,5.0375743,0.9048933
P3TLH_TTGCGTCAGATGTGTA_1,P3TLH,Hepatocyte_2,Hepatocyte,0.5658835,-6.0836916
P3TLH_CAAGTTGAGTTTGCGT_1,P3TLH,Hepatocyte_2,Hepatocyte,-0.25943914,-7.167906
P3TLH_GATGAGGCATTCACTT_1,P3TLH,Hepatocyte_1,Hepatocyte,3.8385313,-2.0091417
P3TLH_CCATTCGCAAGCCTAT_1,P3TLH,Hepatocyte_4,Hepatocyte,-4.88168,-3.8880749
P3TLH_GAAACTCAGGCGCTCT_1,P3TLH,Hepatocyte_4,Hepatocyte,3.0966358,-4.06233
P3TLH_CGAGAAGGTGGTAACG_1,P3TLH,Hepatocyte_2,Hepatocyte,0.4690605,-3.0460627
P3TLH_CTCATTATCAAAGACA_1,P3TLH,Hepatocyte_4,Hepatocyte,-17.478783,-7.6343927
P3TLH_GTAACGTAGCGAAGGG_1,P3TLH,Hepatocyte_4,Hepatocyte,-7.071024,0.0027778184
P3TLH_CGGCTAGAGTGAAGTT_1,P3TLH,Hepatocyte_1,Hepatocyte,3.87142,-2.914124
P3TLH_CGTGTCTGTAGCGTCC_1,P3TLH,Hepatocyte_1,Hepatocyte,10.585492,2.482731
P3TLH_GTTTCTAAGCTCTCGG_1,P3TLH,Hepatocyte_4,Hepatocyte,-5.747105,-2.8629506
P3TLH_AACTCTTAGATGCCAG_1,P3TLH,Hepatocyte_2,Hepatocyte,0.45216742,-4.8641124
P3TLH_ACGATACGTCTAAAGA_1,P3TLH,Hepatocyte_1,Hepatocyte,5.0294547,-6.0186667
P3TLH_CGATTGATCGGCCGAT_1,P3TLH,Hepatocyte_1,Hepatocyte,0.29425666,-4.8659205
P3TLH_CCTACCACAAGCGAGT_1,P3TLH,Hepatocyte_2,Hepatocyte,4.283767,-6.0701265
P3TLH_TAGTTGGCAATAGCGG_1,P3TLH,Hepatocyte_2,Hepatocyte,6.795752,-3.9194577
P3TLH_AGACGTTAGAAGAAGC_1,P3TLH,Hepatocyte_2,Hepatocyte,2.0634933,-5.3979697
P3TLH_GGAACTTGTGAACCTT_1,P3TLH,Hepatocyte_4,Hepatocyte,-1.4602445,-4.319836
P3TLH_CGAACATAGCTCCTCT_1,P3TLH,Hepatocyte_2,Hepatocyte,0.8817064,-5.6022787
P3TLH_GTCATTTGTGTGACGA_1,P3TLH,Hepatocyte_4,Hepatocyte,-8.128086,-4.4886675
P3TLH_TACAGTGGTTCCTCCA_1,P3TLH,Hepatocyte_1,Hepatocyte,-0.66873497,-3.6203132
P3TLH_AGTAGTCAGACAAGCC_1,P3TLH,Hepatocyte_1,Hepatocyte,8.816248,-0.79877234
P3TLH_AATCCAGGTCACTGGC_1,P3TLH,Hepatocyte_2,Hepatocyte,2.5411422,-4.4288154
P3TLH_CTCGTCAGTCCGAATT_1,P3TLH,Hepatocyte_2,Hepatocyte,1.9563614,-6.3930798
P3TLH_AGCCTAACAGTACACT_1,P3TLH,Hepatocyte_2,Hepatocyte,1.8678218,-7.940826
P3TLH_CACAGGCAGGAGTTTA_1,P3TLH,Hepatocyte_1,Hepatocyte,2.4042144,-6.8466897
P3TLH_TGACTAGTCCTTTCTC_1,P3TLH,Hepatocyte_2,Hepatocyte,3.7134347,-5.4739285
P3TLH_AGGCCACAGCAATCTC_1,P3TLH,Hepatocyte_4,Hepatocyte,-8.08672,-1.7859797
P3TLH_ATTGGACTCAGAGCTT_1,P3TLH,Hepatocyte_1,Hepatocyte,1.8144805,-1.4078059
P3TLH_AGGCCACGTTAGAACA_1,P3TLH,Hepatocyte_2,Hepatocyte,2.3420427,-2.9746666
P3TLH_AGGGATGTCCTCTAGC_1,P3TLH,Hepatocyte_2,Hepatocyte,3.2263038,-6.7054377
P3TLH_GATGCTATCGGCATCG_1,P3TLH,Hepatocyte_1,Hepatocyte,4.597444,-1.3014312
P3TLH_CGATGTAAGTACGCCC_1,P3TLH,Hepatocyte_2,Hepatocyte,1.0916982,-6.7700973
P3TLH_CTTAACTTCGTTACGA_1,P3TLH,Hepatocyte_1,Hepatocyte,5.4578156,-2.698031
P3TLH_GATCGTACAATCAGAA_1,P3TLH,Hepatocyte_2,Hepatocyte,0.9884712,-0.57856536
P3TLH_CGAGCCACATATGAGA_1,P3TLH,Hepatocyte_1,Hepatocyte,5.3340793,-0.3908522
P3TLH_TCAACGAGTTCTGGTA_1,P3TLH,Hepatocyte_1,Hepatocyte,-0.044014998,0.02497016
P3TLH_GATGCTAAGAGGGCTT_1,P3TLH,Hepatocyte_2,Hepatocyte,4.5204926,-4.2875247
P3TLH_TAGACCACATTGGCGC_1,P3TLH,Hepatocyte_2,Hepatocyte,5.1299706,-3.4648201
P3TLH_CAGCTGGGTACAGTGG_1,P3TLH,Hepatocyte_2,Hepatocyte,1.8518203,-6.8895607
P3TLH_ACTGAACAGGTTACCT_1,P3TLH,Hepatocyte_6,Hepatocyte,14.466256,-4.1163187
P3TLH_CATTATCCAAGTAGTA_1,P3TLH,Hepatocyte_1,Hepatocyte,2.1813383,-1.8390018
P3TLH_GACTAACTCTTGCAAG_1,P3TLH,Hepatocyte_1,Hepatocyte,-0.40177757,-2.3157349
P3TLH_GAGGTGAGTGGTTTCA_1,P3TLH,Hepatocyte_4,Hepatocyte,-3.2038474,1.0093427
P3TLH_GAACCTAGTATGGTTC_1,P3TLH,Hepatocyte_4,Hepatocyte,-0.57412565,-6.2779646
P3TLH_CAGAGAGAGATCCCAT_1,P3TLH,Hepatocyte_1,Hepatocyte,-1.2365915,-5.1109233
P3TLH_ATCGAGTAGCCTATGT_1,P3TLH,Hepatocyte_2,Hepatocyte,4.2620735,-5.133141
P3TLH_CCTTACGCATTCGACA_1,P3TLH,Hepatocyte_2,Hepatocyte,4.532845,-5.969237
P3TLH_GTCTTCGGTGGCAAAC_1,P3TLH,Hepatocyte_2,Hepatocyte,0.5019257,-7.0809245
P3TLH_TCAGATGAGGCCCTTG_1,P3TLH,Hepatocyte_2,Hepatocyte,4.215884,-2.606677
P3TLH_CGAATGTGTCCTCCAT_1,P3TLH,Hepatocyte_1,Hepatocyte,0.6971851,-2.3263743
P3TLH_CTCTAATCAGTAACGG_1,P3TLH,Hepatocyte_2,Hepatocyte,-0.34270415,-5.2144327
P3TLH_CTTCTCTTCTAGAGTC_1,P3TLH,Hepatocyte_2,Hepatocyte,0.0904843,-5.1378784
P3TLH_TTGCCGTTCGCCAAAT_1,P3TLH,Hepatocyte_2,Hepatocyte,1.4800498,-7.425724
P3TLH_TGACAACCAGTTCCCT_1,P3TLH,Hepatocyte_4,Hepatocyte,-14.238071,-3.5531123
P3TLH_CTAGAGTAGATCCCGC_1,P3TLH,Hepatocyte_1,Hepatocyte,5.6467357,-0.94123095
P3TLH_ACGAGCCGTAGCTTGT_1,P3TLH,Hepatocyte_2,Hepatocyte,1.8677187,-4.011844
P3TLH_AAGGAGCTCGGAAACG_1,P3TLH,Hepatocyte_2,Hepatocyte,3.6243925,-8.329518
P3TLH_CCTAGCTAGTATCGAA_1,P3TLH,Hepatocyte_1,Hepatocyte,10.300693,-5.561326
P3TLH_AGATCTGGTTCGGCAC_1,P3TLH,Hepatocyte_2,Hepatocyte,0.4382162,-5.82057
P3TLH_CACAGGCAGACTGTAA_1,P3TLH,Hepatocyte_2,Hepatocyte,-0.19041494,-7.390229
P3TLH_GTGAAGGCACAGGAGT_1,P3TLH,Hepatocyte_4,Hepatocyte,-3.4218392,-0.57082057
P3TLH_GTATCTTTCTGTCCGT_1,P3TLH,Hepatocyte_2,Hepatocyte,6.746742,-4.8973646
P3TLH_CATCAAGGTACCGCTG_1,P3TLH,Hepatocyte_2,Hepatocyte,-3.351202,-9.104347
P3TLH_ACACTGACATGATCCA_1,P3TLH,Hepatocyte_2,Hepatocyte,0.07285328,-6.818733
P3TLH_CCTACACTCTTATCTG_1,P3TLH,Hepatocyte_1,Hepatocyte,5.46273,-4.6713176
P3TLH_AGTAGTCCAACGATCT_1,P3TLH,Hepatocyte_2,Hepatocyte,-2.0182533,-6.666596
P3TLH_TAGGCATGTGCTCTTC_1,P3TLH,Hepatocyte_1,Hepatocyte,8.870105,-0.051048093
P3TLH_CCTTCGATCTAACTTC_1,P3TLH,Hepatocyte_1,Hepatocyte,-2.8374562,-2.9205282
P3TLH_GTCACGGGTCAGAGGT_1,P3TLH,Hepatocyte_2,Hepatocyte,4.6438413,-4.5666423
P3TLH_GATCGTAGTGTGCCTG_1,P3TLH,Hepatocyte_1,Hepatocyte,1.0492532,-2.257039
P3TLH_TGTGGTAAGAAACCAT_1,P3TLH,Hepatocyte_1,Hepatocyte,6.8257422,-4.3584595
P3TLH_TGTGGTACAAGTTCTG_1,P3TLH,Hepatocyte_1,Hepatocyte,0.46244597,-0.9378148
P3TLH_TGAGAGGCATATACGC_1,P3TLH,Hepatocyte_1,Hepatocyte,4.7065587,3.89126
P3TLH_CACCAGGAGGAATTAC_1,P3TLH,Hepatocyte_4,Hepatocyte,-11.254218,7.496313
P3TLH_GGCGACTGTAGCGCAA_1,P3TLH,Hepatocyte_4,Hepatocyte,-0.29008538,0.4914902
P3TLH_ACACCGGGTGAGGGTT_1,P3TLH,Hepatocyte_1,Hepatocyte,5.462396,-1.2627947
P3TLH_AGCTCCTGTTTGTGTG_1,P3TLH,Hepatocyte_2,Hepatocyte,2.4020226,-6.4104247
P3TLH_GTTACAGAGGCCCTTG_1,P3TLH,Hepatocyte_1,Hepatocyte,12.494818,-4.917997
P3TLH_CCTTCCCCAGCTCGCA_1,P3TLH,Hepatocyte_4,Hepatocyte,-9.698381,-4.283643
P3TLH_TAAGAGAAGGTGATAT_1,P3TLH,Hepatocyte_2,Hepatocyte,4.337398,-7.122736
P3TLH_GACCAATGTGTAACGG_1,P3TLH,Hepatocyte_2,Hepatocyte,1.9718758,-7.299267
P3TLH_AGGTCATTCGGCGCAT_1,P3TLH,Hepatocyte_2,Hepatocyte,-0.68555015,-3.2951567
P3TLH_AAGGCAGGTGTTGGGA_1,P3TLH,Hepatocyte_1,Hepatocyte,5.4372573,-1.864735
P3TLH_CCTACACGTAGTACCT_1,P3TLH,Hepatocyte_1,Hepatocyte,2.283026,-3.1540518
P3TLH_AGCTCCTAGATGCCAG_1,P3TLH,Hepatocyte_2,Hepatocyte,1.2448835,-8.831316
P3TLH_CGATGGCCATTTGCCC_1,P3TLH,Hepatocyte_1,Hepatocyte,0.2880941,-0.10078671
P3TLH_TAAGTGCAGTAACCCT_1,P3TLH,Hepatocyte_2,Hepatocyte,-5.7240357,-8.796005
P3TLH_TCATTTGAGACCTAGG_1,P3TLH,Hepatocyte_4,Hepatocyte,23.945341,8.848506
P3TLH_AAGGCAGCAGACAAAT_1,P3TLH,Hepatocyte_2,Hepatocyte,6.0556197,-4.192125
P3TLH_TTTGGTTTCGCGATCG_1,P3TLH,Hepatocyte_1,Hepatocyte,1.913832,-2.2046528
P3TLH_GGACATTTCCATTCTA_1,P3TLH,Hepatocyte_1,Hepatocyte,3.7092211,-5.362619
P3TLH_GTATCTTAGGTGATTA_1,P3TLH,Hepatocyte_2,Hepatocyte,6.3347898,-2.8765357
P3TLH_GCTGCTTGTAGCGCAA_1,P3TLH,Hepatocyte_4,Hepatocyte,-3.940436,-2.927673
P3TLH_TGGACGCGTAGCTAAA_1,P3TLH,Hepatocyte_2,Hepatocyte,-1.5097138,-8.957367
P3TLH_CTCCTAGCAGCCTTGG_1,P3TLH,Hepatocyte_1,Hepatocyte,2.7773206,-2.591501
P3TLH_CTCCTAGTCGCCAGCA_1,P3TLH,Hepatocyte_6,Hepatocyte,8.715149,-11.721003
P3TLH_TCCACACCAAAGCGGT_1,P3TLH,Hepatocyte_2,Hepatocyte,-3.0101979,-4.9938364
P3TLH_ACGGGTCAGAGAACAG_1,P3TLH,Hepatocyte_1,Hepatocyte,5.3307824,-3.6113467
P3TLH_ACTATCTCAAGCTGAG_1,P3TLH,Hepatocyte_1,Hepatocyte,10.681641,5.775448
P3TLH_AACTCCCAGGATCGCA_1,P3TLH,Hepatocyte_1,Hepatocyte,2.3134453,-2.809459
P3TLH_ATCCGAAAGAGGGCTT_1,P3TLH,Hepatocyte_1,Hepatocyte,-0.037873738,-2.501389
P3TLH_CGATGTAGTGAAATCA_1,P3TLH,Hepatocyte_4,Hepatocyte,-6.6613564,1.2350696
P3TLH_GCGCAACCATCGGGTC_1,P3TLH,Hepatocyte_1,Hepatocyte,2.0995169,-9.745015
P3TLH_GCTTCCAAGGGAAACA_1,P3TLH,Hepatocyte_1,Hepatocyte,5.4948378,-1.6396024
P3TLH_CGAGAAGAGTACGTAA_1,P3TLH,Hepatocyte_2,Hepatocyte,-1.3317724,-8.474789
P3TLH_TGCTACCAGTCCCACG_1,P3TLH,Hepatocyte_4,Hepatocyte,-10.564462,-7.988822
P3TLH_CATTCGCAGGGTTCCC_1,P3TLH,Hepatocyte_2,Hepatocyte,6.4160132,-7.1802807
P3TLH_TGGCCAGTCTTTACAC_1,P3TLH,Hepatocyte_4,Hepatocyte,-6.230389,-0.19588554
P3TLH_TTTGTCACATCCTTGC_1,P3TLH,Hepatocyte_2,Hepatocyte,2.8292375,-3.630289
P3TLH_TGACTAGGTGTAAGTA_1,P3TLH,Hepatocyte_4,Hepatocyte,0.65075487,17.065094
P3TLH_GAACATCAGTTCGCAT_1,P3TLH,Hepatocyte_4,Hepatocyte,-7.175013,4.4345393
P3TLH_TAAGTGCGTTGAGGTG_1,P3TLH,Hepatocyte_1,Hepatocyte,-2.5575671,0.91082287
P3TLH_GGACGTCCATCTATGG_1,P3TLH,Hepatocyte_1,Hepatocyte,0.035794497,-1.1114441
P3TLH_GAATAAGCACCCATGG_1,P3TLH,Hepatocyte_1,Hepatocyte,6.0160284,-3.3616624
P3TLH_ACGAGGAAGAATGTGT_1,P3TLH,Hepatocyte_2,Hepatocyte,8.780763,-3.1159952
P3TLH_AGTGGGACATGACGGA_1,P3TLH,Hepatocyte_1,Hepatocyte,1.773051,-2.9236228
P3TLH_TACGGGCCAGTCCTTC_1,P3TLH,Hepatocyte_2,Hepatocyte,-0.9454645,-5.2894945
P3TLH_CTCCTAGCAATGCCAT_1,P3TLH,Hepatocyte_2,Hepatocyte,2.9054627,-5.8592787
P3TLH_CATGCCTTCGTGACAT_1,P3TLH,Hepatocyte_2,Hepatocyte,0.30062884,-6.47843
P3TLH_CGAGCCAAGTGCCAGA_1,P3TLH,Hepatocyte_2,Hepatocyte,0.45310584,-5.0821075
P3TLH_ACTGTCCCACTGAAGG_1,P3TLH,Hepatocyte_2,Hepatocyte,0.33860117,-5.559553
P3TLH_CATGACAGTAAATACG_1,P3TLH,Hepatocyte_1,Hepatocyte,-0.85748214,-2.7480955
P3TLH_TGCACCTAGGAATCGC_1,P3TLH,Hepatocyte_1,Hepatocyte,6.1865187,-1.4430001
P3TLH_GCCAAATGTGTTGGGA_1,P3TLH,Hepatocyte_2,Hepatocyte,1.3363477,-9.294504
P3TLH_CACACCTTCGCTAGCG_1,P3TLH,Hepatocyte_1,Hepatocyte,3.9671059,-5.0019608
P3TLH_CATATTCAGCTAAACA_1,P3TLH,Hepatocyte_4,Hepatocyte,-2.456474,-2.2240458
P3TLH_CCAATCCCAAAGCGGT_1,P3TLH,Hepatocyte_4,Hepatocyte,-3.8545282,0.63551104
P3TLH_AGCTCCTGTGCAACTT_1,P3TLH,Hepatocyte_2,Hepatocyte,-0.20536402,-5.119223
P3TLH_GTGGGTCTCGGTCCGA_1,P3TLH,Hepatocyte_2,Hepatocyte,0.7758031,-8.3238325
P3TLH_TTTGCGCCAATCTGCA_1,P3TLH,Hepatocyte_2,Hepatocyte,2.1979904,-6.5633564
P3TLH_AACTCCCAGTCCGGTC_1,P3TLH,Hepatocyte_6,Hepatocyte,17.619532,-9.327867
P3TLH_TGGGAAGAGTACATGA_1,P3TLH,Hepatocyte_1,Hepatocyte,3.6834185,-5.0568414
P3TLH_TACGGTAAGATGTTAG_1,P3TLH,Hepatocyte_4,Hepatocyte,-3.7713585,-4.530722
P3TLH_TGCCCATGTAATAGCA_1,P3TLH,Hepatocyte_1,Hepatocyte,4.5035615,-2.8622673
P3TLH_GCGCAACCATACCATG_1,P3TLH,Hepatocyte_2,Hepatocyte,2.1285853,-8.890302
P3TLH_TACGGTAGTCCAACTA_1,P3TLH,Hepatocyte_2,Hepatocyte,1.4960098,-5.1463494
P3TLH_CCGTTCAAGAGGGATA_1,P3TLH,Hepatocyte_2,Hepatocyte,1.7271913,-4.4971957
P3TLH_ACACCGGAGACTGGGT_1,P3TLH,Hepatocyte_1,Hepatocyte,2.8362901,-1.2310268
P3TLH_CCTTCCCAGTTCGATC_1,P3TLH,Hepatocyte_2,Hepatocyte,3.636326,-4.5453377
P3TLH_CCGGGATCACCACCAG_1,P3TLH,Hepatocyte_1,Hepatocyte,0.57490265,-1.3969141
P3TLH_ATCCACCAGTAGCGGT_1,P3TLH,Hepatocyte_2,Hepatocyte,5.723143,-5.5745006
P3TLH_CTCTACGAGGTTCCTA_1,P3TLH,Hepatocyte_4,Hepatocyte,-7.4517865,-1.6354893
P3TLH_GTATCTTTCGACCAGC_1,P3TLH,Hepatocyte_4,Hepatocyte,-15.567559,-7.1536202
P3TLH_AGGGAGTCAGTGGGAT_1,P3TLH,Hepatocyte_1,Hepatocyte,5.9863133,-2.0620642
P3TLH_GGACAGAAGGTTACCT_1,P3TLH,Hepatocyte_1,Hepatocyte,-0.32237706,-3.4961722
P3TLH_AGCAGCCAGCAGATCG_1,P3TLH,Hepatocyte_4,Hepatocyte,-1.8522599,3.8487148
P3TLH_TGCTACCTCAGTTAGC_1,P3TLH,Hepatocyte_1,Hepatocyte,3.6371655,-4.852894
P3TLH_CCGTTCACAATAGAGT_1,P3TLH,Hepatocyte_4,Hepatocyte,-6.9952645,-1.4912376
P3TLH_CTTCTCTTCTTGAGAC_1,P3TLH,Hepatocyte_2,Hepatocyte,3.052667,-3.5341964
P3TLH_TTCTCCTGTGACAAAT_1,P3TLH,Hepatocyte_2,Hepatocyte,2.7671204,-7.018594
P3TLH_TGGCTGGTCTAACTCT_1,P3TLH,Hepatocyte_1,Hepatocyte,5.496667,1.818037
P3TLH_AGATTGCAGCTGCGAA_1,P3TLH,Hepatocyte_2,Hepatocyte,2.799472,-7.0747905
P3TLH_TAGACCAGTTAAAGAC_1,P3TLH,Hepatocyte_4,Hepatocyte,-12.261099,10.83706
P3TLH_CAGTCCTTCCTTAATC_1,P3TLH,Hepatocyte_1,Hepatocyte,0.63084835,-4.436327
P3TLH_CGTCAGGGTCTCATCC_1,P3TLH,Hepatocyte_6,Hepatocyte,13.375152,-8.941706
P3TLH_GGCGTGTGTTCAACCA_1,P3TLH,Hepatocyte_4,Hepatocyte,-2.5606918,-2.3026702
P3TLH_GCAGCCAAGAAGAAGC_1,P3TLH,Hepatocyte_2,Hepatocyte,4.199425,-5.301046
P3TLH_TTAGTTCTCTCTTGAT_1,P3TLH,Hepatocyte_1,Hepatocyte,1.4782073,-1.335229
P3TLH_CACCACTCACTCTGTC_1,P3TLH,Hepatocyte_4,Hepatocyte,-9.250894,-1.4830974
P3TLH_AAGGAGCTCTTGTCAT_1,P3TLH,Hepatocyte_1,Hepatocyte,5.2155843,-2.1897671
P3TLH_GAGGTGACAAAGCAAT_1,P3TLH,Hepatocyte_1,Hepatocyte,0.5016311,2.48517
P3TLH_CTTACCGTCCTCGCAT_1,P3TLH,Hepatocyte_2,Hepatocyte,1.0615199,-7.745378
P3TLH_CGCTATCCAGTGACAG_1,P3TLH,Hepatocyte_2,Hepatocyte,1.6224989,-10.6119
P3TLH_GCGCAGTTCGATCCCT_1,P3TLH,Hepatocyte_4,Hepatocyte,-7.980274,2.4660463
P3TLH_GTATTCTGTCGCATCG_1,P3TLH,Hepatocyte_4,Hepatocyte,-1.0688933,0.038079415
P3TLH_TCGTAGACATTACGAC_1,P3TLH,Hepatocyte_1,Hepatocyte,6.2286735,-1.062769
P3TLH_CAGCATAAGAGCAATT_1,P3TLH,Hepatocyte_2,Hepatocyte,0.8881013,-5.371331
P3TLH_CGAACATGTGACTACT_1,P3TLH,Hepatocyte_1,Hepatocyte,4.251104,-5.086052
P3TLH_CTCGGGACATACCATG_1,P3TLH,Hepatocyte_2,Hepatocyte,-0.13689017,-5.1080337
P3TLH_TGACTAGGTACTTCTT_1,P3TLH,Hepatocyte_4,Hepatocyte,-13.183085,-0.8956395
P3TLH_CGTCACTCACTTACGA_1,P3TLH,Hepatocyte_2,Hepatocyte,2.657036,-7.0060744
P3TLH_ATCATGGGTCCGAATT_1,P3TLH,Hepatocyte_2,Hepatocyte,-2.8205962,-3.1571019
P3TLH_GACCAATGTCTTGATG_1,P3TLH,Hepatocyte_1,Hepatocyte,8.304343,0.2668604
P3TLH_CAGCAGCCAGATCTGT_1,P3TLH,Hepatocyte_4,Hepatocyte,-15.466298,-3.2490423
P3TLH_AGCATACAGGATCGCA_1,P3TLH,Hepatocyte_2,Hepatocyte,2.6266077,-4.1308064
P3TLH_TGAGGGACATGTTCCC_1,P3TLH,Hepatocyte_1,Hepatocyte,2.5453386,-5.9511003
P3TLH_CCTCAGTTCTGTTGAG_1,P3TLH,Hepatocyte_1,Hepatocyte,0.63071084,-4.6438046
P3TLH_GCATGCGGTGACCAAG_1,P3TLH,Hepatocyte_1,Hepatocyte,7.6641364,-0.27520987
P3TLH_GTATTCTTCACTCCTG_1,P3TLH,Hepatocyte_1,Hepatocyte,-3.1075194,-3.166343
P3TLH_ATCCACCCACGCATCG_1,P3TLH,Hepatocyte_2,Hepatocyte,-0.33821812,-4.158352
P3TLH_CTGAAGTAGGGCTTGA_1,P3TLH,Hepatocyte_1,Hepatocyte,2.3341486,-0.9781119
P3TLH_TTGCGTCAGTGTTTGC_1,P3TLH,Hepatocyte_2,Hepatocyte,2.3868742,-4.0150313
P3TLH_CACATAGAGTGTCCCG_1,P3TLH,Hepatocyte_4,Hepatocyte,-8.031038,2.503833
P3TLH_CGGACGTGTAAGAGAG_1,P3TLH,Hepatocyte_1,Hepatocyte,-2.8506155,-3.2356777
P3TLH_TCGTACCAGCCACGTC_1,P3TLH,Hepatocyte_6,Hepatocyte,49.137794,-6.4944515
P3TLH_CCTTCGATCCCAAGTA_1,P3TLH,Hepatocyte_2,Hepatocyte,0.6325853,-6.644292
P3TLH_CTTTGCGGTGTCGCTG_1,P3TLH,Hepatocyte_1,Hepatocyte,6.3320584,-1.8872308
P3TLH_AAGGCAGTCGGTGTCG_1,P3TLH,Hepatocyte_2,Hepatocyte,5.4746976,-7.9101067
P3TLH_GAGGTGAAGCCCAATT_1,P3TLH,Hepatocyte_1,Hepatocyte,0.56061584,-6.2990694
P3TLH_CTCATTAAGTTCGCAT_1,P3TLH,Hepatocyte_1,Hepatocyte,3.2800965,-2.795165
P3TLH_CCATTCGAGAAGGACA_1,P3TLH,Hepatocyte_2,Hepatocyte,2.336216,-6.2295127
P3TLH_ACACCAATCGGTCTAA_1,P3TLH,Hepatocyte_4,Hepatocyte,-3.4691532,-0.8249084
P3TLH_TACTCGCCATGTAAGA_1,P3TLH,Hepatocyte_4,Hepatocyte,-5.2294664,-4.6848354
P3TLH_GTAGTCAGTTATTCTC_1,P3TLH,Hepatocyte_2,Hepatocyte,2.6764944,-6.970305
P3TLH_GAAATGATCAGCGATT_1,P3TLH,Hepatocyte_1,Hepatocyte,5.693971,-0.7916244
P3TLH_TGCTGCTTCACTCCTG_1,P3TLH,Hepatocyte_1,Hepatocyte,2.7694097,-1.3163255
P3TLH_GCAAACTCAGACGCTC_1,P3TLH,Hepatocyte_2,Hepatocyte,0.05085713,-2.3207455
P3TLH_GCGCAACAGCGATCCC_1,P3TLH,Hepatocyte_1,Hepatocyte,-2.5016108,-0.41775241
P3TLH_GTATCTTCACGCATCG_1,P3TLH,Hepatocyte_4,Hepatocyte,2.2438495,2.246125
P3TLH_GACTAACAGATGGGTC_1,P3TLH,Hepatocyte_2,Hepatocyte,4.2327704,-5.0060153
P3TLH_CTCGTACGTGACCAAG_1,P3TLH,Hepatocyte_2,Hepatocyte,0.42756057,-4.90253
P3TLH_CTGATAGAGAGGTAGA_1,P3TLH,Hepatocyte_1,Hepatocyte,1.5404702,-3.41442
P3TLH_TGCCCTATCCCTTGTG_1,P3TLH,Hepatocyte_2,Hepatocyte,0.31919006,-5.1968145
P3TLH_ACTGCTCCAGGCAGTA_1,P3TLH,Hepatocyte_1,Hepatocyte,3.6929545,-1.7290014
P3TLH_GCACATACAAGTTCTG_1,P3TLH,Hepatocyte_2,Hepatocyte,-2.990083,-5.5518823
P3TLH_CGAGCCAGTCACTGGC_1,P3TLH,Hepatocyte_1,Hepatocyte,3.3227572,-1.9831742
P3TLH_CACACTCGTGTTCGAT_1,P3TLH,Hepatocyte_4,Hepatocyte,-7.9653497,0.9329278
P3TLH_GGACAAGCACGCTTTC_1,P3TLH,Hepatocyte_4,Hepatocyte,-13.409882,2.0808518
P3TLH_TCAACGATCTCTGTCG_1,P3TLH,Hepatocyte_1,Hepatocyte,5.869628,-5.841163
P3TLH_CATCCACAGTTGTAGA_1,P3TLH,Hepatocyte_2,Hepatocyte,2.1382887,-7.9220715
P3TLH_AGATCTGCAAAGGCGT_1,P3TLH,Hepatocyte_4,Hepatocyte,-13.116576,3.8589368
P3TLH_CATCAGAGTTCTGTTT_1,P3TLH,Hepatocyte_2,Hepatocyte,-0.28514144,-8.465791
P3TLH_TTGAACGTCCCGGATG_1,P3TLH,Hepatocyte_1,Hepatocyte,5.0132236,-5.137619
P3TLH_GATGAGGGTCACACGC_1,P3TLH,Hepatocyte_4,Hepatocyte,-10.3968315,2.8490083
P3TLH_GATCAGTAGTTGAGAT_1,P3TLH,Hepatocyte_2,Hepatocyte,5.1644382,-6.5373435
P3TLH_AGCTTGAAGTCCTCCT_1,P3TLH,Hepatocyte_1,Hepatocyte,-3.3948188,-3.5464005
P3TLH_CACACTCGTGTGCGTC_1,P3TLH,Hepatocyte_1,Hepatocyte,4.7307105,-4.2206364
P3TLH_GAGCAGACAGTCAGCC_1,P3TLH,Hepatocyte_4,Hepatocyte,-13.898855,-4.2592354
P3TLH_CCGGGATGTCTCTTAT_1,P3TLH,Hepatocyte_1,Hepatocyte,3.8683007,-4.4572625
P3TLH_GTTACAGGTGGTAACG_1,P3TLH,Hepatocyte_4,Hepatocyte,-5.6280885,-2.1642807
P3TLH_GGAACTTAGTGGTCCC_1,P3TLH,Hepatocyte_2,Hepatocyte,2.0966682,-7.9166903
P3TLH_GATCAGTAGCATCATC_1,P3TLH,Hepatocyte_1,Hepatocyte,4.421638,-2.1618276
P3TLH_GACCTGGGTCAATACC_1,P3TLH,Hepatocyte_4,Hepatocyte,-12.84423,4.1375413
P3TLH_CCAGCGAAGTCGCCGT_1,P3TLH,Hepatocyte_1,Hepatocyte,3.111178,-3.7076228
P3TLH_ACTGATGAGACAAAGG_1,P3TLH,Hepatocyte_2,Hepatocyte,4.847451,-8.121106
P3TLH_CAGTCCTGTGGTGTAG_1,P3TLH,Hepatocyte_2,Hepatocyte,1.4082068,-7.454446
P3TLH_AGTAGTCGTCTAGTGT_1,P3TLH,Hepatocyte_1,Hepatocyte,5.4242277,-2.988294
P3TLH_CACAAACAGGGAACGG_1,P3TLH,Hepatocyte_2,Hepatocyte,2.5508358,-5.349435
P3TLH_TGACTTTAGCCATCGC_1,P3TLH,Hepatocyte_4,Hepatocyte,-10.397654,-0.14072545
P3TLH_GGCAATTAGTGCAAGC_1,P3TLH,Hepatocyte_2,Hepatocyte,5.227482,-5.2457004
P3TLH_GGACGTCAGCAAATCA_1,P3TLH,Hepatocyte_2,Hepatocyte,1.8524817,-8.430116
P3TLH_GACGTTATCGTGTAGT_1,P3TLH,Hepatocyte_2,Hepatocyte,-7.1305313,-10.560326
P4TLH_GAATAAGGTCACTTCC_1,P4TLH,Hepatocyte_5,Hepatocyte,-9.695339,10.853865
P4TLH_CTAGTGACAATCGAAA_1,P4TLH,Hepatocyte_1,Hepatocyte,0.9589207,-5.9358616
P4TLH_CGTCACTTCTGTACGA_1,P4TLH,Hepatocyte_6,Hepatocyte,29.462456,-2.0033271
P4TLH_CACCAGGAGTTGTCGT_1,P4TLH,Hepatocyte_6,Hepatocyte,13.088521,-7.998578
P4TLH_GGACAAGGTACATGTC_1,P4TLH,Hepatocyte_6,Hepatocyte,17.816175,-2.6410484
P4TLH_AGCGGTCGTAAGGGAA_1,P4TLH,Hepatocyte_6,Hepatocyte,7.938563,-8.366263
P4TLH_GTGTTAGCAAAGGCGT_1,P4TLH,Hepatocyte_6,Hepatocyte,21.959936,-3.7339926
P4TLH_GGGTCTGTCATGTCCC_1,P4TLH,Hepatocyte_6,Hepatocyte,2.9592018,-10.701442
P4TLH_AGTGGGAAGTGTCCAT_1,P4TLH,Hepatocyte_6,Hepatocyte,11.136888,-7.6394978
P4TLH_CGGGTCACAAACGCGA_1,P4TLH,Hepatocyte_5,Hepatocyte,-1.4197748,14.745172
P4TLH_TGTGTTTGTACCTACA_1,P4TLH,Hepatocyte_5,Hepatocyte,-7.6358504,16.826231
P4TLH_ACTGTCCTCTTCAACT_1,P4TLH,Hepatocyte_6,Hepatocyte,3.0403178,-5.738726
P4TLH_GTGCTTCCATACCATG_1,P4TLH,Hepatocyte_6,Hepatocyte,6.431861,-8.530954
P4TLH_TGGCCAGTCGTCCAGG_1,P4TLH,Hepatocyte_5,Hepatocyte,6.853266,4.5696282
P4TLH_AGTTGGTCATGCCTTC_1,P4TLH,Hepatocyte_5,Hepatocyte,3.916546,14.091844
P4TLH_AGGGAGTAGAGCTTCT_1,P4TLH,Hepatocyte_5,Hepatocyte,1.2743818,10.328864
P4TLH_GCAAACTAGACTACAA_1,P4TLH,Hepatocyte_6,Hepatocyte,37.70917,1.4425395
P4TLH_GCAGTTAGTGATAAGT_1,P4TLH,Hepatocyte_5,Hepatocyte,0.53917634,13.450485
P4TLH_CTGGTCTCATCTCCCA_1,P4TLH,Hepatocyte_6,Hepatocyte,13.033492,-6.239954
P4TLH_CCTAGCTGTCAACATC_1,P4TLH,Hepatocyte_5,Hepatocyte,3.9080226,14.489855
P4TLH_GAAGCAGGTGCCTTGG_1,P4TLH,Hepatocyte_6,Hepatocyte,29.876917,4.2874475
P4TLH_CCTCTGATCGGTGTTA_1,P4TLH,Hepatocyte_6,Hepatocyte,7.801838,-5.300455
P4TLH_TTCGAAGTCAAGGCTT_1,P4TLH,Hepatocyte_6,Hepatocyte,15.664057,-9.491254
P4TLH_CGGACACGTGCAGACA_1,P4TLH,Hepatocyte_6,Hepatocyte,10.485598,-8.311052
P4TLH_GCGCGATTCGGACAAG_1,P4TLH,Hepatocyte_6,Hepatocyte,15.645996,-5.590709
P4TLH_TACTTACTCTTTCCTC_1,P4TLH,Hepatocyte_6,Hepatocyte,40.78487,1.8615109
P4TLH_ATTCTACAGTCGATAA_1,P4TLH,Hepatocyte_6,Hepatocyte,25.308977,0.22094983
P4TLH_CCTCAGTCATGGTAGG_1,P4TLH,Hepatocyte_6,Hepatocyte,-2.3002837,-13.491124
P4TLH_CCTATTAGTACTTCTT_1,P4TLH,Hepatocyte_6,Hepatocyte,27.957117,0.108541444
P4TLH_ACGATGTCATGTCGAT_1,P4TLH,Hepatocyte_6,Hepatocyte,3.9058814,-8.847589
P4TLH_TACGGATGTGGCGAAT_1,P4TLH,Hepatocyte_6,Hepatocyte,19.449224,-4.1604886
P4TLH_CTCGTCACAATGGAGC_1,P4TLH,Hepatocyte_5,Hepatocyte,-0.09897732,6.662098
P4TLH_CGTGTAACAGTCCTTC_1,P4TLH,Hepatocyte_6,Hepatocyte,9.879178,-10.462973
P4TLH_TCTTCGGCACCTGGTG_1,P4TLH,Hepatocyte_5,Hepatocyte,-0.91007406,-1.1684489
P4TLH_ACACCGGGTACTTGAC_1,P4TLH,Hepatocyte_6,Hepatocyte,15.630949,-5.937998
P4TLH_TCAGATGAGCTAGTGG_1,P4TLH,Hepatocyte_6,Hepatocyte,19.355091,-2.5691893
P4TLH_CGAGCACCATCCGGGT_1,P4TLH,Hepatocyte_6,Hepatocyte,8.872531,-9.952878
P4TLH_TCAGCAATCCAACCAA_1,P4TLH,Hepatocyte_5,Hepatocyte,25.786205,18.982306
P4TLH_GTTCATTCACATGTGT_1,P4TLH,Hepatocyte_6,Hepatocyte,9.276766,-6.3294992
P4TLH_CTAGAGTGTCTCGTTC_1,P4TLH,Hepatocyte_6,Hepatocyte,32.397278,2.4203339
P4TLH_CTGCTGTGTGGACGAT_1,P4TLH,Hepatocyte_5,Hepatocyte,8.327918,24.939684
P4TLH_CCGTGGACACGCTTTC_1,P4TLH,Hepatocyte_6,Hepatocyte,8.964746,4.7856536
P4TLH_CCCATACCACGTCAGC_1,P4TLH,Hepatocyte_6,Hepatocyte,19.134697,-5.817875
P5TLH_CACACTCCACGAAATA_1,P5TLH,Hepatocyte_6,Hepatocyte,0.4155957,-9.189861
P5TLH_TGATTTCGTTCAGACT_1,P5TLH,Hepatocyte_5,Hepatocyte,0.312714,-0.04657338
P5TLH_CGAATGTTCCCGGATG_1,P5TLH,Hepatocyte_6,Hepatocyte,24.267754,-3.6894124
P5TLH_TCCACACTCGTAGGTT_1,P5TLH,Hepatocyte_5,Hepatocyte,-10.836319,3.7006032
P5TLH_TTATGCTGTAGTGAAT_1,P5TLH,Hepatocyte_5,Hepatocyte,-9.77133,1.6597697
P5TLH_CATATTCAGTCCGTAT_1,P5TLH,Hepatocyte_5,Hepatocyte,1.7451314,-3.5449185
P5TLH_CTGCTGTAGTCCGGTC_1,P5TLH,Hepatocyte_5,Hepatocyte,-6.664121,-4.3175845
P5TLH_CGGAGCTAGTGTACGG_1,P5TLH,Hepatocyte_5,Hepatocyte,-6.616581,3.96078
P5TLH_CCCATACAGTACGTAA_1,P5TLH,Hepatocyte_5,Hepatocyte,-5.812949,0.763083
P5TLH_TGAGCCGCATCCGGGT_1,P5TLH,Hepatocyte_5,Hepatocyte,-10.33783,1.3675793
P5TLH_TGGCGCACAGGATCGA_1,P5TLH,Hepatocyte_5,Hepatocyte,-4.8721924,1.6871566
P5TLH_ATCACGATCTAAGCCA_1,P5TLH,Hepatocyte_5,Hepatocyte,1.5526375,0.5034034
P5TLH_CATTATCAGAATCTCC_1,P5TLH,Hepatocyte_5,Hepatocyte,-10.525515,-0.2717087
P5TLH_TGGTTCCGTTACGGAG_1,P5TLH,Hepatocyte_1,Hepatocyte,3.104153,-5.2992134
P5TLH_GGGTTGCGTTACGGAG_1,P5TLH,Hepatocyte_5,Hepatocyte,-1.466144,-3.6200807
P5TLH_CAGATCAAGCTACCGC_1,P5TLH,Hepatocyte_5,Hepatocyte,-7.6541014,1.7593107
P5TLH_ACGAGCCAGCTAGCCC_1,P5TLH,Hepatocyte_6,Hepatocyte,16.049173,-7.080386
P5TLH_CGGCTAGGTAAGAGGA_1,P5TLH,Hepatocyte_5,Hepatocyte,-9.758572,3.4602997
P5TLH_AGTAGTCTCGGCTACG_1,P5TLH,Hepatocyte_5,Hepatocyte,-7.700651,2.312951
P5TLH_CTAGCCTTCTGCAGTA_1,P5TLH,Hepatocyte_5,Hepatocyte,-3.6211145,-2.8891819
P5TLH_ATCATCTTCTTAACCT_1,P5TLH,Hepatocyte_5,Hepatocyte,-10.165358,-1.107363
P5TLH_CGTGTAAGTGTGAAAT_1,P5TLH,Hepatocyte_5,Hepatocyte,-7.9350624,7.6883626
P5TLH_CCACTACTCACCTCGT_1,P5TLH,Hepatocyte_5,Hepatocyte,-11.263919,0.8124876
P5TLH_GTCGGGTTCTTAGAGC_1,P5TLH,Hepatocyte_5,Hepatocyte,-10.642102,1.8670955
P5TLH_ACCTTTAGTGAGCGAT_1,P5TLH,Hepatocyte_5,Hepatocyte,-10.073064,3.0020454
P5TLH_CAGTCCTTCCTCAACC_1,P5TLH,Hepatocyte_5,Hepatocyte,-10.942482,2.6173716
P5TLH_CGTCTACCAGTATCTG_1,P5TLH,Hepatocyte_5,Hepatocyte,-12.364486,-1.1481402
P5TLH_CACACCTGTATCAGTC_1,P5TLH,Hepatocyte_5,Hepatocyte,-0.22353096,-2.7463896
P5TLH_CCGTGGACAGCTCGAC_1,P5TLH,Hepatocyte_5,Hepatocyte,-3.620933,-1.9039209
P5TLH_GGGTTGCCATGTCGAT_1,P5TLH,Hepatocyte_5,Hepatocyte,-12.210875,0.9824248
P5TLH_AATCCAGAGTCTCAAC_1,P5TLH,Hepatocyte_5,Hepatocyte,-12.124187,-1.3073771
P5TLH_AAAGCAATCCTACAGA_1,P5TLH,Hepatocyte_5,Hepatocyte,-0.84974563,-4.151956
P5TLH_CCCTCCTCAGCCAGAA_1,P5TLH,Hepatocyte_5,Hepatocyte,-10.9244,1.0988884
P5TLH_GCGCCAATCCGGGTGT_1,P5TLH,Hepatocyte_5,Hepatocyte,-5.853777,-2.03461
P5TLH_CTGTTTACAAGCGCTC_1,P5TLH,Hepatocyte_5,Hepatocyte,-7.7954288,-5.5280113
P5TLH_CTGGTCTTCAGTTAGC_1,P5TLH,Hepatocyte_5,Hepatocyte,0.7792615,3.8755593
P5TLH_TCGGTAAGTGTATGGG_1,P5TLH,Hepatocyte_5,Hepatocyte,-6.3901367,6.908418
P5TLH_GACAGAGTCCCAACGG_1,P5TLH,Hepatocyte_5,Hepatocyte,-6.2684402,2.9452639
P5TLH_TTCTCCTGTCCGAATT_1,P5TLH,Hepatocyte_5,Hepatocyte,-0.9060863,3.6564395
P5TLH_ACACCCTCAGGTTTCA_1,P5TLH,Hepatocyte_5,Hepatocyte,-10.798062,2.8146622
P5TLH_ACCGTAATCTGCCCTA_1,P5TLH,Hepatocyte_5,Hepatocyte,-11.269528,1.3321275
P5TLH_CTAACTTCACCCATTC_1,P5TLH,Hepatocyte_5,Hepatocyte,-11.123785,0.04516866
P5TLH_TCATTACAGGAGTAGA_1,P5TLH,Hepatocyte_6,Hepatocyte,8.440563,-6.7336826
P5TLH_ACGGGTCTCTTAGAGC_1,P5TLH,Hepatocyte_5,Hepatocyte,-6.820852,4.3637805
P5TLH_GCTGCGAGTTGGACCC_1,P5TLH,Hepatocyte_5,Hepatocyte,-13.868099,0.1636181
P5TLH_GACGTTAAGTCGATAA_1,P5TLH,Hepatocyte_5,Hepatocyte,-7.9511657,2.3577485
P5TLH_GGCGACTCACCGGAAA_1,P5TLH,Hepatocyte_5,Hepatocyte,-11.900491,-0.36809522
P5TLH_CACACTCAGGGTATCG_1,P5TLH,Hepatocyte_5,Hepatocyte,-7.4146814,-0.12570229
P5TLH_GCAGCCATCAGCTTAG_1,P5TLH,Hepatocyte_5,Hepatocyte,-2.3468308,12.029211
P5TLH_CAGATCAAGAACAATC_1,P5TLH,Hepatocyte_6,Hepatocyte,4.3771577,-11.640908
P5TLH_CTCGTACAGATATGGT_1,P5TLH,Hepatocyte_5,Hepatocyte,-9.195314,5.1593347
P5TLH_CTGCGGACAATGTAAG_1,P5TLH,Hepatocyte_5,Hepatocyte,-12.232918,0.42816007
P5TLH_AGATCTGGTCCTGCTT_1,P5TLH,Hepatocyte_5,Hepatocyte,-8.320029,1.8284017
P5TLH_GCTTGAATCATGCAAC_1,P5TLH,Hepatocyte_6,Hepatocyte,16.965357,9.454137
P5TLH_ATGTGTGTCACTGGGC_1,P5TLH,Hepatocyte_5,Hepatocyte,-8.797663,0.20526926
P5TLH_CATATTCTCCTCAATT_1,P5TLH,Hepatocyte_5,Hepatocyte,-7.497125,2.4982824
P5TLH_CGATGTATCACTTATC_1,P5TLH,Hepatocyte_5,Hepatocyte,-9.321278,3.2940845
P5TLH_GATCGCGCAATGTTGC_1,P5TLH,Hepatocyte_5,Hepatocyte,-6.8129272,3.7891834
P5TLH_GGGTCTGTCGATCCCT_1,P5TLH,Hepatocyte_5,Hepatocyte,-0.74881375,-3.5715525
P5TLH_CAGCAGCAGTGTCCAT_1,P5TLH,Hepatocyte_5,Hepatocyte,-10.730955,0.19041234
P5TLH_TAAACCGTCTGCGTAA_1,P5TLH,Hepatocyte_5,Hepatocyte,-4.153978,3.6270978
P5TLH_GCTCTGTCATGCTAGT_1,P5TLH,Hepatocyte_6,Hepatocyte,8.152428,-9.393669
P5TLH_GAAACTCCACCCATGG_1,P5TLH,Hepatocyte_5,Hepatocyte,-8.28483,3.1064124
P5TLH_TGCACCTAGTGGTAAT_1,P5TLH,Hepatocyte_5,Hepatocyte,-8.728844,2.189441
P5TLH_GCGCCAAGTTGATTGC_1,P5TLH,Hepatocyte_5,Hepatocyte,-8.048765,2.1611865
P5TLH_TATGCCCAGCTAGTCT_1,P5TLH,Hepatocyte_5,Hepatocyte,-10.155659,2.3029408
P5TLH_GGATTACGTAATCACC_1,P5TLH,Hepatocyte_5,Hepatocyte,-12.438968,0.515071
P5TLH_GACTAACGTTATCACG_1,P5TLH,Hepatocyte_5,Hepatocyte,-10.996326,0.23891227
P5TLH_CTCGAAAGTTCAGCGC_1,P5TLH,Hepatocyte_5,Hepatocyte,-6.7655115,2.716674
P5TLH_TGAGAGGTCCGTCATC_1,P5TLH,Hepatocyte_5,Hepatocyte,-9.860317,1.8400198
P5TLH_GTCTCGTCACGCCAGT_1,P5TLH,Hepatocyte_5,Hepatocyte,-6.061478,-0.39001098
P5TLH_GGCTCGAAGGTGACCA_1,P5TLH,Hepatocyte_5,Hepatocyte,-10.3301525,5.1345577
P5TLH_GGGATGACAAGCCCAC_1,P5TLH,Hepatocyte_5,Hepatocyte,-10.365557,-0.5637867
P5TLH_CTCCTAGGTAAGGATT_1,P5TLH,Hepatocyte_5,Hepatocyte,-9.453748,0.6448115
P5TLH_GCGCCAATCTCCAGGG_1,P5TLH,Hepatocyte_5,Hepatocyte,-7.3693476,2.4874804
P5TLH_GGCGACTTCAGCTCGG_1,P5TLH,Hepatocyte_5,Hepatocyte,-5.7978,3.7307057
P5TLH_GCCAAATGTAGCCTAT_1,P5TLH,Hepatocyte_5,Hepatocyte,-9.790134,-0.54761004
P5TLH_TCAGATGTCCAGGGCT_1,P5TLH,Hepatocyte_5,Hepatocyte,-0.7639124,4.563082
P5TLH_GCTCCTACATCGGAAG_1,P5TLH,Hepatocyte_5,Hepatocyte,-5.9091625,3.8812697
P5TLH_TACCTATCAGTTCCCT_1,P5TLH,Hepatocyte_5,Hepatocyte,-0.17123172,-0.4588892
P5TLH_TACCTATTCTTCCTTC_1,P5TLH,Hepatocyte_5,Hepatocyte,-9.182302,1.8483329
P5TLH_CCTATTACAGTCTTCC_1,P5TLH,Hepatocyte_5,Hepatocyte,-11.255396,-0.7562428
P5TLH_CATGGCGCAAGTCATC_1,P5TLH,Hepatocyte_5,Hepatocyte,-2.5049253,-2.4400349
P5TLH_CTCACACAGCTAACTC_1,P5TLH,Hepatocyte_5,Hepatocyte,-5.4796495,9.793167
P5TLH_GGGATGACACCACGTG_1,P5TLH,Hepatocyte_5,Hepatocyte,-11.7217,-1.4973689
P5TLH_TTGCCGTTCACGACTA_1,P5TLH,Hepatocyte_5,Hepatocyte,1.6333729,18.155668
P5TLH_TCAGGATGTTGGGACA_1,P5TLH,Hepatocyte_5,Hepatocyte,-9.079794,1.85085
P5TLH_CTCGTCACAAGCGATG_1,P5TLH,Hepatocyte_5,Hepatocyte,-10.050832,1.8560442
P5TLH_TACGGGCGTATCGCAT_1,P5TLH,Hepatocyte_5,Hepatocyte,-8.256083,1.6633658
P5TLH_CTCCTAGTCGAATCCA_1,P5TLH,Hepatocyte_6,Hepatocyte,15.713815,1.2598772
P5TLH_ATAACGCTCCTTTCTC_1,P5TLH,Hepatocyte_6,Hepatocyte,9.556874,-9.570865
P5TLH_GCATGTATCCAGGGCT_1,P5TLH,Hepatocyte_5,Hepatocyte,-3.8743067,3.25341
P5TLH_GCAGTTATCTGGCGAC_1,P5TLH,Hepatocyte_6,Hepatocyte,4.470324,-5.5062833
P5TLH_GTCACAACAAAGAATC_1,P5TLH,Hepatocyte_5,Hepatocyte,-5.5274544,3.5214648
P5TLH_TCCCGATGTCTTCGTC_1,P5TLH,Hepatocyte_5,Hepatocyte,-10.901356,0.32211235
P5TLH_GTCACGGCATGCTAGT_1,P5TLH,Hepatocyte_5,Hepatocyte,-3.6623018,-2.708267
P5TLH_AAAGCAAGTTTACTCT_1,P5TLH,Hepatocyte_5,Hepatocyte,-8.593406,-0.55017954
P5TLH_GATCAGTGTAAAGGAG_1,P5TLH,Hepatocyte_5,Hepatocyte,-10.425009,1.0120821
P5TLH_TCTCTAAAGAAGGACA_1,P5TLH,Hepatocyte_5,Hepatocyte,-9.061184,-1.5425826
P5TLH_TCGAGGCAGTATGACA_1,P5TLH,Hepatocyte_5,Hepatocyte,-11.897848,0.06263412
P5TLH_CTGAAACTCTGGGCCA_1,P5TLH,Hepatocyte_5,Hepatocyte,-8.367957,-0.7434331
P5TLH_ATCTACTGTCTAGGTT_1,P5TLH,Hepatocyte_5,Hepatocyte,0.43261865,-2.7427354
P5TLH_TGCTACCCATCCAACA_1,P5TLH,Hepatocyte_5,Hepatocyte,-8.417009,4.9605017
P5TLH_GAAGCAGGTCCGAATT_1,P5TLH,Hepatocyte_5,Hepatocyte,-9.845697,4.0454826
P5TLH_CCTCAGTTCTCCAGGG_1,P5TLH,Hepatocyte_5,Hepatocyte,-9.919251,4.6830907
P5TLH_CACTCCAAGACTGGGT_1,P5TLH,Hepatocyte_5,Hepatocyte,-11.95958,1.4636848
P5TLH_TGATTTCTCACAAACC_1,P5TLH,Hepatocyte_5,Hepatocyte,-4.661239,0.7423937
P5TLH_GTGCATAGTACTCGCG_1,P5TLH,Hepatocyte_5,Hepatocyte,-11.161566,2.2271268
P5TLH_AGGGTGAAGGCTACGA_1,P5TLH,Hepatocyte_5,Hepatocyte,-11.645758,3.0841453
P5TLH_GATCAGTTCCATGAAC_1,P5TLH,Hepatocyte_6,Hepatocyte,5.9244184,-12.322463
P5TLH_GAATAAGAGATCCTGT_1,P5TLH,Hepatocyte_5,Hepatocyte,-10.624048,3.953177
P5TLH_AGCTTGAAGCGTTTAC_1,P5TLH,Hepatocyte_5,Hepatocyte,-11.032062,0.6893111
P1TLH_TCGTACCCATTTGCCC_1,P1TLH,Central_venous_LSECs,Endothelial,-17.799143,2.745042
P1TLH_ACGCAGCTCTCGCATC_1,P1TLH,Central_venous_LSECs,Endothelial,-2.052564,0.6918087
P1TLH_TGCACCTGTCTAGGTT_1,P1TLH,Periportal_LSECs,Endothelial,-1.5209224,-0.14151573
P1TLH_TTGCGTCCATTAGGCT_1,P1TLH,Central_venous_LSECs,Endothelial,-10.310233,0.5140461
P1TLH_ACCAGTATCTATCCTA_1,P1TLH,Central_venous_LSECs,Endothelial,-14.376543,-1.5777575
P1TLH_CGCGTTTCATGCCACG_1,P1TLH,Central_venous_LSECs,Endothelial,-3.8974323,4.2138643
P1TLH_ATGTGTGAGAGTAAGG_1,P1TLH,Central_venous_LSECs,Endothelial,-4.818351,1.6651078
P1TLH_ACGCCGACACAAGTAA_1,P1TLH,Central_venous_LSECs,Endothelial,-5.837938,4.9217796
P1TLH_GTCATTTTCGGAAACG_1,P1TLH,Central_venous_LSECs,Endothelial,-2.7554748,0.25317526
P1TLH_ATGCGATAGAGGTTGC_1,P1TLH,Central_venous_LSECs,Endothelial,-6.8683047,9.4526415
P1TLH_CAGCTAATCTATCGCC_1,P1TLH,Central_venous_LSECs,Endothelial,-8.25923,6.0043516
P1TLH_ACCAGTAAGCCTCGTG_1,P1TLH,Central_venous_LSECs,Endothelial,-2.7872148,6.316047
P1TLH_CGATGGCTCAGTGCAT_1,P1TLH,Central_venous_LSECs,Endothelial,-9.821608,4.641298
P1TLH_GGGAGATCACGTCAGC_1,P1TLH,Central_venous_LSECs,Endothelial,-8.478432,5.8749022
P1TLH_CTCGGAGAGTTCGCAT_1,P1TLH,Central_venous_LSECs,Endothelial,-13.462276,0.38249123
P1TLH_TCATTACGTGAAAGAG_1,P1TLH,Central_venous_LSECs,Endothelial,-9.844615,4.9996114
P1TLH_GATGAAAAGATGCCAG_1,P1TLH,Central_venous_LSECs,Endothelial,-8.93884,4.3109226
P1TLH_TATGCCCTCTAACTTC_1,P1TLH,Central_venous_LSECs,Endothelial,-11.257318,0.75762796
P1TLH_CCACCTATCATCTGTT_1,P1TLH,Periportal_LSECs,Endothelial,-5.289231,-5.6592665
P1TLH_AAACCTGTCTAAGCCA_1,P1TLH,Central_venous_LSECs,Endothelial,-11.862838,2.9585686
P1TLH_GTAGTCACATCGGGTC_1,P1TLH,Central_venous_LSECs,Endothelial,-9.447457,-2.8524203
P1TLH_TGAGCCGCAGCGAACA_1,P1TLH,Central_venous_LSECs,Endothelial,-11.501854,6.362116
P1TLH_CCGGGATCACATTAGC_1,P1TLH,Central_venous_LSECs,Endothelial,-15.082813,0.060773615
P1TLH_TCTTCGGGTGCGAAAC_1,P1TLH,Central_venous_LSECs,Endothelial,-9.383509,1.4455198
P1TLH_GCGCAACAGGCTATCT_1,P1TLH,Central_venous_LSECs,Endothelial,-10.98845,0.59315765
P1TLH_TTAACTCAGATATGCA_1,P1TLH,Central_venous_LSECs,Endothelial,-9.087919,3.1416466
P1TLH_CCTAGCTCAACTGCTA_1,P1TLH,Central_venous_LSECs,Endothelial,-8.573902,0.9459924
P1TLH_AGTCTTTTCGGTGTTA_1,P1TLH,Central_venous_LSECs,Endothelial,-7.8990016,8.461366
P1TLH_TCGTAGATCTGTTGAG_1,P1TLH,Central_venous_LSECs,Endothelial,-12.257249,-0.2161787
P1TLH_TGGCCAGCATCGGACC_1,P1TLH,Central_venous_LSECs,Endothelial,-11.105659,2.715451
P1TLH_CAGTCCTTCTGTGCAA_1,P1TLH,Central_venous_LSECs,Endothelial,-13.59366,5.078738
P1TLH_TGAGCATGTATTACCG_1,P1TLH,Central_venous_LSECs,Endothelial,-10.968788,3.410853
P1TLH_TACTTACAGGACCACA_1,P1TLH,Central_venous_LSECs,Endothelial,-11.366745,1.2498106
P1TLH_AAGTCTGGTCTGGAGA_1,P1TLH,Central_venous_LSECs,Endothelial,-10.732251,2.886092
P1TLH_GATCGATTCACTTATC_1,P1TLH,Central_venous_LSECs,Endothelial,9.553314,17.511765
P1TLH_GACTAACCAAGCGATG_1,P1TLH,Central_venous_LSECs,Endothelial,-10.475473,4.1968637
P1TLH_GACACGCCAGCGATCC_1,P1TLH,Central_venous_LSECs,Endothelial,-14.694825,3.3039231
P1TLH_GGCTGGTTCACCATAG_1,P1TLH,Central_venous_LSECs,Endothelial,-8.5297365,4.6376734
P1TLH_TTTACTGTCACCCGAG_1,P1TLH,Central_venous_LSECs,Endothelial,-10.914829,3.2443507
P1TLH_TCAACGAGTAATAGCA_1,P1TLH,Central_venous_LSECs,Endothelial,-14.870637,6.290434
P1TLH_CGTCAGGGTCGCTTTC_1,P1TLH,Central_venous_LSECs,Endothelial,-13.451545,1.424982
P1TLH_GACACGCAGAGCAATT_1,P1TLH,Portal_endothelial_Cells,Endothelial,-2.9153044,-5.8480325
P1TLH_ATAACGCGTTACAGAA_1,P1TLH,Central_venous_LSECs,Endothelial,-9.562527,1.8109426
P1TLH_GTTCTCGAGAGACTAT_1,P1TLH,Central_venous_LSECs,Endothelial,-8.500678,4.4421444
P1TLH_TGGACGCTCCTCTAGC_1,P1TLH,Central_venous_LSECs,Endothelial,-7.2833247,3.6712418
P1TLH_AGATCTGTCAACACAC_1,P1TLH,Central_venous_LSECs,Endothelial,-16.22414,3.6059885
P1TLH_CCACCTAAGCGTTTAC_1,P1TLH,Central_venous_LSECs,Endothelial,-7.356887,7.159041
P1TLH_CTCGGAGAGCTGAAAT_1,P1TLH,Central_venous_LSECs,Endothelial,-16.506325,2.358708
P1TLH_ACAGCCGAGGTCATCT_1,P1TLH,Central_venous_LSECs,Endothelial,-10.763064,4.8169775
P1TLH_AGCATACAGCAAATCA_1,P1TLH,Central_venous_LSECs,Endothelial,-10.912143,0.55775917
P1TLH_GGATGTTGTGCCTGGT_1,P1TLH,Central_venous_LSECs,Endothelial,-11.947046,4.18787
P1TLH_TACAGTGGTCTGCCAG_1,P1TLH,Central_venous_LSECs,Endothelial,-8.463027,8.877739
P1TLH_CAAGTTGTCACCCGAG_1,P1TLH,Central_venous_LSECs,Endothelial,-10.049772,2.9929457
P1TLH_ATCCACCCAAGTCTAC_1,P1TLH,Central_venous_LSECs,Endothelial,-7.547748,0.3475944
P1TLH_AGCTTGAGTCAGAGGT_1,P1TLH,Central_venous_LSECs,Endothelial,-8.261595,3.7164125
P1TLH_TCATTTGCATGCCCGA_1,P1TLH,Central_venous_LSECs,Endothelial,-11.610209,2.9166803
P1TLH_AGGCCACGTAGGACAC_1,P1TLH,Central_venous_LSECs,Endothelial,-7.765749,7.0944486
P1TLH_CACACAAAGGGCACTA_1,P1TLH,Central_venous_LSECs,Endothelial,-7.4927106,3.2042983
P1TLH_AAGGAGCCATACAGCT_1,P1TLH,Central_venous_LSECs,Endothelial,-9.516839,1.641818
P1TLH_CCATGTCGTGGTAACG_1,P1TLH,Central_venous_LSECs,Endothelial,-6.5342035,3.1535327
P1TLH_AACTTTCGTTTGCATG_1,P1TLH,Central_venous_LSECs,Endothelial,-13.68896,1.6373651
P1TLH_TGAGGGATCAAACCAC_1,P1TLH,Central_venous_LSECs,Endothelial,-4.629927,8.101775
P1TLH_GTCAAGTGTTATCCGA_1,P1TLH,Central_venous_LSECs,Endothelial,-8.676936,7.625282
P1TLH_AGTCTTTAGGAGCGTT_1,P1TLH,Central_venous_LSECs,Endothelial,-9.621952,5.300025
P1TLH_AGAGTGGGTCCCTACT_1,P1TLH,Central_venous_LSECs,Endothelial,-5.790182,8.598345
P1TLH_ATGGGAGGTGGGTCAA_1,P1TLH,Periportal_LSECs,Endothelial,-0.08313097,-0.44804537
P1TLH_GGCGACTAGGGCACTA_1,P1TLH,Central_venous_LSECs,Endothelial,-1.8550184,5.2790985
P1TLH_CGCTATCGTACCAGTT_1,P1TLH,Central_venous_LSECs,Endothelial,-9.599882,5.486392
P1TLH_CACAAACGTAAGAGAG_1,P1TLH,Central_venous_LSECs,Endothelial,-11.133167,0.86898595
P1TLH_ACGGCCAGTCTAGTGT_1,P1TLH,Central_venous_LSECs,Endothelial,-5.9286246,-1.358807
P1TLH_CAGCAGCTCACCCTCA_1,P1TLH,Central_venous_LSECs,Endothelial,-10.247058,5.0935364
P1TLH_GCATGATTCGTGGTCG_1,P1TLH,Central_venous_LSECs,Endothelial,-5.241414,4.686878
P1TLH_AACTCAGCATCGTCGG_1,P1TLH,Central_venous_LSECs,Endothelial,-10.939428,0.9952036
P1TLH_CGTTGGGCAGCTCCGA_1,P1TLH,Central_venous_LSECs,Endothelial,-16.447739,0.1572627
P1TLH_GGGACCTGTGGTCTCG_1,P1TLH,Central_venous_LSECs,Endothelial,-13.840437,-4.8274827
P1TLH_CTACACCTCCTTTCTC_1,P1TLH,Central_venous_LSECs,Endothelial,-6.9744277,2.9366417
P1TLH_AGCTCTCCAGGGCATA_1,P1TLH,Central_venous_LSECs,Endothelial,-10.94722,-1.0215207
P1TLH_CTTACCGGTCGTGGCT_1,P1TLH,Periportal_LSECs,Endothelial,4.72843,-4.993404
P1TLH_CTACGTCTCCTCAATT_1,P1TLH,Central_venous_LSECs,Endothelial,-8.951002,6.1285567
P1TLH_AAGCCGCAGGGCACTA_1,P1TLH,Central_venous_LSECs,Endothelial,-11.015011,6.3201094
P1TLH_CGTGTAACATCAGTAC_1,P1TLH,Periportal_LSECs,Endothelial,-0.425992,-5.0218496
P1TLH_CCGGTAGCAAGGCTCC_1,P1TLH,Central_venous_LSECs,Endothelial,-5.282933,4.5598817
P1TLH_CAACCTCCAGCTTCGG_1,P1TLH,Central_venous_LSECs,Endothelial,-11.630366,4.375777
P1TLH_ATGAGGGAGGAACTGC_1,P1TLH,Central_venous_LSECs,Endothelial,-8.757956,5.631011
P1TLH_CTACACCCAAGTAATG_1,P1TLH,Periportal_LSECs,Endothelial,-0.50943583,-2.6793294
P1TLH_GACTACACACATGGGA_1,P1TLH,Central_venous_LSECs,Endothelial,-14.998777,1.0209541
P1TLH_CGGACTGGTAGTAGTA_1,P1TLH,Central_venous_LSECs,Endothelial,-2.9492102,7.5309277
P1TLH_GTCCTCAAGCAGATCG_1,P1TLH,Central_venous_LSECs,Endothelial,-10.851928,1.611391
P1TLH_ACGCAGCGTAAGGATT_1,P1TLH,Central_venous_LSECs,Endothelial,-5.506863,7.991468
P1TLH_GGCGACTAGAGTAAGG_1,P1TLH,Central_venous_LSECs,Endothelial,-10.161003,-0.9811339
P1TLH_CAAGGCCTCAAGAAGT_1,P1TLH,Central_venous_LSECs,Endothelial,-7.049165,0.68730175
P1TLH_TCTGAGATCATGCAAC_1,P1TLH,Central_venous_LSECs,Endothelial,-2.587968,0.40496248
P1TLH_ACCAGTACACGAAAGC_1,P1TLH,Central_venous_LSECs,Endothelial,-3.2781653,-1.5521097
P1TLH_TACGGTAAGGCGATAC_1,P1TLH,Central_venous_LSECs,Endothelial,3.79199,9.746803
P1TLH_CCAATCCTCGATAGAA_1,P1TLH,Central_venous_LSECs,Endothelial,-11.410862,0.70949316
P1TLH_GGACATTAGAGTGAGA_1,P1TLH,Central_venous_LSECs,Endothelial,-6.6434083,-1.150577
P1TLH_CACAGGCCATCTCGCT_1,P1TLH,Central_venous_LSECs,Endothelial,-7.067501,3.8289654
P1TLH_GATGAGGGTTGCCTCT_1,P1TLH,Central_venous_LSECs,Endothelial,-12.884479,3.9268665
P1TLH_GAATGAAGTCGATTGT_1,P1TLH,Portal_endothelial_Cells,Endothelial,-2.575695,-5.9802065
P1TLH_GGGTTGCGTTCAGACT_1,P1TLH,Central_venous_LSECs,Endothelial,-15.453054,1.5972404
P1TLH_ATCGAGTTCACTTCAT_1,P1TLH,Central_venous_LSECs,Endothelial,-11.584841,-4.4185047
P1TLH_TTGAACGCATGTCCTC_1,P1TLH,Central_venous_LSECs,Endothelial,-6.507286,5.2325783
P1TLH_CTGTTTAAGGAATGGA_1,P1TLH,Central_venous_LSECs,Endothelial,-6.0039687,5.46718
P1TLH_CCTAGCTCATTGGGCC_1,P1TLH,Central_venous_LSECs,Endothelial,-5.8385696,3.8201175
P1TLH_AAATGCCAGAGATGAG_1,P1TLH,Central_venous_LSECs,Endothelial,-7.4227977,3.8405206
P1TLH_CTCAGAACAGTCGATT_1,P1TLH,Periportal_LSECs,Endothelial,-7.0985947,-4.641471
P1TLH_ATCGAGTAGTGGTCCC_1,P1TLH,Central_venous_LSECs,Endothelial,-11.061462,0.68170595
P1TLH_TGCGCAGCATCACAAC_1,P1TLH,Central_venous_LSECs,Endothelial,-9.543677,4.9565334
P1TLH_CTTACCGTCGTCTGAA_1,P1TLH,Central_venous_LSECs,Endothelial,20.779034,27.499537
P1TLH_ACACCCTCACGGCCAT_1,P1TLH,Portal_endothelial_Cells,Endothelial,-3.6975653,-3.0092566
P1TLH_CTTGGCTGTAAAGGAG_1,P1TLH,Portal_endothelial_Cells,Endothelial,5.2095904,-3.0041595
P1TLH_CATCAAGTCTTGTTTG_1,P1TLH,Central_venous_LSECs,Endothelial,-10.248612,2.0563262
P1TLH_TTCGGTCAGCTCCCAG_1,P1TLH,Central_venous_LSECs,Endothelial,-10.983427,1.602865
P1TLH_ATCTACTCAGCCACCA_1,P1TLH,Central_venous_LSECs,Endothelial,-1.6999384,11.848449
P1TLH_GCACATAGTGCGATAG_1,P1TLH,Central_venous_LSECs,Endothelial,-0.3444649,6.3360286
P1TLH_GACGTTAAGATGTCGG_1,P1TLH,Central_venous_LSECs,Endothelial,-6.9725704,1.3187923
P1TLH_TACCTATGTTGGTGGA_1,P1TLH,Central_venous_LSECs,Endothelial,-8.687336,-1.8212235
P1TLH_CGTAGCGTCCTTCAAT_1,P1TLH,Central_venous_LSECs,Endothelial,-4.0521216,7.4785957
P1TLH_GTGCGGTTCGATGAGG_1,P1TLH,Central_venous_LSECs,Endothelial,-14.879855,-3.6305413
P1TLH_CGGACGTGTGCCTGTG_1,P1TLH,Central_venous_LSECs,Endothelial,-13.37635,3.3026268
P1TLH_CAACCAATCACATAGC_1,P1TLH,Central_venous_LSECs,Endothelial,-8.446349,-1.5903214
P1TLH_CGGACGTGTGACTCAT_1,P1TLH,Central_venous_LSECs,Endothelial,5.879611,8.414281
P1TLH_AGAATAGGTTTCGCTC_1,P1TLH,Periportal_LSECs,Endothelial,-11.326043,-7.728677
P1TLH_GGACGTCTCGGAAACG_1,P1TLH,Central_venous_LSECs,Endothelial,6.995919,9.934827
P1TLH_GTCACGGCACCAGGCT_1,P1TLH,Central_venous_LSECs,Endothelial,-7.836673,-0.29186007
P1TLH_GACACGCTCGGTGTTA_1,P1TLH,Central_venous_LSECs,Endothelial,-10.407522,1.9426049
P1TLH_GCATGCGGTAGAGTGC_1,P1TLH,Central_venous_LSECs,Endothelial,-9.621833,3.5708199
P1TLH_CCCAGTTAGTCCAGGA_1,P1TLH,Periportal_LSECs,Endothelial,-7.6023355,-2.8918803
P1TLH_CATCAAGCATACAGCT_1,P1TLH,Central_venous_LSECs,Endothelial,0.7083922,13.252005
P1TLH_CGTAGGCTCTGTCTCG_1,P1TLH,Central_venous_LSECs,Endothelial,-11.605732,-1.3249686
P1TLH_GTTACAGAGGATCGCA_1,P1TLH,Central_venous_LSECs,Endothelial,-11.753346,8.168177
P1TLH_GTCAAGTTCTCTTATG_1,P1TLH,Central_venous_LSECs,Endothelial,-3.7259731,-1.5389366
P1TLH_GTTACAGGTCTCGTTC_1,P1TLH,Central_venous_LSECs,Endothelial,-14.185566,5.0632753
P1TLH_AGTTGGTTCTCCGGTT_1,P1TLH,Central_venous_LSECs,Endothelial,-8.047192,2.7113857
P1TLH_GTAGTCAAGGAGTCTG_1,P1TLH,Central_venous_LSECs,Endothelial,-7.549451,-1.6326041
P1TLH_TACTCATAGCTCTCGG_1,P1TLH,Central_venous_LSECs,Endothelial,-13.17632,2.0643816
P1TLH_GATCTAGCATGACGGA_1,P1TLH,Central_venous_LSECs,Endothelial,-10.488981,5.651097
P1TLH_GGCTCGACAAGCCTAT_1,P1TLH,Portal_endothelial_Cells,Endothelial,0.54902,-5.3947215
P1TLH_AAGGCAGCAGCAGTTT_1,P1TLH,Central_venous_LSECs,Endothelial,-13.725103,0.8013663
P1TLH_CAAGGCCAGAGACTTA_1,P1TLH,Central_venous_LSECs,Endothelial,-6.797516,5.191041
P1TLH_CGCCAAGCATGGTTGT_1,P1TLH,Central_venous_LSECs,Endothelial,-12.1210575,3.5721009
P1TLH_GGGTTGCCAAGTCATC_1,P1TLH,Central_venous_LSECs,Endothelial,-4.571745,5.6111884
P1TLH_CGACCTTGTATGCTTG_1,P1TLH,Central_venous_LSECs,Endothelial,-13.029639,5.881863
P1TLH_AACGTTGAGGCTCAGA_1,P1TLH,Central_venous_LSECs,Endothelial,-13.013071,1.2521474
P1TLH_TCAGATGGTCTTGTCC_1,P1TLH,Central_venous_LSECs,Endothelial,2.9514117,2.298398
P1TLH_GCATGCGTCACCACCT_1,P1TLH,Central_venous_LSECs,Endothelial,-7.588657,2.742445
P1TLH_AGAGCTTAGGAGTAGA_1,P1TLH,Central_venous_LSECs,Endothelial,-8.813047,-4.4466224
P1TLH_GTCACGGGTATGAATG_1,P1TLH,Periportal_LSECs,Endothelial,-16.07449,-6.5932894
P1TLH_GTGTTAGTCGATCCCT_1,P1TLH,Central_venous_LSECs,Endothelial,-9.18992,1.905466
P1TLH_ACGCCAGTCTATCCTA_1,P1TLH,Central_venous_LSECs,Endothelial,-11.542015,1.3446761
P1TLH_GAACGGATCATCGATG_1,P1TLH,Central_venous_LSECs,Endothelial,-4.8229804,2.9437459
P1TLH_GTCCTCAGTGATGCCC_1,P1TLH,Central_venous_LSECs,Endothelial,-6.771844,4.1019025
P1TLH_CTCGTACAGGAGTCTG_1,P1TLH,Central_venous_LSECs,Endothelial,-4.935414,10.27163
P1TLH_CCCAATCGTGGTCTCG_1,P1TLH,Central_venous_LSECs,Endothelial,-7.4976826,5.049129
P1TLH_TCGCGAGCAAAGCGGT_1,P1TLH,Central_venous_LSECs,Endothelial,0.008732578,5.6407886
P1TLH_CACAGTAGTCTGGAGA_1,P1TLH,Central_venous_LSECs,Endothelial,-7.7643275,-0.17215718
P1TLH_CTAAGACAGCGCCTCA_1,P1TLH,Central_venous_LSECs,Endothelial,-3.4047508,-1.7901713
P1TLH_GGACATTAGGTGATAT_1,P1TLH,Central_venous_LSECs,Endothelial,-4.6466646,5.5433517
P1TLH_GACGTGCGTCCCTACT_1,P1TLH,Central_venous_LSECs,Endothelial,-16.688389,1.1239284
P1TLH_CACACTCTCCGAGCCA_1,P1TLH,Central_venous_LSECs,Endothelial,-14.88971,0.83178055
P1TLH_TTCTACAAGGAGTCTG_1,P1TLH,Central_venous_LSECs,Endothelial,-8.4620905,1.862102
P1TLH_CAGTAACTCTGCCCTA_1,P1TLH,Central_venous_LSECs,Endothelial,-3.2585642,0.98608994
P1TLH_TCTTCGGTCCGAGCCA_1,P1TLH,Central_venous_LSECs,Endothelial,-7.2634773,5.896617
P1TLH_CCTACACGTTTGTTGG_1,P1TLH,Central_venous_LSECs,Endothelial,-13.20077,4.384568
P1TLH_GTTCGGGGTGAGTATA_1,P1TLH,Central_venous_LSECs,Endothelial,-11.764866,6.3858
P1TLH_GACGCGTAGTCCTCCT_1,P1TLH,Central_venous_LSECs,Endothelial,-14.529468,2.0812173
P1TLH_CGACTTCGTCCTAGCG_1,P1TLH,Central_venous_LSECs,Endothelial,-6.1907187,2.8243678
P1TLH_TGGTTAGAGTACGACG_1,P1TLH,Central_venous_LSECs,Endothelial,0.28623575,4.799098
P1TLH_TACTCGCTCTAGAGTC_1,P1TLH,Central_venous_LSECs,Endothelial,-7.0735726,6.3516707
P1TLH_TGTGTTTGTGAAATCA_1,P1TLH,Central_venous_LSECs,Endothelial,-7.947128,6.7695804
P1TLH_CTCATTACAGACACTT_1,P1TLH,Central_venous_LSECs,Endothelial,-7.146738,1.682183
P1TLH_ATTGGTGAGCTTTGGT_1,P1TLH,Central_venous_LSECs,Endothelial,-0.37440267,0.5232853
P1TLH_CGGACACTCGCGATCG_1,P1TLH,Periportal_LSECs,Endothelial,7.4706006,-4.754108
P1TLH_CCAATCCGTTAAGTAG_1,P1TLH,Central_venous_LSECs,Endothelial,-10.20576,0.25503245
P1TLH_ATTATCCGTCGACTAT_1,P1TLH,Portal_endothelial_Cells,Endothelial,-2.3164823,-2.9507594
P1TLH_GACTAACCAACACGCC_1,P1TLH,Central_venous_LSECs,Endothelial,-7.3335104,1.4243032
P1TLH_CCACTACCATAGTAAG_1,P1TLH,Central_venous_LSECs,Endothelial,-5.8758945,6.544735
P1TLH_GAACATCCATCGACGC_1,P1TLH,Central_venous_LSECs,Endothelial,-9.568919,3.0906875
P1TLH_TGCGTGGCACGCCAGT_1,P1TLH,Central_venous_LSECs,Endothelial,-11.579024,-0.8862411
P1TLH_TTGGCAAAGCGATCCC_1,P1TLH,Central_venous_LSECs,Endothelial,-6.8396387,5.8867517
P1TLH_GTCGGGTAGCTGAAAT_1,P1TLH,Central_venous_LSECs,Endothelial,2.7831364,5.6697946
P1TLH_AGCTCTCCAACAACCT_1,P1TLH,Periportal_LSECs,Endothelial,-19.663797,-10.106522
P1TLH_TACCTTATCCCGACTT_1,P1TLH,Central_venous_LSECs,Endothelial,-4.668708,10.373693
P1TLH_CCTATTAAGTCCGTAT_1,P1TLH,Central_venous_LSECs,Endothelial,-7.4149632,5.300271
P1TLH_CTCGGAGCATTCTCAT_1,P1TLH,Periportal_LSECs,Endothelial,4.7746925,-3.6777453
P1TLH_TTTATGCGTAACGTTC_1,P1TLH,Central_venous_LSECs,Endothelial,-11.11741,7.7441783
P1TLH_CGGACACAGATGTAAC_1,P1TLH,Central_venous_LSECs,Endothelial,-14.145174,0.78620917
P1TLH_TAGGCATAGATATGGT_1,P1TLH,Central_venous_LSECs,Endothelial,-5.623255,6.124821
P1TLH_ATTTCTGGTACGCTGC_1,P1TLH,Central_venous_LSECs,Endothelial,-8.442995,4.6939096
P1TLH_ACAGCCGTCAGGCGAA_1,P1TLH,Central_venous_LSECs,Endothelial,-14.534131,3.3581414
P1TLH_CATGGCGTCTAACGGT_1,P1TLH,Central_venous_LSECs,Endothelial,-14.019462,2.4039738
P1TLH_CATGACAGTTGGTAAA_1,P1TLH,Central_venous_LSECs,Endothelial,-12.627253,3.2907643
P1TLH_CGATGTACAGCTGCAC_1,P1TLH,Central_venous_LSECs,Endothelial,-4.953723,7.809566
P1TLH_CAGTCCTGTTGGTGGA_1,P1TLH,Central_venous_LSECs,Endothelial,-5.343624,7.2127295
P1TLH_CGATGTATCAAACCGT_1,P1TLH,Central_venous_LSECs,Endothelial,-12.835237,5.9650726
P1TLH_AAACCTGAGCAGCCTC_1,P1TLH,Central_venous_LSECs,Endothelial,-11.78328,4.6518965
P1TLH_CTCAGAAGTGTGACGA_1,P1TLH,Central_venous_LSECs,Endothelial,-14.090381,1.0304114
P1TLH_TCTGGAAGTAGTACCT_1,P1TLH,Central_venous_LSECs,Endothelial,-9.566994,3.9728925
P1TLH_TGGCCAGCATCTCGCT_1,P1TLH,Central_venous_LSECs,Endothelial,-19.125235,-1.1681671
P1TLH_CGTTGGGAGCTTTGGT_1,P1TLH,Periportal_LSECs,Endothelial,-11.627307,-2.8793004
P1TLH_CAAGGCCGTGACTACT_1,P1TLH,Central_venous_LSECs,Endothelial,-6.656042,4.8487883
P1TLH_GGCAATTTCGATCCCT_1,P1TLH,Central_venous_LSECs,Endothelial,-13.321143,2.974855
P1TLH_CTAGTGAAGACATAAC_1,P1TLH,Central_venous_LSECs,Endothelial,-8.071483,0.044162698
P1TLH_TTCGGTCGTCCGTCAG_1,P1TLH,Central_venous_LSECs,Endothelial,-8.438178,5.100519
P1TLH_TCGCGTTTCGTGACAT_1,P1TLH,Central_venous_LSECs,Endothelial,-11.229315,1.3882489
P1TLH_GTGCGGTTCCCATTAT_1,P1TLH,Central_venous_LSECs,Endothelial,-16.463428,0.9695987
P1TLH_ACGCCGAGTAAGTGGC_1,P1TLH,Periportal_LSECs,Endothelial,12.60323,-3.9818892
P1TLH_CGCTATCCACGGTGTC_1,P1TLH,Central_venous_LSECs,Endothelial,-14.425869,-0.21524002
P1TLH_GGAATAAAGGTGCACA_1,P1TLH,Central_venous_LSECs,Endothelial,-8.58735,5.628496
P1TLH_TCTTCGGAGAAACGCC_1,P1TLH,Central_venous_LSECs,Endothelial,-1.1441109,0.056184463
P1TLH_TCGGGACTCCGAAGAG_1,P1TLH,Central_venous_LSECs,Endothelial,-10.818521,2.6499102
P1TLH_GCGCAACTCAAGGCTT_1,P1TLH,Central_venous_LSECs,Endothelial,-8.710443,3.6742103
P2TLH_GATCGCGGTCAATGTC_1,P2TLH,Central_venous_LSECs,Endothelial,-3.5647588,-2.5445063
P2TLH_CCTTCGAGTAACGTTC_1,P2TLH,Periportal_LSECs,Endothelial,0.6777469,-6.6316843
P2TLH_CTAGCCTCAGAGCCAA_1,P2TLH,Central_venous_LSECs,Endothelial,-7.8435774,0.34026343
P2TLH_GAATGAAAGCTGCAAG_1,P2TLH,Portal_endothelial_Cells,Endothelial,3.0621157,-0.5552139
P2TLH_AACACGTCACGGCTAC_1,P2TLH,Central_venous_LSECs,Endothelial,-6.120737,0.24863775
P2TLH_AGATTGCAGTAGTGCG_1,P2TLH,Periportal_LSECs,Endothelial,7.7906957,1.1115946
P2TLH_CACCAGGTCCACGTGG_1,P2TLH,Central_venous_LSECs,Endothelial,-4.488719,3.4009454
P2TLH_GGTGAAGGTTCCAACA_1,P2TLH,Central_venous_LSECs,Endothelial,5.0146575,1.835565
P2TLH_AGATCTGTCACTTCAT_1,P2TLH,Periportal_LSECs,Endothelial,7.3622956,-4.633313
P2TLH_AACTCCCGTGAAATCA_1,P2TLH,Central_venous_LSECs,Endothelial,0.9324442,0.37577125
P2TLH_CGTCAGGCATTGGTAC_1,P2TLH,Periportal_LSECs,Endothelial,6.6957664,0.25003517
P2TLH_TTGGCAAAGTTAAGTG_1,P2TLH,Periportal_LSECs,Endothelial,7.994199,0.07004608
P2TLH_CAGTCCTGTACTTGAC_1,P2TLH,Periportal_LSECs,Endothelial,4.9716287,0.48016533
P2TLH_CACAAACCAAGTCTAC_1,P2TLH,Periportal_LSECs,Endothelial,-1.8997332,-2.3439164
P2TLH_CATTCGCCAAGTAGTA_1,P2TLH,Periportal_LSECs,Endothelial,-5.4054437,-0.28530395
P2TLH_ACAGCTAGTTGAGTTC_1,P2TLH,Portal_endothelial_Cells,Endothelial,3.4043744,0.50715214
P2TLH_ATTGGACAGCACCGCT_1,P2TLH,Periportal_LSECs,Endothelial,-9.165808,-5.020997
P2TLH_GTTTCTAAGAAGCCCA_1,P2TLH,Periportal_LSECs,Endothelial,9.986654,-3.66677
P2TLH_CATGCCTAGATCTGCT_1,P2TLH,Periportal_LSECs,Endothelial,2.214265,-7.3673024
P2TLH_ATCATGGAGCTAAACA_1,P2TLH,Periportal_LSECs,Endothelial,17.172457,-0.33173895
P2TLH_ACATACGCAGACTCGC_1,P2TLH,Periportal_LSECs,Endothelial,-2.4160519,-3.9825068
P2TLH_CACACAAAGCAATCTC_1,P2TLH,Central_venous_LSECs,Endothelial,-8.352596,3.302318
P2TLH_ATAAGAGCAACGCACC_1,P2TLH,Central_venous_LSECs,Endothelial,-4.389308,0.49647427
P2TLH_AACTGGTCAAACTGTC_1,P2TLH,Central_venous_LSECs,Endothelial,-7.5916443,-1.4454172
P2TLH_CACCTTGCACCCATGG_1,P2TLH,Periportal_LSECs,Endothelial,7.402105,2.680164
P2TLH_TGGCTGGGTTTGTTGG_1,P2TLH,Periportal_LSECs,Endothelial,-2.9172235,-7.852485
P2TLH_CAACCTCTCACGCATA_1,P2TLH,Periportal_LSECs,Endothelial,2.3022537,-7.408964
P2TLH_CAGCTGGCATTGGGCC_1,P2TLH,Central_venous_LSECs,Endothelial,-4.9546423,0.2988239
P2TLH_AGAGCTTTCAGGTAAA_1,P2TLH,Periportal_LSECs,Endothelial,-0.8528706,-5.792454
P2TLH_ATTTCTGAGGAGTTGC_1,P2TLH,Periportal_LSECs,Endothelial,11.497792,-1.3179362
P2TLH_TTAGTTCCACCGATAT_1,P2TLH,Central_venous_LSECs,Endothelial,4.855542,5.467125
P2TLH_GTAGGCCCAGTAGAGC_1,P2TLH,Periportal_LSECs,Endothelial,2.2751842,-2.3564663
P2TLH_TTCGAAGGTAGCTAAA_1,P2TLH,Central_venous_LSECs,Endothelial,-3.2348652,3.4552333
P2TLH_TCACGAATCGTGGTCG_1,P2TLH,Periportal_LSECs,Endothelial,14.001262,1.28986
P2TLH_GGCTGGTTCTAACTTC_1,P2TLH,Periportal_LSECs,Endothelial,-1.7611549,-2.7895055
P2TLH_CCTTCGATCGGAGGTA_1,P2TLH,Periportal_LSECs,Endothelial,0.09452366,-3.526708
P2TLH_ATAGACCTCGCAAGCC_1,P2TLH,Periportal_LSECs,Endothelial,7.5474234,-0.511229
P2TLH_CAGAATCAGACAATAC_1,P2TLH,Central_venous_LSECs,Endothelial,-2.1228905,8.251135
P2TLH_TTGACTTGTTCGGGCT_1,P2TLH,Periportal_LSECs,Endothelial,5.2012153,-3.4214823
P2TLH_TCTGGAATCTTGTTTG_1,P2TLH,Central_venous_LSECs,Endothelial,-1.7120107,4.2977877
P2TLH_GTGCAGCGTGAGGCTA_1,P2TLH,Central_venous_LSECs,Endothelial,4.3928833,3.6654606
P2TLH_CGGGTCAGTCCGAATT_1,P2TLH,Periportal_LSECs,Endothelial,11.022154,-2.2780519
P2TLH_CGAATGTAGTCCGGTC_1,P2TLH,Portal_endothelial_Cells,Endothelial,1.3933195,-3.360427
P2TLH_ATCATGGGTACTTCTT_1,P2TLH,Central_venous_LSECs,Endothelial,-3.4876945,2.8194687
P2TLH_GTCGTAAAGCCGCCTA_1,P2TLH,Central_venous_LSECs,Endothelial,0.6495492,5.496428
P2TLH_CGGAGTCAGAACAATC_1,P2TLH,Central_venous_LSECs,Endothelial,-0.842216,3.149042
P2TLH_GCAGTTAAGCCTCGTG_1,P2TLH,Periportal_LSECs,Endothelial,7.285479,-4.5497437
P2TLH_GGCCGATGTCTGATTG_1,P2TLH,Central_venous_LSECs,Endothelial,-0.10785673,-1.5951886
P2TLH_CTACGTCAGTCATCCA_1,P2TLH,Periportal_LSECs,Endothelial,13.193855,4.020052
P2TLH_CACACTCTCACTTATC_1,P2TLH,Portal_endothelial_Cells,Endothelial,-2.6085126,-2.7071664
P2TLH_ACAGCCGCACAGATTC_1,P2TLH,Central_venous_LSECs,Endothelial,-5.366101,-2.326066
P2TLH_TGTATTCAGCAATCTC_1,P2TLH,Central_venous_LSECs,Endothelial,-0.6486407,4.6490474
P2TLH_AACCATGGTCCGTGAC_1,P2TLH,Periportal_LSECs,Endothelial,7.312115,-4.993612
P2TLH_TACTTACTCAATCTCT_1,P2TLH,Periportal_LSECs,Endothelial,-13.613622,-7.2769375
P2TLH_ACAGCCGCATGATCCA_1,P2TLH,Central_venous_LSECs,Endothelial,1.4459853,7.8824825
P2TLH_GCAGCCATCAGTTCGA_1,P2TLH,Periportal_LSECs,Endothelial,8.643086,-2.565735
P2TLH_TAAGTGCAGGACAGAA_1,P2TLH,Periportal_LSECs,Endothelial,-2.3858585,-1.1378657
P2TLH_TACGGATAGGAGCGTT_1,P2TLH,Periportal_LSECs,Endothelial,-0.1601527,-0.45287836
P2TLH_CATCAGAAGTTACGGG_1,P2TLH,Periportal_LSECs,Endothelial,6.6370945,-1.2833339
P2TLH_CACAGTATCCTATGTT_1,P2TLH,Periportal_LSECs,Endothelial,-5.5772953,-6.993726
P2TLH_CGTGAGCAGGGTCTCC_1,P2TLH,Central_venous_LSECs,Endothelial,-1.0684512,4.6895976
P2TLH_TGCGTGGAGACTGTAA_1,P2TLH,Periportal_LSECs,Endothelial,6.5575542,3.1525013
P2TLH_CTAGCCTAGCCCGAAA_1,P2TLH,Periportal_LSECs,Endothelial,5.184606,-7.8416104
P2TLH_TTTGGTTTCTTTAGGG_1,P2TLH,Periportal_LSECs,Endothelial,12.772209,-0.6887497
P2TLH_TAGAGCTCAAACTGCT_1,P2TLH,Periportal_LSECs,Endothelial,8.876488,-3.450149
P2TLH_CTGATAGAGCTTCGCG_1,P2TLH,Central_venous_LSECs,Endothelial,-3.98888,1.2347755
P2TLH_TACTCGCAGTTCGCGC_1,P2TLH,Periportal_LSECs,Endothelial,2.0434823,-6.313231
P2TLH_CTACGTCAGTTAGCGG_1,P2TLH,Periportal_LSECs,Endothelial,5.6733575,-2.3875706
P2TLH_AGAGTGGCATGCATGT_1,P2TLH,Periportal_LSECs,Endothelial,1.156942,-5.673774
P2TLH_GTTAAGCGTCCAGTAT_1,P2TLH,Central_venous_LSECs,Endothelial,-2.4293077,6.418025
P2TLH_GTGCGGTTCCCGACTT_1,P2TLH,Central_venous_LSECs,Endothelial,3.7408476,6.9333615
P2TLH_TCGGGACTCAAACCAC_1,P2TLH,Central_venous_LSECs,Endothelial,0.59415764,9.310421
P2TLH_AAACCTGGTACGCTGC_1,P2TLH,Periportal_LSECs,Endothelial,2.0067024,-3.8374286
P2TLH_GTCAAGTCATCGGGTC_1,P2TLH,Periportal_LSECs,Endothelial,10.120357,-3.1064448
P2TLH_TGAGAGGAGAGTGACC_1,P2TLH,Periportal_LSECs,Endothelial,5.8501425,-4.4218197
P2TLH_GAACCTACAGCTCCGA_1,P2TLH,Portal_endothelial_Cells,Endothelial,9.716873,1.417701
P2TLH_AGGCCACTCAGTTGAC_1,P2TLH,Central_venous_LSECs,Endothelial,-0.7066098,8.484609
P2TLH_TGTATTCTCGGCTTGG_1,P2TLH,Periportal_LSECs,Endothelial,7.9328,-3.517403
P2TLH_GGCGACTTCCGTCATC_1,P2TLH,Central_venous_LSECs,Endothelial,7.78509,9.151377
P2TLH_CATGACACATCTACGA_1,P2TLH,Periportal_LSECs,Endothelial,4.3019223,-3.4181159
P2TLH_ATCGAGTAGACTAGAT_1,P2TLH,Periportal_LSECs,Endothelial,7.956377,0.09449759
P2TLH_ACTTTCACATTCTCAT_1,P2TLH,Periportal_LSECs,Endothelial,-5.561085,-6.698581
P2TLH_GTCCTCAGTCATATCG_1,P2TLH,Periportal_LSECs,Endothelial,-0.29737067,-5.9002194
P2TLH_GGCTGGTTCGCACTCT_1,P2TLH,Central_venous_LSECs,Endothelial,-3.918468,2.4180295
P2TLH_ACCGTAAGTAGGACAC_1,P2TLH,Central_venous_LSECs,Endothelial,-1.9652416,2.027404
P3TLH_TGTATTCAGAGCCCAA_1,P3TLH,Central_venous_LSECs,Endothelial,1.3961887,0.26956382
P3TLH_AGGGATGTCATTCACT_1,P3TLH,Portal_endothelial_Cells,Endothelial,5.379439,-3.698812
P3TLH_CAACCAACATGAACCT_1,P3TLH,Periportal_LSECs,Endothelial,13.277882,-2.952359
P3TLH_CCTATTATCATTATCC_1,P3TLH,Portal_endothelial_Cells,Endothelial,7.2356124,1.4490887
P3TLH_ACGCCGATCAGTGCAT_1,P3TLH,Periportal_LSECs,Endothelial,12.168976,-4.2699313
P3TLH_GCATGATGTGGTCCGT_1,P3TLH,Periportal_LSECs,Endothelial,14.433814,-3.7538414
P3TLH_CGCGGTAGTCTAGTCA_1,P3TLH,Portal_endothelial_Cells,Endothelial,-2.2333758,-4.037343
P3TLH_CCATTCGTCCGTTGCT_1,P3TLH,Portal_endothelial_Cells,Endothelial,-2.0935495,-3.8161943
P3TLH_CTAAGACGTTGAGGTG_1,P3TLH,Portal_endothelial_Cells,Endothelial,2.2384746,-2.2739248
P3TLH_CTCGTACGTGCAGACA_1,P3TLH,Portal_endothelial_Cells,Endothelial,2.8359509,-4.524291
P3TLH_CATGACACATGACATC_1,P3TLH,Portal_endothelial_Cells,Endothelial,0.017094113,-3.4086027
P3TLH_AGAGTGGGTCAGAGGT_1,P3TLH,Periportal_LSECs,Endothelial,11.873088,2.0253801
P3TLH_CACACTCGTCGCGAAA_1,P3TLH,Portal_endothelial_Cells,Endothelial,0.74979454,-4.4713326
P3TLH_TGAGCATGTAAGAGAG_1,P3TLH,Portal_endothelial_Cells,Endothelial,5.811789,2.2931755
P3TLH_GCGCCAAAGTAGCGGT_1,P3TLH,Periportal_LSECs,Endothelial,6.915833,-5.4921317
P3TLH_GACCTGGTCTCTTGAT_1,P3TLH,Periportal_LSECs,Endothelial,3.9754636,-4.5103645
P3TLH_TGGGCGTTCTAAGCCA_1,P3TLH,Portal_endothelial_Cells,Endothelial,7.3427687,1.2458822
P3TLH_CACATTTGTTGAGGTG_1,P3TLH,Periportal_LSECs,Endothelial,8.151408,-1.6429747
P3TLH_AAGGAGCAGACCACGA_1,P3TLH,Periportal_LSECs,Endothelial,-2.6485603,-6.6313744
P3TLH_GATGAGGCACCATGTA_1,P3TLH,Periportal_LSECs,Endothelial,11.968837,-2.0889852
P3TLH_GTACTTTAGGAATGGA_1,P3TLH,Central_venous_LSECs,Endothelial,-2.433038,1.7247423
P3TLH_CGAGCACAGAAACCAT_1,P3TLH,Periportal_LSECs,Endothelial,-0.6348427,-6.480718
P3TLH_CCTTCCCGTTGTTTGG_1,P3TLH,Portal_endothelial_Cells,Endothelial,8.9793005,8.617126
P3TLH_GTGCGGTTCAGCTTAG_1,P3TLH,Portal_endothelial_Cells,Endothelial,2.225072,1.8080465
P3TLH_CAAGAAAAGTACGCGA_1,P3TLH,Periportal_LSECs,Endothelial,18.380344,-0.96101767
P3TLH_AGATCTGAGCTACCGC_1,P3TLH,Periportal_LSECs,Endothelial,16.872248,-4.1301427
P3TLH_GTTACAGCACGGACAA_1,P3TLH,Portal_endothelial_Cells,Endothelial,10.541465,0.5297067
P3TLH_AGTAGTCGTCTAAAGA_1,P3TLH,Portal_endothelial_Cells,Endothelial,8.846603,5.94917
P3TLH_GTACTCCAGGAACTGC_1,P3TLH,Portal_endothelial_Cells,Endothelial,3.1891348,-2.677498
P3TLH_AACTCCCCAGTACACT_1,P3TLH,Periportal_LSECs,Endothelial,3.9762168,-5.3662057
P3TLH_CCGGGATGTAGCACGA_1,P3TLH,Periportal_LSECs,Endothelial,4.8115835,-4.2808604
P3TLH_CGTCACTCACCCATTC_1,P3TLH,Portal_endothelial_Cells,Endothelial,4.559864,-1.5162401
P3TLH_TTAGGCATCTGCGGCA_1,P3TLH,Periportal_LSECs,Endothelial,11.354893,2.4027374
P3TLH_CCGGTAGGTTCTCATT_1,P3TLH,Portal_endothelial_Cells,Endothelial,4.0097213,-4.9653606
P3TLH_GTTCATTAGGGATCTG_1,P3TLH,Portal_endothelial_Cells,Endothelial,3.403706,-3.1287982
P3TLH_ATTTCTGAGAACAATC_1,P3TLH,Periportal_LSECs,Endothelial,4.377325,-5.2398806
P3TLH_GATCTAGTCCATGCTC_1,P3TLH,Periportal_LSECs,Endothelial,-4.4246097,-6.8116083
P3TLH_CTCTAATGTCCGACGT_1,P3TLH,Periportal_LSECs,Endothelial,19.089008,-1.4661711
P3TLH_ACGATACTCCTACAGA_1,P3TLH,Portal_endothelial_Cells,Endothelial,5.2314224,-2.2631354
P3TLH_CACATAGAGCAGATCG_1,P3TLH,Portal_endothelial_Cells,Endothelial,11.813526,1.9122243
P3TLH_TCGAGGCGTCAATACC_1,P3TLH,Periportal_LSECs,Endothelial,4.321578,-2.5481963
P3TLH_CATATGGTCTCTGTCG_1,P3TLH,Periportal_LSECs,Endothelial,-3.3699918,-5.23832
P3TLH_ACCGTAATCTCCAACC_1,P3TLH,Portal_endothelial_Cells,Endothelial,4.948671,0.6322118
P3TLH_ACTTACTAGCGATGAC_1,P3TLH,Periportal_LSECs,Endothelial,7.801483,-3.204807
P3TLH_CCCTCCTAGAACAATC_1,P3TLH,Periportal_LSECs,Endothelial,4.518041,-6.70576
P3TLH_ACACCGGTCTCATTCA_1,P3TLH,Portal_endothelial_Cells,Endothelial,4.361513,-3.7878826
P3TLH_TAAACCGGTCCCTTGT_1,P3TLH,Portal_endothelial_Cells,Endothelial,-0.096230835,-4.910389
P3TLH_ATGGGAGAGGAATTAC_1,P3TLH,Periportal_LSECs,Endothelial,8.805747,4.9270425
P3TLH_GGGATGACAGGCTGAA_1,P3TLH,Portal_endothelial_Cells,Endothelial,4.855133,-4.870399
P3TLH_GTGCTTCAGCAGATCG_1,P3TLH,Portal_endothelial_Cells,Endothelial,1.6567847,-1.9987496
P3TLH_GTGCATACATTAGGCT_1,P3TLH,Portal_endothelial_Cells,Endothelial,6.5560865,-1.3450302
P3TLH_TTTGTCATCTTACCGC_1,P3TLH,Periportal_LSECs,Endothelial,16.961767,0.4752314
P3TLH_CAGCTAATCATGCTCC_1,P3TLH,Central_venous_LSECs,Endothelial,2.370981,1.5813433
P3TLH_CCGGTAGCATGGTCTA_1,P3TLH,Portal_endothelial_Cells,Endothelial,5.6286125,-3.498369
P3TLH_GCGCGATTCAGGCAAG_1,P3TLH,Portal_endothelial_Cells,Endothelial,11.2184725,0.36540264
P3TLH_TTGAACGTCACCACCT_1,P3TLH,Periportal_LSECs,Endothelial,-2.7729232,-5.0204687
P3TLH_ACGGCCATCGGATGGA_1,P3TLH,Central_venous_LSECs,Endothelial,-1.8093491,7.432365
P3TLH_AACCATGCATCCCACT_1,P3TLH,Portal_endothelial_Cells,Endothelial,2.677534,-5.249439
P3TLH_CATGACAGTAAGGGCT_1,P3TLH,Periportal_LSECs,Endothelial,3.0648916,0.038681306
P3TLH_TCAATCTAGGCGACAT_1,P3TLH,Periportal_LSECs,Endothelial,6.6796136,-2.61825
P3TLH_CTGTGCTTCGAACGGA_1,P3TLH,Periportal_LSECs,Endothelial,7.7796783,-1.5883123
P3TLH_ACTTACTGTCCCTACT_1,P3TLH,Portal_endothelial_Cells,Endothelial,-0.9080238,-4.1217685
P3TLH_ACGAGCCTCGGACAAG_1,P3TLH,Portal_endothelial_Cells,Endothelial,19.496433,-0.94830316
P3TLH_TCGCGTTCAAGTCTGT_1,P3TLH,Periportal_LSECs,Endothelial,-1.1957188,-5.469229
P3TLH_CGGACTGGTTTAGCTG_1,P3TLH,Portal_endothelial_Cells,Endothelial,1.9528701,-1.9433744
P3TLH_CAGTCCTGTGTCAATC_1,P3TLH,Portal_endothelial_Cells,Endothelial,-2.5871542,-4.3873086
P3TLH_TCTCATACACAGCCCA_1,P3TLH,Portal_endothelial_Cells,Endothelial,23.781195,10.09461
P3TLH_AGCATACCAAATACAG_1,P3TLH,Portal_endothelial_Cells,Endothelial,2.262766,-3.0394657
P3TLH_CGCTGGAGTGTGACCC_1,P3TLH,Periportal_LSECs,Endothelial,6.6020985,-4.0046177
P3TLH_CTGAAACAGAATCTCC_1,P3TLH,Portal_endothelial_Cells,Endothelial,4.1627345,-2.872044
P3TLH_CAAGAAATCCAGTAGT_1,P3TLH,Periportal_LSECs,Endothelial,12.064035,-4.013019
P3TLH_CACAGTAAGGCGCTCT_1,P3TLH,Portal_endothelial_Cells,Endothelial,5.219528,-2.8064575
P3TLH_TAGGCATAGACTACAA_1,P3TLH,Central_venous_LSECs,Endothelial,-1.9866662,6.974972
P3TLH_AACCATGAGCTAGTCT_1,P3TLH,Periportal_LSECs,Endothelial,5.1780124,-4.67328
P3TLH_GATCAGTGTGAGGCTA_1,P3TLH,Periportal_LSECs,Endothelial,10.518184,-5.393568
P3TLH_ACATCAGCAAGTCATC_1,P3TLH,Portal_endothelial_Cells,Endothelial,1.5794419,-5.814405
P3TLH_CCCAGTTTCCGCAAGC_1,P3TLH,Portal_endothelial_Cells,Endothelial,-2.8619695,-5.5688653
P3TLH_TCAGCAACAAGGTGTG_1,P3TLH,Portal_endothelial_Cells,Endothelial,10.206462,0.011974886
P3TLH_GCAAACTCACTTACGA_1,P3TLH,Portal_endothelial_Cells,Endothelial,1.7931162,-4.9707975
P3TLH_CAGCGACGTCGTGGCT_1,P3TLH,Portal_endothelial_Cells,Endothelial,-1.2237161,-2.7392507
P3TLH_AACCGCGCACACATGT_1,P3TLH,Portal_endothelial_Cells,Endothelial,7.8229594,-1.2979181
P3TLH_CGTCTACAGACAGGCT_1,P3TLH,Periportal_LSECs,Endothelial,11.2872925,1.6807306
P3TLH_CATGCCTGTAATCACC_1,P3TLH,Portal_endothelial_Cells,Endothelial,8.8624525,-1.4047743
P3TLH_GAACATCGTCCAGTTA_1,P3TLH,Portal_endothelial_Cells,Endothelial,-1.5625286,-1.557279
P3TLH_ACAGCTAAGACCACGA_1,P3TLH,Portal_endothelial_Cells,Endothelial,-0.8825657,-4.0106926
P3TLH_AGCCTAATCTAGAGTC_1,P3TLH,Portal_endothelial_Cells,Endothelial,4.2724657,-3.7289748
P3TLH_GCACATATCCATGAGT_1,P3TLH,Periportal_LSECs,Endothelial,-4.381685,-6.78895
P3TLH_GTAGTCAGTCTCTCTG_1,P3TLH,Portal_endothelial_Cells,Endothelial,1.9969774,-4.0616174
P3TLH_AGAGCGAGTCGGCTCA_1,P3TLH,Portal_endothelial_Cells,Endothelial,9.300516,-3.112286
P3TLH_GCGCAACGTTATGCGT_1,P3TLH,Portal_endothelial_Cells,Endothelial,3.6395202,-3.515151
P3TLH_GCAAACTAGTCGCCGT_1,P3TLH,Periportal_LSECs,Endothelial,12.3894615,-3.285325
P3TLH_GAACATCCATCTCGCT_1,P3TLH,Portal_endothelial_Cells,Endothelial,7.7020106,0.13722852
P3TLH_CTAATGGCAAAGTGCG_1,P3TLH,Portal_endothelial_Cells,Endothelial,7.485469,-3.1716762
P3TLH_TACGGGCAGTGTACCT_1,P3TLH,Portal_endothelial_Cells,Endothelial,3.5149972,-0.6865477
P3TLH_CTGGTCTGTCCGAAGA_1,P3TLH,Portal_endothelial_Cells,Endothelial,11.744699,2.180849
P3TLH_CCTTACGAGTAGATGT_1,P3TLH,Portal_endothelial_Cells,Endothelial,-1.7472332,-5.832399
P3TLH_GGTGAAGCACTTACGA_1,P3TLH,Portal_endothelial_Cells,Endothelial,18.939714,-0.26287413
P3TLH_TCAGGTAGTTGAGGTG_1,P3TLH,Periportal_LSECs,Endothelial,27.773172,3.1071265
P3TLH_TTTGCGCGTCCAACTA_1,P3TLH,Portal_endothelial_Cells,Endothelial,16.975744,3.764455
P3TLH_CCGTACTCATGAGCGA_1,P3TLH,Portal_endothelial_Cells,Endothelial,5.2762475,-3.225623
P3TLH_TTTACTGAGATCCGAG_1,P3TLH,Periportal_LSECs,Endothelial,9.726778,-1.6472793
P3TLH_TGTGGTATCAACACTG_1,P3TLH,Portal_endothelial_Cells,Endothelial,9.170307,-4.7201495
P3TLH_CTCGGAGAGGACAGCT_1,P3TLH,Periportal_LSECs,Endothelial,2.191306,-4.965529
P3TLH_TGGCCAGGTGTGCCTG_1,P3TLH,Portal_endothelial_Cells,Endothelial,3.612706,-1.9924593
P3TLH_CTCTAATAGCGTGTCC_1,P3TLH,Periportal_LSECs,Endothelial,-1.4000778,-7.1920986
P3TLH_GGTATTGTCAGCACAT_1,P3TLH,Portal_endothelial_Cells,Endothelial,2.1584322,-5.06337
P3TLH_CGATGTATCAAACAAG_1,P3TLH,Periportal_LSECs,Endothelial,7.159414,-0.053250313
P3TLH_CTGGTCTGTGAGTGAC_1,P3TLH,Portal_endothelial_Cells,Endothelial,15.802149,5.8903174
P3TLH_CCACTACGTGCAGGTA_1,P3TLH,Portal_endothelial_Cells,Endothelial,15.898345,0.011015933
P3TLH_GATGCTAAGGCCCTCA_1,P3TLH,Periportal_LSECs,Endothelial,9.738219,-3.5386484
P3TLH_GGGAGATTCGCGTAGC_1,P3TLH,Periportal_LSECs,Endothelial,-0.16502273,-5.760722
P3TLH_ACGGGTCGTCTTCAAG_1,P3TLH,Portal_endothelial_Cells,Endothelial,21.451483,4.477395
P3TLH_GTTCATTTCTGGGCCA_1,P3TLH,Periportal_LSECs,Endothelial,-3.8252902,-7.0643954
P3TLH_CTACATTCATACTACG_1,P3TLH,Periportal_LSECs,Endothelial,19.843021,8.235155
P3TLH_TTGCCGTTCCGAACGC_1,P3TLH,Periportal_LSECs,Endothelial,9.781443,-1.8506
P3TLH_GGACATTTCGGCTTGG_1,P3TLH,Periportal_LSECs,Endothelial,9.848924,-2.058463
P3TLH_GCTGCAGAGCTAGTCT_1,P3TLH,Periportal_LSECs,Endothelial,3.165059,-5.7978234
P3TLH_TGGGAAGGTAACGACG_1,P3TLH,Periportal_LSECs,Endothelial,6.9279866,-5.0017896
P3TLH_TAGAGCTAGTGTTTGC_1,P3TLH,Periportal_LSECs,Endothelial,-0.30377063,-6.022289
P3TLH_TTGCGTCCAAACGTGG_1,P3TLH,Periportal_LSECs,Endothelial,9.066135,-0.9111115
P3TLH_GGCGTGTCACCAGGTC_1,P3TLH,Portal_endothelial_Cells,Endothelial,3.7870226,-5.7393255
P3TLH_TCAACGAGTCCGAAGA_1,P3TLH,Periportal_LSECs,Endothelial,1.6476967,-6.6759205
P3TLH_CCACCTATCTAGAGTC_1,P3TLH,Periportal_LSECs,Endothelial,7.9359326,2.3115935
P3TLH_GAGTCCGAGAATGTGT_1,P3TLH,Portal_endothelial_Cells,Endothelial,-4.561888,-3.031391
P3TLH_CGTTAGACATGGTCTA_1,P3TLH,Portal_endothelial_Cells,Endothelial,5.789133,-2.8108218
P3TLH_TACTTACTCTTCGAGA_1,P3TLH,Portal_endothelial_Cells,Endothelial,-1.7790346,0.9355062
P3TLH_GTTCATTGTACTCGCG_1,P3TLH,Portal_endothelial_Cells,Endothelial,12.350351,0.23118424
P3TLH_CGGTTAAAGATGGCGT_1,P3TLH,Portal_endothelial_Cells,Endothelial,6.4314494,-5.963482
P3TLH_CATTATCCACAAGCCC_1,P3TLH,Portal_endothelial_Cells,Endothelial,-1.9867399,1.1822892
P3TLH_TAAGCGTAGCGCCTCA_1,P3TLH,Portal_endothelial_Cells,Endothelial,6.462582,0.1396846
P3TLH_CTAACTTAGGATTCGG_1,P3TLH,Portal_endothelial_Cells,Endothelial,4.8528714,-4.4535513
P3TLH_GTCCTCACATGCATGT_1,P3TLH,Central_venous_LSECs,Endothelial,8.076206,7.060514
P3TLH_TTTGGTTAGTTCGCAT_1,P3TLH,Central_venous_LSECs,Endothelial,1.5690066,5.4211564
P3TLH_TCTGGAACAGACGTAG_1,P3TLH,Portal_endothelial_Cells,Endothelial,4.9405837,-2.1414237
P3TLH_ATTATCCTCAGTCCCT_1,P3TLH,Portal_endothelial_Cells,Endothelial,-1.4623657,-4.724753
P3TLH_CTGCGGAGTTCTGAAC_1,P3TLH,Portal_endothelial_Cells,Endothelial,3.9140584,-1.9097221
P3TLH_GGGCACTCAGGCAGTA_1,P3TLH,Portal_endothelial_Cells,Endothelial,7.501586,0.96084535
P3TLH_GACTACAGTATGGTTC_1,P3TLH,Portal_endothelial_Cells,Endothelial,2.566683,-2.0179212
P3TLH_CCACTACCACCGAAAG_1,P3TLH,Periportal_LSECs,Endothelial,9.195991,-4.2951097
P3TLH_ACGCAGCAGAACAATC_1,P3TLH,Periportal_LSECs,Endothelial,1.0025069,-6.479171
P3TLH_CGGCTAGTCTACCAGA_1,P3TLH,Portal_endothelial_Cells,Endothelial,8.133763,2.2141154
P3TLH_CGGAGCTTCCACGAAT_1,P3TLH,Portal_endothelial_Cells,Endothelial,7.4850197,2.0407743
P3TLH_CTTACCGCACACTGCG_1,P3TLH,Periportal_LSECs,Endothelial,4.915657,6.1875978
P3TLH_CGCCAAGAGGGTTCCC_1,P3TLH,Portal_endothelial_Cells,Endothelial,8.165532,-3.7248673
P3TLH_GAACATCAGGTGATAT_1,P3TLH,Portal_endothelial_Cells,Endothelial,8.961647,-4.3550262
P3TLH_AAAGTAGGTCTGCGGT_1,P3TLH,Portal_endothelial_Cells,Endothelial,6.4032574,-4.487457
P3TLH_GGCCGATCAATGAAAC_1,P3TLH,Periportal_LSECs,Endothelial,0.77961546,-4.870123
P3TLH_TTGACTTAGCCACGCT_1,P3TLH,Portal_endothelial_Cells,Endothelial,12.172847,0.9978943
P3TLH_GCATACACAACTTGAC_1,P3TLH,Portal_endothelial_Cells,Endothelial,1.7120425,-1.1031473
P3TLH_CCCATACCATGGTTGT_1,P3TLH,Periportal_LSECs,Endothelial,9.4933605,-4.123975
P3TLH_TGGGCGTCATGTTCCC_1,P3TLH,Periportal_LSECs,Endothelial,3.833282,-7.3953643
P3TLH_GCTGCGATCAACACAC_1,P3TLH,Central_venous_LSECs,Endothelial,-8.028804,7.404391
P3TLH_AGAGTGGTCCGCGGTA_1,P3TLH,Periportal_LSECs,Endothelial,18.473425,-0.2384117
P3TLH_GAACCTATCTGTTTGT_1,P3TLH,Periportal_LSECs,Endothelial,-3.8031378,-6.2810946
P3TLH_TCTGGAACAAGAGGCT_1,P3TLH,Portal_endothelial_Cells,Endothelial,8.926502,-1.6160256
P3TLH_TCTGAGAGTTGTCTTT_1,P3TLH,Portal_endothelial_Cells,Endothelial,1.3437988,-3.0504491
P4TLH_GGAAAGCCAATCCAAC_1,P4TLH,Central_venous_LSECs,Endothelial,-5.306121,7.2127533
P4TLH_TGACAACGTTTGGGCC_1,P4TLH,Periportal_LSECs,Endothelial,-4.539683,-0.30181938
P4TLH_GCAGCCACATACCATG_1,P4TLH,Periportal_LSECs,Endothelial,-12.704617,-4.2680874
P4TLH_AGTTGGTGTTGAACTC_1,P4TLH,Periportal_LSECs,Endothelial,2.1573715,4.9959097
P4TLH_TGAGCATGTGCAACTT_1,P4TLH,Central_venous_LSECs,Endothelial,-2.6074939,14.162356
P4TLH_CTCGGAGTCGCAAGCC_1,P4TLH,Portal_endothelial_Cells,Endothelial,6.9687104,2.4854364
P4TLH_CACACAATCCGAATGT_1,P4TLH,Central_venous_LSECs,Endothelial,20.84568,14.548867
P4TLH_AGGTCATAGGGCTTCC_1,P4TLH,Periportal_LSECs,Endothelial,9.175791,2.4333806
P4TLH_TAAGAGACAGCATGAG_1,P4TLH,Central_venous_LSECs,Endothelial,14.962954,17.680656
P4TLH_GCGCAGTAGGCTACGA_1,P4TLH,Periportal_LSECs,Endothelial,2.5198643,-4.6705656
P4TLH_AACTCTTCACCGTTGG_1,P4TLH,Central_venous_LSECs,Endothelial,-5.431875,6.099215
P4TLH_ATCTACTAGCAAATCA_1,P4TLH,Portal_endothelial_Cells,Endothelial,14.17343,10.961822
P4TLH_TCGAGGCTCAGGTAAA_1,P4TLH,Central_venous_LSECs,Endothelial,-14.874019,5.6212063
P4TLH_CAGTCCTCAAGGTTTC_1,P4TLH,Periportal_LSECs,Endothelial,6.8514614,-0.05220069
P4TLH_CAGAATCGTACACCGC_1,P4TLH,Portal_endothelial_Cells,Endothelial,-3.4459174,4.376841
P4TLH_ACGCCAGTCAACCATG_1,P4TLH,Central_venous_LSECs,Endothelial,-3.558393,7.9582047
P4TLH_CCTTACGCAGGCTCAC_1,P4TLH,Central_venous_LSECs,Endothelial,-10.017834,3.8274326
P4TLH_CCGGTAGCAGTAACGG_1,P4TLH,Portal_endothelial_Cells,Endothelial,7.9446597,3.432679
P4TLH_CATATGGGTCCCTACT_1,P4TLH,Central_venous_LSECs,Endothelial,-3.6181476,4.926425
P4TLH_CGGAGCTTCTATGTGG_1,P4TLH,Central_venous_LSECs,Endothelial,14.660919,22.210506
P4TLH_TACCTATGTACAAGTA_1,P4TLH,Portal_endothelial_Cells,Endothelial,2.200414,4.8626404
P4TLH_AACTCAGGTGGGTCAA_1,P4TLH,Periportal_LSECs,Endothelial,13.385381,-0.50486237
P4TLH_CCTCTGACAGCCTATA_1,P4TLH,Periportal_LSECs,Endothelial,1.8267639,-5.9864664
P4TLH_GGAACTTGTTTGTTGG_1,P4TLH,Periportal_LSECs,Endothelial,2.5191958,-5.643267
P4TLH_CATGCCTAGAGCTGCA_1,P4TLH,Periportal_LSECs,Endothelial,6.901817,-3.6674616
P4TLH_CATGCCTAGAGACTAT_1,P4TLH,Periportal_LSECs,Endothelial,8.131757,-2.1666684
P4TLH_GAAACTCAGCCAACAG_1,P4TLH,Periportal_LSECs,Endothelial,3.062563,-5.2493763
P4TLH_TGGTTCCCAAACGCGA_1,P4TLH,Central_venous_LSECs,Endothelial,4.4620633,9.425823
P4TLH_CCTTCCCCATCACGAT_1,P4TLH,Portal_endothelial_Cells,Endothelial,-1.5457615,1.6552045
P4TLH_CGACTTCCATTCTCAT_1,P4TLH,Periportal_LSECs,Endothelial,-1.6317189,-5.7477593
P4TLH_CGCTTCAAGGCTCTTA_1,P4TLH,Portal_endothelial_Cells,Endothelial,0.06588899,5.558379
P4TLH_ATCGAGTTCCAATGGT_1,P4TLH,Central_venous_LSECs,Endothelial,-5.8335013,6.6345987
P4TLH_ACAGCCGCAGGAATGC_1,P4TLH,Central_venous_LSECs,Endothelial,46.50335,31.276245
P4TLH_CTACACCCAGTTAACC_1,P4TLH,Periportal_LSECs,Endothelial,-2.16702,-4.674916
P4TLH_ACAGCCGAGTGGTCCC_1,P4TLH,Central_venous_LSECs,Endothelial,-3.0710378,3.9394462
P4TLH_AGCGTCGCACCGATAT_1,P4TLH,Portal_endothelial_Cells,Endothelial,4.1316667,-2.4849854
P4TLH_GTCATTTAGAGCTGCA_1,P4TLH,Periportal_LSECs,Endothelial,12.190898,1.0541016
P4TLH_AACTCTTCATTTGCCC_1,P4TLH,Periportal_LSECs,Endothelial,-12.514671,-3.393194
P4TLH_TCTATTGAGAAGATTC_1,P4TLH,Portal_endothelial_Cells,Endothelial,3.0211778,1.3258463
P4TLH_ATGCGATAGCTGCCCA_1,P4TLH,Portal_endothelial_Cells,Endothelial,-0.20574898,1.6239045
P4TLH_CTTTGCGGTATAATGG_1,P4TLH,Portal_endothelial_Cells,Endothelial,1.0339558,-5.4314947
P4TLH_TCCCGATGTCAGGACA_1,P4TLH,Portal_endothelial_Cells,Endothelial,5.7820005,4.738127
P4TLH_GCAAACTAGAAACCAT_1,P4TLH,Periportal_LSECs,Endothelial,4.431217,-3.9595501
P4TLH_CATCAAGGTAATTGGA_1,P4TLH,Central_venous_LSECs,Endothelial,-1.4070468,10.5097685
P4TLH_CTGATCCTCCAAGCCG_1,P4TLH,Periportal_LSECs,Endothelial,6.942343,-1.6953049
P4TLH_GCTGGGTTCGTTACAG_1,P4TLH,Central_venous_LSECs,Endothelial,-9.056297,4.313439
P4TLH_ACTGAACGTGTCGCTG_1,P4TLH,Periportal_LSECs,Endothelial,-0.72333807,-4.573664
P4TLH_AAAGCAATCACAATGC_1,P4TLH,Periportal_LSECs,Endothelial,14.327299,2.13165
P4TLH_CATTATCAGCGCCTCA_1,P4TLH,Periportal_LSECs,Endothelial,12.334254,3.7990775
P4TLH_CCTTCGAAGCAGCGTA_1,P4TLH,Periportal_LSECs,Endothelial,24.179878,7.7105675
P4TLH_TCCACACCACCTGGTG_1,P4TLH,Portal_endothelial_Cells,Endothelial,2.6684086,-0.030981941
P4TLH_TACTTGTAGAGACTAT_1,P4TLH,Periportal_LSECs,Endothelial,1.408143,-0.36363384
P4TLH_ACAGCCGCAAGAAGAG_1,P4TLH,Central_venous_LSECs,Endothelial,-7.1637244,6.9326286
P4TLH_CGATGGCTCAAACAAG_1,P4TLH,Portal_endothelial_Cells,Endothelial,0.92585784,5.7171636
P4TLH_TCTGAGACATACCATG_1,P4TLH,Periportal_LSECs,Endothelial,12.888282,-3.4876828
P4TLH_CATGACAAGAGGACGG_1,P4TLH,Portal_endothelial_Cells,Endothelial,-0.3297353,-1.0929027
P4TLH_AGGCCACAGACACGAC_1,P4TLH,Central_venous_LSECs,Endothelial,-6.9658446,2.6499813
P4TLH_GGAATAACACCTCGGA_1,P4TLH,Portal_endothelial_Cells,Endothelial,19.92423,7.185757
P4TLH_TAAACCGGTCTGCAAT_1,P4TLH,Portal_endothelial_Cells,Endothelial,11.230256,2.6440163
P4TLH_CACACTCAGGAATGGA_1,P4TLH,Central_venous_LSECs,Endothelial,-4.752312,3.8043747
P4TLH_GCATGCGTCAAGGTAA_1,P4TLH,Portal_endothelial_Cells,Endothelial,1.9960333,2.590872
P4TLH_ATTATCCTCTCTGAGA_1,P4TLH,Periportal_LSECs,Endothelial,-1.9232653,4.16687
P4TLH_GTGAAGGTCCACGCAG_1,P4TLH,Periportal_LSECs,Endothelial,10.154246,-0.06075893
P4TLH_TCAGCAACATTACCTT_1,P4TLH,Central_venous_LSECs,Endothelial,-9.73325,7.393695
P4TLH_ATAAGAGTCGTTGCCT_1,P4TLH,Periportal_LSECs,Endothelial,7.2367635,-0.63489693
P4TLH_CTAACTTAGAGTGACC_1,P4TLH,Portal_endothelial_Cells,Endothelial,-1.9132388,-0.76050574
P4TLH_CTTAGGACAGACAGGT_1,P4TLH,Periportal_LSECs,Endothelial,5.1692734,4.5189257
P4TLH_CACATTTAGACATAAC_1,P4TLH,Central_venous_LSECs,Endothelial,14.871988,16.31329
P4TLH_CAGCGACCACATGACT_1,P4TLH,Periportal_LSECs,Endothelial,8.581223,0.13365093
P4TLH_TAGACCATCATTATCC_1,P4TLH,Portal_endothelial_Cells,Endothelial,-0.79472065,-2.9876645
P4TLH_AAAGCAAAGTTCGCAT_1,P4TLH,Periportal_LSECs,Endothelial,3.1941555,-4.186023
P4TLH_GACACGCCAAGTTGTC_1,P4TLH,Periportal_LSECs,Endothelial,13.772091,1.0411055
P4TLH_AAGCCGCCAACTGCTA_1,P4TLH,Periportal_LSECs,Endothelial,22.546663,3.3353379
P4TLH_CCGTGGACAGGGATTG_1,P4TLH,Periportal_LSECs,Endothelial,-10.198799,-3.2428334
P4TLH_TCAACGACACATGTGT_1,P4TLH,Portal_endothelial_Cells,Endothelial,4.6208525,5.40515
P4TLH_GCTGCAGCAAACCTAC_1,P4TLH,Periportal_LSECs,Endothelial,4.6949306,-5.0729837
P4TLH_CATATGGGTCGTGGCT_1,P4TLH,Central_venous_LSECs,Endothelial,-7.063874,4.774973
P4TLH_AACACGTCAGCTGTTA_1,P4TLH,Central_venous_LSECs,Endothelial,-8.477868,3.9867666
P4TLH_CTCGTCAGTGATGTGG_1,P4TLH,Periportal_LSECs,Endothelial,1.0064449,-6.3750634
P4TLH_CCAGCGAGTTCAGACT_1,P4TLH,Central_venous_LSECs,Endothelial,-3.1616943,15.945061
P4TLH_GTTCTCGAGCGTTGCC_1,P4TLH,Central_venous_LSECs,Endothelial,-11.266432,7.8249617
P4TLH_AACTGGTAGCCACGCT_1,P4TLH,Periportal_LSECs,Endothelial,3.5890548,-5.8827777
P4TLH_ATCCACCCAAGTCTGT_1,P4TLH,Portal_endothelial_Cells,Endothelial,-0.49855483,-3.7546597
P4TLH_TGACGGCAGGAGTCTG_1,P4TLH,Periportal_LSECs,Endothelial,8.328352,-1.4993654
P4TLH_GGATTACCACGGACAA_1,P4TLH,Periportal_LSECs,Endothelial,-4.772246,-2.786423
P4TLH_AGGGTGACAAGCCGCT_1,P4TLH,Central_venous_LSECs,Endothelial,13.288445,13.547232
P4TLH_GCTTCCAAGCGGCTTC_1,P4TLH,Central_venous_LSECs,Endothelial,-7.7806783,1.5835484
P4TLH_GCGCAACAGAGCTTCT_1,P4TLH,Periportal_LSECs,Endothelial,6.645431,0.07400759
P4TLH_GAGCAGAAGAGACTAT_1,P4TLH,Periportal_LSECs,Endothelial,5.082441,-0.8832531
P4TLH_CTGCCTAGTTTGACAC_1,P4TLH,Portal_endothelial_Cells,Endothelial,13.600859,8.766175
P4TLH_TACGGATTCTGCGTAA_1,P4TLH,Central_venous_LSECs,Endothelial,-8.931278,5.2949204
P4TLH_GAATGAATCCTTGCCA_1,P4TLH,Periportal_LSECs,Endothelial,10.936089,-1.7428161
P4TLH_CGAGCACTCACTCCTG_1,P4TLH,Central_venous_LSECs,Endothelial,5.976413,14.904053
P4TLH_GTAACTGCATACGCCG_1,P4TLH,Central_venous_LSECs,Endothelial,-11.152148,5.038121
P4TLH_TCACGAATCAACACCA_1,P4TLH,Periportal_LSECs,Endothelial,15.019899,-2.3749537
P4TLH_TTCCCAGTCAACACCA_1,P4TLH,Central_venous_LSECs,Endothelial,-12.110512,7.315446
P4TLH_CGAATGTGTGTGGCTC_1,P4TLH,Periportal_LSECs,Endothelial,14.414778,-1.9637214
P4TLH_TTAACTCTCCGTACAA_1,P4TLH,Periportal_LSECs,Endothelial,4.050778,-5.680248
P4TLH_GTGGGTCTCGGTGTTA_1,P4TLH,Portal_endothelial_Cells,Endothelial,-2.356499,-2.2679799
P4TLH_CTGTTTAGTTACCAGT_1,P4TLH,Periportal_LSECs,Endothelial,11.130848,-3.7402806
P4TLH_TCTATTGCACTTAAGC_1,P4TLH,Central_venous_LSECs,Endothelial,-2.154603,5.4676704
P4TLH_CTTAGGATCCACGACG_1,P4TLH,Central_venous_LSECs,Endothelial,0.27366194,8.651167
P4TLH_TATGCCCCAAGGTTTC_1,P4TLH,Central_venous_LSECs,Endothelial,-4.0483894,1.6424217
P4TLH_CGGACACTCCTACAGA_1,P4TLH,Periportal_LSECs,Endothelial,4.0501533,-5.1257253
P4TLH_GACACGCAGTCGTTTG_1,P4TLH,Central_venous_LSECs,Endothelial,-5.085494,10.052587
P4TLH_CCCTCCTGTAGCGTAG_1,P4TLH,Periportal_LSECs,Endothelial,-1.1292894,-4.0190706
P4TLH_GCGCAGTTCATTTGGG_1,P4TLH,Periportal_LSECs,Endothelial,4.046389,-3.760719
P4TLH_AGATTGCCAGCCTTTC_1,P4TLH,Central_venous_LSECs,Endothelial,-10.50192,-2.8889892
P4TLH_TACTTACAGAGCTGGT_1,P4TLH,Periportal_LSECs,Endothelial,5.3895445,-3.2011456
P4TLH_CTGTGCTTCTCTGTCG_1,P4TLH,Periportal_LSECs,Endothelial,10.510569,0.6765319
P4TLH_TTGTAGGGTTGACGTT_1,P4TLH,Portal_endothelial_Cells,Endothelial,6.4830337,1.8304443
P4TLH_GGTATTGAGTTCGCGC_1,P4TLH,Portal_endothelial_Cells,Endothelial,15.970378,6.429223
P4TLH_GGCGTGTGTAGAAGGA_1,P4TLH,Periportal_LSECs,Endothelial,4.5616784,-3.9483182
P4TLH_TTTGCGCAGACTGGGT_1,P4TLH,Periportal_LSECs,Endothelial,7.2875566,-5.498224
P4TLH_TAGTGGTTCATTCACT_1,P4TLH,Periportal_LSECs,Endothelial,1.0056787,-4.6451545
P4TLH_TTAACTCAGAGCCTAG_1,P4TLH,Periportal_LSECs,Endothelial,3.499643,-2.7111478
P4TLH_GTAACGTCAATCCGAT_1,P4TLH,Periportal_LSECs,Endothelial,-10.259802,-2.7780366
P4TLH_TATCAGGTCTTGTATC_1,P4TLH,Portal_endothelial_Cells,Endothelial,-6.692902,-0.70349914
P4TLH_CCAGCGATCACAGGCC_1,P4TLH,Central_venous_LSECs,Endothelial,-3.430147,6.814983
P4TLH_GCATGATCAGTATCTG_1,P4TLH,Central_venous_LSECs,Endothelial,-6.868252,6.4940233
P4TLH_CTCTACGGTTCCCGAG_1,P4TLH,Central_venous_LSECs,Endothelial,-4.510321,1.5192331
P4TLH_TAGGCATTCAGCATGT_1,P4TLH,Periportal_LSECs,Endothelial,4.39984,-5.7551246
P4TLH_TAGACCATCCTTCAAT_1,P4TLH,Central_venous_LSECs,Endothelial,-13.0993595,-0.3120685
P4TLH_CTCCTAGAGGACGAAA_1,P4TLH,Central_venous_LSECs,Endothelial,0.23739919,6.4463887
P4TLH_CCAGCGAGTTCGGCAC_1,P4TLH,Portal_endothelial_Cells,Endothelial,14.273749,6.2834377
P4TLH_CTGAAGTGTAGGCATG_1,P4TLH,Central_venous_LSECs,Endothelial,-14.798616,2.3782623
P4TLH_TACACGAAGGCGACAT_1,P4TLH,Periportal_LSECs,Endothelial,-0.1759731,-4.352473
P4TLH_TCGGGACCAAACAACA_1,P4TLH,Portal_endothelial_Cells,Endothelial,-5.0826716,-1.8933846
P4TLH_TCGGTAATCAGTTGAC_1,P4TLH,Central_venous_LSECs,Endothelial,3.666933,15.320659
P4TLH_ATTATCCTCCTGCAGG_1,P4TLH,Periportal_LSECs,Endothelial,-20.242987,-1.6721251
P4TLH_GAATAAGTCGGTGTTA_1,P4TLH,Periportal_LSECs,Endothelial,10.823107,-2.858014
P4TLH_GTCCTCACATGTTGAC_1,P4TLH,Central_venous_LSECs,Endothelial,-3.5026224,7.769849
P4TLH_GCAGTTAAGCCACTAT_1,P4TLH,Portal_endothelial_Cells,Endothelial,-0.3224726,0.92122054
P4TLH_CCATTCGTCGTTTGCC_1,P4TLH,Periportal_LSECs,Endothelial,-5.27411,1.529073
P4TLH_ACATACGAGATGCGAC_1,P4TLH,Portal_endothelial_Cells,Endothelial,12.985298,5.956517
P4TLH_CTAGTGAGTTAAAGAC_1,P4TLH,Periportal_LSECs,Endothelial,2.4248257,3.0042953
P4TLH_CTACCCAGTCAAAGCG_1,P4TLH,Central_venous_LSECs,Endothelial,-4.579451,6.407256
P4TLH_GACCTGGTCGAACGGA_1,P4TLH,Periportal_LSECs,Endothelial,8.113181,-3.0281494
P4TLH_CGGAGCTTCCGCAGTG_1,P4TLH,Central_venous_LSECs,Endothelial,-12.338684,2.6411865
P4TLH_GACTAACGTGTAAGTA_1,P4TLH,Central_venous_LSECs,Endothelial,-12.188777,4.2907
P4TLH_AAACGGGAGCGTTTAC_1,P4TLH,Periportal_LSECs,Endothelial,17.50764,1.5007747
P4TLH_GGTATTGCAATGGAGC_1,P4TLH,Central_venous_LSECs,Endothelial,-15.051573,-1.2712809
P4TLH_TGCGTGGTCTCGCTTG_1,P4TLH,Periportal_LSECs,Endothelial,3.1439764,-4.805769
P4TLH_GCTTCCATCTCGATGA_1,P4TLH,Periportal_LSECs,Endothelial,1.5489582,-2.134533
P4TLH_CCTACACTCATGTAGC_1,P4TLH,Periportal_LSECs,Endothelial,2.41806,-4.688752
P4TLH_TGCCAAATCGGATGGA_1,P4TLH,Central_venous_LSECs,Endothelial,-5.796977,10.005795
P4TLH_GGGTCTGCAAGTCTAC_1,P4TLH,Portal_endothelial_Cells,Endothelial,2.5111403,-3.3010972
P4TLH_AGTCTTTAGAATAGGG_1,P4TLH,Portal_endothelial_Cells,Endothelial,-6.5221786,-0.41745585
P4TLH_GCAATCATCATGTCTT_1,P4TLH,Periportal_LSECs,Endothelial,2.9145908,-4.3186007
P4TLH_TCTCTAAGTCCGAGTC_1,P4TLH,Portal_endothelial_Cells,Endothelial,1.0507648,0.3269798
P4TLH_TCTCATATCGCCTGTT_1,P4TLH,Periportal_LSECs,Endothelial,3.517098,-2.2510357
P5TLH_GCATACATCGAACGGA_1,P5TLH,Portal_endothelial_Cells,Endothelial,4.556722,1.9747133
P5TLH_GCTTGAAGTCAAAGAT_1,P5TLH,Periportal_LSECs,Endothelial,8.127651,-4.420558
P5TLH_ACATACGTCCCTAATT_1,P5TLH,Periportal_LSECs,Endothelial,1.6473119,-5.992838
P5TLH_CCTACCATCTTCGGTC_1,P5TLH,Portal_endothelial_Cells,Endothelial,-9.400477,-5.624265
P5TLH_TACTTGTAGGACTGGT_1,P5TLH,Portal_endothelial_Cells,Endothelial,1.0650811,-4.8245225
P5TLH_TCAACGAAGTAGTGCG_1,P5TLH,Periportal_LSECs,Endothelial,10.80407,-4.057112
P5TLH_GATCAGTCACTGTGTA_1,P5TLH,Portal_endothelial_Cells,Endothelial,-2.7886932,-1.3285929
P5TLH_GCTTGAATCTCAAACG_1,P5TLH,Portal_endothelial_Cells,Endothelial,5.9311175,-2.6718037
P5TLH_CGACCTTCACAGAGGT_1,P5TLH,Periportal_LSECs,Endothelial,0.9632008,-3.2822657
P5TLH_TGACTTTCATGTAGTC_1,P5TLH,Periportal_LSECs,Endothelial,-0.61385804,-5.801362
P5TLH_GCACTCTGTCCGAATT_1,P5TLH,Central_venous_LSECs,Endothelial,8.00428,7.8787637
P5TLH_AGCATACAGAATTGTG_1,P5TLH,Periportal_LSECs,Endothelial,-0.11697161,1.5351955
P5TLH_AGGGTGAAGGAGTTTA_1,P5TLH,Portal_endothelial_Cells,Endothelial,-1.8449678,-2.9919307
P5TLH_GACACGCCAAAGTCAA_1,P5TLH,Portal_endothelial_Cells,Endothelial,-3.5452483,-6.549147
P5TLH_CTAGAGTGTGAGCGAT_1,P5TLH,Periportal_LSECs,Endothelial,10.532888,-1.2395941
P5TLH_CATCAAGAGCGTAATA_1,P5TLH,Periportal_LSECs,Endothelial,-0.8708307,-2.3962238
P5TLH_CTGATCCCAAGCTGTT_1,P5TLH,Periportal_LSECs,Endothelial,6.4156947,-6.1022153
P5TLH_TCTGAGATCCTGTAGA_1,P5TLH,Central_venous_LSECs,Endothelial,-9.807253,-3.4755945
P5TLH_ACACTGAGTCGCATAT_1,P5TLH,Portal_endothelial_Cells,Endothelial,0.05473706,-2.9485574
P5TLH_CGGTTAAGTTCAGCGC_1,P5TLH,Periportal_LSECs,Endothelial,5.3194194,-3.1323583
P5TLH_CTTAGGATCGCACTCT_1,P5TLH,Portal_endothelial_Cells,Endothelial,-1.0855311,-5.5287213
P5TLH_ACGGGCTGTGTCCTCT_1,P5TLH,Central_venous_LSECs,Endothelial,-5.7279806,3.1683745
P5TLH_ATCATGGTCACATGCA_1,P5TLH,Periportal_LSECs,Endothelial,1.8953452,-2.4150631
P5TLH_TCGAGGCAGAGCTGCA_1,P5TLH,Portal_endothelial_Cells,Endothelial,-0.32177278,-2.122726
P5TLH_GGCTCGAAGTGTGAAT_1,P5TLH,Periportal_LSECs,Endothelial,4.389894,-2.5510573
P5TLH_TGCCCTAAGTTACCCA_1,P5TLH,Periportal_LSECs,Endothelial,0.6658624,-6.5466805
P5TLH_ACCGTAATCATAGCAC_1,P5TLH,Central_venous_LSECs,Endothelial,-11.25264,1.8430734
P5TLH_ACGATACGTGATAAAC_1,P5TLH,Periportal_LSECs,Endothelial,1.3327012,-6.6510324
P5TLH_TCTCATAAGGCAATTA_1,P5TLH,Periportal_LSECs,Endothelial,-0.18643723,-3.5547898
P5TLH_CTGATCCGTACTTCTT_1,P5TLH,Periportal_LSECs,Endothelial,7.6193633,-4.707224
P5TLH_CCTCTGAGTTGGAGGT_1,P5TLH,Periportal_LSECs,Endothelial,5.2583804,-8.354128
P5TLH_GGATGTTCATCGATGT_1,P5TLH,Portal_endothelial_Cells,Endothelial,0.94702333,-4.9970164
P5TLH_GGGCATCAGCTGCAAG_1,P5TLH,Portal_endothelial_Cells,Endothelial,4.567334,-4.8415875
P5TLH_CTACCCATCCTGCCAT_1,P5TLH,Portal_endothelial_Cells,Endothelial,-0.5497531,-2.3013515
P5TLH_AGCATACAGCTGCAAG_1,P5TLH,Periportal_LSECs,Endothelial,5.708647,1.1597112
P5TLH_AATCGGTTCATCATTC_1,P5TLH,Periportal_LSECs,Endothelial,3.995662,-6.822786
P5TLH_AGCGGTCTCCTTTACA_1,P5TLH,Periportal_LSECs,Endothelial,12.297365,-2.2320735
P5TLH_CGGAGCTCAACTGCTA_1,P5TLH,Periportal_LSECs,Endothelial,-1.0927899,-4.127122
P5TLH_CGACTTCAGATGTTAG_1,P5TLH,Periportal_LSECs,Endothelial,4.7838016,-5.6867337
P5TLH_CAAGTTGCATCAGTAC_1,P5TLH,Central_venous_LSECs,Endothelial,-3.9344168,10.486001
P5TLH_GACGCGTGTTGGACCC_1,P5TLH,Central_venous_LSECs,Endothelial,-5.3993945,3.1310782
P5TLH_TATGCCCAGTCAATAG_1,P5TLH,Central_venous_LSECs,Endothelial,0.4680294,0.98667634
P5TLH_TGCTACCGTAGGCTGA_1,P5TLH,Periportal_LSECs,Endothelial,4.8419976,-7.5597715
P5TLH_CAGCAGCTCCATTCTA_1,P5TLH,Portal_endothelial_Cells,Endothelial,20.620584,9.604563
P5TLH_TCTTTCCCATTCACTT_1,P5TLH,Periportal_LSECs,Endothelial,5.2564692,-2.9134579
P5TLH_AAGCCGCAGAATGTGT_1,P5TLH,Periportal_LSECs,Endothelial,-2.9769256,-2.8427434
P5TLH_GATCGTAGTCCGCTGA_1,P5TLH,Portal_endothelial_Cells,Endothelial,6.7687616,2.5861995
P5TLH_CGGGTCACACAACTGT_1,P5TLH,Portal_endothelial_Cells,Endothelial,-2.033723,-3.1694095
P5TLH_CTAGAGTCAGATCTGT_1,P5TLH,Periportal_LSECs,Endothelial,4.92342,-1.0024768
P5TLH_CTGCCTAAGGACTGGT_1,P5TLH,Central_venous_LSECs,Endothelial,-6.1321526,0.2031831
P5TLH_TGTGGTACAATGGAGC_1,P5TLH,Portal_endothelial_Cells,Endothelial,-3.1273963,-5.9125285
P5TLH_ATCTACTTCTGCGTAA_1,P5TLH,Portal_endothelial_Cells,Endothelial,0.19921812,-0.6445019
P5TLH_GCAATCAAGTGTGAAT_1,P5TLH,Portal_endothelial_Cells,Endothelial,3.8910778,-2.3365598
P5TLH_CAGCCGACATCTACGA_1,P5TLH,Periportal_LSECs,Endothelial,-3.133933,-5.2507844
P5TLH_GAACCTAAGACTGGGT_1,P5TLH,Periportal_LSECs,Endothelial,2.304918,-6.0051804
P5TLH_AAGACCTCATCTACGA_1,P5TLH,Periportal_LSECs,Endothelial,6.855388,-4.425422
P5TLH_TTTACTGAGCTGCCCA_1,P5TLH,Periportal_LSECs,Endothelial,-1.1704776,-3.0348072
P5TLH_AAAGCAAGTGTCAATC_1,P5TLH,Periportal_LSECs,Endothelial,4.8623743,1.1539183
P5TLH_AGTAGTCTCTGAAAGA_1,P5TLH,Periportal_LSECs,Endothelial,3.1366045,-6.791716
P5TLH_CTTGGCTTCCTCGCAT_1,P5TLH,Central_venous_LSECs,Endothelial,5.0822434,7.6292295
P5TLH_TCGTACCAGAGGTACC_1,P5TLH,Portal_endothelial_Cells,Endothelial,1.8431932,-1.9814931
P5TLH_TGCCCATCACGCCAGT_1,P5TLH,Periportal_LSECs,Endothelial,0.6822087,3.0785055
P5TLH_GAGGTGATCGTTGACA_1,P5TLH,Periportal_LSECs,Endothelial,-11.548981,-7.017793
P5TLH_ACACCCTCAAGAAGAG_1,P5TLH,Periportal_LSECs,Endothelial,7.6146235,-0.47252932
P5TLH_TACGGTAAGCCAGAAC_1,P5TLH,Periportal_LSECs,Endothelial,3.591585,-3.618001
P5TLH_CCACCTATCTTCAACT_1,P5TLH,Periportal_LSECs,Endothelial,-7.390657,-5.9367437
P5TLH_CTCGAGGAGTCGCCGT_1,P5TLH,Central_venous_LSECs,Endothelial,-5.65165,6.6330805
P5TLH_GGACGTCGTACCGAGA_1,P5TLH,Periportal_LSECs,Endothelial,2.730353,-4.6566796
P5TLH_AGCGGTCGTGTGAATA_1,P5TLH,Periportal_LSECs,Endothelial,4.465161,-5.2571044
P5TLH_CGCGGTAAGAAACGCC_1,P5TLH,Periportal_LSECs,Endothelial,-1.5104527,-3.5490372
P5TLH_AATCCAGGTTAAGTAG_1,P5TLH,Periportal_LSECs,Endothelial,-1.6239529,-4.7345486
P5TLH_GTTCTCGTCACAACGT_1,P5TLH,Periportal_LSECs,Endothelial,5.5225406,-8.026611
P5TLH_CCGGTAGGTCTGATCA_1,P5TLH,Periportal_LSECs,Endothelial,2.0889585,1.7563679
P5TLH_TCGCGTTGTCTGATTG_1,P5TLH,Portal_endothelial_Cells,Endothelial,0.25393695,-2.7874742
P5TLH_CGCTGGAAGCTCTCGG_1,P5TLH,Periportal_LSECs,Endothelial,0.9733477,-6.936753
P5TLH_CCAGCGACATAGAAAC_1,P5TLH,Periportal_LSECs,Endothelial,-1.1041981,-2.6063523
P5TLH_CTCGTCACATTATCTC_1,P5TLH,Portal_endothelial_Cells,Endothelial,9.74321,1.66533
P5TLH_AGACGTTCAGACGCAA_1,P5TLH,Portal_endothelial_Cells,Endothelial,-1.8614632,-1.0737965
P5TLH_TGACGGCAGTACGTTC_1,P5TLH,Periportal_LSECs,Endothelial,8.792854,-2.4029424
P5TLH_GCAGTTATCAGTCAGT_1,P5TLH,Portal_endothelial_Cells,Endothelial,11.184921,6.0601683
P5TLH_CGTGAGCGTATAGGTA_1,P5TLH,Central_venous_LSECs,Endothelial,-11.966169,4.1281404
P5TLH_CGTGTAACAGCTGTAT_1,P5TLH,Portal_endothelial_Cells,Endothelial,2.861166,-4.2937956
P5TLH_AGACGTTTCTTGCATT_1,P5TLH,Periportal_LSECs,Endothelial,3.482487,-4.302935
P5TLH_GGCTCGACATCGATGT_1,P5TLH,Portal_endothelial_Cells,Endothelial,-1.7338501,-4.672087
P5TLH_AGGTCCGAGCAGCCTC_1,P5TLH,Portal_endothelial_Cells,Endothelial,-1.9750766,-6.309927
P5TLH_TATTACCGTACTCTCC_1,P5TLH,Portal_endothelial_Cells,Endothelial,-0.07337112,-5.263942
P5TLH_CACAAACAGCCAGTAG_1,P5TLH,Periportal_LSECs,Endothelial,3.1520252,-7.3858376
P5TLH_CATGGCGGTAGTAGTA_1,P5TLH,Periportal_LSECs,Endothelial,10.98363,-1.3672961
P5TLH_CGCGGTATCTAACCGA_1,P5TLH,Portal_endothelial_Cells,Endothelial,0.43510062,-0.27713925
P5TLH_CATCCACAGAGTCTGG_1,P5TLH,Portal_endothelial_Cells,Endothelial,-4.114376,-2.6102076
P5TLH_AGAATAGCAAGTAGTA_1,P5TLH,Periportal_LSECs,Endothelial,5.7398996,-4.031101
P5TLH_ATCGAGTGTAAGAGGA_1,P5TLH,Portal_endothelial_Cells,Endothelial,-0.90792125,-3.800981
P5TLH_GCGCAGTGTTTGGCGC_1,P5TLH,Central_venous_LSECs,Endothelial,-0.6014585,7.2251534
P5TLH_CTCGAGGAGAAGGTGA_1,P5TLH,Portal_endothelial_Cells,Endothelial,-2.2212136,-2.766715
P5TLH_CAAGTTGGTGCCTGTG_1,P5TLH,Periportal_LSECs,Endothelial,1.7047572,-5.4720945
P5TLH_ACGGCCACAGGATCGA_1,P5TLH,Portal_endothelial_Cells,Endothelial,-1.4532927,-5.735277
P5TLH_CAGAGAGCAGGAACGT_1,P5TLH,Periportal_LSECs,Endothelial,8.195813,-0.73466855
P5TLH_GCATACATCTGGCGAC_1,P5TLH,Periportal_LSECs,Endothelial,2.8130147,-3.5637338
P5TLH_AACTTTCTCTTATCTG_1,P5TLH,Periportal_LSECs,Endothelial,-0.7955109,-6.19615
P5TLH_CTTCTCTGTTTCGCTC_1,P5TLH,Periportal_LSECs,Endothelial,-1.5821286,-2.609823
P5TLH_GGACGTCTCTTGTACT_1,P5TLH,Periportal_LSECs,Endothelial,-4.8520923,-4.917085
P5TLH_TGCGCAGGTAAATGTG_1,P5TLH,Portal_endothelial_Cells,Endothelial,8.544994,-0.20471293
P5TLH_GCAGTTAGTAGGGACT_1,P5TLH,Portal_endothelial_Cells,Endothelial,0.20879912,-4.2261004
P5TLH_AGAGCTTTCATCACCC_1,P5TLH,Periportal_LSECs,Endothelial,-2.305721,-5.104719
P5TLH_ATAGACCCAATGGTCT_1,P5TLH,Portal_endothelial_Cells,Endothelial,-0.6448704,-1.6896893
P5TLH_CCATGTCTCGGTTCGG_1,P5TLH,Portal_endothelial_Cells,Endothelial,4.1443286,-4.866519
P5TLH_AAGACCTTCGAGCCCA_1,P5TLH,Portal_endothelial_Cells,Endothelial,2.9560258,-3.311406
P5TLH_GCGCGATAGGCTCTTA_1,P5TLH,Periportal_LSECs,Endothelial,2.714925,-5.4675436
P5TLH_CCACGGATCTGTACGA_1,P5TLH,Periportal_LSECs,Endothelial,9.405877,1.6987273
P5TLH_GACGTGCAGTGGCACA_1,P5TLH,Periportal_LSECs,Endothelial,6.1223755,-4.2825885
P5TLH_TGGCCAGTCAGGATCT_1,P5TLH,Periportal_LSECs,Endothelial,1.3496907,0.051692873
P5TLH_CCTTTCTTCGTTACGA_1,P5TLH,Central_venous_LSECs,Endothelial,-0.2615739,1.2743227
P5TLH_CAACCAACACTGTTAG_1,P5TLH,Periportal_LSECs,Endothelial,-1.9474881,-3.83926
P5TLH_ATCATGGAGGCATGTG_1,P5TLH,Periportal_LSECs,Endothelial,11.006284,-2.8442667
P5TLH_CTTACCGTCAGTGCAT_1,P5TLH,Periportal_LSECs,Endothelial,1.688429,-3.5757005
P5TLH_CTAGCCTTCGCCCTTA_1,P5TLH,Periportal_LSECs,Endothelial,-0.47037062,-4.885852
P5TLH_CCACCTAAGCTAAACA_1,P5TLH,Periportal_LSECs,Endothelial,2.527052,-6.1616597
P5TLH_GATTCAGAGAGCTGGT_1,P5TLH,Central_venous_LSECs,Endothelial,2.3215358,7.3183303
P5TLH_GTCTCGTCAGTATAAG_1,P5TLH,Periportal_LSECs,Endothelial,3.396992,-3.0902498
P5TLH_ACATCAGTCAGTTAGC_1,P5TLH,Portal_endothelial_Cells,Endothelial,-6.9701524,-7.382054
P5TLH_GGAGCAATCGAATGCT_1,P5TLH,Periportal_LSECs,Endothelial,5.911274,-3.7645261
P5TLH_CAAGGCCCATGATCCA_1,P5TLH,Periportal_LSECs,Endothelial,-3.344111,-5.1052003
P5TLH_TACTCATCATTCACTT_1,P5TLH,Periportal_LSECs,Endothelial,5.8841176,-5.610711
P5TLH_GTCGTAAAGTGCGATG_1,P5TLH,Central_venous_LSECs,Endothelial,-11.690216,2.6910617
P5TLH_ACAGCTAGTTACCAGT_1,P5TLH,Periportal_LSECs,Endothelial,7.3405776,0.42769766
P5TLH_TACCTATCAAGTAGTA_1,P5TLH,Periportal_LSECs,Endothelial,2.2311926,-3.6258616
P5TLH_CAGTCCTGTCGACTAT_1,P5TLH,Periportal_LSECs,Endothelial,8.185539,-4.1127186
P5TLH_GGAAAGCTCGCGTTTC_1,P5TLH,Periportal_LSECs,Endothelial,6.1072493,-4.0607743
P5TLH_CACATAGCAAGTTAAG_1,P5TLH,Portal_endothelial_Cells,Endothelial,-2.1459832,-2.537715
P5TLH_GCAGTTATCGAGGTAG_1,P5TLH,Portal_endothelial_Cells,Endothelial,4.4834757,-1.6137087
P5TLH_CTCGAAACAAGACGTG_1,P5TLH,Periportal_LSECs,Endothelial,2.7655091,-2.102037
P5TLH_GACTGCGCAGATCCAT_1,P5TLH,Periportal_LSECs,Endothelial,5.4058843,-2.7845924
P5TLH_GGGCACTGTCGATTGT_1,P5TLH,Periportal_LSECs,Endothelial,2.7888587,-3.5596583
P5TLH_ATAACGCCATGCAACT_1,P5TLH,Periportal_LSECs,Endothelial,2.599761,-6.483898
P5TLH_TACTTACTCTTCGAGA_1,P5TLH,Periportal_LSECs,Endothelial,6.2501373,-6.9506545
P5TLH_TTCGGTCCAGTACACT_1,P5TLH,Portal_endothelial_Cells,Endothelial,4.562623,2.8540652
P5TLH_TCACAAGCAATGGACG_1,P5TLH,Periportal_LSECs,Endothelial,4.8312354,-1.7238265
P5TLH_AACCGCGTCCAAACAC_1,P5TLH,Periportal_LSECs,Endothelial,2.1244235,-6.868531
P5TLH_CGTCCATGTATCAGTC_1,P5TLH,Portal_endothelial_Cells,Endothelial,-1.6080942,-2.0482056
P5TLH_TTGGCAAAGAGGTTAT_1,P5TLH,Portal_endothelial_Cells,Endothelial,-2.204805,-6.3942614
P5TLH_CAGTAACCAATAGCAA_1,P5TLH,Portal_endothelial_Cells,Endothelial,-1.5939176,-4.7709007
P5TLH_TACCTATTCCTGCCAT_1,P5TLH,Portal_endothelial_Cells,Endothelial,-8.258161,-3.2104993
P5TLH_GTGCTTCGTCTCCCTA_1,P5TLH,Periportal_LSECs,Endothelial,-3.5848038,-5.7746615
P5TLH_CGAATGTAGAGGTAGA_1,P5TLH,Periportal_LSECs,Endothelial,3.337312,-1.9623463
P5TLH_ATTATCCTCTTGTACT_1,P5TLH,Periportal_LSECs,Endothelial,1.9353454,-5.8352566
P5TLH_TGTCCCACATGCTGGC_1,P5TLH,Periportal_LSECs,Endothelial,1.0074868,-3.3478942
P5TLH_GTCGGGTCAGACGCCT_1,P5TLH,Portal_endothelial_Cells,Endothelial,0.23416445,-2.256783
P5TLH_CTCGGGACACCAGTTA_1,P5TLH,Periportal_LSECs,Endothelial,4.663739,-1.780585
P5TLH_GCATGATGTCAGAGGT_1,P5TLH,Periportal_LSECs,Endothelial,-0.5938302,-4.048357
P5TLH_CAGGTGCGTCGGCACT_1,P5TLH,Periportal_LSECs,Endothelial,9.308464,-3.7102432
P5TLH_CGCCAAGGTCGGCTCA_1,P5TLH,Central_venous_LSECs,Endothelial,0.04935887,2.6259637
P5TLH_GTTCATTAGGGAAACA_1,P5TLH,Portal_endothelial_Cells,Endothelial,-3.3881621,-5.3503423
P5TLH_GGTGCGTAGTTGCAGG_1,P5TLH,Periportal_LSECs,Endothelial,3.1738856,-3.2332268
P5TLH_GTTCTCGAGTCGTACT_1,P5TLH,Central_venous_LSECs,Endothelial,-6.0443707,5.328139
P5TLH_AGGCCACCAGAGCCAA_1,P5TLH,Periportal_LSECs,Endothelial,-6.8449965,-6.9479275
P5TLH_TTGTAGGAGCCGTCGT_1,P5TLH,Periportal_LSECs,Endothelial,7.034668,-1.3137127
P5TLH_TACCTTATCTGTTGAG_1,P5TLH,Periportal_LSECs,Endothelial,1.5999908,-5.173309
P5TLH_CTTACCGGTCCCTTGT_1,P5TLH,Portal_endothelial_Cells,Endothelial,1.5823727,1.179274
P5TLH_GGCGACTGTAGGAGTC_1,P5TLH,Periportal_LSECs,Endothelial,0.34160194,-5.667148
P5TLH_AAGGTTCGTTTGTTGG_1,P5TLH,Periportal_LSECs,Endothelial,-2.414086,-1.3336413
P5TLH_CAACTAGCAGATCGGA_1,P5TLH,Portal_endothelial_Cells,Endothelial,-3.186698,-4.1211276
P5TLH_CCTACACCATGGTTGT_1,P5TLH,Portal_endothelial_Cells,Endothelial,2.0296562,2.9042354
P5TLH_GGGATGATCTTTACGT_1,P5TLH,Central_venous_LSECs,Endothelial,-0.72761726,2.4187763
P5TLH_CCCATACCATGTTCCC_1,P5TLH,Central_venous_LSECs,Endothelial,-7.9890537,1.8472319
P5TLH_GGACGTCTCGCACTCT_1,P5TLH,Periportal_LSECs,Endothelial,-1.1439189,-3.408961
P5TLH_AACGTTGAGCGTTCCG_1,P5TLH,Periportal_LSECs,Endothelial,2.4463916,-3.5702088
P5TLH_TAGCCGGGTTCGTGAT_1,P5TLH,Periportal_LSECs,Endothelial,-9.132237,-3.8048139
P5TLH_GAATGAAGTCCGAAGA_1,P5TLH,Portal_endothelial_Cells,Endothelial,-3.5535643,-3.9614637
P5TLH_ACTGATGTCCACTCCA_1,P5TLH,Periportal_LSECs,Endothelial,2.6785083,-4.1468477
P5TLH_GTCGGGTCATACGCTA_1,P5TLH,Portal_endothelial_Cells,Endothelial,6.8309245,2.7419302
P5TLH_GTGTTAGTCTCGTATT_1,P5TLH,Periportal_LSECs,Endothelial,2.6924407,-3.1607242
P5TLH_ACGAGGAAGAAGGGTA_1,P5TLH,Periportal_LSECs,Endothelial,14.384541,-3.41639
P5TLH_CTCCTAGAGCGCCTCA_1,P5TLH,Portal_endothelial_Cells,Endothelial,8.269711,-2.0493002
P5TLH_GTCTTCGGTATAGGTA_1,P5TLH,Periportal_LSECs,Endothelial,4.1383224,-2.3785903
P5TLH_CTAAGACCATTAGGCT_1,P5TLH,Periportal_LSECs,Endothelial,4.087559,-5.2049494
P5TLH_CATTCGCGTAGGGACT_1,P5TLH,Central_venous_LSECs,Endothelial,3.3140144,1.7225506
P5TLH_TAAGTGCTCACAGTAC_1,P5TLH,Portal_endothelial_Cells,Endothelial,-3.51784,3.0997212
P5TLH_CACTCCACAATAACGA_1,P5TLH,Periportal_LSECs,Endothelial,0.74745715,-4.9587364
P5TLH_CGGACTGTCAGTACGT_1,P5TLH,Periportal_LSECs,Endothelial,3.842634,-3.3892305
P5TLH_GACGGCTGTGAACCTT_1,P5TLH,Periportal_LSECs,Endothelial,-0.5327738,-4.9311166
P5TLH_CTCGTCAAGTTAACGA_1,P5TLH,Periportal_LSECs,Endothelial,-1.0590081,-2.99105
P5TLH_CACAGTAAGCGGCTTC_1,P5TLH,Central_venous_LSECs,Endothelial,-4.500304,6.079545
P5TLH_TTAGTTCCAGCCTATA_1,P5TLH,Periportal_LSECs,Endothelial,8.88084,-5.3062954
P5TLH_CAGCATAGTAGAGGAA_1,P5TLH,Periportal_LSECs,Endothelial,-20.718908,-6.4494414
P5TLH_TCTTTCCTCCTTTCTC_1,P5TLH,Portal_endothelial_Cells,Endothelial,-2.409211,-3.0881853
P5TLH_CCACTACAGATGGGTC_1,P5TLH,Periportal_LSECs,Endothelial,5.476979,-5.9186697
P5TLH_GTTCGGGTCCGCTGTT_1,P5TLH,Periportal_LSECs,Endothelial,-0.9127136,-4.0606685
P5TLH_CTCGGGATCTATCCCG_1,P5TLH,Portal_endothelial_Cells,Endothelial,-0.16674905,-0.31070888
P5TLH_CCGGTAGGTCATATGC_1,P5TLH,Periportal_LSECs,Endothelial,0.60047305,-7.3886914
P5TLH_GGGCACTTCCAACCAA_1,P5TLH,Periportal_LSECs,Endothelial,-3.2259393,-3.5968506
P5TLH_TGGTTAGAGAGTACAT_1,P5TLH,Periportal_LSECs,Endothelial,1.2320927,-3.9335427
P5TLH_TCGCGTTGTGGTCTCG_1,P5TLH,Portal_endothelial_Cells,Endothelial,2.3992682,0.97980064
P5TLH_TACGGGCTCTTAACCT_1,P5TLH,Portal_endothelial_Cells,Endothelial,-3.8289676,-3.6965044
P5TLH_TGTCCCACAAACTGCT_1,P5TLH,Portal_endothelial_Cells,Endothelial,1.8161882,-3.762288
P5TLH_CGTCTACGTTAAGAAC_1,P5TLH,Periportal_LSECs,Endothelial,2.3210096,-4.1295733
P5TLH_ATGGGAGGTCGTCTTC_1,P5TLH,Periportal_LSECs,Endothelial,-9.693049,-8.092938
P5TLH_CCTTTCTCAAAGGCGT_1,P5TLH,Central_venous_LSECs,Endothelial,-11.240871,0.1589059
P5TLH_TAAGTGCCAGAGCCAA_1,P5TLH,Portal_endothelial_Cells,Endothelial,1.8628722,2.7195475
P5TLH_CAGTCCTGTACTTCTT_1,P5TLH,Periportal_LSECs,Endothelial,4.540721,-0.7684666
P5TLH_ATGGGAGGTACGACCC_1,P5TLH,Periportal_LSECs,Endothelial,3.3270123,-5.882065
P5TLH_CTCTGGTTCCCTGACT_1,P5TLH,Portal_endothelial_Cells,Endothelial,0.7879979,-0.69112456
P5TLH_CATGGCGCAGGGTATG_1,P5TLH,Portal_endothelial_Cells,Endothelial,42.91831,35.583378
P5TLH_CTCACACAGAACTCGG_1,P5TLH,Periportal_LSECs,Endothelial,4.7191057,-2.9945378
P5TLH_TCTGGAAGTTCTCATT_1,P5TLH,Portal_endothelial_Cells,Endothelial,3.9704869,-3.4872403
P5TLH_TCTTCGGCAGTTCATG_1,P5TLH,Periportal_LSECs,Endothelial,9.374983,2.4141297
P5TLH_GGACAAGTCGGTTCGG_1,P5TLH,Periportal_LSECs,Endothelial,2.8290157,-4.304938
P5TLH_AGAGCGACATGCAATC_1,P5TLH,Portal_endothelial_Cells,Endothelial,0.5246738,-4.0247917
P5TLH_GGGAGATCACAGTCGC_1,P5TLH,Periportal_LSECs,Endothelial,0.20871487,-4.124991
P5TLH_CCCAATCCACGTCAGC_1,P5TLH,Central_venous_LSECs,Endothelial,-11.185648,5.545661
P5TLH_CGTGTAACATGCCCGA_1,P5TLH,Periportal_LSECs,Endothelial,-2.897365,-4.2233534
P5TLH_TTTGTCAGTTTAGGAA_1,P5TLH,Periportal_LSECs,Endothelial,4.670737,-3.971614
P5TLH_TGCTACCAGAAACGAG_1,P5TLH,Periportal_LSECs,Endothelial,13.211379,3.028723
P5TLH_CCTTCGAAGGGTCTCC_1,P5TLH,Portal_endothelial_Cells,Endothelial,2.240238,-3.1077003
P5TLH_GGGTTGCCACGTAAGG_1,P5TLH,Periportal_LSECs,Endothelial,0.27976865,-1.5112978
P5TLH_GTTTCTAGTTCCATGA_1,P5TLH,Portal_endothelial_Cells,Endothelial,-1.0201629,-6.9277453
P5TLH_ATGTGTGAGAAGAAGC_1,P5TLH,Portal_endothelial_Cells,Endothelial,5.4736776,-2.53441
P5TLH_ACACTGAGTATTCTCT_1,P5TLH,Portal_endothelial_Cells,Endothelial,2.4378963,-4.094086
P5TLH_CAGTAACTCGCTGATA_1,P5TLH,Central_venous_LSECs,Endothelial,-7.380182,4.27761
P5TLH_CAGTAACGTCAGAAGC_1,P5TLH,Portal_endothelial_Cells,Endothelial,12.635111,6.402747
P5TLH_CCGTACTGTTTAGGAA_1,P5TLH,Periportal_LSECs,Endothelial,-2.3530614,-6.256407
P5TLH_CAGCCGAAGAGGGATA_1,P5TLH,Portal_endothelial_Cells,Endothelial,4.1769648,-0.44615832
P5TLH_CCTACACAGACAAGCC_1,P5TLH,Periportal_LSECs,Endothelial,6.1462417,-1.9286993
P5TLH_AAACGGGAGATCCGAG_1,P5TLH,Periportal_LSECs,Endothelial,-4.7635407,-5.437947
P5TLH_CGTCTACCATGTAAGA_1,P5TLH,Portal_endothelial_Cells,Endothelial,-3.8535395,-6.9490395
P5TLH_GTTCGGGCATGCGCAC_1,P5TLH,Periportal_LSECs,Endothelial,-3.9244099,-5.0481076
P5TLH_TGGCTGGCAAGGTTTC_1,P5TLH,Periportal_LSECs,Endothelial,8.928913,-0.16122471
P5TLH_CGCGTTTTCCAGTAGT_1,P5TLH,Central_venous_LSECs,Endothelial,-8.100853,4.146317
P5TLH_CAAGATCGTGTTAAGA_1,P5TLH,Portal_endothelial_Cells,Endothelial,-0.41982123,-2.8768184
P5TLH_GAGGTGACATGCCTTC_1,P5TLH,Periportal_LSECs,Endothelial,0.96361595,-7.703864
P5TLH_CGTCACTGTATAGGTA_1,P5TLH,Portal_endothelial_Cells,Endothelial,0.19567055,-1.97971
P5TLH_TTCGAAGTCTCTTATG_1,P5TLH,Portal_endothelial_Cells,Endothelial,0.8298581,-4.057236
P5TLH_GTGAAGGGTCGGGTCT_1,P5TLH,Portal_endothelial_Cells,Endothelial,-1.1024724,-6.0230875
P5TLH_GGACGTCAGCCCTAAT_1,P5TLH,Portal_endothelial_Cells,Endothelial,3.2591288,-2.207788
P5TLH_ACGCCAGGTACGACCC_1,P5TLH,Central_venous_LSECs,Endothelial,-3.6056087,8.139601
P5TLH_TGTGGTAGTACCGTTA_1,P5TLH,Portal_endothelial_Cells,Endothelial,-1.4653779,-3.3417306
P5TLH_CCTAGCTGTGCCTTGG_1,P5TLH,Periportal_LSECs,Endothelial,0.34578046,-2.4228427
P5TLH_GACCAATGTTCACGGC_1,P5TLH,Periportal_LSECs,Endothelial,8.716346,-4.9021645
P5TLH_GTTCGGGTCAAGGTAA_1,P5TLH,Portal_endothelial_Cells,Endothelial,2.4868653,-3.7011712
P5TLH_GTGCAGCTCTGAAAGA_1,P5TLH,Periportal_LSECs,Endothelial,7.0648136,-4.6096206
P5TLH_GACAGAGCAGATGGCA_1,P5TLH,Central_venous_LSECs,Endothelial,0.79269624,12.19362
P1TLH_CCACTACCATCCCACT_1,P1TLH,Non-inflammatory_Macrophage,Macrophage,-8.08863,5.033485
P1TLH_TGGGAAGGTTTAAGCC_1,P1TLH,Non-inflammatory_Macrophage,Macrophage,-6.6059413,5.5042176
P1TLH_ATTATCCGTCGATTGT_1,P1TLH,Inflammatory_Macrophage,Macrophage,-0.58171076,-5.3440504
P1TLH_GAACCTACAAAGGAAG_1,P1TLH,Inflammatory_Macrophage,Macrophage,-11.841965,-4.2671084
P1TLH_TGAAAGAAGGTCGGAT_1,P1TLH,Inflammatory_Macrophage,Macrophage,-2.756789,-7.900643
P1TLH_CAGTAACTCGGAGGTA_1,P1TLH,Inflammatory_Macrophage,Macrophage,-2.2759151,-6.3183317
P1TLH_TCGCGAGAGAATAGGG_1,P1TLH,Inflammatory_Macrophage,Macrophage,-3.5426245,-7.211578
P1TLH_CTACATTTCCTTTACA_1,P1TLH,Inflammatory_Macrophage,Macrophage,-8.584922,-4.270614
P1TLH_GGACGTCTCCAAACTG_1,P1TLH,Inflammatory_Macrophage,Macrophage,5.477682,1.0230532
P1TLH_AACCATGCAGCGAACA_1,P1TLH,Inflammatory_Macrophage,Macrophage,1.433249,-7.835018
P1TLH_ACGGGCTGTGACTCAT_1,P1TLH,Inflammatory_Macrophage,Macrophage,-2.3022754,-7.0166335
P1TLH_GGGCACTAGTGAACGC_1,P1TLH,Non-inflammatory_Macrophage,Macrophage,-7.014222,3.9144502
P1TLH_AAAGCAAGTGTTTGTG_1,P1TLH,Non-inflammatory_Macrophage,Macrophage,0.06307901,1.1664598
P1TLH_CATGGCGTCGCCTGAG_1,P1TLH,Non-inflammatory_Macrophage,Macrophage,-6.605415,5.7247086
P1TLH_GACTACATCTGAAAGA_1,P1TLH,Inflammatory_Macrophage,Macrophage,-1.2429211,-5.2344418
P1TLH_CCGTACTGTGTTCGAT_1,P1TLH,Inflammatory_Macrophage,Macrophage,2.3816729,-8.120107
P1TLH_ACAGCCGAGATAGTCA_1,P1TLH,Non-inflammatory_Macrophage,Macrophage,-11.203794,4.5083814
P1TLH_CACTCCATCGGCTTGG_1,P1TLH,Inflammatory_Macrophage,Macrophage,-2.2952895,-3.252834
P1TLH_CATCCACCAATGTTGC_1,P1TLH,Non-inflammatory_Macrophage,Macrophage,-8.086812,4.676454
P1TLH_GTGCTTCGTGCACCAC_1,P1TLH,Non-inflammatory_Macrophage,Macrophage,-6.2874427,5.9917445
P1TLH_GCATGTATCGGTGTCG_1,P1TLH,Non-inflammatory_Macrophage,Macrophage,-11.095816,4.4035025
P1TLH_AACTCCCAGATCCCGC_1,P1TLH,Inflammatory_Macrophage,Macrophage,-9.501991,1.2462903
P1TLH_GATCGATTCTGGTGTA_1,P1TLH,Inflammatory_Macrophage,Macrophage,-4.139656,-5.818859
P1TLH_CCACCTAAGGCAGTCA_1,P1TLH,Non-inflammatory_Macrophage,Macrophage,-4.5114384,4.366859
P1TLH_AGAATAGGTTTGACTG_1,P1TLH,Inflammatory_Macrophage,Macrophage,2.7528868,-3.268984
P1TLH_GACTAACTCTAACTCT_1,P1TLH,Inflammatory_Macrophage,Macrophage,0.018718906,-1.4749961
P1TLH_AGGGAGTCATCCCATC_1,P1TLH,Non-inflammatory_Macrophage,Macrophage,-4.493271,6.7948546
P1TLH_TGGCTGGCAAGTTAAG_1,P1TLH,Inflammatory_Macrophage,Macrophage,-2.1324916,-5.361543
P1TLH_GTCTTCGCATTTGCCC_1,P1TLH,Non-inflammatory_Macrophage,Macrophage,-6.8724732,3.0172763
P1TLH_TCAATCTGTGACCAAG_1,P1TLH,Non-inflammatory_Macrophage,Macrophage,-9.55738,4.227799
P1TLH_TCAACGATCTCGATGA_1,P1TLH,Non-inflammatory_Macrophage,Macrophage,-11.203799,4.6202784
P1TLH_AAGGTTCAGCGAAGGG_1,P1TLH,Inflammatory_Macrophage,Macrophage,-0.93289506,-8.243707
P1TLH_GTACTTTTCAGTCCCT_1,P1TLH,Inflammatory_Macrophage,Macrophage,-3.094642,0.58478856
P1TLH_GTCACGGCAAAGCAAT_1,P1TLH,Inflammatory_Macrophage,Macrophage,1.1616415,-6.1630397
P1TLH_CAAGTTGAGTAGATGT_1,P1TLH,Inflammatory_Macrophage,Macrophage,-1.6241462,-7.326047
P1TLH_CTGCGGAGTCTCCATC_1,P1TLH,Non-inflammatory_Macrophage,Macrophage,-6.6336675,5.8642607
P1TLH_GAACCTATCTCGAGTA_1,P1TLH,Non-inflammatory_Macrophage,Macrophage,-10.837617,4.124841
P1TLH_ACCGTAACACAACTGT_1,P1TLH,Inflammatory_Macrophage,Macrophage,-0.37921977,0.15505585
P1TLH_TGCCCTACAAGCCGCT_1,P1TLH,Non-inflammatory_Macrophage,Macrophage,-4.5428243,3.329096
P1TLH_GACTGCGTCACAATGC_1,P1TLH,Non-inflammatory_Macrophage,Macrophage,-7.8074017,4.1292152
P1TLH_AAGGAGCGTCTCGTTC_1,P1TLH,Inflammatory_Macrophage,Macrophage,-5.9138794,-3.3258111
P1TLH_ACATACGTCATAGCAC_1,P1TLH,Non-inflammatory_Macrophage,Macrophage,-14.652821,5.156058
P1TLH_TTGCGTCCATGGGAAC_1,P1TLH,Non-inflammatory_Macrophage,Macrophage,-10.418752,4.4067388
P1TLH_CAAGTTGTCCTGCTTG_1,P1TLH,Inflammatory_Macrophage,Macrophage,-2.4125812,-6.693449
P1TLH_ATAAGAGCACGTGAGA_1,P1TLH,Non-inflammatory_Macrophage,Macrophage,-10.424252,7.288011
P1TLH_ACTGATGTCAACACGT_1,P1TLH,Non-inflammatory_Macrophage,Macrophage,-7.6211195,6.244328
P1TLH_AAACGGGAGTAGGCCA_1,P1TLH,Non-inflammatory_Macrophage,Macrophage,-8.705285,3.7015386
P1TLH_GTTCTCGAGTTCGCGC_1,P1TLH,Inflammatory_Macrophage,Macrophage,-2.976738,-0.97337294
P1TLH_GCCTCTACACCAGTTA_1,P1TLH,Inflammatory_Macrophage,Macrophage,-5.837879,-1.0178186
P1TLH_ACACCAAAGACAGACC_1,P1TLH,Inflammatory_Macrophage,Macrophage,-4.5858765,-5.124914
P1TLH_ATAACGCGTCACTGGC_1,P1TLH,Inflammatory_Macrophage,Macrophage,-4.545084,-7.6319203
P1TLH_CTTACCGTCACCCGAG_1,P1TLH,Inflammatory_Macrophage,Macrophage,-5.401373,-7.046973
P1TLH_CCATGTCTCTGTCTCG_1,P1TLH,Non-inflammatory_Macrophage,Macrophage,6.6202626,2.1916354
P1TLH_GACTAACAGAAACGCC_1,P1TLH,Inflammatory_Macrophage,Macrophage,-0.4989462,-6.9051504
P1TLH_TCGAGGCGTTGAGGTG_1,P1TLH,Inflammatory_Macrophage,Macrophage,-1.1890333,-8.839998
P1TLH_ACTTGTTGTAGCAAAT_1,P1TLH,Inflammatory_Macrophage,Macrophage,-2.4244447,-7.2387967
P1TLH_CCGTGGAAGTGTTGAA_1,P1TLH,Non-inflammatory_Macrophage,Macrophage,-8.48289,4.7950525
P1TLH_CAGAATCGTCAGATAA_1,P1TLH,Inflammatory_Macrophage,Macrophage,-9.910467,-0.5210971
P1TLH_TTCTTAGGTTTCGCTC_1,P1TLH,Inflammatory_Macrophage,Macrophage,-0.5450473,-3.2188227
P1TLH_ACATGGTCATCCTTGC_1,P1TLH,Inflammatory_Macrophage,Macrophage,-0.43195567,-3.6513977
P1TLH_TCTCTAAAGACCGGAT_1,P1TLH,Non-inflammatory_Macrophage,Macrophage,-6.1297073,4.270995
P1TLH_CGGAGCTTCGTTGACA_1,P1TLH,Inflammatory_Macrophage,Macrophage,4.038201,-8.414975
P1TLH_CGGACACAGGGATCTG_1,P1TLH,Non-inflammatory_Macrophage,Macrophage,-6.5160947,6.475737
P1TLH_TCTTTCCTCATCGGAT_1,P1TLH,Inflammatory_Macrophage,Macrophage,3.9574838,-0.8317086
P1TLH_TGCCCTAGTACACCGC_1,P1TLH,Inflammatory_Macrophage,Macrophage,-0.312694,-7.334432
P1TLH_GCTCCTAAGAGTCGGT_1,P1TLH,Inflammatory_Macrophage,Macrophage,-3.9907076,-1.6439261
P1TLH_ACCAGTACACACGCTG_1,P1TLH,Inflammatory_Macrophage,Macrophage,-1.9623632,-5.517884
P1TLH_ACTATCTAGTCGCCGT_1,P1TLH,Inflammatory_Macrophage,Macrophage,-13.52101,-0.936124
P1TLH_ACTGAGTCAAGCGAGT_1,P1TLH,Inflammatory_Macrophage,Macrophage,-9.628083,-3.0126681
P1TLH_AACTCAGAGGCGTACA_1,P1TLH,Non-inflammatory_Macrophage,Macrophage,-10.872932,2.9059827
P1TLH_AACGTTGCAGCCACCA_1,P1TLH,Non-inflammatory_Macrophage,Macrophage,-8.94589,5.3243194
P1TLH_TGTCCCACAATTCCTT_1,P1TLH,Inflammatory_Macrophage,Macrophage,-8.714387,-2.6425753
P1TLH_TGCGCAGCAATGTTGC_1,P1TLH,Non-inflammatory_Macrophage,Macrophage,-11.318956,4.5827537
P1TLH_TACTCGCGTTGTCTTT_1,P1TLH,Non-inflammatory_Macrophage,Macrophage,-13.14945,4.5446157
P1TLH_GCCTCTAGTCCTGCTT_1,P1TLH,Inflammatory_Macrophage,Macrophage,-3.3493886,-1.454002
P1TLH_CTACATTAGGTGACCA_1,P1TLH,Non-inflammatory_Macrophage,Macrophage,-7.020857,5.258543
P1TLH_CCGTTCACATTAGGCT_1,P1TLH,Inflammatory_Macrophage,Macrophage,-4.882593,2.0013204
P1TLH_GTGCTTCAGTCCTCCT_1,P1TLH,Inflammatory_Macrophage,Macrophage,-2.8996234,-8.080071
P1TLH_GACCTGGCAAGTTAAG_1,P1TLH,Inflammatory_Macrophage,Macrophage,-5.9901094,0.5012511
P1TLH_CCACCTAAGCCATCGC_1,P1TLH,Inflammatory_Macrophage,Macrophage,0.51719195,-3.6568274
P1TLH_AGAGCGAGTCTGCAAT_1,P1TLH,Non-inflammatory_Macrophage,Macrophage,-9.85168,5.678843
P1TLH_AGACGTTAGTCGCCGT_1,P1TLH,Inflammatory_Macrophage,Macrophage,-4.2723885,-5.965901
P1TLH_GGATTACGTTCCACAA_1,P1TLH,Non-inflammatory_Macrophage,Macrophage,-5.391789,7.6182275
P1TLH_CTACGTCGTAGCGTCC_1,P1TLH,Inflammatory_Macrophage,Macrophage,0.5392742,-6.455404
P1TLH_TGTTCCGTCGGCGGTT_1,P1TLH,Non-inflammatory_Macrophage,Macrophage,-7.790517,4.5190096
P1TLH_TTCGAAGGTTCGGGCT_1,P1TLH,Inflammatory_Macrophage,Macrophage,0.16336371,-4.335824
P1TLH_GCTTCCAAGGCGATAC_1,P1TLH,Inflammatory_Macrophage,Macrophage,-2.4910555,-6.8432393
P1TLH_GGACATTGTCAGAATA_1,P1TLH,Non-inflammatory_Macrophage,Macrophage,-15.158603,3.7365117
P1TLH_CGTGAGCTCAAACGGG_1,P1TLH,Non-inflammatory_Macrophage,Macrophage,-10.377178,4.6619463
P1TLH_ACGAGCCTCATAACCG_1,P1TLH,Inflammatory_Macrophage,Macrophage,6.032155,-7.423115
P1TLH_GAGCAGAAGGTAAACT_1,P1TLH,Inflammatory_Macrophage,Macrophage,-2.0271883,-0.6030961
P1TLH_GTGTGCGTCTATGTGG_1,P1TLH,Inflammatory_Macrophage,Macrophage,-1.806144,-7.398842
P1TLH_GGACATTAGTCGCCGT_1,P1TLH,Inflammatory_Macrophage,Macrophage,-2.748371,-0.38347054
P1TLH_TGACGGCCACGGATAG_1,P1TLH,Inflammatory_Macrophage,Macrophage,2.707369,-6.410701
P1TLH_ACTGAACTCATGTGGT_1,P1TLH,Inflammatory_Macrophage,Macrophage,-4.7669816,-8.123008
P1TLH_ATTATCCCATTCCTCG_1,P1TLH,Inflammatory_Macrophage,Macrophage,-5.7571654,-2.0979965
P1TLH_AAGCCGCAGCTAGTGG_1,P1TLH,Inflammatory_Macrophage,Macrophage,-0.70991737,-4.46521
P1TLH_TGACAACTCCTCATTA_1,P1TLH,Non-inflammatory_Macrophage,Macrophage,-9.8842745,6.448314
P1TLH_GGAGCAAGTAGGACAC_1,P1TLH,Non-inflammatory_Macrophage,Macrophage,-12.910572,5.0028453
P1TLH_CTGATAGCAATGACCT_1,P1TLH,Non-inflammatory_Macrophage,Macrophage,-6.479743,6.718055
P1TLH_GTGGGTCTCCTTGCCA_1,P1TLH,Inflammatory_Macrophage,Macrophage,-2.4048617,-7.118826
P1TLH_CCTTTCTAGGCTCTTA_1,P1TLH,Inflammatory_Macrophage,Macrophage,-16.862194,-0.481867
P1TLH_CTGCCTATCATTTGGG_1,P1TLH,Inflammatory_Macrophage,Macrophage,-0.7929352,0.19574328
P1TLH_CCTTACGTCAAGGTAA_1,P1TLH,Inflammatory_Macrophage,Macrophage,-1.7557485,-6.5378785
P1TLH_CGGACACAGATGTGGC_1,P1TLH,Non-inflammatory_Macrophage,Macrophage,-9.485895,3.7515738
P1TLH_GACCAATAGGCATGGT_1,P1TLH,Inflammatory_Macrophage,Macrophage,0.93174016,-4.4512906
P1TLH_GTACTTTAGATCGATA_1,P1TLH,Non-inflammatory_Macrophage,Macrophage,-9.84575,4.983017
P1TLH_CGCGTTTGTTGAACTC_1,P1TLH,Non-inflammatory_Macrophage,Macrophage,-5.400913,6.623476
P1TLH_CTGATAGTCGGTCCGA_1,P1TLH,Inflammatory_Macrophage,Macrophage,-2.7231865,-1.8641818
P1TLH_TTAGGCAGTTTGGGCC_1,P1TLH,Inflammatory_Macrophage,Macrophage,-3.8968244,1.1928695
P1TLH_GATCAGTGTGAGGGTT_1,P1TLH,Inflammatory_Macrophage,Macrophage,1.4802797,-5.905364
P1TLH_TGTGGTATCACGAAGG_1,P1TLH,Inflammatory_Macrophage,Macrophage,-3.6667733,-1.7687165
P1TLH_ACGATACTCAGGATCT_1,P1TLH,Non-inflammatory_Macrophage,Macrophage,-7.3402185,5.8342495
P1TLH_CGTCACTGTGTGACCC_1,P1TLH,Non-inflammatory_Macrophage,Macrophage,-10.12637,4.3658156
P1TLH_TGGGAAGAGACAGAGA_1,P1TLH,Non-inflammatory_Macrophage,Macrophage,-4.913876,2.4988792
P1TLH_GAATAAGGTCGCGTGT_1,P1TLH,Non-inflammatory_Macrophage,Macrophage,-7.395358,4.2001753
P1TLH_GAAGCAGGTAGCGTAG_1,P1TLH,Inflammatory_Macrophage,Macrophage,-1.508389,-5.1085267
P1TLH_ACGATGTGTTGTGGCC_1,P1TLH,Non-inflammatory_Macrophage,Macrophage,-9.743707,4.758098
P1TLH_CTAACTTGTCCAGTTA_1,P1TLH,Non-inflammatory_Macrophage,Macrophage,-7.007068,5.107611
P1TLH_TTATGCTGTAGCTGCC_1,P1TLH,Inflammatory_Macrophage,Macrophage,-4.4529376,-4.801155
P1TLH_GACGGCTAGCCGTCGT_1,P1TLH,Non-inflammatory_Macrophage,Macrophage,-12.824133,3.1070116
P1TLH_ACTGTCCGTGTCCTCT_1,P1TLH,Non-inflammatory_Macrophage,Macrophage,-8.278742,3.5471168
P1TLH_TAGAGCTCACAAGACG_1,P1TLH,Non-inflammatory_Macrophage,Macrophage,-8.193871,5.834703
P1TLH_ACGGAGATCTATCGCC_1,P1TLH,Non-inflammatory_Macrophage,Macrophage,-7.8854027,4.091071
P1TLH_CCGGTAGAGTCCAGGA_1,P1TLH,Inflammatory_Macrophage,Macrophage,-15.061142,-4.4770193
P1TLH_ATAAGAGGTTACTGAC_1,P1TLH,Non-inflammatory_Macrophage,Macrophage,7.7803745,4.063125
P1TLH_CAGAGAGCAGCTCGCA_1,P1TLH,Inflammatory_Macrophage,Macrophage,-2.4002686,-8.039696
P1TLH_GTATCTTGTTCGCGAC_1,P1TLH,Inflammatory_Macrophage,Macrophage,-3.687102,-6.581331
P1TLH_CAGAATCTCCGCTGTT_1,P1TLH,Inflammatory_Macrophage,Macrophage,-1.5015249,-6.519686
P1TLH_CGATCGGTCACAATGC_1,P1TLH,Inflammatory_Macrophage,Macrophage,-3.5794911,-5.0607586
P1TLH_CTTTGCGAGGATGTAT_1,P1TLH,Non-inflammatory_Macrophage,Macrophage,-10.087487,3.8658369
P1TLH_GAGCAGATCCAAGTAC_1,P1TLH,Inflammatory_Macrophage,Macrophage,1.1187431,-4.911354
P1TLH_CCCATACCACTTGGAT_1,P1TLH,Inflammatory_Macrophage,Macrophage,-13.67767,-2.4720614
P1TLH_TTGACTTCACGTTGGC_1,P1TLH,Inflammatory_Macrophage,Macrophage,-5.412354,0.35786268
P1TLH_TTCTACACATTGGTAC_1,P1TLH,Inflammatory_Macrophage,Macrophage,-2.2594073,-2.1227446
P1TLH_CTGATAGGTTCCGGCA_1,P1TLH,Inflammatory_Macrophage,Macrophage,-0.3298773,-6.4228206
P1TLH_GCAAACTAGCTAGTGG_1,P1TLH,Inflammatory_Macrophage,Macrophage,-2.2531736,-6.37515
P1TLH_GATCGCGAGTGGCACA_1,P1TLH,Non-inflammatory_Macrophage,Macrophage,-9.50379,3.7658367
P1TLH_CTGATAGGTAGCGTAG_1,P1TLH,Non-inflammatory_Macrophage,Macrophage,-10.8189125,5.8383865
P1TLH_GAAGCAGGTAGAGTGC_1,P1TLH,Inflammatory_Macrophage,Macrophage,5.4272842,-6.0384326
P1TLH_CCTTTCTAGCTAGGCA_1,P1TLH,Inflammatory_Macrophage,Macrophage,-2.1039903,-1.1723135
P1TLH_GGGCATCCATGGTAGG_1,P1TLH,Inflammatory_Macrophage,Macrophage,-18.870552,-1.5379825
P1TLH_ACGGCCAGTACAGTTC_1,P1TLH,Inflammatory_Macrophage,Macrophage,-3.4380858,-7.90517
P1TLH_ACTTTCAAGACTGTAA_1,P1TLH,Non-inflammatory_Macrophage,Macrophage,-6.567508,3.881736
P1TLH_CATCGAACATCCCACT_1,P1TLH,Non-inflammatory_Macrophage,Macrophage,-9.027099,6.1797357
P1TLH_CTGATCCAGTCACGCC_1,P1TLH,Inflammatory_Macrophage,Macrophage,-3.1214314,0.7179582
P1TLH_GATCGCGAGAGTCGGT_1,P1TLH,Non-inflammatory_Macrophage,Macrophage,-6.774063,3.7398176
P1TLH_CAGTCCTAGTGTTTGC_1,P1TLH,Inflammatory_Macrophage,Macrophage,-9.359831,-0.60676575
P1TLH_CCCATACCAACACCCG_1,P1TLH,Inflammatory_Macrophage,Macrophage,3.1324341,-8.641413
P1TLH_ACTTTCAGTCCAACTA_1,P1TLH,Non-inflammatory_Macrophage,Macrophage,-1.4292202,4.1814284
P1TLH_TATGCCCTCTGCCCTA_1,P1TLH,Inflammatory_Macrophage,Macrophage,-0.9828782,-7.797067
P1TLH_CGGCTAGTCATAGCAC_1,P1TLH,Inflammatory_Macrophage,Macrophage,-3.1054933,-4.9937387
P1TLH_CAGTAACAGCTACCGC_1,P1TLH,Inflammatory_Macrophage,Macrophage,-3.0051987,-4.724898
P1TLH_GAGCAGACATTGAGCT_1,P1TLH,Non-inflammatory_Macrophage,Macrophage,-9.43007,4.558703
P1TLH_TCCCGATCAGTCAGCC_1,P1TLH,Inflammatory_Macrophage,Macrophage,-3.508709,-1.0141268
P1TLH_ACAGCCGTCGGAGCAA_1,P1TLH,Inflammatory_Macrophage,Macrophage,3.4875693,-3.445909
P1TLH_GTTAAGCGTGGAAAGA_1,P1TLH,Inflammatory_Macrophage,Macrophage,-4.909094,-7.649634
P1TLH_AGGTCCGAGTTCCACA_1,P1TLH,Inflammatory_Macrophage,Macrophage,3.4135792,-7.3324714
P1TLH_TATGCCCTCCAAACTG_1,P1TLH,Inflammatory_Macrophage,Macrophage,-5.722735,-2.4689755
P1TLH_ACACCAACACAACGCC_1,P1TLH,Inflammatory_Macrophage,Macrophage,-4.198234,-0.49236253
P1TLH_TGACTTTTCATACGGT_1,P1TLH,Inflammatory_Macrophage,Macrophage,0.65469825,-8.004893
P1TLH_ATGGGAGCAGATCCAT_1,P1TLH,Inflammatory_Macrophage,Macrophage,1.2412789,-7.8352666
P1TLH_TCTGGAAAGACTAGGC_1,P1TLH,Inflammatory_Macrophage,Macrophage,8.464114,-6.772679
P1TLH_CGTAGCGCACAAGACG_1,P1TLH,Non-inflammatory_Macrophage,Macrophage,-11.60516,4.019067
P1TLH_GGACAAGGTGATAAGT_1,P1TLH,Non-inflammatory_Macrophage,Macrophage,-13.1732855,3.7899208
P1TLH_TACACGATCTGTACGA_1,P1TLH,Inflammatory_Macrophage,Macrophage,-0.6675217,-2.8796036
P1TLH_ACTTTCAAGAAACCGC_1,P1TLH,Inflammatory_Macrophage,Macrophage,1.9536946,-8.979377
P1TLH_CGGCTAGTCTGTCAAG_1,P1TLH,Inflammatory_Macrophage,Macrophage,-1.8421724,-6.963308
P1TLH_TTTCCTCTCAAACAAG_1,P1TLH,Non-inflammatory_Macrophage,Macrophage,-8.259615,6.36884
P1TLH_CATCGGGCACATTCGA_1,P1TLH,Inflammatory_Macrophage,Macrophage,-4.743713,0.13376589
P1TLH_AAAGCAAGTTGATTCG_1,P1TLH,Inflammatory_Macrophage,Macrophage,-2.28423,-5.550313
P1TLH_CGAACATGTCTGGTCG_1,P1TLH,Non-inflammatory_Macrophage,Macrophage,-9.804187,4.7375627
P1TLH_GTGCGGTCATGGTTGT_1,P1TLH,Inflammatory_Macrophage,Macrophage,-0.44841886,-7.5382595
P1TLH_TTTGTCAGTCAAAGCG_1,P1TLH,Non-inflammatory_Macrophage,Macrophage,-7.8924603,5.4475384
P1TLH_CACACCTGTAGATTAG_1,P1TLH,Inflammatory_Macrophage,Macrophage,-1.333678,-6.3408685
P1TLH_GCAGTTATCCCTCAGT_1,P1TLH,Inflammatory_Macrophage,Macrophage,-5.630236,-0.5444788
P1TLH_TGACTAGGTATAGGTA_1,P1TLH,Inflammatory_Macrophage,Macrophage,-9.438236,0.22151305
P1TLH_TTGGCAACACCGTTGG_1,P1TLH,Non-inflammatory_Macrophage,Macrophage,-8.505372,3.3051536
P1TLH_CCCATACCAATCTACG_1,P1TLH,Non-inflammatory_Macrophage,Macrophage,-11.893025,6.017868
P1TLH_AGGCCGTGTGGGTATG_1,P1TLH,Inflammatory_Macrophage,Macrophage,-2.0309508,-0.8459962
P1TLH_GACCTGGGTAGTAGTA_1,P1TLH,Inflammatory_Macrophage,Macrophage,-1.4465476,-5.3369107
P1TLH_GTGAAGGGTGGTCCGT_1,P1TLH,Inflammatory_Macrophage,Macrophage,-2.8841832,-7.0107136
P1TLH_TAGAGCTTCGTAGGAG_1,P1TLH,Inflammatory_Macrophage,Macrophage,1.3528405,-4.558121
P1TLH_CGTGTAACATCCAACA_1,P1TLH,Non-inflammatory_Macrophage,Macrophage,-12.978609,5.868225
P1TLH_GTATCTTGTTTACTCT_1,P1TLH,Non-inflammatory_Macrophage,Macrophage,-4.702413,4.486961
P1TLH_CACACAAGTCACTTCC_1,P1TLH,Inflammatory_Macrophage,Macrophage,-1.8789798,-0.94542074
P1TLH_CCGGTAGCATACAGCT_1,P1TLH,Inflammatory_Macrophage,Macrophage,-0.46492434,-6.4406238
P1TLH_TCCCGATGTGCTGTAT_1,P1TLH,Inflammatory_Macrophage,Macrophage,-2.8160632,-1.3928133
P1TLH_TAGAGCTCACCGGAAA_1,P1TLH,Inflammatory_Macrophage,Macrophage,0.8311652,-8.723232
P1TLH_GAGTCCGAGTGAACGC_1,P1TLH,Inflammatory_Macrophage,Macrophage,-7.0886645,-0.16848889
P1TLH_TCGGGACAGACGACGT_1,P1TLH,Non-inflammatory_Macrophage,Macrophage,-8.179216,6.4856753
P1TLH_ACTGATGCATAAGACA_1,P1TLH,Inflammatory_Macrophage,Macrophage,0.12297009,-7.273717
P1TLH_TACTCATCACGCTTTC_1,P1TLH,Inflammatory_Macrophage,Macrophage,-0.62890595,-8.281251
P1TLH_TTCTACACATCGGACC_1,P1TLH,Inflammatory_Macrophage,Macrophage,-11.4233675,-4.8343496
P1TLH_CTCAGAAAGAAGCCCA_1,P1TLH,Inflammatory_Macrophage,Macrophage,-1.5840492,-7.280759
P1TLH_GTTAAGCGTAGCACGA_1,P1TLH,Inflammatory_Macrophage,Macrophage,-0.35864002,-8.196692
P1TLH_AACTCTTTCAACGAAA_1,P1TLH,Inflammatory_Macrophage,Macrophage,-5.067953,-6.37691
P1TLH_AGGGATGAGCGATAGC_1,P1TLH,Inflammatory_Macrophage,Macrophage,2.2591636,-7.976944
P1TLH_GCTCCTATCTTGTCAT_1,P1TLH,Inflammatory_Macrophage,Macrophage,0.4354257,-5.421602
P1TLH_CCACGGATCCTGTAGA_1,P1TLH,Non-inflammatory_Macrophage,Macrophage,-6.9566393,5.4335585
P1TLH_TACCTTAGTACCGCTG_1,P1TLH,Non-inflammatory_Macrophage,Macrophage,-11.011529,3.951989
P1TLH_TATCAGGCAAGCGATG_1,P1TLH,Inflammatory_Macrophage,Macrophage,-1.0795312,-7.2741914
P1TLH_CATGCCTAGCTTATCG_1,P1TLH,Non-inflammatory_Macrophage,Macrophage,-8.271598,5.0222387
P1TLH_GATGAAAGTCGCATAT_1,P1TLH,Inflammatory_Macrophage,Macrophage,-3.1215143,-1.7691288
P1TLH_AAAGTAGTCTGCGGCA_1,P1TLH,Inflammatory_Macrophage,Macrophage,-0.86638576,-6.1013093
P1TLH_GTCACGGCATCCGCGA_1,P1TLH,Inflammatory_Macrophage,Macrophage,-1.0353873,-7.0406632
P1TLH_GCGCAACAGTACGATA_1,P1TLH,Inflammatory_Macrophage,Macrophage,0.33180964,-6.453586
P1TLH_TGGGAAGTCCGTTGCT_1,P1TLH,Inflammatory_Macrophage,Macrophage,4.605705,5.516029
P1TLH_CTGCCTAGTTCAGGCC_1,P1TLH,Inflammatory_Macrophage,Macrophage,-3.4004238,-3.3440337
P1TLH_ACCTTTAGTCCGAATT_1,P1TLH,Non-inflammatory_Macrophage,Macrophage,-8.304317,3.906262
P1TLH_TAGTGGTAGGCCCGTT_1,P1TLH,Non-inflammatory_Macrophage,Macrophage,8.618817,11.9296055
P1TLH_TCTTCGGCAAGCGATG_1,P1TLH,Inflammatory_Macrophage,Macrophage,-2.916866,-8.614642
P1TLH_ACATGGTCACATGACT_1,P1TLH,Non-inflammatory_Macrophage,Macrophage,-8.500285,4.209149
P1TLH_CGGGTCAAGGCCGAAT_1,P1TLH,Inflammatory_Macrophage,Macrophage,-12.252487,-1.201379
P1TLH_TCAACGAAGGCGTACA_1,P1TLH,Inflammatory_Macrophage,Macrophage,-2.4474268,-4.7485003
P1TLH_TTTGTCATCCTTGACC_1,P1TLH,Inflammatory_Macrophage,Macrophage,-3.7114244,-5.3078256
P1TLH_GTTTCTAAGGGTTCCC_1,P1TLH,Inflammatory_Macrophage,Macrophage,1.0619669,-2.8517704
P1TLH_CGGACACAGATACACA_1,P1TLH,Inflammatory_Macrophage,Macrophage,-16.495548,2.1361463
P1TLH_CAGCTGGCAGTTCATG_1,P1TLH,Non-inflammatory_Macrophage,Macrophage,-11.360466,5.9760566
P1TLH_TGACTTTGTGAAAGAG_1,P1TLH,Non-inflammatory_Macrophage,Macrophage,-7.536499,4.726751
P1TLH_GTTAAGCAGGCACATG_1,P1TLH,Inflammatory_Macrophage,Macrophage,1.0798367,-6.159798
P1TLH_ATGTGTGTCATTATCC_1,P1TLH,Non-inflammatory_Macrophage,Macrophage,-11.172026,6.136746
P1TLH_TCTCATAAGCGATCCC_1,P1TLH,Inflammatory_Macrophage,Macrophage,-1.035088,-7.725317
P1TLH_CCTTACGCATGCATGT_1,P1TLH,Inflammatory_Macrophage,Macrophage,-1.5214053,-6.8668194
P1TLH_CTTCTCTTCCAACCAA_1,P1TLH,Inflammatory_Macrophage,Macrophage,-0.5715858,-7.271922
P1TLH_TACCTATAGGACAGCT_1,P1TLH,Inflammatory_Macrophage,Macrophage,-11.739762,-5.7528424
P1TLH_CGTTCTGTCAAACAAG_1,P1TLH,Inflammatory_Macrophage,Macrophage,-9.089869,-5.817516
P1TLH_ATCCGAAGTTCAGCGC_1,P1TLH,Inflammatory_Macrophage,Macrophage,3.8097012,-4.0483108
P1TLH_ACCAGTAAGGATGTAT_1,P1TLH,Inflammatory_Macrophage,Macrophage,-8.411803,-3.80101
P1TLH_CAAGAAAAGCTAGTCT_1,P1TLH,Inflammatory_Macrophage,Macrophage,-0.5721248,-8.152938
P1TLH_GTGCGGTAGTCAATAG_1,P1TLH,Inflammatory_Macrophage,Macrophage,-0.5036277,-5.7614455
P1TLH_TTCGGTCGTTACAGAA_1,P1TLH,Non-inflammatory_Macrophage,Macrophage,-7.634682,3.57285
P1TLH_CATCAGAGTACAGTGG_1,P1TLH,Non-inflammatory_Macrophage,Macrophage,10.093274,7.702903
P1TLH_TCGTAGACAGTATAAG_1,P1TLH,Inflammatory_Macrophage,Macrophage,-1.1743938,-7.7799487
P1TLH_GGTATTGAGCTCCTCT_1,P1TLH,Non-inflammatory_Macrophage,Macrophage,-9.260011,6.375391
P1TLH_CGTGTCTCATATGGTC_1,P1TLH,Inflammatory_Macrophage,Macrophage,0.71570843,-5.3958836
P1TLH_CATGGCGCATCTATGG_1,P1TLH,Inflammatory_Macrophage,Macrophage,-6.518493,2.233071
P1TLH_GCTGCTTCAGGATTGG_1,P1TLH,Inflammatory_Macrophage,Macrophage,-9.346101,-4.628357
P1TLH_TAGAGCTGTTCGTTGA_1,P1TLH,Non-inflammatory_Macrophage,Macrophage,-9.579212,4.915495
P1TLH_TCCCGATGTTGATTCG_1,P1TLH,Inflammatory_Macrophage,Macrophage,-1.3031139,-1.6562669
P1TLH_GAACCTATCCTTCAAT_1,P1TLH,Inflammatory_Macrophage,Macrophage,-2.3360758,-5.8158503
P1TLH_TACTCATGTAGCGTAG_1,P1TLH,Inflammatory_Macrophage,Macrophage,0.5682983,-8.896424
P1TLH_GTGCGGTAGCCACGTC_1,P1TLH,Inflammatory_Macrophage,Macrophage,0.50241506,-5.99754
P1TLH_TGTGGTATCGATCCCT_1,P1TLH,Inflammatory_Macrophage,Macrophage,21.717587,-6.1923757
P1TLH_TCAGCTCGTACAGACG_1,P1TLH,Inflammatory_Macrophage,Macrophage,-1.756966,-1.0030398
P1TLH_TCAATCTGTTTCGCTC_1,P1TLH,Inflammatory_Macrophage,Macrophage,19.501469,-6.558602
P1TLH_GTTCGGGGTTCCGTCT_1,P1TLH,Non-inflammatory_Macrophage,Macrophage,-8.214226,4.0024896
P1TLH_TGGCCAGGTCCGAAGA_1,P1TLH,Non-inflammatory_Macrophage,Macrophage,-9.10215,4.9047627
P1TLH_CCTTTCTAGTCTCAAC_1,P1TLH,Non-inflammatory_Macrophage,Macrophage,-10.091755,6.9651256
P1TLH_CGAGCCATCGGTTCGG_1,P1TLH,Inflammatory_Macrophage,Macrophage,-1.7421559,-6.366272
P2TLH_GTCATTTTCTTGTTTG_1,P2TLH,Inflammatory_Macrophage,Macrophage,-9.684605,1.099919
P2TLH_CGCTATCTCCGGGTGT_1,P2TLH,Non-inflammatory_Macrophage,Macrophage,6.6184583,9.143686
P2TLH_ACGCCGAGTGCGCTTG_1,P2TLH,Non-inflammatory_Macrophage,Macrophage,-0.07306798,6.770223
P2TLH_CGAGAAGGTAGCACGA_1,P2TLH,Inflammatory_Macrophage,Macrophage,-4.789813,2.650746
P2TLH_CAACCTCCACCGATAT_1,P2TLH,Inflammatory_Macrophage,Macrophage,-5.296993,-3.4703162
P2TLH_AGGTCATAGTTGCAGG_1,P2TLH,Non-inflammatory_Macrophage,Macrophage,-0.84515196,6.8798037
P2TLH_CTCACACTCGCTAGCG_1,P2TLH,Non-inflammatory_Macrophage,Macrophage,5.8040295,7.1296506
P2TLH_CTCAGAACATGCTAGT_1,P2TLH,Inflammatory_Macrophage,Macrophage,-5.4623394,-1.485578
P2TLH_TCGGTAATCGATCCCT_1,P2TLH,Non-inflammatory_Macrophage,Macrophage,22.825647,14.230315
P2TLH_CGCGTTTAGATAGCAT_1,P2TLH,Non-inflammatory_Macrophage,Macrophage,-7.8149495,4.767843
P2TLH_CCTCTGAAGCTCCTCT_1,P2TLH,Inflammatory_Macrophage,Macrophage,3.6915357,0.8291138
P2TLH_ATTACTCCACTGTGTA_1,P2TLH,Non-inflammatory_Macrophage,Macrophage,-5.6902337,4.298433
P2TLH_TTAGGACTCAAGATCC_1,P2TLH,Non-inflammatory_Macrophage,Macrophage,-1.5531973,10.226588
P2TLH_CAGCAGCCATTCTTAC_1,P2TLH,Non-inflammatory_Macrophage,Macrophage,0.73470044,7.6208506
P2TLH_GACGCGTGTCATCCCT_1,P2TLH,Inflammatory_Macrophage,Macrophage,7.2360716,-0.09311246
P2TLH_CGTTAGAGTCAGAATA_1,P2TLH,Non-inflammatory_Macrophage,Macrophage,-5.510816,6.8060675
P2TLH_ATGTGTGAGTCATCCA_1,P2TLH,Inflammatory_Macrophage,Macrophage,-9.519388,0.8202737
P2TLH_ACGCCGATCAAACGGG_1,P2TLH,Inflammatory_Macrophage,Macrophage,19.054214,-3.5722017
P2TLH_GTTACAGGTTCCCGAG_1,P2TLH,Non-inflammatory_Macrophage,Macrophage,-5.8379855,5.860014
P2TLH_CAGTCCTCAGTGAGTG_1,P2TLH,Non-inflammatory_Macrophage,Macrophage,-1.3205175,5.99178
P2TLH_ATGGGAGTCACGCGGT_1,P2TLH,Inflammatory_Macrophage,Macrophage,-14.618427,1.6671253
P2TLH_GATCGATCAGCCTATA_1,P2TLH,Non-inflammatory_Macrophage,Macrophage,-2.2979631,6.1403823
P2TLH_GTGCTTCTCTGGCGTG_1,P2TLH,Non-inflammatory_Macrophage,Macrophage,-7.35556,5.4259624
P2TLH_TTGGCAACAGGTGCCT_1,P2TLH,Non-inflammatory_Macrophage,Macrophage,-6.291721,5.367525
P2TLH_CACACAATCTCGTTTA_1,P2TLH,Non-inflammatory_Macrophage,Macrophage,-2.006412,7.9943833
P2TLH_TGAAAGAAGATGGCGT_1,P2TLH,Non-inflammatory_Macrophage,Macrophage,1.4353484,8.159821
P2TLH_AACTCCCTCGATCCCT_1,P2TLH,Non-inflammatory_Macrophage,Macrophage,-9.328884,6.2656193
P2TLH_CATATTCCACATCCAA_1,P2TLH,Non-inflammatory_Macrophage,Macrophage,-4.8952775,3.9846528
P2TLH_GCGCCAACAGTCAGAG_1,P2TLH,Inflammatory_Macrophage,Macrophage,0.882929,-2.9481378
P2TLH_ACGATACTCTGTACGA_1,P2TLH,Non-inflammatory_Macrophage,Macrophage,-0.62702936,5.9648275
P2TLH_CAAGATCTCCTCTAGC_1,P2TLH,Inflammatory_Macrophage,Macrophage,-2.406517,1.9075596
P2TLH_CGTGTCTGTTAAGATG_1,P2TLH,Non-inflammatory_Macrophage,Macrophage,5.6872234,9.635654
P2TLH_ATTGGTGGTGACGGTA_1,P2TLH,Non-inflammatory_Macrophage,Macrophage,2.096395,6.4148526
P2TLH_GTCACGGTCAGCTCTC_1,P2TLH,Non-inflammatory_Macrophage,Macrophage,-7.2140427,5.2373
P2TLH_ATCCGAAGTCGCGGTT_1,P2TLH,Non-inflammatory_Macrophage,Macrophage,-10.614025,6.2948766
P2TLH_GTCGGGTTCGGAGGTA_1,P2TLH,Non-inflammatory_Macrophage,Macrophage,-0.20512545,5.725576
P2TLH_CAGCAGCTCCCTTGTG_1,P2TLH,Non-inflammatory_Macrophage,Macrophage,-1.6840097,8.5832
P2TLH_AACTCAGCAGCATGAG_1,P2TLH,Non-inflammatory_Macrophage,Macrophage,-2.318047,4.533705
P2TLH_TATGCCCAGAGTCTGG_1,P2TLH,Non-inflammatory_Macrophage,Macrophage,56.364937,25.516891
P2TLH_CACTCCACAGACGCCT_1,P2TLH,Inflammatory_Macrophage,Macrophage,-11.694756,-1.9061866
P2TLH_AGACGTTTCAAGATCC_1,P2TLH,Non-inflammatory_Macrophage,Macrophage,12.945706,8.587806
P2TLH_GTGCATAGTCGACTAT_1,P2TLH,Non-inflammatory_Macrophage,Macrophage,-9.751835,6.002086
P2TLH_AAAGTAGAGCTAACAA_1,P2TLH,Non-inflammatory_Macrophage,Macrophage,10.386205,10.548963
P2TLH_AAAGATGTCGACCAGC_1,P2TLH,Non-inflammatory_Macrophage,Macrophage,-5.7286587,3.7371
P2TLH_CAAGGCCTCTGCGACG_1,P2TLH,Non-inflammatory_Macrophage,Macrophage,6.6501055,7.688852
P2TLH_TTGTAGGGTTCCAACA_1,P2TLH,Non-inflammatory_Macrophage,Macrophage,2.2407842,6.880665
P2TLH_GAATAAGCACTTAAGC_1,P2TLH,Non-inflammatory_Macrophage,Macrophage,3.3366883,3.6543949
P2TLH_AATCGGTTCGCCGTGA_1,P2TLH,Non-inflammatory_Macrophage,Macrophage,10.781003,10.104006
P2TLH_TGGTTAGTCACATGCA_1,P2TLH,Inflammatory_Macrophage,Macrophage,-6.127025,0.8055881
P2TLH_TTCTCCTTCCTCATTA_1,P2TLH,Inflammatory_Macrophage,Macrophage,3.227777,3.7884293
P2TLH_ATCCACCGTGTGGTTT_1,P2TLH,Inflammatory_Macrophage,Macrophage,-6.5816092,-1.9609066
P2TLH_ACTTGTTTCCGCAAGC_1,P2TLH,Inflammatory_Macrophage,Macrophage,-2.2946374,-0.9647802
P2TLH_CAGAGAGAGCCGATTT_1,P2TLH,Non-inflammatory_Macrophage,Macrophage,-1.4730897,7.8722715
P2TLH_AAAGTAGGTCTTCTCG_1,P2TLH,Non-inflammatory_Macrophage,Macrophage,1.8467022,6.799654
P2TLH_AACTCAGCACCAGATT_1,P2TLH,Non-inflammatory_Macrophage,Macrophage,-3.8943887,5.867057
P2TLH_CATCGAAAGCGCTTAT_1,P2TLH,Non-inflammatory_Macrophage,Macrophage,6.2165403,9.620981
P2TLH_CATGACATCACCCGAG_1,P2TLH,Non-inflammatory_Macrophage,Macrophage,16.723915,12.527995
P2TLH_GATGCTAGTCATTAGC_1,P2TLH,Non-inflammatory_Macrophage,Macrophage,-6.9020934,5.098038
P2TLH_AAGTCTGGTTATCCGA_1,P2TLH,Inflammatory_Macrophage,Macrophage,3.2408633,0.65664136
P2TLH_ATGCGATCAAACCCAT_1,P2TLH,Inflammatory_Macrophage,Macrophage,-9.867421,2.6785564
P2TLH_CTGCTGTGTGCCTGCA_1,P2TLH,Non-inflammatory_Macrophage,Macrophage,0.47009543,4.5656357
P2TLH_GATCTAGCAGATAATG_1,P2TLH,Non-inflammatory_Macrophage,Macrophage,-5.9266825,4.4093556
P2TLH_AGCTTGATCTCGTTTA_1,P2TLH,Non-inflammatory_Macrophage,Macrophage,-1.1338828,6.2779355
P2TLH_CGCTGGACATCACAAC_1,P2TLH,Inflammatory_Macrophage,Macrophage,-11.294725,-3.3154862
P2TLH_GCCAAATGTGAAATCA_1,P2TLH,Non-inflammatory_Macrophage,Macrophage,4.1595283,6.9205956
P2TLH_CTGAAACCAAGGTTTC_1,P2TLH,Non-inflammatory_Macrophage,Macrophage,8.186475,8.561779
P2TLH_GCGAGAAGTTCCCTTG_1,P2TLH,Non-inflammatory_Macrophage,Macrophage,-6.0109005,5.2982545
P2TLH_TTGTAGGTCCGCGTTT_1,P2TLH,Non-inflammatory_Macrophage,Macrophage,-2.0823946,4.7967057
P2TLH_GTAGGCCAGGATCGCA_1,P2TLH,Non-inflammatory_Macrophage,Macrophage,1.3005446,5.437634
P2TLH_CGTAGCGAGTTGCAGG_1,P2TLH,Non-inflammatory_Macrophage,Macrophage,-1.1368589,7.6038237
P2TLH_TTAGGACCAAAGTCAA_1,P2TLH,Non-inflammatory_Macrophage,Macrophage,-11.484361,8.333107
P2TLH_GAGTCCGCATCCGCGA_1,P2TLH,Non-inflammatory_Macrophage,Macrophage,-10.506433,7.4134417
P2TLH_TATCTCAGTCTCATCC_1,P2TLH,Non-inflammatory_Macrophage,Macrophage,-13.460822,1.2265085
P2TLH_GATCGTATCTGTGCAA_1,P2TLH,Non-inflammatory_Macrophage,Macrophage,-3.0694425,5.492133
P2TLH_CTAACTTAGGTGACCA_1,P2TLH,Non-inflammatory_Macrophage,Macrophage,-1.7074678,4.9778347
P2TLH_CCGGTAGCAAGAGGCT_1,P2TLH,Non-inflammatory_Macrophage,Macrophage,2.9026062,6.465603
P2TLH_TGGCGCAAGAAGGTTT_1,P2TLH,Inflammatory_Macrophage,Macrophage,-8.478521,1.3407742
P2TLH_GACGTGCTCACTCTTA_1,P2TLH,Inflammatory_Macrophage,Macrophage,-2.0546534,1.3064448
P2TLH_GTGCATACAGATCCAT_1,P2TLH,Inflammatory_Macrophage,Macrophage,-10.676606,-3.8356698
P2TLH_GGCAATTTCAGTGTTG_1,P2TLH,Inflammatory_Macrophage,Macrophage,-1.3291805,3.0562654
P2TLH_GGCGACTGTTATCGGT_1,P2TLH,Non-inflammatory_Macrophage,Macrophage,-3.9414012,5.53989
P2TLH_CCAATCCTCCATGAAC_1,P2TLH,Non-inflammatory_Macrophage,Macrophage,-12.251773,2.9528325
P2TLH_GAAATGAAGCAGGTCA_1,P2TLH,Inflammatory_Macrophage,Macrophage,-10.901709,2.351599
P2TLH_TGGGCGTGTGATGATA_1,P2TLH,Non-inflammatory_Macrophage,Macrophage,-10.121858,3.7385685
P2TLH_CTCGTCACAGCCTTTC_1,P2TLH,Non-inflammatory_Macrophage,Macrophage,-1.924478,7.40856
P2TLH_GTCATTTTCTTGCAAG_1,P2TLH,Non-inflammatory_Macrophage,Macrophage,1.8315759,9.094274
P2TLH_GAAATGACAAGGACAC_1,P2TLH,Non-inflammatory_Macrophage,Macrophage,-1.709497,6.3679414
P2TLH_TGACGGCCACTGTCGG_1,P2TLH,Non-inflammatory_Macrophage,Macrophage,1.6120361,9.529857
P2TLH_TACTCATGTTACCGAT_1,P2TLH,Inflammatory_Macrophage,Macrophage,-1.1836212,-3.8613906
P2TLH_CACACTCAGCGATTCT_1,P2TLH,Non-inflammatory_Macrophage,Macrophage,-4.538123,5.2052565
P2TLH_ATTACTCTCTGGTATG_1,P2TLH,Non-inflammatory_Macrophage,Macrophage,-1.4294951,7.7876463
P2TLH_CATTATCTCCACGACG_1,P2TLH,Non-inflammatory_Macrophage,Macrophage,-3.030986,5.5536127
P2TLH_GCAAACTCATTCACTT_1,P2TLH,Inflammatory_Macrophage,Macrophage,-3.6580207,0.9189159
P2TLH_TTTATGCCACCACCAG_1,P2TLH,Non-inflammatory_Macrophage,Macrophage,-1.9071988,7.269793
P2TLH_TCAGCAAAGTAACCCT_1,P2TLH,Non-inflammatory_Macrophage,Macrophage,-7.212256,4.6485844
P2TLH_GTCACAATCAAACAAG_1,P2TLH,Non-inflammatory_Macrophage,Macrophage,24.226362,15.421043
P2TLH_CCTTCGATCAAGCCTA_1,P2TLH,Inflammatory_Macrophage,Macrophage,-11.17479,-5.878174
P2TLH_TACTTGTCAGTTTACG_1,P2TLH,Inflammatory_Macrophage,Macrophage,7.566189,-5.232325
P2TLH_CCGGGATAGAGAGCTC_1,P2TLH,Non-inflammatory_Macrophage,Macrophage,-9.4462385,5.0818295
P2TLH_ACGCCGACATTGGTAC_1,P2TLH,Inflammatory_Macrophage,Macrophage,-1.8142993,1.9721261
P2TLH_CTCGAGGCATTCTCAT_1,P2TLH,Non-inflammatory_Macrophage,Macrophage,12.404857,5.503369
P2TLH_CTCCTAGAGGCGATAC_1,P2TLH,Non-inflammatory_Macrophage,Macrophage,-1.205202,3.2045927
P2TLH_GCTGCAGCAGGCTGAA_1,P2TLH,Non-inflammatory_Macrophage,Macrophage,-9.059453,5.1512403
P2TLH_TCTGAGAAGTACGTTC_1,P2TLH,Non-inflammatory_Macrophage,Macrophage,-1.992568,7.2231255
P2TLH_GCTGCTTCATACTCTT_1,P2TLH,Non-inflammatory_Macrophage,Macrophage,-3.7967622,2.1141903
P2TLH_AAAGATGAGCAGACTG_1,P2TLH,Non-inflammatory_Macrophage,Macrophage,-4.358998,0.24417192
P2TLH_CTACACCAGAAGATTC_1,P2TLH,Non-inflammatory_Macrophage,Macrophage,-4.516637,5.0303435
P2TLH_TGCCCATGTGTGGTTT_1,P2TLH,Non-inflammatory_Macrophage,Macrophage,2.602543,4.859112
P2TLH_TACTCATGTAGCTCCG_1,P2TLH,Inflammatory_Macrophage,Macrophage,-11.494295,-1.8989449
P2TLH_CGAGAAGCACGACTCG_1,P2TLH,Non-inflammatory_Macrophage,Macrophage,1.8894179,6.4847436
P2TLH_ACGCCGATCTGCAGTA_1,P2TLH,Inflammatory_Macrophage,Macrophage,-1.4227529,-0.083313994
P2TLH_TTAGGACCAAGAAAGG_1,P2TLH,Non-inflammatory_Macrophage,Macrophage,-6.3019085,4.5847015
P2TLH_TTAACTCTCCAGTAGT_1,P2TLH,Non-inflammatory_Macrophage,Macrophage,-1.3089536,7.165841
P2TLH_CGTCAGGAGAGCTTCT_1,P2TLH,Non-inflammatory_Macrophage,Macrophage,-9.771542,3.9969044
P2TLH_CACAGTACACGAAACG_1,P2TLH,Non-inflammatory_Macrophage,Macrophage,-2.562294,6.2435336
P2TLH_ATAAGAGGTCTGCGGT_1,P2TLH,Inflammatory_Macrophage,Macrophage,5.4723005,5.068583
P2TLH_TCAGGTAAGCAGCGTA_1,P2TLH,Non-inflammatory_Macrophage,Macrophage,-7.301256,4.3606176
P2TLH_TGGGCGTTCAGCGATT_1,P2TLH,Inflammatory_Macrophage,Macrophage,-5.6568875,5.3071356
P2TLH_GGTGTTACACAAGCCC_1,P2TLH,Non-inflammatory_Macrophage,Macrophage,8.673661,11.872675
P2TLH_ACGAGGAAGTGGTAGC_1,P2TLH,Non-inflammatory_Macrophage,Macrophage,-0.30282122,3.6893816
P2TLH_CTAGCCTGTGGTAACG_1,P2TLH,Non-inflammatory_Macrophage,Macrophage,-9.405477,4.475653
P2TLH_CGTCCATAGCCCGAAA_1,P2TLH,Non-inflammatory_Macrophage,Macrophage,3.3805041,8.387451
P2TLH_ACCTTTATCAGGATCT_1,P2TLH,Inflammatory_Macrophage,Macrophage,1.6685576,2.1894193
P3TLH_GATGCTATCTTAGCCC_1,P3TLH,Inflammatory_Macrophage,Macrophage,-0.224342,1.0488669
P3TLH_TGACTTTAGTCATGCT_1,P3TLH,Non-inflammatory_Macrophage,Macrophage,11.632024,6.4457293
P3TLH_CGGACTGTCTACCAGA_1,P3TLH,Non-inflammatory_Macrophage,Macrophage,0.10425976,3.424247
P3TLH_CATCGGGTCGAATGCT_1,P3TLH,Inflammatory_Macrophage,Macrophage,8.730975,-1.3168305
P3TLH_ACTTGTTGTCGGCACT_1,P3TLH,Non-inflammatory_Macrophage,Macrophage,14.441122,7.0461297
P3TLH_TGCCAAAAGAGGTTGC_1,P3TLH,Inflammatory_Macrophage,Macrophage,10.813867,0.14334446
P3TLH_TGGACGCGTCTAAACC_1,P3TLH,Inflammatory_Macrophage,Macrophage,4.208543,-1.8114672
P3TLH_CTTGGCTGTTCACCTC_1,P3TLH,Inflammatory_Macrophage,Macrophage,11.036846,1.8619509
P3TLH_ACATCAGGTCTAAACC_1,P3TLH,Inflammatory_Macrophage,Macrophage,1.3435453,0.094315305
P3TLH_TGCCCTAGTCTGCGGT_1,P3TLH,Inflammatory_Macrophage,Macrophage,6.4358807,-0.070662916
P3TLH_TCATTACTCCTCTAGC_1,P3TLH,Inflammatory_Macrophage,Macrophage,14.219448,5.1742654
P3TLH_TAGACCAGTTTAAGCC_1,P3TLH,Inflammatory_Macrophage,Macrophage,7.882941,2.6904855
P3TLH_TTGACTTTCTAACCGA_1,P3TLH,Inflammatory_Macrophage,Macrophage,8.400779,-2.9789343
P3TLH_GGCTCGATCTGTCTCG_1,P3TLH,Inflammatory_Macrophage,Macrophage,11.667838,-1.8511031
P3TLH_GGCTGGTGTAAACACA_1,P3TLH,Inflammatory_Macrophage,Macrophage,2.2210402,-0.15035976
P3TLH_CGATCGGGTATTAGCC_1,P3TLH,Inflammatory_Macrophage,Macrophage,-5.7289186,0.7531913
P3TLH_CCTACACAGCTACCTA_1,P3TLH,Inflammatory_Macrophage,Macrophage,-1.6918035,1.7748709
P3TLH_ATAACGCCAGTAAGCG_1,P3TLH,Inflammatory_Macrophage,Macrophage,4.487712,2.392309
P3TLH_GTGGGTCAGCAAATCA_1,P3TLH,Inflammatory_Macrophage,Macrophage,1.7642627,-0.17764029
P3TLH_CTCTACGAGGACATTA_1,P3TLH,Non-inflammatory_Macrophage,Macrophage,-0.76000977,7.9894223
P3TLH_ACAGCCGTCATTTGGG_1,P3TLH,Inflammatory_Macrophage,Macrophage,12.257611,-2.700118
P3TLH_ACGGCCATCCACGTGG_1,P3TLH,Inflammatory_Macrophage,Macrophage,9.333576,-3.0958235
P3TLH_CCCATACGTGCCTGTG_1,P3TLH,Inflammatory_Macrophage,Macrophage,3.7384322,-1.9752177
P3TLH_CAGCCGATCTCCAGGG_1,P3TLH,Inflammatory_Macrophage,Macrophage,7.511697,-8.488404
P3TLH_TGCTGCTTCGCGCCAA_1,P3TLH,Inflammatory_Macrophage,Macrophage,8.025541,1.9048251
P3TLH_CGTGTCTAGTTAACGA_1,P3TLH,Inflammatory_Macrophage,Macrophage,31.679548,2.1018505
P3TLH_ACACCGGAGACTAGGC_1,P3TLH,Inflammatory_Macrophage,Macrophage,11.346088,1.1108379
P3TLH_TGTCCCAGTATATGGA_1,P3TLH,Inflammatory_Macrophage,Macrophage,3.4227157,3.243308
P3TLH_ACGAGCCCACATTAGC_1,P3TLH,Inflammatory_Macrophage,Macrophage,-2.5135114,0.6211551
P3TLH_ACGCAGCCACCGGAAA_1,P3TLH,Inflammatory_Macrophage,Macrophage,10.354907,0.39857852
P3TLH_TAGTGGTAGTGTTTGC_1,P3TLH,Inflammatory_Macrophage,Macrophage,8.367923,-1.2246705
P3TLH_GCTTCCACACAACGCC_1,P3TLH,Inflammatory_Macrophage,Macrophage,4.8184114,-6.3927574
P3TLH_GATGAAATCCGTAGTA_1,P3TLH,Inflammatory_Macrophage,Macrophage,5.248052,2.9591672
P3TLH_AGGCCGTTCAACACTG_1,P3TLH,Inflammatory_Macrophage,Macrophage,0.69800925,2.4256897
P3TLH_CTTACCGAGTTGTAGA_1,P3TLH,Inflammatory_Macrophage,Macrophage,-3.4349973,-1.1463047
P3TLH_TTATGCTGTATCTGCA_1,P3TLH,Inflammatory_Macrophage,Macrophage,12.527884,-1.1625575
P3TLH_ACTTTCACATACTCTT_1,P3TLH,Inflammatory_Macrophage,Macrophage,4.3375945,-3.3962853
P3TLH_AATCCAGAGCTAGCCC_1,P3TLH,Inflammatory_Macrophage,Macrophage,7.962793,2.5965724
P3TLH_AGAGTGGGTCACTGGC_1,P3TLH,Inflammatory_Macrophage,Macrophage,4.7299395,1.4712075
P3TLH_CTAGCCTTCGGCCGAT_1,P3TLH,Inflammatory_Macrophage,Macrophage,3.1340687,2.2508934
P3TLH_TAAACCGCAGACGCCT_1,P3TLH,Inflammatory_Macrophage,Macrophage,-2.8056862,-0.32120863
P3TLH_TAAGAGATCCACTGGG_1,P3TLH,Inflammatory_Macrophage,Macrophage,1.7800145,-0.8735395
P3TLH_CATCGGGTCAACGGGA_1,P3TLH,Inflammatory_Macrophage,Macrophage,-3.4842722,0.20393595
P3TLH_CCTTTCTAGATCTGAA_1,P3TLH,Inflammatory_Macrophage,Macrophage,-12.513393,1.1526772
P3TLH_ATTTCTGGTCGGATCC_1,P3TLH,Inflammatory_Macrophage,Macrophage,-3.1112347,1.6338327
P3TLH_TGTATTCGTCGTTGTA_1,P3TLH,Inflammatory_Macrophage,Macrophage,16.830698,-0.28178468
P3TLH_GCGCAACTCATCACCC_1,P3TLH,Inflammatory_Macrophage,Macrophage,7.6229725,0.6302151
P3TLH_AACTCCCTCACGGTTA_1,P3TLH,Non-inflammatory_Macrophage,Macrophage,-1.1246464,5.7256045
P3TLH_CTAAGACCAAGCCCAC_1,P3TLH,Inflammatory_Macrophage,Macrophage,5.0615015,-4.0661874
P3TLH_CGGGTCAAGCAATCTC_1,P3TLH,Non-inflammatory_Macrophage,Macrophage,-1.6948441,4.629373
P3TLH_GCATGTAAGCCCAGCT_1,P3TLH,Inflammatory_Macrophage,Macrophage,5.035532,-4.16475
P3TLH_GGACATTCACGTCAGC_1,P3TLH,Inflammatory_Macrophage,Macrophage,0.81747276,-3.5080473
P3TLH_CAGCTGGTCGTGGTCG_1,P3TLH,Non-inflammatory_Macrophage,Macrophage,8.832933,4.34958
P3TLH_ATCATCTCAAACAACA_1,P3TLH,Inflammatory_Macrophage,Macrophage,3.7028918,1.6505104
P3TLH_GCTGCAGAGGTTCCTA_1,P3TLH,Inflammatory_Macrophage,Macrophage,14.78497,0.46508566
P3TLH_GCGCAGTGTACTCTCC_1,P3TLH,Inflammatory_Macrophage,Macrophage,37.441257,1.2687534
P3TLH_CCATTCGAGTACTTGC_1,P3TLH,Inflammatory_Macrophage,Macrophage,6.012248,1.4898586
P3TLH_AACCATGCAGTCGTGC_1,P3TLH,Inflammatory_Macrophage,Macrophage,21.590698,-1.2080626
P3TLH_TGGGCGTTCACGAAGG_1,P3TLH,Inflammatory_Macrophage,Macrophage,-1.8544579,-0.61183953
P3TLH_AAACGGGTCGGAGGTA_1,P3TLH,Inflammatory_Macrophage,Macrophage,-2.6526823,0.7305495
P3TLH_AGTAGTCGTTCGAATC_1,P3TLH,Non-inflammatory_Macrophage,Macrophage,1.8243154,3.4250517
P3TLH_GTCACAATCTGATTCT_1,P3TLH,Inflammatory_Macrophage,Macrophage,4.889364,0.23577525
P3TLH_GGTGCGTGTTCGTGAT_1,P3TLH,Inflammatory_Macrophage,Macrophage,3.261968,3.3605566
P3TLH_GGTATTGCAGCTGTTA_1,P3TLH,Inflammatory_Macrophage,Macrophage,23.228893,0.94086593
P3TLH_GCTTCCACAATCGAAA_1,P3TLH,Non-inflammatory_Macrophage,Macrophage,-4.544345,4.661403
P3TLH_CTGATCCAGAGCTATA_1,P3TLH,Inflammatory_Macrophage,Macrophage,5.680223,-2.4466531
P3TLH_GGATTACAGTTTCCTT_1,P3TLH,Inflammatory_Macrophage,Macrophage,-8.542664,-3.3376741
P3TLH_GACTAACGTAAGAGAG_1,P3TLH,Inflammatory_Macrophage,Macrophage,-7.4742875,1.9585482
P3TLH_GCAAACTAGAACAACT_1,P3TLH,Inflammatory_Macrophage,Macrophage,11.667083,2.7702222
P3TLH_ACTTTCATCAGTACGT_1,P3TLH,Inflammatory_Macrophage,Macrophage,10.438596,-1.2041969
P3TLH_CGTAGGCGTCTCTCGT_1,P3TLH,Inflammatory_Macrophage,Macrophage,-10.637527,0.3315112
P3TLH_AAGTCTGAGTTAAGTG_1,P3TLH,Inflammatory_Macrophage,Macrophage,5.8384376,4.4665694
P3TLH_TCATTACGTTTAAGCC_1,P3TLH,Non-inflammatory_Macrophage,Macrophage,-6.0295897,6.4903646
P3TLH_TGTATTCAGAAGGGTA_1,P3TLH,Inflammatory_Macrophage,Macrophage,-0.11900911,4.433525
P3TLH_GCCTCTAAGATGTGGC_1,P3TLH,Inflammatory_Macrophage,Macrophage,17.485636,-0.18002288
P3TLH_GCTTGAAAGATGCGAC_1,P3TLH,Inflammatory_Macrophage,Macrophage,11.086064,-6.10698
P3TLH_CTCGTACCATGTTCCC_1,P3TLH,Inflammatory_Macrophage,Macrophage,4.961288,-2.1544046
P3TLH_GATCGCGTCTAACTCT_1,P3TLH,Inflammatory_Macrophage,Macrophage,14.06359,2.9393394
P3TLH_ACTATCTAGGACGAAA_1,P3TLH,Inflammatory_Macrophage,Macrophage,7.535761,-0.9456453
P3TLH_TGTCCCACACGCCAGT_1,P3TLH,Non-inflammatory_Macrophage,Macrophage,-4.775493,3.6888275
P3TLH_GACTGCGTCACAACGT_1,P3TLH,Non-inflammatory_Macrophage,Macrophage,0.05789888,6.70127
P3TLH_GGACAGAAGAGGTTGC_1,P3TLH,Inflammatory_Macrophage,Macrophage,7.232065,-1.3538314
P3TLH_TGCTGCTCAAGCGAGT_1,P3TLH,Inflammatory_Macrophage,Macrophage,7.255249,-2.3456311
P3TLH_ACTGAACGTCCGTTAA_1,P3TLH,Inflammatory_Macrophage,Macrophage,8.560578,-0.12585542
P3TLH_CGCGTTTCAAACTGTC_1,P3TLH,Inflammatory_Macrophage,Macrophage,-5.9273777,1.4987967
P3TLH_AGGTCATGTCGAACAG_1,P3TLH,Inflammatory_Macrophage,Macrophage,-6.0416665,0.7731794
P3TLH_TGCCAAAGTAGCCTCG_1,P3TLH,Non-inflammatory_Macrophage,Macrophage,1.599449,6.6789966
P3TLH_CAACTAGCACCGTTGG_1,P3TLH,Inflammatory_Macrophage,Macrophage,-9.589441,1.8658363
P3TLH_CCAATCCTCCAGTATG_1,P3TLH,Inflammatory_Macrophage,Macrophage,-9.9005995,-0.6815074
P3TLH_CTGAAGTCAAGCGCTC_1,P3TLH,Inflammatory_Macrophage,Macrophage,8.960653,0.40190512
P3TLH_CATGGCGTCTGCAGTA_1,P3TLH,Inflammatory_Macrophage,Macrophage,-2.0878458,-1.9142174
P3TLH_ACGGGTCTCGGTCCGA_1,P3TLH,Non-inflammatory_Macrophage,Macrophage,-5.6295166,5.5819573
P3TLH_ATAAGAGAGATGCCTT_1,P3TLH,Non-inflammatory_Macrophage,Macrophage,6.3095756,6.4286017
P3TLH_GGCTCGATCGACAGCC_1,P3TLH,Inflammatory_Macrophage,Macrophage,6.4581714,-4.359041
P3TLH_GATCGATGTTCACGGC_1,P3TLH,Inflammatory_Macrophage,Macrophage,13.011852,-1.48135
P3TLH_CAACCAAGTCGGATCC_1,P3TLH,Inflammatory_Macrophage,Macrophage,12.851537,-5.21264
P3TLH_ACGGCCAGTCGCCATG_1,P3TLH,Non-inflammatory_Macrophage,Macrophage,-1.2161604,3.0110323
P3TLH_CAGAGAGAGTAGTGCG_1,P3TLH,Inflammatory_Macrophage,Macrophage,-1.7017754,-0.14372751
P3TLH_GGCGACTAGCCCAGCT_1,P3TLH,Inflammatory_Macrophage,Macrophage,6.334475,1.0116675
P3TLH_AACACGTAGTCTTGCA_1,P3TLH,Inflammatory_Macrophage,Macrophage,6.1985397,0.83418065
P3TLH_GCATGATCACGAGGTA_1,P3TLH,Inflammatory_Macrophage,Macrophage,23.6411,-3.4463468
P3TLH_GTAACGTGTCGAGTTT_1,P3TLH,Inflammatory_Macrophage,Macrophage,1.7324027,-1.0220445
P3TLH_CTCGTCAAGCCAACAG_1,P3TLH,Non-inflammatory_Macrophage,Macrophage,-0.7785428,3.2888062
P3TLH_CTAGAGTTCACAATGC_1,P3TLH,Inflammatory_Macrophage,Macrophage,3.3578856,0.9711146
P3TLH_GGACATTTCGTGACAT_1,P3TLH,Inflammatory_Macrophage,Macrophage,-5.1491632,0.5645619
P3TLH_ACTTGTTAGGCTCATT_1,P3TLH,Inflammatory_Macrophage,Macrophage,4.091633,1.3095586
P3TLH_AGTGGGAGTTTCGCTC_1,P3TLH,Inflammatory_Macrophage,Macrophage,5.976304,-1.6485418
P3TLH_TGTCCCAGTCTGGTCG_1,P3TLH,Inflammatory_Macrophage,Macrophage,6.2449346,-1.4281904
P3TLH_CCGGTAGCAAGGGTCA_1,P3TLH,Non-inflammatory_Macrophage,Macrophage,4.7941523,4.644365
P3TLH_AACGTTGAGCTGATAA_1,P3TLH,Inflammatory_Macrophage,Macrophage,0.8451193,-0.73006326
P3TLH_GATGAGGAGAACAACT_1,P3TLH,Inflammatory_Macrophage,Macrophage,8.482996,1.1147856
P3TLH_CCCAATCAGAGATGAG_1,P3TLH,Inflammatory_Macrophage,Macrophage,10.269652,-3.3751857
P3TLH_GTGCAGCCACGGCGTT_1,P3TLH,Inflammatory_Macrophage,Macrophage,4.301412,0.7108907
P3TLH_TTCGAAGTCTACGAGT_1,P3TLH,Inflammatory_Macrophage,Macrophage,-7.6468587,-0.44537172
P3TLH_CGATTGAAGCGCTTAT_1,P3TLH,Inflammatory_Macrophage,Macrophage,0.6810483,-1.026067
P3TLH_ATGAGGGTCACTTATC_1,P3TLH,Non-inflammatory_Macrophage,Macrophage,1.9362248,10.096065
P3TLH_AGTTGGTAGAGACTAT_1,P3TLH,Inflammatory_Macrophage,Macrophage,49.41416,7.0521255
P3TLH_GGAATAAAGCAATATG_1,P3TLH,Non-inflammatory_Macrophage,Macrophage,-2.240995,6.779951
P3TLH_CTGTGCTCATTTCACT_1,P3TLH,Inflammatory_Macrophage,Macrophage,3.1692653,-4.0123262
P3TLH_CCACTACCATGCAATC_1,P3TLH,Non-inflammatory_Macrophage,Macrophage,11.256814,11.695894
P3TLH_TCTTCGGGTCTAGTCA_1,P3TLH,Inflammatory_Macrophage,Macrophage,3.9884176,0.78940725
P3TLH_TTGCCGTAGGCTCAGA_1,P3TLH,Inflammatory_Macrophage,Macrophage,0.6642595,5.928788
P3TLH_GGAGCAACAGACAAGC_1,P3TLH,Inflammatory_Macrophage,Macrophage,18.684183,2.4720476
P3TLH_ACCGTAACAAGCGTAG_1,P3TLH,Inflammatory_Macrophage,Macrophage,-9.036183,1.7521533
P3TLH_GTATTCTTCCTATTCA_1,P3TLH,Inflammatory_Macrophage,Macrophage,16.72915,6.094125
P3TLH_ATTACTCGTACGCTGC_1,P3TLH,Inflammatory_Macrophage,Macrophage,6.971269,-0.08069369
P3TLH_TCTTTCCAGCAGGTCA_1,P3TLH,Inflammatory_Macrophage,Macrophage,0.71224695,1.173786
P3TLH_TACTCATCATCGGTTA_1,P3TLH,Inflammatory_Macrophage,Macrophage,22.55589,-1.6991848
P3TLH_ACATACGGTACAGCAG_1,P3TLH,Inflammatory_Macrophage,Macrophage,22.073994,-4.3886094
P3TLH_TCGCGAGAGTGAACGC_1,P3TLH,Inflammatory_Macrophage,Macrophage,1.2417502,-3.412076
P3TLH_CACATTTCAGGTCGTC_1,P3TLH,Inflammatory_Macrophage,Macrophage,6.217467,-1.9518278
P3TLH_GGAGCAAGTTAAGAAC_1,P3TLH,Inflammatory_Macrophage,Macrophage,12.998249,-0.9457243
P3TLH_CTGTTTATCGGAAACG_1,P3TLH,Inflammatory_Macrophage,Macrophage,3.0586615,-0.078159556
P3TLH_GCTCCTAAGATATACG_1,P3TLH,Inflammatory_Macrophage,Macrophage,3.5467443,1.6926798
P3TLH_GTTCGGGAGATATACG_1,P3TLH,Inflammatory_Macrophage,Macrophage,-0.9001129,1.2079327
P3TLH_AGTGAGGAGGTAGCTG_1,P3TLH,Inflammatory_Macrophage,Macrophage,6.3880544,-5.9661827
P3TLH_TGAAAGAGTTCTCATT_1,P3TLH,Inflammatory_Macrophage,Macrophage,8.219442,-0.7264434
P3TLH_TTGGAACGTCTCTTAT_1,P3TLH,Inflammatory_Macrophage,Macrophage,13.6586,3.8531797
P3TLH_TGCGTGGAGACGCACA_1,P3TLH,Inflammatory_Macrophage,Macrophage,-7.6084743,3.7820146
P3TLH_AAAGTAGCATGGAATA_1,P3TLH,Inflammatory_Macrophage,Macrophage,5.496234,-6.821252
P3TLH_CTCAGAACACGGACAA_1,P3TLH,Inflammatory_Macrophage,Macrophage,4.7646685,3.3654327
P3TLH_TTGGAACGTTCCACTC_1,P3TLH,Inflammatory_Macrophage,Macrophage,32.557255,0.9939279
P3TLH_CATATGGGTTGGAGGT_1,P3TLH,Inflammatory_Macrophage,Macrophage,7.9668794,-0.5534968
P3TLH_TCGTAGAAGACAGAGA_1,P3TLH,Inflammatory_Macrophage,Macrophage,2.7936366,-0.8033643
P3TLH_TTTACTGGTCTCCCTA_1,P3TLH,Inflammatory_Macrophage,Macrophage,5.084984,-1.460695
P3TLH_CGATTGAGTAGCTCCG_1,P3TLH,Inflammatory_Macrophage,Macrophage,4.9339457,-3.1211243
P3TLH_ATGAGGGAGGGATACC_1,P3TLH,Inflammatory_Macrophage,Macrophage,7.349871,-2.0565524
P3TLH_GGTGCGTTCTATCCTA_1,P3TLH,Inflammatory_Macrophage,Macrophage,-1.3282253,-1.8638318
P3TLH_TACGGGCGTCATACTG_1,P3TLH,Inflammatory_Macrophage,Macrophage,1.6770749,-5.002688
P3TLH_GAACATCGTCATCCCT_1,P3TLH,Inflammatory_Macrophage,Macrophage,1.7005084,2.3716211
P3TLH_GGCGTGTTCTCTAGGA_1,P3TLH,Inflammatory_Macrophage,Macrophage,7.899482,-5.0386777
P3TLH_CAGTCCTTCTCCAGGG_1,P3TLH,Inflammatory_Macrophage,Macrophage,-7.174065,0.4120183
P3TLH_CGGCTAGTCAATCACG_1,P3TLH,Inflammatory_Macrophage,Macrophage,2.2817824,7.7600036
P3TLH_TCACGAAGTCAACTGT_1,P3TLH,Inflammatory_Macrophage,Macrophage,11.677901,3.2835963
P3TLH_TACAGTGGTACCGTAT_1,P3TLH,Inflammatory_Macrophage,Macrophage,-4.785091,-3.0210946
P3TLH_TCAGCAAAGTATCTCG_1,P3TLH,Inflammatory_Macrophage,Macrophage,-4.901857,-0.95358
P3TLH_AGCGTATAGCTAGGCA_1,P3TLH,Inflammatory_Macrophage,Macrophage,2.2997844,-4.1949596
P3TLH_TGGCCAGAGATAGGAG_1,P3TLH,Inflammatory_Macrophage,Macrophage,18.880276,1.4538817
P3TLH_TCTCATATCACCTCGT_1,P3TLH,Inflammatory_Macrophage,Macrophage,-3.347969,0.3509494
P3TLH_GATGAAAGTCACCTAA_1,P3TLH,Inflammatory_Macrophage,Macrophage,11.867227,-0.13653888
P3TLH_GTCACGGAGCGTTTAC_1,P3TLH,Inflammatory_Macrophage,Macrophage,-6.7298055,3.1727386
P3TLH_AAGGTTCCAATGAAAC_1,P3TLH,Non-inflammatory_Macrophage,Macrophage,-6.1256514,5.2669544
P3TLH_ATGGGAGGTAAATGTG_1,P3TLH,Inflammatory_Macrophage,Macrophage,-4.945129,-2.0096974
P3TLH_CCTTCGAAGGCGCTCT_1,P3TLH,Inflammatory_Macrophage,Macrophage,-5.418288,1.6533991
P3TLH_TCAGCAAAGTGAACAT_1,P3TLH,Inflammatory_Macrophage,Macrophage,7.182409,-2.0196986
P3TLH_CCGTACTAGTTAACGA_1,P3TLH,Inflammatory_Macrophage,Macrophage,8.262442,1.4497011
P3TLH_GGTGCGTGTATGGTTC_1,P3TLH,Inflammatory_Macrophage,Macrophage,1.6613816,-0.295167
P3TLH_AAATGCCGTGACAAAT_1,P3TLH,Inflammatory_Macrophage,Macrophage,-0.64102256,-6.624342
P3TLH_TGAGCCGCATGAAGTA_1,P3TLH,Inflammatory_Macrophage,Macrophage,6.8552537,-4.2811737
P3TLH_GCATGATCACTGCCAG_1,P3TLH,Inflammatory_Macrophage,Macrophage,-0.22314797,-3.043732
P3TLH_ACGGGCTTCGGCTTGG_1,P3TLH,Inflammatory_Macrophage,Macrophage,7.0438704,-1.5974686
P3TLH_TACGGTAGTCTAGAGG_1,P3TLH,Inflammatory_Macrophage,Macrophage,2.627475,-1.0255641
P3TLH_TCGTAGATCATCGCTC_1,P3TLH,Inflammatory_Macrophage,Macrophage,-1.0724126,-1.400027
P3TLH_ACGCAGCAGGCTCATT_1,P3TLH,Inflammatory_Macrophage,Macrophage,-5.2093096,1.0574312
P3TLH_CTGTTTACAAAGGAAG_1,P3TLH,Inflammatory_Macrophage,Macrophage,0.30885682,-2.0881915
P3TLH_TTTGCGCGTGAAAGAG_1,P3TLH,Inflammatory_Macrophage,Macrophage,7.3252006,4.108623
P3TLH_CTCGTCAGTCTAACGT_1,P3TLH,Inflammatory_Macrophage,Macrophage,20.336903,0.054913744
P3TLH_CCACCTAGTGTTTGTG_1,P3TLH,Inflammatory_Macrophage,Macrophage,15.277979,2.8441598
P3TLH_TCCCGATCACCTTGTC_1,P3TLH,Inflammatory_Macrophage,Macrophage,8.836281,-0.39995056
P3TLH_CACCTTGTCACAACGT_1,P3TLH,Inflammatory_Macrophage,Macrophage,7.251526,2.9974334
P3TLH_CGTTAGATCAACTCTT_1,P3TLH,Inflammatory_Macrophage,Macrophage,0.8849644,1.0202277
P3TLH_GCGCAACCATGCCACG_1,P3TLH,Inflammatory_Macrophage,Macrophage,0.4985371,0.35538438
P3TLH_GACCAATGTACCGCTG_1,P3TLH,Inflammatory_Macrophage,Macrophage,-7.500787,-2.634513
P3TLH_CACAAACAGAAGGTTT_1,P3TLH,Inflammatory_Macrophage,Macrophage,1.7173502,-5.4281187
P3TLH_TTGCCGTGTTGCTCCT_1,P3TLH,Inflammatory_Macrophage,Macrophage,2.2621186,2.2607903
P3TLH_CAGCTGGAGAACTGTA_1,P3TLH,Inflammatory_Macrophage,Macrophage,-3.851031,-5.1257515
P3TLH_TGGGCGTTCAGTTCGA_1,P3TLH,Inflammatory_Macrophage,Macrophage,-5.166785,0.06933649
P3TLH_CCCAGTTAGCCTATGT_1,P3TLH,Inflammatory_Macrophage,Macrophage,1.2198632,-2.9046676
P3TLH_TGGCCAGGTTGATTCG_1,P3TLH,Inflammatory_Macrophage,Macrophage,6.1606927,-2.3324742
P3TLH_TAGTTGGTCCTGTAGA_1,P3TLH,Inflammatory_Macrophage,Macrophage,11.261445,-1.782664
P3TLH_GAACCTAGTCTCCATC_1,P3TLH,Inflammatory_Macrophage,Macrophage,7.641604,3.2526624
P3TLH_CCGTTCAGTTTACTCT_1,P3TLH,Inflammatory_Macrophage,Macrophage,17.7783,1.572907
P3TLH_GTGGGTCCAGCTCGCA_1,P3TLH,Non-inflammatory_Macrophage,Macrophage,24.947163,15.197535
P3TLH_TTGGAACAGGGAGTAA_1,P3TLH,Inflammatory_Macrophage,Macrophage,10.527931,2.6382442
P3TLH_TGGACGCAGCGAAGGG_1,P3TLH,Non-inflammatory_Macrophage,Macrophage,0.3588338,6.0834
P3TLH_TCTTCGGCACTAGTAC_1,P3TLH,Inflammatory_Macrophage,Macrophage,9.753804,1.4239542
P3TLH_TTGAACGCAGACGCTC_1,P3TLH,Inflammatory_Macrophage,Macrophage,31.987448,4.6236916
P3TLH_CTCGGGATCCCTTGTG_1,P3TLH,Inflammatory_Macrophage,Macrophage,11.516935,-0.71426713
P3TLH_ATCCACCTCAGTGCAT_1,P3TLH,Inflammatory_Macrophage,Macrophage,15.080173,-1.2384937
P3TLH_CGATGTAAGGCCCGTT_1,P3TLH,Inflammatory_Macrophage,Macrophage,-2.708103,0.66680664
P3TLH_TCCACACCAGTATAAG_1,P3TLH,Non-inflammatory_Macrophage,Macrophage,-8.8811865,2.7511804
P3TLH_TCATTACGTAGATTAG_1,P3TLH,Inflammatory_Macrophage,Macrophage,13.36164,2.5886316
P3TLH_CATATTCCAGATGAGC_1,P3TLH,Inflammatory_Macrophage,Macrophage,18.545738,-1.0777287
P3TLH_ATCCACCGTAGGGTAC_1,P3TLH,Inflammatory_Macrophage,Macrophage,16.611795,-4.4814267
P3TLH_GACTACACAGCCTATA_1,P3TLH,Inflammatory_Macrophage,Macrophage,2.869347,2.4485672
P3TLH_CATTCGCCAGACAAAT_1,P3TLH,Inflammatory_Macrophage,Macrophage,-0.80526847,0.7653572
P3TLH_CTGTGCTGTACATCCA_1,P3TLH,Non-inflammatory_Macrophage,Macrophage,6.2511864,7.982068
P3TLH_TGGCTGGAGAGGTTGC_1,P3TLH,Inflammatory_Macrophage,Macrophage,17.162415,1.4964879
P3TLH_TGGCTGGTCCCTGACT_1,P3TLH,Inflammatory_Macrophage,Macrophage,17.871988,0.3588969
P3TLH_GGGAGATAGCTCCCAG_1,P3TLH,Inflammatory_Macrophage,Macrophage,14.320392,5.2870035
P3TLH_ACTGTCCGTCGCGAAA_1,P3TLH,Inflammatory_Macrophage,Macrophage,3.9593763,0.43349496
P3TLH_GTGAAGGAGGCACATG_1,P3TLH,Inflammatory_Macrophage,Macrophage,2.4928997,2.573062
P3TLH_CCGGTAGGTCTCCATC_1,P3TLH,Non-inflammatory_Macrophage,Macrophage,-1.7059126,4.7938824
P3TLH_CTCGTCAGTAACGCGA_1,P3TLH,Inflammatory_Macrophage,Macrophage,32.85748,-3.808026
P3TLH_TTTGCGCTCTGCCCTA_1,P3TLH,Inflammatory_Macrophage,Macrophage,-11.582024,0.28825235
P3TLH_TTAGGACGTGTGCGTC_1,P3TLH,Inflammatory_Macrophage,Macrophage,9.9208975,-2.5012121
P3TLH_CGATGGCAGTTACGGG_1,P3TLH,Inflammatory_Macrophage,Macrophage,7.91264,1.6245937
P3TLH_GTTTCTAAGGATGTAT_1,P3TLH,Inflammatory_Macrophage,Macrophage,2.2859163,-4.7152042
P3TLH_TCAGCTCGTCGAACAG_1,P3TLH,Inflammatory_Macrophage,Macrophage,2.390651,-3.3263335
P3TLH_ATCCGAAAGCGTGTCC_1,P3TLH,Inflammatory_Macrophage,Macrophage,6.9911885,-3.8434496
P3TLH_ACAGCCGAGAGCTATA_1,P3TLH,Inflammatory_Macrophage,Macrophage,-0.5638193,3.968047
P3TLH_CATATTCCACCGAATT_1,P3TLH,Inflammatory_Macrophage,Macrophage,9.269022,-5.471391
P3TLH_CATATGGTCGTACCGG_1,P3TLH,Inflammatory_Macrophage,Macrophage,4.255202,0.4876928
P3TLH_CCTAGCTTCAGCACAT_1,P3TLH,Inflammatory_Macrophage,Macrophage,4.145838,0.16294475
P3TLH_CAGCTGGGTCGTGGCT_1,P3TLH,Inflammatory_Macrophage,Macrophage,7.182903,-1.9515487
P3TLH_CCTCTGAGTAACGCGA_1,P3TLH,Non-inflammatory_Macrophage,Macrophage,-4.640934,5.380157
P3TLH_AAACCTGCAATGACCT_1,P3TLH,Inflammatory_Macrophage,Macrophage,9.081213,-0.6954976
P3TLH_CTCGAGGAGGCTCATT_1,P3TLH,Inflammatory_Macrophage,Macrophage,5.871589,0.0470244
P3TLH_TATCTCAAGACACTAA_1,P3TLH,Inflammatory_Macrophage,Macrophage,2.10577,-3.2174594
P3TLH_TTGAACGAGGTGATTA_1,P3TLH,Inflammatory_Macrophage,Macrophage,8.600204,0.36836413
P3TLH_CGTCCATTCGTTGCCT_1,P3TLH,Non-inflammatory_Macrophage,Macrophage,4.0023727,1.5791687
P3TLH_ATGGGAGGTTTACTCT_1,P3TLH,Inflammatory_Macrophage,Macrophage,25.294071,-0.4361773
P3TLH_GCGCAGTGTTGGAGGT_1,P3TLH,Inflammatory_Macrophage,Macrophage,11.388456,2.0044215
P3TLH_CTCACACGTACGCTGC_1,P3TLH,Inflammatory_Macrophage,Macrophage,0.14735152,-2.9997344
P3TLH_TTGCCGTGTCGCCATG_1,P3TLH,Inflammatory_Macrophage,Macrophage,13.314912,-0.49847642
P3TLH_TACTTACGTACAGACG_1,P3TLH,Inflammatory_Macrophage,Macrophage,9.917522,-0.13016175
P3TLH_GGTATTGCACATTTCT_1,P3TLH,Inflammatory_Macrophage,Macrophage,2.6845584,-0.7931276
P3TLH_ACGCCAGCAGACGCAA_1,P3TLH,Inflammatory_Macrophage,Macrophage,3.7707777,1.7505771
P3TLH_TTGAACGCAAACGTGG_1,P3TLH,Inflammatory_Macrophage,Macrophage,4.849564,-6.7139854
P3TLH_CGATCGGAGTCAATAG_1,P3TLH,Inflammatory_Macrophage,Macrophage,15.056404,-4.9545145
P3TLH_GCCAAATCACACGCTG_1,P3TLH,Inflammatory_Macrophage,Macrophage,6.97294,0.38567224
P3TLH_TCAACGACACACCGAC_1,P3TLH,Inflammatory_Macrophage,Macrophage,-1.3722105,0.40339985
P3TLH_TAGACCAGTCAGAGGT_1,P3TLH,Inflammatory_Macrophage,Macrophage,8.592627,0.35241136
P3TLH_GCATGTACACGTGAGA_1,P3TLH,Non-inflammatory_Macrophage,Macrophage,2.3973954,5.78599
P4TLH_ATGGGAGGTCGGATCC_1,P4TLH,Inflammatory_Macrophage,Macrophage,-4.3407965,3.0828745
P4TLH_ATAGACCCAGTTCCCT_1,P4TLH,Inflammatory_Macrophage,Macrophage,31.706457,1.7892143
P4TLH_CTCGTCAGTCTCCATC_1,P4TLH,Non-inflammatory_Macrophage,Macrophage,-3.69402,3.4539502
P4TLH_AAGACCTTCTGCCAGG_1,P4TLH,Non-inflammatory_Macrophage,Macrophage,-3.1768026,3.2210815
P4TLH_TGTATTCTCACCCGAG_1,P4TLH,Inflammatory_Macrophage,Macrophage,-2.2987187,1.0000777
P4TLH_CACACAACATCGATGT_1,P4TLH,Non-inflammatory_Macrophage,Macrophage,-3.9730177,3.2947679
P4TLH_AAAGATGAGGACGAAA_1,P4TLH,Non-inflammatory_Macrophage,Macrophage,-6.606246,4.166978
P4TLH_ACGGGCTAGCGTTGCC_1,P4TLH,Inflammatory_Macrophage,Macrophage,-6.572857,-3.7963355
P4TLH_GGATGTTCAGCTGTAT_1,P4TLH,Non-inflammatory_Macrophage,Macrophage,-6.5292573,5.351456
P4TLH_GCATGTACATGTCTCC_1,P4TLH,Non-inflammatory_Macrophage,Macrophage,0.38707444,3.5015302
P4TLH_ATCTGCCAGCGTAATA_1,P4TLH,Inflammatory_Macrophage,Macrophage,-2.4176073,-0.56159467
P4TLH_CATCAAGGTGCACGAA_1,P4TLH,Non-inflammatory_Macrophage,Macrophage,-6.2002916,4.2421546
P4TLH_TCACAAGCACGGTGTC_1,P4TLH,Inflammatory_Macrophage,Macrophage,-1.6331588,0.69951195
P4TLH_GCCTCTACAAACTGTC_1,P4TLH,Non-inflammatory_Macrophage,Macrophage,7.774368,10.7421875
P4TLH_TCTCATAGTTAAAGTG_1,P4TLH,Non-inflammatory_Macrophage,Macrophage,-8.0526495,3.966966
P4TLH_CTAAGACTCTGCTGTC_1,P4TLH,Inflammatory_Macrophage,Macrophage,-4.121175,3.1411304
P4TLH_ATCATCTAGTGCAAGC_1,P4TLH,Inflammatory_Macrophage,Macrophage,4.357468,-6.479956
P4TLH_CGAACATTCACGCATA_1,P4TLH,Inflammatory_Macrophage,Macrophage,-1.3336538,-1.5216402
P4TLH_CTTGGCTGTGAACCTT_1,P4TLH,Non-inflammatory_Macrophage,Macrophage,-1.3451772,4.14405
P4TLH_AAATGCCTCACGCATA_1,P4TLH,Non-inflammatory_Macrophage,Macrophage,0.25707603,4.4103556
P4TLH_AACCATGCACCAGCAC_1,P4TLH,Inflammatory_Macrophage,Macrophage,18.72257,0.038225338
P4TLH_TGCCCATGTGTTGAGG_1,P4TLH,Inflammatory_Macrophage,Macrophage,38.031746,6.1629252
P4TLH_TCAGCAAAGTGGTAGC_1,P4TLH,Inflammatory_Macrophage,Macrophage,-6.3145123,0.672642
P4TLH_AGCATACAGACCGGAT_1,P4TLH,Inflammatory_Macrophage,Macrophage,-11.29767,-2.3789825
P4TLH_CAGTCCTGTCATCCCT_1,P4TLH,Non-inflammatory_Macrophage,Macrophage,-0.43429953,2.301129
P4TLH_CTAGAGTCACATGACT_1,P4TLH,Non-inflammatory_Macrophage,Macrophage,-7.259194,4.225176
P4TLH_AATCCAGCAGAAGCAC_1,P4TLH,Non-inflammatory_Macrophage,Macrophage,-1.8483951,4.738174
P4TLH_TCTGGAATCCGCATCT_1,P4TLH,Inflammatory_Macrophage,Macrophage,-2.650849,2.3979013
P4TLH_AGGCCACTCCCAGGTG_1,P4TLH,Non-inflammatory_Macrophage,Macrophage,1.7186655,3.2374475
P4TLH_GGTATTGTCCGCAAGC_1,P4TLH,Inflammatory_Macrophage,Macrophage,13.594354,-7.5097528
P4TLH_CTGATCCTCTTGTCAT_1,P4TLH,Inflammatory_Macrophage,Macrophage,-5.1738153,2.34054
P4TLH_TGCGTGGAGAATTCCC_1,P4TLH,Non-inflammatory_Macrophage,Macrophage,11.9686575,6.6327224
P4TLH_CATCCACGTCAGATAA_1,P4TLH,Inflammatory_Macrophage,Macrophage,0.34867513,-2.472917
P4TLH_GGTGAAGAGTAGCCGA_1,P4TLH,Inflammatory_Macrophage,Macrophage,2.6488569,-0.51915354
P4TLH_TTCTCCTAGCTGAAAT_1,P4TLH,Non-inflammatory_Macrophage,Macrophage,-3.113205,2.4280174
P4TLH_CGTAGCGCACATCCGG_1,P4TLH,Non-inflammatory_Macrophage,Macrophage,11.652898,6.303748
P4TLH_CCCATACCACTCGACG_1,P4TLH,Non-inflammatory_Macrophage,Macrophage,1.4001169,3.6377132
P4TLH_GAATGAAGTCCGTTAA_1,P4TLH,Non-inflammatory_Macrophage,Macrophage,9.117087,6.643929
P4TLH_GCAGTTACAGCAGTTT_1,P4TLH,Inflammatory_Macrophage,Macrophage,29.954035,0.4593466
P4TLH_GGAACTTGTTCCATGA_1,P4TLH,Non-inflammatory_Macrophage,Macrophage,-2.4310393,4.3520565
P4TLH_GTACGTAGTAGCGCTC_1,P4TLH,Non-inflammatory_Macrophage,Macrophage,-1.5317978,3.2089632
P4TLH_TTGGCAAAGAAGGCCT_1,P4TLH,Non-inflammatory_Macrophage,Macrophage,-5.3353868,4.616074
P4TLH_TCCCGATCATCATCCC_1,P4TLH,Inflammatory_Macrophage,Macrophage,0.8265931,1.5662276
P4TLH_GGGCACTAGACACTAA_1,P4TLH,Non-inflammatory_Macrophage,Macrophage,-6.412792,2.243174
P4TLH_GGCAATTAGGCATGTG_1,P4TLH,Inflammatory_Macrophage,Macrophage,1.2861234,0.6373899
P4TLH_CCTACACTCACCATAG_1,P4TLH,Non-inflammatory_Macrophage,Macrophage,-3.8575974,4.159071
P4TLH_CTTACCGTCTTGTATC_1,P4TLH,Non-inflammatory_Macrophage,Macrophage,2.870805,7.6835914
P4TLH_CTCTAATCATCTATGG_1,P4TLH,Non-inflammatory_Macrophage,Macrophage,-3.4020727,4.8535843
P4TLH_CCTCAGTCATCCTTGC_1,P4TLH,Non-inflammatory_Macrophage,Macrophage,-0.2480955,2.981847
P4TLH_ATCATGGAGTCCAGGA_1,P4TLH,Non-inflammatory_Macrophage,Macrophage,-0.9288244,2.3494833
P4TLH_CGGTTAAGTTCCACGG_1,P4TLH,Inflammatory_Macrophage,Macrophage,8.21442,2.0707803
P4TLH_ACCTTTACATTCGACA_1,P4TLH,Inflammatory_Macrophage,Macrophage,3.8430219,2.9863245
P4TLH_ATGGGAGTCTCTAAGG_1,P4TLH,Inflammatory_Macrophage,Macrophage,0.90792626,0.55135393
P4TLH_GACGTTAGTAGTACCT_1,P4TLH,Non-inflammatory_Macrophage,Macrophage,-3.728502,3.5930402
P4TLH_AACTCTTGTTCCACAA_1,P4TLH,Inflammatory_Macrophage,Macrophage,12.099276,-4.068219
P4TLH_ACACCAATCAGAGCTT_1,P4TLH,Inflammatory_Macrophage,Macrophage,7.261144,-6.227529
P4TLH_CGTTCTGAGATCTGCT_1,P4TLH,Inflammatory_Macrophage,Macrophage,-1.3960526,-6.183679
P4TLH_TGCCCTAAGACTGGGT_1,P4TLH,Non-inflammatory_Macrophage,Macrophage,-8.614389,4.7936845
P4TLH_GGCCGATAGCCACGTC_1,P4TLH,Non-inflammatory_Macrophage,Macrophage,-6.284818,4.57874
P4TLH_CAGCAGCAGACCCACC_1,P4TLH,Inflammatory_Macrophage,Macrophage,1.4456829,-7.0188255
P4TLH_AGACGTTCATTACCTT_1,P4TLH,Non-inflammatory_Macrophage,Macrophage,-4.517101,3.873646
P4TLH_AAACGGGTCTGATACG_1,P4TLH,Inflammatory_Macrophage,Macrophage,-0.31164107,-3.0227103
P4TLH_GTGTGCGTCGCCGTGA_1,P4TLH,Inflammatory_Macrophage,Macrophage,2.809955,4.099889
P4TLH_GCTTGAAAGTGTCTCA_1,P4TLH,Non-inflammatory_Macrophage,Macrophage,5.214991,3.7457914
P4TLH_AAGGTTCTCAATACCG_1,P4TLH,Inflammatory_Macrophage,Macrophage,-0.68155545,-0.7288403
P4TLH_CATATGGAGTTCGCAT_1,P4TLH,Inflammatory_Macrophage,Macrophage,6.0952687,-1.6533679
P4TLH_CACACCTGTCGATTGT_1,P4TLH,Non-inflammatory_Macrophage,Macrophage,-1.1957817,5.093141
P4TLH_AGAGTGGTCTTCGAGA_1,P4TLH,Non-inflammatory_Macrophage,Macrophage,1.0863415,5.982921
P4TLH_TGATTTCTCTGCGTAA_1,P4TLH,Inflammatory_Macrophage,Macrophage,4.856234,-0.2969679
P4TLH_ACACTGATCTTGCCGT_1,P4TLH,Inflammatory_Macrophage,Macrophage,-0.68501157,2.3111994
P4TLH_GTAGGCCTCAAAGTAG_1,P4TLH,Non-inflammatory_Macrophage,Macrophage,-2.9413729,4.5358458
P4TLH_CGCCAAGAGCGACGTA_1,P4TLH,Inflammatory_Macrophage,Macrophage,2.9566278,-4.918349
P4TLH_GACAGAGAGACTGTAA_1,P4TLH,Inflammatory_Macrophage,Macrophage,0.48880634,0.7803544
P4TLH_CGACCTTAGCCACTAT_1,P4TLH,Non-inflammatory_Macrophage,Macrophage,-5.066369,3.106195
P4TLH_GCCAAATTCCCTTGCA_1,P4TLH,Inflammatory_Macrophage,Macrophage,5.251911,-3.1524258
P4TLH_ACCCACTCAATGGAGC_1,P4TLH,Inflammatory_Macrophage,Macrophage,0.56475437,-6.3212686
P4TLH_ACTGATGTCGCCTGTT_1,P4TLH,Inflammatory_Macrophage,Macrophage,0.4833387,1.3697201
P4TLH_CACATTTGTGTGACCC_1,P4TLH,Inflammatory_Macrophage,Macrophage,1.2589929,-0.9959974
P4TLH_ACTTGTTTCTAACTCT_1,P4TLH,Non-inflammatory_Macrophage,Macrophage,-0.9891779,3.9111567
P4TLH_AACCATGAGATGCCTT_1,P4TLH,Inflammatory_Macrophage,Macrophage,-0.44463608,-5.972767
P4TLH_AAATGCCTCGTAGGTT_1,P4TLH,Inflammatory_Macrophage,Macrophage,27.094366,1.8140601
P4TLH_CCTACCACAAGCGCTC_1,P4TLH,Non-inflammatory_Macrophage,Macrophage,-2.4290307,5.5928974
P4TLH_CGTTCTGCAGGGTATG_1,P4TLH,Non-inflammatory_Macrophage,Macrophage,-4.836179,3.1756575
P4TLH_TACCTTAAGGAACTGC_1,P4TLH,Inflammatory_Macrophage,Macrophage,6.882722,-3.1426213
P4TLH_CGGAGTCGTTCATGGT_1,P4TLH,Inflammatory_Macrophage,Macrophage,2.9809868,-3.012885
P4TLH_CATATGGCAGACAAGC_1,P4TLH,Non-inflammatory_Macrophage,Macrophage,-0.79837316,1.2236592
P4TLH_GCGCAGTAGGGCATGT_1,P4TLH,Non-inflammatory_Macrophage,Macrophage,-3.285851,6.488643
P4TLH_CGTAGGCTCTATCCCG_1,P4TLH,Inflammatory_Macrophage,Macrophage,-1.5460395,0.057665657
P4TLH_GTCACGGAGTAGATGT_1,P4TLH,Inflammatory_Macrophage,Macrophage,0.76689047,-5.981357
P4TLH_GGTGCGTCATCACGTA_1,P4TLH,Non-inflammatory_Macrophage,Macrophage,-3.436918,2.4729311
P4TLH_GAATGAACAAGGGTCA_1,P4TLH,Inflammatory_Macrophage,Macrophage,-8.652936,0.8308334
P4TLH_GTGTGCGAGGCGCTCT_1,P4TLH,Non-inflammatory_Macrophage,Macrophage,-8.965502,2.9133444
P4TLH_AGCCTAAGTACTTAGC_1,P4TLH,Non-inflammatory_Macrophage,Macrophage,-0.47810692,3.9500368
P4TLH_AGCCTAACAACTTGAC_1,P4TLH,Inflammatory_Macrophage,Macrophage,-1.5701544,-3.5771687
P4TLH_CGGTTAATCCTCAACC_1,P4TLH,Inflammatory_Macrophage,Macrophage,2.3895848,-4.8829017
P4TLH_GACTAACGTGAGCGAT_1,P4TLH,Non-inflammatory_Macrophage,Macrophage,8.754268,4.8006077
P4TLH_CTGAAGTTCCTCAACC_1,P4TLH,Inflammatory_Macrophage,Macrophage,47.798367,5.151409
P4TLH_TTAGGACAGCATCATC_1,P4TLH,Non-inflammatory_Macrophage,Macrophage,-6.488688,0.8680496
P4TLH_GCATGCGTCAGCACAT_1,P4TLH,Inflammatory_Macrophage,Macrophage,-0.53630894,-0.60516363
P4TLH_CCGTACTAGAGGGATA_1,P4TLH,Inflammatory_Macrophage,Macrophage,5.2286105,-3.8620505
P4TLH_GCTGCGATCTGATACG_1,P4TLH,Non-inflammatory_Macrophage,Macrophage,-1.6758745,5.201239
P4TLH_CGTCTACGTGGCTCCA_1,P4TLH,Non-inflammatory_Macrophage,Macrophage,-2.2155333,4.358745
P4TLH_ACGCAGCGTAAAGTCA_1,P4TLH,Inflammatory_Macrophage,Macrophage,14.908746,2.0251298
P4TLH_CGCGGTATCATTTGGG_1,P4TLH,Inflammatory_Macrophage,Macrophage,1.00056,-1.3551376
P4TLH_TCCCGATCATGCAACT_1,P4TLH,Non-inflammatory_Macrophage,Macrophage,2.0616739,9.009151
P4TLH_GCTGCGACAATCAGAA_1,P4TLH,Inflammatory_Macrophage,Macrophage,3.3152304,-7.102083
P4TLH_CCCAGTTCAGTGAGTG_1,P4TLH,Non-inflammatory_Macrophage,Macrophage,-4.243403,6.3577657
P4TLH_CTCGTCAAGCCGTCGT_1,P4TLH,Non-inflammatory_Macrophage,Macrophage,-5.0431213,3.2517788
P4TLH_GACGTTAAGGATGTAT_1,P4TLH,Non-inflammatory_Macrophage,Macrophage,-7.8089504,2.0012279
P4TLH_ACTGTCCGTCTCAACA_1,P4TLH,Inflammatory_Macrophage,Macrophage,2.228984,-1.6744081
P4TLH_ATCGAGTGTGTATGGG_1,P4TLH,Inflammatory_Macrophage,Macrophage,-0.59372216,-6.8680143
P4TLH_CCGGGATCAAATTGCC_1,P4TLH,Inflammatory_Macrophage,Macrophage,5.3185024,-4.4106264
P4TLH_AACTCCCAGCCACGTC_1,P4TLH,Non-inflammatory_Macrophage,Macrophage,-5.2571187,2.8396287
P4TLH_TGACAACCACATGGGA_1,P4TLH,Non-inflammatory_Macrophage,Macrophage,-5.2562375,3.36043
P4TLH_CTGAAGTAGGCACATG_1,P4TLH,Non-inflammatory_Macrophage,Macrophage,12.61086,7.775405
P4TLH_CTAGAGTCAGCAGTTT_1,P4TLH,Non-inflammatory_Macrophage,Macrophage,-2.3870637,3.2249196
P4TLH_TGAGCCGTCTTGGGTA_1,P4TLH,Inflammatory_Macrophage,Macrophage,-4.9150877,3.8890476
P4TLH_CGAATGTAGGCAGTCA_1,P4TLH,Inflammatory_Macrophage,Macrophage,7.381399,-5.2671113
P4TLH_TTGCGTCAGTCCGGTC_1,P4TLH,Inflammatory_Macrophage,Macrophage,-1.5498259,-2.9089243
P4TLH_GTCATTTGTGAACCTT_1,P4TLH,Inflammatory_Macrophage,Macrophage,5.372803,0.27370343
P4TLH_CTCTGGTAGAAGCCCA_1,P4TLH,Inflammatory_Macrophage,Macrophage,0.5718087,-5.5336595
P4TLH_CCGTTCATCTTGTATC_1,P4TLH,Non-inflammatory_Macrophage,Macrophage,-2.9634147,5.755422
P4TLH_CTGAAACTCTGCCCTA_1,P4TLH,Non-inflammatory_Macrophage,Macrophage,-5.217856,3.8093379
P4TLH_GCGCAACGTCCATCCT_1,P4TLH,Inflammatory_Macrophage,Macrophage,1.1770561,-6.3870864
P4TLH_GAACGGACATACCATG_1,P4TLH,Inflammatory_Macrophage,Macrophage,-7.091609,-1.5742171
P4TLH_GATCGCGCAGCATGAG_1,P4TLH,Inflammatory_Macrophage,Macrophage,1.5206422,-3.566757
P4TLH_TATCTCAAGCCAACAG_1,P4TLH,Inflammatory_Macrophage,Macrophage,1.5289977,-3.3462398
P4TLH_TGTTCCGGTGGCGAAT_1,P4TLH,Inflammatory_Macrophage,Macrophage,0.79143906,-4.717752
P4TLH_CTCGAAATCTTAGAGC_1,P4TLH,Inflammatory_Macrophage,Macrophage,-1.1413312,-7.279295
P4TLH_GCTCCTATCGCGTAGC_1,P4TLH,Inflammatory_Macrophage,Macrophage,2.9278307,-0.14744924
P4TLH_TGGGCGTAGGGAAACA_1,P4TLH,Inflammatory_Macrophage,Macrophage,4.3748875,-5.726579
P4TLH_ACGCCAGGTCAACTGT_1,P4TLH,Non-inflammatory_Macrophage,Macrophage,-5.1122503,4.465596
P4TLH_GTGCGGTAGTGAACAT_1,P4TLH,Inflammatory_Macrophage,Macrophage,2.516589,-1.3707415
P4TLH_GAAATGATCTACCAGA_1,P4TLH,Inflammatory_Macrophage,Macrophage,0.6307944,0.16698736
P4TLH_ACGCCGAAGATCTGAA_1,P4TLH,Non-inflammatory_Macrophage,Macrophage,-4.7208233,4.8560963
P4TLH_GGGAATGGTTCTCATT_1,P4TLH,Inflammatory_Macrophage,Macrophage,1.6630585,-0.83441097
P4TLH_AGAGTGGCATCAGTAC_1,P4TLH,Non-inflammatory_Macrophage,Macrophage,-6.327953,4.8606663
P4TLH_ACGGCCAAGGGAACGG_1,P4TLH,Non-inflammatory_Macrophage,Macrophage,-1.4482316,4.0874662
P4TLH_CACATAGCAAGGGTCA_1,P4TLH,Inflammatory_Macrophage,Macrophage,0.27756086,2.2170582
P4TLH_GGCCGATAGCCACTAT_1,P4TLH,Non-inflammatory_Macrophage,Macrophage,-4.404994,4.643253
P4TLH_CACAGGCCATGCATGT_1,P4TLH,Inflammatory_Macrophage,Macrophage,-0.48488203,3.3376935
P4TLH_CCTCAGTAGGTTACCT_1,P4TLH,Non-inflammatory_Macrophage,Macrophage,-2.6141768,3.4313655
P4TLH_CTGATCCCATTTCAGG_1,P4TLH,Non-inflammatory_Macrophage,Macrophage,-4.725903,5.693152
P4TLH_TGGCGCAAGCGCCTCA_1,P4TLH,Non-inflammatory_Macrophage,Macrophage,9.615399,7.0530934
P4TLH_CCACCTAAGGAGTTTA_1,P4TLH,Inflammatory_Macrophage,Macrophage,2.4622848,-0.7053389
P4TLH_TTGAACGAGGAGTCTG_1,P4TLH,Inflammatory_Macrophage,Macrophage,-3.4786303,-5.0599504
P4TLH_CTCAGAACACGACGAA_1,P4TLH,Non-inflammatory_Macrophage,Macrophage,-2.122141,2.1267812
P4TLH_TTCGAAGTCCTATTCA_1,P4TLH,Inflammatory_Macrophage,Macrophage,4.9560504,-6.5226517
P4TLH_CGTCAGGCATTACGAC_1,P4TLH,Non-inflammatory_Macrophage,Macrophage,21.22934,13.60592
P4TLH_GCATGATTCTTAGAGC_1,P4TLH,Non-inflammatory_Macrophage,Macrophage,-8.210012,5.7882276
P4TLH_TGTGTTTAGTTCCACA_1,P4TLH,Non-inflammatory_Macrophage,Macrophage,3.063663,5.2367163
P4TLH_CGTCACTGTTGTCGCG_1,P4TLH,Non-inflammatory_Macrophage,Macrophage,-7.386657,3.9570544
P4TLH_CTTTGCGAGTGCCATT_1,P4TLH,Non-inflammatory_Macrophage,Macrophage,-0.37940568,3.2910552
P4TLH_CCTAAAGGTGTGTGCC_1,P4TLH,Non-inflammatory_Macrophage,Macrophage,0.49198025,5.7984247
P4TLH_GGACAAGTCAAACCAC_1,P4TLH,Non-inflammatory_Macrophage,Macrophage,-3.5557609,5.4946322
P4TLH_ACGGCCATCGCGTTTC_1,P4TLH,Inflammatory_Macrophage,Macrophage,1.0900296,-5.599072
P4TLH_AGATTGCCATACTCTT_1,P4TLH,Non-inflammatory_Macrophage,Macrophage,-3.8424852,5.075688
P4TLH_CAGCATAGTGCTGTAT_1,P4TLH,Non-inflammatory_Macrophage,Macrophage,-2.8833911,4.6607428
P4TLH_CGTCTACTCTGGCGTG_1,P4TLH,Inflammatory_Macrophage,Macrophage,0.20772557,0.7488054
P4TLH_GATGCTATCCTAGGGC_1,P4TLH,Inflammatory_Macrophage,Macrophage,1.165938,-6.4130344
P4TLH_CACCACTTCAAAGTAG_1,P4TLH,Non-inflammatory_Macrophage,Macrophage,-2.7600038,5.2007923
P4TLH_CATTATCGTACATCCA_1,P4TLH,Inflammatory_Macrophage,Macrophage,1.2605453,-1.1659399
P4TLH_AGCAGCCCATTGGGCC_1,P4TLH,Non-inflammatory_Macrophage,Macrophage,-4.2652445,5.7863097
P4TLH_TATTACCTCTGAGGGA_1,P4TLH,Non-inflammatory_Macrophage,Macrophage,8.741132,5.531188
P4TLH_CGACTTCCAACAACCT_1,P4TLH,Inflammatory_Macrophage,Macrophage,-1.629904,1.5444801
P4TLH_CACATTTAGAGACTAT_1,P4TLH,Inflammatory_Macrophage,Macrophage,0.058387842,-2.9737837
P4TLH_GTCGGGTAGTACGACG_1,P4TLH,Inflammatory_Macrophage,Macrophage,-0.3360027,-3.2495499
P4TLH_GGACGTCAGTGTGAAT_1,P4TLH,Inflammatory_Macrophage,Macrophage,8.917031,0.6447959
P4TLH_AATCGGTTCTAACTCT_1,P4TLH,Inflammatory_Macrophage,Macrophage,-8.58302,-2.3078778
P4TLH_GTGCGGTTCTAACTCT_1,P4TLH,Inflammatory_Macrophage,Macrophage,-0.23743732,-5.138537
P4TLH_AGTTGGTCAGCCTATA_1,P4TLH,Non-inflammatory_Macrophage,Macrophage,-7.493514,5.970459
P4TLH_TAGTGGTTCTGTCCGT_1,P4TLH,Non-inflammatory_Macrophage,Macrophage,-5.0332766,4.713129
P4TLH_AAGTCTGGTGGTTTCA_1,P4TLH,Non-inflammatory_Macrophage,Macrophage,-2.1779451,4.884588
P4TLH_TGAGCATCAAGAAGAG_1,P4TLH,Inflammatory_Macrophage,Macrophage,-6.0253863,-0.513291
P4TLH_ATCCACCGTTTGACAC_1,P4TLH,Inflammatory_Macrophage,Macrophage,-4.844454,-3.9102085
P4TLH_TCAGATGGTGTTTGTG_1,P4TLH,Non-inflammatory_Macrophage,Macrophage,-6.024587,3.5936282
P4TLH_CGATTGATCGTCTGAA_1,P4TLH,Inflammatory_Macrophage,Macrophage,8.081877,-2.0126846
P4TLH_GCTCTGTTCACCTTAT_1,P4TLH,Inflammatory_Macrophage,Macrophage,7.798664,-6.839557
P4TLH_GTTACAGCATCACAAC_1,P4TLH,Non-inflammatory_Macrophage,Macrophage,6.666561,6.7312818
P4TLH_AGATCTGCATGTTGAC_1,P4TLH,Inflammatory_Macrophage,Macrophage,-3.0491107,0.12539373
P4TLH_CGACTTCTCGAATGGG_1,P4TLH,Non-inflammatory_Macrophage,Macrophage,26.28317,7.759774
P4TLH_TTTACTGTCCACTCCA_1,P4TLH,Non-inflammatory_Macrophage,Macrophage,1.2471343,6.8293943
P4TLH_CAGCATAGTTGCTCCT_1,P4TLH,Inflammatory_Macrophage,Macrophage,3.3330226,-1.9470575
P4TLH_AAAGCAATCTACTATC_1,P4TLH,Non-inflammatory_Macrophage,Macrophage,14.864936,6.31715
P4TLH_CCTACCATCTGTTGAG_1,P4TLH,Inflammatory_Macrophage,Macrophage,0.46299866,-4.392958
P4TLH_TACTCATCATCTACGA_1,P4TLH,Inflammatory_Macrophage,Macrophage,0.30986294,-1.5892677
P4TLH_TTTATGCGTCACAAGG_1,P4TLH,Non-inflammatory_Macrophage,Macrophage,-7.695291,3.9734104
P4TLH_CAAGAAAGTTTGTGTG_1,P4TLH,Inflammatory_Macrophage,Macrophage,-0.61797947,-0.18399666
P4TLH_GACCAATCAGGTGCCT_1,P4TLH,Inflammatory_Macrophage,Macrophage,16.77145,6.3620963
P4TLH_TGACGGCTCCACGCAG_1,P4TLH,Non-inflammatory_Macrophage,Macrophage,-2.3613126,4.4823422
P4TLH_TCAGGATAGCCGCCTA_1,P4TLH,Inflammatory_Macrophage,Macrophage,0.88449013,-6.3119445
P4TLH_CATTATCGTGGCGAAT_1,P4TLH,Non-inflammatory_Macrophage,Macrophage,-0.7126877,4.7474046
P4TLH_AGCTTGAGTTGGTAAA_1,P4TLH,Non-inflammatory_Macrophage,Macrophage,9.707152,5.423039
P4TLH_CTGAAACAGGACACCA_1,P4TLH,Inflammatory_Macrophage,Macrophage,3.3859649,-0.7467856
P4TLH_TAGCCGGAGCGTGAGT_1,P4TLH,Inflammatory_Macrophage,Macrophage,36.593914,4.5789027
P4TLH_TACTCGCCAAGTAATG_1,P4TLH,Non-inflammatory_Macrophage,Macrophage,-4.1482825,5.25224
P4TLH_CGCTTCACAGTGGAGT_1,P4TLH,Inflammatory_Macrophage,Macrophage,2.4340372,-0.96490824
P4TLH_GGCGACTTCAGAAATG_1,P4TLH,Inflammatory_Macrophage,Macrophage,5.2880588,0.02345409
P4TLH_ATTTCTGAGGCTAGAC_1,P4TLH,Non-inflammatory_Macrophage,Macrophage,-2.8948627,2.9836142
P4TLH_CCCATACAGTTTCCTT_1,P4TLH,Inflammatory_Macrophage,Macrophage,-7.6003227,2.670511
P4TLH_TCAGGTACAGGACCCT_1,P4TLH,Inflammatory_Macrophage,Macrophage,1.22424,-1.6731015
P4TLH_TGAGCCGCATATACCG_1,P4TLH,Inflammatory_Macrophage,Macrophage,4.8912673,-1.294762
P4TLH_TCGCGTTTCAAAGTAG_1,P4TLH,Inflammatory_Macrophage,Macrophage,-5.403924,-3.1511147
P4TLH_GAAACTCTCTAACTGG_1,P4TLH,Inflammatory_Macrophage,Macrophage,-2.1085167,-2.9547439
P4TLH_TCATTTGAGTCAAGCG_1,P4TLH,Non-inflammatory_Macrophage,Macrophage,-0.5190151,4.6900373
P4TLH_AGAATAGCAGACTCGC_1,P4TLH,Non-inflammatory_Macrophage,Macrophage,-1.5665498,3.9469354
P4TLH_TTGGCAATCATTGCGA_1,P4TLH,Inflammatory_Macrophage,Macrophage,10.2729435,-1.8873048
P4TLH_TGCACCTGTTGCTCCT_1,P4TLH,Inflammatory_Macrophage,Macrophage,0.65711766,0.032657806
P4TLH_CGTAGGCTCATCTGCC_1,P4TLH,Non-inflammatory_Macrophage,Macrophage,12.956762,5.524604
P4TLH_GGCTCGATCAACTCTT_1,P4TLH,Inflammatory_Macrophage,Macrophage,-0.7962889,-2.187327
P4TLH_GTGCGGTTCATCGGAT_1,P4TLH,Non-inflammatory_Macrophage,Macrophage,-1.3261251,3.2321248
P4TLH_AACTCAGTCTGTGCAA_1,P4TLH,Inflammatory_Macrophage,Macrophage,2.707284,-7.519322
P4TLH_AGGTCATCATGTCGAT_1,P4TLH,Inflammatory_Macrophage,Macrophage,1.6647862,1.2513187
P4TLH_GATCGTAGTGCACTTA_1,P4TLH,Inflammatory_Macrophage,Macrophage,-0.1477878,1.9522237
P4TLH_CATATTCTCTTGTCAT_1,P4TLH,Inflammatory_Macrophage,Macrophage,-1.547259,-0.68123955
P4TLH_GTTAAGCGTAGGGACT_1,P4TLH,Inflammatory_Macrophage,Macrophage,-1.9912266,0.08100749
P4TLH_TAAGAGATCAGCAACT_1,P4TLH,Inflammatory_Macrophage,Macrophage,-0.27689204,-0.18162034
P4TLH_CAGTAACCATCGGAAG_1,P4TLH,Inflammatory_Macrophage,Macrophage,0.621411,-3.6435983
P4TLH_GACACGCGTCAATACC_1,P4TLH,Inflammatory_Macrophage,Macrophage,12.644929,2.4664905
P4TLH_AAATGCCAGGCTAGAC_1,P4TLH,Inflammatory_Macrophage,Macrophage,-2.3901238,1.9165131
P4TLH_GCTTGAACAAGTAGTA_1,P4TLH,Non-inflammatory_Macrophage,Macrophage,4.746015,11.528398
P4TLH_GAGTCCGGTCAAAGAT_1,P4TLH,Non-inflammatory_Macrophage,Macrophage,-3.0058475,5.933281
P4TLH_TGCGTGGGTTCAGTAC_1,P4TLH,Non-inflammatory_Macrophage,Macrophage,6.1395264,6.3776903
P4TLH_CGTGTAATCATGGTCA_1,P4TLH,Inflammatory_Macrophage,Macrophage,-3.8289015,-5.329134
P4TLH_ACGAGGATCAGGCGAA_1,P4TLH,Inflammatory_Macrophage,Macrophage,4.939424,-1.166247
P4TLH_TACTTGTCACAAGTAA_1,P4TLH,Non-inflammatory_Macrophage,Macrophage,2.2691424,4.4963865
P4TLH_TCAGGTAAGGATGTAT_1,P4TLH,Non-inflammatory_Macrophage,Macrophage,13.833883,6.575224
P4TLH_ACACCGGAGGCCCTCA_1,P4TLH,Non-inflammatory_Macrophage,Macrophage,-3.3919168,6.9850264
P4TLH_CGAGCACTCTCTGCTG_1,P4TLH,Inflammatory_Macrophage,Macrophage,2.5558143,3.6292686
P4TLH_TCAATCTAGTAGGTGC_1,P4TLH,Inflammatory_Macrophage,Macrophage,3.5492144,-1.4665279
P4TLH_TTTCCTCGTCTTGTCC_1,P4TLH,Non-inflammatory_Macrophage,Macrophage,-7.641911,6.789038
P4TLH_GGTGAAGTCAGTTCGA_1,P4TLH,Inflammatory_Macrophage,Macrophage,0.81261337,-5.1486387
P4TLH_CCTTCGAAGCAATCTC_1,P4TLH,Non-inflammatory_Macrophage,Macrophage,-5.0902944,3.9532034
P4TLH_CACATAGTCGCAAACT_1,P4TLH,Non-inflammatory_Macrophage,Macrophage,-0.71704805,4.1060205
P4TLH_TGACGGCTCCTATGTT_1,P4TLH,Inflammatory_Macrophage,Macrophage,-1.1482831,0.8590904
P4TLH_GGCTGGTAGGGTGTTG_1,P4TLH,Inflammatory_Macrophage,Macrophage,0.5779426,0.5852541
P4TLH_ATCCACCTCCTTTCGG_1,P4TLH,Inflammatory_Macrophage,Macrophage,-1.3131534,2.2882333
P4TLH_TCTATTGAGGTGCACA_1,P4TLH,Inflammatory_Macrophage,Macrophage,21.055645,8.053422
P4TLH_CCGTACTTCCAGGGCT_1,P4TLH,Non-inflammatory_Macrophage,Macrophage,-1.0191134,5.5429206
P4TLH_CTACACCTCTACCTGC_1,P4TLH,Inflammatory_Macrophage,Macrophage,2.72832,-7.800835
P4TLH_GTAACGTCAAGAAAGG_1,P4TLH,Inflammatory_Macrophage,Macrophage,-0.9733369,-0.22165103
P4TLH_CGGACTGTCGCAAGCC_1,P4TLH,Inflammatory_Macrophage,Macrophage,6.6879,-5.6574054
P4TLH_TACGGGCAGCTGCCCA_1,P4TLH,Non-inflammatory_Macrophage,Macrophage,-2.7142477,2.1970742
P4TLH_ATCATGGGTGGGTATG_1,P4TLH,Non-inflammatory_Macrophage,Macrophage,-3.3962696,2.934568
P4TLH_ACAGCCGTCGAACTGT_1,P4TLH,Inflammatory_Macrophage,Macrophage,3.892315,-0.54170334
P4TLH_ATGAGGGTCGGAATCT_1,P4TLH,Non-inflammatory_Macrophage,Macrophage,-8.073359,2.911681
P4TLH_GGATTACTCTATCGCC_1,P4TLH,Inflammatory_Macrophage,Macrophage,0.936627,-5.962974
P4TLH_TTAGTTCGTCTTTCAT_1,P4TLH,Non-inflammatory_Macrophage,Macrophage,-4.1795096,4.11003
P4TLH_CAGAGAGTCAACCATG_1,P4TLH,Inflammatory_Macrophage,Macrophage,-6.0141926,-3.2140548
P4TLH_TTATGCTTCAGCGACC_1,P4TLH,Inflammatory_Macrophage,Macrophage,3.3138192,-0.6802548
P5TLH_TCAGGATAGAGCTGGT_1,P5TLH,Non-inflammatory_Macrophage,Macrophage,-8.300076,6.1145525
P5TLH_GACTAACGTGACAAAT_1,P5TLH,Inflammatory_Macrophage,Macrophage,-0.90217304,-5.553642
P5TLH_CGCGGTAGTCAACATC_1,P5TLH,Inflammatory_Macrophage,Macrophage,3.9248097,-5.5947113
P5TLH_GGAGCAATCTATCCTA_1,P5TLH,Non-inflammatory_Macrophage,Macrophage,-8.8018875,5.0549994
P5TLH_ACTGATGAGGGCACTA_1,P5TLH,Inflammatory_Macrophage,Macrophage,5.2715464,0.005834517
P5TLH_GGGACCTTCAGAGGTG_1,P5TLH,Inflammatory_Macrophage,Macrophage,2.9662948,2.2887366
P5TLH_AACTCCCAGGACACCA_1,P5TLH,Inflammatory_Macrophage,Macrophage,0.22674717,-5.440782
P5TLH_AGGGAGTAGAGCAATT_1,P5TLH,Inflammatory_Macrophage,Macrophage,0.31116325,-5.1477895
P5TLH_ACGATACCAGCTTAAC_1,P5TLH,Inflammatory_Macrophage,Macrophage,4.4779396,-8.6078825
P5TLH_ATCTGCCGTCAGAATA_1,P5TLH,Inflammatory_Macrophage,Macrophage,4.3671494,-7.138211
P5TLH_TAGCCGGCAGTATAAG_1,P5TLH,Inflammatory_Macrophage,Macrophage,1.9352219,-5.5276194
P5TLH_TGTATTCAGTGACATA_1,P5TLH,Inflammatory_Macrophage,Macrophage,1.2272149,-6.336731
P5TLH_TCCACACCATTGGGCC_1,P5TLH,Inflammatory_Macrophage,Macrophage,-2.1666348,-7.177576
P5TLH_CCCAGTTAGACGCTTT_1,P5TLH,Inflammatory_Macrophage,Macrophage,-1.2721505,-7.28834
P5TLH_ACGAGGACAGTATAAG_1,P5TLH,Inflammatory_Macrophage,Macrophage,0.1240906,-2.6584835
P5TLH_TCTCTAAGTCTGCAAT_1,P5TLH,Inflammatory_Macrophage,Macrophage,4.6298294,-4.807241
P5TLH_TGGACGCGTCATATGC_1,P5TLH,Inflammatory_Macrophage,Macrophage,0.629662,-5.9912243
P5TLH_TGAGCCGCACTTAACG_1,P5TLH,Inflammatory_Macrophage,Macrophage,-0.94411916,-2.5709445
P5TLH_CAGCTAAAGTCGAGTG_1,P5TLH,Inflammatory_Macrophage,Macrophage,-0.6106722,-4.4636736
P5TLH_GGGTCTGGTAAATACG_1,P5TLH,Inflammatory_Macrophage,Macrophage,3.5622327,-5.2514477
P5TLH_GGATGTTGTGCACGAA_1,P5TLH,Inflammatory_Macrophage,Macrophage,-1.8971044,-6.0273304
P5TLH_TGGCCAGCAAACCTAC_1,P5TLH,Inflammatory_Macrophage,Macrophage,1.5191493,2.0592346
P5TLH_GTATCTTAGACCCACC_1,P5TLH,Inflammatory_Macrophage,Macrophage,2.2591982,-7.0254593
P5TLH_CCTATTAGTTCCCTTG_1,P5TLH,Non-inflammatory_Macrophage,Macrophage,-10.809198,4.341956
P5TLH_ACCGTAAGTGACGGTA_1,P5TLH,Inflammatory_Macrophage,Macrophage,-0.94945425,-1.4016603
P5TLH_AGATCTGGTAAAGGAG_1,P5TLH,Inflammatory_Macrophage,Macrophage,-8.887946,-5.6007323
P5TLH_GTAGGCCAGATTACCC_1,P5TLH,Inflammatory_Macrophage,Macrophage,12.003931,-6.399733
P5TLH_CGGAGTCCACCTGGTG_1,P5TLH,Inflammatory_Macrophage,Macrophage,-4.1108446,-3.9068253
P5TLH_GGCGTGTCAGTCCTTC_1,P5TLH,Inflammatory_Macrophage,Macrophage,2.7220473,-6.1195397
P5TLH_CACTCCATCTTGTCAT_1,P5TLH,Non-inflammatory_Macrophage,Macrophage,-9.263421,4.8822484
P5TLH_TGACTTTAGCTGTCTA_1,P5TLH,Inflammatory_Macrophage,Macrophage,-7.6135855,1.7124995
P5TLH_ACAGCCGCACTGTGTA_1,P5TLH,Inflammatory_Macrophage,Macrophage,0.15116562,-7.350158
P5TLH_TACTTACTCCTTAATC_1,P5TLH,Inflammatory_Macrophage,Macrophage,-5.6568713,-6.868436
P5TLH_ACGGGTCCAGAGCCAA_1,P5TLH,Inflammatory_Macrophage,Macrophage,-1.5088246,-5.0860405
P5TLH_CACACAAAGAACTCGG_1,P5TLH,Non-inflammatory_Macrophage,Macrophage,0.8244224,8.944501
P5TLH_TCGAGGCTCAAGATCC_1,P5TLH,Inflammatory_Macrophage,Macrophage,-12.768072,1.5350754
P5TLH_GACTGCGAGCAAATCA_1,P5TLH,Inflammatory_Macrophage,Macrophage,-3.2475696,-1.7501138
P5TLH_CGGGTCATCAGGATCT_1,P5TLH,Inflammatory_Macrophage,Macrophage,-2.7889636,-6.149897
P5TLH_TGCTGCTAGTGGGCTA_1,P5TLH,Inflammatory_Macrophage,Macrophage,10.758657,-7.363989
P5TLH_GTCTTCGTCAGTTGAC_1,P5TLH,Inflammatory_Macrophage,Macrophage,-2.0154095,-7.099443
P5TLH_AGCATACTCATGTCCC_1,P5TLH,Inflammatory_Macrophage,Macrophage,-4.5771313,-1.2137841
P5TLH_AATCGGTGTCGTTGTA_1,P5TLH,Inflammatory_Macrophage,Macrophage,-0.27295536,-3.713066
P5TLH_AGCTCCTTCAAGGCTT_1,P5TLH,Inflammatory_Macrophage,Macrophage,-4.1093993,-0.28091332
P5TLH_GCGCCAATCGTAGATC_1,P5TLH,Inflammatory_Macrophage,Macrophage,1.6742476,-5.9893975
P5TLH_GATCTAGAGAAACGCC_1,P5TLH,Non-inflammatory_Macrophage,Macrophage,-10.93792,3.8437576
P5TLH_TTGAACGTCGCCGTGA_1,P5TLH,Inflammatory_Macrophage,Macrophage,-0.2613717,-6.9680686
P5TLH_GGAAAGCAGAGTACAT_1,P5TLH,Inflammatory_Macrophage,Macrophage,-11.15876,-4.5794477
P5TLH_CGAATGTAGGGAGTAA_1,P5TLH,Inflammatory_Macrophage,Macrophage,3.9430814,0.72282034
P5TLH_GTGCATAGTTATCCGA_1,P5TLH,Inflammatory_Macrophage,Macrophage,-4.5782304,-4.263936
P5TLH_TGGACGCTCACGATGT_1,P5TLH,Inflammatory_Macrophage,Macrophage,-4.14672,-6.439528
P5TLH_AGGGATGTCGGTGTCG_1,P5TLH,Non-inflammatory_Macrophage,Macrophage,-6.943455,4.763741
P5TLH_CATTATCTCTCGCTTG_1,P5TLH,Inflammatory_Macrophage,Macrophage,-3.1440957,-4.3077345
P5TLH_AAGGAGCGTTGAGGTG_1,P5TLH,Inflammatory_Macrophage,Macrophage,-2.9333131,-6.992635
P5TLH_TATCTCACACATCCGG_1,P5TLH,Inflammatory_Macrophage,Macrophage,0.031774897,-6.085473
P5TLH_CGCGTTTCAGCTATTG_1,P5TLH,Inflammatory_Macrophage,Macrophage,-0.47878808,-4.5807314
P5TLH_CTGCTGTTCCTCGCAT_1,P5TLH,Inflammatory_Macrophage,Macrophage,0.7872572,0.7410897
P5TLH_GCTCCTAAGAAACCTA_1,P5TLH,Inflammatory_Macrophage,Macrophage,-3.5383127,-3.45398
P5TLH_CTGGTCTAGAAGGACA_1,P5TLH,Inflammatory_Macrophage,Macrophage,-1.6300734,1.863946
P5TLH_TGCTACCTCGTGGACC_1,P5TLH,Inflammatory_Macrophage,Macrophage,1.7895582,-2.1338801
P5TLH_ATGAGGGAGGAACTGC_1,P5TLH,Inflammatory_Macrophage,Macrophage,-3.3985882,2.595254
P5TLH_CGATCGGAGCTCAACT_1,P5TLH,Inflammatory_Macrophage,Macrophage,-3.8192108,1.2208368
P5TLH_GCACATATCATTGCCC_1,P5TLH,Inflammatory_Macrophage,Macrophage,4.0053782,-6.188771
P5TLH_TCTTTCCTCGCAAGCC_1,P5TLH,Inflammatory_Macrophage,Macrophage,-4.0392513,-6.9622226
P5TLH_AAGACCTGTTTAGGAA_1,P5TLH,Inflammatory_Macrophage,Macrophage,2.4184034,-5.243178
P5TLH_CATGGCGAGCTAAGAT_1,P5TLH,Inflammatory_Macrophage,Macrophage,3.4947455,-6.6416473
P5TLH_TGACTTTTCGGCTTGG_1,P5TLH,Inflammatory_Macrophage,Macrophage,-1.2391852,-0.7986391
P5TLH_GGAGCAACATTAACCG_1,P5TLH,Inflammatory_Macrophage,Macrophage,10.954238,-3.9087114
P5TLH_GGATGTTAGAGCCTAG_1,P5TLH,Non-inflammatory_Macrophage,Macrophage,-6.0870357,7.794773
P5TLH_CCGTGGATCTGTGCAA_1,P5TLH,Inflammatory_Macrophage,Macrophage,1.0011656,-8.300761
P5TLH_GAATAAGTCTCCCTGA_1,P5TLH,Inflammatory_Macrophage,Macrophage,0.41277096,-0.9668688
P5TLH_GGATGTTCAGATGGCA_1,P5TLH,Inflammatory_Macrophage,Macrophage,10.606648,-8.214612
P5TLH_AGCCTAACATGAACCT_1,P5TLH,Non-inflammatory_Macrophage,Macrophage,2.5971057,7.0821633
P5TLH_GGATGTTAGAATTGTG_1,P5TLH,Inflammatory_Macrophage,Macrophage,-2.72099,-2.3343306
P5TLH_AAGTCTGCACCTCGGA_1,P5TLH,Inflammatory_Macrophage,Macrophage,-2.1527777,4.3341866
P5TLH_TCAGCAATCCGTTGCT_1,P5TLH,Inflammatory_Macrophage,Macrophage,-1.7817422,1.0224012
P5TLH_GGGCACTCAGGGAGAG_1,P5TLH,Non-inflammatory_Macrophage,Macrophage,-4.3694596,4.057065
P5TLH_GCATGTAGTTCAGACT_1,P5TLH,Inflammatory_Macrophage,Macrophage,2.9010866,-6.6588063
P5TLH_CGGACACAGAGCTTCT_1,P5TLH,Inflammatory_Macrophage,Macrophage,-5.5748205,-4.871132
P5TLH_GGGTCTGCACGAAAGC_1,P5TLH,Inflammatory_Macrophage,Macrophage,4.7623243,-7.480546
P5TLH_GACGGCTCAGCGATCC_1,P5TLH,Inflammatory_Macrophage,Macrophage,-1.306538,-7.484535
P5TLH_ACTTACTCATCACCCT_1,P5TLH,Inflammatory_Macrophage,Macrophage,-2.0743282,-6.9242597
P5TLH_CCTTTCTCAATGGTCT_1,P5TLH,Inflammatory_Macrophage,Macrophage,-3.5950818,-6.024765
P5TLH_TCCCGATCACCCAGTG_1,P5TLH,Inflammatory_Macrophage,Macrophage,-7.784246,-6.149143
P5TLH_CTCGAGGAGGGCACTA_1,P5TLH,Inflammatory_Macrophage,Macrophage,2.8019302,-2.5027244
P5TLH_CTCAGAATCTTGTTTG_1,P5TLH,Inflammatory_Macrophage,Macrophage,-2.7064667,-3.8767443
P5TLH_ACTTACTCATCCAACA_1,P5TLH,Inflammatory_Macrophage,Macrophage,-1.0708009,0.32112575
P5TLH_CGCCAAGGTCTACCTC_1,P5TLH,Inflammatory_Macrophage,Macrophage,-0.5523168,1.1924038
P5TLH_AGGGATGGTCTGCGGT_1,P5TLH,Inflammatory_Macrophage,Macrophage,-1.1463784,-6.0041966
P5TLH_TCTGGAACAAGAGTCG_1,P5TLH,Inflammatory_Macrophage,Macrophage,1.6210538,-5.9034176
P5TLH_CACATAGCAAGCCCAC_1,P5TLH,Inflammatory_Macrophage,Macrophage,-5.5752807,0.5705531
P5TLH_CCATGTCAGAAACGAG_1,P5TLH,Inflammatory_Macrophage,Macrophage,0.28283814,-2.5062053
P5TLH_CGCTTCATCAAACAAG_1,P5TLH,Inflammatory_Macrophage,Macrophage,-3.3981988,-3.3975976
P5TLH_CATTCGCAGACTCGGA_1,P5TLH,Inflammatory_Macrophage,Macrophage,-0.3893165,-4.8402023
P5TLH_ACTGTCCGTTACCGAT_1,P5TLH,Inflammatory_Macrophage,Macrophage,-4.4350896,-6.2712603
P5TLH_ATGAGGGAGAACTGTA_1,P5TLH,Inflammatory_Macrophage,Macrophage,3.0961792,-7.527541
P5TLH_CGATCGGAGCGTAATA_1,P5TLH,Inflammatory_Macrophage,Macrophage,-1.7935686,3.378439
P5TLH_GGCTGGTAGAAGGGTA_1,P5TLH,Inflammatory_Macrophage,Macrophage,-7.069305,0.021469265
P5TLH_GAAACTCCACGAAACG_1,P5TLH,Inflammatory_Macrophage,Macrophage,-4.211729,-6.1779594
P5TLH_CACACTCCAGCCTGTG_1,P5TLH,Inflammatory_Macrophage,Macrophage,-11.86249,0.5087672
P5TLH_ACTGATGAGACAAGCC_1,P5TLH,Non-inflammatory_Macrophage,Macrophage,-10.74026,4.8610325
P5TLH_CACTCCACATCGGACC_1,P5TLH,Inflammatory_Macrophage,Macrophage,4.758887,-5.8118815
P5TLH_GGCGTGTTCTGCCCTA_1,P5TLH,Non-inflammatory_Macrophage,Macrophage,-6.9716663,4.856122
P5TLH_AACTTTCCAGCTCGAC_1,P5TLH,Inflammatory_Macrophage,Macrophage,-1.549498,-4.615395
P5TLH_GATTCAGCATCGGACC_1,P5TLH,Inflammatory_Macrophage,Macrophage,-1.0807326,-1.1198543
P5TLH_GGTATTGGTCCGTCAG_1,P5TLH,Inflammatory_Macrophage,Macrophage,7.2974787,-5.5413938
P5TLH_CGTGAGCGTAAACGCG_1,P5TLH,Inflammatory_Macrophage,Macrophage,0.011507115,-4.795771
P5TLH_CGCTTCATCAGTCAGT_1,P5TLH,Inflammatory_Macrophage,Macrophage,-12.953403,-3.9475727
P5TLH_GGATGTTTCTACTTAC_1,P5TLH,Inflammatory_Macrophage,Macrophage,-3.9089613,-6.513017
P5TLH_AGAGCGACACGGACAA_1,P5TLH,Inflammatory_Macrophage,Macrophage,-3.5653977,-3.653093
P5TLH_ATCCACCAGCAACGGT_1,P5TLH,Inflammatory_Macrophage,Macrophage,-0.3759667,-3.4207432
P5TLH_TGGCCAGCATGCCCGA_1,P5TLH,Inflammatory_Macrophage,Macrophage,16.389633,-9.290772
P5TLH_CCGTTCACACTAGTAC_1,P5TLH,Non-inflammatory_Macrophage,Macrophage,-5.189394,5.9855523
P5TLH_AAGACCTTCTGCAGTA_1,P5TLH,Inflammatory_Macrophage,Macrophage,-4.4196978,-4.4332786
P5TLH_GATCGATCACACCGAC_1,P5TLH,Inflammatory_Macrophage,Macrophage,-2.0207555,-5.2336216
P5TLH_CCCATACAGACAGAGA_1,P5TLH,Inflammatory_Macrophage,Macrophage,-1.2627561,-6.2601495
P5TLH_GCTGCGACATTGAGCT_1,P5TLH,Inflammatory_Macrophage,Macrophage,-1.4198358,-4.0284705
P5TLH_TGGCGCAGTCGCTTCT_1,P5TLH,Inflammatory_Macrophage,Macrophage,-0.32484084,-3.5598767
P5TLH_CGACTTCGTCTCAACA_1,P5TLH,Non-inflammatory_Macrophage,Macrophage,-6.7955174,4.514194
P5TLH_CAAGATCCACACCGCA_1,P5TLH,Inflammatory_Macrophage,Macrophage,-4.8520184,-4.6854515
P5TLH_ATCGAGTAGCTCCTTC_1,P5TLH,Inflammatory_Macrophage,Macrophage,-2.9572413,-5.298721
P5TLH_CTTAACTGTATGAATG_1,P5TLH,Inflammatory_Macrophage,Macrophage,-0.5493906,-6.3229685
P5TLH_CTCTAATAGGGTGTTG_1,P5TLH,Inflammatory_Macrophage,Macrophage,-11.428356,-3.9811351
P5TLH_CCCAATCGTCCATGAT_1,P5TLH,Inflammatory_Macrophage,Macrophage,-1.5699164,-5.3386245
P5TLH_GACACGCAGTTTGCGT_1,P5TLH,Inflammatory_Macrophage,Macrophage,-1.9689097,-5.6507444
P5TLH_GTTACAGGTGTGGCTC_1,P5TLH,Non-inflammatory_Macrophage,Macrophage,-8.123874,6.1074233
P5TLH_GGCAATTGTGTATGGG_1,P5TLH,Inflammatory_Macrophage,Macrophage,-2.4912314,-5.18999
P5TLH_ACGATACAGGTTCCTA_1,P5TLH,Inflammatory_Macrophage,Macrophage,-2.1085784,-6.0064554
P5TLH_GGTGAAGTCTAAGCCA_1,P5TLH,Inflammatory_Macrophage,Macrophage,4.0831265,-6.9925213
P5TLH_CACAAACGTTCCGTCT_1,P5TLH,Non-inflammatory_Macrophage,Macrophage,-4.6344976,4.1695166
P5TLH_TTTCCTCAGTGGTAAT_1,P5TLH,Inflammatory_Macrophage,Macrophage,-2.058673,-7.3177567
P5TLH_ACGAGCCTCACGCGGT_1,P5TLH,Inflammatory_Macrophage,Macrophage,7.371419,-5.423481
P5TLH_TCAATCTTCAGTACGT_1,P5TLH,Inflammatory_Macrophage,Macrophage,1.1905444,-1.4697874
P5TLH_CACCACTAGAGTAATC_1,P5TLH,Inflammatory_Macrophage,Macrophage,-1.3145661,-8.249628
P5TLH_GGCCGATGTCACTGGC_1,P5TLH,Inflammatory_Macrophage,Macrophage,-1.9565387,0.51392484
P5TLH_CTGAAGTAGGCTCTTA_1,P5TLH,Inflammatory_Macrophage,Macrophage,-7.136687,-4.585712
P5TLH_GCTGGGTAGGGCTCTC_1,P5TLH,Inflammatory_Macrophage,Macrophage,-7.2624164,-7.3422446
P5TLH_GTCGTAATCACTTATC_1,P5TLH,Inflammatory_Macrophage,Macrophage,-3.2504048,-6.467077
P5TLH_AGGTCCGGTAGCGCTC_1,P5TLH,Inflammatory_Macrophage,Macrophage,-1.3846215,-7.296576
P5TLH_TCCCGATCAGCAGTTT_1,P5TLH,Inflammatory_Macrophage,Macrophage,-0.9045156,-6.295759
P5TLH_TTGGCAAGTGATGTCT_1,P5TLH,Inflammatory_Macrophage,Macrophage,-3.2989528,-5.7503614
P5TLH_TGACTAGGTTTGTTGG_1,P5TLH,Inflammatory_Macrophage,Macrophage,-1.5497856,0.6318604
P5TLH_AACTCCCCAGCTGCTG_1,P5TLH,Inflammatory_Macrophage,Macrophage,-6.027238,-5.6256156
P5TLH_CGGACTGCACGCTTTC_1,P5TLH,Inflammatory_Macrophage,Macrophage,4.602186,-2.4687076
P5TLH_TTGGCAAGTGTAACGG_1,P5TLH,Inflammatory_Macrophage,Macrophage,0.061028816,-6.4123864
P5TLH_CAGGTGCGTAGCGCTC_1,P5TLH,Non-inflammatory_Macrophage,Macrophage,-2.1826,6.4424577
P5TLH_TATCAGGTCCGATATG_1,P5TLH,Inflammatory_Macrophage,Macrophage,-11.2512,-1.2011688
P5TLH_TTTATGCTCACGATGT_1,P5TLH,Inflammatory_Macrophage,Macrophage,-4.7739086,-5.8035226
P5TLH_CGAGAAGAGATGTGTA_1,P5TLH,Inflammatory_Macrophage,Macrophage,-0.42115006,-6.878545
P5TLH_CAACCAACAGACAAGC_1,P5TLH,Inflammatory_Macrophage,Macrophage,-2.2370696,-7.247376
P5TLH_GGGTCTGAGTCCAGGA_1,P5TLH,Inflammatory_Macrophage,Macrophage,2.6399088,-7.0553126
P5TLH_GTGTTAGCATGCTGGC_1,P5TLH,Non-inflammatory_Macrophage,Macrophage,-5.997919,5.479345
P5TLH_CTGTGCTCATATGGTC_1,P5TLH,Inflammatory_Macrophage,Macrophage,1.2272975,-7.317269
P5TLH_GGCTCGATCGCGGATC_1,P5TLH,Inflammatory_Macrophage,Macrophage,0.17273736,-1.404564
P5TLH_CAGCTAAGTTCGCTAA_1,P5TLH,Non-inflammatory_Macrophage,Macrophage,-3.5473416,6.898707
P5TLH_CGATGTAAGTGGGCTA_1,P5TLH,Inflammatory_Macrophage,Macrophage,-10.241934,-4.951543
P5TLH_TACTTACTCGGCCGAT_1,P5TLH,Non-inflammatory_Macrophage,Macrophage,-5.8744993,5.464432
P5TLH_GTGGGTCTCACGACTA_1,P5TLH,Non-inflammatory_Macrophage,Macrophage,-10.401493,3.9041376
P5TLH_TGCCCTACATCGTCGG_1,P5TLH,Inflammatory_Macrophage,Macrophage,-3.2935894,-4.3808775
P5TLH_AGCTCTCTCGTTTAGG_1,P5TLH,Inflammatory_Macrophage,Macrophage,2.5913706,-6.8375373
P5TLH_GTCGTAATCTTGCAAG_1,P5TLH,Inflammatory_Macrophage,Macrophage,-1.7171483,-6.85781
P5TLH_TCAGGTAGTTCAGGCC_1,P5TLH,Non-inflammatory_Macrophage,Macrophage,-6.839228,6.8102117
P5TLH_GACAGAGAGTGTACTC_1,P5TLH,Inflammatory_Macrophage,Macrophage,1.3933198,-5.826654
P5TLH_GTACTCCAGACTGGGT_1,P5TLH,Inflammatory_Macrophage,Macrophage,-3.1758006,0.9235089
P5TLH_AAGGCAGAGTGGCACA_1,P5TLH,Non-inflammatory_Macrophage,Macrophage,-1.9296948,5.290247
P5TLH_CAAGGCCGTCTTCAAG_1,P5TLH,Inflammatory_Macrophage,Macrophage,-0.59512454,-5.1231084
P5TLH_CCTTTCTCAACACGCC_1,P5TLH,Inflammatory_Macrophage,Macrophage,-2.0414653,-6.963912
P5TLH_TGCACCTTCCTAAGTG_1,P5TLH,Inflammatory_Macrophage,Macrophage,-1.5941453,-1.0013175
P5TLH_CCTACACGTGTAATGA_1,P5TLH,Inflammatory_Macrophage,Macrophage,6.815537,-6.095337
P5TLH_GGGATGATCTGGCGTG_1,P5TLH,Inflammatory_Macrophage,Macrophage,10.809028,-7.3819375
P5TLH_AACTGGTTCCCATTAT_1,P5TLH,Inflammatory_Macrophage,Macrophage,1.1467196,-8.324
P5TLH_TCGCGAGGTTCGGCAC_1,P5TLH,Inflammatory_Macrophage,Macrophage,-5.2796226,-0.7669695
P5TLH_GATGAAAGTAGCGTCC_1,P5TLH,Inflammatory_Macrophage,Macrophage,2.7499778,-0.3429545
P5TLH_ACTGCTCAGGTGCTAG_1,P5TLH,Inflammatory_Macrophage,Macrophage,0.020216871,-5.759606
P5TLH_TGTGTTTTCTGCAGTA_1,P5TLH,Inflammatory_Macrophage,Macrophage,-6.719305,-5.861927
P5TLH_TACGGATCAATCCGAT_1,P5TLH,Inflammatory_Macrophage,Macrophage,7.2823577,-3.9847834
P5TLH_ACGATACTCTGTCCGT_1,P5TLH,Inflammatory_Macrophage,Macrophage,-0.7096579,-4.1783094
P5TLH_CTGAAACGTGAACCTT_1,P5TLH,Non-inflammatory_Macrophage,Macrophage,-2.145967,7.5391
P5TLH_TAAGAGACAGGGAGAG_1,P5TLH,Inflammatory_Macrophage,Macrophage,1.4022686,-1.8241636
P5TLH_CGTCTACAGCGCTCCA_1,P5TLH,Inflammatory_Macrophage,Macrophage,-0.2197643,-7.6850967
P5TLH_CCATTCGTCAACCATG_1,P5TLH,Inflammatory_Macrophage,Macrophage,-3.6210349,-5.8223796
P5TLH_TATTACCCAGCCTTTC_1,P5TLH,Inflammatory_Macrophage,Macrophage,-3.528107,1.0028355
P5TLH_CACCAGGTCCTTTCTC_1,P5TLH,Inflammatory_Macrophage,Macrophage,-3.4116278,0.15681191
P5TLH_CGCTATCTCATGGTCA_1,P5TLH,Inflammatory_Macrophage,Macrophage,-0.16216658,-7.0730085
P5TLH_GCATGATGTAGGAGTC_1,P5TLH,Non-inflammatory_Macrophage,Macrophage,-7.0833335,6.1310577
P5TLH_CTGTGCTGTCATACTG_1,P5TLH,Inflammatory_Macrophage,Macrophage,-6.024988,-0.5916966
P5TLH_CACATTTCACAACTGT_1,P5TLH,Inflammatory_Macrophage,Macrophage,0.920645,-7.1589713
P5TLH_TTGCCGTCATGGTAGG_1,P5TLH,Inflammatory_Macrophage,Macrophage,5.922295,-6.575884
P5TLH_CAGCCGAAGAGACTAT_1,P5TLH,Inflammatory_Macrophage,Macrophage,18.584272,1.5200635
P5TLH_TGCTGCTAGGCCCTTG_1,P5TLH,Inflammatory_Macrophage,Macrophage,-8.190813,-2.4359338
P5TLH_CCGGTAGAGGAACTGC_1,P5TLH,Inflammatory_Macrophage,Macrophage,-1.9449592,0.8742054
P5TLH_TAGAGCTCAATGGACG_1,P5TLH,Non-inflammatory_Macrophage,Macrophage,-9.2619295,5.2188916
P5TLH_TAAGTGCGTTTGTTTC_1,P5TLH,Inflammatory_Macrophage,Macrophage,1.0690776,-6.8648586
P5TLH_CTGTGCTGTAAACCTC_1,P5TLH,Inflammatory_Macrophage,Macrophage,-3.480636,-6.9299855
P5TLH_CCTAGCTGTAAAGGAG_1,P5TLH,Inflammatory_Macrophage,Macrophage,-4.122507,1.7874198
P5TLH_GTAGTCAAGTGAAGTT_1,P5TLH,Inflammatory_Macrophage,Macrophage,-1.0754069,-5.2295823
P5TLH_TGGTTAGTCCGAACGC_1,P5TLH,Inflammatory_Macrophage,Macrophage,0.5283441,-7.2386765
P5TLH_TGAGAGGGTCAAACTC_1,P5TLH,Inflammatory_Macrophage,Macrophage,-1.4936949,1.7436801
P5TLH_TCAGGTATCGAGGTAG_1,P5TLH,Inflammatory_Macrophage,Macrophage,-1.0717493,-5.9873576
P5TLH_TGTATTCAGCAAATCA_1,P5TLH,Inflammatory_Macrophage,Macrophage,-1.4134247,-4.8116035
P5TLH_CGGAGTCAGTGCAAGC_1,P5TLH,Inflammatory_Macrophage,Macrophage,-1.6299629,-6.805319
P5TLH_TAGTTGGTCTCTGCTG_1,P5TLH,Inflammatory_Macrophage,Macrophage,4.440434,-2.776913
P5TLH_ATTGGTGAGGCTCTTA_1,P5TLH,Inflammatory_Macrophage,Macrophage,-2.464318,-6.67421
P5TLH_CGACCTTGTCACCCAG_1,P5TLH,Non-inflammatory_Macrophage,Macrophage,-9.196336,2.9790018
P5TLH_TAGGCATAGGCTATCT_1,P5TLH,Inflammatory_Macrophage,Macrophage,3.5690742,-6.584841
P5TLH_TAGAGCTAGCTCTCGG_1,P5TLH,Inflammatory_Macrophage,Macrophage,4.1806855,-8.086701
P5TLH_CATGGCGAGCAATATG_1,P5TLH,Inflammatory_Macrophage,Macrophage,-4.3573093,-4.728514
P5TLH_ATGAGGGGTCAACATC_1,P5TLH,Inflammatory_Macrophage,Macrophage,2.2553256,-5.897206
P5TLH_CTTTGCGCATCTATGG_1,P5TLH,Inflammatory_Macrophage,Macrophage,-0.09683824,-7.3253927
P5TLH_CCAGCGACATATGAGA_1,P5TLH,Inflammatory_Macrophage,Macrophage,-5.295926,-4.735174
P5TLH_CTCTGGTTCAAGAAGT_1,P5TLH,Non-inflammatory_Macrophage,Macrophage,-4.292184,3.966513
P5TLH_TGCTACCCATCTCGCT_1,P5TLH,Inflammatory_Macrophage,Macrophage,-12.080527,2.7569337
P5TLH_TGCTACCTCCGTCATC_1,P5TLH,Non-inflammatory_Macrophage,Macrophage,-6.69406,4.979452
P5TLH_GGGACCTAGCGTTTAC_1,P5TLH,Inflammatory_Macrophage,Macrophage,-0.59002054,-5.557708
P5TLH_ACTTGTTAGCGTAGTG_1,P5TLH,Inflammatory_Macrophage,Macrophage,-5.070513,0.6683758
P5TLH_GTAACTGTCACAACGT_1,P5TLH,Inflammatory_Macrophage,Macrophage,-0.5817421,-6.998222
P5TLH_CCTAAAGCATCGGACC_1,P5TLH,Inflammatory_Macrophage,Macrophage,-7.865379,-4.406194
P5TLH_CGTCCATTCCGCATCT_1,P5TLH,Inflammatory_Macrophage,Macrophage,2.7069428,-2.9912057
P5TLH_TTTGTCATCCACGCAG_1,P5TLH,Inflammatory_Macrophage,Macrophage,1.0293821,-7.610662
P5TLH_TGGCCAGTCTACTTAC_1,P5TLH,Inflammatory_Macrophage,Macrophage,-5.9816375,-0.61256343
P5TLH_CGAATGTCAGACACTT_1,P5TLH,Inflammatory_Macrophage,Macrophage,-1.0490942,-6.3407097
P5TLH_GTCGTAAAGTGTTGAA_1,P5TLH,Non-inflammatory_Macrophage,Macrophage,-7.0773473,7.4157677
P5TLH_TACTTGTCAGATTGCT_1,P5TLH,Inflammatory_Macrophage,Macrophage,1.0515913,-6.435402
P5TLH_ATTTCTGGTCAGTGGA_1,P5TLH,Inflammatory_Macrophage,Macrophage,-1.6857208,-1.3686643
P5TLH_ACAGCTAAGTCGAGTG_1,P5TLH,Inflammatory_Macrophage,Macrophage,1.8676037,-6.7066445
P5TLH_CAGTCCTTCTTAGAGC_1,P5TLH,Inflammatory_Macrophage,Macrophage,-2.7012541,-6.425136
P5TLH_CAGTAACGTGAGTGAC_1,P5TLH,Inflammatory_Macrophage,Macrophage,3.0284114,-5.8769183
P5TLH_CCTCAGTGTCCGCTGA_1,P5TLH,Inflammatory_Macrophage,Macrophage,-1.6551465,-4.800097
P5TLH_CAGCGACGTGAGCGAT_1,P5TLH,Inflammatory_Macrophage,Macrophage,0.07889901,-0.90180075
P5TLH_CCTTACGGTTCAGACT_1,P5TLH,Non-inflammatory_Macrophage,Macrophage,-8.7134075,4.12094
P5TLH_AAAGTAGCAAGGTTCT_1,P5TLH,Inflammatory_Macrophage,Macrophage,-1.0878645,-4.9412303
P5TLH_CGGACTGTCTAACTGG_1,P5TLH,Inflammatory_Macrophage,Macrophage,-0.90953326,-5.9260764
P5TLH_TACCTTATCTATGTGG_1,P5TLH,Inflammatory_Macrophage,Macrophage,-0.4984675,-4.985464
P5TLH_TGGCTGGAGAGCTATA_1,P5TLH,Inflammatory_Macrophage,Macrophage,-0.38687137,-3.1870496
P5TLH_CGCGTTTAGCAATATG_1,P5TLH,Inflammatory_Macrophage,Macrophage,-1.8861684,-4.9061656
P5TLH_CACAAACAGTATGACA_1,P5TLH,Inflammatory_Macrophage,Macrophage,-0.8593573,-6.075776
P5TLH_GCGCCAATCGTAGGAG_1,P5TLH,Inflammatory_Macrophage,Macrophage,0.43204302,-5.578796
P5TLH_CGGACACTCCCTAATT_1,P5TLH,Non-inflammatory_Macrophage,Macrophage,7.3276753,7.4468927
P5TLH_TTAGTTCTCAATCTCT_1,P5TLH,Non-inflammatory_Macrophage,Macrophage,-8.30913,4.72992
P5TLH_GTTAAGCAGTGCTGCC_1,P5TLH,Inflammatory_Macrophage,Macrophage,0.7062198,-4.530924
P5TLH_GGGACCTGTCACACGC_1,P5TLH,Inflammatory_Macrophage,Macrophage,-5.569697,-2.1668403
P5TLH_ACTATCTGTAGTGAAT_1,P5TLH,Inflammatory_Macrophage,Macrophage,-0.8203984,-7.2596283
P5TLH_TGGCGCAGTAGCTCCG_1,P5TLH,Inflammatory_Macrophage,Macrophage,6.5954356,-6.235776
P5TLH_TTCTACAAGGCAAAGA_1,P5TLH,Non-inflammatory_Macrophage,Macrophage,-6.7893023,3.1687937
P5TLH_CCTTTCTCAGAAGCAC_1,P5TLH,Inflammatory_Macrophage,Macrophage,-1.2282472,-5.7520323
P5TLH_GCACATATCACCAGGC_1,P5TLH,Inflammatory_Macrophage,Macrophage,-2.993177,-0.51653713
P5TLH_TACGGATAGGGTATCG_1,P5TLH,Inflammatory_Macrophage,Macrophage,-1.1974945,-4.5111027
P5TLH_GTTAAGCCAGATCCAT_1,P5TLH,Inflammatory_Macrophage,Macrophage,2.25759,-5.3748016
P5TLH_GCAATCAAGATATGCA_1,P5TLH,Inflammatory_Macrophage,Macrophage,-11.339101,-1.0697473
