source_archive,source_path,package_path,status,bytes,sha256
Additional_file_6_Targeted_Analysis_Code.zip,ENVIRONMENT.json,provenance/original_package_metadata/Additional_file_6_Targeted_Analysis_Code/ENVIRONMENT.json,retained_byte_identical,167,30b1b7453a244cb35cdcf3bcdec6fc4135185cd2f02bf73873c6a3e7455c33f4
Additional_file_6_Targeted_Analysis_Code.zip,MANIFEST.json,provenance/original_package_metadata/Additional_file_6_Targeted_Analysis_Code/MANIFEST.json,retained_byte_identical,9515,0246e466e820305a6ab2fbc84e568eb9afee9aec542a55375ad284c87e0d7f73
Additional_file_6_Targeted_Analysis_Code.zip,README.txt,provenance/original_package_metadata/Additional_file_6_Targeted_Analysis_Code/README.txt,retained_byte_identical,875,8630cefcaac9ace19077317c6028f0531fad7fcd30d1c3af863771932e3d3cff
Additional_file_6_Targeted_Analysis_Code.zip,binding_analysis/CHEMBL1137777_Document.json,binding_analysis/CHEMBL1137777_Document.json,retained_byte_identical,1879,fe52ba0929a3354889c86d36a83455c3b3befccd419213c5d52ba99e5d4911b9
Additional_file_6_Targeted_Analysis_Code.zip,binding_analysis/CHEMBL1240338_Document.json,binding_analysis/CHEMBL1240338_Document.json,retained_byte_identical,2450,48f55a180221b9f3b21c223ba8ba259b7ffa8d342b5b211479c71e884715737d
Additional_file_6_Targeted_Analysis_Code.zip,binding_analysis/CHEMBL1908390_Document.json,binding_analysis/CHEMBL1908390_Document.json,retained_byte_identical,1637,58d5582d2e7d0cde21946b9a560dfe7493fda1eb2b54f8d9b2772dd37781f2eb
Additional_file_6_Targeted_Analysis_Code.zip,binding_analysis/CHEMBL3992544_Document.json,binding_analysis/CHEMBL3992544_Document.json,retained_byte_identical,1328,27d8bbd7fd511e5d454561057454f22de90ba6080e3925873be8fe899962660a
Additional_file_6_Targeted_Analysis_Code.zip,binding_analysis/CHEMBL4130391_Document.json,binding_analysis/CHEMBL4130391_Document.json,retained_byte_identical,1232,fd116743b1a2efa1e1278301e99b044ed34db1b524f4035969a84488083322a6
Additional_file_6_Targeted_Analysis_Code.zip,binding_analysis/FLT4_UniProt.json,binding_analysis/FLT4_UniProt.json,retained_byte_identical,118819,07d16a0c8983b5d7c09cb117408d5049e3c2239c6a38559956a3b8bfd269cb57
Additional_file_6_Targeted_Analysis_Code.zip,binding_analysis/Inductive_Bio_Raw_Predictions.json,binding_analysis/Inductive_Bio_Raw_Predictions.json,retained_byte_identical,3122,394307d0c800474383d5b8b0c2ece25990eb6d2536fd9e1dd4b23d356580abe7
Additional_file_6_Targeted_Analysis_Code.zip,binding_analysis/Nintedanib_ChEMBL.json,binding_analysis/Nintedanib_ChEMBL.json,retained_byte_identical,6324,c2873a1bd385467168e5c8c14f0d434c10a1693607f1442e2b7ac702100161d1
Additional_file_6_Targeted_Analysis_Code.zip,binding_analysis/PDGFRA_UniProt.json,binding_analysis/PDGFRA_UniProt.json,retained_byte_identical,135368,641cccb26e20a339a4b866d58980c4cf2f5ff067c63b3a42811869da9bddda09
Additional_file_6_Targeted_Analysis_Code.zip,binding_analysis/analyze_binding_evidence.py,binding_analysis/analyze_binding_evidence.py,retained_byte_identical,11613,a1b8c8dbac0c3949299328ec2a1e38d34c00d6225fcbdacba681e87ca20fe4ea
Additional_file_6_Targeted_Analysis_Code.zip,binding_analysis/chembl_all_nintedanib_activities.csv,binding_analysis/chembl_all_nintedanib_activities.csv,retained_byte_identical,2367367,d3cb38208f3313ab93dd1056c6dee26ae2c8a947e3c3a42200ed9f6a7bc0a184
Additional_file_6_Targeted_Analysis_Code.zip,binding_analysis/chembl_human_single_protein_activities.csv,binding_analysis/chembl_human_single_protein_activities.csv,retained_byte_identical,178526,57541e7d9b41bbc21763125ac403d2a00b8e75bf483ff679378190d9c15f9c72
Additional_file_6_Targeted_Analysis_Code.zip,binding_analysis/chembl_target_summary.csv,binding_analysis/chembl_target_summary.csv,retained_byte_identical,31950,fda76feee74f7b0adafcf16e8f960f9637e52e43b656937a2374afde963dc381
Additional_file_6_Targeted_Analysis_Code.zip,binding_analysis/results/Binding_All_Target_Records_Audited.csv,binding_analysis/results/Binding_All_Target_Records_Audited.csv,retained_byte_identical,23835,07eb015ef7e45e310ab415c18aa82b591ec11848f488bdd80d889531e29b5d38
Additional_file_6_Targeted_Analysis_Code.zip,binding_analysis/results/Binding_Analysis_Manifest.json,binding_analysis/results/Binding_Analysis_Manifest.json,retained_byte_identical,862,0e2b108b90c5cb1fe6e16f160e9e5dd625c454a81a435c942ede7a0e3fea85ae
Additional_file_6_Targeted_Analysis_Code.zip,binding_analysis/results/Binding_Assay_Stratified_Summary.csv,binding_analysis/results/Binding_Assay_Stratified_Summary.csv,retained_byte_identical,903,9302812f2c0a8a8feec893dd9e662c5710ed96d4076b9ea5696f85de744a39ea
Additional_file_6_Targeted_Analysis_Code.zip,binding_analysis/results/Binding_Leave_One_Document_Out.csv,binding_analysis/results/Binding_Leave_One_Document_Out.csv,retained_byte_identical,1429,9c96b859837b6fa4019eb009588e7ec39917b7df76d394711e70895e33c5a408
Additional_file_6_Targeted_Analysis_Code.zip,binding_analysis/results/Binding_Primary_Citations.json,binding_analysis/results/Binding_Primary_Citations.json,retained_byte_identical,2359,053a134a7af866765a2f863015b35907bdce6b651e78c9d458348990cddf937c
Additional_file_6_Targeted_Analysis_Code.zip,binding_analysis/results/Binding_Record_Audit_Counts.csv,binding_analysis/results/Binding_Record_Audit_Counts.csv,retained_byte_identical,154,ea21375b66eb6bfbc2cb7cf9b38802739887d65547e62d1e470bab2cffa87199
Additional_file_6_Targeted_Analysis_Code.zip,binding_analysis/results/Binding_Within_Document_Contrasts.csv,binding_analysis/results/Binding_Within_Document_Contrasts.csv,retained_byte_identical,488,2c309e67df344f862920bbd39bc1fe620dc55370168e6f011830f77dfbc44220
Additional_file_6_Targeted_Analysis_Code.zip,binding_analysis/results/Inductive_Physicochemical_Predictions.csv,binding_analysis/results/Inductive_Physicochemical_Predictions.csv,retained_byte_identical,1244,8e1d84f8d227cedb8dadb19202ac4f6c73827b5c248e93a9ab37fbb6b18ac3e2
Additional_file_6_Targeted_Analysis_Code.zip,binding_analysis/results/SMILES_Verification.json,binding_analysis/results/SMILES_Verification.json,retained_byte_identical,339,423980966f5d5759b23513e5308214aae3baa28d9416fe6ef3b919696fcb1f7a
Additional_file_6_Targeted_Analysis_Code.zip,binding_analysis/sciplex_dose_concordance.csv,binding_analysis/sciplex_dose_concordance.csv,retained_byte_identical,77599,30e848ca2577aec471aa42fcc85a42f24bf0bbc496848fc964a65dd8b68891a7
Additional_file_6_Targeted_Analysis_Code.zip,binding_analysis/sciplex_nintedanib_signature_long.csv,binding_analysis/sciplex_nintedanib_signature_long.csv,retained_byte_identical,303907,2be93a831f240af7f48aa3a53c76876259f59aad3f13ba0febcbc5ba0f805100
Additional_file_6_Targeted_Analysis_Code.zip,binding_analysis/source_manifest.csv,binding_analysis/source_manifest.csv,retained_byte_identical,525,fef70e1d38607cfe245730d8ba523065c1c4c1231b136418941b00641801745b
Additional_file_6_Targeted_Analysis_Code.zip,data/Additional_file_4_Clinical_Evidence_and_Analysis_Code/Analysis/network_diffusion/network_clinical_seed_weights.csv,data/Additional_file_4_Clinical_Evidence_and_Analysis_Code/Analysis/network_diffusion/network_clinical_seed_weights.csv,retained_byte_identical,9029,7c9a143e56c5d7fb45bd345c106ba187d1a7974261e1469b55c156dbe10b5ca6
Additional_file_6_Targeted_Analysis_Code.zip,data/Additional_file_4_Clinical_Evidence_and_Analysis_Code/Analysis/network_diffusion/network_specification_scores.csv,data/Additional_file_4_Clinical_Evidence_and_Analysis_Code/Analysis/network_diffusion/network_specification_scores.csv,retained_byte_identical,875337,715556deaa7c6c41b529aca5f28e8f3d252ac135d8d68ea8a66736cc604feb08
Additional_file_6_Targeted_Analysis_Code.zip,data/Additional_file_5_Liver_and_Lung_Single_Cell_Data/Source_Data/Liver_Single_Cell/cell_metadata.csv,data/Additional_file_5_Liver_and_Lung_Single_Cell_Data/Source_Data/Liver_Single_Cell/cell_metadata.csv,retained_byte_identical,667033,d94cc143d3075032374493a2fe9848424edb65ab974f49ea456e5c2eea53dfc4
Additional_file_6_Targeted_Analysis_Code.zip,data/Additional_file_5_Liver_and_Lung_Single_Cell_Data/Source_Data/Liver_Single_Cell/endothelial_network_matrix.csv.gz,data/Additional_file_5_Liver_and_Lung_Single_Cell_Data/Source_Data/Liver_Single_Cell/endothelial_network_matrix.csv.gz,retained_byte_identical,1389231,b1227a4e090fad260c7264c2fb28d8b3bd86c22c0d8f53ffc02e87ca0ecd7d84
Additional_file_6_Targeted_Analysis_Code.zip,data/Additional_file_5_Liver_and_Lung_Single_Cell_Data/Source_Data/Liver_Single_Cell/hepatocyte_network_matrix.csv.gz,data/Additional_file_5_Liver_and_Lung_Single_Cell_Data/Source_Data/Liver_Single_Cell/hepatocyte_network_matrix.csv.gz,retained_byte_identical,7375543,ca04e809eba7018afb80841fdbc6bf53ce7f40e2cee81983d05ef6285e8c9f4a
Additional_file_6_Targeted_Analysis_Code.zip,data/Additional_file_5_Liver_and_Lung_Single_Cell_Data/Source_Data/Liver_Single_Cell/macrophage_network_matrix.csv.gz,data/Additional_file_5_Liver_and_Lung_Single_Cell_Data/Source_Data/Liver_Single_Cell/macrophage_network_matrix.csv.gz,retained_byte_identical,2084506,506b1c291e43ab5a0c86a46995cac411a6d1b17e592f30486ef174ed0a604b1b
Additional_file_6_Targeted_Analysis_Code.zip,new_virtual/README.txt,new_virtual/README.txt,retained_byte_identical,3313,95fe756895627186498f2b4e88adfca51f1b234f35529828dba646f75095ff56
Additional_file_6_Targeted_Analysis_Code.zip,new_virtual/analysis_specification.json,new_virtual/analysis_specification.json,retained_byte_identical,2118,c5c351d9f635371f3c3d3801740a480727a71be2274afd714abb9ff5ee9f82fc
Additional_file_6_Targeted_Analysis_Code.zip,new_virtual/donor_covariance_qc.csv,new_virtual/donor_covariance_qc.csv,retained_byte_identical,723,2c7543d07be993f0b1dc9fe4333cb58de640408cf9c681597f9c4c07b6187fd0
Additional_file_6_Targeted_Analysis_Code.zip,new_virtual/donor_omission_ranges.csv,new_virtual/donor_omission_ranges.csv,retained_byte_identical,577,f137a221044a0e0ea1a3c2f586539f6e6ebee30c43ad4487947371114dc93c0e
Additional_file_6_Targeted_Analysis_Code.zip,new_virtual/donor_target_expression.csv,new_virtual/donor_target_expression.csv,retained_byte_identical,1841,9e61d6e7ad0ca0b2cbe3cb81b2f0fe7e06c1a56d9eb63a954a3ca4ad3f03e5b4
Additional_file_6_Targeted_Analysis_Code.zip,new_virtual/edge_attenuation_sensitivity.csv,new_virtual/edge_attenuation_sensitivity.csv,retained_byte_identical,2004,20665cd6b571d7d7921584651e4c3345899fe797cb08a1b7b09859c3b845a76a
Additional_file_6_Targeted_Analysis_Code.zip,new_virtual/figure_s11_chart_contract.json,new_virtual/figure_s11_chart_contract.json,retained_byte_identical,1573,3aba770d0f3ffc67e18de679dc97b2fd5e50e751362be494361d2bb4b9d4f600
Additional_file_6_Targeted_Analysis_Code.zip,new_virtual/gene_level_perturbations.csv.gz,new_virtual/gene_level_perturbations.csv.gz,retained_byte_identical,520823,dbe04eba26a2146d9ab6389ed0f03069452bb79a50aae5193ac5414159975e9f
Additional_file_6_Targeted_Analysis_Code.zip,new_virtual/input_manifest.csv,new_virtual/input_manifest.csv,retained_byte_identical,619,6c94ca1e5ba97a69cd2bc6fa601ee6dc0e782570aa083310cc70c54553935358
Additional_file_6_Targeted_Analysis_Code.zip,new_virtual/make_figure_s11.py,new_virtual/make_figure_s11.py,retained_byte_identical,10127,58aec021a6e2c979d5d49f09fa11ba61299ad35a106bb96c529a37d3554ad37a
Additional_file_6_Targeted_Analysis_Code.zip,new_virtual/matched_control_pools.csv,new_virtual/matched_control_pools.csv,retained_byte_identical,48750,765039a6fe1c64912c42ac8c783b3fa0614c2a38da0341fa7453674b610bc26d
Additional_file_6_Targeted_Analysis_Code.zip,new_virtual/matched_null_metrics.csv.gz,new_virtual/matched_null_metrics.csv.gz,retained_byte_identical,124570,20b4116062c66769f51f2340c0014166fc205beb5e40728d674ffa761c94658b
Additional_file_6_Targeted_Analysis_Code.zip,new_virtual/nonadditivity_by_donor_omission.csv,new_virtual/nonadditivity_by_donor_omission.csv,retained_byte_identical,1632,4ccc5dde39437caca4dfa091da9a15a00bb0a369b7d64bc8e5c768caf84b2bc8
Additional_file_6_Targeted_Analysis_Code.zip,new_virtual/nonadditivity_calibration.csv,new_virtual/nonadditivity_calibration.csv,retained_byte_identical,613,8ec46da679aa7369037c9361e59d947ae88bc3eac895b07bd8d59896eefcf925
Additional_file_6_Targeted_Analysis_Code.zip,new_virtual/output_manifest.csv,new_virtual/output_manifest.csv,retained_byte_identical,3467,e68faa48dd7eef8c98683abe2d5eb1dca7aaa93683c68da0014d19b37844af59
Additional_file_6_Targeted_Analysis_Code.zip,new_virtual/perturbation_metrics.csv,new_virtual/perturbation_metrics.csv,retained_byte_identical,16639,bfc29324c9361cab008da2636d98e63771ad2e4e3a4089967a64a6f839dcd5f6
Additional_file_6_Targeted_Analysis_Code.zip,new_virtual/primary_calibration.csv,new_virtual/primary_calibration.csv,retained_byte_identical,2754,181de336108efc9617ad73b786e4c49cf4f35adf1e276d8fcbbdd6060252878f
Additional_file_6_Targeted_Analysis_Code.zip,new_virtual/run_target_pair_perturbation.py,new_virtual/run_target_pair_perturbation.py,retained_byte_identical,12836,4cd5de8639452dc81dfc10d52e39ddae9638dbd611be82f1b6efac1b4c258493
Additional_file_6_Targeted_Analysis_Code.zip,new_virtual/target_to_target_redistribution.csv,new_virtual/target_to_target_redistribution.csv,retained_byte_identical,625,6ccfcdf7ccb1e6a62cdac0148b724c1714d7e26accc30472485f533db9722a0f
Additional_file_6_Targeted_Analysis_Code.zip,new_virtual/validate_extension.py,new_virtual/validate_extension.py,retained_byte_identical,2253,2e9b32877891e4839400c316f2e04ff98a2a4d2881044a5da63fc13d9c487f86
Additional_file_6_Targeted_Analysis_Code.zip,new_virtual/validation_summary.json,new_virtual/validation_summary.json,retained_byte_identical,837,990372a7b4eb08f2d09db4eab4bf455d492c5b791e8638fae2aba8fc4665da86
Additional_file_9_Screening_Code_and_Data.zip,README.txt,provenance/original_package_metadata/Additional_file_9_Screening_Code_and_Data/README.txt,retained_byte_identical,3124,2d54b15f032aa3140ce3a684d8115c543caace20e47b4d11ddf51043fc9a95be
Additional_file_9_Screening_Code_and_Data.zip,SHA256SUMS.txt,provenance/original_package_metadata/Additional_file_9_Screening_Code_and_Data/SHA256SUMS.txt,retained_byte_identical,152732,59d3da4f162c5d59643d4cb557bf121b5d1006fba5f450b3a226fa2abe4c51d1
Additional_file_9_Screening_Code_and_Data.zip,binding_analysis/Inductive_Bio_Raw_Predictions.json,binding_analysis/Inductive_Bio_Raw_Predictions.json,deduplicated_identical_shared_path,3122,394307d0c800474383d5b8b0c2ece25990eb6d2536fd9e1dd4b23d356580abe7
Additional_file_9_Screening_Code_and_Data.zip,jcm_revision/boltz-experiments/jcm-flt4-focused16-v1/results/index.jsonl,jcm_revision/boltz-experiments/jcm-flt4-focused16-v1/results/index.jsonl,retained_byte_identical,10653,67c0c0aa602960a9cfcbdae640240427678487203f70454738737b458b7e1a46
Additional_file_9_Screening_Code_and_Data.zip,jcm_revision/boltz-experiments/jcm-flt4-focused16-v1/results/pres_3oEEqyniAMy41mBnYToi/archive.tar.gz,jcm_revision/boltz-experiments/jcm-flt4-focused16-v1/results/pres_3oEEqyniAMy41mBnYToi/archive.tar.gz,retained_byte_identical,234350,bf6572570a3aec802115564c85acee3384b794bd328a97b2317cf003e93c73b8
Additional_file_9_Screening_Code_and_Data.zip,jcm_revision/boltz-experiments/jcm-flt4-focused16-v1/results/pres_3oEEqyniAMy41mBnYToi/archive.tar.gz.part,,omitted_empty_download_placeholder,0,e3b0c44298fc1c149afbf4c8996fb92427ae41e4649b934ca495991b7852b855
Additional_file_9_Screening_Code_and_Data.zip,jcm_revision/boltz-experiments/jcm-flt4-focused16-v1/results/pres_3oEEqyniAMy41mBnYToi/files/result/metrics.json,jcm_revision/boltz-experiments/jcm-flt4-focused16-v1/results/pres_3oEEqyniAMy41mBnYToi/files/result/metrics.json,retained_byte_identical,275,cf1579e64eb46543322609c4408ea67b2386550b9692c004197a3014a33da38f
Additional_file_9_Screening_Code_and_Data.zip,jcm_revision/boltz-experiments/jcm-flt4-focused16-v1/results/pres_3oEEqyniAMy41mBnYToi/files/result/pae.npz,jcm_revision/boltz-experiments/jcm-flt4-focused16-v1/results/pres_3oEEqyniAMy41mBnYToi/files/result/pae.npz,retained_byte_identical,192797,6ddf29a136c30a86447b07872ab7f4e4e1f6682cd32b9620a6f9af647f58433a
Additional_file_9_Screening_Code_and_Data.zip,jcm_revision/boltz-experiments/jcm-flt4-focused16-v1/results/pres_3oEEqyniAMy41mBnYToi/files/result/pres_3oEEqyniAMy41mBnYToi_predicted.cif,jcm_revision/boltz-experiments/jcm-flt4-focused16-v1/results/pres_3oEEqyniAMy41mBnYToi/files/result/pres_3oEEqyniAMy41mBnYToi_predicted.cif,retained_byte_identical,142108,3fa5b1ffff9161652a37e4c1e73579ff255f714e04c263c416cee14dcf971385
Additional_file_9_Screening_Code_and_Data.zip,jcm_revision/boltz-experiments/jcm-flt4-focused16-v1/results/pres_3oEEqyniAMy41mBnYToi/metadata.json,jcm_revision/boltz-experiments/jcm-flt4-focused16-v1/results/pres_3oEEqyniAMy41mBnYToi/metadata.json,retained_byte_identical,630,5897e1f838aacef2a88167e147c40333993f144f4a7e8124f8a86313caa83736
Additional_file_9_Screening_Code_and_Data.zip,jcm_revision/boltz-experiments/jcm-flt4-focused16-v1/results/pres_CjRMeKIe0YVKeDGuGFhZ/archive.tar.gz,jcm_revision/boltz-experiments/jcm-flt4-focused16-v1/results/pres_CjRMeKIe0YVKeDGuGFhZ/archive.tar.gz,retained_byte_identical,223568,08d16d57725bec9907e586f5035f73901c552257f6a1c1faf6012a671e395211
Additional_file_9_Screening_Code_and_Data.zip,jcm_revision/boltz-experiments/jcm-flt4-focused16-v1/results/pres_CjRMeKIe0YVKeDGuGFhZ/archive.tar.gz.part,,omitted_empty_download_placeholder,0,e3b0c44298fc1c149afbf4c8996fb92427ae41e4649b934ca495991b7852b855
Additional_file_9_Screening_Code_and_Data.zip,jcm_revision/boltz-experiments/jcm-flt4-focused16-v1/results/pres_CjRMeKIe0YVKeDGuGFhZ/files/result/metrics.json,jcm_revision/boltz-experiments/jcm-flt4-focused16-v1/results/pres_CjRMeKIe0YVKeDGuGFhZ/files/result/metrics.json,retained_byte_identical,274,358c17fe7915a4db32f69d9296885506cd0745bd5a9de41085014b23a818a118
Additional_file_9_Screening_Code_and_Data.zip,jcm_revision/boltz-experiments/jcm-flt4-focused16-v1/results/pres_CjRMeKIe0YVKeDGuGFhZ/files/result/pae.npz,jcm_revision/boltz-experiments/jcm-flt4-focused16-v1/results/pres_CjRMeKIe0YVKeDGuGFhZ/files/result/pae.npz,retained_byte_identical,183147,420ab93cebb76613adf0d01f16a809774d79440388d727d15bcfb8d64ba28717
Additional_file_9_Screening_Code_and_Data.zip,jcm_revision/boltz-experiments/jcm-flt4-focused16-v1/results/pres_CjRMeKIe0YVKeDGuGFhZ/files/result/pres_CjRMeKIe0YVKeDGuGFhZ_predicted.cif,jcm_revision/boltz-experiments/jcm-flt4-focused16-v1/results/pres_CjRMeKIe0YVKeDGuGFhZ/files/result/pres_CjRMeKIe0YVKeDGuGFhZ_predicted.cif,retained_byte_identical,141021,51af226cc01ff6d781ded1db57755aa10aaf5f4df8571645682abfe7b75e39b6
Additional_file_9_Screening_Code_and_Data.zip,jcm_revision/boltz-experiments/jcm-flt4-focused16-v1/results/pres_CjRMeKIe0YVKeDGuGFhZ/metadata.json,jcm_revision/boltz-experiments/jcm-flt4-focused16-v1/results/pres_CjRMeKIe0YVKeDGuGFhZ/metadata.json,retained_byte_identical,626,8046657c0900025ed015e720217a0d64976337991d8e3e70a598b2b430751b5b
Additional_file_9_Screening_Code_and_Data.zip,jcm_revision/boltz-experiments/jcm-flt4-focused16-v1/results/pres_D3qQHaL87MwxIzwKuup3/archive.tar.gz,jcm_revision/boltz-experiments/jcm-flt4-focused16-v1/results/pres_D3qQHaL87MwxIzwKuup3/archive.tar.gz,retained_byte_identical,226666,10ee359df94921869b34f4fbe66b3b5cfb391562683431f7bf213b1cd34a4ff1
Additional_file_9_Screening_Code_and_Data.zip,jcm_revision/boltz-experiments/jcm-flt4-focused16-v1/results/pres_D3qQHaL87MwxIzwKuup3/archive.tar.gz.part,,omitted_empty_download_placeholder,0,e3b0c44298fc1c149afbf4c8996fb92427ae41e4649b934ca495991b7852b855
Additional_file_9_Screening_Code_and_Data.zip,jcm_revision/boltz-experiments/jcm-flt4-focused16-v1/results/pres_D3qQHaL87MwxIzwKuup3/files/result/metrics.json,jcm_revision/boltz-experiments/jcm-flt4-focused16-v1/results/pres_D3qQHaL87MwxIzwKuup3/files/result/metrics.json,retained_byte_identical,273,0b7aa8822e896e09c1aca9084eb5be7d9368b6d970940c7c92e8175cd3eb568b
Additional_file_9_Screening_Code_and_Data.zip,jcm_revision/boltz-experiments/jcm-flt4-focused16-v1/results/pres_D3qQHaL87MwxIzwKuup3/files/result/pae.npz,jcm_revision/boltz-experiments/jcm-flt4-focused16-v1/results/pres_D3qQHaL87MwxIzwKuup3/files/result/pae.npz,retained_byte_identical,185119,859791e7caef1fffb1ccb3c3111f121c6d10b9db68a115d3cc625c8f6808fbb6
Additional_file_9_Screening_Code_and_Data.zip,jcm_revision/boltz-experiments/jcm-flt4-focused16-v1/results/pres_D3qQHaL87MwxIzwKuup3/files/result/pres_D3qQHaL87MwxIzwKuup3_predicted.cif,jcm_revision/boltz-experiments/jcm-flt4-focused16-v1/results/pres_D3qQHaL87MwxIzwKuup3/files/result/pres_D3qQHaL87MwxIzwKuup3_predicted.cif,retained_byte_identical,141273,f8c57090ad2c0db2dee0fc8be93cd15ed31db371f8d7f451a10f8db277b13219
Additional_file_9_Screening_Code_and_Data.zip,jcm_revision/boltz-experiments/jcm-flt4-focused16-v1/results/pres_D3qQHaL87MwxIzwKuup3/metadata.json,jcm_revision/boltz-experiments/jcm-flt4-focused16-v1/results/pres_D3qQHaL87MwxIzwKuup3/metadata.json,retained_byte_identical,617,c912f1741916d040ee08f98b55bba5c9a51d836e0daca4133a137a6217c5b351
Additional_file_9_Screening_Code_and_Data.zip,jcm_revision/boltz-experiments/jcm-flt4-focused16-v1/results/pres_D49fhaQle5QZqdqqr6um/archive.tar.gz,jcm_revision/boltz-experiments/jcm-flt4-focused16-v1/results/pres_D49fhaQle5QZqdqqr6um/archive.tar.gz,retained_byte_identical,225353,0fc808ee52473955dd167ee6839030aff34e579a64dd689aebd0f8e7b698c185
Additional_file_9_Screening_Code_and_Data.zip,jcm_revision/boltz-experiments/jcm-flt4-focused16-v1/results/pres_D49fhaQle5QZqdqqr6um/archive.tar.gz.part,,omitted_empty_download_placeholder,0,e3b0c44298fc1c149afbf4c8996fb92427ae41e4649b934ca495991b7852b855
Additional_file_9_Screening_Code_and_Data.zip,jcm_revision/boltz-experiments/jcm-flt4-focused16-v1/results/pres_D49fhaQle5QZqdqqr6um/files/result/metrics.json,jcm_revision/boltz-experiments/jcm-flt4-focused16-v1/results/pres_D49fhaQle5QZqdqqr6um/files/result/metrics.json,retained_byte_identical,275,73aa1cbbfec99fcc8d28d1c3fed8aa33a0ed2c6386d37d9b109c1ae28ecd2fe5
Additional_file_9_Screening_Code_and_Data.zip,jcm_revision/boltz-experiments/jcm-flt4-focused16-v1/results/pres_D49fhaQle5QZqdqqr6um/files/result/pae.npz,jcm_revision/boltz-experiments/jcm-flt4-focused16-v1/results/pres_D49fhaQle5QZqdqqr6um/files/result/pae.npz,retained_byte_identical,184866,9d3d280d11c5a77a13fd91ff2948847a9adbc8e4c1cae669fcac81fa88d1be9f
Additional_file_9_Screening_Code_and_Data.zip,jcm_revision/boltz-experiments/jcm-flt4-focused16-v1/results/pres_D49fhaQle5QZqdqqr6um/files/result/pres_D49fhaQle5QZqdqqr6um_predicted.cif,jcm_revision/boltz-experiments/jcm-flt4-focused16-v1/results/pres_D49fhaQle5QZqdqqr6um/files/result/pres_D49fhaQle5QZqdqqr6um_predicted.cif,retained_byte_identical,141353,2f954b8bb518ef6208158ff412b9bf7c948941289dddc2396bffecf754a9b8af
Additional_file_9_Screening_Code_and_Data.zip,jcm_revision/boltz-experiments/jcm-flt4-focused16-v1/results/pres_D49fhaQle5QZqdqqr6um/metadata.json,jcm_revision/boltz-experiments/jcm-flt4-focused16-v1/results/pres_D49fhaQle5QZqdqqr6um/metadata.json,retained_byte_identical,623,8e2fc80a98ac98e9ee51e5b22df8ba4f2822d2f6a2a18b50b6eb22d799549ec6
Additional_file_9_Screening_Code_and_Data.zip,jcm_revision/boltz-experiments/jcm-flt4-focused16-v1/results/pres_RHMXr0rnH9Y3aE0JvATy/archive.tar.gz,jcm_revision/boltz-experiments/jcm-flt4-focused16-v1/results/pres_RHMXr0rnH9Y3aE0JvATy/archive.tar.gz,retained_byte_identical,222659,55d2615aee454c0c1582a76d7e7b1afa130ddb5a7587a9ac33b3b6ed1b85b3e4
Additional_file_9_Screening_Code_and_Data.zip,jcm_revision/boltz-experiments/jcm-flt4-focused16-v1/results/pres_RHMXr0rnH9Y3aE0JvATy/archive.tar.gz.part,,omitted_empty_download_placeholder,0,e3b0c44298fc1c149afbf4c8996fb92427ae41e4649b934ca495991b7852b855
Additional_file_9_Screening_Code_and_Data.zip,jcm_revision/boltz-experiments/jcm-flt4-focused16-v1/results/pres_RHMXr0rnH9Y3aE0JvATy/files/result/metrics.json,jcm_revision/boltz-experiments/jcm-flt4-focused16-v1/results/pres_RHMXr0rnH9Y3aE0JvATy/files/result/metrics.json,retained_byte_identical,276,06aa19ee92ba0112b73442e4a22745954fd55ca0383f1f4b4ca80ca5480ae06f
Additional_file_9_Screening_Code_and_Data.zip,jcm_revision/boltz-experiments/jcm-flt4-focused16-v1/results/pres_RHMXr0rnH9Y3aE0JvATy/files/result/pae.npz,jcm_revision/boltz-experiments/jcm-flt4-focused16-v1/results/pres_RHMXr0rnH9Y3aE0JvATy/files/result/pae.npz,retained_byte_identical,181235,e2bb8665b614fbbd0ed8557a345dcf37e00b83da59034a5a076a75a53fe357bd
Additional_file_9_Screening_Code_and_Data.zip,jcm_revision/boltz-experiments/jcm-flt4-focused16-v1/results/pres_RHMXr0rnH9Y3aE0JvATy/files/result/pres_RHMXr0rnH9Y3aE0JvATy_predicted.cif,jcm_revision/boltz-experiments/jcm-flt4-focused16-v1/results/pres_RHMXr0rnH9Y3aE0JvATy/files/result/pres_RHMXr0rnH9Y3aE0JvATy_predicted.cif,retained_byte_identical,141127,44197da4c26e7f91dfee700bef136de91b19cdf55872705aa74f67cbbecf89d8
Additional_file_9_Screening_Code_and_Data.zip,jcm_revision/boltz-experiments/jcm-flt4-focused16-v1/results/pres_RHMXr0rnH9Y3aE0JvATy/metadata.json,jcm_revision/boltz-experiments/jcm-flt4-focused16-v1/results/pres_RHMXr0rnH9Y3aE0JvATy/metadata.json,retained_byte_identical,633,c831c8b9fe2101758b03cd9134610310c948ba1dac74babb534db42101b386f0
Additional_file_9_Screening_Code_and_Data.zip,jcm_revision/boltz-experiments/jcm-flt4-focused16-v1/results/pres_V6cSdBK7mChBdafy9cbx/archive.tar.gz,jcm_revision/boltz-experiments/jcm-flt4-focused16-v1/results/pres_V6cSdBK7mChBdafy9cbx/archive.tar.gz,retained_byte_identical,226700,a1b8378d7cffb4aad6dba504648672d0625ef6641a50f34e57449b169e874c3b
Additional_file_9_Screening_Code_and_Data.zip,jcm_revision/boltz-experiments/jcm-flt4-focused16-v1/results/pres_V6cSdBK7mChBdafy9cbx/archive.tar.gz.part,,omitted_empty_download_placeholder,0,e3b0c44298fc1c149afbf4c8996fb92427ae41e4649b934ca495991b7852b855
Additional_file_9_Screening_Code_and_Data.zip,jcm_revision/boltz-experiments/jcm-flt4-focused16-v1/results/pres_V6cSdBK7mChBdafy9cbx/files/result/metrics.json,jcm_revision/boltz-experiments/jcm-flt4-focused16-v1/results/pres_V6cSdBK7mChBdafy9cbx/files/result/metrics.json,retained_byte_identical,273,de2f2cc605b444641499b0ff628f459542ee65ba57cbc30349c2cd464a437cd7
Additional_file_9_Screening_Code_and_Data.zip,jcm_revision/boltz-experiments/jcm-flt4-focused16-v1/results/pres_V6cSdBK7mChBdafy9cbx/files/result/pae.npz,jcm_revision/boltz-experiments/jcm-flt4-focused16-v1/results/pres_V6cSdBK7mChBdafy9cbx/files/result/pae.npz,retained_byte_identical,186309,8b3a808261283fb1037db1f812ab74aedf7bba03d7f304aeed3bb5ae23829518
Additional_file_9_Screening_Code_and_Data.zip,jcm_revision/boltz-experiments/jcm-flt4-focused16-v1/results/pres_V6cSdBK7mChBdafy9cbx/files/result/pres_V6cSdBK7mChBdafy9cbx_predicted.cif,jcm_revision/boltz-experiments/jcm-flt4-focused16-v1/results/pres_V6cSdBK7mChBdafy9cbx/files/result/pres_V6cSdBK7mChBdafy9cbx_predicted.cif,retained_byte_identical,141539,f86c7fd90a382989997f6b03a623867a0e99e47d528a73c4f259a15d5e8905ba
Additional_file_9_Screening_Code_and_Data.zip,jcm_revision/boltz-experiments/jcm-flt4-focused16-v1/results/pres_V6cSdBK7mChBdafy9cbx/metadata.json,jcm_revision/boltz-experiments/jcm-flt4-focused16-v1/results/pres_V6cSdBK7mChBdafy9cbx/metadata.json,retained_byte_identical,622,2bab43cfdeb08f9d6ab4ef1cb1fb6ed48a43cab598f3c97af9e2f1f0ae7f6b3e
Additional_file_9_Screening_Code_and_Data.zip,jcm_revision/boltz-experiments/jcm-flt4-focused16-v1/results/pres_Z5omOSxWGMRO3N0hHDQn/archive.tar.gz,jcm_revision/boltz-experiments/jcm-flt4-focused16-v1/results/pres_Z5omOSxWGMRO3N0hHDQn/archive.tar.gz,retained_byte_identical,196826,3e32a33ec346fee7694312f90cecc2626b0e89ce0cf3255dfb40df8306a4d7e9
Additional_file_9_Screening_Code_and_Data.zip,jcm_revision/boltz-experiments/jcm-flt4-focused16-v1/results/pres_Z5omOSxWGMRO3N0hHDQn/archive.tar.gz.part,,omitted_empty_download_placeholder,0,e3b0c44298fc1c149afbf4c8996fb92427ae41e4649b934ca495991b7852b855
Additional_file_9_Screening_Code_and_Data.zip,jcm_revision/boltz-experiments/jcm-flt4-focused16-v1/results/pres_Z5omOSxWGMRO3N0hHDQn/files/result/metrics.json,jcm_revision/boltz-experiments/jcm-flt4-focused16-v1/results/pres_Z5omOSxWGMRO3N0hHDQn/files/result/metrics.json,retained_byte_identical,276,bfa76d90ade1fe8e7289deabf0270fc796637a042910632343b007f00e3eb45d
Additional_file_9_Screening_Code_and_Data.zip,jcm_revision/boltz-experiments/jcm-flt4-focused16-v1/results/pres_Z5omOSxWGMRO3N0hHDQn/files/result/pae.npz,jcm_revision/boltz-experiments/jcm-flt4-focused16-v1/results/pres_Z5omOSxWGMRO3N0hHDQn/files/result/pae.npz,retained_byte_identical,157024,d7aa960389eaedf78e57b8dfeb910a5c9c5a5106380db8ef10c8674d5d5e0a7b
Additional_file_9_Screening_Code_and_Data.zip,jcm_revision/boltz-experiments/jcm-flt4-focused16-v1/results/pres_Z5omOSxWGMRO3N0hHDQn/files/result/pres_Z5omOSxWGMRO3N0hHDQn_predicted.cif,jcm_revision/boltz-experiments/jcm-flt4-focused16-v1/results/pres_Z5omOSxWGMRO3N0hHDQn/files/result/pres_Z5omOSxWGMRO3N0hHDQn_predicted.cif,retained_byte_identical,138591,0b4983248cc1c9bbdf035f2b0c54e227cd9d5a7e755155d96ae03dfe01753270
Additional_file_9_Screening_Code_and_Data.zip,jcm_revision/boltz-experiments/jcm-flt4-focused16-v1/results/pres_Z5omOSxWGMRO3N0hHDQn/metadata.json,jcm_revision/boltz-experiments/jcm-flt4-focused16-v1/results/pres_Z5omOSxWGMRO3N0hHDQn/metadata.json,retained_byte_identical,597,4b673e257a98b5dfce859a3966c40106d97e151291db80bf0d6c8f831959bc8c
Additional_file_9_Screening_Code_and_Data.zip,jcm_revision/boltz-experiments/jcm-flt4-focused16-v1/results/pres_aZJE6R7BZWoUJriWIxUp/archive.tar.gz,jcm_revision/boltz-experiments/jcm-flt4-focused16-v1/results/pres_aZJE6R7BZWoUJriWIxUp/archive.tar.gz,retained_byte_identical,234451,21fcfdb16a1839f181933a8582acf515f76f224ef348c00c434f5b51f29ae96c
Additional_file_9_Screening_Code_and_Data.zip,jcm_revision/boltz-experiments/jcm-flt4-focused16-v1/results/pres_aZJE6R7BZWoUJriWIxUp/archive.tar.gz.part,,omitted_empty_download_placeholder,0,e3b0c44298fc1c149afbf4c8996fb92427ae41e4649b934ca495991b7852b855
Additional_file_9_Screening_Code_and_Data.zip,jcm_revision/boltz-experiments/jcm-flt4-focused16-v1/results/pres_aZJE6R7BZWoUJriWIxUp/files/result/metrics.json,jcm_revision/boltz-experiments/jcm-flt4-focused16-v1/results/pres_aZJE6R7BZWoUJriWIxUp/files/result/metrics.json,retained_byte_identical,273,9571c4d38de66648aaf915615738ea810a79621fe95820f5af1f71e683042ea0
Additional_file_9_Screening_Code_and_Data.zip,jcm_revision/boltz-experiments/jcm-flt4-focused16-v1/results/pres_aZJE6R7BZWoUJriWIxUp/files/result/pae.npz,jcm_revision/boltz-experiments/jcm-flt4-focused16-v1/results/pres_aZJE6R7BZWoUJriWIxUp/files/result/pae.npz,retained_byte_identical,192808,436339a44bb9fae8d9fd5892e5d8c21f14d0a0984550076cfe297d3b5768d97f
Additional_file_9_Screening_Code_and_Data.zip,jcm_revision/boltz-experiments/jcm-flt4-focused16-v1/results/pres_aZJE6R7BZWoUJriWIxUp/files/result/pres_aZJE6R7BZWoUJriWIxUp_predicted.cif,jcm_revision/boltz-experiments/jcm-flt4-focused16-v1/results/pres_aZJE6R7BZWoUJriWIxUp/files/result/pres_aZJE6R7BZWoUJriWIxUp_predicted.cif,retained_byte_identical,141747,813959d8a7daca2f41a68ea33a0571f8773dfdd968fc80193e2f81eaee5a0887
Additional_file_9_Screening_Code_and_Data.zip,jcm_revision/boltz-experiments/jcm-flt4-focused16-v1/results/pres_aZJE6R7BZWoUJriWIxUp/metadata.json,jcm_revision/boltz-experiments/jcm-flt4-focused16-v1/results/pres_aZJE6R7BZWoUJriWIxUp/metadata.json,retained_byte_identical,640,538faf79befd8c2400b849819d7a7a80fb7e402a29a11c1cdfcdf758b63d9f87
Additional_file_9_Screening_Code_and_Data.zip,jcm_revision/boltz-experiments/jcm-flt4-focused16-v1/results/pres_loaiBi5y3cT9o4x76Mat/archive.tar.gz,jcm_revision/boltz-experiments/jcm-flt4-focused16-v1/results/pres_loaiBi5y3cT9o4x76Mat/archive.tar.gz,retained_byte_identical,223106,92ace97cf7537eb9ecf7ccd9733d42a9d86ece9e480082a28131532714d7c906
Additional_file_9_Screening_Code_and_Data.zip,jcm_revision/boltz-experiments/jcm-flt4-focused16-v1/results/pres_loaiBi5y3cT9o4x76Mat/archive.tar.gz.part,,omitted_empty_download_placeholder,0,e3b0c44298fc1c149afbf4c8996fb92427ae41e4649b934ca495991b7852b855
Additional_file_9_Screening_Code_and_Data.zip,jcm_revision/boltz-experiments/jcm-flt4-focused16-v1/results/pres_loaiBi5y3cT9o4x76Mat/files/result/metrics.json,jcm_revision/boltz-experiments/jcm-flt4-focused16-v1/results/pres_loaiBi5y3cT9o4x76Mat/files/result/metrics.json,retained_byte_identical,272,bd05f04199c8d396526f244ed67e1eefaa7daaa178a84ef767e950c26262863a
Additional_file_9_Screening_Code_and_Data.zip,jcm_revision/boltz-experiments/jcm-flt4-focused16-v1/results/pres_loaiBi5y3cT9o4x76Mat/files/result/pae.npz,jcm_revision/boltz-experiments/jcm-flt4-focused16-v1/results/pres_loaiBi5y3cT9o4x76Mat/files/result/pae.npz,retained_byte_identical,181711,f433955cfeb90f6e8b09aa8e8bbadf1dd5b2c7793f5e2f1589ccc7296e9d8fe9
Additional_file_9_Screening_Code_and_Data.zip,jcm_revision/boltz-experiments/jcm-flt4-focused16-v1/results/pres_loaiBi5y3cT9o4x76Mat/files/result/pres_loaiBi5y3cT9o4x76Mat_predicted.cif,jcm_revision/boltz-experiments/jcm-flt4-focused16-v1/results/pres_loaiBi5y3cT9o4x76Mat/files/result/pres_loaiBi5y3cT9o4x76Mat_predicted.cif,retained_byte_identical,141001,b5da80653d8e263c31e40b6f83e868cadc95aff7248a20e9fcb4eb99e4a97936
Additional_file_9_Screening_Code_and_Data.zip,jcm_revision/boltz-experiments/jcm-flt4-focused16-v1/results/pres_loaiBi5y3cT9o4x76Mat/metadata.json,jcm_revision/boltz-experiments/jcm-flt4-focused16-v1/results/pres_loaiBi5y3cT9o4x76Mat/metadata.json,retained_byte_identical,620,cf4f3ce51787f02c6e35becda39e67614b68f20f96b438ece8259d9a665ecc0c
Additional_file_9_Screening_Code_and_Data.zip,jcm_revision/boltz-experiments/jcm-flt4-focused16-v1/results/pres_lvX58TrgfK49nz7N1hfh/archive.tar.gz,jcm_revision/boltz-experiments/jcm-flt4-focused16-v1/results/pres_lvX58TrgfK49nz7N1hfh/archive.tar.gz,retained_byte_identical,218937,ce78f0a9974fa01d96234bded786ea62c46ade6b68354be6e1e9405a0f625d45
Additional_file_9_Screening_Code_and_Data.zip,jcm_revision/boltz-experiments/jcm-flt4-focused16-v1/results/pres_lvX58TrgfK49nz7N1hfh/files/result/metrics.json,jcm_revision/boltz-experiments/jcm-flt4-focused16-v1/results/pres_lvX58TrgfK49nz7N1hfh/files/result/metrics.json,retained_byte_identical,273,5001e48393baed54008b00a9244e7812ce04a7f79828a9cd9b84adc18be7eb11
Additional_file_9_Screening_Code_and_Data.zip,jcm_revision/boltz-experiments/jcm-flt4-focused16-v1/results/pres_lvX58TrgfK49nz7N1hfh/files/result/pae.npz,jcm_revision/boltz-experiments/jcm-flt4-focused16-v1/results/pres_lvX58TrgfK49nz7N1hfh/files/result/pae.npz,retained_byte_identical,178587,6f1ebf6490c591a41df483e95a6c13d82de85b03b0c8a6bddda80c7e1c65ea1a
Additional_file_9_Screening_Code_and_Data.zip,jcm_revision/boltz-experiments/jcm-flt4-focused16-v1/results/pres_lvX58TrgfK49nz7N1hfh/files/result/pres_lvX58TrgfK49nz7N1hfh_predicted.cif,jcm_revision/boltz-experiments/jcm-flt4-focused16-v1/results/pres_lvX58TrgfK49nz7N1hfh/files/result/pres_lvX58TrgfK49nz7N1hfh_predicted.cif,retained_byte_identical,140713,2d48c1536f14f895cb4b42ffb64b48c2e04d0fe519e7c700ce9c86ea2a6c20c2
Additional_file_9_Screening_Code_and_Data.zip,jcm_revision/boltz-experiments/jcm-flt4-focused16-v1/results/pres_lvX58TrgfK49nz7N1hfh/metadata.json,jcm_revision/boltz-experiments/jcm-flt4-focused16-v1/results/pres_lvX58TrgfK49nz7N1hfh/metadata.json,retained_byte_identical,608,ee66affcd9243d63c90f8171251147e7c3fbe921ec80812ec3ea9968b282f0cf
Additional_file_9_Screening_Code_and_Data.zip,jcm_revision/boltz-experiments/jcm-flt4-focused16-v1/results/pres_ojCTM0D4N5HZ6akFxZUF/archive.tar.gz,jcm_revision/boltz-experiments/jcm-flt4-focused16-v1/results/pres_ojCTM0D4N5HZ6akFxZUF/archive.tar.gz,retained_byte_identical,228015,18066303aee85ccb84ae8d69ff0419e33670a6130b799438a4c1864a60570203
Additional_file_9_Screening_Code_and_Data.zip,jcm_revision/boltz-experiments/jcm-flt4-focused16-v1/results/pres_ojCTM0D4N5HZ6akFxZUF/archive.tar.gz.part,,omitted_empty_download_placeholder,0,e3b0c44298fc1c149afbf4c8996fb92427ae41e4649b934ca495991b7852b855
Additional_file_9_Screening_Code_and_Data.zip,jcm_revision/boltz-experiments/jcm-flt4-focused16-v1/results/pres_ojCTM0D4N5HZ6akFxZUF/files/result/metrics.json,jcm_revision/boltz-experiments/jcm-flt4-focused16-v1/results/pres_ojCTM0D4N5HZ6akFxZUF/files/result/metrics.json,retained_byte_identical,274,e15c3d59b934303b3fdfc52d3812fdcb3bec394ef6904bf452c727b43e1eb607
Additional_file_9_Screening_Code_and_Data.zip,jcm_revision/boltz-experiments/jcm-flt4-focused16-v1/results/pres_ojCTM0D4N5HZ6akFxZUF/files/result/pae.npz,jcm_revision/boltz-experiments/jcm-flt4-focused16-v1/results/pres_ojCTM0D4N5HZ6akFxZUF/files/result/pae.npz,retained_byte_identical,186585,d59280572af4e71ae032574e9331ffdc47138994b035bb51b1bd8498a7c55905
Additional_file_9_Screening_Code_and_Data.zip,jcm_revision/boltz-experiments/jcm-flt4-focused16-v1/results/pres_ojCTM0D4N5HZ6akFxZUF/files/result/pres_ojCTM0D4N5HZ6akFxZUF_predicted.cif,jcm_revision/boltz-experiments/jcm-flt4-focused16-v1/results/pres_ojCTM0D4N5HZ6akFxZUF/files/result/pres_ojCTM0D4N5HZ6akFxZUF_predicted.cif,retained_byte_identical,141313,43080799ed4d23d9a2f43dcb46fbd8d6324be09cb624bbbf4eb307f700a6480c
Additional_file_9_Screening_Code_and_Data.zip,jcm_revision/boltz-experiments/jcm-flt4-focused16-v1/results/pres_ojCTM0D4N5HZ6akFxZUF/metadata.json,jcm_revision/boltz-experiments/jcm-flt4-focused16-v1/results/pres_ojCTM0D4N5HZ6akFxZUF/metadata.json,retained_byte_identical,621,5d55ab32a18ba532d031a6340940d241d11fa6298214afdd7026b862c26b3409
Additional_file_9_Screening_Code_and_Data.zip,jcm_revision/boltz-experiments/jcm-flt4-focused16-v1/results/pres_wFZYaBgcAbjQ8uoHqcQl/archive.tar.gz,jcm_revision/boltz-experiments/jcm-flt4-focused16-v1/results/pres_wFZYaBgcAbjQ8uoHqcQl/archive.tar.gz,retained_byte_identical,228109,bb5406298f0117fcca11686ba7c7c4f6f7d9f01a594e2e79a95c4fc1670a893c
Additional_file_9_Screening_Code_and_Data.zip,jcm_revision/boltz-experiments/jcm-flt4-focused16-v1/results/pres_wFZYaBgcAbjQ8uoHqcQl/archive.tar.gz.part,,omitted_empty_download_placeholder,0,e3b0c44298fc1c149afbf4c8996fb92427ae41e4649b934ca495991b7852b855
Additional_file_9_Screening_Code_and_Data.zip,jcm_revision/boltz-experiments/jcm-flt4-focused16-v1/results/pres_wFZYaBgcAbjQ8uoHqcQl/files/result/metrics.json,jcm_revision/boltz-experiments/jcm-flt4-focused16-v1/results/pres_wFZYaBgcAbjQ8uoHqcQl/files/result/metrics.json,retained_byte_identical,274,bc230327f99448385991acee4cfd4f657dca7f57b749e761a06b7971004849bb
Additional_file_9_Screening_Code_and_Data.zip,jcm_revision/boltz-experiments/jcm-flt4-focused16-v1/results/pres_wFZYaBgcAbjQ8uoHqcQl/files/result/pae.npz,jcm_revision/boltz-experiments/jcm-flt4-focused16-v1/results/pres_wFZYaBgcAbjQ8uoHqcQl/files/result/pae.npz,retained_byte_identical,186705,55e1f9b482ff48ecaa3299ffa24f893fe9e0e252699ce1e820b625a1b25b812f
Additional_file_9_Screening_Code_and_Data.zip,jcm_revision/boltz-experiments/jcm-flt4-focused16-v1/results/pres_wFZYaBgcAbjQ8uoHqcQl/files/result/pres_wFZYaBgcAbjQ8uoHqcQl_predicted.cif,jcm_revision/boltz-experiments/jcm-flt4-focused16-v1/results/pres_wFZYaBgcAbjQ8uoHqcQl/files/result/pres_wFZYaBgcAbjQ8uoHqcQl_predicted.cif,retained_byte_identical,141331,f772a5ffb500c4bc61e353e3589105881194adebc82346ac85d0803e27a8f41b
Additional_file_9_Screening_Code_and_Data.zip,jcm_revision/boltz-experiments/jcm-flt4-focused16-v1/results/pres_wFZYaBgcAbjQ8uoHqcQl/metadata.json,jcm_revision/boltz-experiments/jcm-flt4-focused16-v1/results/pres_wFZYaBgcAbjQ8uoHqcQl/metadata.json,retained_byte_identical,624,e8a97bf3543c0abaf634aafbb57c9eece2dbc4c826a029d41ed4edb7aa25a816
Additional_file_9_Screening_Code_and_Data.zip,jcm_revision/boltz-experiments/jcm-flt4-focused16-v1/results/summary.csv,jcm_revision/boltz-experiments/jcm-flt4-focused16-v1/results/summary.csv,retained_byte_identical,3549,d08e48424f62d0a7a7744085c7a4094717d06a036b4e1fb0e6398819009731e8
Additional_file_9_Screening_Code_and_Data.zip,jcm_revision/boltz-experiments/jcm-flt4-focused16-v1/run.json,jcm_revision/boltz-experiments/jcm-flt4-focused16-v1/run.json,retained_byte_identical,1470,855ef39a3a52e897041c27620070fe7548332fcc500f16edde87f3a0fce215f6
Additional_file_9_Screening_Code_and_Data.zip,jcm_revision/boltz-experiments/jcm-pdgfra-focused16-v1/results/index.jsonl,jcm_revision/boltz-experiments/jcm-pdgfra-focused16-v1/results/index.jsonl,retained_byte_identical,10647,3ebaf44576c0b4adf370fbd645f67d6fc75ab8fa5eb44f64d9df282efb694beb
Additional_file_9_Screening_Code_and_Data.zip,jcm_revision/boltz-experiments/jcm-pdgfra-focused16-v1/results/pres_38eqgbeiI0CS23eayVkV/archive.tar.gz,jcm_revision/boltz-experiments/jcm-pdgfra-focused16-v1/results/pres_38eqgbeiI0CS23eayVkV/archive.tar.gz,retained_byte_identical,230376,f3bee3c8ce1f5b69c27006991282d5e1f548489746bcb8fefd26788f941ad925
Additional_file_9_Screening_Code_and_Data.zip,jcm_revision/boltz-experiments/jcm-pdgfra-focused16-v1/results/pres_38eqgbeiI0CS23eayVkV/files/result/metrics.json,jcm_revision/boltz-experiments/jcm-pdgfra-focused16-v1/results/pres_38eqgbeiI0CS23eayVkV/files/result/metrics.json,retained_byte_identical,275,a3e0d9d40bc9625f4e99e1a79e7ab1b5a5709f1c469d3537dc2fbd4a2500192b
Additional_file_9_Screening_Code_and_Data.zip,jcm_revision/boltz-experiments/jcm-pdgfra-focused16-v1/results/pres_38eqgbeiI0CS23eayVkV/files/result/pae.npz,jcm_revision/boltz-experiments/jcm-pdgfra-focused16-v1/results/pres_38eqgbeiI0CS23eayVkV/files/result/pae.npz,retained_byte_identical,187779,875904ba3c5ac224933b9b547f58178a35605c7f380d1ffc8872dbeb7fbd6b66
Additional_file_9_Screening_Code_and_Data.zip,jcm_revision/boltz-experiments/jcm-pdgfra-focused16-v1/results/pres_38eqgbeiI0CS23eayVkV/files/result/pres_38eqgbeiI0CS23eayVkV_predicted.cif,jcm_revision/boltz-experiments/jcm-pdgfra-focused16-v1/results/pres_38eqgbeiI0CS23eayVkV/files/result/pres_38eqgbeiI0CS23eayVkV_predicted.cif,retained_byte_identical,146118,373426da2548eb5bf9f8f8a0e78584b5c0196b23ab0aa5a8814d28227d932d4a
Additional_file_9_Screening_Code_and_Data.zip,jcm_revision/boltz-experiments/jcm-pdgfra-focused16-v1/results/pres_38eqgbeiI0CS23eayVkV/metadata.json,jcm_revision/boltz-experiments/jcm-pdgfra-focused16-v1/results/pres_38eqgbeiI0CS23eayVkV/metadata.json,retained_byte_identical,631,d91bcd326f2a77a3ee363e4bb288a0e49d4c86b37226fe4b05250687a50c12a3
Additional_file_9_Screening_Code_and_Data.zip,jcm_revision/boltz-experiments/jcm-pdgfra-focused16-v1/results/pres_3ikETpTspkcfR27b6tpH/archive.tar.gz,jcm_revision/boltz-experiments/jcm-pdgfra-focused16-v1/results/pres_3ikETpTspkcfR27b6tpH/archive.tar.gz,retained_byte_identical,205209,b88058e6f62c0c08e24153fb9cdae035d34c18ea59d5462b6d78f8511f558150
Additional_file_9_Screening_Code_and_Data.zip,jcm_revision/boltz-experiments/jcm-pdgfra-focused16-v1/results/pres_3ikETpTspkcfR27b6tpH/files/result/metrics.json,jcm_revision/boltz-experiments/jcm-pdgfra-focused16-v1/results/pres_3ikETpTspkcfR27b6tpH/files/result/metrics.json,retained_byte_identical,275,be0111356b5d387c26687f4371cf9c9ce0d146b67bbfa85bab468ff4188ba59c
Additional_file_9_Screening_Code_and_Data.zip,jcm_revision/boltz-experiments/jcm-pdgfra-focused16-v1/results/pres_3ikETpTspkcfR27b6tpH/files/result/pae.npz,jcm_revision/boltz-experiments/jcm-pdgfra-focused16-v1/results/pres_3ikETpTspkcfR27b6tpH/files/result/pae.npz,retained_byte_identical,163316,75758abf285efab533667329d1a561d4bb1b96db0536a19d981eb3b5a9f5eb61
Additional_file_9_Screening_Code_and_Data.zip,jcm_revision/boltz-experiments/jcm-pdgfra-focused16-v1/results/pres_3ikETpTspkcfR27b6tpH/files/result/pres_3ikETpTspkcfR27b6tpH_predicted.cif,jcm_revision/boltz-experiments/jcm-pdgfra-focused16-v1/results/pres_3ikETpTspkcfR27b6tpH/files/result/pres_3ikETpTspkcfR27b6tpH_predicted.cif,retained_byte_identical,144091,36f18398ec9ddb3c5d52ade8028a8d3137f63266d62466026d7ebd3df27bab4c
Additional_file_9_Screening_Code_and_Data.zip,jcm_revision/boltz-experiments/jcm-pdgfra-focused16-v1/results/pres_3ikETpTspkcfR27b6tpH/metadata.json,jcm_revision/boltz-experiments/jcm-pdgfra-focused16-v1/results/pres_3ikETpTspkcfR27b6tpH/metadata.json,retained_byte_identical,596,0d79f86ddb303052f75a9d40b3f3e28b5384fb75df33a6573ace840eb12b2e99
Additional_file_9_Screening_Code_and_Data.zip,jcm_revision/boltz-experiments/jcm-pdgfra-focused16-v1/results/pres_6PhMbD1RH1fxJUOPyb40/archive.tar.gz,jcm_revision/boltz-experiments/jcm-pdgfra-focused16-v1/results/pres_6PhMbD1RH1fxJUOPyb40/archive.tar.gz,retained_byte_identical,232239,957cbbe310b2650131dd982b8b3494b2633c29c4e6b8f8bdfc557803e2e23362
Additional_file_9_Screening_Code_and_Data.zip,jcm_revision/boltz-experiments/jcm-pdgfra-focused16-v1/results/pres_6PhMbD1RH1fxJUOPyb40/files/result/metrics.json,jcm_revision/boltz-experiments/jcm-pdgfra-focused16-v1/results/pres_6PhMbD1RH1fxJUOPyb40/files/result/metrics.json,retained_byte_identical,273,ac52e74811a2288ac7976508afaa6ef4650f56e2acaea94f6219ff4ddf7658f2
Additional_file_9_Screening_Code_and_Data.zip,jcm_revision/boltz-experiments/jcm-pdgfra-focused16-v1/results/pres_6PhMbD1RH1fxJUOPyb40/files/result/pae.npz,jcm_revision/boltz-experiments/jcm-pdgfra-focused16-v1/results/pres_6PhMbD1RH1fxJUOPyb40/files/result/pae.npz,retained_byte_identical,189682,71fcba78f4798a2c666a60281dff57e4354f79d8e68d03421237926cb2133003
Additional_file_9_Screening_Code_and_Data.zip,jcm_revision/boltz-experiments/jcm-pdgfra-focused16-v1/results/pres_6PhMbD1RH1fxJUOPyb40/files/result/pres_6PhMbD1RH1fxJUOPyb40_predicted.cif,jcm_revision/boltz-experiments/jcm-pdgfra-focused16-v1/results/pres_6PhMbD1RH1fxJUOPyb40/files/result/pres_6PhMbD1RH1fxJUOPyb40_predicted.cif,retained_byte_identical,146226,1684f7654ef60b04c78e7c51c3cd16f6b6785bb088eace444beff30c7f2b7933
Additional_file_9_Screening_Code_and_Data.zip,jcm_revision/boltz-experiments/jcm-pdgfra-focused16-v1/results/pres_6PhMbD1RH1fxJUOPyb40/metadata.json,jcm_revision/boltz-experiments/jcm-pdgfra-focused16-v1/results/pres_6PhMbD1RH1fxJUOPyb40/metadata.json,retained_byte_identical,625,625f554fa35231b00058f8b41725479f9dbd34b6bc323744fe8d46e8e45c1955
Additional_file_9_Screening_Code_and_Data.zip,jcm_revision/boltz-experiments/jcm-pdgfra-focused16-v1/results/pres_7PlYQIXAigpNavXNNKIK/archive.tar.gz,jcm_revision/boltz-experiments/jcm-pdgfra-focused16-v1/results/pres_7PlYQIXAigpNavXNNKIK/archive.tar.gz,retained_byte_identical,242483,b550ddc344640b958eddf6c7710874c596094e626ba6cd4a632a75ff5f1dfb37
Additional_file_9_Screening_Code_and_Data.zip,jcm_revision/boltz-experiments/jcm-pdgfra-focused16-v1/results/pres_7PlYQIXAigpNavXNNKIK/files/result/metrics.json,jcm_revision/boltz-experiments/jcm-pdgfra-focused16-v1/results/pres_7PlYQIXAigpNavXNNKIK/files/result/metrics.json,retained_byte_identical,273,aa9ac352910c215852d7142281e3035e774ae6fc5fad064a874f4413f60718ea
Additional_file_9_Screening_Code_and_Data.zip,jcm_revision/boltz-experiments/jcm-pdgfra-focused16-v1/results/pres_7PlYQIXAigpNavXNNKIK/files/result/pae.npz,jcm_revision/boltz-experiments/jcm-pdgfra-focused16-v1/results/pres_7PlYQIXAigpNavXNNKIK/files/result/pae.npz,retained_byte_identical,199681,db566af193454c9d1c89d8a8d9f1cfc42e022db1c60435868fef02d68b8219b7
Additional_file_9_Screening_Code_and_Data.zip,jcm_revision/boltz-experiments/jcm-pdgfra-focused16-v1/results/pres_7PlYQIXAigpNavXNNKIK/files/result/pres_7PlYQIXAigpNavXNNKIK_predicted.cif,jcm_revision/boltz-experiments/jcm-pdgfra-focused16-v1/results/pres_7PlYQIXAigpNavXNNKIK/files/result/pres_7PlYQIXAigpNavXNNKIK_predicted.cif,retained_byte_identical,147105,72a08f1bc8847d0aac2a9d8c91b9ad676d8bbb532216d25e3b5a03282ec6c8fd
Additional_file_9_Screening_Code_and_Data.zip,jcm_revision/boltz-experiments/jcm-pdgfra-focused16-v1/results/pres_7PlYQIXAigpNavXNNKIK/metadata.json,jcm_revision/boltz-experiments/jcm-pdgfra-focused16-v1/results/pres_7PlYQIXAigpNavXNNKIK/metadata.json,retained_byte_identical,640,2e1ef79fa71677739351bc266fb1393703cf44daaaf77495b8ca88c60cd3fd86
Additional_file_9_Screening_Code_and_Data.zip,jcm_revision/boltz-experiments/jcm-pdgfra-focused16-v1/results/pres_7uqQf4lTnpbfFwZBWnhr/archive.tar.gz,jcm_revision/boltz-experiments/jcm-pdgfra-focused16-v1/results/pres_7uqQf4lTnpbfFwZBWnhr/archive.tar.gz,retained_byte_identical,236039,7dcbdc1ff10a356a6b6cd47e1bc75929187c2f8f1b15cfa406f908989c0494dd
Additional_file_9_Screening_Code_and_Data.zip,jcm_revision/boltz-experiments/jcm-pdgfra-focused16-v1/results/pres_7uqQf4lTnpbfFwZBWnhr/files/result/metrics.json,jcm_revision/boltz-experiments/jcm-pdgfra-focused16-v1/results/pres_7uqQf4lTnpbfFwZBWnhr/files/result/metrics.json,retained_byte_identical,274,0767f545e3ef8c13e4664d97b882b0cd3a24eb391b7de3b01dfb26627bc14c68
Additional_file_9_Screening_Code_and_Data.zip,jcm_revision/boltz-experiments/jcm-pdgfra-focused16-v1/results/pres_7uqQf4lTnpbfFwZBWnhr/files/result/pae.npz,jcm_revision/boltz-experiments/jcm-pdgfra-focused16-v1/results/pres_7uqQf4lTnpbfFwZBWnhr/files/result/pae.npz,retained_byte_identical,193266,972d476a2e26b07fd4d00c3426ff12925eadb0aad39aa43b0fcf5d513c24f854
Additional_file_9_Screening_Code_and_Data.zip,jcm_revision/boltz-experiments/jcm-pdgfra-focused16-v1/results/pres_7uqQf4lTnpbfFwZBWnhr/files/result/pres_7uqQf4lTnpbfFwZBWnhr_predicted.cif,jcm_revision/boltz-experiments/jcm-pdgfra-focused16-v1/results/pres_7uqQf4lTnpbfFwZBWnhr/files/result/pres_7uqQf4lTnpbfFwZBWnhr_predicted.cif,retained_byte_identical,146399,fa24c0c5194b7a19ecbbb75cc466fe9597bb384c998f112bd79566ab3654fbbc
Additional_file_9_Screening_Code_and_Data.zip,jcm_revision/boltz-experiments/jcm-pdgfra-focused16-v1/results/pres_7uqQf4lTnpbfFwZBWnhr/metadata.json,jcm_revision/boltz-experiments/jcm-pdgfra-focused16-v1/results/pres_7uqQf4lTnpbfFwZBWnhr/metadata.json,retained_byte_identical,621,623371b8585a7573166c513aad70e51b5ac8fa169f02dba12679e924ccb5d39c
Additional_file_9_Screening_Code_and_Data.zip,jcm_revision/boltz-experiments/jcm-pdgfra-focused16-v1/results/pres_80crRanIb53ERUg7mOlw/archive.tar.gz,jcm_revision/boltz-experiments/jcm-pdgfra-focused16-v1/results/pres_80crRanIb53ERUg7mOlw/archive.tar.gz,retained_byte_identical,235514,9263e878be9c7c53bd7607706b5b7478b5780c741da6a4fb77bab235a2035709
Additional_file_9_Screening_Code_and_Data.zip,jcm_revision/boltz-experiments/jcm-pdgfra-focused16-v1/results/pres_80crRanIb53ERUg7mOlw/files/result/metrics.json,jcm_revision/boltz-experiments/jcm-pdgfra-focused16-v1/results/pres_80crRanIb53ERUg7mOlw/files/result/metrics.json,retained_byte_identical,274,18f28f592eda0fba15564c28f0676366a00392c4b888e71ca25d659bdcec7ff8
Additional_file_9_Screening_Code_and_Data.zip,jcm_revision/boltz-experiments/jcm-pdgfra-focused16-v1/results/pres_80crRanIb53ERUg7mOlw/files/result/pae.npz,jcm_revision/boltz-experiments/jcm-pdgfra-focused16-v1/results/pres_80crRanIb53ERUg7mOlw/files/result/pae.npz,retained_byte_identical,192863,a273e50e798da0c34dccbda9b440086ad8e9ecb0bb670412dc96350f75d7efc3
Additional_file_9_Screening_Code_and_Data.zip,jcm_revision/boltz-experiments/jcm-pdgfra-focused16-v1/results/pres_80crRanIb53ERUg7mOlw/files/result/pres_80crRanIb53ERUg7mOlw_predicted.cif,jcm_revision/boltz-experiments/jcm-pdgfra-focused16-v1/results/pres_80crRanIb53ERUg7mOlw/files/result/pres_80crRanIb53ERUg7mOlw_predicted.cif,retained_byte_identical,146498,3137206db38f40a6ce4d78ffd88cada20372cdf04fadb3ffd14ca9bd6ca2eade
Additional_file_9_Screening_Code_and_Data.zip,jcm_revision/boltz-experiments/jcm-pdgfra-focused16-v1/results/pres_80crRanIb53ERUg7mOlw/metadata.json,jcm_revision/boltz-experiments/jcm-pdgfra-focused16-v1/results/pres_80crRanIb53ERUg7mOlw/metadata.json,retained_byte_identical,625,c77ef1a9b4409361145382803a0d0c642dcff0d9df0ba4a5805cd2e746367d19
Additional_file_9_Screening_Code_and_Data.zip,jcm_revision/boltz-experiments/jcm-pdgfra-focused16-v1/results/pres_8NrPO00gVMmPKszml89J/archive.tar.gz,jcm_revision/boltz-experiments/jcm-pdgfra-focused16-v1/results/pres_8NrPO00gVMmPKszml89J/archive.tar.gz,retained_byte_identical,230804,0d6f7d2fb9b31541ee5d72c24147249bbca0fd5793071915fb306246ffc1eed6
Additional_file_9_Screening_Code_and_Data.zip,jcm_revision/boltz-experiments/jcm-pdgfra-focused16-v1/results/pres_8NrPO00gVMmPKszml89J/files/result/metrics.json,jcm_revision/boltz-experiments/jcm-pdgfra-focused16-v1/results/pres_8NrPO00gVMmPKszml89J/files/result/metrics.json,retained_byte_identical,274,1b6d88a6517abf6bb6105098ea19a706bc59f974f6384eda9acaef8fb81d3187
Additional_file_9_Screening_Code_and_Data.zip,jcm_revision/boltz-experiments/jcm-pdgfra-focused16-v1/results/pres_8NrPO00gVMmPKszml89J/files/result/pae.npz,jcm_revision/boltz-experiments/jcm-pdgfra-focused16-v1/results/pres_8NrPO00gVMmPKszml89J/files/result/pae.npz,retained_byte_identical,188258,7d963cfc10bb7b1d34c131a0657b440559f6343588b8f239f1c20db02250a2aa
Additional_file_9_Screening_Code_and_Data.zip,jcm_revision/boltz-experiments/jcm-pdgfra-focused16-v1/results/pres_8NrPO00gVMmPKszml89J/files/result/pres_8NrPO00gVMmPKszml89J_predicted.cif,jcm_revision/boltz-experiments/jcm-pdgfra-focused16-v1/results/pres_8NrPO00gVMmPKszml89J/files/result/pres_8NrPO00gVMmPKszml89J_predicted.cif,retained_byte_identical,145998,7b1f1c41d8a8c614afd6f1bf3132b8d9af4d4e89ad73bcbc745a7f033bf29c87
Additional_file_9_Screening_Code_and_Data.zip,jcm_revision/boltz-experiments/jcm-pdgfra-focused16-v1/results/pres_8NrPO00gVMmPKszml89J/metadata.json,jcm_revision/boltz-experiments/jcm-pdgfra-focused16-v1/results/pres_8NrPO00gVMmPKszml89J/metadata.json,retained_byte_identical,622,118bbc11e82a421f6eaab2693b0620a6191438c8d04377a163c9f986ef4e1211
Additional_file_9_Screening_Code_and_Data.zip,jcm_revision/boltz-experiments/jcm-pdgfra-focused16-v1/results/pres_El5PkTZ0qk9YvZ8V8XIZ/archive.tar.gz,jcm_revision/boltz-experiments/jcm-pdgfra-focused16-v1/results/pres_El5PkTZ0qk9YvZ8V8XIZ/archive.tar.gz,retained_byte_identical,242585,9ff2a0d4a8cce50702366b7b0137b099c3f4a175661ca8c27150e9e058340b0d
Additional_file_9_Screening_Code_and_Data.zip,jcm_revision/boltz-experiments/jcm-pdgfra-focused16-v1/results/pres_El5PkTZ0qk9YvZ8V8XIZ/files/result/metrics.json,jcm_revision/boltz-experiments/jcm-pdgfra-focused16-v1/results/pres_El5PkTZ0qk9YvZ8V8XIZ/files/result/metrics.json,retained_byte_identical,273,a5c5c5ab2bfbd1bfb78a4849c2905df785aba8c8a0123703f491c3ef1c52225b
Additional_file_9_Screening_Code_and_Data.zip,jcm_revision/boltz-experiments/jcm-pdgfra-focused16-v1/results/pres_El5PkTZ0qk9YvZ8V8XIZ/files/result/pae.npz,jcm_revision/boltz-experiments/jcm-pdgfra-focused16-v1/results/pres_El5PkTZ0qk9YvZ8V8XIZ/files/result/pae.npz,retained_byte_identical,199818,36fd6e03ba6077ef330db1b05e76b85c7a210be00f3f243590f7041c2dd3b0ff
Additional_file_9_Screening_Code_and_Data.zip,jcm_revision/boltz-experiments/jcm-pdgfra-focused16-v1/results/pres_El5PkTZ0qk9YvZ8V8XIZ/files/result/pres_El5PkTZ0qk9YvZ8V8XIZ_predicted.cif,jcm_revision/boltz-experiments/jcm-pdgfra-focused16-v1/results/pres_El5PkTZ0qk9YvZ8V8XIZ/files/result/pres_El5PkTZ0qk9YvZ8V8XIZ_predicted.cif,retained_byte_identical,147056,2a4f41a519532c801004371aef855f34a937820bda784e1b6bf884c9992bb7ea
Additional_file_9_Screening_Code_and_Data.zip,jcm_revision/boltz-experiments/jcm-pdgfra-focused16-v1/results/pres_El5PkTZ0qk9YvZ8V8XIZ/metadata.json,jcm_revision/boltz-experiments/jcm-pdgfra-focused16-v1/results/pres_El5PkTZ0qk9YvZ8V8XIZ/metadata.json,retained_byte_identical,627,b9cdd5033fa94ed30540614670a8e43eb525188200166efadee8e65ff7e96b19
Additional_file_9_Screening_Code_and_Data.zip,jcm_revision/boltz-experiments/jcm-pdgfra-focused16-v1/results/pres_GKlqlRQrkDD0yhGJAae0/archive.tar.gz,jcm_revision/boltz-experiments/jcm-pdgfra-focused16-v1/results/pres_GKlqlRQrkDD0yhGJAae0/archive.tar.gz,retained_byte_identical,233842,af49bad11ea04ff1aa4f00022e1af464feb2cd0b6c5f94a0d40626f37a62917e
Additional_file_9_Screening_Code_and_Data.zip,jcm_revision/boltz-experiments/jcm-pdgfra-focused16-v1/results/pres_GKlqlRQrkDD0yhGJAae0/files/result/metrics.json,jcm_revision/boltz-experiments/jcm-pdgfra-focused16-v1/results/pres_GKlqlRQrkDD0yhGJAae0/files/result/metrics.json,retained_byte_identical,274,ba72f10c174ca3f24793f55dcbebf0c26490fd95b9ab6d3cffbc99599cbe6262
Additional_file_9_Screening_Code_and_Data.zip,jcm_revision/boltz-experiments/jcm-pdgfra-focused16-v1/results/pres_GKlqlRQrkDD0yhGJAae0/files/result/pae.npz,jcm_revision/boltz-experiments/jcm-pdgfra-focused16-v1/results/pres_GKlqlRQrkDD0yhGJAae0/files/result/pae.npz,retained_byte_identical,191355,95bea586c47a471b7e2f1fcd6a65b096a768e22f3cee2b82970744f63f0e1256
Additional_file_9_Screening_Code_and_Data.zip,jcm_revision/boltz-experiments/jcm-pdgfra-focused16-v1/results/pres_GKlqlRQrkDD0yhGJAae0/files/result/pres_GKlqlRQrkDD0yhGJAae0_predicted.cif,jcm_revision/boltz-experiments/jcm-pdgfra-focused16-v1/results/pres_GKlqlRQrkDD0yhGJAae0/files/result/pres_GKlqlRQrkDD0yhGJAae0_predicted.cif,retained_byte_identical,146408,b247249e4ed240bfa26cdf2f5b5431bbb900eacea51fc0d85a6b161b8b444ced
Additional_file_9_Screening_Code_and_Data.zip,jcm_revision/boltz-experiments/jcm-pdgfra-focused16-v1/results/pres_GKlqlRQrkDD0yhGJAae0/metadata.json,jcm_revision/boltz-experiments/jcm-pdgfra-focused16-v1/results/pres_GKlqlRQrkDD0yhGJAae0/metadata.json,retained_byte_identical,623,036c691cc17ded2db51f580376a0a9a4a1cebf11b5fd47c6d961a0c59bcaff2a
Additional_file_9_Screening_Code_and_Data.zip,jcm_revision/boltz-experiments/jcm-pdgfra-focused16-v1/results/pres_bVqGzSXEGrSXlIoa0Itm/archive.tar.gz,jcm_revision/boltz-experiments/jcm-pdgfra-focused16-v1/results/pres_bVqGzSXEGrSXlIoa0Itm/archive.tar.gz,retained_byte_identical,227191,93cf8d2a9a6ef553c7035dc279d5854208de444aa71aa725503ea4b1aefaf953
Additional_file_9_Screening_Code_and_Data.zip,jcm_revision/boltz-experiments/jcm-pdgfra-focused16-v1/results/pres_bVqGzSXEGrSXlIoa0Itm/files/result/metrics.json,jcm_revision/boltz-experiments/jcm-pdgfra-focused16-v1/results/pres_bVqGzSXEGrSXlIoa0Itm/files/result/metrics.json,retained_byte_identical,270,735c5c5bdce17c877f5d4a2edd551ee37ec729502d6bbc8379957bdf974a3ea4
Additional_file_9_Screening_Code_and_Data.zip,jcm_revision/boltz-experiments/jcm-pdgfra-focused16-v1/results/pres_bVqGzSXEGrSXlIoa0Itm/files/result/pae.npz,jcm_revision/boltz-experiments/jcm-pdgfra-focused16-v1/results/pres_bVqGzSXEGrSXlIoa0Itm/files/result/pae.npz,retained_byte_identical,184692,6bc66a12b3aaa40c0b491f28b46a0af5bae810a354b61fa7b885a204b7f888f6
Additional_file_9_Screening_Code_and_Data.zip,jcm_revision/boltz-experiments/jcm-pdgfra-focused16-v1/results/pres_bVqGzSXEGrSXlIoa0Itm/files/result/pres_bVqGzSXEGrSXlIoa0Itm_predicted.cif,jcm_revision/boltz-experiments/jcm-pdgfra-focused16-v1/results/pres_bVqGzSXEGrSXlIoa0Itm/files/result/pres_bVqGzSXEGrSXlIoa0Itm_predicted.cif,retained_byte_identical,145985,1766ead2a89a40feb3ac328a42db1189b2aab990775632ab2eda5386e6610ad1
Additional_file_9_Screening_Code_and_Data.zip,jcm_revision/boltz-experiments/jcm-pdgfra-focused16-v1/results/pres_bVqGzSXEGrSXlIoa0Itm/metadata.json,jcm_revision/boltz-experiments/jcm-pdgfra-focused16-v1/results/pres_bVqGzSXEGrSXlIoa0Itm/metadata.json,retained_byte_identical,605,1c127ce699b89f6e78bd44a5517bc0c748176e7b065f800f1e5ba5bcb9b1757c
Additional_file_9_Screening_Code_and_Data.zip,jcm_revision/boltz-experiments/jcm-pdgfra-focused16-v1/results/pres_gtMvUYQxepAJr4K29CyV/archive.tar.gz,jcm_revision/boltz-experiments/jcm-pdgfra-focused16-v1/results/pres_gtMvUYQxepAJr4K29CyV/archive.tar.gz,retained_byte_identical,234171,83ab3619261f425ece95816c01d9456b1b1ed2150e7ab1e88abfea8a24461583
Additional_file_9_Screening_Code_and_Data.zip,jcm_revision/boltz-experiments/jcm-pdgfra-focused16-v1/results/pres_gtMvUYQxepAJr4K29CyV/files/result/metrics.json,jcm_revision/boltz-experiments/jcm-pdgfra-focused16-v1/results/pres_gtMvUYQxepAJr4K29CyV/files/result/metrics.json,retained_byte_identical,272,0d69140bc1eb2cee45fb9e906e7935e39a941f70e3d9ee68ead8806345725bc2
Additional_file_9_Screening_Code_and_Data.zip,jcm_revision/boltz-experiments/jcm-pdgfra-focused16-v1/results/pres_gtMvUYQxepAJr4K29CyV/files/result/pae.npz,jcm_revision/boltz-experiments/jcm-pdgfra-focused16-v1/results/pres_gtMvUYQxepAJr4K29CyV/files/result/pae.npz,retained_byte_identical,191472,0d857eee2420a515b8eaf56a9a8750d87d7fffa35c2d1911ff19e8b6be4c31a3
Additional_file_9_Screening_Code_and_Data.zip,jcm_revision/boltz-experiments/jcm-pdgfra-focused16-v1/results/pres_gtMvUYQxepAJr4K29CyV/files/result/pres_gtMvUYQxepAJr4K29CyV_predicted.cif,jcm_revision/boltz-experiments/jcm-pdgfra-focused16-v1/results/pres_gtMvUYQxepAJr4K29CyV/files/result/pres_gtMvUYQxepAJr4K29CyV_predicted.cif,retained_byte_identical,146461,bd0d69f5e5fad3cbad4f7eeaae8f0c87ed0db4bf330ec348e42083e7a4c4501d
Additional_file_9_Screening_Code_and_Data.zip,jcm_revision/boltz-experiments/jcm-pdgfra-focused16-v1/results/pres_gtMvUYQxepAJr4K29CyV/metadata.json,jcm_revision/boltz-experiments/jcm-pdgfra-focused16-v1/results/pres_gtMvUYQxepAJr4K29CyV/metadata.json,retained_byte_identical,617,1c0ba99c8dba5eb28e7fbb6a753071a1084ac7ae83926532d22c1d9088d28194
Additional_file_9_Screening_Code_and_Data.zip,jcm_revision/boltz-experiments/jcm-pdgfra-focused16-v1/results/pres_jzt5P5QQVBmXrrWJt2aA/archive.tar.gz,jcm_revision/boltz-experiments/jcm-pdgfra-focused16-v1/results/pres_jzt5P5QQVBmXrrWJt2aA/archive.tar.gz,retained_byte_identical,235838,13faccee89b8e8c9bcfdb2c9e00e327d844453ebabcb60d4d773f1c87270230f
Additional_file_9_Screening_Code_and_Data.zip,jcm_revision/boltz-experiments/jcm-pdgfra-focused16-v1/results/pres_jzt5P5QQVBmXrrWJt2aA/files/result/metrics.json,jcm_revision/boltz-experiments/jcm-pdgfra-focused16-v1/results/pres_jzt5P5QQVBmXrrWJt2aA/files/result/metrics.json,retained_byte_identical,273,dd5272121a62c1018937e734d409a7891cf9498063ff939c001c7b93f337a5dc
Additional_file_9_Screening_Code_and_Data.zip,jcm_revision/boltz-experiments/jcm-pdgfra-focused16-v1/results/pres_jzt5P5QQVBmXrrWJt2aA/files/result/pae.npz,jcm_revision/boltz-experiments/jcm-pdgfra-focused16-v1/results/pres_jzt5P5QQVBmXrrWJt2aA/files/result/pae.npz,retained_byte_identical,193273,f4b70e3a3f9653648420ec318c3e8499b8b9de3714dfe1360eae99f3c58c1dee
Additional_file_9_Screening_Code_and_Data.zip,jcm_revision/boltz-experiments/jcm-pdgfra-focused16-v1/results/pres_jzt5P5QQVBmXrrWJt2aA/files/result/pres_jzt5P5QQVBmXrrWJt2aA_predicted.cif,jcm_revision/boltz-experiments/jcm-pdgfra-focused16-v1/results/pres_jzt5P5QQVBmXrrWJt2aA/files/result/pres_jzt5P5QQVBmXrrWJt2aA_predicted.cif,retained_byte_identical,146451,3716cc7e10bc9d7c97ff0d9b6a91fcbed116715de1f78c79b2d82a1a2ec3b0bf
Additional_file_9_Screening_Code_and_Data.zip,jcm_revision/boltz-experiments/jcm-pdgfra-focused16-v1/results/pres_jzt5P5QQVBmXrrWJt2aA/metadata.json,jcm_revision/boltz-experiments/jcm-pdgfra-focused16-v1/results/pres_jzt5P5QQVBmXrrWJt2aA/metadata.json,retained_byte_identical,623,ec13352cefcb615bfbe0f09a11f47cc6032ddb68e142385589a1faaf4577d0a1
Additional_file_9_Screening_Code_and_Data.zip,jcm_revision/boltz-experiments/jcm-pdgfra-focused16-v1/results/summary.csv,jcm_revision/boltz-experiments/jcm-pdgfra-focused16-v1/results/summary.csv,retained_byte_identical,3543,81fb31b6c6f0685c8fe561f2f525a94e3aa8867dd6496d10e459982ad9b0e1e3
Additional_file_9_Screening_Code_and_Data.zip,jcm_revision/boltz-experiments/jcm-pdgfra-focused16-v1/run.json,jcm_revision/boltz-experiments/jcm-pdgfra-focused16-v1/run.json,retained_byte_identical,1505,9cb889d422607d155c3b92db2f027b52786d8ff74b28ad3de16c476a96845831
Additional_file_9_Screening_Code_and_Data.zip,jcm_revision/candidate_library/All_Target_Activity_Disposition.csv,jcm_revision/candidate_library/All_Target_Activity_Disposition.csv,retained_byte_identical,144318,97ad348350690974e65c9df63136fbd09fee691894273301622d41a662d8d97b
Additional_file_9_Screening_Code_and_Data.zip,jcm_revision/candidate_library/Assay_Audit_Manifest.json,jcm_revision/candidate_library/Assay_Audit_Manifest.json,retained_byte_identical,2156,fa37959479a2750c963d710edaafade62e7a929065c88ce8dead423d0b612013
Additional_file_9_Screening_Code_and_Data.zip,jcm_revision/candidate_library/Assay_Source_References.csv,jcm_revision/candidate_library/Assay_Source_References.csv,retained_byte_identical,24666,e731acc6503997365440d4e8b858fceb9812512c5a52ada6460c5e22d287c7da
Additional_file_9_Screening_Code_and_Data.zip,jcm_revision/candidate_library/Candidate_Library_Evidence.csv,jcm_revision/candidate_library/Candidate_Library_Evidence.csv,retained_byte_identical,19457,629d111d6de6a231a577cb4ff24cea103ebeace5c4554e5d383389e5f699835f
Additional_file_9_Screening_Code_and_Data.zip,jcm_revision/candidate_library/Candidate_Library_Evidence.json,jcm_revision/candidate_library/Candidate_Library_Evidence.json,retained_byte_identical,60077,3609c03cb4794177601f6a155f47c87a3f3ffaef1889bbc0ca497c5d1dec74c3
Additional_file_9_Screening_Code_and_Data.zip,jcm_revision/candidate_library/Candidate_Library_SHA256.json,jcm_revision/candidate_library/Candidate_Library_SHA256.json,retained_byte_identical,17766,8a62d3d7d2aefb84ee75875b4480fbc5d113fbf83f64637f6ad1d5c3200d144e
Additional_file_9_Screening_Code_and_Data.zip,jcm_revision/candidate_library/Candidate_Screening_Library.csv,jcm_revision/candidate_library/Candidate_Screening_Library.csv,retained_byte_identical,1897,8fd844b0a6abf4033ee0eaf5ce190a5b4c293de890b6b78044d10f09fac4812e
Additional_file_9_Screening_Code_and_Data.zip,jcm_revision/candidate_library/Davis2011_Matched_Kd_Benchmark.csv,jcm_revision/candidate_library/Davis2011_Matched_Kd_Benchmark.csv,retained_byte_identical,7380,ca32f9f86c68cf5d4f2fb47babe3bef3ff524b7dbefee10735836438c2bfc914
Additional_file_9_Screening_Code_and_Data.zip,jcm_revision/candidate_library/Direction_and_Interpretation.md,jcm_revision/candidate_library/Direction_and_Interpretation.md,retained_byte_identical,9705,e78d895b4bf8f8b06b4e71a9ddb02128a637ff35f0b9ac92aff496a250188ae9
Additional_file_9_Screening_Code_and_Data.zip,jcm_revision/candidate_library/Eligible_Exact_Human_Mapped_Nonvariant_Records.csv,jcm_revision/candidate_library/Eligible_Exact_Human_Mapped_Nonvariant_Records.csv,retained_byte_identical,43799,6e3efd66982b29c9900f685e74c09d0d66743c76db5476dfa0ecce232572e0cc
Additional_file_9_Screening_Code_and_Data.zip,jcm_revision/candidate_library/Endpoint_Separated_Experimental_Summary.csv,jcm_revision/candidate_library/Endpoint_Separated_Experimental_Summary.csv,retained_byte_identical,18495,2b70f4a8bc284470ccc7b27af57ba9d516dc1abfba72d428b84a27def46b2739
Additional_file_9_Screening_Code_and_Data.zip,jcm_revision/candidate_library/assemble_candidate_evidence.py,jcm_revision/candidate_library/assemble_candidate_evidence.py,retained_byte_identical,3536,792f3e70a9a0a0bb808d3d81ff3f35afbb706f195a4a14e0d8bc5acb0e277193
Additional_file_9_Screening_Code_and_Data.zip,jcm_revision/candidate_library/audit_assays.py,jcm_revision/candidate_library/audit_assays.py,retained_byte_identical,7604,3229595ec83e82323800f145bce1c9349c9c84b40784ea41dfd7fe4a0b5df70f
Additional_file_9_Screening_Code_and_Data.zip,jcm_revision/candidate_library/candidate_structures.csv,jcm_revision/candidate_library/candidate_structures.csv,retained_byte_identical,3463,107e51906d9db54ef7dbd96296c75e64c6807ea2ea5448246fce3510d6982f5d
Additional_file_9_Screening_Code_and_Data.zip,jcm_revision/candidate_library/candidate_structures.json,jcm_revision/candidate_library/candidate_structures.json,retained_byte_identical,18416,c9b42a4ccc90cc73da7b05a58e95b399372862ee0b10a031149ce5e48b3c4eeb
Additional_file_9_Screening_Code_and_Data.zip,jcm_revision/candidate_library/candidate_structures_final16.json,jcm_revision/candidate_library/candidate_structures_final16.json,retained_byte_identical,18416,c9b42a4ccc90cc73da7b05a58e95b399372862ee0b10a031149ce5e48b3c4eeb
Additional_file_9_Screening_Code_and_Data.zip,jcm_revision/candidate_library/candidate_structures_provisional15.json,jcm_revision/candidate_library/candidate_structures_provisional15.json,retained_byte_identical,16393,4c44fe0898d3118f24222782afb4cc668c3fd730b9ed1b20292fb76dd2693626
Additional_file_9_Screening_Code_and_Data.zip,jcm_revision/candidate_library/cross_validation_and_activities_manifest.json,jcm_revision/candidate_library/cross_validation_and_activities_manifest.json,retained_byte_identical,19956,28da1e732640494c7751c6c0b97cc70b07afb5a4e1d36da1b32ee5035d9baa73
Additional_file_9_Screening_Code_and_Data.zip,jcm_revision/candidate_library/label_review.json,jcm_revision/candidate_library/label_review.json,retained_byte_identical,32396,4225d7699a3004f24820d43d1aeb3124ac934cc41d9ade00dd94c9f0331b2c0d
Additional_file_9_Screening_Code_and_Data.zip,jcm_revision/candidate_library/label_review_b.json,jcm_revision/candidate_library/label_review_b.json,retained_byte_identical,14523,1bf8f6a8a9bc647ded82c6e01c24c3f3897b1d0c40f387b6ec289a13dfe7a76e
Additional_file_9_Screening_Code_and_Data.zip,jcm_revision/candidate_library/manual_primary_evidence.json,jcm_revision/candidate_library/manual_primary_evidence.json,retained_byte_identical,2321,93c4777e9f863d5f973a9becbd5fdaddcc95a4b3c6be6fd91bb216e9d6c8ff4f
Additional_file_9_Screening_Code_and_Data.zip,jcm_revision/candidate_library/raw_chembl/CHEMBL1137777.json,jcm_revision/candidate_library/raw_chembl/CHEMBL1137777.json,retained_byte_identical,1931,b4e5ceffb8c7a480c935d4b03fb791b4ae211aa18104c8d6506e0aa91c65ce49
Additional_file_9_Screening_Code_and_Data.zip,jcm_revision/candidate_library/raw_chembl/CHEMBL1144455.json,jcm_revision/candidate_library/raw_chembl/CHEMBL1144455.json,retained_byte_identical,1898,60b732efe0d60a4d02ec3d93974bd9cc26ea0612bf0e18d90a4fc1af3b32d954
Additional_file_9_Screening_Code_and_Data.zip,jcm_revision/candidate_library/raw_chembl/CHEMBL1146076.json,jcm_revision/candidate_library/raw_chembl/CHEMBL1146076.json,retained_byte_identical,1871,0ae7aeaff4c18ea0ad2fb78677d6e8de502c5b0b74eb31b220042e09a99b9b66
Additional_file_9_Screening_Code_and_Data.zip,jcm_revision/candidate_library/raw_chembl/CHEMBL1149823.json,jcm_revision/candidate_library/raw_chembl/CHEMBL1149823.json,retained_byte_identical,2128,cb10c48d0ae6230a3fd3beaa985ac4b298c75b42e07726e648e8297fc216a6a3
Additional_file_9_Screening_Code_and_Data.zip,jcm_revision/candidate_library/raw_chembl/CHEMBL1150317.json,jcm_revision/candidate_library/raw_chembl/CHEMBL1150317.json,retained_byte_identical,1268,d0deab0179e103d878a08b33e88bbd32dd837057b5829b9096b4697fc00bb11f
Additional_file_9_Screening_Code_and_Data.zip,jcm_revision/candidate_library/raw_chembl/CHEMBL1150977.json,jcm_revision/candidate_library/raw_chembl/CHEMBL1150977.json,retained_byte_identical,1743,ded77384b3027c5d9074b01d6be5f22715d8a4725b11a6fd65558d3b9c9dd480
Additional_file_9_Screening_Code_and_Data.zip,jcm_revision/candidate_library/raw_chembl/CHEMBL1155848.json,jcm_revision/candidate_library/raw_chembl/CHEMBL1155848.json,retained_byte_identical,1455,a01aeaf8f3ff08482c6ba0ab50c6a7e2a3d6bcbf8f3a10ec75413e7ef7bd6756
Additional_file_9_Screening_Code_and_Data.zip,jcm_revision/candidate_library/raw_chembl/CHEMBL1177651.json,jcm_revision/candidate_library/raw_chembl/CHEMBL1177651.json,retained_byte_identical,1946,b780d6ea001b10652fe3edc150dee25631b8f0d2814d536793c91f8854574244
Additional_file_9_Screening_Code_and_Data.zip,jcm_revision/candidate_library/raw_chembl/CHEMBL1177713.json,jcm_revision/candidate_library/raw_chembl/CHEMBL1177713.json,retained_byte_identical,2175,9131a5aa8d058e0e2823e0b6f8d527d2799ada6d5310a54e0f9f16e960948cee
Additional_file_9_Screening_Code_and_Data.zip,jcm_revision/candidate_library/raw_chembl/CHEMBL1201862.json,jcm_revision/candidate_library/raw_chembl/CHEMBL1201862.json,retained_byte_identical,496,0cb5a66574c8e2ebe076a0a87fa4c0ec5125252b29230a4427d3d69c78a8de27
Additional_file_9_Screening_Code_and_Data.zip,jcm_revision/candidate_library/raw_chembl/CHEMBL1240306.json,jcm_revision/candidate_library/raw_chembl/CHEMBL1240306.json,retained_byte_identical,1666,f850d93cdfb2370b7bb5768e2de8080f8b2e47e048404344485bf6dcfb9d1453
Additional_file_9_Screening_Code_and_Data.zip,jcm_revision/candidate_library/raw_chembl/CHEMBL1240338.json,jcm_revision/candidate_library/raw_chembl/CHEMBL1240338.json,retained_byte_identical,2502,6e986a1a8c8a17e82df9367d8fc0b95369c0b838b7d4e94fc07e51f62c018832
Additional_file_9_Screening_Code_and_Data.zip,jcm_revision/candidate_library/raw_chembl/CHEMBL1240346.json,jcm_revision/candidate_library/raw_chembl/CHEMBL1240346.json,retained_byte_identical,1673,4227e6c36de362a31fd5f0432c6cead89c79c93bcfc9016d2ff67f280bda4f87
Additional_file_9_Screening_Code_and_Data.zip,jcm_revision/candidate_library/raw_chembl/CHEMBL1250538.json,jcm_revision/candidate_library/raw_chembl/CHEMBL1250538.json,retained_byte_identical,1889,9178be15627bfe402b89accb42438ebb63c1851b45b92766a46958898d09ebbe
Additional_file_9_Screening_Code_and_Data.zip,jcm_revision/candidate_library/raw_chembl/CHEMBL1764978.json,jcm_revision/candidate_library/raw_chembl/CHEMBL1764978.json,retained_byte_identical,1797,f29af3082702dc3b9e7f59df61f0805d794c8e7b91f5dcfdbf087db16a8ac53f
Additional_file_9_Screening_Code_and_Data.zip,jcm_revision/candidate_library/raw_chembl/CHEMBL1908390.json,jcm_revision/candidate_library/raw_chembl/CHEMBL1908390.json,retained_byte_identical,1689,96d50d62a50195263069ac1cac2b6be72ecd4cce1f27ccf9511457d96ea05945
Additional_file_9_Screening_Code_and_Data.zip,jcm_revision/candidate_library/raw_chembl/CHEMBL1933031.json,jcm_revision/candidate_library/raw_chembl/CHEMBL1933031.json,retained_byte_identical,1213,0b575144f552feb253f770c6bbf6d833b2188d69dbfeb6936e88da2998c893d9
Additional_file_9_Screening_Code_and_Data.zip,jcm_revision/candidate_library/raw_chembl/CHEMBL2163296.json,jcm_revision/candidate_library/raw_chembl/CHEMBL2163296.json,retained_byte_identical,1869,8b2cb9648a509ee78c3880dd334c5f566ab6cfeedaf58932e99e6aaee93d8a57
Additional_file_9_Screening_Code_and_Data.zip,jcm_revision/candidate_library/raw_chembl/CHEMBL2177017.json,jcm_revision/candidate_library/raw_chembl/CHEMBL2177017.json,retained_byte_identical,1325,bb6d41722eb12fd8ed55949a48ecbbcf0f27e9842fa0115f6664e5eda2769ab7
Additional_file_9_Screening_Code_and_Data.zip,jcm_revision/candidate_library/raw_chembl/CHEMBL2218924.json,jcm_revision/candidate_library/raw_chembl/CHEMBL2218924.json,retained_byte_identical,1951,bebcabd403f6c02cef20694eaae0c15edab5eddd1ac00eeeb122d2609b72a357
Additional_file_9_Screening_Code_and_Data.zip,jcm_revision/candidate_library/raw_chembl/CHEMBL2407039.json,jcm_revision/candidate_library/raw_chembl/CHEMBL2407039.json,retained_byte_identical,1583,8b11161b09d5ffa5f4e4202651803f282bb780acdb7b713d17f387d548763ec3
Additional_file_9_Screening_Code_and_Data.zip,jcm_revision/candidate_library/raw_chembl/CHEMBL2417410.json,jcm_revision/candidate_library/raw_chembl/CHEMBL2417410.json,retained_byte_identical,1739,adabe77304483e821a1db7787bcb75eaf002e8f915d2096b2adf179726aaf4d3
Additional_file_9_Screening_Code_and_Data.zip,jcm_revision/candidate_library/raw_chembl/CHEMBL3112549.json,jcm_revision/candidate_library/raw_chembl/CHEMBL3112549.json,retained_byte_identical,1356,34af771cb3cfc20cf2b6b1bf294b770d93ac89aded22739f8f2dc3d1e903fe6e
Additional_file_9_Screening_Code_and_Data.zip,jcm_revision/candidate_library/raw_chembl/CHEMBL3286339.json,jcm_revision/candidate_library/raw_chembl/CHEMBL3286339.json,retained_byte_identical,1512,7040e2a5f0f49dc525bdb199564764cee41459de866376e96a077f32bee091ac
Additional_file_9_Screening_Code_and_Data.zip,jcm_revision/candidate_library/raw_chembl/CHEMBL3352075.json,jcm_revision/candidate_library/raw_chembl/CHEMBL3352075.json,retained_byte_identical,1783,c55a5251f9752ef783bccdb732f2b950507d779bd548c811d14c6c90237b25a4
Additional_file_9_Screening_Code_and_Data.zip,jcm_revision/candidate_library/raw_chembl/CHEMBL3352320.json,jcm_revision/candidate_library/raw_chembl/CHEMBL3352320.json,retained_byte_identical,2334,f0ffeefa84cd71f852225caf750f4dc545e7b78f31d84d0a76106ce2c723f6d0
Additional_file_9_Screening_Code_and_Data.zip,jcm_revision/candidate_library/raw_chembl/CHEMBL3425418.json,jcm_revision/candidate_library/raw_chembl/CHEMBL3425418.json,retained_byte_identical,1465,495d701e9fc7fd2a5bbc900785ab08d72474e556953d5398863db447ff778e09
Additional_file_9_Screening_Code_and_Data.zip,jcm_revision/candidate_library/raw_chembl/CHEMBL3877303.json,jcm_revision/candidate_library/raw_chembl/CHEMBL3877303.json,retained_byte_identical,1958,f7ec79a63cc8a97fe3e9e1915eeb17b3efffe9141b38d3cd7fb43b958b82685a
Additional_file_9_Screening_Code_and_Data.zip,jcm_revision/candidate_library/raw_chembl/CHEMBL3992544.json,jcm_revision/candidate_library/raw_chembl/CHEMBL3992544.json,retained_byte_identical,1380,ce6273af4b3b6bf8bc0eed7868698a8606ff9c827a9109ef7f832a3a1b332066
Additional_file_9_Screening_Code_and_Data.zip,jcm_revision/candidate_library/raw_chembl/CHEMBL4002548.json,jcm_revision/candidate_library/raw_chembl/CHEMBL4002548.json,retained_byte_identical,1890,bbf7dd367471ab1e718900d460df2615be34e4755f7cd79f968c3ba8610d4c73
Additional_file_9_Screening_Code_and_Data.zip,jcm_revision/candidate_library/raw_chembl/CHEMBL4007390.json,jcm_revision/candidate_library/raw_chembl/CHEMBL4007390.json,retained_byte_identical,2058,ffc70afe97227f0b238e574226f44207a88d40680be15c37e87de14cb3fedce4
Additional_file_9_Screening_Code_and_Data.zip,jcm_revision/candidate_library/raw_chembl/CHEMBL4011618.json,jcm_revision/candidate_library/raw_chembl/CHEMBL4011618.json,retained_byte_identical,1785,e197c5c979be9b646cf3e5666619208f6a45f59a56ecd635362001d568fa270f
Additional_file_9_Screening_Code_and_Data.zip,jcm_revision/candidate_library/raw_chembl/CHEMBL4028913.json,jcm_revision/candidate_library/raw_chembl/CHEMBL4028913.json,retained_byte_identical,1738,ae2f9fa12c25871bb4e198799ce33a646fb19185d07de0cb316842d9c3872373
Additional_file_9_Screening_Code_and_Data.zip,jcm_revision/candidate_library/raw_chembl/CHEMBL4052632.json,jcm_revision/candidate_library/raw_chembl/CHEMBL4052632.json,retained_byte_identical,1793,5dd19a690560d7713de2c78406101b726644e124379625afc67b91bc321213e2
Additional_file_9_Screening_Code_and_Data.zip,jcm_revision/candidate_library/raw_chembl/CHEMBL4130391.json,jcm_revision/candidate_library/raw_chembl/CHEMBL4130391.json,retained_byte_identical,1292,235d31b6694b6257dd78b772963a4d6018ea89283cc62900ebf8852cb76b2b55
Additional_file_9_Screening_Code_and_Data.zip,jcm_revision/candidate_library/raw_chembl/CHEMBL4130560.json,jcm_revision/candidate_library/raw_chembl/CHEMBL4130560.json,retained_byte_identical,1870,9744ad8ad8a06ad1d076e2ad045ae7c16a0af309cf9ec9d58a5a354d6343af5f
Additional_file_9_Screening_Code_and_Data.zip,jcm_revision/candidate_library/raw_chembl/CHEMBL4190394.json,jcm_revision/candidate_library/raw_chembl/CHEMBL4190394.json,retained_byte_identical,1990,75f488a44bbb71e4e02d4e7f89ca99d48e3d80ccd1a23e3fe29bb31ea1a0056a
Additional_file_9_Screening_Code_and_Data.zip,jcm_revision/candidate_library/raw_chembl/CHEMBL4196201.json,jcm_revision/candidate_library/raw_chembl/CHEMBL4196201.json,retained_byte_identical,2527,f5209420b23f4429e01c638f9bd0bd3d6673ca1b1237e7cab6fd9b687747ebb7
Additional_file_9_Screening_Code_and_Data.zip,jcm_revision/candidate_library/raw_chembl/CHEMBL4229344.json,jcm_revision/candidate_library/raw_chembl/CHEMBL4229344.json,retained_byte_identical,2152,56edc3a256d53d4b68e1438ea973e40710d77bf349c736b03a7418c060371536
Additional_file_9_Screening_Code_and_Data.zip,jcm_revision/candidate_library/raw_chembl/CHEMBL4270503.json,jcm_revision/candidate_library/raw_chembl/CHEMBL4270503.json,retained_byte_identical,1443,62b2c7d97643569386f854edef7e70dc94e6389467a4502269a9cc3d9a6437c1
Additional_file_9_Screening_Code_and_Data.zip,jcm_revision/candidate_library/raw_chembl/CHEMBL4270659.json,jcm_revision/candidate_library/raw_chembl/CHEMBL4270659.json,retained_byte_identical,2447,88d6576b80c3437bd268c87c424a5badf8a9b7e1ba0d7ebcf3c9b79989553781
Additional_file_9_Screening_Code_and_Data.zip,jcm_revision/candidate_library/raw_chembl/CHEMBL4304778.json,jcm_revision/candidate_library/raw_chembl/CHEMBL4304778.json,retained_byte_identical,1859,dba102334b904d38ed75d3093c2c4a05f242727fa4ffb4830fbf6b4eb13b047c
Additional_file_9_Screening_Code_and_Data.zip,jcm_revision/candidate_library/raw_chembl/CHEMBL4425084.json,jcm_revision/candidate_library/raw_chembl/CHEMBL4425084.json,retained_byte_identical,1979,30b2572cbf7954ad4ff00b5a27a470f4f9b0f3654c757c75a4a83b22c3c5a9ac
Additional_file_9_Screening_Code_and_Data.zip,jcm_revision/candidate_library/raw_chembl/CHEMBL4602709.json,jcm_revision/candidate_library/raw_chembl/CHEMBL4602709.json,retained_byte_identical,1979,a9993b734b3b156a87f8d12c878a568e25d55185d21f7691174c29d7d18879a1
Additional_file_9_Screening_Code_and_Data.zip,jcm_revision/candidate_library/raw_chembl/CHEMBL4706659.json,jcm_revision/candidate_library/raw_chembl/CHEMBL4706659.json,retained_byte_identical,1640,86ecb9f8e6ddf40fb253ebe218efd48efba87e408c7f62453c61f6f4d5883842
Additional_file_9_Screening_Code_and_Data.zip,jcm_revision/candidate_library/raw_chembl/CHEMBL4715823.json,jcm_revision/candidate_library/raw_chembl/CHEMBL4715823.json,retained_byte_identical,1884,d4b2cb41019f60316bc69ebe83947a6df7241bcae26b21aef41446cec75a235f
Additional_file_9_Screening_Code_and_Data.zip,jcm_revision/candidate_library/raw_chembl/CHEMBL4715878.json,jcm_revision/candidate_library/raw_chembl/CHEMBL4715878.json,retained_byte_identical,1948,4dbeb237997de4ad23c0fd9aafeee6da038b8acf408e2bebfa8e80d55d2419df
Additional_file_9_Screening_Code_and_Data.zip,jcm_revision/candidate_library/raw_chembl/CHEMBL4725218.json,jcm_revision/candidate_library/raw_chembl/CHEMBL4725218.json,retained_byte_identical,1897,e4bb040d5462a40ebb8dc5df4eed4107d4c08c7e407c59c4f1e13a3166e1b236
Additional_file_9_Screening_Code_and_Data.zip,jcm_revision/candidate_library/raw_chembl/CHEMBL4732124.json,jcm_revision/candidate_library/raw_chembl/CHEMBL4732124.json,retained_byte_identical,3038,6b4c225067a3a4bb0b623eb371a61b80de734d76b6491b35d9a0cd83520ad029
Additional_file_9_Screening_Code_and_Data.zip,jcm_revision/candidate_library/raw_chembl/CHEMBL4765332.json,jcm_revision/candidate_library/raw_chembl/CHEMBL4765332.json,retained_byte_identical,2444,87b7f0baf126cbe9085301e8ba4903a37ffca21a9d0a404371c0672a19693a43
Additional_file_9_Screening_Code_and_Data.zip,jcm_revision/candidate_library/raw_chembl/CHEMBL4823252.json,jcm_revision/candidate_library/raw_chembl/CHEMBL4823252.json,retained_byte_identical,2028,d00d0c1795d4605820e815501001525ed74b26575fbfbf3fe1dfd3d4112f9810
Additional_file_9_Screening_Code_and_Data.zip,jcm_revision/candidate_library/raw_chembl/CHEMBL4837240.json,jcm_revision/candidate_library/raw_chembl/CHEMBL4837240.json,retained_byte_identical,2178,aeed19ce0fc483c2fcd73d39bb80d9765d6ae9982476744030380558cd35db7e
Additional_file_9_Screening_Code_and_Data.zip,jcm_revision/candidate_library/raw_chembl/CHEMBL5036319.json,jcm_revision/candidate_library/raw_chembl/CHEMBL5036319.json,retained_byte_identical,1860,cc8ed4aff02446c66453880cda2494c65fa76085e12504a5ba3602d6ba2676dc
Additional_file_9_Screening_Code_and_Data.zip,jcm_revision/candidate_library/raw_chembl/CHEMBL5104091.json,jcm_revision/candidate_library/raw_chembl/CHEMBL5104091.json,retained_byte_identical,1606,1dab8438e91117f08b22861285470c5517cb4d9988c017af081516013cc27107
Additional_file_9_Screening_Code_and_Data.zip,jcm_revision/candidate_library/raw_chembl/CHEMBL5107965.json,jcm_revision/candidate_library/raw_chembl/CHEMBL5107965.json,retained_byte_identical,1866,3744e1444746a98f834acc4e43bf96386cbc83f3e1fc7fba08067af711f53e85
Additional_file_9_Screening_Code_and_Data.zip,jcm_revision/candidate_library/raw_chembl/CHEMBL5150004.json,jcm_revision/candidate_library/raw_chembl/CHEMBL5150004.json,retained_byte_identical,1665,911095165ee088fd20d899b68c8e9ea2fa95281180e05f5a27e99c03437f1761
Additional_file_9_Screening_Code_and_Data.zip,jcm_revision/candidate_library/raw_chembl/CHEMBL5154776.json,jcm_revision/candidate_library/raw_chembl/CHEMBL5154776.json,retained_byte_identical,1898,f1a138082a572e1e03e6e23c232db9d554be9a8753784af5b7d9383bd3f203c7
Additional_file_9_Screening_Code_and_Data.zip,jcm_revision/candidate_library/raw_chembl/CHEMBL5236591.json,jcm_revision/candidate_library/raw_chembl/CHEMBL5236591.json,retained_byte_identical,1339,d2c034eea2af2d5a82db28eea52a2148b80e92b1baa4999707074544ab26fac9
Additional_file_9_Screening_Code_and_Data.zip,jcm_revision/candidate_library/raw_chembl/CHEMBL5241055.json,jcm_revision/candidate_library/raw_chembl/CHEMBL5241055.json,retained_byte_identical,1926,ad7e070f893dc2d6a909432c47d3abec35c037f3425c6f7454b42ea7210cb7f5
Additional_file_9_Screening_Code_and_Data.zip,jcm_revision/candidate_library/raw_chembl/CHEMBL5252510.json,jcm_revision/candidate_library/raw_chembl/CHEMBL5252510.json,retained_byte_identical,1672,5bff17e616972f676c01d06862a810e8824792f856c2edd3b529a697e37d3292
Additional_file_9_Screening_Code_and_Data.zip,jcm_revision/candidate_library/raw_chembl/CHEMBL5321287.json,jcm_revision/candidate_library/raw_chembl/CHEMBL5321287.json,retained_byte_identical,1884,059d93a6f93b5f7c9836499a3205544b48e6692c19e6588b1917467d4633512b
Additional_file_9_Screening_Code_and_Data.zip,jcm_revision/candidate_library/raw_chembl/CHEMBL5325476.json,jcm_revision/candidate_library/raw_chembl/CHEMBL5325476.json,retained_byte_identical,1774,f6915208f4f9bc880457a605d83e74bf5e6ae802aba6d8ce2da2b5deef8ab603
Additional_file_9_Screening_Code_and_Data.zip,jcm_revision/candidate_library/raw_chembl/CHEMBL5331057.json,jcm_revision/candidate_library/raw_chembl/CHEMBL5331057.json,retained_byte_identical,1697,ab6fb1039b1410b969b5015a9e2d085ea7939936daf1e26fc71996ed06c59cde
Additional_file_9_Screening_Code_and_Data.zip,jcm_revision/candidate_library/raw_chembl/CHEMBL5365465.json,jcm_revision/candidate_library/raw_chembl/CHEMBL5365465.json,retained_byte_identical,1451,4b1dab28f9bf2a5f5c3869997a4696948e3a679860964e6bd160fbefc0e29772
Additional_file_9_Screening_Code_and_Data.zip,jcm_revision/candidate_library/raw_chembl/CHEMBL5579821.json,jcm_revision/candidate_library/raw_chembl/CHEMBL5579821.json,retained_byte_identical,2096,fae3285cb9f4b0930783bc126b69be5456eeef99ba7bb01ed6b1b8ae1c9b0024
Additional_file_9_Screening_Code_and_Data.zip,jcm_revision/candidate_library/raw_chembl/CHEMBL5584237.json,jcm_revision/candidate_library/raw_chembl/CHEMBL5584237.json,retained_byte_identical,2492,e5341d471b4311eb0f412c7916a627455806bac841437d1e905921e47c775b5d
Additional_file_9_Screening_Code_and_Data.zip,jcm_revision/candidate_library/raw_chembl/CHEMBL5634097.json,jcm_revision/candidate_library/raw_chembl/CHEMBL5634097.json,retained_byte_identical,1387,b1acfc263f0a008cfe806b3ced970a6c5c5e6e630149577e952d32e638329850
Additional_file_9_Screening_Code_and_Data.zip,jcm_revision/candidate_library/raw_chembl/CHEMBL5661970.json,jcm_revision/candidate_library/raw_chembl/CHEMBL5661970.json,retained_byte_identical,2708,2b1c34beebf9b3f1fc7e4cdf5ad77fcf9d3dda467ce46c74771fac8a3e9d7db2
Additional_file_9_Screening_Code_and_Data.zip,jcm_revision/candidate_library/raw_chembl/CHEMBL5727732.json,jcm_revision/candidate_library/raw_chembl/CHEMBL5727732.json,retained_byte_identical,545,7cb7ded622a479ad10835d77b35b6459cbf32964670dcde3e5b01cef9a45e193
Additional_file_9_Screening_Code_and_Data.zip,jcm_revision/candidate_library/raw_chembl/CHEMBL5728567.json,jcm_revision/candidate_library/raw_chembl/CHEMBL5728567.json,retained_byte_identical,557,13295d21161ec1b094b9e366b66230f56b72583accfd07d030e0bf98c57856cc
Additional_file_9_Screening_Code_and_Data.zip,jcm_revision/candidate_library/raw_chembl/CHEMBL5728892.json,jcm_revision/candidate_library/raw_chembl/CHEMBL5728892.json,retained_byte_identical,545,9dfed20ce6b9d2d2122e91e1e2c7435b15b8216613b676edefe3f535752cdd79
Additional_file_9_Screening_Code_and_Data.zip,jcm_revision/candidate_library/raw_chembl/CHEMBL6071132.json,jcm_revision/candidate_library/raw_chembl/CHEMBL6071132.json,retained_byte_identical,1857,a225a6bd787c3453fc8e7c7f4f995985d05bc64896d5c8f4a95875ff6025a6ef
Additional_file_9_Screening_Code_and_Data.zip,jcm_revision/candidate_library/raw_chembl/CHEMBL6074624.json,jcm_revision/candidate_library/raw_chembl/CHEMBL6074624.json,retained_byte_identical,1413,251a50996421f4500d341592b2582c1e397455cb27c9afade93f3348fbf9b7c7
Additional_file_9_Screening_Code_and_Data.zip,jcm_revision/candidate_library/raw_chembl/CHEMBL6083222.json,jcm_revision/candidate_library/raw_chembl/CHEMBL6083222.json,retained_byte_identical,1646,eb02ea516a40887a9a0cfc635d7fc5f09a22855bd9ee942bb13378f742e7523f
Additional_file_9_Screening_Code_and_Data.zip,jcm_revision/candidate_library/raw_chembl/CHEMBL6103541.json,jcm_revision/candidate_library/raw_chembl/CHEMBL6103541.json,retained_byte_identical,1906,eb2a0503eb8722dc47e7abef6ca3fa0878376b740f5d1e3baa3f8d8911a95829
Additional_file_9_Screening_Code_and_Data.zip,jcm_revision/candidate_library/raw_chembl/CHEMBL6103658.json,jcm_revision/candidate_library/raw_chembl/CHEMBL6103658.json,retained_byte_identical,1950,260410220ba4d673588f0be9218122a0050f16de33a5b0282c87f54b1796f942
Additional_file_9_Screening_Code_and_Data.zip,jcm_revision/candidate_library/raw_chembl/CHEMBL6109120.json,jcm_revision/candidate_library/raw_chembl/CHEMBL6109120.json,retained_byte_identical,1738,d8c98751206434bf8a94da25544e79744160ec68809a899d311923e1a95dea52
Additional_file_9_Screening_Code_and_Data.zip,jcm_revision/candidate_library/raw_chembl/CHEMBL6153081.json,jcm_revision/candidate_library/raw_chembl/CHEMBL6153081.json,retained_byte_identical,1546,e18d2ca630dd43acdfdff621c400bdd913203dd0abd6b9a7f5795a0f0edeeb1e
Additional_file_9_Screening_Code_and_Data.zip,jcm_revision/candidate_library/raw_chembl/MAZ51_lookup.json,jcm_revision/candidate_library/raw_chembl/MAZ51_lookup.json,retained_byte_identical,139,0a0d0a654f5f51214cf0737c9849d3e6914c04deb28b1d34eb679ba5b1370536
Additional_file_9_Screening_Code_and_Data.zip,jcm_revision/candidate_library/raw_chembl/MAZ51_pubchem.json,jcm_revision/candidate_library/raw_chembl/MAZ51_pubchem.json,retained_byte_identical,1441,98846da0fe87f75a1732f31e9511e2c7d6ccff760cb510b90764c51121e5b76a
Additional_file_9_Screening_Code_and_Data.zip,jcm_revision/candidate_library/raw_chembl/MAZ51_pubchem_9839842.json,jcm_revision/candidate_library/raw_chembl/MAZ51_pubchem_9839842.json,retained_byte_identical,760,c3b0f62d2c8052e641bd70e76715c1b3cc4d9e61cb1a102e4f9a5609b93f8262
Additional_file_9_Screening_Code_and_Data.zip,jcm_revision/candidate_library/raw_chembl/MAZ51_search.json,jcm_revision/candidate_library/raw_chembl/MAZ51_search.json,retained_byte_identical,4261,d473e83dd191be7c6eb15e22d28c54eb59fdd759647bebc6d068a5705cba9008
Additional_file_9_Screening_Code_and_Data.zip,jcm_revision/candidate_library/raw_chembl/MAZ51_target_activities.json,jcm_revision/candidate_library/raw_chembl/MAZ51_target_activities.json,retained_byte_identical,141,b8ce522751a368a7f37d0175d69dd7a7932748c9ebe4d727d4521034d1217d45
Additional_file_9_Screening_Code_and_Data.zip,jcm_revision/candidate_library/raw_chembl/avapritinib_lookup.json,jcm_revision/candidate_library/raw_chembl/avapritinib_lookup.json,retained_byte_identical,7500,4c8575d0fa04075cc07141999b6912f8812efdd9e869af05f19ec50c3066232a
Additional_file_9_Screening_Code_and_Data.zip,jcm_revision/candidate_library/raw_chembl/avapritinib_parent.json,jcm_revision/candidate_library/raw_chembl/avapritinib_parent.json,retained_byte_identical,6797,2f28772b5309f7107069ba0822565983c691f4e8fb87f0e0aa1be5b558372510
Additional_file_9_Screening_Code_and_Data.zip,jcm_revision/candidate_library/raw_chembl/avapritinib_pubchem.json,jcm_revision/candidate_library/raw_chembl/avapritinib_pubchem.json,retained_byte_identical,633,2f08700f10aababf71452269ae45ba4fffa45b0b62bce4fbb403cb0233fb7a44
Additional_file_9_Screening_Code_and_Data.zip,jcm_revision/candidate_library/raw_chembl/avapritinib_target_activities.json,jcm_revision/candidate_library/raw_chembl/avapritinib_target_activities.json,retained_byte_identical,18995,d6bc797a9965e4daa49c6f286e298b8667e1f74d4d0624995fb66f2c0c086a45
Additional_file_9_Screening_Code_and_Data.zip,jcm_revision/candidate_library/raw_chembl/axitinib_lookup.json,jcm_revision/candidate_library/raw_chembl/axitinib_lookup.json,retained_byte_identical,6600,540f92b8c363dd9a5c0d29aa56c0a8adfec61fe3223134325ee8a53287883ec0
Additional_file_9_Screening_Code_and_Data.zip,jcm_revision/candidate_library/raw_chembl/axitinib_parent.json,jcm_revision/candidate_library/raw_chembl/axitinib_parent.json,retained_byte_identical,5897,e224417269e4735924c6f4ce4e4a8807557b885d46b6dc747d456ddb0f6ffa5d
Additional_file_9_Screening_Code_and_Data.zip,jcm_revision/candidate_library/raw_chembl/axitinib_pubchem.json,jcm_revision/candidate_library/raw_chembl/axitinib_pubchem.json,retained_byte_identical,553,45eef7af5ef9717e3c4de6986264ede75ce1a2295fd66d4fe0e5fea63e52e0eb
Additional_file_9_Screening_Code_and_Data.zip,jcm_revision/candidate_library/raw_chembl/axitinib_target_activities.json,jcm_revision/candidate_library/raw_chembl/axitinib_target_activities.json,retained_byte_identical,9318,feb1d006814ff227a7931649f5579752c87cac2ba337022237b0744411bb23f3
Additional_file_9_Screening_Code_and_Data.zip,jcm_revision/candidate_library/raw_chembl/crenolanib_lookup.json,jcm_revision/candidate_library/raw_chembl/crenolanib_lookup.json,retained_byte_identical,6201,45020242553ed79fc602a159f5906f75230fcaa8d63d2c2b712e4b5ca83dd64c
Additional_file_9_Screening_Code_and_Data.zip,jcm_revision/candidate_library/raw_chembl/crenolanib_parent.json,jcm_revision/candidate_library/raw_chembl/crenolanib_parent.json,retained_byte_identical,5650,14f601db07cfdadedc7d14fc2f9c80a0a4df44055f6b5f1f7f685472bba48e8b
Additional_file_9_Screening_Code_and_Data.zip,jcm_revision/candidate_library/raw_chembl/crenolanib_pubchem.json,jcm_revision/candidate_library/raw_chembl/crenolanib_pubchem.json,retained_byte_identical,591,d72999fb8cce763c874c7e5686432e910bc11ee0d60d007c50ee910fe568c605
Additional_file_9_Screening_Code_and_Data.zip,jcm_revision/candidate_library/raw_chembl/crenolanib_target_activities.json,jcm_revision/candidate_library/raw_chembl/crenolanib_target_activities.json,retained_byte_identical,2249,dd03acf0c73b0b3d877dcd72e6465d03cb4c745cd5cc66ebc43be1261af75e83
Additional_file_9_Screening_Code_and_Data.zip,jcm_revision/candidate_library/raw_chembl/imatinib_lookup.json,jcm_revision/candidate_library/raw_chembl/imatinib_lookup.json,retained_byte_identical,8882,215196c7a03cbb0716fb036e096e447f2955c7682bb089435313443d1b0b330f
Additional_file_9_Screening_Code_and_Data.zip,jcm_revision/candidate_library/raw_chembl/imatinib_parent.json,jcm_revision/candidate_library/raw_chembl/imatinib_parent.json,retained_byte_identical,8003,d80df4bfa20ceefb692aadfd4b41287817d99ce801957081b4d49fc66f00dc39
Additional_file_9_Screening_Code_and_Data.zip,jcm_revision/candidate_library/raw_chembl/imatinib_pubchem.json,jcm_revision/candidate_library/raw_chembl/imatinib_pubchem.json,retained_byte_identical,627,375fe1516516c6093e083a14944fcc3317bab183695efba79d1fa0150326a24f
Additional_file_9_Screening_Code_and_Data.zip,jcm_revision/candidate_library/raw_chembl/imatinib_target_activities.json,jcm_revision/candidate_library/raw_chembl/imatinib_target_activities.json,retained_byte_identical,72330,41d57f24221c05993dc37d714d98be1d1282e4cc7bab534d8bfff92a24033136
Additional_file_9_Screening_Code_and_Data.zip,jcm_revision/candidate_library/raw_chembl/lenvatinib_lookup.json,jcm_revision/candidate_library/raw_chembl/lenvatinib_lookup.json,retained_byte_identical,6056,c79367ce82257790f868b71ca59ee2b722f9ae3cde43c2385f55570fa538836f
Additional_file_9_Screening_Code_and_Data.zip,jcm_revision/candidate_library/raw_chembl/lenvatinib_parent.json,jcm_revision/candidate_library/raw_chembl/lenvatinib_parent.json,retained_byte_identical,5477,deeb20e0c947370214d500767e26552f4b8370926ca9cc95e3f228a19f988c30
Additional_file_9_Screening_Code_and_Data.zip,jcm_revision/candidate_library/raw_chembl/lenvatinib_pubchem.json,jcm_revision/candidate_library/raw_chembl/lenvatinib_pubchem.json,retained_byte_identical,575,dbef1c005d77f2cee04968090aaf5f097de01de51a2b7a4dafdff1217e4a7875
Additional_file_9_Screening_Code_and_Data.zip,jcm_revision/candidate_library/raw_chembl/lenvatinib_target_activities.json,jcm_revision/candidate_library/raw_chembl/lenvatinib_target_activities.json,retained_byte_identical,11985,d08b5c4538e44628252ca1c2cdc553373dccfdbd0012629217aea9c151bad395
Additional_file_9_Screening_Code_and_Data.zip,jcm_revision/candidate_library/raw_chembl/nerandomilast_lookup.json,jcm_revision/candidate_library/raw_chembl/nerandomilast_lookup.json,retained_byte_identical,5658,806d92bb7f5f07e9ec8fdb86f49c3494815075315924340f330a683aca312d13
Additional_file_9_Screening_Code_and_Data.zip,jcm_revision/candidate_library/raw_chembl/nerandomilast_parent.json,jcm_revision/candidate_library/raw_chembl/nerandomilast_parent.json,retained_byte_identical,5163,f729d1b5989fbf1bd1f8bd1857e509723245b0edf053b9336c179a23e0248bd9
Additional_file_9_Screening_Code_and_Data.zip,jcm_revision/candidate_library/raw_chembl/nerandomilast_pubchem.json,jcm_revision/candidate_library/raw_chembl/nerandomilast_pubchem.json,retained_byte_identical,593,a1dd74fb74b112aea864beca3fe941c7bf905f5968c0cd2a8b9c757d9cad91b9
Additional_file_9_Screening_Code_and_Data.zip,jcm_revision/candidate_library/raw_chembl/nerandomilast_pubchem_166177189.json,jcm_revision/candidate_library/raw_chembl/nerandomilast_pubchem_166177189.json,retained_byte_identical,1747,78b4b9d0d31809a84c54ead393e10489de13a853c075a894daa2d3bbfe95aa60
Additional_file_9_Screening_Code_and_Data.zip,jcm_revision/candidate_library/raw_chembl/nerandomilast_target_activities.json,jcm_revision/candidate_library/raw_chembl/nerandomilast_target_activities.json,retained_byte_identical,141,b8ce522751a368a7f37d0175d69dd7a7932748c9ebe4d727d4521034d1217d45
Additional_file_9_Screening_Code_and_Data.zip,jcm_revision/candidate_library/raw_chembl/nintedanib_lookup.json,jcm_revision/candidate_library/raw_chembl/nintedanib_lookup.json,retained_byte_identical,7527,3ba8bc8007d4167396b58af26e6ee53927ee9f37919ceaa2185c4456c0ad361d
Additional_file_9_Screening_Code_and_Data.zip,jcm_revision/candidate_library/raw_chembl/nintedanib_parent.json,jcm_revision/candidate_library/raw_chembl/nintedanib_parent.json,retained_byte_identical,6868,55ab95f4f70d4edd468e2a426baeae7e64b821faf821d73d30e29c703edf5349
Additional_file_9_Screening_Code_and_Data.zip,jcm_revision/candidate_library/raw_chembl/nintedanib_pubchem.json,jcm_revision/candidate_library/raw_chembl/nintedanib_pubchem.json,retained_byte_identical,638,06ff2033fd124f528883f1c688d7df428027511df669b969cd3c36c28ffba6f2
Additional_file_9_Screening_Code_and_Data.zip,jcm_revision/candidate_library/raw_chembl/nintedanib_pubchem_inchikey.json,jcm_revision/candidate_library/raw_chembl/nintedanib_pubchem_inchikey.json,retained_byte_identical,507,57cb5a2ce46bc21aa0dc19d73bb5acd7208673c7f7e0ac35f1ccc084542f4d83
Additional_file_9_Screening_Code_and_Data.zip,jcm_revision/candidate_library/raw_chembl/nintedanib_target_activities.json,jcm_revision/candidate_library/raw_chembl/nintedanib_target_activities.json,retained_byte_identical,55704,951d9768df6d7c891a74cff705438ba31454f3c3524831f8fc8d08a47843957d
Additional_file_9_Screening_Code_and_Data.zip,jcm_revision/candidate_library/raw_chembl/pazopanib_lookup.json,jcm_revision/candidate_library/raw_chembl/pazopanib_lookup.json,retained_byte_identical,6131,e1262f76d48788aa68d16b916e98862651bef928121d79c8cea4b63712dd1f46
Additional_file_9_Screening_Code_and_Data.zip,jcm_revision/candidate_library/raw_chembl/pazopanib_parent.json,jcm_revision/candidate_library/raw_chembl/pazopanib_parent.json,retained_byte_identical,5552,5727f920f5261941761beb4ef97d287b3b67c7962f4c4f46139e7a686ed3b230
Additional_file_9_Screening_Code_and_Data.zip,jcm_revision/candidate_library/raw_chembl/pazopanib_pubchem.json,jcm_revision/candidate_library/raw_chembl/pazopanib_pubchem.json,retained_byte_identical,591,79cfcdc5476136a43d1e6cbfcd745bbeece95465ffc000aa9c0a4d05ac68e0aa
Additional_file_9_Screening_Code_and_Data.zip,jcm_revision/candidate_library/raw_chembl/pazopanib_target_activities.json,jcm_revision/candidate_library/raw_chembl/pazopanib_target_activities.json,retained_byte_identical,25611,4f971ca5e312e46ceabf1fe7c44264a9c6a84e2130c5b7458dcf099c5d82a0e1
Additional_file_9_Screening_Code_and_Data.zip,jcm_revision/candidate_library/raw_chembl/pirfenidone_lookup.json,jcm_revision/candidate_library/raw_chembl/pirfenidone_lookup.json,retained_byte_identical,6359,86b55057d2acc6f551b787c11593ceaa8e40bb6618e16bfb236b1596788d3525
Additional_file_9_Screening_Code_and_Data.zip,jcm_revision/candidate_library/raw_chembl/pirfenidone_parent.json,jcm_revision/candidate_library/raw_chembl/pirfenidone_parent.json,retained_byte_identical,5536,6a7840365337f49579a7d02c0b6fd41d22c5758fb2f21e2208b808f691af61fb
Additional_file_9_Screening_Code_and_Data.zip,jcm_revision/candidate_library/raw_chembl/pirfenidone_pubchem.json,jcm_revision/candidate_library/raw_chembl/pirfenidone_pubchem.json,retained_byte_identical,419,22a30529583424919df793d273bdd69a294ba9a3e5bf83a7596a805c0689c58d
Additional_file_9_Screening_Code_and_Data.zip,jcm_revision/candidate_library/raw_chembl/pirfenidone_target_activities.json,jcm_revision/candidate_library/raw_chembl/pirfenidone_target_activities.json,retained_byte_identical,141,b8ce522751a368a7f37d0175d69dd7a7932748c9ebe4d727d4521034d1217d45
Additional_file_9_Screening_Code_and_Data.zip,jcm_revision/candidate_library/raw_chembl/ponatinib_lookup.json,jcm_revision/candidate_library/raw_chembl/ponatinib_lookup.json,retained_byte_identical,6859,b6c99289ae9ffe03b7f5245a7e0704ddd3185fa3c82ed879bf37c8a234e22f33
Additional_file_9_Screening_Code_and_Data.zip,jcm_revision/candidate_library/raw_chembl/ponatinib_parent.json,jcm_revision/candidate_library/raw_chembl/ponatinib_parent.json,retained_byte_identical,6280,022b37f0bf240048681cbf06564d6967fd754a5fa850c66cbbcb10157a62374a
Additional_file_9_Screening_Code_and_Data.zip,jcm_revision/candidate_library/raw_chembl/ponatinib_pubchem.json,jcm_revision/candidate_library/raw_chembl/ponatinib_pubchem.json,retained_byte_identical,643,81320bfda4cf9ae9b6529fe5dc4cefa6f691d870d3ec58a26338abda666b0c3b
Additional_file_9_Screening_Code_and_Data.zip,jcm_revision/candidate_library/raw_chembl/ponatinib_target_activities.json,jcm_revision/candidate_library/raw_chembl/ponatinib_target_activities.json,retained_byte_identical,19329,581abb9d534b27f56cecb220a425f8b7ae0f8180957a232ac968f130e5425fa2
Additional_file_9_Screening_Code_and_Data.zip,jcm_revision/candidate_library/raw_chembl/regorafenib_lookup.json,jcm_revision/candidate_library/raw_chembl/regorafenib_lookup.json,retained_byte_identical,8258,d032ee0436f47cafdb007cf8efb057fa2ce01539cda7aa6b284399e5ebe56657
Additional_file_9_Screening_Code_and_Data.zip,jcm_revision/candidate_library/raw_chembl/regorafenib_parent.json,jcm_revision/candidate_library/raw_chembl/regorafenib_parent.json,retained_byte_identical,7415,deff653d07c341c482bccbca987ae2dc9402c7d7f973303d6d355455fe577cb7
Additional_file_9_Screening_Code_and_Data.zip,jcm_revision/candidate_library/raw_chembl/regorafenib_pubchem.json,jcm_revision/candidate_library/raw_chembl/regorafenib_pubchem.json,retained_byte_identical,599,27a84171534a79433b155560bac191ff9036d6e9d6255db4aef6b2a60454f614
Additional_file_9_Screening_Code_and_Data.zip,jcm_revision/candidate_library/raw_chembl/regorafenib_target_activities.json,jcm_revision/candidate_library/raw_chembl/regorafenib_target_activities.json,retained_byte_identical,26123,b802b0a99b4b2bb7f2a4809a24275b978ade066de7fbd3b649287736cdf1186e
Additional_file_9_Screening_Code_and_Data.zip,jcm_revision/candidate_library/raw_chembl/ripretinib_lookup.json,jcm_revision/candidate_library/raw_chembl/ripretinib_lookup.json,retained_byte_identical,6602,5bd6ffcb6c3f74efea26468d9ca1d4d7a17b72bac79c16079342975000ae3a8f
Additional_file_9_Screening_Code_and_Data.zip,jcm_revision/candidate_library/raw_chembl/ripretinib_parent.json,jcm_revision/candidate_library/raw_chembl/ripretinib_parent.json,retained_byte_identical,5979,53ed2d6e5802e7ff29851df18084725e7de1168a6b204a0ee1533e8fe8f0dc37
Additional_file_9_Screening_Code_and_Data.zip,jcm_revision/candidate_library/raw_chembl/ripretinib_pubchem.json,jcm_revision/candidate_library/raw_chembl/ripretinib_pubchem.json,retained_byte_identical,596,4431b8e6d9bbe94c6bfecef3d8e3ce6f213437719dd410f4a7af0fb7d5b30637
Additional_file_9_Screening_Code_and_Data.zip,jcm_revision/candidate_library/raw_chembl/ripretinib_target_activities.json,jcm_revision/candidate_library/raw_chembl/ripretinib_target_activities.json,retained_byte_identical,12306,f9eae6138b848c73dc95a658812275ebb24af185d14885c54968b78ef057541c
Additional_file_9_Screening_Code_and_Data.zip,jcm_revision/candidate_library/raw_chembl/sorafenib_lookup.json,jcm_revision/candidate_library/raw_chembl/sorafenib_lookup.json,retained_byte_identical,6100,bb995d7e1f7e0f6bceab349f50a3eecb4fbcfa10578d0821b28b86e917b55127
Additional_file_9_Screening_Code_and_Data.zip,jcm_revision/candidate_library/raw_chembl/sorafenib_parent.json,jcm_revision/candidate_library/raw_chembl/sorafenib_parent.json,retained_byte_identical,5541,25060b059d5dd286523349727aef10128c40085833189f852e217654ea62276a
Additional_file_9_Screening_Code_and_Data.zip,jcm_revision/candidate_library/raw_chembl/sorafenib_pubchem.json,jcm_revision/candidate_library/raw_chembl/sorafenib_pubchem.json,retained_byte_identical,588,b35ce4e2cdf1fadaea90c1d8c5e6259ad755079f02c5fd7e041789e42deb74fa
Additional_file_9_Screening_Code_and_Data.zip,jcm_revision/candidate_library/raw_chembl/sorafenib_target_activities.json,jcm_revision/candidate_library/raw_chembl/sorafenib_target_activities.json,retained_byte_identical,59101,6d95ae65268351dca26a51225a1396ea688f0c6e3714864ce8c9497d64c48f40
Additional_file_9_Screening_Code_and_Data.zip,jcm_revision/candidate_library/raw_chembl/sunitinib_lookup.json,jcm_revision/candidate_library/raw_chembl/sunitinib_lookup.json,retained_byte_identical,6514,1046e198a7f4a370082987cfc34a55d3645745df9a1a7f7a7cb32e7b11b582cf
Additional_file_9_Screening_Code_and_Data.zip,jcm_revision/candidate_library/raw_chembl/sunitinib_parent.json,jcm_revision/candidate_library/raw_chembl/sunitinib_parent.json,retained_byte_identical,5851,6440c5c980ad478bca606a33c5823327a52d8cc65ae29d21fae56a3d2d88625f
Additional_file_9_Screening_Code_and_Data.zip,jcm_revision/candidate_library/raw_chembl/sunitinib_pubchem.json,jcm_revision/candidate_library/raw_chembl/sunitinib_pubchem.json,retained_byte_identical,581,117041c07747f761561feb25280941141861fe06c6e74fdff55fb2a8374fab91
Additional_file_9_Screening_Code_and_Data.zip,jcm_revision/candidate_library/raw_chembl/sunitinib_target_activities.json,jcm_revision/candidate_library/raw_chembl/sunitinib_target_activities.json,retained_byte_identical,54170,ede12bf4f7084d9986a899bfaab95c393605d704917b679b3cde43defbb8ab59
Additional_file_9_Screening_Code_and_Data.zip,jcm_revision/candidate_library/raw_chembl/tivozanib_lookup.json,jcm_revision/candidate_library/raw_chembl/tivozanib_lookup.json,retained_byte_identical,8325,b27e55a8e0e797b8b5ad9a2cf317c2a74845593d32da705a7bc2029e46919086
Additional_file_9_Screening_Code_and_Data.zip,jcm_revision/candidate_library/raw_chembl/tivozanib_parent.json,jcm_revision/candidate_library/raw_chembl/tivozanib_parent.json,retained_byte_identical,7446,6b1e5d1eea71115748a86e323cc3e02ad278c10ffd767fe79e7dfdd634cf3914
Additional_file_9_Screening_Code_and_Data.zip,jcm_revision/candidate_library/raw_chembl/tivozanib_pubchem.json,jcm_revision/candidate_library/raw_chembl/tivozanib_pubchem.json,retained_byte_identical,580,a928dd01011ad1ae9236e9d4649647246bf1b0eac32f63282701e46128d69e8c
Additional_file_9_Screening_Code_and_Data.zip,jcm_revision/candidate_library/raw_chembl/tivozanib_target_activities.json,jcm_revision/candidate_library/raw_chembl/tivozanib_target_activities.json,retained_byte_identical,19765,e61094a4ee93b95352425198a38348fb2e8e8dc10dc39e0575013d20b0cc2388
Additional_file_9_Screening_Code_and_Data.zip,jcm_revision/candidate_library/retrieve_evidence.py,jcm_revision/candidate_library/retrieve_evidence.py,retained_byte_identical,1449,e0b6268b2d442a2e9be23557e7ca75a2a02c70b00ca135b6740bbeeb1e09f024
Additional_file_9_Screening_Code_and_Data.zip,jcm_revision/candidate_library/retrieve_followup.py,jcm_revision/candidate_library/retrieve_followup.py,retained_byte_identical,1193,ac10768c26550f03fc0089ef584e7157c5cdca9b2c96e6d80f6b0faa5984a312
Additional_file_9_Screening_Code_and_Data.zip,jcm_revision/candidate_library/retrieve_library.py,jcm_revision/candidate_library/retrieve_library.py,retained_byte_identical,3129,fa387da0053020593963a4742f033ea60a9b91c83202f702533fe9811a0a1baf
Additional_file_9_Screening_Code_and_Data.zip,jcm_revision/docking/21EI.pdb,jcm_revision/docking/21EI.pdb,retained_byte_identical,1130436,223789a6d8e66491f248ae44a12cb4497cd2b3aa92be806714c5297abb5166a1
Additional_file_9_Screening_Code_and_Data.zip,jcm_revision/docking/21EI_entry.json,jcm_revision/docking/21EI_entry.json,retained_byte_identical,12674,d833513a05a0f25cd57e9bb505ab99ca29354511b0325407f2f0dd59f99749c2
Additional_file_9_Screening_Code_and_Data.zip,jcm_revision/docking/21EI_polymer_entity.json,jcm_revision/docking/21EI_polymer_entity.json,retained_byte_identical,130654,3378425abeb8db5558f31eb4d999b693966ac754de9b0e2d983ebbcf4203a3e0
Additional_file_9_Screening_Code_and_Data.zip,jcm_revision/docking/21ES.pdb,jcm_revision/docking/21ES.pdb,retained_byte_identical,1455651,575cc08d3900f8ed88a6f54a992cc1198297d95adc885f6795db7de0a4576710
Additional_file_9_Screening_Code_and_Data.zip,jcm_revision/docking/21ES_entry.json,jcm_revision/docking/21ES_entry.json,retained_byte_identical,12555,71f958c0558f47609ae226fd7693284b9367220a6c8aa5f46c2495ad9e79771a
Additional_file_9_Screening_Code_and_Data.zip,jcm_revision/docking/21ES_polymer_entity.json,jcm_revision/docking/21ES_polymer_entity.json,retained_byte_identical,129825,9582937d82878ab4292f86d51bc35af0c053ed2466d9b56581903e9f7c8f54cf
Additional_file_9_Screening_Code_and_Data.zip,jcm_revision/docking/3C7Q.pdb,jcm_revision/docking/3C7Q.pdb,retained_byte_identical,276615,1601ec243a33941b2949348df5100a6efca63ed712b97fc65983bb4a17a9647b
Additional_file_9_Screening_Code_and_Data.zip,jcm_revision/docking/3C7Q_Hilberg_citation_crossref.json,jcm_revision/docking/3C7Q_Hilberg_citation_crossref.json,retained_byte_identical,25992,472e12093dc785d5a9b23bdcd29fd3bad42ef9ff3c7b11ce9134606121d141f2
Additional_file_9_Screening_Code_and_Data.zip,jcm_revision/docking/3C7Q_XIN_reference.pdb,jcm_revision/docking/3C7Q_XIN_reference.pdb,retained_byte_identical,3244,9fb8932443f872cfddc944411d47d7c27ffe07e9cd8f168e558d11e643b82664
Additional_file_9_Screening_Code_and_Data.zip,jcm_revision/docking/3C7Q_XIN_reference.sdf,jcm_revision/docking/3C7Q_XIN_reference.sdf,retained_byte_identical,3449,de0f9ff6785fdb58948ffd46db7d5414992fc125950bb172f6d90258ad6905e5
Additional_file_9_Screening_Code_and_Data.zip,jcm_revision/docking/3C7Q_entry.json,jcm_revision/docking/3C7Q_entry.json,retained_byte_identical,27826,82f1a1a6cd0fce89ec855b504692a5d8224b7ff4f5187da9b63b4c32d8213c77
Additional_file_9_Screening_Code_and_Data.zip,jcm_revision/docking/3C7Q_polymer_entity.json,jcm_revision/docking/3C7Q_polymer_entity.json,retained_byte_identical,168001,c0a357afb16d7f4cf86d882ade6144201861afa971dbff13d7f6ffb4eadc7dc6
Additional_file_9_Screening_Code_and_Data.zip,jcm_revision/docking/5GRN.pdb,jcm_revision/docking/5GRN.pdb,retained_byte_identical,259929,3e6522e9e50cb48959dc3971e9e104a358e943a542b9edb44fd11d438708cb5e
Additional_file_9_Screening_Code_and_Data.zip,jcm_revision/docking/5GRN_entity1.json,jcm_revision/docking/5GRN_entity1.json,retained_byte_identical,199749,67cc6e82d4ca5978501247e416fbb071d80e8a1c327a313adfb64a5d1171aeb0
Additional_file_9_Screening_Code_and_Data.zip,jcm_revision/docking/5GRN_entry.json,jcm_revision/docking/5GRN_entry.json,retained_byte_identical,13182,4b8d04b2ee840637e6d0f60bb193f865b4af033ca176a579b575662c90cea1d9
Additional_file_9_Screening_Code_and_Data.zip,jcm_revision/docking/5K5X.pdb,jcm_revision/docking/5K5X.pdb,retained_byte_identical,270459,f695d329574b936eb35615eaf264727998bec5266b47422d4d9866be189567ba
Additional_file_9_Screening_Code_and_Data.zip,jcm_revision/docking/5K5X_entity1.json,jcm_revision/docking/5K5X_entity1.json,retained_byte_identical,199608,dff955fec968b19c807311ed9327e02812e8b533e210498f7c83e583dd27bc40
Additional_file_9_Screening_Code_and_Data.zip,jcm_revision/docking/5K5X_entry.json,jcm_revision/docking/5K5X_entry.json,retained_byte_identical,15115,657640c5ae9c6c1d036998b8f22ceb9d77f109c0b288a8877b2654dce94b529a
Additional_file_9_Screening_Code_and_Data.zip,jcm_revision/docking/6JOL.pdb,jcm_revision/docking/6JOL.pdb,retained_byte_identical,225990,dabb04e6e62a5a0caad995ad18c60e0997ed6d9d5e9888ad864af9e86dbcbb89
Additional_file_9_Screening_Code_and_Data.zip,jcm_revision/docking/6JOL_STI_reference.pdb,jcm_revision/docking/6JOL_STI_reference.pdb,retained_byte_identical,3001,9a2dfdab3e6850ad5bf13e046087af351377a970039437e77f8f55b56d1434d8
Additional_file_9_Screening_Code_and_Data.zip,jcm_revision/docking/6JOL_STI_reference.sdf,jcm_revision/docking/6JOL_STI_reference.sdf,retained_byte_identical,3200,f4f33684ee3b0d3f8a6db7efeacbb8fa65f140727b4dcce12961d3dbd967d0b5
Additional_file_9_Screening_Code_and_Data.zip,jcm_revision/docking/6JOL_entity1.json,jcm_revision/docking/6JOL_entity1.json,retained_byte_identical,199592,2766338e1eb7e0bfeb31929af6bb753677fa195b9cb45f3b23d77437539bdd3c
Additional_file_9_Screening_Code_and_Data.zip,jcm_revision/docking/6JOL_entry.json,jcm_revision/docking/6JOL_entry.json,retained_byte_identical,13446,2eddbb322e71b3fadef6ee77f076c8c982e6672f5e94267c65aa54e3a6c9e0dc
Additional_file_9_Screening_Code_and_Data.zip,jcm_revision/docking/8PQJ.pdb,jcm_revision/docking/8PQJ.pdb,retained_byte_identical,482598,9e6e2d29ae20c8adba96757c6883562a6324e8b3eadd791efbaa3ab879832e8d
Additional_file_9_Screening_Code_and_Data.zip,jcm_revision/docking/8PQJ_Teuber_citation_crossref.json,jcm_revision/docking/8PQJ_Teuber_citation_crossref.json,retained_byte_identical,23099,e5c80eb6e1ef43c36b8042f83f43f67df898899d722b72669379b8b1a7956061
Additional_file_9_Screening_Code_and_Data.zip,jcm_revision/docking/8PQJ_entity1.json,jcm_revision/docking/8PQJ_entity1.json,retained_byte_identical,198963,697eee8d6f99554dd4715a062c7533f74413528168efdf852acd1e51505e283c
Additional_file_9_Screening_Code_and_Data.zip,jcm_revision/docking/8PQJ_entry.json,jcm_revision/docking/8PQJ_entry.json,retained_byte_identical,17080,709df7c65a60d3c761c6a377310f882ee21f1bc8c0abbd05227eab41d4cb7a05
Additional_file_9_Screening_Code_and_Data.zip,jcm_revision/docking/8PQJ_fixed_heavy.pdb,jcm_revision/docking/8PQJ_fixed_heavy.pdb,retained_byte_identical,213999,07cfb07992f75d2f809ec4f760fd3d366fb1e598563658c006dd23958df16f2a
Additional_file_9_Screening_Code_and_Data.zip,jcm_revision/docking/8PQJ_heavy_atom_repair_QC.json,jcm_revision/docking/8PQJ_heavy_atom_repair_QC.json,retained_byte_identical,1494,2980bc5ea3a205d5e32c15e99a3628741929ee55d2c594c01c70e9821a43adb8
Additional_file_9_Screening_Code_and_Data.zip,jcm_revision/docking/8PQJ_rebuilt_sidechain_clash_repair.json,jcm_revision/docking/8PQJ_rebuilt_sidechain_clash_repair.json,retained_byte_identical,1298,d6ce625559a77ec0e95d7ecdf831ac2fd5bb952855320376eaee3933abcb495f
Additional_file_9_Screening_Code_and_Data.zip,jcm_revision/docking/8PQJ_sensitivity_execution_status.json,jcm_revision/docking/8PQJ_sensitivity_execution_status.json,retained_byte_identical,149,56476733716e4a5ff8d5da157502ab7a458032d1938abb21846314dbe2ee7d4a
Additional_file_9_Screening_Code_and_Data.zip,jcm_revision/docking/8PQJ_transferred_STI_box_reference.sdf,jcm_revision/docking/8PQJ_transferred_STI_box_reference.sdf,retained_byte_identical,3200,a59515fb61022078b0a4bf71ef4c086f5cba803ea0dd5f8b073dcb46322b9199
Additional_file_9_Screening_Code_and_Data.zip,jcm_revision/docking/8PQK_entry.json,jcm_revision/docking/8PQK_entry.json,retained_byte_identical,17102,caa2af99d05e5252b9904a7c754a47b281a1d4aeeb3f2e9ed9c5505d3fd0591c
Additional_file_9_Screening_Code_and_Data.zip,jcm_revision/docking/Docking_All_Completed_Runs.csv,jcm_revision/docking/Docking_All_Completed_Runs.csv,retained_byte_identical,17753,ea9c11a1d9c959dcc6457af8be281674572548fcc9a5f420d1b7cafd80d87ad2
Additional_file_9_Screening_Code_and_Data.zip,jcm_revision/docking/Docking_Environment_and_WT_QC.json,jcm_revision/docking/Docking_Environment_and_WT_QC.json,retained_byte_identical,736,495301327627c748c17b19b150b83d1bd092f874a3220c55b3847ec0716c4110
Additional_file_9_Screening_Code_and_Data.zip,jcm_revision/docking/Docking_Execution_Summary.md,jcm_revision/docking/Docking_Execution_Summary.md,retained_byte_identical,6821,0af0dab00811f49558dfb39e69dfd4e70fb553cec5007d0502a37c585f9d9325
Additional_file_9_Screening_Code_and_Data.zip,jcm_revision/docking/Docking_Methods_and_Limits.md,jcm_revision/docking/Docking_Methods_and_Limits.md,retained_byte_identical,11308,d3b054b9921d8d9ad7cea3ecbaea8327dfb3108dbdb26f28902df68181ec6266
Additional_file_9_Screening_Code_and_Data.zip,jcm_revision/docking/Docking_SHA256SUMS.txt,jcm_revision/docking/Docking_SHA256SUMS.txt,retained_byte_identical,82979,0db085a5a8c7c3817a74bafc583570d7f1a838e325711d1bdf3068a6ecd9dbe7
Additional_file_9_Screening_Code_and_Data.zip,jcm_revision/docking/Docking_Summary.csv,jcm_revision/docking/Docking_Summary.csv,retained_byte_identical,6170,51357512fc4c482907eebfc620afe43dc3c47becdad5c98455de868c79249969
Additional_file_9_Screening_Code_and_Data.zip,jcm_revision/docking/FLT4_AF_receptor.pdb,jcm_revision/docking/FLT4_AF_receptor.pdb,retained_byte_identical,209146,4cfaeec72ac5a90e205e864dc43038d4ad71598f7f112b82d817674ebebeb871
Additional_file_9_Screening_Code_and_Data.zip,jcm_revision/docking/FLT4_AF_receptor.pdbqt,jcm_revision/docking/FLT4_AF_receptor.pdbqt,retained_byte_identical,254560,7ec18bf969a7dd8b83f8989dff7ee969f5b473be249cd6a69c046eec69d32214
Additional_file_9_Screening_Code_and_Data.zip,jcm_revision/docking/FLT4_RCSB_search.json,jcm_revision/docking/FLT4_RCSB_search.json,retained_byte_identical,381,1029f28c5a5eb2c55f4cdf9b7d7b37a7c55ffd46e658029949f496f06619f89c
Additional_file_9_Screening_Code_and_Data.zip,jcm_revision/docking/FLT4_nintedanib_best_docked_complex.pdb,jcm_revision/docking/FLT4_nintedanib_best_docked_complex.pdb,retained_byte_identical,212390,af753d9647bd1b2c59ba5ad3d990ca7ac208f489523d11caad8c9bfe13988656
Additional_file_9_Screening_Code_and_Data.zip,jcm_revision/docking/FLT4_to_VEGFR2_alignment.txt,jcm_revision/docking/FLT4_to_VEGFR2_alignment.txt,retained_byte_identical,1448,2ab6eea32065804d76543404b7335a72950d26ca1158effa4b8701c1f85afecc
Additional_file_9_Screening_Code_and_Data.zip,jcm_revision/docking/FLT4_transferred_XIN_box_reference.sdf,jcm_revision/docking/FLT4_transferred_XIN_box_reference.sdf,retained_byte_identical,3449,b89afdf154827dfe68e17f7ce42e8486798a073f4af4ebc7b5041adb11e839cc
Additional_file_9_Screening_Code_and_Data.zip,jcm_revision/docking/Final_Docking_Execution_QC.json,jcm_revision/docking/Final_Docking_Execution_QC.json,retained_byte_identical,705,52f251ac50de798430dcb94abc6d986ed8b80c42344a72b3afae381710982696
Additional_file_9_Screening_Code_and_Data.zip,jcm_revision/docking/Final_Docking_Run_Inventory.csv,jcm_revision/docking/Final_Docking_Run_Inventory.csv,retained_byte_identical,7327,538012a76b1ebe1c912b597f786217b1fa478eb4c2d82689d309508794fcbd72
Additional_file_9_Screening_Code_and_Data.zip,jcm_revision/docking/Final_Primary_Docking_QC.json,jcm_revision/docking/Final_Primary_Docking_QC.json,retained_byte_identical,441,073f92e271aeffb910d94a7b2990e8e2fc0abe6f1b3b97ec97090700199b9a97
Additional_file_9_Screening_Code_and_Data.zip,jcm_revision/docking/Library_Imatinib_Control_Check.json,jcm_revision/docking/Library_Imatinib_Control_Check.json,retained_byte_identical,86,c3dbebd2756ebe1b56b214646fcbe9f1a3a9052b9fc2d86d761830698ed61a50
Additional_file_9_Screening_Code_and_Data.zip,jcm_revision/docking/Library_Imatinib_Three_Search_Control_QC.json,jcm_revision/docking/Library_Imatinib_Three_Search_Control_QC.json,retained_byte_identical,239,1e4d6b3698b9b08889c6d771ae77632b1a895ecfb2a0a05fe09888f30e3afe52
Additional_file_9_Screening_Code_and_Data.zip,jcm_revision/docking/Nintedanib_Docking_Contacts.csv,jcm_revision/docking/Nintedanib_Docking_Contacts.csv,retained_byte_identical,8778,a21ebd4c729bde40ad5a46f837561bae8df87936c05587d9fadfea223709a3d9
Additional_file_9_Screening_Code_and_Data.zip,jcm_revision/docking/Nintedanib_Pose_QC_All_Searches.csv,jcm_revision/docking/Nintedanib_Pose_QC_All_Searches.csv,retained_byte_identical,5274,5ae265303fc88fb566c4af3a0524a6ed61abe25819e8a1d08a5bf322af2b7b03
Additional_file_9_Screening_Code_and_Data.zip,jcm_revision/docking/PDGFRA_6JOL_receptor.pdb,jcm_revision/docking/PDGFRA_6JOL_receptor.pdb,retained_byte_identical,178852,6495c51c05225943bda5feb7ebae119f86a2d2cb2d8f619ff3350099e9a94d6d
Additional_file_9_Screening_Code_and_Data.zip,jcm_revision/docking/PDGFRA_6JOL_receptor.pdbqt,jcm_revision/docking/PDGFRA_6JOL_receptor.pdbqt,retained_byte_identical,215040,b137a5329d86095b5c615571726d30d711b4ef238bfd9712ff383e33ac5dcd38
Additional_file_9_Screening_Code_and_Data.zip,jcm_revision/docking/PDGFRA_8PQJ_Sensitivity_Prespecified_Plan.md,jcm_revision/docking/PDGFRA_8PQJ_Sensitivity_Prespecified_Plan.md,retained_byte_identical,3997,26f509525b3c8bd8810ded645df9ee147b1175021bdfaf94e1ab4dbbd3f4122d
Additional_file_9_Screening_Code_and_Data.zip,jcm_revision/docking/PDGFRA_8PQJ_Sensitivity_Summary.json,jcm_revision/docking/PDGFRA_8PQJ_Sensitivity_Summary.json,retained_byte_identical,457,064febc6d7ebb85ccd125bee3e79a8068a54226824d8826520fba5fcf3e06628
Additional_file_9_Screening_Code_and_Data.zip,jcm_revision/docking/PDGFRA_8PQJ_nintedanib_best_docked_complex.pdb,jcm_revision/docking/PDGFRA_8PQJ_nintedanib_best_docked_complex.pdb,retained_byte_identical,217169,da6cfe9065e931aab9c732e4e531850b4f8c9d4c3f54a42c3e24dbcf2d2a3755
Additional_file_9_Screening_Code_and_Data.zip,jcm_revision/docking/PDGFRA_8PQJ_preparation_QC.json,jcm_revision/docking/PDGFRA_8PQJ_preparation_QC.json,retained_byte_identical,3551,e8cdb8f346f909d859c4c070ce1752c45143e88f0366116b6df32e4273677a9d
Additional_file_9_Screening_Code_and_Data.zip,jcm_revision/docking/PDGFRA_8PQJ_receptor.pdb,jcm_revision/docking/PDGFRA_8PQJ_receptor.pdb,retained_byte_identical,213925,d415475ffbd70b3e62eee50186d602b58dc7907a2a2a541be99d46a1b7167898
Additional_file_9_Screening_Code_and_Data.zip,jcm_revision/docking/PDGFRA_8PQJ_receptor.pdbqt,jcm_revision/docking/PDGFRA_8PQJ_receptor.pdbqt,retained_byte_identical,257200,f4f3d112017395238020d0b78614e73280cba535d500e37c1276930290083a9f
Additional_file_9_Screening_Code_and_Data.zip,jcm_revision/docking/PDGFRA_Nintedanib_Receptor_Sensitivity.csv,jcm_revision/docking/PDGFRA_Nintedanib_Receptor_Sensitivity.csv,retained_byte_identical,735,cf3ffc9a449071783b9a3f89705a401ac51badb776ed225d5a4a8a7b93823f2a
Additional_file_9_Screening_Code_and_Data.zip,jcm_revision/docking/PDGFRA_Nintedanib_Sensitivity_All_Poses.csv,jcm_revision/docking/PDGFRA_Nintedanib_Sensitivity_All_Poses.csv,retained_byte_identical,5330,da671eb84f2a3c607873e17d58cf7802dc11395a2971f614a0a4c01d67d01588
Additional_file_9_Screening_Code_and_Data.zip,jcm_revision/docking/PDGFRA_nintedanib_best_docked_complex.pdb,jcm_revision/docking/PDGFRA_nintedanib_best_docked_complex.pdb,retained_byte_identical,182096,00f51dca46677b0eccf7b581d1c15cd86eeb47aed37132a25d485468a92aebe3
Additional_file_9_Screening_Code_and_Data.zip,jcm_revision/docking/PDGFRA_nintedanib_pose_hinge_QC.json,jcm_revision/docking/PDGFRA_nintedanib_pose_hinge_QC.json,retained_byte_identical,3985,2b8d84ad5e6dd7bbaa25a3f86b6cd55b44febdb959850775027b5408a764c120
Additional_file_9_Screening_Code_and_Data.zip,jcm_revision/docking/PDGFRA_related_structure_audit.json,jcm_revision/docking/PDGFRA_related_structure_audit.json,retained_byte_identical,231166,09033693c474cb93dfbc47f68d8cc03733b21769c72e55154cc4659a39653f9c
Additional_file_9_Screening_Code_and_Data.zip,jcm_revision/docking/RDKit_2026_03_6_README.md,jcm_revision/docking/RDKit_2026_03_6_README.md,retained_byte_identical,3801,e3f46ec360f5aa3b8000ea36ea84bfc94511d60bcdb508fb3c19cc47a16dd1cd
Additional_file_9_Screening_Code_and_Data.zip,jcm_revision/docking/RDKit_concept_citation_datacite.json,jcm_revision/docking/RDKit_concept_citation_datacite.json,retained_byte_identical,125495,91e1feb3754b1d06fad8c8b93c3118766a06961170d190e3f3115844dd037a43
Additional_file_9_Screening_Code_and_Data.zip,jcm_revision/docking/RDKit_exact_version_search.json,jcm_revision/docking/RDKit_exact_version_search.json,retained_byte_identical,13410,096e753dbc4cfdc27d0a4eda27c14ffd097a756b1b6608a0218e5c807fbfeaf0
Additional_file_9_Screening_Code_and_Data.zip,jcm_revision/docking/RDKit_version_zenodo_search.json,jcm_revision/docking/RDKit_version_zenodo_search.json,retained_byte_identical,632,1ba425f77cc5e3a010eaea4b000588c3e30d3206d8d2f7bf21d0191b2c6dceda
Additional_file_9_Screening_Code_and_Data.zip,jcm_revision/docking/STI_chemcomp.json,jcm_revision/docking/STI_chemcomp.json,retained_byte_identical,20969,366e462f218711a7b27061862dbb7d2bbd90c3e50fbae9685a99a1842041b640
Additional_file_9_Screening_Code_and_Data.zip,jcm_revision/docking/Verified_Docking_References.md,jcm_revision/docking/Verified_Docking_References.md,retained_byte_identical,4908,cc5c217bc5a89c630c54530ebb5ff6965e7bb1d8d202d5afcf09484c4afe85a6
Additional_file_9_Screening_Code_and_Data.zip,jcm_revision/docking/XIN_chemcomp.json,jcm_revision/docking/XIN_chemcomp.json,retained_byte_identical,14341,0eda5f633b1d046fee4095f0af71e524a3b439f4581036dbc54ec3d1c3ceb7fb
Additional_file_9_Screening_Code_and_Data.zip,jcm_revision/docking/alphafolddb_citation_crossref.json,jcm_revision/docking/alphafolddb_citation_crossref.json,retained_byte_identical,27089,b86c0b41350dea93840104934c2eac98b3193cc172798cfd3b98f3b420785bee
Additional_file_9_Screening_Code_and_Data.zip,jcm_revision/docking/campaign_config.json,jcm_revision/docking/campaign_config.json,retained_byte_identical,331,ad5174e7852bb2ab6d420cf2ce8597a830a7f6c78e639fe9abc274a1d827a2a1
Additional_file_9_Screening_Code_and_Data.zip,jcm_revision/docking/campaign_progress.json,jcm_revision/docking/campaign_progress.json,retained_byte_identical,15223,989151f6a24b9c8296057c3d68ccf8ad75cd8e6b4de23567fef29a566653d07a
Additional_file_9_Screening_Code_and_Data.zip,jcm_revision/docking/finalize_docking_audit.py,jcm_revision/docking/finalize_docking_audit.py,retained_byte_identical,2992,0aea76f899edc60f9f8b432aad42b688404ac82d2d2b5cc97103daf36c21418b
Additional_file_9_Screening_Code_and_Data.zip,jcm_revision/docking/logs/FLT4_MAZ51_104729.log,jcm_revision/docking/logs/FLT4_MAZ51_104729.log,retained_byte_identical,1754,3d27528098bcedc0f464dc2afab8cc8f440be5f885cd21a7772643b324739777
Additional_file_9_Screening_Code_and_Data.zip,jcm_revision/docking/logs/FLT4_MAZ51_130363.log,jcm_revision/docking/logs/FLT4_MAZ51_130363.log,retained_byte_identical,1768,4cf5441f2aac8dd87facf7c7d5c13f5305d3d3a3ce0e0221ff099a20e16b240d
Additional_file_9_Screening_Code_and_Data.zip,jcm_revision/docking/logs/FLT4_MAZ51_155921.log,jcm_revision/docking/logs/FLT4_MAZ51_155921.log,retained_byte_identical,1769,8b0930006f590b6694b839aaa3d36a6c5343aea1b6d993389f758569fb2fe68f
Additional_file_9_Screening_Code_and_Data.zip,jcm_revision/docking/logs/FLT4_avapritinib_104729.log,jcm_revision/docking/logs/FLT4_avapritinib_104729.log,retained_byte_identical,24,da3f1293381f2635559d8b270b97816766fb92e8d471d9e88148009f82a47892
Additional_file_9_Screening_Code_and_Data.zip,jcm_revision/docking/logs/FLT4_avapritinib_130363.log,jcm_revision/docking/logs/FLT4_avapritinib_130363.log,retained_byte_identical,1777,450b05b8294c38a86ae775029545c381468ce6461bb196de367a798dba584c7f
Additional_file_9_Screening_Code_and_Data.zip,jcm_revision/docking/logs/FLT4_avapritinib_155921.log,jcm_revision/docking/logs/FLT4_avapritinib_155921.log,retained_byte_identical,24,da3f1293381f2635559d8b270b97816766fb92e8d471d9e88148009f82a47892
Additional_file_9_Screening_Code_and_Data.zip,jcm_revision/docking/logs/FLT4_axitinib_104729.log,jcm_revision/docking/logs/FLT4_axitinib_104729.log,retained_byte_identical,1790,72b0bb187d62a4848612c4a621996261836832fb59469757c7eb8fc71e6be870
Additional_file_9_Screening_Code_and_Data.zip,jcm_revision/docking/logs/FLT4_axitinib_130363.log,jcm_revision/docking/logs/FLT4_axitinib_130363.log,retained_byte_identical,1795,72e66774c7e5107fb4cafcef85ccc2eabe89f9ab53fffb11e536d54057516b20
Additional_file_9_Screening_Code_and_Data.zip,jcm_revision/docking/logs/FLT4_axitinib_155921.log,jcm_revision/docking/logs/FLT4_axitinib_155921.log,retained_byte_identical,1795,77fd1ff2ec86b569878b16c5397240647b8e16b5d7750f5fb65d4fe7ed1e8bcd
Additional_file_9_Screening_Code_and_Data.zip,jcm_revision/docking/logs/FLT4_crenolanib_104729.log,jcm_revision/docking/logs/FLT4_crenolanib_104729.log,retained_byte_identical,1730,40939ada6c53bdbf5ca23cdf82154dfb1370b869313a493283d9312e4cd1eff5
Additional_file_9_Screening_Code_and_Data.zip,jcm_revision/docking/logs/FLT4_crenolanib_130363.log,jcm_revision/docking/logs/FLT4_crenolanib_130363.log,retained_byte_identical,1804,0e64bedfc7c5464a1dc777d3f982a0fd64b53f5a7ce640634789d60a6f34dc1e
Additional_file_9_Screening_Code_and_Data.zip,jcm_revision/docking/logs/FLT4_crenolanib_155921.log,jcm_revision/docking/logs/FLT4_crenolanib_155921.log,retained_byte_identical,1808,930c931c178224c81460d84941614617a6bfca946f9b5c87dbd3e9496d79df2b
Additional_file_9_Screening_Code_and_Data.zip,jcm_revision/docking/logs/FLT4_imatinib_104729.log,jcm_revision/docking/logs/FLT4_imatinib_104729.log,retained_byte_identical,1803,01cc8c89790986c58f2c1237affd9d60c4effe477561519f21189595d32248e5
Additional_file_9_Screening_Code_and_Data.zip,jcm_revision/docking/logs/FLT4_imatinib_130363.log,jcm_revision/docking/logs/FLT4_imatinib_130363.log,retained_byte_identical,1808,4ef3e0ba50fcc3d3d1fef2ae531401aee76f0391bff3de2aca2b22a95969c9bd
Additional_file_9_Screening_Code_and_Data.zip,jcm_revision/docking/logs/FLT4_imatinib_155921.log,jcm_revision/docking/logs/FLT4_imatinib_155921.log,retained_byte_identical,1805,d951c2e159996eecd43d7ec3b44ef1927f8244fe24afb2f01044a174d5009fab
Additional_file_9_Screening_Code_and_Data.zip,jcm_revision/docking/logs/FLT4_lenvatinib_104729.log,jcm_revision/docking/logs/FLT4_lenvatinib_104729.log,retained_byte_identical,1791,214893daf510ea2e6b053c62deccc113af5c342c40198f7dcd6c770425a20cbe
Additional_file_9_Screening_Code_and_Data.zip,jcm_revision/docking/logs/FLT4_lenvatinib_130363.log,jcm_revision/docking/logs/FLT4_lenvatinib_130363.log,retained_byte_identical,1800,779334f7e929f017907d4fc34eb0ca830beafcb67a630e7803f6fc01a4d889a5
Additional_file_9_Screening_Code_and_Data.zip,jcm_revision/docking/logs/FLT4_lenvatinib_155921.log,jcm_revision/docking/logs/FLT4_lenvatinib_155921.log,retained_byte_identical,1795,713ac6475a5a7a2ae989f6cad8c6e3d661a0ec5c0fcfd3bca9e5fa895a0a5218
Additional_file_9_Screening_Code_and_Data.zip,jcm_revision/docking/logs/FLT4_nerandomilast_104729.log,jcm_revision/docking/logs/FLT4_nerandomilast_104729.log,retained_byte_identical,1805,5ce82b15c14a2640501dc97b9a88eecc1c3e870943575d1e0ad72c2790eee54f
Additional_file_9_Screening_Code_and_Data.zip,jcm_revision/docking/logs/FLT4_nerandomilast_130363.log,jcm_revision/docking/logs/FLT4_nerandomilast_130363.log,retained_byte_identical,1809,86f5f0ab832c8a3e90a4d6366a14f0b2cd0ef170cb8a6fb2ce443e600955b22a
Additional_file_9_Screening_Code_and_Data.zip,jcm_revision/docking/logs/FLT4_nerandomilast_155921.log,jcm_revision/docking/logs/FLT4_nerandomilast_155921.log,retained_byte_identical,1805,3e2c14e4cef589dbbf0f0e039e1208643bad5bd9a41cd18ab1c39ba60fb3abe6
Additional_file_9_Screening_Code_and_Data.zip,jcm_revision/docking/logs/FLT4_nintedanib_104729.log,jcm_revision/docking/logs/FLT4_nintedanib_104729.log,retained_byte_identical,1827,280ab0751936612f8773e5f8a40d636081f709f7d8337a70b42e8af218cd6bd0
Additional_file_9_Screening_Code_and_Data.zip,jcm_revision/docking/logs/FLT4_nintedanib_130363.log,jcm_revision/docking/logs/FLT4_nintedanib_130363.log,retained_byte_identical,1785,b1fe5d4f2d2d2ceb51c891994938197a6b4c5446fc6b72fa7699310208d4bc5a
Additional_file_9_Screening_Code_and_Data.zip,jcm_revision/docking/logs/FLT4_nintedanib_155921.log,jcm_revision/docking/logs/FLT4_nintedanib_155921.log,retained_byte_identical,1824,b088154dd4e9e1cc0234b6ac899fba3103368d03c4a1dd80051156c720734169
Additional_file_9_Screening_Code_and_Data.zip,jcm_revision/docking/logs/FLT4_pazopanib_104729.log,jcm_revision/docking/logs/FLT4_pazopanib_104729.log,retained_byte_identical,1802,54c667b9673aa384a0c42d8da162c117cd960403fd72e77d98af13e03346d652
Additional_file_9_Screening_Code_and_Data.zip,jcm_revision/docking/logs/FLT4_pazopanib_130363.log,jcm_revision/docking/logs/FLT4_pazopanib_130363.log,retained_byte_identical,1803,6c71ddf017746bdae54672a6ee26fe0c23e05a99f3bc87959d5f3b767f0740ce
Additional_file_9_Screening_Code_and_Data.zip,jcm_revision/docking/logs/FLT4_pazopanib_155921.log,jcm_revision/docking/logs/FLT4_pazopanib_155921.log,retained_byte_identical,1799,cdb15e71f8fc2c338fca5b851fe4cd1b2e76366782bd154ea3805ff02bd89b3e
Additional_file_9_Screening_Code_and_Data.zip,jcm_revision/docking/logs/FLT4_pirfenidone_104729.log,jcm_revision/docking/logs/FLT4_pirfenidone_104729.log,retained_byte_identical,1761,e2251e17289063e5b0b5b08fda378384d35ccf3325d8a15f02df64ee82999bf5
Additional_file_9_Screening_Code_and_Data.zip,jcm_revision/docking/logs/FLT4_pirfenidone_130363.log,jcm_revision/docking/logs/FLT4_pirfenidone_130363.log,retained_byte_identical,1762,5b0c50fab73a2a55cf430af96082b51708ec6abd2dae57e5195cbd9aa12ccba0
Additional_file_9_Screening_Code_and_Data.zip,jcm_revision/docking/logs/FLT4_pirfenidone_155921.log,jcm_revision/docking/logs/FLT4_pirfenidone_155921.log,retained_byte_identical,1761,2ebe85870c52a61568e5d8ed045154d85baf884a715919f8380cea5c99ab6882
Additional_file_9_Screening_Code_and_Data.zip,jcm_revision/docking/logs/FLT4_ponatinib_104729.log,jcm_revision/docking/logs/FLT4_ponatinib_104729.log,retained_byte_identical,1816,545bca14ccb9ef94a38a30220c5074f0db0ab91d30b49eda7536df25d76e9cff
Additional_file_9_Screening_Code_and_Data.zip,jcm_revision/docking/logs/FLT4_ponatinib_130363.log,jcm_revision/docking/logs/FLT4_ponatinib_130363.log,retained_byte_identical,1818,5adf436237a06fa83cc4ea755ddebf722443f2eac4c28370f2da049dcdca1599
Additional_file_9_Screening_Code_and_Data.zip,jcm_revision/docking/logs/FLT4_ponatinib_155921.log,jcm_revision/docking/logs/FLT4_ponatinib_155921.log,retained_byte_identical,1813,f536e81aabe1e865cf8d8099c58e2da540c9d4fa06207357374ad919a603ef92
Additional_file_9_Screening_Code_and_Data.zip,jcm_revision/docking/logs/FLT4_regorafenib_104729.log,jcm_revision/docking/logs/FLT4_regorafenib_104729.log,retained_byte_identical,1813,c11b45b4aa7318217b4b8cd3e31567466f69ba95d352100b20d8e58aca82fcd1
Additional_file_9_Screening_Code_and_Data.zip,jcm_revision/docking/logs/FLT4_regorafenib_130363.log,jcm_revision/docking/logs/FLT4_regorafenib_130363.log,retained_byte_identical,1809,e44efe44508f954f5449dd6aca5240453d012e81381920dbef5de0b042312da3
Additional_file_9_Screening_Code_and_Data.zip,jcm_revision/docking/logs/FLT4_regorafenib_155921.log,jcm_revision/docking/logs/FLT4_regorafenib_155921.log,retained_byte_identical,1815,74f40c700b3cc7a2e7b0b94ff41fd965a3dfc11db073cc1780471a348c726a1a
Additional_file_9_Screening_Code_and_Data.zip,jcm_revision/docking/logs/FLT4_ripretinib_104729.log,jcm_revision/docking/logs/FLT4_ripretinib_104729.log,retained_byte_identical,1801,54246323083f234cfd1c26a2ca8897a5f85507fd992ae512f616dde8976c86db
Additional_file_9_Screening_Code_and_Data.zip,jcm_revision/docking/logs/FLT4_ripretinib_130363.log,jcm_revision/docking/logs/FLT4_ripretinib_130363.log,retained_byte_identical,1802,a619042a9eb7471b7545421e5505b94a54c4ed5c602addec116fc5f2d415afe9
Additional_file_9_Screening_Code_and_Data.zip,jcm_revision/docking/logs/FLT4_ripretinib_155921.log,jcm_revision/docking/logs/FLT4_ripretinib_155921.log,retained_byte_identical,1788,911027e216a1d903e4f2464621299aa8d5259be058d62724889a3ace1a602f4c
Additional_file_9_Screening_Code_and_Data.zip,jcm_revision/docking/logs/FLT4_sorafenib_104729.log,jcm_revision/docking/logs/FLT4_sorafenib_104729.log,retained_byte_identical,1805,b6113888f343b3b327263be7b228991b01e7ebc1f9599caa3099419939d95ad2
Additional_file_9_Screening_Code_and_Data.zip,jcm_revision/docking/logs/FLT4_sorafenib_130363.log,jcm_revision/docking/logs/FLT4_sorafenib_130363.log,retained_byte_identical,1806,c7e8a258210aa9fc7096f4d6501bef93379d4780f9855ca2c0df28af725a3b0b
Additional_file_9_Screening_Code_and_Data.zip,jcm_revision/docking/logs/FLT4_sorafenib_155921.log,jcm_revision/docking/logs/FLT4_sorafenib_155921.log,retained_byte_identical,1805,840a2cb15fb8d8679e0fafbf2310ddfbfe441e8e7f0b38c2c664fc6762a43630
Additional_file_9_Screening_Code_and_Data.zip,jcm_revision/docking/logs/FLT4_sunitinib_104729.log,jcm_revision/docking/logs/FLT4_sunitinib_104729.log,retained_byte_identical,1803,fa9ee238302a755cc62a4ecbbf084d4904e6e24d037e4fc7061a4926fc54d456
Additional_file_9_Screening_Code_and_Data.zip,jcm_revision/docking/logs/FLT4_sunitinib_130363.log,jcm_revision/docking/logs/FLT4_sunitinib_130363.log,retained_byte_identical,1791,b181e061f9ceebb783874e6fa1cf981640fda61d86b3727bccc3f964e0da225c
Additional_file_9_Screening_Code_and_Data.zip,jcm_revision/docking/logs/FLT4_sunitinib_155921.log,jcm_revision/docking/logs/FLT4_sunitinib_155921.log,retained_byte_identical,1798,21f42a783ee4d475fd299f315e32f4725a361c6033aeab981e7ba63c532c359d
Additional_file_9_Screening_Code_and_Data.zip,jcm_revision/docking/logs/FLT4_tivozanib_104729.log,jcm_revision/docking/logs/FLT4_tivozanib_104729.log,retained_byte_identical,1785,473b9cddda4cacc1005c5e731203bb2eac64b27ddd15263f7e817751a6ce12f1
Additional_file_9_Screening_Code_and_Data.zip,jcm_revision/docking/logs/FLT4_tivozanib_130363.log,jcm_revision/docking/logs/FLT4_tivozanib_130363.log,retained_byte_identical,1798,d2e50d9f6728c6fec928232388ad4fc20b172216a9f102920588f855caaacde7
Additional_file_9_Screening_Code_and_Data.zip,jcm_revision/docking/logs/FLT4_tivozanib_155921.log,jcm_revision/docking/logs/FLT4_tivozanib_155921.log,retained_byte_identical,1788,efd6463dd9dca7a77eeea19b4acfd61b1d9cc4fec10297d8a5998acaeb0b7bf1
Additional_file_9_Screening_Code_and_Data.zip,jcm_revision/docking/logs/PDGFRA_APO_8PQJ_nintedanib_104729.log,jcm_revision/docking/logs/PDGFRA_APO_8PQJ_nintedanib_104729.log,retained_byte_identical,1801,2a30485417cbe0b10207ef9509c7cd858f6dffba1dae9c5c64d36e31a658d0d1
Additional_file_9_Screening_Code_and_Data.zip,jcm_revision/docking/logs/PDGFRA_APO_8PQJ_nintedanib_130363.log,jcm_revision/docking/logs/PDGFRA_APO_8PQJ_nintedanib_130363.log,retained_byte_identical,1792,498ff6f508d0a3e6519199914f252bb94e12a4eebf6d452306209954d7df2499
Additional_file_9_Screening_Code_and_Data.zip,jcm_revision/docking/logs/PDGFRA_APO_8PQJ_nintedanib_155921.log,jcm_revision/docking/logs/PDGFRA_APO_8PQJ_nintedanib_155921.log,retained_byte_identical,1631,6bc496da849f97b569e1a38a61dafa2775f47983a47290385af554f030c46e51
Additional_file_9_Screening_Code_and_Data.zip,jcm_revision/docking/logs/PDGFRA_MAZ51_104729.log,jcm_revision/docking/logs/PDGFRA_MAZ51_104729.log,retained_byte_identical,1744,83a54a3b78b70c7dd412aef30c2c38ad1dd822a340496b75816e846dc4924f04
Additional_file_9_Screening_Code_and_Data.zip,jcm_revision/docking/logs/PDGFRA_MAZ51_130363.log,jcm_revision/docking/logs/PDGFRA_MAZ51_130363.log,retained_byte_identical,1744,ebb7dc2625d74e4fd7a0ec8ff17084e3f46d9250483e89716769969d38d269cf
Additional_file_9_Screening_Code_and_Data.zip,jcm_revision/docking/logs/PDGFRA_MAZ51_155921.log,jcm_revision/docking/logs/PDGFRA_MAZ51_155921.log,retained_byte_identical,1742,79f8e063e720acb027eea3a9e6bf7f6f989fc99a830186bb716e5456b865cbf9
Additional_file_9_Screening_Code_and_Data.zip,jcm_revision/docking/logs/PDGFRA_avapritinib_104729.log,jcm_revision/docking/logs/PDGFRA_avapritinib_104729.log,retained_byte_identical,1792,c3779d21a12d05f383ecc7ade71510a3479de56f861090569a48912e37ddbd24
Additional_file_9_Screening_Code_and_Data.zip,jcm_revision/docking/logs/PDGFRA_avapritinib_130363.log,jcm_revision/docking/logs/PDGFRA_avapritinib_130363.log,retained_byte_identical,1792,0090365bceef82924a7a3251f00bff743f40e3751c9ca187273cd4f4d9fe0337
Additional_file_9_Screening_Code_and_Data.zip,jcm_revision/docking/logs/PDGFRA_avapritinib_155921.log,jcm_revision/docking/logs/PDGFRA_avapritinib_155921.log,retained_byte_identical,1789,cd6f95611307505a0c0f0c76c0c5efac9414f95cb2c335d63c763be36c9a87dc
Additional_file_9_Screening_Code_and_Data.zip,jcm_revision/docking/logs/PDGFRA_axitinib_104729.log,jcm_revision/docking/logs/PDGFRA_axitinib_104729.log,retained_byte_identical,1742,dcb31ab4c18485a28c1e956e85a4c64efb8f7e51c6562993afad6a024e63ed05
Additional_file_9_Screening_Code_and_Data.zip,jcm_revision/docking/logs/PDGFRA_axitinib_130363.log,jcm_revision/docking/logs/PDGFRA_axitinib_130363.log,retained_byte_identical,1756,7f5cecdae5b86607d02634a61d6f1b48a447600fc4bf8b45f17d7721d254e9bb
Additional_file_9_Screening_Code_and_Data.zip,jcm_revision/docking/logs/PDGFRA_axitinib_155921.log,jcm_revision/docking/logs/PDGFRA_axitinib_155921.log,retained_byte_identical,1754,934716ba766ec9083faab0a1bdee321270092f8d7048d2210568a5338bd7fc94
Additional_file_9_Screening_Code_and_Data.zip,jcm_revision/docking/logs/PDGFRA_crenolanib_104729.log,jcm_revision/docking/logs/PDGFRA_crenolanib_104729.log,retained_byte_identical,1780,2299c8f7048bdb0860e59a1e9637830c9d2ca848803b08689521608c425c5016
Additional_file_9_Screening_Code_and_Data.zip,jcm_revision/docking/logs/PDGFRA_crenolanib_130363.log,jcm_revision/docking/logs/PDGFRA_crenolanib_130363.log,retained_byte_identical,1777,090d9cfcd5c02131c381f61d882f23e79f7a0368d3dd4c599e8e3a4c1fd1e0f2
Additional_file_9_Screening_Code_and_Data.zip,jcm_revision/docking/logs/PDGFRA_crenolanib_155921.log,jcm_revision/docking/logs/PDGFRA_crenolanib_155921.log,retained_byte_identical,1769,c0be37182015d962968084e66ad9aec14268bc4f6a0420e61bd95178bc0b915b
Additional_file_9_Screening_Code_and_Data.zip,jcm_revision/docking/logs/PDGFRA_imatinib_104729.log,jcm_revision/docking/logs/PDGFRA_imatinib_104729.log,retained_byte_identical,1747,1865ceb8c93189b016bcae8185315122505e389cd711d90fcd4c4074a7d72dca
Additional_file_9_Screening_Code_and_Data.zip,jcm_revision/docking/logs/PDGFRA_imatinib_130363.log,jcm_revision/docking/logs/PDGFRA_imatinib_130363.log,retained_byte_identical,1783,83fdf0344601bf562f257cf37be49dc3c3c33ae82ea60b7fbab23461ef9dfc37
Additional_file_9_Screening_Code_and_Data.zip,jcm_revision/docking/logs/PDGFRA_imatinib_155921.log,jcm_revision/docking/logs/PDGFRA_imatinib_155921.log,retained_byte_identical,1787,c00c200f972e3a1514972ac877ce765e6ee4617495ef8311af3bc170702ea43c
Additional_file_9_Screening_Code_and_Data.zip,jcm_revision/docking/logs/PDGFRA_lenvatinib_104729.log,jcm_revision/docking/logs/PDGFRA_lenvatinib_104729.log,retained_byte_identical,1761,60bc9f8089aa288badbc6a4b6a9bdb15bd8f568dff6c523828955e09c1a049ea
Additional_file_9_Screening_Code_and_Data.zip,jcm_revision/docking/logs/PDGFRA_lenvatinib_130363.log,jcm_revision/docking/logs/PDGFRA_lenvatinib_130363.log,retained_byte_identical,1771,b92b31270bf6c4a8e1881c8b12cc31e983620fc7d6b3d80dc8b5b8f56a502473
Additional_file_9_Screening_Code_and_Data.zip,jcm_revision/docking/logs/PDGFRA_lenvatinib_155921.log,jcm_revision/docking/logs/PDGFRA_lenvatinib_155921.log,retained_byte_identical,1772,bcdb38b2b215f256c76db76b8f26ae8101b6c916ac7c2c8db9a117ab6bf6b288
Additional_file_9_Screening_Code_and_Data.zip,jcm_revision/docking/logs/PDGFRA_nerandomilast_104729.log,jcm_revision/docking/logs/PDGFRA_nerandomilast_104729.log,retained_byte_identical,1777,8e78af2752085c52ae0d8a3b4d72c727fcbadf5777621287b8a00b45d3c7b06c
Additional_file_9_Screening_Code_and_Data.zip,jcm_revision/docking/logs/PDGFRA_nerandomilast_130363.log,jcm_revision/docking/logs/PDGFRA_nerandomilast_130363.log,retained_byte_identical,1778,cf1decc79302a2b9e4ef2e92474b5cbb9b05c4a8f515c7d0542c276d22173da4
Additional_file_9_Screening_Code_and_Data.zip,jcm_revision/docking/logs/PDGFRA_nerandomilast_155921.log,jcm_revision/docking/logs/PDGFRA_nerandomilast_155921.log,retained_byte_identical,1778,313b5d178cbb7e8e5da07e218566487fd14046f938677425fd8458d84052f5a7
Additional_file_9_Screening_Code_and_Data.zip,jcm_revision/docking/logs/PDGFRA_nintedanib_104729.log,jcm_revision/docking/logs/PDGFRA_nintedanib_104729.log,retained_byte_identical,1782,37c85f7c3885b8684bacb3d82f5bb4952cce4d6af076660cdf92376426979478
Additional_file_9_Screening_Code_and_Data.zip,jcm_revision/docking/logs/PDGFRA_nintedanib_130363.log,jcm_revision/docking/logs/PDGFRA_nintedanib_130363.log,retained_byte_identical,1786,1825f684652d75beacff856e42270095caaae21ddf0d7232f8d53e6764aa570f
Additional_file_9_Screening_Code_and_Data.zip,jcm_revision/docking/logs/PDGFRA_nintedanib_155921.log,jcm_revision/docking/logs/PDGFRA_nintedanib_155921.log,retained_byte_identical,1795,b723210c0e06323cb2e9873719befe36f9e4ac9e5e2d0847785001affccf0437
Additional_file_9_Screening_Code_and_Data.zip,jcm_revision/docking/logs/PDGFRA_pazopanib_104729.log,jcm_revision/docking/logs/PDGFRA_pazopanib_104729.log,retained_byte_identical,1778,621935093d95f8ee6dd568f06ac1ac5043dd4b4324a3950635fb1141dad16819
Additional_file_9_Screening_Code_and_Data.zip,jcm_revision/docking/logs/PDGFRA_pazopanib_130363.log,jcm_revision/docking/logs/PDGFRA_pazopanib_130363.log,retained_byte_identical,1769,c1980f399bd25b8d2921fbddde938b32c56ab9ab96bc206b6d036898bf2ce5cf
Additional_file_9_Screening_Code_and_Data.zip,jcm_revision/docking/logs/PDGFRA_pazopanib_155921.log,jcm_revision/docking/logs/PDGFRA_pazopanib_155921.log,retained_byte_identical,1766,4b74f07442d7d81fc3d4df2abf6c5f5648bfb70dc7e6345cae4c46f849d84058
Additional_file_9_Screening_Code_and_Data.zip,jcm_revision/docking/logs/PDGFRA_pirfenidone_104729.log,jcm_revision/docking/logs/PDGFRA_pirfenidone_104729.log,retained_byte_identical,1737,3e2a30702f7e4ec2bb5101b299b6315548c2ac2501add5746267577abd1adef5
Additional_file_9_Screening_Code_and_Data.zip,jcm_revision/docking/logs/PDGFRA_pirfenidone_130363.log,jcm_revision/docking/logs/PDGFRA_pirfenidone_130363.log,retained_byte_identical,1734,e6fc53f43ee070901e86ec4d8e9efc49be15ff989abcd08f2eb19754ca1939a5
Additional_file_9_Screening_Code_and_Data.zip,jcm_revision/docking/logs/PDGFRA_pirfenidone_155921.log,jcm_revision/docking/logs/PDGFRA_pirfenidone_155921.log,retained_byte_identical,1728,fca5a4f88ab6483a1a591b31b4f4077f1feea64e4608ea365c37d259db5d56b3
Additional_file_9_Screening_Code_and_Data.zip,jcm_revision/docking/logs/PDGFRA_ponatinib_104729.log,jcm_revision/docking/logs/PDGFRA_ponatinib_104729.log,retained_byte_identical,1797,0ff43f6f8c806d0a955355a5d13f443b631fc26658bd783c1c9b3f8e383f2a80
Additional_file_9_Screening_Code_and_Data.zip,jcm_revision/docking/logs/PDGFRA_ponatinib_130363.log,jcm_revision/docking/logs/PDGFRA_ponatinib_130363.log,retained_byte_identical,1753,b82e97b37ef6664d79a18c0f0b592fd2a61859f3345725bc57b631584a3d406f
Additional_file_9_Screening_Code_and_Data.zip,jcm_revision/docking/logs/PDGFRA_ponatinib_155921.log,jcm_revision/docking/logs/PDGFRA_ponatinib_155921.log,retained_byte_identical,1793,67c2cfff38a8ab2e2b132af211b52620fe419e70f1acde32c207e5914c44d92a
Additional_file_9_Screening_Code_and_Data.zip,jcm_revision/docking/logs/PDGFRA_regorafenib_104729.log,jcm_revision/docking/logs/PDGFRA_regorafenib_104729.log,retained_byte_identical,1786,e86b40e0b678fe62be06a87514d8956f8f66f2f1701267eb41130008442f986d
Additional_file_9_Screening_Code_and_Data.zip,jcm_revision/docking/logs/PDGFRA_regorafenib_130363.log,jcm_revision/docking/logs/PDGFRA_regorafenib_130363.log,retained_byte_identical,1785,e275965ced1859e9f32fad8a70e60e40e297a63e85ef494dc6c8a0146cd5bd2f
Additional_file_9_Screening_Code_and_Data.zip,jcm_revision/docking/logs/PDGFRA_regorafenib_155921.log,jcm_revision/docking/logs/PDGFRA_regorafenib_155921.log,retained_byte_identical,1794,0f5c8892e90fe9ab27be336e1318e98cf275e54231df36200d24c31044c362f3
Additional_file_9_Screening_Code_and_Data.zip,jcm_revision/docking/logs/PDGFRA_ripretinib_104729.log,jcm_revision/docking/logs/PDGFRA_ripretinib_104729.log,retained_byte_identical,1780,f7caf142a9afa0895d64e380e5e5c77a12ee060810d5545ca305d6ca53f5d329
Additional_file_9_Screening_Code_and_Data.zip,jcm_revision/docking/logs/PDGFRA_ripretinib_130363.log,jcm_revision/docking/logs/PDGFRA_ripretinib_130363.log,retained_byte_identical,1780,359c2a9fe0252b2615620a857573444658287071b9dd6ae66888ed84b3df0abc
Additional_file_9_Screening_Code_and_Data.zip,jcm_revision/docking/logs/PDGFRA_ripretinib_155921.log,jcm_revision/docking/logs/PDGFRA_ripretinib_155921.log,retained_byte_identical,1772,da40ce60e69dda16e0216664794a8f0716fb17e87272dae68d3a49a8132cdbaa
Additional_file_9_Screening_Code_and_Data.zip,jcm_revision/docking/logs/PDGFRA_sorafenib_104729.log,jcm_revision/docking/logs/PDGFRA_sorafenib_104729.log,retained_byte_identical,1781,439394031d55bd67db0971e765312f6846cd4fb0d422a365887b06a76a21c2c2
Additional_file_9_Screening_Code_and_Data.zip,jcm_revision/docking/logs/PDGFRA_sorafenib_130363.log,jcm_revision/docking/logs/PDGFRA_sorafenib_130363.log,retained_byte_identical,1784,5347e0e52a745ca89b7adad07d441d2e40a2b5ef40b0d8643b7acd69948a6e94
Additional_file_9_Screening_Code_and_Data.zip,jcm_revision/docking/logs/PDGFRA_sorafenib_155921.log,jcm_revision/docking/logs/PDGFRA_sorafenib_155921.log,retained_byte_identical,1785,b8b873480b1d1ae7c889acb779298e4f5a88553efbfa1c4852fb57cd2b87a9c9
Additional_file_9_Screening_Code_and_Data.zip,jcm_revision/docking/logs/PDGFRA_sunitinib_104729.log,jcm_revision/docking/logs/PDGFRA_sunitinib_104729.log,retained_byte_identical,1763,0cc1636cf60e8a56dc915d3a6021f5087f06f2e8efa6cc7fda2b3f5c1d9ee08d
Additional_file_9_Screening_Code_and_Data.zip,jcm_revision/docking/logs/PDGFRA_sunitinib_130363.log,jcm_revision/docking/logs/PDGFRA_sunitinib_130363.log,retained_byte_identical,1778,09308b5981da6c6b9ce84cd205d1ea561d663322f4068759f541efcd0d986b42
Additional_file_9_Screening_Code_and_Data.zip,jcm_revision/docking/logs/PDGFRA_sunitinib_155921.log,jcm_revision/docking/logs/PDGFRA_sunitinib_155921.log,retained_byte_identical,1770,92ec1dca65b844db48d6236ffd6dd82a992fd78a3456e3dae105804d3598b51e
Additional_file_9_Screening_Code_and_Data.zip,jcm_revision/docking/logs/PDGFRA_tivozanib_104729.log,jcm_revision/docking/logs/PDGFRA_tivozanib_104729.log,retained_byte_identical,1763,187631e3ee734f190200d31da34a7ea54323d5e2edec18c2a9f6fed5c9e9f48e
Additional_file_9_Screening_Code_and_Data.zip,jcm_revision/docking/logs/PDGFRA_tivozanib_130363.log,jcm_revision/docking/logs/PDGFRA_tivozanib_130363.log,retained_byte_identical,1772,94be2ad41b52bd057375e18705c5fe756b1cdc1026aad6f5daf2f6da7551e6ba
Additional_file_9_Screening_Code_and_Data.zip,jcm_revision/docking/logs/PDGFRA_tivozanib_155921.log,jcm_revision/docking/logs/PDGFRA_tivozanib_155921.log,retained_byte_identical,1761,ea008749324216c1c67197893a674c2ad92f570957af9ec2b34c3a30fa20be82
Additional_file_9_Screening_Code_and_Data.zip,jcm_revision/docking/meeko_citation_crossref.json,jcm_revision/docking/meeko_citation_crossref.json,retained_byte_identical,16265,ad7e9baabd42399a73fe69180729e0d65f9592b4c7fdadcd2b9125c2504072fc
Additional_file_9_Screening_Code_and_Data.zip,jcm_revision/docking/prepare_8pqj_sensitivity.py,jcm_revision/docking/prepare_8pqj_sensitivity.py,retained_byte_identical,2750,cfa3f92acbe7934589ea548634fec6b7356817ac16b55ccdfa02ec9709e75db3
Additional_file_9_Screening_Code_and_Data.zip,jcm_revision/docking/prepare_receptors.py,jcm_revision/docking/prepare_receptors.py,retained_byte_identical,5044,0323cb72a6684b9c707ca18b2a12eb3d7108c8a3b7a4eddf44c27717eda62913
Additional_file_9_Screening_Code_and_Data.zip,jcm_revision/docking/receptor_manifest.json,jcm_revision/docking/receptor_manifest.json,retained_byte_identical,7449,6d92ef94075be26df563fcfd66bc3d6004d06b681ba6121e5f6b2a668a33b74a
Additional_file_9_Screening_Code_and_Data.zip,jcm_revision/docking/remove_8pqj_repair_clashes.py,jcm_revision/docking/remove_8pqj_repair_clashes.py,retained_byte_identical,2293,340f6f3216b6324add847a8eb4ee923d19af4a641183c491cebb4449bad80b59
Additional_file_9_Screening_Code_and_Data.zip,jcm_revision/docking/repair_8pqj_heavy_atoms.py,jcm_revision/docking/repair_8pqj_heavy_atoms.py,retained_byte_identical,1735,72e9a5c6e4e96d7f95628a9ad44a2da3283e4a3ba330a8dd98261d89b086e844
Additional_file_9_Screening_Code_and_Data.zip,jcm_revision/docking/run_8pqj_sensitivity_after_primary.py,jcm_revision/docking/run_8pqj_sensitivity_after_primary.py,retained_byte_identical,1390,a137ff3a794ff633466c4db0d9c5aee6f5412f84535a159365bdaa99ed454365
Additional_file_9_Screening_Code_and_Data.zip,jcm_revision/docking/run_campaign.py,jcm_revision/docking/run_campaign.py,retained_byte_identical,1665,5880b02abd1d06b29a669e8c1a78406fce49ee8b4d3e8c0fc951ac305c7a5060
Additional_file_9_Screening_Code_and_Data.zip,jcm_revision/docking/run_docking.py,jcm_revision/docking/run_docking.py,retained_byte_identical,4152,c6cf006f2884fb5ae2e553ce8ad99108b60173f865983733d1826b5f6bbb5cfe
Additional_file_9_Screening_Code_and_Data.zip,jcm_revision/docking/runs/FLT4_MAZ51_104729/config.json,jcm_revision/docking/runs/FLT4_MAZ51_104729/config.json,retained_byte_identical,498,c7055a3755bc8a159ab3900c4f58cd048b611a8b1b432ea1acd2fbaba26bcbb7
Additional_file_9_Screening_Code_and_Data.zip,jcm_revision/docking/runs/FLT4_MAZ51_104729/input_ligand.pdbqt,jcm_revision/docking/runs/FLT4_MAZ51_104729/input_ligand.pdbqt,retained_byte_identical,2348,ef6f5fe8e9f9a83c9cf6afcd76c0b9d928c7b7f48e03dcbf2159beb478f2316e
Additional_file_9_Screening_Code_and_Data.zip,jcm_revision/docking/runs/FLT4_MAZ51_104729/input_ligand.sdf,jcm_revision/docking/runs/FLT4_MAZ51_104729/input_ligand.sdf,retained_byte_identical,3602,e4065fc0a14157e74a84b8b2cb0f444447236ef47c39d0454ce115b314c77e9b
Additional_file_9_Screening_Code_and_Data.zip,jcm_revision/docking/runs/FLT4_MAZ51_104729/poses.pdbqt,jcm_revision/docking/runs/FLT4_MAZ51_104729/poses.pdbqt,retained_byte_identical,25671,be39f07956e655fea29b30827d405ebbaf215dc2817910f776e5aa5bcf201737
Additional_file_9_Screening_Code_and_Data.zip,jcm_revision/docking/runs/FLT4_MAZ51_104729/poses.sdf,jcm_revision/docking/runs/FLT4_MAZ51_104729/poses.sdf,retained_byte_identical,37103,9ef9fe34448884dab7944ec6a95f3c3158d8ccd401bf1bf39d9326408bd0fd27
Additional_file_9_Screening_Code_and_Data.zip,jcm_revision/docking/runs/FLT4_MAZ51_104729/result.json,jcm_revision/docking/runs/FLT4_MAZ51_104729/result.json,retained_byte_identical,1471,be55293f0cae5ebee0e2d82cc175b94bd5a7de7c069477d527a193102c4815e5
Additional_file_9_Screening_Code_and_Data.zip,jcm_revision/docking/runs/FLT4_MAZ51_130363/config.json,jcm_revision/docking/runs/FLT4_MAZ51_130363/config.json,retained_byte_identical,498,9a6fc316813328e0d34feb87de567fd700fa830919bd43801269e44624a3b0bf
Additional_file_9_Screening_Code_and_Data.zip,jcm_revision/docking/runs/FLT4_MAZ51_130363/input_ligand.pdbqt,jcm_revision/docking/runs/FLT4_MAZ51_130363/input_ligand.pdbqt,retained_byte_identical,2348,5c0d03523ef631012ccc0df041bfdd70dc6d171337a90a690db3c46c6f13fa51
Additional_file_9_Screening_Code_and_Data.zip,jcm_revision/docking/runs/FLT4_MAZ51_130363/input_ligand.sdf,jcm_revision/docking/runs/FLT4_MAZ51_130363/input_ligand.sdf,retained_byte_identical,3602,07daf66a3f2501298e43884b822d96bc8ff011855e3463c0076c35420b622964
Additional_file_9_Screening_Code_and_Data.zip,jcm_revision/docking/runs/FLT4_MAZ51_130363/poses.pdbqt,jcm_revision/docking/runs/FLT4_MAZ51_130363/poses.pdbqt,retained_byte_identical,25671,a1a7bff4f78238a2f6408d4ecb330bc179b6ae7b0e5f556e78eab89caa543a83
Additional_file_9_Screening_Code_and_Data.zip,jcm_revision/docking/runs/FLT4_MAZ51_130363/poses.sdf,jcm_revision/docking/runs/FLT4_MAZ51_130363/poses.sdf,retained_byte_identical,37106,d1c8dec143e7fb17a69947bce49afa6b2f1cabe74525b30e0e039f530cf468b8
Additional_file_9_Screening_Code_and_Data.zip,jcm_revision/docking/runs/FLT4_MAZ51_130363/result.json,jcm_revision/docking/runs/FLT4_MAZ51_130363/result.json,retained_byte_identical,1485,98f3fc4908a6de4b65945b332cc7cd4fe80789f6603020a0ef25e6bf72bc0a34
Additional_file_9_Screening_Code_and_Data.zip,jcm_revision/docking/runs/FLT4_MAZ51_155921/config.json,jcm_revision/docking/runs/FLT4_MAZ51_155921/config.json,retained_byte_identical,498,75c517eef3f8752037da78287a8783dbe1c01b7b2d06a4e0465b41b2abc0d378
Additional_file_9_Screening_Code_and_Data.zip,jcm_revision/docking/runs/FLT4_MAZ51_155921/input_ligand.pdbqt,jcm_revision/docking/runs/FLT4_MAZ51_155921/input_ligand.pdbqt,retained_byte_identical,2348,3cf4e0dc2f552e53840b83aeb6a35f473ba5172758299f9406985ac48675a0a1
Additional_file_9_Screening_Code_and_Data.zip,jcm_revision/docking/runs/FLT4_MAZ51_155921/input_ligand.sdf,jcm_revision/docking/runs/FLT4_MAZ51_155921/input_ligand.sdf,retained_byte_identical,3602,6468b370b80402a2d975fa87f3290656ff59de4c1277d2df3ba60326edf28ba7
Additional_file_9_Screening_Code_and_Data.zip,jcm_revision/docking/runs/FLT4_MAZ51_155921/poses.pdbqt,jcm_revision/docking/runs/FLT4_MAZ51_155921/poses.pdbqt,retained_byte_identical,25671,f44bd6e372ae4db2b0ba53c37cf0a4c0b8722af15e1186e3d63abdf37330c451
Additional_file_9_Screening_Code_and_Data.zip,jcm_revision/docking/runs/FLT4_MAZ51_155921/poses.sdf,jcm_revision/docking/runs/FLT4_MAZ51_155921/poses.sdf,retained_byte_identical,37103,c2ee0f20263b4560d00c7ac89fa22ad1d11e104f22a814879ae368a0753d360b
Additional_file_9_Screening_Code_and_Data.zip,jcm_revision/docking/runs/FLT4_MAZ51_155921/result.json,jcm_revision/docking/runs/FLT4_MAZ51_155921/result.json,retained_byte_identical,1486,c1f1a4d1019692eb8ea218a625d1c088677d554e52d4bf4b00299402af2a59f2
Additional_file_9_Screening_Code_and_Data.zip,jcm_revision/docking/runs/FLT4_avapritinib_104729/config.json,jcm_revision/docking/runs/FLT4_avapritinib_104729/config.json,retained_byte_identical,529,3b472ae14d0ab0a4dc45e9caabec6f462c3711981342b839e4091279459dd6a9
Additional_file_9_Screening_Code_and_Data.zip,jcm_revision/docking/runs/FLT4_avapritinib_104729/input_ligand.pdbqt,jcm_revision/docking/runs/FLT4_avapritinib_104729/input_ligand.pdbqt,retained_byte_identical,3695,40c7e2bc8a252714f2bb4cb5806a7b975868a1e3523c4f975563314a13cae714
Additional_file_9_Screening_Code_and_Data.zip,jcm_revision/docking/runs/FLT4_avapritinib_104729/input_ligand.sdf,jcm_revision/docking/runs/FLT4_avapritinib_104729/input_ligand.sdf,retained_byte_identical,5454,254b315f21fb032de630be34d30d96dd3553181162c4816abfac79ff68d3928f
Additional_file_9_Screening_Code_and_Data.zip,jcm_revision/docking/runs/FLT4_avapritinib_104729/poses.pdbqt,jcm_revision/docking/runs/FLT4_avapritinib_104729/poses.pdbqt,retained_byte_identical,39141,7e529f6025b658b72dfa7f3bd1c3534c177870c41ea0914d338a0df57e8651f3
Additional_file_9_Screening_Code_and_Data.zip,jcm_revision/docking/runs/FLT4_avapritinib_104729/poses.sdf,jcm_revision/docking/runs/FLT4_avapritinib_104729/poses.sdf,retained_byte_identical,55624,41c033bc2a3e4c6ed67eb5472d1e356ad67471122af4143c162125029523b26f
Additional_file_9_Screening_Code_and_Data.zip,jcm_revision/docking/runs/FLT4_avapritinib_104729/result.json,jcm_revision/docking/runs/FLT4_avapritinib_104729/result.json,retained_byte_identical,1541,dd0c6c7596a89c87fbedc9b8c9e79402796e814f0fe87072adc8c464c80e6191
Additional_file_9_Screening_Code_and_Data.zip,jcm_revision/docking/runs/FLT4_avapritinib_130363/config.json,jcm_revision/docking/runs/FLT4_avapritinib_130363/config.json,retained_byte_identical,529,a485faf43780ac24cca932a8e87e938af9febb9fdcbf4437d8bfb2cdb1654671
Additional_file_9_Screening_Code_and_Data.zip,jcm_revision/docking/runs/FLT4_avapritinib_130363/input_ligand.pdbqt,jcm_revision/docking/runs/FLT4_avapritinib_130363/input_ligand.pdbqt,retained_byte_identical,3695,7ecf467ccfabb8d394b2f100adb8f5759898d430206ae5b71ec8aa4097fb527d
Additional_file_9_Screening_Code_and_Data.zip,jcm_revision/docking/runs/FLT4_avapritinib_130363/input_ligand.sdf,jcm_revision/docking/runs/FLT4_avapritinib_130363/input_ligand.sdf,retained_byte_identical,5454,d26f661006452b717143039c073827c9ff106fcf56c1ce0e5effb869c1f79aae
Additional_file_9_Screening_Code_and_Data.zip,jcm_revision/docking/runs/FLT4_avapritinib_130363/poses.pdbqt,jcm_revision/docking/runs/FLT4_avapritinib_130363/poses.pdbqt,retained_byte_identical,35226,0df6c476de0dc2372d9e5aa06240c010733f8a8234fa945a8c4282ee9eb864de
Additional_file_9_Screening_Code_and_Data.zip,jcm_revision/docking/runs/FLT4_avapritinib_130363/poses.sdf,jcm_revision/docking/runs/FLT4_avapritinib_130363/poses.sdf,retained_byte_identical,50057,4aaf8c9f911c017b4ce42eb4e40772c7cee440bc46abaf26e5a8823b5943cc8b
Additional_file_9_Screening_Code_and_Data.zip,jcm_revision/docking/runs/FLT4_avapritinib_130363/result.json,jcm_revision/docking/runs/FLT4_avapritinib_130363/result.json,retained_byte_identical,1454,f1bd2aceb19d4a6539c14f851f93e1f217c8ce5335cdc0df6ccc335fbf857fc1
Additional_file_9_Screening_Code_and_Data.zip,jcm_revision/docking/runs/FLT4_avapritinib_155921/config.json,jcm_revision/docking/runs/FLT4_avapritinib_155921/config.json,retained_byte_identical,529,09caac1e7f5544560910b765ce16a2319aeab13babb2187c2fb5e1490d76b9cc
Additional_file_9_Screening_Code_and_Data.zip,jcm_revision/docking/runs/FLT4_avapritinib_155921/input_ligand.pdbqt,jcm_revision/docking/runs/FLT4_avapritinib_155921/input_ligand.pdbqt,retained_byte_identical,3695,2702f0e7b52c62a69a28a5d36cac9b37d5adb8c9f8e2458d4ed447e136b444f7
Additional_file_9_Screening_Code_and_Data.zip,jcm_revision/docking/runs/FLT4_avapritinib_155921/input_ligand.sdf,jcm_revision/docking/runs/FLT4_avapritinib_155921/input_ligand.sdf,retained_byte_identical,5454,1a51bcdb5d250edd804c8806d630ef0c7c5ad981e60ec26ed97acb145adc7b93
Additional_file_9_Screening_Code_and_Data.zip,jcm_revision/docking/runs/FLT4_avapritinib_155921/poses.pdbqt,jcm_revision/docking/runs/FLT4_avapritinib_155921/poses.pdbqt,retained_byte_identical,39141,36c7f6d664b9170fcbe2ba68ad2bd094757e1ef1704f5daba08085e0934736f2
Additional_file_9_Screening_Code_and_Data.zip,jcm_revision/docking/runs/FLT4_avapritinib_155921/poses.sdf,jcm_revision/docking/runs/FLT4_avapritinib_155921/poses.sdf,retained_byte_identical,55623,2d4bba87ca115e309338fd746e6b95fa904621d86841b3e73905d40f570431bf
Additional_file_9_Screening_Code_and_Data.zip,jcm_revision/docking/runs/FLT4_avapritinib_155921/result.json,jcm_revision/docking/runs/FLT4_avapritinib_155921/result.json,retained_byte_identical,1538,30a081985efc74c1f62525e76de9159cd0ede4fa4c5772bcc9e13b24fc0c5d88
Additional_file_9_Screening_Code_and_Data.zip,jcm_revision/docking/runs/FLT4_axitinib_104729/config.json,jcm_revision/docking/runs/FLT4_axitinib_104729/config.json,retained_byte_identical,505,4fe5e2554cd0affa3bef69d0855884172e2c104686cb6c9a9beee84b916398d8
Additional_file_9_Screening_Code_and_Data.zip,jcm_revision/docking/runs/FLT4_axitinib_104729/input_ligand.pdbqt,jcm_revision/docking/runs/FLT4_axitinib_104729/input_ligand.pdbqt,retained_byte_identical,2881,528b896e345cc42494452f3d09bd599c1c63d143066aa693cb5abf9bf85f80fe
Additional_file_9_Screening_Code_and_Data.zip,jcm_revision/docking/runs/FLT4_axitinib_104729/input_ligand.sdf,jcm_revision/docking/runs/FLT4_axitinib_104729/input_ligand.sdf,retained_byte_identical,3934,27d90cba767fbc4a9940c9d27eae2dfb992140bd2e942077cc133d71a752146f
Additional_file_9_Screening_Code_and_Data.zip,jcm_revision/docking/runs/FLT4_axitinib_104729/poses.pdbqt,jcm_revision/docking/runs/FLT4_axitinib_104729/poses.pdbqt,retained_byte_identical,31001,5d692261204f341642547bf87b859d914a122ccf82f80c9c43d88a7c182cfac8
Additional_file_9_Screening_Code_and_Data.zip,jcm_revision/docking/runs/FLT4_axitinib_104729/poses.sdf,jcm_revision/docking/runs/FLT4_axitinib_104729/poses.sdf,retained_byte_identical,40423,defa03e8bfd16f309b42f63704718806ad96764ded329addba4eab8f1e8ae3ed
Additional_file_9_Screening_Code_and_Data.zip,jcm_revision/docking/runs/FLT4_axitinib_104729/result.json,jcm_revision/docking/runs/FLT4_axitinib_104729/result.json,retained_byte_identical,1507,89bee0d49c997e2f205cd1ab64b1f6d74dc17969ad7dde7ffc586ffcccb4af5d
Additional_file_9_Screening_Code_and_Data.zip,jcm_revision/docking/runs/FLT4_axitinib_130363/config.json,jcm_revision/docking/runs/FLT4_axitinib_130363/config.json,retained_byte_identical,505,d66d2ae2da9376bcade2992409d7dbb1099beac69e4b40924aa05e2e4f2608d2
Additional_file_9_Screening_Code_and_Data.zip,jcm_revision/docking/runs/FLT4_axitinib_130363/input_ligand.pdbqt,jcm_revision/docking/runs/FLT4_axitinib_130363/input_ligand.pdbqt,retained_byte_identical,2881,f6dd94f77a4bc2dd7add443628f401902e1e5d930e29bdc949691d786c7cb330
Additional_file_9_Screening_Code_and_Data.zip,jcm_revision/docking/runs/FLT4_axitinib_130363/input_ligand.sdf,jcm_revision/docking/runs/FLT4_axitinib_130363/input_ligand.sdf,retained_byte_identical,3934,db40ed77db0778f531d54f240554485c1e3e70bd5854a6bd70cab9132d9f2dbd
Additional_file_9_Screening_Code_and_Data.zip,jcm_revision/docking/runs/FLT4_axitinib_130363/poses.pdbqt,jcm_revision/docking/runs/FLT4_axitinib_130363/poses.pdbqt,retained_byte_identical,31001,47ac4f2086dd4be5618dadeabff0dbf426f7f0b3ae4b5e2510c6220aec5efaf3
Additional_file_9_Screening_Code_and_Data.zip,jcm_revision/docking/runs/FLT4_axitinib_130363/poses.sdf,jcm_revision/docking/runs/FLT4_axitinib_130363/poses.sdf,retained_byte_identical,40424,095d8132a850167e0ee7424b82de6a13db812c8acacc238ac16f264da7e2b1ae
Additional_file_9_Screening_Code_and_Data.zip,jcm_revision/docking/runs/FLT4_axitinib_130363/result.json,jcm_revision/docking/runs/FLT4_axitinib_130363/result.json,retained_byte_identical,1512,c67a33af39c6a146b7caf627ae737ea78d15c5a38dcd8c37f8b287dff16e42af
Additional_file_9_Screening_Code_and_Data.zip,jcm_revision/docking/runs/FLT4_axitinib_155921/config.json,jcm_revision/docking/runs/FLT4_axitinib_155921/config.json,retained_byte_identical,505,c03ed2ff7dda64ac9ff168821e1410b6b8f8c74f4c8e0f9830d2146dd711fda3
Additional_file_9_Screening_Code_and_Data.zip,jcm_revision/docking/runs/FLT4_axitinib_155921/input_ligand.pdbqt,jcm_revision/docking/runs/FLT4_axitinib_155921/input_ligand.pdbqt,retained_byte_identical,2881,6321a331c76bca6a3af8d05ebce1226ea134d7190b1344e078348695b30bfe1b
Additional_file_9_Screening_Code_and_Data.zip,jcm_revision/docking/runs/FLT4_axitinib_155921/input_ligand.sdf,jcm_revision/docking/runs/FLT4_axitinib_155921/input_ligand.sdf,retained_byte_identical,3934,989e233e03a444f131ff0cf6b0873dc947717a0d2df26b9edcb4cdf42ddb86e0
Additional_file_9_Screening_Code_and_Data.zip,jcm_revision/docking/runs/FLT4_axitinib_155921/poses.pdbqt,jcm_revision/docking/runs/FLT4_axitinib_155921/poses.pdbqt,retained_byte_identical,31001,df865921c7c0aef381a7e35f6be9b0c40c77143e712cbc4b0ad9683fffd29be6
Additional_file_9_Screening_Code_and_Data.zip,jcm_revision/docking/runs/FLT4_axitinib_155921/poses.sdf,jcm_revision/docking/runs/FLT4_axitinib_155921/poses.sdf,retained_byte_identical,40423,d5121e0c4c88e00bd763ff245a8b4851cf7884e1b3e6d7e9363862babb1f8453
Additional_file_9_Screening_Code_and_Data.zip,jcm_revision/docking/runs/FLT4_axitinib_155921/result.json,jcm_revision/docking/runs/FLT4_axitinib_155921/result.json,retained_byte_identical,1512,c6c02321d758103a823ebd132e5df7c7d8507af1cb91cc52740cd84a261b4232
Additional_file_9_Screening_Code_and_Data.zip,jcm_revision/docking/runs/FLT4_crenolanib_104729/config.json,jcm_revision/docking/runs/FLT4_crenolanib_104729/config.json,retained_byte_identical,514,79f644c21ac9eaee2bd07d28bbb99872808d80bd23f9b60d26f360f6c4d27035
Additional_file_9_Screening_Code_and_Data.zip,jcm_revision/docking/runs/FLT4_crenolanib_104729/input_ligand.pdbqt,jcm_revision/docking/runs/FLT4_crenolanib_104729/input_ligand.pdbqt,retained_byte_identical,3352,9f6354a4cec4aa437de49b442a3e8063bad10e4ebc1893eb92c5a09f054e4635
Additional_file_9_Screening_Code_and_Data.zip,jcm_revision/docking/runs/FLT4_crenolanib_104729/input_ligand.sdf,jcm_revision/docking/runs/FLT4_crenolanib_104729/input_ligand.sdf,retained_byte_identical,5288,feec3a6ded966d74f0a3c99140568a0bc7e7c97e361bb50c2dea8277c6655082
Additional_file_9_Screening_Code_and_Data.zip,jcm_revision/docking/runs/FLT4_crenolanib_104729/poses.pdbqt,jcm_revision/docking/runs/FLT4_crenolanib_104729/poses.pdbqt,retained_byte_identical,32139,26ca658e9f60a04d2f270c5e1e14afc0a5c37bb8d32ea2343dccb22c8e33cf87
Additional_file_9_Screening_Code_and_Data.zip,jcm_revision/docking/runs/FLT4_crenolanib_104729/poses.sdf,jcm_revision/docking/runs/FLT4_crenolanib_104729/poses.sdf,retained_byte_identical,48566,b6986f66de7ba3cf9abf1bd4640c9cc23a9b7dfa36619a42d0fb2f9a2ffe57ab
Additional_file_9_Screening_Code_and_Data.zip,jcm_revision/docking/runs/FLT4_crenolanib_104729/result.json,jcm_revision/docking/runs/FLT4_crenolanib_104729/result.json,retained_byte_identical,1447,76b304e3769c183d96f2c5f6b3613e71aaa4bc92e16b99094cf65004e69e31c5
Additional_file_9_Screening_Code_and_Data.zip,jcm_revision/docking/runs/FLT4_crenolanib_130363/config.json,jcm_revision/docking/runs/FLT4_crenolanib_130363/config.json,retained_byte_identical,514,3730d4fc87c5759459940546b0aa0aab2b57e4675c3086b7435dc6b825d8029f
Additional_file_9_Screening_Code_and_Data.zip,jcm_revision/docking/runs/FLT4_crenolanib_130363/input_ligand.pdbqt,jcm_revision/docking/runs/FLT4_crenolanib_130363/input_ligand.pdbqt,retained_byte_identical,3352,e7f93d1a707d0a3c5aedaa6e8fff5d63f5c491f472823595ca4f2c959ace4de4
Additional_file_9_Screening_Code_and_Data.zip,jcm_revision/docking/runs/FLT4_crenolanib_130363/input_ligand.sdf,jcm_revision/docking/runs/FLT4_crenolanib_130363/input_ligand.sdf,retained_byte_identical,5288,e4acb7029639c0b5d32769aadff3309af747a2a384df5898dd8c8ae08bb69c43
Additional_file_9_Screening_Code_and_Data.zip,jcm_revision/docking/runs/FLT4_crenolanib_130363/poses.pdbqt,jcm_revision/docking/runs/FLT4_crenolanib_130363/poses.pdbqt,retained_byte_identical,35711,9dffb40123357f5d2f2038c284d05ed267307981bc4891ac7bb93ffeb1f55cf8
Additional_file_9_Screening_Code_and_Data.zip,jcm_revision/docking/runs/FLT4_crenolanib_130363/poses.sdf,jcm_revision/docking/runs/FLT4_crenolanib_130363/poses.sdf,retained_byte_identical,53964,7757a3f316113584cf041649ae6e3d89d8bed3f2a7f208384c59d296e648f3be
Additional_file_9_Screening_Code_and_Data.zip,jcm_revision/docking/runs/FLT4_crenolanib_130363/result.json,jcm_revision/docking/runs/FLT4_crenolanib_130363/result.json,retained_byte_identical,1521,ecd9eb56dd7b83b117e74c92ff99484533dc419a12cd9e2a6e072c3530abebbc
Additional_file_9_Screening_Code_and_Data.zip,jcm_revision/docking/runs/FLT4_crenolanib_155921/config.json,jcm_revision/docking/runs/FLT4_crenolanib_155921/config.json,retained_byte_identical,514,a01199a5903228db328131669a696518820984de78ad82eca4cce33c03689656
Additional_file_9_Screening_Code_and_Data.zip,jcm_revision/docking/runs/FLT4_crenolanib_155921/input_ligand.pdbqt,jcm_revision/docking/runs/FLT4_crenolanib_155921/input_ligand.pdbqt,retained_byte_identical,3352,1f977c9d360d5583637492de070cca1d69363757f796bda9d898b01f32f2c58e
Additional_file_9_Screening_Code_and_Data.zip,jcm_revision/docking/runs/FLT4_crenolanib_155921/input_ligand.sdf,jcm_revision/docking/runs/FLT4_crenolanib_155921/input_ligand.sdf,retained_byte_identical,5288,ab61dacb7fd7864b48ba069d22d22ea7df857322e0b88dc01fc3b16d843fd65d
Additional_file_9_Screening_Code_and_Data.zip,jcm_revision/docking/runs/FLT4_crenolanib_155921/poses.pdbqt,jcm_revision/docking/runs/FLT4_crenolanib_155921/poses.pdbqt,retained_byte_identical,35711,46ef99e64a96b2c5a0021cf1c9e40a7b71affcd50e98966e4a2d3987570ddeb1
Additional_file_9_Screening_Code_and_Data.zip,jcm_revision/docking/runs/FLT4_crenolanib_155921/poses.sdf,jcm_revision/docking/runs/FLT4_crenolanib_155921/poses.sdf,retained_byte_identical,53965,6dd453b72351e858e42729566a6a42cb6d5fa8ec6c83035692ed4d01b9eb4e70
Additional_file_9_Screening_Code_and_Data.zip,jcm_revision/docking/runs/FLT4_crenolanib_155921/result.json,jcm_revision/docking/runs/FLT4_crenolanib_155921/result.json,retained_byte_identical,1525,1977c1c39ebb794fea4cae83832e8ad8d00d3dcd7c2645ecffe6fb246567f3e4
Additional_file_9_Screening_Code_and_Data.zip,jcm_revision/docking/runs/FLT4_imatinib_104729/config.json,jcm_revision/docking/runs/FLT4_imatinib_104729/config.json,retained_byte_identical,517,d75862c65823e5779a2ba3828bae97c0e5d22cbe1c191fb827bb09f5c592510e
Additional_file_9_Screening_Code_and_Data.zip,jcm_revision/docking/runs/FLT4_imatinib_104729/input_ligand.pdbqt,jcm_revision/docking/runs/FLT4_imatinib_104729/input_ligand.pdbqt,retained_byte_identical,3751,3e27c13ef1840a7192441155d6884fea3ebc6e54f2fb0611d9bab29de6e48eac
Additional_file_9_Screening_Code_and_Data.zip,jcm_revision/docking/runs/FLT4_imatinib_104729/input_ligand.sdf,jcm_revision/docking/runs/FLT4_imatinib_104729/input_ligand.sdf,retained_byte_identical,5773,1751d3bd07eb18e811e3d2dae6bdc86002f6fe4dad8a8233744d4aa727690224
Additional_file_9_Screening_Code_and_Data.zip,jcm_revision/docking/runs/FLT4_imatinib_104729/poses.pdbqt,jcm_revision/docking/runs/FLT4_imatinib_104729/poses.pdbqt,retained_byte_identical,39701,16fdd0e6af62ea68c1f3c6ab87721dacd43cf5dd1fcf4d6236e31bcf25958e92
Additional_file_9_Screening_Code_and_Data.zip,jcm_revision/docking/runs/FLT4_imatinib_104729/poses.sdf,jcm_revision/docking/runs/FLT4_imatinib_104729/poses.sdf,retained_byte_identical,58813,324bc3bda16a0bfc29d2dc22244d1385cc5833ab114cf104010d59d1d2b03227
Additional_file_9_Screening_Code_and_Data.zip,jcm_revision/docking/runs/FLT4_imatinib_104729/result.json,jcm_revision/docking/runs/FLT4_imatinib_104729/result.json,retained_byte_identical,1520,e6ccd8abdb8c6ad12f303d05f3fafc740453b36479e6e785a7fcc28e5d161386
Additional_file_9_Screening_Code_and_Data.zip,jcm_revision/docking/runs/FLT4_imatinib_130363/config.json,jcm_revision/docking/runs/FLT4_imatinib_130363/config.json,retained_byte_identical,517,f5a1e5a2aff6b2e3b0eb3dfae155ab621f623e6796238a0a96e7bc9f2865374a
Additional_file_9_Screening_Code_and_Data.zip,jcm_revision/docking/runs/FLT4_imatinib_130363/input_ligand.pdbqt,jcm_revision/docking/runs/FLT4_imatinib_130363/input_ligand.pdbqt,retained_byte_identical,3751,6aa61161e3cbf5f437f856245e550557c2713467ca4bd2d6dd092ee181053d0d
Additional_file_9_Screening_Code_and_Data.zip,jcm_revision/docking/runs/FLT4_imatinib_130363/input_ligand.sdf,jcm_revision/docking/runs/FLT4_imatinib_130363/input_ligand.sdf,retained_byte_identical,5773,ab107ec4dbd413d41e6834207bda60fb24f25228114c904b58984a2f692ef7b2
Additional_file_9_Screening_Code_and_Data.zip,jcm_revision/docking/runs/FLT4_imatinib_130363/poses.pdbqt,jcm_revision/docking/runs/FLT4_imatinib_130363/poses.pdbqt,retained_byte_identical,39701,a23eb87f242a602ce2f60cde18989173e9e95b31fab2bbbb9a589b0ca5d978a5
Additional_file_9_Screening_Code_and_Data.zip,jcm_revision/docking/runs/FLT4_imatinib_130363/poses.sdf,jcm_revision/docking/runs/FLT4_imatinib_130363/poses.sdf,retained_byte_identical,58814,a5b4732656fb7faf3e6b2f9e34f303de81b76846c6b6ed05a1bf54fb0b262b0a
Additional_file_9_Screening_Code_and_Data.zip,jcm_revision/docking/runs/FLT4_imatinib_130363/result.json,jcm_revision/docking/runs/FLT4_imatinib_130363/result.json,retained_byte_identical,1525,ec630c4bbef25873527e7f56d1f302e6644d15e831dfc30f166d01809566b0ba
Additional_file_9_Screening_Code_and_Data.zip,jcm_revision/docking/runs/FLT4_imatinib_155921/config.json,jcm_revision/docking/runs/FLT4_imatinib_155921/config.json,retained_byte_identical,517,9732537d56b1d758c1f452cd5e5bd2a57c692389822277f67bda4fdf57ec75ee
Additional_file_9_Screening_Code_and_Data.zip,jcm_revision/docking/runs/FLT4_imatinib_155921/input_ligand.pdbqt,jcm_revision/docking/runs/FLT4_imatinib_155921/input_ligand.pdbqt,retained_byte_identical,3751,1a33090311f78db7b59cfb967c924aa7bbb3f775401f4de8dab682e6a9631c50
Additional_file_9_Screening_Code_and_Data.zip,jcm_revision/docking/runs/FLT4_imatinib_155921/input_ligand.sdf,jcm_revision/docking/runs/FLT4_imatinib_155921/input_ligand.sdf,retained_byte_identical,5773,a759a33687dcabbe2f41c3ccb744677985f14d422ec8bdf72a89f08c2d216b07
Additional_file_9_Screening_Code_and_Data.zip,jcm_revision/docking/runs/FLT4_imatinib_155921/poses.pdbqt,jcm_revision/docking/runs/FLT4_imatinib_155921/poses.pdbqt,retained_byte_identical,39701,24c5662e986d353e5b3a9dd08c5e10e7c5429ce41f61fb6eebfa41ad6e620012
Additional_file_9_Screening_Code_and_Data.zip,jcm_revision/docking/runs/FLT4_imatinib_155921/poses.sdf,jcm_revision/docking/runs/FLT4_imatinib_155921/poses.sdf,retained_byte_identical,58815,e4087111daa1d54b06f8da6dac1a268ac7b4ba72ed3f902425224a7d1333a444
Additional_file_9_Screening_Code_and_Data.zip,jcm_revision/docking/runs/FLT4_imatinib_155921/result.json,jcm_revision/docking/runs/FLT4_imatinib_155921/result.json,retained_byte_identical,1522,e45c61badb5362801c3985ebc4775c6f9e9bef642bd9213ebdb08dcaf8d77a30
Additional_file_9_Screening_Code_and_Data.zip,jcm_revision/docking/runs/FLT4_lenvatinib_104729/config.json,jcm_revision/docking/runs/FLT4_lenvatinib_104729/config.json,retained_byte_identical,511,62012eda037eba386bc0dd014fe87fbc2ff059d1ee6af485a66cb8d57af12cfa
Additional_file_9_Screening_Code_and_Data.zip,jcm_revision/docking/runs/FLT4_lenvatinib_104729/input_ligand.pdbqt,jcm_revision/docking/runs/FLT4_lenvatinib_104729/input_ligand.pdbqt,retained_byte_identical,3263,d0bf92d3ff40659339e22608c27e71ed246df17da3d0a70d8a4350be26b8319e
Additional_file_9_Screening_Code_and_Data.zip,jcm_revision/docking/runs/FLT4_lenvatinib_104729/input_ligand.sdf,jcm_revision/docking/runs/FLT4_lenvatinib_104729/input_ligand.sdf,retained_byte_identical,4183,5c85c51462ddadfe4a4207711b4216341b5feab39d40112b72d446a467aab06a
Additional_file_9_Screening_Code_and_Data.zip,jcm_revision/docking/runs/FLT4_lenvatinib_104729/poses.pdbqt,jcm_revision/docking/runs/FLT4_lenvatinib_104729/poses.pdbqt,retained_byte_identical,34821,92a7d1da3c36a8277c0a88050f29d654fc937445b66be4793e33c1279060cc85
Additional_file_9_Screening_Code_and_Data.zip,jcm_revision/docking/runs/FLT4_lenvatinib_104729/poses.sdf,jcm_revision/docking/runs/FLT4_lenvatinib_104729/poses.sdf,retained_byte_identical,42914,c8f1cad6ceac1114c9df0b408bc43e93037ccdfc762aee384563fc4d961b08a4
Additional_file_9_Screening_Code_and_Data.zip,jcm_revision/docking/runs/FLT4_lenvatinib_104729/result.json,jcm_revision/docking/runs/FLT4_lenvatinib_104729/result.json,retained_byte_identical,1508,c70a05c3a1a1c252222e9b6ca7717d41a00ed665f391d6d3a2f1901e9b0b6f14
Additional_file_9_Screening_Code_and_Data.zip,jcm_revision/docking/runs/FLT4_lenvatinib_130363/config.json,jcm_revision/docking/runs/FLT4_lenvatinib_130363/config.json,retained_byte_identical,511,b03c4444e9d6f005eeae1fe6609ab4fe7120e2235ed25d8059d15850494b90ac
Additional_file_9_Screening_Code_and_Data.zip,jcm_revision/docking/runs/FLT4_lenvatinib_130363/input_ligand.pdbqt,jcm_revision/docking/runs/FLT4_lenvatinib_130363/input_ligand.pdbqt,retained_byte_identical,3263,53e27366204731c3e209e35ae22cd9d3f7aa79be4b5fcaedd969e3064ba69996
Additional_file_9_Screening_Code_and_Data.zip,jcm_revision/docking/runs/FLT4_lenvatinib_130363/input_ligand.sdf,jcm_revision/docking/runs/FLT4_lenvatinib_130363/input_ligand.sdf,retained_byte_identical,4183,be52ecea2b36ba99bdc2e92cd02c341947a36f23d1b19c8448fab49fd3df9fd3
Additional_file_9_Screening_Code_and_Data.zip,jcm_revision/docking/runs/FLT4_lenvatinib_130363/poses.pdbqt,jcm_revision/docking/runs/FLT4_lenvatinib_130363/poses.pdbqt,retained_byte_identical,34821,350cac4fba63882e15d2b02e858fb6b0b0264e16f3e35471491b9fd0becd51bf
Additional_file_9_Screening_Code_and_Data.zip,jcm_revision/docking/runs/FLT4_lenvatinib_130363/poses.sdf,jcm_revision/docking/runs/FLT4_lenvatinib_130363/poses.sdf,retained_byte_identical,42914,94c5ec3f0adf2c8455157b662722f065fc3a27cf828abc91d778ee751de2891d
Additional_file_9_Screening_Code_and_Data.zip,jcm_revision/docking/runs/FLT4_lenvatinib_130363/result.json,jcm_revision/docking/runs/FLT4_lenvatinib_130363/result.json,retained_byte_identical,1517,8c6efbcadad70367e31c29d429b488d4bab04573a67a0a72487f8954778eb63f
Additional_file_9_Screening_Code_and_Data.zip,jcm_revision/docking/runs/FLT4_lenvatinib_155921/config.json,jcm_revision/docking/runs/FLT4_lenvatinib_155921/config.json,retained_byte_identical,511,ee9d498df04d3c3756d1e6e1239fa0da299f5bdb71fb5093276e6127a129e332
Additional_file_9_Screening_Code_and_Data.zip,jcm_revision/docking/runs/FLT4_lenvatinib_155921/input_ligand.pdbqt,jcm_revision/docking/runs/FLT4_lenvatinib_155921/input_ligand.pdbqt,retained_byte_identical,3263,68ec01ab17d0b1c12c313af4ad10d843fd09baee6fd9bac94bd6b53e55c70b0f
Additional_file_9_Screening_Code_and_Data.zip,jcm_revision/docking/runs/FLT4_lenvatinib_155921/input_ligand.sdf,jcm_revision/docking/runs/FLT4_lenvatinib_155921/input_ligand.sdf,retained_byte_identical,4183,6255c204b8e5bb89642f478df06f73abdde691221b8b87c03fb72698e0e41672
Additional_file_9_Screening_Code_and_Data.zip,jcm_revision/docking/runs/FLT4_lenvatinib_155921/poses.pdbqt,jcm_revision/docking/runs/FLT4_lenvatinib_155921/poses.pdbqt,retained_byte_identical,34821,ee1fb4dc08c8465c5c528d83006df99205ca3888845ea6582f92b7b0addc3697
Additional_file_9_Screening_Code_and_Data.zip,jcm_revision/docking/runs/FLT4_lenvatinib_155921/poses.sdf,jcm_revision/docking/runs/FLT4_lenvatinib_155921/poses.sdf,retained_byte_identical,42912,22bd1002d2c622067d6585fe69879aac67e1dca3be924ee6ec61356eddab733a
Additional_file_9_Screening_Code_and_Data.zip,jcm_revision/docking/runs/FLT4_lenvatinib_155921/result.json,jcm_revision/docking/runs/FLT4_lenvatinib_155921/result.json,retained_byte_identical,1512,9a2591008d8d8e5c5a84984ebe4e1ce3b68038bccf54a0369abd26163f1c93db
Additional_file_9_Screening_Code_and_Data.zip,jcm_revision/docking/runs/FLT4_nerandomilast_104729/config.json,jcm_revision/docking/runs/FLT4_nerandomilast_104729/config.json,retained_byte_identical,519,2e010af8bfd10ca0feaaa926f779f42214d0c7c51d17e9b61332341534166a33
Additional_file_9_Screening_Code_and_Data.zip,jcm_revision/docking/runs/FLT4_nerandomilast_104729/input_ligand.pdbqt,jcm_revision/docking/runs/FLT4_nerandomilast_104729/input_ligand.pdbqt,retained_byte_identical,3096,2d4d0ec20b6d2862437cd08eb50a361da5beb511e4bcb2db99e2872c485d9cfb
Additional_file_9_Screening_Code_and_Data.zip,jcm_revision/docking/runs/FLT4_nerandomilast_104729/input_ligand.sdf,jcm_revision/docking/runs/FLT4_nerandomilast_104729/input_ligand.sdf,retained_byte_identical,4694,38ad60dc8408bdc65bfa212ad2ee631b1a8094c898d6b6c9a55318d37379159c
Additional_file_9_Screening_Code_and_Data.zip,jcm_revision/docking/runs/FLT4_nerandomilast_104729/poses.pdbqt,jcm_revision/docking/runs/FLT4_nerandomilast_104729/poses.pdbqt,retained_byte_identical,33151,70c8f9e71448648e7d507ab48a293a4ce2e25b95c2f9f2db75e05f50d482b7ca
Additional_file_9_Screening_Code_and_Data.zip,jcm_revision/docking/runs/FLT4_nerandomilast_104729/poses.sdf,jcm_revision/docking/runs/FLT4_nerandomilast_104729/poses.sdf,retained_byte_identical,48021,f0ecbdd1ec6fdead2895b053d4fc23dd82f7dcd65082b3d7ff9fa56803df21a9
Additional_file_9_Screening_Code_and_Data.zip,jcm_revision/docking/runs/FLT4_nerandomilast_104729/result.json,jcm_revision/docking/runs/FLT4_nerandomilast_104729/result.json,retained_byte_identical,1522,7e4f42d2619bc13e15acda1728350f30037e665193832c2fa9fe29870fe9eac1
Additional_file_9_Screening_Code_and_Data.zip,jcm_revision/docking/runs/FLT4_nerandomilast_130363/config.json,jcm_revision/docking/runs/FLT4_nerandomilast_130363/config.json,retained_byte_identical,519,6a7dcffd3d11c04b995acef716b626792899bde06d205b6c7e5153b5e0b3e07c
Additional_file_9_Screening_Code_and_Data.zip,jcm_revision/docking/runs/FLT4_nerandomilast_130363/input_ligand.pdbqt,jcm_revision/docking/runs/FLT4_nerandomilast_130363/input_ligand.pdbqt,retained_byte_identical,3096,82ed959b161cd2c2753edd5a58d17ec2cd6e794e4a64cfc9b712374728601a00
Additional_file_9_Screening_Code_and_Data.zip,jcm_revision/docking/runs/FLT4_nerandomilast_130363/input_ligand.sdf,jcm_revision/docking/runs/FLT4_nerandomilast_130363/input_ligand.sdf,retained_byte_identical,4694,a8811806f7f22689bc4714b2e6a7f24b5ccabea5fb72fcceab07535a76e34ab7
Additional_file_9_Screening_Code_and_Data.zip,jcm_revision/docking/runs/FLT4_nerandomilast_130363/poses.pdbqt,jcm_revision/docking/runs/FLT4_nerandomilast_130363/poses.pdbqt,retained_byte_identical,33151,8b14dfd26d2a14f75eddd986c434e1bbba47fde78c87f7a1cff5d93b5ab1aab9
Additional_file_9_Screening_Code_and_Data.zip,jcm_revision/docking/runs/FLT4_nerandomilast_130363/poses.sdf,jcm_revision/docking/runs/FLT4_nerandomilast_130363/poses.sdf,retained_byte_identical,48024,675fd61f2f5b6e03467274accdee7bc468bfb7a29270cba154b293c7478de329
Additional_file_9_Screening_Code_and_Data.zip,jcm_revision/docking/runs/FLT4_nerandomilast_130363/result.json,jcm_revision/docking/runs/FLT4_nerandomilast_130363/result.json,retained_byte_identical,1526,755d5cea3149d13c5aa88343a837b09344184076228a15fb446d5f016a89f1a7
Additional_file_9_Screening_Code_and_Data.zip,jcm_revision/docking/runs/FLT4_nerandomilast_155921/config.json,jcm_revision/docking/runs/FLT4_nerandomilast_155921/config.json,retained_byte_identical,519,11f75d011b1acf2abf380d0e843de589a83d61af60bb6b1fc1202d296098fd51
Additional_file_9_Screening_Code_and_Data.zip,jcm_revision/docking/runs/FLT4_nerandomilast_155921/input_ligand.pdbqt,jcm_revision/docking/runs/FLT4_nerandomilast_155921/input_ligand.pdbqt,retained_byte_identical,3096,a44eff83d6fd626b17224c84cc64fd0cd9020d824098556b1d0d01c839af2e67
Additional_file_9_Screening_Code_and_Data.zip,jcm_revision/docking/runs/FLT4_nerandomilast_155921/input_ligand.sdf,jcm_revision/docking/runs/FLT4_nerandomilast_155921/input_ligand.sdf,retained_byte_identical,4694,2089d6a34e9fcc45aeba7efd904c1c909859f5b0092fafe2270a1398ee7675c2
Additional_file_9_Screening_Code_and_Data.zip,jcm_revision/docking/runs/FLT4_nerandomilast_155921/poses.pdbqt,jcm_revision/docking/runs/FLT4_nerandomilast_155921/poses.pdbqt,retained_byte_identical,33151,5bd12db31824dd5e53ee6586514bf2aff6225b211d5d05c73cf2252ee3070b68
Additional_file_9_Screening_Code_and_Data.zip,jcm_revision/docking/runs/FLT4_nerandomilast_155921/poses.sdf,jcm_revision/docking/runs/FLT4_nerandomilast_155921/poses.sdf,retained_byte_identical,48024,a197b41bbb22bf209b1aaeb07af141963764ee3dc4c80eda1b782e5f9cc7bb60
Additional_file_9_Screening_Code_and_Data.zip,jcm_revision/docking/runs/FLT4_nerandomilast_155921/result.json,jcm_revision/docking/runs/FLT4_nerandomilast_155921/result.json,retained_byte_identical,1522,e43896cddb908fbeff33dc14036e3311003b8caad49f73ccc57de1340e6afc3b
Additional_file_9_Screening_Code_and_Data.zip,jcm_revision/docking/runs/FLT4_nintedanib_104729/config.json,jcm_revision/docking/runs/FLT4_nintedanib_104729/config.json,retained_byte_identical,533,d6333c2d0a36585e4f9f24d4fdc19749e371c5f0d97b9e3fcc30511f3798390f
Additional_file_9_Screening_Code_and_Data.zip,jcm_revision/docking/runs/FLT4_nintedanib_104729/input_ligand.pdbqt,jcm_revision/docking/runs/FLT4_nintedanib_104729/input_ligand.pdbqt,retained_byte_identical,4089,970ac8ead6e89494ab32ba67785db1ba8ff3285b861fc72289415a58f5deae80
Additional_file_9_Screening_Code_and_Data.zip,jcm_revision/docking/runs/FLT4_nintedanib_104729/input_ligand.sdf,jcm_revision/docking/runs/FLT4_nintedanib_104729/input_ligand.sdf,retained_byte_identical,6188,a46dcc35e7c45c06476e22d987d401245130efd348fbb68d1902e082f0c2b8ac
Additional_file_9_Screening_Code_and_Data.zip,jcm_revision/docking/runs/FLT4_nintedanib_104729/poses.pdbqt,jcm_revision/docking/runs/FLT4_nintedanib_104729/poses.pdbqt,retained_byte_identical,43081,6b25adde2cd665f7b6f5de87ecc79dcff9737b36d2cf417e728323e0403cb267
Additional_file_9_Screening_Code_and_Data.zip,jcm_revision/docking/runs/FLT4_nintedanib_104729/poses.sdf,jcm_revision/docking/runs/FLT4_nintedanib_104729/poses.sdf,retained_byte_identical,62964,39665f3c73cf8064a6a01706aea6e02eef0a105d37a7552d012923ee6ddb2b98
Additional_file_9_Screening_Code_and_Data.zip,jcm_revision/docking/runs/FLT4_nintedanib_104729/result.json,jcm_revision/docking/runs/FLT4_nintedanib_104729/result.json,retained_byte_identical,1544,cca44fb31e1764a501fec6716af06bfe98e0eaf3206c6e52755fd7e12aab932f
Additional_file_9_Screening_Code_and_Data.zip,jcm_revision/docking/runs/FLT4_nintedanib_130363/config.json,jcm_revision/docking/runs/FLT4_nintedanib_130363/config.json,retained_byte_identical,533,0215fcd14570670baac44b9aa101d846ce5f70357718448a0fad69d05aa1c1d0
Additional_file_9_Screening_Code_and_Data.zip,jcm_revision/docking/runs/FLT4_nintedanib_130363/input_ligand.pdbqt,jcm_revision/docking/runs/FLT4_nintedanib_130363/input_ligand.pdbqt,retained_byte_identical,4089,f99b4703d0947a852b96b4d16b03de01ed011919444645249cf9f2fe2bb9c7f6
Additional_file_9_Screening_Code_and_Data.zip,jcm_revision/docking/runs/FLT4_nintedanib_130363/input_ligand.sdf,jcm_revision/docking/runs/FLT4_nintedanib_130363/input_ligand.sdf,retained_byte_identical,6188,c4abac60e3008222296f1938814643018ba2921ba21ac8ff9f302504689c627a
Additional_file_9_Screening_Code_and_Data.zip,jcm_revision/docking/runs/FLT4_nintedanib_130363/poses.pdbqt,jcm_revision/docking/runs/FLT4_nintedanib_130363/poses.pdbqt,retained_byte_identical,38772,d7d178a75ad2ccb21efa082bdd42cd7dd15753e3049d95248c3bfd54be57e74c
Additional_file_9_Screening_Code_and_Data.zip,jcm_revision/docking/runs/FLT4_nintedanib_130363/poses.sdf,jcm_revision/docking/runs/FLT4_nintedanib_130363/poses.sdf,retained_byte_identical,56664,b286ae29ac9249866348c32cce445b28fb0e08a3018cb50042f1feab25355dbc
Additional_file_9_Screening_Code_and_Data.zip,jcm_revision/docking/runs/FLT4_nintedanib_130363/result.json,jcm_revision/docking/runs/FLT4_nintedanib_130363/result.json,retained_byte_identical,1462,a82871fe9ff77129b9c3f503bd3b8f37c4ad5144ca7ac07ef52aa9e6746205d3
Additional_file_9_Screening_Code_and_Data.zip,jcm_revision/docking/runs/FLT4_nintedanib_155921/config.json,jcm_revision/docking/runs/FLT4_nintedanib_155921/config.json,retained_byte_identical,533,9f39d83a528e1285529274d69322a0053ce2463230139e10c566b3fad93e0ca8
Additional_file_9_Screening_Code_and_Data.zip,jcm_revision/docking/runs/FLT4_nintedanib_155921/input_ligand.pdbqt,jcm_revision/docking/runs/FLT4_nintedanib_155921/input_ligand.pdbqt,retained_byte_identical,4089,16d2c8aa10689547a6bb2b8dd3816f839d07e6467dff75bcd65e6f6b9145a449
Additional_file_9_Screening_Code_and_Data.zip,jcm_revision/docking/runs/FLT4_nintedanib_155921/input_ligand.sdf,jcm_revision/docking/runs/FLT4_nintedanib_155921/input_ligand.sdf,retained_byte_identical,6188,c5f21c10bd1ffda41e09891919e5f700e7547e9f6993b69917916535131c5846
Additional_file_9_Screening_Code_and_Data.zip,jcm_revision/docking/runs/FLT4_nintedanib_155921/poses.pdbqt,jcm_revision/docking/runs/FLT4_nintedanib_155921/poses.pdbqt,retained_byte_identical,43081,179d64b38c35517d7e7f59a914236157908f04b24b564eca7a9009b49cae0a98
Additional_file_9_Screening_Code_and_Data.zip,jcm_revision/docking/runs/FLT4_nintedanib_155921/poses.sdf,jcm_revision/docking/runs/FLT4_nintedanib_155921/poses.sdf,retained_byte_identical,62965,32ab8a6cb69236644f6c3c545eadf8216dcd1e0dee4a72416a1d3080f80595b1
Additional_file_9_Screening_Code_and_Data.zip,jcm_revision/docking/runs/FLT4_nintedanib_155921/result.json,jcm_revision/docking/runs/FLT4_nintedanib_155921/result.json,retained_byte_identical,1541,55ed54851f746238fa91044410f854739bd9cf68569e831eccc8f2a00a4a5410
Additional_file_9_Screening_Code_and_Data.zip,jcm_revision/docking/runs/FLT4_pazopanib_104729/config.json,jcm_revision/docking/runs/FLT4_pazopanib_104729/config.json,retained_byte_identical,514,9eb0a393de2ae95011024763a55224424f7a585998ab46200a827627e4e92e88
Additional_file_9_Screening_Code_and_Data.zip,jcm_revision/docking/runs/FLT4_pazopanib_104729/input_ligand.pdbqt,jcm_revision/docking/runs/FLT4_pazopanib_104729/input_ligand.pdbqt,retained_byte_identical,3266,97726e954aae4bbf9322f3ab39a243a42d70648fc9a1f316daa7f565e0c8f5b0
Additional_file_9_Screening_Code_and_Data.zip,jcm_revision/docking/runs/FLT4_pazopanib_104729/input_ligand.sdf,jcm_revision/docking/runs/FLT4_pazopanib_104729/input_ligand.sdf,retained_byte_identical,4598,5e6a8185fab03f8a0dbf170dbddb60533879b8e2e7afea4b5c7e1e46214f73ed
Additional_file_9_Screening_Code_and_Data.zip,jcm_revision/docking/runs/FLT4_pazopanib_104729/poses.pdbqt,jcm_revision/docking/runs/FLT4_pazopanib_104729/poses.pdbqt,retained_byte_identical,34851,1b1648d43218ac237fcfe1d949ccc03a7c1c662690728a33c646e5d292436e0e
Additional_file_9_Screening_Code_and_Data.zip,jcm_revision/docking/runs/FLT4_pazopanib_104729/poses.sdf,jcm_revision/docking/runs/FLT4_pazopanib_104729/poses.sdf,retained_byte_identical,47063,78d84a1611a95daf7fc5efa7ae3ea760eecb17ecce87be698b823b651f0d0f1a
Additional_file_9_Screening_Code_and_Data.zip,jcm_revision/docking/runs/FLT4_pazopanib_104729/result.json,jcm_revision/docking/runs/FLT4_pazopanib_104729/result.json,retained_byte_identical,1519,91f55c7b0fe679495c1e02c9d519a5746957481b04fc28646a4a8c5bc5ad029e
Additional_file_9_Screening_Code_and_Data.zip,jcm_revision/docking/runs/FLT4_pazopanib_130363/config.json,jcm_revision/docking/runs/FLT4_pazopanib_130363/config.json,retained_byte_identical,514,4f34d9a2ce494f4843da7609992b1b0fd587175db783b37c3ad1bb1a5769203c
Additional_file_9_Screening_Code_and_Data.zip,jcm_revision/docking/runs/FLT4_pazopanib_130363/input_ligand.pdbqt,jcm_revision/docking/runs/FLT4_pazopanib_130363/input_ligand.pdbqt,retained_byte_identical,3266,ac8f8b7e2aaefda7c5fb9d09a3baddb3f09f4025a3a68a154442ae143a885ee8
Additional_file_9_Screening_Code_and_Data.zip,jcm_revision/docking/runs/FLT4_pazopanib_130363/input_ligand.sdf,jcm_revision/docking/runs/FLT4_pazopanib_130363/input_ligand.sdf,retained_byte_identical,4598,2ff63d02bb661893fe383055b641663e153e08911e89a897745f1728645b9d18
Additional_file_9_Screening_Code_and_Data.zip,jcm_revision/docking/runs/FLT4_pazopanib_130363/poses.pdbqt,jcm_revision/docking/runs/FLT4_pazopanib_130363/poses.pdbqt,retained_byte_identical,34851,79b6057514f08d22ce681998259b5956b84d5b468f977f8bfe31785122aef837
Additional_file_9_Screening_Code_and_Data.zip,jcm_revision/docking/runs/FLT4_pazopanib_130363/poses.sdf,jcm_revision/docking/runs/FLT4_pazopanib_130363/poses.sdf,retained_byte_identical,47063,f08cf3daebc1501545ed53a98e7d07ae2ef307ac04835ea3619ce6898a5e04e0
Additional_file_9_Screening_Code_and_Data.zip,jcm_revision/docking/runs/FLT4_pazopanib_130363/result.json,jcm_revision/docking/runs/FLT4_pazopanib_130363/result.json,retained_byte_identical,1520,671e99ca5d778e25232d2af71475f250a7e43bd9ec9dfd581be2d28b137168f9
Additional_file_9_Screening_Code_and_Data.zip,jcm_revision/docking/runs/FLT4_pazopanib_155921/config.json,jcm_revision/docking/runs/FLT4_pazopanib_155921/config.json,retained_byte_identical,514,00f12b1792f25386b8eac255e17ee5967f1590e167a2c984fd3dc0716d8ac7fd
Additional_file_9_Screening_Code_and_Data.zip,jcm_revision/docking/runs/FLT4_pazopanib_155921/input_ligand.pdbqt,jcm_revision/docking/runs/FLT4_pazopanib_155921/input_ligand.pdbqt,retained_byte_identical,3266,e4201ce288e267ec1892504997855721a17db13505a0f393138cfbe344b861a5
Additional_file_9_Screening_Code_and_Data.zip,jcm_revision/docking/runs/FLT4_pazopanib_155921/input_ligand.sdf,jcm_revision/docking/runs/FLT4_pazopanib_155921/input_ligand.sdf,retained_byte_identical,4598,fd177b96ef88bea6084dc054964311b202e128f104fd3e164dd1a2e4b0987b54
Additional_file_9_Screening_Code_and_Data.zip,jcm_revision/docking/runs/FLT4_pazopanib_155921/poses.pdbqt,jcm_revision/docking/runs/FLT4_pazopanib_155921/poses.pdbqt,retained_byte_identical,34851,65ca74f3f5bddbb567df729034524e0c8c158d837b955f58856096ebec6669b6
Additional_file_9_Screening_Code_and_Data.zip,jcm_revision/docking/runs/FLT4_pazopanib_155921/poses.sdf,jcm_revision/docking/runs/FLT4_pazopanib_155921/poses.sdf,retained_byte_identical,47060,5d1d8fecf4216e70dc13e9c496470567efe996730a3ac8deeb2fcf44f5de1677
Additional_file_9_Screening_Code_and_Data.zip,jcm_revision/docking/runs/FLT4_pazopanib_155921/result.json,jcm_revision/docking/runs/FLT4_pazopanib_155921/result.json,retained_byte_identical,1516,0cecbdabc6c648b0764c6eef42ae6b6795e950cb5152c112cfc417a5f4e51cfc
Additional_file_9_Screening_Code_and_Data.zip,jcm_revision/docking/runs/FLT4_pirfenidone_104729/config.json,jcm_revision/docking/runs/FLT4_pirfenidone_104729/config.json,retained_byte_identical,485,bf0bf054087b5e1f827fc1515630fc34f6503c8b51342bd0e5edaabc8a25ec8f
Additional_file_9_Screening_Code_and_Data.zip,jcm_revision/docking/runs/FLT4_pirfenidone_104729/input_ligand.pdbqt,jcm_revision/docking/runs/FLT4_pirfenidone_104729/input_ligand.pdbqt,retained_byte_identical,1333,b5cf890b3888faf3238899a5d4f82f5cfc750803de39788153bbefb57ff2c84d
Additional_file_9_Screening_Code_and_Data.zip,jcm_revision/docking/runs/FLT4_pirfenidone_104729/input_ligand.sdf,jcm_revision/docking/runs/FLT4_pirfenidone_104729/input_ligand.sdf,retained_byte_identical,2165,0f03fc041eef0c1711c39e874bbfe96bdf58dd76c9f905b8aa4375d40f901dde
Additional_file_9_Screening_Code_and_Data.zip,jcm_revision/docking/runs/FLT4_pirfenidone_104729/poses.pdbqt,jcm_revision/docking/runs/FLT4_pirfenidone_104729/poses.pdbqt,retained_byte_identical,15521,f56b4970500c485ecf102f7c3656c945bb96f198d3c641fc2d0e304e8a47f863
Additional_file_9_Screening_Code_and_Data.zip,jcm_revision/docking/runs/FLT4_pirfenidone_104729/poses.sdf,jcm_revision/docking/runs/FLT4_pirfenidone_104729/poses.sdf,retained_byte_identical,22733,67827916f63bfa2618017c0bb0c24e1f8202aa1b58d2ec342f3d21eed9216e11
Additional_file_9_Screening_Code_and_Data.zip,jcm_revision/docking/runs/FLT4_pirfenidone_104729/result.json,jcm_revision/docking/runs/FLT4_pirfenidone_104729/result.json,retained_byte_identical,1478,fadcb7063b8e4603e5512184cba033253485e3b91eb4f2057c260b9c7774e0ec
Additional_file_9_Screening_Code_and_Data.zip,jcm_revision/docking/runs/FLT4_pirfenidone_130363/config.json,jcm_revision/docking/runs/FLT4_pirfenidone_130363/config.json,retained_byte_identical,485,e985f21f53facd8199616a3752623fbb2ce16f0b71c19c279fd4500a3edafb0e
Additional_file_9_Screening_Code_and_Data.zip,jcm_revision/docking/runs/FLT4_pirfenidone_130363/input_ligand.pdbqt,jcm_revision/docking/runs/FLT4_pirfenidone_130363/input_ligand.pdbqt,retained_byte_identical,1333,2ecf20c55956fc858b9695f459f1bded189fb54ecf3b466b102a896f54ff82c7
Additional_file_9_Screening_Code_and_Data.zip,jcm_revision/docking/runs/FLT4_pirfenidone_130363/input_ligand.sdf,jcm_revision/docking/runs/FLT4_pirfenidone_130363/input_ligand.sdf,retained_byte_identical,2165,96cbea3bab3fb45440dc7e3db17fa31fb89f874cebc6817b60bfac800a1a9c93
Additional_file_9_Screening_Code_and_Data.zip,jcm_revision/docking/runs/FLT4_pirfenidone_130363/poses.pdbqt,jcm_revision/docking/runs/FLT4_pirfenidone_130363/poses.pdbqt,retained_byte_identical,15521,e9c55b3aec79798e0981deff3a6a27f6d49fe708311374d64ac0fcca86e3e29d
Additional_file_9_Screening_Code_and_Data.zip,jcm_revision/docking/runs/FLT4_pirfenidone_130363/poses.sdf,jcm_revision/docking/runs/FLT4_pirfenidone_130363/poses.sdf,retained_byte_identical,22734,703b25faadf23c4fdc48d3e5778da4be9000304a6ca880366aab03150d6c53d5
Additional_file_9_Screening_Code_and_Data.zip,jcm_revision/docking/runs/FLT4_pirfenidone_130363/result.json,jcm_revision/docking/runs/FLT4_pirfenidone_130363/result.json,retained_byte_identical,1479,c72e3e426271a20dea38e15a169507d69179c0d425c07d41f4c6123a8be9b846
Additional_file_9_Screening_Code_and_Data.zip,jcm_revision/docking/runs/FLT4_pirfenidone_155921/config.json,jcm_revision/docking/runs/FLT4_pirfenidone_155921/config.json,retained_byte_identical,485,eda9b73574e89bdda11bdbf380fbb7260a5bf1fe6efeeeb8ba1bb02c83b9f619
Additional_file_9_Screening_Code_and_Data.zip,jcm_revision/docking/runs/FLT4_pirfenidone_155921/input_ligand.pdbqt,jcm_revision/docking/runs/FLT4_pirfenidone_155921/input_ligand.pdbqt,retained_byte_identical,1333,3d34e1b68e19363ec70a99afd99017053c5f07bcb5a8be08f3c72bef3d3116e7
Additional_file_9_Screening_Code_and_Data.zip,jcm_revision/docking/runs/FLT4_pirfenidone_155921/input_ligand.sdf,jcm_revision/docking/runs/FLT4_pirfenidone_155921/input_ligand.sdf,retained_byte_identical,2165,ec763214325edc13a6f27d15995570e425a5ca9665d1a2ff8a92ab6ad7ba7cc7
Additional_file_9_Screening_Code_and_Data.zip,jcm_revision/docking/runs/FLT4_pirfenidone_155921/poses.pdbqt,jcm_revision/docking/runs/FLT4_pirfenidone_155921/poses.pdbqt,retained_byte_identical,15521,a40dd441b1b0ca4dca5e3fa5a195bf74a0bece2c39d7bfad371f0b4d75cefaba
Additional_file_9_Screening_Code_and_Data.zip,jcm_revision/docking/runs/FLT4_pirfenidone_155921/poses.sdf,jcm_revision/docking/runs/FLT4_pirfenidone_155921/poses.sdf,retained_byte_identical,22733,6dddb498994cb100e024970397ee5c7548f1464f5d062624aed66bba224cd548
Additional_file_9_Screening_Code_and_Data.zip,jcm_revision/docking/runs/FLT4_pirfenidone_155921/result.json,jcm_revision/docking/runs/FLT4_pirfenidone_155921/result.json,retained_byte_identical,1478,9fe76ab52a845368ace39cb688042390671a7aaca98fedf3adfeeea543b80a1c
Additional_file_9_Screening_Code_and_Data.zip,jcm_revision/docking/runs/FLT4_ponatinib_104729/config.json,jcm_revision/docking/runs/FLT4_ponatinib_104729/config.json,retained_byte_identical,524,7bf170582c804b397b70da37ac55a5f14eb0d4b275362c55a4171456a0d87157
Additional_file_9_Screening_Code_and_Data.zip,jcm_revision/docking/runs/FLT4_ponatinib_104729/input_ligand.pdbqt,jcm_revision/docking/runs/FLT4_ponatinib_104729/input_ligand.pdbqt,retained_byte_identical,3810,c7350ef9bf5bf304c0c020ca16da26fb1fe5b77c854cb6b0183af8818ed679ed
Additional_file_9_Screening_Code_and_Data.zip,jcm_revision/docking/runs/FLT4_ponatinib_104729/input_ligand.sdf,jcm_revision/docking/runs/FLT4_ponatinib_104729/input_ligand.sdf,retained_byte_identical,5607,2231c985baca1757fd3e3f9150a740ba2e0919b590f76c1bbf35940531f8afda
Additional_file_9_Screening_Code_and_Data.zip,jcm_revision/docking/runs/FLT4_ponatinib_104729/poses.pdbqt,jcm_revision/docking/runs/FLT4_ponatinib_104729/poses.pdbqt,retained_byte_identical,40291,f36445481231115ef03353845222fba25a43af692b72a699a0492eaac40e7be4
Additional_file_9_Screening_Code_and_Data.zip,jcm_revision/docking/runs/FLT4_ponatinib_104729/poses.sdf,jcm_revision/docking/runs/FLT4_ponatinib_104729/poses.sdf,retained_byte_identical,57157,eb7ce75a8594c1cb12422db933fcdce73566c0daa7755493341c9796e90676f9
Additional_file_9_Screening_Code_and_Data.zip,jcm_revision/docking/runs/FLT4_ponatinib_104729/result.json,jcm_revision/docking/runs/FLT4_ponatinib_104729/result.json,retained_byte_identical,1533,afd08eda2510e4d9ff1b8716a917f1e123eb83c956bd2bd8d5c5137c1ed4fd81
Additional_file_9_Screening_Code_and_Data.zip,jcm_revision/docking/runs/FLT4_ponatinib_130363/config.json,jcm_revision/docking/runs/FLT4_ponatinib_130363/config.json,retained_byte_identical,524,0d702cfdc00c35c612d81da8747f6d4731ad10f64e8dfe2e2fe1cc3629cd7222
Additional_file_9_Screening_Code_and_Data.zip,jcm_revision/docking/runs/FLT4_ponatinib_130363/input_ligand.pdbqt,jcm_revision/docking/runs/FLT4_ponatinib_130363/input_ligand.pdbqt,retained_byte_identical,3810,773f719a06684d37cdf34f86f8ccf7f4b46006d56af1b97e7e07fbbda70e3eac
Additional_file_9_Screening_Code_and_Data.zip,jcm_revision/docking/runs/FLT4_ponatinib_130363/input_ligand.sdf,jcm_revision/docking/runs/FLT4_ponatinib_130363/input_ligand.sdf,retained_byte_identical,5607,da3d46974a23b2a5341f5a534e6b5b08c1c1ba2be764c4537dae65fefab1e45e
Additional_file_9_Screening_Code_and_Data.zip,jcm_revision/docking/runs/FLT4_ponatinib_130363/poses.pdbqt,jcm_revision/docking/runs/FLT4_ponatinib_130363/poses.pdbqt,retained_byte_identical,40291,c96297f554ee06ea5a923acb6c4c84e71a8367527e7ea2b4cbf4c57d659a9791
Additional_file_9_Screening_Code_and_Data.zip,jcm_revision/docking/runs/FLT4_ponatinib_130363/poses.sdf,jcm_revision/docking/runs/FLT4_ponatinib_130363/poses.sdf,retained_byte_identical,57156,31e4d99ce07e445e7ca4c3cbc5bbda26c07ac566d08aaffd13669cc211cd42bc
Additional_file_9_Screening_Code_and_Data.zip,jcm_revision/docking/runs/FLT4_ponatinib_130363/result.json,jcm_revision/docking/runs/FLT4_ponatinib_130363/result.json,retained_byte_identical,1535,2daca9da846c2f55f93e21778a60b6ceb788073d6aa5238ba5c1c7667666dae3
Additional_file_9_Screening_Code_and_Data.zip,jcm_revision/docking/runs/FLT4_ponatinib_155921/config.json,jcm_revision/docking/runs/FLT4_ponatinib_155921/config.json,retained_byte_identical,524,2a16025ab61e2c93b7f4fe0352dc2034b69ea5c719ae5bd4fc488e7b73439e9e
Additional_file_9_Screening_Code_and_Data.zip,jcm_revision/docking/runs/FLT4_ponatinib_155921/input_ligand.pdbqt,jcm_revision/docking/runs/FLT4_ponatinib_155921/input_ligand.pdbqt,retained_byte_identical,3810,e1f8f73bec771f914a6131b9dcfe164349df4583d07b9152713229799512a1d7
Additional_file_9_Screening_Code_and_Data.zip,jcm_revision/docking/runs/FLT4_ponatinib_155921/input_ligand.sdf,jcm_revision/docking/runs/FLT4_ponatinib_155921/input_ligand.sdf,retained_byte_identical,5607,51c802c89110c434e6de0162fb76fb8e4aadcc03ebeff76517a9e1e347b650ae
Additional_file_9_Screening_Code_and_Data.zip,jcm_revision/docking/runs/FLT4_ponatinib_155921/poses.pdbqt,jcm_revision/docking/runs/FLT4_ponatinib_155921/poses.pdbqt,retained_byte_identical,40291,235c1d74ce0d91dda5012988ce56295f76ade0b91880fb37420136d7fb44c31d
Additional_file_9_Screening_Code_and_Data.zip,jcm_revision/docking/runs/FLT4_ponatinib_155921/poses.sdf,jcm_revision/docking/runs/FLT4_ponatinib_155921/poses.sdf,retained_byte_identical,57152,467c3e18b2622f6189c38acf944270c3ca3d5e5bea88f12e0e3c5e2d21d9d382
Additional_file_9_Screening_Code_and_Data.zip,jcm_revision/docking/runs/FLT4_ponatinib_155921/result.json,jcm_revision/docking/runs/FLT4_ponatinib_155921/result.json,retained_byte_identical,1530,13cf469b35c56aad897e8dc501d18ef9d0029a03275983102fc5ca9af6ea4f51
Additional_file_9_Screening_Code_and_Data.zip,jcm_revision/docking/runs/FLT4_regorafenib_104729/config.json,jcm_revision/docking/runs/FLT4_regorafenib_104729/config.json,retained_byte_identical,521,169abfba38bd073f07639e2283bdb41e4fa500621a712a4b8cc02813f20a6e65
Additional_file_9_Screening_Code_and_Data.zip,jcm_revision/docking/runs/FLT4_regorafenib_104729/input_ligand.pdbqt,jcm_revision/docking/runs/FLT4_regorafenib_104729/input_ligand.pdbqt,retained_byte_identical,3461,a92fda2673057b88ff3cbb3e17b8eb1d230cba818b906a28e3ebd3539be7a067
Additional_file_9_Screening_Code_and_Data.zip,jcm_revision/docking/runs/FLT4_regorafenib_104729/input_ligand.sdf,jcm_revision/docking/runs/FLT4_regorafenib_104729/input_ligand.sdf,retained_byte_identical,4087,0df503a4cb82d543ce0b7c75922622676d7f9527455560417c36bc876a9726c7
Additional_file_9_Screening_Code_and_Data.zip,jcm_revision/docking/runs/FLT4_regorafenib_104729/poses.pdbqt,jcm_revision/docking/runs/FLT4_regorafenib_104729/poses.pdbqt,retained_byte_identical,36801,905ae97423cd14df5c939b6730c8d96ad7dfb506b788da53971610216431ecee
Additional_file_9_Screening_Code_and_Data.zip,jcm_revision/docking/runs/FLT4_regorafenib_104729/poses.sdf,jcm_revision/docking/runs/FLT4_regorafenib_104729/poses.sdf,retained_byte_identical,41952,2848b107ebd4952e349b65877f39b54f0890576c635a3170451257eedf593b0a
Additional_file_9_Screening_Code_and_Data.zip,jcm_revision/docking/runs/FLT4_regorafenib_104729/result.json,jcm_revision/docking/runs/FLT4_regorafenib_104729/result.json,retained_byte_identical,1530,c02e83e9b31690e41c038b54129e5d4380ce5c30736202d3e780370b36cb259c
Additional_file_9_Screening_Code_and_Data.zip,jcm_revision/docking/runs/FLT4_regorafenib_130363/config.json,jcm_revision/docking/runs/FLT4_regorafenib_130363/config.json,retained_byte_identical,521,6d804490b8ef0373de720aae00724700d8c7c1d54005282e4f6d1e857520dc71
Additional_file_9_Screening_Code_and_Data.zip,jcm_revision/docking/runs/FLT4_regorafenib_130363/input_ligand.pdbqt,jcm_revision/docking/runs/FLT4_regorafenib_130363/input_ligand.pdbqt,retained_byte_identical,3461,bbe31d89a22e3517a353a6981cbb255d942190c896897983769b8327fd2190e4
Additional_file_9_Screening_Code_and_Data.zip,jcm_revision/docking/runs/FLT4_regorafenib_130363/input_ligand.sdf,jcm_revision/docking/runs/FLT4_regorafenib_130363/input_ligand.sdf,retained_byte_identical,4087,97b23134c4623096141a759e1251255149ddd202338f8523c827f0ca44a10500
Additional_file_9_Screening_Code_and_Data.zip,jcm_revision/docking/runs/FLT4_regorafenib_130363/poses.pdbqt,jcm_revision/docking/runs/FLT4_regorafenib_130363/poses.pdbqt,retained_byte_identical,36801,3674154510fd021a5286e5b59169865a93c48115ef941621dda0edb56928eb61
Additional_file_9_Screening_Code_and_Data.zip,jcm_revision/docking/runs/FLT4_regorafenib_130363/poses.sdf,jcm_revision/docking/runs/FLT4_regorafenib_130363/poses.sdf,retained_byte_identical,41951,d05753a312349f02c80fa947964a1cf4de90beda5ba548549eab7cb30bc02d2e
Additional_file_9_Screening_Code_and_Data.zip,jcm_revision/docking/runs/FLT4_regorafenib_130363/result.json,jcm_revision/docking/runs/FLT4_regorafenib_130363/result.json,retained_byte_identical,1526,ebe904ca1b1e1b0d61b4d8550781e0252e00cc291342c6c812e6b0793d1e1c7f
Additional_file_9_Screening_Code_and_Data.zip,jcm_revision/docking/runs/FLT4_regorafenib_155921/config.json,jcm_revision/docking/runs/FLT4_regorafenib_155921/config.json,retained_byte_identical,521,1e9d6dcedfa31827e8db8e9d9c932e4356cbabc6e865ab369dce86cd7cf4bec3
Additional_file_9_Screening_Code_and_Data.zip,jcm_revision/docking/runs/FLT4_regorafenib_155921/input_ligand.pdbqt,jcm_revision/docking/runs/FLT4_regorafenib_155921/input_ligand.pdbqt,retained_byte_identical,3461,6047d00e216a0e197321f5a0e18023b5f61f84d21b5b61271cd07fa8a061b156
Additional_file_9_Screening_Code_and_Data.zip,jcm_revision/docking/runs/FLT4_regorafenib_155921/input_ligand.sdf,jcm_revision/docking/runs/FLT4_regorafenib_155921/input_ligand.sdf,retained_byte_identical,4087,dd272a81a1b4a0b9472705f1368f37a94d90bfbaa313771328cc6e330bfc7b9c
Additional_file_9_Screening_Code_and_Data.zip,jcm_revision/docking/runs/FLT4_regorafenib_155921/poses.pdbqt,jcm_revision/docking/runs/FLT4_regorafenib_155921/poses.pdbqt,retained_byte_identical,36801,7195fe919a2415edd8c35964cb4e584165f9597b15565eb87fcb84c5b0081666
Additional_file_9_Screening_Code_and_Data.zip,jcm_revision/docking/runs/FLT4_regorafenib_155921/poses.sdf,jcm_revision/docking/runs/FLT4_regorafenib_155921/poses.sdf,retained_byte_identical,41954,462a318b4f9eb94986187e1c8bb58c52c4348436edcc2abaf605d91163d041ef
Additional_file_9_Screening_Code_and_Data.zip,jcm_revision/docking/runs/FLT4_regorafenib_155921/result.json,jcm_revision/docking/runs/FLT4_regorafenib_155921/result.json,retained_byte_identical,1532,f6122c6a6650aa409d24a9c82681aae4472f551953ccdc1fb3b1e9ede3613958
Additional_file_9_Screening_Code_and_Data.zip,jcm_revision/docking/runs/FLT4_ripretinib_104729/config.json,jcm_revision/docking/runs/FLT4_ripretinib_104729/config.json,retained_byte_identical,517,9b0dd5b4bca3ce8fc2bb3def92ec2e485e53a0245db44095d65a95b2dc3124d9
Additional_file_9_Screening_Code_and_Data.zip,jcm_revision/docking/runs/FLT4_ripretinib_104729/input_ligand.pdbqt,jcm_revision/docking/runs/FLT4_ripretinib_104729/input_ligand.pdbqt,retained_byte_identical,3426,95bd927ee701679834fc6260c5eb18c993e4f089950c4cc826e0980c34de328f
Additional_file_9_Screening_Code_and_Data.zip,jcm_revision/docking/runs/FLT4_ripretinib_104729/input_ligand.sdf,jcm_revision/docking/runs/FLT4_ripretinib_104729/input_ligand.sdf,retained_byte_identical,4598,13cb0fce3e2661b486e24a29894e3575848cb785c88dd4a83e7a490bab53e487
Additional_file_9_Screening_Code_and_Data.zip,jcm_revision/docking/runs/FLT4_ripretinib_104729/poses.pdbqt,jcm_revision/docking/runs/FLT4_ripretinib_104729/poses.pdbqt,retained_byte_identical,36451,f98b28afae875d5e4074f2db134d52c370b542ef2c15caa7c1966962b61b9092
Additional_file_9_Screening_Code_and_Data.zip,jcm_revision/docking/runs/FLT4_ripretinib_104729/poses.sdf,jcm_revision/docking/runs/FLT4_ripretinib_104729/poses.sdf,retained_byte_identical,47063,2cc02992f07ea54172cc9e40c0738bfdd9cffb52c9c347ea9cb7a5233ecd4483
Additional_file_9_Screening_Code_and_Data.zip,jcm_revision/docking/runs/FLT4_ripretinib_104729/result.json,jcm_revision/docking/runs/FLT4_ripretinib_104729/result.json,retained_byte_identical,1518,ab9d09eb4fc0e7f06f6e52d4f675795f603db41f2bfc6c3cd2cab970db0f0d88
Additional_file_9_Screening_Code_and_Data.zip,jcm_revision/docking/runs/FLT4_ripretinib_130363/config.json,jcm_revision/docking/runs/FLT4_ripretinib_130363/config.json,retained_byte_identical,517,18827776a6230de3ff636f2a77034539e9431682bd1bab3eeadbce6407ad9f39
Additional_file_9_Screening_Code_and_Data.zip,jcm_revision/docking/runs/FLT4_ripretinib_130363/input_ligand.pdbqt,jcm_revision/docking/runs/FLT4_ripretinib_130363/input_ligand.pdbqt,retained_byte_identical,3426,73966d8b0b447baa35e4a7d7b5c9a5e88d3e415feeb51688ff6d8d63ccc6f9da
Additional_file_9_Screening_Code_and_Data.zip,jcm_revision/docking/runs/FLT4_ripretinib_130363/input_ligand.sdf,jcm_revision/docking/runs/FLT4_ripretinib_130363/input_ligand.sdf,retained_byte_identical,4598,efe2512a6da63a6db3ef098213cd0374507efac4a3cef9f3f5239607e26e4c44
Additional_file_9_Screening_Code_and_Data.zip,jcm_revision/docking/runs/FLT4_ripretinib_130363/poses.pdbqt,jcm_revision/docking/runs/FLT4_ripretinib_130363/poses.pdbqt,retained_byte_identical,36451,b620130a60de24181714abe9306a3e880f00c774dc3c5d27c0e92aae4ca05ea7
Additional_file_9_Screening_Code_and_Data.zip,jcm_revision/docking/runs/FLT4_ripretinib_130363/poses.sdf,jcm_revision/docking/runs/FLT4_ripretinib_130363/poses.sdf,retained_byte_identical,47063,f01fb88ba191e2c795829da0dfce86964ccf3c9e91245b17756da6b637b9df3e
Additional_file_9_Screening_Code_and_Data.zip,jcm_revision/docking/runs/FLT4_ripretinib_130363/result.json,jcm_revision/docking/runs/FLT4_ripretinib_130363/result.json,retained_byte_identical,1519,007ada6db108fb569e09b45aa7797630e332c992be7076593f21b3b35d3001c3
Additional_file_9_Screening_Code_and_Data.zip,jcm_revision/docking/runs/FLT4_ripretinib_155921/config.json,jcm_revision/docking/runs/FLT4_ripretinib_155921/config.json,retained_byte_identical,517,2946e06f71003dbc6c45bc908032588a938ee4bc01cd40db4ffb611b2f8ac3dc
Additional_file_9_Screening_Code_and_Data.zip,jcm_revision/docking/runs/FLT4_ripretinib_155921/input_ligand.pdbqt,jcm_revision/docking/runs/FLT4_ripretinib_155921/input_ligand.pdbqt,retained_byte_identical,3426,fe4c21a8157a86506c90a8622d7239b6f22e2b9fb313b1a230c6d7fdc5f1af1d
Additional_file_9_Screening_Code_and_Data.zip,jcm_revision/docking/runs/FLT4_ripretinib_155921/input_ligand.sdf,jcm_revision/docking/runs/FLT4_ripretinib_155921/input_ligand.sdf,retained_byte_identical,4598,da2b9a51a2caeb180e089926254dc67678d1e501d5a703dfda53a43ab695263d
Additional_file_9_Screening_Code_and_Data.zip,jcm_revision/docking/runs/FLT4_ripretinib_155921/poses.pdbqt,jcm_revision/docking/runs/FLT4_ripretinib_155921/poses.pdbqt,retained_byte_identical,36451,5e1729d0bbaa56be2a49f5cb77d9602c82d2c1791fca2f7adadf5fa644f1b49d
Additional_file_9_Screening_Code_and_Data.zip,jcm_revision/docking/runs/FLT4_ripretinib_155921/poses.sdf,jcm_revision/docking/runs/FLT4_ripretinib_155921/poses.sdf,retained_byte_identical,47063,1d9e0ba5f3a5fdce9b4b994aae1e7eb63e8e389946880d05ad19bf1ee3ae11bc
Additional_file_9_Screening_Code_and_Data.zip,jcm_revision/docking/runs/FLT4_ripretinib_155921/result.json,jcm_revision/docking/runs/FLT4_ripretinib_155921/result.json,retained_byte_identical,1505,b65923210000bdcc615c842e9082f4057b602b0fbd3a0f0201e99c6740772ee9
Additional_file_9_Screening_Code_and_Data.zip,jcm_revision/docking/runs/FLT4_sorafenib_104729/config.json,jcm_revision/docking/runs/FLT4_sorafenib_104729/config.json,retained_byte_identical,516,04b401c272aa5c82b758ef40b0f3404d5388a121b1bea113d5abf2d99c385a8a
Additional_file_9_Screening_Code_and_Data.zip,jcm_revision/docking/runs/FLT4_sorafenib_104729/input_ligand.pdbqt,jcm_revision/docking/runs/FLT4_sorafenib_104729/input_ligand.pdbqt,retained_byte_identical,3354,9e575297dc2503367f2a94be94dc147f681aa57c15af1543ffdf9c0eb44315cd
Additional_file_9_Screening_Code_and_Data.zip,jcm_revision/docking/runs/FLT4_sorafenib_104729/input_ligand.sdf,jcm_revision/docking/runs/FLT4_sorafenib_104729/input_ligand.sdf,retained_byte_identical,4087,610d9a7328e96686ba0e7e5664e1182a663876a4277cc0d265b83f373aa1c94b
Additional_file_9_Screening_Code_and_Data.zip,jcm_revision/docking/runs/FLT4_sorafenib_104729/poses.pdbqt,jcm_revision/docking/runs/FLT4_sorafenib_104729/poses.pdbqt,retained_byte_identical,35731,c139d012e793e1dbe96c1aef138e1371b3d3d619a4c90d01153d439d28c4f456
Additional_file_9_Screening_Code_and_Data.zip,jcm_revision/docking/runs/FLT4_sorafenib_104729/poses.sdf,jcm_revision/docking/runs/FLT4_sorafenib_104729/poses.sdf,retained_byte_identical,41954,d6411aae4f4a08a008cad1ff8c340547e65b5d9757c8d017692e48ab9e1ed8f7
Additional_file_9_Screening_Code_and_Data.zip,jcm_revision/docking/runs/FLT4_sorafenib_104729/result.json,jcm_revision/docking/runs/FLT4_sorafenib_104729/result.json,retained_byte_identical,1522,df4e0f22aeee0ba26a26b79a5a1582060a4b75f81c85f28ce7001404c96d06f2
Additional_file_9_Screening_Code_and_Data.zip,jcm_revision/docking/runs/FLT4_sorafenib_130363/config.json,jcm_revision/docking/runs/FLT4_sorafenib_130363/config.json,retained_byte_identical,516,5bb3d656158f1e99b3df84f3475a53d4b589ba698003ca64fbf85b037fba4339
Additional_file_9_Screening_Code_and_Data.zip,jcm_revision/docking/runs/FLT4_sorafenib_130363/input_ligand.pdbqt,jcm_revision/docking/runs/FLT4_sorafenib_130363/input_ligand.pdbqt,retained_byte_identical,3354,a9fb862702ee4f25bbb3295722bbfae3708bc4a838cdc7e99132b158812b1921
Additional_file_9_Screening_Code_and_Data.zip,jcm_revision/docking/runs/FLT4_sorafenib_130363/input_ligand.sdf,jcm_revision/docking/runs/FLT4_sorafenib_130363/input_ligand.sdf,retained_byte_identical,4087,84be13d40901e78ae609037694e8c57108c0af425cf03801bb2ca042f77fd7d9
Additional_file_9_Screening_Code_and_Data.zip,jcm_revision/docking/runs/FLT4_sorafenib_130363/poses.pdbqt,jcm_revision/docking/runs/FLT4_sorafenib_130363/poses.pdbqt,retained_byte_identical,35731,ed381127409feb4fee10d2231640b5298202be5d6935d3934a8fd467da29d3cb
Additional_file_9_Screening_Code_and_Data.zip,jcm_revision/docking/runs/FLT4_sorafenib_130363/poses.sdf,jcm_revision/docking/runs/FLT4_sorafenib_130363/poses.sdf,retained_byte_identical,41951,ca42a988f056ea8abdf55dab57cb3917f83069715b2008f82dbd0decec795fe6
Additional_file_9_Screening_Code_and_Data.zip,jcm_revision/docking/runs/FLT4_sorafenib_130363/result.json,jcm_revision/docking/runs/FLT4_sorafenib_130363/result.json,retained_byte_identical,1523,427cec0b460bef7cda281428ad4bdc12fa196c390297023033a7bf710351a1e1
Additional_file_9_Screening_Code_and_Data.zip,jcm_revision/docking/runs/FLT4_sorafenib_155921/config.json,jcm_revision/docking/runs/FLT4_sorafenib_155921/config.json,retained_byte_identical,516,dccec7da09833c4055592c275779228a820044a965dc940271821f8ea42bbf65
Additional_file_9_Screening_Code_and_Data.zip,jcm_revision/docking/runs/FLT4_sorafenib_155921/input_ligand.pdbqt,jcm_revision/docking/runs/FLT4_sorafenib_155921/input_ligand.pdbqt,retained_byte_identical,3354,571658155b97aedf45c339090c7fe41d3f4c7bd20cb0007c98652d1befcc5d31
Additional_file_9_Screening_Code_and_Data.zip,jcm_revision/docking/runs/FLT4_sorafenib_155921/input_ligand.sdf,jcm_revision/docking/runs/FLT4_sorafenib_155921/input_ligand.sdf,retained_byte_identical,4087,4a0eeb7f010b623174363a54558bae02e64ebf671f77f9a238984c2f1e083b72
Additional_file_9_Screening_Code_and_Data.zip,jcm_revision/docking/runs/FLT4_sorafenib_155921/poses.pdbqt,jcm_revision/docking/runs/FLT4_sorafenib_155921/poses.pdbqt,retained_byte_identical,35731,1ee0fcdc619bbc7ee19d6b1bc56d4be612a4c76321c9cb177da8f0152d94d217
Additional_file_9_Screening_Code_and_Data.zip,jcm_revision/docking/runs/FLT4_sorafenib_155921/poses.sdf,jcm_revision/docking/runs/FLT4_sorafenib_155921/poses.sdf,retained_byte_identical,41952,4dd08369216cc7ab57bb28065d7d2dcac61410452ee8c51fe7db266bffc8c8a3
Additional_file_9_Screening_Code_and_Data.zip,jcm_revision/docking/runs/FLT4_sorafenib_155921/result.json,jcm_revision/docking/runs/FLT4_sorafenib_155921/result.json,retained_byte_identical,1522,8a91751fb9787495e5a11b8b774d18ab7968b19d31a435c0facc405906a54b23
Additional_file_9_Screening_Code_and_Data.zip,jcm_revision/docking/runs/FLT4_sunitinib_104729/config.json,jcm_revision/docking/runs/FLT4_sunitinib_104729/config.json,retained_byte_identical,515,e84295e15ff8cabe57a87317a41e298e89073d0dd3f3c421e866b64c249312f0
Additional_file_9_Screening_Code_and_Data.zip,jcm_revision/docking/runs/FLT4_sunitinib_104729/input_ligand.pdbqt,jcm_revision/docking/runs/FLT4_sunitinib_104729/input_ligand.pdbqt,retained_byte_identical,3127,cf995c0f553d1a6605076ea8517283553c0fc0a1312a8d6342de75898a4f1de5
Additional_file_9_Screening_Code_and_Data.zip,jcm_revision/docking/runs/FLT4_sunitinib_104729/input_ligand.sdf,jcm_revision/docking/runs/FLT4_sunitinib_104729/input_ligand.sdf,retained_byte_identical,4751,e18729bf50866b2dc5687cc938632f4f00ce604167f3a652904ec5d7e4979976
Additional_file_9_Screening_Code_and_Data.zip,jcm_revision/docking/runs/FLT4_sunitinib_104729/poses.pdbqt,jcm_revision/docking/runs/FLT4_sunitinib_104729/poses.pdbqt,retained_byte_identical,33461,8d80b864190c8f96dde76d740f7bacbf122455e32a0ac3ee07ea2e37ad8daa75
Additional_file_9_Screening_Code_and_Data.zip,jcm_revision/docking/runs/FLT4_sunitinib_104729/poses.sdf,jcm_revision/docking/runs/FLT4_sunitinib_104729/poses.sdf,retained_byte_identical,48592,dfa23dcf4cfa4abe04d45553ed687aaab81eb973d0590b0c70119195b841eacf
Additional_file_9_Screening_Code_and_Data.zip,jcm_revision/docking/runs/FLT4_sunitinib_104729/result.json,jcm_revision/docking/runs/FLT4_sunitinib_104729/result.json,retained_byte_identical,1520,f39064cb25670e66026efe7cd8e0db78baae46d88013b11d7c6b9efb4fc52d32
Additional_file_9_Screening_Code_and_Data.zip,jcm_revision/docking/runs/FLT4_sunitinib_130363/config.json,jcm_revision/docking/runs/FLT4_sunitinib_130363/config.json,retained_byte_identical,515,c9eb74d60a5ffe9f227170ad896b3f59abf3f991d35e09ec0c82a0d0e0feb4ae
Additional_file_9_Screening_Code_and_Data.zip,jcm_revision/docking/runs/FLT4_sunitinib_130363/input_ligand.pdbqt,jcm_revision/docking/runs/FLT4_sunitinib_130363/input_ligand.pdbqt,retained_byte_identical,3127,5d9cb820c69453604b3b122789bb3b81c984621b45e2cb89d0b22197f05fa5e6
Additional_file_9_Screening_Code_and_Data.zip,jcm_revision/docking/runs/FLT4_sunitinib_130363/input_ligand.sdf,jcm_revision/docking/runs/FLT4_sunitinib_130363/input_ligand.sdf,retained_byte_identical,4751,34ec60a531b40b9caac387893f3c55052117d8640d7705e151536aef3c210eb1
Additional_file_9_Screening_Code_and_Data.zip,jcm_revision/docking/runs/FLT4_sunitinib_130363/poses.pdbqt,jcm_revision/docking/runs/FLT4_sunitinib_130363/poses.pdbqt,retained_byte_identical,33461,767465a3d480258f44f559476607df37f374f0bda9eb2aeea656c2182ded0eab
Additional_file_9_Screening_Code_and_Data.zip,jcm_revision/docking/runs/FLT4_sunitinib_130363/poses.sdf,jcm_revision/docking/runs/FLT4_sunitinib_130363/poses.sdf,retained_byte_identical,48593,e9a25a0f30c931019d95d36fcddbf3b7eee960d2cc6763f032b5597888028592
Additional_file_9_Screening_Code_and_Data.zip,jcm_revision/docking/runs/FLT4_sunitinib_130363/result.json,jcm_revision/docking/runs/FLT4_sunitinib_130363/result.json,retained_byte_identical,1508,18d51234f92e78dde11a301c05a537ac56989dfd11e218aab04622e68cee4d64
Additional_file_9_Screening_Code_and_Data.zip,jcm_revision/docking/runs/FLT4_sunitinib_155921/config.json,jcm_revision/docking/runs/FLT4_sunitinib_155921/config.json,retained_byte_identical,515,af0b113b67f8b718b3d3b418eef52c0b55074f934acad7218020d1235863481f
Additional_file_9_Screening_Code_and_Data.zip,jcm_revision/docking/runs/FLT4_sunitinib_155921/input_ligand.pdbqt,jcm_revision/docking/runs/FLT4_sunitinib_155921/input_ligand.pdbqt,retained_byte_identical,3127,007d444ff81a01f00de1954f40c4820cabbb121f8410b5704459743fa2a417da
Additional_file_9_Screening_Code_and_Data.zip,jcm_revision/docking/runs/FLT4_sunitinib_155921/input_ligand.sdf,jcm_revision/docking/runs/FLT4_sunitinib_155921/input_ligand.sdf,retained_byte_identical,4751,d2404b7ab45404df09401529557594d6ef1d1847b10f658a950abf6721ef9955
Additional_file_9_Screening_Code_and_Data.zip,jcm_revision/docking/runs/FLT4_sunitinib_155921/poses.pdbqt,jcm_revision/docking/runs/FLT4_sunitinib_155921/poses.pdbqt,retained_byte_identical,33461,c2b92d6bbcc15e9cab59b7552b509c8c4513260c0eee364b9e6b8fc57a308aa8
Additional_file_9_Screening_Code_and_Data.zip,jcm_revision/docking/runs/FLT4_sunitinib_155921/poses.sdf,jcm_revision/docking/runs/FLT4_sunitinib_155921/poses.sdf,retained_byte_identical,48594,761d7340587333eba56d80dd12554f3a045163e7c86c6fb5b2ce54088710460f
Additional_file_9_Screening_Code_and_Data.zip,jcm_revision/docking/runs/FLT4_sunitinib_155921/result.json,jcm_revision/docking/runs/FLT4_sunitinib_155921/result.json,retained_byte_identical,1515,adb7e5b818bcfd179642ff54b9a1edd3791a19d2fbb2810f3daa7aca98fc6d0b
Additional_file_9_Screening_Code_and_Data.zip,jcm_revision/docking/runs/FLT4_tivozanib_104729/config.json,jcm_revision/docking/runs/FLT4_tivozanib_104729/config.json,retained_byte_identical,511,70eb2a0bfbd760e78d641805393c594604f4cc0af67c4da5e047239193c135a6
Additional_file_9_Screening_Code_and_Data.zip,jcm_revision/docking/runs/FLT4_tivozanib_104729/input_ligand.pdbqt,jcm_revision/docking/runs/FLT4_tivozanib_104729/input_ligand.pdbqt,retained_byte_identical,3264,697036d029fe7996e9afdbee1d70372314e952d4fd343ba7ac06e29f9bbd017b
Additional_file_9_Screening_Code_and_Data.zip,jcm_revision/docking/runs/FLT4_tivozanib_104729/input_ligand.sdf,jcm_revision/docking/runs/FLT4_tivozanib_104729/input_ligand.sdf,retained_byte_identical,4349,6d3b6302dce6fef3c8062a5fc18e4f4f18b1aebd39ab952579f9acf0964afe3f
Additional_file_9_Screening_Code_and_Data.zip,jcm_revision/docking/runs/FLT4_tivozanib_104729/poses.pdbqt,jcm_revision/docking/runs/FLT4_tivozanib_104729/poses.pdbqt,retained_byte_identical,34831,103be5eb0eaa72afc6d8ecb6bd3a3f40bfb35e930e7462c5a76dceec4d96626a
Additional_file_9_Screening_Code_and_Data.zip,jcm_revision/docking/runs/FLT4_tivozanib_104729/poses.sdf,jcm_revision/docking/runs/FLT4_tivozanib_104729/poses.sdf,retained_byte_identical,44572,6371b0d744e6cb4480e08b1a8b79fdb353d5e8cf7776175711f8035217b888bf
Additional_file_9_Screening_Code_and_Data.zip,jcm_revision/docking/runs/FLT4_tivozanib_104729/result.json,jcm_revision/docking/runs/FLT4_tivozanib_104729/result.json,retained_byte_identical,1502,248ca0518bca090266e248281a1478e85e479d53257e6c18ef3921a95d5b99f8
Additional_file_9_Screening_Code_and_Data.zip,jcm_revision/docking/runs/FLT4_tivozanib_130363/config.json,jcm_revision/docking/runs/FLT4_tivozanib_130363/config.json,retained_byte_identical,511,bead8fb8120988b5f5dd7c56d3cc35359d7829992d440d46c03285d2462da093
Additional_file_9_Screening_Code_and_Data.zip,jcm_revision/docking/runs/FLT4_tivozanib_130363/input_ligand.pdbqt,jcm_revision/docking/runs/FLT4_tivozanib_130363/input_ligand.pdbqt,retained_byte_identical,3264,7a901cb943341b77144548b81dee84e82149136b3a3cd9481fcc2b5f74b39730
Additional_file_9_Screening_Code_and_Data.zip,jcm_revision/docking/runs/FLT4_tivozanib_130363/input_ligand.sdf,jcm_revision/docking/runs/FLT4_tivozanib_130363/input_ligand.sdf,retained_byte_identical,4349,5e66f1b368a5460be194c7aa777d9236a19a67a143897dfb2890d9109fd1c3f1
Additional_file_9_Screening_Code_and_Data.zip,jcm_revision/docking/runs/FLT4_tivozanib_130363/poses.pdbqt,jcm_revision/docking/runs/FLT4_tivozanib_130363/poses.pdbqt,retained_byte_identical,34831,c9f97555e710371d2f6fcc8dfe0e8e3eb5321ecb56075381a9a3946df92e17f1
Additional_file_9_Screening_Code_and_Data.zip,jcm_revision/docking/runs/FLT4_tivozanib_130363/poses.sdf,jcm_revision/docking/runs/FLT4_tivozanib_130363/poses.sdf,retained_byte_identical,44574,e36bd4d2a839658d5d86c47c14ac04d9b8b1339c4653b23356057f30b774b637
Additional_file_9_Screening_Code_and_Data.zip,jcm_revision/docking/runs/FLT4_tivozanib_130363/result.json,jcm_revision/docking/runs/FLT4_tivozanib_130363/result.json,retained_byte_identical,1515,805fbb9e707087af17233bf9270f5698fbcda4414f1a39b444efb2e04631b0f0
Additional_file_9_Screening_Code_and_Data.zip,jcm_revision/docking/runs/FLT4_tivozanib_155921/config.json,jcm_revision/docking/runs/FLT4_tivozanib_155921/config.json,retained_byte_identical,511,0f9469f4b47cc899cfa3618d7c936ad26455ec4b4c3a41a9ebb86d7d10434d6f
Additional_file_9_Screening_Code_and_Data.zip,jcm_revision/docking/runs/FLT4_tivozanib_155921/input_ligand.pdbqt,jcm_revision/docking/runs/FLT4_tivozanib_155921/input_ligand.pdbqt,retained_byte_identical,3264,b5e2bad5bd2bf80e1e1bf49979f1844585c95a0b55e8ceecae1ca2fc79b40849
Additional_file_9_Screening_Code_and_Data.zip,jcm_revision/docking/runs/FLT4_tivozanib_155921/input_ligand.sdf,jcm_revision/docking/runs/FLT4_tivozanib_155921/input_ligand.sdf,retained_byte_identical,4349,370406a087a69c0597ac44219772b91b46d09d2b78f9e38c76a470b00989590e
Additional_file_9_Screening_Code_and_Data.zip,jcm_revision/docking/runs/FLT4_tivozanib_155921/poses.pdbqt,jcm_revision/docking/runs/FLT4_tivozanib_155921/poses.pdbqt,retained_byte_identical,34831,d28a8d4ef3c43c80c90a484e9dbba58e1ec526ac93f819e4ba9d35639274dc6b
Additional_file_9_Screening_Code_and_Data.zip,jcm_revision/docking/runs/FLT4_tivozanib_155921/poses.sdf,jcm_revision/docking/runs/FLT4_tivozanib_155921/poses.sdf,retained_byte_identical,44573,3ca5a674b541c370d3e1db66a511987cc1c342e864fd3d1b7a9672a5e8c8298b
Additional_file_9_Screening_Code_and_Data.zip,jcm_revision/docking/runs/FLT4_tivozanib_155921/result.json,jcm_revision/docking/runs/FLT4_tivozanib_155921/result.json,retained_byte_identical,1505,ed002b0d796cac27af715e8640acdeee449fe66d9adcdff048ab808b8f9cb32c
Additional_file_9_Screening_Code_and_Data.zip,jcm_revision/docking/runs/PDGFRA_APO_8PQJ_nintedanib_104729/config.json,jcm_revision/docking/runs/PDGFRA_APO_8PQJ_nintedanib_104729/config.json,retained_byte_identical,547,e0b7c10d2fdf309b680df35ac2cd1fe259b666923f3b063f4fede643db4bfa96
Additional_file_9_Screening_Code_and_Data.zip,jcm_revision/docking/runs/PDGFRA_APO_8PQJ_nintedanib_104729/input_ligand.pdbqt,jcm_revision/docking/runs/PDGFRA_APO_8PQJ_nintedanib_104729/input_ligand.pdbqt,retained_byte_identical,4089,970ac8ead6e89494ab32ba67785db1ba8ff3285b861fc72289415a58f5deae80
Additional_file_9_Screening_Code_and_Data.zip,jcm_revision/docking/runs/PDGFRA_APO_8PQJ_nintedanib_104729/input_ligand.sdf,jcm_revision/docking/runs/PDGFRA_APO_8PQJ_nintedanib_104729/input_ligand.sdf,retained_byte_identical,6188,a46dcc35e7c45c06476e22d987d401245130efd348fbb68d1902e082f0c2b8ac
Additional_file_9_Screening_Code_and_Data.zip,jcm_revision/docking/runs/PDGFRA_APO_8PQJ_nintedanib_104729/poses.pdbqt,jcm_revision/docking/runs/PDGFRA_APO_8PQJ_nintedanib_104729/poses.pdbqt,retained_byte_identical,38772,921274d6c30c042ca2b49a114fd449f95dab90fac70728a8ff1e0c2f22209999
Additional_file_9_Screening_Code_and_Data.zip,jcm_revision/docking/runs/PDGFRA_APO_8PQJ_nintedanib_104729/poses.sdf,jcm_revision/docking/runs/PDGFRA_APO_8PQJ_nintedanib_104729/poses.sdf,retained_byte_identical,56664,95673581685f35b91fd605fce178fd1c16a2068952b556b295c4e74b49085019
Additional_file_9_Screening_Code_and_Data.zip,jcm_revision/docking/runs/PDGFRA_APO_8PQJ_nintedanib_104729/result.json,jcm_revision/docking/runs/PDGFRA_APO_8PQJ_nintedanib_104729/result.json,retained_byte_identical,1478,2f524ab1d12c5b961080228cea23fdf93197f671913ef804fbca9f9801a9f762
Additional_file_9_Screening_Code_and_Data.zip,jcm_revision/docking/runs/PDGFRA_APO_8PQJ_nintedanib_130363/config.json,jcm_revision/docking/runs/PDGFRA_APO_8PQJ_nintedanib_130363/config.json,retained_byte_identical,547,5bf8db173bd5c0caaff4a864b744fa75e45f5fae429a35f778498d3e11fa8d78
Additional_file_9_Screening_Code_and_Data.zip,jcm_revision/docking/runs/PDGFRA_APO_8PQJ_nintedanib_130363/input_ligand.pdbqt,jcm_revision/docking/runs/PDGFRA_APO_8PQJ_nintedanib_130363/input_ligand.pdbqt,retained_byte_identical,4089,f99b4703d0947a852b96b4d16b03de01ed011919444645249cf9f2fe2bb9c7f6
Additional_file_9_Screening_Code_and_Data.zip,jcm_revision/docking/runs/PDGFRA_APO_8PQJ_nintedanib_130363/input_ligand.sdf,jcm_revision/docking/runs/PDGFRA_APO_8PQJ_nintedanib_130363/input_ligand.sdf,retained_byte_identical,6188,c4abac60e3008222296f1938814643018ba2921ba21ac8ff9f302504689c627a
Additional_file_9_Screening_Code_and_Data.zip,jcm_revision/docking/runs/PDGFRA_APO_8PQJ_nintedanib_130363/poses.pdbqt,jcm_revision/docking/runs/PDGFRA_APO_8PQJ_nintedanib_130363/poses.pdbqt,retained_byte_identical,38772,7d09e8722f66e817d354795d1db611154d6dcc7fb09939a2701d6e240a3f19bf
Additional_file_9_Screening_Code_and_Data.zip,jcm_revision/docking/runs/PDGFRA_APO_8PQJ_nintedanib_130363/poses.sdf,jcm_revision/docking/runs/PDGFRA_APO_8PQJ_nintedanib_130363/poses.sdf,retained_byte_identical,56663,84fb2d2caba09ee0a567e60d3858f58b2dfe104ccd0bfc37c86e063a84bad7b2
Additional_file_9_Screening_Code_and_Data.zip,jcm_revision/docking/runs/PDGFRA_APO_8PQJ_nintedanib_130363/result.json,jcm_revision/docking/runs/PDGFRA_APO_8PQJ_nintedanib_130363/result.json,retained_byte_identical,1469,7dd8b2808008bf8189f6517600d97300efe464b6f6166977e041cd2e67f21f70
Additional_file_9_Screening_Code_and_Data.zip,jcm_revision/docking/runs/PDGFRA_APO_8PQJ_nintedanib_155921/config.json,jcm_revision/docking/runs/PDGFRA_APO_8PQJ_nintedanib_155921/config.json,retained_byte_identical,547,8efcabdebcbe29888870c5e26e8eb21bcd546467c9d47707678c7ab0dc30d32d
Additional_file_9_Screening_Code_and_Data.zip,jcm_revision/docking/runs/PDGFRA_APO_8PQJ_nintedanib_155921/input_ligand.pdbqt,jcm_revision/docking/runs/PDGFRA_APO_8PQJ_nintedanib_155921/input_ligand.pdbqt,retained_byte_identical,4089,16d2c8aa10689547a6bb2b8dd3816f839d07e6467dff75bcd65e6f6b9145a449
Additional_file_9_Screening_Code_and_Data.zip,jcm_revision/docking/runs/PDGFRA_APO_8PQJ_nintedanib_155921/input_ligand.sdf,jcm_revision/docking/runs/PDGFRA_APO_8PQJ_nintedanib_155921/input_ligand.sdf,retained_byte_identical,6188,c5f21c10bd1ffda41e09891919e5f700e7547e9f6993b69917916535131c5846
Additional_file_9_Screening_Code_and_Data.zip,jcm_revision/docking/runs/PDGFRA_APO_8PQJ_nintedanib_155921/poses.pdbqt,jcm_revision/docking/runs/PDGFRA_APO_8PQJ_nintedanib_155921/poses.pdbqt,retained_byte_identical,21540,09a82563088b9cd75c02683b2c7ba36e695a933a5b35bfb80df9094f12bce76e
Additional_file_9_Screening_Code_and_Data.zip,jcm_revision/docking/runs/PDGFRA_APO_8PQJ_nintedanib_155921/poses.sdf,jcm_revision/docking/runs/PDGFRA_APO_8PQJ_nintedanib_155921/poses.sdf,retained_byte_identical,31479,f36c8fb8db80a80fa1419ccc51dab6eb12ff709cfb01d5a36b6da040c09cb2e8
Additional_file_9_Screening_Code_and_Data.zip,jcm_revision/docking/runs/PDGFRA_APO_8PQJ_nintedanib_155921/result.json,jcm_revision/docking/runs/PDGFRA_APO_8PQJ_nintedanib_155921/result.json,retained_byte_identical,1148,d51cc285da77232ff2bd89ffb4b8c158d7854b9f9bea3ab616ed1fc67369fa3d
Additional_file_9_Screening_Code_and_Data.zip,jcm_revision/docking/runs/PDGFRA_Imatinib_redocking_104729/config.json,jcm_revision/docking/runs/PDGFRA_Imatinib_redocking_104729/config.json,retained_byte_identical,497,22f132962631eeb78ed5fede724d4e37d4f83643c4ecfaf90fbdc9a5737e1f23
Additional_file_9_Screening_Code_and_Data.zip,jcm_revision/docking/runs/PDGFRA_Imatinib_redocking_104729/input_ligand.pdbqt,jcm_revision/docking/runs/PDGFRA_Imatinib_redocking_104729/input_ligand.pdbqt,retained_byte_identical,3751,437f2798dbd342b73a2f9cfcaa299b0222271f2dee5e56350172b4037766fca7
Additional_file_9_Screening_Code_and_Data.zip,jcm_revision/docking/runs/PDGFRA_Imatinib_redocking_104729/input_ligand.sdf,jcm_revision/docking/runs/PDGFRA_Imatinib_redocking_104729/input_ligand.sdf,retained_byte_identical,5773,250722e663a32e85cadeba2f8030259c900decbff979df86d5d7f9d42442d154
Additional_file_9_Screening_Code_and_Data.zip,jcm_revision/docking/runs/PDGFRA_Imatinib_redocking_104729/poses.pdbqt,jcm_revision/docking/runs/PDGFRA_Imatinib_redocking_104729/poses.pdbqt,retained_byte_identical,39701,7eafb71f42a4ca4801db78417ec6249a725ef3fa52c9ff9f3f17155b2f125cf1
Additional_file_9_Screening_Code_and_Data.zip,jcm_revision/docking/runs/PDGFRA_Imatinib_redocking_104729/poses.sdf,jcm_revision/docking/runs/PDGFRA_Imatinib_redocking_104729/poses.sdf,retained_byte_identical,58817,8d3dfaa02ae0f192a041ab246873553c69061979b94e226735aafab78dd68ef9
Additional_file_9_Screening_Code_and_Data.zip,jcm_revision/docking/runs/PDGFRA_Imatinib_redocking_104729/result.json,jcm_revision/docking/runs/PDGFRA_Imatinib_redocking_104729/result.json,retained_byte_identical,1752,0c823bfb1de2be3d72b00540fc0d83c3a18bb2e6021cbcb5b18af1a5624bd1f9
Additional_file_9_Screening_Code_and_Data.zip,jcm_revision/docking/runs/PDGFRA_MAZ51_104729/config.json,jcm_revision/docking/runs/PDGFRA_MAZ51_104729/config.json,retained_byte_identical,468,84a98692df6afa504dde16aadf0875f8ffa80f8f3d7c8d37844a860bc764311e
Additional_file_9_Screening_Code_and_Data.zip,jcm_revision/docking/runs/PDGFRA_MAZ51_104729/input_ligand.pdbqt,jcm_revision/docking/runs/PDGFRA_MAZ51_104729/input_ligand.pdbqt,retained_byte_identical,2348,ef6f5fe8e9f9a83c9cf6afcd76c0b9d928c7b7f48e03dcbf2159beb478f2316e
Additional_file_9_Screening_Code_and_Data.zip,jcm_revision/docking/runs/PDGFRA_MAZ51_104729/input_ligand.sdf,jcm_revision/docking/runs/PDGFRA_MAZ51_104729/input_ligand.sdf,retained_byte_identical,3602,e4065fc0a14157e74a84b8b2cb0f444447236ef47c39d0454ce115b314c77e9b
Additional_file_9_Screening_Code_and_Data.zip,jcm_revision/docking/runs/PDGFRA_MAZ51_104729/poses.pdbqt,jcm_revision/docking/runs/PDGFRA_MAZ51_104729/poses.pdbqt,retained_byte_identical,25671,0db7600316cb1bb44f4f86694036fba97844c6b548d64fe60f276d383b001a15
Additional_file_9_Screening_Code_and_Data.zip,jcm_revision/docking/runs/PDGFRA_MAZ51_104729/poses.sdf,jcm_revision/docking/runs/PDGFRA_MAZ51_104729/poses.sdf,retained_byte_identical,37103,d188d0069a973da36ac71a41f60b8a65c78968476ab826bb6bbdc5f2e328fb1c
Additional_file_9_Screening_Code_and_Data.zip,jcm_revision/docking/runs/PDGFRA_MAZ51_104729/result.json,jcm_revision/docking/runs/PDGFRA_MAZ51_104729/result.json,retained_byte_identical,1461,d6b03c9ef38bd1e9e9b59bebc27d8cdda5a60e9334ca3b36b649561e144db75d
Additional_file_9_Screening_Code_and_Data.zip,jcm_revision/docking/runs/PDGFRA_MAZ51_130363/config.json,jcm_revision/docking/runs/PDGFRA_MAZ51_130363/config.json,retained_byte_identical,468,53f860969bcbdd92f96e76df18c629a0f47f0c18f55ca2d11874f05b4173af45
Additional_file_9_Screening_Code_and_Data.zip,jcm_revision/docking/runs/PDGFRA_MAZ51_130363/input_ligand.pdbqt,jcm_revision/docking/runs/PDGFRA_MAZ51_130363/input_ligand.pdbqt,retained_byte_identical,2348,5c0d03523ef631012ccc0df041bfdd70dc6d171337a90a690db3c46c6f13fa51
Additional_file_9_Screening_Code_and_Data.zip,jcm_revision/docking/runs/PDGFRA_MAZ51_130363/input_ligand.sdf,jcm_revision/docking/runs/PDGFRA_MAZ51_130363/input_ligand.sdf,retained_byte_identical,3602,07daf66a3f2501298e43884b822d96bc8ff011855e3463c0076c35420b622964
Additional_file_9_Screening_Code_and_Data.zip,jcm_revision/docking/runs/PDGFRA_MAZ51_130363/poses.pdbqt,jcm_revision/docking/runs/PDGFRA_MAZ51_130363/poses.pdbqt,retained_byte_identical,25671,e5a2a8a8cf2ccbabfd19209d8088a71f1fe15ad00eb62e532b6d829de1d7258b
Additional_file_9_Screening_Code_and_Data.zip,jcm_revision/docking/runs/PDGFRA_MAZ51_130363/poses.sdf,jcm_revision/docking/runs/PDGFRA_MAZ51_130363/poses.sdf,retained_byte_identical,37104,3fcc899ee7cd2c290cb5fbb5bf691826e7ee1e041b950241a51bb24e5e5bbdc7
Additional_file_9_Screening_Code_and_Data.zip,jcm_revision/docking/runs/PDGFRA_MAZ51_130363/result.json,jcm_revision/docking/runs/PDGFRA_MAZ51_130363/result.json,retained_byte_identical,1461,fe519e9c602d4e7bc2b82b9f4a298757f4907ad1d1da858333871b626d325fe2
Additional_file_9_Screening_Code_and_Data.zip,jcm_revision/docking/runs/PDGFRA_MAZ51_155921/config.json,jcm_revision/docking/runs/PDGFRA_MAZ51_155921/config.json,retained_byte_identical,468,557e7b472a3e878fe11393140213fa2852ca9d597a73b9d6f37dfd3523201615
Additional_file_9_Screening_Code_and_Data.zip,jcm_revision/docking/runs/PDGFRA_MAZ51_155921/input_ligand.pdbqt,jcm_revision/docking/runs/PDGFRA_MAZ51_155921/input_ligand.pdbqt,retained_byte_identical,2348,3cf4e0dc2f552e53840b83aeb6a35f473ba5172758299f9406985ac48675a0a1
Additional_file_9_Screening_Code_and_Data.zip,jcm_revision/docking/runs/PDGFRA_MAZ51_155921/input_ligand.sdf,jcm_revision/docking/runs/PDGFRA_MAZ51_155921/input_ligand.sdf,retained_byte_identical,3602,6468b370b80402a2d975fa87f3290656ff59de4c1277d2df3ba60326edf28ba7
Additional_file_9_Screening_Code_and_Data.zip,jcm_revision/docking/runs/PDGFRA_MAZ51_155921/poses.pdbqt,jcm_revision/docking/runs/PDGFRA_MAZ51_155921/poses.pdbqt,retained_byte_identical,25671,d4f7dcea4ec9cbf4b2897000fc346620da80d9f1ec7879056fb8d6d6a7a61dbc
Additional_file_9_Screening_Code_and_Data.zip,jcm_revision/docking/runs/PDGFRA_MAZ51_155921/poses.sdf,jcm_revision/docking/runs/PDGFRA_MAZ51_155921/poses.sdf,retained_byte_identical,37104,b94e8b8207898b7647574a6e10324ac5b2ed2ee549c2569226b4f4cc9000a361
Additional_file_9_Screening_Code_and_Data.zip,jcm_revision/docking/runs/PDGFRA_MAZ51_155921/result.json,jcm_revision/docking/runs/PDGFRA_MAZ51_155921/result.json,retained_byte_identical,1459,0d8e1dcf1b43463c4e2183c2186fac3a00b94a9055c9b005104a7df690724e57
Additional_file_9_Screening_Code_and_Data.zip,jcm_revision/docking/runs/PDGFRA_avapritinib_104729/config.json,jcm_revision/docking/runs/PDGFRA_avapritinib_104729/config.json,retained_byte_identical,499,4576db80aaecd324f9278808521494f9a84a312a79b0059da05c2b99113ea04d
Additional_file_9_Screening_Code_and_Data.zip,jcm_revision/docking/runs/PDGFRA_avapritinib_104729/input_ligand.pdbqt,jcm_revision/docking/runs/PDGFRA_avapritinib_104729/input_ligand.pdbqt,retained_byte_identical,3695,40c7e2bc8a252714f2bb4cb5806a7b975868a1e3523c4f975563314a13cae714
Additional_file_9_Screening_Code_and_Data.zip,jcm_revision/docking/runs/PDGFRA_avapritinib_104729/input_ligand.sdf,jcm_revision/docking/runs/PDGFRA_avapritinib_104729/input_ligand.sdf,retained_byte_identical,5454,254b315f21fb032de630be34d30d96dd3553181162c4816abfac79ff68d3928f
Additional_file_9_Screening_Code_and_Data.zip,jcm_revision/docking/runs/PDGFRA_avapritinib_104729/poses.pdbqt,jcm_revision/docking/runs/PDGFRA_avapritinib_104729/poses.pdbqt,retained_byte_identical,39141,efe087dbf9052d1ad8b56aea7699dd8fb9bf8ebe74511ed31f415c9fb784d9b5
Additional_file_9_Screening_Code_and_Data.zip,jcm_revision/docking/runs/PDGFRA_avapritinib_104729/poses.sdf,jcm_revision/docking/runs/PDGFRA_avapritinib_104729/poses.sdf,retained_byte_identical,55622,4ad559681c56a49e8a9446925415ada1a93f68005b67ef0ad2ffed5ff695461f
Additional_file_9_Screening_Code_and_Data.zip,jcm_revision/docking/runs/PDGFRA_avapritinib_104729/result.json,jcm_revision/docking/runs/PDGFRA_avapritinib_104729/result.json,retained_byte_identical,1509,f71be9b53ccee7bd0dcf86cc2792b952ed13362722a1325b70bbf472057aa2e8
Additional_file_9_Screening_Code_and_Data.zip,jcm_revision/docking/runs/PDGFRA_avapritinib_130363/config.json,jcm_revision/docking/runs/PDGFRA_avapritinib_130363/config.json,retained_byte_identical,499,359618066b3e1790ad1d28c1749a0f6348b6cf6ad1fa5a49a0d055a37e656cc8
Additional_file_9_Screening_Code_and_Data.zip,jcm_revision/docking/runs/PDGFRA_avapritinib_130363/input_ligand.pdbqt,jcm_revision/docking/runs/PDGFRA_avapritinib_130363/input_ligand.pdbqt,retained_byte_identical,3695,7ecf467ccfabb8d394b2f100adb8f5759898d430206ae5b71ec8aa4097fb527d
Additional_file_9_Screening_Code_and_Data.zip,jcm_revision/docking/runs/PDGFRA_avapritinib_130363/input_ligand.sdf,jcm_revision/docking/runs/PDGFRA_avapritinib_130363/input_ligand.sdf,retained_byte_identical,5454,d26f661006452b717143039c073827c9ff106fcf56c1ce0e5effb869c1f79aae
Additional_file_9_Screening_Code_and_Data.zip,jcm_revision/docking/runs/PDGFRA_avapritinib_130363/poses.pdbqt,jcm_revision/docking/runs/PDGFRA_avapritinib_130363/poses.pdbqt,retained_byte_identical,39141,cbd52a3a49d58cc9e9af323de8b2c813fafc4f9c85689c0d1ac219412c972360
Additional_file_9_Screening_Code_and_Data.zip,jcm_revision/docking/runs/PDGFRA_avapritinib_130363/poses.sdf,jcm_revision/docking/runs/PDGFRA_avapritinib_130363/poses.sdf,retained_byte_identical,55624,336c7d1e54b08e6068ec35ac703b21cdd13324ac796eb033008fc6b89297a65d
Additional_file_9_Screening_Code_and_Data.zip,jcm_revision/docking/runs/PDGFRA_avapritinib_130363/result.json,jcm_revision/docking/runs/PDGFRA_avapritinib_130363/result.json,retained_byte_identical,1509,7a5e932572a23b00f5107911b8c522608e08c0d3b3b3859045eb4eeb4acee720
Additional_file_9_Screening_Code_and_Data.zip,jcm_revision/docking/runs/PDGFRA_avapritinib_155921/config.json,jcm_revision/docking/runs/PDGFRA_avapritinib_155921/config.json,retained_byte_identical,499,75f27f2ebafb435799d1f80b5e67c60197f1c94ab331a7b23875fee5c2c6a02e
Additional_file_9_Screening_Code_and_Data.zip,jcm_revision/docking/runs/PDGFRA_avapritinib_155921/input_ligand.pdbqt,jcm_revision/docking/runs/PDGFRA_avapritinib_155921/input_ligand.pdbqt,retained_byte_identical,3695,2702f0e7b52c62a69a28a5d36cac9b37d5adb8c9f8e2458d4ed447e136b444f7
Additional_file_9_Screening_Code_and_Data.zip,jcm_revision/docking/runs/PDGFRA_avapritinib_155921/input_ligand.sdf,jcm_revision/docking/runs/PDGFRA_avapritinib_155921/input_ligand.sdf,retained_byte_identical,5454,1a51bcdb5d250edd804c8806d630ef0c7c5ad981e60ec26ed97acb145adc7b93
Additional_file_9_Screening_Code_and_Data.zip,jcm_revision/docking/runs/PDGFRA_avapritinib_155921/poses.pdbqt,jcm_revision/docking/runs/PDGFRA_avapritinib_155921/poses.pdbqt,retained_byte_identical,39141,771f8d7fa102b75ada1925884b940f071d8fa5c6c6faa10374b0cf1639a4eac1
Additional_file_9_Screening_Code_and_Data.zip,jcm_revision/docking/runs/PDGFRA_avapritinib_155921/poses.sdf,jcm_revision/docking/runs/PDGFRA_avapritinib_155921/poses.sdf,retained_byte_identical,55623,e243d2a50adf3f2d81ea0330da984d311c55f148647a533c7302847a986a58e8
Additional_file_9_Screening_Code_and_Data.zip,jcm_revision/docking/runs/PDGFRA_avapritinib_155921/result.json,jcm_revision/docking/runs/PDGFRA_avapritinib_155921/result.json,retained_byte_identical,1506,47955d5378c5526e6835e5c38148e7cc35d7444268d0c5474cde700d3761844d
Additional_file_9_Screening_Code_and_Data.zip,jcm_revision/docking/runs/PDGFRA_axitinib_104729/config.json,jcm_revision/docking/runs/PDGFRA_axitinib_104729/config.json,retained_byte_identical,475,2c2349b28735a77a71080944ef244843975817bba16af7dd6d5954632856fff3
Additional_file_9_Screening_Code_and_Data.zip,jcm_revision/docking/runs/PDGFRA_axitinib_104729/input_ligand.pdbqt,jcm_revision/docking/runs/PDGFRA_axitinib_104729/input_ligand.pdbqt,retained_byte_identical,2881,528b896e345cc42494452f3d09bd599c1c63d143066aa693cb5abf9bf85f80fe
Additional_file_9_Screening_Code_and_Data.zip,jcm_revision/docking/runs/PDGFRA_axitinib_104729/input_ligand.sdf,jcm_revision/docking/runs/PDGFRA_axitinib_104729/input_ligand.sdf,retained_byte_identical,3934,27d90cba767fbc4a9940c9d27eae2dfb992140bd2e942077cc133d71a752146f
Additional_file_9_Screening_Code_and_Data.zip,jcm_revision/docking/runs/PDGFRA_axitinib_104729/poses.pdbqt,jcm_revision/docking/runs/PDGFRA_axitinib_104729/poses.pdbqt,retained_byte_identical,31001,a9ec4e432a9c7ab9bec4bdda2d59a203cab172691317ee3afc3c00bb5ee86171
Additional_file_9_Screening_Code_and_Data.zip,jcm_revision/docking/runs/PDGFRA_axitinib_104729/poses.sdf,jcm_revision/docking/runs/PDGFRA_axitinib_104729/poses.sdf,retained_byte_identical,40426,f1c2c3a468abbf4f7e6f99a128ba04d53e85e338115c1b1caffccf47c743a9d2
Additional_file_9_Screening_Code_and_Data.zip,jcm_revision/docking/runs/PDGFRA_axitinib_104729/result.json,jcm_revision/docking/runs/PDGFRA_axitinib_104729/result.json,retained_byte_identical,1459,e83acec310a12232b24b8d9ea99fc265fc2484b96eabf0f3ee9e8b3ae10c0e53
Additional_file_9_Screening_Code_and_Data.zip,jcm_revision/docking/runs/PDGFRA_axitinib_130363/config.json,jcm_revision/docking/runs/PDGFRA_axitinib_130363/config.json,retained_byte_identical,475,f9638456b536a26269cad7d46a8abc5e6197bf5c10f3ae5e3741ab85454d997b
Additional_file_9_Screening_Code_and_Data.zip,jcm_revision/docking/runs/PDGFRA_axitinib_130363/input_ligand.pdbqt,jcm_revision/docking/runs/PDGFRA_axitinib_130363/input_ligand.pdbqt,retained_byte_identical,2881,f6dd94f77a4bc2dd7add443628f401902e1e5d930e29bdc949691d786c7cb330
Additional_file_9_Screening_Code_and_Data.zip,jcm_revision/docking/runs/PDGFRA_axitinib_130363/input_ligand.sdf,jcm_revision/docking/runs/PDGFRA_axitinib_130363/input_ligand.sdf,retained_byte_identical,3934,db40ed77db0778f531d54f240554485c1e3e70bd5854a6bd70cab9132d9f2dbd
Additional_file_9_Screening_Code_and_Data.zip,jcm_revision/docking/runs/PDGFRA_axitinib_130363/poses.pdbqt,jcm_revision/docking/runs/PDGFRA_axitinib_130363/poses.pdbqt,retained_byte_identical,31001,1291e2c6df59e9c564b1fd0f2180065914b3ddbbc35c0394e737f0aec53aedef
Additional_file_9_Screening_Code_and_Data.zip,jcm_revision/docking/runs/PDGFRA_axitinib_130363/poses.sdf,jcm_revision/docking/runs/PDGFRA_axitinib_130363/poses.sdf,retained_byte_identical,40426,5acba082033e24751e44d39ea74a62ed3648ac896c7522c899b88b11e1267a11
Additional_file_9_Screening_Code_and_Data.zip,jcm_revision/docking/runs/PDGFRA_axitinib_130363/result.json,jcm_revision/docking/runs/PDGFRA_axitinib_130363/result.json,retained_byte_identical,1473,0d502595ed520cf56c759d9b031481dedd1f5e02f2620751f438c7149207b508
Additional_file_9_Screening_Code_and_Data.zip,jcm_revision/docking/runs/PDGFRA_axitinib_155921/config.json,jcm_revision/docking/runs/PDGFRA_axitinib_155921/config.json,retained_byte_identical,475,95ecd7139e47dc0a6dd2b25fdcfd06137fd880a3f6d3f575ebb968d47eb517c2
Additional_file_9_Screening_Code_and_Data.zip,jcm_revision/docking/runs/PDGFRA_axitinib_155921/input_ligand.pdbqt,jcm_revision/docking/runs/PDGFRA_axitinib_155921/input_ligand.pdbqt,retained_byte_identical,2881,6321a331c76bca6a3af8d05ebce1226ea134d7190b1344e078348695b30bfe1b
Additional_file_9_Screening_Code_and_Data.zip,jcm_revision/docking/runs/PDGFRA_axitinib_155921/input_ligand.sdf,jcm_revision/docking/runs/PDGFRA_axitinib_155921/input_ligand.sdf,retained_byte_identical,3934,989e233e03a444f131ff0cf6b0873dc947717a0d2df26b9edcb4cdf42ddb86e0
Additional_file_9_Screening_Code_and_Data.zip,jcm_revision/docking/runs/PDGFRA_axitinib_155921/poses.pdbqt,jcm_revision/docking/runs/PDGFRA_axitinib_155921/poses.pdbqt,retained_byte_identical,31001,2caed660ea109d16c2a9e668ca74637f34c785435a41313f8f9066e97ed08c88
Additional_file_9_Screening_Code_and_Data.zip,jcm_revision/docking/runs/PDGFRA_axitinib_155921/poses.sdf,jcm_revision/docking/runs/PDGFRA_axitinib_155921/poses.sdf,retained_byte_identical,40425,d3029c8de30e8913cf5662832ecbf35852de351a6cdd3701e95c7898082449a5
Additional_file_9_Screening_Code_and_Data.zip,jcm_revision/docking/runs/PDGFRA_axitinib_155921/result.json,jcm_revision/docking/runs/PDGFRA_axitinib_155921/result.json,retained_byte_identical,1471,134508bb11e09eca6d82ffb0813cedfe8270a501ae611ab18cb9d14caac9f567
Additional_file_9_Screening_Code_and_Data.zip,jcm_revision/docking/runs/PDGFRA_crenolanib_104729/config.json,jcm_revision/docking/runs/PDGFRA_crenolanib_104729/config.json,retained_byte_identical,484,354254b90ec9924a2979af3953e87dbbfa8de446aa72d5a54c9bb6b0a685ab34
Additional_file_9_Screening_Code_and_Data.zip,jcm_revision/docking/runs/PDGFRA_crenolanib_104729/input_ligand.pdbqt,jcm_revision/docking/runs/PDGFRA_crenolanib_104729/input_ligand.pdbqt,retained_byte_identical,3352,9f6354a4cec4aa437de49b442a3e8063bad10e4ebc1893eb92c5a09f054e4635
Additional_file_9_Screening_Code_and_Data.zip,jcm_revision/docking/runs/PDGFRA_crenolanib_104729/input_ligand.sdf,jcm_revision/docking/runs/PDGFRA_crenolanib_104729/input_ligand.sdf,retained_byte_identical,5288,feec3a6ded966d74f0a3c99140568a0bc7e7c97e361bb50c2dea8277c6655082
Additional_file_9_Screening_Code_and_Data.zip,jcm_revision/docking/runs/PDGFRA_crenolanib_104729/poses.pdbqt,jcm_revision/docking/runs/PDGFRA_crenolanib_104729/poses.pdbqt,retained_byte_identical,35711,e2a40ceb9ca4051122df6e0255bcb1547fd056714a2e49043cdfb9556b18adfd
Additional_file_9_Screening_Code_and_Data.zip,jcm_revision/docking/runs/PDGFRA_crenolanib_104729/poses.sdf,jcm_revision/docking/runs/PDGFRA_crenolanib_104729/poses.sdf,retained_byte_identical,53964,8e575b3c6ef23cc906d1c034ee8a252b4d1a53a8b40fb7e28dbc752445c59fd0
Additional_file_9_Screening_Code_and_Data.zip,jcm_revision/docking/runs/PDGFRA_crenolanib_104729/result.json,jcm_revision/docking/runs/PDGFRA_crenolanib_104729/result.json,retained_byte_identical,1497,2c6c0dfd4e7f9de2dc7fd323b4d891c1a9a66fb7727410d2a651ceefb0d08303
Additional_file_9_Screening_Code_and_Data.zip,jcm_revision/docking/runs/PDGFRA_crenolanib_130363/config.json,jcm_revision/docking/runs/PDGFRA_crenolanib_130363/config.json,retained_byte_identical,484,407b1a2d774ada481608d50d72a8180a89b043a8e3751909320ae4752c0cedc5
Additional_file_9_Screening_Code_and_Data.zip,jcm_revision/docking/runs/PDGFRA_crenolanib_130363/input_ligand.pdbqt,jcm_revision/docking/runs/PDGFRA_crenolanib_130363/input_ligand.pdbqt,retained_byte_identical,3352,e7f93d1a707d0a3c5aedaa6e8fff5d63f5c491f472823595ca4f2c959ace4de4
Additional_file_9_Screening_Code_and_Data.zip,jcm_revision/docking/runs/PDGFRA_crenolanib_130363/input_ligand.sdf,jcm_revision/docking/runs/PDGFRA_crenolanib_130363/input_ligand.sdf,retained_byte_identical,5288,e4acb7029639c0b5d32769aadff3309af747a2a384df5898dd8c8ae08bb69c43
Additional_file_9_Screening_Code_and_Data.zip,jcm_revision/docking/runs/PDGFRA_crenolanib_130363/poses.pdbqt,jcm_revision/docking/runs/PDGFRA_crenolanib_130363/poses.pdbqt,retained_byte_identical,35711,ac6d5631f0f09788d503bd869095be9feaa471d35b8b5084a2db624e7097c263
Additional_file_9_Screening_Code_and_Data.zip,jcm_revision/docking/runs/PDGFRA_crenolanib_130363/poses.sdf,jcm_revision/docking/runs/PDGFRA_crenolanib_130363/poses.sdf,retained_byte_identical,53965,ae201b919d4182e53e1e2fb3f5cd81d2c46b63e1570bc8f3ab06ebedcc870ded
Additional_file_9_Screening_Code_and_Data.zip,jcm_revision/docking/runs/PDGFRA_crenolanib_130363/result.json,jcm_revision/docking/runs/PDGFRA_crenolanib_130363/result.json,retained_byte_identical,1494,8f33dafa87099cc6a5962f6dfbe2e856d683b6faceb9ad7e63f3861b9666fe9a
Additional_file_9_Screening_Code_and_Data.zip,jcm_revision/docking/runs/PDGFRA_crenolanib_155921/config.json,jcm_revision/docking/runs/PDGFRA_crenolanib_155921/config.json,retained_byte_identical,484,ca40a82659c81fa6ac7353a177bb294919fbc1b6bc3ac3411eea0c138404eda5
Additional_file_9_Screening_Code_and_Data.zip,jcm_revision/docking/runs/PDGFRA_crenolanib_155921/input_ligand.pdbqt,jcm_revision/docking/runs/PDGFRA_crenolanib_155921/input_ligand.pdbqt,retained_byte_identical,3352,1f977c9d360d5583637492de070cca1d69363757f796bda9d898b01f32f2c58e
Additional_file_9_Screening_Code_and_Data.zip,jcm_revision/docking/runs/PDGFRA_crenolanib_155921/input_ligand.sdf,jcm_revision/docking/runs/PDGFRA_crenolanib_155921/input_ligand.sdf,retained_byte_identical,5288,ab61dacb7fd7864b48ba069d22d22ea7df857322e0b88dc01fc3b16d843fd65d
Additional_file_9_Screening_Code_and_Data.zip,jcm_revision/docking/runs/PDGFRA_crenolanib_155921/poses.pdbqt,jcm_revision/docking/runs/PDGFRA_crenolanib_155921/poses.pdbqt,retained_byte_identical,35711,8aad08f284d3ef85986f62dfe456aba15939cff1ecc6daea9435c9afc2f69015
Additional_file_9_Screening_Code_and_Data.zip,jcm_revision/docking/runs/PDGFRA_crenolanib_155921/poses.sdf,jcm_revision/docking/runs/PDGFRA_crenolanib_155921/poses.sdf,retained_byte_identical,53961,1201ce3ed15c714f476a426182ad40906eb383a52878f401c983645a1dde659f
Additional_file_9_Screening_Code_and_Data.zip,jcm_revision/docking/runs/PDGFRA_crenolanib_155921/result.json,jcm_revision/docking/runs/PDGFRA_crenolanib_155921/result.json,retained_byte_identical,1486,2a95c9860d2476b54e88598b679a9a5d0d5a9600e96bd1983d489c0f2499da96
Additional_file_9_Screening_Code_and_Data.zip,jcm_revision/docking/runs/PDGFRA_imatinib_104729/config.json,jcm_revision/docking/runs/PDGFRA_imatinib_104729/config.json,retained_byte_identical,487,2a188baf0c3e78252a27565267beea76ee2331e0e4ddfb1c3912186ca4c973a6
Additional_file_9_Screening_Code_and_Data.zip,jcm_revision/docking/runs/PDGFRA_imatinib_104729/input_ligand.pdbqt,jcm_revision/docking/runs/PDGFRA_imatinib_104729/input_ligand.pdbqt,retained_byte_identical,3751,3e27c13ef1840a7192441155d6884fea3ebc6e54f2fb0611d9bab29de6e48eac
Additional_file_9_Screening_Code_and_Data.zip,jcm_revision/docking/runs/PDGFRA_imatinib_104729/input_ligand.sdf,jcm_revision/docking/runs/PDGFRA_imatinib_104729/input_ligand.sdf,retained_byte_identical,5773,1751d3bd07eb18e811e3d2dae6bdc86002f6fe4dad8a8233744d4aa727690224
Additional_file_9_Screening_Code_and_Data.zip,jcm_revision/docking/runs/PDGFRA_imatinib_104729/poses.pdbqt,jcm_revision/docking/runs/PDGFRA_imatinib_104729/poses.pdbqt,retained_byte_identical,35730,392f133629303b02720c35b71f1e86ba1bce8e41368f5c40546ddba690b9dfe3
Additional_file_9_Screening_Code_and_Data.zip,jcm_revision/docking/runs/PDGFRA_imatinib_104729/poses.sdf,jcm_revision/docking/runs/PDGFRA_imatinib_104729/poses.sdf,retained_byte_identical,52938,c279c5b8b5e6b3af1aadd146ceeede5f690f1fdb4a3a40d7c9a747f8cb14aadc
Additional_file_9_Screening_Code_and_Data.zip,jcm_revision/docking/runs/PDGFRA_imatinib_104729/result.json,jcm_revision/docking/runs/PDGFRA_imatinib_104729/result.json,retained_byte_identical,1424,484003f44ef050b7bc7aed3a98192a927a02c4d39646b1eec50ee3bf37ba0b76
Additional_file_9_Screening_Code_and_Data.zip,jcm_revision/docking/runs/PDGFRA_imatinib_130363/config.json,jcm_revision/docking/runs/PDGFRA_imatinib_130363/config.json,retained_byte_identical,487,e316937eebeee81daf25cfb9da6c20b403a4706017c0f6f79902cfb9ec69cbc9
Additional_file_9_Screening_Code_and_Data.zip,jcm_revision/docking/runs/PDGFRA_imatinib_130363/input_ligand.pdbqt,jcm_revision/docking/runs/PDGFRA_imatinib_130363/input_ligand.pdbqt,retained_byte_identical,3751,6aa61161e3cbf5f437f856245e550557c2713467ca4bd2d6dd092ee181053d0d
Additional_file_9_Screening_Code_and_Data.zip,jcm_revision/docking/runs/PDGFRA_imatinib_130363/input_ligand.sdf,jcm_revision/docking/runs/PDGFRA_imatinib_130363/input_ligand.sdf,retained_byte_identical,5773,ab107ec4dbd413d41e6834207bda60fb24f25228114c904b58984a2f692ef7b2
Additional_file_9_Screening_Code_and_Data.zip,jcm_revision/docking/runs/PDGFRA_imatinib_130363/poses.pdbqt,jcm_revision/docking/runs/PDGFRA_imatinib_130363/poses.pdbqt,retained_byte_identical,39701,c5fe5ddec04380556e092e6e1e4590ac061625d21c641820feeef5f54c8f8d3e
Additional_file_9_Screening_Code_and_Data.zip,jcm_revision/docking/runs/PDGFRA_imatinib_130363/poses.sdf,jcm_revision/docking/runs/PDGFRA_imatinib_130363/poses.sdf,retained_byte_identical,58818,1692e22d5cd64da3f8c80ba005e312a6c02e82e4ec9699666875d12168c8a899
Additional_file_9_Screening_Code_and_Data.zip,jcm_revision/docking/runs/PDGFRA_imatinib_130363/result.json,jcm_revision/docking/runs/PDGFRA_imatinib_130363/result.json,retained_byte_identical,1500,f8b5066f983d1584298cdc36ed827c0c13d5f9917497fe9d9eac387ec7181e6b
Additional_file_9_Screening_Code_and_Data.zip,jcm_revision/docking/runs/PDGFRA_imatinib_155921/config.json,jcm_revision/docking/runs/PDGFRA_imatinib_155921/config.json,retained_byte_identical,487,160611bd841ce8ab32803f2a04e5bbe6795907490c6c7c3676c39149d7fca302
Additional_file_9_Screening_Code_and_Data.zip,jcm_revision/docking/runs/PDGFRA_imatinib_155921/input_ligand.pdbqt,jcm_revision/docking/runs/PDGFRA_imatinib_155921/input_ligand.pdbqt,retained_byte_identical,3751,1a33090311f78db7b59cfb967c924aa7bbb3f775401f4de8dab682e6a9631c50
Additional_file_9_Screening_Code_and_Data.zip,jcm_revision/docking/runs/PDGFRA_imatinib_155921/input_ligand.sdf,jcm_revision/docking/runs/PDGFRA_imatinib_155921/input_ligand.sdf,retained_byte_identical,5773,a759a33687dcabbe2f41c3ccb744677985f14d422ec8bdf72a89f08c2d216b07
Additional_file_9_Screening_Code_and_Data.zip,jcm_revision/docking/runs/PDGFRA_imatinib_155921/poses.pdbqt,jcm_revision/docking/runs/PDGFRA_imatinib_155921/poses.pdbqt,retained_byte_identical,39701,9ced420e9873eeecc363ca029eb168851c1e70bda70ae61a59c1ba91cfb7613d
Additional_file_9_Screening_Code_and_Data.zip,jcm_revision/docking/runs/PDGFRA_imatinib_155921/poses.sdf,jcm_revision/docking/runs/PDGFRA_imatinib_155921/poses.sdf,retained_byte_identical,58822,3b32babe2592dab2943fdd7f328c95bbd3a2b36e43a721df81a0e25c4d4c4337
Additional_file_9_Screening_Code_and_Data.zip,jcm_revision/docking/runs/PDGFRA_imatinib_155921/result.json,jcm_revision/docking/runs/PDGFRA_imatinib_155921/result.json,retained_byte_identical,1504,079e289ce38af4684748793850ab3c2362a5582531084da8b1336f9d59b4e18e
Additional_file_9_Screening_Code_and_Data.zip,jcm_revision/docking/runs/PDGFRA_lenvatinib_104729/config.json,jcm_revision/docking/runs/PDGFRA_lenvatinib_104729/config.json,retained_byte_identical,481,d209a365d6fbf87047ff6c09c0cb23f72e96f8a7e7bbe010a93b0d9c465af256
Additional_file_9_Screening_Code_and_Data.zip,jcm_revision/docking/runs/PDGFRA_lenvatinib_104729/input_ligand.pdbqt,jcm_revision/docking/runs/PDGFRA_lenvatinib_104729/input_ligand.pdbqt,retained_byte_identical,3263,d0bf92d3ff40659339e22608c27e71ed246df17da3d0a70d8a4350be26b8319e
Additional_file_9_Screening_Code_and_Data.zip,jcm_revision/docking/runs/PDGFRA_lenvatinib_104729/input_ligand.sdf,jcm_revision/docking/runs/PDGFRA_lenvatinib_104729/input_ligand.sdf,retained_byte_identical,4183,5c85c51462ddadfe4a4207711b4216341b5feab39d40112b72d446a467aab06a
Additional_file_9_Screening_Code_and_Data.zip,jcm_revision/docking/runs/PDGFRA_lenvatinib_104729/poses.pdbqt,jcm_revision/docking/runs/PDGFRA_lenvatinib_104729/poses.pdbqt,retained_byte_identical,34821,471255f3dfcb26fa78d813da5d824c2fa70dbee3df15d421d7141b4582e45aa1
Additional_file_9_Screening_Code_and_Data.zip,jcm_revision/docking/runs/PDGFRA_lenvatinib_104729/poses.sdf,jcm_revision/docking/runs/PDGFRA_lenvatinib_104729/poses.sdf,retained_byte_identical,42914,e6d3231dbab4c47c04b0e3b2bf7196ff405d0cae55efbd1673a3ac9d9ab61617
Additional_file_9_Screening_Code_and_Data.zip,jcm_revision/docking/runs/PDGFRA_lenvatinib_104729/result.json,jcm_revision/docking/runs/PDGFRA_lenvatinib_104729/result.json,retained_byte_identical,1478,f0c8aea76aa4a4a9d53aa5d720e47aeb9d2be9bc1a90a47a517056a172802c48
Additional_file_9_Screening_Code_and_Data.zip,jcm_revision/docking/runs/PDGFRA_lenvatinib_130363/config.json,jcm_revision/docking/runs/PDGFRA_lenvatinib_130363/config.json,retained_byte_identical,481,d6f7473fcc5a8c62907c890e273c9eb9e92b38c6fa85e842bf53ebfe823ac440
Additional_file_9_Screening_Code_and_Data.zip,jcm_revision/docking/runs/PDGFRA_lenvatinib_130363/input_ligand.pdbqt,jcm_revision/docking/runs/PDGFRA_lenvatinib_130363/input_ligand.pdbqt,retained_byte_identical,3263,53e27366204731c3e209e35ae22cd9d3f7aa79be4b5fcaedd969e3064ba69996
Additional_file_9_Screening_Code_and_Data.zip,jcm_revision/docking/runs/PDGFRA_lenvatinib_130363/input_ligand.sdf,jcm_revision/docking/runs/PDGFRA_lenvatinib_130363/input_ligand.sdf,retained_byte_identical,4183,be52ecea2b36ba99bdc2e92cd02c341947a36f23d1b19c8448fab49fd3df9fd3
Additional_file_9_Screening_Code_and_Data.zip,jcm_revision/docking/runs/PDGFRA_lenvatinib_130363/poses.pdbqt,jcm_revision/docking/runs/PDGFRA_lenvatinib_130363/poses.pdbqt,retained_byte_identical,34821,382c9f906d27741b1c7a1bae41dc1a2f99e4cafd60f89e49e9aa3af857a5ae74
Additional_file_9_Screening_Code_and_Data.zip,jcm_revision/docking/runs/PDGFRA_lenvatinib_130363/poses.sdf,jcm_revision/docking/runs/PDGFRA_lenvatinib_130363/poses.sdf,retained_byte_identical,42914,f22e1dea8e818f149a4fe1be076db4095e59c069ff2cababd2ad7c54c7bfc02f
Additional_file_9_Screening_Code_and_Data.zip,jcm_revision/docking/runs/PDGFRA_lenvatinib_130363/result.json,jcm_revision/docking/runs/PDGFRA_lenvatinib_130363/result.json,retained_byte_identical,1488,12fd6c3a1611cca1ad1b85e33e4aa60d6b10e0eb866b81d7a1750952cc906b10
Additional_file_9_Screening_Code_and_Data.zip,jcm_revision/docking/runs/PDGFRA_lenvatinib_155921/config.json,jcm_revision/docking/runs/PDGFRA_lenvatinib_155921/config.json,retained_byte_identical,481,c2c2f123beb3c78891699646a743ef79edab66a4d53a24f5389f47f8ef13fc5a
Additional_file_9_Screening_Code_and_Data.zip,jcm_revision/docking/runs/PDGFRA_lenvatinib_155921/input_ligand.pdbqt,jcm_revision/docking/runs/PDGFRA_lenvatinib_155921/input_ligand.pdbqt,retained_byte_identical,3263,68ec01ab17d0b1c12c313af4ad10d843fd09baee6fd9bac94bd6b53e55c70b0f
Additional_file_9_Screening_Code_and_Data.zip,jcm_revision/docking/runs/PDGFRA_lenvatinib_155921/input_ligand.sdf,jcm_revision/docking/runs/PDGFRA_lenvatinib_155921/input_ligand.sdf,retained_byte_identical,4183,6255c204b8e5bb89642f478df06f73abdde691221b8b87c03fb72698e0e41672
Additional_file_9_Screening_Code_and_Data.zip,jcm_revision/docking/runs/PDGFRA_lenvatinib_155921/poses.pdbqt,jcm_revision/docking/runs/PDGFRA_lenvatinib_155921/poses.pdbqt,retained_byte_identical,34821,7cb302eb49561a383e60b9f2da16fdc89f6fb8bc175995761e8410093bd3e58b
Additional_file_9_Screening_Code_and_Data.zip,jcm_revision/docking/runs/PDGFRA_lenvatinib_155921/poses.sdf,jcm_revision/docking/runs/PDGFRA_lenvatinib_155921/poses.sdf,retained_byte_identical,42913,2f3d78136ec413695f36eb10aa8af6f8ea1f1c0b181ea0648b32933a6d0ed0e5
Additional_file_9_Screening_Code_and_Data.zip,jcm_revision/docking/runs/PDGFRA_lenvatinib_155921/result.json,jcm_revision/docking/runs/PDGFRA_lenvatinib_155921/result.json,retained_byte_identical,1489,69c45b5b83d1f6287dc6efc15ef4157f25a68b1ad01d1f926a439d7ebb7ef805
Additional_file_9_Screening_Code_and_Data.zip,jcm_revision/docking/runs/PDGFRA_nerandomilast_104729/config.json,jcm_revision/docking/runs/PDGFRA_nerandomilast_104729/config.json,retained_byte_identical,489,f936b0e017e9ad4cbad5c263421d8d1645f5365021c02033501211050eada4d7
Additional_file_9_Screening_Code_and_Data.zip,jcm_revision/docking/runs/PDGFRA_nerandomilast_104729/input_ligand.pdbqt,jcm_revision/docking/runs/PDGFRA_nerandomilast_104729/input_ligand.pdbqt,retained_byte_identical,3096,2d4d0ec20b6d2862437cd08eb50a361da5beb511e4bcb2db99e2872c485d9cfb
Additional_file_9_Screening_Code_and_Data.zip,jcm_revision/docking/runs/PDGFRA_nerandomilast_104729/input_ligand.sdf,jcm_revision/docking/runs/PDGFRA_nerandomilast_104729/input_ligand.sdf,retained_byte_identical,4694,38ad60dc8408bdc65bfa212ad2ee631b1a8094c898d6b6c9a55318d37379159c
Additional_file_9_Screening_Code_and_Data.zip,jcm_revision/docking/runs/PDGFRA_nerandomilast_104729/poses.pdbqt,jcm_revision/docking/runs/PDGFRA_nerandomilast_104729/poses.pdbqt,retained_byte_identical,33151,e77007aeed7b737d48a300fa7c27dbeb5c64b1091b55ce417ddb78a2505d8213
Additional_file_9_Screening_Code_and_Data.zip,jcm_revision/docking/runs/PDGFRA_nerandomilast_104729/poses.sdf,jcm_revision/docking/runs/PDGFRA_nerandomilast_104729/poses.sdf,retained_byte_identical,48024,56658b68cdca948a8e3fc3f0e3e46ea8e8cc16841134a4bd826a270d44e238f5
Additional_file_9_Screening_Code_and_Data.zip,jcm_revision/docking/runs/PDGFRA_nerandomilast_104729/result.json,jcm_revision/docking/runs/PDGFRA_nerandomilast_104729/result.json,retained_byte_identical,1494,1d7cc61bd76bb33dfcb218d32c26c0b221a7a7d1c28ec40643c36b03b000ca56
Additional_file_9_Screening_Code_and_Data.zip,jcm_revision/docking/runs/PDGFRA_nerandomilast_130363/config.json,jcm_revision/docking/runs/PDGFRA_nerandomilast_130363/config.json,retained_byte_identical,489,52c1d2a89528329f9a15872867b621b12bd5279397380ff6fa970d9d494b8008
Additional_file_9_Screening_Code_and_Data.zip,jcm_revision/docking/runs/PDGFRA_nerandomilast_130363/input_ligand.pdbqt,jcm_revision/docking/runs/PDGFRA_nerandomilast_130363/input_ligand.pdbqt,retained_byte_identical,3096,82ed959b161cd2c2753edd5a58d17ec2cd6e794e4a64cfc9b712374728601a00
Additional_file_9_Screening_Code_and_Data.zip,jcm_revision/docking/runs/PDGFRA_nerandomilast_130363/input_ligand.sdf,jcm_revision/docking/runs/PDGFRA_nerandomilast_130363/input_ligand.sdf,retained_byte_identical,4694,a8811806f7f22689bc4714b2e6a7f24b5ccabea5fb72fcceab07535a76e34ab7
Additional_file_9_Screening_Code_and_Data.zip,jcm_revision/docking/runs/PDGFRA_nerandomilast_130363/poses.pdbqt,jcm_revision/docking/runs/PDGFRA_nerandomilast_130363/poses.pdbqt,retained_byte_identical,33151,2e6a08ab22e5748d3465613f5e762e1de033dee3b72d58dc8237739fcefed532
Additional_file_9_Screening_Code_and_Data.zip,jcm_revision/docking/runs/PDGFRA_nerandomilast_130363/poses.sdf,jcm_revision/docking/runs/PDGFRA_nerandomilast_130363/poses.sdf,retained_byte_identical,48023,77b782ea0be96c6d764a0d0bf295f491455e266f71cadb6d47af4fb271c4d536
Additional_file_9_Screening_Code_and_Data.zip,jcm_revision/docking/runs/PDGFRA_nerandomilast_130363/result.json,jcm_revision/docking/runs/PDGFRA_nerandomilast_130363/result.json,retained_byte_identical,1495,0d3d32cafd707c6b89db99393d265112b6206bcc16129fc93db25b7c315f8f2c
Additional_file_9_Screening_Code_and_Data.zip,jcm_revision/docking/runs/PDGFRA_nerandomilast_155921/config.json,jcm_revision/docking/runs/PDGFRA_nerandomilast_155921/config.json,retained_byte_identical,489,3be6f0d2d20cc03fc9deaccfd3afd25890c53bd10b6b4c607d70b95432d9b6eb
Additional_file_9_Screening_Code_and_Data.zip,jcm_revision/docking/runs/PDGFRA_nerandomilast_155921/input_ligand.pdbqt,jcm_revision/docking/runs/PDGFRA_nerandomilast_155921/input_ligand.pdbqt,retained_byte_identical,3096,a44eff83d6fd626b17224c84cc64fd0cd9020d824098556b1d0d01c839af2e67
Additional_file_9_Screening_Code_and_Data.zip,jcm_revision/docking/runs/PDGFRA_nerandomilast_155921/input_ligand.sdf,jcm_revision/docking/runs/PDGFRA_nerandomilast_155921/input_ligand.sdf,retained_byte_identical,4694,2089d6a34e9fcc45aeba7efd904c1c909859f5b0092fafe2270a1398ee7675c2
Additional_file_9_Screening_Code_and_Data.zip,jcm_revision/docking/runs/PDGFRA_nerandomilast_155921/poses.pdbqt,jcm_revision/docking/runs/PDGFRA_nerandomilast_155921/poses.pdbqt,retained_byte_identical,33151,d3a0cb14c37319934b920103bc1f8997c66490803338bf4fd883d4860d87fb87
Additional_file_9_Screening_Code_and_Data.zip,jcm_revision/docking/runs/PDGFRA_nerandomilast_155921/poses.sdf,jcm_revision/docking/runs/PDGFRA_nerandomilast_155921/poses.sdf,retained_byte_identical,48022,709137f84f2ee660499c03e3cdd923c73b719016d046792c357bd7066f04306d
Additional_file_9_Screening_Code_and_Data.zip,jcm_revision/docking/runs/PDGFRA_nerandomilast_155921/result.json,jcm_revision/docking/runs/PDGFRA_nerandomilast_155921/result.json,retained_byte_identical,1495,c72d7e8bc36a6cc8b3994d53a7f4483533ce0eb6db6b88c27eff230062fa876f
Additional_file_9_Screening_Code_and_Data.zip,jcm_revision/docking/runs/PDGFRA_nintedanib_104729/config.json,jcm_revision/docking/runs/PDGFRA_nintedanib_104729/config.json,retained_byte_identical,503,76dcdaf38bd89eda2b5c2b626a7ff3e83471da31ead2956e491459fcc813a1fc
Additional_file_9_Screening_Code_and_Data.zip,jcm_revision/docking/runs/PDGFRA_nintedanib_104729/input_ligand.pdbqt,jcm_revision/docking/runs/PDGFRA_nintedanib_104729/input_ligand.pdbqt,retained_byte_identical,4089,970ac8ead6e89494ab32ba67785db1ba8ff3285b861fc72289415a58f5deae80
Additional_file_9_Screening_Code_and_Data.zip,jcm_revision/docking/runs/PDGFRA_nintedanib_104729/input_ligand.sdf,jcm_revision/docking/runs/PDGFRA_nintedanib_104729/input_ligand.sdf,retained_byte_identical,6188,a46dcc35e7c45c06476e22d987d401245130efd348fbb68d1902e082f0c2b8ac
Additional_file_9_Screening_Code_and_Data.zip,jcm_revision/docking/runs/PDGFRA_nintedanib_104729/poses.pdbqt,jcm_revision/docking/runs/PDGFRA_nintedanib_104729/poses.pdbqt,retained_byte_identical,43081,a85c874ca8588bf56f4c596d67ea513ea347346e89c718db4c8f6a22a3ccf00a
Additional_file_9_Screening_Code_and_Data.zip,jcm_revision/docking/runs/PDGFRA_nintedanib_104729/poses.sdf,jcm_revision/docking/runs/PDGFRA_nintedanib_104729/poses.sdf,retained_byte_identical,62963,762100ed9fe86c1593c43a5cefe26380d407cb124a52589b4efc847c35e5292a
Additional_file_9_Screening_Code_and_Data.zip,jcm_revision/docking/runs/PDGFRA_nintedanib_104729/result.json,jcm_revision/docking/runs/PDGFRA_nintedanib_104729/result.json,retained_byte_identical,1499,187cf22d25c485d092d86e3b454552fcb2bdb92c699b1131c6d81943bcf3b599
Additional_file_9_Screening_Code_and_Data.zip,jcm_revision/docking/runs/PDGFRA_nintedanib_130363/config.json,jcm_revision/docking/runs/PDGFRA_nintedanib_130363/config.json,retained_byte_identical,503,a2ca964d76fcd37d5ffffed4e8f21976c42bc34b3646159661cdbae038c07aac
Additional_file_9_Screening_Code_and_Data.zip,jcm_revision/docking/runs/PDGFRA_nintedanib_130363/input_ligand.pdbqt,jcm_revision/docking/runs/PDGFRA_nintedanib_130363/input_ligand.pdbqt,retained_byte_identical,4089,f99b4703d0947a852b96b4d16b03de01ed011919444645249cf9f2fe2bb9c7f6
Additional_file_9_Screening_Code_and_Data.zip,jcm_revision/docking/runs/PDGFRA_nintedanib_130363/input_ligand.sdf,jcm_revision/docking/runs/PDGFRA_nintedanib_130363/input_ligand.sdf,retained_byte_identical,6188,c4abac60e3008222296f1938814643018ba2921ba21ac8ff9f302504689c627a
Additional_file_9_Screening_Code_and_Data.zip,jcm_revision/docking/runs/PDGFRA_nintedanib_130363/poses.pdbqt,jcm_revision/docking/runs/PDGFRA_nintedanib_130363/poses.pdbqt,retained_byte_identical,43081,9fbd78b3300ab46c7c8eb336ac3ff0679ce8fda8189523b3c7d6a559136fef66
Additional_file_9_Screening_Code_and_Data.zip,jcm_revision/docking/runs/PDGFRA_nintedanib_130363/poses.sdf,jcm_revision/docking/runs/PDGFRA_nintedanib_130363/poses.sdf,retained_byte_identical,62964,477c30aa10a3ac0c9284db0e622eeb23ef80fff21885f2584041a47973a75967
Additional_file_9_Screening_Code_and_Data.zip,jcm_revision/docking/runs/PDGFRA_nintedanib_130363/result.json,jcm_revision/docking/runs/PDGFRA_nintedanib_130363/result.json,retained_byte_identical,1503,20361ffa2022e650aadcfd2b617cdb34da6f8f6ccf760e1668e8fcece8989259
Additional_file_9_Screening_Code_and_Data.zip,jcm_revision/docking/runs/PDGFRA_nintedanib_155921/config.json,jcm_revision/docking/runs/PDGFRA_nintedanib_155921/config.json,retained_byte_identical,503,59b2e0ccb28744fec103267a28f50daba222fbe3f25ee344458b65067280d48f
Additional_file_9_Screening_Code_and_Data.zip,jcm_revision/docking/runs/PDGFRA_nintedanib_155921/input_ligand.pdbqt,jcm_revision/docking/runs/PDGFRA_nintedanib_155921/input_ligand.pdbqt,retained_byte_identical,4089,16d2c8aa10689547a6bb2b8dd3816f839d07e6467dff75bcd65e6f6b9145a449
Additional_file_9_Screening_Code_and_Data.zip,jcm_revision/docking/runs/PDGFRA_nintedanib_155921/input_ligand.sdf,jcm_revision/docking/runs/PDGFRA_nintedanib_155921/input_ligand.sdf,retained_byte_identical,6188,c5f21c10bd1ffda41e09891919e5f700e7547e9f6993b69917916535131c5846
Additional_file_9_Screening_Code_and_Data.zip,jcm_revision/docking/runs/PDGFRA_nintedanib_155921/poses.pdbqt,jcm_revision/docking/runs/PDGFRA_nintedanib_155921/poses.pdbqt,retained_byte_identical,43081,4c095d40f48837376ef2dbb0fb92f35cb4a7591c9e904c0cd07a5e5b70b7513e
Additional_file_9_Screening_Code_and_Data.zip,jcm_revision/docking/runs/PDGFRA_nintedanib_155921/poses.sdf,jcm_revision/docking/runs/PDGFRA_nintedanib_155921/poses.sdf,retained_byte_identical,62963,f3820c55417ae954695fb32f3dae251f5ae79f3e410cd058fe96c402b2d259da
Additional_file_9_Screening_Code_and_Data.zip,jcm_revision/docking/runs/PDGFRA_nintedanib_155921/result.json,jcm_revision/docking/runs/PDGFRA_nintedanib_155921/result.json,retained_byte_identical,1512,21ab2163aa27b33831e98727e405babf9c8723ec4939c313f24cc51d97a6ff1e
Additional_file_9_Screening_Code_and_Data.zip,jcm_revision/docking/runs/PDGFRA_pazopanib_104729/config.json,jcm_revision/docking/runs/PDGFRA_pazopanib_104729/config.json,retained_byte_identical,484,30122cd7ff7c5996212c56f2aba3d3b6713387c2210ce01547a010daa84e36ef
Additional_file_9_Screening_Code_and_Data.zip,jcm_revision/docking/runs/PDGFRA_pazopanib_104729/input_ligand.pdbqt,jcm_revision/docking/runs/PDGFRA_pazopanib_104729/input_ligand.pdbqt,retained_byte_identical,3266,97726e954aae4bbf9322f3ab39a243a42d70648fc9a1f316daa7f565e0c8f5b0
Additional_file_9_Screening_Code_and_Data.zip,jcm_revision/docking/runs/PDGFRA_pazopanib_104729/input_ligand.sdf,jcm_revision/docking/runs/PDGFRA_pazopanib_104729/input_ligand.sdf,retained_byte_identical,4598,5e6a8185fab03f8a0dbf170dbddb60533879b8e2e7afea4b5c7e1e46214f73ed
Additional_file_9_Screening_Code_and_Data.zip,jcm_revision/docking/runs/PDGFRA_pazopanib_104729/poses.pdbqt,jcm_revision/docking/runs/PDGFRA_pazopanib_104729/poses.pdbqt,retained_byte_identical,34851,a694f38f249b8294ce72e37f43e768f07ab32d8957239894a7ec1c4db7930aba
Additional_file_9_Screening_Code_and_Data.zip,jcm_revision/docking/runs/PDGFRA_pazopanib_104729/poses.sdf,jcm_revision/docking/runs/PDGFRA_pazopanib_104729/poses.sdf,retained_byte_identical,47066,e082f8e57b5bbe8880bf2a7102b40ec9913026e3f116bcc414dc36c2dfb4a8a6
Additional_file_9_Screening_Code_and_Data.zip,jcm_revision/docking/runs/PDGFRA_pazopanib_104729/result.json,jcm_revision/docking/runs/PDGFRA_pazopanib_104729/result.json,retained_byte_identical,1495,f780d8d612e16b0497a5d6883c887b499e6fae041fe7cb96f603fee75e2dbd9b
Additional_file_9_Screening_Code_and_Data.zip,jcm_revision/docking/runs/PDGFRA_pazopanib_130363/config.json,jcm_revision/docking/runs/PDGFRA_pazopanib_130363/config.json,retained_byte_identical,484,3d57306b01566eddc7f1fff6aec7af846b2d639fc7f05670fe679913f92c860a
Additional_file_9_Screening_Code_and_Data.zip,jcm_revision/docking/runs/PDGFRA_pazopanib_130363/input_ligand.pdbqt,jcm_revision/docking/runs/PDGFRA_pazopanib_130363/input_ligand.pdbqt,retained_byte_identical,3266,ac8f8b7e2aaefda7c5fb9d09a3baddb3f09f4025a3a68a154442ae143a885ee8
Additional_file_9_Screening_Code_and_Data.zip,jcm_revision/docking/runs/PDGFRA_pazopanib_130363/input_ligand.sdf,jcm_revision/docking/runs/PDGFRA_pazopanib_130363/input_ligand.sdf,retained_byte_identical,4598,2ff63d02bb661893fe383055b641663e153e08911e89a897745f1728645b9d18
Additional_file_9_Screening_Code_and_Data.zip,jcm_revision/docking/runs/PDGFRA_pazopanib_130363/poses.pdbqt,jcm_revision/docking/runs/PDGFRA_pazopanib_130363/poses.pdbqt,retained_byte_identical,34851,2b99cbf3ee0f21c68c0fdb0be841550b66c4860a2bee6c13b71cb3257125db7f
Additional_file_9_Screening_Code_and_Data.zip,jcm_revision/docking/runs/PDGFRA_pazopanib_130363/poses.sdf,jcm_revision/docking/runs/PDGFRA_pazopanib_130363/poses.sdf,retained_byte_identical,47065,d4156eaa73ec24f36f4979ce8a91776be24e2b05e37a379b46dc941e13da59af
Additional_file_9_Screening_Code_and_Data.zip,jcm_revision/docking/runs/PDGFRA_pazopanib_130363/result.json,jcm_revision/docking/runs/PDGFRA_pazopanib_130363/result.json,retained_byte_identical,1486,ac595f9a7aa2e5a7006314651a7fb6a785f43b2b80bdb888700452b8c3ca0dd2
Additional_file_9_Screening_Code_and_Data.zip,jcm_revision/docking/runs/PDGFRA_pazopanib_155921/config.json,jcm_revision/docking/runs/PDGFRA_pazopanib_155921/config.json,retained_byte_identical,484,534188867217110951c4ef1cb5f1bea15169a5bcb91ecaba929494185837554a
Additional_file_9_Screening_Code_and_Data.zip,jcm_revision/docking/runs/PDGFRA_pazopanib_155921/input_ligand.pdbqt,jcm_revision/docking/runs/PDGFRA_pazopanib_155921/input_ligand.pdbqt,retained_byte_identical,3266,e4201ce288e267ec1892504997855721a17db13505a0f393138cfbe344b861a5
Additional_file_9_Screening_Code_and_Data.zip,jcm_revision/docking/runs/PDGFRA_pazopanib_155921/input_ligand.sdf,jcm_revision/docking/runs/PDGFRA_pazopanib_155921/input_ligand.sdf,retained_byte_identical,4598,fd177b96ef88bea6084dc054964311b202e128f104fd3e164dd1a2e4b0987b54
Additional_file_9_Screening_Code_and_Data.zip,jcm_revision/docking/runs/PDGFRA_pazopanib_155921/poses.pdbqt,jcm_revision/docking/runs/PDGFRA_pazopanib_155921/poses.pdbqt,retained_byte_identical,34851,51620e6204566a4852e0f35f115084c3b76d65c40314cfc632b26816b50febe5
Additional_file_9_Screening_Code_and_Data.zip,jcm_revision/docking/runs/PDGFRA_pazopanib_155921/poses.sdf,jcm_revision/docking/runs/PDGFRA_pazopanib_155921/poses.sdf,retained_byte_identical,47066,aa795d86fa308d9f799a37432f023cbbee9c7af8e43e9572eed57390b6b5ff30
Additional_file_9_Screening_Code_and_Data.zip,jcm_revision/docking/runs/PDGFRA_pazopanib_155921/result.json,jcm_revision/docking/runs/PDGFRA_pazopanib_155921/result.json,retained_byte_identical,1483,0dfc05fe3f2135b2e402e4946e7f85bc389589655a08285e3fc6bbad871539d0
Additional_file_9_Screening_Code_and_Data.zip,jcm_revision/docking/runs/PDGFRA_pirfenidone_104729/config.json,jcm_revision/docking/runs/PDGFRA_pirfenidone_104729/config.json,retained_byte_identical,455,765a3929caa92bf35633d5b8b3dee4de8b81c0c4cabbbca2126404436c2d0edd
Additional_file_9_Screening_Code_and_Data.zip,jcm_revision/docking/runs/PDGFRA_pirfenidone_104729/input_ligand.pdbqt,jcm_revision/docking/runs/PDGFRA_pirfenidone_104729/input_ligand.pdbqt,retained_byte_identical,1333,b5cf890b3888faf3238899a5d4f82f5cfc750803de39788153bbefb57ff2c84d
Additional_file_9_Screening_Code_and_Data.zip,jcm_revision/docking/runs/PDGFRA_pirfenidone_104729/input_ligand.sdf,jcm_revision/docking/runs/PDGFRA_pirfenidone_104729/input_ligand.sdf,retained_byte_identical,2165,0f03fc041eef0c1711c39e874bbfe96bdf58dd76c9f905b8aa4375d40f901dde
Additional_file_9_Screening_Code_and_Data.zip,jcm_revision/docking/runs/PDGFRA_pirfenidone_104729/poses.pdbqt,jcm_revision/docking/runs/PDGFRA_pirfenidone_104729/poses.pdbqt,retained_byte_identical,15521,af6456d358fd0f7dd996d4981df4c989ebd8b70a782a11fe58179659a975e005
Additional_file_9_Screening_Code_and_Data.zip,jcm_revision/docking/runs/PDGFRA_pirfenidone_104729/poses.sdf,jcm_revision/docking/runs/PDGFRA_pirfenidone_104729/poses.sdf,retained_byte_identical,22733,fec543140007623873b2de9e5ba77c7719d85fae5267583ac2d34c0a98c98368
Additional_file_9_Screening_Code_and_Data.zip,jcm_revision/docking/runs/PDGFRA_pirfenidone_104729/result.json,jcm_revision/docking/runs/PDGFRA_pirfenidone_104729/result.json,retained_byte_identical,1454,52020c27dc66b1ac92387ca49b1d9b20b31f31700b224e3bbd23ff2985e45cde
Additional_file_9_Screening_Code_and_Data.zip,jcm_revision/docking/runs/PDGFRA_pirfenidone_130363/config.json,jcm_revision/docking/runs/PDGFRA_pirfenidone_130363/config.json,retained_byte_identical,455,f3149af2ea36f6e78fe127a3b56ccda6a3c24074fbbfda7c1259948d897d952c
Additional_file_9_Screening_Code_and_Data.zip,jcm_revision/docking/runs/PDGFRA_pirfenidone_130363/input_ligand.pdbqt,jcm_revision/docking/runs/PDGFRA_pirfenidone_130363/input_ligand.pdbqt,retained_byte_identical,1333,2ecf20c55956fc858b9695f459f1bded189fb54ecf3b466b102a896f54ff82c7
Additional_file_9_Screening_Code_and_Data.zip,jcm_revision/docking/runs/PDGFRA_pirfenidone_130363/input_ligand.sdf,jcm_revision/docking/runs/PDGFRA_pirfenidone_130363/input_ligand.sdf,retained_byte_identical,2165,96cbea3bab3fb45440dc7e3db17fa31fb89f874cebc6817b60bfac800a1a9c93
Additional_file_9_Screening_Code_and_Data.zip,jcm_revision/docking/runs/PDGFRA_pirfenidone_130363/poses.pdbqt,jcm_revision/docking/runs/PDGFRA_pirfenidone_130363/poses.pdbqt,retained_byte_identical,15521,16cdff62b6ed4b7161170b78185da853287ba99c31014c6b6c889d7ab477baef
Additional_file_9_Screening_Code_and_Data.zip,jcm_revision/docking/runs/PDGFRA_pirfenidone_130363/poses.sdf,jcm_revision/docking/runs/PDGFRA_pirfenidone_130363/poses.sdf,retained_byte_identical,22730,f7a50771250be2aaca7ca2080196ba21cc8048de62db461ff59d2067046403b9
Additional_file_9_Screening_Code_and_Data.zip,jcm_revision/docking/runs/PDGFRA_pirfenidone_130363/result.json,jcm_revision/docking/runs/PDGFRA_pirfenidone_130363/result.json,retained_byte_identical,1451,1a9287af7ffdcb9bb8b081005be6463da105de0b0471420e5d594c342b05848e
Additional_file_9_Screening_Code_and_Data.zip,jcm_revision/docking/runs/PDGFRA_pirfenidone_155921/config.json,jcm_revision/docking/runs/PDGFRA_pirfenidone_155921/config.json,retained_byte_identical,455,b84bd79bd663a4c67fe93fb2b73f747579f936df12f874985fa97571c3bf9c10
Additional_file_9_Screening_Code_and_Data.zip,jcm_revision/docking/runs/PDGFRA_pirfenidone_155921/input_ligand.pdbqt,jcm_revision/docking/runs/PDGFRA_pirfenidone_155921/input_ligand.pdbqt,retained_byte_identical,1333,3d34e1b68e19363ec70a99afd99017053c5f07bcb5a8be08f3c72bef3d3116e7
Additional_file_9_Screening_Code_and_Data.zip,jcm_revision/docking/runs/PDGFRA_pirfenidone_155921/input_ligand.sdf,jcm_revision/docking/runs/PDGFRA_pirfenidone_155921/input_ligand.sdf,retained_byte_identical,2165,ec763214325edc13a6f27d15995570e425a5ca9665d1a2ff8a92ab6ad7ba7cc7
Additional_file_9_Screening_Code_and_Data.zip,jcm_revision/docking/runs/PDGFRA_pirfenidone_155921/poses.pdbqt,jcm_revision/docking/runs/PDGFRA_pirfenidone_155921/poses.pdbqt,retained_byte_identical,15521,503fa0b48cce0290d0b8fb3deb8befd5cdb60b53f7914225bd6df84303865c4f
Additional_file_9_Screening_Code_and_Data.zip,jcm_revision/docking/runs/PDGFRA_pirfenidone_155921/poses.sdf,jcm_revision/docking/runs/PDGFRA_pirfenidone_155921/poses.sdf,retained_byte_identical,22732,6fd701d4fd4695723df8ffcb7c17dbfeffcbdc232638f93dd0b07683ad40a9d9
Additional_file_9_Screening_Code_and_Data.zip,jcm_revision/docking/runs/PDGFRA_pirfenidone_155921/result.json,jcm_revision/docking/runs/PDGFRA_pirfenidone_155921/result.json,retained_byte_identical,1445,3172d1defdf038abff82ec6547f6e5ae582552861d20870448d0530c31c2df01
Additional_file_9_Screening_Code_and_Data.zip,jcm_revision/docking/runs/PDGFRA_ponatinib_104729/config.json,jcm_revision/docking/runs/PDGFRA_ponatinib_104729/config.json,retained_byte_identical,494,e3ce4ad8db3faffd2326e973e368bf5dc2e5bb9e9a5a16495afc86307f1c0d5e
Additional_file_9_Screening_Code_and_Data.zip,jcm_revision/docking/runs/PDGFRA_ponatinib_104729/input_ligand.pdbqt,jcm_revision/docking/runs/PDGFRA_ponatinib_104729/input_ligand.pdbqt,retained_byte_identical,3810,c7350ef9bf5bf304c0c020ca16da26fb1fe5b77c854cb6b0183af8818ed679ed
Additional_file_9_Screening_Code_and_Data.zip,jcm_revision/docking/runs/PDGFRA_ponatinib_104729/input_ligand.sdf,jcm_revision/docking/runs/PDGFRA_ponatinib_104729/input_ligand.sdf,retained_byte_identical,5607,2231c985baca1757fd3e3f9150a740ba2e0919b590f76c1bbf35940531f8afda
Additional_file_9_Screening_Code_and_Data.zip,jcm_revision/docking/runs/PDGFRA_ponatinib_104729/poses.pdbqt,jcm_revision/docking/runs/PDGFRA_ponatinib_104729/poses.pdbqt,retained_byte_identical,40291,3daaaed4d6722786273ff1caa017c545eaa9c710d2214839a1764fb3bddc8193
Additional_file_9_Screening_Code_and_Data.zip,jcm_revision/docking/runs/PDGFRA_ponatinib_104729/poses.sdf,jcm_revision/docking/runs/PDGFRA_ponatinib_104729/poses.sdf,retained_byte_identical,57164,8ad002ed9c92137a92bd89c5a9b7d0f21da9e24a927bc7d41c24c6eac63d6018
Additional_file_9_Screening_Code_and_Data.zip,jcm_revision/docking/runs/PDGFRA_ponatinib_104729/result.json,jcm_revision/docking/runs/PDGFRA_ponatinib_104729/result.json,retained_byte_identical,1514,ddc7455e0a20065a6961f3c9f3d6a7dcc232f6d1cb51fc4a7afab91e802369de
Additional_file_9_Screening_Code_and_Data.zip,jcm_revision/docking/runs/PDGFRA_ponatinib_130363/config.json,jcm_revision/docking/runs/PDGFRA_ponatinib_130363/config.json,retained_byte_identical,494,b3899b7212a76e79e87b78fdd44d6d67bffdd6a359cdf3a9c0a91a782d5f23ae
Additional_file_9_Screening_Code_and_Data.zip,jcm_revision/docking/runs/PDGFRA_ponatinib_130363/input_ligand.pdbqt,jcm_revision/docking/runs/PDGFRA_ponatinib_130363/input_ligand.pdbqt,retained_byte_identical,3810,773f719a06684d37cdf34f86f8ccf7f4b46006d56af1b97e7e07fbbda70e3eac
Additional_file_9_Screening_Code_and_Data.zip,jcm_revision/docking/runs/PDGFRA_ponatinib_130363/input_ligand.sdf,jcm_revision/docking/runs/PDGFRA_ponatinib_130363/input_ligand.sdf,retained_byte_identical,5607,da3d46974a23b2a5341f5a534e6b5b08c1c1ba2be764c4537dae65fefab1e45e
Additional_file_9_Screening_Code_and_Data.zip,jcm_revision/docking/runs/PDGFRA_ponatinib_130363/poses.pdbqt,jcm_revision/docking/runs/PDGFRA_ponatinib_130363/poses.pdbqt,retained_byte_identical,36261,f253fbf64e1c40d6e7e0b02b527df0905c569c32edf08fa704420843cc8bfc9a
Additional_file_9_Screening_Code_and_Data.zip,jcm_revision/docking/runs/PDGFRA_ponatinib_130363/poses.sdf,jcm_revision/docking/runs/PDGFRA_ponatinib_130363/poses.sdf,retained_byte_identical,51443,1401a85f93a887a65b534895a184c7b2fda00d14458eb4144b4da4b569379ca1
Additional_file_9_Screening_Code_and_Data.zip,jcm_revision/docking/runs/PDGFRA_ponatinib_130363/result.json,jcm_revision/docking/runs/PDGFRA_ponatinib_130363/result.json,retained_byte_identical,1430,a2ea9aec2603509e4ee779c75b75b5d151bd2a8a9019869f46e6760d53f808b7
Additional_file_9_Screening_Code_and_Data.zip,jcm_revision/docking/runs/PDGFRA_ponatinib_155921/config.json,jcm_revision/docking/runs/PDGFRA_ponatinib_155921/config.json,retained_byte_identical,494,a0092d0a1ceed5202f4c4c79ef6cc7c987b3536c8ecb42da0052bc46df85fe7e
Additional_file_9_Screening_Code_and_Data.zip,jcm_revision/docking/runs/PDGFRA_ponatinib_155921/input_ligand.pdbqt,jcm_revision/docking/runs/PDGFRA_ponatinib_155921/input_ligand.pdbqt,retained_byte_identical,3810,e1f8f73bec771f914a6131b9dcfe164349df4583d07b9152713229799512a1d7
Additional_file_9_Screening_Code_and_Data.zip,jcm_revision/docking/runs/PDGFRA_ponatinib_155921/input_ligand.sdf,jcm_revision/docking/runs/PDGFRA_ponatinib_155921/input_ligand.sdf,retained_byte_identical,5607,51c802c89110c434e6de0162fb76fb8e4aadcc03ebeff76517a9e1e347b650ae
Additional_file_9_Screening_Code_and_Data.zip,jcm_revision/docking/runs/PDGFRA_ponatinib_155921/poses.pdbqt,jcm_revision/docking/runs/PDGFRA_ponatinib_155921/poses.pdbqt,retained_byte_identical,40291,e042ee5dbd46bcdcb235474c3462c72eaf44c25ec39bb4687f98b684962f036e
Additional_file_9_Screening_Code_and_Data.zip,jcm_revision/docking/runs/PDGFRA_ponatinib_155921/poses.sdf,jcm_revision/docking/runs/PDGFRA_ponatinib_155921/poses.sdf,retained_byte_identical,57162,4bd28990dd70a80a4d87b365c49542a7d9b546321268dd1b7be6a879044d4b3e
Additional_file_9_Screening_Code_and_Data.zip,jcm_revision/docking/runs/PDGFRA_ponatinib_155921/result.json,jcm_revision/docking/runs/PDGFRA_ponatinib_155921/result.json,retained_byte_identical,1510,68cdc7c3dfb45d754a6cdfae90790d7bd7a46eb3cbe591d46777db55a9a93784
Additional_file_9_Screening_Code_and_Data.zip,jcm_revision/docking/runs/PDGFRA_regorafenib_104729/config.json,jcm_revision/docking/runs/PDGFRA_regorafenib_104729/config.json,retained_byte_identical,491,961b153e4ad370f97c9d61664e8b47799869a009b1cd0cb56f1c6b1d4bf6b6f2
Additional_file_9_Screening_Code_and_Data.zip,jcm_revision/docking/runs/PDGFRA_regorafenib_104729/input_ligand.pdbqt,jcm_revision/docking/runs/PDGFRA_regorafenib_104729/input_ligand.pdbqt,retained_byte_identical,3461,a92fda2673057b88ff3cbb3e17b8eb1d230cba818b906a28e3ebd3539be7a067
Additional_file_9_Screening_Code_and_Data.zip,jcm_revision/docking/runs/PDGFRA_regorafenib_104729/input_ligand.sdf,jcm_revision/docking/runs/PDGFRA_regorafenib_104729/input_ligand.sdf,retained_byte_identical,4087,0df503a4cb82d543ce0b7c75922622676d7f9527455560417c36bc876a9726c7
Additional_file_9_Screening_Code_and_Data.zip,jcm_revision/docking/runs/PDGFRA_regorafenib_104729/poses.pdbqt,jcm_revision/docking/runs/PDGFRA_regorafenib_104729/poses.pdbqt,retained_byte_identical,36801,744dc66d9476415e2577b019e5fb8d07fb8df7a88534530d478be7b1d68d1502
Additional_file_9_Screening_Code_and_Data.zip,jcm_revision/docking/runs/PDGFRA_regorafenib_104729/poses.sdf,jcm_revision/docking/runs/PDGFRA_regorafenib_104729/poses.sdf,retained_byte_identical,41958,a2a6b783b30ddb56fca0f486829d43f9f0b2ec47d62d3e1e6ea7acf6ebdd680b
Additional_file_9_Screening_Code_and_Data.zip,jcm_revision/docking/runs/PDGFRA_regorafenib_104729/result.json,jcm_revision/docking/runs/PDGFRA_regorafenib_104729/result.json,retained_byte_identical,1503,75c5f3f1d85a708dc0440a23f6b61e802f0f7be870c6d069d0ce194ab1e65057
Additional_file_9_Screening_Code_and_Data.zip,jcm_revision/docking/runs/PDGFRA_regorafenib_130363/config.json,jcm_revision/docking/runs/PDGFRA_regorafenib_130363/config.json,retained_byte_identical,491,82330861a75755905c8d79d50c45174ad362814677724da8aa14285833d32cac
Additional_file_9_Screening_Code_and_Data.zip,jcm_revision/docking/runs/PDGFRA_regorafenib_130363/input_ligand.pdbqt,jcm_revision/docking/runs/PDGFRA_regorafenib_130363/input_ligand.pdbqt,retained_byte_identical,3461,bbe31d89a22e3517a353a6981cbb255d942190c896897983769b8327fd2190e4
Additional_file_9_Screening_Code_and_Data.zip,jcm_revision/docking/runs/PDGFRA_regorafenib_130363/input_ligand.sdf,jcm_revision/docking/runs/PDGFRA_regorafenib_130363/input_ligand.sdf,retained_byte_identical,4087,97b23134c4623096141a759e1251255149ddd202338f8523c827f0ca44a10500
Additional_file_9_Screening_Code_and_Data.zip,jcm_revision/docking/runs/PDGFRA_regorafenib_130363/poses.pdbqt,jcm_revision/docking/runs/PDGFRA_regorafenib_130363/poses.pdbqt,retained_byte_identical,36801,a59ffb734e37e08967ce014a118a88cd84a6495c92eb0eed5bf8db8081c67f5c
Additional_file_9_Screening_Code_and_Data.zip,jcm_revision/docking/runs/PDGFRA_regorafenib_130363/poses.sdf,jcm_revision/docking/runs/PDGFRA_regorafenib_130363/poses.sdf,retained_byte_identical,41963,72e3106e57b9a0ad1345cb44313eb5b87ff8daadad8fa091b6d3a625500fe41c
Additional_file_9_Screening_Code_and_Data.zip,jcm_revision/docking/runs/PDGFRA_regorafenib_130363/result.json,jcm_revision/docking/runs/PDGFRA_regorafenib_130363/result.json,retained_byte_identical,1502,d90436a67f771a26065e2189cdfe51ec702d0acc8b7f4dfbcf3450b679d5b0b8
Additional_file_9_Screening_Code_and_Data.zip,jcm_revision/docking/runs/PDGFRA_regorafenib_155921/config.json,jcm_revision/docking/runs/PDGFRA_regorafenib_155921/config.json,retained_byte_identical,491,901a5a51ae8548eebbacb7d825732f6a5fcd7f18a654d71765f84845eef3720b
Additional_file_9_Screening_Code_and_Data.zip,jcm_revision/docking/runs/PDGFRA_regorafenib_155921/input_ligand.pdbqt,jcm_revision/docking/runs/PDGFRA_regorafenib_155921/input_ligand.pdbqt,retained_byte_identical,3461,6047d00e216a0e197321f5a0e18023b5f61f84d21b5b61271cd07fa8a061b156
Additional_file_9_Screening_Code_and_Data.zip,jcm_revision/docking/runs/PDGFRA_regorafenib_155921/input_ligand.sdf,jcm_revision/docking/runs/PDGFRA_regorafenib_155921/input_ligand.sdf,retained_byte_identical,4087,dd272a81a1b4a0b9472705f1368f37a94d90bfbaa313771328cc6e330bfc7b9c
Additional_file_9_Screening_Code_and_Data.zip,jcm_revision/docking/runs/PDGFRA_regorafenib_155921/poses.pdbqt,jcm_revision/docking/runs/PDGFRA_regorafenib_155921/poses.pdbqt,retained_byte_identical,36801,7871f53546c346430a3ad09ce1c5ad31223b58c17c7357a2dbc6db233f7a3beb
Additional_file_9_Screening_Code_and_Data.zip,jcm_revision/docking/runs/PDGFRA_regorafenib_155921/poses.sdf,jcm_revision/docking/runs/PDGFRA_regorafenib_155921/poses.sdf,retained_byte_identical,41962,f0f95e38e65aa3778bbaa5db8313e8ef1cfc636f56faf35277c42f91dbd43056
Additional_file_9_Screening_Code_and_Data.zip,jcm_revision/docking/runs/PDGFRA_regorafenib_155921/result.json,jcm_revision/docking/runs/PDGFRA_regorafenib_155921/result.json,retained_byte_identical,1511,89e400602d5dba84e167b6d4c0fbb36475bd43f576b0971d76c41116003e9d25
Additional_file_9_Screening_Code_and_Data.zip,jcm_revision/docking/runs/PDGFRA_ripretinib_104729/config.json,jcm_revision/docking/runs/PDGFRA_ripretinib_104729/config.json,retained_byte_identical,487,72c5859c17cd3dea279d8f6d6114ce0b6bfea0156bfc5e83cb7543ef9afafb0b
Additional_file_9_Screening_Code_and_Data.zip,jcm_revision/docking/runs/PDGFRA_ripretinib_104729/input_ligand.pdbqt,jcm_revision/docking/runs/PDGFRA_ripretinib_104729/input_ligand.pdbqt,retained_byte_identical,3426,95bd927ee701679834fc6260c5eb18c993e4f089950c4cc826e0980c34de328f
Additional_file_9_Screening_Code_and_Data.zip,jcm_revision/docking/runs/PDGFRA_ripretinib_104729/input_ligand.sdf,jcm_revision/docking/runs/PDGFRA_ripretinib_104729/input_ligand.sdf,retained_byte_identical,4598,13cb0fce3e2661b486e24a29894e3575848cb785c88dd4a83e7a490bab53e487
Additional_file_9_Screening_Code_and_Data.zip,jcm_revision/docking/runs/PDGFRA_ripretinib_104729/poses.pdbqt,jcm_revision/docking/runs/PDGFRA_ripretinib_104729/poses.pdbqt,retained_byte_identical,36451,b003ac8f3d5acaf7aee23180a0831041b8b83822d570f860e9fe420d44827dae
Additional_file_9_Screening_Code_and_Data.zip,jcm_revision/docking/runs/PDGFRA_ripretinib_104729/poses.sdf,jcm_revision/docking/runs/PDGFRA_ripretinib_104729/poses.sdf,retained_byte_identical,47065,ee2f19f568f39e363eaf7234f654b91183d8a80acd6a6401afa775788a4d707d
Additional_file_9_Screening_Code_and_Data.zip,jcm_revision/docking/runs/PDGFRA_ripretinib_104729/result.json,jcm_revision/docking/runs/PDGFRA_ripretinib_104729/result.json,retained_byte_identical,1497,538c2221a62408020c7149f259c18fa4b0e42a4ac066a024d0b40a4cdcdcdc51
Additional_file_9_Screening_Code_and_Data.zip,jcm_revision/docking/runs/PDGFRA_ripretinib_130363/config.json,jcm_revision/docking/runs/PDGFRA_ripretinib_130363/config.json,retained_byte_identical,487,589bdf739f3260f231ca6d49548e62e264f331b82797bc03c4b01d801d0c5075
Additional_file_9_Screening_Code_and_Data.zip,jcm_revision/docking/runs/PDGFRA_ripretinib_130363/input_ligand.pdbqt,jcm_revision/docking/runs/PDGFRA_ripretinib_130363/input_ligand.pdbqt,retained_byte_identical,3426,73966d8b0b447baa35e4a7d7b5c9a5e88d3e415feeb51688ff6d8d63ccc6f9da
Additional_file_9_Screening_Code_and_Data.zip,jcm_revision/docking/runs/PDGFRA_ripretinib_130363/input_ligand.sdf,jcm_revision/docking/runs/PDGFRA_ripretinib_130363/input_ligand.sdf,retained_byte_identical,4598,efe2512a6da63a6db3ef098213cd0374507efac4a3cef9f3f5239607e26e4c44
Additional_file_9_Screening_Code_and_Data.zip,jcm_revision/docking/runs/PDGFRA_ripretinib_130363/poses.pdbqt,jcm_revision/docking/runs/PDGFRA_ripretinib_130363/poses.pdbqt,retained_byte_identical,36451,681f8299f2b6f1f50fdd230c50fddb423de82964025c744ea4e8f36d23460660
Additional_file_9_Screening_Code_and_Data.zip,jcm_revision/docking/runs/PDGFRA_ripretinib_130363/poses.sdf,jcm_revision/docking/runs/PDGFRA_ripretinib_130363/poses.sdf,retained_byte_identical,47066,51a271a983da0a740800f82b4fefb6496e04e20469740564753ee7c896ed9b54
Additional_file_9_Screening_Code_and_Data.zip,jcm_revision/docking/runs/PDGFRA_ripretinib_130363/result.json,jcm_revision/docking/runs/PDGFRA_ripretinib_130363/result.json,retained_byte_identical,1497,753b54a3c5641bd2a6e6d30834b3cb10227a5b8672e2157f63b5db37c5750efc
Additional_file_9_Screening_Code_and_Data.zip,jcm_revision/docking/runs/PDGFRA_ripretinib_155921/config.json,jcm_revision/docking/runs/PDGFRA_ripretinib_155921/config.json,retained_byte_identical,487,0cd905512fb64dd4e79dea76f0933829c3dcafee2fc062a96900fcff5b0e3021
Additional_file_9_Screening_Code_and_Data.zip,jcm_revision/docking/runs/PDGFRA_ripretinib_155921/input_ligand.pdbqt,jcm_revision/docking/runs/PDGFRA_ripretinib_155921/input_ligand.pdbqt,retained_byte_identical,3426,fe4c21a8157a86506c90a8622d7239b6f22e2b9fb313b1a230c6d7fdc5f1af1d
Additional_file_9_Screening_Code_and_Data.zip,jcm_revision/docking/runs/PDGFRA_ripretinib_155921/input_ligand.sdf,jcm_revision/docking/runs/PDGFRA_ripretinib_155921/input_ligand.sdf,retained_byte_identical,4598,da2b9a51a2caeb180e089926254dc67678d1e501d5a703dfda53a43ab695263d
Additional_file_9_Screening_Code_and_Data.zip,jcm_revision/docking/runs/PDGFRA_ripretinib_155921/poses.pdbqt,jcm_revision/docking/runs/PDGFRA_ripretinib_155921/poses.pdbqt,retained_byte_identical,36451,d5c59bc7a47fe0b1505f56770126b7be525d82962e47852f93ab8a8df99319e2
Additional_file_9_Screening_Code_and_Data.zip,jcm_revision/docking/runs/PDGFRA_ripretinib_155921/poses.sdf,jcm_revision/docking/runs/PDGFRA_ripretinib_155921/poses.sdf,retained_byte_identical,47062,d557042cdec39d4cee9c5310bb9d7e408c446451a7cdf2e04b069816f319efee
Additional_file_9_Screening_Code_and_Data.zip,jcm_revision/docking/runs/PDGFRA_ripretinib_155921/result.json,jcm_revision/docking/runs/PDGFRA_ripretinib_155921/result.json,retained_byte_identical,1489,80d6e8323173e77d92d1d3d0b8b5162c4271deae1a4a7b75e4a1d520441000ba
Additional_file_9_Screening_Code_and_Data.zip,jcm_revision/docking/runs/PDGFRA_sorafenib_104729/config.json,jcm_revision/docking/runs/PDGFRA_sorafenib_104729/config.json,retained_byte_identical,486,8b364ee0728912fe7c4bbc415537ea3d0ba2bb928136a089141da8107e575899
Additional_file_9_Screening_Code_and_Data.zip,jcm_revision/docking/runs/PDGFRA_sorafenib_104729/input_ligand.pdbqt,jcm_revision/docking/runs/PDGFRA_sorafenib_104729/input_ligand.pdbqt,retained_byte_identical,3354,9e575297dc2503367f2a94be94dc147f681aa57c15af1543ffdf9c0eb44315cd
Additional_file_9_Screening_Code_and_Data.zip,jcm_revision/docking/runs/PDGFRA_sorafenib_104729/input_ligand.sdf,jcm_revision/docking/runs/PDGFRA_sorafenib_104729/input_ligand.sdf,retained_byte_identical,4087,610d9a7328e96686ba0e7e5664e1182a663876a4277cc0d265b83f373aa1c94b
Additional_file_9_Screening_Code_and_Data.zip,jcm_revision/docking/runs/PDGFRA_sorafenib_104729/poses.pdbqt,jcm_revision/docking/runs/PDGFRA_sorafenib_104729/poses.pdbqt,retained_byte_identical,35731,65cc8beffaac07eee45f08a99968722eeacb25179390113e36e966d4f207009f
Additional_file_9_Screening_Code_and_Data.zip,jcm_revision/docking/runs/PDGFRA_sorafenib_104729/poses.sdf,jcm_revision/docking/runs/PDGFRA_sorafenib_104729/poses.sdf,retained_byte_identical,41959,590e44bfbd07ade25ae14914b6a70622478c5395a6e46cd9cc904895abf4c150
Additional_file_9_Screening_Code_and_Data.zip,jcm_revision/docking/runs/PDGFRA_sorafenib_104729/result.json,jcm_revision/docking/runs/PDGFRA_sorafenib_104729/result.json,retained_byte_identical,1498,a76c5d061a6e2afc097a831edb5d4894d6dc048e1e01a2c63b69c3a48a94266b
Additional_file_9_Screening_Code_and_Data.zip,jcm_revision/docking/runs/PDGFRA_sorafenib_130363/config.json,jcm_revision/docking/runs/PDGFRA_sorafenib_130363/config.json,retained_byte_identical,486,333f0893b00c2800a4c9bdad82c2c18909e55b50c50f0331950576b63fce5b63
Additional_file_9_Screening_Code_and_Data.zip,jcm_revision/docking/runs/PDGFRA_sorafenib_130363/input_ligand.pdbqt,jcm_revision/docking/runs/PDGFRA_sorafenib_130363/input_ligand.pdbqt,retained_byte_identical,3354,a9fb862702ee4f25bbb3295722bbfae3708bc4a838cdc7e99132b158812b1921
Additional_file_9_Screening_Code_and_Data.zip,jcm_revision/docking/runs/PDGFRA_sorafenib_130363/input_ligand.sdf,jcm_revision/docking/runs/PDGFRA_sorafenib_130363/input_ligand.sdf,retained_byte_identical,4087,84be13d40901e78ae609037694e8c57108c0af425cf03801bb2ca042f77fd7d9
Additional_file_9_Screening_Code_and_Data.zip,jcm_revision/docking/runs/PDGFRA_sorafenib_130363/poses.pdbqt,jcm_revision/docking/runs/PDGFRA_sorafenib_130363/poses.pdbqt,retained_byte_identical,35731,f27dc7a01e96625da41ec4e5c0e2c2c0ef09773ab36c8a9ab9044dca3452eb4e
Additional_file_9_Screening_Code_and_Data.zip,jcm_revision/docking/runs/PDGFRA_sorafenib_130363/poses.sdf,jcm_revision/docking/runs/PDGFRA_sorafenib_130363/poses.sdf,retained_byte_identical,41961,65fe12a894a326c92ce2d121bf5fa6fadf060e68d443feb39da5347d015cfee1
Additional_file_9_Screening_Code_and_Data.zip,jcm_revision/docking/runs/PDGFRA_sorafenib_130363/result.json,jcm_revision/docking/runs/PDGFRA_sorafenib_130363/result.json,retained_byte_identical,1501,5a017d18ac37b78fe902179dfede1bb9bfa88c649a099116bd748daa480a6de6
Additional_file_9_Screening_Code_and_Data.zip,jcm_revision/docking/runs/PDGFRA_sorafenib_155921/config.json,jcm_revision/docking/runs/PDGFRA_sorafenib_155921/config.json,retained_byte_identical,486,5b7db0d76fceaa44967877c9083c998dcb930098a4d0217cc2728f0211da2449
Additional_file_9_Screening_Code_and_Data.zip,jcm_revision/docking/runs/PDGFRA_sorafenib_155921/input_ligand.pdbqt,jcm_revision/docking/runs/PDGFRA_sorafenib_155921/input_ligand.pdbqt,retained_byte_identical,3354,571658155b97aedf45c339090c7fe41d3f4c7bd20cb0007c98652d1befcc5d31
Additional_file_9_Screening_Code_and_Data.zip,jcm_revision/docking/runs/PDGFRA_sorafenib_155921/input_ligand.sdf,jcm_revision/docking/runs/PDGFRA_sorafenib_155921/input_ligand.sdf,retained_byte_identical,4087,4a0eeb7f010b623174363a54558bae02e64ebf671f77f9a238984c2f1e083b72
Additional_file_9_Screening_Code_and_Data.zip,jcm_revision/docking/runs/PDGFRA_sorafenib_155921/poses.pdbqt,jcm_revision/docking/runs/PDGFRA_sorafenib_155921/poses.pdbqt,retained_byte_identical,35731,83e7a1a78bb889a67b38853833558d628ca81184a1786514ca31ef63fbfa1f30
Additional_file_9_Screening_Code_and_Data.zip,jcm_revision/docking/runs/PDGFRA_sorafenib_155921/poses.sdf,jcm_revision/docking/runs/PDGFRA_sorafenib_155921/poses.sdf,retained_byte_identical,41960,2d2de2292ed9c6d6aa01f5765cdfca85847e282bc3e8eb12b737959b7980bcef
Additional_file_9_Screening_Code_and_Data.zip,jcm_revision/docking/runs/PDGFRA_sorafenib_155921/result.json,jcm_revision/docking/runs/PDGFRA_sorafenib_155921/result.json,retained_byte_identical,1502,0c41fb164e3ffe052b3428da67630a25bceb8bdbc6026c2a09842ea3fdbffd9f
Additional_file_9_Screening_Code_and_Data.zip,jcm_revision/docking/runs/PDGFRA_sunitinib_104729/config.json,jcm_revision/docking/runs/PDGFRA_sunitinib_104729/config.json,retained_byte_identical,485,72049f81a11b85c3682fb9ade6bf8272d344c7eb525f67f553eb0693f42cd052
Additional_file_9_Screening_Code_and_Data.zip,jcm_revision/docking/runs/PDGFRA_sunitinib_104729/input_ligand.pdbqt,jcm_revision/docking/runs/PDGFRA_sunitinib_104729/input_ligand.pdbqt,retained_byte_identical,3127,cf995c0f553d1a6605076ea8517283553c0fc0a1312a8d6342de75898a4f1de5
Additional_file_9_Screening_Code_and_Data.zip,jcm_revision/docking/runs/PDGFRA_sunitinib_104729/input_ligand.sdf,jcm_revision/docking/runs/PDGFRA_sunitinib_104729/input_ligand.sdf,retained_byte_identical,4751,e18729bf50866b2dc5687cc938632f4f00ce604167f3a652904ec5d7e4979976
Additional_file_9_Screening_Code_and_Data.zip,jcm_revision/docking/runs/PDGFRA_sunitinib_104729/poses.pdbqt,jcm_revision/docking/runs/PDGFRA_sunitinib_104729/poses.pdbqt,retained_byte_identical,33461,3132097b4e2b57c46f19a6281fe1c6dbc9ef55b5b12c0ea5d1c3c81b7c3f9bad
Additional_file_9_Screening_Code_and_Data.zip,jcm_revision/docking/runs/PDGFRA_sunitinib_104729/poses.sdf,jcm_revision/docking/runs/PDGFRA_sunitinib_104729/poses.sdf,retained_byte_identical,48592,da80af43d4e92397557e6db9f1c7046e9f1c6a4812ea3c1ea4fb7bfd1910ffaf
Additional_file_9_Screening_Code_and_Data.zip,jcm_revision/docking/runs/PDGFRA_sunitinib_104729/result.json,jcm_revision/docking/runs/PDGFRA_sunitinib_104729/result.json,retained_byte_identical,1480,cdf211fa295053e84ff3fb0c0b7f1c4d6578e306d5c7e0daa0080e443ce32a6f
Additional_file_9_Screening_Code_and_Data.zip,jcm_revision/docking/runs/PDGFRA_sunitinib_130363/config.json,jcm_revision/docking/runs/PDGFRA_sunitinib_130363/config.json,retained_byte_identical,485,a9701e84ea7c55d16859b886924d0389a8622a438347ac3bd5165b69044a065e
Additional_file_9_Screening_Code_and_Data.zip,jcm_revision/docking/runs/PDGFRA_sunitinib_130363/input_ligand.pdbqt,jcm_revision/docking/runs/PDGFRA_sunitinib_130363/input_ligand.pdbqt,retained_byte_identical,3127,5d9cb820c69453604b3b122789bb3b81c984621b45e2cb89d0b22197f05fa5e6
Additional_file_9_Screening_Code_and_Data.zip,jcm_revision/docking/runs/PDGFRA_sunitinib_130363/input_ligand.sdf,jcm_revision/docking/runs/PDGFRA_sunitinib_130363/input_ligand.sdf,retained_byte_identical,4751,34ec60a531b40b9caac387893f3c55052117d8640d7705e151536aef3c210eb1
Additional_file_9_Screening_Code_and_Data.zip,jcm_revision/docking/runs/PDGFRA_sunitinib_130363/poses.pdbqt,jcm_revision/docking/runs/PDGFRA_sunitinib_130363/poses.pdbqt,retained_byte_identical,33461,a48a42e8d0e19e378f6ab094525eae11533d1bded1a7ab3c6f6322c28e9edab3
Additional_file_9_Screening_Code_and_Data.zip,jcm_revision/docking/runs/PDGFRA_sunitinib_130363/poses.sdf,jcm_revision/docking/runs/PDGFRA_sunitinib_130363/poses.sdf,retained_byte_identical,48593,f53cd01dc86c533602c36155ac58de597b9f6d1ff55cf7984c3223d7ebe2af95
Additional_file_9_Screening_Code_and_Data.zip,jcm_revision/docking/runs/PDGFRA_sunitinib_130363/result.json,jcm_revision/docking/runs/PDGFRA_sunitinib_130363/result.json,retained_byte_identical,1495,a370c43f5769910c7878ae0bfede50b9f077abe4d1c6348b84c71d0e7f6652a6
Additional_file_9_Screening_Code_and_Data.zip,jcm_revision/docking/runs/PDGFRA_sunitinib_155921/config.json,jcm_revision/docking/runs/PDGFRA_sunitinib_155921/config.json,retained_byte_identical,485,3a883a94a4e8b0543f2230cf71847e9e5fcad77e972894fe0f2ef4dcbf778ce4
Additional_file_9_Screening_Code_and_Data.zip,jcm_revision/docking/runs/PDGFRA_sunitinib_155921/input_ligand.pdbqt,jcm_revision/docking/runs/PDGFRA_sunitinib_155921/input_ligand.pdbqt,retained_byte_identical,3127,007d444ff81a01f00de1954f40c4820cabbb121f8410b5704459743fa2a417da
Additional_file_9_Screening_Code_and_Data.zip,jcm_revision/docking/runs/PDGFRA_sunitinib_155921/input_ligand.sdf,jcm_revision/docking/runs/PDGFRA_sunitinib_155921/input_ligand.sdf,retained_byte_identical,4751,d2404b7ab45404df09401529557594d6ef1d1847b10f658a950abf6721ef9955
Additional_file_9_Screening_Code_and_Data.zip,jcm_revision/docking/runs/PDGFRA_sunitinib_155921/poses.pdbqt,jcm_revision/docking/runs/PDGFRA_sunitinib_155921/poses.pdbqt,retained_byte_identical,33461,f29cc30648386835583bd0ef0333b49c325f12ec4b189d69ccc492936258e355
Additional_file_9_Screening_Code_and_Data.zip,jcm_revision/docking/runs/PDGFRA_sunitinib_155921/poses.sdf,jcm_revision/docking/runs/PDGFRA_sunitinib_155921/poses.sdf,retained_byte_identical,48593,c98b4c08be3fb154cb9ee9b5176fcd04b3aefeeb4c275ec9043c6caccacd4793
Additional_file_9_Screening_Code_and_Data.zip,jcm_revision/docking/runs/PDGFRA_sunitinib_155921/result.json,jcm_revision/docking/runs/PDGFRA_sunitinib_155921/result.json,retained_byte_identical,1487,0d3630587e66d8aa5dbc0a2e25ac02aa5ee87c78e5de8852c5cb20b069ca0572
Additional_file_9_Screening_Code_and_Data.zip,jcm_revision/docking/runs/PDGFRA_tivozanib_104729/config.json,jcm_revision/docking/runs/PDGFRA_tivozanib_104729/config.json,retained_byte_identical,481,0eebf7067954fbf16e8c59dee343bbb4a195726c0ea15e2acb5adbe3dc152ed1
Additional_file_9_Screening_Code_and_Data.zip,jcm_revision/docking/runs/PDGFRA_tivozanib_104729/input_ligand.pdbqt,jcm_revision/docking/runs/PDGFRA_tivozanib_104729/input_ligand.pdbqt,retained_byte_identical,3264,697036d029fe7996e9afdbee1d70372314e952d4fd343ba7ac06e29f9bbd017b
Additional_file_9_Screening_Code_and_Data.zip,jcm_revision/docking/runs/PDGFRA_tivozanib_104729/input_ligand.sdf,jcm_revision/docking/runs/PDGFRA_tivozanib_104729/input_ligand.sdf,retained_byte_identical,4349,6d3b6302dce6fef3c8062a5fc18e4f4f18b1aebd39ab952579f9acf0964afe3f
Additional_file_9_Screening_Code_and_Data.zip,jcm_revision/docking/runs/PDGFRA_tivozanib_104729/poses.pdbqt,jcm_revision/docking/runs/PDGFRA_tivozanib_104729/poses.pdbqt,retained_byte_identical,34831,4c4ec9ebc2a5941a17d0c0ce6495360149c384e4c7f1e26b64dfac7b639f4869
Additional_file_9_Screening_Code_and_Data.zip,jcm_revision/docking/runs/PDGFRA_tivozanib_104729/poses.sdf,jcm_revision/docking/runs/PDGFRA_tivozanib_104729/poses.sdf,retained_byte_identical,44575,34a59942ecfa8889e8632226466cde8dea4bced75c7362b6bafeb41fa3e8d8bd
Additional_file_9_Screening_Code_and_Data.zip,jcm_revision/docking/runs/PDGFRA_tivozanib_104729/result.json,jcm_revision/docking/runs/PDGFRA_tivozanib_104729/result.json,retained_byte_identical,1480,d545b2191765e7d447508f41cad084243ea5e4a91982bf70470c822b6f7681ed
Additional_file_9_Screening_Code_and_Data.zip,jcm_revision/docking/runs/PDGFRA_tivozanib_130363/config.json,jcm_revision/docking/runs/PDGFRA_tivozanib_130363/config.json,retained_byte_identical,481,58590d1d90679ba8279c900f74e5c6d68b0ab72bd08c3215e8bebf5aca055c66
Additional_file_9_Screening_Code_and_Data.zip,jcm_revision/docking/runs/PDGFRA_tivozanib_130363/input_ligand.pdbqt,jcm_revision/docking/runs/PDGFRA_tivozanib_130363/input_ligand.pdbqt,retained_byte_identical,3264,7a901cb943341b77144548b81dee84e82149136b3a3cd9481fcc2b5f74b39730
Additional_file_9_Screening_Code_and_Data.zip,jcm_revision/docking/runs/PDGFRA_tivozanib_130363/input_ligand.sdf,jcm_revision/docking/runs/PDGFRA_tivozanib_130363/input_ligand.sdf,retained_byte_identical,4349,5e66f1b368a5460be194c7aa777d9236a19a67a143897dfb2890d9109fd1c3f1
Additional_file_9_Screening_Code_and_Data.zip,jcm_revision/docking/runs/PDGFRA_tivozanib_130363/poses.pdbqt,jcm_revision/docking/runs/PDGFRA_tivozanib_130363/poses.pdbqt,retained_byte_identical,34831,362401995f91bfcd3269829d7f388285cc2786e4e6920364149b9d7a4143c80e
Additional_file_9_Screening_Code_and_Data.zip,jcm_revision/docking/runs/PDGFRA_tivozanib_130363/poses.sdf,jcm_revision/docking/runs/PDGFRA_tivozanib_130363/poses.sdf,retained_byte_identical,44575,34e710c569e379866d42b9b1bde19184b9471b451220f812ae6ff3850887fe88
Additional_file_9_Screening_Code_and_Data.zip,jcm_revision/docking/runs/PDGFRA_tivozanib_130363/result.json,jcm_revision/docking/runs/PDGFRA_tivozanib_130363/result.json,retained_byte_identical,1489,7742cdf59f8aeee696ffe961e27c6eca24642ccfb4a7b2b9262abec8edd414b1
Additional_file_9_Screening_Code_and_Data.zip,jcm_revision/docking/runs/PDGFRA_tivozanib_155921/config.json,jcm_revision/docking/runs/PDGFRA_tivozanib_155921/config.json,retained_byte_identical,481,59e69e4744f60ce8d7aa15579f7ffc87f346402e3ea112ae8ff9b799afcea13e
Additional_file_9_Screening_Code_and_Data.zip,jcm_revision/docking/runs/PDGFRA_tivozanib_155921/input_ligand.pdbqt,jcm_revision/docking/runs/PDGFRA_tivozanib_155921/input_ligand.pdbqt,retained_byte_identical,3264,b5e2bad5bd2bf80e1e1bf49979f1844585c95a0b55e8ceecae1ca2fc79b40849
Additional_file_9_Screening_Code_and_Data.zip,jcm_revision/docking/runs/PDGFRA_tivozanib_155921/input_ligand.sdf,jcm_revision/docking/runs/PDGFRA_tivozanib_155921/input_ligand.sdf,retained_byte_identical,4349,370406a087a69c0597ac44219772b91b46d09d2b78f9e38c76a470b00989590e
Additional_file_9_Screening_Code_and_Data.zip,jcm_revision/docking/runs/PDGFRA_tivozanib_155921/poses.pdbqt,jcm_revision/docking/runs/PDGFRA_tivozanib_155921/poses.pdbqt,retained_byte_identical,34831,6472e8e5d1deee5556e853c88dfc0990955ed8c6d8c213b95f944bea97de0842
Additional_file_9_Screening_Code_and_Data.zip,jcm_revision/docking/runs/PDGFRA_tivozanib_155921/poses.sdf,jcm_revision/docking/runs/PDGFRA_tivozanib_155921/poses.sdf,retained_byte_identical,44574,afeb80d3703537b0fc572611894976ddddf98e9c261555d2b439f018f060e966
Additional_file_9_Screening_Code_and_Data.zip,jcm_revision/docking/runs/PDGFRA_tivozanib_155921/result.json,jcm_revision/docking/runs/PDGFRA_tivozanib_155921/result.json,retained_byte_identical,1478,e4008e906d8a30af2ff9d3e4a4a6a695238642d159fa4f3efe25eab2bb04c148
Additional_file_9_Screening_Code_and_Data.zip,jcm_revision/docking/summarize_8pqj_sensitivity.py,jcm_revision/docking/summarize_8pqj_sensitivity.py,retained_byte_identical,2679,09dcba407aa18a3a53d782d3e312f5a45126ab9827b45c9499314544f838b60e
Additional_file_9_Screening_Code_and_Data.zip,jcm_revision/docking/summarize_docking.py,jcm_revision/docking/summarize_docking.py,retained_byte_identical,4613,c0c6b26cdff7ff3188185bae1b6569e1e0d3a9503b8c426cf9081d85c036b260
Additional_file_9_Screening_Code_and_Data.zip,jcm_revision/docking/vina_citation_crossref.json,jcm_revision/docking/vina_citation_crossref.json,retained_byte_identical,14537,14d56fe7e8ffb9c4463bbc103a199cf5c14279658732e87d0d3c5a71dc2c2a8e
Additional_file_9_Screening_Code_and_Data.zip,jcm_revision/figures/screening/Chart_Contract.md,jcm_revision/figures/screening/Chart_Contract.md,retained_byte_identical,5620,be64fc1d99f3bfdfd83de777e48b1f526fb1e2466c0d780f713d4127e90f6b09
Additional_file_9_Screening_Code_and_Data.zip,jcm_revision/figures/screening/Figure_7_Legend.txt,jcm_revision/figures/screening/Figure_7_Legend.txt,retained_byte_identical,1845,c612846f2c6f8bc5fd95b32d5c7de94b241672f1fec927a58bc1804d66488089
Additional_file_9_Screening_Code_and_Data.zip,jcm_revision/figures/screening/Figure_Legends_Draft.md,jcm_revision/figures/screening/Figure_Legends_Draft.md,retained_byte_identical,4948,f72e78c52492362db16e7ca81c099b8a9e4f4f74b537cd6790d82c296d8e7e48
Additional_file_9_Screening_Code_and_Data.zip,jcm_revision/figures/screening/Figure_S13_Export_QA.json,jcm_revision/figures/screening/Figure_S13_Export_QA.json,retained_byte_identical,368,0caa8a896e94441252c65a0080c6d884b93220e9b8c9c0de5d4745033dc0d8f5
Additional_file_9_Screening_Code_and_Data.zip,jcm_revision/figures/screening/Figure_S13_Legend.txt,jcm_revision/figures/screening/Figure_S13_Legend.txt,retained_byte_identical,1391,ed8027a06bd4dc80d6dc1c1c7d17378cd897a267b5baca151529d82196bb7daa
Additional_file_9_Screening_Code_and_Data.zip,jcm_revision/figures/screening/Figure_S14_Export_QA.json,jcm_revision/figures/screening/Figure_S14_Export_QA.json,retained_byte_identical,467,bbde16f1e8a9d1570163a5c8a7ec950f470ee7139016580a6beea074d241cf16
Additional_file_9_Screening_Code_and_Data.zip,jcm_revision/figures/screening/Figure_S14_Legend.txt,jcm_revision/figures/screening/Figure_S14_Legend.txt,retained_byte_identical,1918,58ec5c84f4d65c11703fbf0e616a862757c434fda2278f899d995753754529a2
Additional_file_9_Screening_Code_and_Data.zip,jcm_revision/figures/screening/Fixed_Evidence_Source_Manifest.json,jcm_revision/figures/screening/Fixed_Evidence_Source_Manifest.json,retained_byte_identical,524,e7fb9b6002a0d9739c959e895018c335f501e2bcf6e11389234ba5b560a7aefd
Additional_file_9_Screening_Code_and_Data.zip,jcm_revision/figures/screening/Main_Figure_Export_QA.json,jcm_revision/figures/screening/Main_Figure_Export_QA.json,retained_byte_identical,496,56759c28dd4aae4a859a277d170141d1a267e2d1cc03cbe4c68d0cbfe4e8accb
Additional_file_9_Screening_Code_and_Data.zip,jcm_revision/figures/screening/Main_Figure_Source_Manifest.json,jcm_revision/figures/screening/Main_Figure_Source_Manifest.json,retained_byte_identical,1432,7464a0ce1599ed54276609a42d231457a38852817b06f0969a461debccb1db9e
Additional_file_9_Screening_Code_and_Data.zip,jcm_revision/figures/screening/Properties_Sensitivity_Source_Manifest.json,jcm_revision/figures/screening/Properties_Sensitivity_Source_Manifest.json,retained_byte_identical,275,13869198beff895df023485dbfb510e014d99d100c40081f8939a8ef0b1f09bd
Additional_file_9_Screening_Code_and_Data.zip,jcm_revision/figures/screening/SCREENING_FIGURE_DELIVERY_NOTES.md,jcm_revision/figures/screening/SCREENING_FIGURE_DELIVERY_NOTES.md,retained_byte_identical,2354,89455a69e6d46e8a65986f09c384ad33c6896a7b7e921c3a66b29bc5bcba9d70
Additional_file_9_Screening_Code_and_Data.zip,jcm_revision/figures/screening/Supplement_Docking_Source_Manifest.json,jcm_revision/figures/screening/Supplement_Docking_Source_Manifest.json,retained_byte_identical,666,3aec62649db6acf5da60cbb850573fd30609367d7c216fd1d19be1cc743745bb
Additional_file_9_Screening_Code_and_Data.zip,jcm_revision/figures/screening/build_main_screening.py,jcm_revision/figures/screening/build_main_screening.py,retained_byte_identical,6188,fe57ea2fd53982c3926d2d79993ba8b1093b96faca2d7dec06bfbee653855d41
Additional_file_9_Screening_Code_and_Data.zip,jcm_revision/figures/screening/build_supplement_docking.py,jcm_revision/figures/screening/build_supplement_docking.py,retained_byte_identical,6452,ae3e268de192760346590af372807cb77e6e3260d10d117591270bf2f31fc84f
Additional_file_9_Screening_Code_and_Data.zip,jcm_revision/figures/screening/build_supplement_properties.py,jcm_revision/figures/screening/build_supplement_properties.py,retained_byte_identical,4794,622cfcdea2993afee0043024af4f9394cb1fa604bf6f9c7b0ca2cf5f6b8a03a4
Additional_file_9_Screening_Code_and_Data.zip,jcm_revision/figures/screening/molecular/BoltzMol_README.txt,jcm_revision/figures/screening/molecular/BoltzMol_README.txt,retained_byte_identical,3054,8af6b4ce669251fbdf1b95f49d5fa25210653e98bb381349613fc8a031e615e9
Additional_file_9_Screening_Code_and_Data.zip,jcm_revision/figures/screening/molecular/BoltzMol_molecular_provenance.json,jcm_revision/figures/screening/molecular/BoltzMol_molecular_provenance.json,retained_byte_identical,19650,5bd426eab27efb500597cbd52f3ebf084dacc11e849d7b87566260c4ee9ddf1e
Additional_file_9_Screening_Code_and_Data.zip,jcm_revision/figures/screening/molecular/README.txt,jcm_revision/figures/screening/molecular/README.txt,retained_byte_identical,2565,5d92edfa699ab62295274db7796218991fedf443ae24521ce39465e5c354ab00
Additional_file_9_Screening_Code_and_Data.zip,jcm_revision/figures/screening/molecular/molecular_panel_provenance.json,jcm_revision/figures/screening/molecular/molecular_panel_provenance.json,retained_byte_identical,6149,7dc071b88f36e57355f3416992ac9efde3429092d232e9f8499a2d5e6ad2ae65
Additional_file_9_Screening_Code_and_Data.zip,jcm_revision/figures/screening/molecular/render_boltzmol_panels.py,jcm_revision/figures/screening/molecular/render_boltzmol_panels.py,retained_byte_identical,11082,01f5b33c6b5202c0b8eb9489e8ee91ef58181783e4e10f34d9e23d85e79c7635
Additional_file_9_Screening_Code_and_Data.zip,jcm_revision/figures/screening/molecular/render_molecular_panels.py,jcm_revision/figures/screening/molecular/render_molecular_panels.py,retained_byte_identical,13799,6994e8bfdf7a00499b4cdbf8221522b1d5063e6fc67932e3d561fc8864a4b892
Additional_file_9_Screening_Code_and_Data.zip,jcm_revision/figures/screening/plot_fixed_evidence.py,jcm_revision/figures/screening/plot_fixed_evidence.py,retained_byte_identical,8739,ef126e5b72cd638cb14a54eaaa469933029ded5b4056aa4aa0672c92fd5b005b
Additional_file_9_Screening_Code_and_Data.zip,jcm_revision/md/Boltz_All24_Contacts.csv,jcm_revision/md/Boltz_All24_Contacts.csv,retained_byte_identical,36855,3ede8c8b39a46a5ecc0de77fb3202113654f8e4955284d3a240d39c3263e3948
Additional_file_9_Screening_Code_and_Data.zip,jcm_revision/md/Boltz_All24_Structure_QA.json,jcm_revision/md/Boltz_All24_Structure_QA.json,retained_byte_identical,361147,507ba12a92417eb6362f04a27b9a3c4136b87fad7d0eeef7b5d048f0f6df5433
Additional_file_9_Screening_Code_and_Data.zip,jcm_revision/md/Boltz_All24_Structure_QA.md,jcm_revision/md/Boltz_All24_Structure_QA.md,retained_byte_identical,3549,00380f227e48256641e7c72026d8804013f6e49266cd75527fb204d4d6adca7a
Additional_file_9_Screening_Code_and_Data.zip,jcm_revision/md/Boltz_Priority_Pair_Contacts.csv,jcm_revision/md/Boltz_Priority_Pair_Contacts.csv,retained_byte_identical,1670,b1ed160a5b9bc685dbb96c93cef73350f1f882342f0cfb193389e3b1493c1106
Additional_file_9_Screening_Code_and_Data.zip,jcm_revision/md/Boltz_Priority_Pair_Structure_QA.json,jcm_revision/md/Boltz_Priority_Pair_Structure_QA.json,retained_byte_identical,103250,40dc79b6a3a911ee7c17601353c565914dc24232cce92dc13b49685c901d80dd
Additional_file_9_Screening_Code_and_Data.zip,jcm_revision/proto/AF-P16234-F1-model_v6.pdb,jcm_revision/proto/AF-P16234-F1-model_v6.pdb,retained_byte_identical,709235,ec00fb28996196b5ba7114e4be11e38282b435edd9d545459722284303541bc1
Additional_file_9_Screening_Code_and_Data.zip,jcm_revision/proto/AF-P35916-F1-model_v6.pdb,jcm_revision/proto/AF-P35916-F1-model_v6.pdb,retained_byte_identical,882413,9cf8f02fc131ff228e1e6a6905249d431aba669b2375f71c07507d5acbfd7696
Additional_file_9_Screening_Code_and_Data.zip,jcm_revision/proto/AlphaFold_domain_confidence.json,jcm_revision/proto/AlphaFold_domain_confidence.json,retained_byte_identical,567,98eedcdf49239b5c3c1a500a32cbf93222c4efb8663f40ba0516dc341e6abbe1
Additional_file_9_Screening_Code_and_Data.zip,jcm_revision/proto/FLT4_AF_kinase_domain.pdb,jcm_revision/proto/FLT4_AF_kinase_domain.pdb,retained_byte_identical,209146,4cfaeec72ac5a90e205e864dc43038d4ad71598f7f112b82d817674ebebeb871
Additional_file_9_Screening_Code_and_Data.zip,jcm_revision/proto/FLT4_Proto_Boltz2_Affinity_NOT_SUBMITTED.json,jcm_revision/proto/FLT4_Proto_Boltz2_Affinity_NOT_SUBMITTED.json,retained_byte_identical,1153,e60a048eadf31d025d5ca79fea692bd432857556aa095881f44f5de9b414c104
Additional_file_9_Screening_Code_and_Data.zip,jcm_revision/proto/FLT4_alphafold_fetch_result.json,jcm_revision/proto/FLT4_alphafold_fetch_result.json,retained_byte_identical,9075,c28316b39094a29dac289d0c6b5ebeeb115df3c05ea5bb49f629e7855e571749
Additional_file_9_Screening_Code_and_Data.zip,jcm_revision/proto/PDGFRA_AF_kinase_domain.pdb,jcm_revision/proto/PDGFRA_AF_kinase_domain.pdb,retained_byte_identical,233041,e3af5ee0957b81530a687b50fd12c896485ff5a12216c2f08c35ca47a3255ad2
Additional_file_9_Screening_Code_and_Data.zip,jcm_revision/proto/PDGFRA_alphafold_fetch_result.json,jcm_revision/proto/PDGFRA_alphafold_fetch_result.json,retained_byte_identical,8258,4483771982e3f363b1a7637d2e6c3c3e630b4980fd9a3c25bf955a8bfeb96977
Additional_file_9_Screening_Code_and_Data.zip,jcm_revision/proto/Proto_execution_audit.md,jcm_revision/proto/Proto_execution_audit.md,retained_byte_identical,7086,d0f8f4aebf6aaada16c318d88c9ec72186404368c34c722b83052900dd5e54f9
Additional_file_9_Screening_Code_and_Data.zip,jcm_revision/proto/workspace_status_latest.json,jcm_revision/proto/workspace_status_latest.json,retained_byte_identical,587,4d3014e9801d2aebd32ea5eb0d0c0c041ad632afdb46470b740796b5a70cb2ac
Additional_file_9_Screening_Code_and_Data.zip,jcm_revision/screening/Boltz_All32_Dispositions.csv,jcm_revision/screening/Boltz_All32_Dispositions.csv,retained_byte_identical,17483,f6e9431a6e465959e9caf6fc43bc229be92c0c2d0ac7b882c526993a3e6a6d4f
Additional_file_9_Screening_Code_and_Data.zip,jcm_revision/screening/Boltz_Execution_Manifest.json,jcm_revision/screening/Boltz_Execution_Manifest.json,retained_byte_identical,974,c9dea895a067d6d4472b87365d03b1753da0bd0473d49891f13cca8d8f633825
Additional_file_9_Screening_Code_and_Data.zip,jcm_revision/screening/Boltz_FLT4_Focused_Screen.json,jcm_revision/screening/Boltz_FLT4_Focused_Screen.json,retained_byte_identical,2426,5659f588cf8d563574e83171d57cf345f137f418d02036dde9166ce15460bf5f
Additional_file_9_Screening_Code_and_Data.zip,jcm_revision/screening/Boltz_PDGFRA_Focused_Screen.json,jcm_revision/screening/Boltz_PDGFRA_Focused_Screen.json,retained_byte_identical,2459,38ad9f76fbeb7c1c1f009db6a29e8d17008a7f62ac738505ddf11871db89cddb
Additional_file_9_Screening_Code_and_Data.zip,jcm_revision/screening/Boltz_Screening_Summary.json,jcm_revision/screening/Boltz_Screening_Summary.json,retained_byte_identical,2081,834bbcb8e6145c2f7d8b35ccae2c845f25c73bf0aee030e53287db5bbcc1cab0
Additional_file_9_Screening_Code_and_Data.zip,jcm_revision/screening/Inductive_Properties_All16.csv,jcm_revision/screening/Inductive_Properties_All16.csv,retained_byte_identical,22980,679bd6daf3c5afc25cf0605b4824b99fca7442a3e6682fbcf4e6042c4ce953f1
Additional_file_9_Screening_Code_and_Data.zip,jcm_revision/screening/Inductive_Raw_New_Candidates.json,jcm_revision/screening/Inductive_Raw_New_Candidates.json,retained_byte_identical,31589,2e10636729747f2209a0bf5d9d7b171a5a7294cdea4e190a1362aab0e5a29b68
Additional_file_9_Screening_Code_and_Data.zip,jcm_revision/screening/Inductive_Structure_Identity_Verification.json,jcm_revision/screening/Inductive_Structure_Identity_Verification.json,retained_byte_identical,15245,8b73770b0208db11de822acf781b1a50f85c36b536449805b8241fd145ef4cd4
Additional_file_9_Screening_Code_and_Data.zip,jcm_revision/screening/Inductive_Summary.json,jcm_revision/screening/Inductive_Summary.json,retained_byte_identical,731,e013b26647ff516ba8bff81638962881905c60391978330f8ac2f93981272433
Additional_file_9_Screening_Code_and_Data.zip,jcm_revision/screening/Screening_Analysis_Specification.json,jcm_revision/screening/Screening_Analysis_Specification.json,retained_byte_identical,1221,f3994e8f3ec99e070b44edd011c5a8e176a4553bf03db30998a35cb9471cadde
Additional_file_9_Screening_Code_and_Data.zip,jcm_revision/screening/code/summarize_boltz.py,jcm_revision/screening/code/summarize_boltz.py,retained_byte_identical,4005,14c83fd1c29145f818f94301e531271e604ecbdb2ab17412d1eb42e5ae2f79fd
Additional_file_9_Screening_Code_and_Data.zip,jcm_revision/screening/code/summarize_inductive.py,jcm_revision/screening/code/summarize_inductive.py,retained_byte_identical,3871,f290a4b293a044a392b77b774f40a99e5b61ddd3c7a1e2a5d3d22a02a2ca476a
Additional_file_9_Screening_Code_and_Data.zip,jcm_revision/tables/Table_Manifest.json,jcm_revision/tables/Table_Manifest.json,retained_byte_identical,3128,d1ac25131d74247f4dd70fb0b646a0339ca594ba70f5998a36b905bef1e56154
Additional_file_9_Screening_Code_and_Data.zip,jcm_revision/tables/Workbook_QA.json,jcm_revision/tables/Workbook_QA.json,retained_byte_identical,1091,d7f0a7c927f2d1fa8b2f5e424e165146a7ce538f9725f617545a42876af0fc20
Additional_file_9_Screening_Code_and_Data.zip,jcm_revision/tables/build_screening_tables.mjs,jcm_revision/tables/build_screening_tables.mjs,retained_byte_identical,8800,e49d5abc5a4061f80bb588fddb6c09a064200f8ea17ea69d84efede449b7726f
Additional_file_9_Screening_Code_and_Data.zip,source_indices/Additional3_Final_Figure_Index_Map.csv,source_indices/Additional3_Final_Figure_Index_Map.csv,retained_byte_identical,36111,7cb51e7ab4d2eaf08690fcb04f64a129be64f07bc30fa7b1449ffb72e66cb891
Additional_file_9_Screening_Code_and_Data.zip,source_indices/Source_Figure_Crosswalk.pdf,source_indices/Source_Figure_Crosswalk.pdf,retained_byte_identical,3606,6f387dbe211c4f381c69a38e345a9afdbeea8b61d693229f2a6bea6fa94ba983
Additional_file_9_Screening_Code_and_Data.zip,verify_archive.py,provenance/original_package_metadata/Additional_file_9_Screening_Code_and_Data/verify_archive.py,retained_byte_identical,927,29be77b2a5d3fe270c965f7480b5b4a7b34319138467b2577ea23f89f42c46f3
JCM_Author_Reproducibility_Archive.zip!/Source_Reproducibility/Original_Source_Packages/Additional_file_4_Clinical_Evidence_and_Analysis_Code.zip,Analysis/Templates/Figure_4_Original.svg,data/Additional_file_4_Clinical_Evidence_and_Analysis_Code/Analysis/Templates/Figure_4_Original.svg,retained_byte_identical,594417,4f3495d4d487b51391aed7630d77111ca8c3d088ef235773ea45e893673ba42c
JCM_Author_Reproducibility_Archive.zip!/Source_Reproducibility/Original_Source_Packages/Additional_file_4_Clinical_Evidence_and_Analysis_Code.zip,Analysis/integrated_analysis/README.md,data/Additional_file_4_Clinical_Evidence_and_Analysis_Code/Analysis/integrated_analysis/README.md,retained_byte_identical,1183,f7ef4fa8c4fdd128b98d2c42c90aba79bbae0277e913b718903c18d4f1cc6961
JCM_Author_Reproducibility_Archive.zip!/Source_Reproducibility/Original_Source_Packages/Additional_file_4_Clinical_Evidence_and_Analysis_Code.zip,Analysis/integrated_analysis/audit_virtual_knockout_numerics.py,data/Additional_file_4_Clinical_Evidence_and_Analysis_Code/Analysis/integrated_analysis/audit_virtual_knockout_numerics.py,retained_byte_identical,2430,62850d454d493395893cbcdbfe239ad7d28013c362ee73b8d3d422c15fc16f0b
JCM_Author_Reproducibility_Archive.zip!/Source_Reproducibility/Original_Source_Packages/Additional_file_4_Clinical_Evidence_and_Analysis_Code.zip,Analysis/integrated_analysis/build_candidate_bridge_map.py,data/Additional_file_4_Clinical_Evidence_and_Analysis_Code/Analysis/integrated_analysis/build_candidate_bridge_map.py,retained_byte_identical,3118,bd4e361702589fb413a82e883de51efd0eae6b3b9f20200df594b02103e4e7da
JCM_Author_Reproducibility_Archive.zip!/Source_Reproducibility/Original_Source_Packages/Additional_file_4_Clinical_Evidence_and_Analysis_Code.zip,Analysis/integrated_analysis/clinical_projection_weights.csv,data/Additional_file_4_Clinical_Evidence_and_Analysis_Code/Analysis/integrated_analysis/clinical_projection_weights.csv,retained_byte_identical,3209,8cbe58cde5fee422c6c69e88e6f2f65baa21fca33163cd53eac74d399fdb845f
JCM_Author_Reproducibility_Archive.zip!/Source_Reproducibility/Original_Source_Packages/Additional_file_4_Clinical_Evidence_and_Analysis_Code.zip,Analysis/integrated_analysis/primary/algorithm_benchmark_summary.csv,data/Additional_file_4_Clinical_Evidence_and_Analysis_Code/Analysis/integrated_analysis/primary/algorithm_benchmark_summary.csv,retained_byte_identical,917,d979c176d7ef99cf1a660ef5ef4f65dda11c38ced9e047f2aaf2109e0b2b3b33
JCM_Author_Reproducibility_Archive.zip!/Source_Reproducibility/Original_Source_Packages/Additional_file_4_Clinical_Evidence_and_Analysis_Code.zip,Analysis/integrated_analysis/primary/algorithm_block_permutation_calibration.csv,data/Additional_file_4_Clinical_Evidence_and_Analysis_Code/Analysis/integrated_analysis/primary/algorithm_block_permutation_calibration.csv,retained_byte_identical,10003,423e94d23079e8be72fd8479a01d0003fcfc7de0b413b5d05a9911e22155b4b4
JCM_Author_Reproducibility_Archive.zip!/Source_Reproducibility/Original_Source_Packages/Additional_file_4_Clinical_Evidence_and_Analysis_Code.zip,Analysis/integrated_analysis/primary/algorithm_candidate_rankings.csv,data/Additional_file_4_Clinical_Evidence_and_Analysis_Code/Analysis/integrated_analysis/primary/algorithm_candidate_rankings.csv,retained_byte_identical,3574,2d44583010c09d071d628339cd42bba2bd345c1f32f503541d7c4b30256a0539
JCM_Author_Reproducibility_Archive.zip!/Source_Reproducibility/Original_Source_Packages/Additional_file_4_Clinical_Evidence_and_Analysis_Code.zip,Analysis/integrated_analysis/primary/algorithm_family_omission_evaluation.csv,data/Additional_file_4_Clinical_Evidence_and_Analysis_Code/Analysis/integrated_analysis/primary/algorithm_family_omission_evaluation.csv,retained_byte_identical,2290,d498cf650c1782aa6712ecebde246057d7739d451be735dc0c216293aa9d3e03
JCM_Author_Reproducibility_Archive.zip!/Source_Reproducibility/Original_Source_Packages/Additional_file_4_Clinical_Evidence_and_Analysis_Code.zip,Analysis/integrated_analysis/primary/algorithm_family_omission_ranks.csv,data/Additional_file_4_Clinical_Evidence_and_Analysis_Code/Analysis/integrated_analysis/primary/algorithm_family_omission_ranks.csv,retained_byte_identical,11068,6552bfcec542ac5dcbb21d87a485e963b027d342e42a9e5db412a4d764d52e14
JCM_Author_Reproducibility_Archive.zip!/Source_Reproducibility/Original_Source_Packages/Additional_file_4_Clinical_Evidence_and_Analysis_Code.zip,Analysis/integrated_analysis/primary/algorithm_pairwise_comparison.csv,data/Additional_file_4_Clinical_Evidence_and_Analysis_Code/Analysis/integrated_analysis/primary/algorithm_pairwise_comparison.csv,retained_byte_identical,337,bcabcaa11172f32403f19223b99f96ea5cd0178a6d839db7b98355af4c74cd83
JCM_Author_Reproducibility_Archive.zip!/Source_Reproducibility/Original_Source_Packages/Additional_file_4_Clinical_Evidence_and_Analysis_Code.zip,Analysis/integrated_analysis/primary/algorithm_sensitivity_metrics.csv,data/Additional_file_4_Clinical_Evidence_and_Analysis_Code/Analysis/integrated_analysis/primary/algorithm_sensitivity_metrics.csv,retained_byte_identical,37594,48ed4f04502b4b3c91c9cd5d973c2c3fd032ef82b830beccad277e721406094c
JCM_Author_Reproducibility_Archive.zip!/Source_Reproducibility/Original_Source_Packages/Additional_file_4_Clinical_Evidence_and_Analysis_Code.zip,Analysis/integrated_analysis/primary/algorithm_specification_donor_missingness_sensitivity.csv,data/Additional_file_4_Clinical_Evidence_and_Analysis_Code/Analysis/integrated_analysis/primary/algorithm_specification_donor_missingness_sensitivity.csv,retained_byte_identical,518392,d1e89e03a5f983e6ee264686647a1168e6192d64bb7787f73d0c10516b62a68f
JCM_Author_Reproducibility_Archive.zip!/Source_Reproducibility/Original_Source_Packages/Additional_file_4_Clinical_Evidence_and_Analysis_Code.zip,Analysis/integrated_analysis/primary/algorithm_weight_sensitivity.csv,data/Additional_file_4_Clinical_Evidence_and_Analysis_Code/Analysis/integrated_analysis/primary/algorithm_weight_sensitivity.csv,retained_byte_identical,1499,a989ac1c0b5f845498a71d2753228c1635c035c2e527267ab3afcb9b0a210e51
JCM_Author_Reproducibility_Archive.zip!/Source_Reproducibility/Original_Source_Packages/Additional_file_4_Clinical_Evidence_and_Analysis_Code.zip,Analysis/integrated_analysis/primary/analysis_configuration.json,data/Additional_file_4_Clinical_Evidence_and_Analysis_Code/Analysis/integrated_analysis/primary/analysis_configuration.json,retained_byte_identical,1472,87910529c77f8bc031b6698c4b8a86445895d7ed1491fbd0ba4d1e8100139e4d
JCM_Author_Reproducibility_Archive.zip!/Source_Reproducibility/Original_Source_Packages/Additional_file_4_Clinical_Evidence_and_Analysis_Code.zip,Analysis/integrated_analysis/primary/candidate_integrated_summary.csv,data/Additional_file_4_Clinical_Evidence_and_Analysis_Code/Analysis/integrated_analysis/primary/candidate_integrated_summary.csv,retained_byte_identical,5313,2b7d0ba58a40d5138a727a2754c69c782fb2f77a04f31cc45158226cd174a321
JCM_Author_Reproducibility_Archive.zip!/Source_Reproducibility/Original_Source_Packages/Additional_file_4_Clinical_Evidence_and_Analysis_Code.zip,Analysis/integrated_analysis/primary/input_manifest.csv,data/Additional_file_4_Clinical_Evidence_and_Analysis_Code/Analysis/integrated_analysis/primary/input_manifest.csv,retained_byte_identical,749,265570e1fa1fc72006cd98d3e01dbe12dc76ce110993255139ad04ac3c684180
JCM_Author_Reproducibility_Archive.zip!/Source_Reproducibility/Original_Source_Packages/Additional_file_4_Clinical_Evidence_and_Analysis_Code.zip,Analysis/integrated_analysis/primary/integrated_family_percentile_scores.csv,data/Additional_file_4_Clinical_Evidence_and_Analysis_Code/Analysis/integrated_analysis/primary/integrated_family_percentile_scores.csv,retained_byte_identical,1249,61bb299a030382b28c50deb9e82cdb8b1260be44d91ff5107aad417cf11c7cbb
JCM_Author_Reproducibility_Archive.zip!/Source_Reproducibility/Original_Source_Packages/Additional_file_4_Clinical_Evidence_and_Analysis_Code.zip,Analysis/integrated_analysis/primary/integrated_source_features.csv,data/Additional_file_4_Clinical_Evidence_and_Analysis_Code/Analysis/integrated_analysis/primary/integrated_source_features.csv,retained_byte_identical,1067,b94964ba8cc18b3a10553adbf61231ca897fd75eb3f110d76796164660516000
JCM_Author_Reproducibility_Archive.zip!/Source_Reproducibility/Original_Source_Packages/Additional_file_4_Clinical_Evidence_and_Analysis_Code.zip,Analysis/integrated_analysis/primary/integration_validation.json,data/Additional_file_4_Clinical_Evidence_and_Analysis_Code/Analysis/integrated_analysis/primary/integration_validation.json,retained_byte_identical,4963,4d1065ba92a9403d33d436f6f08e2c9cd596f251c3e127e55ec3f30cd363b1d3
JCM_Author_Reproducibility_Archive.zip!/Source_Reproducibility/Original_Source_Packages/Additional_file_4_Clinical_Evidence_and_Analysis_Code.zip,Analysis/integrated_analysis/primary/network_specification_target_aggregate.csv,data/Additional_file_4_Clinical_Evidence_and_Analysis_Code/Analysis/integrated_analysis/primary/network_specification_target_aggregate.csv,retained_byte_identical,127473,5dfe676530c548d5662f866e9c21fedf7924d606a4c67510d3784c8268ea9f9b
JCM_Author_Reproducibility_Archive.zip!/Source_Reproducibility/Original_Source_Packages/Additional_file_4_Clinical_Evidence_and_Analysis_Code.zip,Analysis/integrated_analysis/primary/network_target_aggregate.csv,data/Additional_file_4_Clinical_Evidence_and_Analysis_Code/Analysis/integrated_analysis/primary/network_target_aggregate.csv,retained_byte_identical,1216,7e36accc3983afecd0ca592679d95f09abed821defb3c9e90046d2efcba46c22
JCM_Author_Reproducibility_Archive.zip!/Source_Reproducibility/Original_Source_Packages/Additional_file_4_Clinical_Evidence_and_Analysis_Code.zip,Analysis/integrated_analysis/primary/target_human_protein_bridge.csv,data/Additional_file_4_Clinical_Evidence_and_Analysis_Code/Analysis/integrated_analysis/primary/target_human_protein_bridge.csv,retained_byte_identical,39226,41353f374a02bc7b380f658232c4be24bcf2642523c4ce66838caf0f3e404572
JCM_Author_Reproducibility_Archive.zip!/Source_Reproducibility/Original_Source_Packages/Additional_file_4_Clinical_Evidence_and_Analysis_Code.zip,Analysis/integrated_analysis/primary/top_network_contributors_per_target.csv,data/Additional_file_4_Clinical_Evidence_and_Analysis_Code/Analysis/integrated_analysis/primary/top_network_contributors_per_target.csv,retained_byte_identical,9176,49d377eed486ddf4347862d4486877385230be23ce12154d4a8d8d8c5635a7d8
JCM_Author_Reproducibility_Archive.zip!/Source_Reproducibility/Original_Source_Packages/Additional_file_4_Clinical_Evidence_and_Analysis_Code.zip,Analysis/integrated_analysis/primary/unified_candidate_gene_nodes.csv,data/Additional_file_4_Clinical_Evidence_and_Analysis_Code/Analysis/integrated_analysis/primary/unified_candidate_gene_nodes.csv,retained_byte_identical,3569,0329d02be4aa205a700e84a867989999d2bf2cf284ee5ddcd46a30b5b7a45686
JCM_Author_Reproducibility_Archive.zip!/Source_Reproducibility/Original_Source_Packages/Additional_file_4_Clinical_Evidence_and_Analysis_Code.zip,Analysis/integrated_analysis/run_integrated_benchmark.py,data/Additional_file_4_Clinical_Evidence_and_Analysis_Code/Analysis/integrated_analysis/run_integrated_benchmark.py,retained_byte_identical,19099,11c94987a94fbf962545dc82c2c2f80c3ed9dcd42b9cd0254f3d547ab302c821
JCM_Author_Reproducibility_Archive.zip!/Source_Reproducibility/Original_Source_Packages/Additional_file_4_Clinical_Evidence_and_Analysis_Code.zip,Analysis/integrated_analysis/run_primary_integration.py,data/Additional_file_4_Clinical_Evidence_and_Analysis_Code/Analysis/integrated_analysis/run_primary_integration.py,retained_byte_identical,13732,56d925b252d355dc6ab1790f3da57f9aa164844d17037350005c085a7e202647
JCM_Author_Reproducibility_Archive.zip!/Source_Reproducibility/Original_Source_Packages/Additional_file_4_Clinical_Evidence_and_Analysis_Code.zip,Analysis/integrated_analysis/target_protein_bridge_edges.csv,data/Additional_file_4_Clinical_Evidence_and_Analysis_Code/Analysis/integrated_analysis/target_protein_bridge_edges.csv,retained_byte_identical,122023,8850c6d6e4a593d12187e002ac918ddf5ac6aa55d67a4b95471a22ddf700f478
JCM_Author_Reproducibility_Archive.zip!/Source_Reproducibility/Original_Source_Packages/Additional_file_4_Clinical_Evidence_and_Analysis_Code.zip,Analysis/integrated_analysis/target_protein_projection_by_seed.csv,data/Additional_file_4_Clinical_Evidence_and_Analysis_Code/Analysis/integrated_analysis/target_protein_projection_by_seed.csv,retained_byte_identical,123076,212d06095665200000b5c5e0941b2116d4bc58df048cc34d80cea9c8070a0c11
JCM_Author_Reproducibility_Archive.zip!/Source_Reproducibility/Original_Source_Packages/Additional_file_4_Clinical_Evidence_and_Analysis_Code.zip,Analysis/integrated_analysis/validate_primary_integration.py,data/Additional_file_4_Clinical_Evidence_and_Analysis_Code/Analysis/integrated_analysis/validate_primary_integration.py,retained_byte_identical,5143,d308e323f7c084b5f07d5ab04a7e0d166be160bd91a918033a4d16fb115050f1
JCM_Author_Reproducibility_Archive.zip!/Source_Reproducibility/Original_Source_Packages/Additional_file_4_Clinical_Evidence_and_Analysis_Code.zip,Analysis/integrated_analysis/vko_numeric_threshold_sensitivity.csv,data/Additional_file_4_Clinical_Evidence_and_Analysis_Code/Analysis/integrated_analysis/vko_numeric_threshold_sensitivity.csv,retained_byte_identical,431,2217fa102190bb19c3d27d64a23689321dae802bddbcb0bf9ba7bda617104c2f
JCM_Author_Reproducibility_Archive.zip!/Source_Reproducibility/Original_Source_Packages/Additional_file_4_Clinical_Evidence_and_Analysis_Code.zip,Analysis/integrated_analysis/vko_numerical_audit_summary.json,data/Additional_file_4_Clinical_Evidence_and_Analysis_Code/Analysis/integrated_analysis/vko_numerical_audit_summary.json,retained_byte_identical,649,df675ede8ba58429ce18426cbe77d6abdfaec8093e0380cb05c8893ff24ebc1e
JCM_Author_Reproducibility_Archive.zip!/Source_Reproducibility/Original_Source_Packages/Additional_file_4_Clinical_Evidence_and_Analysis_Code.zip,Analysis/integrated_analysis/vko_numerical_run_audit.csv,data/Additional_file_4_Clinical_Evidence_and_Analysis_Code/Analysis/integrated_analysis/vko_numerical_run_audit.csv,retained_byte_identical,23343,9788d7ae7e4e0634b98628fb91a623eecd83b27748563a9b3cfa21831152fbd4
JCM_Author_Reproducibility_Archive.zip!/Source_Reproducibility/Original_Source_Packages/Additional_file_4_Clinical_Evidence_and_Analysis_Code.zip,Analysis/integrated_analysis/vko_target_compartment_numeric_validity.csv,data/Additional_file_4_Clinical_Evidence_and_Analysis_Code/Analysis/integrated_analysis/vko_target_compartment_numeric_validity.csv,retained_byte_identical,2334,5c4baddf0c540d90c96291be419381673ff3857aaf1e46f8a9429f7e764214d8
JCM_Author_Reproducibility_Archive.zip!/Source_Reproducibility/Original_Source_Packages/Additional_file_4_Clinical_Evidence_and_Analysis_Code.zip,Analysis/make_graphical_abstract.py,data/Additional_file_4_Clinical_Evidence_and_Analysis_Code/Analysis/make_graphical_abstract.py,retained_byte_identical,4996,dd3b475b6424dffc5063e34f39c9e3853030148be0ee602edf61869be0e80bb4
JCM_Author_Reproducibility_Archive.zip!/Source_Reproducibility/Original_Source_Packages/Additional_file_4_Clinical_Evidence_and_Analysis_Code.zip,Analysis/make_independent_liver_figure.py,data/Additional_file_4_Clinical_Evidence_and_Analysis_Code/Analysis/make_independent_liver_figure.py,retained_byte_identical,13399,52935dbabcc104408f3ef97b4cb3550852e8d13acfe32722edf2ef08bf55b760
JCM_Author_Reproducibility_Archive.zip!/Source_Reproducibility/Original_Source_Packages/Additional_file_4_Clinical_Evidence_and_Analysis_Code.zip,Analysis/make_integrated_figures.py,data/Additional_file_4_Clinical_Evidence_and_Analysis_Code/Analysis/make_integrated_figures.py,retained_byte_identical,14924,2bba88fb0aa69d6fee1e43d6554ca97253bbcff74db084eb072353a2c768162f
JCM_Author_Reproducibility_Archive.zip!/Source_Reproducibility/Original_Source_Packages/Additional_file_4_Clinical_Evidence_and_Analysis_Code.zip,Analysis/make_shared_reference_figure.py,data/Additional_file_4_Clinical_Evidence_and_Analysis_Code/Analysis/make_shared_reference_figure.py,retained_byte_identical,6725,ff4befd32333e228cc8a69c824c1577bd8443c658c9fc623eea01ecb63dd0eb5
JCM_Author_Reproducibility_Archive.zip!/Source_Reproducibility/Original_Source_Packages/Additional_file_4_Clinical_Evidence_and_Analysis_Code.zip,Analysis/network_diffusion/README.md,data/Additional_file_4_Clinical_Evidence_and_Analysis_Code/Analysis/network_diffusion/README.md,retained_byte_identical,1738,17df3696b4511b30ea04d9918221703d0f11a49323038372b309a50b4c37cbb6
JCM_Author_Reproducibility_Archive.zip!/Source_Reproducibility/Original_Source_Packages/Additional_file_4_Clinical_Evidence_and_Analysis_Code.zip,Analysis/network_diffusion/build_corrected_legacy_benchmark.py,data/Additional_file_4_Clinical_Evidence_and_Analysis_Code/Analysis/network_diffusion/build_corrected_legacy_benchmark.py,retained_byte_identical,2851,eae6ddb3e8db7a3d2000f4fa516138dd9daf12d6930bdc76bf1c438158849163
JCM_Author_Reproducibility_Archive.zip!/Source_Reproducibility/Original_Source_Packages/Additional_file_4_Clinical_Evidence_and_Analysis_Code.zip,Analysis/network_diffusion/build_network_report.py,data/Additional_file_4_Clinical_Evidence_and_Analysis_Code/Analysis/network_diffusion/build_network_report.py,retained_byte_identical,20289,d2a23a8c531933ab6e483c5eb858c7aae70fe87fc351f3e0fb41aa6314176224
JCM_Author_Reproducibility_Archive.zip!/Source_Reproducibility/Original_Source_Packages/Additional_file_4_Clinical_Evidence_and_Analysis_Code.zip,Analysis/network_diffusion/candidate_network_summary.csv,data/Additional_file_4_Clinical_Evidence_and_Analysis_Code/Analysis/network_diffusion/candidate_network_summary.csv,retained_byte_identical,26931,46a65c25813d66554a6fd9eb46b16211eb14569ae9c04621ba7dd55e2fcd7320
JCM_Author_Reproducibility_Archive.zip!/Source_Reproducibility/Original_Source_Packages/Additional_file_4_Clinical_Evidence_and_Analysis_Code.zip,Analysis/network_diffusion/network_additional_benchmark_metrics.csv,data/Additional_file_4_Clinical_Evidence_and_Analysis_Code/Analysis/network_diffusion/network_additional_benchmark_metrics.csv,retained_byte_identical,976,0c812121f9fffed82b27f6027102403ca6255d7bf0e85d1681a63a919b1fdbd8
JCM_Author_Reproducibility_Archive.zip!/Source_Reproducibility/Original_Source_Packages/Additional_file_4_Clinical_Evidence_and_Analysis_Code.zip,Analysis/network_diffusion/network_algorithm_comparison_metrics.csv,data/Additional_file_4_Clinical_Evidence_and_Analysis_Code/Analysis/network_diffusion/network_algorithm_comparison_metrics.csv,retained_byte_identical,2338,cc8c2e45988ca6decc6469c5862773ac786fafb4f90b5f55138827adfd337b47
JCM_Author_Reproducibility_Archive.zip!/Source_Reproducibility/Original_Source_Packages/Additional_file_4_Clinical_Evidence_and_Analysis_Code.zip,Analysis/network_diffusion/network_analysis_freeze.json,data/Additional_file_4_Clinical_Evidence_and_Analysis_Code/Analysis/network_diffusion/network_analysis_freeze.json,retained_byte_identical,1102,92bda26fac3a6c585503a374038e98c73623941ce9b36bada934003ee3fa6b1f
JCM_Author_Reproducibility_Archive.zip!/Source_Reproducibility/Original_Source_Packages/Additional_file_4_Clinical_Evidence_and_Analysis_Code.zip,Analysis/network_diffusion/network_clinical_seed_weights.csv,data/Additional_file_4_Clinical_Evidence_and_Analysis_Code/Analysis/network_diffusion/network_clinical_seed_weights.csv,deduplicated_identical_shared_path,9029,7c9a143e56c5d7fb45bd345c106ba187d1a7974261e1469b55c156dbe10b5ca6
JCM_Author_Reproducibility_Archive.zip!/Source_Reproducibility/Original_Source_Packages/Additional_file_4_Clinical_Evidence_and_Analysis_Code.zip,Analysis/network_diffusion/network_diffusion_summary.json,data/Additional_file_4_Clinical_Evidence_and_Analysis_Code/Analysis/network_diffusion/network_diffusion_summary.json,retained_byte_identical,4015,a0346db667854280aacae29e9c5cd8a4edf1dd20251ffb3906ddc45f57355412
JCM_Author_Reproducibility_Archive.zip!/Source_Reproducibility/Original_Source_Packages/Additional_file_4_Clinical_Evidence_and_Analysis_Code.zip,Analysis/network_diffusion/network_donor_covariance_qc.csv,data/Additional_file_4_Clinical_Evidence_and_Analysis_Code/Analysis/network_diffusion/network_donor_covariance_qc.csv,retained_byte_identical,723,2c7543d07be993f0b1dc9fe4333cb58de640408cf9c681597f9c4c07b6187fd0
JCM_Author_Reproducibility_Archive.zip!/Source_Reproducibility/Original_Source_Packages/Additional_file_4_Clinical_Evidence_and_Analysis_Code.zip,Analysis/network_diffusion/network_donor_lodo_scores.csv,data/Additional_file_4_Clinical_Evidence_and_Analysis_Code/Analysis/network_diffusion/network_donor_lodo_scores.csv,retained_byte_identical,51852,ff855b8f520bf1d1d133ad2d2e7677442c8df982db243e43859313d73d6b9fe9
JCM_Author_Reproducibility_Archive.zip!/Source_Reproducibility/Original_Source_Packages/Additional_file_4_Clinical_Evidence_and_Analysis_Code.zip,Analysis/network_diffusion/network_evaluable_legacy_comparison.csv,data/Additional_file_4_Clinical_Evidence_and_Analysis_Code/Analysis/network_diffusion/network_evaluable_legacy_comparison.csv,retained_byte_identical,32315,58556c50c6c983abbb62f730e68e35857fdc01c0babfa17ee47fa4eeebe8bb45
JCM_Author_Reproducibility_Archive.zip!/Source_Reproducibility/Original_Source_Packages/Additional_file_4_Clinical_Evidence_and_Analysis_Code.zip,Analysis/network_diffusion/network_evaluable_legacy_metrics.csv,data/Additional_file_4_Clinical_Evidence_and_Analysis_Code/Analysis/network_diffusion/network_evaluable_legacy_metrics.csv,retained_byte_identical,1248,74a650723b70f9c8b8a297524a98498c3281a2af469c402a0bd58d2c2a3a29e8
JCM_Author_Reproducibility_Archive.zip!/Source_Reproducibility/Original_Source_Packages/Additional_file_4_Clinical_Evidence_and_Analysis_Code.zip,Analysis/network_diffusion/network_expression_matched_null_pools.csv,data/Additional_file_4_Clinical_Evidence_and_Analysis_Code/Analysis/network_diffusion/network_expression_matched_null_pools.csv,retained_byte_identical,196709,d4e62f0bef1974a7473def806d403b5ea87162ca8762c7f5ab485cba15323644
JCM_Author_Reproducibility_Archive.zip!/Source_Reproducibility/Original_Source_Packages/Additional_file_4_Clinical_Evidence_and_Analysis_Code.zip,Analysis/network_diffusion/network_null_matching_sensitivity.csv,data/Additional_file_4_Clinical_Evidence_and_Analysis_Code/Analysis/network_diffusion/network_null_matching_sensitivity.csv,retained_byte_identical,129527,47aa0b421a7d466f38b6df1ffa031a13b915677a6c781ec659ce8f09d6bedfd8
JCM_Author_Reproducibility_Archive.zip!/Source_Reproducibility/Original_Source_Packages/Additional_file_4_Clinical_Evidence_and_Analysis_Code.zip,Analysis/network_diffusion/network_old_algorithm_comparison.csv,data/Additional_file_4_Clinical_Evidence_and_Analysis_Code/Analysis/network_diffusion/network_old_algorithm_comparison.csv,retained_byte_identical,30888,13f5ad1fa774fe513d55ff57f7348bd2da764d4ff69be43f1787f9ae0b2dec9f
JCM_Author_Reproducibility_Archive.zip!/Source_Reproducibility/Original_Source_Packages/Additional_file_4_Clinical_Evidence_and_Analysis_Code.zip,Analysis/network_diffusion/network_output_manifest.csv,data/Additional_file_4_Clinical_Evidence_and_Analysis_Code/Analysis/network_diffusion/network_output_manifest.csv,retained_byte_identical,2377,c078fe92b9c89140082c2c378ab3ea979df1aa85b8607c75e221f6ffa30b160e
JCM_Author_Reproducibility_Archive.zip!/Source_Reproducibility/Original_Source_Packages/Additional_file_4_Clinical_Evidence_and_Analysis_Code.zip,Analysis/network_diffusion/network_shrinkage_ablation.csv,data/Additional_file_4_Clinical_Evidence_and_Analysis_Code/Analysis/network_diffusion/network_shrinkage_ablation.csv,retained_byte_identical,45628,13af5126c14736dc9137ee776d153e84ef93447ee781f9b67f3bd1272c704569
JCM_Author_Reproducibility_Archive.zip!/Source_Reproducibility/Original_Source_Packages/Additional_file_4_Clinical_Evidence_and_Analysis_Code.zip,Analysis/network_diffusion/network_specification_scores.csv,data/Additional_file_4_Clinical_Evidence_and_Analysis_Code/Analysis/network_diffusion/network_specification_scores.csv,deduplicated_identical_shared_path,875337,715556deaa7c6c41b529aca5f28e8f3d252ac135d8d68ea8a66736cc604feb08
JCM_Author_Reproducibility_Archive.zip!/Source_Reproducibility/Original_Source_Packages/Additional_file_4_Clinical_Evidence_and_Analysis_Code.zip,Analysis/network_diffusion/network_target_anchor_contributions.csv,data/Additional_file_4_Clinical_Evidence_and_Analysis_Code/Analysis/network_diffusion/network_target_anchor_contributions.csv,retained_byte_identical,56288,42eca3b02ac3307b296a00d17d116959f06830a0c9ff0ef6bc50594a29b66025
JCM_Author_Reproducibility_Archive.zip!/Source_Reproducibility/Original_Source_Packages/Additional_file_4_Clinical_Evidence_and_Analysis_Code.zip,Analysis/network_diffusion/network_validation.json,data/Additional_file_4_Clinical_Evidence_and_Analysis_Code/Analysis/network_diffusion/network_validation.json,retained_byte_identical,845,58da6cb89e5bd6f58bde5fa1589b9c96027fa0fdf0fed04d310fba930afa0407
JCM_Author_Reproducibility_Archive.zip!/Source_Reproducibility/Original_Source_Packages/Additional_file_4_Clinical_Evidence_and_Analysis_Code.zip,Analysis/network_diffusion/run_network_diffusion.py,data/Additional_file_4_Clinical_Evidence_and_Analysis_Code/Analysis/network_diffusion/run_network_diffusion.py,retained_byte_identical,16489,c0b238b3b2ad48cc40efe9351173509b41ca7fd191361437b0bbf3fecec51010
JCM_Author_Reproducibility_Archive.zip!/Source_Reproducibility/Original_Source_Packages/Additional_file_4_Clinical_Evidence_and_Analysis_Code.zip,Analysis/rebuild_figure4_qc.py,data/Additional_file_4_Clinical_Evidence_and_Analysis_Code/Analysis/rebuild_figure4_qc.py,retained_byte_identical,8162,b0228f148d16ae277e11d47416e1c3631cc044117c7cdc3a26ab9edc58ac2a0a
JCM_Author_Reproducibility_Archive.zip!/Source_Reproducibility/Original_Source_Packages/Additional_file_4_Clinical_Evidence_and_Analysis_Code.zip,Analysis/revision_runtime_versions.json,data/Additional_file_4_Clinical_Evidence_and_Analysis_Code/Analysis/revision_runtime_versions.json,retained_byte_identical,471,a68b5da63ef69a933066b6244b4dcc6490b8730cfa2931dada83c2a474f4c86f
JCM_Author_Reproducibility_Archive.zip!/Source_Reproducibility/Original_Source_Packages/Additional_file_4_Clinical_Evidence_and_Analysis_Code.zip,CURRENT_FILE_PROVENANCE.json,data/Additional_file_4_Clinical_Evidence_and_Analysis_Code/CURRENT_FILE_PROVENANCE.json,retained_byte_identical,184606,0de07d72f613443b72871715b3110b2d58b3fd9edf027a19ccab65a0037ab5f5
JCM_Author_Reproducibility_Archive.zip!/Source_Reproducibility/Original_Source_Packages/Additional_file_4_Clinical_Evidence_and_Analysis_Code.zip,Code/Core/analyze_gse299128_blood.py,data/Additional_file_4_Clinical_Evidence_and_Analysis_Code/Code/Core/analyze_gse299128_blood.py,retained_byte_identical,5369,51063438209ca8ffb94d968698d9efdd45099a65a327ef333a5e70c86b0fcfc4
JCM_Author_Reproducibility_Archive.zip!/Source_Reproducibility/Original_Source_Packages/Additional_file_4_Clinical_Evidence_and_Analysis_Code.zip,Code/Core/analyze_lincs_dose_and_figure3.py,data/Additional_file_4_Clinical_Evidence_and_Analysis_Code/Code/Core/analyze_lincs_dose_and_figure3.py,retained_byte_identical,67154,34b06deba061c41f25a3e0d9bb1a5ff10fbef8f35ebef2b92f61b738f15a72de
JCM_Author_Reproducibility_Archive.zip!/Source_Reproducibility/Original_Source_Packages/Additional_file_4_Clinical_Evidence_and_Analysis_Code.zip,Code/Core/audit_main_manuscript_docx.py,data/Additional_file_4_Clinical_Evidence_and_Analysis_Code/Code/Core/audit_main_manuscript_docx.py,retained_byte_identical,7883,d08b377862e3b7ad36124ba7533bb4839873e3aa2c2c232a1882b0742438f695
JCM_Author_Reproducibility_Archive.zip!/Source_Reproducibility/Original_Source_Packages/Additional_file_4_Clinical_Evidence_and_Analysis_Code.zip,Code/Core/build_main_manuscript_docx.py,data/Additional_file_4_Clinical_Evidence_and_Analysis_Code/Code/Core/build_main_manuscript_docx.py,retained_byte_identical,19776,705ea5ef07af60a59eac6bc3e6f5e95fd6fb7bf25cad2b908116d068ec1f2498
JCM_Author_Reproducibility_Archive.zip!/Source_Reproducibility/Original_Source_Packages/Additional_file_4_Clinical_Evidence_and_Analysis_Code.zip,Code/Core/build_release_qa_reports.py,data/Additional_file_4_Clinical_Evidence_and_Analysis_Code/Code/Core/build_release_qa_reports.py,retained_byte_identical,49776,035e7989594e42a7e78957c58f86687303b4442bcfa05a626c801bc42095e27d
JCM_Author_Reproducibility_Archive.zip!/Source_Reproducibility/Original_Source_Packages/Additional_file_4_Clinical_Evidence_and_Analysis_Code.zip,Code/Core/build_reproducibility_notebook.py,data/Additional_file_4_Clinical_Evidence_and_Analysis_Code/Code/Core/build_reproducibility_notebook.py,retained_byte_identical,43370,5e54a1701653454c54bcdcefef250bab12f671eb68a8ad41348b2394647928a2
JCM_Author_Reproducibility_Archive.zip!/Source_Reproducibility/Original_Source_Packages/Additional_file_4_Clinical_Evidence_and_Analysis_Code.zip,Code/Core/build_supplementary_information.py,data/Additional_file_4_Clinical_Evidence_and_Analysis_Code/Code/Core/build_supplementary_information.py,retained_byte_identical,14454,62dfe34eefedf16876de013645490fce71d1055c471852f44c51e1e93c6127c8
JCM_Author_Reproducibility_Archive.zip!/Source_Reproducibility/Original_Source_Packages/Additional_file_4_Clinical_Evidence_and_Analysis_Code.zip,Code/Core/build_supplementary_tables.mjs,data/Additional_file_4_Clinical_Evidence_and_Analysis_Code/Code/Core/build_supplementary_tables.mjs,retained_byte_identical,151124,8b19d1e76fce67d75fd8d62e8ad00c4ed70e9e47980e9c3af90ac483c359467b
JCM_Author_Reproducibility_Archive.zip!/Source_Reproducibility/Original_Source_Packages/Additional_file_4_Clinical_Evidence_and_Analysis_Code.zip,Code/Core/build_virtual_integration_figures.py,data/Additional_file_4_Clinical_Evidence_and_Analysis_Code/Code/Core/build_virtual_integration_figures.py,retained_byte_identical,79684,bfdfe7f90d5c836a0b3abcd007b4e0798a629294edeaa10e1f5002c2e644dd1e
JCM_Author_Reproducibility_Archive.zip!/Source_Reproducibility/Original_Source_Packages/Additional_file_4_Clinical_Evidence_and_Analysis_Code.zip,Code/Core/execute_notebook_fallback.py,data/Additional_file_4_Clinical_Evidence_and_Analysis_Code/Code/Core/execute_notebook_fallback.py,retained_byte_identical,8842,a65495333df3689de73404dffff4003e1e5803d3e79780b7b7fa7cd391ca610f
JCM_Author_Reproducibility_Archive.zip!/Source_Reproducibility/Original_Source_Packages/Additional_file_4_Clinical_Evidence_and_Analysis_Code.zip,Code/Core/finalize_s6_s7_figure_exports.py,data/Additional_file_4_Clinical_Evidence_and_Analysis_Code/Code/Core/finalize_s6_s7_figure_exports.py,retained_byte_identical,5986,f4cb12959b91c07aec80545ac228bcbeb19689ca04c87edead32bac559bf4cbb
JCM_Author_Reproducibility_Archive.zip!/Source_Reproducibility/Original_Source_Packages/Additional_file_4_Clinical_Evidence_and_Analysis_Code.zip,Code/Core/make_blood_sensitivity_figure.py,data/Additional_file_4_Clinical_Evidence_and_Analysis_Code/Code/Core/make_blood_sensitivity_figure.py,retained_byte_identical,7809,d5d74411535b2f622a424a6a867d0d34e7426325f5938be5890a70f2df813814
JCM_Author_Reproducibility_Archive.zip!/Source_Reproducibility/Original_Source_Packages/Additional_file_4_Clinical_Evidence_and_Analysis_Code.zip,Code/Core/make_graphical_abstract.py,data/Additional_file_4_Clinical_Evidence_and_Analysis_Code/Code/Core/make_graphical_abstract.py,retained_byte_identical,6773,9da0553c6a6d69cce558fbaafbdaf2f352399a44add55fe2c59562fcd278535f
JCM_Author_Reproducibility_Archive.zip!/Source_Reproducibility/Original_Source_Packages/Additional_file_4_Clinical_Evidence_and_Analysis_Code.zip,Code/Core/make_proteomics_figures.py,data/Additional_file_4_Clinical_Evidence_and_Analysis_Code/Code/Core/make_proteomics_figures.py,retained_byte_identical,26401,6cbb996747dc3ac3bfb5f1d387f2c214a25b5f1de642d5cb2e13658d2791528b
JCM_Author_Reproducibility_Archive.zip!/Source_Reproducibility/Original_Source_Packages/Additional_file_4_Clinical_Evidence_and_Analysis_Code.zip,Code/Core/prepare_liver_singlecell.py,data/Additional_file_4_Clinical_Evidence_and_Analysis_Code/Code/Core/prepare_liver_singlecell.py,retained_byte_identical,9298,d9c888a79e46017bb4007fa650850a343c85200e566bdf28ac47d7c04da554d8
JCM_Author_Reproducibility_Archive.zip!/Source_Reproducibility/Original_Source_Packages/Additional_file_4_Clinical_Evidence_and_Analysis_Code.zip,Code/Core/prepare_pharmacology_and_perturbation.py,data/Additional_file_4_Clinical_Evidence_and_Analysis_Code/Code/Core/prepare_pharmacology_and_perturbation.py,retained_byte_identical,9790,f326e6187697eb35ef1c97384fc6a2f3a15785027978bd11a8a02be6f1249734
JCM_Author_Reproducibility_Archive.zip!/Source_Reproducibility/Original_Source_Packages/Additional_file_4_Clinical_Evidence_and_Analysis_Code.zip,Code/Core/prepare_submission_package.py,data/Additional_file_4_Clinical_Evidence_and_Analysis_Code/Code/Core/prepare_submission_package.py,retained_byte_identical,11369,419e47e4fb3c543d30505ff215d6331a77cb3c3723ac3071b4707cc682d1c26f
JCM_Author_Reproducibility_Archive.zip!/Source_Reproducibility/Original_Source_Packages/Additional_file_4_Clinical_Evidence_and_Analysis_Code.zip,Code/Core/refresh_extension_manifests.py,data/Additional_file_4_Clinical_Evidence_and_Analysis_Code/Code/Core/refresh_extension_manifests.py,retained_byte_identical,5507,1faf60d6e8b5fbd22020497b456b222c13c626c123153cf9e8ec4a2d3e4eab6e
JCM_Author_Reproducibility_Archive.zip!/Source_Reproducibility/Original_Source_Packages/Additional_file_4_Clinical_Evidence_and_Analysis_Code.zip,Code/Core/refresh_faers_manifest.py,data/Additional_file_4_Clinical_Evidence_and_Analysis_Code/Code/Core/refresh_faers_manifest.py,retained_byte_identical,2322,ad259f8c736520fd0a5b1c8c739a723c2c4973bc480db495cfbd415169205ce5
JCM_Author_Reproducibility_Archive.zip!/Source_Reproducibility/Original_Source_Packages/Additional_file_4_Clinical_Evidence_and_Analysis_Code.zip,Code/Core/refresh_release_manifests.py,data/Additional_file_4_Clinical_Evidence_and_Analysis_Code/Code/Core/refresh_release_manifests.py,retained_byte_identical,8754,f8b6b179c8c21e43540b60a46e7c4ef2f35095e631b3bb614f06faa18f720d0b
JCM_Author_Reproducibility_Archive.zip!/Source_Reproducibility/Original_Source_Packages/Additional_file_4_Clinical_Evidence_and_Analysis_Code.zip,Code/Core/run_liver_virtual_knockout.py,data/Additional_file_4_Clinical_Evidence_and_Analysis_Code/Code/Core/run_liver_virtual_knockout.py,retained_byte_identical,12575,7f4e5e0cdd8eb6f3d41ca41f17d500e6b224f2db87b5efc4a5ca6167df502679
JCM_Author_Reproducibility_Archive.zip!/Source_Reproducibility/Original_Source_Packages/Additional_file_4_Clinical_Evidence_and_Analysis_Code.zip,Code/Core/validate_lincs_figure3_outputs.py,data/Additional_file_4_Clinical_Evidence_and_Analysis_Code/Code/Core/validate_lincs_figure3_outputs.py,retained_byte_identical,5701,a3abbd228c2642bc0a9b1e8cfe7ea52a36d702b60a8a977f98eafa6c57de3595
JCM_Author_Reproducibility_Archive.zip!/Source_Reproducibility/Original_Source_Packages/Additional_file_4_Clinical_Evidence_and_Analysis_Code.zip,Code/Core/validate_supplementary_tables.mjs,data/Additional_file_4_Clinical_Evidence_and_Analysis_Code/Code/Core/validate_supplementary_tables.mjs,retained_byte_identical,15579,776bab941289a5944c980c65122f92f97fd066cf20c144e52c20b59859369dfb
JCM_Author_Reproducibility_Archive.zip!/Source_Reproducibility/Original_Source_Packages/Additional_file_4_Clinical_Evidence_and_Analysis_Code.zip,Code/Core/validate_virtual_integration_outputs.py,data/Additional_file_4_Clinical_Evidence_and_Analysis_Code/Code/Core/validate_virtual_integration_outputs.py,retained_byte_identical,15033,4fe4983a93458b6481aa1451a335195ae4f5df91ff486b31b7b0e3901e75c857
JCM_Author_Reproducibility_Archive.zip!/Source_Reproducibility/Original_Source_Packages/Additional_file_4_Clinical_Evidence_and_Analysis_Code.zip,Code/Core/verify_release_capsule.py,data/Additional_file_4_Clinical_Evidence_and_Analysis_Code/Code/Core/verify_release_capsule.py,retained_byte_identical,11619,ad8200a3ade90f929d9f0782410ff191223f98bd8a52e17653dcae91af769e6d
JCM_Author_Reproducibility_Archive.zip!/Source_Reproducibility/Original_Source_Packages/Additional_file_4_Clinical_Evidence_and_Analysis_Code.zip,Code/FAERS/audit_year_heterogeneity.py,data/Additional_file_4_Clinical_Evidence_and_Analysis_Code/Code/FAERS/audit_year_heterogeneity.py,retained_byte_identical,6364,6be2881e4e2b2e98a5f4a609b639a7968c4e34aa3b03b6b3c3b49fe34796ca2f
JCM_Author_Reproducibility_Archive.zip!/Source_Reproducibility/Original_Source_Packages/Additional_file_4_Clinical_Evidence_and_Analysis_Code.zip,Code/FAERS/migrate_frozen_faers_semantics.py,data/Additional_file_4_Clinical_Evidence_and_Analysis_Code/Code/FAERS/migrate_frozen_faers_semantics.py,retained_byte_identical,5702,a63209588cb84674aad20f3ba6b5a371eacdcea4c1bb22fe4eb879030d09eb2b
JCM_Author_Reproducibility_Archive.zip!/Source_Reproducibility/Original_Source_Packages/Additional_file_4_Clinical_Evidence_and_Analysis_Code.zip,Code/FAERS/run_openfda_faers.py,data/Additional_file_4_Clinical_Evidence_and_Analysis_Code/Code/FAERS/run_openfda_faers.py,retained_byte_identical,45893,bc9c4da8290d59ad95cbe50f2dfacd8677938134afa7472bb4a5c8910cea2f42
JCM_Author_Reproducibility_Archive.zip!/Source_Reproducibility/Original_Source_Packages/Additional_file_4_Clinical_Evidence_and_Analysis_Code.zip,Code/Figures/make_faers_figures.py,data/Additional_file_4_Clinical_Evidence_and_Analysis_Code/Code/Figures/make_faers_figures.py,retained_byte_identical,42139,33d8aedd47dc805ae338f815fb332830fc3a89c6fbda1cad59107bf6570d4a4c
JCM_Author_Reproducibility_Archive.zip!/Source_Reproducibility/Original_Source_Packages/Additional_file_4_Clinical_Evidence_and_Analysis_Code.zip,Code/GSE151374/analyze_gse151374.py,data/Additional_file_4_Clinical_Evidence_and_Analysis_Code/Code/GSE151374/analyze_gse151374.py,retained_byte_identical,36200,bdc4ed5165499931da2973d23b435450ee10cfa679ad4f16a42e2f633eef640d
JCM_Author_Reproducibility_Archive.zip!/Source_Reproducibility/Original_Source_Packages/Additional_file_4_Clinical_Evidence_and_Analysis_Code.zip,Code/Human_DILI_Proteomics/analyze_dili_proteomics.py,data/Additional_file_4_Clinical_Evidence_and_Analysis_Code/Code/Human_DILI_Proteomics/analyze_dili_proteomics.py,retained_byte_identical,57514,01ec56f0e42ea6d897662c19cd854ce91fb95605f98bc924668caf34e4f05dfe
JCM_Author_Reproducibility_Archive.zip!/Source_Reproducibility/Original_Source_Packages/Additional_file_4_Clinical_Evidence_and_Analysis_Code.zip,Code/Human_DILI_Proteomics/validate_proteomics_outputs.py,data/Additional_file_4_Clinical_Evidence_and_Analysis_Code/Code/Human_DILI_Proteomics/validate_proteomics_outputs.py,retained_byte_identical,3865,81ee9461a946c6d7475eaa932fe50073888939dbabb78e277b42b3faaee1bbbb
JCM_Author_Reproducibility_Archive.zip!/Source_Reproducibility/Original_Source_Packages/Additional_file_4_Clinical_Evidence_and_Analysis_Code.zip,Code/LINCS/extract_gse70138_nintedanib_hepg2.py,data/Additional_file_4_Clinical_Evidence_and_Analysis_Code/Code/LINCS/extract_gse70138_nintedanib_hepg2.py,retained_byte_identical,12279,cf686bf0438e6f6b5e452fd7fe68e7860f8f9af65fe54d4de0e30942b50ea62e
JCM_Author_Reproducibility_Archive.zip!/Source_Reproducibility/Original_Source_Packages/Additional_file_4_Clinical_Evidence_and_Analysis_Code.zip,Code/PXD052594/analyze_pxd052594.py,data/Additional_file_4_Clinical_Evidence_and_Analysis_Code/Code/PXD052594/analyze_pxd052594.py,retained_byte_identical,25376,805b0da71e75636ab2c2a903aa5cc18bdf649aca3931f56370f5988b04ec688f
JCM_Author_Reproducibility_Archive.zip!/Source_Reproducibility/Original_Source_Packages/Additional_file_4_Clinical_Evidence_and_Analysis_Code.zip,Code/Public_Preclinical_Core/analyze_public_preclinical.py,data/Additional_file_4_Clinical_Evidence_and_Analysis_Code/Code/Public_Preclinical_Core/analyze_public_preclinical.py,retained_byte_identical,51267,3decbed226fd6648e10e68b8aff25f78e2c96b5e186d9b253111661a0a833729
JCM_Author_Reproducibility_Archive.zip!/Source_Reproducibility/Original_Source_Packages/Additional_file_4_Clinical_Evidence_and_Analysis_Code.zip,Code/References/audit_manuscript_tokens.py,data/Additional_file_4_Clinical_Evidence_and_Analysis_Code/Code/References/audit_manuscript_tokens.py,retained_byte_identical,18195,7694e33b5323d7c6e9e515d11178e7d11f836e7c3ece3a20f1e82f4936791465
JCM_Author_Reproducibility_Archive.zip!/Source_Reproducibility/Original_Source_Packages/Additional_file_4_Clinical_Evidence_and_Analysis_Code.zip,Code/References/audit_references.py,data/Additional_file_4_Clinical_Evidence_and_Analysis_Code/Code/References/audit_references.py,retained_byte_identical,7152,536f127ffbb81b2733329559a089cecf673b491e197617165fcda09f27f4b280
JCM_Author_Reproducibility_Archive.zip!/Source_Reproducibility/Original_Source_Packages/Additional_file_4_Clinical_Evidence_and_Analysis_Code.zip,Code/References/build_references.py,data/Additional_file_4_Clinical_Evidence_and_Analysis_Code/Code/References/build_references.py,retained_byte_identical,33429,f285613ad42d3f69291614901f0a49d3df94a9607764c3cb1da4490f7f01775f
JCM_Author_Reproducibility_Archive.zip!/Source_Reproducibility/Original_Source_Packages/Additional_file_4_Clinical_Evidence_and_Analysis_Code.zip,Code/Reproducibility_Environment.md,data/Additional_file_4_Clinical_Evidence_and_Analysis_Code/Code/Reproducibility_Environment.md,retained_byte_identical,2467,10e90bf4731a9e28a4b042000b2294db6019ecffcce8d110705950f3de45bd4e
JCM_Author_Reproducibility_Archive.zip!/Source_Reproducibility/Original_Source_Packages/Additional_file_4_Clinical_Evidence_and_Analysis_Code.zip,Code/requirements-analysis.txt,data/Additional_file_4_Clinical_Evidence_and_Analysis_Code/Code/requirements-analysis.txt,retained_byte_identical,255,cc7affbbbb50825a6bb1c8e222e79025b35aa3853c38f0f250d4c5ffaeb80c30
JCM_Author_Reproducibility_Archive.zip!/Source_Reproducibility/Original_Source_Packages/Additional_file_4_Clinical_Evidence_and_Analysis_Code.zip,Code/requirements-virtual-knockout.txt,data/Additional_file_4_Clinical_Evidence_and_Analysis_Code/Code/requirements-virtual-knockout.txt,retained_byte_identical,201,6860b28ff78a2063b3e99ea32af082161094fc34477d645c7101694ec6dca2d1
JCM_Author_Reproducibility_Archive.zip!/Source_Reproducibility/Original_Source_Packages/Additional_file_4_Clinical_Evidence_and_Analysis_Code.zip,JTM_PACKAGE_PART_4.json,data/Additional_file_4_Clinical_Evidence_and_Analysis_Code/JTM_PACKAGE_PART_4.json,retained_byte_identical,83622,69a245c43fcf4353a4a97acd6d704c2bc091c46d31b928ca4cb5414dd7d17eb9
JCM_Author_Reproducibility_Archive.zip!/Source_Reproducibility/Original_Source_Packages/Additional_file_4_Clinical_Evidence_and_Analysis_Code.zip,JTM_RECONSTRUCTION_README.md,data/Additional_file_4_Clinical_Evidence_and_Analysis_Code/JTM_RECONSTRUCTION_README.md,retained_byte_identical,3490,7e98c0295d9ad2204dbe16baf1635c81357f2b012cf7e56bed7d5c4d31e17050
JCM_Author_Reproducibility_Archive.zip!/Source_Reproducibility/Original_Source_Packages/Additional_file_4_Clinical_Evidence_and_Analysis_Code.zip,Original_Integrity/SHA256SUMS_20260921.txt,data/Additional_file_4_Clinical_Evidence_and_Analysis_Code/Original_Integrity/SHA256SUMS_20260921.txt,retained_byte_identical,74260,2308e4dfe4e15baf6e79526adb3a9b61f5cd31ca895ab047ad40db34c2508a14
JCM_Author_Reproducibility_Archive.zip!/Source_Reproducibility/Original_Source_Packages/Additional_file_4_Clinical_Evidence_and_Analysis_Code.zip,README.md,data/Additional_file_4_Clinical_Evidence_and_Analysis_Code/README.md,retained_byte_identical,4869,25801c031299c0cabd0f691596c5a80d6a4f9df0cd8c5d75643e6192fdfae616
JCM_Author_Reproducibility_Archive.zip!/Source_Reproducibility/Original_Source_Packages/Additional_file_4_Clinical_Evidence_and_Analysis_Code.zip,README_RECOVERY.md,data/Additional_file_4_Clinical_Evidence_and_Analysis_Code/README_RECOVERY.md,retained_byte_identical,2271,1451afe559977e05588535bd7f620e24e53660a1f993b42c95a0c9dde99d2039
JCM_Author_Reproducibility_Archive.zip!/Source_Reproducibility/Original_Source_Packages/Additional_file_4_Clinical_Evidence_and_Analysis_Code.zip,RECOVERY_PROVENANCE.json,data/Additional_file_4_Clinical_Evidence_and_Analysis_Code/RECOVERY_PROVENANCE.json,retained_byte_identical,17832,1b3d05e92eb10e8b5d38e293bec47956918d87214f3a6d08eea5aa1d2a85e228
JCM_Author_Reproducibility_Archive.zip!/Source_Reproducibility/Original_Source_Packages/Additional_file_4_Clinical_Evidence_and_Analysis_Code.zip,SHA256SUMS.txt,data/Additional_file_4_Clinical_Evidence_and_Analysis_Code/SHA256SUMS.txt,retained_byte_identical,74260,87ac4b7606fdd2de9d3715d5267258f93700b436359acdef0543a928ca02211b
JCM_Author_Reproducibility_Archive.zip!/Source_Reproducibility/Original_Source_Packages/Additional_file_4_Clinical_Evidence_and_Analysis_Code.zip,Source_Data/FAERS/alias_sensitivity_signals.csv,data/Additional_file_4_Clinical_Evidence_and_Analysis_Code/Source_Data/FAERS/alias_sensitivity_signals.csv,retained_byte_identical,954,5e290bf4f7cab3ec701ecd3cdead9839fb4f9bbaf1f78f192972b653d0126876
JCM_Author_Reproducibility_Archive.zip!/Source_Reproducibility/Original_Source_Packages/Additional_file_4_Clinical_Evidence_and_Analysis_Code.zip,Source_Data/FAERS/analysis_configuration.json,data/Additional_file_4_Clinical_Evidence_and_Analysis_Code/Source_Data/FAERS/analysis_configuration.json,retained_byte_identical,2926,7bfb92ad540e74b66ec7e1a1ff2d9f191427a7ead9693e10f5096731e88bde6b
JCM_Author_Reproducibility_Archive.zip!/Source_Reproducibility/Original_Source_Packages/Additional_file_4_Clinical_Evidence_and_Analysis_Code.zip,Source_Data/FAERS/annual_active_comparator_signals.csv,data/Additional_file_4_Clinical_Evidence_and_Analysis_Code/Source_Data/FAERS/annual_active_comparator_signals.csv,retained_byte_identical,7040,40e3f7b983d176163103bbc30493c526cd4697eb8619b2dbfe2a215941b75625
JCM_Author_Reproducibility_Archive.zip!/Source_Reproducibility/Original_Source_Packages/Additional_file_4_Clinical_Evidence_and_Analysis_Code.zip,Source_Data/FAERS/api_query_log.csv,data/Additional_file_4_Clinical_Evidence_and_Analysis_Code/Source_Data/FAERS/api_query_log.csv,retained_byte_identical,168891,6eec76ae55172ec80dbaa9d230b6452ab2b33f8d867ae5a64bbc5fd9aee82a72
JCM_Author_Reproducibility_Archive.zip!/Source_Reproducibility/Original_Source_Packages/Additional_file_4_Clinical_Evidence_and_Analysis_Code.zip,Source_Data/FAERS/broad_liver_event_reports_deduplicated.csv,data/Additional_file_4_Clinical_Evidence_and_Analysis_Code/Source_Data/FAERS/broad_liver_event_reports_deduplicated.csv,retained_byte_identical,870604,7ea38c61b2d9cdfd58bf317e3fbe19d90b96471ad851816ef9c9ba16abaf1314
JCM_Author_Reproducibility_Archive.zip!/Source_Reproducibility/Original_Source_Packages/Additional_file_4_Clinical_Evidence_and_Analysis_Code.zip,Source_Data/FAERS/drug_role_and_indication_profiles.csv,data/Additional_file_4_Clinical_Evidence_and_Analysis_Code/Source_Data/FAERS/drug_role_and_indication_profiles.csv,retained_byte_identical,1489,15248b737c85464aa3199850ac07f59d221f84cdf6f775e9570b29effcb1f3eb
JCM_Author_Reproducibility_Archive.zip!/Source_Reproducibility/Original_Source_Packages/Additional_file_4_Clinical_Evidence_and_Analysis_Code.zip,Source_Data/FAERS/faers_frozen_manifest.json,data/Additional_file_4_Clinical_Evidence_and_Analysis_Code/Source_Data/FAERS/faers_frozen_manifest.json,retained_byte_identical,8421,2f00e81e89a7d782cd676f19c90e4d15ad34efb99ee44b6b5632a14cc621627e
JCM_Author_Reproducibility_Archive.zip!/Source_Reproducibility/Original_Source_Packages/Additional_file_4_Clinical_Evidence_and_Analysis_Code.zip,Source_Data/FAERS/narrow_2022_country_audit.csv,data/Additional_file_4_Clinical_Evidence_and_Analysis_Code/Source_Data/FAERS/narrow_2022_country_audit.csv,retained_byte_identical,493,7360d58e5d702596a8da4089287adf5934f929b454b61d6d7f853444ef7ef841
JCM_Author_Reproducibility_Archive.zip!/Source_Reproducibility/Original_Source_Packages/Additional_file_4_Clinical_Evidence_and_Analysis_Code.zip,Source_Data/FAERS/narrow_2022_month_audit.csv,data/Additional_file_4_Clinical_Evidence_and_Analysis_Code/Source_Data/FAERS/narrow_2022_month_audit.csv,retained_byte_identical,280,d2e22b88bb7902d8ad30d692641f99ef6a7d0cabea35caa19ff8128f95c90cbc
JCM_Author_Reproducibility_Archive.zip!/Source_Reproducibility/Original_Source_Packages/Additional_file_4_Clinical_Evidence_and_Analysis_Code.zip,Source_Data/FAERS/overall_active_comparator_signals.csv,data/Additional_file_4_Clinical_Evidence_and_Analysis_Code/Source_Data/FAERS/overall_active_comparator_signals.csv,retained_byte_identical,1255,be112306c0d306535f4fdc687fa0002e367fd746fa696ffea0dfe23e084d6642
JCM_Author_Reproducibility_Archive.zip!/Source_Reproducibility/Original_Source_Packages/Additional_file_4_Clinical_Evidence_and_Analysis_Code.zip,Source_Data/FAERS/preferred_term_signals.csv,data/Additional_file_4_Clinical_Evidence_and_Analysis_Code/Source_Data/FAERS/preferred_term_signals.csv,retained_byte_identical,7747,bd7bea29ef51572bf248e50ee8d79fb7a54172daa288f136b3d6484e2e772a0b
JCM_Author_Reproducibility_Archive.zip!/Source_Reproducibility/Original_Source_Packages/Additional_file_4_Clinical_Evidence_and_Analysis_Code.zip,Source_Data/FAERS/prespecified_meddra_pt_sets.csv,data/Additional_file_4_Clinical_Evidence_and_Analysis_Code/Source_Data/FAERS/prespecified_meddra_pt_sets.csv,retained_byte_identical,1226,860f76e2198e82ceef5e1094f4d9af8534c67151f340a1fe6b356325153583bb
JCM_Author_Reproducibility_Archive.zip!/Source_Reproducibility/Original_Source_Packages/Additional_file_4_Clinical_Evidence_and_Analysis_Code.zip,Source_Data/FAERS/report_level_specification_signals.csv,data/Additional_file_4_Clinical_Evidence_and_Analysis_Code/Source_Data/FAERS/report_level_specification_signals.csv,retained_byte_identical,7584,5e6d6fbded32863e66a43794da910487cd24dfde52bd4cf1704932221399e906
JCM_Author_Reproducibility_Archive.zip!/Source_Reproducibility/Original_Source_Packages/Additional_file_4_Clinical_Evidence_and_Analysis_Code.zip,Source_Data/FAERS/serious_outcome_profiles.csv,data/Additional_file_4_Clinical_Evidence_and_Analysis_Code/Source_Data/FAERS/serious_outcome_profiles.csv,retained_byte_identical,1856,34bb5f908865994d08f45fd16d65d5eb8011d5fabaf629bdd7a86f92d27fa336
JCM_Author_Reproducibility_Archive.zip!/Source_Reproducibility/Original_Source_Packages/Additional_file_4_Clinical_Evidence_and_Analysis_Code.zip,Source_Data/FAERS/sex_age_stratified_signals.csv,data/Additional_file_4_Clinical_Evidence_and_Analysis_Code/Source_Data/FAERS/sex_age_stratified_signals.csv,retained_byte_identical,2580,736c4916d16f10b36ea7cf2a9fd7523cd537ff8f1be3b3b89019f1527b3deb33
JCM_Author_Reproducibility_Archive.zip!/Source_Reproducibility/Original_Source_Packages/Additional_file_4_Clinical_Evidence_and_Analysis_Code.zip,Source_Data/FAERS/temporal_influence_signals.csv,data/Additional_file_4_Clinical_Evidence_and_Analysis_Code/Source_Data/FAERS/temporal_influence_signals.csv,retained_byte_identical,3554,51a6b4fbfcdbbb22e70c43eced249ae58130933b06ed1287450a4190be886551
JCM_Author_Reproducibility_Archive.zip!/Source_Reproducibility/Original_Source_Packages/Additional_file_4_Clinical_Evidence_and_Analysis_Code.zip,Source_Data/FAERS/time_to_onset_case_values.csv,data/Additional_file_4_Clinical_Evidence_and_Analysis_Code/Source_Data/FAERS/time_to_onset_case_values.csv,retained_byte_identical,33902,ca2efc36ba74e1071b08a414a407aab2ba2d90a960c9744ab2abc0854533f0d1
JCM_Author_Reproducibility_Archive.zip!/Source_Reproducibility/Original_Source_Packages/Additional_file_4_Clinical_Evidence_and_Analysis_Code.zip,Source_Data/FAERS/time_to_onset_exclusion_audit.csv,data/Additional_file_4_Clinical_Evidence_and_Analysis_Code/Source_Data/FAERS/time_to_onset_exclusion_audit.csv,retained_byte_identical,382,754c537ed2d47c335a91fd30a79c0f4bb375894d5a3dc142e663865bc6430de2
JCM_Author_Reproducibility_Archive.zip!/Source_Reproducibility/Original_Source_Packages/Additional_file_4_Clinical_Evidence_and_Analysis_Code.zip,Source_Data/FAERS/time_to_onset_summary.csv,data/Additional_file_4_Clinical_Evidence_and_Analysis_Code/Source_Data/FAERS/time_to_onset_summary.csv,retained_byte_identical,543,205212e2653b6d0cf929a7991a65ce2d9f9473604f6129a359951b59a76078c5
JCM_Author_Reproducibility_Archive.zip!/Source_Reproducibility/Original_Source_Packages/Additional_file_4_Clinical_Evidence_and_Analysis_Code.zip,Source_Data/FAERS/year_adjusted_mantel_haenszel_signals.csv,data/Additional_file_4_Clinical_Evidence_and_Analysis_Code/Source_Data/FAERS/year_adjusted_mantel_haenszel_signals.csv,retained_byte_identical,389,3aab4dd857a65eedab6129aa790e2b47de7531bbbfc473e7f62b484e4511a2eb
JCM_Author_Reproducibility_Archive.zip!/Source_Reproducibility/Original_Source_Packages/Additional_file_4_Clinical_Evidence_and_Analysis_Code.zip,Source_Data/FAERS/year_effect_heterogeneity_tests.csv,data/Additional_file_4_Clinical_Evidence_and_Analysis_Code/Source_Data/FAERS/year_effect_heterogeneity_tests.csv,retained_byte_identical,1325,0115d7510c50ed7014a8dd1c2910fdee4cbfe81f22fe21a2d6a4d6df5c4b6f03
JCM_Author_Reproducibility_Archive.zip!/Source_Reproducibility/Original_Source_Packages/Additional_file_4_Clinical_Evidence_and_Analysis_Code.zip,Source_Data/Figure_Panels/Figure_1_FAERS_panel_source_data.csv,data/Additional_file_4_Clinical_Evidence_and_Analysis_Code/Source_Data/Figure_Panels/Figure_1_FAERS_panel_source_data.csv,retained_byte_identical,162061,3c429a84c68d2e7624f3ee4a0f3eab9bcd1794604725b0b100ee13e906923ec3
JCM_Author_Reproducibility_Archive.zip!/Source_Reproducibility/Original_Source_Packages/Additional_file_4_Clinical_Evidence_and_Analysis_Code.zip,Source_Data/Figure_Panels/Supplementary_Figure_S1_FAERS_panel_source_data.csv,data/Additional_file_4_Clinical_Evidence_and_Analysis_Code/Source_Data/Figure_Panels/Supplementary_Figure_S1_FAERS_panel_source_data.csv,retained_byte_identical,16336,e90e37cbe24824e7bb7b0484d851d0cd093873023296b9dc50eef2ef84933ff6
JCM_Author_Reproducibility_Archive.zip!/Source_Reproducibility/Original_Source_Packages/Additional_file_4_Clinical_Evidence_and_Analysis_Code.zip,Source_Data/Human_DILI_Proteomics/Figure_2_manifest.json,data/Additional_file_4_Clinical_Evidence_and_Analysis_Code/Source_Data/Human_DILI_Proteomics/Figure_2_manifest.json,retained_byte_identical,508,d444073161141cab7d8ca9b2a194c2c96f7fa47133791dca72c206d7d020e4f8
JCM_Author_Reproducibility_Archive.zip!/Source_Reproducibility/Original_Source_Packages/Additional_file_4_Clinical_Evidence_and_Analysis_Code.zip,Source_Data/Human_DILI_Proteomics/README.md,data/Additional_file_4_Clinical_Evidence_and_Analysis_Code/Source_Data/Human_DILI_Proteomics/README.md,retained_byte_identical,7658,9ba2a65fec8069a699c2e0bf62bb2baf7ea9a8c9df11de9bfbdf9b8271d81239
JCM_Author_Reproducibility_Archive.zip!/Source_Reproducibility/Original_Source_Packages/Additional_file_4_Clinical_Evidence_and_Analysis_Code.zip,Source_Data/Human_DILI_Proteomics/alt_correlation_pairs.csv,data/Additional_file_4_Clinical_Evidence_and_Analysis_Code/Source_Data/Human_DILI_Proteomics/alt_correlation_pairs.csv,retained_byte_identical,302510,4e39c99b14470a945caada2c52c438d6439089d1e6ce69bbb3b2ab77d25f8f5f
JCM_Author_Reproducibility_Archive.zip!/Source_Reproducibility/Original_Source_Packages/Additional_file_4_Clinical_Evidence_and_Analysis_Code.zip,Source_Data/Human_DILI_Proteomics/analysis_manifest.json,data/Additional_file_4_Clinical_Evidence_and_Analysis_Code/Source_Data/Human_DILI_Proteomics/analysis_manifest.json,retained_byte_identical,799,03dd9f2f031691a93b033fcfca8dc316c9e07e7ed9ff503d1c2993edc63940aa
JCM_Author_Reproducibility_Archive.zip!/Source_Reproducibility/Original_Source_Packages/Additional_file_4_Clinical_Evidence_and_Analysis_Code.zip,Source_Data/Human_DILI_Proteomics/candidate_evidence_table.csv,data/Additional_file_4_Clinical_Evidence_and_Analysis_Code/Source_Data/Human_DILI_Proteomics/candidate_evidence_table.csv,retained_byte_identical,17907,127b28cb9e1e808e2e9477845520f7d3a8cbd8661cbfe074e2c2d3cbd8661588
JCM_Author_Reproducibility_Archive.zip!/Source_Reproducibility/Original_Source_Packages/Additional_file_4_Clinical_Evidence_and_Analysis_Code.zip,Source_Data/Human_DILI_Proteomics/confirmatory_tidy.csv,data/Additional_file_4_Clinical_Evidence_and_Analysis_Code/Source_Data/Human_DILI_Proteomics/confirmatory_tidy.csv,retained_byte_identical,453958,687bbfedb2e0ffbf4d0548f349809786c6f98a4db16557dc8253c1f61867c988
JCM_Author_Reproducibility_Archive.zip!/Source_Reproducibility/Original_Source_Packages/Additional_file_4_Clinical_Evidence_and_Analysis_Code.zip,Source_Data/Human_DILI_Proteomics/correlation_stats.csv,data/Additional_file_4_Clinical_Evidence_and_Analysis_Code/Source_Data/Human_DILI_Proteomics/correlation_stats.csv,retained_byte_identical,14955,06284491ce212ea6502e36a6f25f2bee5bfc56cab82e67764144ac91f48eb967
JCM_Author_Reproducibility_Archive.zip!/Source_Reproducibility/Original_Source_Packages/Additional_file_4_Clinical_Evidence_and_Analysis_Code.zip,Source_Data/Human_DILI_Proteomics/cross_cohort_concordance_detail.csv,data/Additional_file_4_Clinical_Evidence_and_Analysis_Code/Source_Data/Human_DILI_Proteomics/cross_cohort_concordance_detail.csv,retained_byte_identical,1780,9ac06ecaaaffbaeb13246708f0327578da61d1911f614c7b5a6c2547b820728f
JCM_Author_Reproducibility_Archive.zip!/Source_Reproducibility/Original_Source_Packages/Additional_file_4_Clinical_Evidence_and_Analysis_Code.zip,Source_Data/Human_DILI_Proteomics/cross_cohort_concordance_summary.csv,data/Additional_file_4_Clinical_Evidence_and_Analysis_Code/Source_Data/Human_DILI_Proteomics/cross_cohort_concordance_summary.csv,retained_byte_identical,387,4ef18b09df181e6c0c736e4bee8679478ad155fc743bbc7a7a3183fa1bc3fd0b
JCM_Author_Reproducibility_Archive.zip!/Source_Reproducibility/Original_Source_Packages/Additional_file_4_Clinical_Evidence_and_Analysis_Code.zip,Source_Data/Human_DILI_Proteomics/data_dictionary.csv,data/Additional_file_4_Clinical_Evidence_and_Analysis_Code/Source_Data/Human_DILI_Proteomics/data_dictionary.csv,retained_byte_identical,4751,c03c0b0e0b03c36fc67b563c196971515824da7ce3f6f1906d6cbf80ff346c48
JCM_Author_Reproducibility_Archive.zip!/Source_Reproducibility/Original_Source_Packages/Additional_file_4_Clinical_Evidence_and_Analysis_Code.zip,Source_Data/Human_DILI_Proteomics/discovery_duplicate_series_qc.csv,data/Additional_file_4_Clinical_Evidence_and_Analysis_Code/Source_Data/Human_DILI_Proteomics/discovery_duplicate_series_qc.csv,retained_byte_identical,214,ccb8d9b4a417477abc75247fef00916c63d8b6a9db24394860bc4e1bcf25eda5
JCM_Author_Reproducibility_Archive.zip!/Source_Reproducibility/Original_Source_Packages/Additional_file_4_Clinical_Evidence_and_Analysis_Code.zip,Source_Data/Human_DILI_Proteomics/discovery_tidy.csv,data/Additional_file_4_Clinical_Evidence_and_Analysis_Code/Source_Data/Human_DILI_Proteomics/discovery_tidy.csv,retained_byte_identical,91098,e6c201908b4508a645a8e76797cf2c2fa47dc2da48c52db05a05bc9245cbc23b
JCM_Author_Reproducibility_Archive.zip!/Source_Reproducibility/Original_Source_Packages/Additional_file_4_Clinical_Evidence_and_Analysis_Code.zip,Source_Data/Human_DILI_Proteomics/effect_estimates.csv,data/Additional_file_4_Clinical_Evidence_and_Analysis_Code/Source_Data/Human_DILI_Proteomics/effect_estimates.csv,retained_byte_identical,64523,aef364ac88f20c391bb5561429b0196dd4abf85a8ab20f53c9f3726ab3aee884
JCM_Author_Reproducibility_Archive.zip!/Source_Reproducibility/Original_Source_Packages/Additional_file_4_Clinical_Evidence_and_Analysis_Code.zip,Source_Data/Human_DILI_Proteomics/left_censor_sensitivity.csv,data/Additional_file_4_Clinical_Evidence_and_Analysis_Code/Source_Data/Human_DILI_Proteomics/left_censor_sensitivity.csv,retained_byte_identical,8591,a4b6c4260fa799943fa8bd7e7e1e1df84c56cb28af0547d9bc3244e140c00b7b
JCM_Author_Reproducibility_Archive.zip!/Source_Reproducibility/Original_Source_Packages/Additional_file_4_Clinical_Evidence_and_Analysis_Code.zip,Source_Data/Human_DILI_Proteomics/linkage_qc_summary.json,data/Additional_file_4_Clinical_Evidence_and_Analysis_Code/Source_Data/Human_DILI_Proteomics/linkage_qc_summary.json,retained_byte_identical,80,b0771f52469ab3855f975eb281afa1baec501f71568436bf3710eccbac0ce3c3
JCM_Author_Reproducibility_Archive.zip!/Source_Reproducibility/Original_Source_Packages/Additional_file_4_Clinical_Evidence_and_Analysis_Code.zip,Source_Data/Human_DILI_Proteomics/manuscript_ready_proteomics_text.md,data/Additional_file_4_Clinical_Evidence_and_Analysis_Code/Source_Data/Human_DILI_Proteomics/manuscript_ready_proteomics_text.md,retained_byte_identical,8046,f6f6f80127bb9e7c08bd60dfa120cc05d67f879f4d94cfe1d7c912a4465fda86
JCM_Author_Reproducibility_Archive.zip!/Source_Reproducibility/Original_Source_Packages/Additional_file_4_Clinical_Evidence_and_Analysis_Code.zip,Source_Data/Human_DILI_Proteomics/missingness_stats.csv,data/Additional_file_4_Clinical_Evidence_and_Analysis_Code/Source_Data/Human_DILI_Proteomics/missingness_stats.csv,retained_byte_identical,7281,27df3fa07dbf7c3d1386330130e050fe313fb9840a5f847c89872943853c92e3
JCM_Author_Reproducibility_Archive.zip!/Source_Reproducibility/Original_Source_Packages/Additional_file_4_Clinical_Evidence_and_Analysis_Code.zip,Source_Data/Human_DILI_Proteomics/multivariable_model_feasibility.csv,data/Additional_file_4_Clinical_Evidence_and_Analysis_Code/Source_Data/Human_DILI_Proteomics/multivariable_model_feasibility.csv,retained_byte_identical,539,763dccce6324fc04b9255175247a357eab5a091983177639841471909b625fe2
JCM_Author_Reproducibility_Archive.zip!/Source_Reproducibility/Original_Source_Packages/Additional_file_4_Clinical_Evidence_and_Analysis_Code.zip,Source_Data/Human_DILI_Proteomics/pck2_outlier_sensitivity.csv,data/Additional_file_4_Clinical_Evidence_and_Analysis_Code/Source_Data/Human_DILI_Proteomics/pck2_outlier_sensitivity.csv,retained_byte_identical,1004,d474a9ba442c45b5f13f41e50741941b6a23d9ef05bf4470406f3bb91662b33e
JCM_Author_Reproducibility_Archive.zip!/Source_Reproducibility/Original_Source_Packages/Additional_file_4_Clinical_Evidence_and_Analysis_Code.zip,Source_Data/Human_DILI_Proteomics/qc_counts.csv,data/Additional_file_4_Clinical_Evidence_and_Analysis_Code/Source_Data/Human_DILI_Proteomics/qc_counts.csv,retained_byte_identical,7787,590f9cb6a0bc280984100ed970fc775ffdd7f16cb9c1df8bcd6a226ec8fc5ab0
JCM_Author_Reproducibility_Archive.zip!/Source_Reproducibility/Original_Source_Packages/Additional_file_4_Clinical_Evidence_and_Analysis_Code.zip,Source_Data/Human_DILI_Proteomics/repeated_series_qc.csv,data/Additional_file_4_Clinical_Evidence_and_Analysis_Code/Source_Data/Human_DILI_Proteomics/repeated_series_qc.csv,retained_byte_identical,883,0032eee2016231dde55ff839fb6ea22809b1cdd4e6e38f8f0ae6e28c0f10ca6e
JCM_Author_Reproducibility_Archive.zip!/Source_Reproducibility/Original_Source_Packages/Additional_file_4_Clinical_Evidence_and_Analysis_Code.zip,Source_Data/Human_DILI_Proteomics/row_order_linkage_qc.csv,data/Additional_file_4_Clinical_Evidence_and_Analysis_Code/Source_Data/Human_DILI_Proteomics/row_order_linkage_qc.csv,retained_byte_identical,1747,dbf910483e1d99daa9fe53faeffd0a18d13ab75c7200270790b920e740bc0dcb
JCM_Author_Reproducibility_Archive.zip!/Source_Reproducibility/Original_Source_Packages/Additional_file_4_Clinical_Evidence_and_Analysis_Code.zip,Source_Data/Human_DILI_Proteomics/source_block_counts.csv,data/Additional_file_4_Clinical_Evidence_and_Analysis_Code/Source_Data/Human_DILI_Proteomics/source_block_counts.csv,retained_byte_identical,6494,bd9d619bf519a900608e762cb3ed230d2aff0afb734fdef8f98c9083c2b94186
JCM_Author_Reproducibility_Archive.zip!/Source_Reproducibility/Original_Source_Packages/Additional_file_4_Clinical_Evidence_and_Analysis_Code.zip,Source_Data/Human_DILI_Proteomics/validation_report.json,data/Additional_file_4_Clinical_Evidence_and_Analysis_Code/Source_Data/Human_DILI_Proteomics/validation_report.json,retained_byte_identical,2325,761fa34ef3a7d10dc6f8681add032c8bf56995072afc369843769b70f957d3cd
JCM_Author_Reproducibility_Archive.zip!/Source_Reproducibility/Original_Source_Packages/Additional_file_4_Clinical_Evidence_and_Analysis_Code.zip,Source_Data/Human_DILI_Proteomics/xlsx_audit.md,data/Additional_file_4_Clinical_Evidence_and_Analysis_Code/Source_Data/Human_DILI_Proteomics/xlsx_audit.md,retained_byte_identical,10837,4ef266f758716726201ea3cc8573e9ab711880ef348f329acd6493e081928d1c
JCM_Author_Reproducibility_Archive.zip!/Source_Reproducibility/Original_Source_Packages/Additional_file_4_Clinical_Evidence_and_Analysis_Code.zip,Source_Data/Human_DILI_Proteomics/zonal_duplicate_qc.csv,data/Additional_file_4_Clinical_Evidence_and_Analysis_Code/Source_Data/Human_DILI_Proteomics/zonal_duplicate_qc.csv,retained_byte_identical,134,4baef08cfb3225e4448e88b963cfd3e7d9344e89ab81fb4c89cd67d0f3a03757
JCM_Author_Reproducibility_Archive.zip!/Source_Reproducibility/Original_Source_Packages/Additional_file_4_Clinical_Evidence_and_Analysis_Code.zip,Source_Data/Human_DILI_Proteomics/zonal_effect_estimates.csv,data/Additional_file_4_Clinical_Evidence_and_Analysis_Code/Source_Data/Human_DILI_Proteomics/zonal_effect_estimates.csv,retained_byte_identical,1635,ea5a47da81766aceb57c1e1bedf06a276b6a9f46534ebafe1ff72e86b7e28b39
JCM_Author_Reproducibility_Archive.zip!/Source_Reproducibility/Original_Source_Packages/Additional_file_4_Clinical_Evidence_and_Analysis_Code.zip,Source_Data/Human_DILI_Proteomics/zonal_score_summary.csv,data/Additional_file_4_Clinical_Evidence_and_Analysis_Code/Source_Data/Human_DILI_Proteomics/zonal_score_summary.csv,retained_byte_identical,2010,d98d68a43f3ab7ed759db2694bd9159e9a54f13635d1001ae3a0c5af1c6a43f6
JCM_Author_Reproducibility_Archive.zip!/Source_Reproducibility/Original_Source_Packages/Additional_file_4_Clinical_Evidence_and_Analysis_Code.zip,Source_Data/Human_DILI_Proteomics/zonal_scores_tidy.csv,data/Additional_file_4_Clinical_Evidence_and_Analysis_Code/Source_Data/Human_DILI_Proteomics/zonal_scores_tidy.csv,retained_byte_identical,7366,8c02f97f8943bf645655463a48c31f8c4ce5ee7a63bd717a84ec2ab56f9e951b
JCM_Author_Reproducibility_Archive.zip!/Source_Reproducibility/Original_Source_Packages/Additional_file_4_Clinical_Evidence_and_Analysis_Code.zip,Source_Data/Integration/README_Historical_Comparator.txt,data/Additional_file_4_Clinical_Evidence_and_Analysis_Code/Source_Data/Integration/README_Historical_Comparator.txt,retained_byte_identical,388,d894a01805a0e6538f043c6a6600e1e55d51688660c484401e068be28933a162
JCM_Author_Reproducibility_Archive.zip!/Source_Reproducibility/Original_Source_Packages/Additional_file_4_Clinical_Evidence_and_Analysis_Code.zip,Source_Data/Integration/candidate_consensus_ranking.csv,data/Additional_file_4_Clinical_Evidence_and_Analysis_Code/Source_Data/Integration/candidate_consensus_ranking.csv,retained_byte_identical,15259,f9ae0b5477507ca3327029534ff9335fdfbe96b9d1e7fc1ad0fbd58b53e05ee1
JCM_Author_Reproducibility_Archive.zip!/Source_Reproducibility/Original_Source_Packages/Additional_file_4_Clinical_Evidence_and_Analysis_Code.zip,Source_Data/Integration/candidate_domain_scores_long.csv,data/Additional_file_4_Clinical_Evidence_and_Analysis_Code/Source_Data/Integration/candidate_domain_scores_long.csv,retained_byte_identical,16922,b3d55b77089a79004083e6ac3b27fdcadd392208cd598d7ab0c31326ab9d365f
JCM_Author_Reproducibility_Archive.zip!/Source_Reproducibility/Original_Source_Packages/Additional_file_4_Clinical_Evidence_and_Analysis_Code.zip,Source_Data/Integration/candidate_leave_one_source_out_ranks.csv,data/Additional_file_4_Clinical_Evidence_and_Analysis_Code/Source_Data/Integration/candidate_leave_one_source_out_ranks.csv,retained_byte_identical,5718,2771c716ffae5a3bd37705e837a03233b716661dc26c0fb52c1d788481ab6975
JCM_Author_Reproducibility_Archive.zip!/Source_Reproducibility/Original_Source_Packages/Additional_file_4_Clinical_Evidence_and_Analysis_Code.zip,Source_Data/Integration/hepg2_gene_dose_metrics_used.csv.gz,data/Additional_file_4_Clinical_Evidence_and_Analysis_Code/Source_Data/Integration/hepg2_gene_dose_metrics_used.csv.gz,retained_byte_identical,1340705,ddf02a3ccaf4aaeb4b3d22d7e4903ac4dc87f7d87dc007dbdcf7655d4fec07e2
JCM_Author_Reproducibility_Archive.zip!/Source_Reproducibility/Original_Source_Packages/Additional_file_4_Clinical_Evidence_and_Analysis_Code.zip,Source_Data/Integration/integration_analysis_manifest.json,data/Additional_file_4_Clinical_Evidence_and_Analysis_Code/Source_Data/Integration/integration_analysis_manifest.json,retained_byte_identical,5982,00b4d15a4fd5ff65d1278bafd7e75be11297f2471b831ef141832c1ef4671688
JCM_Author_Reproducibility_Archive.zip!/Source_Reproducibility/Original_Source_Packages/Additional_file_4_Clinical_Evidence_and_Analysis_Code.zip,Source_Data/Integration/integration_methods_results.md,data/Additional_file_4_Clinical_Evidence_and_Analysis_Code/Source_Data/Integration/integration_methods_results.md,retained_byte_identical,7813,d57627d4232a8665ea860384030025d4ba22d9fa0aadfa001662c98692ba9ba3
JCM_Author_Reproducibility_Archive.zip!/Source_Reproducibility/Original_Source_Packages/Additional_file_4_Clinical_Evidence_and_Analysis_Code.zip,Source_Data/Integration/integration_validation_report.json,data/Additional_file_4_Clinical_Evidence_and_Analysis_Code/Source_Data/Integration/integration_validation_report.json,retained_byte_identical,15801,4e6f71058a00a1b90fd2a6b6397d40f850126eb9384dd77144ee51eca793f949
JCM_Author_Reproducibility_Archive.zip!/Source_Reproducibility/Original_Source_Packages/Additional_file_4_Clinical_Evidence_and_Analysis_Code.zip,Source_Data/Integration/phenotype_anchor_tiers.csv,data/Additional_file_4_Clinical_Evidence_and_Analysis_Code/Source_Data/Integration/phenotype_anchor_tiers.csv,retained_byte_identical,6738,7554294f4328df58005e7fed052c05cbef9e66bc3db25c90f7949092399e54df
JCM_Author_Reproducibility_Archive.zip!/Source_Reproducibility/Original_Source_Packages/Additional_file_4_Clinical_Evidence_and_Analysis_Code.zip,Source_Data/Integration/string_candidate_path_metrics.csv,data/Additional_file_4_Clinical_Evidence_and_Analysis_Code/Source_Data/Integration/string_candidate_path_metrics.csv,retained_byte_identical,1247,32f2402b33b05e25993c00fd401b87648202845e9b638117103920890e5802f3
JCM_Author_Reproducibility_Archive.zip!/Source_Reproducibility/Original_Source_Packages/Additional_file_4_Clinical_Evidence_and_Analysis_Code.zip,Source_Data/Integration/target_same_compartment_context_all_pairs.csv,data/Additional_file_4_Clinical_Evidence_and_Analysis_Code/Source_Data/Integration/target_same_compartment_context_all_pairs.csv,retained_byte_identical,8632,cade39d2a7a12af5aa6f342c93d298d4338616b49a53653b21e62e1d44707a2c
JCM_Author_Reproducibility_Archive.zip!/Source_Reproducibility/Original_Source_Packages/Additional_file_4_Clinical_Evidence_and_Analysis_Code.zip,Source_Data/Integration/target_tier_gate_sensitivity.csv,data/Additional_file_4_Clinical_Evidence_and_Analysis_Code/Source_Data/Integration/target_tier_gate_sensitivity.csv,retained_byte_identical,3808,c66e5a053928e13e315e5525fdd4b159657e541dfd45a38f3792e8cfdb777509
JCM_Author_Reproducibility_Archive.zip!/Source_Reproducibility/Original_Source_Packages/Additional_file_4_Clinical_Evidence_and_Analysis_Code.zip,Source_Data/Integration/tier2_candidate_shortlist.csv,data/Additional_file_4_Clinical_Evidence_and_Analysis_Code/Source_Data/Integration/tier2_candidate_shortlist.csv,retained_byte_identical,1508,89fb4396b89fd6d176f6d24ad1f8a7c0f72706949ecda2a1520c50314448cf99
JCM_Author_Reproducibility_Archive.zip!/Source_Reproducibility/Original_Source_Packages/Additional_file_4_Clinical_Evidence_and_Analysis_Code.zip,Source_Data/Integration/virtual_ko_expression_matched_null_by_seed.csv,data/Additional_file_4_Clinical_Evidence_and_Analysis_Code/Source_Data/Integration/virtual_ko_expression_matched_null_by_seed.csv,retained_byte_identical,18955,369bd1f598c5e903610b4b2b3c28e1838f8366ab01115bd612922b8a89914f0f
JCM_Author_Reproducibility_Archive.zip!/Source_Reproducibility/Original_Source_Packages/Additional_file_4_Clinical_Evidence_and_Analysis_Code.zip,Source_Data/Integration/virtual_ko_expression_matched_null_stability.csv,data/Additional_file_4_Clinical_Evidence_and_Analysis_Code/Source_Data/Integration/virtual_ko_expression_matched_null_stability.csv,retained_byte_identical,3887,1d8fd5a3f24e8830288632e944673731857886f023f109a29f85b110ce3f6f72
JCM_Author_Reproducibility_Archive.zip!/Source_Reproducibility/Original_Source_Packages/Additional_file_4_Clinical_Evidence_and_Analysis_Code.zip,Source_Data/Integration/virtual_ko_top20_pairwise_jaccard.csv,data/Additional_file_4_Clinical_Evidence_and_Analysis_Code/Source_Data/Integration/virtual_ko_top20_pairwise_jaccard.csv,retained_byte_identical,14027,8acb4bf34b0c905cd7a30fe4bc84d63a0dec4f4411cd47a4558dfe3dc7bfd316
JCM_Author_Reproducibility_Archive.zip!/Source_Reproducibility/Original_Source_Packages/Additional_file_4_Clinical_Evidence_and_Analysis_Code.zip,Source_Data/LINCS/Figure_3_caption.md,data/Additional_file_4_Clinical_Evidence_and_Analysis_Code/Source_Data/LINCS/Figure_3_caption.md,retained_byte_identical,3326,10268a658ae2aba897e3abb27bd99244e0fa30bd9bd03d42687734fa7d1bcbce
JCM_Author_Reproducibility_Archive.zip!/Source_Reproducibility/Original_Source_Packages/Additional_file_4_Clinical_Evidence_and_Analysis_Code.zip,Source_Data/LINCS/Supplementary_Figure_S3_caption.md,data/Additional_file_4_Clinical_Evidence_and_Analysis_Code/Source_Data/LINCS/Supplementary_Figure_S3_caption.md,retained_byte_identical,1241,cd3444d9c035ef3b7d76f4d9999c874d106abdaa8006dd303e10e8ef302c6ac1
JCM_Author_Reproducibility_Archive.zip!/Source_Reproducibility/Original_Source_Packages/Additional_file_4_Clinical_Evidence_and_Analysis_Code.zip,Source_Data/LINCS/analysis_manifest.json,data/Additional_file_4_Clinical_Evidence_and_Analysis_Code/Source_Data/LINCS/analysis_manifest.json,retained_byte_identical,7035,5e13e760b0e59419ba4dfe29aba1949bec654c8ebff571a2d2c9504cefe3752f
JCM_Author_Reproducibility_Archive.zip!/Source_Reproducibility/Original_Source_Packages/Additional_file_4_Clinical_Evidence_and_Analysis_Code.zip,Source_Data/LINCS/analysis_summary.json,data/Additional_file_4_Clinical_Evidence_and_Analysis_Code/Source_Data/LINCS/analysis_summary.json,retained_byte_identical,1304,0fd80ba941c50eca52fd2501f6e0ce01d33cf020eaa5ce7b1413bd39e65f424f
JCM_Author_Reproducibility_Archive.zip!/Source_Reproducibility/Original_Source_Packages/Additional_file_4_Clinical_Evidence_and_Analysis_Code.zip,Source_Data/LINCS/chembl_potency_association.csv,data/Additional_file_4_Clinical_Evidence_and_Analysis_Code/Source_Data/LINCS/chembl_potency_association.csv,retained_byte_identical,1662,c1d4844d26cfe4ca30bdc73510914c14b6973fe6a71acc5c5817b22a4a95bc4b
JCM_Author_Reproducibility_Archive.zip!/Source_Reproducibility/Original_Source_Packages/Additional_file_4_Clinical_Evidence_and_Analysis_Code.zip,Source_Data/LINCS/chembl_target_set_statistics.csv,data/Additional_file_4_Clinical_Evidence_and_Analysis_Code/Source_Data/LINCS/chembl_target_set_statistics.csv,retained_byte_identical,1288,d4c6fc442cda8bb1002fd81efb62e0b73934ef498f3d2da48253c59003912e1a
JCM_Author_Reproducibility_Archive.zip!/Source_Reproducibility/Original_Source_Packages/Additional_file_4_Clinical_Evidence_and_Analysis_Code.zip,Source_Data/LINCS/chembl_transcript_crosswalk.csv,data/Additional_file_4_Clinical_Evidence_and_Analysis_Code/Source_Data/LINCS/chembl_transcript_crosswalk.csv,retained_byte_identical,113285,27bb22255dce2b671218309e765387f4b2be034624aad74d1ed8597d043ee51e
JCM_Author_Reproducibility_Archive.zip!/Source_Reproducibility/Original_Source_Packages/Additional_file_4_Clinical_Evidence_and_Analysis_Code.zip,Source_Data/LINCS/data_dictionary.csv,data/Additional_file_4_Clinical_Evidence_and_Analysis_Code/Source_Data/LINCS/data_dictionary.csv,retained_byte_identical,1485,fe27f4963368236df194114488fcd09d2bcc7e16de0b3dc868cf96d14505e185
JCM_Author_Reproducibility_Archive.zip!/Source_Reproducibility/Original_Source_Packages/Additional_file_4_Clinical_Evidence_and_Analysis_Code.zip,Source_Data/LINCS/dili_anchor_metrics.csv,data/Additional_file_4_Clinical_Evidence_and_Analysis_Code/Source_Data/LINCS/dili_anchor_metrics.csv,retained_byte_identical,5524,ab7b20af221267dec37a8f378bc748ebd91c960fae57aa71d05261129431a63c
JCM_Author_Reproducibility_Archive.zip!/Source_Reproducibility/Original_Source_Packages/Additional_file_4_Clinical_Evidence_and_Analysis_Code.zip,Source_Data/LINCS/dili_anchor_set_statistics.csv,data/Additional_file_4_Clinical_Evidence_and_Analysis_Code/Source_Data/LINCS/dili_anchor_set_statistics.csv,retained_byte_identical,600,7d02a77eaf60ff3d8e5d131668602fc1f16025f912c807d6532414013723bdac
JCM_Author_Reproducibility_Archive.zip!/Source_Reproducibility/Original_Source_Packages/Additional_file_4_Clinical_Evidence_and_Analysis_Code.zip,Source_Data/LINCS/gene_dose_response_metrics.csv.gz,data/Additional_file_4_Clinical_Evidence_and_Analysis_Code/Source_Data/LINCS/gene_dose_response_metrics.csv.gz,retained_byte_identical,1357296,f77bff9ae0f0c0bfb81badc2c2282a6ab108d95f8d9686f89781101c2fa202da
JCM_Author_Reproducibility_Archive.zip!/Source_Reproducibility/Original_Source_Packages/Additional_file_4_Clinical_Evidence_and_Analysis_Code.zip,Source_Data/LINCS/integrated_gene_evidence.csv,data/Additional_file_4_Clinical_Evidence_and_Analysis_Code/Source_Data/LINCS/integrated_gene_evidence.csv,retained_byte_identical,9150,5fc466e8fdca1f3d4662e7917487d1454d9edbf95aa072ca26739f8d9f30a999
JCM_Author_Reproducibility_Archive.zip!/Source_Reproducibility/Original_Source_Packages/Additional_file_4_Clinical_Evidence_and_Analysis_Code.zip,Source_Data/LINCS/manuscript_ready_lincs_methods_results.md,data/Additional_file_4_Clinical_Evidence_and_Analysis_Code/Source_Data/LINCS/manuscript_ready_lincs_methods_results.md,retained_byte_identical,9224,810f76a366014a3fe57ea76027469b011de11733712e82c3d3855556953361c9
JCM_Author_Reproducibility_Archive.zip!/Source_Reproducibility/Original_Source_Packages/Additional_file_4_Clinical_Evidence_and_Analysis_Code.zip,Source_Data/LINCS/mechanism_module_members.csv,data/Additional_file_4_Clinical_Evidence_and_Analysis_Code/Source_Data/LINCS/mechanism_module_members.csv,retained_byte_identical,6445,2f9a912fffd179bf4d3186346d0bb26fa3b6bea1c6db273158ab558e3e3f115f
JCM_Author_Reproducibility_Archive.zip!/Source_Reproducibility/Original_Source_Packages/Additional_file_4_Clinical_Evidence_and_Analysis_Code.zip,Source_Data/LINCS/mechanism_module_statistics.csv,data/Additional_file_4_Clinical_Evidence_and_Analysis_Code/Source_Data/LINCS/mechanism_module_statistics.csv,retained_byte_identical,2283,b233c77f1905c7f631ab12af616a157aa82780786724dbbff2573cfbe13a5e7d
JCM_Author_Reproducibility_Archive.zip!/Source_Reproducibility/Original_Source_Packages/Additional_file_4_Clinical_Evidence_and_Analysis_Code.zip,Source_Data/LINCS/sciplex_hepg2_concordance.csv,data/Additional_file_4_Clinical_Evidence_and_Analysis_Code/Source_Data/LINCS/sciplex_hepg2_concordance.csv,retained_byte_identical,2067,9a3c022ae41a3941f7edb7ef381e493dba6cc525f6734d7bcac7a80d48114316
JCM_Author_Reproducibility_Archive.zip!/Source_Reproducibility/Original_Source_Packages/Additional_file_4_Clinical_Evidence_and_Analysis_Code.zip,Source_Data/LINCS/sciplex_hepg2_gene_pairs.csv.gz,data/Additional_file_4_Clinical_Evidence_and_Analysis_Code/Source_Data/LINCS/sciplex_hepg2_gene_pairs.csv.gz,retained_byte_identical,184711,7fa2e64e35bcfc9894d85f48b29b1035056f34a984d1822e357a06dd930c92a6
JCM_Author_Reproducibility_Archive.zip!/Source_Reproducibility/Original_Source_Packages/Additional_file_4_Clinical_Evidence_and_Analysis_Code.zip,Source_Data/LINCS/validation_report.json,data/Additional_file_4_Clinical_Evidence_and_Analysis_Code/Source_Data/LINCS/validation_report.json,retained_byte_identical,5948,d2080f1b3995b949f03a00d337385f7ba185f1a65e59e0d62a02396ad5615beb
JCM_Author_Reproducibility_Archive.zip!/Source_Reproducibility/Original_Source_Packages/Additional_file_4_Clinical_Evidence_and_Analysis_Code.zip,Source_Data/Pharmacology/analysis_summary.json,data/Additional_file_4_Clinical_Evidence_and_Analysis_Code/Source_Data/Pharmacology/analysis_summary.json,retained_byte_identical,447,a24faf27112ac3902d149cf697c551cb9b7d9ffd3f73ba94b08cf130e344d822
JCM_Author_Reproducibility_Archive.zip!/Source_Reproducibility/Original_Source_Packages/Additional_file_4_Clinical_Evidence_and_Analysis_Code.zip,Source_Data/Pharmacology/chembl_all_nintedanib_activities.csv,data/Additional_file_4_Clinical_Evidence_and_Analysis_Code/Source_Data/Pharmacology/chembl_all_nintedanib_activities.csv,retained_byte_identical,2367367,d3cb38208f3313ab93dd1056c6dee26ae2c8a947e3c3a42200ed9f6a7bc0a184
JCM_Author_Reproducibility_Archive.zip!/Source_Reproducibility/Original_Source_Packages/Additional_file_4_Clinical_Evidence_and_Analysis_Code.zip,Source_Data/Pharmacology/chembl_human_single_protein_activities.csv,data/Additional_file_4_Clinical_Evidence_and_Analysis_Code/Source_Data/Pharmacology/chembl_human_single_protein_activities.csv,retained_byte_identical,178526,57541e7d9b41bbc21763125ac403d2a00b8e75bf483ff679378190d9c15f9c72
JCM_Author_Reproducibility_Archive.zip!/Source_Reproducibility/Original_Source_Packages/Additional_file_4_Clinical_Evidence_and_Analysis_Code.zip,Source_Data/Pharmacology/chembl_target_summary.csv,data/Additional_file_4_Clinical_Evidence_and_Analysis_Code/Source_Data/Pharmacology/chembl_target_summary.csv,retained_byte_identical,31950,fda76feee74f7b0adafcf16e8f960f9637e52e43b656937a2374afde963dc381
JCM_Author_Reproducibility_Archive.zip!/Source_Reproducibility/Original_Source_Packages/Additional_file_4_Clinical_Evidence_and_Analysis_Code.zip,Source_Data/Pharmacology/sciplex_dose_concordance.csv,data/Additional_file_4_Clinical_Evidence_and_Analysis_Code/Source_Data/Pharmacology/sciplex_dose_concordance.csv,retained_byte_identical,77599,30e848ca2577aec471aa42fcc85a42f24bf0bbc496848fc964a65dd8b68891a7
JCM_Author_Reproducibility_Archive.zip!/Source_Reproducibility/Original_Source_Packages/Additional_file_4_Clinical_Evidence_and_Analysis_Code.zip,Source_Data/Pharmacology/sciplex_nintedanib_signature_long.csv,data/Additional_file_4_Clinical_Evidence_and_Analysis_Code/Source_Data/Pharmacology/sciplex_nintedanib_signature_long.csv,retained_byte_identical,303907,2be93a831f240af7f48aa3a53c76876259f59aad3f13ba0febcbc5ba0f805100
JCM_Author_Reproducibility_Archive.zip!/Source_Reproducibility/Original_Source_Packages/Additional_file_4_Clinical_Evidence_and_Analysis_Code.zip,Source_Data/Pharmacology/source_manifest.csv,data/Additional_file_4_Clinical_Evidence_and_Analysis_Code/Source_Data/Pharmacology/source_manifest.csv,retained_byte_identical,525,fef70e1d38607cfe245730d8ba523065c1c4c1231b136418941b00641801745b
JCM_Author_Reproducibility_Archive.zip!/Source_Reproducibility/Original_Source_Packages/Additional_file_4_Clinical_Evidence_and_Analysis_Code.zip,Source_Data/Revised_Figure_Panels/Figure6_J_descriptive_geometry_source.csv,data/Additional_file_4_Clinical_Evidence_and_Analysis_Code/Source_Data/Revised_Figure_Panels/Figure6_J_descriptive_geometry_source.csv,retained_byte_identical,19128,099163ba87bc6f8357dd6a8b1574a605ee2f15be7e4771ab9ce564fe8fab6f31
JCM_Author_Reproducibility_Archive.zip!/Source_Reproducibility/Original_Source_Packages/Additional_file_4_Clinical_Evidence_and_Analysis_Code.zip,Source_Data/Revised_Figure_Panels/Figure6_L_frozen_rank_source.csv,data/Additional_file_4_Clinical_Evidence_and_Analysis_Code/Source_Data/Revised_Figure_Panels/Figure6_L_frozen_rank_source.csv,retained_byte_identical,462,99e88a83e7059014771a9e2e554531be00624ace8a8d74d1c39d89ee6becdac6
JCM_Author_Reproducibility_Archive.zip!/Source_Reproducibility/Original_Source_Packages/Additional_file_4_Clinical_Evidence_and_Analysis_Code.zip,Source_Data/Revised_Figure_Panels/Figure6_L_independent_rank_association_source.csv,data/Additional_file_4_Clinical_Evidence_and_Analysis_Code/Source_Data/Revised_Figure_Panels/Figure6_L_independent_rank_association_source.csv,retained_byte_identical,1765,a3cc8365999f4d7eac294de943225bb157c567f8fe3caec8ff17da5b6715f564
JCM_Author_Reproducibility_Archive.zip!/Source_Reproducibility/Original_Source_Packages/Additional_file_4_Clinical_Evidence_and_Analysis_Code.zip,Source_Data/Revised_Figure_Panels/Figure6_animal_expression_source.csv,data/Additional_file_4_Clinical_Evidence_and_Analysis_Code/Source_Data/Revised_Figure_Panels/Figure6_animal_expression_source.csv,retained_byte_identical,2846,16f3b0bc1eb515e10e519d2b303c68e3476e5614efd041266aa0b2f647010187
JCM_Author_Reproducibility_Archive.zip!/Source_Reproducibility/Original_Source_Packages/Additional_file_4_Clinical_Evidence_and_Analysis_Code.zip,Source_Data/Revised_Figure_Panels/Figure6_panel_source_map.csv,data/Additional_file_4_Clinical_Evidence_and_Analysis_Code/Source_Data/Revised_Figure_Panels/Figure6_panel_source_map.csv,retained_byte_identical,2189,5b2b8caa4bff224acb9d186c942202448cf43c14eb66112ccabb2e5eb8344fe7
JCM_Author_Reproducibility_Archive.zip!/Source_Reproducibility/Original_Source_Packages/Additional_file_4_Clinical_Evidence_and_Analysis_Code.zip,Source_Data/Revised_Figure_Panels/S10_panel_source_data.csv,data/Additional_file_4_Clinical_Evidence_and_Analysis_Code/Source_Data/Revised_Figure_Panels/S10_panel_source_data.csv,retained_byte_identical,398169,e81c7610f6a0fcee3a7dfea8252e1a530c3f8571731ea7ec706da88bad5dab3c
JCM_Author_Reproducibility_Archive.zip!/Source_Reproducibility/Original_Source_Packages/Additional_file_4_Clinical_Evidence_and_Analysis_Code.zip,Source_Data/Revised_Figure_Panels/S10_panel_source_map.csv,data/Additional_file_4_Clinical_Evidence_and_Analysis_Code/Source_Data/Revised_Figure_Panels/S10_panel_source_map.csv,retained_byte_identical,1931,f893ada56cb29dd3503ca5770bb3395dff8191287c29712e0f6c2d12d2c5aa97
JCM_Author_Reproducibility_Archive.zip!/Source_Reproducibility/Original_Source_Packages/Additional_file_4_Clinical_Evidence_and_Analysis_Code.zip,Source_Data/Revised_Figure_Panels/new_figure_panel_source_map.csv,data/Additional_file_4_Clinical_Evidence_and_Analysis_Code/Source_Data/Revised_Figure_Panels/new_figure_panel_source_map.csv,retained_byte_identical,2349,077ad0f8a540a3fb5ac6a49aacddf07a14351ff1b76574932cf1d94aeaa21717
JCM_Author_Reproducibility_Archive.zip!/Source_Reproducibility/Original_Source_Packages/Additional_file_4_Clinical_Evidence_and_Analysis_Code.zip,Source_Data/Virtual_Knockout/parts/Endothelial__20260904__ABL1.csv.gz,data/Additional_file_4_Clinical_Evidence_and_Analysis_Code/Source_Data/Virtual_Knockout/parts/Endothelial__20260904__ABL1.csv.gz,retained_byte_identical,28639,9d0439295e1c0fc21cb3450824e9db338d4c74a4a3214e98be6659e1200ac200
JCM_Author_Reproducibility_Archive.zip!/Source_Reproducibility/Original_Source_Packages/Additional_file_4_Clinical_Evidence_and_Analysis_Code.zip,Source_Data/Virtual_Knockout/parts/Endothelial__20260904__ACO1.csv.gz,data/Additional_file_4_Clinical_Evidence_and_Analysis_Code/Source_Data/Virtual_Knockout/parts/Endothelial__20260904__ACO1.csv.gz,retained_byte_identical,28430,d48b79a753099ac9c8a9afa2aa7d575fa27f82b055efb780f9e79b9fd367e82f
JCM_Author_Reproducibility_Archive.zip!/Source_Reproducibility/Original_Source_Packages/Additional_file_4_Clinical_Evidence_and_Analysis_Code.zip,Source_Data/Virtual_Knockout/parts/Endothelial__20260904__ALDOB.csv.gz,data/Additional_file_4_Clinical_Evidence_and_Analysis_Code/Source_Data/Virtual_Knockout/parts/Endothelial__20260904__ALDOB.csv.gz,retained_byte_identical,28632,388c017181c5c0384841538189796ed21fed58a1cbf2ce5e8f7b1b7c1889b962
JCM_Author_Reproducibility_Archive.zip!/Source_Reproducibility/Original_Source_Packages/Additional_file_4_Clinical_Evidence_and_Analysis_Code.zip,Source_Data/Virtual_Knockout/parts/Endothelial__20260904__ASS1.csv.gz,data/Additional_file_4_Clinical_Evidence_and_Analysis_Code/Source_Data/Virtual_Knockout/parts/Endothelial__20260904__ASS1.csv.gz,retained_byte_identical,28466,8e8b4173838706d8998c6b1f5fafbebf80e2a58e594df766bd8cde72a5bf6add
JCM_Author_Reproducibility_Archive.zip!/Source_Reproducibility/Original_Source_Packages/Additional_file_4_Clinical_Evidence_and_Analysis_Code.zip,Source_Data/Virtual_Knockout/parts/Endothelial__20260904__CDK4.csv.gz,data/Additional_file_4_Clinical_Evidence_and_Analysis_Code/Source_Data/Virtual_Knockout/parts/Endothelial__20260904__CDK4.csv.gz,retained_byte_identical,28674,f9319c3fa63172b3b168cada163e54808f8d2261fc7ba1ccce22894c05bd8efd
JCM_Author_Reproducibility_Archive.zip!/Source_Reproducibility/Original_Source_Packages/Additional_file_4_Clinical_Evidence_and_Analysis_Code.zip,Source_Data/Virtual_Knockout/parts/Endothelial__20260904__CES1.csv.gz,data/Additional_file_4_Clinical_Evidence_and_Analysis_Code/Source_Data/Virtual_Knockout/parts/Endothelial__20260904__CES1.csv.gz,retained_byte_identical,28390,f91068ed9bd0f38c46106f8611720160428a695cc3a0ff14446dad76dbc3b06f
JCM_Author_Reproducibility_Archive.zip!/Source_Reproducibility/Original_Source_Packages/Additional_file_4_Clinical_Evidence_and_Analysis_Code.zip,Source_Data/Virtual_Knockout/parts/Endothelial__20260904__CPS1.csv.gz,data/Additional_file_4_Clinical_Evidence_and_Analysis_Code/Source_Data/Virtual_Knockout/parts/Endothelial__20260904__CPS1.csv.gz,retained_byte_identical,28293,68a8c6f3bccbae92a2612b6710f560f3e4f88cfb5fd2f2a5b66ba26c009897f6
JCM_Author_Reproducibility_Archive.zip!/Source_Reproducibility/Original_Source_Packages/Additional_file_4_Clinical_Evidence_and_Analysis_Code.zip,Source_Data/Virtual_Knockout/parts/Endothelial__20260904__FBP1.csv.gz,data/Additional_file_4_Clinical_Evidence_and_Analysis_Code/Source_Data/Virtual_Knockout/parts/Endothelial__20260904__FBP1.csv.gz,retained_byte_identical,28662,00ed15c7e00b65d7622c587d986c0d6e4be50103cc79a3ff76abbf21efefe94c
JCM_Author_Reproducibility_Archive.zip!/Source_Reproducibility/Original_Source_Packages/Additional_file_4_Clinical_Evidence_and_Analysis_Code.zip,Source_Data/Virtual_Knockout/parts/Endothelial__20260904__FGFR1.csv.gz,data/Additional_file_4_Clinical_Evidence_and_Analysis_Code/Source_Data/Virtual_Knockout/parts/Endothelial__20260904__FGFR1.csv.gz,retained_byte_identical,27312,1be3bc2a82529b67475aac961ce4323c50214711e900e372d27d30b566b4e06d
JCM_Author_Reproducibility_Archive.zip!/Source_Reproducibility/Original_Source_Packages/Additional_file_4_Clinical_Evidence_and_Analysis_Code.zip,Source_Data/Virtual_Knockout/parts/Endothelial__20260904__FGFR3.csv.gz,data/Additional_file_4_Clinical_Evidence_and_Analysis_Code/Source_Data/Virtual_Knockout/parts/Endothelial__20260904__FGFR3.csv.gz,retained_byte_identical,28678,5c5a1114e9c6bd656678b0342ad79681a0c68c2b1ac29eb71256c9972fa0a8d7
JCM_Author_Reproducibility_Archive.zip!/Source_Reproducibility/Original_Source_Packages/Additional_file_4_Clinical_Evidence_and_Analysis_Code.zip,Source_Data/Virtual_Knockout/parts/Endothelial__20260904__FLT1.csv.gz,data/Additional_file_4_Clinical_Evidence_and_Analysis_Code/Source_Data/Virtual_Knockout/parts/Endothelial__20260904__FLT1.csv.gz,retained_byte_identical,27463,82a13e7055201725905506c2df670097936826b121c667e4811fe31989706fd5
JCM_Author_Reproducibility_Archive.zip!/Source_Reproducibility/Original_Source_Packages/Additional_file_4_Clinical_Evidence_and_Analysis_Code.zip,Source_Data/Virtual_Knockout/parts/Endothelial__20260904__FLT4.csv.gz,data/Additional_file_4_Clinical_Evidence_and_Analysis_Code/Source_Data/Virtual_Knockout/parts/Endothelial__20260904__FLT4.csv.gz,retained_byte_identical,27416,c1db792df246b488ad98f45ee263da0b377a8c7bfe30fc632e9c996a8d3b8fe9
JCM_Author_Reproducibility_Archive.zip!/Source_Reproducibility/Original_Source_Packages/Additional_file_4_Clinical_Evidence_and_Analysis_Code.zip,Source_Data/Virtual_Knockout/parts/Endothelial__20260904__GSTA1.csv.gz,data/Additional_file_4_Clinical_Evidence_and_Analysis_Code/Source_Data/Virtual_Knockout/parts/Endothelial__20260904__GSTA1.csv.gz,retained_byte_identical,28644,530e1b93f5dfae7045a4569828effdbe36ad2bfcc7bdd72eceea93e382fee7f8
JCM_Author_Reproducibility_Archive.zip!/Source_Reproducibility/Original_Source_Packages/Additional_file_4_Clinical_Evidence_and_Analysis_Code.zip,Source_Data/Virtual_Knockout/parts/Endothelial__20260904__HPD.csv.gz,data/Additional_file_4_Clinical_Evidence_and_Analysis_Code/Source_Data/Virtual_Knockout/parts/Endothelial__20260904__HPD.csv.gz,retained_byte_identical,28650,2bff2475f9608e3c531291ba6e6f02779e7294a5a6235cd459d9ff05b31a42d5
JCM_Author_Reproducibility_Archive.zip!/Source_Reproducibility/Original_Source_Packages/Additional_file_4_Clinical_Evidence_and_Analysis_Code.zip,Source_Data/Virtual_Knockout/parts/Endothelial__20260904__JAK1.csv.gz,data/Additional_file_4_Clinical_Evidence_and_Analysis_Code/Source_Data/Virtual_Knockout/parts/Endothelial__20260904__JAK1.csv.gz,retained_byte_identical,27351,f6af0f34305d9b099f9edcdf9abb9188034bee73e5e2f0a0870d104dda59418a
JCM_Author_Reproducibility_Archive.zip!/Source_Reproducibility/Original_Source_Packages/Additional_file_4_Clinical_Evidence_and_Analysis_Code.zip,Source_Data/Virtual_Knockout/parts/Endothelial__20260904__KDR+FLT1+FLT4+FGFR1+FGFR3+PDGFRA.csv.gz,data/Additional_file_4_Clinical_Evidence_and_Analysis_Code/Source_Data/Virtual_Knockout/parts/Endothelial__20260904__KDR+FLT1+FLT4+FGFR1+FGFR3+PDGFRA.csv.gz,retained_byte_identical,28037,2b1f68c5a6920523bdaa5ed84cb7f1dabfa2cae354a9aeb0257ebca210834588
JCM_Author_Reproducibility_Archive.zip!/Source_Reproducibility/Original_Source_Packages/Additional_file_4_Clinical_Evidence_and_Analysis_Code.zip,Source_Data/Virtual_Knockout/parts/Endothelial__20260904__KDR.csv.gz,data/Additional_file_4_Clinical_Evidence_and_Analysis_Code/Source_Data/Virtual_Knockout/parts/Endothelial__20260904__KDR.csv.gz,retained_byte_identical,27591,9d918a1110e5fa76b0e1045ad4eefa3e1f9e8880794d465674f82669094fe7fd
JCM_Author_Reproducibility_Archive.zip!/Source_Reproducibility/Original_Source_Packages/Additional_file_4_Clinical_Evidence_and_Analysis_Code.zip,Source_Data/Virtual_Knockout/parts/Endothelial__20260904__LRRK2.csv.gz,data/Additional_file_4_Clinical_Evidence_and_Analysis_Code/Source_Data/Virtual_Knockout/parts/Endothelial__20260904__LRRK2.csv.gz,retained_byte_identical,28596,d922316218c3c182857ef7103edb7483a52c82e223e85c5d1bea668829662549
JCM_Author_Reproducibility_Archive.zip!/Source_Reproducibility/Original_Source_Packages/Additional_file_4_Clinical_Evidence_and_Analysis_Code.zip,Source_Data/Virtual_Knockout/parts/Endothelial__20260904__LYN.csv.gz,data/Additional_file_4_Clinical_Evidence_and_Analysis_Code/Source_Data/Virtual_Knockout/parts/Endothelial__20260904__LYN.csv.gz,retained_byte_identical,27181,f7c59e5cfe7af5268ec5f976edce8e9ef5de4ece6a94a25c0f0de61d2009139e
JCM_Author_Reproducibility_Archive.zip!/Source_Reproducibility/Original_Source_Packages/Additional_file_4_Clinical_Evidence_and_Analysis_Code.zip,Source_Data/Virtual_Knockout/parts/Endothelial__20260904__OTC.csv.gz,data/Additional_file_4_Clinical_Evidence_and_Analysis_Code/Source_Data/Virtual_Knockout/parts/Endothelial__20260904__OTC.csv.gz,retained_byte_identical,26765,62e5dd5b5135f16bbb0d1e65426d46883bdb273e105d00f3e29c19d0fe2d03ab
JCM_Author_Reproducibility_Archive.zip!/Source_Reproducibility/Original_Source_Packages/Additional_file_4_Clinical_Evidence_and_Analysis_Code.zip,Source_Data/Virtual_Knockout/parts/Endothelial__20260904__PCK2.csv.gz,data/Additional_file_4_Clinical_Evidence_and_Analysis_Code/Source_Data/Virtual_Knockout/parts/Endothelial__20260904__PCK2.csv.gz,retained_byte_identical,28644,f5781d18bd6b0d5aa9bec0ad3fb0260bb41db699370768bcc381bce96bc5c1d5
JCM_Author_Reproducibility_Archive.zip!/Source_Reproducibility/Original_Source_Packages/Additional_file_4_Clinical_Evidence_and_Analysis_Code.zip,Source_Data/Virtual_Knockout/parts/Endothelial__20260904__PDGFRA.csv.gz,data/Additional_file_4_Clinical_Evidence_and_Analysis_Code/Source_Data/Virtual_Knockout/parts/Endothelial__20260904__PDGFRA.csv.gz,retained_byte_identical,27428,847f5b29ab658876fd166b3b696ff1519e0eac26dc1f8e42a8b86662ac47896d
JCM_Author_Reproducibility_Archive.zip!/Source_Reproducibility/Original_Source_Packages/Additional_file_4_Clinical_Evidence_and_Analysis_Code.zip,Source_Data/Virtual_Knockout/parts/Endothelial__20260904__TYK2.csv.gz,data/Additional_file_4_Clinical_Evidence_and_Analysis_Code/Source_Data/Virtual_Knockout/parts/Endothelial__20260904__TYK2.csv.gz,retained_byte_identical,28697,3bc8a3803d26710c6df86d9871f8cd9280f7314e2df4c08fd5af6524ccb16790
JCM_Author_Reproducibility_Archive.zip!/Source_Reproducibility/Original_Source_Packages/Additional_file_4_Clinical_Evidence_and_Analysis_Code.zip,Source_Data/Virtual_Knockout/parts/Endothelial__20260911__ABL1.csv.gz,data/Additional_file_4_Clinical_Evidence_and_Analysis_Code/Source_Data/Virtual_Knockout/parts/Endothelial__20260911__ABL1.csv.gz,retained_byte_identical,28151,432eee288af55eba8a2540c2e61a5abc94ffee29f92fec153eebd2312ac722c3
JCM_Author_Reproducibility_Archive.zip!/Source_Reproducibility/Original_Source_Packages/Additional_file_4_Clinical_Evidence_and_Analysis_Code.zip,Source_Data/Virtual_Knockout/parts/Endothelial__20260911__ACO1.csv.gz,data/Additional_file_4_Clinical_Evidence_and_Analysis_Code/Source_Data/Virtual_Knockout/parts/Endothelial__20260911__ACO1.csv.gz,retained_byte_identical,27982,76df4bebed31e4eb99d89c0bc4784ba2630520b385ecfd144d249cb36af32dc8
JCM_Author_Reproducibility_Archive.zip!/Source_Reproducibility/Original_Source_Packages/Additional_file_4_Clinical_Evidence_and_Analysis_Code.zip,Source_Data/Virtual_Knockout/parts/Endothelial__20260911__ALDOB.csv.gz,data/Additional_file_4_Clinical_Evidence_and_Analysis_Code/Source_Data/Virtual_Knockout/parts/Endothelial__20260911__ALDOB.csv.gz,retained_byte_identical,26921,e07b33a91e9da973a7a541a17f018cea8dffb9deea6d8b696fec6f8e98d3dba1
JCM_Author_Reproducibility_Archive.zip!/Source_Reproducibility/Original_Source_Packages/Additional_file_4_Clinical_Evidence_and_Analysis_Code.zip,Source_Data/Virtual_Knockout/parts/Endothelial__20260911__ASS1.csv.gz,data/Additional_file_4_Clinical_Evidence_and_Analysis_Code/Source_Data/Virtual_Knockout/parts/Endothelial__20260911__ASS1.csv.gz,retained_byte_identical,27995,4c0cc15257fa58cbc9aa78836ba43e2fb0c001430502c344dc3fb5c53f1cbc0a
JCM_Author_Reproducibility_Archive.zip!/Source_Reproducibility/Original_Source_Packages/Additional_file_4_Clinical_Evidence_and_Analysis_Code.zip,Source_Data/Virtual_Knockout/parts/Endothelial__20260911__CDK4.csv.gz,data/Additional_file_4_Clinical_Evidence_and_Analysis_Code/Source_Data/Virtual_Knockout/parts/Endothelial__20260911__CDK4.csv.gz,retained_byte_identical,28050,7ca61175ba1480bfc83cedd205ed8b27c75e51f1880496494a6b46a233167954
JCM_Author_Reproducibility_Archive.zip!/Source_Reproducibility/Original_Source_Packages/Additional_file_4_Clinical_Evidence_and_Analysis_Code.zip,Source_Data/Virtual_Knockout/parts/Endothelial__20260911__CES1.csv.gz,data/Additional_file_4_Clinical_Evidence_and_Analysis_Code/Source_Data/Virtual_Knockout/parts/Endothelial__20260911__CES1.csv.gz,retained_byte_identical,26990,aaeedb638a8390c94b86ef39196433698e80f0e9937cf76de7da1c75a3318b89
JCM_Author_Reproducibility_Archive.zip!/Source_Reproducibility/Original_Source_Packages/Additional_file_4_Clinical_Evidence_and_Analysis_Code.zip,Source_Data/Virtual_Knockout/parts/Endothelial__20260911__CPS1.csv.gz,data/Additional_file_4_Clinical_Evidence_and_Analysis_Code/Source_Data/Virtual_Knockout/parts/Endothelial__20260911__CPS1.csv.gz,retained_byte_identical,26955,d89671707760c137fcdcd491e55ca00e62648bda50f911d2b6aba471b3bf46d3
JCM_Author_Reproducibility_Archive.zip!/Source_Reproducibility/Original_Source_Packages/Additional_file_4_Clinical_Evidence_and_Analysis_Code.zip,Source_Data/Virtual_Knockout/parts/Endothelial__20260911__FBP1.csv.gz,data/Additional_file_4_Clinical_Evidence_and_Analysis_Code/Source_Data/Virtual_Knockout/parts/Endothelial__20260911__FBP1.csv.gz,retained_byte_identical,28001,28445eb7e66dc59d83ae4ed10c225c9efb9b9a057eeeb2b383b1169d740b25a6
JCM_Author_Reproducibility_Archive.zip!/Source_Reproducibility/Original_Source_Packages/Additional_file_4_Clinical_Evidence_and_Analysis_Code.zip,Source_Data/Virtual_Knockout/parts/Endothelial__20260911__FGFR1.csv.gz,data/Additional_file_4_Clinical_Evidence_and_Analysis_Code/Source_Data/Virtual_Knockout/parts/Endothelial__20260911__FGFR1.csv.gz,retained_byte_identical,28226,23df6fb3f2e350d997dfd44853ad564a56770bae108aec4a2c699f7c114ed50d
JCM_Author_Reproducibility_Archive.zip!/Source_Reproducibility/Original_Source_Packages/Additional_file_4_Clinical_Evidence_and_Analysis_Code.zip,Source_Data/Virtual_Knockout/parts/Endothelial__20260911__FGFR3.csv.gz,data/Additional_file_4_Clinical_Evidence_and_Analysis_Code/Source_Data/Virtual_Knockout/parts/Endothelial__20260911__FGFR3.csv.gz,retained_byte_identical,27917,b27ae778bfab585b2add7f414e8d25b22ec4b0ba0cc1ee781de0079ef3070de5
JCM_Author_Reproducibility_Archive.zip!/Source_Reproducibility/Original_Source_Packages/Additional_file_4_Clinical_Evidence_and_Analysis_Code.zip,Source_Data/Virtual_Knockout/parts/Endothelial__20260911__FLT1.csv.gz,data/Additional_file_4_Clinical_Evidence_and_Analysis_Code/Source_Data/Virtual_Knockout/parts/Endothelial__20260911__FLT1.csv.gz,retained_byte_identical,26986,97cc4115e9b1dbb6901084e35c41fd4fc7fa5b27cc07f09d86d9d1e3d3661160
JCM_Author_Reproducibility_Archive.zip!/Source_Reproducibility/Original_Source_Packages/Additional_file_4_Clinical_Evidence_and_Analysis_Code.zip,Source_Data/Virtual_Knockout/parts/Endothelial__20260911__FLT4.csv.gz,data/Additional_file_4_Clinical_Evidence_and_Analysis_Code/Source_Data/Virtual_Knockout/parts/Endothelial__20260911__FLT4.csv.gz,retained_byte_identical,27727,fc0813ae76396aa1358ee4fa49d7eee8d86986febeac81de6980dffed8719765
JCM_Author_Reproducibility_Archive.zip!/Source_Reproducibility/Original_Source_Packages/Additional_file_4_Clinical_Evidence_and_Analysis_Code.zip,Source_Data/Virtual_Knockout/parts/Endothelial__20260911__GSTA1.csv.gz,data/Additional_file_4_Clinical_Evidence_and_Analysis_Code/Source_Data/Virtual_Knockout/parts/Endothelial__20260911__GSTA1.csv.gz,retained_byte_identical,27932,a9d28d1aed67d1e0e8bb9eb894010e67f3a24992862450a5a615864155b61421
JCM_Author_Reproducibility_Archive.zip!/Source_Reproducibility/Original_Source_Packages/Additional_file_4_Clinical_Evidence_and_Analysis_Code.zip,Source_Data/Virtual_Knockout/parts/Endothelial__20260911__HPD.csv.gz,data/Additional_file_4_Clinical_Evidence_and_Analysis_Code/Source_Data/Virtual_Knockout/parts/Endothelial__20260911__HPD.csv.gz,retained_byte_identical,27950,17a83df1d8d15a836f27fa127ed669e3c6b52296a8de6b5693c011fb40c6070d
JCM_Author_Reproducibility_Archive.zip!/Source_Reproducibility/Original_Source_Packages/Additional_file_4_Clinical_Evidence_and_Analysis_Code.zip,Source_Data/Virtual_Knockout/parts/Endothelial__20260911__JAK1.csv.gz,data/Additional_file_4_Clinical_Evidence_and_Analysis_Code/Source_Data/Virtual_Knockout/parts/Endothelial__20260911__JAK1.csv.gz,retained_byte_identical,28096,8be6d6930dc3cfafc925968bf6cb9d37f9039b1207c29a19cb52c7b96334c4bc
JCM_Author_Reproducibility_Archive.zip!/Source_Reproducibility/Original_Source_Packages/Additional_file_4_Clinical_Evidence_and_Analysis_Code.zip,Source_Data/Virtual_Knockout/parts/Endothelial__20260911__KDR+FLT1+FLT4+FGFR1+FGFR3+PDGFRA.csv.gz,data/Additional_file_4_Clinical_Evidence_and_Analysis_Code/Source_Data/Virtual_Knockout/parts/Endothelial__20260911__KDR+FLT1+FLT4+FGFR1+FGFR3+PDGFRA.csv.gz,retained_byte_identical,27495,d265a8d6453cead7de0731568fd5551399e16e74f149fa790eaae3b677b41dc9
JCM_Author_Reproducibility_Archive.zip!/Source_Reproducibility/Original_Source_Packages/Additional_file_4_Clinical_Evidence_and_Analysis_Code.zip,Source_Data/Virtual_Knockout/parts/Endothelial__20260911__KDR.csv.gz,data/Additional_file_4_Clinical_Evidence_and_Analysis_Code/Source_Data/Virtual_Knockout/parts/Endothelial__20260911__KDR.csv.gz,retained_byte_identical,27008,dec732f8c1adbfb6c4f0a72663e3471e447029335ffb3b3409122ce44779e406
JCM_Author_Reproducibility_Archive.zip!/Source_Reproducibility/Original_Source_Packages/Additional_file_4_Clinical_Evidence_and_Analysis_Code.zip,Source_Data/Virtual_Knockout/parts/Endothelial__20260911__LRRK2.csv.gz,data/Additional_file_4_Clinical_Evidence_and_Analysis_Code/Source_Data/Virtual_Knockout/parts/Endothelial__20260911__LRRK2.csv.gz,retained_byte_identical,28090,808d7a52dbf52364ee5a90fcc37720d63af0011552edac7ee3dd27587ad30aee
JCM_Author_Reproducibility_Archive.zip!/Source_Reproducibility/Original_Source_Packages/Additional_file_4_Clinical_Evidence_and_Analysis_Code.zip,Source_Data/Virtual_Knockout/parts/Endothelial__20260911__LYN.csv.gz,data/Additional_file_4_Clinical_Evidence_and_Analysis_Code/Source_Data/Virtual_Knockout/parts/Endothelial__20260911__LYN.csv.gz,retained_byte_identical,28021,e74f4dd2f80666432f455901633afc327d7a28ff1ec3f36606d744c97869ab77
JCM_Author_Reproducibility_Archive.zip!/Source_Reproducibility/Original_Source_Packages/Additional_file_4_Clinical_Evidence_and_Analysis_Code.zip,Source_Data/Virtual_Knockout/parts/Endothelial__20260911__OTC.csv.gz,data/Additional_file_4_Clinical_Evidence_and_Analysis_Code/Source_Data/Virtual_Knockout/parts/Endothelial__20260911__OTC.csv.gz,retained_byte_identical,28066,cf04fc3392823f2f050a6fd52726ecd4976e735808e54f27eb46b2e58ad66670
JCM_Author_Reproducibility_Archive.zip!/Source_Reproducibility/Original_Source_Packages/Additional_file_4_Clinical_Evidence_and_Analysis_Code.zip,Source_Data/Virtual_Knockout/parts/Endothelial__20260911__PCK2.csv.gz,data/Additional_file_4_Clinical_Evidence_and_Analysis_Code/Source_Data/Virtual_Knockout/parts/Endothelial__20260911__PCK2.csv.gz,retained_byte_identical,27790,e749d07754b98e1f74d8f625f723f9c88cbe6db8ecda9563181371790ab419af
JCM_Author_Reproducibility_Archive.zip!/Source_Reproducibility/Original_Source_Packages/Additional_file_4_Clinical_Evidence_and_Analysis_Code.zip,Source_Data/Virtual_Knockout/parts/Endothelial__20260911__PDGFRA.csv.gz,data/Additional_file_4_Clinical_Evidence_and_Analysis_Code/Source_Data/Virtual_Knockout/parts/Endothelial__20260911__PDGFRA.csv.gz,retained_byte_identical,28082,cad90d922a669ce05b55604cb0d9f40ff690014e9f6630b5f57b4b6ff45dd1bb
JCM_Author_Reproducibility_Archive.zip!/Source_Reproducibility/Original_Source_Packages/Additional_file_4_Clinical_Evidence_and_Analysis_Code.zip,Source_Data/Virtual_Knockout/parts/Endothelial__20260911__TYK2.csv.gz,data/Additional_file_4_Clinical_Evidence_and_Analysis_Code/Source_Data/Virtual_Knockout/parts/Endothelial__20260911__TYK2.csv.gz,retained_byte_identical,28052,e02c3bb5cb3a6fa9251242ffa5764da6cfd8cb92bd2d33670c31c1ae4140dbbc
JCM_Author_Reproducibility_Archive.zip!/Source_Reproducibility/Original_Source_Packages/Additional_file_4_Clinical_Evidence_and_Analysis_Code.zip,Source_Data/Virtual_Knockout/parts/Endothelial__20260918__ABL1.csv.gz,data/Additional_file_4_Clinical_Evidence_and_Analysis_Code/Source_Data/Virtual_Knockout/parts/Endothelial__20260918__ABL1.csv.gz,retained_byte_identical,27938,5d5c1aab0437d01e93e95e2d2a33136f761c1837eb0d31d496ce8c35276fb0f9
JCM_Author_Reproducibility_Archive.zip!/Source_Reproducibility/Original_Source_Packages/Additional_file_4_Clinical_Evidence_and_Analysis_Code.zip,Source_Data/Virtual_Knockout/parts/Endothelial__20260918__ACO1.csv.gz,data/Additional_file_4_Clinical_Evidence_and_Analysis_Code/Source_Data/Virtual_Knockout/parts/Endothelial__20260918__ACO1.csv.gz,retained_byte_identical,27889,eb95a79de1a2641e8964dea43ce0b14c8058ec5cc501df4c03002dd66bca0468
JCM_Author_Reproducibility_Archive.zip!/Source_Reproducibility/Original_Source_Packages/Additional_file_4_Clinical_Evidence_and_Analysis_Code.zip,Source_Data/Virtual_Knockout/parts/Endothelial__20260918__ALDOB.csv.gz,data/Additional_file_4_Clinical_Evidence_and_Analysis_Code/Source_Data/Virtual_Knockout/parts/Endothelial__20260918__ALDOB.csv.gz,retained_byte_identical,27932,b7621089713b78f716524c3c0d9446c4116a56544539b6981df07d635fa5b5d0
JCM_Author_Reproducibility_Archive.zip!/Source_Reproducibility/Original_Source_Packages/Additional_file_4_Clinical_Evidence_and_Analysis_Code.zip,Source_Data/Virtual_Knockout/parts/Endothelial__20260918__ASS1.csv.gz,data/Additional_file_4_Clinical_Evidence_and_Analysis_Code/Source_Data/Virtual_Knockout/parts/Endothelial__20260918__ASS1.csv.gz,retained_byte_identical,27943,1eff82b0cce93e8976f1473cd9d70b1fb77296c15ea9ea80cb1f2c13eb8021f0
JCM_Author_Reproducibility_Archive.zip!/Source_Reproducibility/Original_Source_Packages/Additional_file_4_Clinical_Evidence_and_Analysis_Code.zip,Source_Data/Virtual_Knockout/parts/Endothelial__20260918__CDK4.csv.gz,data/Additional_file_4_Clinical_Evidence_and_Analysis_Code/Source_Data/Virtual_Knockout/parts/Endothelial__20260918__CDK4.csv.gz,retained_byte_identical,26715,d83370a1da2dcf48c7f49e3ebdf206c177c43c01eb34f1694347d6094e566cd4
JCM_Author_Reproducibility_Archive.zip!/Source_Reproducibility/Original_Source_Packages/Additional_file_4_Clinical_Evidence_and_Analysis_Code.zip,Source_Data/Virtual_Knockout/parts/Endothelial__20260918__CES1.csv.gz,data/Additional_file_4_Clinical_Evidence_and_Analysis_Code/Source_Data/Virtual_Knockout/parts/Endothelial__20260918__CES1.csv.gz,retained_byte_identical,26690,24c3885e1693727278eea2e7daf0e733d656064fd83dfc7adc4c3a7ecdb22d25
JCM_Author_Reproducibility_Archive.zip!/Source_Reproducibility/Original_Source_Packages/Additional_file_4_Clinical_Evidence_and_Analysis_Code.zip,Source_Data/Virtual_Knockout/parts/Endothelial__20260918__CPS1.csv.gz,data/Additional_file_4_Clinical_Evidence_and_Analysis_Code/Source_Data/Virtual_Knockout/parts/Endothelial__20260918__CPS1.csv.gz,retained_byte_identical,26803,7d2571333a8a4e98ac73ab9e80516487589c9ef17318a93bccb4be8ff5870d71
JCM_Author_Reproducibility_Archive.zip!/Source_Reproducibility/Original_Source_Packages/Additional_file_4_Clinical_Evidence_and_Analysis_Code.zip,Source_Data/Virtual_Knockout/parts/Endothelial__20260918__FBP1.csv.gz,data/Additional_file_4_Clinical_Evidence_and_Analysis_Code/Source_Data/Virtual_Knockout/parts/Endothelial__20260918__FBP1.csv.gz,retained_byte_identical,27942,629ef03b1fc040798e5e9ef2cd8e3ead17cb7427f1f2064d900224d880aa8a20
JCM_Author_Reproducibility_Archive.zip!/Source_Reproducibility/Original_Source_Packages/Additional_file_4_Clinical_Evidence_and_Analysis_Code.zip,Source_Data/Virtual_Knockout/parts/Endothelial__20260918__FGFR1.csv.gz,data/Additional_file_4_Clinical_Evidence_and_Analysis_Code/Source_Data/Virtual_Knockout/parts/Endothelial__20260918__FGFR1.csv.gz,retained_byte_identical,27934,9a7b923970dadc9a2790d7c3d50165d7d5cd62c962aabe13e21cc42cdc760c00
JCM_Author_Reproducibility_Archive.zip!/Source_Reproducibility/Original_Source_Packages/Additional_file_4_Clinical_Evidence_and_Analysis_Code.zip,Source_Data/Virtual_Knockout/parts/Endothelial__20260918__FGFR3.csv.gz,data/Additional_file_4_Clinical_Evidence_and_Analysis_Code/Source_Data/Virtual_Knockout/parts/Endothelial__20260918__FGFR3.csv.gz,retained_byte_identical,28018,36a95fc4dc1a992d20b04c01a515d23a4a69def5c4f0e019d71acfccaf75fc59
JCM_Author_Reproducibility_Archive.zip!/Source_Reproducibility/Original_Source_Packages/Additional_file_4_Clinical_Evidence_and_Analysis_Code.zip,Source_Data/Virtual_Knockout/parts/Endothelial__20260918__FLT1.csv.gz,data/Additional_file_4_Clinical_Evidence_and_Analysis_Code/Source_Data/Virtual_Knockout/parts/Endothelial__20260918__FLT1.csv.gz,retained_byte_identical,26834,4b5749d893e8a57c163a899bf8d74721e555dba6ddd7959052a051849fea806b
JCM_Author_Reproducibility_Archive.zip!/Source_Reproducibility/Original_Source_Packages/Additional_file_4_Clinical_Evidence_and_Analysis_Code.zip,Source_Data/Virtual_Knockout/parts/Endothelial__20260918__FLT4.csv.gz,data/Additional_file_4_Clinical_Evidence_and_Analysis_Code/Source_Data/Virtual_Knockout/parts/Endothelial__20260918__FLT4.csv.gz,retained_byte_identical,27747,1bdafbe2f36394027920c410e05cb6a5bbcd81d09e7155542e033e7da936fbd2
JCM_Author_Reproducibility_Archive.zip!/Source_Reproducibility/Original_Source_Packages/Additional_file_4_Clinical_Evidence_and_Analysis_Code.zip,Source_Data/Virtual_Knockout/parts/Endothelial__20260918__GSTA1.csv.gz,data/Additional_file_4_Clinical_Evidence_and_Analysis_Code/Source_Data/Virtual_Knockout/parts/Endothelial__20260918__GSTA1.csv.gz,retained_byte_identical,27738,9523d9da2b09f85cdae9155cde2c40ec542ea0a456aae147075a5b2358f6590d
JCM_Author_Reproducibility_Archive.zip!/Source_Reproducibility/Original_Source_Packages/Additional_file_4_Clinical_Evidence_and_Analysis_Code.zip,Source_Data/Virtual_Knockout/parts/Endothelial__20260918__HPD.csv.gz,data/Additional_file_4_Clinical_Evidence_and_Analysis_Code/Source_Data/Virtual_Knockout/parts/Endothelial__20260918__HPD.csv.gz,retained_byte_identical,28016,5f2a839f41de3fd28b5f203c75af09f9c56981be725cf74d60e97c07f89945af
JCM_Author_Reproducibility_Archive.zip!/Source_Reproducibility/Original_Source_Packages/Additional_file_4_Clinical_Evidence_and_Analysis_Code.zip,Source_Data/Virtual_Knockout/parts/Endothelial__20260918__JAK1.csv.gz,data/Additional_file_4_Clinical_Evidence_and_Analysis_Code/Source_Data/Virtual_Knockout/parts/Endothelial__20260918__JAK1.csv.gz,retained_byte_identical,26410,12807741a25b9200fee028cc26476f51c823dcc5eb317ed6cbe75b3b38249ae1
JCM_Author_Reproducibility_Archive.zip!/Source_Reproducibility/Original_Source_Packages/Additional_file_4_Clinical_Evidence_and_Analysis_Code.zip,Source_Data/Virtual_Knockout/parts/Endothelial__20260918__KDR+FLT1+FLT4+FGFR1+FGFR3+PDGFRA.csv.gz,data/Additional_file_4_Clinical_Evidence_and_Analysis_Code/Source_Data/Virtual_Knockout/parts/Endothelial__20260918__KDR+FLT1+FLT4+FGFR1+FGFR3+PDGFRA.csv.gz,retained_byte_identical,27337,285ccaf28825586b6749605ae752d5b374de2c5c18bf744379d3b48e6bc68a34
JCM_Author_Reproducibility_Archive.zip!/Source_Reproducibility/Original_Source_Packages/Additional_file_4_Clinical_Evidence_and_Analysis_Code.zip,Source_Data/Virtual_Knockout/parts/Endothelial__20260918__KDR.csv.gz,data/Additional_file_4_Clinical_Evidence_and_Analysis_Code/Source_Data/Virtual_Knockout/parts/Endothelial__20260918__KDR.csv.gz,retained_byte_identical,26862,70bd1f640c2d9a2fd45c3eca3523478e79e63aae585af3d344c53eae5603fff5
JCM_Author_Reproducibility_Archive.zip!/Source_Reproducibility/Original_Source_Packages/Additional_file_4_Clinical_Evidence_and_Analysis_Code.zip,Source_Data/Virtual_Knockout/parts/Endothelial__20260918__LRRK2.csv.gz,data/Additional_file_4_Clinical_Evidence_and_Analysis_Code/Source_Data/Virtual_Knockout/parts/Endothelial__20260918__LRRK2.csv.gz,retained_byte_identical,27776,e1f15bd883014ff230d14490d84b2559b5496902912afcc32046cbe502cba4d0
JCM_Author_Reproducibility_Archive.zip!/Source_Reproducibility/Original_Source_Packages/Additional_file_4_Clinical_Evidence_and_Analysis_Code.zip,Source_Data/Virtual_Knockout/parts/Endothelial__20260918__LYN.csv.gz,data/Additional_file_4_Clinical_Evidence_and_Analysis_Code/Source_Data/Virtual_Knockout/parts/Endothelial__20260918__LYN.csv.gz,retained_byte_identical,26739,aeda773b656d4e15e3f8b8f1e03d5143f457384d7a396d295f8734452c9afb3d
JCM_Author_Reproducibility_Archive.zip!/Source_Reproducibility/Original_Source_Packages/Additional_file_4_Clinical_Evidence_and_Analysis_Code.zip,Source_Data/Virtual_Knockout/parts/Endothelial__20260918__OTC.csv.gz,data/Additional_file_4_Clinical_Evidence_and_Analysis_Code/Source_Data/Virtual_Knockout/parts/Endothelial__20260918__OTC.csv.gz,retained_byte_identical,27907,3fd1528823f6482af5ba3e1400ff27cd23625f91d1b3245a6d9116163d2acf42
JCM_Author_Reproducibility_Archive.zip!/Source_Reproducibility/Original_Source_Packages/Additional_file_4_Clinical_Evidence_and_Analysis_Code.zip,Source_Data/Virtual_Knockout/parts/Endothelial__20260918__PCK2.csv.gz,data/Additional_file_4_Clinical_Evidence_and_Analysis_Code/Source_Data/Virtual_Knockout/parts/Endothelial__20260918__PCK2.csv.gz,retained_byte_identical,27862,ccc71ec5c2ce408d546c249ba58286a52d131892ff541a4044d322d083e0e8ba
JCM_Author_Reproducibility_Archive.zip!/Source_Reproducibility/Original_Source_Packages/Additional_file_4_Clinical_Evidence_and_Analysis_Code.zip,Source_Data/Virtual_Knockout/parts/Endothelial__20260918__PDGFRA.csv.gz,data/Additional_file_4_Clinical_Evidence_and_Analysis_Code/Source_Data/Virtual_Knockout/parts/Endothelial__20260918__PDGFRA.csv.gz,retained_byte_identical,26186,531db4f19d9587bbd61eaccc81b7b787f2ae74dcdc346cf1739dc27f9dd78b22
JCM_Author_Reproducibility_Archive.zip!/Source_Reproducibility/Original_Source_Packages/Additional_file_4_Clinical_Evidence_and_Analysis_Code.zip,Source_Data/Virtual_Knockout/parts/Endothelial__20260918__TYK2.csv.gz,data/Additional_file_4_Clinical_Evidence_and_Analysis_Code/Source_Data/Virtual_Knockout/parts/Endothelial__20260918__TYK2.csv.gz,retained_byte_identical,28001,e07244f276e1fbccf35935f7b99e30a726f73b2a150c73412157dbabbc59e1f1
JCM_Author_Reproducibility_Archive.zip!/Source_Reproducibility/Original_Source_Packages/Additional_file_4_Clinical_Evidence_and_Analysis_Code.zip,Source_Data/Virtual_Knockout/parts/Hepatocyte__20260904__ABL1.csv.gz,data/Additional_file_4_Clinical_Evidence_and_Analysis_Code/Source_Data/Virtual_Knockout/parts/Hepatocyte__20260904__ABL1.csv.gz,retained_byte_identical,27914,ff8816d9f0ee1dde534b791f8e5a1f5d79a2c21457df9db070df442a582ba96c
JCM_Author_Reproducibility_Archive.zip!/Source_Reproducibility/Original_Source_Packages/Additional_file_4_Clinical_Evidence_and_Analysis_Code.zip,Source_Data/Virtual_Knockout/parts/Hepatocyte__20260904__ACO1.csv.gz,data/Additional_file_4_Clinical_Evidence_and_Analysis_Code/Source_Data/Virtual_Knockout/parts/Hepatocyte__20260904__ACO1.csv.gz,retained_byte_identical,26914,2019d5c8601879230af3d1a404e924b493f2588e4c3295908d548d2368c2fe02
JCM_Author_Reproducibility_Archive.zip!/Source_Reproducibility/Original_Source_Packages/Additional_file_4_Clinical_Evidence_and_Analysis_Code.zip,Source_Data/Virtual_Knockout/parts/Hepatocyte__20260904__ALDOB.csv.gz,data/Additional_file_4_Clinical_Evidence_and_Analysis_Code/Source_Data/Virtual_Knockout/parts/Hepatocyte__20260904__ALDOB.csv.gz,retained_byte_identical,26979,49f4ad5fd9c130a6cf211a1bad11cea0db90e2ca59379be15c133d6a70778118
JCM_Author_Reproducibility_Archive.zip!/Source_Reproducibility/Original_Source_Packages/Additional_file_4_Clinical_Evidence_and_Analysis_Code.zip,Source_Data/Virtual_Knockout/parts/Hepatocyte__20260904__ASS1.csv.gz,data/Additional_file_4_Clinical_Evidence_and_Analysis_Code/Source_Data/Virtual_Knockout/parts/Hepatocyte__20260904__ASS1.csv.gz,retained_byte_identical,27814,0d11dce27d1f2e14320421ed2de52cf1e8faabf62fdd7faba83a56a58ab7a12f
JCM_Author_Reproducibility_Archive.zip!/Source_Reproducibility/Original_Source_Packages/Additional_file_4_Clinical_Evidence_and_Analysis_Code.zip,Source_Data/Virtual_Knockout/parts/Hepatocyte__20260904__CDK4.csv.gz,data/Additional_file_4_Clinical_Evidence_and_Analysis_Code/Source_Data/Virtual_Knockout/parts/Hepatocyte__20260904__CDK4.csv.gz,retained_byte_identical,27963,4e4e0a21df7f895bdf9debcd37da6e40e0be756e3cec357145d81af1b4b17b1b
JCM_Author_Reproducibility_Archive.zip!/Source_Reproducibility/Original_Source_Packages/Additional_file_4_Clinical_Evidence_and_Analysis_Code.zip,Source_Data/Virtual_Knockout/parts/Hepatocyte__20260904__CES1.csv.gz,data/Additional_file_4_Clinical_Evidence_and_Analysis_Code/Source_Data/Virtual_Knockout/parts/Hepatocyte__20260904__CES1.csv.gz,retained_byte_identical,27001,224cd25ac72cf12dd4b7e6ade2a85d695043c29ea3e274520ec2da092f4da2b3
JCM_Author_Reproducibility_Archive.zip!/Source_Reproducibility/Original_Source_Packages/Additional_file_4_Clinical_Evidence_and_Analysis_Code.zip,Source_Data/Virtual_Knockout/parts/Hepatocyte__20260904__CPS1.csv.gz,data/Additional_file_4_Clinical_Evidence_and_Analysis_Code/Source_Data/Virtual_Knockout/parts/Hepatocyte__20260904__CPS1.csv.gz,retained_byte_identical,27031,395c337e1be9141325523235bb85777ae78ed0298e0e6e8c1ebc037705807616
JCM_Author_Reproducibility_Archive.zip!/Source_Reproducibility/Original_Source_Packages/Additional_file_4_Clinical_Evidence_and_Analysis_Code.zip,Source_Data/Virtual_Knockout/parts/Hepatocyte__20260904__DMGDH.csv.gz,data/Additional_file_4_Clinical_Evidence_and_Analysis_Code/Source_Data/Virtual_Knockout/parts/Hepatocyte__20260904__DMGDH.csv.gz,retained_byte_identical,28002,e052b73c7e014ccced1cc51cb344098e1accf77f90f0c60fba77688485bac77b
JCM_Author_Reproducibility_Archive.zip!/Source_Reproducibility/Original_Source_Packages/Additional_file_4_Clinical_Evidence_and_Analysis_Code.zip,Source_Data/Virtual_Knockout/parts/Hepatocyte__20260904__FAH.csv.gz,data/Additional_file_4_Clinical_Evidence_and_Analysis_Code/Source_Data/Virtual_Knockout/parts/Hepatocyte__20260904__FAH.csv.gz,retained_byte_identical,27922,f8ae741647551fcf56f97fcd68ed1649f88056af561b703a47074f0fbb04bf27
JCM_Author_Reproducibility_Archive.zip!/Source_Reproducibility/Original_Source_Packages/Additional_file_4_Clinical_Evidence_and_Analysis_Code.zip,Source_Data/Virtual_Knockout/parts/Hepatocyte__20260904__FBP1.csv.gz,data/Additional_file_4_Clinical_Evidence_and_Analysis_Code/Source_Data/Virtual_Knockout/parts/Hepatocyte__20260904__FBP1.csv.gz,retained_byte_identical,26969,de700a5275d7d7b276172d9d1ca2ffab0f9c1b32e80fdd3a4ce7aec0d520c75c
JCM_Author_Reproducibility_Archive.zip!/Source_Reproducibility/Original_Source_Packages/Additional_file_4_Clinical_Evidence_and_Analysis_Code.zip,Source_Data/Virtual_Knockout/parts/Hepatocyte__20260904__FGFR2.csv.gz,data/Additional_file_4_Clinical_Evidence_and_Analysis_Code/Source_Data/Virtual_Knockout/parts/Hepatocyte__20260904__FGFR2.csv.gz,retained_byte_identical,27943,4c7e68771c7eb27d2fa36b557c444e0f2c92976fd96b352cff1d51902bf00773
JCM_Author_Reproducibility_Archive.zip!/Source_Reproducibility/Original_Source_Packages/Additional_file_4_Clinical_Evidence_and_Analysis_Code.zip,Source_Data/Virtual_Knockout/parts/Hepatocyte__20260904__FGFR3.csv.gz,data/Additional_file_4_Clinical_Evidence_and_Analysis_Code/Source_Data/Virtual_Knockout/parts/Hepatocyte__20260904__FGFR3.csv.gz,retained_byte_identical,27976,de48b8f59c326842683593b2e07cd98e6be40d32a14ac49dc873522eb75c15d3
JCM_Author_Reproducibility_Archive.zip!/Source_Reproducibility/Original_Source_Packages/Additional_file_4_Clinical_Evidence_and_Analysis_Code.zip,Source_Data/Virtual_Knockout/parts/Hepatocyte__20260904__FGFR4.csv.gz,data/Additional_file_4_Clinical_Evidence_and_Analysis_Code/Source_Data/Virtual_Knockout/parts/Hepatocyte__20260904__FGFR4.csv.gz,retained_byte_identical,28113,b5a7873d439c250bba175870c83bed13a8ae5a46ab52f87c67b4a6af0b72334b
JCM_Author_Reproducibility_Archive.zip!/Source_Reproducibility/Original_Source_Packages/Additional_file_4_Clinical_Evidence_and_Analysis_Code.zip,Source_Data/Virtual_Knockout/parts/Hepatocyte__20260904__FLT1.csv.gz,data/Additional_file_4_Clinical_Evidence_and_Analysis_Code/Source_Data/Virtual_Knockout/parts/Hepatocyte__20260904__FLT1.csv.gz,retained_byte_identical,27809,b9ccc25977adca06c56818f569fad660aefbacaeb00762cd977d6b9e98f0d22e
JCM_Author_Reproducibility_Archive.zip!/Source_Reproducibility/Original_Source_Packages/Additional_file_4_Clinical_Evidence_and_Analysis_Code.zip,Source_Data/Virtual_Knockout/parts/Hepatocyte__20260904__GSTA1.csv.gz,data/Additional_file_4_Clinical_Evidence_and_Analysis_Code/Source_Data/Virtual_Knockout/parts/Hepatocyte__20260904__GSTA1.csv.gz,retained_byte_identical,27084,ab9ab2d4f1d72d138b8ca324478aeea13db7253f79776f19e2be916a9a080d38
JCM_Author_Reproducibility_Archive.zip!/Source_Reproducibility/Original_Source_Packages/Additional_file_4_Clinical_Evidence_and_Analysis_Code.zip,Source_Data/Virtual_Knockout/parts/Hepatocyte__20260904__HPD.csv.gz,data/Additional_file_4_Clinical_Evidence_and_Analysis_Code/Source_Data/Virtual_Knockout/parts/Hepatocyte__20260904__HPD.csv.gz,retained_byte_identical,26900,a13d48b8dd1f5e4b07a6312507857b718ed83e1606d4653814ef2b713a5c2493
JCM_Author_Reproducibility_Archive.zip!/Source_Reproducibility/Original_Source_Packages/Additional_file_4_Clinical_Evidence_and_Analysis_Code.zip,Source_Data/Virtual_Knockout/parts/Hepatocyte__20260904__JAK1.csv.gz,data/Additional_file_4_Clinical_Evidence_and_Analysis_Code/Source_Data/Virtual_Knockout/parts/Hepatocyte__20260904__JAK1.csv.gz,retained_byte_identical,27919,883d894bf5268b711df560e4f4041d71970aa39ed148f4169f92243331b01653
JCM_Author_Reproducibility_Archive.zip!/Source_Reproducibility/Original_Source_Packages/Additional_file_4_Clinical_Evidence_and_Analysis_Code.zip,Source_Data/Virtual_Knockout/parts/Hepatocyte__20260904__KDR+FLT1+FGFR2+FGFR3.csv.gz,data/Additional_file_4_Clinical_Evidence_and_Analysis_Code/Source_Data/Virtual_Knockout/parts/Hepatocyte__20260904__KDR+FLT1+FGFR2+FGFR3.csv.gz,retained_byte_identical,28002,185c5c925ee8933114f8cae95ba4d3c4c22c2ae54c547c252276e60040d969c4
JCM_Author_Reproducibility_Archive.zip!/Source_Reproducibility/Original_Source_Packages/Additional_file_4_Clinical_Evidence_and_Analysis_Code.zip,Source_Data/Virtual_Knockout/parts/Hepatocyte__20260904__KDR.csv.gz,data/Additional_file_4_Clinical_Evidence_and_Analysis_Code/Source_Data/Virtual_Knockout/parts/Hepatocyte__20260904__KDR.csv.gz,retained_byte_identical,27967,31ae0e207dfb5665734ac899b25f2f5352b8bc90867667082835dcf3c28b53d4
JCM_Author_Reproducibility_Archive.zip!/Source_Reproducibility/Original_Source_Packages/Additional_file_4_Clinical_Evidence_and_Analysis_Code.zip,Source_Data/Virtual_Knockout/parts/Hepatocyte__20260904__LECT2.csv.gz,data/Additional_file_4_Clinical_Evidence_and_Analysis_Code/Source_Data/Virtual_Knockout/parts/Hepatocyte__20260904__LECT2.csv.gz,retained_byte_identical,26905,6f43a771e478fa1d82fef2672d5947a002b970be191679fb3d3d854cc27a2f09
JCM_Author_Reproducibility_Archive.zip!/Source_Reproducibility/Original_Source_Packages/Additional_file_4_Clinical_Evidence_and_Analysis_Code.zip,Source_Data/Virtual_Knockout/parts/Hepatocyte__20260904__LYN.csv.gz,data/Additional_file_4_Clinical_Evidence_and_Analysis_Code/Source_Data/Virtual_Knockout/parts/Hepatocyte__20260904__LYN.csv.gz,retained_byte_identical,27887,0af240de69f88d3adc90af94d807083f132ae9ec93a520993820dba64b05433d
JCM_Author_Reproducibility_Archive.zip!/Source_Reproducibility/Original_Source_Packages/Additional_file_4_Clinical_Evidence_and_Analysis_Code.zip,Source_Data/Virtual_Knockout/parts/Hepatocyte__20260904__MET.csv.gz,data/Additional_file_4_Clinical_Evidence_and_Analysis_Code/Source_Data/Virtual_Knockout/parts/Hepatocyte__20260904__MET.csv.gz,retained_byte_identical,27759,2f2abe0c79e2add11b9e573a3cdd46c98b8d7960e149a1efaa50410d8f220d5d
JCM_Author_Reproducibility_Archive.zip!/Source_Reproducibility/Original_Source_Packages/Additional_file_4_Clinical_Evidence_and_Analysis_Code.zip,Source_Data/Virtual_Knockout/parts/Hepatocyte__20260904__OTC.csv.gz,data/Additional_file_4_Clinical_Evidence_and_Analysis_Code/Source_Data/Virtual_Knockout/parts/Hepatocyte__20260904__OTC.csv.gz,retained_byte_identical,26979,1ff0479e849997d33fcba7b944f844b11fc36e7cd0684938ef199de7c3454e83
JCM_Author_Reproducibility_Archive.zip!/Source_Reproducibility/Original_Source_Packages/Additional_file_4_Clinical_Evidence_and_Analysis_Code.zip,Source_Data/Virtual_Knockout/parts/Hepatocyte__20260904__PCK2.csv.gz,data/Additional_file_4_Clinical_Evidence_and_Analysis_Code/Source_Data/Virtual_Knockout/parts/Hepatocyte__20260904__PCK2.csv.gz,retained_byte_identical,26858,36028978da81c10e5cc44d88d84ce9769e2487248c93cecc8b52ea6987313d15
JCM_Author_Reproducibility_Archive.zip!/Source_Reproducibility/Original_Source_Packages/Additional_file_4_Clinical_Evidence_and_Analysis_Code.zip,Source_Data/Virtual_Knockout/parts/Hepatocyte__20260904__TYK2.csv.gz,data/Additional_file_4_Clinical_Evidence_and_Analysis_Code/Source_Data/Virtual_Knockout/parts/Hepatocyte__20260904__TYK2.csv.gz,retained_byte_identical,27667,f9112cd78e83b2ac0378faf4d13b81cad81bb26ac431ae6faed3361c81e2afd1
JCM_Author_Reproducibility_Archive.zip!/Source_Reproducibility/Original_Source_Packages/Additional_file_4_Clinical_Evidence_and_Analysis_Code.zip,Source_Data/Virtual_Knockout/parts/Hepatocyte__20260911__ABL1.csv.gz,data/Additional_file_4_Clinical_Evidence_and_Analysis_Code/Source_Data/Virtual_Knockout/parts/Hepatocyte__20260911__ABL1.csv.gz,retained_byte_identical,28301,98706505e2da98dc6b010a82411ea798fd285c248415445d3f0c4cce730df250
JCM_Author_Reproducibility_Archive.zip!/Source_Reproducibility/Original_Source_Packages/Additional_file_4_Clinical_Evidence_and_Analysis_Code.zip,Source_Data/Virtual_Knockout/parts/Hepatocyte__20260911__ACO1.csv.gz,data/Additional_file_4_Clinical_Evidence_and_Analysis_Code/Source_Data/Virtual_Knockout/parts/Hepatocyte__20260911__ACO1.csv.gz,retained_byte_identical,28326,d389b30554c9dfd60e296366331c44843dacd1c3473f416d01301a4ed2b8ec54
JCM_Author_Reproducibility_Archive.zip!/Source_Reproducibility/Original_Source_Packages/Additional_file_4_Clinical_Evidence_and_Analysis_Code.zip,Source_Data/Virtual_Knockout/parts/Hepatocyte__20260911__ALDOB.csv.gz,data/Additional_file_4_Clinical_Evidence_and_Analysis_Code/Source_Data/Virtual_Knockout/parts/Hepatocyte__20260911__ALDOB.csv.gz,retained_byte_identical,27164,dd6aec80009bb458d981c017ea6066ae94ca0d5aff1759bc09a3823f072df5a3
JCM_Author_Reproducibility_Archive.zip!/Source_Reproducibility/Original_Source_Packages/Additional_file_4_Clinical_Evidence_and_Analysis_Code.zip,Source_Data/Virtual_Knockout/parts/Hepatocyte__20260911__ASS1.csv.gz,data/Additional_file_4_Clinical_Evidence_and_Analysis_Code/Source_Data/Virtual_Knockout/parts/Hepatocyte__20260911__ASS1.csv.gz,retained_byte_identical,27197,f65e029027f9a13847d6491fb62415d82bd9637077a71e277c004a19bd2f08a4
JCM_Author_Reproducibility_Archive.zip!/Source_Reproducibility/Original_Source_Packages/Additional_file_4_Clinical_Evidence_and_Analysis_Code.zip,Source_Data/Virtual_Knockout/parts/Hepatocyte__20260911__CDK4.csv.gz,data/Additional_file_4_Clinical_Evidence_and_Analysis_Code/Source_Data/Virtual_Knockout/parts/Hepatocyte__20260911__CDK4.csv.gz,retained_byte_identical,28140,c8fdaa76e47dfe5019095561e95409d153e495c615dde9be91863fc7fab6ac78
JCM_Author_Reproducibility_Archive.zip!/Source_Reproducibility/Original_Source_Packages/Additional_file_4_Clinical_Evidence_and_Analysis_Code.zip,Source_Data/Virtual_Knockout/parts/Hepatocyte__20260911__CES1.csv.gz,data/Additional_file_4_Clinical_Evidence_and_Analysis_Code/Source_Data/Virtual_Knockout/parts/Hepatocyte__20260911__CES1.csv.gz,retained_byte_identical,27244,2601bf2793b85a9f641a1abc887fff4647702a5386d9378eae1b54f47f975921
JCM_Author_Reproducibility_Archive.zip!/Source_Reproducibility/Original_Source_Packages/Additional_file_4_Clinical_Evidence_and_Analysis_Code.zip,Source_Data/Virtual_Knockout/parts/Hepatocyte__20260911__CPS1.csv.gz,data/Additional_file_4_Clinical_Evidence_and_Analysis_Code/Source_Data/Virtual_Knockout/parts/Hepatocyte__20260911__CPS1.csv.gz,retained_byte_identical,27228,14d86d522a3b74fd20a9e28bd36f843e96b459afb02b9b4faba60d75a2d24caf
JCM_Author_Reproducibility_Archive.zip!/Source_Reproducibility/Original_Source_Packages/Additional_file_4_Clinical_Evidence_and_Analysis_Code.zip,Source_Data/Virtual_Knockout/parts/Hepatocyte__20260911__DMGDH.csv.gz,data/Additional_file_4_Clinical_Evidence_and_Analysis_Code/Source_Data/Virtual_Knockout/parts/Hepatocyte__20260911__DMGDH.csv.gz,retained_byte_identical,27189,5920385e01bbbb3468d8a33d23f20c8895c2581370270c6b448189add4425693
JCM_Author_Reproducibility_Archive.zip!/Source_Reproducibility/Original_Source_Packages/Additional_file_4_Clinical_Evidence_and_Analysis_Code.zip,Source_Data/Virtual_Knockout/parts/Hepatocyte__20260911__FAH.csv.gz,data/Additional_file_4_Clinical_Evidence_and_Analysis_Code/Source_Data/Virtual_Knockout/parts/Hepatocyte__20260911__FAH.csv.gz,retained_byte_identical,28298,8ef64443809296385eb6aff402d53131ebaa1c59cfe3792f3ab4eda1ec6dfb99
JCM_Author_Reproducibility_Archive.zip!/Source_Reproducibility/Original_Source_Packages/Additional_file_4_Clinical_Evidence_and_Analysis_Code.zip,Source_Data/Virtual_Knockout/parts/Hepatocyte__20260911__FBP1.csv.gz,data/Additional_file_4_Clinical_Evidence_and_Analysis_Code/Source_Data/Virtual_Knockout/parts/Hepatocyte__20260911__FBP1.csv.gz,retained_byte_identical,28362,60064de5f3a6411a1843d82d2804150b1c82bc900870750231ac0dd33ee22d37
JCM_Author_Reproducibility_Archive.zip!/Source_Reproducibility/Original_Source_Packages/Additional_file_4_Clinical_Evidence_and_Analysis_Code.zip,Source_Data/Virtual_Knockout/parts/Hepatocyte__20260911__FGFR2.csv.gz,data/Additional_file_4_Clinical_Evidence_and_Analysis_Code/Source_Data/Virtual_Knockout/parts/Hepatocyte__20260911__FGFR2.csv.gz,retained_byte_identical,28471,87480f431fd776f0b875a0af0ae542e47046fb9edfc02dacfe90c7a79fbca265
JCM_Author_Reproducibility_Archive.zip!/Source_Reproducibility/Original_Source_Packages/Additional_file_4_Clinical_Evidence_and_Analysis_Code.zip,Source_Data/Virtual_Knockout/parts/Hepatocyte__20260911__FGFR3.csv.gz,data/Additional_file_4_Clinical_Evidence_and_Analysis_Code/Source_Data/Virtual_Knockout/parts/Hepatocyte__20260911__FGFR3.csv.gz,retained_byte_identical,28396,495fb04a70ec75b1733478ad1c48b03008b1922d90d49dceef032046a76cd058
JCM_Author_Reproducibility_Archive.zip!/Source_Reproducibility/Original_Source_Packages/Additional_file_4_Clinical_Evidence_and_Analysis_Code.zip,Source_Data/Virtual_Knockout/parts/Hepatocyte__20260911__FGFR4.csv.gz,data/Additional_file_4_Clinical_Evidence_and_Analysis_Code/Source_Data/Virtual_Knockout/parts/Hepatocyte__20260911__FGFR4.csv.gz,retained_byte_identical,28163,b0bc5b48e020da8f2e243279df6bf8ff7c4347b15d7f14bfd8ed195ded2ff288
JCM_Author_Reproducibility_Archive.zip!/Source_Reproducibility/Original_Source_Packages/Additional_file_4_Clinical_Evidence_and_Analysis_Code.zip,Source_Data/Virtual_Knockout/parts/Hepatocyte__20260911__FLT1.csv.gz,data/Additional_file_4_Clinical_Evidence_and_Analysis_Code/Source_Data/Virtual_Knockout/parts/Hepatocyte__20260911__FLT1.csv.gz,retained_byte_identical,28427,534923025b940eda5e4ada2aa4a540e71cefea0752c6f9608e7f4981904352d2
JCM_Author_Reproducibility_Archive.zip!/Source_Reproducibility/Original_Source_Packages/Additional_file_4_Clinical_Evidence_and_Analysis_Code.zip,Source_Data/Virtual_Knockout/parts/Hepatocyte__20260911__GSTA1.csv.gz,data/Additional_file_4_Clinical_Evidence_and_Analysis_Code/Source_Data/Virtual_Knockout/parts/Hepatocyte__20260911__GSTA1.csv.gz,retained_byte_identical,27238,30f59d5082f9be48c4f291ec473bb0dc916b481588ce33e05103d0b48d1289f4
JCM_Author_Reproducibility_Archive.zip!/Source_Reproducibility/Original_Source_Packages/Additional_file_4_Clinical_Evidence_and_Analysis_Code.zip,Source_Data/Virtual_Knockout/parts/Hepatocyte__20260911__HPD.csv.gz,data/Additional_file_4_Clinical_Evidence_and_Analysis_Code/Source_Data/Virtual_Knockout/parts/Hepatocyte__20260911__HPD.csv.gz,retained_byte_identical,27202,ff68e649a506d15735028963b8f5c3801605960564de851e279ae52d2c5780ed
JCM_Author_Reproducibility_Archive.zip!/Source_Reproducibility/Original_Source_Packages/Additional_file_4_Clinical_Evidence_and_Analysis_Code.zip,Source_Data/Virtual_Knockout/parts/Hepatocyte__20260911__JAK1.csv.gz,data/Additional_file_4_Clinical_Evidence_and_Analysis_Code/Source_Data/Virtual_Knockout/parts/Hepatocyte__20260911__JAK1.csv.gz,retained_byte_identical,28153,c78e04c7624c26e2f9fade14b3ff811f5ba31d2104977da9d37b699edee2f0ef
JCM_Author_Reproducibility_Archive.zip!/Source_Reproducibility/Original_Source_Packages/Additional_file_4_Clinical_Evidence_and_Analysis_Code.zip,Source_Data/Virtual_Knockout/parts/Hepatocyte__20260911__KDR+FLT1+FGFR2+FGFR3.csv.gz,data/Additional_file_4_Clinical_Evidence_and_Analysis_Code/Source_Data/Virtual_Knockout/parts/Hepatocyte__20260911__KDR+FLT1+FGFR2+FGFR3.csv.gz,retained_byte_identical,28535,f961f157a8b2a88d1fb8f47b83b6695e94af9b0ad582b25d7cb3fcd1dd3321ca
JCM_Author_Reproducibility_Archive.zip!/Source_Reproducibility/Original_Source_Packages/Additional_file_4_Clinical_Evidence_and_Analysis_Code.zip,Source_Data/Virtual_Knockout/parts/Hepatocyte__20260911__KDR.csv.gz,data/Additional_file_4_Clinical_Evidence_and_Analysis_Code/Source_Data/Virtual_Knockout/parts/Hepatocyte__20260911__KDR.csv.gz,retained_byte_identical,28160,8c0c4aadc3e3839a569ea64da737964272fba119c99ab85ba86a402d4f777c3a
JCM_Author_Reproducibility_Archive.zip!/Source_Reproducibility/Original_Source_Packages/Additional_file_4_Clinical_Evidence_and_Analysis_Code.zip,Source_Data/Virtual_Knockout/parts/Hepatocyte__20260911__LECT2.csv.gz,data/Additional_file_4_Clinical_Evidence_and_Analysis_Code/Source_Data/Virtual_Knockout/parts/Hepatocyte__20260911__LECT2.csv.gz,retained_byte_identical,28240,a8acccf129989c4754a4a2c4e75f09bfc9e29a3bca1959e1b595471d4af655e9
JCM_Author_Reproducibility_Archive.zip!/Source_Reproducibility/Original_Source_Packages/Additional_file_4_Clinical_Evidence_and_Analysis_Code.zip,Source_Data/Virtual_Knockout/parts/Hepatocyte__20260911__LYN.csv.gz,data/Additional_file_4_Clinical_Evidence_and_Analysis_Code/Source_Data/Virtual_Knockout/parts/Hepatocyte__20260911__LYN.csv.gz,retained_byte_identical,28310,b4077cf5235e13623894826ca132b7009c4ed8cb9bf2b7741c85dc27f6e24a43
JCM_Author_Reproducibility_Archive.zip!/Source_Reproducibility/Original_Source_Packages/Additional_file_4_Clinical_Evidence_and_Analysis_Code.zip,Source_Data/Virtual_Knockout/parts/Hepatocyte__20260911__MET.csv.gz,data/Additional_file_4_Clinical_Evidence_and_Analysis_Code/Source_Data/Virtual_Knockout/parts/Hepatocyte__20260911__MET.csv.gz,retained_byte_identical,28249,56b69628154fdafb29346bad783be905c6a48b24115aa1cbb21aa2475ea2fd8d
JCM_Author_Reproducibility_Archive.zip!/Source_Reproducibility/Original_Source_Packages/Additional_file_4_Clinical_Evidence_and_Analysis_Code.zip,Source_Data/Virtual_Knockout/parts/Hepatocyte__20260911__OTC.csv.gz,data/Additional_file_4_Clinical_Evidence_and_Analysis_Code/Source_Data/Virtual_Knockout/parts/Hepatocyte__20260911__OTC.csv.gz,retained_byte_identical,28484,b266d034f2ae9c10c7bd8e08460a8bbe838b4a3673b7373cfdb6e5e5d976c3fa
JCM_Author_Reproducibility_Archive.zip!/Source_Reproducibility/Original_Source_Packages/Additional_file_4_Clinical_Evidence_and_Analysis_Code.zip,Source_Data/Virtual_Knockout/parts/Hepatocyte__20260911__PCK2.csv.gz,data/Additional_file_4_Clinical_Evidence_and_Analysis_Code/Source_Data/Virtual_Knockout/parts/Hepatocyte__20260911__PCK2.csv.gz,retained_byte_identical,27231,3a0db6ce45d7aab45ab4c6ef4b809d8d5027c4464ab9c94d1314c941bfd1d7a6
JCM_Author_Reproducibility_Archive.zip!/Source_Reproducibility/Original_Source_Packages/Additional_file_4_Clinical_Evidence_and_Analysis_Code.zip,Source_Data/Virtual_Knockout/parts/Hepatocyte__20260911__TYK2.csv.gz,data/Additional_file_4_Clinical_Evidence_and_Analysis_Code/Source_Data/Virtual_Knockout/parts/Hepatocyte__20260911__TYK2.csv.gz,retained_byte_identical,28243,ca6453a37720601260cbe09297afe70b4ac4f7442da9f4f6c0cf38c1d43f3841
JCM_Author_Reproducibility_Archive.zip!/Source_Reproducibility/Original_Source_Packages/Additional_file_4_Clinical_Evidence_and_Analysis_Code.zip,Source_Data/Virtual_Knockout/parts/Hepatocyte__20260918__ABL1.csv.gz,data/Additional_file_4_Clinical_Evidence_and_Analysis_Code/Source_Data/Virtual_Knockout/parts/Hepatocyte__20260918__ABL1.csv.gz,retained_byte_identical,28685,9737c1179ddab3ac31ba6513105d4aef502e50d15c8475ae3a70ed5cee6a1207
JCM_Author_Reproducibility_Archive.zip!/Source_Reproducibility/Original_Source_Packages/Additional_file_4_Clinical_Evidence_and_Analysis_Code.zip,Source_Data/Virtual_Knockout/parts/Hepatocyte__20260918__ACO1.csv.gz,data/Additional_file_4_Clinical_Evidence_and_Analysis_Code/Source_Data/Virtual_Knockout/parts/Hepatocyte__20260918__ACO1.csv.gz,retained_byte_identical,28758,ea343136fc75029e7414ad5d5336da4e784332b84da15e16960ed63074408d92
JCM_Author_Reproducibility_Archive.zip!/Source_Reproducibility/Original_Source_Packages/Additional_file_4_Clinical_Evidence_and_Analysis_Code.zip,Source_Data/Virtual_Knockout/parts/Hepatocyte__20260918__ALDOB.csv.gz,data/Additional_file_4_Clinical_Evidence_and_Analysis_Code/Source_Data/Virtual_Knockout/parts/Hepatocyte__20260918__ALDOB.csv.gz,retained_byte_identical,27528,38d3a34cd65df630d33e790e5edcc2a22005444d20e222fb080005c08eaa9dd0
JCM_Author_Reproducibility_Archive.zip!/Source_Reproducibility/Original_Source_Packages/Additional_file_4_Clinical_Evidence_and_Analysis_Code.zip,Source_Data/Virtual_Knockout/parts/Hepatocyte__20260918__ASS1.csv.gz,data/Additional_file_4_Clinical_Evidence_and_Analysis_Code/Source_Data/Virtual_Knockout/parts/Hepatocyte__20260918__ASS1.csv.gz,retained_byte_identical,27486,4c2010b2169ab76898e4c57bbfbe4c59d9066f1d329da10cc18de6ad8a74c355
JCM_Author_Reproducibility_Archive.zip!/Source_Reproducibility/Original_Source_Packages/Additional_file_4_Clinical_Evidence_and_Analysis_Code.zip,Source_Data/Virtual_Knockout/parts/Hepatocyte__20260918__CDK4.csv.gz,data/Additional_file_4_Clinical_Evidence_and_Analysis_Code/Source_Data/Virtual_Knockout/parts/Hepatocyte__20260918__CDK4.csv.gz,retained_byte_identical,28690,3bb1883b1f15f9083098c9129e212ea8f8c89b3d9db43413bec8cde817180761
JCM_Author_Reproducibility_Archive.zip!/Source_Reproducibility/Original_Source_Packages/Additional_file_4_Clinical_Evidence_and_Analysis_Code.zip,Source_Data/Virtual_Knockout/parts/Hepatocyte__20260918__CES1.csv.gz,data/Additional_file_4_Clinical_Evidence_and_Analysis_Code/Source_Data/Virtual_Knockout/parts/Hepatocyte__20260918__CES1.csv.gz,retained_byte_identical,27742,66d41e71efc3dae14847024a7f22dbaa230c6124fc03f9e8f1a25bf3ee26c369
JCM_Author_Reproducibility_Archive.zip!/Source_Reproducibility/Original_Source_Packages/Additional_file_4_Clinical_Evidence_and_Analysis_Code.zip,Source_Data/Virtual_Knockout/parts/Hepatocyte__20260918__CPS1.csv.gz,data/Additional_file_4_Clinical_Evidence_and_Analysis_Code/Source_Data/Virtual_Knockout/parts/Hepatocyte__20260918__CPS1.csv.gz,retained_byte_identical,27571,ba972e3b85adefdc51180410e8dcee0b9ed7e4c1fd659c1c6ec6eda475c0de04
JCM_Author_Reproducibility_Archive.zip!/Source_Reproducibility/Original_Source_Packages/Additional_file_4_Clinical_Evidence_and_Analysis_Code.zip,Source_Data/Virtual_Knockout/parts/Hepatocyte__20260918__DMGDH.csv.gz,data/Additional_file_4_Clinical_Evidence_and_Analysis_Code/Source_Data/Virtual_Knockout/parts/Hepatocyte__20260918__DMGDH.csv.gz,retained_byte_identical,27710,b0334c4cf0c7351d000e39d15b6c953f2b5cc955640733aee79006887dfbe849
JCM_Author_Reproducibility_Archive.zip!/Source_Reproducibility/Original_Source_Packages/Additional_file_4_Clinical_Evidence_and_Analysis_Code.zip,Source_Data/Virtual_Knockout/parts/Hepatocyte__20260918__FAH.csv.gz,data/Additional_file_4_Clinical_Evidence_and_Analysis_Code/Source_Data/Virtual_Knockout/parts/Hepatocyte__20260918__FAH.csv.gz,retained_byte_identical,28658,231858b0d9bd0f62653084fd99f4e467f1f1996595504b375e28bb680de50540
JCM_Author_Reproducibility_Archive.zip!/Source_Reproducibility/Original_Source_Packages/Additional_file_4_Clinical_Evidence_and_Analysis_Code.zip,Source_Data/Virtual_Knockout/parts/Hepatocyte__20260918__FBP1.csv.gz,data/Additional_file_4_Clinical_Evidence_and_Analysis_Code/Source_Data/Virtual_Knockout/parts/Hepatocyte__20260918__FBP1.csv.gz,retained_byte_identical,27513,a0ec47c6f607822485f169a61533a28c771f2b5a77c072f4e73fa59ced7b5938
JCM_Author_Reproducibility_Archive.zip!/Source_Reproducibility/Original_Source_Packages/Additional_file_4_Clinical_Evidence_and_Analysis_Code.zip,Source_Data/Virtual_Knockout/parts/Hepatocyte__20260918__FGFR2.csv.gz,data/Additional_file_4_Clinical_Evidence_and_Analysis_Code/Source_Data/Virtual_Knockout/parts/Hepatocyte__20260918__FGFR2.csv.gz,retained_byte_identical,28807,767c86440290cb2fe9070074fae363ab6d69fb713748d835f8f1fb16b0901a43
JCM_Author_Reproducibility_Archive.zip!/Source_Reproducibility/Original_Source_Packages/Additional_file_4_Clinical_Evidence_and_Analysis_Code.zip,Source_Data/Virtual_Knockout/parts/Hepatocyte__20260918__FGFR3.csv.gz,data/Additional_file_4_Clinical_Evidence_and_Analysis_Code/Source_Data/Virtual_Knockout/parts/Hepatocyte__20260918__FGFR3.csv.gz,retained_byte_identical,27572,670b6b97bf7e99e9f52b59d24a947c37db8e521df660d5f1369f960187c513fe
JCM_Author_Reproducibility_Archive.zip!/Source_Reproducibility/Original_Source_Packages/Additional_file_4_Clinical_Evidence_and_Analysis_Code.zip,Source_Data/Virtual_Knockout/parts/Hepatocyte__20260918__FGFR4.csv.gz,data/Additional_file_4_Clinical_Evidence_and_Analysis_Code/Source_Data/Virtual_Knockout/parts/Hepatocyte__20260918__FGFR4.csv.gz,retained_byte_identical,28809,9b49c271d643c082d2af6fe5252843ca11f3e9d356b7332ab591c20c12d7c775
JCM_Author_Reproducibility_Archive.zip!/Source_Reproducibility/Original_Source_Packages/Additional_file_4_Clinical_Evidence_and_Analysis_Code.zip,Source_Data/Virtual_Knockout/parts/Hepatocyte__20260918__FLT1.csv.gz,data/Additional_file_4_Clinical_Evidence_and_Analysis_Code/Source_Data/Virtual_Knockout/parts/Hepatocyte__20260918__FLT1.csv.gz,retained_byte_identical,28602,fd2f39e2488fcce1f235fb6cdbc4fb7c6e31a09cd8790beb358ec854bd4def34
JCM_Author_Reproducibility_Archive.zip!/Source_Reproducibility/Original_Source_Packages/Additional_file_4_Clinical_Evidence_and_Analysis_Code.zip,Source_Data/Virtual_Knockout/parts/Hepatocyte__20260918__GSTA1.csv.gz,data/Additional_file_4_Clinical_Evidence_and_Analysis_Code/Source_Data/Virtual_Knockout/parts/Hepatocyte__20260918__GSTA1.csv.gz,retained_byte_identical,27689,e4e6b3ed1fddfb6a3b4ea53778e78a1e835624bb8ccf5185f836f4755ad61df0
JCM_Author_Reproducibility_Archive.zip!/Source_Reproducibility/Original_Source_Packages/Additional_file_4_Clinical_Evidence_and_Analysis_Code.zip,Source_Data/Virtual_Knockout/parts/Hepatocyte__20260918__HPD.csv.gz,data/Additional_file_4_Clinical_Evidence_and_Analysis_Code/Source_Data/Virtual_Knockout/parts/Hepatocyte__20260918__HPD.csv.gz,retained_byte_identical,28727,a9e74f6fa410b9103c0bff22e4d3b474bfb6d25618b902d68e854eb7e2b52094
JCM_Author_Reproducibility_Archive.zip!/Source_Reproducibility/Original_Source_Packages/Additional_file_4_Clinical_Evidence_and_Analysis_Code.zip,Source_Data/Virtual_Knockout/parts/Hepatocyte__20260918__JAK1.csv.gz,data/Additional_file_4_Clinical_Evidence_and_Analysis_Code/Source_Data/Virtual_Knockout/parts/Hepatocyte__20260918__JAK1.csv.gz,retained_byte_identical,28753,8a987e8778ae83d26a542ecdcbf3dec4734a41061157f681e913a62857d94616
JCM_Author_Reproducibility_Archive.zip!/Source_Reproducibility/Original_Source_Packages/Additional_file_4_Clinical_Evidence_and_Analysis_Code.zip,Source_Data/Virtual_Knockout/parts/Hepatocyte__20260918__KDR+FLT1+FGFR2+FGFR3.csv.gz,data/Additional_file_4_Clinical_Evidence_and_Analysis_Code/Source_Data/Virtual_Knockout/parts/Hepatocyte__20260918__KDR+FLT1+FGFR2+FGFR3.csv.gz,retained_byte_identical,27733,00f464568c185d2620a080ceb6980b1c54d4f63e77281bf8662ae462ddfcf7bc
JCM_Author_Reproducibility_Archive.zip!/Source_Reproducibility/Original_Source_Packages/Additional_file_4_Clinical_Evidence_and_Analysis_Code.zip,Source_Data/Virtual_Knockout/parts/Hepatocyte__20260918__KDR.csv.gz,data/Additional_file_4_Clinical_Evidence_and_Analysis_Code/Source_Data/Virtual_Knockout/parts/Hepatocyte__20260918__KDR.csv.gz,retained_byte_identical,28608,1846b1f9f1994a509b722fee8ed34ce57f78a0bdff55768dba0ff23c71bbc1f7
JCM_Author_Reproducibility_Archive.zip!/Source_Reproducibility/Original_Source_Packages/Additional_file_4_Clinical_Evidence_and_Analysis_Code.zip,Source_Data/Virtual_Knockout/parts/Hepatocyte__20260918__LECT2.csv.gz,data/Additional_file_4_Clinical_Evidence_and_Analysis_Code/Source_Data/Virtual_Knockout/parts/Hepatocyte__20260918__LECT2.csv.gz,retained_byte_identical,27565,05231f3ad05d74963e77872c27fe9326749e21705f2b585b9a518dfb08ab61cf
JCM_Author_Reproducibility_Archive.zip!/Source_Reproducibility/Original_Source_Packages/Additional_file_4_Clinical_Evidence_and_Analysis_Code.zip,Source_Data/Virtual_Knockout/parts/Hepatocyte__20260918__LYN.csv.gz,data/Additional_file_4_Clinical_Evidence_and_Analysis_Code/Source_Data/Virtual_Knockout/parts/Hepatocyte__20260918__LYN.csv.gz,retained_byte_identical,28565,825440a692dd904d76e0f3d81224915876e8fcd623094417395c5e7eed5eb387
JCM_Author_Reproducibility_Archive.zip!/Source_Reproducibility/Original_Source_Packages/Additional_file_4_Clinical_Evidence_and_Analysis_Code.zip,Source_Data/Virtual_Knockout/parts/Hepatocyte__20260918__MET.csv.gz,data/Additional_file_4_Clinical_Evidence_and_Analysis_Code/Source_Data/Virtual_Knockout/parts/Hepatocyte__20260918__MET.csv.gz,retained_byte_identical,28727,df4f792dea83c5eaaf3481366517d932a73c64dab9ef6d7d5d14638265380235
JCM_Author_Reproducibility_Archive.zip!/Source_Reproducibility/Original_Source_Packages/Additional_file_4_Clinical_Evidence_and_Analysis_Code.zip,Source_Data/Virtual_Knockout/parts/Hepatocyte__20260918__OTC.csv.gz,data/Additional_file_4_Clinical_Evidence_and_Analysis_Code/Source_Data/Virtual_Knockout/parts/Hepatocyte__20260918__OTC.csv.gz,retained_byte_identical,28668,ffb707e4fe8fc9089caa01bf70ba27773518ac6945ab8db8c5349ca1e9c7df3e
JCM_Author_Reproducibility_Archive.zip!/Source_Reproducibility/Original_Source_Packages/Additional_file_4_Clinical_Evidence_and_Analysis_Code.zip,Source_Data/Virtual_Knockout/parts/Hepatocyte__20260918__PCK2.csv.gz,data/Additional_file_4_Clinical_Evidence_and_Analysis_Code/Source_Data/Virtual_Knockout/parts/Hepatocyte__20260918__PCK2.csv.gz,retained_byte_identical,27704,5cb8313efabde2218b2f59c1df0fed9abcbbf712f4b06a5f4dc314bc8aadd7fb
JCM_Author_Reproducibility_Archive.zip!/Source_Reproducibility/Original_Source_Packages/Additional_file_4_Clinical_Evidence_and_Analysis_Code.zip,Source_Data/Virtual_Knockout/parts/Hepatocyte__20260918__TYK2.csv.gz,data/Additional_file_4_Clinical_Evidence_and_Analysis_Code/Source_Data/Virtual_Knockout/parts/Hepatocyte__20260918__TYK2.csv.gz,retained_byte_identical,28636,c2f5d5d9bf653dd2ebc718bede1fcfaf151f4266b1fe1239c26dac269be0f58f
JCM_Author_Reproducibility_Archive.zip!/Source_Reproducibility/Original_Source_Packages/Additional_file_4_Clinical_Evidence_and_Analysis_Code.zip,Source_Data/Virtual_Knockout/parts/Macrophage__20260904__ABL1.csv.gz,data/Additional_file_4_Clinical_Evidence_and_Analysis_Code/Source_Data/Virtual_Knockout/parts/Macrophage__20260904__ABL1.csv.gz,retained_byte_identical,26796,c80d41f221ea6d4542bbae0084c416fc0a2ceed15eb5a210d1d01d30cedc4e10
JCM_Author_Reproducibility_Archive.zip!/Source_Reproducibility/Original_Source_Packages/Additional_file_4_Clinical_Evidence_and_Analysis_Code.zip,Source_Data/Virtual_Knockout/parts/Macrophage__20260904__ACO1.csv.gz,data/Additional_file_4_Clinical_Evidence_and_Analysis_Code/Source_Data/Virtual_Knockout/parts/Macrophage__20260904__ACO1.csv.gz,retained_byte_identical,27172,02eb9e1a1a900348dbe71f45814c68f26dd0dace66fffa54a3f17398cf263471
JCM_Author_Reproducibility_Archive.zip!/Source_Reproducibility/Original_Source_Packages/Additional_file_4_Clinical_Evidence_and_Analysis_Code.zip,Source_Data/Virtual_Knockout/parts/Macrophage__20260904__ALDOB.csv.gz,data/Additional_file_4_Clinical_Evidence_and_Analysis_Code/Source_Data/Virtual_Knockout/parts/Macrophage__20260904__ALDOB.csv.gz,retained_byte_identical,27122,9af563b52819ada26b0a747516ae533d102820a3505acc51133ff1c0f3305f40
JCM_Author_Reproducibility_Archive.zip!/Source_Reproducibility/Original_Source_Packages/Additional_file_4_Clinical_Evidence_and_Analysis_Code.zip,Source_Data/Virtual_Knockout/parts/Macrophage__20260904__ASS1.csv.gz,data/Additional_file_4_Clinical_Evidence_and_Analysis_Code/Source_Data/Virtual_Knockout/parts/Macrophage__20260904__ASS1.csv.gz,retained_byte_identical,27244,d0e76746d75d33d967fbb4e7fc302abd0e0b5453a3eb45749f0040645e4fffb5
JCM_Author_Reproducibility_Archive.zip!/Source_Reproducibility/Original_Source_Packages/Additional_file_4_Clinical_Evidence_and_Analysis_Code.zip,Source_Data/Virtual_Knockout/parts/Macrophage__20260904__AXL.csv.gz,data/Additional_file_4_Clinical_Evidence_and_Analysis_Code/Source_Data/Virtual_Knockout/parts/Macrophage__20260904__AXL.csv.gz,retained_byte_identical,27159,8a43591934a890f21751fcc5cdb729d854234d03f1b0635c04c5a33ac99313ed
JCM_Author_Reproducibility_Archive.zip!/Source_Reproducibility/Original_Source_Packages/Additional_file_4_Clinical_Evidence_and_Analysis_Code.zip,Source_Data/Virtual_Knockout/parts/Macrophage__20260904__CDK4.csv.gz,data/Additional_file_4_Clinical_Evidence_and_Analysis_Code/Source_Data/Virtual_Knockout/parts/Macrophage__20260904__CDK4.csv.gz,retained_byte_identical,26927,46c0bf63ba46830258d12d2a7e45ae545cda94b1ccab110aca6d1ad844181366
JCM_Author_Reproducibility_Archive.zip!/Source_Reproducibility/Original_Source_Packages/Additional_file_4_Clinical_Evidence_and_Analysis_Code.zip,Source_Data/Virtual_Knockout/parts/Macrophage__20260904__CES1.csv.gz,data/Additional_file_4_Clinical_Evidence_and_Analysis_Code/Source_Data/Virtual_Knockout/parts/Macrophage__20260904__CES1.csv.gz,retained_byte_identical,27948,146d9304589b08967b6d2ad3e02b226ebd916540505a3b5b4279a6c2a1369cab
JCM_Author_Reproducibility_Archive.zip!/Source_Reproducibility/Original_Source_Packages/Additional_file_4_Clinical_Evidence_and_Analysis_Code.zip,Source_Data/Virtual_Knockout/parts/Macrophage__20260904__CPS1.csv.gz,data/Additional_file_4_Clinical_Evidence_and_Analysis_Code/Source_Data/Virtual_Knockout/parts/Macrophage__20260904__CPS1.csv.gz,retained_byte_identical,27264,0f56566a020d68829a10cb4e8d6a0bb70a4d7a1dd237e24bad2b3726e2087a30
JCM_Author_Reproducibility_Archive.zip!/Source_Reproducibility/Original_Source_Packages/Additional_file_4_Clinical_Evidence_and_Analysis_Code.zip,Source_Data/Virtual_Knockout/parts/Macrophage__20260904__FAH.csv.gz,data/Additional_file_4_Clinical_Evidence_and_Analysis_Code/Source_Data/Virtual_Knockout/parts/Macrophage__20260904__FAH.csv.gz,retained_byte_identical,27890,d05a4c02257c429adf3d6adb17607ab3fa041602f4c5f03df575ba4a14edec34
JCM_Author_Reproducibility_Archive.zip!/Source_Reproducibility/Original_Source_Packages/Additional_file_4_Clinical_Evidence_and_Analysis_Code.zip,Source_Data/Virtual_Knockout/parts/Macrophage__20260904__FBP1.csv.gz,data/Additional_file_4_Clinical_Evidence_and_Analysis_Code/Source_Data/Virtual_Knockout/parts/Macrophage__20260904__FBP1.csv.gz,retained_byte_identical,28154,bab1357a2458a4df4bc6c5794cdfb4a8fcd6834b5a8f0538383aca19e4d8f950
JCM_Author_Reproducibility_Archive.zip!/Source_Reproducibility/Original_Source_Packages/Additional_file_4_Clinical_Evidence_and_Analysis_Code.zip,Source_Data/Virtual_Knockout/parts/Macrophage__20260904__FGFR1.csv.gz,data/Additional_file_4_Clinical_Evidence_and_Analysis_Code/Source_Data/Virtual_Knockout/parts/Macrophage__20260904__FGFR1.csv.gz,retained_byte_identical,28165,a32693779ce321f6a08fde04249d9cc6cf864d98c8ef41d53ebc810d0841307e
JCM_Author_Reproducibility_Archive.zip!/Source_Reproducibility/Original_Source_Packages/Additional_file_4_Clinical_Evidence_and_Analysis_Code.zip,Source_Data/Virtual_Knockout/parts/Macrophage__20260904__FLT1.csv.gz,data/Additional_file_4_Clinical_Evidence_and_Analysis_Code/Source_Data/Virtual_Knockout/parts/Macrophage__20260904__FLT1.csv.gz,retained_byte_identical,28074,a2ff7ee37bb0bdad64f41e225e9d8fccdc5c60acb753056f8a24a87004f1e08d
JCM_Author_Reproducibility_Archive.zip!/Source_Reproducibility/Original_Source_Packages/Additional_file_4_Clinical_Evidence_and_Analysis_Code.zip,Source_Data/Virtual_Knockout/parts/Macrophage__20260904__FLT3.csv.gz,data/Additional_file_4_Clinical_Evidence_and_Analysis_Code/Source_Data/Virtual_Knockout/parts/Macrophage__20260904__FLT3.csv.gz,retained_byte_identical,26729,89b2eeaf2bc608c99183eefb8774f26d9a738e0cab6404a97302e539c0b4a324
JCM_Author_Reproducibility_Archive.zip!/Source_Reproducibility/Original_Source_Packages/Additional_file_4_Clinical_Evidence_and_Analysis_Code.zip,Source_Data/Virtual_Knockout/parts/Macrophage__20260904__GSTA1.csv.gz,data/Additional_file_4_Clinical_Evidence_and_Analysis_Code/Source_Data/Virtual_Knockout/parts/Macrophage__20260904__GSTA1.csv.gz,retained_byte_identical,27917,dbb0b32bf901e8025ae712761ec113158c282866ba0c00b872fb3b79ceac84f6
JCM_Author_Reproducibility_Archive.zip!/Source_Reproducibility/Original_Source_Packages/Additional_file_4_Clinical_Evidence_and_Analysis_Code.zip,Source_Data/Virtual_Knockout/parts/Macrophage__20260904__HPD.csv.gz,data/Additional_file_4_Clinical_Evidence_and_Analysis_Code/Source_Data/Virtual_Knockout/parts/Macrophage__20260904__HPD.csv.gz,retained_byte_identical,27962,8879bd4683f782874095464e257892122340b8f864b133001abef18843a322cf
JCM_Author_Reproducibility_Archive.zip!/Source_Reproducibility/Original_Source_Packages/Additional_file_4_Clinical_Evidence_and_Analysis_Code.zip,Source_Data/Virtual_Knockout/parts/Macrophage__20260904__JAK1.csv.gz,data/Additional_file_4_Clinical_Evidence_and_Analysis_Code/Source_Data/Virtual_Knockout/parts/Macrophage__20260904__JAK1.csv.gz,retained_byte_identical,27173,cdc20db23f336f7132a46d1b0a78d3fc228278ba6a22b851edb57af50d77cdf1
JCM_Author_Reproducibility_Archive.zip!/Source_Reproducibility/Original_Source_Packages/Additional_file_4_Clinical_Evidence_and_Analysis_Code.zip,Source_Data/Virtual_Knockout/parts/Macrophage__20260904__KDR+FLT1+FGFR1.csv.gz,data/Additional_file_4_Clinical_Evidence_and_Analysis_Code/Source_Data/Virtual_Knockout/parts/Macrophage__20260904__KDR+FLT1+FGFR1.csv.gz,retained_byte_identical,28206,786f63dc0ef3f6da78b2503fd43efca57e9089694b02f7099e03cebc1005fd8a
JCM_Author_Reproducibility_Archive.zip!/Source_Reproducibility/Original_Source_Packages/Additional_file_4_Clinical_Evidence_and_Analysis_Code.zip,Source_Data/Virtual_Knockout/parts/Macrophage__20260904__KDR.csv.gz,data/Additional_file_4_Clinical_Evidence_and_Analysis_Code/Source_Data/Virtual_Knockout/parts/Macrophage__20260904__KDR.csv.gz,retained_byte_identical,28090,5eb5fcdd52596211ff7f7c7cc4f513e1e91da626f7737ec110123a4adc221d31
JCM_Author_Reproducibility_Archive.zip!/Source_Reproducibility/Original_Source_Packages/Additional_file_4_Clinical_Evidence_and_Analysis_Code.zip,Source_Data/Virtual_Knockout/parts/Macrophage__20260904__LRRK2.csv.gz,data/Additional_file_4_Clinical_Evidence_and_Analysis_Code/Source_Data/Virtual_Knockout/parts/Macrophage__20260904__LRRK2.csv.gz,retained_byte_identical,27245,b971e5a6367e9ee4cb85fb213273551143a1040ccbf3e15b18191eeae97902c7
JCM_Author_Reproducibility_Archive.zip!/Source_Reproducibility/Original_Source_Packages/Additional_file_4_Clinical_Evidence_and_Analysis_Code.zip,Source_Data/Virtual_Knockout/parts/Macrophage__20260904__LYN.csv.gz,data/Additional_file_4_Clinical_Evidence_and_Analysis_Code/Source_Data/Virtual_Knockout/parts/Macrophage__20260904__LYN.csv.gz,retained_byte_identical,28174,a39503d999a89b509013fe9b5aeedd2a0873bfb3885aa726f30cf0cdadd18ae5
JCM_Author_Reproducibility_Archive.zip!/Source_Reproducibility/Original_Source_Packages/Additional_file_4_Clinical_Evidence_and_Analysis_Code.zip,Source_Data/Virtual_Knockout/parts/Macrophage__20260904__PCK2.csv.gz,data/Additional_file_4_Clinical_Evidence_and_Analysis_Code/Source_Data/Virtual_Knockout/parts/Macrophage__20260904__PCK2.csv.gz,retained_byte_identical,27976,56d3fb0362282a0f4ef7067737d4e62dd818eb0c9fc24ad200440ed8c67a4668
JCM_Author_Reproducibility_Archive.zip!/Source_Reproducibility/Original_Source_Packages/Additional_file_4_Clinical_Evidence_and_Analysis_Code.zip,Source_Data/Virtual_Knockout/parts/Macrophage__20260904__TYK2.csv.gz,data/Additional_file_4_Clinical_Evidence_and_Analysis_Code/Source_Data/Virtual_Knockout/parts/Macrophage__20260904__TYK2.csv.gz,retained_byte_identical,28161,e0c7f382625845255a707e9febae675cce34a39a054bf40f6d6e3a68ce58f506
JCM_Author_Reproducibility_Archive.zip!/Source_Reproducibility/Original_Source_Packages/Additional_file_4_Clinical_Evidence_and_Analysis_Code.zip,Source_Data/Virtual_Knockout/parts/Macrophage__20260911__ABL1.csv.gz,data/Additional_file_4_Clinical_Evidence_and_Analysis_Code/Source_Data/Virtual_Knockout/parts/Macrophage__20260911__ABL1.csv.gz,retained_byte_identical,27302,5b9a98063e935bb62c6bc199b3ed27349e0dfb13771df705c66610c84197e41a
JCM_Author_Reproducibility_Archive.zip!/Source_Reproducibility/Original_Source_Packages/Additional_file_4_Clinical_Evidence_and_Analysis_Code.zip,Source_Data/Virtual_Knockout/parts/Macrophage__20260911__ACO1.csv.gz,data/Additional_file_4_Clinical_Evidence_and_Analysis_Code/Source_Data/Virtual_Knockout/parts/Macrophage__20260911__ACO1.csv.gz,retained_byte_identical,28270,faf32d7fbe1c06ed68348be980da71a6967fd23909f2cf7526e2a3abb349861f
JCM_Author_Reproducibility_Archive.zip!/Source_Reproducibility/Original_Source_Packages/Additional_file_4_Clinical_Evidence_and_Analysis_Code.zip,Source_Data/Virtual_Knockout/parts/Macrophage__20260911__ALDOB.csv.gz,data/Additional_file_4_Clinical_Evidence_and_Analysis_Code/Source_Data/Virtual_Knockout/parts/Macrophage__20260911__ALDOB.csv.gz,retained_byte_identical,28007,ac5dd78af1a372a209c44c5fd8fd350f95e2acbddfc2a48e5c3f2dec1eb27e51
JCM_Author_Reproducibility_Archive.zip!/Source_Reproducibility/Original_Source_Packages/Additional_file_4_Clinical_Evidence_and_Analysis_Code.zip,Source_Data/Virtual_Knockout/parts/Macrophage__20260911__ASS1.csv.gz,data/Additional_file_4_Clinical_Evidence_and_Analysis_Code/Source_Data/Virtual_Knockout/parts/Macrophage__20260911__ASS1.csv.gz,retained_byte_identical,27245,331ef41805dbf3b18c33d33db3d0f258716f24d3fb22e957382e26744db55daf
JCM_Author_Reproducibility_Archive.zip!/Source_Reproducibility/Original_Source_Packages/Additional_file_4_Clinical_Evidence_and_Analysis_Code.zip,Source_Data/Virtual_Knockout/parts/Macrophage__20260911__AXL.csv.gz,data/Additional_file_4_Clinical_Evidence_and_Analysis_Code/Source_Data/Virtual_Knockout/parts/Macrophage__20260911__AXL.csv.gz,retained_byte_identical,27368,4477d3e5676d356c5eea4910b0f869176b72700eff35643b59596a48c2dd2af5
JCM_Author_Reproducibility_Archive.zip!/Source_Reproducibility/Original_Source_Packages/Additional_file_4_Clinical_Evidence_and_Analysis_Code.zip,Source_Data/Virtual_Knockout/parts/Macrophage__20260911__CDK4.csv.gz,data/Additional_file_4_Clinical_Evidence_and_Analysis_Code/Source_Data/Virtual_Knockout/parts/Macrophage__20260911__CDK4.csv.gz,retained_byte_identical,27988,05bae37e7826d38de21b291b6ce159ba1408f8039216d077c86f2c5c8f33e7f3
JCM_Author_Reproducibility_Archive.zip!/Source_Reproducibility/Original_Source_Packages/Additional_file_4_Clinical_Evidence_and_Analysis_Code.zip,Source_Data/Virtual_Knockout/parts/Macrophage__20260911__CES1.csv.gz,data/Additional_file_4_Clinical_Evidence_and_Analysis_Code/Source_Data/Virtual_Knockout/parts/Macrophage__20260911__CES1.csv.gz,retained_byte_identical,28059,21409f3b4b0472b4daea64639c66d5195f79a615520b7f8b8cb8ddf47cb3d821
JCM_Author_Reproducibility_Archive.zip!/Source_Reproducibility/Original_Source_Packages/Additional_file_4_Clinical_Evidence_and_Analysis_Code.zip,Source_Data/Virtual_Knockout/parts/Macrophage__20260911__CPS1.csv.gz,data/Additional_file_4_Clinical_Evidence_and_Analysis_Code/Source_Data/Virtual_Knockout/parts/Macrophage__20260911__CPS1.csv.gz,retained_byte_identical,28052,d73d22fff8b97bb80aa10ae3e515e219e44bfb9ae39ca8fec0980c220e55c386
JCM_Author_Reproducibility_Archive.zip!/Source_Reproducibility/Original_Source_Packages/Additional_file_4_Clinical_Evidence_and_Analysis_Code.zip,Source_Data/Virtual_Knockout/parts/Macrophage__20260911__FAH.csv.gz,data/Additional_file_4_Clinical_Evidence_and_Analysis_Code/Source_Data/Virtual_Knockout/parts/Macrophage__20260911__FAH.csv.gz,retained_byte_identical,27837,62190a2804e056914a56f121bf5cacd647d3aa31cc949409bc61594d574bef01
JCM_Author_Reproducibility_Archive.zip!/Source_Reproducibility/Original_Source_Packages/Additional_file_4_Clinical_Evidence_and_Analysis_Code.zip,Source_Data/Virtual_Knockout/parts/Macrophage__20260911__FBP1.csv.gz,data/Additional_file_4_Clinical_Evidence_and_Analysis_Code/Source_Data/Virtual_Knockout/parts/Macrophage__20260911__FBP1.csv.gz,retained_byte_identical,27088,4f6b52e6399a3a48653547710c5617288b5fba986cded282c020c8cd53b94c3d
JCM_Author_Reproducibility_Archive.zip!/Source_Reproducibility/Original_Source_Packages/Additional_file_4_Clinical_Evidence_and_Analysis_Code.zip,Source_Data/Virtual_Knockout/parts/Macrophage__20260911__FLT1.csv.gz,data/Additional_file_4_Clinical_Evidence_and_Analysis_Code/Source_Data/Virtual_Knockout/parts/Macrophage__20260911__FLT1.csv.gz,retained_byte_identical,27678,fa6b3d1f4fd8ba0d25480a66c087225fb4b0d58ce09d433f692a02c2c192ee17
JCM_Author_Reproducibility_Archive.zip!/Source_Reproducibility/Original_Source_Packages/Additional_file_4_Clinical_Evidence_and_Analysis_Code.zip,Source_Data/Virtual_Knockout/parts/Macrophage__20260911__FLT3.csv.gz,data/Additional_file_4_Clinical_Evidence_and_Analysis_Code/Source_Data/Virtual_Knockout/parts/Macrophage__20260911__FLT3.csv.gz,retained_byte_identical,27128,35a4e8922afe56cc685d845822f39e741d4b735f33c0fb684694958c29474c61
JCM_Author_Reproducibility_Archive.zip!/Source_Reproducibility/Original_Source_Packages/Additional_file_4_Clinical_Evidence_and_Analysis_Code.zip,Source_Data/Virtual_Knockout/parts/Macrophage__20260911__FLT4.csv.gz,data/Additional_file_4_Clinical_Evidence_and_Analysis_Code/Source_Data/Virtual_Knockout/parts/Macrophage__20260911__FLT4.csv.gz,retained_byte_identical,27985,c890bdfe94fa2b45ffe8e6a3fe210fc6c2161404d8cff23f16bf4fb87eb8abbf
JCM_Author_Reproducibility_Archive.zip!/Source_Reproducibility/Original_Source_Packages/Additional_file_4_Clinical_Evidence_and_Analysis_Code.zip,Source_Data/Virtual_Knockout/parts/Macrophage__20260911__GSTA1.csv.gz,data/Additional_file_4_Clinical_Evidence_and_Analysis_Code/Source_Data/Virtual_Knockout/parts/Macrophage__20260911__GSTA1.csv.gz,retained_byte_identical,28151,fa2fa2844ba88960c94375f41d24ccea0bbe26b91d8b981c95e5cf8b092e101b
JCM_Author_Reproducibility_Archive.zip!/Source_Reproducibility/Original_Source_Packages/Additional_file_4_Clinical_Evidence_and_Analysis_Code.zip,Source_Data/Virtual_Knockout/parts/Macrophage__20260911__HPD.csv.gz,data/Additional_file_4_Clinical_Evidence_and_Analysis_Code/Source_Data/Virtual_Knockout/parts/Macrophage__20260911__HPD.csv.gz,retained_byte_identical,27252,5ee5fe0d5ea06c3aad6de9f40e58fe03a65fb56adf8a098860e162c2faedb70f
JCM_Author_Reproducibility_Archive.zip!/Source_Reproducibility/Original_Source_Packages/Additional_file_4_Clinical_Evidence_and_Analysis_Code.zip,Source_Data/Virtual_Knockout/parts/Macrophage__20260911__JAK1.csv.gz,data/Additional_file_4_Clinical_Evidence_and_Analysis_Code/Source_Data/Virtual_Knockout/parts/Macrophage__20260911__JAK1.csv.gz,retained_byte_identical,28071,3fc0665f6e0e67b45532dd74495eba9a38d58b2373cb687a347900aea589f174
JCM_Author_Reproducibility_Archive.zip!/Source_Reproducibility/Original_Source_Packages/Additional_file_4_Clinical_Evidence_and_Analysis_Code.zip,Source_Data/Virtual_Knockout/parts/Macrophage__20260911__KDR+FLT1+FLT4.csv.gz,data/Additional_file_4_Clinical_Evidence_and_Analysis_Code/Source_Data/Virtual_Knockout/parts/Macrophage__20260911__KDR+FLT1+FLT4.csv.gz,retained_byte_identical,28398,9c7ea199853abe86d87d18096e464ba5665133f8678a514f0cc0f94a56e515d9
JCM_Author_Reproducibility_Archive.zip!/Source_Reproducibility/Original_Source_Packages/Additional_file_4_Clinical_Evidence_and_Analysis_Code.zip,Source_Data/Virtual_Knockout/parts/Macrophage__20260911__KDR.csv.gz,data/Additional_file_4_Clinical_Evidence_and_Analysis_Code/Source_Data/Virtual_Knockout/parts/Macrophage__20260911__KDR.csv.gz,retained_byte_identical,28029,6758ffd3b6e994c49cbd7204c66c8757d9b5445f72d004d47d2c70e899a7b526
JCM_Author_Reproducibility_Archive.zip!/Source_Reproducibility/Original_Source_Packages/Additional_file_4_Clinical_Evidence_and_Analysis_Code.zip,Source_Data/Virtual_Knockout/parts/Macrophage__20260911__LRRK2.csv.gz,data/Additional_file_4_Clinical_Evidence_and_Analysis_Code/Source_Data/Virtual_Knockout/parts/Macrophage__20260911__LRRK2.csv.gz,retained_byte_identical,27230,087575f8327348f176308cd3271d48cb0d7ec1755cbd94864a3813f3e959d99b
JCM_Author_Reproducibility_Archive.zip!/Source_Reproducibility/Original_Source_Packages/Additional_file_4_Clinical_Evidence_and_Analysis_Code.zip,Source_Data/Virtual_Knockout/parts/Macrophage__20260911__LYN.csv.gz,data/Additional_file_4_Clinical_Evidence_and_Analysis_Code/Source_Data/Virtual_Knockout/parts/Macrophage__20260911__LYN.csv.gz,retained_byte_identical,28016,ab5d7273e31cf9621cbcabcc5dbfe9c5638e59c46715e05b002587b6baf2bf15
JCM_Author_Reproducibility_Archive.zip!/Source_Reproducibility/Original_Source_Packages/Additional_file_4_Clinical_Evidence_and_Analysis_Code.zip,Source_Data/Virtual_Knockout/parts/Macrophage__20260911__PCK2.csv.gz,data/Additional_file_4_Clinical_Evidence_and_Analysis_Code/Source_Data/Virtual_Knockout/parts/Macrophage__20260911__PCK2.csv.gz,retained_byte_identical,28119,63663457dad8d96f300dc07e4112fe5ccdbe09b3ca31fae50d46be5af84a484c
JCM_Author_Reproducibility_Archive.zip!/Source_Reproducibility/Original_Source_Packages/Additional_file_4_Clinical_Evidence_and_Analysis_Code.zip,Source_Data/Virtual_Knockout/parts/Macrophage__20260911__TYK2.csv.gz,data/Additional_file_4_Clinical_Evidence_and_Analysis_Code/Source_Data/Virtual_Knockout/parts/Macrophage__20260911__TYK2.csv.gz,retained_byte_identical,28043,f5321c8935c40fdab74ec0b0227ece97d7c245b496dc3e0663575f1e64682622
JCM_Author_Reproducibility_Archive.zip!/Source_Reproducibility/Original_Source_Packages/Additional_file_4_Clinical_Evidence_and_Analysis_Code.zip,Source_Data/Virtual_Knockout/parts/Macrophage__20260918__ABL1.csv.gz,data/Additional_file_4_Clinical_Evidence_and_Analysis_Code/Source_Data/Virtual_Knockout/parts/Macrophage__20260918__ABL1.csv.gz,retained_byte_identical,27931,5f2abc04b4d84726e2ac23084fc81d0866275e65d190ab3c569554c1f57208b3
JCM_Author_Reproducibility_Archive.zip!/Source_Reproducibility/Original_Source_Packages/Additional_file_4_Clinical_Evidence_and_Analysis_Code.zip,Source_Data/Virtual_Knockout/parts/Macrophage__20260918__ACO1.csv.gz,data/Additional_file_4_Clinical_Evidence_and_Analysis_Code/Source_Data/Virtual_Knockout/parts/Macrophage__20260918__ACO1.csv.gz,retained_byte_identical,26936,9860caa5ff68bbb99c40e98510f524e82658f18731deb675db2909c98ffc1aad
JCM_Author_Reproducibility_Archive.zip!/Source_Reproducibility/Original_Source_Packages/Additional_file_4_Clinical_Evidence_and_Analysis_Code.zip,Source_Data/Virtual_Knockout/parts/Macrophage__20260918__ALDOB.csv.gz,data/Additional_file_4_Clinical_Evidence_and_Analysis_Code/Source_Data/Virtual_Knockout/parts/Macrophage__20260918__ALDOB.csv.gz,retained_byte_identical,27382,841db67a1d9e070b82c82c6b891d40fd1c7aba9771f8d97e44732fd505f89c0b
JCM_Author_Reproducibility_Archive.zip!/Source_Reproducibility/Original_Source_Packages/Additional_file_4_Clinical_Evidence_and_Analysis_Code.zip,Source_Data/Virtual_Knockout/parts/Macrophage__20260918__ASS1.csv.gz,data/Additional_file_4_Clinical_Evidence_and_Analysis_Code/Source_Data/Virtual_Knockout/parts/Macrophage__20260918__ASS1.csv.gz,retained_byte_identical,27233,8d1c37facbdd3de2822c6eb6ed42dabbd75543831ccbf480e55bc7a681cda28d
JCM_Author_Reproducibility_Archive.zip!/Source_Reproducibility/Original_Source_Packages/Additional_file_4_Clinical_Evidence_and_Analysis_Code.zip,Source_Data/Virtual_Knockout/parts/Macrophage__20260918__AXL.csv.gz,data/Additional_file_4_Clinical_Evidence_and_Analysis_Code/Source_Data/Virtual_Knockout/parts/Macrophage__20260918__AXL.csv.gz,retained_byte_identical,27235,56b756c33dbb897dcb3586c464d59788995e70cd34b4d175de4c8792b9193398
JCM_Author_Reproducibility_Archive.zip!/Source_Reproducibility/Original_Source_Packages/Additional_file_4_Clinical_Evidence_and_Analysis_Code.zip,Source_Data/Virtual_Knockout/parts/Macrophage__20260918__CDK4.csv.gz,data/Additional_file_4_Clinical_Evidence_and_Analysis_Code/Source_Data/Virtual_Knockout/parts/Macrophage__20260918__CDK4.csv.gz,retained_byte_identical,27190,2725196a436515359c32d31eb7ff0b808b27387ef2355708c7cda4c3255b29f3
JCM_Author_Reproducibility_Archive.zip!/Source_Reproducibility/Original_Source_Packages/Additional_file_4_Clinical_Evidence_and_Analysis_Code.zip,Source_Data/Virtual_Knockout/parts/Macrophage__20260918__CES1.csv.gz,data/Additional_file_4_Clinical_Evidence_and_Analysis_Code/Source_Data/Virtual_Knockout/parts/Macrophage__20260918__CES1.csv.gz,retained_byte_identical,27100,248e9bfab9392ba02c82457e9804816c14420cb88f67173358e61311794597d3
JCM_Author_Reproducibility_Archive.zip!/Source_Reproducibility/Original_Source_Packages/Additional_file_4_Clinical_Evidence_and_Analysis_Code.zip,Source_Data/Virtual_Knockout/parts/Macrophage__20260918__CPS1.csv.gz,data/Additional_file_4_Clinical_Evidence_and_Analysis_Code/Source_Data/Virtual_Knockout/parts/Macrophage__20260918__CPS1.csv.gz,retained_byte_identical,27899,cd6bcd9937b8742d7014effc96a19e76c428749a4c0dd9a7021cab30df6fd013
JCM_Author_Reproducibility_Archive.zip!/Source_Reproducibility/Original_Source_Packages/Additional_file_4_Clinical_Evidence_and_Analysis_Code.zip,Source_Data/Virtual_Knockout/parts/Macrophage__20260918__FAH.csv.gz,data/Additional_file_4_Clinical_Evidence_and_Analysis_Code/Source_Data/Virtual_Knockout/parts/Macrophage__20260918__FAH.csv.gz,retained_byte_identical,27961,56e65d331efd32054c5aa96f38d26bea00d0aee4531294dd50f03bb58f55cefd
JCM_Author_Reproducibility_Archive.zip!/Source_Reproducibility/Original_Source_Packages/Additional_file_4_Clinical_Evidence_and_Analysis_Code.zip,Source_Data/Virtual_Knockout/parts/Macrophage__20260918__FBP1.csv.gz,data/Additional_file_4_Clinical_Evidence_and_Analysis_Code/Source_Data/Virtual_Knockout/parts/Macrophage__20260918__FBP1.csv.gz,retained_byte_identical,28035,ff6a80ac1f6e0b412a1372b33a83fcca9ba925d1d6a5c328274327b64513b532
JCM_Author_Reproducibility_Archive.zip!/Source_Reproducibility/Original_Source_Packages/Additional_file_4_Clinical_Evidence_and_Analysis_Code.zip,Source_Data/Virtual_Knockout/parts/Macrophage__20260918__FLT1.csv.gz,data/Additional_file_4_Clinical_Evidence_and_Analysis_Code/Source_Data/Virtual_Knockout/parts/Macrophage__20260918__FLT1.csv.gz,retained_byte_identical,27923,8f0e84df84b7ec86bd8d5940dd7863dc926c24f4837f2fd9a706f5b07665ca65
JCM_Author_Reproducibility_Archive.zip!/Source_Reproducibility/Original_Source_Packages/Additional_file_4_Clinical_Evidence_and_Analysis_Code.zip,Source_Data/Virtual_Knockout/parts/Macrophage__20260918__FLT3.csv.gz,data/Additional_file_4_Clinical_Evidence_and_Analysis_Code/Source_Data/Virtual_Knockout/parts/Macrophage__20260918__FLT3.csv.gz,retained_byte_identical,26899,b091e56c873237f83c3f25c082ff458087a937b021256dafeedd79098f2f8851
JCM_Author_Reproducibility_Archive.zip!/Source_Reproducibility/Original_Source_Packages/Additional_file_4_Clinical_Evidence_and_Analysis_Code.zip,Source_Data/Virtual_Knockout/parts/Macrophage__20260918__FLT4.csv.gz,data/Additional_file_4_Clinical_Evidence_and_Analysis_Code/Source_Data/Virtual_Knockout/parts/Macrophage__20260918__FLT4.csv.gz,retained_byte_identical,27764,84a3fe07dee9381c7d358bb12821842a042a8575b884c79c4fe2b7e8c5c3cffa
JCM_Author_Reproducibility_Archive.zip!/Source_Reproducibility/Original_Source_Packages/Additional_file_4_Clinical_Evidence_and_Analysis_Code.zip,Source_Data/Virtual_Knockout/parts/Macrophage__20260918__GSTA1.csv.gz,data/Additional_file_4_Clinical_Evidence_and_Analysis_Code/Source_Data/Virtual_Knockout/parts/Macrophage__20260918__GSTA1.csv.gz,retained_byte_identical,28099,dc4669506d17b8920dae20abda8a5661ace8500f84e0db5924918bb859753168
JCM_Author_Reproducibility_Archive.zip!/Source_Reproducibility/Original_Source_Packages/Additional_file_4_Clinical_Evidence_and_Analysis_Code.zip,Source_Data/Virtual_Knockout/parts/Macrophage__20260918__HPD.csv.gz,data/Additional_file_4_Clinical_Evidence_and_Analysis_Code/Source_Data/Virtual_Knockout/parts/Macrophage__20260918__HPD.csv.gz,retained_byte_identical,27226,6386fe19005d805fce2ba646435014c78b3c992f5d04e82c61e321fdb48e3819
JCM_Author_Reproducibility_Archive.zip!/Source_Reproducibility/Original_Source_Packages/Additional_file_4_Clinical_Evidence_and_Analysis_Code.zip,Source_Data/Virtual_Knockout/parts/Macrophage__20260918__JAK1.csv.gz,data/Additional_file_4_Clinical_Evidence_and_Analysis_Code/Source_Data/Virtual_Knockout/parts/Macrophage__20260918__JAK1.csv.gz,retained_byte_identical,27915,46b51a46bac160adcfcb8f52e39f427b5668c1778e99049da0e50fead5c6596b
JCM_Author_Reproducibility_Archive.zip!/Source_Reproducibility/Original_Source_Packages/Additional_file_4_Clinical_Evidence_and_Analysis_Code.zip,Source_Data/Virtual_Knockout/parts/Macrophage__20260918__KDR+FLT1+FLT4.csv.gz,data/Additional_file_4_Clinical_Evidence_and_Analysis_Code/Source_Data/Virtual_Knockout/parts/Macrophage__20260918__KDR+FLT1+FLT4.csv.gz,retained_byte_identical,28336,27793f2497d99509843673d39ab19d697ac5067d3df1fc442e4a4596f5c3dd48
JCM_Author_Reproducibility_Archive.zip!/Source_Reproducibility/Original_Source_Packages/Additional_file_4_Clinical_Evidence_and_Analysis_Code.zip,Source_Data/Virtual_Knockout/parts/Macrophage__20260918__KDR.csv.gz,data/Additional_file_4_Clinical_Evidence_and_Analysis_Code/Source_Data/Virtual_Knockout/parts/Macrophage__20260918__KDR.csv.gz,retained_byte_identical,27983,8c54dfbfc0cb5fce7c5f8a4260de656e2ba77756a127b2da78de0d3fc5ff527e
JCM_Author_Reproducibility_Archive.zip!/Source_Reproducibility/Original_Source_Packages/Additional_file_4_Clinical_Evidence_and_Analysis_Code.zip,Source_Data/Virtual_Knockout/parts/Macrophage__20260918__LRRK2.csv.gz,data/Additional_file_4_Clinical_Evidence_and_Analysis_Code/Source_Data/Virtual_Knockout/parts/Macrophage__20260918__LRRK2.csv.gz,retained_byte_identical,27868,b3eb393294d313de8446c712fb592c5288b1fd869f540e5976fa5d5d1a0cc33b
JCM_Author_Reproducibility_Archive.zip!/Source_Reproducibility/Original_Source_Packages/Additional_file_4_Clinical_Evidence_and_Analysis_Code.zip,Source_Data/Virtual_Knockout/parts/Macrophage__20260918__LYN.csv.gz,data/Additional_file_4_Clinical_Evidence_and_Analysis_Code/Source_Data/Virtual_Knockout/parts/Macrophage__20260918__LYN.csv.gz,retained_byte_identical,27692,22542f8af70cf117cb45488afedcd0616b79940d54bf3a5aa15684b4b1fb944f
JCM_Author_Reproducibility_Archive.zip!/Source_Reproducibility/Original_Source_Packages/Additional_file_4_Clinical_Evidence_and_Analysis_Code.zip,Source_Data/Virtual_Knockout/parts/Macrophage__20260918__PCK2.csv.gz,data/Additional_file_4_Clinical_Evidence_and_Analysis_Code/Source_Data/Virtual_Knockout/parts/Macrophage__20260918__PCK2.csv.gz,retained_byte_identical,27984,5fcc5da219efcf98e4cdb5cf77963efcebf1bc96e8b146337a93a16db4146c78
JCM_Author_Reproducibility_Archive.zip!/Source_Reproducibility/Original_Source_Packages/Additional_file_4_Clinical_Evidence_and_Analysis_Code.zip,Source_Data/Virtual_Knockout/parts/Macrophage__20260918__TYK2.csv.gz,data/Additional_file_4_Clinical_Evidence_and_Analysis_Code/Source_Data/Virtual_Knockout/parts/Macrophage__20260918__TYK2.csv.gz,retained_byte_identical,28007,3e6c4c03e26fc6459b7b5f31e01462f21524b327fd3dff3f30be31bf3a001aba
JCM_Author_Reproducibility_Archive.zip!/Source_Reproducibility/Original_Source_Packages/Additional_file_4_Clinical_Evidence_and_Analysis_Code.zip,Source_Data/Virtual_Knockout/stable_top_downstream_genes.csv,data/Additional_file_4_Clinical_Evidence_and_Analysis_Code/Source_Data/Virtual_Knockout/stable_top_downstream_genes.csv,retained_byte_identical,148775,e0e547418baa581de1802fedce6e4283c75974248605111f1bfedb8c8c23cad7
JCM_Author_Reproducibility_Archive.zip!/Source_Reproducibility/Original_Source_Packages/Additional_file_4_Clinical_Evidence_and_Analysis_Code.zip,Source_Data/Virtual_Knockout/virtual_knockout_gene_results.csv.gz,data/Additional_file_4_Clinical_Evidence_and_Analysis_Code/Source_Data/Virtual_Knockout/virtual_knockout_gene_results.csv.gz,retained_byte_identical,5561526,781fc26c65443be9fa2a9b966f3b482485c2828510657a3a1f148022adbd6967
JCM_Author_Reproducibility_Archive.zip!/Source_Reproducibility/Original_Source_Packages/Additional_file_4_Clinical_Evidence_and_Analysis_Code.zip,Source_Data/Virtual_Knockout/virtual_knockout_provenance.json,data/Additional_file_4_Clinical_Evidence_and_Analysis_Code/Source_Data/Virtual_Knockout/virtual_knockout_provenance.json,retained_byte_identical,625,40c3d012ea3bc596ce12fa511943d36baa0551fb577102b4a4a46358e9c19726
JCM_Author_Reproducibility_Archive.zip!/Source_Reproducibility/Original_Source_Packages/Additional_file_4_Clinical_Evidence_and_Analysis_Code.zip,Source_Data/Virtual_Knockout/virtual_knockout_run_manifest.csv,data/Additional_file_4_Clinical_Evidence_and_Analysis_Code/Source_Data/Virtual_Knockout/virtual_knockout_run_manifest.csv,retained_byte_identical,19008,13e44d9d1eba62d2d13f7e3ecf3b798ff90b0c5297f4e667156a2b037aa2def9
JCM_Author_Reproducibility_Archive.zip!/Source_Reproducibility/Original_Source_Packages/Additional_file_4_Clinical_Evidence_and_Analysis_Code.zip,Source_Data/Virtual_Knockout/virtual_knockout_seed_summary.csv,data/Additional_file_4_Clinical_Evidence_and_Analysis_Code/Source_Data/Virtual_Knockout/virtual_knockout_seed_summary.csv,retained_byte_identical,22454,52b5217bf88a678b602f139fb2cee2d859e8b7c94697e8cc9bb93b309b926c9e
JCM_Author_Reproducibility_Archive.zip!/Source_Reproducibility/Original_Source_Packages/Additional_file_4_Clinical_Evidence_and_Analysis_Code.zip,Source_Data/Virtual_Knockout/virtual_knockout_stability_summary.csv,data/Additional_file_4_Clinical_Evidence_and_Analysis_Code/Source_Data/Virtual_Knockout/virtual_knockout_stability_summary.csv,retained_byte_identical,8349,a27a200b356206207195690efc19178ec24e4f3cbbe86d30fe681e36fb491b9e
JCM_Author_Reproducibility_Archive.zip!/Source_Reproducibility/Original_Source_Packages/Additional_file_5_Liver_and_Lung_Single_Cell_Data.zip,JTM_PACKAGE_PART_5.json,data/Additional_file_5_Liver_and_Lung_Single_Cell_Data/JTM_PACKAGE_PART_5.json,retained_byte_identical,6770,05c30c1959f38af533f9ba38ade5235d697aef77f5b543c4a474dd3c2272cd27
JCM_Author_Reproducibility_Archive.zip!/Source_Reproducibility/Original_Source_Packages/Additional_file_5_Liver_and_Lung_Single_Cell_Data.zip,Source_Data/GSE151374/docs/GSE151374_methods_results_caption.md,data/Additional_file_5_Liver_and_Lung_Single_Cell_Data/Source_Data/GSE151374/docs/GSE151374_methods_results_caption.md,retained_byte_identical,8919,fa90f99d3cd781188bdcad92e773e2c1571c5e922fd9361fc5ed2ef71a82ec2f
JCM_Author_Reproducibility_Archive.zip!/Source_Reproducibility/Original_Source_Packages/Additional_file_5_Liver_and_Lung_Single_Cell_Data.zip,Source_Data/GSE151374/docs/S6_results_callout.md,data/Additional_file_5_Liver_and_Lung_Single_Cell_Data/Source_Data/GSE151374/docs/S6_results_callout.md,retained_byte_identical,804,b004fb3b67436fa61f58e8e963cf0baf4faf8804b2a73a6dbcc3389bce5ab2a2
JCM_Author_Reproducibility_Archive.zip!/Source_Reproducibility/Original_Source_Packages/Additional_file_5_Liver_and_Lung_Single_Cell_Data.zip,Source_Data/GSE151374/docs/Supplementary_Figure_S6_caption.md,data/Additional_file_5_Liver_and_Lung_Single_Cell_Data/Source_Data/GSE151374/docs/Supplementary_Figure_S6_caption.md,retained_byte_identical,2165,6ac61bb10c0e18106dfbccf7fdc335fc37f1341e4025991efb1d1751ed4ea952
JCM_Author_Reproducibility_Archive.zip!/Source_Reproducibility/Original_Source_Packages/Additional_file_5_Liver_and_Lung_Single_Cell_Data.zip,Source_Data/GSE151374/results/analysis_manifest.json,data/Additional_file_5_Liver_and_Lung_Single_Cell_Data/Source_Data/GSE151374/results/analysis_manifest.json,retained_byte_identical,18091,e558f28bdc62172eabf64f5c9e0e969c1a8cc9517d03afdd1947d3da08a749b8
JCM_Author_Reproducibility_Archive.zip!/Source_Reproducibility/Original_Source_Packages/Additional_file_5_Liver_and_Lung_Single_Cell_Data.zip,Source_Data/GSE151374/results/candidate_and_phenotype_tracks.csv,data/Additional_file_5_Liver_and_Lung_Single_Cell_Data/Source_Data/GSE151374/results/candidate_and_phenotype_tracks.csv,retained_byte_identical,82201,9023aa05424c319bb01dd0f1369da1300ebc5c6cdbb0b0d1b0fec507cf909f00
JCM_Author_Reproducibility_Archive.zip!/Source_Reproducibility/Original_Source_Packages/Additional_file_5_Liver_and_Lung_Single_Cell_Data.zip,Source_Data/GSE151374/results/candidate_gene_contrasts.csv,data/Additional_file_5_Liver_and_Lung_Single_Cell_Data/Source_Data/GSE151374/results/candidate_gene_contrasts.csv,retained_byte_identical,8775,8d8baca5ebef16ff608c881e2acd50f6068f533c739c3e6ae23bf2cadee687c7
JCM_Author_Reproducibility_Archive.zip!/Source_Reproducibility/Original_Source_Packages/Additional_file_5_Liver_and_Lung_Single_Cell_Data.zip,Source_Data/GSE151374/results/celltype_counts_and_proportions_by_library.csv,data/Additional_file_5_Liver_and_Lung_Single_Cell_Data/Source_Data/GSE151374/results/celltype_counts_and_proportions_by_library.csv,retained_byte_identical,35059,4f89a5874ec399aa430eec5586d28d126517a399067e438d0cbeb6f2cf60bab5
JCM_Author_Reproducibility_Archive.zip!/Source_Reproducibility/Original_Source_Packages/Additional_file_5_Liver_and_Lung_Single_Cell_Data.zip,Source_Data/GSE151374/results/celltype_proportion_contrasts.csv,data/Additional_file_5_Liver_and_Lung_Single_Cell_Data/Source_Data/GSE151374/results/celltype_proportion_contrasts.csv,retained_byte_identical,3900,43af67f98d51b864cdbc8d8cde376689f928b6c87cab069f542db3ed5993cfcd
JCM_Author_Reproducibility_Archive.zip!/Source_Reproducibility/Original_Source_Packages/Additional_file_5_Liver_and_Lung_Single_Cell_Data.zip,Source_Data/GSE151374/results/library_manifest.csv,data/Additional_file_5_Liver_and_Lung_Single_Cell_Data/Source_Data/GSE151374/results/library_manifest.csv,retained_byte_identical,3021,1f8cfec13a50b83dc23df083b04d702521747bb88ff4e39764ff463630ee5e2d
JCM_Author_Reproducibility_Archive.zip!/Source_Reproducibility/Original_Source_Packages/Additional_file_5_Liver_and_Lung_Single_Cell_Data.zip,Source_Data/GSE151374/results/macrophage_DE_NINT_vs_BLM_day14.csv,data/Additional_file_5_Liver_and_Lung_Single_Cell_Data/Source_Data/GSE151374/results/macrophage_DE_NINT_vs_BLM_day14.csv,retained_byte_identical,6305754,c38ff69e01f8dc83c25376c9d398997d2afd50fba2e77f97bbb58a27f5611552
JCM_Author_Reproducibility_Archive.zip!/Source_Reproducibility/Original_Source_Packages/Additional_file_5_Liver_and_Lung_Single_Cell_Data.zip,Source_Data/GSE151374/results/macrophage_DE_NINT_vs_BLM_day7.csv,data/Additional_file_5_Liver_and_Lung_Single_Cell_Data/Source_Data/GSE151374/results/macrophage_DE_NINT_vs_BLM_day7.csv,retained_byte_identical,6374803,6d26499304e770f3ebaae7a0955ea54c5f2dba00b7b4c0673b821135e7d623a1
JCM_Author_Reproducibility_Archive.zip!/Source_Reproducibility/Original_Source_Packages/Additional_file_5_Liver_and_Lung_Single_Cell_Data.zip,Source_Data/GSE151374/results/macrophage_module_contrasts.csv,data/Additional_file_5_Liver_and_Lung_Single_Cell_Data/Source_Data/GSE151374/results/macrophage_module_contrasts.csv,retained_byte_identical,2030,e24c5749f262508cbd2f2863c4261a8cf4193161062355847c09c3801b52f9a1
JCM_Author_Reproducibility_Archive.zip!/Source_Reproducibility/Original_Source_Packages/Additional_file_5_Liver_and_Lung_Single_Cell_Data.zip,Source_Data/GSE151374/results/macrophage_module_scores_by_library.csv,data/Additional_file_5_Liver_and_Lung_Single_Cell_Data/Source_Data/GSE151374/results/macrophage_module_scores_by_library.csv,retained_byte_identical,23049,bf0a107114226e3cc795946ac44909da7372343368545916c2632d89f93ba593
JCM_Author_Reproducibility_Archive.zip!/Source_Reproducibility/Original_Source_Packages/Additional_file_5_Liver_and_Lung_Single_Cell_Data.zip,Source_Data/GSE151374/results/module_gene_membership.csv,data/Additional_file_5_Liver_and_Lung_Single_Cell_Data/Source_Data/GSE151374/results/module_gene_membership.csv,retained_byte_identical,1495,3c1ea65c80ca55ac056fe32c88e9d63124fe5a6c6040df923fc27d09d2995c61
JCM_Author_Reproducibility_Archive.zip!/Source_Reproducibility/Original_Source_Packages/Additional_file_5_Liver_and_Lung_Single_Cell_Data.zip,Source_Data/GSE151374/results/pca_all_retained_pseudobulk.csv,data/Additional_file_5_Liver_and_Lung_Single_Cell_Data/Source_Data/GSE151374/results/pca_all_retained_pseudobulk.csv,retained_byte_identical,4422,4b45743870a87343f53db583045a22cf060f068df06748029aa4ca73574d2a14
JCM_Author_Reproducibility_Archive.zip!/Source_Reproducibility/Original_Source_Packages/Additional_file_5_Liver_and_Lung_Single_Cell_Data.zip,Source_Data/GSE151374/results/pca_macrophage_pseudobulk.csv,data/Additional_file_5_Liver_and_Lung_Single_Cell_Data/Source_Data/GSE151374/results/pca_macrophage_pseudobulk.csv,retained_byte_identical,4383,75bd8b98e78cd7487a23b2610f2ad49bf8c570eb7fdfed8c80eecfde2ef4b978
JCM_Author_Reproducibility_Archive.zip!/Source_Reproducibility/Original_Source_Packages/Additional_file_5_Liver_and_Lung_Single_Cell_Data.zip,Source_Data/GSE151374/results/pseudobulk_all_retained_counts.tsv.gz,data/Additional_file_5_Liver_and_Lung_Single_Cell_Data/Source_Data/GSE151374/results/pseudobulk_all_retained_counts.tsv.gz,retained_byte_identical,953106,2ab544f10362a6c6f16b3bd2ab784c494e0f444b2dd34a8cd57946512c3f4ce0
JCM_Author_Reproducibility_Archive.zip!/Source_Reproducibility/Original_Source_Packages/Additional_file_5_Liver_and_Lung_Single_Cell_Data.zip,Source_Data/GSE151374/results/pseudobulk_macrophage_counts.tsv.gz,data/Additional_file_5_Liver_and_Lung_Single_Cell_Data/Source_Data/GSE151374/results/pseudobulk_macrophage_counts.tsv.gz,retained_byte_identical,794702,4b12d9e902437a62cae6050862b53d882f5471f0afa8907a5c0bf8976dfd2e17
JCM_Author_Reproducibility_Archive.zip!/Source_Reproducibility/Original_Source_Packages/Additional_file_5_Liver_and_Lung_Single_Cell_Data.zip,Source_Data/GSE151374/results/qc_by_library.csv,data/Additional_file_5_Liver_and_Lung_Single_Cell_Data/Source_Data/GSE151374/results/qc_by_library.csv,retained_byte_identical,4826,25c8bb874e34d375709e194cd278c0b1e2257a55bcadf0b788fa8d030ddb86cc
JCM_Author_Reproducibility_Archive.zip!/Source_Reproducibility/Original_Source_Packages/Additional_file_5_Liver_and_Lung_Single_Cell_Data.zip,Source_Data/GSE151374/validation/aggregate_marker_expression_by_celltype.csv,data/Additional_file_5_Liver_and_Lung_Single_Cell_Data/Source_Data/GSE151374/validation/aggregate_marker_expression_by_celltype.csv,retained_byte_identical,3312,1c07108bc7bf8402c16da4122a8f9367c27c6261b155c3056b3fed1cf997abcd
JCM_Author_Reproducibility_Archive.zip!/Source_Reproducibility/Original_Source_Packages/Additional_file_5_Liver_and_Lung_Single_Cell_Data.zip,Source_Data/GSE151374/validation/manifest_hash_validation.json,data/Additional_file_5_Liver_and_Lung_Single_Cell_Data/Source_Data/GSE151374/validation/manifest_hash_validation.json,retained_byte_identical,14857,bce33ccdcdc4b4e934aed7ee276386125658249a6d1e4dd01ca32fb16652463d
JCM_Author_Reproducibility_Archive.zip!/Source_Reproducibility/Original_Source_Packages/Additional_file_5_Liver_and_Lung_Single_Cell_Data.zip,Source_Data/GSE151374/validation/marker_score_separation_by_library.csv,data/Additional_file_5_Liver_and_Lung_Single_Cell_Data/Source_Data/GSE151374/validation/marker_score_separation_by_library.csv,retained_byte_identical,34485,041ef151abb866ebb6467b3c9c860d145c158f6c2f4aa2fa3aad78ce0874a5e5
JCM_Author_Reproducibility_Archive.zip!/Source_Reproducibility/Original_Source_Packages/Additional_file_5_Liver_and_Lung_Single_Cell_Data.zip,Source_Data/GSE151374/validation/validation_checks.json,data/Additional_file_5_Liver_and_Lung_Single_Cell_Data/Source_Data/GSE151374/validation/validation_checks.json,retained_byte_identical,395,ccede087a1ef99b3105c214e181db27e785d95bf9392b1f4a02ca24b1018de2f
JCM_Author_Reproducibility_Archive.zip!/Source_Reproducibility/Original_Source_Packages/Additional_file_5_Liver_and_Lung_Single_Cell_Data.zip,Source_Data/Liver_Single_Cell/analysis_manifest.json,data/Additional_file_5_Liver_and_Lung_Single_Cell_Data/Source_Data/Liver_Single_Cell/analysis_manifest.json,retained_byte_identical,1542,4f5cb1ed40d1b80a71ad082e5f37f857c8bedb3085545aab34aecf4df01d1583
JCM_Author_Reproducibility_Archive.zip!/Source_Reproducibility/Original_Source_Packages/Additional_file_5_Liver_and_Lung_Single_Cell_Data.zip,Source_Data/Liver_Single_Cell/cell_metadata.csv,data/Additional_file_5_Liver_and_Lung_Single_Cell_Data/Source_Data/Liver_Single_Cell/cell_metadata.csv,deduplicated_identical_shared_path,667033,d94cc143d3075032374493a2fe9848424edb65ab974f49ea456e5c2eea53dfc4
JCM_Author_Reproducibility_Archive.zip!/Source_Reproducibility/Original_Source_Packages/Additional_file_5_Liver_and_Lung_Single_Cell_Data.zip,Source_Data/Liver_Single_Cell/descriptive_pca_coordinates.csv,data/Additional_file_5_Liver_and_Lung_Single_Cell_Data/Source_Data/Liver_Single_Cell/descriptive_pca_coordinates.csv,retained_byte_identical,225692,d2a7675d45c4c64d0ac0c64c036285d1d0de2ce63a68d4b965cc454a21adf99a
JCM_Author_Reproducibility_Archive.zip!/Source_Reproducibility/Original_Source_Packages/Additional_file_5_Liver_and_Lung_Single_Cell_Data.zip,Source_Data/Liver_Single_Cell/donor_celltype_target_expression.csv,data/Additional_file_5_Liver_and_Lung_Single_Cell_Data/Source_Data/Liver_Single_Cell/donor_celltype_target_expression.csv,retained_byte_identical,340308,20ea051202f9c7c38ee2c73e0e329ae57569229327c99e81fa907f4db85e624c
JCM_Author_Reproducibility_Archive.zip!/Source_Reproducibility/Original_Source_Packages/Additional_file_5_Liver_and_Lung_Single_Cell_Data.zip,Source_Data/Liver_Single_Cell/donor_level_target_expression.csv,data/Additional_file_5_Liver_and_Lung_Single_Cell_Data/Source_Data/Liver_Single_Cell/donor_level_target_expression.csv,retained_byte_identical,125338,78b206561cf3177685edaa6f822aaae90cba49732241aa0e80290eca3f6c3171
JCM_Author_Reproducibility_Archive.zip!/Source_Reproducibility/Original_Source_Packages/Additional_file_5_Liver_and_Lung_Single_Cell_Data.zip,Source_Data/Liver_Single_Cell/endothelial_network_matrix.csv.gz,data/Additional_file_5_Liver_and_Lung_Single_Cell_Data/Source_Data/Liver_Single_Cell/endothelial_network_matrix.csv.gz,deduplicated_identical_shared_path,1389231,b1227a4e090fad260c7264c2fb28d8b3bd86c22c0d8f53ffc02e87ca0ecd7d84
JCM_Author_Reproducibility_Archive.zip!/Source_Reproducibility/Original_Source_Packages/Additional_file_5_Liver_and_Lung_Single_Cell_Data.zip,Source_Data/Liver_Single_Cell/forced_gene_audit.csv,data/Additional_file_5_Liver_and_Lung_Single_Cell_Data/Source_Data/Liver_Single_Cell/forced_gene_audit.csv,retained_byte_identical,823,ce02b7db8ba64412c2757dca50ee87b82c2530cfbed9ebdb839ab3687ad80c05
JCM_Author_Reproducibility_Archive.zip!/Source_Reproducibility/Original_Source_Packages/Additional_file_5_Liver_and_Lung_Single_Cell_Data.zip,Source_Data/Liver_Single_Cell/hepatocyte_network_matrix.csv.gz,data/Additional_file_5_Liver_and_Lung_Single_Cell_Data/Source_Data/Liver_Single_Cell/hepatocyte_network_matrix.csv.gz,deduplicated_identical_shared_path,7375543,ca04e809eba7018afb80841fdbc6bf53ce7f40e2cee81983d05ef6285e8c9f4a
JCM_Author_Reproducibility_Archive.zip!/Source_Reproducibility/Original_Source_Packages/Additional_file_5_Liver_and_Lung_Single_Cell_Data.zip,Source_Data/Liver_Single_Cell/macrophage_network_matrix.csv.gz,data/Additional_file_5_Liver_and_Lung_Single_Cell_Data/Source_Data/Liver_Single_Cell/macrophage_network_matrix.csv.gz,deduplicated_identical_shared_path,2084506,506b1c291e43ab5a0c86a46995cac411a6d1b17e592f30486ef174ed0a604b1b
JCM_Author_Reproducibility_Archive.zip!/Source_Reproducibility/Original_Source_Packages/Additional_file_5_Liver_and_Lung_Single_Cell_Data.zip,Source_Data/Liver_Single_Cell/network_matrix_manifest.csv,data/Additional_file_5_Liver_and_Lung_Single_Cell_Data/Source_Data/Liver_Single_Cell/network_matrix_manifest.csv,retained_byte_identical,513,0db16c7fd90434989d3de2d8b13b519a49050cd1414f8dd34b85ee17a4353dac
JCM_Author_Reproducibility_Archive.zip!/Source_Reproducibility/Original_Source_Packages/Additional_file_5_Liver_and_Lung_Single_Cell_Data.zip,Source_Data/Liver_Single_Cell/target_expression_by_compartment.csv,data/Additional_file_5_Liver_and_Lung_Single_Cell_Data/Source_Data/Liver_Single_Cell/target_expression_by_compartment.csv,retained_byte_identical,53828,df976be26600a728f53411f149c1f791c78434287792a8cec900fde01a8af1cd
JCM_Author_Reproducibility_Archive.zip!/Source_Reproducibility/Original_Source_Packages/Additional_file_6_Preclinical_Response_and_Proteomics_Data.zip,JTM_PACKAGE_PART_6.json,data/Additional_file_6_Preclinical_Response_and_Proteomics_Data/JTM_PACKAGE_PART_6.json,retained_byte_identical,14647,1c8dc7b9a97ce807303f71c229a7ca2e2987f60ae490dab105fc8fc7890a65df
JCM_Author_Reproducibility_Archive.zip!/Source_Reproducibility/Original_Source_Packages/Additional_file_6_Preclinical_Response_and_Proteomics_Data.zip,Source_Data/PXD052594/docs/PXD052594_methods_results_caption.md,data/Additional_file_6_Preclinical_Response_and_Proteomics_Data/Source_Data/PXD052594/docs/PXD052594_methods_results_caption.md,retained_byte_identical,8583,afa6afa8fb4582500f701184469efa386ee435aeaec00524761b1380e4afe9a3
JCM_Author_Reproducibility_Archive.zip!/Source_Reproducibility/Original_Source_Packages/Additional_file_6_Preclinical_Response_and_Proteomics_Data.zip,Source_Data/PXD052594/docs/S7_results_callout.md,data/Additional_file_6_Preclinical_Response_and_Proteomics_Data/Source_Data/PXD052594/docs/S7_results_callout.md,retained_byte_identical,1237,5e2823cdbf8c209c33d8b558895cadaf58795c64649c920a91f89a88e79a7898
JCM_Author_Reproducibility_Archive.zip!/Source_Reproducibility/Original_Source_Packages/Additional_file_6_Preclinical_Response_and_Proteomics_Data.zip,Source_Data/PXD052594/docs/Supplementary_Figure_S7_caption.md,data/Additional_file_6_Preclinical_Response_and_Proteomics_Data/Source_Data/PXD052594/docs/Supplementary_Figure_S7_caption.md,retained_byte_identical,2053,09dd06a894c12a55cf964b83a6d8869358fdb42fe3293168ce91bdaee5c4fd79
JCM_Author_Reproducibility_Archive.zip!/Source_Reproducibility/Original_Source_Packages/Additional_file_6_Preclinical_Response_and_Proteomics_Data.zip,Source_Data/PXD052594/results/analysis_manifest.json,data/Additional_file_6_Preclinical_Response_and_Proteomics_Data/Source_Data/PXD052594/results/analysis_manifest.json,retained_byte_identical,9299,9ef9f38c22ad0da706cd9df455188257e215c82b6ebb76550d0b6a5d2c6d7647
JCM_Author_Reproducibility_Archive.zip!/Source_Reproducibility/Original_Source_Packages/Additional_file_6_Preclinical_Response_and_Proteomics_Data.zip,Source_Data/PXD052594/results/animal_sample_manifest.csv,data/Additional_file_6_Preclinical_Response_and_Proteomics_Data/Source_Data/PXD052594/results/animal_sample_manifest.csv,retained_byte_identical,1017,0a07026cf33a39cf2db9764b63748123383a8762a693f9469b8b4937287ec6c4
JCM_Author_Reproducibility_Archive.zip!/Source_Reproducibility/Original_Source_Packages/Additional_file_6_Preclinical_Response_and_Proteomics_Data.zip,Source_Data/PXD052594/results/candidate_contrasts.csv,data/Additional_file_6_Preclinical_Response_and_Proteomics_Data/Source_Data/PXD052594/results/candidate_contrasts.csv,retained_byte_identical,1706,dbf87ce088865d1e0d3c8486c4fad954b3e50efa457aa7517c37fcce3e2a4efe
JCM_Author_Reproducibility_Archive.zip!/Source_Reproducibility/Original_Source_Packages/Additional_file_6_Preclinical_Response_and_Proteomics_Data.zip,Source_Data/PXD052594/results/candidate_expression_by_animal.csv,data/Additional_file_6_Preclinical_Response_and_Proteomics_Data/Source_Data/PXD052594/results/candidate_expression_by_animal.csv,retained_byte_identical,12299,5dec48fe1b4d054a8cbb40d87ffccd3b72128e0a407608517afa52c33d938a16
JCM_Author_Reproducibility_Archive.zip!/Source_Reproducibility/Original_Source_Packages/Additional_file_6_Preclinical_Response_and_Proteomics_Data.zip,Source_Data/PXD052594/results/module_contrasts.csv,data/Additional_file_6_Preclinical_Response_and_Proteomics_Data/Source_Data/PXD052594/results/module_contrasts.csv,retained_byte_identical,1271,26b1fed273379323fb355cff114bb0431299d4de7126c453b2e13b4c9bfadf2d
JCM_Author_Reproducibility_Archive.zip!/Source_Reproducibility/Original_Source_Packages/Additional_file_6_Preclinical_Response_and_Proteomics_Data.zip,Source_Data/PXD052594/results/module_protein_membership.csv,data/Additional_file_6_Preclinical_Response_and_Proteomics_Data/Source_Data/PXD052594/results/module_protein_membership.csv,retained_byte_identical,1765,dcb36b26fd43eaaa954525917f57e57a0179029d71e7c5cee4550bc5b320aa80
JCM_Author_Reproducibility_Archive.zip!/Source_Reproducibility/Original_Source_Packages/Additional_file_6_Preclinical_Response_and_Proteomics_Data.zip,Source_Data/PXD052594/results/module_scores_by_animal.csv,data/Additional_file_6_Preclinical_Response_and_Proteomics_Data/Source_Data/PXD052594/results/module_scores_by_animal.csv,retained_byte_identical,15190,bbb2beca19047548169502eccdba5f91bb571e400465e558a9291386f714454a
JCM_Author_Reproducibility_Archive.zip!/Source_Reproducibility/Original_Source_Packages/Additional_file_6_Preclinical_Response_and_Proteomics_Data.zip,Source_Data/PXD052594/results/phosphoproteome_PCA_and_sample_manifest.csv,data/Additional_file_6_Preclinical_Response_and_Proteomics_Data/Source_Data/PXD052594/results/phosphoproteome_PCA_and_sample_manifest.csv,retained_byte_identical,1129,7c2d0a8e9c463128eae9651568b28c26993bf26208e1c45c21f5df9aa512c809
JCM_Author_Reproducibility_Archive.zip!/Source_Reproducibility/Original_Source_Packages/Additional_file_6_Preclinical_Response_and_Proteomics_Data.zip,Source_Data/PXD052594/results/phosphosite_NINT_vs_vehicle_all_deposited_subset_animals.csv,data/Additional_file_6_Preclinical_Response_and_Proteomics_Data/Source_Data/PXD052594/results/phosphosite_NINT_vs_vehicle_all_deposited_subset_animals.csv,retained_byte_identical,4525972,07d469376ed4755b7ef8fc7083b794f64c01417e0b12066991694812c3746d26
JCM_Author_Reproducibility_Archive.zip!/Source_Reproducibility/Original_Source_Packages/Additional_file_6_Preclinical_Response_and_Proteomics_Data.zip,Source_Data/PXD052594/results/phosphosite_target_pathway_summary.csv,data/Additional_file_6_Preclinical_Response_and_Proteomics_Data/Source_Data/PXD052594/results/phosphosite_target_pathway_summary.csv,retained_byte_identical,767,81f324d4059474e0fa20aa374347127069edf3aa794ee8758f7c5d0189b0f3c3
JCM_Author_Reproducibility_Archive.zip!/Source_Reproducibility/Original_Source_Packages/Additional_file_6_Preclinical_Response_and_Proteomics_Data.zip,Source_Data/PXD052594/results/proteome_NINT_vs_vehicle_all_animals.csv,data/Additional_file_6_Preclinical_Response_and_Proteomics_Data/Source_Data/PXD052594/results/proteome_NINT_vs_vehicle_all_animals.csv,retained_byte_identical,1184923,28e5a6b207ae2715c60fa22c5e90d0d06f4bbf3bc1a9614651631e3a098fb908
JCM_Author_Reproducibility_Archive.zip!/Source_Reproducibility/Original_Source_Packages/Additional_file_6_Preclinical_Response_and_Proteomics_Data.zip,Source_Data/PXD052594/results/proteome_PCA.csv,data/Additional_file_6_Preclinical_Response_and_Proteomics_Data/Source_Data/PXD052594/results/proteome_PCA.csv,retained_byte_identical,2806,86429c15e57ba03f604e2358e154c1dcc15eb75fab31c0bd1c7b82eeacc358c6
JCM_Author_Reproducibility_Archive.zip!/Source_Reproducibility/Original_Source_Packages/Additional_file_6_Preclinical_Response_and_Proteomics_Data.zip,Source_Data/PXD052594/validation/manifest_hash_validation.json,data/Additional_file_6_Preclinical_Response_and_Proteomics_Data/Source_Data/PXD052594/validation/manifest_hash_validation.json,retained_byte_identical,7254,261ccdfdda1d0d23a7cb630cf22cd03dfd376777ce12039c81969ddf67da4859
JCM_Author_Reproducibility_Archive.zip!/Source_Reproducibility/Original_Source_Packages/Additional_file_6_Preclinical_Response_and_Proteomics_Data.zip,Source_Data/PXD052594/validation/validation_checks.json,data/Additional_file_6_Preclinical_Response_and_Proteomics_Data/Source_Data/PXD052594/validation/validation_checks.json,retained_byte_identical,614,673cef7b18ac0cb375aa89b7f704996b82d1c4f12e030e1b5a0d90ac90e0cde2
JCM_Author_Reproducibility_Archive.zip!/Source_Reproducibility/Original_Source_Packages/Additional_file_6_Preclinical_Response_and_Proteomics_Data.zip,Source_Data/Public_Preclinical_Core/Figure_6_caption.md,data/Additional_file_6_Preclinical_Response_and_Proteomics_Data/Source_Data/Public_Preclinical_Core/Figure_6_caption.md,retained_byte_identical,3069,dd15818d97a26d329a18edfc75a0cf0eca367802f62ebb3f853dbd249b2c049e
JCM_Author_Reproducibility_Archive.zip!/Source_Reproducibility/Original_Source_Packages/Additional_file_6_Preclinical_Response_and_Proteomics_Data.zip,Source_Data/Public_Preclinical_Core/GSE120679_candidate_results.csv,data/Additional_file_6_Preclinical_Response_and_Proteomics_Data/Source_Data/Public_Preclinical_Core/GSE120679_candidate_results.csv,retained_byte_identical,12715,b19873115f3f2180c7a19ae8f723becf818f67ef628b0849f2ba26d9b80eb497
JCM_Author_Reproducibility_Archive.zip!/Source_Reproducibility/Original_Source_Packages/Additional_file_6_Preclinical_Response_and_Proteomics_Data.zip,Source_Data/Public_Preclinical_Core/GSE120679_differential_expression.csv.gz,data/Additional_file_6_Preclinical_Response_and_Proteomics_Data/Source_Data/Public_Preclinical_Core/GSE120679_differential_expression.csv.gz,retained_byte_identical,1923034,199ab37ef7365f204a2eff54c61d102e1d3e9f74dc7e7307ab3a4f3cafa3a8d1
JCM_Author_Reproducibility_Archive.zip!/Source_Reproducibility/Original_Source_Packages/Additional_file_6_Preclinical_Response_and_Proteomics_Data.zip,Source_Data/Public_Preclinical_Core/GSE120679_module_contrasts.csv,data/Additional_file_6_Preclinical_Response_and_Proteomics_Data/Source_Data/Public_Preclinical_Core/GSE120679_module_contrasts.csv,retained_byte_identical,4724,b5e96329ae200ac7aff82d36974225e4a0fdee6056c5e909cb8dc4531ffa6655
JCM_Author_Reproducibility_Archive.zip!/Source_Reproducibility/Original_Source_Packages/Additional_file_6_Preclinical_Response_and_Proteomics_Data.zip,Source_Data/Public_Preclinical_Core/GSE120679_module_coverage.csv,data/Additional_file_6_Preclinical_Response_and_Proteomics_Data/Source_Data/Public_Preclinical_Core/GSE120679_module_coverage.csv,retained_byte_identical,471,b148649258ba66fe3285eb0a2e4069ea1f855d239aeae0997049d7a8210a7eec
JCM_Author_Reproducibility_Archive.zip!/Source_Reproducibility/Original_Source_Packages/Additional_file_6_Preclinical_Response_and_Proteomics_Data.zip,Source_Data/Public_Preclinical_Core/GSE120679_module_scores.csv,data/Additional_file_6_Preclinical_Response_and_Proteomics_Data/Source_Data/Public_Preclinical_Core/GSE120679_module_scores.csv,retained_byte_identical,7466,824a96496f53951b25747060277be135d9b61b2cd5d14713156b120868fabba1
JCM_Author_Reproducibility_Archive.zip!/Source_Reproducibility/Original_Source_Packages/Additional_file_6_Preclinical_Response_and_Proteomics_Data.zip,Source_Data/Public_Preclinical_Core/GSE120679_sample_metadata.csv,data/Additional_file_6_Preclinical_Response_and_Proteomics_Data/Source_Data/Public_Preclinical_Core/GSE120679_sample_metadata.csv,retained_byte_identical,7852,e72422d224a65a54274584ee9b20978f15c72a99af91b2be542a802bc654ce73
JCM_Author_Reproducibility_Archive.zip!/Source_Reproducibility/Original_Source_Packages/Additional_file_6_Preclinical_Response_and_Proteomics_Data.zip,Source_Data/Public_Preclinical_Core/GSE120804_candidate_results.csv,data/Additional_file_6_Preclinical_Response_and_Proteomics_Data/Source_Data/Public_Preclinical_Core/GSE120804_candidate_results.csv,retained_byte_identical,12915,74525881d0f21710729ef3035da0ccaee4eac3804ff30028533af696c5170940
JCM_Author_Reproducibility_Archive.zip!/Source_Reproducibility/Original_Source_Packages/Additional_file_6_Preclinical_Response_and_Proteomics_Data.zip,Source_Data/Public_Preclinical_Core/GSE120804_differential_expression.csv.gz,data/Additional_file_6_Preclinical_Response_and_Proteomics_Data/Source_Data/Public_Preclinical_Core/GSE120804_differential_expression.csv.gz,retained_byte_identical,1928155,98c6cef3281e1e28fd1c8949788f0c7b13a2d137684e609cc090f7e91830a8b2
JCM_Author_Reproducibility_Archive.zip!/Source_Reproducibility/Original_Source_Packages/Additional_file_6_Preclinical_Response_and_Proteomics_Data.zip,Source_Data/Public_Preclinical_Core/GSE120804_expression_filter.csv.gz,data/Additional_file_6_Preclinical_Response_and_Proteomics_Data/Source_Data/Public_Preclinical_Core/GSE120804_expression_filter.csv.gz,retained_byte_identical,347042,3e22a059778ec8fa2a108e7ca5f98d07eb2533a075b9b6c1fd01529cb8b805e3
JCM_Author_Reproducibility_Archive.zip!/Source_Reproducibility/Original_Source_Packages/Additional_file_6_Preclinical_Response_and_Proteomics_Data.zip,Source_Data/Public_Preclinical_Core/GSE120804_module_contrasts.csv,data/Additional_file_6_Preclinical_Response_and_Proteomics_Data/Source_Data/Public_Preclinical_Core/GSE120804_module_contrasts.csv,retained_byte_identical,4721,a2dba620ac3632b897d4cae5749e996a72c32be68697d200da37c67e95ec4aa5
JCM_Author_Reproducibility_Archive.zip!/Source_Reproducibility/Original_Source_Packages/Additional_file_6_Preclinical_Response_and_Proteomics_Data.zip,Source_Data/Public_Preclinical_Core/GSE120804_module_coverage.csv,data/Additional_file_6_Preclinical_Response_and_Proteomics_Data/Source_Data/Public_Preclinical_Core/GSE120804_module_coverage.csv,retained_byte_identical,487,57d7522cb8697913f5bed745ab89da62ecd24c44afcf3d710753c8db6b4c8b35
JCM_Author_Reproducibility_Archive.zip!/Source_Reproducibility/Original_Source_Packages/Additional_file_6_Preclinical_Response_and_Proteomics_Data.zip,Source_Data/Public_Preclinical_Core/GSE120804_module_scores.csv,data/Additional_file_6_Preclinical_Response_and_Proteomics_Data/Source_Data/Public_Preclinical_Core/GSE120804_module_scores.csv,retained_byte_identical,7844,ef25c93b0ac2abbcf9116df46198d681bcb83c0db4b21b588cc6b9260e1548be
JCM_Author_Reproducibility_Archive.zip!/Source_Reproducibility/Original_Source_Packages/Additional_file_6_Preclinical_Response_and_Proteomics_Data.zip,Source_Data/Public_Preclinical_Core/GSE120804_normalization_factors.csv,data/Additional_file_6_Preclinical_Response_and_Proteomics_Data/Source_Data/Public_Preclinical_Core/GSE120804_normalization_factors.csv,retained_byte_identical,3812,7f03e3874019972256944f6524cb323294b30471335edec59f954418e6228465
JCM_Author_Reproducibility_Archive.zip!/Source_Reproducibility/Original_Source_Packages/Additional_file_6_Preclinical_Response_and_Proteomics_Data.zip,Source_Data/Public_Preclinical_Core/GSE120804_reversal_geometry.csv.gz,data/Additional_file_6_Preclinical_Response_and_Proteomics_Data/Source_Data/Public_Preclinical_Core/GSE120804_reversal_geometry.csv.gz,retained_byte_identical,833950,ac2aaf07bd0632b45c037a9b86e5c95f89ba68e7765272f1294da9a1a91b403e
JCM_Author_Reproducibility_Archive.zip!/Source_Reproducibility/Original_Source_Packages/Additional_file_6_Preclinical_Response_and_Proteomics_Data.zip,Source_Data/Public_Preclinical_Core/GSE120804_sample_metadata.csv,data/Additional_file_6_Preclinical_Response_and_Proteomics_Data/Source_Data/Public_Preclinical_Core/GSE120804_sample_metadata.csv,retained_byte_identical,14977,593136a57a2c4da3a8f7117c6d92cc1b4aeaeb82e19ca77fe16b16c749a5e707
JCM_Author_Reproducibility_Archive.zip!/Source_Reproducibility/Original_Source_Packages/Additional_file_6_Preclinical_Response_and_Proteomics_Data.zip,Source_Data/Public_Preclinical_Core/GSE278200_candidate_results.csv,data/Additional_file_6_Preclinical_Response_and_Proteomics_Data/Source_Data/Public_Preclinical_Core/GSE278200_candidate_results.csv,retained_byte_identical,10139,15ec35127cd0460b5dbb3832e83b0a70b621dc287eb28bbf49ffcfd80ba8a5a1
JCM_Author_Reproducibility_Archive.zip!/Source_Reproducibility/Original_Source_Packages/Additional_file_6_Preclinical_Response_and_Proteomics_Data.zip,Source_Data/Public_Preclinical_Core/GSE278200_differential_expression.csv.gz,data/Additional_file_6_Preclinical_Response_and_Proteomics_Data/Source_Data/Public_Preclinical_Core/GSE278200_differential_expression.csv.gz,retained_byte_identical,3141082,42d942d14ac38543d1e00d4596910fb3790954370c77cb82625dad104374d42b
JCM_Author_Reproducibility_Archive.zip!/Source_Reproducibility/Original_Source_Packages/Additional_file_6_Preclinical_Response_and_Proteomics_Data.zip,Source_Data/Public_Preclinical_Core/GSE278200_expression_filter.csv.gz,data/Additional_file_6_Preclinical_Response_and_Proteomics_Data/Source_Data/Public_Preclinical_Core/GSE278200_expression_filter.csv.gz,retained_byte_identical,317547,1418b7ddbb6f8f501d689bf456169da0832141b528c4684be63c634d9cf542d7
JCM_Author_Reproducibility_Archive.zip!/Source_Reproducibility/Original_Source_Packages/Additional_file_6_Preclinical_Response_and_Proteomics_Data.zip,Source_Data/Public_Preclinical_Core/GSE278200_module_contrasts.csv,data/Additional_file_6_Preclinical_Response_and_Proteomics_Data/Source_Data/Public_Preclinical_Core/GSE278200_module_contrasts.csv,retained_byte_identical,3915,4df29cc478820102203ad8338c8cffaf885327f1472845448d12c1a51beeec49
JCM_Author_Reproducibility_Archive.zip!/Source_Reproducibility/Original_Source_Packages/Additional_file_6_Preclinical_Response_and_Proteomics_Data.zip,Source_Data/Public_Preclinical_Core/GSE278200_module_coverage.csv,data/Additional_file_6_Preclinical_Response_and_Proteomics_Data/Source_Data/Public_Preclinical_Core/GSE278200_module_coverage.csv,retained_byte_identical,447,30c1dbd64659c09d0e1276ed159611585750ab1be854c144d0d97dd5a270abd7
JCM_Author_Reproducibility_Archive.zip!/Source_Reproducibility/Original_Source_Packages/Additional_file_6_Preclinical_Response_and_Proteomics_Data.zip,Source_Data/Public_Preclinical_Core/GSE278200_module_scores.csv,data/Additional_file_6_Preclinical_Response_and_Proteomics_Data/Source_Data/Public_Preclinical_Core/GSE278200_module_scores.csv,retained_byte_identical,1852,461bd39c01329beb0b35daa058d6f00c623764e3e71677e2baa6cfa8aa85b4e4
JCM_Author_Reproducibility_Archive.zip!/Source_Reproducibility/Original_Source_Packages/Additional_file_6_Preclinical_Response_and_Proteomics_Data.zip,Source_Data/Public_Preclinical_Core/GSE278200_normalization_factors.csv,data/Additional_file_6_Preclinical_Response_and_Proteomics_Data/Source_Data/Public_Preclinical_Core/GSE278200_normalization_factors.csv,retained_byte_identical,674,e3eaa8abe1db7395eafd6a9dcb24dac10677088401ad77d58ef4cb0e33e10fe9
JCM_Author_Reproducibility_Archive.zip!/Source_Reproducibility/Original_Source_Packages/Additional_file_6_Preclinical_Response_and_Proteomics_Data.zip,Source_Data/Public_Preclinical_Core/GSE278200_pca_coordinates.csv,data/Additional_file_6_Preclinical_Response_and_Proteomics_Data/Source_Data/Public_Preclinical_Core/GSE278200_pca_coordinates.csv,retained_byte_identical,1799,4de71925431f4d993de23ac528ae20e5efdf147b5f3ef30a0b070e507447fd4b
JCM_Author_Reproducibility_Archive.zip!/Source_Reproducibility/Original_Source_Packages/Additional_file_6_Preclinical_Response_and_Proteomics_Data.zip,Source_Data/Public_Preclinical_Core/GSE278200_reversal_geometry.csv.gz,data/Additional_file_6_Preclinical_Response_and_Proteomics_Data/Source_Data/Public_Preclinical_Core/GSE278200_reversal_geometry.csv.gz,retained_byte_identical,779215,a40fe4b5340b15c1288c391418e54114b6b681c220e23d85d489f600e5510509
JCM_Author_Reproducibility_Archive.zip!/Source_Reproducibility/Original_Source_Packages/Additional_file_6_Preclinical_Response_and_Proteomics_Data.zip,Source_Data/Public_Preclinical_Core/GSE278200_sample_metadata.csv,data/Additional_file_6_Preclinical_Response_and_Proteomics_Data/Source_Data/Public_Preclinical_Core/GSE278200_sample_metadata.csv,retained_byte_identical,1336,793411e6d892d444e8f0f9bb1413baa64e88a7b5058ed40c2c33c8797c797222
JCM_Author_Reproducibility_Archive.zip!/Source_Reproducibility/Original_Source_Packages/Additional_file_6_Preclinical_Response_and_Proteomics_Data.zip,Source_Data/Public_Preclinical_Core/GSE308578_candidate_results.csv,data/Additional_file_6_Preclinical_Response_and_Proteomics_Data/Source_Data/Public_Preclinical_Core/GSE308578_candidate_results.csv,retained_byte_identical,9995,039968f082d69754caa5840f15c995436877a2b61d7d7dfb2d5c5d5765aa2e04
JCM_Author_Reproducibility_Archive.zip!/Source_Reproducibility/Original_Source_Packages/Additional_file_6_Preclinical_Response_and_Proteomics_Data.zip,Source_Data/Public_Preclinical_Core/GSE308578_differential_expression.csv.gz,data/Additional_file_6_Preclinical_Response_and_Proteomics_Data/Source_Data/Public_Preclinical_Core/GSE308578_differential_expression.csv.gz,retained_byte_identical,3370075,5302531e7ffc92d9a1654a5ee0d3e16eddbc04204a2ea023a6f203dc18e4c799
JCM_Author_Reproducibility_Archive.zip!/Source_Reproducibility/Original_Source_Packages/Additional_file_6_Preclinical_Response_and_Proteomics_Data.zip,Source_Data/Public_Preclinical_Core/GSE308578_expression_filter.csv.gz,data/Additional_file_6_Preclinical_Response_and_Proteomics_Data/Source_Data/Public_Preclinical_Core/GSE308578_expression_filter.csv.gz,retained_byte_identical,282254,4552f35b87d707f6d430d91c79f9db18eb3769931683c82d32db4b085519519b
JCM_Author_Reproducibility_Archive.zip!/Source_Reproducibility/Original_Source_Packages/Additional_file_6_Preclinical_Response_and_Proteomics_Data.zip,Source_Data/Public_Preclinical_Core/GSE308578_leave_one_animal_out_full.csv.gz,data/Additional_file_6_Preclinical_Response_and_Proteomics_Data/Source_Data/Public_Preclinical_Core/GSE308578_leave_one_animal_out_full.csv.gz,retained_byte_identical,8821,6416431e2ec68dc700072a388406b5a0ee0f09d11390121655960401a79fe643
JCM_Author_Reproducibility_Archive.zip!/Source_Reproducibility/Original_Source_Packages/Additional_file_6_Preclinical_Response_and_Proteomics_Data.zip,Source_Data/Public_Preclinical_Core/GSE308578_leave_one_animal_out_summary.csv,data/Additional_file_6_Preclinical_Response_and_Proteomics_Data/Source_Data/Public_Preclinical_Core/GSE308578_leave_one_animal_out_summary.csv,retained_byte_identical,1664,f93e7c66c56cd6bcb51d392fc254f191e1b95d93169078cff0b5123b31eb7cb4
JCM_Author_Reproducibility_Archive.zip!/Source_Reproducibility/Original_Source_Packages/Additional_file_6_Preclinical_Response_and_Proteomics_Data.zip,Source_Data/Public_Preclinical_Core/GSE308578_module_contrasts.csv,data/Additional_file_6_Preclinical_Response_and_Proteomics_Data/Source_Data/Public_Preclinical_Core/GSE308578_module_contrasts.csv,retained_byte_identical,4344,ed45318a2446e086c75b4e52793545e3d0f0c3dc37a21488b99f82ccfb5a40e4
JCM_Author_Reproducibility_Archive.zip!/Source_Reproducibility/Original_Source_Packages/Additional_file_6_Preclinical_Response_and_Proteomics_Data.zip,Source_Data/Public_Preclinical_Core/GSE308578_module_coverage.csv,data/Additional_file_6_Preclinical_Response_and_Proteomics_Data/Source_Data/Public_Preclinical_Core/GSE308578_module_coverage.csv,retained_byte_identical,454,b518afc92976277d93227cd9e29e97e905e9a35ee06168d4b3ed9eb135994ceb
JCM_Author_Reproducibility_Archive.zip!/Source_Reproducibility/Original_Source_Packages/Additional_file_6_Preclinical_Response_and_Proteomics_Data.zip,Source_Data/Public_Preclinical_Core/GSE308578_module_scores.csv,data/Additional_file_6_Preclinical_Response_and_Proteomics_Data/Source_Data/Public_Preclinical_Core/GSE308578_module_scores.csv,retained_byte_identical,6542,cad766fc8236b39ef737674c7567647715572f1ccf8c1336c8b6992807a7d298
JCM_Author_Reproducibility_Archive.zip!/Source_Reproducibility/Original_Source_Packages/Additional_file_6_Preclinical_Response_and_Proteomics_Data.zip,Source_Data/Public_Preclinical_Core/GSE308578_normalization_factors.csv,data/Additional_file_6_Preclinical_Response_and_Proteomics_Data/Source_Data/Public_Preclinical_Core/GSE308578_normalization_factors.csv,retained_byte_identical,2526,33f523bdefbe8aaf384ec3d67b604ac35a2a2e68b4305ab75e797920a233300e
JCM_Author_Reproducibility_Archive.zip!/Source_Reproducibility/Original_Source_Packages/Additional_file_6_Preclinical_Response_and_Proteomics_Data.zip,Source_Data/Public_Preclinical_Core/GSE308578_pca_coordinates.csv,data/Additional_file_6_Preclinical_Response_and_Proteomics_Data/Source_Data/Public_Preclinical_Core/GSE308578_pca_coordinates.csv,retained_byte_identical,10242,20ceb6c1031523dd317e9647bfe011afcd0a86c99172391268c23087df20d9a2
JCM_Author_Reproducibility_Archive.zip!/Source_Reproducibility/Original_Source_Packages/Additional_file_6_Preclinical_Response_and_Proteomics_Data.zip,Source_Data/Public_Preclinical_Core/GSE308578_reversal_geometry.csv.gz,data/Additional_file_6_Preclinical_Response_and_Proteomics_Data/Source_Data/Public_Preclinical_Core/GSE308578_reversal_geometry.csv.gz,retained_byte_identical,835701,6907a093afc143ec7ddb4f3c695546a237eedfc50ac53f62c2b0e784617ed96e
JCM_Author_Reproducibility_Archive.zip!/Source_Reproducibility/Original_Source_Packages/Additional_file_6_Preclinical_Response_and_Proteomics_Data.zip,Source_Data/Public_Preclinical_Core/GSE308578_sample_metadata.csv,data/Additional_file_6_Preclinical_Response_and_Proteomics_Data/Source_Data/Public_Preclinical_Core/GSE308578_sample_metadata.csv,retained_byte_identical,8595,ce29869a42287043af23ef82d23ce6ba6b24e0c1d524089e5b9d9496cd53147d
JCM_Author_Reproducibility_Archive.zip!/Source_Reproducibility/Original_Source_Packages/Additional_file_6_Preclinical_Response_and_Proteomics_Data.zip,Source_Data/Public_Preclinical_Core/Methods_Results_Preclinical.md,data/Additional_file_6_Preclinical_Response_and_Proteomics_Data/Source_Data/Public_Preclinical_Core/Methods_Results_Preclinical.md,retained_byte_identical,15246,6786d167188d05710c33878eeb5122f687ce0586bfa24af4c7bffd434fcbdb68
JCM_Author_Reproducibility_Archive.zip!/Source_Reproducibility/Original_Source_Packages/Additional_file_6_Preclinical_Response_and_Proteomics_Data.zip,Source_Data/Public_Preclinical_Core/PXD024058_candidate_effects_descriptive.csv,data/Additional_file_6_Preclinical_Response_and_Proteomics_Data/Source_Data/Public_Preclinical_Core/PXD024058_candidate_effects_descriptive.csv,retained_byte_identical,2077,5e979b286cbb12383e6b1ab921d1fcabc6576d00ffb76c241dde745f4f7aca33
JCM_Author_Reproducibility_Archive.zip!/Source_Reproducibility/Original_Source_Packages/Additional_file_6_Preclinical_Response_and_Proteomics_Data.zip,Source_Data/Public_Preclinical_Core/PXD024058_protein_effects_descriptive.csv.gz,data/Additional_file_6_Preclinical_Response_and_Proteomics_Data/Source_Data/Public_Preclinical_Core/PXD024058_protein_effects_descriptive.csv.gz,retained_byte_identical,150783,8572fa3e97db7f653a219b2432417b4f53e483c748316bfe43014e4f83ab5f67
JCM_Author_Reproducibility_Archive.zip!/Source_Reproducibility/Original_Source_Packages/Additional_file_6_Preclinical_Response_and_Proteomics_Data.zip,Source_Data/Public_Preclinical_Core/README.md,data/Additional_file_6_Preclinical_Response_and_Proteomics_Data/Source_Data/Public_Preclinical_Core/README.md,retained_byte_identical,4040,485a063578a36e7d47d56cd7f18dce5b17c059f1d28c498c03a22bc49e174048
JCM_Author_Reproducibility_Archive.zip!/Source_Reproducibility/Original_Source_Packages/Additional_file_6_Preclinical_Response_and_Proteomics_Data.zip,Source_Data/Public_Preclinical_Core/analysis_manifest.json,data/Additional_file_6_Preclinical_Response_and_Proteomics_Data/Source_Data/Public_Preclinical_Core/analysis_manifest.json,retained_byte_identical,28643,95e2f087db45a9ad2a09ea1bbddbf4333e4fb5c4db6eaf6e7761697002f555f9
JCM_Author_Reproducibility_Archive.zip!/Source_Reproducibility/Original_Source_Packages/Additional_file_6_Preclinical_Response_and_Proteomics_Data.zip,Source_Data/Public_Preclinical_Core/analysis_summary.json,data/Additional_file_6_Preclinical_Response_and_Proteomics_Data/Source_Data/Public_Preclinical_Core/analysis_summary.json,retained_byte_identical,3377,388a5296d180f007b9636b636244ff02fb388082f08c3df4a0ef9a8d7dd907d2
JCM_Author_Reproducibility_Archive.zip!/Source_Reproducibility/Original_Source_Packages/Additional_file_6_Preclinical_Response_and_Proteomics_Data.zip,Source_Data/Public_Preclinical_Core/cross_model_candidate_module_effects.csv,data/Additional_file_6_Preclinical_Response_and_Proteomics_Data/Source_Data/Public_Preclinical_Core/cross_model_candidate_module_effects.csv,retained_byte_identical,10535,1bb7cc942bf568715d1e15627c135acd64a6124aa477244b028ba86bb169cb5e
JCM_Author_Reproducibility_Archive.zip!/Source_Reproducibility/Original_Source_Packages/Additional_file_6_Preclinical_Response_and_Proteomics_Data.zip,Source_Data/Public_Preclinical_Core/dataset_screening_ledger.csv,data/Additional_file_6_Preclinical_Response_and_Proteomics_Data/Source_Data/Public_Preclinical_Core/dataset_screening_ledger.csv,retained_byte_identical,10632,eec37c1c9a5d496668eccf74ca90d16cb425a7ead8390d56805a61f4789b8a91
JCM_Author_Reproducibility_Archive.zip!/Source_Reproducibility/Original_Source_Packages/Additional_file_6_Preclinical_Response_and_Proteomics_Data.zip,Source_Data/Public_Preclinical_Core/preclinical_key_findings.csv,data/Additional_file_6_Preclinical_Response_and_Proteomics_Data/Source_Data/Public_Preclinical_Core/preclinical_key_findings.csv,retained_byte_identical,4816,6781a1d66c9fa5f9dd67def88660c74dba8b6c09f0241aa654944e7a77a78f1a
JCM_Author_Reproducibility_Archive.zip!/Source_Reproducibility/Original_Source_Packages/Additional_file_6_Preclinical_Response_and_Proteomics_Data.zip,Source_Data/Public_Preclinical_Core/preclinical_quality_audit.json,data/Additional_file_6_Preclinical_Response_and_Proteomics_Data/Source_Data/Public_Preclinical_Core/preclinical_quality_audit.json,retained_byte_identical,1925,9d1cbfd6d399e790ce0dc12bff78fbdb8a8773447c5e484cf04e9c5cfb48a6d3
JCM_Author_Reproducibility_Archive.zip!/Source_Reproducibility/Original_Source_Packages/Additional_file_6_Preclinical_Response_and_Proteomics_Data.zip,Source_Data/Public_Preclinical_Core/public_preclinical_dataset_audit.csv,data/Additional_file_6_Preclinical_Response_and_Proteomics_Data/Source_Data/Public_Preclinical_Core/public_preclinical_dataset_audit.csv,retained_byte_identical,9993,05a0dcb0933980be51e5071609338c5cd4ccbaa4421310bacb743be2df4422bc
JCM_Author_Reproducibility_Archive.zip!/Source_Reproducibility/Original_Source_Packages/Additional_file_6_Preclinical_Response_and_Proteomics_Data.zip,Source_Data/Public_Preclinical_Core/public_preclinical_dataset_audit.md,data/Additional_file_6_Preclinical_Response_and_Proteomics_Data/Source_Data/Public_Preclinical_Core/public_preclinical_dataset_audit.md,retained_byte_identical,9142,87a4e89d156341fbb59ba04eb3db7e44301de808f6823f8247022a9842caa0a2
JCM_Author_Reproducibility_Archive.zip!/Source_Reproducibility/Original_Source_Packages/Additional_file_6_Preclinical_Response_and_Proteomics_Data.zip,Source_Data/Public_Preclinical_Core/validation_report.json,data/Additional_file_6_Preclinical_Response_and_Proteomics_Data/Source_Data/Public_Preclinical_Core/validation_report.json,retained_byte_identical,1925,9d1cbfd6d399e790ce0dc12bff78fbdb8a8773447c5e484cf04e9c5cfb48a6d3
JCM_Author_Reproducibility_Archive.zip!/Source_Reproducibility/Original_Source_Packages/Additional_file_6_Preclinical_Response_and_Proteomics_Data.zip,Source_Data/Whole_Blood/analysis_manifest.json,data/Additional_file_6_Preclinical_Response_and_Proteomics_Data/Source_Data/Whole_Blood/analysis_manifest.json,retained_byte_identical,528,f935b44b8f8c70c4f29a22a8d1f7bfbc314ae443ee126e715cc7d56d909e25df
JCM_Author_Reproducibility_Archive.zip!/Source_Reproducibility/Original_Source_Packages/Additional_file_6_Preclinical_Response_and_Proteomics_Data.zip,Source_Data/Whole_Blood/participant_slopes.csv,data/Additional_file_6_Preclinical_Response_and_Proteomics_Data/Source_Data/Whole_Blood/participant_slopes.csv,retained_byte_identical,10969,1da5aa4f9fefafcdfb09519f4cfc97ebde67af2d09feb20f5f550054b9afa0bd
JCM_Author_Reproducibility_Archive.zip!/Source_Reproducibility/Original_Source_Packages/Additional_file_6_Preclinical_Response_and_Proteomics_Data.zip,Source_Data/Whole_Blood/sample_metadata.csv,data/Additional_file_6_Preclinical_Response_and_Proteomics_Data/Source_Data/Whole_Blood/sample_metadata.csv,retained_byte_identical,1963,1b16b12b6385f85a51824632005bedef70408cdf33808542859d959b08f66de0
JCM_Author_Reproducibility_Archive.zip!/Source_Reproducibility/Original_Source_Packages/Additional_file_6_Preclinical_Response_and_Proteomics_Data.zip,Source_Data/Whole_Blood/target_log2_cpm.csv,data/Additional_file_6_Preclinical_Response_and_Proteomics_Data/Source_Data/Whole_Blood/target_log2_cpm.csv,retained_byte_identical,28484,a63a7783687b3f5641d3535c762b662b20fa1069422592efba5e969cee538cd6
JCM_Author_Reproducibility_Archive.zip!/Source_Reproducibility/Original_Source_Packages/Additional_file_6_Preclinical_Response_and_Proteomics_Data.zip,Source_Data/Whole_Blood/target_longitudinal_summary.csv,data/Additional_file_6_Preclinical_Response_and_Proteomics_Data/Source_Data/Whole_Blood/target_longitudinal_summary.csv,retained_byte_identical,3132,8b93e4db81d092debabbb4b7d9d868a682940e5c8ae660ab3300ed411d8b7ab0
JCM_Author_Reproducibility_Archive.zip!/Source_Reproducibility/Original_Source_Packages/Additional_file_7_External_Hepatic_Evaluation.zip,Analysis/heldout_rank_association/analyze_frozen_rank_association.py,data/Additional_file_7_External_Hepatic_Evaluation/Analysis/heldout_rank_association/analyze_frozen_rank_association.py,retained_byte_identical,5644,f2086fcae375c822a680be64fa137ba6ced349648b1280c156edbd3a346336ef
JCM_Author_Reproducibility_Archive.zip!/Source_Reproducibility/Original_Source_Packages/Additional_file_7_External_Hepatic_Evaluation.zip,Analysis/heldout_rank_association/deposited_matrix/analysis_configuration.json,data/Additional_file_7_External_Hepatic_Evaluation/Analysis/heldout_rank_association/deposited_matrix/analysis_configuration.json,retained_byte_identical,1139,5523ba98223ed6e3337913363160bd2dd35afb9261d1495c92dc8a19bc75f358
JCM_Author_Reproducibility_Archive.zip!/Source_Reproducibility/Original_Source_Packages/Additional_file_7_External_Hepatic_Evaluation.zip,Analysis/heldout_rank_association/deposited_matrix/animal_permutation_rank_statistics.csv.gz,data/Additional_file_7_External_Hepatic_Evaluation/Analysis/heldout_rank_association/deposited_matrix/animal_permutation_rank_statistics.csv.gz,retained_byte_identical,2488650,f20175775a8bcd55c481060be744b3f81af26c5792509a466dd85369a189ced4
JCM_Author_Reproducibility_Archive.zip!/Source_Reproducibility/Original_Source_Packages/Additional_file_7_External_Hepatic_Evaluation.zip,Analysis/heldout_rank_association/deposited_matrix/external_candidate_expression_snapshot.csv,data/Additional_file_7_External_Hepatic_Evaluation/Analysis/heldout_rank_association/deposited_matrix/external_candidate_expression_snapshot.csv,retained_byte_identical,2985,421d3452ff9b7bb2b8ea9854cca47d655f3fcafa082c84def58d946a61d6e508
JCM_Author_Reproducibility_Archive.zip!/Source_Reproducibility/Original_Source_Packages/Additional_file_7_External_Hepatic_Evaluation.zip,Analysis/heldout_rank_association/deposited_matrix/external_candidate_sample_metadata.csv,data/Additional_file_7_External_Hepatic_Evaluation/Analysis/heldout_rank_association/deposited_matrix/external_candidate_sample_metadata.csv,retained_byte_identical,10751,705d59fc411ca313cb891cc4c395edca9a6f83bbf249a486eca3d654e2dadee1
JCM_Author_Reproducibility_Archive.zip!/Source_Reproducibility/Original_Source_Packages/Additional_file_7_External_Hepatic_Evaluation.zip,Analysis/heldout_rank_association/deposited_matrix/external_rank_association_summary.csv,data/Additional_file_7_External_Hepatic_Evaluation/Analysis/heldout_rank_association/deposited_matrix/external_rank_association_summary.csv,retained_byte_identical,1813,e10e2c817edd6a5ebbf1486fdf390feb534a87a9ba0d0e7ae6c0443e8c50a31d
JCM_Author_Reproducibility_Archive.zip!/Source_Reproducibility/Original_Source_Packages/Additional_file_7_External_Hepatic_Evaluation.zip,Analysis/heldout_rank_association/deposited_matrix/external_target_rank_effect_pairs.csv,data/Additional_file_7_External_Hepatic_Evaluation/Analysis/heldout_rank_association/deposited_matrix/external_target_rank_effect_pairs.csv,retained_byte_identical,4371,5091377d30d4aa69d2b3cf34b61972625458fecba98631b317eaa11f00427e0d
JCM_Author_Reproducibility_Archive.zip!/Source_Reproducibility/Original_Source_Packages/Additional_file_7_External_Hepatic_Evaluation.zip,Analysis/heldout_rank_association/deposited_matrix/fixed_candidate_coverage.csv,data/Additional_file_7_External_Hepatic_Evaluation/Analysis/heldout_rank_association/deposited_matrix/fixed_candidate_coverage.csv,retained_byte_identical,1047,fbf2860db639cd37a66c0a5b64a1c80e13791a0a615994a9e4b9115c28c6790e
JCM_Author_Reproducibility_Archive.zip!/Source_Reproducibility/Original_Source_Packages/Additional_file_7_External_Hepatic_Evaluation.zip,Analysis/heldout_rank_association/deposited_matrix/input_manifest.csv,data/Additional_file_7_External_Hepatic_Evaluation/Analysis/heldout_rank_association/deposited_matrix/input_manifest.csv,retained_byte_identical,480,3c661f18f12ba90c2321d737e451d3fb75c5b183815c8a999080f8c94b5c38a1
JCM_Author_Reproducibility_Archive.zip!/Source_Reproducibility/Original_Source_Packages/Additional_file_7_External_Hepatic_Evaluation.zip,Analysis/heldout_rank_association/deposited_matrix/validation.json,data/Additional_file_7_External_Hepatic_Evaluation/Analysis/heldout_rank_association/deposited_matrix/validation.json,retained_byte_identical,1926,6d64536e033e876138f3587fdcc92deea458354a816d6bc8696598b7119a3f04
JCM_Author_Reproducibility_Archive.zip!/Source_Reproducibility/Original_Source_Packages/Additional_file_7_External_Hepatic_Evaluation.zip,Analysis/independent_liver/CEL_file_manifest.csv,data/Additional_file_7_External_Hepatic_Evaluation/Analysis/independent_liver/CEL_file_manifest.csv,retained_byte_identical,12745,0ae12470fc7000968d09b8de903d5fecc4c86cbd49fd2ef043c55f76e31b45c1
JCM_Author_Reproducibility_Archive.zip!/Source_Reproducibility/Original_Source_Packages/Additional_file_7_External_Hepatic_Evaluation.zip,Analysis/independent_liver/CEL_run_date_fixed_panel_sensitivity.csv,data/Additional_file_7_External_Hepatic_Evaluation/Analysis/independent_liver/CEL_run_date_fixed_panel_sensitivity.csv,retained_byte_identical,11207,e9c5d9982b7f02f9e350041db05f050f83129b9a9f8a45f90cab7dcb92400055
JCM_Author_Reproducibility_Archive.zip!/Source_Reproducibility/Original_Source_Packages/Additional_file_7_External_Hepatic_Evaluation.zip,Analysis/independent_liver/DISEASE_vs_CONTROL_all_genes.csv,data/Additional_file_7_External_Hepatic_Evaluation/Analysis/independent_liver/DISEASE_vs_CONTROL_all_genes.csv,retained_byte_identical,3273767,7ef198786c6904e1d1142abc225347a413e6b146f948b8b1a90ca0793224fb02
JCM_Author_Reproducibility_Archive.zip!/Source_Reproducibility/Original_Source_Packages/Additional_file_7_External_Hepatic_Evaluation.zip,Analysis/independent_liver/GPL21382.txt,data/Additional_file_7_External_Hepatic_Evaluation/Analysis/independent_liver/GPL21382.txt,retained_byte_identical,1051174,48bb51cf65b9418173a0e2aa19446c3895438d376288a60ba0b71f8441384a92
JCM_Author_Reproducibility_Archive.zip!/Source_Reproducibility/Original_Source_Packages/Additional_file_7_External_Hepatic_Evaluation.zip,Analysis/independent_liver/NINT_vs_CONTROL_all_genes.csv,data/Additional_file_7_External_Hepatic_Evaluation/Analysis/independent_liver/NINT_vs_CONTROL_all_genes.csv,retained_byte_identical,3248526,0dc0bab3f454cde83165954f20578fd46bfd2238045fd3b7da2b64de54f05d8d
JCM_Author_Reproducibility_Archive.zip!/Source_Reproducibility/Original_Source_Packages/Additional_file_7_External_Hepatic_Evaluation.zip,Analysis/independent_liver/NINT_vs_DISEASE_all_genes.csv,data/Additional_file_7_External_Hepatic_Evaluation/Analysis/independent_liver/NINT_vs_DISEASE_all_genes.csv,retained_byte_identical,3250584,afec22d35206725c6d1ff8d1afdf4d39820e8c858fdf1ac869938ef5a34649fe
JCM_Author_Reproducibility_Archive.zip!/Source_Reproducibility/Original_Source_Packages/Additional_file_7_External_Hepatic_Evaluation.zip,Analysis/independent_liver/analysis_input_manifest.csv,data/Additional_file_7_External_Hepatic_Evaluation/Analysis/independent_liver/analysis_input_manifest.csv,retained_byte_identical,1238,1182966e32c080d805460a1c8c58341e1a749e7594d2aaf64a29d435c4e7c233
JCM_Author_Reproducibility_Archive.zip!/Source_Reproducibility/Original_Source_Packages/Additional_file_7_External_Hepatic_Evaluation.zip,Analysis/independent_liver/analysis_status.json,data/Additional_file_7_External_Hepatic_Evaluation/Analysis/independent_liver/analysis_status.json,retained_byte_identical,591,9dde3213131ada515c162e15fa327ce73e0f3034e694517aaf392d8427de0c99
JCM_Author_Reproducibility_Archive.zip!/Source_Reproducibility/Original_Source_Packages/Additional_file_7_External_Hepatic_Evaluation.zip,Analysis/independent_liver/analysis_summary.json,data/Additional_file_7_External_Hepatic_Evaluation/Analysis/independent_liver/analysis_summary.json,retained_byte_identical,2088,b50094a728053dbc2569a8f598417536d85c19749396bda71969ff786262c687
JCM_Author_Reproducibility_Archive.zip!/Source_Reproducibility/Original_Source_Packages/Additional_file_7_External_Hepatic_Evaluation.zip,Analysis/independent_liver/analyze_independent_liver.py,data/Additional_file_7_External_Hepatic_Evaluation/Analysis/independent_liver/analyze_independent_liver.py,retained_byte_identical,11423,25aa27ed7d4ecd36b30d5eb114e7abfb1825c06b3b875ec2d305bace2cfcc062
JCM_Author_Reproducibility_Archive.zip!/Source_Reproducibility/Original_Source_Packages/Additional_file_7_External_Hepatic_Evaluation.zip,Analysis/independent_liver/batch_adjusted_gene_sensitivity.csv,data/Additional_file_7_External_Hepatic_Evaluation/Analysis/independent_liver/batch_adjusted_gene_sensitivity.csv,retained_byte_identical,1147121,943c67060d72512dc63c44acb0092e2e2182ff1371abda8c7e559d62ef01c624
JCM_Author_Reproducibility_Archive.zip!/Source_Reproducibility/Original_Source_Packages/Additional_file_7_External_Hepatic_Evaluation.zip,Analysis/independent_liver/batch_sensitivity.py,data/Additional_file_7_External_Hepatic_Evaluation/Analysis/independent_liver/batch_sensitivity.py,retained_byte_identical,3022,c06a1e7f25c4e259e372cb01f1d033b5c5799b1cf4631073daf042c49465bd51
JCM_Author_Reproducibility_Archive.zip!/Source_Reproducibility/Original_Source_Packages/Additional_file_7_External_Hepatic_Evaluation.zip,Analysis/independent_liver/batch_sensitivity_summary.json,data/Additional_file_7_External_Hepatic_Evaluation/Analysis/independent_liver/batch_sensitivity_summary.json,retained_byte_identical,401,79b39239a31a537fee3e0876494a51e655ac99b21996ba241dda188f341814e9
JCM_Author_Reproducibility_Archive.zip!/Source_Reproducibility/Original_Source_Packages/Additional_file_7_External_Hepatic_Evaluation.zip,Analysis/independent_liver/dilimap_membership_audit.json,data/Additional_file_7_External_Hepatic_Evaluation/Analysis/independent_liver/dilimap_membership_audit.json,retained_byte_identical,21599,291d1f8ab4a2f270042592fed0f0d32a519e199ee545f696cab9674de0c26654
JCM_Author_Reproducibility_Archive.zip!/Source_Reproducibility/Original_Source_Packages/Additional_file_7_External_Hepatic_Evaluation.zip,Analysis/independent_liver/disjoint_disease_reference_sensitivity.csv,data/Additional_file_7_External_Hepatic_Evaluation/Analysis/independent_liver/disjoint_disease_reference_sensitivity.csv,retained_byte_identical,12826,18901855394112becd991406f89c45aa29b2aa466d1a5c374c1ce828e1afaa2b
JCM_Author_Reproducibility_Archive.zip!/Source_Reproducibility/Original_Source_Packages/Additional_file_7_External_Hepatic_Evaluation.zip,Analysis/independent_liver/expression_RMA_entrez.csv.gz,data/Additional_file_7_External_Hepatic_Evaluation/Analysis/independent_liver/expression_RMA_entrez.csv.gz,retained_byte_identical,1646923,51d525176a8b0987c6f2b218d62b14048f788b95d892c2ee15804b9bda64be42
JCM_Author_Reproducibility_Archive.zip!/Source_Reproducibility/Original_Source_Packages/Additional_file_7_External_Hepatic_Evaluation.zip,Analysis/independent_liver/expression_RMA_symbols.csv.gz,data/Additional_file_7_External_Hepatic_Evaluation/Analysis/independent_liver/expression_RMA_symbols.csv.gz,retained_byte_identical,1649331,905de9faf2c3aaf44153b9a86582eee68072454c6b4f9dd19f5925ec49da6b59
JCM_Author_Reproducibility_Archive.zip!/Source_Reproducibility/Original_Source_Packages/Additional_file_7_External_Hepatic_Evaluation.zip,Analysis/independent_liver/feature_annotation.csv,data/Additional_file_7_External_Hepatic_Evaluation/Analysis/independent_liver/feature_annotation.csv,retained_byte_identical,467038,cd416619fc200ee5a0d83c82fd6ce499bccf14db9cb76caecb3bd42743f7fc52
JCM_Author_Reproducibility_Archive.zip!/Source_Reproducibility/Original_Source_Packages/Additional_file_7_External_Hepatic_Evaluation.zip,Analysis/independent_liver/fixed_targets_and_clinical_proteins.csv,data/Additional_file_7_External_Hepatic_Evaluation/Analysis/independent_liver/fixed_targets_and_clinical_proteins.csv,retained_byte_identical,23794,375f856d2cbbc2cf3b80ecfb14e8b3725b6de9d1650fab9c7bbd662b56b7c7a0
JCM_Author_Reproducibility_Archive.zip!/Source_Reproducibility/Original_Source_Packages/Additional_file_7_External_Hepatic_Evaluation.zip,Analysis/independent_liver/gene_info.gz,data/Additional_file_7_External_Hepatic_Evaluation/Analysis/independent_liver/gene_info.gz,retained_byte_identical,3931451,21e4ebd2ccfd561940f0d922196faf5ea25e97addbaa65444d4d4f0c4649721f
JCM_Author_Reproducibility_Archive.zip!/Source_Reproducibility/Original_Source_Packages/Additional_file_7_External_Hepatic_Evaluation.zip,Analysis/independent_liver/independent_source_reference.json,data/Additional_file_7_External_Hepatic_Evaluation/Analysis/independent_liver/independent_source_reference.json,retained_byte_identical,1142,d3332580ba9189d9c70d8417b14edc4d5b5262266431a08f0e32669a5e5c2127
JCM_Author_Reproducibility_Archive.zip!/Source_Reproducibility/Original_Source_Packages/Additional_file_7_External_Hepatic_Evaluation.zip,Analysis/independent_liver/matrix.txt.gz,data/Additional_file_7_External_Hepatic_Evaluation/Analysis/independent_liver/matrix.txt.gz,retained_byte_identical,1666306,d3d6317da957c655452167f7e50fe42a6e709351fde2e325e5ba4606cb20bb67
JCM_Author_Reproducibility_Archive.zip!/Source_Reproducibility/Original_Source_Packages/Additional_file_7_External_Hepatic_Evaluation.zip,Analysis/independent_liver/module_contrasts.csv,data/Additional_file_7_External_Hepatic_Evaluation/Analysis/independent_liver/module_contrasts.csv,retained_byte_identical,3613,97ea7a1c8e798218060856aa0ddfc4cef05cc0ad8649814d1db90c4d43d7d0c1
JCM_Author_Reproducibility_Archive.zip!/Source_Reproducibility/Original_Source_Packages/Additional_file_7_External_Hepatic_Evaluation.zip,Analysis/independent_liver/module_gene_membership.csv,data/Additional_file_7_External_Hepatic_Evaluation/Analysis/independent_liver/module_gene_membership.csv,retained_byte_identical,1895,5a2dede3bad7c9c9027ad3daeee59a494fb23b64ac541375022818a00716461b
JCM_Author_Reproducibility_Archive.zip!/Source_Reproducibility/Original_Source_Packages/Additional_file_7_External_Hepatic_Evaluation.zip,Analysis/independent_liver/module_scores_by_animal.csv,data/Additional_file_7_External_Hepatic_Evaluation/Analysis/independent_liver/module_scores_by_animal.csv,retained_byte_identical,3410,96d6ea755c2a6ceb6542e75f080ac2d8bb6e76cd99f0e75f9019785a4be3032f
JCM_Author_Reproducibility_Archive.zip!/Source_Reproducibility/Original_Source_Packages/Additional_file_7_External_Hepatic_Evaluation.zip,Analysis/independent_liver/numeric_QA.json,data/Additional_file_7_External_Hepatic_Evaluation/Analysis/independent_liver/numeric_QA.json,retained_byte_identical,3544,d558a1a70f748409cf4862420068e4c4eaf108bd3a6a595656a4dd8ffa6ce9b3
JCM_Author_Reproducibility_Archive.zip!/Source_Reproducibility/Original_Source_Packages/Additional_file_7_External_Hepatic_Evaluation.zip,Analysis/independent_liver/provenance_checksums.csv,data/Additional_file_7_External_Hepatic_Evaluation/Analysis/independent_liver/provenance_checksums.csv,retained_byte_identical,5413,b244d998c933d497a8b43483ee1d9e76a3f6e85e10e79a8463c8a28fe41f7bc1
JCM_Author_Reproducibility_Archive.zip!/Source_Reproducibility/Original_Source_Packages/Additional_file_7_External_Hepatic_Evaluation.zip,Analysis/independent_liver/sample_PCA.csv,data/Additional_file_7_External_Hepatic_Evaluation/Analysis/independent_liver/sample_PCA.csv,retained_byte_identical,2220,5121076eccf723adfd07a704f1b7ac2d1df7ebc101bf4f5435583c4f2b6479cc
JCM_Author_Reproducibility_Archive.zip!/Source_Reproducibility/Original_Source_Packages/Additional_file_7_External_Hepatic_Evaluation.zip,Analysis/independent_liver/sample_QC.csv,data/Additional_file_7_External_Hepatic_Evaluation/Analysis/independent_liver/sample_QC.csv,retained_byte_identical,1135,82b125751d8545fd167bfb12e2ceca2c37e007bc8a5c92ba2036cbbc51f11397
JCM_Author_Reproducibility_Archive.zip!/Source_Reproducibility/Original_Source_Packages/Additional_file_7_External_Hepatic_Evaluation.zip,Analysis/independent_liver/sample_metadata.csv,data/Additional_file_7_External_Hepatic_Evaluation/Analysis/independent_liver/sample_metadata.csv,retained_byte_identical,11847,7b6470e9a174d72075eae4ee0ee3b52706ef178f7b412a2dbf4ce52b0aaf728c
JCM_Author_Reproducibility_Archive.zip!/Source_Reproducibility/Original_Source_Packages/Additional_file_7_External_Hepatic_Evaluation.zip,Analysis/independent_liver/soft.gz,data/Additional_file_7_External_Hepatic_Evaluation/Analysis/independent_liver/soft.gz,retained_byte_identical,2847969,6540e9cbd7db08bffbae60a7ee0fb5a4078f5b8ed14ad275f9c649ea5c753e67
JCM_Author_Reproducibility_Archive.zip!/Source_Reproducibility/Original_Source_Packages/Additional_file_7_External_Hepatic_Evaluation.zip,JTM_PACKAGE_PART_7.json,data/Additional_file_7_External_Hepatic_Evaluation/JTM_PACKAGE_PART_7.json,retained_byte_identical,8054,d9489da4e82a1d05b3ab8e20330f587efa7fa6c2437e2772566915f68644a721
JCM_Author_Reproducibility_Archive.zip!/Source_Reproducibility/Original_Source_Packages/Additional_file_8_Pulmonary_Sensitivity_Data.zip,Analysis/pulmonary_sensitivity/GSE278200_logCPM_raw_features.csv.gz,data/Additional_file_8_Pulmonary_Sensitivity_Data/Analysis/pulmonary_sensitivity/GSE278200_logCPM_raw_features.csv.gz,retained_byte_identical,1354716,b9776741a7f4adf30a3cd3902ac98e3e6c95a19bf392d638f7d8b6d5f302672c
JCM_Author_Reproducibility_Archive.zip!/Source_Reproducibility/Original_Source_Packages/Additional_file_8_Pulmonary_Sensitivity_Data.zip,Analysis/pulmonary_sensitivity/GSE308578_logCPM_raw_features.csv.gz,data/Additional_file_8_Pulmonary_Sensitivity_Data/Analysis/pulmonary_sensitivity/GSE308578_logCPM_raw_features.csv.gz,retained_byte_identical,5255650,3423a9736b5b4ae39dc449b3dede36755b067d1ba4973a31a1a5e0577a9652aa
JCM_Author_Reproducibility_Archive.zip!/Source_Reproducibility/Original_Source_Packages/Additional_file_8_Pulmonary_Sensitivity_Data.zip,Analysis/pulmonary_sensitivity/analysis_summary.json,data/Additional_file_8_Pulmonary_Sensitivity_Data/Analysis/pulmonary_sensitivity/analysis_summary.json,retained_byte_identical,6059,e21c17d1156bc84a051b6d1c937efbbdcd3bd9e164ed1ada9850e7347c98ec6a
JCM_Author_Reproducibility_Archive.zip!/Source_Reproducibility/Original_Source_Packages/Additional_file_8_Pulmonary_Sensitivity_Data.zip,Analysis/pulmonary_sensitivity/analyze_shared_reference.py,data/Additional_file_8_Pulmonary_Sensitivity_Data/Analysis/pulmonary_sensitivity/analyze_shared_reference.py,retained_byte_identical,13033,dc391b579ac8d58e797d3a53de35334d9248c3af0382a7b68a115ac9621abef8
JCM_Author_Reproducibility_Archive.zip!/Source_Reproducibility/Original_Source_Packages/Additional_file_8_Pulmonary_Sensitivity_Data.zip,Analysis/pulmonary_sensitivity/animal_label_permutations.csv,data/Additional_file_8_Pulmonary_Sensitivity_Data/Analysis/pulmonary_sensitivity/animal_label_permutations.csv,retained_byte_identical,83939,0bffac65c94cb82500a0ae0e90becc71e2c11cd417611b85165be393e4783bde
JCM_Author_Reproducibility_Archive.zip!/Source_Reproducibility/Original_Source_Packages/Additional_file_8_Pulmonary_Sensitivity_Data.zip,Analysis/pulmonary_sensitivity/disjoint_reference_splits.csv,data/Additional_file_8_Pulmonary_Sensitivity_Data/Analysis/pulmonary_sensitivity/disjoint_reference_splits.csv,retained_byte_identical,127457,f1e2c6869926f19e8c33386abad3c6fb19673fb917d6a66e55732291ec14a5e5
JCM_Author_Reproducibility_Archive.zip!/Source_Reproducibility/Original_Source_Packages/Additional_file_8_Pulmonary_Sensitivity_Data.zip,Analysis/pulmonary_sensitivity/shared_reference_summary.csv,data/Additional_file_8_Pulmonary_Sensitivity_Data/Analysis/pulmonary_sensitivity/shared_reference_summary.csv,retained_byte_identical,1770,d50a5d8026dc963ff30326d70df9afa653aa09b6a995c104879f3c44bdd167d2
JCM_Author_Reproducibility_Archive.zip!/Source_Reproducibility/Original_Source_Packages/Additional_file_8_Pulmonary_Sensitivity_Data.zip,JTM_PACKAGE_PART_8.json,data/Additional_file_8_Pulmonary_Sensitivity_Data/JTM_PACKAGE_PART_8.json,retained_byte_identical,1872,0c0a02a519098edb3a5d22df476baa19f30483e1b72674c03c1b8dc95660aab4
JCM_Author_Reproducibility_Archive.zip!/Source_Reproducibility/Original_Source_Packages/Additional_file_8_Pulmonary_Sensitivity_Data.zip,Source_Data/Pulmonary_Raw/GSE278200_NINT_raw_counts.txt.gz,data/Additional_file_8_Pulmonary_Sensitivity_Data/Source_Data/Pulmonary_Raw/GSE278200_NINT_raw_counts.txt.gz,retained_byte_identical,476719,5ae68a0a8b4ab253105e27df215af424e44ca3563c52f22edd1981d5253eebfb
JCM_Author_Reproducibility_Archive.zip!/Source_Reproducibility/Original_Source_Packages/Additional_file_8_Pulmonary_Sensitivity_Data.zip,Source_Data/Pulmonary_Raw/GSE308578_Gene_counts.csv.gz,data/Additional_file_8_Pulmonary_Sensitivity_Data/Source_Data/Pulmonary_Raw/GSE308578_Gene_counts.csv.gz,retained_byte_identical,1456563,a46808f90410796adc84738e4045aaeee311bf7445c71c39c1ee47e08da47a9c
JCM_Author_Reproducibility_Archive.zip,Figure4_Repair_Audit/validation.json,provenance/author_archive/Figure4_Repair_Audit/validation.json,retained_byte_identical,538,01749fa8f7f2240856ba8e8127e29016136a026e2a1ebd1eb9c703ebc0046d80
JCM_Author_Reproducibility_Archive.zip,Figure_Assembly/FIGURE_DELIVERY_NOTES.md,provenance/author_archive/Figure_Assembly/FIGURE_DELIVERY_NOTES.md,retained_byte_identical,2235,6cc63763ec5ee1ec941408206b77759902ff67bf3ce765c13bac6c22dc0a7f4d
JCM_Author_Reproducibility_Archive.zip,Figure_Assembly/Manuscript_QA/Main_Pages_1_21_Visual_QA.md,provenance/author_archive/Figure_Assembly/Manuscript_QA/Main_Pages_1_21_Visual_QA.md,retained_byte_identical,2417,4a58dd98a42797a4e7c30e19d9a5af178fe4a19f38cc2398d983c552c9be0e39
JCM_Author_Reproducibility_Archive.zip,Figure_Assembly/Screening_Figures/Chart_Contract.md,provenance/author_archive/Figure_Assembly/Screening_Figures/Chart_Contract.md,retained_byte_identical,5620,be64fc1d99f3bfdfd83de777e48b1f526fb1e2466c0d780f713d4127e90f6b09
JCM_Author_Reproducibility_Archive.zip,Figure_Assembly/Screening_Figures/Figure_7_Legend.txt,provenance/author_archive/Figure_Assembly/Screening_Figures/Figure_7_Legend.txt,retained_byte_identical,1845,c612846f2c6f8bc5fd95b32d5c7de94b241672f1fec927a58bc1804d66488089
JCM_Author_Reproducibility_Archive.zip,Figure_Assembly/Screening_Figures/Figure_Legends_Draft.md,provenance/author_archive/Figure_Assembly/Screening_Figures/Figure_Legends_Draft.md,retained_byte_identical,4948,f72e78c52492362db16e7ca81c099b8a9e4f4f74b537cd6790d82c296d8e7e48
JCM_Author_Reproducibility_Archive.zip,Figure_Assembly/Screening_Figures/Figure_S13_Export_QA.json,provenance/author_archive/Figure_Assembly/Screening_Figures/Figure_S13_Export_QA.json,retained_byte_identical,368,0caa8a896e94441252c65a0080c6d884b93220e9b8c9c0de5d4745033dc0d8f5
JCM_Author_Reproducibility_Archive.zip,Figure_Assembly/Screening_Figures/Figure_S13_Legend.txt,provenance/author_archive/Figure_Assembly/Screening_Figures/Figure_S13_Legend.txt,retained_byte_identical,1391,ed8027a06bd4dc80d6dc1c1c7d17378cd897a267b5baca151529d82196bb7daa
JCM_Author_Reproducibility_Archive.zip,Figure_Assembly/Screening_Figures/Figure_S14_Export_QA.json,provenance/author_archive/Figure_Assembly/Screening_Figures/Figure_S14_Export_QA.json,retained_byte_identical,467,bbde16f1e8a9d1570163a5c8a7ec950f470ee7139016580a6beea074d241cf16
JCM_Author_Reproducibility_Archive.zip,Figure_Assembly/Screening_Figures/Figure_S14_Legend.txt,provenance/author_archive/Figure_Assembly/Screening_Figures/Figure_S14_Legend.txt,retained_byte_identical,1918,58ec5c84f4d65c11703fbf0e616a862757c434fda2278f899d995753754529a2
JCM_Author_Reproducibility_Archive.zip,Figure_Assembly/Screening_Figures/Fixed_Evidence_Source_Manifest.json,provenance/author_archive/Figure_Assembly/Screening_Figures/Fixed_Evidence_Source_Manifest.json,retained_byte_identical,524,e7fb9b6002a0d9739c959e895018c335f501e2bcf6e11389234ba5b560a7aefd
JCM_Author_Reproducibility_Archive.zip,Figure_Assembly/Screening_Figures/Main_Figure_Export_QA.json,provenance/author_archive/Figure_Assembly/Screening_Figures/Main_Figure_Export_QA.json,retained_byte_identical,496,56759c28dd4aae4a859a277d170141d1a267e2d1cc03cbe4c68d0cbfe4e8accb
JCM_Author_Reproducibility_Archive.zip,Figure_Assembly/Screening_Figures/Main_Figure_Source_Manifest.json,provenance/author_archive/Figure_Assembly/Screening_Figures/Main_Figure_Source_Manifest.json,retained_byte_identical,1432,7464a0ce1599ed54276609a42d231457a38852817b06f0969a461debccb1db9e
JCM_Author_Reproducibility_Archive.zip,Figure_Assembly/Screening_Figures/Properties_Sensitivity_Source_Manifest.json,provenance/author_archive/Figure_Assembly/Screening_Figures/Properties_Sensitivity_Source_Manifest.json,retained_byte_identical,275,13869198beff895df023485dbfb510e014d99d100c40081f8939a8ef0b1f09bd
JCM_Author_Reproducibility_Archive.zip,Figure_Assembly/Screening_Figures/SCREENING_FIGURE_DELIVERY_NOTES.md,provenance/author_archive/Figure_Assembly/Screening_Figures/SCREENING_FIGURE_DELIVERY_NOTES.md,retained_byte_identical,2354,89455a69e6d46e8a65986f09c384ad33c6896a7b7e921c3a66b29bc5bcba9d70
JCM_Author_Reproducibility_Archive.zip,Figure_Assembly/Screening_Figures/Supplement_Docking_Source_Manifest.json,provenance/author_archive/Figure_Assembly/Screening_Figures/Supplement_Docking_Source_Manifest.json,retained_byte_identical,666,3aec62649db6acf5da60cbb850573fd30609367d7c216fd1d19be1cc743745bb
JCM_Author_Reproducibility_Archive.zip,Figure_Assembly/Screening_Figures/build_main_screening.py,jcm_revision/figures/screening/build_main_screening.py,deduplicated_identical_code,6188,fe57ea2fd53982c3926d2d79993ba8b1093b96faca2d7dec06bfbee653855d41
JCM_Author_Reproducibility_Archive.zip,Figure_Assembly/Screening_Figures/build_supplement_docking.py,jcm_revision/figures/screening/build_supplement_docking.py,deduplicated_identical_code,6452,ae3e268de192760346590af372807cb77e6e3260d10d117591270bf2f31fc84f
JCM_Author_Reproducibility_Archive.zip,Figure_Assembly/Screening_Figures/build_supplement_properties.py,jcm_revision/figures/screening/build_supplement_properties.py,deduplicated_identical_code,4794,622cfcdea2993afee0043024af4f9394cb1fa604bf6f9c7b0ca2cf5f6b8a03a4
JCM_Author_Reproducibility_Archive.zip,Figure_Assembly/Screening_Figures/plot_fixed_evidence.py,jcm_revision/figures/screening/plot_fixed_evidence.py,deduplicated_identical_code,8739,ef126e5b72cd638cb14a54eaaa469933029ded5b4056aa4aa0672c92fd5b005b
JCM_Author_Reproducibility_Archive.zip,Figure_Assembly/assemble_final_assets.py,provenance/author_archive/Figure_Assembly/assemble_final_assets.py,retained_byte_identical,7830,5e62b58ef560badd95a713922990d9dc854bdf56ed4bacb5f749a5fefec63b33
JCM_Author_Reproducibility_Archive.zip,Figure_Assembly/build_workflow_figures.py,provenance/author_archive/Figure_Assembly/build_workflow_figures.py,retained_byte_identical,9641,d2ecc947097e6885f4e1e4865023fa814952a4d50a77cb6e52237cd1448d78b7
JCM_Author_Reproducibility_Archive.zip,Figure_Assembly/composite_validation.json,provenance/author_archive/Figure_Assembly/composite_validation.json,retained_byte_identical,26456,db1dba3ac0547b3a7a81a73fecc6c177fb3b0d5f2ab6bd7f345ea0e00da321bb
JCM_Author_Reproducibility_Archive.zip,Figure_Assembly/export_reopen_validation.json,provenance/author_archive/Figure_Assembly/export_reopen_validation.json,retained_byte_identical,1688,b8d918f9994db9a56f4e4d4415dde58f6f5dfb07cbac0430138c50393cbedd8b
JCM_Author_Reproducibility_Archive.zip,Figure_Assembly/export_verified_originals.py,provenance/author_archive/Figure_Assembly/export_verified_originals.py,retained_byte_identical,2328,b67a48077bc332003ab31def0629a2b0560a6dfe1947a3238f75c7ef83a17256
JCM_Author_Reproducibility_Archive.zip,Figure_Assembly/verify_final_assets.py,provenance/author_archive/Figure_Assembly/verify_final_assets.py,retained_byte_identical,3810,939889fd334b427fad80e27bf8df63a729694648b333517255828273814c575f
JCM_Author_Reproducibility_Archive.zip,Figure_Assembly/workflow_content_spec_draft.json,provenance/author_archive/Figure_Assembly/workflow_content_spec_draft.json,retained_byte_identical,9874,5590026c232398bb5cf69152420809b86cb1e7b8f62baebb83236c931c74db5b
JCM_Author_Reproducibility_Archive.zip,Figure_Assembly/workflow_inspection_and_draft_spec.md,provenance/author_archive/Figure_Assembly/workflow_inspection_and_draft_spec.md,retained_byte_identical,5157,6dc3d94fae902e03403038e67b1de3416efb1d760858c746718daf26321e33d3
JCM_Author_Reproducibility_Archive.zip,Final_Packaging/Final_Figure_Asset_Map.json,provenance/author_archive/Final_Packaging/Final_Figure_Asset_Map.json,retained_byte_identical,126378,1765a7ce26eaa1c43b7eeca0f0734a13f766cab9cd086a031beb91cb2765a685
JCM_Author_Reproducibility_Archive.zip,Final_Packaging/Portal_Upload_Manifest.json,provenance/author_archive/Final_Packaging/Portal_Upload_Manifest.json,retained_byte_identical,3822,4c69b3583bc4d3d5451f50de0c6eed0727bf4be30a4ccdb39ea4ee9a084e7bf6
JCM_Author_Reproducibility_Archive.zip,Final_Packaging/Publication_Text_QA.json,provenance/author_archive/Final_Packaging/Publication_Text_QA.json,retained_byte_identical,545,3e76f6244b5370ca101f039c6ff6a7800f575d3c90091567473bce5861ed6306
JCM_Author_Reproducibility_Archive.zip,Final_Packaging/Transport_Metadata_Audit.json,provenance/author_archive/Final_Packaging/Transport_Metadata_Audit.json,retained_byte_identical,966,6de6e211c05cef64cc51d64ad84e920014849d3a6fef7d6f3a856374f6516ddf
JCM_Author_Reproducibility_Archive.zip,Final_Packaging/build_archives.py,provenance/author_archive/Final_Packaging/build_archives.py,retained_byte_identical,7384,4147b8f92b34e442d9cdbf9685abe778b69be92584725dc4513c34c7a0d754d9
JCM_Author_Reproducibility_Archive.zip,Final_Packaging/build_author_archive.py,provenance/author_archive/Final_Packaging/build_author_archive.py,retained_byte_identical,4062,050e6bb6fe9caa203eb9a344a57f8293262017228176bdb9e40642f5b55762b3
JCM_Author_Reproducibility_Archive.zip,Final_Packaging/finalize_delivery.py,provenance/author_archive/Final_Packaging/finalize_delivery.py,retained_byte_identical,7637,9399d9aa7ec10b6295d63d0d98ef80f38a5ed8d25d39414f4e2804713e4d24e0
JCM_Author_Reproducibility_Archive.zip,Final_Packaging/sanitize_transport_metadata.py,provenance/author_archive/Final_Packaging/sanitize_transport_metadata.py,retained_byte_identical,1172,f517a7e654e65fea82f883a6bcea544d2cec62f5af5e42f69f2918890bf67eaa
JCM_Author_Reproducibility_Archive.zip,Independent_Review/Additional3_Figure_Source_Map.json,provenance/author_archive/Independent_Review/Additional3_Figure_Source_Map.json,retained_byte_identical,40156,45910d59add277906d2d98351d640a2a4e203e6ce7a2b85956e6feb557a27e7d
JCM_Author_Reproducibility_Archive.zip,Independent_Review/Additional3_Final_Figure_Index_Map.csv,provenance/author_archive/Independent_Review/Additional3_Final_Figure_Index_Map.csv,retained_byte_identical,36111,7cb51e7ab4d2eaf08690fcb04f64a129be64f07bc30fa7b1449ffb72e66cb891
JCM_Author_Reproducibility_Archive.zip,Independent_Review/Additional3_Legacy_Figure4_References.json,provenance/author_archive/Independent_Review/Additional3_Legacy_Figure4_References.json,retained_byte_identical,455,28c10d93e2321eb966d988347076cc7e843d6a27b48dbede0c12052270d3c953
JCM_Author_Reproducibility_Archive.zip,Independent_Review/Final_Manuscript_Quantitative_Audit.md,provenance/author_archive/Independent_Review/Final_Manuscript_Quantitative_Audit.md,retained_byte_identical,3802,4baad7951b12135c39c325ed9f5a5f2188c93dbbf2165bf7696b9c0d08af24ba
JCM_Author_Reproducibility_Archive.zip,Independent_Review/Supplementary_Source_Index_Guide.md,provenance/author_archive/Independent_Review/Supplementary_Source_Index_Guide.md,retained_byte_identical,5073,39db013fe47fbb86aeac11e150cf065d77ab6521d36d4d4e91a3e1df2404d4f5
JCM_Author_Reproducibility_Archive.zip,Independent_Review/layout_bounds_22_42.json,provenance/author_archive/Independent_Review/layout_bounds_22_42.json,retained_byte_identical,1961,355c9114a936da36d7de76c8cb63a30968aa399faa86228066eda2db5a550afc
JCM_Author_Reproducibility_Archive.zip,Independent_Source_Panels/Figure_4/Figure_4_Panel_A.png,provenance/author_archive/Independent_Source_Panels/Figure_4/Figure_4_Panel_A.png,retained_byte_identical,175713,8122a502b3747e926d5a25b55c2d203136903f91992845261bbfea631fb77e24
JCM_Author_Reproducibility_Archive.zip,Independent_Source_Panels/Figure_4/Figure_4_Panel_B.png,provenance/author_archive/Independent_Source_Panels/Figure_4/Figure_4_Panel_B.png,retained_byte_identical,146099,16890aaefb7d88d5c580e01ab54df90feeac9da0c6cb8b626f812c21031ba5d6
JCM_Author_Reproducibility_Archive.zip,Independent_Source_Panels/Figure_4/Figure_4_Panel_C.png,provenance/author_archive/Independent_Source_Panels/Figure_4/Figure_4_Panel_C.png,retained_byte_identical,161273,b1e7c5936c4d6b74931020d286c95e9f5fb1293b96c83e64f1497db649f4b405
JCM_Author_Reproducibility_Archive.zip,Independent_Source_Panels/Figure_4/Figure_4_Panel_D.png,provenance/author_archive/Independent_Source_Panels/Figure_4/Figure_4_Panel_D.png,retained_byte_identical,134413,29321eda14ba893f49feb915dfe42ffb0365301f47267811249fe9e7f05ea8da
JCM_Author_Reproducibility_Archive.zip,Independent_Source_Panels/Figure_4/Figure_4_Panel_E.png,provenance/author_archive/Independent_Source_Panels/Figure_4/Figure_4_Panel_E.png,retained_byte_identical,146407,f1feb9ea69246f50f9b1eec0d80d02fd08c68a5e5e9a5e62b7874e403c12f3cd
JCM_Author_Reproducibility_Archive.zip,Independent_Source_Panels/Figure_4/Figure_4_Panel_F.png,provenance/author_archive/Independent_Source_Panels/Figure_4/Figure_4_Panel_F.png,retained_byte_identical,141129,c33ab9bd00955f5526079f423c75d67ddc7fae9d0dea7f3c0d408b84a3d79385
JCM_Author_Reproducibility_Archive.zip,Independent_Source_Panels/Figure_S11/Figure_S11_Panel_A_600dpi.png,provenance/author_archive/Independent_Source_Panels/Figure_S11/Figure_S11_Panel_A_600dpi.png,retained_byte_identical,115234,95bc87fe458e0d2c440201973d5e32fc445d92886066208e3912e66980986540
JCM_Author_Reproducibility_Archive.zip,Independent_Source_Panels/Figure_S11/Figure_S11_Panel_B_600dpi.png,provenance/author_archive/Independent_Source_Panels/Figure_S11/Figure_S11_Panel_B_600dpi.png,retained_byte_identical,136277,d153d7b10ef13958d04b0c108726cf20f05419b5d8bf4d0430440aecbfc25a43
JCM_Author_Reproducibility_Archive.zip,Independent_Source_Panels/Figure_S11/Figure_S11_Panel_C_600dpi.png,provenance/author_archive/Independent_Source_Panels/Figure_S11/Figure_S11_Panel_C_600dpi.png,retained_byte_identical,81938,1bc8c84e551fa23350b0cce87f22d949a097a8f19e44681812a26d86136c3ac6
JCM_Author_Reproducibility_Archive.zip,Independent_Source_Panels/Figure_S11/Figure_S11_Panel_D_600dpi.png,provenance/author_archive/Independent_Source_Panels/Figure_S11/Figure_S11_Panel_D_600dpi.png,retained_byte_identical,107530,e1cb59a794aea3adfcc57c8600c381b5123fb4f8a8e04462be52fdc6a6e923d1
JCM_Author_Reproducibility_Archive.zip,Independent_Source_Panels/Figure_S11/Figure_S11_Panel_E_600dpi.png,provenance/author_archive/Independent_Source_Panels/Figure_S11/Figure_S11_Panel_E_600dpi.png,retained_byte_identical,150039,fc36fcefc2bb11090d562f83dce6c2e814a6998cfec38611114f231ef57d9376
JCM_Author_Reproducibility_Archive.zip,Independent_Source_Panels/Figure_S11/Figure_S11_Panel_F_600dpi.png,provenance/author_archive/Independent_Source_Panels/Figure_S11/Figure_S11_Panel_F_600dpi.png,retained_byte_identical,120693,7bb22d23bf4282faf12121434bef182d543dc2113ed4557ab111870d6d0a1dfd
JCM_Author_Reproducibility_Archive.zip,Independent_Source_Panels/Figure_S11/Figure_S11_Panel_G_600dpi.png,provenance/author_archive/Independent_Source_Panels/Figure_S11/Figure_S11_Panel_G_600dpi.png,retained_byte_identical,76778,66b8df17fcc6ae4fcfe8db892e66334c975ae283a7eb7a3a75e2c3d246cd5cf9
JCM_Author_Reproducibility_Archive.zip,Independent_Source_Panels/Figure_S11/Figure_S11_Panel_H_600dpi.png,provenance/author_archive/Independent_Source_Panels/Figure_S11/Figure_S11_Panel_H_600dpi.png,retained_byte_identical,89872,da9bb73e064b51fa1450fe7d56f54983d97bf19c992fc017534dda14fff4fcaa
JCM_Author_Reproducibility_Archive.zip,Independent_Source_Panels/Figure_S11/Figure_S11_Panel_I_600dpi.png,provenance/author_archive/Independent_Source_Panels/Figure_S11/Figure_S11_Panel_I_600dpi.png,retained_byte_identical,76779,869115c52a00337193e28aeed6cbc8c760f8eced2d558707b58d75f8cf519749
JCM_Author_Reproducibility_Archive.zip,JCM_Reference_and_Method_Audit/AUDIT_MANIFEST.json,provenance/author_archive/JCM_Reference_and_Method_Audit/AUDIT_MANIFEST.json,retained_byte_identical,22292,f52ccfe87b64d6e48cd80bb6d742a64bedfed7407e05cb0b498b1e7b19d54e89
JCM_Author_Reproducibility_Archive.zip,JCM_Reference_and_Method_Audit/Author_Documents_Build_Report.json,provenance/author_archive/JCM_Reference_and_Method_Audit/Author_Documents_Build_Report.json,retained_byte_identical,1107,2fb7f8afc166005e1c466cc7868bcb856d20be75c0b98baae00b0e12d1a04541
JCM_Author_Reproducibility_Archive.zip,JCM_Reference_and_Method_Audit/Figure4_Author_Checklist_Decode.json,provenance/author_archive/JCM_Reference_and_Method_Audit/Figure4_Author_Checklist_Decode.json,retained_byte_identical,259,2a636197c602106df64cb527a3fd94081f94467144a4f5e2bd0d8f4ae560b1fb
JCM_Author_Reproducibility_Archive.zip,JCM_Reference_and_Method_Audit/JCM_Implementation_Requirements.txt,provenance/author_archive/JCM_Reference_and_Method_Audit/JCM_Implementation_Requirements.txt,retained_byte_identical,5251,1d7d77fdf8fa14d58c582819619a331a315d63a5cec04993908589e8ff6e87af
JCM_Author_Reproducibility_Archive.zip,JCM_Reference_and_Method_Audit/New_Reference_Audit.json,provenance/author_archive/JCM_Reference_and_Method_Audit/New_Reference_Audit.json,retained_byte_identical,5246,f2f89d8804d447c009b1eefc4c385bd25eb1268c6b2963d2daeb025654d3278e
JCM_Author_Reproducibility_Archive.zip,JCM_Reference_and_Method_Audit/New_References_JCM_ACS.json,provenance/author_archive/JCM_Reference_and_Method_Audit/New_References_JCM_ACS.json,retained_byte_identical,14788,dbd3baf481048b6e6be0056c04763303c8b2aea23eb752f25f5432d550951806
JCM_Author_Reproducibility_Archive.zip,JCM_Reference_and_Method_Audit/New_References_JCM_ACS.txt,provenance/author_archive/JCM_Reference_and_Method_Audit/New_References_JCM_ACS.txt,retained_byte_identical,3263,a482cc1c72f786e91b11d9cce873267e9786e4cae671206c079e19cd8fd86b0a
JCM_Author_Reproducibility_Archive.zip,JCM_Reference_and_Method_Audit/Reference_Audit_Final.json,provenance/author_archive/JCM_Reference_and_Method_Audit/Reference_Audit_Final.json,retained_byte_identical,53408,d2be35f699b97f057239e543a42a62977f5da4aef7c1f90ad3a285287700dd3c
JCM_Author_Reproducibility_Archive.zip,JCM_Reference_and_Method_Audit/Reference_Audit_Summary.json,provenance/author_archive/JCM_Reference_and_Method_Audit/Reference_Audit_Summary.json,retained_byte_identical,1664,c8efc85e6101e683321647486136d646ee62bd07ff2c904ef54b437c756eb75c
JCM_Author_Reproducibility_Archive.zip,JCM_Reference_and_Method_Audit/Reference_Audit_Summary.txt,provenance/author_archive/JCM_Reference_and_Method_Audit/Reference_Audit_Summary.txt,retained_byte_identical,1188,1d2868ed28a022cafc060d52cdc78f3a18fee23212340efaf771dc0e89111dda
JCM_Author_Reproducibility_Archive.zip,JCM_Reference_and_Method_Audit/References_JCM_ACS.json,provenance/author_archive/JCM_Reference_and_Method_Audit/References_JCM_ACS.json,retained_byte_identical,88676,0872f1fcb9bb56d348f9099ca16fd2ccc409873be157e84cff3933d479a9f8fe
JCM_Author_Reproducibility_Archive.zip,JCM_Reference_and_Method_Audit/References_JCM_ACS.txt,provenance/author_archive/JCM_Reference_and_Method_Audit/References_JCM_ACS.txt,retained_byte_identical,26613,ae824ee0ae477a9e3f0731586d58dd195abff592739ec286c30838101fb4d8ff
JCM_Author_Reproducibility_Archive.zip,JCM_Reference_and_Method_Audit/Targeted_Supplement_Build_Report.json,provenance/author_archive/JCM_Reference_and_Method_Audit/Targeted_Supplement_Build_Report.json,retained_byte_identical,1253,d6b3ca29c5a44764ae6516ea8bd61e21a24a8158917a8c86e0a8ba1c7460e116
JCM_Author_Reproducibility_Archive.zip,JCM_Reference_and_Method_Audit/Targeted_Supplement_Disposition.json,provenance/author_archive/JCM_Reference_and_Method_Audit/Targeted_Supplement_Disposition.json,retained_byte_identical,26970,09bcef375425884cef6d6c3f1159ffd82bddd970b1113fcacf96e4a279cc77bc
JCM_Author_Reproducibility_Archive.zip,JCM_Reference_and_Method_Audit/Targeted_Supplement_Text.txt,provenance/author_archive/JCM_Reference_and_Method_Audit/Targeted_Supplement_Text.txt,retained_byte_identical,24895,317965903cb5db45cb5fcb2bb9ee2f354430bb253ad439df97ee7745c08627a4
JCM_Author_Reproducibility_Archive.zip,JCM_Reference_and_Method_Audit/build_author_documents.py,provenance/author_archive/JCM_Reference_and_Method_Audit/build_author_documents.py,retained_byte_identical,11130,8b5ed88e2d13be152648b0b0044876ffab8e61f687ef9b80a990b737bd2ea83c
JCM_Author_Reproducibility_Archive.zip,JCM_Reference_and_Method_Audit/build_targeted_supplement.py,provenance/author_archive/JCM_Reference_and_Method_Audit/build_targeted_supplement.py,retained_byte_identical,9654,fd7a3a21698b1ece64e1c0f97f928fa0ef145413bd9da3cb70192220ffc165aa
JCM_Author_Reproducibility_Archive.zip,JCM_Reference_and_Method_Audit/content_base/Author_Completion_List.txt,provenance/author_archive/JCM_Reference_and_Method_Audit/content_base/Author_Completion_List.txt,retained_byte_identical,3834,405ca1248bea603832ca688969de10eba3b6fd4ea2b9eebc78f6377b0ecd7d3e
JCM_Author_Reproducibility_Archive.zip,JCM_Reference_and_Method_Audit/content_base/Author_Contributions_JCM_Format.txt,provenance/author_archive/JCM_Reference_and_Method_Audit/content_base/Author_Contributions_JCM_Format.txt,retained_byte_identical,504,6e768726931076a1f511254b4020e43062aff58a0b4c244267326c20f05f9ae5
JCM_Author_Reproducibility_Archive.zip,JCM_Reference_and_Method_Audit/content_base/Content_Base_Anchors.json,provenance/author_archive/JCM_Reference_and_Method_Audit/content_base/Content_Base_Anchors.json,retained_byte_identical,10861,a8e79d24e2e1c05ab70d78adc77fe9c9ae2dae11fbd2f17bd2e8deee40f065cc
JCM_Author_Reproducibility_Archive.zip,JCM_Reference_and_Method_Audit/content_base/Content_Base_QA.json,provenance/author_archive/JCM_Reference_and_Method_Audit/content_base/Content_Base_QA.json,retained_byte_identical,597,c4b2528a3595453f34297799ac3b4de89b7080809e6c57915d0500c33cdffc32
JCM_Author_Reproducibility_Archive.zip,JCM_Reference_and_Method_Audit/content_base/Content_Base_Report.json,provenance/author_archive/JCM_Reference_and_Method_Audit/content_base/Content_Base_Report.json,retained_byte_identical,942,59d179dcbbdd245e5ab47bcd51abdc6bb9c7890bb4c7008ce0ee871f2ec169db
JCM_Author_Reproducibility_Archive.zip,JCM_Reference_and_Method_Audit/content_base/Cover_Letter.txt,provenance/author_archive/JCM_Reference_and_Method_Audit/content_base/Cover_Letter.txt,retained_byte_identical,2036,058c1040289a37c73078aa776fecfd83876b8c1c41794770a81b43499293f4d2
JCM_Author_Reproducibility_Archive.zip,JCM_Reference_and_Method_Audit/content_base/Integration_Handoff.txt,provenance/author_archive/JCM_Reference_and_Method_Audit/content_base/Integration_Handoff.txt,retained_byte_identical,5393,6a8df129e93f7f3d256703e8b0fe0b15eb32b838a0add0d2e7a3fe2e85cc9a99
JCM_Author_Reproducibility_Archive.zip,JCM_Reference_and_Method_Audit/content_base/JCM_Content_Base_Text.txt,provenance/author_archive/JCM_Reference_and_Method_Audit/content_base/JCM_Content_Base_Text.txt,retained_byte_identical,109592,16b2754bc745b75e016d8d56cb9a8da602abcb42c9f138b8bc09cd8ff972165d
JCM_Author_Reproducibility_Archive.zip,JCM_Reference_and_Method_Audit/content_base/JCM_Declaration_Audit.txt,provenance/author_archive/JCM_Reference_and_Method_Audit/content_base/JCM_Declaration_Audit.txt,retained_byte_identical,3463,52c937f51c01e72d59eb735aa1d03e0fe463950eb1a0a7d6eb25ef43f4586c37
JCM_Author_Reproducibility_Archive.zip,JCM_Reference_and_Method_Audit/content_base/Moved_Original_Results_Exact.txt,provenance/author_archive/JCM_Reference_and_Method_Audit/content_base/Moved_Original_Results_Exact.txt,retained_byte_identical,9084,d28805db8c2b84fe80a98c8f45ecbf006b62d01a27c79ab0910c38e19b73c73c
JCM_Author_Reproducibility_Archive.zip,JCM_Reference_and_Method_Audit/content_base/Paragraph_Disposition.json,provenance/author_archive/JCM_Reference_and_Method_Audit/content_base/Paragraph_Disposition.json,retained_byte_identical,268977,4ebebf2153f7f06f986cff7a9af74ee6622591fd1bdc24d4ff37f5976b7183ba
JCM_Author_Reproducibility_Archive.zip,JCM_Reference_and_Method_Audit/content_base/Paragraph_Disposition.tsv,provenance/author_archive/JCM_Reference_and_Method_Audit/content_base/Paragraph_Disposition.tsv,retained_byte_identical,13118,4d77df4129d43fe2fdfc507f04ccd67d5b03c3582d7f7ff646247273a06ff33c
JCM_Author_Reproducibility_Archive.zip,JCM_Reference_and_Method_Audit/content_base/Required_Cover_Letter_Attestations.txt,provenance/author_archive/JCM_Reference_and_Method_Audit/content_base/Required_Cover_Letter_Attestations.txt,retained_byte_identical,822,3657ef865336a47ec048579a08c83a6ff69a8290487ef7f0a73f1d02f033d60a
JCM_Author_Reproducibility_Archive.zip,JCM_Reference_and_Method_Audit/content_base/Supplementary_Results_Integration.txt,provenance/author_archive/JCM_Reference_and_Method_Audit/content_base/Supplementary_Results_Integration.txt,retained_byte_identical,9168,e597873ee3338e5db8c070b8a630039ca91087bc1c430ff3637c26510579f865
JCM_Author_Reproducibility_Archive.zip,JCM_Reference_and_Method_Audit/content_base/build_jcm_content_base.py,provenance/author_archive/JCM_Reference_and_Method_Audit/content_base/build_jcm_content_base.py,retained_byte_identical,18789,a6f812c65087c9bcdf5f99f92a96de4a4a7f2f63c08c6ca29064911519fac211
JCM_Author_Reproducibility_Archive.zip,JCM_Reference_and_Method_Audit/crossref_probe.json,provenance/author_archive/JCM_Reference_and_Method_Audit/crossref_probe.json,retained_byte_identical,39542,73a3510a5d193e0d0eed32e987ff624e8d7eff6ad152ca5b3f7a0e64d8c34d7e
JCM_Author_Reproducibility_Archive.zip,JCM_Reference_and_Method_Audit/dataset_source_verification.json,provenance/author_archive/JCM_Reference_and_Method_Audit/dataset_source_verification.json,retained_byte_identical,13155,4da646a3287e2994de83751be7c7a77cf2df8182c1e2561bed828b9e940505d3
JCM_Author_Reproducibility_Archive.zip,JCM_Reference_and_Method_Audit/format_new_references.py,provenance/author_archive/JCM_Reference_and_Method_Audit/format_new_references.py,retained_byte_identical,6004,924bf0387d785bcc8f6cd17c9791607ebae0ea9093005215b8f7f6a894bebdad
JCM_Author_Reproducibility_Archive.zip,JCM_Reference_and_Method_Audit/format_verified_references.py,provenance/author_archive/JCM_Reference_and_Method_Audit/format_verified_references.py,retained_byte_identical,6644,82dc5d957b4651312a8898fdd9d096a9995f2bbc6f3d4fd380bba833ab8df1fb
JCM_Author_Reproducibility_Archive.zip,JCM_Reference_and_Method_Audit/jcm_instructions.html,provenance/author_archive/JCM_Reference_and_Method_Audit/jcm_instructions.html,retained_byte_identical,455061,37d4d98e8e11933540bcf533fd765e9c559371553925c5872f5ae9b35e04ed7e
JCM_Author_Reproducibility_Archive.zip,JCM_Reference_and_Method_Audit/jcm_instructions.txt,provenance/author_archive/JCM_Reference_and_Method_Audit/jcm_instructions.txt,retained_byte_identical,121997,aaa8c82ca7f7d062a3ec7ee1ab0b0e624177161045d448db5af779ee58c816d8
JCM_Author_Reproducibility_Archive.zip,JCM_Reference_and_Method_Audit/main_citation_numbering_audit.json,provenance/author_archive/JCM_Reference_and_Method_Audit/main_citation_numbering_audit.json,retained_byte_identical,18772,02c5283e3ea662f5e31a9f1da7a94b9af30e2a3098026eca8925df3083d42345
JCM_Author_Reproducibility_Archive.zip,JCM_Reference_and_Method_Audit/manuscript_text.tsv,provenance/author_archive/JCM_Reference_and_Method_Audit/manuscript_text.tsv,retained_byte_identical,116250,854576a383f9f0d987f3241a55b70f64650754e847c60cc0a4ef2ed25cfd2b03
JCM_Author_Reproducibility_Archive.zip,JCM_Reference_and_Method_Audit/mdpi_acs_reference_guide.txt,provenance/author_archive/JCM_Reference_and_Method_Audit/mdpi_acs_reference_guide.txt,retained_byte_identical,19438,25581563c35ad91c682fe115291b304fa1ced042244eabbd570398e16a4d7407
JCM_Author_Reproducibility_Archive.zip,JCM_Reference_and_Method_Audit/mdpi_layout.html,provenance/author_archive/JCM_Reference_and_Method_Audit/mdpi_layout.html,retained_byte_identical,272944,2714bd1132777c49acb36f0cdb61c5a5f22d536f9046e246a0d4d6de83117717
JCM_Author_Reproducibility_Archive.zip,JCM_Reference_and_Method_Audit/mdpi_layout.txt,provenance/author_archive/JCM_Reference_and_Method_Audit/mdpi_layout.txt,retained_byte_identical,86513,a2d8407e6820289e16e4af42a3884df0d658c9ea25c6c4c1d3c187686bee99ba
JCM_Author_Reproducibility_Archive.zip,JCM_Reference_and_Method_Audit/mdpi_references.html,provenance/author_archive/JCM_Reference_and_Method_Audit/mdpi_references.html,retained_byte_identical,278560,9891fdb454c081a475438ccd72a6baf77116c492b66a760aaad45a53d5ecb883
JCM_Author_Reproducibility_Archive.zip,JCM_Reference_and_Method_Audit/mdpi_references.txt,provenance/author_archive/JCM_Reference_and_Method_Audit/mdpi_references.txt,retained_byte_identical,27053,5cad736edd4fe9199e7fc505960d86fcaf1b0610569db95b664d0d9115ce5aa1
JCM_Author_Reproducibility_Archive.zip,JCM_Reference_and_Method_Audit/metadata/ref_001.json,provenance/author_archive/JCM_Reference_and_Method_Audit/metadata/ref_001.json,retained_byte_identical,28680,e39241e4c29b85a0446fc0a599ebda14c453cabd7accbc9bed60b9792c35c876
JCM_Author_Reproducibility_Archive.zip,JCM_Reference_and_Method_Audit/metadata/ref_002.json,provenance/author_archive/JCM_Reference_and_Method_Audit/metadata/ref_002.json,retained_byte_identical,13364,4d5b31ee299b52dbcb86f14aa1de0b0d2933cbf8326cce6b655af1756993ba50
JCM_Author_Reproducibility_Archive.zip,JCM_Reference_and_Method_Audit/metadata/ref_003.json,provenance/author_archive/JCM_Reference_and_Method_Audit/metadata/ref_003.json,retained_byte_identical,6590,94ea78126468f9b55ffd1ba474fe24d838c97b747bab1d30cd65e84b2db7e45b
JCM_Author_Reproducibility_Archive.zip,JCM_Reference_and_Method_Audit/metadata/ref_004.json,provenance/author_archive/JCM_Reference_and_Method_Audit/metadata/ref_004.json,retained_byte_identical,16456,c26f310c7f929c1153212d485c77aa85cfa53dd2c256383980f702fe5eb6d70e
JCM_Author_Reproducibility_Archive.zip,JCM_Reference_and_Method_Audit/metadata/ref_005.json,provenance/author_archive/JCM_Reference_and_Method_Audit/metadata/ref_005.json,retained_byte_identical,18408,7afd4a50b59742c8170a6ff0b60cc79163bd1660cae2233c587389d8e3d44c54
JCM_Author_Reproducibility_Archive.zip,JCM_Reference_and_Method_Audit/metadata/ref_006.json,provenance/author_archive/JCM_Reference_and_Method_Audit/metadata/ref_006.json,retained_byte_identical,8659,1d849eaea89eb762ada591f6f33524775adc1ee8ccb3f15a0f395ae4d8b64471
JCM_Author_Reproducibility_Archive.zip,JCM_Reference_and_Method_Audit/metadata/ref_007.json,provenance/author_archive/JCM_Reference_and_Method_Audit/metadata/ref_007.json,retained_byte_identical,10524,8a2b3cfa05ba72d46ec73f3514fac52e317d2ee6858f6d8dcfa4460b41c477ad
JCM_Author_Reproducibility_Archive.zip,JCM_Reference_and_Method_Audit/metadata/ref_008.html,provenance/author_archive/JCM_Reference_and_Method_Audit/metadata/ref_008.html,retained_byte_identical,33597,363ff4e7918c31f6a1dbe6f19b9f7632ed2ad1c370ead7eec8d7322a58306e78
JCM_Author_Reproducibility_Archive.zip,JCM_Reference_and_Method_Audit/metadata/ref_009.html,provenance/author_archive/JCM_Reference_and_Method_Audit/metadata/ref_009.html,retained_byte_identical,33389,1647dcbe457f94aacc7926780df49c4e8687181efb7b108b1962d5b6d1e1fab2
JCM_Author_Reproducibility_Archive.zip,JCM_Reference_and_Method_Audit/metadata/ref_010.html,provenance/author_archive/JCM_Reference_and_Method_Audit/metadata/ref_010.html,retained_byte_identical,165816,be4a3b501a42d1eeddf375fc943fd287b7b4f5242923e0bf21d134ff480b5be4
JCM_Author_Reproducibility_Archive.zip,JCM_Reference_and_Method_Audit/metadata/ref_011.json,provenance/author_archive/JCM_Reference_and_Method_Audit/metadata/ref_011.json,retained_byte_identical,13164,d9a9686bc5d96f8d4bea96346386925bf1cd3b130cf22e9f78876b36795c0ceb
JCM_Author_Reproducibility_Archive.zip,JCM_Reference_and_Method_Audit/metadata/ref_012.json,provenance/author_archive/JCM_Reference_and_Method_Audit/metadata/ref_012.json,retained_byte_identical,15304,020fb9cb9d486227aa4d428dd3e7136720d11d4167e951aecab7d12a947491cb
JCM_Author_Reproducibility_Archive.zip,JCM_Reference_and_Method_Audit/metadata/ref_013.json,provenance/author_archive/JCM_Reference_and_Method_Audit/metadata/ref_013.json,retained_byte_identical,18883,24f72181da5858af1cfc8b8d48eed725ee8f346e1c0c61dc7960a4357dcb7b32
JCM_Author_Reproducibility_Archive.zip,JCM_Reference_and_Method_Audit/metadata/ref_014.html,provenance/author_archive/JCM_Reference_and_Method_Audit/metadata/ref_014.html,retained_byte_identical,259217,2c7d415566c847dc5230cc856f11412541464c4744b08fad0fff346ae4d29f46
JCM_Author_Reproducibility_Archive.zip,JCM_Reference_and_Method_Audit/metadata/ref_015.json,provenance/author_archive/JCM_Reference_and_Method_Audit/metadata/ref_015.json,retained_byte_identical,9218,b56d4fbdcdc05fe67a05f9ff7ae7b9ddf3607aabe983258152f8e67d9d60e366
JCM_Author_Reproducibility_Archive.zip,JCM_Reference_and_Method_Audit/metadata/ref_016.json,provenance/author_archive/JCM_Reference_and_Method_Audit/metadata/ref_016.json,retained_byte_identical,31970,baba43459dc1f14ffc91eb5eca0489b1e2137831e1df9d47870167316b9600ba
JCM_Author_Reproducibility_Archive.zip,JCM_Reference_and_Method_Audit/metadata/ref_017.json,provenance/author_archive/JCM_Reference_and_Method_Audit/metadata/ref_017.json,retained_byte_identical,122152,f458c759df6e9dfd95ba9971717011fb3adce7d3c3693f5b5bea517d3db661a6
JCM_Author_Reproducibility_Archive.zip,JCM_Reference_and_Method_Audit/metadata/ref_018.json,provenance/author_archive/JCM_Reference_and_Method_Audit/metadata/ref_018.json,retained_byte_identical,67103,a09e37a75b7be3701d9f36681daf62070808456c22469180d0a333952e677438
JCM_Author_Reproducibility_Archive.zip,JCM_Reference_and_Method_Audit/metadata/ref_019.json,provenance/author_archive/JCM_Reference_and_Method_Audit/metadata/ref_019.json,retained_byte_identical,79625,4640c43fb11ee6ecef86b09582ca4d2e6572cfdd86452a3392d74402b28ba797
JCM_Author_Reproducibility_Archive.zip,JCM_Reference_and_Method_Audit/metadata/ref_020.json,provenance/author_archive/JCM_Reference_and_Method_Audit/metadata/ref_020.json,retained_byte_identical,2759,d261c78b320df030705df8fe28e5dee2aa4a0bd1922aefd691f8b5264460cc23
JCM_Author_Reproducibility_Archive.zip,JCM_Reference_and_Method_Audit/metadata/ref_021.json,provenance/author_archive/JCM_Reference_and_Method_Audit/metadata/ref_021.json,retained_byte_identical,15611,8471b5eeea02ac59b63eed7a24b297b80ae3b0eaf2b4c14454da6de414fe5cdd
JCM_Author_Reproducibility_Archive.zip,JCM_Reference_and_Method_Audit/metadata/ref_022.json,provenance/author_archive/JCM_Reference_and_Method_Audit/metadata/ref_022.json,retained_byte_identical,14645,547d1b3c6a5e74b8e344671443080737f2137cabc7b8c46244d0e8a7a33ff5fd
JCM_Author_Reproducibility_Archive.zip,JCM_Reference_and_Method_Audit/metadata/ref_023.json,provenance/author_archive/JCM_Reference_and_Method_Audit/metadata/ref_023.json,retained_byte_identical,12805,2ed20621453b529971713109f8706f51efbbac91d0ce8e1e7d5a87145ed124d5
JCM_Author_Reproducibility_Archive.zip,JCM_Reference_and_Method_Audit/metadata/ref_024.json,provenance/author_archive/JCM_Reference_and_Method_Audit/metadata/ref_024.json,retained_byte_identical,44667,27d4325e424cff997cf1cccee603d5e3361041c96e8d51a1694b857df410275d
JCM_Author_Reproducibility_Archive.zip,JCM_Reference_and_Method_Audit/metadata/ref_025.json,provenance/author_archive/JCM_Reference_and_Method_Audit/metadata/ref_025.json,retained_byte_identical,10325,55b20908fb194a423125b26d1b766639f136ed73b0ca56e91a453451009019d3
JCM_Author_Reproducibility_Archive.zip,JCM_Reference_and_Method_Audit/metadata/ref_026.json,provenance/author_archive/JCM_Reference_and_Method_Audit/metadata/ref_026.json,retained_byte_identical,20127,b9987170d1cef1e9493f8376065aa198d950e47b5966a1f1e3ade29600cfae8c
JCM_Author_Reproducibility_Archive.zip,JCM_Reference_and_Method_Audit/metadata/ref_027.json,provenance/author_archive/JCM_Reference_and_Method_Audit/metadata/ref_027.json,retained_byte_identical,13037,03f49fd5f9fbae0eff6f94f15b12a4fd7396ba1394b969ec5c5df987f18f401a
JCM_Author_Reproducibility_Archive.zip,JCM_Reference_and_Method_Audit/metadata/ref_028.json,provenance/author_archive/JCM_Reference_and_Method_Audit/metadata/ref_028.json,retained_byte_identical,21142,811571585a3023fb09d630fcea5645526fa7c81fa037528769c93cc060743e6a
JCM_Author_Reproducibility_Archive.zip,JCM_Reference_and_Method_Audit/metadata/ref_029.json,provenance/author_archive/JCM_Reference_and_Method_Audit/metadata/ref_029.json,retained_byte_identical,11865,d89d21bc7b6b43577141312f23abfce0a12d179a93a94fc522ec38bc6e9c18ff
JCM_Author_Reproducibility_Archive.zip,JCM_Reference_and_Method_Audit/metadata/ref_030.json,provenance/author_archive/JCM_Reference_and_Method_Audit/metadata/ref_030.json,retained_byte_identical,31321,0e16b7ef8fc0f6d63adf53f0783eff7f18f4d777ac69cf79d844ae95a5aca551
JCM_Author_Reproducibility_Archive.zip,JCM_Reference_and_Method_Audit/metadata/ref_031.json,provenance/author_archive/JCM_Reference_and_Method_Audit/metadata/ref_031.json,retained_byte_identical,13430,5b83467ed1817300bf1aa884e3556b27985482bf4d9283ce26bc5829fe0855f1
JCM_Author_Reproducibility_Archive.zip,JCM_Reference_and_Method_Audit/metadata/ref_032.json,provenance/author_archive/JCM_Reference_and_Method_Audit/metadata/ref_032.json,retained_byte_identical,40646,525cc45c86b7b58bb1af7fcda50a76efe4fc02d71bf246a41effba7ab829e4ba
JCM_Author_Reproducibility_Archive.zip,JCM_Reference_and_Method_Audit/metadata/ref_033.json,provenance/author_archive/JCM_Reference_and_Method_Audit/metadata/ref_033.json,retained_byte_identical,27318,218fa3f356817f3d9b27c267de75896663afdbd19bb2b7831dd406109d735f7b
JCM_Author_Reproducibility_Archive.zip,JCM_Reference_and_Method_Audit/metadata/ref_034.json,provenance/author_archive/JCM_Reference_and_Method_Audit/metadata/ref_034.json,retained_byte_identical,28742,68dc6da4c105c0d44323ff4c35f5d4fcea95206d2c36aef606fada4e4614155c
JCM_Author_Reproducibility_Archive.zip,JCM_Reference_and_Method_Audit/metadata/ref_035.json,provenance/author_archive/JCM_Reference_and_Method_Audit/metadata/ref_035.json,retained_byte_identical,14248,75ce61f74de999a21870074fad2fb0e633156b45b63bc9201d1f5f43c649104a
JCM_Author_Reproducibility_Archive.zip,JCM_Reference_and_Method_Audit/metadata/ref_036.json,provenance/author_archive/JCM_Reference_and_Method_Audit/metadata/ref_036.json,retained_byte_identical,30742,41c7f3cb256f990888809e203e2208d4324de6609188ea23a334132220ccc05b
JCM_Author_Reproducibility_Archive.zip,JCM_Reference_and_Method_Audit/metadata/ref_037.json,provenance/author_archive/JCM_Reference_and_Method_Audit/metadata/ref_037.json,retained_byte_identical,28128,58a6cbb8f2f8220fc31d0ab7612977a8ed97f7d29e5788459d06fcd32e7acc25
JCM_Author_Reproducibility_Archive.zip,JCM_Reference_and_Method_Audit/metadata/ref_038.json,provenance/author_archive/JCM_Reference_and_Method_Audit/metadata/ref_038.json,retained_byte_identical,15030,1f9884bae83eb0e7828eee1dd3b50d66f76a3cb9ba2fba59ec9fe4d78590c67e
JCM_Author_Reproducibility_Archive.zip,JCM_Reference_and_Method_Audit/metadata/ref_039.json,provenance/author_archive/JCM_Reference_and_Method_Audit/metadata/ref_039.json,retained_byte_identical,9350,fa2d834d6cafb30e326a25e58d397c053b47b988e5d2fd8bf99a09feb6326766
JCM_Author_Reproducibility_Archive.zip,JCM_Reference_and_Method_Audit/metadata/ref_040.json,provenance/author_archive/JCM_Reference_and_Method_Audit/metadata/ref_040.json,retained_byte_identical,14556,729522a4272c226a3e0ed8cc5f34f80ac57b2fcc48eacfe361d687f0ed7c7c18
JCM_Author_Reproducibility_Archive.zip,JCM_Reference_and_Method_Audit/metadata/ref_041.json,provenance/author_archive/JCM_Reference_and_Method_Audit/metadata/ref_041.json,retained_byte_identical,16376,8779223a622846b1eadb1c484372bf70953e068af9ac7264d34422ab12755028
JCM_Author_Reproducibility_Archive.zip,JCM_Reference_and_Method_Audit/metadata/ref_042.json,provenance/author_archive/JCM_Reference_and_Method_Audit/metadata/ref_042.json,retained_byte_identical,11064,8a9681efff4a033843c46e478f28840b0b9bcc383fd47c1df22f60ff4417260b
JCM_Author_Reproducibility_Archive.zip,JCM_Reference_and_Method_Audit/metadata/ref_043.json,provenance/author_archive/JCM_Reference_and_Method_Audit/metadata/ref_043.json,retained_byte_identical,7930,20668c3481635057f6c0b377f7eb75f5ac488c6499621c83d24d516288ef91f1
JCM_Author_Reproducibility_Archive.zip,JCM_Reference_and_Method_Audit/metadata/ref_044.json,provenance/author_archive/JCM_Reference_and_Method_Audit/metadata/ref_044.json,retained_byte_identical,15919,385d4689de36e8453a6d319029628a02438ca2b88d7479bf9df0b73af1a62612
JCM_Author_Reproducibility_Archive.zip,JCM_Reference_and_Method_Audit/metadata/ref_045.json,provenance/author_archive/JCM_Reference_and_Method_Audit/metadata/ref_045.json,retained_byte_identical,13793,c310f049a5bdce152b398bdca4630efca16b13b8509b921bb3f082703abf29b8
JCM_Author_Reproducibility_Archive.zip,JCM_Reference_and_Method_Audit/metadata/ref_046.json,provenance/author_archive/JCM_Reference_and_Method_Audit/metadata/ref_046.json,retained_byte_identical,23675,f7ea7338e463bc65185d165f528b6312192fc21294294446ff1766c7fdd601f8
JCM_Author_Reproducibility_Archive.zip,JCM_Reference_and_Method_Audit/metadata/ref_047.json,provenance/author_archive/JCM_Reference_and_Method_Audit/metadata/ref_047.json,retained_byte_identical,15372,d92c9ddbc87820b0eaed00733c829ae9213d9f7f2af286e782b46cba34faabe3
JCM_Author_Reproducibility_Archive.zip,JCM_Reference_and_Method_Audit/metadata/ref_048.json,provenance/author_archive/JCM_Reference_and_Method_Audit/metadata/ref_048.json,retained_byte_identical,8138,e64b4c7ab3d8043619bcad19181dd57382104ccb72c295d48b5a3efd28a801b4
JCM_Author_Reproducibility_Archive.zip,JCM_Reference_and_Method_Audit/metadata/ref_049.json,provenance/author_archive/JCM_Reference_and_Method_Audit/metadata/ref_049.json,retained_byte_identical,26504,a01729a9c6560c5efcf8ee3283c63a306e3d3eddba294545ecc41ee1042d1526
JCM_Author_Reproducibility_Archive.zip,JCM_Reference_and_Method_Audit/metadata/ref_050.json,provenance/author_archive/JCM_Reference_and_Method_Audit/metadata/ref_050.json,retained_byte_identical,43863,9c46a317d7dd99cd7896bfd1ce798709527dee86728eecbafac583b28879c1df
JCM_Author_Reproducibility_Archive.zip,JCM_Reference_and_Method_Audit/metadata/ref_051.json,provenance/author_archive/JCM_Reference_and_Method_Audit/metadata/ref_051.json,retained_byte_identical,14313,5998c5c85da485977159b9c47515520aa555c8abedb4dec8542c64ebaa564eb8
JCM_Author_Reproducibility_Archive.zip,JCM_Reference_and_Method_Audit/metadata/ref_052.json,provenance/author_archive/JCM_Reference_and_Method_Audit/metadata/ref_052.json,retained_byte_identical,1785,2a9d3750f13c2ecf78b4d6e3fa07c534350df3ec540eba6c47bcfbd69659a749
JCM_Author_Reproducibility_Archive.zip,JCM_Reference_and_Method_Audit/metadata/ref_053.json,provenance/author_archive/JCM_Reference_and_Method_Audit/metadata/ref_053.json,retained_byte_identical,7791,3c16f0c1df170ad380eb02dd5a4c912b247a533ad0c96644388d39af097548b9
JCM_Author_Reproducibility_Archive.zip,JCM_Reference_and_Method_Audit/metadata/ref_054.json,provenance/author_archive/JCM_Reference_and_Method_Audit/metadata/ref_054.json,retained_byte_identical,14491,756f89fb5b96cbdce944df2ba53313cc255457e1b9489bbfa20b83e2b3c6d831
JCM_Author_Reproducibility_Archive.zip,JCM_Reference_and_Method_Audit/metadata/ref_055.json,provenance/author_archive/JCM_Reference_and_Method_Audit/metadata/ref_055.json,retained_byte_identical,30901,b69829b103d288570767a48612f58cf45dab87f9b8c2a0d21d8238a366242268
JCM_Author_Reproducibility_Archive.zip,JCM_Reference_and_Method_Audit/metadata/ref_056.json,provenance/author_archive/JCM_Reference_and_Method_Audit/metadata/ref_056.json,retained_byte_identical,39542,73a3510a5d193e0d0eed32e987ff624e8d7eff6ad152ca5b3f7a0e64d8c34d7e
JCM_Author_Reproducibility_Archive.zip,JCM_Reference_and_Method_Audit/metadata/ref_057.json,provenance/author_archive/JCM_Reference_and_Method_Audit/metadata/ref_057.json,retained_byte_identical,21932,1c8edec6186b6e0d3bd10d593dd42524be19bc5bc82e1dc404f636832be3acb1
JCM_Author_Reproducibility_Archive.zip,JCM_Reference_and_Method_Audit/metadata/ref_058.json,provenance/author_archive/JCM_Reference_and_Method_Audit/metadata/ref_058.json,retained_byte_identical,30460,6cbd6674604417ff9a6c6b4af8ce3060ae49f3955c194b6a02c148c1b8fe6b2e
JCM_Author_Reproducibility_Archive.zip,JCM_Reference_and_Method_Audit/metadata/ref_059.json,provenance/author_archive/JCM_Reference_and_Method_Audit/metadata/ref_059.json,retained_byte_identical,9818,3bbf269a647a2dffd187b9d61e52144e683eaeaea6179f799ba03474b048d4c6
JCM_Author_Reproducibility_Archive.zip,JCM_Reference_and_Method_Audit/metadata/ref_060.json,provenance/author_archive/JCM_Reference_and_Method_Audit/metadata/ref_060.json,retained_byte_identical,10068,1a5eae8a5baaeb5ef0f75c0cba5a90165e88d00c8b5b7db034278a0da6e9c579
JCM_Author_Reproducibility_Archive.zip,JCM_Reference_and_Method_Audit/metadata/ref_061.json,provenance/author_archive/JCM_Reference_and_Method_Audit/metadata/ref_061.json,retained_byte_identical,23477,b1607e5d929ad71b093657fae939df585d88b8ad4cc2b7747856e7f8321b46c2
JCM_Author_Reproducibility_Archive.zip,JCM_Reference_and_Method_Audit/metadata/ref_062.json,provenance/author_archive/JCM_Reference_and_Method_Audit/metadata/ref_062.json,retained_byte_identical,28249,0426bb38ceeba339e9035f66e04247d6dcad5b098430b93cd5e7001d237a7da6
JCM_Author_Reproducibility_Archive.zip,JCM_Reference_and_Method_Audit/metadata/ref_063.json,provenance/author_archive/JCM_Reference_and_Method_Audit/metadata/ref_063.json,retained_byte_identical,87798,0a98c10796f71a0e5d0f93daa3bf779ca5aa25a1f787f1d8f529f6328c418c97
JCM_Author_Reproducibility_Archive.zip,JCM_Reference_and_Method_Audit/metadata/ref_064.json,provenance/author_archive/JCM_Reference_and_Method_Audit/metadata/ref_064.json,retained_byte_identical,23641,a02be7306294b7597c2ef82ad9704d0a1753a07c562f6970f26c21b300e5c2af
JCM_Author_Reproducibility_Archive.zip,JCM_Reference_and_Method_Audit/metadata/ref_065.json,provenance/author_archive/JCM_Reference_and_Method_Audit/metadata/ref_065.json,retained_byte_identical,33324,495bfb6249c406d46a9b50131766083e8d4a47f2427e0f28fe8c1a2018a75ce2
JCM_Author_Reproducibility_Archive.zip,JCM_Reference_and_Method_Audit/metadata/ref_066.json,provenance/author_archive/JCM_Reference_and_Method_Audit/metadata/ref_066.json,retained_byte_identical,16881,9dd137719bfb244bae91ece8702a0f5aaf4f7b9115a7691f5b7ae66abb001894
JCM_Author_Reproducibility_Archive.zip,JCM_Reference_and_Method_Audit/metadata/ref_067.json,provenance/author_archive/JCM_Reference_and_Method_Audit/metadata/ref_067.json,retained_byte_identical,15517,034c9d1b28d69f67e083fe2533f2f26690b79faff886b4fc69d5e530ee7146d5
JCM_Author_Reproducibility_Archive.zip,JCM_Reference_and_Method_Audit/metadata/ref_068.json,provenance/author_archive/JCM_Reference_and_Method_Audit/metadata/ref_068.json,retained_byte_identical,15288,b302120574d2f1f5c8fb68a00dd0479f450e48ac3438cd70389921c79960eeae
JCM_Author_Reproducibility_Archive.zip,JCM_Reference_and_Method_Audit/metadata/ref_069.json,provenance/author_archive/JCM_Reference_and_Method_Audit/metadata/ref_069.json,retained_byte_identical,17020,a107f4c132bdda4030e369ca38cd634bfafe46f5b8157cc834614653a3a93acf
JCM_Author_Reproducibility_Archive.zip,JCM_Reference_and_Method_Audit/metadata/ref_070.json,provenance/author_archive/JCM_Reference_and_Method_Audit/metadata/ref_070.json,retained_byte_identical,22891,04775b8b794466a4365f04566c2babd53ec414050549f6625b52bacdac7a4e49
JCM_Author_Reproducibility_Archive.zip,JCM_Reference_and_Method_Audit/metadata/ref_071.json,provenance/author_archive/JCM_Reference_and_Method_Audit/metadata/ref_071.json,retained_byte_identical,8277,5e76a6f17ffb21bf0b2910bc739b4c9d8d95d418c45df6d1572e695fc12d3896
JCM_Author_Reproducibility_Archive.zip,JCM_Reference_and_Method_Audit/metadata/ref_072.json,provenance/author_archive/JCM_Reference_and_Method_Audit/metadata/ref_072.json,retained_byte_identical,20042,bf9ab7fc987f21aba3afa383b9fb0e43a7ebd20ed67972acfc6aa626df52139e
JCM_Author_Reproducibility_Archive.zip,JCM_Reference_and_Method_Audit/metadata/ref_073.json,provenance/author_archive/JCM_Reference_and_Method_Audit/metadata/ref_073.json,retained_byte_identical,19823,72d9be372116cddea4d8cdc3d034dcf9006f3744cae41cd982bdf828afa72a08
JCM_Author_Reproducibility_Archive.zip,JCM_Reference_and_Method_Audit/metadata/ref_074.json,provenance/author_archive/JCM_Reference_and_Method_Audit/metadata/ref_074.json,retained_byte_identical,10722,a736e50b02bc0b6095d86377984071e8eb3c44a24e37fe3aa059477add126880
JCM_Author_Reproducibility_Archive.zip,JCM_Reference_and_Method_Audit/metadata/ref_075.json,provenance/author_archive/JCM_Reference_and_Method_Audit/metadata/ref_075.json,retained_byte_identical,25680,232bfb15ba647d53d4b118b934d81ac01dee9528d6022679939769ca96edcca1
JCM_Author_Reproducibility_Archive.zip,JCM_Reference_and_Method_Audit/metadata/ref_076.json,provenance/author_archive/JCM_Reference_and_Method_Audit/metadata/ref_076.json,retained_byte_identical,13138,f4d9c1f1515f0c95996803202d80fc39cd58a7c0314c811ca51fcc2ae684c4e9
JCM_Author_Reproducibility_Archive.zip,JCM_Reference_and_Method_Audit/metadata/ref_077.json,provenance/author_archive/JCM_Reference_and_Method_Audit/metadata/ref_077.json,retained_byte_identical,31426,b55d748b841001490267e7c36608927bb8a6ec4dc020e95814c908021c192f48
JCM_Author_Reproducibility_Archive.zip,JCM_Reference_and_Method_Audit/metadata/ref_078.json,provenance/author_archive/JCM_Reference_and_Method_Audit/metadata/ref_078.json,retained_byte_identical,22866,7ca25e141d3ded127691c754a0f36d13b1285bfda36bd303d7cc64eb04084a07
JCM_Author_Reproducibility_Archive.zip,JCM_Reference_and_Method_Audit/metadata/ref_079.html,provenance/author_archive/JCM_Reference_and_Method_Audit/metadata/ref_079.html,retained_byte_identical,600156,866e53b8167b628f59cb7cf79a3a38bf300579fa94cfd577bee64dfb05aab260
JCM_Author_Reproducibility_Archive.zip,JCM_Reference_and_Method_Audit/metadata/ref_080.html,provenance/author_archive/JCM_Reference_and_Method_Audit/metadata/ref_080.html,retained_byte_identical,1819,a8ab241ddac8640cb3562e5a3dfc4d16a01c6443eaab38995601586537827f08
JCM_Author_Reproducibility_Archive.zip,JCM_Reference_and_Method_Audit/metadata/ref_081.html,provenance/author_archive/JCM_Reference_and_Method_Audit/metadata/ref_081.html,retained_byte_identical,21418,a3f7f9b89749e68f83a4e38fc13a5b9969e359bb0f836f9356b34209a8bd5232
JCM_Author_Reproducibility_Archive.zip,JCM_Reference_and_Method_Audit/metadata/ref_081_details.txt,provenance/author_archive/JCM_Reference_and_Method_Audit/metadata/ref_081_details.txt,retained_byte_identical,6697,ec2027612dcfe74b5cbf19a7670448dcbd7d6d8d34917248c090430f7680d66c
JCM_Author_Reproducibility_Archive.zip,JCM_Reference_and_Method_Audit/metadata/ref_082.html,provenance/author_archive/JCM_Reference_and_Method_Audit/metadata/ref_082.html,retained_byte_identical,10855,dbdbc3c23c9f6f08b829fdae2bdfae0e71d5f7721cb35fef6f207a9296a71e84
JCM_Author_Reproducibility_Archive.zip,JCM_Reference_and_Method_Audit/metadata/ref_082_official_context.html,provenance/author_archive/JCM_Reference_and_Method_Audit/metadata/ref_082_official_context.html,retained_byte_identical,12425,6d20300299ffd4e6286df4fb0486d7c962f378019ca523e1827dbafeb70ca669
JCM_Author_Reproducibility_Archive.zip,JCM_Reference_and_Method_Audit/metadata/ref_083.html,provenance/author_archive/JCM_Reference_and_Method_Audit/metadata/ref_083.html,retained_byte_identical,21422,5b37c2edc2fc95ebccb041e4df6da143bcb9cc15a76cc18f990fe420d0e03f96
JCM_Author_Reproducibility_Archive.zip,JCM_Reference_and_Method_Audit/metadata/ref_083_details.txt,provenance/author_archive/JCM_Reference_and_Method_Audit/metadata/ref_083_details.txt,retained_byte_identical,2761,eabf757e72a6a61055e3927435b2338e426f30b6eecad085eea976ad7b2da1d5
JCM_Author_Reproducibility_Archive.zip,JCM_Reference_and_Method_Audit/metadata/ref_084.html,provenance/author_archive/JCM_Reference_and_Method_Audit/metadata/ref_084.html,retained_byte_identical,21421,164ff1fc5cec0a55c94e0d70a81b0ba9be870af94a2ee2b754094aad6dc89870
JCM_Author_Reproducibility_Archive.zip,JCM_Reference_and_Method_Audit/metadata/ref_084_details.txt,provenance/author_archive/JCM_Reference_and_Method_Audit/metadata/ref_084_details.txt,retained_byte_identical,5831,a59bf6cb0980ebb8b5490515911d10372ddb66bd6711325aa8a3299464e724a9
JCM_Author_Reproducibility_Archive.zip,JCM_Reference_and_Method_Audit/metadata/ref_085.html,provenance/author_archive/JCM_Reference_and_Method_Audit/metadata/ref_085.html,retained_byte_identical,21421,148aad21ea57cf324ee220db6dd5b60a0ab6178fc15f07fe94c40a5b058e8fb2
JCM_Author_Reproducibility_Archive.zip,JCM_Reference_and_Method_Audit/metadata/ref_085_details.txt,provenance/author_archive/JCM_Reference_and_Method_Audit/metadata/ref_085_details.txt,retained_byte_identical,5031,e2b4e33f42b94b23eeb636a7fc74fac9243fe2c73266c2f530ca22cc5257b518
JCM_Author_Reproducibility_Archive.zip,JCM_Reference_and_Method_Audit/metadata/ref_086.html,provenance/author_archive/JCM_Reference_and_Method_Audit/metadata/ref_086.html,retained_byte_identical,21421,b68e9223f7f6fd367bbc76baf0963b1a2ef24644e903e84ec57236d5fb3255a3
JCM_Author_Reproducibility_Archive.zip,JCM_Reference_and_Method_Audit/metadata/ref_086_details.txt,provenance/author_archive/JCM_Reference_and_Method_Audit/metadata/ref_086_details.txt,retained_byte_identical,4254,320b96c29a193c798678884c2222de4de94e57b6e8b14e220cd6eb4cb45fd59e
JCM_Author_Reproducibility_Archive.zip,JCM_Reference_and_Method_Audit/metadata/ref_087.html,provenance/author_archive/JCM_Reference_and_Method_Audit/metadata/ref_087.html,retained_byte_identical,21422,6895ec6dfde93810b2119143cd0a1c6af274304e4f7dc225e4f21be1112c6e7a
JCM_Author_Reproducibility_Archive.zip,JCM_Reference_and_Method_Audit/metadata/ref_087_details.txt,provenance/author_archive/JCM_Reference_and_Method_Audit/metadata/ref_087_details.txt,retained_byte_identical,4361,5c7f5519abf541ce420ed5b4cbe1a40a26cd1d810de4d26d6433db24b4cf4778
JCM_Author_Reproducibility_Archive.zip,JCM_Reference_and_Method_Audit/metadata/ref_088.html,provenance/author_archive/JCM_Reference_and_Method_Audit/metadata/ref_088.html,retained_byte_identical,61065,815558592bb7ca31e2bc7d90674ed9f3d0e0e15d5b5f14f501bc847ba5cfb718
JCM_Author_Reproducibility_Archive.zip,JCM_Reference_and_Method_Audit/metadata/ref_089.html,provenance/author_archive/JCM_Reference_and_Method_Audit/metadata/ref_089.html,retained_byte_identical,21423,e1ad39a97559a699aa5e06f60527595e978f10fd1c77b97e7f87ca2e28b07a77
JCM_Author_Reproducibility_Archive.zip,JCM_Reference_and_Method_Audit/metadata/ref_089_details.txt,provenance/author_archive/JCM_Reference_and_Method_Audit/metadata/ref_089_details.txt,retained_byte_identical,4715,b8fd49f06a4be2b8719d46fa62bedd5e556c9080e32f2a95b55bd64768abe9b2
JCM_Author_Reproducibility_Archive.zip,JCM_Reference_and_Method_Audit/metadata/ref_090.html,provenance/author_archive/JCM_Reference_and_Method_Audit/metadata/ref_090.html,retained_byte_identical,21421,491ba0f03f79f9ca5ddcee4c34d68bcf0f62d7fdb4d92e2f3022ba172559e27c
JCM_Author_Reproducibility_Archive.zip,JCM_Reference_and_Method_Audit/metadata/ref_090_details.txt,provenance/author_archive/JCM_Reference_and_Method_Audit/metadata/ref_090_details.txt,retained_byte_identical,4353,3ef7fe8b8694e694c617862bf48c4e6a997e299ae499077335d384d5ad8a77c2
JCM_Author_Reproducibility_Archive.zip,JCM_Reference_and_Method_Audit/metadata/ref_091.html,provenance/author_archive/JCM_Reference_and_Method_Audit/metadata/ref_091.html,retained_byte_identical,7026,6c4f04fda13da5b975a93237ec243623382b9b0292dbcf940c4e5397c6aa1444
JCM_Author_Reproducibility_Archive.zip,JCM_Reference_and_Method_Audit/metadata/ref_091_details.txt,provenance/author_archive/JCM_Reference_and_Method_Audit/metadata/ref_091_details.txt,retained_byte_identical,8196,32d5e30d09a0885f1321b4eca37a99ee8e60044aadffb2c21adf4f3d25785f9b
JCM_Author_Reproducibility_Archive.zip,JCM_Reference_and_Method_Audit/metadata/ref_092.html,provenance/author_archive/JCM_Reference_and_Method_Audit/metadata/ref_092.html,retained_byte_identical,7026,6c4f04fda13da5b975a93237ec243623382b9b0292dbcf940c4e5397c6aa1444
JCM_Author_Reproducibility_Archive.zip,JCM_Reference_and_Method_Audit/metadata/ref_092_details.txt,provenance/author_archive/JCM_Reference_and_Method_Audit/metadata/ref_092_details.txt,retained_byte_identical,11714,09e2e7e9e2024acf31ba154605ec620d01cddeb831aa82c95fa5c3c118d01ff6
JCM_Author_Reproducibility_Archive.zip,JCM_Reference_and_Method_Audit/metadata/ref_093.json,provenance/author_archive/JCM_Reference_and_Method_Audit/metadata/ref_093.json,retained_byte_identical,10197,9cdde67253f05a166a590729852375e6606540a612df2a382ac15c3d60c78108
JCM_Author_Reproducibility_Archive.zip,JCM_Reference_and_Method_Audit/metadata/ref_094.html,provenance/author_archive/JCM_Reference_and_Method_Audit/metadata/ref_094.html,retained_byte_identical,21421,c00b5e08b44d41e56d2dd7324b85024be7f54da4d24a2d38215a8a7c78f7b189
JCM_Author_Reproducibility_Archive.zip,JCM_Reference_and_Method_Audit/metadata/ref_094_details.txt,provenance/author_archive/JCM_Reference_and_Method_Audit/metadata/ref_094_details.txt,retained_byte_identical,5174,a7f2e323e17ebf67525216ee26282119e66f1815671949a0a8e1b2dd3d07c1f4
JCM_Author_Reproducibility_Archive.zip,JCM_Reference_and_Method_Audit/metadata/ref_095.html,provenance/author_archive/JCM_Reference_and_Method_Audit/metadata/ref_095.html,retained_byte_identical,4774,8fbfc74ab001066c4a7108086794caa39a6f1a583bf05e7a96fc0f2ed5243810
JCM_Author_Reproducibility_Archive.zip,JCM_Reference_and_Method_Audit/metadata/ref_095_details.txt,provenance/author_archive/JCM_Reference_and_Method_Audit/metadata/ref_095_details.txt,retained_byte_identical,14110,0e67898bafe556402d45891702d8d02dcd41670d6217f1fdc23ce426877f10f1
JCM_Author_Reproducibility_Archive.zip,JCM_Reference_and_Method_Audit/metadata/ref_095_official_context.html,provenance/author_archive/JCM_Reference_and_Method_Audit/metadata/ref_095_official_context.html,retained_byte_identical,239884,7f75ae5a3a1db1d7318959921fce3edf945d6b2c402adfe6926709b247a06434
JCM_Author_Reproducibility_Archive.zip,JCM_Reference_and_Method_Audit/metadata/ref_096.html,provenance/author_archive/JCM_Reference_and_Method_Audit/metadata/ref_096.html,retained_byte_identical,1549584,723455ef7956bfa7fe6283c95ea7bd98376a5781b6e62f8a6df5ba48e60b2a91
JCM_Author_Reproducibility_Archive.zip,JCM_Reference_and_Method_Audit/metadata/ref_097.html,provenance/author_archive/JCM_Reference_and_Method_Audit/metadata/ref_097.html,retained_byte_identical,131007,314c33c194ddbafff62e1f00f394421a922270b70d78ed6605e6164bdf805b2c
JCM_Author_Reproducibility_Archive.zip,JCM_Reference_and_Method_Audit/metadata/ref_097_official_context.html,provenance/author_archive/JCM_Reference_and_Method_Audit/metadata/ref_097_official_context.html,retained_byte_identical,131810,b135a0487f4ef45bfc187feade986a84275ba9e6d9d471c675d5298206f5ac71
JCM_Author_Reproducibility_Archive.zip,JCM_Reference_and_Method_Audit/new_reference_metadata/index.json,provenance/author_archive/JCM_Reference_and_Method_Audit/new_reference_metadata/index.json,retained_byte_identical,2712,b389c714d1825e0054be52487988626f9af1d0f36862684a9c95b422a03c5449
JCM_Author_Reproducibility_Archive.zip,JCM_Reference_and_Method_Audit/new_reference_metadata/new_ref_100.json,provenance/author_archive/JCM_Reference_and_Method_Audit/new_reference_metadata/new_ref_100.json,retained_byte_identical,22537,b67847ed27b94d3b6cde8690ce5fe202ad1e0a1e97c8719723d8e98d77116cd8
JCM_Author_Reproducibility_Archive.zip,JCM_Reference_and_Method_Audit/new_reference_metadata/new_ref_101.json,provenance/author_archive/JCM_Reference_and_Method_Audit/new_reference_metadata/new_ref_101.json,retained_byte_identical,17611,2148b9d2b12914def395f4560ea72a901844d79b353aba3839e344ac6752abe9
JCM_Author_Reproducibility_Archive.zip,JCM_Reference_and_Method_Audit/new_reference_metadata/new_ref_102.json,provenance/author_archive/JCM_Reference_and_Method_Audit/new_reference_metadata/new_ref_102.json,retained_byte_identical,14652,6bca34053561a1b895d07819f9c0c03d59842b866652c1ea9a9ff319accd05a6
JCM_Author_Reproducibility_Archive.zip,JCM_Reference_and_Method_Audit/new_reference_metadata/new_ref_103.json,provenance/author_archive/JCM_Reference_and_Method_Audit/new_reference_metadata/new_ref_103.json,retained_byte_identical,39515,3e9a7bfa032a16f26d19653ec1c2466acdbda022032ef1e2553fd6c79b99d4cc
JCM_Author_Reproducibility_Archive.zip,JCM_Reference_and_Method_Audit/new_reference_metadata/new_ref_104_rcsb.json,provenance/author_archive/JCM_Reference_and_Method_Audit/new_reference_metadata/new_ref_104_rcsb.json,retained_byte_identical,10134,748eb9586d2ab8cd70266152e67b1907c546481b8c9a8430acd3b0000676ff0d
JCM_Author_Reproducibility_Archive.zip,JCM_Reference_and_Method_Audit/new_reference_metadata/new_ref_105.json,provenance/author_archive/JCM_Reference_and_Method_Audit/new_reference_metadata/new_ref_105.json,retained_byte_identical,12067,8a5db20e1a69b9240f046e336ba37a7c6c126beb47c0f5afcfc435854efd8d9f
JCM_Author_Reproducibility_Archive.zip,JCM_Reference_and_Method_Audit/new_reference_metadata/new_ref_106.json,provenance/author_archive/JCM_Reference_and_Method_Audit/new_reference_metadata/new_ref_106.json,retained_byte_identical,24618,855ec904b3d8a2ada7e52259fab19229c9427a2d4fded80546eacb043dd5836e
JCM_Author_Reproducibility_Archive.zip,JCM_Reference_and_Method_Audit/new_reference_metadata/new_ref_107.json,provenance/author_archive/JCM_Reference_and_Method_Audit/new_reference_metadata/new_ref_107.json,retained_byte_identical,17492,46d5b3d9a14280de7df1ec9fcc7d2fdd0d86c662688f20724ec9b08719289691
JCM_Author_Reproducibility_Archive.zip,JCM_Reference_and_Method_Audit/new_reference_metadata/new_ref_108_boltz.html,provenance/author_archive/JCM_Reference_and_Method_Audit/new_reference_metadata/new_ref_108_boltz.html,retained_byte_identical,183365,f4c67b58bb4d54dc1b45a8e161b89c40dcb22b84694e7cf70148f23b46df61bb
JCM_Author_Reproducibility_Archive.zip,JCM_Reference_and_Method_Audit/new_reference_metadata/new_ref_109_inductive.html,provenance/author_archive/JCM_Reference_and_Method_Audit/new_reference_metadata/new_ref_109_inductive.html,retained_byte_identical,77536,d9217bedd6df5a20d1379b53c84769cd36f3b9b9e3ad7ecb69eef058cf798f7c
JCM_Author_Reproducibility_Archive.zip,JCM_Reference_and_Method_Audit/new_reference_metadata/new_ref_98.json,provenance/author_archive/JCM_Reference_and_Method_Audit/new_reference_metadata/new_ref_98.json,retained_byte_identical,9445,5d7def7ef45d80aca8349f6cd7b29d11bca72d2feff65c70c52d159658efcb08
JCM_Author_Reproducibility_Archive.zip,JCM_Reference_and_Method_Audit/new_reference_metadata/new_ref_99.json,provenance/author_archive/JCM_Reference_and_Method_Audit/new_reference_metadata/new_ref_99.json,retained_byte_identical,10521,45d44f13bb17d0a59bfe0596cda91241820e99acbf09739236d2046f1a8bb1ed
JCM_Author_Reproducibility_Archive.zip,JCM_Reference_and_Method_Audit/new_reference_metadata/web_index.json,provenance/author_archive/JCM_Reference_and_Method_Audit/new_reference_metadata/web_index.json,retained_byte_identical,918,6dc05f1a915c33b258879704757f4476f9f1bff05475b2ac5b8417fe3a6b51f6
JCM_Author_Reproducibility_Archive.zip,JCM_Reference_and_Method_Audit/official_context_fetch.json,provenance/author_archive/JCM_Reference_and_Method_Audit/official_context_fetch.json,retained_byte_identical,401,ccda1241a39500ebedbb76be0b7c88c66c447fba641e57e84e0b57b176ddb3b0
JCM_Author_Reproducibility_Archive.zip,JCM_Reference_and_Method_Audit/patch_supplement_reference_numbers.py,provenance/author_archive/JCM_Reference_and_Method_Audit/patch_supplement_reference_numbers.py,retained_byte_identical,3217,bd1c5007eb079053b50357d448c7a9e0ef8c8599ad6867a8129a5151b9492b2e
JCM_Author_Reproducibility_Archive.zip,JCM_Reference_and_Method_Audit/reference_verification.json,provenance/author_archive/JCM_Reference_and_Method_Audit/reference_verification.json,retained_byte_identical,399791,b6532b6f26d539fa6aef21fa5453baffa62f7b72a6aa1c35d96f61ff32ea97b3
JCM_Author_Reproducibility_Archive.zip,JCM_Reference_and_Method_Audit/references_original.json,provenance/author_archive/JCM_Reference_and_Method_Audit/references_original.json,retained_byte_identical,29653,69dbd82ae2f3fe56d76cb1b44196af4df627e9bdcc395e259a96e137b9d84d30
JCM_Author_Reproducibility_Archive.zip,JCM_Reference_and_Method_Audit/supplement1.txt,provenance/author_archive/JCM_Reference_and_Method_Audit/supplement1.txt,retained_byte_identical,205505,6b93d2c86ab5a86ce9b1da152e6a6db6b256271473772209ca9d6c7014a5b0df
JCM_Author_Reproducibility_Archive.zip,JCM_Reference_and_Method_Audit/supplement_reference_patch_log.json,provenance/author_archive/JCM_Reference_and_Method_Audit/supplement_reference_patch_log.json,retained_byte_identical,6949,d0607d6f817e6f9f25d263f5624e76a387629135c46f9feb5406d6d2a569c2ef
JCM_Author_Reproducibility_Archive.zip,JCM_Reference_and_Method_Audit/verify_dataset_sources.py,provenance/author_archive/JCM_Reference_and_Method_Audit/verify_dataset_sources.py,retained_byte_identical,1238,ea885ae196ad5f14c792d19c286b0a0c451081daf713fe73c87af99cfb515faa
JCM_Author_Reproducibility_Archive.zip,JCM_Reference_and_Method_Audit/verify_new_references.py,provenance/author_archive/JCM_Reference_and_Method_Audit/verify_new_references.py,retained_byte_identical,1125,96e9c880aa8c6b4daa8435f650b0fbbd1357c3c9b5a2f71891f958f24b6b685d
JCM_Author_Reproducibility_Archive.zip,JCM_Reference_and_Method_Audit/verify_references.py,provenance/author_archive/JCM_Reference_and_Method_Audit/verify_references.py,retained_byte_identical,2434,72e60198dee8aae6f1a0920345abd8512ebbbb6b2cb4da37b58e9e27c79ae82d
JCM_Author_Reproducibility_Archive.zip,MD_Feasibility_Only/MD_Audit_SHA256.json,provenance/author_archive/MD_Feasibility_Only/MD_Audit_SHA256.json,retained_byte_identical,4098,ff37bec65c237f9cf74ef1b2fcbbeece198a1d3f8b7d6467cb5643f24624b211
JCM_Author_Reproducibility_Archive.zip,MD_Feasibility_Only/MD_Feasibility_and_Prospective_Protocol.md,provenance/author_archive/MD_Feasibility_Only/MD_Feasibility_and_Prospective_Protocol.md,retained_byte_identical,15058,8e70bf41a2cbdcecc5f10fdbdf2cd0a1441e3a3b7b147e62141953ba5e599bad
JCM_Author_Reproducibility_Archive.zip,MD_Feasibility_Only/MD_Resource_Estimate.json,provenance/author_archive/MD_Feasibility_Only/MD_Resource_Estimate.json,retained_byte_identical,2170,a418845d3f9cd09bc9ad08140bdc65840d5f0689015eaa3e70d4a9b316c777df
JCM_Author_Reproducibility_Archive.zip,MD_Feasibility_Only/Resource_and_Installation_Audit.json,provenance/author_archive/MD_Feasibility_Only/Resource_and_Installation_Audit.json,retained_byte_identical,616,c7ee6d04374d260bb8a82ddbfc8f17060dc72216b7c2207d265d332d28cce259
JCM_Author_Reproducibility_Archive.zip,MD_Feasibility_Only/benchmark/benchmark_manifest.json,provenance/author_archive/MD_Feasibility_Only/benchmark/benchmark_manifest.json,retained_byte_identical,1687,ab13604912de6f26bb8a90706be99a0d678d6ec54368806144294e08914d56d7
JCM_Author_Reproducibility_Archive.zip,MD_Feasibility_Only/benchmark/prepared_protein_only_benchmark.pdb,provenance/author_archive/MD_Feasibility_Only/benchmark/prepared_protein_only_benchmark.pdb,retained_byte_identical,3998710,597a9f2c07dc1bf3ead2b570aec217d4e0d634970d064508ba5829ea3fd41195
JCM_Author_Reproducibility_Archive.zip,MD_Feasibility_Only/benchmark_cpu.py,provenance/author_archive/MD_Feasibility_Only/benchmark_cpu.py,retained_byte_identical,3945,deaa3055ab39f5f43d26341eec01eb8b1a2470d8fb566f84fab220eaaee7d31b
JCM_Author_Reproducibility_Archive.zip,Manuscript_Assembly/Additional7_Authored_Text.txt,provenance/author_archive/Manuscript_Assembly/Additional7_Authored_Text.txt,retained_byte_identical,42881,7c42d28012d1259e87f9066088c851576a5c125b9769de91eebc347742069c35
JCM_Author_Reproducibility_Archive.zip,Manuscript_Assembly/Additional7_Content_Audit.json,provenance/author_archive/Manuscript_Assembly/Additional7_Content_Audit.json,retained_byte_identical,492,5a75498aee89c908d41cbf0f7f15d3a2bd7c3017816269d1344bd9864607f490
JCM_Author_Reproducibility_Archive.zip,Manuscript_Assembly/Additional7_Final_QA.json,provenance/author_archive/Manuscript_Assembly/Additional7_Final_QA.json,retained_byte_identical,1509,4047490581c37833ac6dd7c4a98545e2c80a0d1a0036cc2b2a46ce08ae59b5fc
JCM_Author_Reproducibility_Archive.zip,Manuscript_Assembly/Assembly_Report.json,provenance/author_archive/Manuscript_Assembly/Assembly_Report.json,retained_byte_identical,273,fc46c9e4bdfb60d48c6a012a074c3cf9eafea42dfe3d1993dfdcdc5215a98419
JCM_Author_Reproducibility_Archive.zip,Manuscript_Assembly/Final_Reference_Number_Map.json,provenance/author_archive/Manuscript_Assembly/Final_Reference_Number_Map.json,retained_byte_identical,1326,762e88e4627c50f72c6f7ec330b15fc34ddd9487939c1bebd645ecd41d049833
JCM_Author_Reproducibility_Archive.zip,Manuscript_Assembly/Final_References.json,provenance/author_archive/Manuscript_Assembly/Final_References.json,retained_byte_identical,106434,0f70943b5d96fee8a246af66db8710a54cb45e71b5b8ac32447448a21d5aa73f
JCM_Author_Reproducibility_Archive.zip,Manuscript_Assembly/JCM_Manuscript_Text.txt,provenance/author_archive/Manuscript_Assembly/JCM_Manuscript_Text.txt,retained_byte_identical,127272,2e8ea218c59db5ab2652ed95d17e5635d45b8aafa780150be045276ec35249cb
JCM_Author_Reproducibility_Archive.zip,Manuscript_Assembly/build_jcm_manuscript.py,provenance/author_archive/Manuscript_Assembly/build_jcm_manuscript.py,retained_byte_identical,18218,ba794ee9b806b49160fd67a061fb1123b5a46391a413f67511eda6633733dbd8
JCM_Author_Reproducibility_Archive.zip,Manuscript_Assembly/build_screening_supplement.py,provenance/author_archive/Manuscript_Assembly/build_screening_supplement.py,retained_byte_identical,42631,b04d8a26c65832236cfd89200de189305453bac8099f5ec7afdace446731302d
JCM_Author_Reproducibility_Archive.zip,Manuscript_Assembly/new_sections.json,provenance/author_archive/Manuscript_Assembly/new_sections.json,retained_byte_identical,12723,b3ac795db9a3f11c08724064238e6dcdf208fb70a04912a890b40e12c84ab0d6
JCM_Author_Reproducibility_Archive.zip,Plugin_Execution_Provenance/AlphaFold_domain_confidence.json,provenance/author_archive/Plugin_Execution_Provenance/AlphaFold_domain_confidence.json,retained_byte_identical,567,98eedcdf49239b5c3c1a500a32cbf93222c4efb8663f40ba0516dc341e6abbe1
JCM_Author_Reproducibility_Archive.zip,Plugin_Execution_Provenance/FLT4_Proto_Boltz2_Affinity_NOT_SUBMITTED.json,provenance/author_archive/Plugin_Execution_Provenance/FLT4_Proto_Boltz2_Affinity_NOT_SUBMITTED.json,retained_byte_identical,1153,e60a048eadf31d025d5ca79fea692bd432857556aa095881f44f5de9b414c104
JCM_Author_Reproducibility_Archive.zip,Plugin_Execution_Provenance/FLT4_alphafold_fetch_result.json,provenance/author_archive/Plugin_Execution_Provenance/FLT4_alphafold_fetch_result.json,retained_byte_identical,9075,c28316b39094a29dac289d0c6b5ebeeb115df3c05ea5bb49f629e7855e571749
JCM_Author_Reproducibility_Archive.zip,Plugin_Execution_Provenance/PDGFRA_Proto_Boltz2_Affinity_NOT_SUBMITTED.json,provenance/author_archive/Plugin_Execution_Provenance/PDGFRA_Proto_Boltz2_Affinity_NOT_SUBMITTED.json,retained_byte_identical,1186,ea895efd677901645deccb054333aa2ab6d30910fbec1f76a8e908a0873a6fcc
JCM_Author_Reproducibility_Archive.zip,Plugin_Execution_Provenance/PDGFRA_alphafold_fetch_result.json,provenance/author_archive/Plugin_Execution_Provenance/PDGFRA_alphafold_fetch_result.json,retained_byte_identical,8258,4483771982e3f363b1a7637d2e6c3c3e630b4980fd9a3c25bf955a8bfeb96977
JCM_Author_Reproducibility_Archive.zip,Plugin_Execution_Provenance/Proto_execution_audit.md,provenance/author_archive/Plugin_Execution_Provenance/Proto_execution_audit.md,retained_byte_identical,7086,d0f8f4aebf6aaada16c318d88c9ec72186404368c34c722b83052900dd5e54f9
JCM_Author_Reproducibility_Archive.zip,Plugin_Execution_Provenance/alphafold-db-fetch_schema.json,provenance/author_archive/Plugin_Execution_Provenance/alphafold-db-fetch_schema.json,retained_byte_identical,20857,f4f88c2c28fff030b38c515ae0c7cd5a50327feec58e5476d523a245f1c7b45d
JCM_Author_Reproducibility_Archive.zip,Plugin_Execution_Provenance/bioemu-sample_metadata.json,provenance/author_archive/Plugin_Execution_Provenance/bioemu-sample_metadata.json,retained_byte_identical,41675,a1dd6c6ca373462bca5e327a6db49406198de34ac1a5cba2617f6257236e8e3e
JCM_Author_Reproducibility_Archive.zip,Plugin_Execution_Provenance/boltz2-affinity_metadata.json,provenance/author_archive/Plugin_Execution_Provenance/boltz2-affinity_metadata.json,retained_byte_identical,41967,4c4eddc803142748d1dcdd265af3e9e9dbc26825f15a7063470a3894995a1379
JCM_Author_Reproducibility_Archive.zip,Plugin_Execution_Provenance/boltz2-prediction_metadata.json,provenance/author_archive/Plugin_Execution_Provenance/boltz2-prediction_metadata.json,retained_byte_identical,40561,74a06755992c75f99228ce85f989da9087ccd24be6420fccc4fd220bef1e34b3
JCM_Author_Reproducibility_Archive.zip,Plugin_Execution_Provenance/manuscript_audit/Additional3_Figure_Source_Map.json,provenance/author_archive/Plugin_Execution_Provenance/manuscript_audit/Additional3_Figure_Source_Map.json,retained_byte_identical,40156,45910d59add277906d2d98351d640a2a4e203e6ce7a2b85956e6feb557a27e7d
JCM_Author_Reproducibility_Archive.zip,Plugin_Execution_Provenance/manuscript_audit/Additional3_Legacy_Figure4_References.json,provenance/author_archive/Plugin_Execution_Provenance/manuscript_audit/Additional3_Legacy_Figure4_References.json,retained_byte_identical,455,28c10d93e2321eb966d988347076cc7e843d6a27b48dbede0c12052270d3c953
JCM_Author_Reproducibility_Archive.zip,Plugin_Execution_Provenance/manuscript_audit/Final_Manuscript_Quantitative_Audit.md,provenance/author_archive/Plugin_Execution_Provenance/manuscript_audit/Final_Manuscript_Quantitative_Audit.md,retained_byte_identical,3802,4baad7951b12135c39c325ed9f5a5f2188c93dbbf2165bf7696b9c0d08af24ba
JCM_Author_Reproducibility_Archive.zip,Plugin_Execution_Provenance/manuscript_audit/Supplementary_Source_Index_Guide.md,provenance/author_archive/Plugin_Execution_Provenance/manuscript_audit/Supplementary_Source_Index_Guide.md,retained_byte_identical,5073,39db013fe47fbb86aeac11e150cf065d77ab6521d36d4d4e91a3e1df2404d4f5
JCM_Author_Reproducibility_Archive.zip,Plugin_Execution_Provenance/manuscript_audit/layout_bounds_22_42.json,provenance/author_archive/Plugin_Execution_Provenance/manuscript_audit/layout_bounds_22_42.json,retained_byte_identical,1961,355c9114a936da36d7de76c8cb63a30968aa399faa86228066eda2db5a550afc
JCM_Author_Reproducibility_Archive.zip,Plugin_Execution_Provenance/pdb-fetch-entry_schema.json,provenance/author_archive/Plugin_Execution_Provenance/pdb-fetch-entry_schema.json,retained_byte_identical,3821,22307cbd2a9f499bb6668c21110843300c2cafeb8deb4941f5907fc4448eb16f
JCM_Author_Reproducibility_Archive.zip,Plugin_Execution_Provenance/pdb-fetch-fasta_schema.json,provenance/author_archive/Plugin_Execution_Provenance/pdb-fetch-fasta_schema.json,retained_byte_identical,4390,dc11c86f9a8f06f299f703d83f268c08efde0d0443e66aed96cc6de776d9464b
JCM_Author_Reproducibility_Archive.zip,Plugin_Execution_Provenance/proto_catalog_2026-10-02.json,provenance/author_archive/Plugin_Execution_Provenance/proto_catalog_2026-10-02.json,retained_byte_identical,42327,cd3fc3a9cfa23052818bed61fe438ed61b813f5c74612f531085d6290156098a
JCM_Author_Reproducibility_Archive.zip,Plugin_Execution_Provenance/sequence-fetch_schema.json,provenance/author_archive/Plugin_Execution_Provenance/sequence-fetch_schema.json,retained_byte_identical,19181,47e5d60804219068e3df141905d9b7c455e9221febfb0fdb9425bb5b1c2dcea8
JCM_Author_Reproducibility_Archive.zip,Plugin_Execution_Provenance/vina-docking_metadata.json,provenance/author_archive/Plugin_Execution_Provenance/vina-docking_metadata.json,retained_byte_identical,34836,220e7352fe2721137b653fe578003cb0366d58f5626c6866302f1a57d9381293
JCM_Author_Reproducibility_Archive.zip,Plugin_Execution_Provenance/workspace_status_final_recheck_raw.json,provenance/author_archive/Plugin_Execution_Provenance/workspace_status_final_recheck_raw.json,retained_byte_identical,1267,717dc650f4f6259627aea3b9e68bd6f3b598250147148f78f84fc91282b1ddb3
JCM_Author_Reproducibility_Archive.zip,Plugin_Execution_Provenance/workspace_status_latest.json,provenance/author_archive/Plugin_Execution_Provenance/workspace_status_latest.json,retained_byte_identical,587,4d3014e9801d2aebd32ea5eb0d0c0c041ad632afdb46470b740796b5a70cb2ac
JCM_Author_Reproducibility_Archive.zip,README.txt,provenance/author_archive/README.txt,retained_byte_identical,1878,ca477ee2770e4552518bed41083fedafaac28f7cb222762f5dd214bfc1340f78
JCM_Author_Reproducibility_Archive.zip,SHA256SUMS.txt,provenance/author_archive/SHA256SUMS.txt,retained_byte_identical,39033,26105bd7c948ccbd5d43bf498193da0815414dd46833bf0a829cf6c4b56d5b67
JCM_Author_Reproducibility_Archive.zip,Source_Reproducibility/Original_Source_Packages/Additional_file_4_Clinical_Evidence_and_Analysis_Code.zip,,container_expanded_into_data_modules,16161521,ee8f190be0cf1e8d361a9fc16a4d63cbf2180282db0ec040724b39b406de98cd
JCM_Author_Reproducibility_Archive.zip,Source_Reproducibility/Original_Source_Packages/Additional_file_5_Liver_and_Lung_Single_Cell_Data.zip,,container_expanded_into_data_modules,15303998,967d6cc20f297bfe5095b7807b2196dfea5505d4a14dc6286ec6896a35608d0f
JCM_Author_Reproducibility_Archive.zip,Source_Reproducibility/Original_Source_Packages/Additional_file_6_Preclinical_Response_and_Proteomics_Data.zip,,container_expanded_into_data_modules,16355920,00e46f2aeabe7503d1dfa31363d1d2e3c682233d2b315c0860230ec90e2c3cea
JCM_Author_Reproducibility_Archive.zip,Source_Reproducibility/Original_Source_Packages/Additional_file_7_External_Hepatic_Evaluation.zip,,container_expanded_into_data_modules,19367149,741303ce4e820af4899fa27fff1b28da96413af15f26b9ef52c434d0b056ee63
JCM_Author_Reproducibility_Archive.zip,Source_Reproducibility/Original_Source_Packages/Additional_file_8_Pulmonary_Sensitivity_Data.zip,,container_expanded_into_data_modules,8617382,100334805b6a134719d95774481e37f4e8930d232643426927c6e1404e2e914e
JCM_Author_Reproducibility_Archive.zip,Source_Reproducibility/Revision_Audit/assemble_materials.py,provenance/author_archive/Source_Reproducibility/Revision_Audit/assemble_materials.py,retained_byte_identical,8396,27c055502c2b787dbd4e52b2fdf2fbf103b434bf2190aed1c7e3fa1d31c1318f
JCM_Author_Reproducibility_Archive.zip,Source_Reproducibility/Revision_Audit/build_support_documents.py,provenance/author_archive/Source_Reproducibility/Revision_Audit/build_support_documents.py,retained_byte_identical,9295,15085ef584a114be8bb83af033cd1ae8cb66f43949b3385acd05c9c6d1ee056a
JCM_Author_Reproducibility_Archive.zip,Source_Reproducibility/Revision_Audit/build_targeted_tables.mjs,provenance/author_archive/Source_Reproducibility/Revision_Audit/build_targeted_tables.mjs,retained_byte_identical,13964,83c729b1c4f17dfa3c3d7920f1976f277f7650d59dd28442bb8ea4b96e19f1aa
JCM_Author_Reproducibility_Archive.zip,Source_Reproducibility/Revision_Audit/final_clean_text_qa.json,provenance/author_archive/Source_Reproducibility/Revision_Audit/final_clean_text_qa.json,retained_byte_identical,1135,1fa621dadee12d18032a9170d1e1d08bac8304b62f6b589916f063679b0c4050
JCM_Author_Reproducibility_Archive.zip,Source_Reproducibility/Revision_Audit/final_visual_qa.json,provenance/author_archive/Source_Reproducibility/Revision_Audit/final_visual_qa.json,retained_byte_identical,2952,18ccf4a26eb7dab031502f47a8c2ba53ab108a1b76336b067aa6d0b1109ee0ef
JCM_Author_Reproducibility_Archive.zip,Source_Reproducibility/Revision_Audit/lossless_image_export_checks.json,provenance/author_archive/Source_Reproducibility/Revision_Audit/lossless_image_export_checks.json,retained_byte_identical,3618,2fb5120c22e6fb80fbdd44e4e0024621bf54c12010271c381074dd01416385e3
JCM_Author_Reproducibility_Archive.zip,Source_Reproducibility/Revision_Audit/main_build_metrics.json,provenance/author_archive/Source_Reproducibility/Revision_Audit/main_build_metrics.json,retained_byte_identical,278,9d70e1941994b2301252c841331158af676386170d96658c93b5e5df17d1b8d4
JCM_Author_Reproducibility_Archive.zip,Source_Reproducibility/Revision_Audit/manuscript_change_log.json,provenance/author_archive/Source_Reproducibility/Revision_Audit/manuscript_change_log.json,retained_byte_identical,88390,66bfebfec44190827de9eb340732f05f35116732a2d011ae453b52d050c8943d
JCM_Author_Reproducibility_Archive.zip,Source_Reproducibility/Revision_Audit/original_results_retention.json,provenance/author_archive/Source_Reproducibility/Revision_Audit/original_results_retention.json,retained_byte_identical,25785,e5d5abbf0f4256470a36105289a88a3af3b9a9b47ac9f8f1fb143c58ee30c5e4
JCM_Author_Reproducibility_Archive.zip,Source_Reproducibility/Revision_Audit/package_integrity_checks.json,provenance/author_archive/Source_Reproducibility/Revision_Audit/package_integrity_checks.json,retained_byte_identical,1493,2094fd2ecaa2b983ee6562b58b31bb6f1f9202f56a55ad900d00f4778be1dac4
JCM_Author_Reproducibility_Archive.zip,Source_Reproducibility/Revision_Audit/panel_crop_manifest.csv,provenance/author_archive/Source_Reproducibility/Revision_Audit/panel_crop_manifest.csv,retained_byte_identical,82397,5fde3dd82005e7db10766bb7aad996665fb167a21c66e1d66d8843157f43655c
JCM_Author_Reproducibility_Archive.zip,Source_Reproducibility/Revision_Audit/panel_inventory.csv,provenance/author_archive/Source_Reproducibility/Revision_Audit/panel_inventory.csv,retained_byte_identical,19160,c156187d50bb0a1e5cca377234310b0f2d7b11921ddb8b0b705b80e49520f2c8
JCM_Author_Reproducibility_Archive.zip,Source_Reproducibility/Revision_Audit/panel_source_reconstruction_qa.csv,provenance/author_archive/Source_Reproducibility/Revision_Audit/panel_source_reconstruction_qa.csv,retained_byte_identical,502,0ab12f733bd7c7a519c05e7c29bac6c34023a325ccee029303907526372fe2e0
JCM_Author_Reproducibility_Archive.zip,Source_Reproducibility/Revision_Audit/patch_log.json,provenance/author_archive/Source_Reproducibility/Revision_Audit/patch_log.json,retained_byte_identical,19242,5b6429ffbd764db09d288d4313aafdc68aa4162b327230bb93841bb5a4bc8d9d
JCM_Author_Reproducibility_Archive.zip,Source_Reproducibility/Revision_Audit/reference_number_map.json,provenance/author_archive/Source_Reproducibility/Revision_Audit/reference_number_map.json,retained_byte_identical,1148,2f3f679ac8a5eeb2f69dcc14faeb81dd925cf3ec39fac6aa92c2cbac355ee967
JCM_Author_Reproducibility_Archive.zip,Source_Reproducibility/Revision_Audit/release_clean_text_qa.json,provenance/author_archive/Source_Reproducibility/Revision_Audit/release_clean_text_qa.json,retained_byte_identical,1135,1fa621dadee12d18032a9170d1e1d08bac8304b62f6b589916f063679b0c4050
JCM_Author_Reproducibility_Archive.zip,Source_Reproducibility/Revision_Audit/release_tracked_png_load_check.json,provenance/author_archive/Source_Reproducibility/Revision_Audit/release_tracked_png_load_check.json,retained_byte_identical,10887,42e33c4648419b2ef797ed7294a3c0e62ce7c3f85e07d05258903052bf3b5ad7
JCM_Author_Reproducibility_Archive.zip,Source_Reproducibility/Revision_Audit/release_tracked_raster_diff.csv,provenance/author_archive/Source_Reproducibility/Revision_Audit/release_tracked_raster_diff.csv,retained_byte_identical,1255,83ddb1972342f2a763f5ee4c4191f6c99cc0c33d0d899ad91f5f0eec4fbac053
JCM_Author_Reproducibility_Archive.zip,Source_Reproducibility/Revision_Audit/release_tracked_raster_diff.json,provenance/author_archive/Source_Reproducibility/Revision_Audit/release_tracked_raster_diff.json,retained_byte_identical,7403,6e61e9bdd3ed0c77aa4a77933af303b26fd79fff2191aecce90116dc549ef84f
JCM_Author_Reproducibility_Archive.zip,Source_Reproducibility/Revision_Audit/release_tracked_visual_qa.txt,provenance/author_archive/Source_Reproducibility/Revision_Audit/release_tracked_visual_qa.txt,retained_byte_identical,2697,b3671e84c639ea4ae535624220217db4f710ea2c2ec7c7ca05873c8f55bdfe22
JCM_Author_Reproducibility_Archive.zip,Source_Reproducibility/Revision_Audit/revise_manuscript.py,provenance/author_archive/Source_Reproducibility/Revision_Audit/revise_manuscript.py,retained_byte_identical,27674,f80b7819c6d025ce4fef8d674f56d83350b80fb4ad031085630f6d6d90dd0a59
JCM_Author_Reproducibility_Archive.zip,Source_Reproducibility/Revision_Audit/support_final_qa.json,provenance/author_archive/Source_Reproducibility/Revision_Audit/support_final_qa.json,retained_byte_identical,354,05f4549d2c03c9b10b30459c3006b6d4d6d912f831558a2a8913dfb895fee770
JCM_Author_Reproducibility_Archive.zip,Source_Reproducibility/Revision_Audit/table_manifest.json,provenance/author_archive/Source_Reproducibility/Revision_Audit/table_manifest.json,retained_byte_identical,11086,d70e9b936d9b553c3c79fd77620eb008dda6ef07881cda15748b570470505ec5
JCM_Author_Reproducibility_Archive.zip,Source_Reproducibility/Revision_Audit/workbook_qa.json,provenance/author_archive/Source_Reproducibility/Revision_Audit/workbook_qa.json,retained_byte_identical,6847,a514b14ed9f26f4589f6214b0444996dc27aeb332e1ab8b4c0fc23e9f52e40db
JCM_Author_Reproducibility_Archive.zip,Supplementary_Information_Audit/Final_Supplement1_Patch_Audit.json,provenance/author_archive/Supplementary_Information_Audit/Final_Supplement1_Patch_Audit.json,retained_byte_identical,21591,6c2272ba29c546a645598376342958f5c48b27022722f8c53bc6bc050a0992df
JCM_Author_Reproducibility_Archive.zip,Supplementary_Information_Audit/build_source_crosswalk.py,provenance/author_archive/Supplementary_Information_Audit/build_source_crosswalk.py,retained_byte_identical,4000,5c3a668598674c0e84bd734a5fe20d76e0ca7ba09b4a9cc82679e8476aeb415c
JCM_Author_Reproducibility_Archive.zip,Supplementary_Information_Audit/build_supplement1.py,provenance/author_archive/Supplementary_Information_Audit/build_supplement1.py,retained_byte_identical,6021,98518ceb049ba49f554a3e7869df0ae29ea270de6ea12ccc6898c06fd4ff7c76
JCM_Author_Reproducibility_Archive.zip,Table_Assembly/build_screening_tables.mjs,jcm_revision/tables/build_screening_tables.mjs,deduplicated_identical_code,8800,e49d5abc5a4061f80bb588fddb6c09a064200f8ea17ea69d84efede449b7726f
JCM_Author_Reproducibility_Archive.zip,Table_Assembly/output/Additional_file_8_Screening_Tables.xlsx.inspect.ndjson,provenance/author_archive/Table_Assembly/output/Additional_file_8_Screening_Tables.xlsx.inspect.ndjson,retained_byte_identical,3604711,24a1c80009a088c08aa8a1be641ade4d7f90a526a4f024abec6418f2c783aeb5
JCM_Author_Reproducibility_Archive.zip,Table_Assembly/output/Table_Manifest.json,provenance/author_archive/Table_Assembly/output/Table_Manifest.json,retained_byte_identical,3128,d1ac25131d74247f4dd70fb0b646a0339ca594ba70f5998a36b905bef1e56154
JCM_Author_Reproducibility_Archive.zip,Table_Assembly/output/Workbook_QA.json,provenance/author_archive/Table_Assembly/output/Workbook_QA.json,retained_byte_identical,1091,d7f0a7c927f2d1fa8b2f5e424e165146a7ce538f9725f617545a42876af0fc20
JCM_Author_Reproducibility_Archive.zip!/Independent_Source_Panels/Original_165_Panels.zip,Original_Panel_Archive/Panel_Archive_Readme.txt,provenance/author_archive/Independent_Source_Panels/Original_Panel_Archive/Panel_Archive_Readme.txt,retained_byte_identical,2801,eca643e33421b2ab555a096ddcd7c8d52ebeb10b773e3b0627932a939ed9f488
JCM_Author_Reproducibility_Archive.zip!/Independent_Source_Panels/Original_165_Panels.zip,Original_Panel_Archive/contact_sheets/Figure_1_Contact_Sheet.jpg,,omitted_raster_or_pdf_panel_asset,201164,2a6885d4f5031595f5f2320458a9c037924548beecde842d8e6f070dc179d853
JCM_Author_Reproducibility_Archive.zip!/Independent_Source_Panels/Original_165_Panels.zip,Original_Panel_Archive/contact_sheets/Figure_2_Contact_Sheet.jpg,,omitted_raster_or_pdf_panel_asset,201346,01d0ef78d31fcd430da40870b22e3a30b6b0a6749ec21fde86d5db1f86942d0b
JCM_Author_Reproducibility_Archive.zip!/Independent_Source_Panels/Original_165_Panels.zip,Original_Panel_Archive/contact_sheets/Figure_3_Contact_Sheet.jpg,,omitted_raster_or_pdf_panel_asset,231928,9f76e397b8a77b4513fb866759dbaa8db97bafac0a806888f6d049135310df1c
JCM_Author_Reproducibility_Archive.zip!/Independent_Source_Panels/Original_165_Panels.zip,Original_Panel_Archive/contact_sheets/Figure_4_Contact_Sheet.jpg,,omitted_raster_or_pdf_panel_asset,254579,dc9137cb76cd3b1f0fb9082e5507db1c062a8538a7eb0c2df0b394dce93b5aad
JCM_Author_Reproducibility_Archive.zip!/Independent_Source_Panels/Original_165_Panels.zip,Original_Panel_Archive/contact_sheets/Figure_5_Contact_Sheet.jpg,,omitted_raster_or_pdf_panel_asset,359425,0d1ad3695db0cfb87586a232b48405d92524c13a3aaf944981c53c53d7db6066
JCM_Author_Reproducibility_Archive.zip!/Independent_Source_Panels/Original_165_Panels.zip,Original_Panel_Archive/contact_sheets/Figure_6_Contact_Sheet.jpg,,omitted_raster_or_pdf_panel_asset,341588,a8238f2fcfdf939a9030d24eae6701e761327f6edd1ae23f27979bf42c8ed096
JCM_Author_Reproducibility_Archive.zip!/Independent_Source_Panels/Original_165_Panels.zip,Original_Panel_Archive/contact_sheets/Figure_S10_Contact_Sheet.jpg,,omitted_raster_or_pdf_panel_asset,281783,c5cfeac285b7024522d21a485c314ddb0e75f3f3473b9aec064a45e588018b54
JCM_Author_Reproducibility_Archive.zip!/Independent_Source_Panels/Original_165_Panels.zip,Original_Panel_Archive/contact_sheets/Figure_S1_Contact_Sheet.jpg,,omitted_raster_or_pdf_panel_asset,130708,3b7ae7403067e90f3cae1e899b181d3e45656846bae8d0f6f91406165b9bad9f
JCM_Author_Reproducibility_Archive.zip!/Independent_Source_Panels/Original_165_Panels.zip,Original_Panel_Archive/contact_sheets/Figure_S2_Contact_Sheet.jpg,,omitted_raster_or_pdf_panel_asset,289326,9c96a7a49ca1723f1951d7c9b9f1c670de8df6697898748a26c29263d760cc01
JCM_Author_Reproducibility_Archive.zip!/Independent_Source_Panels/Original_165_Panels.zip,Original_Panel_Archive/contact_sheets/Figure_S3_Contact_Sheet.jpg,,omitted_raster_or_pdf_panel_asset,165717,b3a7b8d54617b6c5f9de54e9cd50c6d21dc37a0e21e586ccd7298bfbeff0052b
JCM_Author_Reproducibility_Archive.zip!/Independent_Source_Panels/Original_165_Panels.zip,Original_Panel_Archive/contact_sheets/Figure_S4_Contact_Sheet.jpg,,omitted_raster_or_pdf_panel_asset,143740,2cece4b917bc73ffad6e06e4fa2b173057080475a8ab2a255391e192f96ea331
JCM_Author_Reproducibility_Archive.zip!/Independent_Source_Panels/Original_165_Panels.zip,Original_Panel_Archive/contact_sheets/Figure_S5_Contact_Sheet.jpg,,omitted_raster_or_pdf_panel_asset,167542,077a49ac6f72aeb6fbb1cf4694a804a7c7bcbd6334b8c8c60ea6331189a42369
JCM_Author_Reproducibility_Archive.zip!/Independent_Source_Panels/Original_165_Panels.zip,Original_Panel_Archive/contact_sheets/Figure_S6_Contact_Sheet.jpg,,omitted_raster_or_pdf_panel_asset,186237,8f1102a6fa839bfbea3fb30a7170e55142cb1c655b30f5675b5e3893ede31465
JCM_Author_Reproducibility_Archive.zip!/Independent_Source_Panels/Original_165_Panels.zip,Original_Panel_Archive/contact_sheets/Figure_S7_Contact_Sheet.jpg,,omitted_raster_or_pdf_panel_asset,174518,2b09933522457b81e12376a7f0dc1aea03802549f6aa2560880ad1f9bd34d1ea
JCM_Author_Reproducibility_Archive.zip!/Independent_Source_Panels/Original_165_Panels.zip,Original_Panel_Archive/contact_sheets/Figure_S8_Contact_Sheet.jpg,,omitted_raster_or_pdf_panel_asset,337342,1eff9e0a2232da9f735b9697e8ba26b88cbeff63035befaa0afba453c83fb921
JCM_Author_Reproducibility_Archive.zip!/Independent_Source_Panels/Original_165_Panels.zip,Original_Panel_Archive/contact_sheets/Figure_S9_Contact_Sheet.jpg,,omitted_raster_or_pdf_panel_asset,264382,143b5ccd68709f3aaa2e6d4820cb91b1d43d4186ec9a95c6364c78e0e7938501
JCM_Author_Reproducibility_Archive.zip!/Independent_Source_Panels/Original_165_Panels.zip,Original_Panel_Archive/independent/Figure_1/Figure_1_A.tiff,,omitted_raster_or_pdf_panel_asset,64716,fec734f2131838274cfa5ac9598a8cb2405051e36040e21cb41cf7d9fe8529a3
JCM_Author_Reproducibility_Archive.zip!/Independent_Source_Panels/Original_165_Panels.zip,Original_Panel_Archive/independent/Figure_1/Figure_1_B.tiff,,omitted_raster_or_pdf_panel_asset,42966,4cfd6564a2ad2686ea24d7e819fbb3faa1c6628c5f23ac98ddd38944b0fd68c6
JCM_Author_Reproducibility_Archive.zip!/Independent_Source_Panels/Original_165_Panels.zip,Original_Panel_Archive/independent/Figure_1/Figure_1_C.tiff,,omitted_raster_or_pdf_panel_asset,33548,2f99e371df4ecb80d15a7aba453fd1b4c1d41566c69e1934993d6d5a9a1aed84
JCM_Author_Reproducibility_Archive.zip!/Independent_Source_Panels/Original_165_Panels.zip,Original_Panel_Archive/independent/Figure_1/Figure_1_D.tiff,,omitted_raster_or_pdf_panel_asset,49730,68a5a32ef305c85537f56dd7fe498c405a531144b4d19138acd96d915f87007c
JCM_Author_Reproducibility_Archive.zip!/Independent_Source_Panels/Original_165_Panels.zip,Original_Panel_Archive/independent/Figure_1/Figure_1_E.tiff,,omitted_raster_or_pdf_panel_asset,45174,5104f76dab937faa2057adb4f680a1a63fd3825358395f654614dc369049994f
JCM_Author_Reproducibility_Archive.zip!/Independent_Source_Panels/Original_165_Panels.zip,Original_Panel_Archive/independent/Figure_1/Figure_1_F.tiff,,omitted_raster_or_pdf_panel_asset,46102,a301983a240187b427c97cb6e412dcb07a90e3abf3b5af0b3297f281ec64055a
JCM_Author_Reproducibility_Archive.zip!/Independent_Source_Panels/Original_165_Panels.zip,Original_Panel_Archive/independent/Figure_1/Figure_1_G.tiff,,omitted_raster_or_pdf_panel_asset,39534,d9f719b42fc9d39cc16ada62439a67e0604b1ab0d8a67bb195789eeb398562a5
JCM_Author_Reproducibility_Archive.zip!/Independent_Source_Panels/Original_165_Panels.zip,Original_Panel_Archive/independent/Figure_1/Figure_1_H.tiff,,omitted_raster_or_pdf_panel_asset,29120,3f473de61e41cec2345276820a4e59943e6f71017049f05076dea0a21c844ff6
JCM_Author_Reproducibility_Archive.zip!/Independent_Source_Panels/Original_165_Panels.zip,Original_Panel_Archive/independent/Figure_1/Figure_1_I.tiff,,omitted_raster_or_pdf_panel_asset,30914,577714be7c23757399617724cd35d0a28e5a4d8294456dd856c95c137db6e619
JCM_Author_Reproducibility_Archive.zip!/Independent_Source_Panels/Original_165_Panels.zip,Original_Panel_Archive/independent/Figure_1/Figure_1_J.tiff,,omitted_raster_or_pdf_panel_asset,49276,d9e108079fb4e339bf3d2a5ec4b31bec682f2f24d5210a8235a64f1f914d3265
JCM_Author_Reproducibility_Archive.zip!/Independent_Source_Panels/Original_165_Panels.zip,Original_Panel_Archive/independent/Figure_1/Figure_1_K.tiff,,omitted_raster_or_pdf_panel_asset,55266,809a4541f401c4d1a94dd9d1d7f72bdf3a4c971e9095df309dfca0c393622dbb
JCM_Author_Reproducibility_Archive.zip!/Independent_Source_Panels/Original_165_Panels.zip,Original_Panel_Archive/independent/Figure_2/Figure_2_A.tiff,,omitted_raster_or_pdf_panel_asset,43184,daba0fa22428b6a3bc9cc1b6502972274e2725957c4d728244efe432d36b46bc
JCM_Author_Reproducibility_Archive.zip!/Independent_Source_Panels/Original_165_Panels.zip,Original_Panel_Archive/independent/Figure_2/Figure_2_B.tiff,,omitted_raster_or_pdf_panel_asset,39688,648280dbb00b7317006107c758d8acb4251497343e4ba3ea92bac616887f8900
JCM_Author_Reproducibility_Archive.zip!/Independent_Source_Panels/Original_165_Panels.zip,Original_Panel_Archive/independent/Figure_2/Figure_2_C.tiff,,omitted_raster_or_pdf_panel_asset,41954,08a7a8dd8fa5bea50db4381908f1f9bd7abef2fd0b3a6f7bc520a083d33faecb
JCM_Author_Reproducibility_Archive.zip!/Independent_Source_Panels/Original_165_Panels.zip,Original_Panel_Archive/independent/Figure_2/Figure_2_D.tiff,,omitted_raster_or_pdf_panel_asset,112438,063c64151ae122ab703676c79b58851d8fcc04ecd96e47df8119cd7e3b23b363
JCM_Author_Reproducibility_Archive.zip!/Independent_Source_Panels/Original_165_Panels.zip,Original_Panel_Archive/independent/Figure_2/Figure_2_E.tiff,,omitted_raster_or_pdf_panel_asset,46552,8faeaba89b4d91b2d98ad30269fd13c25927baf7cc4de1ba34fe2cae858f5fe8
JCM_Author_Reproducibility_Archive.zip!/Independent_Source_Panels/Original_165_Panels.zip,Original_Panel_Archive/independent/Figure_2/Figure_2_F.tiff,,omitted_raster_or_pdf_panel_asset,37730,c372fc6e09accb439a38eaa2db8c29321ee8a45dbf47e09ca9aad3294176bb6a
JCM_Author_Reproducibility_Archive.zip!/Independent_Source_Panels/Original_165_Panels.zip,Original_Panel_Archive/independent/Figure_2/Figure_2_G.tiff,,omitted_raster_or_pdf_panel_asset,43446,cb160e1ba4f62bab830cfd81c1a3e78ec05fe54ac3a9381e802489be142e1b7b
JCM_Author_Reproducibility_Archive.zip!/Independent_Source_Panels/Original_165_Panels.zip,Original_Panel_Archive/independent/Figure_2/Figure_2_H.tiff,,omitted_raster_or_pdf_panel_asset,41676,14479a2f9cb19d04c9afc1a54484cff8d4dac431e1153f0daeacfc26d5f17847
JCM_Author_Reproducibility_Archive.zip!/Independent_Source_Panels/Original_165_Panels.zip,Original_Panel_Archive/independent/Figure_2/Figure_2_I.tiff,,omitted_raster_or_pdf_panel_asset,36374,b313bd1abd837f03ac95ace6d964baa86ccd3c1b2592f18c0fbe53d11a3fd2ae
JCM_Author_Reproducibility_Archive.zip!/Independent_Source_Panels/Original_165_Panels.zip,Original_Panel_Archive/independent/Figure_2/Figure_2_J.tiff,,omitted_raster_or_pdf_panel_asset,40486,5ec14e303fd6a0cc76a570939d2dee5254d9173048b0fde1769576c992246d39
JCM_Author_Reproducibility_Archive.zip!/Independent_Source_Panels/Original_165_Panels.zip,Original_Panel_Archive/independent/Figure_3/Figure_3_A.tiff,,omitted_raster_or_pdf_panel_asset,43474,a11bd7977db0ee39f7242369c8f692e51ef3463a8111179bc939b50a807b044f
JCM_Author_Reproducibility_Archive.zip!/Independent_Source_Panels/Original_165_Panels.zip,Original_Panel_Archive/independent/Figure_3/Figure_3_B.tiff,,omitted_raster_or_pdf_panel_asset,56114,c5cb02900d944754371a177f66f62b38567b07aaf428f27bd3d1981348dc1464
JCM_Author_Reproducibility_Archive.zip!/Independent_Source_Panels/Original_165_Panels.zip,Original_Panel_Archive/independent/Figure_3/Figure_3_C.tiff,,omitted_raster_or_pdf_panel_asset,89854,95dcc1dfc0c62ba2f67829c35b0271c4fe43523ea07ea72a5d3d49f29ba478fd
JCM_Author_Reproducibility_Archive.zip!/Independent_Source_Panels/Original_165_Panels.zip,Original_Panel_Archive/independent/Figure_3/Figure_3_D.tiff,,omitted_raster_or_pdf_panel_asset,89234,084e4a2e6104e699f6960d208d39366f7e3b72f601b67f721f73c8c421651354
JCM_Author_Reproducibility_Archive.zip!/Independent_Source_Panels/Original_165_Panels.zip,Original_Panel_Archive/independent/Figure_3/Figure_3_E.tiff,,omitted_raster_or_pdf_panel_asset,45830,c161207f5c60fdc5baec7a76747cc40eff0de95fefe5149d4249c05a41db5cba
JCM_Author_Reproducibility_Archive.zip!/Independent_Source_Panels/Original_165_Panels.zip,Original_Panel_Archive/independent/Figure_3/Figure_3_F.tiff,,omitted_raster_or_pdf_panel_asset,43804,0dc452c16414fbbab519b0c555f3c7f63ed540dc394f7d9507c7660b6c6b5ccc
JCM_Author_Reproducibility_Archive.zip!/Independent_Source_Panels/Original_165_Panels.zip,Original_Panel_Archive/independent/Figure_3/Figure_3_G.tiff,,omitted_raster_or_pdf_panel_asset,59162,df378c39565a6e4257054771314677fa261ea579053151d2ee9673ebffc6c69a
JCM_Author_Reproducibility_Archive.zip!/Independent_Source_Panels/Original_165_Panels.zip,Original_Panel_Archive/independent/Figure_3/Figure_3_H.tiff,,omitted_raster_or_pdf_panel_asset,72592,dd57c693fe19dbb45bd845ef561e414498d1ba849d58e6aef89bfac36eb4ca08
JCM_Author_Reproducibility_Archive.zip!/Independent_Source_Panels/Original_165_Panels.zip,Original_Panel_Archive/independent/Figure_3/Figure_3_I.tiff,,omitted_raster_or_pdf_panel_asset,110778,a42da14bb48b48bc894730ed8a252a0cc99461bcab3f74a05550e4c3ca2cec37
JCM_Author_Reproducibility_Archive.zip!/Independent_Source_Panels/Original_165_Panels.zip,Original_Panel_Archive/independent/Figure_3/Figure_3_J.tiff,,omitted_raster_or_pdf_panel_asset,55188,2d5350e765e9d6325c172b3b843ba670f64b17611352831186ef1014bca8d09d
JCM_Author_Reproducibility_Archive.zip!/Independent_Source_Panels/Original_165_Panels.zip,Original_Panel_Archive/independent/Figure_4/Figure_4_A.tiff,,omitted_raster_or_pdf_panel_asset,56034,75bbf58c1a5abad81ab247ed42230221aa309db0c4df25171bd4197776e91431
JCM_Author_Reproducibility_Archive.zip!/Independent_Source_Panels/Original_165_Panels.zip,Original_Panel_Archive/independent/Figure_4/Figure_4_B.tiff,,omitted_raster_or_pdf_panel_asset,53322,e829480faf2fab91f5bac2734be67700f0d09ba96fffe4ad7046394514a73e44
JCM_Author_Reproducibility_Archive.zip!/Independent_Source_Panels/Original_165_Panels.zip,Original_Panel_Archive/independent/Figure_4/Figure_4_C.tiff,,omitted_raster_or_pdf_panel_asset,48094,5262bfd1619a5d7d123a9ede61d6b16346de2be10196e02b6c6652bfbd658426
JCM_Author_Reproducibility_Archive.zip!/Independent_Source_Panels/Original_165_Panels.zip,Original_Panel_Archive/independent/Figure_4/Figure_4_D.tiff,,omitted_raster_or_pdf_panel_asset,47398,80ce851728aa56938b69a7ea2dee6a461e5ea9643d8f156fd0f42021b8ae24bb
JCM_Author_Reproducibility_Archive.zip!/Independent_Source_Panels/Original_165_Panels.zip,Original_Panel_Archive/independent/Figure_4/Figure_4_E.tiff,,omitted_raster_or_pdf_panel_asset,73792,6c2dc9a615910a9c0ffac18f9123b832382f1d78d672cff46ce113ee7c7c58b6
JCM_Author_Reproducibility_Archive.zip!/Independent_Source_Panels/Original_165_Panels.zip,Original_Panel_Archive/independent/Figure_4/Figure_4_F.tiff,,omitted_raster_or_pdf_panel_asset,76324,fab5e2de5e2e503369827de75d58e1157f80077f8cc0ea0a17ba74aa861ba9b3
JCM_Author_Reproducibility_Archive.zip!/Independent_Source_Panels/Original_165_Panels.zip,Original_Panel_Archive/independent/Figure_4/Figure_4_G.tiff,,omitted_raster_or_pdf_panel_asset,34646,69bf24060c57470ebf4ca4f5ce8f2d733eecbeb236f76363027e13eee4f9167b
JCM_Author_Reproducibility_Archive.zip!/Independent_Source_Panels/Original_165_Panels.zip,Original_Panel_Archive/independent/Figure_4/Figure_4_H.tiff,,omitted_raster_or_pdf_panel_asset,46748,7c7821d1b10513445b652855b964545707b88d4ce7705ee0c1f9e3f097bf91b4
JCM_Author_Reproducibility_Archive.zip!/Independent_Source_Panels/Original_165_Panels.zip,Original_Panel_Archive/independent/Figure_4/Figure_4_I.tiff,,omitted_raster_or_pdf_panel_asset,36598,6a2938333df278178f8591de27c4f09f1d581bc210eca0b741607789334731f8
JCM_Author_Reproducibility_Archive.zip!/Independent_Source_Panels/Original_165_Panels.zip,Original_Panel_Archive/independent/Figure_4/Figure_4_J.tiff,,omitted_raster_or_pdf_panel_asset,36134,53d0a6bd83b942cb017eb04b2e6293d7c4b516ffcafc77590d2cd68fe145ed4b
JCM_Author_Reproducibility_Archive.zip!/Independent_Source_Panels/Original_165_Panels.zip,Original_Panel_Archive/independent/Figure_4/Figure_4_K.tiff,,omitted_raster_or_pdf_panel_asset,35772,df909b797f5f36aedfc9c511ef466130516895035e9c7519328dd4fcf1a51546
JCM_Author_Reproducibility_Archive.zip!/Independent_Source_Panels/Original_165_Panels.zip,Original_Panel_Archive/independent/Figure_5/Figure_5_A.tiff,,omitted_raster_or_pdf_panel_asset,68806,5547cce9683e82a6504ac4325e7da83b9bab143eee9ecfd79521fb439f9fdcc1
JCM_Author_Reproducibility_Archive.zip!/Independent_Source_Panels/Original_165_Panels.zip,Original_Panel_Archive/independent/Figure_5/Figure_5_B.tiff,,omitted_raster_or_pdf_panel_asset,60314,5682352e2b9a46ad1e11f47fc5631c10450b9975ada471294b99ba9cca0ba7b7
JCM_Author_Reproducibility_Archive.zip!/Independent_Source_Panels/Original_165_Panels.zip,Original_Panel_Archive/independent/Figure_5/Figure_5_C.tiff,,omitted_raster_or_pdf_panel_asset,39894,6fa32be5ae6bd44793e7cd22309bd7e12451ad3ddc98f35b0d0f95362e93fa70
JCM_Author_Reproducibility_Archive.zip!/Independent_Source_Panels/Original_165_Panels.zip,Original_Panel_Archive/independent/Figure_5/Figure_5_D.tiff,,omitted_raster_or_pdf_panel_asset,25828,b8ca5e3d53705c250e84bfc848fd6443a574093d5bb0ec9d55dabc2dbbda3d3f
JCM_Author_Reproducibility_Archive.zip!/Independent_Source_Panels/Original_165_Panels.zip,Original_Panel_Archive/independent/Figure_5/Figure_5_E.tiff,,omitted_raster_or_pdf_panel_asset,33160,ebe657620702795df33a19dac09944913701a1723bcd4066e4023e04d86207aa
JCM_Author_Reproducibility_Archive.zip!/Independent_Source_Panels/Original_165_Panels.zip,Original_Panel_Archive/independent/Figure_5/Figure_5_F.tiff,,omitted_raster_or_pdf_panel_asset,86646,78c550722a73ee51f6c6bccf55e423d45498d10021182958669c518e37924c42
JCM_Author_Reproducibility_Archive.zip!/Independent_Source_Panels/Original_165_Panels.zip,Original_Panel_Archive/independent/Figure_5/Figure_5_G.tiff,,omitted_raster_or_pdf_panel_asset,32512,dccb81cc9385abe03124fa635b83a48280ca33f0ec4641d8b1333eba8ca26537
JCM_Author_Reproducibility_Archive.zip!/Independent_Source_Panels/Original_165_Panels.zip,Original_Panel_Archive/independent/Figure_5/Figure_5_H.tiff,,omitted_raster_or_pdf_panel_asset,31916,7e12dec5b955ff60846989927ff368745fad8d283ce5ff432253f5f0a767bfd0
JCM_Author_Reproducibility_Archive.zip!/Independent_Source_Panels/Original_165_Panels.zip,Original_Panel_Archive/independent/Figure_5/Figure_5_I.tiff,,omitted_raster_or_pdf_panel_asset,64842,e8c66c7ae0945640b9fe54d17c04cd4b9b46cce4875dee3cc724713a5ea5bc0a
JCM_Author_Reproducibility_Archive.zip!/Independent_Source_Panels/Original_165_Panels.zip,Original_Panel_Archive/independent/Figure_5/Figure_5_J.tiff,,omitted_raster_or_pdf_panel_asset,33746,6b34fd8d50a8e937c3d8843c7b7f2c522bb3a5369fcdf6394abdc2c282ece126
JCM_Author_Reproducibility_Archive.zip!/Independent_Source_Panels/Original_165_Panels.zip,Original_Panel_Archive/independent/Figure_5/Figure_5_K.tiff,,omitted_raster_or_pdf_panel_asset,71060,a70a8e1ef1fbc6909476071a05f9e016b04b90352930255a7f5d42626bcb06f8
JCM_Author_Reproducibility_Archive.zip!/Independent_Source_Panels/Original_165_Panels.zip,Original_Panel_Archive/independent/Figure_5/Figure_5_L.tiff,,omitted_raster_or_pdf_panel_asset,68144,7fdc212b69e36dd83abfb1919ff5c0e108ae7517bff46eb298b1b2449b1569d8
JCM_Author_Reproducibility_Archive.zip!/Independent_Source_Panels/Original_165_Panels.zip,Original_Panel_Archive/independent/Figure_5/Figure_5_M.tiff,,omitted_raster_or_pdf_panel_asset,31434,a82fcee354297b811e0db57a15aae3e630af06d4ebbe911097396d870df276f5
JCM_Author_Reproducibility_Archive.zip!/Independent_Source_Panels/Original_165_Panels.zip,Original_Panel_Archive/independent/Figure_6/Figure_6_A.tiff,,omitted_raster_or_pdf_panel_asset,60646,4bdcd85730ae554dea4fe4a610c2ad38f034ceff6396dad20f127704f193be25
JCM_Author_Reproducibility_Archive.zip!/Independent_Source_Panels/Original_165_Panels.zip,Original_Panel_Archive/independent/Figure_6/Figure_6_B.tiff,,omitted_raster_or_pdf_panel_asset,31534,e080d863f2ed51906b82b80cd1e323d8ded9ce5e134daf3c4fe54a173dc2560c
JCM_Author_Reproducibility_Archive.zip!/Independent_Source_Panels/Original_165_Panels.zip,Original_Panel_Archive/independent/Figure_6/Figure_6_C.tiff,,omitted_raster_or_pdf_panel_asset,58088,59594cfab80e54d34f4562ebcd1cd5fa1c76a95aaffca0b109524a20a9db0fa1
JCM_Author_Reproducibility_Archive.zip!/Independent_Source_Panels/Original_165_Panels.zip,Original_Panel_Archive/independent/Figure_6/Figure_6_D.tiff,,omitted_raster_or_pdf_panel_asset,47070,667997fa432b68fe8ec93e77f67e14b4d23153ddc8fcd08fa5a683085f97a783
JCM_Author_Reproducibility_Archive.zip!/Independent_Source_Panels/Original_165_Panels.zip,Original_Panel_Archive/independent/Figure_6/Figure_6_E.tiff,,omitted_raster_or_pdf_panel_asset,32512,80b35bf781419004c09c2cc28a83efa62de5c6921f3b231d50d6c4d1e3231b17
JCM_Author_Reproducibility_Archive.zip!/Independent_Source_Panels/Original_165_Panels.zip,Original_Panel_Archive/independent/Figure_6/Figure_6_F.tiff,,omitted_raster_or_pdf_panel_asset,32544,cd080688d6f4e984bbacd3540c297ae580734ad724822fc65bb877a693aff120
JCM_Author_Reproducibility_Archive.zip!/Independent_Source_Panels/Original_165_Panels.zip,Original_Panel_Archive/independent/Figure_6/Figure_6_G.tiff,,omitted_raster_or_pdf_panel_asset,30618,4ffd56bb747653a8a967af4d1cd95e0fe9cd6750c5fe57c191b9808502a0837e
JCM_Author_Reproducibility_Archive.zip!/Independent_Source_Panels/Original_165_Panels.zip,Original_Panel_Archive/independent/Figure_6/Figure_6_H.tiff,,omitted_raster_or_pdf_panel_asset,35542,22b53e48c377dfc85f35ae2d8c50dc68172706d34a68f84cec545d6000af8510
JCM_Author_Reproducibility_Archive.zip!/Independent_Source_Panels/Original_165_Panels.zip,Original_Panel_Archive/independent/Figure_6/Figure_6_I.tiff,,omitted_raster_or_pdf_panel_asset,40686,3c8869e9b4f8e57e45d4bb2df9922146de0c053b2b1069d226018577eaa65ebd
JCM_Author_Reproducibility_Archive.zip!/Independent_Source_Panels/Original_165_Panels.zip,Original_Panel_Archive/independent/Figure_6/Figure_6_J.tiff,,omitted_raster_or_pdf_panel_asset,38836,7f7e08721d3752b8d128009105d738b25d5a019f6b3921c0019c9fd1adba8779
JCM_Author_Reproducibility_Archive.zip!/Independent_Source_Panels/Original_165_Panels.zip,Original_Panel_Archive/independent/Figure_6/Figure_6_K.tiff,,omitted_raster_or_pdf_panel_asset,45090,19137d0a3e831373ed534f57743a5029cb45f50ca72f26cf54596d2a23e32c18
JCM_Author_Reproducibility_Archive.zip!/Independent_Source_Panels/Original_165_Panels.zip,Original_Panel_Archive/independent/Figure_6/Figure_6_L.tiff,,omitted_raster_or_pdf_panel_asset,35450,ad59d71654be7cf91bbb30d81ebf4c0008ce3a03a24bdd43a7fd37d732ff12b9
JCM_Author_Reproducibility_Archive.zip!/Independent_Source_Panels/Original_165_Panels.zip,Original_Panel_Archive/independent/Figure_6/Figure_6_M.tiff,,omitted_raster_or_pdf_panel_asset,34846,1cb462e0d07a4c4bb65dabea1feab0447adeafe9b9c0276204cf593ec628aff3
JCM_Author_Reproducibility_Archive.zip!/Independent_Source_Panels/Original_165_Panels.zip,Original_Panel_Archive/independent/Figure_S1/Figure_S1_A.tiff,,omitted_raster_or_pdf_panel_asset,4098036,56d72a4dd29e929ade26e315fb819e56bf080f701ecc4172df12894a9d81d8cc
JCM_Author_Reproducibility_Archive.zip!/Independent_Source_Panels/Original_165_Panels.zip,Original_Panel_Archive/independent/Figure_S1/Figure_S1_B.tiff,,omitted_raster_or_pdf_panel_asset,1036158,3cda5a3abec843cba0370a7ed93f146f6201336d9b64def0a17f6f2d0ebe8732
JCM_Author_Reproducibility_Archive.zip!/Independent_Source_Panels/Original_165_Panels.zip,Original_Panel_Archive/independent/Figure_S1/Figure_S1_C.tiff,,omitted_raster_or_pdf_panel_asset,1179698,7db808b38e7d8f47f9802dc54ce401a2386446539552d876c0c75dddd0d32503
JCM_Author_Reproducibility_Archive.zip!/Independent_Source_Panels/Original_165_Panels.zip,Original_Panel_Archive/independent/Figure_S1/Figure_S1_D.tiff,,omitted_raster_or_pdf_panel_asset,876144,27b43b9369b59d67f1f95341af4553bd45a04629881ebbc910fd17e15a122eb6
JCM_Author_Reproducibility_Archive.zip!/Independent_Source_Panels/Original_165_Panels.zip,Original_Panel_Archive/independent/Figure_S1/Figure_S1_E.tiff,,omitted_raster_or_pdf_panel_asset,361350,77dc7a4d2a35d0ccfd2baed0786835c26cd5add40bc15930ecf92e91f69314b2
JCM_Author_Reproducibility_Archive.zip!/Independent_Source_Panels/Original_165_Panels.zip,Original_Panel_Archive/independent/Figure_S1/Figure_S1_F.tiff,,omitted_raster_or_pdf_panel_asset,549040,e8b808878e09cabf05cae124ea07a378e5b388c4dfaee601b07ffcebf4c4e536
JCM_Author_Reproducibility_Archive.zip!/Independent_Source_Panels/Original_165_Panels.zip,Original_Panel_Archive/independent/Figure_S10/Figure_S10_A.tiff,,omitted_raster_or_pdf_panel_asset,1033338,33f5622b27d9b51ca3c8c6ae5830be2ed7647a7708670a8b89602e407b37778c
JCM_Author_Reproducibility_Archive.zip!/Independent_Source_Panels/Original_165_Panels.zip,Original_Panel_Archive/independent/Figure_S10/Figure_S10_B.tiff,,omitted_raster_or_pdf_panel_asset,909128,b9272dfa83ae5e5577ba0eef539b96805b2801882680ffef70ead5a3acd0e6fd
JCM_Author_Reproducibility_Archive.zip!/Independent_Source_Panels/Original_165_Panels.zip,Original_Panel_Archive/independent/Figure_S10/Figure_S10_C.tiff,,omitted_raster_or_pdf_panel_asset,936962,47f26bf1c7bbf15fc77de1f697772b57a9d69efc90335fa251634004cb7f3807
JCM_Author_Reproducibility_Archive.zip!/Independent_Source_Panels/Original_165_Panels.zip,Original_Panel_Archive/independent/Figure_S10/Figure_S10_D.tiff,,omitted_raster_or_pdf_panel_asset,995586,b62fb8a62a0861e6f12e686ae4dff3191ea33172bbbc579cc581b31109ba79ea
JCM_Author_Reproducibility_Archive.zip!/Independent_Source_Panels/Original_165_Panels.zip,Original_Panel_Archive/independent/Figure_S10/Figure_S10_E.tiff,,omitted_raster_or_pdf_panel_asset,945914,6db1c0a59e61f1b78a2155bf5a8bcda4157d830cadafd7f35e6ca4c80edb1eb7
JCM_Author_Reproducibility_Archive.zip!/Independent_Source_Panels/Original_165_Panels.zip,Original_Panel_Archive/independent/Figure_S10/Figure_S10_F.tiff,,omitted_raster_or_pdf_panel_asset,956172,61ce823ae58f575fd05419d897511547a3faebbfc90288b2036eb613df52698c
JCM_Author_Reproducibility_Archive.zip!/Independent_Source_Panels/Original_165_Panels.zip,Original_Panel_Archive/independent/Figure_S10/Figure_S10_G.tiff,,omitted_raster_or_pdf_panel_asset,1276134,f3a67654f317301873b21f593930418afac22e5a001891bec518fef792d3d753
JCM_Author_Reproducibility_Archive.zip!/Independent_Source_Panels/Original_165_Panels.zip,Original_Panel_Archive/independent/Figure_S10/Figure_S10_H.tiff,,omitted_raster_or_pdf_panel_asset,1148920,7df49a05db6b1eed5ed129dbbb64fcb868d70a09f8a40e090ea3e587ea03de94
JCM_Author_Reproducibility_Archive.zip!/Independent_Source_Panels/Original_165_Panels.zip,Original_Panel_Archive/independent/Figure_S10/Figure_S10_I.tiff,,omitted_raster_or_pdf_panel_asset,1309496,5b61d81363a33fcc4fb68be0656eb90fbe89e62d6c2bb8a0eed34f8648ac9cf3
JCM_Author_Reproducibility_Archive.zip!/Independent_Source_Panels/Original_165_Panels.zip,Original_Panel_Archive/independent/Figure_S10/Figure_S10_J.tiff,,omitted_raster_or_pdf_panel_asset,1469464,a883852426b3f5877fc7c50bb2391be36f3d1c6666e6a4fa8146a0540dd4cf34
JCM_Author_Reproducibility_Archive.zip!/Independent_Source_Panels/Original_165_Panels.zip,Original_Panel_Archive/independent/Figure_S10/Figure_S10_K.tiff,,omitted_raster_or_pdf_panel_asset,1446986,5fffef1b3235cce455b1c305a8ca63a16b04fa9615fa2360e7ca1344a49f0c48
JCM_Author_Reproducibility_Archive.zip!/Independent_Source_Panels/Original_165_Panels.zip,Original_Panel_Archive/independent/Figure_S10/Figure_S10_L.tiff,,omitted_raster_or_pdf_panel_asset,1309296,7e60594a4db3da8d529ea27646fb8d16599adf48ac82fedc816dc19c7dd70dd7
JCM_Author_Reproducibility_Archive.zip!/Independent_Source_Panels/Original_165_Panels.zip,Original_Panel_Archive/independent/Figure_S2/Figure_S2_A.tiff,,omitted_raster_or_pdf_panel_asset,1472564,1262b15454094f3e1b6c09363ccd66a5d08d1604f5251a6d4bbf171b9eecaeff
JCM_Author_Reproducibility_Archive.zip!/Independent_Source_Panels/Original_165_Panels.zip,Original_Panel_Archive/independent/Figure_S2/Figure_S2_B.tiff,,omitted_raster_or_pdf_panel_asset,1539962,e8445573f2d2845fef6d33931a77a574bd7aecf9b7aea902b8ab2b2db3952cfd
JCM_Author_Reproducibility_Archive.zip!/Independent_Source_Panels/Original_165_Panels.zip,Original_Panel_Archive/independent/Figure_S2/Figure_S2_C.tiff,,omitted_raster_or_pdf_panel_asset,1556518,247da253752b383a60b94b11bd74d86c313783955e24539ab3d144458ea92104
JCM_Author_Reproducibility_Archive.zip!/Independent_Source_Panels/Original_165_Panels.zip,Original_Panel_Archive/independent/Figure_S2/Figure_S2_D.tiff,,omitted_raster_or_pdf_panel_asset,1342220,8d184b771aa7ccea0b718d07717a7e4451c201410607790b8d2220e8b4feb7ec
JCM_Author_Reproducibility_Archive.zip!/Independent_Source_Panels/Original_165_Panels.zip,Original_Panel_Archive/independent/Figure_S2/Figure_S2_E.tiff,,omitted_raster_or_pdf_panel_asset,1413916,35084b742c3abda026e0236fe4104c0910abf442979abac951db1e4ceac09d4a
JCM_Author_Reproducibility_Archive.zip!/Independent_Source_Panels/Original_165_Panels.zip,Original_Panel_Archive/independent/Figure_S2/Figure_S2_F.tiff,,omitted_raster_or_pdf_panel_asset,1284386,90afb4f13951ad8371393335cffb5be01af0ace119d549d02b39292aeb9456a4
JCM_Author_Reproducibility_Archive.zip!/Independent_Source_Panels/Original_165_Panels.zip,Original_Panel_Archive/independent/Figure_S2/Figure_S2_G.tiff,,omitted_raster_or_pdf_panel_asset,1433580,cba25fb940e1e3dfef72ea5b0e6b56938355267b90f7a3cb6781abf5549c3f7c
JCM_Author_Reproducibility_Archive.zip!/Independent_Source_Panels/Original_165_Panels.zip,Original_Panel_Archive/independent/Figure_S2/Figure_S2_H.tiff,,omitted_raster_or_pdf_panel_asset,1267612,a00762b86c3dae93649eab775753d7001c2db2f59d4a0114d097c81908a77937
JCM_Author_Reproducibility_Archive.zip!/Independent_Source_Panels/Original_165_Panels.zip,Original_Panel_Archive/independent/Figure_S2/Figure_S2_I.tiff,,omitted_raster_or_pdf_panel_asset,984198,f7d2a7b1473c7c5dd1e626054d996a303efa4d43cfb8bb0baadbeefb76930465
JCM_Author_Reproducibility_Archive.zip!/Independent_Source_Panels/Original_165_Panels.zip,Original_Panel_Archive/independent/Figure_S2/Figure_S2_J.tiff,,omitted_raster_or_pdf_panel_asset,935204,d8dba0406b94e03c9ffb3ddbba3cfc2f5480d3da16a4de95d8a572d490ca380c
JCM_Author_Reproducibility_Archive.zip!/Independent_Source_Panels/Original_165_Panels.zip,Original_Panel_Archive/independent/Figure_S2/Figure_S2_K.tiff,,omitted_raster_or_pdf_panel_asset,1007320,8d5375292c210069876ce82f264fe7ab56d180089179c7b762a74a0df1c166b0
JCM_Author_Reproducibility_Archive.zip!/Independent_Source_Panels/Original_165_Panels.zip,Original_Panel_Archive/independent/Figure_S2/Figure_S2_L.tiff,,omitted_raster_or_pdf_panel_asset,808116,0f3fb1c0ca8e87ce88bfb9c534ab8aa7c7e9e3020622acef71095a6e37704fd6
JCM_Author_Reproducibility_Archive.zip!/Independent_Source_Panels/Original_165_Panels.zip,Original_Panel_Archive/independent/Figure_S2/Figure_S2_M.tiff,,omitted_raster_or_pdf_panel_asset,911602,74f05cb423b43497fffd99f9f422e718817994c878d3cf8ed69b8dbea598ff48
JCM_Author_Reproducibility_Archive.zip!/Independent_Source_Panels/Original_165_Panels.zip,Original_Panel_Archive/independent/Figure_S3/Figure_S3_A.tiff,,omitted_raster_or_pdf_panel_asset,425912,0b5c82cb0cc50c9625e671b1d3b139dd47fada3042164a78c295bfacccf6c122
JCM_Author_Reproducibility_Archive.zip!/Independent_Source_Panels/Original_165_Panels.zip,Original_Panel_Archive/independent/Figure_S3/Figure_S3_B.tiff,,omitted_raster_or_pdf_panel_asset,418878,f0cd158e3bfcf2b2787227e399f17e8ca528a1a4edfecd34095dabd58e2a90c4
JCM_Author_Reproducibility_Archive.zip!/Independent_Source_Panels/Original_165_Panels.zip,Original_Panel_Archive/independent/Figure_S3/Figure_S3_C.tiff,,omitted_raster_or_pdf_panel_asset,419788,ca8910b140d699a5ff8faf3f075fd2bd752c0d6bebe027743673a2156c77602c
JCM_Author_Reproducibility_Archive.zip!/Independent_Source_Panels/Original_165_Panels.zip,Original_Panel_Archive/independent/Figure_S3/Figure_S3_D.tiff,,omitted_raster_or_pdf_panel_asset,441146,706b9f9e95fa53f5ddd52edcea9da1ca2a84491b70ddf3287b69a507f29b0c1a
JCM_Author_Reproducibility_Archive.zip!/Independent_Source_Panels/Original_165_Panels.zip,Original_Panel_Archive/independent/Figure_S3/Figure_S3_E.tiff,,omitted_raster_or_pdf_panel_asset,421246,d95c01dfe5c276c32ab6ef0156dfe957d5b38d2da68b414d6e29b042926a3f57
JCM_Author_Reproducibility_Archive.zip!/Independent_Source_Panels/Original_165_Panels.zip,Original_Panel_Archive/independent/Figure_S3/Figure_S3_F.tiff,,omitted_raster_or_pdf_panel_asset,534604,b01a97d19c27da8d503ab9b4d448be8e5bc44c39da974243e8481e0cfec2e371
JCM_Author_Reproducibility_Archive.zip!/Independent_Source_Panels/Original_165_Panels.zip,Original_Panel_Archive/independent/Figure_S3/Figure_S3_G.tiff,,omitted_raster_or_pdf_panel_asset,400422,a0804bc623ebf0613a8fb331bd0c93280a79620cf274113c396451f96459fbee
JCM_Author_Reproducibility_Archive.zip!/Independent_Source_Panels/Original_165_Panels.zip,Original_Panel_Archive/independent/Figure_S3/Figure_S3_H.tiff,,omitted_raster_or_pdf_panel_asset,388420,763d2cae0797d98a7c450911cc08602abed1d0ec42c4981a6f5ea8c60c6312f3
JCM_Author_Reproducibility_Archive.zip!/Independent_Source_Panels/Original_165_Panels.zip,Original_Panel_Archive/independent/Figure_S3/Figure_S3_I.tiff,,omitted_raster_or_pdf_panel_asset,822212,5353f4761ac15e9bd976e26f71e392b0ff58b7fd63b69324d38263a90ed17ea2
JCM_Author_Reproducibility_Archive.zip!/Independent_Source_Panels/Original_165_Panels.zip,Original_Panel_Archive/independent/Figure_S3/Figure_S3_J.tiff,,omitted_raster_or_pdf_panel_asset,508768,4f7b7e43f9813f1a63467726b0de654a70ae5327807ece1f0090096463f7a0e8
JCM_Author_Reproducibility_Archive.zip!/Independent_Source_Panels/Original_165_Panels.zip,Original_Panel_Archive/independent/Figure_S4/Figure_S4_A.tiff,,omitted_raster_or_pdf_panel_asset,646128,4f95018da0835ff44bf1d98b0d045db90ca47aa5a0a0966e58913b71246e7d7c
JCM_Author_Reproducibility_Archive.zip!/Independent_Source_Panels/Original_165_Panels.zip,Original_Panel_Archive/independent/Figure_S4/Figure_S4_B.tiff,,omitted_raster_or_pdf_panel_asset,785436,8657ce0375224ec15fd9dfd11cf4ed5a49a417aaeb6a7f3940102cebc07a9c8d
JCM_Author_Reproducibility_Archive.zip!/Independent_Source_Panels/Original_165_Panels.zip,Original_Panel_Archive/independent/Figure_S4/Figure_S4_C.tiff,,omitted_raster_or_pdf_panel_asset,575942,4a951e2fa7ccdc5d6f652ecc8e9d6c8346fbda0a657c40347f66056717a9c483
JCM_Author_Reproducibility_Archive.zip!/Independent_Source_Panels/Original_165_Panels.zip,Original_Panel_Archive/independent/Figure_S4/Figure_S4_D.tiff,,omitted_raster_or_pdf_panel_asset,718172,9bb950e2d769f1829dfa36f87356a111bbbb999ed15e36d0ec6177f979f26146
JCM_Author_Reproducibility_Archive.zip!/Independent_Source_Panels/Original_165_Panels.zip,Original_Panel_Archive/independent/Figure_S4/Figure_S4_E.tiff,,omitted_raster_or_pdf_panel_asset,789110,e788e9b28f080923727c7af62add5f6c35726a9f602f9e2be190099257c338eb
JCM_Author_Reproducibility_Archive.zip!/Independent_Source_Panels/Original_165_Panels.zip,Original_Panel_Archive/independent/Figure_S4/Figure_S4_F.tiff,,omitted_raster_or_pdf_panel_asset,956434,e178d6614f53e91ddf422c3a6cb5e95f563accf6a5b9f4d2db7a018fe6f897cf
JCM_Author_Reproducibility_Archive.zip!/Independent_Source_Panels/Original_165_Panels.zip,Original_Panel_Archive/independent/Figure_S4/Figure_S4_G.tiff,,omitted_raster_or_pdf_panel_asset,823770,fafa5a3f331222116ead17d102068321ebffe6cc8e00dbed1d5fb64c00b60c18
JCM_Author_Reproducibility_Archive.zip!/Independent_Source_Panels/Original_165_Panels.zip,Original_Panel_Archive/independent/Figure_S4/Figure_S4_H.tiff,,omitted_raster_or_pdf_panel_asset,620426,ac394b2bf5a358f7a9b788e4dc6ffa5ffaf64748753a1e3156338b05f155b570
JCM_Author_Reproducibility_Archive.zip!/Independent_Source_Panels/Original_165_Panels.zip,Original_Panel_Archive/independent/Figure_S5/Figure_S5_A.tiff,,omitted_raster_or_pdf_panel_asset,1011042,b8e346900d261a495b67511f576fcf30e6bb32c809b3c7c591982892b82e2fa2
JCM_Author_Reproducibility_Archive.zip!/Independent_Source_Panels/Original_165_Panels.zip,Original_Panel_Archive/independent/Figure_S5/Figure_S5_B.tiff,,omitted_raster_or_pdf_panel_asset,1119310,e83ce5db6588398bd3dc5078c2f573bf4347c26182a5a55612b6288fea6e8eaf
JCM_Author_Reproducibility_Archive.zip!/Independent_Source_Panels/Original_165_Panels.zip,Original_Panel_Archive/independent/Figure_S5/Figure_S5_C.tiff,,omitted_raster_or_pdf_panel_asset,4677214,727e149db0ffee03fb6a228dbd1df43225cd266fe2fff42dfd93b25d935f52c9
JCM_Author_Reproducibility_Archive.zip!/Independent_Source_Panels/Original_165_Panels.zip,Original_Panel_Archive/independent/Figure_S5/Figure_S5_D.tiff,,omitted_raster_or_pdf_panel_asset,718030,af6964fda6a30b09d0ab36bb7c87e7079a1c2d5fefb85a30b4fefd6c63ad74d2
JCM_Author_Reproducibility_Archive.zip!/Independent_Source_Panels/Original_165_Panels.zip,Original_Panel_Archive/independent/Figure_S5/Figure_S5_E.tiff,,omitted_raster_or_pdf_panel_asset,1406858,c5f98aff53e9725a2cec1590482a78e5ad6e3f71aeb8731de31b8563236cdb45
JCM_Author_Reproducibility_Archive.zip!/Independent_Source_Panels/Original_165_Panels.zip,Original_Panel_Archive/independent/Figure_S5/Figure_S5_F.tiff,,omitted_raster_or_pdf_panel_asset,1339326,df1c9c6cb20511190c106b8208d5cd931a5be053252fb8b2a12d6be5dcc11af2
JCM_Author_Reproducibility_Archive.zip!/Independent_Source_Panels/Original_165_Panels.zip,Original_Panel_Archive/independent/Figure_S6/Figure_S6_A.tiff,,omitted_raster_or_pdf_panel_asset,1396368,c4fd9e2252b86dc724b1f5e8072bd24a861a683c06863159e80744e407cc4381
JCM_Author_Reproducibility_Archive.zip!/Independent_Source_Panels/Original_165_Panels.zip,Original_Panel_Archive/independent/Figure_S6/Figure_S6_B.tiff,,omitted_raster_or_pdf_panel_asset,850736,2d47203fa735d0d83ec7e7a945ac69f1a3dd1a5546ec516d194acd6bba19773c
JCM_Author_Reproducibility_Archive.zip!/Independent_Source_Panels/Original_165_Panels.zip,Original_Panel_Archive/independent/Figure_S6/Figure_S6_C.tiff,,omitted_raster_or_pdf_panel_asset,788372,7ac820ab2896493e2eccfc27af78fd6e09ae57e89d8f71a44cf8811b425c5a30
JCM_Author_Reproducibility_Archive.zip!/Independent_Source_Panels/Original_165_Panels.zip,Original_Panel_Archive/independent/Figure_S6/Figure_S6_D.tiff,,omitted_raster_or_pdf_panel_asset,2808434,00d92a6b92b04a5c9c3d406aa43dda147274b350f10fcb89381f27dd46a75f39
JCM_Author_Reproducibility_Archive.zip!/Independent_Source_Panels/Original_165_Panels.zip,Original_Panel_Archive/independent/Figure_S6/Figure_S6_E.tiff,,omitted_raster_or_pdf_panel_asset,1261168,185194eed4481adc2b80b5cceb6af8a8558dfe0131ae5f961db621fcb5045919
JCM_Author_Reproducibility_Archive.zip!/Independent_Source_Panels/Original_165_Panels.zip,Original_Panel_Archive/independent/Figure_S6/Figure_S6_F.tiff,,omitted_raster_or_pdf_panel_asset,744822,20330a8feb21890d3d277e675160512b33b44a601c98d9109b843db2e4123727
JCM_Author_Reproducibility_Archive.zip!/Independent_Source_Panels/Original_165_Panels.zip,Original_Panel_Archive/independent/Figure_S6/Figure_S6_G.tiff,,omitted_raster_or_pdf_panel_asset,1937250,a4f3489eb7ba0dd87948cd5845d9fe14783c44b18a93c6f35f7a4012608093e2
JCM_Author_Reproducibility_Archive.zip!/Independent_Source_Panels/Original_165_Panels.zip,Original_Panel_Archive/independent/Figure_S6/Figure_S6_H.tiff,,omitted_raster_or_pdf_panel_asset,2372494,17a4b84b4128beb84c7e4f86b9dd405ce881f2a9dfd0f2b16a18296fbca5ecde
JCM_Author_Reproducibility_Archive.zip!/Independent_Source_Panels/Original_165_Panels.zip,Original_Panel_Archive/independent/Figure_S6/Figure_S6_I.tiff,,omitted_raster_or_pdf_panel_asset,1383244,78896a502e10c08d636f11652fc91314fe94566e9f6dc9cebf938062399fde5f
JCM_Author_Reproducibility_Archive.zip!/Independent_Source_Panels/Original_165_Panels.zip,Original_Panel_Archive/independent/Figure_S6/Figure_S6_J.tiff,,omitted_raster_or_pdf_panel_asset,4974574,c2322cae6f9de97ff6e3384f4020f6bde1e2bcf50e4d7379a5c85b35620898cd
JCM_Author_Reproducibility_Archive.zip!/Independent_Source_Panels/Original_165_Panels.zip,Original_Panel_Archive/independent/Figure_S7/Figure_S7_A.tiff,,omitted_raster_or_pdf_panel_asset,2139732,49aee181c8a5c718e54b00b8875d66713ef480e99ca89dd72416c9bd2b1e55e9
JCM_Author_Reproducibility_Archive.zip!/Independent_Source_Panels/Original_165_Panels.zip,Original_Panel_Archive/independent/Figure_S7/Figure_S7_B.tiff,,omitted_raster_or_pdf_panel_asset,735948,d3b29709dc75bbb101925bffb7b72897f6f208f5f5b2ec406fcb2649ccc73b06
JCM_Author_Reproducibility_Archive.zip!/Independent_Source_Panels/Original_165_Panels.zip,Original_Panel_Archive/independent/Figure_S7/Figure_S7_C.tiff,,omitted_raster_or_pdf_panel_asset,1913730,646600423f4c512d5f60c81ffdb4744f5c8a4058ca035c95148423eede6e7780
JCM_Author_Reproducibility_Archive.zip!/Independent_Source_Panels/Original_165_Panels.zip,Original_Panel_Archive/independent/Figure_S7/Figure_S7_D.tiff,,omitted_raster_or_pdf_panel_asset,6937190,85f139cdd4f355aa33ebac1f24dc8ee6aafa43b96667b63bb95eaa8ce20b9437
JCM_Author_Reproducibility_Archive.zip!/Independent_Source_Panels/Original_165_Panels.zip,Original_Panel_Archive/independent/Figure_S7/Figure_S7_E.tiff,,omitted_raster_or_pdf_panel_asset,1106426,ebd6373e6633752a0ab082f1c50549eadfeb2a45a033bb6fc78ab193976dc283
JCM_Author_Reproducibility_Archive.zip!/Independent_Source_Panels/Original_165_Panels.zip,Original_Panel_Archive/independent/Figure_S7/Figure_S7_F.tiff,,omitted_raster_or_pdf_panel_asset,851024,3791552c078ecc66d68991fa639e6fa08857dfd0b329e03e5968be699cfa308e
JCM_Author_Reproducibility_Archive.zip!/Independent_Source_Panels/Original_165_Panels.zip,Original_Panel_Archive/independent/Figure_S7/Figure_S7_G.tiff,,omitted_raster_or_pdf_panel_asset,690978,7aa7f60e14e905f956e28543a6f09fa2a9ac6bc47e6b47145612649095adc20f
JCM_Author_Reproducibility_Archive.zip!/Independent_Source_Panels/Original_165_Panels.zip,Original_Panel_Archive/independent/Figure_S7/Figure_S7_H.tiff,,omitted_raster_or_pdf_panel_asset,717078,344f6b6c2fe35aeb0b9368dbfc0be0858427c2d5df3095b358884d687c609366
JCM_Author_Reproducibility_Archive.zip!/Independent_Source_Panels/Original_165_Panels.zip,Original_Panel_Archive/independent/Figure_S7/Figure_S7_I.tiff,,omitted_raster_or_pdf_panel_asset,1142466,d4de8cdd30be3ef16ba6c7aabc8b942291daafe9f2d2b8f0c6910f5d41e70518
JCM_Author_Reproducibility_Archive.zip!/Independent_Source_Panels/Original_165_Panels.zip,Original_Panel_Archive/independent/Figure_S7/Figure_S7_J.tiff,,omitted_raster_or_pdf_panel_asset,4718010,9967811f1081e050b1f52e854667091f76a252b2bfc89e6226fc81367ec07484
JCM_Author_Reproducibility_Archive.zip!/Independent_Source_Panels/Original_165_Panels.zip,Original_Panel_Archive/independent/Figure_S8/Figure_S8_A.tiff,,omitted_raster_or_pdf_panel_asset,1729786,dd2965610ee910500e221b3536d92b07bca21a0d3dab8387a46b4bcd2d3144d4
JCM_Author_Reproducibility_Archive.zip!/Independent_Source_Panels/Original_165_Panels.zip,Original_Panel_Archive/independent/Figure_S8/Figure_S8_B.tiff,,omitted_raster_or_pdf_panel_asset,1881692,68e4a18ca2ebc72083e47729d4090c68aa4f3f38c67cff26507f444de1708d23
JCM_Author_Reproducibility_Archive.zip!/Independent_Source_Panels/Original_165_Panels.zip,Original_Panel_Archive/independent/Figure_S8/Figure_S8_C.tiff,,omitted_raster_or_pdf_panel_asset,1092260,6403f9dc5d7c17ee769776f6a408f9c5cc4a970f0102160d360cce43c1fe7d70
JCM_Author_Reproducibility_Archive.zip!/Independent_Source_Panels/Original_165_Panels.zip,Original_Panel_Archive/independent/Figure_S8/Figure_S8_D.tiff,,omitted_raster_or_pdf_panel_asset,1110300,36420cd15f7758202c49f5fca016e7411f6e4f5394e4ed3f6ce1337258c074ee
JCM_Author_Reproducibility_Archive.zip!/Independent_Source_Panels/Original_165_Panels.zip,Original_Panel_Archive/independent/Figure_S8/Figure_S8_E.tiff,,omitted_raster_or_pdf_panel_asset,863240,9eaf267ac3baf2be69b75a602c194737ebf42179e6bbc4431441f65c32757a9e
JCM_Author_Reproducibility_Archive.zip!/Independent_Source_Panels/Original_165_Panels.zip,Original_Panel_Archive/independent/Figure_S8/Figure_S8_F.tiff,,omitted_raster_or_pdf_panel_asset,2152948,82dd737e5b6a55431e3e8164ad900b5544d1a1c6b9d99186f10a840c85224c1f
JCM_Author_Reproducibility_Archive.zip!/Independent_Source_Panels/Original_165_Panels.zip,Original_Panel_Archive/independent/Figure_S8/Figure_S8_G.tiff,,omitted_raster_or_pdf_panel_asset,880332,0a19610ae0fdefe0c8c8ffe494fb30895359864f9965896071b160b7104c669a
JCM_Author_Reproducibility_Archive.zip!/Independent_Source_Panels/Original_165_Panels.zip,Original_Panel_Archive/independent/Figure_S8/Figure_S8_H.tiff,,omitted_raster_or_pdf_panel_asset,879700,b69a0ded126eb247d9d1ecbb96dc435401489a9a03b51c916a40abf997972c5a
JCM_Author_Reproducibility_Archive.zip!/Independent_Source_Panels/Original_165_Panels.zip,Original_Panel_Archive/independent/Figure_S8/Figure_S8_I.tiff,,omitted_raster_or_pdf_panel_asset,1868502,a4f117fc17d829df92fedfde92280355560f9b8351acbe70e19e61c17bb6c51a
JCM_Author_Reproducibility_Archive.zip!/Independent_Source_Panels/Original_165_Panels.zip,Original_Panel_Archive/independent/Figure_S8/Figure_S8_J.tiff,,omitted_raster_or_pdf_panel_asset,1473546,6da8bf5e3b0a7c71c545496d9f16b5418ff6ffd295624d4b2b3fc052b666814d
JCM_Author_Reproducibility_Archive.zip!/Independent_Source_Panels/Original_165_Panels.zip,Original_Panel_Archive/independent/Figure_S8/Figure_S8_K.tiff,,omitted_raster_or_pdf_panel_asset,3310892,710a05462662c54b5416980d8e0886ee283a3e3ca00542a73b5d7bfc4b1f5d8e
JCM_Author_Reproducibility_Archive.zip!/Independent_Source_Panels/Original_165_Panels.zip,Original_Panel_Archive/independent/Figure_S8/Figure_S8_L.tiff,,omitted_raster_or_pdf_panel_asset,1838694,ca63ec8349ec0fd48a861303d2c7797686d82701c487a3232afcce983a321d6e
JCM_Author_Reproducibility_Archive.zip!/Independent_Source_Panels/Original_165_Panels.zip,Original_Panel_Archive/independent/Figure_S9/Figure_S9_A.tiff,,omitted_raster_or_pdf_panel_asset,1046010,8645df1500c49a9bac8197a47016a3e2f664270281989ef25af40a08ca304fe5
JCM_Author_Reproducibility_Archive.zip!/Independent_Source_Panels/Original_165_Panels.zip,Original_Panel_Archive/independent/Figure_S9/Figure_S9_B.tiff,,omitted_raster_or_pdf_panel_asset,1799174,da006f948122fc795bed670f79e6d87859c8d14c5e7901b0f260e70b61f4acd8
JCM_Author_Reproducibility_Archive.zip!/Independent_Source_Panels/Original_165_Panels.zip,Original_Panel_Archive/independent/Figure_S9/Figure_S9_C.tiff,,omitted_raster_or_pdf_panel_asset,1869318,44e1260b4930e776f6221afb0277da152f605637f53ac35d3c3d4300af8dd13b
JCM_Author_Reproducibility_Archive.zip!/Independent_Source_Panels/Original_165_Panels.zip,Original_Panel_Archive/independent/Figure_S9/Figure_S9_D.tiff,,omitted_raster_or_pdf_panel_asset,1095168,6b76d65599b8479f5ab3725bfe8dd646f6767a781d7316561d8354e12cca5745
JCM_Author_Reproducibility_Archive.zip!/Independent_Source_Panels/Original_165_Panels.zip,Original_Panel_Archive/independent/Figure_S9/Figure_S9_E.tiff,,omitted_raster_or_pdf_panel_asset,978146,e114092e041ed927de89a699eb0f2c80b45e92fae2ac0a5c404d4f4db9c303ed
JCM_Author_Reproducibility_Archive.zip!/Independent_Source_Panels/Original_165_Panels.zip,Original_Panel_Archive/independent/Figure_S9/Figure_S9_F.tiff,,omitted_raster_or_pdf_panel_asset,1181420,ddf96ddfefc9e31a32e6cbe072ab6870a9beaf0124dd87ae34102604f2ccfb47
JCM_Author_Reproducibility_Archive.zip!/Independent_Source_Panels/Original_165_Panels.zip,Original_Panel_Archive/independent/Figure_S9/Figure_S9_G.tiff,,omitted_raster_or_pdf_panel_asset,1388222,6ff963a351576dd64fe3feff817569e4565a709f609bdfe5df6ccc8d3d8f3bf4
JCM_Author_Reproducibility_Archive.zip!/Independent_Source_Panels/Original_165_Panels.zip,Original_Panel_Archive/independent/Figure_S9/Figure_S9_H.tiff,,omitted_raster_or_pdf_panel_asset,1061136,3e991a3065092654f4a48238e0eb0ca4cdb785e4c2f34b547522d95997dec8c7
JCM_Author_Reproducibility_Archive.zip!/Independent_Source_Panels/Original_165_Panels.zip,Original_Panel_Archive/independent/Figure_S9/Figure_S9_I.tiff,,omitted_raster_or_pdf_panel_asset,827416,c04c061a2997bc293e97b619922bcbc30da8ec4dc0891e8692f0a4f3d1022adc
JCM_Author_Reproducibility_Archive.zip!/Independent_Source_Panels/Original_165_Panels.zip,Original_Panel_Archive/independent/Figure_S9/Figure_S9_J.tiff,,omitted_raster_or_pdf_panel_asset,4587880,8ee2de57c568ea03b112d0761b1f783d2e93525860b2d417b46517db4ad10069
JCM_Author_Reproducibility_Archive.zip!/Independent_Source_Panels/Original_165_Panels.zip,Original_Panel_Archive/panel_crop_manifest.csv,provenance/author_archive/Independent_Source_Panels/Original_Panel_Archive/panel_crop_manifest.csv,retained_byte_identical,82397,5fde3dd82005e7db10766bb7aad996665fb167a21c66e1d66d8843157f43655c
JCM_Author_Reproducibility_Archive.zip!/Independent_Source_Panels/Original_165_Panels.zip,Original_Panel_Archive/panel_extraction_qa.csv,provenance/author_archive/Independent_Source_Panels/Original_Panel_Archive/panel_extraction_qa.csv,retained_byte_identical,820,3ac09953157aa75b7dcb63379179497c057c512dfa0e62383b82a2734ca95693
JCM_Author_Reproducibility_Archive.zip!/Independent_Source_Panels/Original_165_Panels.zip,Original_Panel_Archive/panel_inventory.csv,provenance/author_archive/Independent_Source_Panels/Original_Panel_Archive/panel_inventory.csv,retained_byte_identical,19160,c156187d50bb0a1e5cca377234310b0f2d7b11921ddb8b0b705b80e49520f2c8
JCM_Author_Reproducibility_Archive.zip!/Independent_Source_Panels/Original_165_Panels.zip,Original_Panel_Archive/panel_reassembly_qa.json,provenance/author_archive/Independent_Source_Panels/Original_Panel_Archive/panel_reassembly_qa.json,retained_byte_identical,800,93146647592547bdccd79d5f1b240c89db5261d733edc1f6be31566d3bb0de1b
JCM_Author_Reproducibility_Archive.zip!/Independent_Source_Panels/Original_165_Panels.zip,Original_Panel_Archive/panel_source_reconstruction_qa.csv,provenance/author_archive/Independent_Source_Panels/Original_Panel_Archive/panel_source_reconstruction_qa.csv,retained_byte_identical,502,0ab12f733bd7c7a519c05e7c29bac6c34023a325ccee029303907526372fe2e0
JCM_Author_Reproducibility_Archive.zip!/Independent_Source_Panels/Original_165_Panels.zip,Original_Panel_Archive/reassembled/Figure_1_Reassembled_Original_Panels.tiff,,omitted_raster_or_pdf_panel_asset,470138,52293dbd8c34b5dcc08e8e318e84ee72365bbc2bce9e223e7722ccc0a341fddd
JCM_Author_Reproducibility_Archive.zip!/Independent_Source_Panels/Original_165_Panels.zip,Original_Panel_Archive/reassembled/Figure_1_layout.json,provenance/author_archive/Independent_Source_Panels/Original_Panel_Archive/reassembled/Figure_1_layout.json,retained_byte_identical,1404,270127876f5738c49c9aa28c333729e9f7cab9c78420415d3b6e6a0b9e91c32b
JCM_Author_Reproducibility_Archive.zip!/Independent_Source_Panels/Original_165_Panels.zip,Original_Panel_Archive/reassembled/Figure_2_Reassembled_Original_Panels.tiff,,omitted_raster_or_pdf_panel_asset,459880,44df61ae0d6ce557363c4f8546a4edd6322e409c7e775a8c62dc0ff0d66020c1
JCM_Author_Reproducibility_Archive.zip!/Independent_Source_Panels/Original_165_Panels.zip,Original_Panel_Archive/reassembled/Figure_2_layout.json,provenance/author_archive/Independent_Source_Panels/Original_Panel_Archive/reassembled/Figure_2_layout.json,retained_byte_identical,1293,5f52f2324f95599e5d100b016ba59a11b9adf613f9f1a2547bfce64efe0f549c
JCM_Author_Reproducibility_Archive.zip!/Independent_Source_Panels/Original_165_Panels.zip,Original_Panel_Archive/reassembled/Figure_3_Reassembled_Original_Panels.tiff,,omitted_raster_or_pdf_panel_asset,683724,dda0f9c8ba4440f64df9f560f46079b3fb9c58651c2b8270ac0dff3763d654ba
JCM_Author_Reproducibility_Archive.zip!/Independent_Source_Panels/Original_165_Panels.zip,Original_Panel_Archive/reassembled/Figure_3_layout.json,provenance/author_archive/Independent_Source_Panels/Original_Panel_Archive/reassembled/Figure_3_layout.json,retained_byte_identical,1295,88acb1a6268f1a2bca12cd84afcd2a6627332ac28c2b34e2c30eda373d7d907f
JCM_Author_Reproducibility_Archive.zip!/Independent_Source_Panels/Original_165_Panels.zip,Original_Panel_Archive/reassembled/Figure_5_Reassembled_Original_Panels.tiff,,omitted_raster_or_pdf_panel_asset,526950,22d31b51647c5c5e218cf9f69c98cb53d7b362ba6dc8eff664a0dff068f3cc95
JCM_Author_Reproducibility_Archive.zip!/Independent_Source_Panels/Original_165_Panels.zip,Original_Panel_Archive/reassembled/Figure_5_layout.json,provenance/author_archive/Independent_Source_Panels/Original_Panel_Archive/reassembled/Figure_5_layout.json,retained_byte_identical,1403,3eb3ee828fd69cead5b5ce8ff5fe3f513619519e750e7404311f7c942057ba8d
JCM_Author_Reproducibility_Archive.zip!/Independent_Source_Panels/Original_165_Panels.zip,Original_Panel_Archive/reassembled/Figure_6_Reassembled_Original_Panels.tiff,,omitted_raster_or_pdf_panel_asset,674222,ab3753d8038a2f5b7379a73fb4ff7892478c593dc679acf7597235bf1efe5c89
JCM_Author_Reproducibility_Archive.zip!/Independent_Source_Panels/Original_165_Panels.zip,Original_Panel_Archive/reassembled/Figure_6_layout.json,provenance/author_archive/Independent_Source_Panels/Original_Panel_Archive/reassembled/Figure_6_layout.json,retained_byte_identical,1615,1611c6e9562f49a98da7b05b006d0a401cfcd24dc03695906e81be5c027a4f93
JCM_Author_Reproducibility_Archive.zip!/Independent_Source_Panels/Original_165_Panels.zip,Original_Panel_Archive/reassembled/Figure_7_Reassembled_Original_Panels.tiff,,omitted_raster_or_pdf_panel_asset,494948,8ee341a8a180cff6f4457cc216e6e3ef0ded434ca0308e8c5b8e775593516619
JCM_Author_Reproducibility_Archive.zip!/Independent_Source_Panels/Original_165_Panels.zip,Original_Panel_Archive/reassembled/Figure_7_layout.json,provenance/author_archive/Independent_Source_Panels/Original_Panel_Archive/reassembled/Figure_7_layout.json,retained_byte_identical,1618,5d95b139bf375210bc3255cdde632370452f4ba0deaadaae15d6f34e7c8778f1
JCM_Author_Reproducibility_Archive.zip!/Independent_Source_Panels/Original_165_Panels.zip,Original_Panel_Archive/scripts/extract_original_panels.py,provenance/author_archive/Independent_Source_Panels/Original_Panel_Archive/scripts/extract_original_panels.py,retained_byte_identical,13583,a28106f26f11c59df4750110bbc290fdb643be4fed16e5f65e4ec66d845b88bd
JCM_Author_Reproducibility_Archive.zip!/Independent_Source_Panels/Original_165_Panels.zip,Original_Panel_Archive/scripts/panel_boundaries.json,provenance/author_archive/Independent_Source_Panels/Original_Panel_Archive/scripts/panel_boundaries.json,retained_byte_identical,18073,8c2645bd5c15f4d3619f6555a7ab0b2911ae0f9b2f5a2f53b8c341c7acc176da
JCM_Author_Reproducibility_Archive.zip!/Independent_Source_Panels/Original_165_Panels.zip,Original_Panel_Archive/scripts/reassemble_delivered_panels.py,provenance/author_archive/Independent_Source_Panels/Original_Panel_Archive/scripts/reassemble_delivered_panels.py,retained_byte_identical,1221,1ac82025d2a16bad720859cd32eedbe6fdc246cff007fc913f2661ffd1815724
JCM_Author_Reproducibility_Archive.zip!/Independent_Source_Panels/Original_165_Panels.zip,Original_Panel_Archive/scripts/verify_panel_reconstruction.py,provenance/author_archive/Independent_Source_Panels/Original_Panel_Archive/scripts/verify_panel_reconstruction.py,retained_byte_identical,1483,5e56dfb3a3ecf1b8aa22cefd3da2e7b4ef10b7a3dda0c95f9c0f80cf12f06a56
JCM_Author_Reproducibility_Archive.zip!/Independent_Source_Panels/Original_165_Panels.zip,Original_Panel_Archive/supporting_elements/Figure_S10_Shared_Title.tiff,,omitted_raster_or_pdf_panel_asset,442648,e3b6832138c31412f3046be6ddfb7cd08b629542da2c1a63438e18c3726ca41f
JCM_Author_Reproducibility_Archive.zip!/Independent_Source_Panels/Original_165_Panels.zip,Original_Panel_Archive/supporting_elements/Figure_S2_Shared_Legend_or_Footnote.tiff,,omitted_raster_or_pdf_panel_asset,178762,a785c8cae0a8587ffc53770f448b534878e26a5c4e168bfc4480f83113e16ea9
JCM_Author_Reproducibility_Archive.zip!/Independent_Source_Panels/Original_165_Panels.zip,Original_Panel_Archive/supporting_elements/Figure_S2_Shared_Title.tiff,,omitted_raster_or_pdf_panel_asset,215382,db338c537ad445af743dcebec68ac472790361a00e418f17a65a2123b3ac1114
JCM_Author_Reproducibility_Archive.zip!/Independent_Source_Panels/Original_165_Panels.zip,Original_Panel_Archive/supporting_elements/Figure_S3_Shared_Title.tiff,,omitted_raster_or_pdf_panel_asset,191604,7d8755ff273e88c6810e79a182da3b8e7d3678509cfeb0474d5654d666e12b58
JCM_Author_Reproducibility_Archive.zip!/Independent_Source_Panels/Original_165_Panels.zip,Original_Panel_Archive/supporting_elements/Figure_S4_Shared_Title.tiff,,omitted_raster_or_pdf_panel_asset,194102,b06e0bfaf192979125200b5d3ec18c231e8b9eb2f3a15f25c83a03833a9f4dda
JCM_Author_Reproducibility_Archive.zip!/Independent_Source_Panels/Original_165_Panels.zip,Original_Panel_Archive/supporting_elements/Figure_S5_Shared_Legend_or_Footnote.tiff,,omitted_raster_or_pdf_panel_asset,194672,8b4629f8c8a59dc276cd40a9ebef8be88740a2afe531216624901d1874249f6c
JCM_Author_Reproducibility_Archive.zip!/Independent_Source_Panels/Original_165_Panels.zip,Original_Panel_Archive/supporting_elements/Figure_S5_Shared_Title.tiff,,omitted_raster_or_pdf_panel_asset,238148,5cb5439fc43154d902de852667deabe255f65eb4f9ff159ffe1d921a5ada2928
JCM_Author_Reproducibility_Archive.zip!/Independent_Source_Panels/Original_165_Panels.zip,Original_Panel_Archive/supporting_elements/Figure_S6_Shared_Title.tiff,,omitted_raster_or_pdf_panel_asset,426210,7d1c4c741e706187c3bd578133feb9562360628884e26bbe360e8747de0c6d69
JCM_Author_Reproducibility_Archive.zip!/Independent_Source_Panels/Original_165_Panels.zip,Original_Panel_Archive/supporting_elements/Figure_S7_Shared_Title.tiff,,omitted_raster_or_pdf_panel_asset,403388,6caef4d0a4967f2042305d0994cf83778b17a99422ff50a2ff9272a5a3b627e5
JCM_Author_Reproducibility_Archive.zip!/Independent_Source_Panels/Original_165_Panels.zip,Original_Panel_Archive/supporting_elements/Figure_S8_Shared_Title.tiff,,omitted_raster_or_pdf_panel_asset,420164,d7a62e43198f2e3c7774e3753fce5e5d49087e187977952f5bc564db94090c21
JCM_Author_Reproducibility_Archive.zip!/Independent_Source_Panels/Original_165_Panels.zip,Original_Panel_Archive/supporting_elements/Figure_S9_Shared_Title.tiff,,omitted_raster_or_pdf_panel_asset,434900,52951e0a4eb494356ac16c6860492ce9c8cacecffe7af3f170500f41b97e0ba6
JCM_Author_Reproducibility_Archive.zip,Independent_Source_Panels/Original_165_Panels.zip,,container_expanded_source_retained_panel_assets_omitted,78704919,5ee94f766188fd3f164592e3bef1aae7f1fb92034644e17f71719233009919f4
